date,open,high,low,close,average,volume,count
1624953600,9.25,9.25,9.25,9.25,9.25,5,1
1624953605,9.25,9.25,9.25,9.25,9.25,0,0
1624953610,9.25,9.25,9.25,9.25,9.25,0,0
1624953615,9.25,9.25,9.25,9.25,9.25,0,0
1624953620,9.25,9.25,9.25,9.25,9.25,0,0
1624953625,9.25,9.25,9.25,9.25,9.25,0,0
1624953630,9.25,9.25,9.25,9.25,9.25,0,0
1624953635,9.25,9.25,9.25,9.25,9.25,0,0
1624953640,9.25,9.25,9.25,9.25,9.25,0,0
1624953645,9.25,9.25,9.25,9.25,9.25,0,0
1624953650,9.25,9.25,9.25,9.25,9.25,0,0
1624953655,9.25,9.25,9.25,9.25,9.25,0,0
1624953660,9.25,9.25,9.25,9.25,9.25,0,0
1624953665,9.25,9.25,9.25,9.25,9.25,0,0
1624953670,9.25,9.25,9.25,9.25,9.25,0,0
1624953675,9.25,9.25,9.25,9.25,9.25,0,0
1624953680,9.25,9.25,9.25,9.25,9.25,0,0
1624953685,9.25,9.25,9.25,9.25,9.25,0,0
1624953690,9.25,9.25,9.25,9.25,9.25,0,0
1624953695,9.25,9.25,9.25,9.25,9.25,0,0
1624953700,9.25,9.25,9.25,9.25,9.25,0,0
1624953705,9.29,9.29,9.29,9.29,9.29,3,1
1624953710,9.29,9.29,9.29,9.29,9.29,0,0
1624953715,9.29,9.29,9.29,9.29,9.29,0,0
1624953720,9.29,9.29,9.29,9.29,9.29,0,0
1624953725,9.29,9.29,9.29,9.29,9.29,0,0
1624953730,9.29,9.29,9.29,9.29,9.29,0,0
1624953735,9.29,9.29,9.29,9.29,9.29,0,0
1624953740,9.29,9.29,9.29,9.29,9.29,0,0
1624953745,9.29,9.29,9.29,9.29,9.29,0,0
1624953750,9.29,9.29,9.29,9.29,9.29,0,0
1624953755,9.29,9.29,9.29,9.29,9.29,0,0
1624953760,9.29,9.29,9.29,9.29,9.29,0,0
1624953765,9.29,9.29,9.29,9.29,9.29,0,0
1624953770,9.29,9.29,9.29,9.29,9.29,0,0
1624953775,9.29,9.29,9.29,9.29,9.29,0,0
1624953780,9.29,9.29,9.29,9.29,9.29,0,0
1624953785,9.29,9.29,9.29,9.29,9.29,0,0
1624953790,9.29,9.29,9.29,9.29,9.29,0,0
1624953795,9.29,9.29,9.29,9.29,9.29,0,0
1624953800,9.29,9.29,9.29,9.29,9.29,0,0
1624953805,9.29,9.29,9.29,9.29,9.29,0,0
1624953810,9.29,9.29,9.29,9.29,9.29,0,0
1624953815,9.29,9.29,9.29,9.29,9.29,0,0
1624953820,9.29,9.29,9.29,9.29,9.29,0,0
1624953825,9.29,9.29,9.29,9.29,9.29,0,0
1624953830,9.29,9.29,9.29,9.29,9.29,0,0
1624953835,9.29,9.29,9.29,9.29,9.29,0,0
1624953840,9.29,9.29,9.29,9.29,9.29,0,0
1624953845,9.29,9.29,9.29,9.29,9.29,0,0
1624953850,9.29,9.29,9.29,9.29,9.29,0,0
1624953855,9.29,9.29,9.29,9.29,9.29,0,0
1624953860,9.29,9.29,9.29,9.29,9.29,0,0
1624953865,9.29,9.29,9.29,9.29,9.29,0,0
1624953870,9.29,9.29,9.29,9.29,9.29,0,0
1624953875,9.29,9.29,9.29,9.29,9.29,0,0
1624953880,9.29,9.29,9.29,9.29,9.29,0,0
1624953885,9.29,9.29,9.29,9.29,9.29,0,0
1624953890,9.29,9.29,9.29,9.29,9.29,0,0
1624953895,9.29,9.29,9.29,9.29,9.29,0,0
1624953900,9.29,9.29,9.29,9.29,9.29,0,0
1624953905,9.27,9.27,9.27,9.27,9.27,3,1
1624953910,9.27,9.27,9.27,9.27,9.27,0,0
1624953915,9.27,9.27,9.27,9.27,9.27,0,0
1624953920,9.27,9.27,9.27,9.27,9.27,0,0
1624953925,9.27,9.27,9.27,9.27,9.27,0,0
1624953930,9.27,9.27,9.27,9.27,9.27,0,0
1624953935,9.27,9.27,9.27,9.27,9.27,0,0
1624953940,9.27,9.27,9.27,9.27,9.27,0,0
1624953945,9.29,9.29,9.29,9.29,9.29,1,1
1624953950,9.29,9.29,9.29,9.29,9.29,0,0
1624953955,9.29,9.29,9.29,9.29,9.29,0,0
1624953960,9.29,9.29,9.29,9.29,9.29,0,0
1624953965,9.29,9.29,9.29,9.29,9.29,0,0
1624953970,9.29,9.29,9.29,9.29,9.29,0,0
1624953975,9.29,9.29,9.29,9.29,9.29,0,0
1624953980,9.29,9.29,9.29,9.29,9.29,0,0
1624953985,9.29,9.29,9.29,9.29,9.29,0,0
1624953990,9.29,9.29,9.29,9.29,9.29,0,0
1624953995,9.29,9.29,9.29,9.29,9.29,0,0
1624954000,9.29,9.29,9.29,9.29,9.29,0,0
1624954005,9.29,9.29,9.29,9.29,9.29,0,0
1624954010,9.29,9.29,9.29,9.29,9.29,0,0
1624954015,9.36,9.37,9.36,9.37,9.36667,3,2
1624954020,9.37,9.37,9.37,9.37,9.37,0,0
1624954025,9.37,9.37,9.37,9.37,9.37,0,0
1624954030,9.37,9.37,9.37,9.37,9.37,0,0
1624954035,9.37,9.37,9.37,9.37,9.37,0,0
1624954040,9.37,9.37,9.37,9.37,9.37,0,0
1624954045,9.37,9.37,9.37,9.37,9.37,0,0
1624954050,9.37,9.37,9.37,9.37,9.37,0,0
1624954055,9.37,9.37,9.37,9.37,9.37,0,0
1624954060,9.37,9.37,9.37,9.37,9.37,0,0
1624954065,9.37,9.37,9.37,9.37,9.37,0,0
1624954070,9.37,9.37,9.37,9.37,9.37,0,0
1624954075,9.37,9.37,9.37,9.37,9.37,0,0
1624954080,9.3,9.3,9.3,9.3,9.3,1,1
1624954085,9.3,9.3,9.3,9.3,9.3,0,0
1624954090,9.3,9.3,9.3,9.3,9.3,0,0
1624954095,9.3,9.3,9.3,9.3,9.3,0,0
1624954100,9.3,9.3,9.3,9.3,9.3,0,0
1624954105,9.3,9.3,9.3,9.3,9.3,0,0
1624954110,9.3,9.3,9.3,9.3,9.3,0,0
1624954115,9.3,9.3,9.3,9.3,9.3,0,0
1624954120,9.3,9.3,9.3,9.3,9.3,0,0
1624954125,9.3,9.3,9.3,9.3,9.3,0,0
1624954130,9.3,9.3,9.3,9.3,9.3,0,0
1624954135,9.3,9.3,9.3,9.3,9.3,0,0
1624954140,9.3,9.3,9.3,9.3,9.3,0,0
1624954145,9.3,9.3,9.3,9.3,9.3,0,0
1624954150,9.3,9.3,9.3,9.3,9.3,0,0
1624954155,9.3,9.3,9.3,9.3,9.3,0,0
1624954160,9.3,9.3,9.3,9.3,9.3,0,0
1624954165,9.3,9.3,9.3,9.3,9.3,0,0
1624954170,9.3,9.3,9.3,9.3,9.3,0,0
1624954175,9.3,9.3,9.3,9.3,9.3,0,0
1624954180,9.3,9.3,9.3,9.3,9.3,0,0
1624954185,9.3,9.3,9.3,9.3,9.3,0,0
1624954190,9.3,9.3,9.3,9.3,9.3,0,0
1624954195,9.3,9.3,9.3,9.3,9.3,0,0
1624954200,9.3,9.3,9.3,9.3,9.3,0,0
1624954205,9.3,9.3,9.3,9.3,9.3,0,0
1624954210,9.3,9.3,9.3,9.3,9.3,0,0
1624954215,9.3,9.3,9.3,9.3,9.3,0,0
1624954220,9.3,9.3,9.3,9.3,9.3,0,0
1624954225,9.3,9.3,9.3,9.3,9.3,0,0
1624954230,9.3,9.3,9.3,9.3,9.3,0,0
1624954235,9.3,9.3,9.3,9.3,9.3,0,0
1624954240,9.3,9.3,9.3,9.3,9.3,0,0
1624954245,9.3,9.3,9.3,9.3,9.3,0,0
1624954250,9.3,9.3,9.3,9.3,9.3,0,0
1624954255,9.3,9.3,9.3,9.3,9.3,0,0
1624954260,9.3,9.3,9.3,9.3,9.3,0,0
1624954265,9.3,9.3,9.3,9.3,9.3,0,0
1624954270,9.3,9.3,9.3,9.3,9.3,0,0
1624954275,9.3,9.3,9.3,9.3,9.3,0,0
1624954280,9.3,9.3,9.3,9.3,9.3,0,0
1624954285,9.3,9.3,9.3,9.3,9.3,0,0
1624954290,9.3,9.3,9.3,9.3,9.3,0,0
1624954295,9.3,9.3,9.3,9.3,9.3,0,0
1624954300,9.3,9.3,9.3,9.3,9.3,0,0
1624954305,9.3,9.3,9.3,9.3,9.3,0,0
1624954310,9.3,9.3,9.3,9.3,9.3,0,0
1624954315,9.3,9.3,9.3,9.3,9.3,0,0
1624954320,9.3,9.3,9.3,9.3,9.3,0,0
1624954325,9.3,9.3,9.3,9.3,9.3,0,0
1624954330,9.3,9.3,9.3,9.3,9.3,0,0
1624954335,9.3,9.3,9.3,9.3,9.3,0,0
1624954340,9.3,9.3,9.3,9.3,9.3,0,0
1624954345,9.3,9.3,9.3,9.3,9.3,0,0
1624954350,9.3,9.3,9.3,9.3,9.3,0,0
1624954355,9.3,9.3,9.3,9.3,9.3,1,1
1624954360,9.3,9.3,9.3,9.3,9.3,0,0
1624954365,9.3,9.3,9.3,9.3,9.3,0,0
1624954370,9.3,9.3,9.3,9.3,9.3,0,0
1624954375,9.3,9.3,9.3,9.3,9.3,0,0
1624954380,9.3,9.3,9.3,9.3,9.3,0,0
1624954385,9.3,9.3,9.3,9.3,9.3,0,0
1624954390,9.3,9.3,9.3,9.3,9.3,0,0
1624954395,9.3,9.3,9.3,9.3,9.3,0,0
1624954400,9.3,9.3,9.3,9.3,9.3,0,0
1624954405,9.3,9.3,9.3,9.3,9.3,0,0
1624954410,9.3,9.3,9.3,9.3,9.3,0,0
1624954415,9.3,9.3,9.3,9.3,9.3,0,0
1624954420,9.3,9.3,9.3,9.3,9.3,0,0
1624954425,9.3,9.3,9.3,9.3,9.3,0,0
1624954430,9.3,9.3,9.3,9.3,9.3,0,0
1624954435,9.3,9.3,9.3,9.3,9.3,0,0
1624954440,9.3,9.3,9.3,9.3,9.3,0,0
1624954445,9.3,9.3,9.3,9.3,9.3,0,0
1624954450,9.3,9.3,9.3,9.3,9.3,0,0
1624954455,9.3,9.3,9.3,9.3,9.3,0,0
1624954460,9.3,9.3,9.3,9.3,9.3,0,0
1624954465,9.3,9.3,9.3,9.3,9.3,0,0
1624954470,9.3,9.3,9.3,9.3,9.3,0,0
1624954475,9.3,9.3,9.3,9.3,9.3,0,0
1624954480,9.3,9.3,9.3,9.3,9.3,0,0
1624954485,9.3,9.3,9.3,9.3,9.3,0,0
1624954490,9.3,9.3,9.3,9.3,9.3,0,0
1624954495,9.3,9.3,9.3,9.3,9.3,0,0
1624954500,9.3,9.3,9.3,9.3,9.3,0,0
1624954505,9.3,9.3,9.3,9.3,9.3,0,0
1624954510,9.3,9.3,9.3,9.3,9.3,0,0
1624954515,9.3,9.3,9.3,9.3,9.3,0,0
1624954520,9.3,9.3,9.3,9.3,9.3,0,0
1624954525,9.3,9.3,9.3,9.3,9.3,0,0
1624954530,9.3,9.3,9.3,9.3,9.3,0,0
1624954535,9.3,9.3,9.3,9.3,9.3,0,0
1624954540,9.3,9.3,9.3,9.3,9.3,0,0
1624954545,9.3,9.3,9.3,9.3,9.3,2,1
1624954550,9.3,9.3,9.3,9.3,9.3,0,0
1624954555,9.3,9.3,9.3,9.3,9.3,0,0
1624954560,9.3,9.3,9.3,9.3,9.3,0,0
1624954565,9.3,9.3,9.3,9.3,9.3,0,0
1624954570,9.3,9.3,9.3,9.3,9.3,0,0
1624954575,9.3,9.3,9.3,9.3,9.3,0,0
1624954580,9.3,9.3,9.3,9.3,9.3,0,0
1624954585,9.3,9.3,9.3,9.3,9.3,0,0
1624954590,9.3,9.3,9.3,9.3,9.3,0,0
1624954595,9.3,9.3,9.3,9.3,9.3,0,0
1624954600,9.3,9.3,9.3,9.3,9.3,0,0
1624954605,9.3,9.3,9.3,9.3,9.3,0,0
1624954610,9.3,9.3,9.3,9.3,9.3,0,0
1624954615,9.3,9.3,9.3,9.3,9.3,0,0
1624954620,9.3,9.3,9.3,9.3,9.3,0,0
1624954625,9.3,9.3,9.3,9.3,9.3,0,0
1624954630,9.3,9.3,9.3,9.3,9.3,0,0
1624954635,9.3,9.3,9.3,9.3,9.3,0,0
1624954640,9.3,9.3,9.3,9.3,9.3,0,0
1624954645,9.3,9.3,9.3,9.3,9.3,0,0
1624954650,9.3,9.3,9.3,9.3,9.3,0,0
1624954655,9.3,9.3,9.3,9.3,9.3,0,0
1624954660,9.3,9.3,9.3,9.3,9.3,0,0
1624954665,9.3,9.3,9.3,9.3,9.3,0,0
1624954670,9.3,9.3,9.3,9.3,9.3,0,0
1624954675,9.3,9.3,9.3,9.3,9.3,0,0
1624954680,9.3,9.3,9.3,9.3,9.3,0,0
1624954685,9.3,9.3,9.3,9.3,9.3,0,0
1624954690,9.3,9.3,9.3,9.3,9.3,0,0
1624954695,9.3,9.3,9.3,9.3,9.3,0,0
1624954700,9.3,9.3,9.3,9.3,9.3,0,0
1624954705,9.3,9.3,9.3,9.3,9.3,0,0
1624954710,9.3,9.3,9.3,9.3,9.3,0,0
1624954715,9.3,9.3,9.3,9.3,9.3,0,0
1624954720,9.3,9.3,9.3,9.3,9.3,0,0
1624954725,9.3,9.3,9.3,9.3,9.3,0,0
1624954730,9.3,9.3,9.3,9.3,9.3,0,0
1624954735,9.3,9.3,9.3,9.3,9.3,0,0
1624954740,9.3,9.3,9.3,9.3,9.3,0,0
1624954745,9.3,9.3,9.3,9.3,9.3,0,0
1624954750,9.3,9.3,9.3,9.3,9.3,0,0
1624954755,9.3,9.3,9.3,9.3,9.3,0,0
1624954760,9.3,9.3,9.3,9.3,9.3,0,0
1624954765,9.3,9.3,9.3,9.3,9.3,0,0
1624954770,9.3,9.3,9.3,9.3,9.3,0,0
1624954775,9.3,9.3,9.3,9.3,9.3,0,0
1624954780,9.3,9.3,9.3,9.3,9.3,0,0
1624954785,9.3,9.3,9.3,9.3,9.3,0,0
1624954790,9.3,9.3,9.3,9.3,9.3,0,0
1624954795,9.3,9.3,9.3,9.3,9.3,0,0
1624954800,9.3,9.3,9.3,9.3,9.3,0,0
1624954805,9.3,9.3,9.3,9.3,9.3,0,0
1624954810,9.3,9.3,9.3,9.3,9.3,0,0
1624954815,9.3,9.3,9.3,9.3,9.3,0,0
1624954820,9.3,9.3,9.3,9.3,9.3,0,0
1624954825,9.3,9.3,9.3,9.3,9.3,0,0
1624954830,9.3,9.3,9.3,9.3,9.3,0,0
1624954835,9.3,9.3,9.3,9.3,9.3,0,0
1624954840,9.3,9.3,9.3,9.3,9.3,0,0
1624954845,9.3,9.3,9.3,9.3,9.3,0,0
1624954850,9.3,9.3,9.3,9.3,9.3,0,0
1624954855,9.3,9.3,9.3,9.3,9.3,0,0
1624954860,9.3,9.3,9.3,9.3,9.3,0,0
1624954865,9.3,9.3,9.3,9.3,9.3,0,0
1624954870,9.3,9.3,9.3,9.3,9.3,0,0
1624954875,9.3,9.3,9.3,9.3,9.3,0,0
1624954880,9.3,9.3,9.3,9.3,9.3,0,0
1624954885,9.3,9.3,9.3,9.3,9.3,0,0
1624954890,9.3,9.3,9.3,9.3,9.3,0,0
1624954895,9.3,9.3,9.3,9.3,9.3,0,0
1624954900,9.3,9.3,9.3,9.3,9.3,0,0
1624954905,9.3,9.3,9.3,9.3,9.3,0,0
1624954910,9.3,9.3,9.3,9.3,9.3,0,0
1624954915,9.3,9.3,9.3,9.3,9.3,0,0
1624954920,9.3,9.3,9.3,9.3,9.3,0,0
1624954925,9.3,9.3,9.3,9.3,9.3,0,0
1624954930,9.3,9.3,9.3,9.3,9.3,0,0
1624954935,9.3,9.3,9.3,9.3,9.3,0,0
1624954940,9.3,9.3,9.3,9.3,9.3,0,0
1624954945,9.3,9.3,9.3,9.3,9.3,0,0
1624954950,9.3,9.3,9.3,9.3,9.3,0,0
1624954955,9.3,9.3,9.3,9.3,9.3,0,0
1624954960,9.3,9.3,9.3,9.3,9.3,0,0
1624954965,9.3,9.3,9.3,9.3,9.3,0,0
1624954970,9.3,9.3,9.3,9.3,9.3,0,0
1624954975,9.3,9.3,9.3,9.3,9.3,0,0
1624954980,9.3,9.3,9.3,9.3,9.3,0,0
1624954985,9.3,9.3,9.3,9.3,9.3,0,0
1624954990,9.3,9.3,9.3,9.3,9.3,0,0
1624954995,9.3,9.3,9.3,9.3,9.3,0,0
1624955000,9.3,9.3,9.3,9.3,9.3,0,0
1624955005,9.3,9.3,9.3,9.3,9.3,0,0
1624955010,9.3,9.3,9.3,9.3,9.3,0,0
1624955015,9.3,9.3,9.3,9.3,9.3,0,0
1624955020,9.3,9.3,9.3,9.3,9.3,0,0
1624955025,9.3,9.3,9.3,9.3,9.3,0,0
1624955030,9.3,9.3,9.3,9.3,9.3,0,0
1624955035,9.3,9.3,9.3,9.3,9.3,0,0
1624955040,9.3,9.3,9.3,9.3,9.3,0,0
1624955045,9.29,9.29,9.29,9.29,9.29,2,1
1624955050,9.29,9.29,9.29,9.29,9.29,0,0
1624955055,9.29,9.29,9.29,9.29,9.29,0,0
1624955060,9.29,9.29,9.29,9.29,9.29,0,0
1624955065,9.29,9.29,9.29,9.29,9.29,0,0
1624955070,9.29,9.29,9.29,9.29,9.29,0,0
1624955075,9.29,9.29,9.29,9.29,9.29,0,0
1624955080,9.29,9.29,9.29,9.29,9.29,0,0
1624955085,9.29,9.29,9.29,9.29,9.29,0,0
1624955090,9.29,9.29,9.29,9.29,9.29,0,0
1624955095,9.29,9.29,9.29,9.29,9.29,0,0
1624955100,9.29,9.29,9.29,9.29,9.29,0,0
1624955105,9.29,9.29,9.29,9.29,9.29,0,0
1624955110,9.29,9.29,9.29,9.29,9.29,0,0
1624955115,9.29,9.29,9.29,9.29,9.29,0,0
1624955120,9.29,9.29,9.29,9.29,9.29,0,0
1624955125,9.29,9.29,9.29,9.29,9.29,0,0
1624955130,9.29,9.29,9.29,9.29,9.29,0,0
1624955135,9.29,9.29,9.29,9.29,9.29,0,0
1624955140,9.29,9.29,9.29,9.29,9.29,0,0
1624955145,9.29,9.29,9.29,9.29,9.29,0,0
1624955150,9.29,9.29,9.29,9.29,9.29,0,0
1624955155,9.29,9.29,9.29,9.29,9.29,0,0
1624955160,9.29,9.29,9.29,9.29,9.29,0,0
1624955165,9.29,9.29,9.29,9.29,9.29,0,0
1624955170,9.29,9.29,9.29,9.29,9.29,0,0
1624955175,9.29,9.29,9.29,9.29,9.29,0,0
1624955180,9.29,9.29,9.29,9.29,9.29,0,0
1624955185,9.29,9.29,9.29,9.29,9.29,0,0
1624955190,9.29,9.29,9.29,9.29,9.29,0,0
1624955195,9.29,9.29,9.29,9.29,9.29,0,0
1624955200,9.29,9.29,9.29,9.29,9.29,0,0
1624955205,9.29,9.29,9.29,9.29,9.29,0,0
1624955210,9.29,9.29,9.29,9.29,9.29,0,0
1624955215,9.29,9.29,9.29,9.29,9.29,0,0
1624955220,9.29,9.29,9.29,9.29,9.29,0,0
1624955225,9.29,9.29,9.29,9.29,9.29,0,0
1624955230,9.29,9.29,9.29,9.29,9.29,0,0
1624955235,9.29,9.29,9.29,9.29,9.29,0,0
1624955240,9.29,9.29,9.29,9.29,9.29,0,0
1624955245,9.29,9.29,9.29,9.29,9.29,0,0
1624955250,9.29,9.29,9.29,9.29,9.29,0,0
1624955255,9.29,9.29,9.29,9.29,9.29,0,0
1624955260,9.29,9.29,9.29,9.29,9.29,0,0
1624955265,9.29,9.29,9.29,9.29,9.29,0,0
1624955270,9.29,9.29,9.29,9.29,9.29,0,0
1624955275,9.29,9.29,9.29,9.29,9.29,0,0
1624955280,9.29,9.29,9.29,9.29,9.29,0,0
1624955285,9.29,9.29,9.29,9.29,9.29,0,0
1624955290,9.29,9.29,9.29,9.29,9.29,0,0
1624955295,9.29,9.29,9.29,9.29,9.29,0,0
1624955300,9.29,9.29,9.29,9.29,9.29,0,0
1624955305,9.29,9.29,9.29,9.29,9.29,0,0
1624955310,9.29,9.29,9.29,9.29,9.29,0,0
1624955315,9.29,9.29,9.29,9.29,9.29,0,0
1624955320,9.29,9.29,9.29,9.29,9.29,0,0
1624955325,9.29,9.29,9.29,9.29,9.29,0,0
1624955330,9.29,9.29,9.29,9.29,9.29,0,0
1624955335,9.29,9.29,9.29,9.29,9.29,0,0
1624955340,9.29,9.29,9.29,9.29,9.29,0,0
1624955345,9.29,9.29,9.29,9.29,9.29,0,0
1624955350,9.29,9.29,9.29,9.29,9.29,0,0
1624955355,9.29,9.29,9.29,9.29,9.29,0,0
1624955360,9.29,9.29,9.29,9.29,9.29,0,0
1624955365,9.29,9.29,9.29,9.29,9.29,0,0
1624955370,9.29,9.29,9.29,9.29,9.29,0,0
1624955375,9.29,9.29,9.29,9.29,9.29,0,0
1624955380,9.29,9.29,9.29,9.29,9.29,0,0
1624955385,9.29,9.29,9.29,9.29,9.29,0,0
1624955390,9.29,9.29,9.29,9.29,9.29,0,0
1624955395,9.29,9.29,9.29,9.29,9.29,0,0
1624955400,9.29,9.29,9.29,9.29,9.29,0,0
1624955405,9.29,9.29,9.29,9.29,9.29,0,0
1624955410,9.29,9.29,9.29,9.29,9.29,0,0
1624955415,9.29,9.29,9.29,9.29,9.29,0,0
1624955420,9.29,9.29,9.29,9.29,9.29,0,0
1624955425,9.29,9.29,9.29,9.29,9.29,0,0
1624955430,9.29,9.29,9.29,9.29,9.29,0,0
1624955435,9.29,9.29,9.29,9.29,9.29,0,0
1624955440,9.29,9.29,9.29,9.29,9.29,0,0
1624955445,9.29,9.29,9.29,9.29,9.29,0,0
1624955450,9.29,9.29,9.29,9.29,9.29,0,0
1624955455,9.29,9.29,9.29,9.29,9.29,0,0
1624955460,9.29,9.29,9.29,9.29,9.29,0,0
1624955465,9.29,9.29,9.29,9.29,9.29,0,0
1624955470,9.29,9.29,9.29,9.29,9.29,0,0
1624955475,9.29,9.29,9.29,9.29,9.29,0,0
1624955480,9.29,9.29,9.29,9.29,9.29,0,0
1624955485,9.29,9.29,9.29,9.29,9.29,0,0
1624955490,9.29,9.29,9.29,9.29,9.29,0,0
1624955495,9.29,9.29,9.29,9.29,9.29,0,0
1624955500,9.29,9.29,9.29,9.29,9.29,0,0
1624955505,9.29,9.29,9.29,9.29,9.29,0,0
1624955510,9.29,9.29,9.29,9.29,9.29,0,0
1624955515,9.29,9.29,9.29,9.29,9.29,0,0
1624955520,9.29,9.29,9.29,9.29,9.29,0,0
1624955525,9.29,9.29,9.29,9.29,9.29,0,0
1624955530,9.29,9.29,9.29,9.29,9.29,0,0
1624955535,9.29,9.29,9.29,9.29,9.29,0,0
1624955540,9.29,9.29,9.29,9.29,9.29,0,0
1624955545,9.29,9.29,9.29,9.29,9.29,0,0
1624955550,9.29,9.29,9.29,9.29,9.29,0,0
1624955555,9.29,9.29,9.29,9.29,9.29,0,0
1624955560,9.29,9.29,9.29,9.29,9.29,0,0
1624955565,9.29,9.29,9.29,9.29,9.29,0,0
1624955570,9.29,9.29,9.29,9.29,9.29,0,0
1624955575,9.29,9.29,9.29,9.29,9.29,0,0
1624955580,9.29,9.29,9.29,9.29,9.29,0,0
1624955585,9.29,9.29,9.29,9.29,9.29,0,0
1624955590,9.29,9.29,9.29,9.29,9.29,0,0
1624955595,9.29,9.29,9.29,9.29,9.29,0,0
1624955600,9.29,9.29,9.29,9.29,9.29,0,0
1624955605,9.29,9.29,9.29,9.29,9.29,0,0
1624955610,9.29,9.29,9.29,9.29,9.29,0,0
1624955615,9.29,9.29,9.29,9.29,9.29,0,0
1624955620,9.29,9.29,9.29,9.29,9.29,0,0
1624955625,9.29,9.29,9.29,9.29,9.29,0,0
1624955630,9.29,9.29,9.29,9.29,9.29,0,0
1624955635,9.29,9.29,9.29,9.29,9.29,0,0
1624955640,9.29,9.29,9.29,9.29,9.29,0,0
1624955645,9.29,9.29,9.29,9.29,9.29,0,0
1624955650,9.29,9.29,9.29,9.29,9.29,0,0
1624955655,9.29,9.29,9.29,9.29,9.29,0,0
1624955660,9.29,9.29,9.29,9.29,9.29,0,0
1624955665,9.29,9.29,9.29,9.29,9.29,0,0
1624955670,9.29,9.29,9.29,9.29,9.29,0,0
1624955675,9.29,9.29,9.29,9.29,9.29,0,0
1624955680,9.29,9.29,9.29,9.29,9.29,0,0
1624955685,9.29,9.29,9.29,9.29,9.29,0,0
1624955690,9.29,9.29,9.29,9.29,9.29,0,0
1624955695,9.29,9.29,9.29,9.29,9.29,0,0
1624955700,9.29,9.29,9.29,9.29,9.29,0,0
1624955705,9.29,9.29,9.29,9.29,9.29,0,0
1624955710,9.29,9.29,9.29,9.29,9.29,0,0
1624955715,9.29,9.29,9.29,9.29,9.29,0,0
1624955720,9.29,9.29,9.29,9.29,9.29,0,0
1624955725,9.29,9.29,9.29,9.29,9.29,0,0
1624955730,9.29,9.29,9.29,9.29,9.29,0,0
1624955735,9.29,9.29,9.29,9.29,9.29,0,0
1624955740,9.29,9.29,9.29,9.29,9.29,0,0
1624955745,9.29,9.29,9.29,9.29,9.29,0,0
1624955750,9.29,9.29,9.29,9.29,9.29,0,0
1624955755,9.29,9.29,9.29,9.29,9.29,0,0
1624955760,9.29,9.29,9.29,9.29,9.29,0,0
1624955765,9.29,9.29,9.29,9.29,9.29,0,0
1624955770,9.29,9.29,9.29,9.29,9.29,0,0
1624955775,9.29,9.29,9.29,9.29,9.29,0,0
1624955780,9.29,9.29,9.29,9.29,9.29,0,0
1624955785,9.29,9.29,9.29,9.29,9.29,0,0
1624955790,9.29,9.29,9.29,9.29,9.29,0,0
1624955795,9.29,9.29,9.29,9.29,9.29,0,0
1624955800,9.29,9.29,9.29,9.29,9.29,0,0
1624955805,9.29,9.29,9.29,9.29,9.29,0,0
1624955810,9.29,9.29,9.29,9.29,9.29,0,0
1624955815,9.29,9.29,9.29,9.29,9.29,0,0
1624955820,9.29,9.29,9.29,9.29,9.29,0,0
1624955825,9.29,9.29,9.29,9.29,9.29,0,0
1624955830,9.29,9.29,9.29,9.29,9.29,0,0
1624955835,9.29,9.29,9.29,9.29,9.29,0,0
1624955840,9.29,9.29,9.29,9.29,9.29,0,0
1624955845,9.29,9.29,9.29,9.29,9.29,0,0
1624955850,9.29,9.29,9.29,9.29,9.29,0,0
1624955855,9.29,9.29,9.29,9.29,9.29,0,0
1624955860,9.29,9.29,9.29,9.29,9.29,0,0
1624955865,9.29,9.29,9.29,9.29,9.29,0,0
1624955870,9.29,9.29,9.29,9.29,9.29,0,0
1624955875,9.29,9.29,9.29,9.29,9.29,0,0
1624955880,9.29,9.29,9.29,9.29,9.29,0,0
1624955885,9.29,9.29,9.29,9.29,9.29,0,0
1624955890,9.29,9.29,9.29,9.29,9.29,0,0
1624955895,9.29,9.29,9.29,9.29,9.29,0,0
1624955900,9.29,9.29,9.29,9.29,9.29,0,0
1624955905,9.29,9.29,9.29,9.29,9.29,0,0
1624955910,9.29,9.29,9.29,9.29,9.29,0,0
1624955915,9.29,9.29,9.29,9.29,9.29,0,0
1624955920,9.29,9.29,9.29,9.29,9.29,0,0
1624955925,9.29,9.29,9.29,9.29,9.29,0,0
1624955930,9.29,9.29,9.29,9.29,9.29,0,0
1624955935,9.29,9.29,9.29,9.29,9.29,0,0
1624955940,9.29,9.29,9.29,9.29,9.29,0,0
1624955945,9.29,9.29,9.29,9.29,9.29,0,0
1624955950,9.29,9.29,9.29,9.29,9.29,0,0
1624955955,9.29,9.29,9.29,9.29,9.29,0,0
1624955960,9.29,9.29,9.29,9.29,9.29,0,0
1624955965,9.29,9.29,9.29,9.29,9.29,0,0
1624955970,9.29,9.29,9.29,9.29,9.29,0,0
1624955975,9.29,9.29,9.29,9.29,9.29,0,0
1624955980,9.29,9.29,9.29,9.29,9.29,0,0
1624955985,9.29,9.29,9.29,9.29,9.29,0,0
1624955990,9.29,9.29,9.29,9.29,9.29,0,0
1624955995,9.29,9.29,9.29,9.29,9.29,0,0
1624956000,9.29,9.29,9.29,9.29,9.29,0,0
1624956005,9.29,9.29,9.29,9.29,9.29,0,0
1624956010,9.29,9.29,9.29,9.29,9.29,0,0
1624956015,9.29,9.29,9.29,9.29,9.29,0,0
1624956020,9.29,9.29,9.29,9.29,9.29,0,0
1624956025,9.29,9.29,9.29,9.29,9.29,0,0
1624956030,9.29,9.29,9.29,9.29,9.29,0,0
1624956035,9.29,9.29,9.29,9.29,9.29,0,0
1624956040,9.29,9.29,9.29,9.29,9.29,0,0
1624956045,9.29,9.29,9.29,9.29,9.29,0,0
1624956050,9.29,9.29,9.29,9.29,9.29,0,0
1624956055,9.29,9.29,9.29,9.29,9.29,0,0
1624956060,9.29,9.29,9.29,9.29,9.29,0,0
1624956065,9.29,9.29,9.29,9.29,9.29,0,0
1624956070,9.29,9.29,9.29,9.29,9.29,0,0
1624956075,9.29,9.29,9.29,9.29,9.29,0,0
1624956080,9.29,9.29,9.29,9.29,9.29,0,0
1624956085,9.29,9.29,9.29,9.29,9.29,0,0
1624956090,9.29,9.29,9.29,9.29,9.29,0,0
1624956095,9.29,9.29,9.29,9.29,9.29,0,0
1624956100,9.29,9.29,9.29,9.29,9.29,0,0
1624956105,9.29,9.29,9.29,9.29,9.29,0,0
1624956110,9.29,9.29,9.29,9.29,9.29,0,0
1624956115,9.29,9.29,9.29,9.29,9.29,0,0
1624956120,9.29,9.29,9.29,9.29,9.29,0,0
1624956125,9.29,9.29,9.29,9.29,9.29,0,0
1624956130,9.29,9.29,9.29,9.29,9.29,0,0
1624956135,9.29,9.29,9.29,9.29,9.29,0,0
1624956140,9.29,9.29,9.29,9.29,9.29,0,0
1624956145,9.29,9.29,9.29,9.29,9.29,0,0
1624956150,9.29,9.29,9.29,9.29,9.29,0,0
1624956155,9.29,9.29,9.29,9.29,9.29,0,0
1624956160,9.29,9.29,9.29,9.29,9.29,0,0
1624956165,9.29,9.29,9.29,9.29,9.29,0,0
1624956170,9.29,9.29,9.29,9.29,9.29,0,0
1624956175,9.29,9.29,9.29,9.29,9.29,0,0
1624956180,9.29,9.29,9.29,9.29,9.29,0,0
1624956185,9.29,9.29,9.29,9.29,9.29,0,0
1624956190,9.29,9.29,9.29,9.29,9.29,0,0
1624956195,9.29,9.29,9.29,9.29,9.29,0,0
1624956200,9.29,9.29,9.29,9.29,9.29,0,0
1624956205,9.29,9.29,9.29,9.29,9.29,0,0
1624956210,9.29,9.29,9.29,9.29,9.29,0,0
1624956215,9.29,9.29,9.29,9.29,9.29,0,0
1624956220,9.29,9.29,9.29,9.29,9.29,0,0
1624956225,9.29,9.29,9.29,9.29,9.29,0,0
1624956230,9.29,9.29,9.29,9.29,9.29,0,0
1624956235,9.29,9.29,9.29,9.29,9.29,0,0
1624956240,9.29,9.29,9.29,9.29,9.29,0,0
1624956245,9.29,9.29,9.29,9.29,9.29,0,0
1624956250,9.29,9.29,9.29,9.29,9.29,0,0
1624956255,9.29,9.29,9.29,9.29,9.29,0,0
1624956260,9.29,9.29,9.29,9.29,9.29,0,0
1624956265,9.29,9.29,9.29,9.29,9.29,0,0
1624956270,9.29,9.29,9.29,9.29,9.29,0,0
1624956275,9.29,9.29,9.29,9.29,9.29,0,0
1624956280,9.29,9.29,9.29,9.29,9.29,0,0
1624956285,9.29,9.29,9.29,9.29,9.29,0,0
1624956290,9.29,9.29,9.29,9.29,9.29,0,0
1624956295,9.29,9.29,9.29,9.29,9.29,0,0
1624956300,9.29,9.29,9.29,9.29,9.29,0,0
1624956305,9.29,9.29,9.29,9.29,9.29,0,0
1624956310,9.29,9.29,9.29,9.29,9.29,0,0
1624956315,9.29,9.29,9.29,9.29,9.29,0,0
1624956320,9.29,9.29,9.29,9.29,9.29,0,0
1624956325,9.29,9.29,9.29,9.29,9.29,0,0
1624956330,9.29,9.29,9.29,9.29,9.29,0,0
1624956335,9.29,9.29,9.29,9.29,9.29,0,0
1624956340,9.29,9.29,9.29,9.29,9.29,0,0
1624956345,9.29,9.29,9.29,9.29,9.29,0,0
1624956350,9.29,9.29,9.29,9.29,9.29,0,0
1624956355,9.29,9.29,9.29,9.29,9.29,0,0
1624956360,9.29,9.29,9.29,9.29,9.29,0,0
1624956365,9.29,9.29,9.29,9.29,9.29,0,0
1624956370,9.29,9.29,9.29,9.29,9.29,0,0
1624956375,9.29,9.29,9.29,9.29,9.29,0,0
1624956380,9.29,9.29,9.29,9.29,9.29,0,0
1624956385,9.29,9.29,9.29,9.29,9.29,0,0
1624956390,9.29,9.29,9.29,9.29,9.29,0,0
1624956395,9.29,9.29,9.29,9.29,9.29,0,0
1624956400,9.29,9.29,9.29,9.29,9.29,0,0
1624956405,9.29,9.29,9.29,9.29,9.29,0,0
1624956410,9.29,9.29,9.29,9.29,9.29,0,0
1624956415,9.29,9.29,9.29,9.29,9.29,0,0
1624956420,9.29,9.29,9.29,9.29,9.29,0,0
1624956425,9.29,9.29,9.29,9.29,9.29,0,0
1624956430,9.29,9.29,9.29,9.29,9.29,0,0
1624956435,9.29,9.29,9.29,9.29,9.29,0,0
1624956440,9.29,9.29,9.29,9.29,9.29,0,0
1624956445,9.29,9.29,9.29,9.29,9.29,0,0
1624956450,9.29,9.29,9.29,9.29,9.29,0,0
1624956455,9.29,9.29,9.29,9.29,9.29,0,0
1624956460,9.29,9.29,9.29,9.29,9.29,0,0
1624956465,9.29,9.29,9.29,9.29,9.29,0,0
1624956470,9.29,9.29,9.29,9.29,9.29,0,0
1624956475,9.29,9.29,9.29,9.29,9.29,0,0
1624956480,9.29,9.29,9.29,9.29,9.29,0,0
1624956485,9.29,9.29,9.29,9.29,9.29,0,0
1624956490,9.29,9.29,9.29,9.29,9.29,0,0
1624956495,9.29,9.29,9.29,9.29,9.29,0,0
1624956500,9.29,9.29,9.29,9.29,9.29,0,0
1624956505,9.29,9.29,9.29,9.29,9.29,0,0
1624956510,9.29,9.29,9.29,9.29,9.29,0,0
1624956515,9.29,9.29,9.29,9.29,9.29,0,0
1624956520,9.29,9.29,9.29,9.29,9.29,0,0
1624956525,9.29,9.29,9.29,9.29,9.29,0,0
1624956530,9.29,9.29,9.29,9.29,9.29,0,0
1624956535,9.29,9.29,9.29,9.29,9.29,0,0
1624956540,9.29,9.29,9.29,9.29,9.29,0,0
1624956545,9.29,9.29,9.29,9.29,9.29,0,0
1624956550,9.29,9.29,9.29,9.29,9.29,0,0
1624956555,9.29,9.29,9.29,9.29,9.29,0,0
1624956560,9.29,9.29,9.29,9.29,9.29,0,0
1624956565,9.29,9.29,9.29,9.29,9.29,0,0
1624956570,9.29,9.29,9.29,9.29,9.29,0,0
1624956575,9.29,9.29,9.29,9.29,9.29,0,0
1624956580,9.29,9.29,9.29,9.29,9.29,0,0
1624956585,9.29,9.29,9.29,9.29,9.29,0,0
1624956590,9.29,9.29,9.29,9.29,9.29,0,0
1624956595,9.29,9.29,9.29,9.29,9.29,0,0
1624956600,9.29,9.29,9.29,9.29,9.29,0,0
1624956605,9.29,9.29,9.29,9.29,9.29,0,0
1624956610,9.29,9.29,9.29,9.29,9.29,0,0
1624956615,9.29,9.29,9.29,9.29,9.29,0,0
1624956620,9.29,9.29,9.29,9.29,9.29,0,0
1624956625,9.29,9.29,9.29,9.29,9.29,0,0
1624956630,9.29,9.29,9.29,9.29,9.29,0,0
1624956635,9.29,9.29,9.29,9.29,9.29,0,0
1624956640,9.29,9.29,9.29,9.29,9.29,0,0
1624956645,9.29,9.29,9.29,9.29,9.29,0,0
1624956650,9.29,9.29,9.29,9.29,9.29,0,0
1624956655,9.29,9.29,9.29,9.29,9.29,0,0
1624956660,9.29,9.29,9.29,9.29,9.29,0,0
1624956665,9.29,9.29,9.29,9.29,9.29,0,0
1624956670,9.29,9.29,9.29,9.29,9.29,0,0
1624956675,9.29,9.29,9.29,9.29,9.29,0,0
1624956680,9.29,9.29,9.29,9.29,9.29,0,0
1624956685,9.29,9.29,9.29,9.29,9.29,0,0
1624956690,9.29,9.29,9.29,9.29,9.29,0,0
1624956695,9.29,9.29,9.29,9.29,9.29,0,0
1624956700,9.29,9.29,9.29,9.29,9.29,0,0
1624956705,9.29,9.29,9.29,9.29,9.29,0,0
1624956710,9.29,9.29,9.29,9.29,9.29,0,0
1624956715,9.29,9.29,9.29,9.29,9.29,0,0
1624956720,9.29,9.29,9.29,9.29,9.29,0,0
1624956725,9.29,9.29,9.29,9.29,9.29,0,0
1624956730,9.29,9.29,9.29,9.29,9.29,0,0
1624956735,9.29,9.29,9.29,9.29,9.29,0,0
1624956740,9.29,9.29,9.29,9.29,9.29,0,0
1624956745,9.29,9.29,9.29,9.29,9.29,0,0
1624956750,9.29,9.29,9.29,9.29,9.29,0,0
1624956755,9.29,9.29,9.29,9.29,9.29,0,0
1624956760,9.29,9.29,9.29,9.29,9.29,0,0
1624956765,9.29,9.29,9.29,9.29,9.29,0,0
1624956770,9.29,9.29,9.29,9.29,9.29,0,0
1624956775,9.29,9.29,9.29,9.29,9.29,0,0
1624956780,9.29,9.29,9.29,9.29,9.29,0,0
1624956785,9.29,9.29,9.29,9.29,9.29,0,0
1624956790,9.3,9.3,9.3,9.3,9.3,13,5
1624956795,9.3,9.3,9.3,9.3,9.3,0,0
1624956800,9.3,9.3,9.3,9.3,9.3,0,0
1624956805,9.3,9.3,9.3,9.3,9.3,0,0
1624956810,9.3,9.3,9.3,9.3,9.3,0,0
1624956815,9.3,9.3,9.3,9.3,9.3,0,0
1624956820,9.3,9.3,9.3,9.3,9.3,0,0
1624956825,9.3,9.3,9.3,9.3,9.3,0,0
1624956830,9.3,9.3,9.3,9.3,9.3,0,0
1624956835,9.3,9.3,9.3,9.3,9.3,0,0
1624956840,9.3,9.3,9.3,9.3,9.3,0,0
1624956845,9.3,9.3,9.3,9.3,9.3,0,0
1624956850,9.3,9.3,9.3,9.3,9.3,0,0
1624956855,9.3,9.3,9.3,9.3,9.3,0,0
1624956860,9.3,9.3,9.3,9.3,9.3,0,0
1624956865,9.3,9.3,9.3,9.3,9.3,0,0
1624956870,9.3,9.3,9.3,9.3,9.3,0,0
1624956875,9.3,9.3,9.3,9.3,9.3,0,0
1624956880,9.3,9.3,9.3,9.3,9.3,0,0
1624956885,9.3,9.3,9.3,9.3,9.3,0,0
1624956890,9.3,9.3,9.3,9.3,9.3,0,0
1624956895,9.3,9.3,9.3,9.3,9.3,0,0
1624956900,9.3,9.3,9.3,9.3,9.3,0,0
1624956905,9.3,9.3,9.3,9.3,9.3,0,0
1624956910,9.3,9.3,9.3,9.3,9.3,0,0
1624956915,9.3,9.3,9.3,9.3,9.3,0,0
1624956920,9.3,9.3,9.3,9.3,9.3,0,0
1624956925,9.3,9.3,9.3,9.3,9.3,0,0
1624956930,9.3,9.3,9.3,9.3,9.3,0,0
1624956935,9.3,9.3,9.3,9.3,9.3,0,0
1624956940,9.3,9.3,9.3,9.3,9.3,0,0
1624956945,9.3,9.3,9.3,9.3,9.3,0,0
1624956950,9.3,9.3,9.3,9.3,9.3,0,0
1624956955,9.3,9.3,9.3,9.3,9.3,0,0
1624956960,9.3,9.3,9.3,9.3,9.3,0,0
1624956965,9.3,9.3,9.3,9.3,9.3,0,0
1624956970,9.3,9.3,9.3,9.3,9.3,0,0
1624956975,9.3,9.3,9.3,9.3,9.3,0,0
1624956980,9.3,9.3,9.3,9.3,9.3,0,0
1624956985,9.3,9.3,9.3,9.3,9.3,0,0
1624956990,9.3,9.3,9.3,9.3,9.3,0,0
1624956995,9.3,9.3,9.3,9.3,9.3,0,0
1624957000,9.3,9.3,9.3,9.3,9.3,0,0
1624957005,9.3,9.3,9.3,9.3,9.3,0,0
1624957010,9.3,9.3,9.3,9.3,9.3,0,0
1624957015,9.3,9.3,9.3,9.3,9.3,0,0
1624957020,9.3,9.3,9.3,9.3,9.3,0,0
1624957025,9.3,9.3,9.3,9.3,9.3,0,0
1624957030,9.3,9.3,9.3,9.3,9.3,0,0
1624957035,9.3,9.3,9.3,9.3,9.3,0,0
1624957040,9.3,9.3,9.3,9.3,9.3,0,0
1624957045,9.3,9.3,9.3,9.3,9.3,0,0
1624957050,9.3,9.3,9.3,9.3,9.3,0,0
1624957055,9.3,9.3,9.3,9.3,9.3,0,0
1624957060,9.3,9.3,9.3,9.3,9.3,0,0
1624957065,9.3,9.3,9.3,9.3,9.3,0,0
1624957070,9.3,9.3,9.3,9.3,9.3,0,0
1624957075,9.3,9.3,9.3,9.3,9.3,0,0
1624957080,9.3,9.3,9.3,9.3,9.3,0,0
1624957085,9.3,9.3,9.3,9.3,9.3,0,0
1624957090,9.3,9.3,9.3,9.3,9.3,0,0
1624957095,9.3,9.3,9.3,9.3,9.3,0,0
1624957100,9.3,9.3,9.3,9.3,9.3,0,0
1624957105,9.3,9.3,9.3,9.3,9.3,0,0
1624957110,9.3,9.3,9.3,9.3,9.3,0,0
1624957115,9.3,9.3,9.3,9.3,9.3,0,0
1624957120,9.3,9.3,9.3,9.3,9.3,0,0
1624957125,9.3,9.3,9.3,9.3,9.3,0,0
1624957130,9.3,9.3,9.3,9.3,9.3,0,0
1624957135,9.3,9.3,9.3,9.3,9.3,0,0
1624957140,9.3,9.3,9.3,9.3,9.3,0,0
1624957145,9.3,9.3,9.3,9.3,9.3,0,0
1624957150,9.3,9.3,9.3,9.3,9.3,0,0
1624957155,9.3,9.3,9.3,9.3,9.3,0,0
1624957160,9.3,9.3,9.3,9.3,9.3,0,0
1624957165,9.3,9.3,9.3,9.3,9.3,0,0
1624957170,9.3,9.3,9.3,9.3,9.3,0,0
1624957175,9.3,9.3,9.3,9.3,9.3,0,0
1624957180,9.3,9.3,9.3,9.3,9.3,0,0
1624957185,9.3,9.3,9.3,9.3,9.3,0,0
1624957190,9.29,9.29,9.29,9.29,9.29,2,1
1624957195,9.29,9.29,9.29,9.29,9.29,0,0
1624957200,9.29,9.29,9.29,9.29,9.29,0,0
1624957205,9.29,9.29,9.29,9.29,9.29,0,0
1624957210,9.29,9.29,9.29,9.29,9.29,0,0
1624957215,9.29,9.29,9.29,9.29,9.29,0,0
1624957220,9.29,9.29,9.29,9.29,9.29,0,0
1624957225,9.29,9.29,9.29,9.29,9.29,0,0
1624957230,9.29,9.29,9.29,9.29,9.29,0,0
1624957235,9.29,9.29,9.29,9.29,9.29,0,0
1624957240,9.29,9.29,9.29,9.29,9.29,0,0
1624957245,9.29,9.29,9.29,9.29,9.29,0,0
1624957250,9.29,9.29,9.29,9.29,9.29,0,0
1624957255,9.29,9.29,9.29,9.29,9.29,0,0
1624957260,9.29,9.29,9.29,9.29,9.29,0,0
1624957265,9.29,9.29,9.29,9.29,9.29,0,0
1624957270,9.29,9.29,9.29,9.29,9.29,0,0
1624957275,9.29,9.29,9.29,9.29,9.29,0,0
1624957280,9.29,9.29,9.29,9.29,9.29,0,0
1624957285,9.29,9.29,9.29,9.29,9.29,0,0
1624957290,9.29,9.29,9.29,9.29,9.29,0,0
1624957295,9.29,9.29,9.29,9.29,9.29,0,0
1624957300,9.29,9.29,9.29,9.29,9.29,0,0
1624957305,9.29,9.29,9.29,9.29,9.29,0,0
1624957310,9.29,9.29,9.29,9.29,9.29,0,0
1624957315,9.29,9.29,9.29,9.29,9.29,0,0
1624957320,9.29,9.29,9.29,9.29,9.29,0,0
1624957325,9.29,9.29,9.29,9.29,9.29,0,0
1624957330,9.29,9.29,9.29,9.29,9.29,0,0
1624957335,9.29,9.29,9.29,9.29,9.29,0,0
1624957340,9.29,9.29,9.29,9.29,9.29,0,0
1624957345,9.29,9.29,9.29,9.29,9.29,0,0
1624957350,9.29,9.29,9.29,9.29,9.29,0,0
1624957355,9.29,9.29,9.29,9.29,9.29,0,0
1624957360,9.29,9.29,9.29,9.29,9.29,0,0
1624957365,9.29,9.29,9.29,9.29,9.29,0,0
1624957370,9.29,9.29,9.29,9.29,9.29,0,0
1624957375,9.29,9.29,9.29,9.29,9.29,0,0
1624957380,9.29,9.29,9.29,9.29,9.29,0,0
1624957385,9.29,9.29,9.29,9.29,9.29,0,0
1624957390,9.29,9.29,9.29,9.29,9.29,0,0
1624957395,9.29,9.29,9.29,9.29,9.29,0,0
1624957400,9.29,9.29,9.29,9.29,9.29,0,0
1624957405,9.29,9.29,9.29,9.29,9.29,0,0
1624957410,9.29,9.29,9.29,9.29,9.29,0,0
1624957415,9.29,9.29,9.29,9.29,9.29,0,0
1624957420,9.29,9.29,9.29,9.29,9.29,0,0
1624957425,9.29,9.29,9.29,9.29,9.29,0,0
1624957430,9.29,9.29,9.29,9.29,9.29,0,0
1624957435,9.29,9.29,9.29,9.29,9.29,0,0
1624957440,9.29,9.29,9.29,9.29,9.29,0,0
1624957445,9.29,9.29,9.29,9.29,9.29,0,0
1624957450,9.29,9.29,9.29,9.29,9.29,0,0
1624957455,9.29,9.29,9.29,9.29,9.29,0,0
1624957460,9.29,9.29,9.29,9.29,9.29,0,0
1624957465,9.29,9.29,9.29,9.29,9.29,0,0
1624957470,9.29,9.29,9.29,9.29,9.29,0,0
1624957475,9.29,9.29,9.29,9.29,9.29,0,0
1624957480,9.29,9.29,9.29,9.29,9.29,0,0
1624957485,9.29,9.29,9.29,9.29,9.29,0,0
1624957490,9.29,9.29,9.29,9.29,9.29,0,0
1624957495,9.29,9.29,9.29,9.29,9.29,0,0
1624957500,9.29,9.29,9.29,9.29,9.29,0,0
1624957505,9.29,9.29,9.29,9.29,9.29,0,0
1624957510,9.29,9.29,9.29,9.29,9.29,0,0
1624957515,9.29,9.29,9.29,9.29,9.29,0,0
1624957520,9.29,9.29,9.29,9.29,9.29,0,0
1624957525,9.29,9.29,9.29,9.29,9.29,0,0
1624957530,9.29,9.29,9.29,9.29,9.29,0,0
1624957535,9.29,9.29,9.29,9.29,9.29,0,0
1624957540,9.29,9.29,9.29,9.29,9.29,0,0
1624957545,9.29,9.29,9.29,9.29,9.29,0,0
1624957550,9.29,9.29,9.29,9.29,9.29,0,0
1624957555,9.29,9.29,9.29,9.29,9.29,0,0
1624957560,9.29,9.29,9.29,9.29,9.29,0,0
1624957565,9.29,9.29,9.29,9.29,9.29,0,0
1624957570,9.29,9.29,9.29,9.29,9.29,0,0
1624957575,9.29,9.29,9.29,9.29,9.29,0,0
1624957580,9.29,9.29,9.29,9.29,9.29,0,0
1624957585,9.29,9.29,9.29,9.29,9.29,0,0
1624957590,9.29,9.29,9.29,9.29,9.29,0,0
1624957595,9.29,9.29,9.29,9.29,9.29,0,0
1624957600,9.29,9.29,9.29,9.29,9.29,0,0
1624957605,9.29,9.29,9.29,9.29,9.29,0,0
1624957610,9.29,9.29,9.29,9.29,9.29,0,0
1624957615,9.29,9.29,9.29,9.29,9.29,0,0
1624957620,9.29,9.29,9.29,9.29,9.29,0,0
1624957625,9.29,9.29,9.29,9.29,9.29,0,0
1624957630,9.29,9.29,9.29,9.29,9.29,0,0
1624957635,9.29,9.29,9.29,9.29,9.29,0,0
1624957640,9.29,9.29,9.29,9.29,9.29,0,0
1624957645,9.29,9.29,9.29,9.29,9.29,0,0
1624957650,9.29,9.29,9.29,9.29,9.29,0,0
1624957655,9.29,9.29,9.29,9.29,9.29,0,0
1624957660,9.29,9.29,9.29,9.29,9.29,0,0
1624957665,9.29,9.29,9.29,9.29,9.29,0,0
1624957670,9.29,9.29,9.29,9.29,9.29,0,0
1624957675,9.29,9.29,9.29,9.29,9.29,0,0
1624957680,9.29,9.29,9.29,9.29,9.29,0,0
1624957685,9.29,9.29,9.29,9.29,9.29,0,0
1624957690,9.29,9.29,9.29,9.29,9.29,0,0
1624957695,9.29,9.29,9.29,9.29,9.29,0,0
1624957700,9.29,9.29,9.29,9.29,9.29,0,0
1624957705,9.29,9.29,9.29,9.29,9.29,0,0
1624957710,9.29,9.29,9.29,9.29,9.29,0,0
1624957715,9.29,9.29,9.29,9.29,9.29,0,0
1624957720,9.29,9.29,9.29,9.29,9.29,0,0
1624957725,9.29,9.29,9.29,9.29,9.29,0,0
1624957730,9.29,9.29,9.29,9.29,9.29,0,0
1624957735,9.29,9.29,9.29,9.29,9.29,0,0
1624957740,9.29,9.29,9.29,9.29,9.29,0,0
1624957745,9.29,9.29,9.29,9.29,9.29,0,0
1624957750,9.29,9.29,9.29,9.29,9.29,0,0
1624957755,9.29,9.29,9.29,9.29,9.29,0,0
1624957760,9.29,9.29,9.29,9.29,9.29,0,0
1624957765,9.29,9.29,9.29,9.29,9.29,0,0
1624957770,9.29,9.29,9.29,9.29,9.29,0,0
1624957775,9.29,9.29,9.29,9.29,9.29,0,0
1624957780,9.29,9.29,9.29,9.29,9.29,0,0
1624957785,9.29,9.29,9.29,9.29,9.29,0,0
1624957790,9.29,9.29,9.29,9.29,9.29,0,0
1624957795,9.29,9.29,9.29,9.29,9.29,0,0
1624957800,9.29,9.29,9.29,9.29,9.29,0,0
1624957805,9.29,9.29,9.29,9.29,9.29,0,0
1624957810,9.29,9.29,9.29,9.29,9.29,0,0
1624957815,9.29,9.29,9.29,9.29,9.29,0,0
1624957820,9.29,9.29,9.29,9.29,9.29,0,0
1624957825,9.29,9.29,9.29,9.29,9.29,0,0
1624957830,9.29,9.29,9.29,9.29,9.29,0,0
1624957835,9.29,9.29,9.29,9.29,9.29,0,0
1624957840,9.29,9.29,9.29,9.29,9.29,0,0
1624957845,9.29,9.29,9.29,9.29,9.29,0,0
1624957850,9.29,9.29,9.29,9.29,9.29,0,0
1624957855,9.29,9.29,9.29,9.29,9.29,0,0
1624957860,9.29,9.29,9.29,9.29,9.29,0,0
1624957865,9.29,9.29,9.29,9.29,9.29,0,0
1624957870,9.29,9.29,9.29,9.29,9.29,0,0
1624957875,9.29,9.29,9.29,9.29,9.29,0,0
1624957880,9.29,9.29,9.29,9.29,9.29,0,0
1624957885,9.29,9.29,9.29,9.29,9.29,0,0
1624957890,9.29,9.29,9.29,9.29,9.29,0,0
1624957895,9.29,9.29,9.29,9.29,9.29,0,0
1624957900,9.29,9.29,9.29,9.29,9.29,0,0
1624957905,9.29,9.29,9.29,9.29,9.29,0,0
1624957910,9.29,9.29,9.29,9.29,9.29,0,0
1624957915,9.29,9.29,9.29,9.29,9.29,0,0
1624957920,9.29,9.29,9.29,9.29,9.29,0,0
1624957925,9.29,9.29,9.29,9.29,9.29,0,0
1624957930,9.29,9.29,9.29,9.29,9.29,0,0
1624957935,9.29,9.29,9.29,9.29,9.29,0,0
1624957940,9.29,9.29,9.29,9.29,9.29,0,0
1624957945,9.29,9.29,9.29,9.29,9.29,0,0
1624957950,9.29,9.29,9.29,9.29,9.29,0,0
1624957955,9.29,9.29,9.29,9.29,9.29,0,0
1624957960,9.29,9.29,9.29,9.29,9.29,0,0
1624957965,9.29,9.29,9.29,9.29,9.29,0,0
1624957970,9.29,9.29,9.29,9.29,9.29,0,0
1624957975,9.29,9.29,9.29,9.29,9.29,0,0
1624957980,9.29,9.29,9.29,9.29,9.29,0,0
1624957985,9.29,9.29,9.29,9.29,9.29,0,0
1624957990,9.29,9.29,9.29,9.29,9.29,0,0
1624957995,9.29,9.29,9.29,9.29,9.29,0,0
1624958000,9.29,9.29,9.29,9.29,9.29,0,0
1624958005,9.29,9.29,9.29,9.29,9.29,0,0
1624958010,9.29,9.29,9.29,9.29,9.29,0,0
1624958015,9.29,9.29,9.29,9.29,9.29,0,0
1624958020,9.29,9.29,9.29,9.29,9.29,0,0
1624958025,9.29,9.29,9.29,9.29,9.29,0,0
1624958030,9.29,9.29,9.29,9.29,9.29,0,0
1624958035,9.29,9.29,9.29,9.29,9.29,0,0
1624958040,9.29,9.29,9.29,9.29,9.29,0,0
1624958045,9.29,9.29,9.29,9.29,9.29,0,0
1624958050,9.29,9.29,9.29,9.29,9.29,0,0
1624958055,9.29,9.29,9.29,9.29,9.29,0,0
1624958060,9.29,9.29,9.29,9.29,9.29,0,0
1624958065,9.29,9.29,9.29,9.29,9.29,0,0
1624958070,9.29,9.29,9.29,9.29,9.29,0,0
1624958075,9.29,9.29,9.29,9.29,9.29,0,0
1624958080,9.29,9.29,9.29,9.29,9.29,0,0
1624958085,9.29,9.29,9.29,9.29,9.29,0,0
1624958090,9.29,9.29,9.29,9.29,9.29,0,0
1624958095,9.29,9.29,9.29,9.29,9.29,0,0
1624958100,9.29,9.29,9.29,9.29,9.29,0,0
1624958105,9.29,9.29,9.29,9.29,9.29,0,0
1624958110,9.29,9.29,9.29,9.29,9.29,0,0
1624958115,9.29,9.29,9.29,9.29,9.29,0,0
1624958120,9.29,9.29,9.29,9.29,9.29,0,0
1624958125,9.29,9.29,9.29,9.29,9.29,0,0
1624958130,9.29,9.29,9.29,9.29,9.29,0,0
1624958135,9.29,9.29,9.29,9.29,9.29,0,0
1624958140,9.29,9.29,9.29,9.29,9.29,0,0
1624958145,9.29,9.29,9.29,9.29,9.29,0,0
1624958150,9.29,9.29,9.29,9.29,9.29,0,0
1624958155,9.29,9.29,9.29,9.29,9.29,0,0
1624958160,9.29,9.29,9.29,9.29,9.29,0,0
1624958165,9.29,9.29,9.29,9.29,9.29,0,0
1624958170,9.29,9.29,9.29,9.29,9.29,0,0
1624958175,9.29,9.29,9.29,9.29,9.29,0,0
1624958180,9.29,9.29,9.29,9.29,9.29,0,0
1624958185,9.29,9.29,9.29,9.29,9.29,0,0
1624958190,9.29,9.29,9.29,9.29,9.29,0,0
1624958195,9.29,9.29,9.29,9.29,9.29,0,0
1624958200,9.29,9.29,9.29,9.29,9.29,0,0
1624958205,9.29,9.29,9.29,9.29,9.29,0,0
1624958210,9.29,9.29,9.29,9.29,9.29,0,0
1624958215,9.29,9.29,9.29,9.29,9.29,0,0
1624958220,9.29,9.29,9.29,9.29,9.29,0,0
1624958225,9.29,9.29,9.29,9.29,9.29,0,0
1624958230,9.29,9.29,9.29,9.29,9.29,0,0
1624958235,9.29,9.29,9.29,9.29,9.29,0,0
1624958240,9.29,9.29,9.29,9.29,9.29,0,0
1624958245,9.29,9.29,9.29,9.29,9.29,0,0
1624958250,9.29,9.29,9.29,9.29,9.29,0,0
1624958255,9.29,9.29,9.29,9.29,9.29,0,0
1624958260,9.29,9.29,9.29,9.29,9.29,0,0
1624958265,9.29,9.29,9.29,9.29,9.29,0,0
1624958270,9.29,9.29,9.29,9.29,9.29,0,0
1624958275,9.29,9.29,9.29,9.29,9.29,0,0
1624958280,9.29,9.29,9.29,9.29,9.29,0,0
1624958285,9.29,9.29,9.29,9.29,9.29,0,0
1624958290,9.29,9.29,9.29,9.29,9.29,0,0
1624958295,9.29,9.29,9.29,9.29,9.29,0,0
1624958300,9.29,9.29,9.29,9.29,9.29,0,0
1624958305,9.29,9.29,9.29,9.29,9.29,0,0
1624958310,9.29,9.29,9.29,9.29,9.29,0,0
1624958315,9.29,9.29,9.29,9.29,9.29,0,0
1624958320,9.29,9.29,9.29,9.29,9.29,0,0
1624958325,9.29,9.29,9.29,9.29,9.29,0,0
1624958330,9.29,9.29,9.29,9.29,9.29,0,0
1624958335,9.29,9.29,9.29,9.29,9.29,0,0
1624958340,9.29,9.29,9.29,9.29,9.29,0,0
1624958345,9.29,9.29,9.29,9.29,9.29,0,0
1624958350,9.29,9.29,9.29,9.29,9.29,0,0
1624958355,9.29,9.29,9.29,9.29,9.29,0,0
1624958360,9.29,9.29,9.29,9.29,9.29,0,0
1624958365,9.29,9.29,9.29,9.29,9.29,0,0
1624958370,9.29,9.29,9.29,9.29,9.29,0,0
1624958375,9.29,9.29,9.29,9.29,9.29,0,0
1624958380,9.29,9.29,9.29,9.29,9.29,0,0
1624958385,9.29,9.29,9.29,9.29,9.29,0,0
1624958390,9.29,9.29,9.29,9.29,9.29,0,0
1624958395,9.29,9.29,9.29,9.29,9.29,0,0
1624958400,9.29,9.29,9.29,9.29,9.29,0,0
1624958405,9.29,9.29,9.29,9.29,9.29,0,0
1624958410,9.29,9.29,9.29,9.29,9.29,0,0
1624958415,9.29,9.29,9.29,9.29,9.29,0,0
1624958420,9.29,9.29,9.29,9.29,9.29,0,0
1624958425,9.29,9.29,9.29,9.29,9.29,0,0
1624958430,9.29,9.29,9.29,9.29,9.29,0,0
1624958435,9.29,9.29,9.29,9.29,9.29,0,0
1624958440,9.29,9.29,9.29,9.29,9.29,0,0
1624958445,9.29,9.29,9.29,9.29,9.29,0,0
1624958450,9.29,9.29,9.29,9.29,9.29,0,0
1624958455,9.29,9.29,9.29,9.29,9.29,0,0
1624958460,9.29,9.29,9.29,9.29,9.29,0,0
1624958465,9.29,9.29,9.29,9.29,9.29,0,0
1624958470,9.29,9.29,9.29,9.29,9.29,0,0
1624958475,9.29,9.29,9.29,9.29,9.29,0,0
1624958480,9.29,9.29,9.29,9.29,9.29,0,0
1624958485,9.29,9.29,9.29,9.29,9.29,0,0
1624958490,9.29,9.29,9.29,9.29,9.29,0,0
1624958495,9.29,9.29,9.29,9.29,9.29,0,0
1624958500,9.29,9.29,9.29,9.29,9.29,0,0
1624958505,9.29,9.29,9.29,9.29,9.29,0,0
1624958510,9.29,9.29,9.29,9.29,9.29,0,0
1624958515,9.29,9.29,9.29,9.29,9.29,0,0
1624958520,9.29,9.29,9.29,9.29,9.29,0,0
1624958525,9.29,9.29,9.29,9.29,9.29,0,0
1624958530,9.29,9.29,9.29,9.29,9.29,0,0
1624958535,9.29,9.29,9.29,9.29,9.29,0,0
1624958540,9.29,9.29,9.29,9.29,9.29,0,0
1624958545,9.29,9.29,9.29,9.29,9.29,0,0
1624958550,9.33,9.33,9.33,9.33,9.33,1,1
1624958555,9.33,9.33,9.33,9.33,9.33,0,0
1624958560,9.33,9.33,9.33,9.33,9.33,0,0
1624958565,9.33,9.33,9.33,9.33,9.33,0,0
1624958570,9.33,9.33,9.33,9.33,9.33,0,0
1624958575,9.33,9.33,9.33,9.33,9.33,0,0
1624958580,9.33,9.33,9.33,9.33,9.33,0,0
1624958585,9.33,9.33,9.33,9.33,9.33,0,0
1624958590,9.33,9.33,9.33,9.33,9.33,0,0
1624958595,9.33,9.33,9.33,9.33,9.33,0,0
1624958600,9.33,9.33,9.33,9.33,9.33,0,0
1624958605,9.33,9.33,9.33,9.33,9.33,0,0
1624958610,9.33,9.33,9.33,9.33,9.33,0,0
1624958615,9.33,9.33,9.33,9.33,9.33,0,0
1624958620,9.33,9.33,9.33,9.33,9.33,0,0
1624958625,9.33,9.33,9.33,9.33,9.33,0,0
1624958630,9.33,9.33,9.33,9.33,9.33,0,0
1624958635,9.33,9.33,9.33,9.33,9.33,0,0
1624958640,9.33,9.33,9.33,9.33,9.33,0,0
1624958645,9.33,9.33,9.33,9.33,9.33,0,0
1624958650,9.33,9.33,9.33,9.33,9.33,0,0
1624958655,9.33,9.33,9.33,9.33,9.33,0,0
1624958660,9.33,9.33,9.33,9.33,9.33,0,0
1624958665,9.33,9.33,9.33,9.33,9.33,0,0
1624958670,9.33,9.33,9.33,9.33,9.33,0,0
1624958675,9.33,9.33,9.33,9.33,9.33,0,0
1624958680,9.33,9.33,9.33,9.33,9.33,0,0
1624958685,9.33,9.33,9.33,9.33,9.33,0,0
1624958690,9.33,9.33,9.33,9.33,9.33,0,0
1624958695,9.33,9.33,9.33,9.33,9.33,0,0
1624958700,9.33,9.33,9.33,9.33,9.33,0,0
1624958705,9.33,9.33,9.33,9.33,9.33,0,0
1624958710,9.33,9.33,9.33,9.33,9.33,0,0
1624958715,9.33,9.33,9.33,9.33,9.33,0,0
1624958720,9.33,9.33,9.33,9.33,9.33,0,0
1624958725,9.33,9.33,9.33,9.33,9.33,0,0
1624958730,9.33,9.33,9.33,9.33,9.33,0,0
1624958735,9.33,9.33,9.33,9.33,9.33,0,0
1624958740,9.33,9.33,9.33,9.33,9.33,0,0
1624958745,9.33,9.33,9.33,9.33,9.33,0,0
1624958750,9.33,9.33,9.33,9.33,9.33,0,0
1624958755,9.33,9.33,9.33,9.33,9.33,0,0
1624958760,9.33,9.33,9.33,9.33,9.33,0,0
1624958765,9.33,9.33,9.33,9.33,9.33,0,0
1624958770,9.33,9.33,9.33,9.33,9.33,0,0
1624958775,9.33,9.33,9.33,9.33,9.33,0,0
1624958780,9.33,9.33,9.33,9.33,9.33,0,0
1624958785,9.33,9.33,9.33,9.33,9.33,0,0
1624958790,9.33,9.33,9.33,9.33,9.33,0,0
1624958795,9.33,9.33,9.33,9.33,9.33,0,0
1624958800,9.33,9.33,9.33,9.33,9.33,0,0
1624958805,9.33,9.33,9.33,9.33,9.33,0,0
1624958810,9.33,9.33,9.33,9.33,9.33,0,0
1624958815,9.33,9.33,9.33,9.33,9.33,0,0
1624958820,9.33,9.33,9.33,9.33,9.33,0,0
1624958825,9.33,9.33,9.33,9.33,9.33,0,0
1624958830,9.33,9.33,9.33,9.33,9.33,0,0
1624958835,9.33,9.33,9.33,9.33,9.33,0,0
1624958840,9.34,9.35,9.34,9.35,9.348,5,2
1624958845,9.35,9.37,9.35,9.37,9.35793,3,2
1624958850,9.37,9.37,9.37,9.37,9.37,0,0
1624958855,9.37,9.37,9.37,9.37,9.37,0,0
1624958860,9.37,9.37,9.37,9.37,9.37,0,0
1624958865,9.37,9.37,9.37,9.37,9.37,0,0
1624958870,9.37,9.37,9.37,9.37,9.37,0,0
1624958875,9.37,9.37,9.37,9.37,9.37,0,0
1624958880,9.37,9.37,9.37,9.37,9.37,0,0
1624958885,9.37,9.37,9.37,9.37,9.37,0,0
1624958890,9.37,9.37,9.37,9.37,9.37,0,0
1624958895,9.37,9.37,9.37,9.37,9.37,0,0
1624958900,9.37,9.37,9.37,9.37,9.37,0,0
1624958905,9.37,9.37,9.37,9.37,9.37,0,0
1624958910,9.37,9.37,9.37,9.37,9.37,0,0
1624958915,9.37,9.37,9.37,9.37,9.37,0,0
1624958920,9.37,9.37,9.37,9.37,9.37,0,0
1624958925,9.37,9.37,9.37,9.37,9.37,0,0
1624958930,9.37,9.37,9.37,9.37,9.37,0,0
1624958935,9.35,9.35,9.35,9.35,9.35,3,1
1624958940,9.35,9.35,9.35,9.35,9.35,0,0
1624958945,9.35,9.35,9.35,9.35,9.35,0,0
1624958950,9.35,9.35,9.35,9.35,9.35,0,0
1624958955,9.35,9.35,9.35,9.35,9.35,0,0
1624958960,9.35,9.35,9.35,9.35,9.35,0,0
1624958965,9.35,9.35,9.35,9.35,9.35,0,0
1624958970,9.35,9.35,9.35,9.35,9.35,0,0
1624958975,9.35,9.35,9.35,9.35,9.35,0,0
1624958980,9.35,9.35,9.35,9.35,9.35,0,0
1624958985,9.35,9.35,9.35,9.35,9.35,0,0
1624958990,9.35,9.35,9.35,9.35,9.35,0,0
1624958995,9.35,9.35,9.35,9.35,9.35,0,0
1624959000,9.35,9.35,9.35,9.35,9.35,0,0
1624959005,9.35,9.35,9.35,9.35,9.35,0,0
1624959010,9.35,9.35,9.35,9.35,9.35,0,0
1624959015,9.35,9.35,9.35,9.35,9.35,0,0
1624959020,9.35,9.35,9.35,9.35,9.35,0,0
1624959025,9.35,9.35,9.35,9.35,9.35,0,0
1624959030,9.35,9.35,9.35,9.35,9.35,0,0
1624959035,9.35,9.35,9.35,9.35,9.35,0,0
1624959040,9.35,9.35,9.35,9.35,9.35,0,0
1624959045,9.35,9.35,9.35,9.35,9.35,0,0
1624959050,9.35,9.35,9.35,9.35,9.35,0,0
1624959055,9.35,9.35,9.35,9.35,9.35,0,0
1624959060,9.35,9.35,9.35,9.35,9.35,0,0
1624959065,9.35,9.35,9.35,9.35,9.35,0,0
1624959070,9.35,9.35,9.35,9.35,9.35,0,0
1624959075,9.35,9.35,9.35,9.35,9.35,0,0
1624959080,9.35,9.35,9.35,9.35,9.35,0,0
1624959085,9.35,9.35,9.35,9.35,9.35,0,0
1624959090,9.35,9.35,9.35,9.35,9.35,0,0
1624959095,9.35,9.35,9.35,9.35,9.35,0,0
1624959100,9.35,9.35,9.35,9.35,9.35,0,0
1624959105,9.35,9.35,9.35,9.35,9.35,0,0
1624959110,9.35,9.35,9.35,9.35,9.35,0,0
1624959115,9.35,9.35,9.35,9.35,9.35,0,0
1624959120,9.35,9.35,9.35,9.35,9.35,0,0
1624959125,9.35,9.35,9.35,9.35,9.35,0,0
1624959130,9.35,9.35,9.35,9.35,9.35,0,0
1624959135,9.35,9.35,9.35,9.35,9.35,0,0
1624959140,9.35,9.35,9.35,9.35,9.35,0,0
1624959145,9.35,9.35,9.35,9.35,9.35,0,0
1624959150,9.35,9.35,9.35,9.35,9.35,0,0
1624959155,9.35,9.35,9.35,9.35,9.35,0,0
1624959160,9.35,9.35,9.35,9.35,9.35,0,0
1624959165,9.35,9.35,9.35,9.35,9.35,0,0
1624959170,9.35,9.35,9.35,9.35,9.35,0,0
1624959175,9.35,9.35,9.35,9.35,9.35,0,0
1624959180,9.35,9.35,9.35,9.35,9.35,0,0
1624959185,9.35,9.35,9.35,9.35,9.35,0,0
1624959190,9.35,9.35,9.35,9.35,9.35,0,0
1624959195,9.35,9.35,9.35,9.35,9.35,0,0
1624959200,9.35,9.35,9.35,9.35,9.35,0,0
1624959205,9.35,9.35,9.35,9.35,9.35,0,0
1624959210,9.35,9.35,9.35,9.35,9.35,0,0
1624959215,9.35,9.35,9.35,9.35,9.35,0,0
1624959220,9.35,9.35,9.35,9.35,9.35,0,0
1624959225,9.35,9.35,9.35,9.35,9.35,0,0
1624959230,9.35,9.35,9.35,9.35,9.35,0,0
1624959235,9.35,9.35,9.35,9.35,9.35,0,0
1624959240,9.35,9.35,9.35,9.35,9.35,0,0
1624959245,9.35,9.35,9.35,9.35,9.35,0,0
1624959250,9.35,9.35,9.35,9.35,9.35,0,0
1624959255,9.35,9.35,9.35,9.35,9.35,0,0
1624959260,9.35,9.35,9.35,9.35,9.35,0,0
1624959265,9.35,9.35,9.35,9.35,9.35,0,0
1624959270,9.35,9.35,9.35,9.35,9.35,0,0
1624959275,9.35,9.35,9.35,9.35,9.35,0,0
1624959280,9.35,9.35,9.35,9.35,9.35,0,0
1624959285,9.35,9.35,9.35,9.35,9.35,0,0
1624959290,9.35,9.35,9.35,9.35,9.35,0,0
1624959295,9.35,9.35,9.35,9.35,9.35,0,0
1624959300,9.35,9.35,9.35,9.35,9.35,0,0
1624959305,9.35,9.35,9.35,9.35,9.35,0,0
1624959310,9.35,9.35,9.35,9.35,9.35,0,0
1624959315,9.35,9.35,9.35,9.35,9.35,0,0
1624959320,9.35,9.35,9.35,9.35,9.35,0,0
1624959325,9.35,9.35,9.35,9.35,9.35,0,0
1624959330,9.35,9.35,9.35,9.35,9.35,0,0
1624959335,9.35,9.35,9.35,9.35,9.35,0,0
1624959340,9.35,9.35,9.35,9.35,9.35,0,0
1624959345,9.35,9.35,9.35,9.35,9.35,0,0
1624959350,9.35,9.35,9.35,9.35,9.35,0,0
1624959355,9.35,9.35,9.35,9.35,9.35,0,0
1624959360,9.35,9.35,9.35,9.35,9.35,0,0
1624959365,9.35,9.35,9.35,9.35,9.35,0,0
1624959370,9.35,9.35,9.35,9.35,9.35,0,0
1624959375,9.35,9.35,9.35,9.35,9.35,0,0
1624959380,9.35,9.35,9.35,9.35,9.35,0,0
1624959385,9.35,9.35,9.35,9.35,9.35,0,0
1624959390,9.35,9.35,9.35,9.35,9.35,0,0
1624959395,9.35,9.35,9.35,9.35,9.35,0,0
1624959400,9.35,9.35,9.35,9.35,9.35,0,0
1624959405,9.35,9.35,9.35,9.35,9.35,0,0
1624959410,9.35,9.35,9.35,9.35,9.35,0,0
1624959415,9.35,9.35,9.35,9.35,9.35,0,0
1624959420,9.35,9.35,9.35,9.35,9.35,0,0
1624959425,9.35,9.35,9.35,9.35,9.35,0,0
1624959430,9.35,9.35,9.35,9.35,9.35,0,0
1624959435,9.35,9.35,9.35,9.35,9.35,0,0
1624959440,9.35,9.35,9.35,9.35,9.35,0,0
1624959445,9.35,9.35,9.35,9.35,9.35,0,0
1624959450,9.35,9.35,9.35,9.35,9.35,0,0
1624959455,9.35,9.35,9.35,9.35,9.35,0,0
1624959460,9.35,9.35,9.35,9.35,9.35,0,0
1624959465,9.35,9.35,9.35,9.35,9.35,0,0
1624959470,9.35,9.35,9.35,9.35,9.35,0,0
1624959475,9.35,9.35,9.35,9.35,9.35,0,0
1624959480,9.35,9.35,9.35,9.35,9.35,0,0
1624959485,9.35,9.35,9.35,9.35,9.35,0,0
1624959490,9.35,9.35,9.35,9.35,9.35,0,0
1624959495,9.35,9.35,9.35,9.35,9.35,0,0
1624959500,9.35,9.35,9.35,9.35,9.35,0,0
1624959505,9.35,9.35,9.35,9.35,9.35,0,0
1624959510,9.35,9.35,9.35,9.35,9.35,0,0
1624959515,9.35,9.35,9.35,9.35,9.35,0,0
1624959520,9.35,9.35,9.35,9.35,9.35,0,0
1624959525,9.35,9.35,9.35,9.35,9.35,0,0
1624959530,9.35,9.35,9.35,9.35,9.35,0,0
1624959535,9.35,9.35,9.35,9.35,9.35,0,0
1624959540,9.35,9.35,9.35,9.35,9.35,0,0
1624959545,9.35,9.35,9.35,9.35,9.35,0,0
1624959550,9.35,9.35,9.35,9.35,9.35,0,0
1624959555,9.35,9.35,9.35,9.35,9.35,0,0
1624959560,9.35,9.35,9.35,9.35,9.35,0,0
1624959565,9.35,9.35,9.35,9.35,9.35,0,0
1624959570,9.35,9.35,9.35,9.35,9.35,0,0
1624959575,9.35,9.35,9.35,9.35,9.35,0,0
1624959580,9.35,9.35,9.35,9.35,9.35,0,0
1624959585,9.35,9.35,9.35,9.35,9.35,0,0
1624959590,9.32,9.32,9.32,9.32,9.32,3,1
1624959595,9.32,9.32,9.32,9.32,9.32,0,0
1624959600,9.32,9.32,9.32,9.32,9.32,0,0
1624959605,9.32,9.32,9.32,9.32,9.32,0,0
1624959610,9.32,9.32,9.32,9.32,9.32,0,0
1624959615,9.32,9.32,9.32,9.32,9.32,0,0
1624959620,9.32,9.32,9.32,9.32,9.32,0,0
1624959625,9.32,9.32,9.32,9.32,9.32,0,0
1624959630,9.32,9.32,9.32,9.32,9.32,0,0
1624959635,9.32,9.32,9.32,9.32,9.32,0,0
1624959640,9.3,9.3,9.3,9.3,9.3,1,1
1624959645,9.3,9.3,9.3,9.3,9.3,0,0
1624959650,9.3,9.3,9.3,9.3,9.3,0,0
1624959655,9.3,9.3,9.3,9.3,9.3,0,0
1624959660,9.31,9.32,9.31,9.32,9.31823,5,2
1624959665,9.32,9.32,9.32,9.32,9.32,0,0
1624959670,9.32,9.32,9.32,9.32,9.32,0,0
1624959675,9.32,9.32,9.32,9.32,9.32,0,0
1624959680,9.32,9.32,9.32,9.32,9.32,0,0
1624959685,9.32,9.32,9.32,9.32,9.32,0,0
1624959690,9.32,9.32,9.32,9.32,9.32,0,0
1624959695,9.32,9.32,9.32,9.32,9.32,0,0
1624959700,9.32,9.32,9.32,9.32,9.32,0,0
1624959705,9.32,9.32,9.32,9.32,9.32,0,0
1624959710,9.32,9.32,9.32,9.32,9.32,0,0
1624959715,9.32,9.32,9.32,9.32,9.32,0,0
1624959720,9.32,9.32,9.32,9.32,9.32,0,0
1624959725,9.32,9.32,9.32,9.32,9.32,0,0
1624959730,9.32,9.32,9.32,9.32,9.32,0,0
1624959735,9.32,9.32,9.32,9.32,9.32,0,0
1624959740,9.32,9.32,9.32,9.32,9.32,0,0
1624959745,9.32,9.32,9.32,9.32,9.32,0,0
1624959750,9.32,9.32,9.32,9.32,9.32,0,0
1624959755,9.32,9.32,9.32,9.32,9.32,0,0
1624959760,9.32,9.32,9.32,9.32,9.32,0,0
1624959765,9.32,9.32,9.32,9.32,9.32,0,0
1624959770,9.32,9.32,9.32,9.32,9.32,0,0
1624959775,9.32,9.32,9.32,9.32,9.32,0,0
1624959780,9.32,9.32,9.32,9.32,9.32,0,0
1624959785,9.32,9.32,9.32,9.32,9.32,0,0
1624959790,9.32,9.32,9.32,9.32,9.32,0,0
1624959795,9.32,9.32,9.32,9.32,9.32,0,0
1624959800,9.32,9.32,9.32,9.32,9.32,0,0
1624959805,9.32,9.32,9.32,9.32,9.32,0,0
1624959810,9.32,9.32,9.32,9.32,9.32,0,0
1624959815,9.32,9.32,9.32,9.32,9.32,0,0
1624959820,9.32,9.32,9.32,9.32,9.32,0,0
1624959825,9.32,9.32,9.32,9.32,9.32,0,0
1624959830,9.32,9.32,9.32,9.32,9.32,0,0
1624959835,9.32,9.32,9.32,9.32,9.32,0,0
1624959840,9.32,9.32,9.32,9.32,9.32,0,0
1624959845,9.32,9.32,9.32,9.32,9.32,0,0
1624959850,9.32,9.32,9.32,9.32,9.32,0,0
1624959855,9.32,9.32,9.32,9.32,9.32,0,0
1624959860,9.32,9.32,9.32,9.32,9.32,0,0
1624959865,9.32,9.32,9.32,9.32,9.32,0,0
1624959870,9.32,9.32,9.32,9.32,9.32,0,0
1624959875,9.32,9.32,9.32,9.32,9.32,0,0
1624959880,9.32,9.32,9.32,9.32,9.32,0,0
1624959885,9.32,9.32,9.32,9.32,9.32,0,0
1624959890,9.32,9.32,9.32,9.32,9.32,0,0
1624959895,9.32,9.32,9.32,9.32,9.32,0,0
1624959900,9.32,9.32,9.32,9.32,9.32,0,0
1624959905,9.32,9.32,9.32,9.32,9.32,0,0
1624959910,9.32,9.32,9.32,9.32,9.32,0,0
1624959915,9.32,9.32,9.32,9.32,9.32,0,0
1624959920,9.32,9.32,9.32,9.32,9.32,0,0
1624959925,9.32,9.32,9.32,9.32,9.32,0,0
1624959930,9.32,9.32,9.32,9.32,9.32,0,0
1624959935,9.31,9.31,9.31,9.31,9.31,3,1
1624959940,9.31,9.31,9.31,9.31,9.31,0,0
1624959945,9.31,9.31,9.31,9.31,9.31,0,0
1624959950,9.31,9.31,9.31,9.31,9.31,0,0
1624959955,9.31,9.31,9.31,9.31,9.31,0,0
1624959960,9.31,9.31,9.31,9.31,9.31,0,0
1624959965,9.31,9.31,9.31,9.31,9.31,0,0
1624959970,9.31,9.31,9.31,9.31,9.31,0,0
1624959975,9.31,9.31,9.31,9.31,9.31,0,0
1624959980,9.31,9.31,9.31,9.31,9.31,0,0
1624959985,9.31,9.31,9.31,9.31,9.31,0,0
1624959990,9.31,9.31,9.31,9.31,9.31,0,0
1624959995,9.31,9.31,9.31,9.31,9.31,0,0
1624960000,9.31,9.31,9.31,9.31,9.31,0,0
1624960005,9.31,9.31,9.31,9.31,9.31,0,0
1624960010,9.31,9.31,9.31,9.31,9.31,4,2
1624960015,9.31,9.31,9.31,9.31,9.31,0,0
1624960020,9.31,9.31,9.31,9.31,9.31,0,0
1624960025,9.31,9.31,9.31,9.31,9.31,0,0
1624960030,9.31,9.31,9.31,9.31,9.31,0,0
1624960035,9.31,9.31,9.31,9.31,9.31,0,0
1624960040,9.31,9.31,9.31,9.31,9.31,0,0
1624960045,9.31,9.31,9.31,9.31,9.31,0,0
1624960050,9.31,9.31,9.31,9.31,9.31,0,0
1624960055,9.31,9.31,9.31,9.31,9.31,0,0
1624960060,9.31,9.31,9.31,9.31,9.31,0,0
1624960065,9.31,9.31,9.31,9.31,9.31,0,0
1624960070,9.31,9.31,9.31,9.31,9.31,0,0
1624960075,9.31,9.31,9.31,9.31,9.31,0,0
1624960080,9.31,9.31,9.31,9.31,9.31,0,0
1624960085,9.31,9.31,9.31,9.31,9.31,0,0
1624960090,9.31,9.31,9.31,9.31,9.31,0,0
1624960095,9.31,9.31,9.31,9.31,9.31,0,0
1624960100,9.31,9.31,9.31,9.31,9.31,0,0
1624960105,9.31,9.31,9.31,9.31,9.31,0,0
1624960110,9.31,9.31,9.31,9.31,9.31,0,0
1624960115,9.31,9.31,9.31,9.31,9.31,0,0
1624960120,9.31,9.31,9.31,9.31,9.31,0,0
1624960125,9.31,9.31,9.31,9.31,9.31,0,0
1624960130,9.31,9.31,9.31,9.31,9.31,0,0
1624960135,9.31,9.31,9.31,9.31,9.31,1,1
1624960140,9.31,9.31,9.31,9.31,9.31,0,0
1624960145,9.31,9.31,9.31,9.31,9.31,0,0
1624960150,9.31,9.31,9.31,9.31,9.31,0,0
1624960155,9.31,9.31,9.31,9.31,9.31,0,0
1624960160,9.31,9.31,9.31,9.31,9.31,0,0
1624960165,9.31,9.31,9.31,9.31,9.31,0,0
1624960170,9.31,9.31,9.31,9.31,9.31,0,0
1624960175,9.31,9.31,9.31,9.31,9.31,0,0
1624960180,9.31,9.31,9.31,9.31,9.31,0,0
1624960185,9.31,9.31,9.31,9.31,9.31,0,0
1624960190,9.31,9.31,9.31,9.31,9.31,0,0
1624960195,9.31,9.31,9.31,9.31,9.31,0,0
1624960200,9.31,9.31,9.31,9.31,9.31,0,0
1624960205,9.31,9.31,9.31,9.31,9.31,0,0
1624960210,9.31,9.31,9.31,9.31,9.31,0,0
1624960215,9.35,9.36,9.35,9.35,9.356,5,4
1624960220,9.35,9.35,9.35,9.35,9.35,0,0
1624960225,9.35,9.35,9.35,9.35,9.35,0,0
1624960230,9.34,9.34,9.34,9.34,9.34,2,1
1624960235,9.34,9.34,9.34,9.34,9.34,0,0
1624960240,9.34,9.34,9.34,9.34,9.34,2,1
1624960245,9.34,9.34,9.34,9.34,9.34,0,0
1624960250,9.34,9.34,9.34,9.34,9.34,0,0
1624960255,9.34,9.34,9.34,9.34,9.34,0,0
1624960260,9.34,9.34,9.34,9.34,9.34,0,0
1624960265,9.34,9.34,9.34,9.34,9.34,0,0
1624960270,9.33,9.33,9.33,9.33,9.33,1,1
1624960275,9.33,9.33,9.33,9.33,9.33,0,0
1624960280,9.33,9.33,9.33,9.33,9.33,0,0
1624960285,9.33,9.33,9.33,9.33,9.33,0,0
1624960290,9.33,9.33,9.33,9.33,9.33,0,0
1624960295,9.33,9.33,9.33,9.33,9.33,0,0
1624960300,9.33,9.33,9.33,9.33,9.33,0,0
1624960305,9.33,9.33,9.33,9.33,9.33,0,0
1624960310,9.33,9.33,9.33,9.33,9.33,0,0
1624960315,9.33,9.33,9.33,9.33,9.33,0,0
1624960320,9.33,9.33,9.33,9.33,9.33,0,0
1624960325,9.33,9.33,9.33,9.33,9.33,0,0
1624960330,9.33,9.33,9.33,9.33,9.33,0,0
1624960335,9.33,9.33,9.33,9.33,9.33,0,0
1624960340,9.33,9.33,9.33,9.33,9.33,0,0
1624960345,9.33,9.33,9.33,9.33,9.33,0,0
1624960350,9.33,9.33,9.33,9.33,9.33,0,0
1624960355,9.33,9.33,9.33,9.33,9.33,0,0
1624960360,9.33,9.33,9.33,9.33,9.33,0,0
1624960365,9.33,9.33,9.33,9.33,9.33,0,0
1624960370,9.33,9.33,9.33,9.33,9.33,0,0
1624960375,9.33,9.33,9.33,9.33,9.33,0,0
1624960380,9.33,9.33,9.33,9.33,9.33,0,0
1624960385,9.33,9.33,9.33,9.33,9.33,0,0
1624960390,9.33,9.33,9.33,9.33,9.33,0,0
1624960395,9.33,9.33,9.33,9.33,9.33,0,0
1624960400,9.33,9.33,9.33,9.33,9.33,0,0
1624960405,9.33,9.33,9.33,9.33,9.33,0,0
1624960410,9.33,9.33,9.33,9.33,9.33,0,0
1624960415,9.33,9.33,9.33,9.33,9.33,0,0
1624960420,9.33,9.33,9.33,9.33,9.33,0,0
1624960425,9.33,9.33,9.33,9.33,9.33,0,0
1624960430,9.33,9.33,9.33,9.33,9.33,0,0
1624960435,9.33,9.33,9.33,9.33,9.33,0,0
1624960440,9.33,9.33,9.33,9.33,9.33,0,0
1624960445,9.33,9.33,9.33,9.33,9.33,0,0
1624960450,9.33,9.33,9.33,9.33,9.33,0,0
1624960455,9.33,9.33,9.33,9.33,9.33,0,0
1624960460,9.33,9.33,9.33,9.33,9.33,0,0
1624960465,9.33,9.33,9.33,9.33,9.33,0,0
1624960470,9.33,9.33,9.33,9.33,9.33,0,0
1624960475,9.33,9.33,9.33,9.33,9.33,0,0
1624960480,9.33,9.33,9.33,9.33,9.33,0,0
1624960485,9.33,9.33,9.33,9.33,9.33,0,0
1624960490,9.33,9.33,9.33,9.33,9.33,0,0
1624960495,9.33,9.33,9.33,9.33,9.33,0,0
1624960500,9.33,9.33,9.33,9.33,9.33,0,0
1624960505,9.33,9.33,9.33,9.33,9.33,0,0
1624960510,9.33,9.33,9.33,9.33,9.33,0,0
1624960515,9.33,9.33,9.33,9.33,9.33,0,0
1624960520,9.33,9.33,9.33,9.33,9.33,0,0
1624960525,9.33,9.33,9.33,9.33,9.33,0,0
1624960530,9.33,9.33,9.33,9.33,9.33,0,0
1624960535,9.33,9.33,9.33,9.33,9.33,0,0
1624960540,9.33,9.33,9.33,9.33,9.33,0,0
1624960545,9.33,9.33,9.33,9.33,9.33,0,0
1624960550,9.33,9.33,9.33,9.33,9.33,0,0
1624960555,9.33,9.33,9.33,9.33,9.33,0,0
1624960560,9.33,9.33,9.33,9.33,9.33,0,0
1624960565,9.33,9.33,9.33,9.33,9.33,0,0
1624960570,9.33,9.33,9.33,9.33,9.33,0,0
1624960575,9.33,9.33,9.33,9.33,9.33,0,0
1624960580,9.33,9.33,9.33,9.33,9.33,0,0
1624960585,9.33,9.33,9.33,9.33,9.33,0,0
1624960590,9.33,9.33,9.33,9.33,9.33,0,0
1624960595,9.33,9.33,9.33,9.33,9.33,0,0
1624960600,9.33,9.33,9.33,9.33,9.33,0,0
1624960605,9.33,9.33,9.33,9.33,9.33,0,0
1624960610,9.33,9.33,9.33,9.33,9.33,0,0
1624960615,9.33,9.33,9.33,9.33,9.33,0,0
1624960620,9.33,9.33,9.33,9.33,9.33,0,0
1624960625,9.33,9.33,9.33,9.33,9.33,0,0
1624960630,9.33,9.33,9.33,9.33,9.33,0,0
1624960635,9.33,9.33,9.33,9.33,9.33,0,0
1624960640,9.33,9.33,9.33,9.33,9.33,0,0
1624960645,9.33,9.33,9.33,9.33,9.33,0,0
1624960650,9.33,9.33,9.33,9.33,9.33,0,0
1624960655,9.33,9.33,9.33,9.33,9.33,0,0
1624960660,9.33,9.33,9.33,9.33,9.33,0,0
1624960665,9.33,9.33,9.33,9.33,9.33,0,0
1624960670,9.33,9.33,9.33,9.33,9.33,0,0
1624960675,9.33,9.33,9.33,9.33,9.33,0,0
1624960680,9.33,9.33,9.33,9.33,9.33,0,0
1624960685,9.33,9.33,9.33,9.33,9.33,0,0
1624960690,9.33,9.33,9.33,9.33,9.33,0,0
1624960695,9.33,9.33,9.33,9.33,9.33,0,0
1624960700,9.33,9.33,9.33,9.33,9.33,0,0
1624960705,9.33,9.33,9.33,9.33,9.33,0,0
1624960710,9.33,9.33,9.33,9.33,9.33,0,0
1624960715,9.33,9.33,9.33,9.33,9.33,0,0
1624960720,9.33,9.33,9.33,9.33,9.33,0,0
1624960725,9.33,9.33,9.33,9.33,9.33,0,0
1624960730,9.33,9.33,9.33,9.33,9.33,0,0
1624960735,9.33,9.33,9.33,9.33,9.33,0,0
1624960740,9.33,9.33,9.33,9.33,9.33,0,0
1624960745,9.33,9.33,9.33,9.33,9.33,0,0
1624960750,9.33,9.33,9.33,9.33,9.33,0,0
1624960755,9.33,9.33,9.33,9.33,9.33,0,0
1624960760,9.33,9.33,9.33,9.33,9.33,0,0
1624960765,9.33,9.33,9.33,9.33,9.33,0,0
1624960770,9.33,9.33,9.33,9.33,9.33,0,0
1624960775,9.33,9.33,9.33,9.33,9.33,0,0
1624960780,9.33,9.33,9.33,9.33,9.33,0,0
1624960785,9.33,9.33,9.33,9.33,9.33,0,0
1624960790,9.33,9.33,9.33,9.33,9.33,0,0
1624960795,9.33,9.33,9.33,9.33,9.33,0,0
1624960800,9.33,9.33,9.33,9.33,9.33,0,0
1624960805,9.33,9.33,9.33,9.33,9.33,0,0
1624960810,9.33,9.33,9.33,9.33,9.33,0,0
1624960815,9.33,9.33,9.33,9.33,9.33,0,0
1624960820,9.33,9.33,9.33,9.33,9.33,0,0
1624960825,9.33,9.33,9.33,9.33,9.33,0,0
1624960830,9.33,9.33,9.33,9.33,9.33,0,0
1624960835,9.33,9.33,9.33,9.33,9.33,0,0
1624960840,9.33,9.33,9.33,9.33,9.33,0,0
1624960845,9.33,9.33,9.33,9.33,9.33,0,0
1624960850,9.33,9.33,9.33,9.33,9.33,0,0
1624960855,9.33,9.33,9.33,9.33,9.33,0,0
1624960860,9.33,9.33,9.33,9.33,9.33,0,0
1624960865,9.33,9.33,9.33,9.33,9.33,0,0
1624960870,9.33,9.33,9.33,9.33,9.33,0,0
1624960875,9.33,9.33,9.33,9.33,9.33,0,0
1624960880,9.33,9.33,9.33,9.33,9.33,0,0
1624960885,9.33,9.33,9.33,9.33,9.33,0,0
1624960890,9.33,9.33,9.33,9.33,9.33,0,0
1624960895,9.33,9.33,9.33,9.33,9.33,0,0
1624960900,9.33,9.33,9.33,9.33,9.33,0,0
1624960905,9.33,9.33,9.33,9.33,9.33,0,0
1624960910,9.33,9.33,9.33,9.33,9.33,0,0
1624960915,9.33,9.33,9.33,9.33,9.33,0,0
1624960920,9.33,9.33,9.33,9.33,9.33,0,0
1624960925,9.33,9.33,9.33,9.33,9.33,0,0
1624960930,9.33,9.33,9.33,9.33,9.33,0,0
1624960935,9.33,9.33,9.33,9.33,9.33,0,0
1624960940,9.33,9.33,9.33,9.33,9.33,0,0
1624960945,9.33,9.33,9.33,9.33,9.33,0,0
1624960950,9.33,9.33,9.33,9.33,9.33,0,0
1624960955,9.33,9.33,9.33,9.33,9.33,0,0
1624960960,9.33,9.33,9.33,9.33,9.33,0,0
1624960965,9.33,9.33,9.33,9.33,9.33,0,0
1624960970,9.33,9.33,9.33,9.33,9.33,0,0
1624960975,9.33,9.33,9.33,9.33,9.33,0,0
1624960980,9.33,9.33,9.33,9.33,9.33,0,0
1624960985,9.33,9.33,9.33,9.33,9.33,0,0
1624960990,9.33,9.33,9.33,9.33,9.33,0,0
1624960995,9.33,9.33,9.33,9.33,9.33,0,0
1624961000,9.33,9.33,9.33,9.33,9.33,0,0
1624961005,9.33,9.33,9.33,9.33,9.33,0,0
1624961010,9.33,9.33,9.33,9.33,9.33,0,0
1624961015,9.33,9.33,9.33,9.33,9.33,0,0
1624961020,9.33,9.33,9.33,9.33,9.33,0,0
1624961025,9.33,9.33,9.33,9.33,9.33,0,0
1624961030,9.33,9.33,9.33,9.33,9.33,0,0
1624961035,9.33,9.33,9.33,9.33,9.33,0,0
1624961040,9.33,9.33,9.33,9.33,9.33,0,0
1624961045,9.35,9.35,9.35,9.35,9.35,4,1
1624961050,9.35,9.35,9.35,9.35,9.35,0,0
1624961055,9.35,9.35,9.35,9.35,9.35,0,0
1624961060,9.35,9.35,9.35,9.35,9.35,0,0
1624961065,9.35,9.35,9.35,9.35,9.35,0,0
1624961070,9.35,9.35,9.35,9.35,9.35,0,0
1624961075,9.35,9.35,9.35,9.35,9.35,0,0
1624961080,9.35,9.35,9.35,9.35,9.35,0,0
1624961085,9.35,9.35,9.35,9.35,9.35,0,0
1624961090,9.35,9.35,9.35,9.35,9.35,0,0
1624961095,9.35,9.35,9.35,9.35,9.35,0,0
1624961100,9.35,9.35,9.35,9.35,9.35,0,0
1624961105,9.35,9.35,9.35,9.35,9.35,0,0
1624961110,9.35,9.35,9.35,9.35,9.35,0,0
1624961115,9.35,9.35,9.35,9.35,9.35,0,0
1624961120,9.35,9.35,9.35,9.35,9.35,0,0
1624961125,9.35,9.35,9.35,9.35,9.35,0,0
1624961130,9.35,9.35,9.35,9.35,9.35,0,0
1624961135,9.35,9.35,9.35,9.35,9.35,0,0
1624961140,9.35,9.35,9.35,9.35,9.35,0,0
1624961145,9.35,9.35,9.35,9.35,9.35,0,0
1624961150,9.35,9.35,9.35,9.35,9.35,0,0
1624961155,9.35,9.35,9.35,9.35,9.35,0,0
1624961160,9.35,9.35,9.35,9.35,9.35,0,0
1624961165,9.35,9.35,9.35,9.35,9.35,0,0
1624961170,9.35,9.35,9.35,9.35,9.35,0,0
1624961175,9.35,9.35,9.35,9.35,9.35,0,0
1624961180,9.35,9.35,9.35,9.35,9.35,0,0
1624961185,9.35,9.35,9.35,9.35,9.35,0,0
1624961190,9.35,9.35,9.35,9.35,9.35,0,0
1624961195,9.35,9.35,9.35,9.35,9.35,0,0
1624961200,9.35,9.35,9.35,9.35,9.35,0,0
1624961205,9.35,9.35,9.35,9.35,9.35,0,0
1624961210,9.35,9.35,9.35,9.35,9.35,0,0
1624961215,9.35,9.35,9.35,9.35,9.35,0,0
1624961220,9.35,9.35,9.35,9.35,9.35,0,0
1624961225,9.35,9.35,9.35,9.35,9.35,0,0
1624961230,9.35,9.35,9.35,9.35,9.35,0,0
1624961235,9.35,9.35,9.35,9.35,9.35,0,0
1624961240,9.35,9.35,9.35,9.35,9.35,0,0
1624961245,9.35,9.35,9.35,9.35,9.35,0,0
1624961250,9.35,9.35,9.35,9.35,9.35,0,0
1624961255,9.35,9.35,9.35,9.35,9.35,0,0
1624961260,9.35,9.35,9.35,9.35,9.35,0,0
1624961265,9.35,9.35,9.35,9.35,9.35,0,0
1624961270,9.35,9.35,9.35,9.35,9.35,0,0
1624961275,9.35,9.35,9.35,9.35,9.35,0,0
1624961280,9.35,9.35,9.35,9.35,9.35,0,0
1624961285,9.35,9.35,9.35,9.35,9.35,0,0
1624961290,9.35,9.35,9.35,9.35,9.35,0,0
1624961295,9.35,9.35,9.35,9.35,9.35,0,0
1624961300,9.35,9.35,9.35,9.35,9.35,0,0
1624961305,9.35,9.35,9.35,9.35,9.35,0,0
1624961310,9.35,9.35,9.35,9.35,9.35,0,0
1624961315,9.35,9.35,9.35,9.35,9.35,0,0
1624961320,9.35,9.35,9.35,9.35,9.35,0,0
1624961325,9.35,9.35,9.35,9.35,9.35,0,0
1624961330,9.35,9.35,9.35,9.35,9.35,0,0
1624961335,9.35,9.35,9.35,9.35,9.35,0,0
1624961340,9.35,9.35,9.35,9.35,9.35,0,0
1624961345,9.35,9.35,9.35,9.35,9.35,0,0
1624961350,9.35,9.35,9.35,9.35,9.35,0,0
1624961355,9.35,9.35,9.35,9.35,9.35,0,0
1624961360,9.35,9.35,9.35,9.35,9.35,0,0
1624961365,9.35,9.35,9.35,9.35,9.35,0,0
1624961370,9.35,9.35,9.35,9.35,9.35,0,0
1624961375,9.35,9.35,9.35,9.35,9.35,0,0
1624961380,9.35,9.35,9.35,9.35,9.35,0,0
1624961385,9.35,9.35,9.35,9.35,9.35,0,0
1624961390,9.35,9.35,9.35,9.35,9.35,0,0
1624961395,9.35,9.35,9.35,9.35,9.35,0,0
1624961400,9.35,9.35,9.35,9.35,9.35,0,0
1624961405,9.35,9.35,9.35,9.35,9.35,0,0
1624961410,9.35,9.35,9.35,9.35,9.35,0,0
1624961415,9.35,9.35,9.35,9.35,9.35,0,0
1624961420,9.35,9.35,9.35,9.35,9.35,0,0
1624961425,9.35,9.35,9.35,9.35,9.35,0,0
1624961430,9.35,9.35,9.35,9.35,9.35,0,0
1624961435,9.35,9.35,9.35,9.35,9.35,0,0
1624961440,9.35,9.35,9.35,9.35,9.35,0,0
1624961445,9.35,9.35,9.35,9.35,9.35,0,0
1624961450,9.35,9.35,9.35,9.35,9.35,0,0
1624961455,9.35,9.35,9.35,9.35,9.35,0,0
1624961460,9.35,9.35,9.35,9.35,9.35,0,0
1624961465,9.35,9.35,9.35,9.35,9.35,0,0
1624961470,9.35,9.35,9.35,9.35,9.35,0,0
1624961475,9.35,9.35,9.35,9.35,9.35,0,0
1624961480,9.37,9.37,9.37,9.37,9.37,1,1
1624961485,9.37,9.37,9.37,9.37,9.37,0,0
1624961490,9.37,9.37,9.37,9.37,9.37,0,0
1624961495,9.37,9.37,9.37,9.37,9.37,0,0
1624961500,9.37,9.37,9.37,9.37,9.37,0,0
1624961505,9.37,9.37,9.37,9.37,9.37,0,0
1624961510,9.37,9.37,9.37,9.37,9.37,0,0
1624961515,9.37,9.37,9.37,9.37,9.37,0,0
1624961520,9.37,9.37,9.37,9.37,9.37,0,0
1624961525,9.4,9.4,9.4,9.4,9.4,1,1
1624961530,9.4,9.4,9.4,9.4,9.4,0,0
1624961535,9.4,9.4,9.4,9.4,9.4,0,0
1624961540,9.4,9.4,9.4,9.4,9.4,0,0
1624961545,9.39,9.39,9.39,9.39,9.39,1,1
1624961550,9.39,9.39,9.39,9.39,9.39,0,0
1624961555,9.39,9.39,9.39,9.39,9.39,0,0
1624961560,9.39,9.39,9.39,9.39,9.39,0,0
1624961565,9.39,9.39,9.39,9.39,9.39,0,0
1624961570,9.39,9.39,9.39,9.39,9.39,0,0
1624961575,9.39,9.39,9.39,9.39,9.39,0,0
1624961580,9.39,9.39,9.39,9.39,9.39,0,0
1624961585,9.39,9.39,9.39,9.39,9.39,0,0
1624961590,9.39,9.39,9.39,9.39,9.39,0,0
1624961595,9.39,9.39,9.39,9.39,9.39,0,0
1624961600,9.39,9.39,9.39,9.39,9.39,0,0
1624961605,9.39,9.39,9.39,9.39,9.39,0,0
1624961610,9.39,9.39,9.39,9.39,9.39,0,0
1624961615,9.39,9.39,9.39,9.39,9.39,0,0
1624961620,9.39,9.39,9.39,9.39,9.39,0,0
1624961625,9.39,9.39,9.39,9.39,9.39,0,0
1624961630,9.39,9.39,9.39,9.39,9.39,0,0
1624961635,9.39,9.39,9.39,9.39,9.39,0,0
1624961640,9.39,9.39,9.39,9.39,9.39,0,0
1624961645,9.39,9.39,9.39,9.39,9.39,0,0
1624961650,9.39,9.39,9.39,9.39,9.39,0,0
1624961655,9.39,9.39,9.39,9.39,9.39,0,0
1624961660,9.39,9.39,9.39,9.39,9.39,0,0
1624961665,9.39,9.39,9.39,9.39,9.39,0,0
1624961670,9.39,9.39,9.39,9.39,9.39,0,0
1624961675,9.39,9.39,9.39,9.39,9.39,2,1
1624961680,9.39,9.39,9.39,9.39,9.39,0,0
1624961685,9.39,9.39,9.39,9.39,9.39,0,0
1624961690,9.39,9.39,9.39,9.39,9.39,0,0
1624961695,9.39,9.39,9.39,9.39,9.39,0,0
1624961700,9.39,9.39,9.39,9.39,9.39,0,0
1624961705,9.39,9.39,9.39,9.39,9.39,0,0
1624961710,9.39,9.39,9.39,9.39,9.39,0,0
1624961715,9.39,9.39,9.39,9.39,9.39,0,0
1624961720,9.39,9.39,9.39,9.39,9.39,0,0
1624961725,9.39,9.39,9.39,9.39,9.39,0,0
1624961730,9.39,9.39,9.39,9.39,9.39,0,0
1624961735,9.39,9.39,9.39,9.39,9.39,0,0
1624961740,9.39,9.39,9.39,9.39,9.39,0,0
1624961745,9.39,9.39,9.39,9.39,9.39,0,0
1624961750,9.39,9.39,9.39,9.39,9.39,0,0
1624961755,9.39,9.39,9.39,9.39,9.39,0,0
1624961760,9.39,9.39,9.39,9.39,9.39,0,0
1624961765,9.39,9.39,9.39,9.39,9.39,0,0
1624961770,9.39,9.39,9.39,9.39,9.39,0,0
1624961775,9.39,9.39,9.39,9.39,9.39,0,0
1624961780,9.39,9.39,9.39,9.39,9.39,0,0
1624961785,9.39,9.39,9.39,9.39,9.39,0,0
1624961790,9.39,9.39,9.39,9.39,9.39,0,0
1624961795,9.39,9.39,9.39,9.39,9.39,0,0
1624961800,9.39,9.39,9.39,9.39,9.39,0,0
1624961805,9.39,9.39,9.39,9.39,9.39,0,0
1624961810,9.39,9.39,9.39,9.39,9.39,0,0
1624961815,9.39,9.39,9.39,9.39,9.39,0,0
1624961820,9.39,9.39,9.39,9.39,9.39,0,0
1624961825,9.39,9.39,9.39,9.39,9.39,0,0
1624961830,9.39,9.39,9.39,9.39,9.39,0,0
1624961835,9.39,9.39,9.39,9.39,9.39,0,0
1624961840,9.39,9.39,9.39,9.39,9.39,0,0
1624961845,9.39,9.39,9.39,9.39,9.39,0,0
1624961850,9.38,9.38,9.38,9.38,9.38,4,1
1624961855,9.38,9.38,9.38,9.38,9.38,10,1
1624961860,9.38,9.38,9.38,9.38,9.38,0,0
1624961865,9.38,9.38,9.38,9.38,9.38,0,0
1624961870,9.38,9.38,9.38,9.38,9.38,0,0
1624961875,9.38,9.38,9.38,9.38,9.38,0,0
1624961880,9.38,9.38,9.38,9.38,9.38,0,0
1624961885,9.38,9.38,9.38,9.38,9.38,0,0
1624961890,9.38,9.38,9.38,9.38,9.38,0,0
1624961895,9.38,9.38,9.38,9.38,9.38,0,0
1624961900,9.38,9.38,9.38,9.38,9.38,0,0
1624961905,9.38,9.38,9.38,9.38,9.38,0,0
1624961910,9.38,9.38,9.38,9.38,9.38,0,0
1624961915,9.38,9.38,9.38,9.38,9.38,0,0
1624961920,9.38,9.38,9.38,9.38,9.38,0,0
1624961925,9.38,9.38,9.38,9.38,9.38,0,0
1624961930,9.38,9.38,9.38,9.38,9.38,0,0
1624961935,9.38,9.38,9.38,9.38,9.38,0,0
1624961940,9.38,9.38,9.38,9.38,9.38,0,0
1624961945,9.38,9.38,9.38,9.38,9.38,0,0
1624961950,9.36,9.36,9.36,9.36,9.36,3,1
1624961955,9.36,9.36,9.36,9.36,9.36,0,0
1624961960,9.36,9.36,9.36,9.36,9.36,0,0
1624961965,9.36,9.36,9.36,9.36,9.36,0,0
1624961970,9.36,9.36,9.36,9.36,9.36,0,0
1624961975,9.36,9.36,9.36,9.36,9.36,0,0
1624961980,9.36,9.36,9.36,9.36,9.36,0,0
1624961985,9.36,9.36,9.36,9.36,9.36,0,0
1624961990,9.36,9.36,9.36,9.36,9.36,0,0
1624961995,9.36,9.36,9.36,9.36,9.36,0,0
1624962000,9.36,9.36,9.36,9.36,9.36,0,0
1624962005,9.36,9.36,9.36,9.36,9.36,0,0
1624962010,9.36,9.36,9.36,9.36,9.36,0,0
1624962015,9.36,9.36,9.36,9.36,9.36,0,0
1624962020,9.36,9.36,9.36,9.36,9.36,0,0
1624962025,9.36,9.36,9.36,9.36,9.36,0,0
1624962030,9.36,9.36,9.36,9.36,9.36,0,0
1624962035,9.36,9.36,9.36,9.36,9.36,0,0
1624962040,9.36,9.36,9.36,9.36,9.36,0,0
1624962045,9.36,9.36,9.36,9.36,9.36,0,0
1624962050,9.36,9.36,9.36,9.36,9.36,0,0
1624962055,9.36,9.36,9.36,9.36,9.36,0,0
1624962060,9.36,9.36,9.36,9.36,9.36,0,0
1624962065,9.36,9.36,9.36,9.36,9.36,0,0
1624962070,9.36,9.36,9.36,9.36,9.36,0,0
1624962075,9.36,9.36,9.36,9.36,9.36,0,0
1624962080,9.36,9.36,9.36,9.36,9.36,0,0
1624962085,9.36,9.36,9.36,9.36,9.36,0,0
1624962090,9.36,9.36,9.36,9.36,9.36,0,0
1624962095,9.36,9.36,9.36,9.36,9.36,0,0
1624962100,9.36,9.36,9.36,9.36,9.36,0,0
1624962105,9.36,9.36,9.36,9.36,9.36,0,0
1624962110,9.36,9.36,9.36,9.36,9.36,0,0
1624962115,9.36,9.36,9.36,9.36,9.36,0,0
1624962120,9.36,9.36,9.36,9.36,9.36,0,0
1624962125,9.36,9.36,9.36,9.36,9.36,0,0
1624962130,9.36,9.36,9.36,9.36,9.36,0,0
1624962135,9.36,9.36,9.36,9.36,9.36,0,0
1624962140,9.36,9.36,9.36,9.36,9.36,0,0
1624962145,9.36,9.36,9.36,9.36,9.36,0,0
1624962150,9.36,9.36,9.36,9.36,9.36,0,0
1624962155,9.36,9.36,9.36,9.36,9.36,0,0
1624962160,9.36,9.36,9.36,9.36,9.36,0,0
1624962165,9.36,9.36,9.36,9.36,9.36,0,0
1624962170,9.36,9.36,9.36,9.36,9.36,0,0
1624962175,9.36,9.36,9.36,9.36,9.36,0,0
1624962180,9.36,9.36,9.36,9.36,9.36,0,0
1624962185,9.36,9.36,9.36,9.36,9.36,0,0
1624962190,9.36,9.36,9.36,9.36,9.36,0,0
1624962195,9.36,9.36,9.36,9.36,9.36,0,0
1624962200,9.36,9.36,9.36,9.36,9.36,0,0
1624962205,9.36,9.36,9.36,9.36,9.36,0,0
1624962210,9.36,9.36,9.36,9.36,9.36,0,0
1624962215,9.36,9.36,9.36,9.36,9.36,0,0
1624962220,9.36,9.36,9.36,9.36,9.36,0,0
1624962225,9.36,9.36,9.36,9.36,9.36,0,0
1624962230,9.36,9.36,9.36,9.36,9.36,0,0
1624962235,9.36,9.36,9.36,9.36,9.36,0,0
1624962240,9.36,9.36,9.36,9.36,9.36,0,0
1624962245,9.36,9.36,9.36,9.36,9.36,0,0
1624962250,9.36,9.36,9.36,9.36,9.36,0,0
1624962255,9.36,9.36,9.36,9.36,9.36,0,0
1624962260,9.36,9.36,9.36,9.36,9.36,0,0
1624962265,9.36,9.36,9.36,9.36,9.36,0,0
1624962270,9.36,9.36,9.36,9.36,9.36,0,0
1624962275,9.36,9.36,9.36,9.36,9.36,0,0
1624962280,9.36,9.36,9.36,9.36,9.36,0,0
1624962285,9.36,9.36,9.36,9.36,9.36,0,0
1624962290,9.36,9.36,9.36,9.36,9.36,0,0
1624962295,9.36,9.36,9.36,9.36,9.36,0,0
1624962300,9.36,9.36,9.36,9.36,9.36,0,0
1624962305,9.36,9.36,9.36,9.36,9.36,0,0
1624962310,9.36,9.36,9.36,9.36,9.36,0,0
1624962315,9.36,9.36,9.36,9.36,9.36,0,0
1624962320,9.36,9.36,9.36,9.36,9.36,0,0
1624962325,9.36,9.36,9.36,9.36,9.36,0,0
1624962330,9.36,9.36,9.36,9.36,9.36,0,0
1624962335,9.36,9.36,9.36,9.36,9.36,0,0
1624962340,9.36,9.36,9.36,9.36,9.36,0,0
1624962345,9.36,9.36,9.36,9.36,9.36,0,0
1624962350,9.36,9.36,9.36,9.36,9.36,0,0
1624962355,9.36,9.36,9.36,9.36,9.36,0,0
1624962360,9.36,9.36,9.36,9.36,9.36,0,0
1624962365,9.36,9.36,9.36,9.36,9.36,0,0
1624962370,9.36,9.36,9.36,9.36,9.36,0,0
1624962375,9.36,9.36,9.36,9.36,9.36,0,0
1624962380,9.36,9.36,9.36,9.36,9.36,0,0
1624962385,9.36,9.36,9.36,9.36,9.36,0,0
1624962390,9.36,9.36,9.36,9.36,9.36,0,0
1624962395,9.36,9.36,9.36,9.36,9.36,0,0
1624962400,9.36,9.36,9.36,9.36,9.36,0,0
1624962405,9.36,9.36,9.36,9.36,9.36,0,0
1624962410,9.36,9.36,9.36,9.36,9.36,0,0
1624962415,9.36,9.36,9.36,9.36,9.36,0,0
1624962420,9.36,9.36,9.36,9.36,9.36,0,0
1624962425,9.36,9.36,9.36,9.36,9.36,0,0
1624962430,9.36,9.36,9.36,9.36,9.36,0,0
1624962435,9.36,9.36,9.36,9.36,9.36,0,0
1624962440,9.36,9.36,9.36,9.36,9.36,0,0
1624962445,9.36,9.36,9.36,9.36,9.36,0,0
1624962450,9.36,9.36,9.36,9.36,9.36,0,0
1624962455,9.36,9.36,9.36,9.36,9.36,0,0
1624962460,9.36,9.36,9.36,9.36,9.36,0,0
1624962465,9.36,9.36,9.36,9.36,9.36,0,0
1624962470,9.36,9.36,9.36,9.36,9.36,0,0
1624962475,9.36,9.36,9.36,9.36,9.36,0,0
1624962480,9.36,9.36,9.36,9.36,9.36,0,0
1624962485,9.39,9.39,9.39,9.39,9.39,2,1
1624962490,9.39,9.39,9.39,9.39,9.39,0,0
1624962495,9.39,9.39,9.39,9.39,9.39,0,0
1624962500,9.39,9.39,9.39,9.39,9.39,0,0
1624962505,9.39,9.39,9.39,9.39,9.39,0,0
1624962510,9.39,9.39,9.39,9.39,9.39,0,0
1624962515,9.39,9.39,9.39,9.39,9.39,0,0
1624962520,9.39,9.39,9.39,9.39,9.39,0,0
1624962525,9.39,9.39,9.39,9.39,9.39,0,0
1624962530,9.39,9.39,9.39,9.39,9.39,0,0
1624962535,9.39,9.39,9.39,9.39,9.39,0,0
1624962540,9.39,9.39,9.39,9.39,9.39,0,0
1624962545,9.39,9.39,9.39,9.39,9.39,0,0
1624962550,9.39,9.39,9.39,9.39,9.39,0,0
1624962555,9.39,9.39,9.39,9.39,9.39,0,0
1624962560,9.39,9.39,9.39,9.39,9.39,0,0
1624962565,9.38,9.38,9.38,9.38,9.38,5,1
1624962570,9.38,9.38,9.38,9.38,9.38,0,0
1624962575,9.38,9.38,9.38,9.38,9.38,0,0
1624962580,9.38,9.38,9.38,9.38,9.38,0,0
1624962585,9.38,9.38,9.38,9.38,9.38,0,0
1624962590,9.38,9.38,9.38,9.38,9.38,0,0
1624962595,9.38,9.38,9.38,9.38,9.38,0,0
1624962600,9.38,9.38,9.38,9.38,9.38,0,0
1624962605,9.38,9.38,9.38,9.38,9.38,0,0
1624962610,9.38,9.38,9.38,9.38,9.38,0,0
1624962615,9.38,9.38,9.38,9.38,9.38,0,0
1624962620,9.35,9.35,9.35,9.35,9.35,1,1
1624962625,9.35,9.35,9.35,9.35,9.35,0,0
1624962630,9.35,9.35,9.35,9.35,9.35,0,0
1624962635,9.33,9.33,9.33,9.33,9.33,1,1
1624962640,9.33,9.33,9.33,9.33,9.33,0,0
1624962645,9.3,9.3,9.3,9.3,9.3,7,3
1624962650,9.3,9.3,9.3,9.3,9.3,0,0
1624962655,9.3,9.3,9.3,9.3,9.3,0,0
1624962660,9.3,9.3,9.3,9.3,9.3,0,0
1624962665,9.3,9.3,9.3,9.3,9.3,0,0
1624962670,9.3,9.3,9.3,9.3,9.3,0,0
1624962675,9.3,9.3,9.3,9.3,9.3,0,0
1624962680,9.3,9.3,9.3,9.3,9.3,0,0
1624962685,9.29,9.29,9.29,9.29,9.29,1,1
1624962690,9.29,9.29,9.29,9.29,9.29,0,0
1624962695,9.29,9.29,9.29,9.29,9.29,0,0
1624962700,9.29,9.29,9.29,9.29,9.29,0,0
1624962705,9.29,9.29,9.28,9.29,9.28901,10,5
1624962710,9.29,9.29,9.29,9.29,9.29,0,0
1624962715,9.29,9.29,9.29,9.29,9.29,0,0
1624962720,9.29,9.29,9.29,9.29,9.29,0,0
1624962725,9.29,9.29,9.29,9.29,9.29,0,0
1624962730,9.29,9.39,9.28,9.39,9.29814,47,5
1624962735,9.39,9.39,9.39,9.39,9.39,0,0
1624962740,9.39,9.39,9.39,9.39,9.39,0,0
1624962745,9.39,9.39,9.39,9.39,9.39,0,0
1624962750,9.39,9.39,9.39,9.39,9.39,0,0
1624962755,9.39,9.39,9.39,9.39,9.39,0,0
1624962760,9.39,9.39,9.39,9.39,9.39,0,0
1624962765,9.39,9.39,9.39,9.39,9.39,0,0
1624962770,9.39,9.39,9.39,9.39,9.39,0,0
1624962775,9.39,9.39,9.39,9.39,9.39,0,0
1624962780,9.39,9.39,9.39,9.39,9.39,0,0
1624962785,9.39,9.39,9.39,9.39,9.39,0,0
1624962790,9.39,9.39,9.39,9.39,9.39,0,0
1624962795,9.39,9.39,9.39,9.39,9.39,0,0
1624962800,9.39,9.39,9.39,9.39,9.39,0,0
1624962805,9.39,9.39,9.39,9.39,9.39,0,0
1624962810,9.39,9.39,9.39,9.39,9.39,0,0
1624962815,9.39,9.39,9.39,9.39,9.39,0,0
1624962820,9.39,9.39,9.39,9.39,9.39,0,0
1624962825,9.39,9.39,9.39,9.39,9.39,0,0
1624962830,9.39,9.39,9.39,9.39,9.39,0,0
1624962835,9.39,9.39,9.39,9.39,9.39,0,0
1624962840,9.39,9.39,9.39,9.39,9.39,0,0
1624962845,9.39,9.39,9.39,9.39,9.39,0,0
1624962850,9.39,9.39,9.39,9.39,9.39,0,0
1624962855,9.39,9.39,9.39,9.39,9.39,0,0
1624962860,9.39,9.39,9.39,9.39,9.39,0,0
1624962865,9.39,9.39,9.39,9.39,9.39,5,2
1624962870,9.39,9.39,9.39,9.39,9.39,0,0
1624962875,9.39,9.39,9.39,9.39,9.39,0,0
1624962880,9.39,9.39,9.39,9.39,9.39,0,0
1624962885,9.39,9.39,9.39,9.39,9.39,0,0
1624962890,9.39,9.39,9.39,9.39,9.39,0,0
1624962895,9.39,9.39,9.39,9.39,9.39,0,0
1624962900,9.39,9.39,9.39,9.39,9.39,0,0
1624962905,9.39,9.39,9.39,9.39,9.39,0,0
1624962910,9.39,9.39,9.39,9.39,9.39,0,0
1624962915,9.39,9.39,9.39,9.39,9.39,0,0
1624962920,9.39,9.39,9.39,9.39,9.39,0,0
1624962925,9.39,9.39,9.39,9.39,9.39,0,0
1624962930,9.39,9.39,9.39,9.39,9.39,0,0
1624962935,9.39,9.39,9.39,9.39,9.39,0,0
1624962940,9.39,9.39,9.39,9.39,9.39,0,0
1624962945,9.39,9.39,9.39,9.39,9.39,0,0
1624962950,9.39,9.39,9.39,9.39,9.39,0,0
1624962955,9.39,9.39,9.39,9.39,9.39,0,0
1624962960,9.39,9.39,9.39,9.39,9.39,0,0
1624962965,9.39,9.39,9.39,9.39,9.39,0,0
1624962970,9.39,9.39,9.39,9.39,9.39,0,0
1624962975,9.39,9.39,9.39,9.39,9.39,0,0
1624962980,9.39,9.39,9.39,9.39,9.39,0,0
1624962985,9.39,9.39,9.39,9.39,9.39,0,0
1624962990,9.39,9.39,9.39,9.39,9.39,0,0
1624962995,9.39,9.39,9.39,9.39,9.39,0,0
1624963000,9.39,9.39,9.39,9.39,9.39,0,0
1624963005,9.39,9.39,9.39,9.39,9.39,0,0
1624963010,9.39,9.39,9.39,9.39,9.39,0,0
1624963015,9.39,9.39,9.39,9.39,9.39,0,0
1624963020,9.39,9.39,9.39,9.39,9.39,0,0
1624963025,9.39,9.39,9.39,9.39,9.39,0,0
1624963030,9.39,9.39,9.39,9.39,9.39,0,0
1624963035,9.39,9.39,9.39,9.39,9.39,0,0
1624963040,9.39,9.39,9.39,9.39,9.39,0,0
1624963045,9.39,9.39,9.39,9.39,9.39,0,0
1624963050,9.39,9.39,9.39,9.39,9.39,0,0
1624963055,9.39,9.39,9.39,9.39,9.39,0,0
1624963060,9.39,9.39,9.39,9.39,9.39,0,0
1624963065,9.39,9.39,9.39,9.39,9.39,0,0
1624963070,9.39,9.39,9.39,9.39,9.39,0,0
1624963075,9.39,9.39,9.39,9.39,9.39,0,0
1624963080,9.39,9.39,9.39,9.39,9.39,0,0
1624963085,9.39,9.39,9.39,9.39,9.39,0,0
1624963090,9.39,9.39,9.39,9.39,9.39,0,0
1624963095,9.39,9.39,9.39,9.39,9.39,0,0
1624963100,9.39,9.39,9.39,9.39,9.39,0,0
1624963105,9.39,9.39,9.39,9.39,9.39,0,0
1624963110,9.39,9.39,9.39,9.39,9.39,0,0
1624963115,9.39,9.39,9.39,9.39,9.39,0,0
1624963120,9.39,9.39,9.39,9.39,9.39,0,0
1624963125,9.39,9.39,9.39,9.39,9.39,0,0
1624963130,9.39,9.39,9.39,9.39,9.39,0,0
1624963135,9.39,9.39,9.39,9.39,9.39,0,0
1624963140,9.39,9.39,9.39,9.39,9.39,0,0
1624963145,9.39,9.39,9.39,9.39,9.39,0,0
1624963150,9.39,9.39,9.39,9.39,9.39,0,0
1624963155,9.39,9.39,9.39,9.39,9.39,0,0
1624963160,9.39,9.39,9.39,9.39,9.39,0,0
1624963165,9.39,9.39,9.39,9.39,9.39,0,0
1624963170,9.39,9.39,9.39,9.39,9.39,0,0
1624963175,9.39,9.39,9.39,9.39,9.39,0,0
1624963180,9.39,9.39,9.39,9.39,9.39,0,0
1624963185,9.39,9.39,9.39,9.39,9.39,0,0
1624963190,9.39,9.39,9.39,9.39,9.39,0,0
1624963195,9.39,9.39,9.39,9.39,9.39,0,0
1624963200,9.39,9.39,9.39,9.39,9.39,0,0
1624963205,9.39,9.39,9.39,9.39,9.39,0,0
1624963210,9.39,9.39,9.39,9.39,9.39,0,0
1624963215,9.39,9.39,9.39,9.39,9.39,0,0
1624963220,9.39,9.39,9.39,9.39,9.39,0,0
1624963225,9.39,9.39,9.39,9.39,9.39,0,0
1624963230,9.39,9.39,9.39,9.39,9.39,0,0
1624963235,9.39,9.39,9.39,9.39,9.39,0,0
1624963240,9.39,9.39,9.39,9.39,9.39,0,0
1624963245,9.39,9.39,9.39,9.39,9.39,0,0
1624963250,9.39,9.39,9.39,9.39,9.39,0,0
1624963255,9.39,9.39,9.39,9.39,9.39,0,0
1624963260,9.39,9.39,9.39,9.39,9.39,0,0
1624963265,9.39,9.39,9.39,9.39,9.39,0,0
1624963270,9.39,9.39,9.39,9.39,9.39,0,0
1624963275,9.39,9.39,9.39,9.39,9.39,0,0
1624963280,9.39,9.39,9.39,9.39,9.39,0,0
1624963285,9.39,9.39,9.39,9.39,9.39,0,0
1624963290,9.39,9.39,9.39,9.39,9.39,0,0
1624963295,9.39,9.39,9.39,9.39,9.39,0,0
1624963300,9.39,9.39,9.39,9.39,9.39,0,0
1624963305,9.39,9.39,9.39,9.39,9.39,0,0
1624963310,9.39,9.39,9.39,9.39,9.39,0,0
1624963315,9.39,9.39,9.39,9.39,9.39,0,0
1624963320,9.39,9.39,9.39,9.39,9.39,0,0
1624963325,9.39,9.39,9.39,9.39,9.39,0,0
1624963330,9.39,9.39,9.39,9.39,9.39,0,0
1624963335,9.39,9.39,9.39,9.39,9.39,0,0
1624963340,9.39,9.39,9.39,9.39,9.39,0,0
1624963345,9.39,9.39,9.39,9.39,9.39,0,0
1624963350,9.39,9.39,9.39,9.39,9.39,0,0
1624963355,9.39,9.39,9.39,9.39,9.39,0,0
1624963360,9.39,9.39,9.39,9.39,9.39,0,0
1624963365,9.39,9.39,9.39,9.39,9.39,0,0
1624963370,9.39,9.39,9.39,9.39,9.39,0,0
1624963375,9.39,9.39,9.39,9.39,9.39,0,0
1624963380,9.39,9.39,9.39,9.39,9.39,0,0
1624963385,9.39,9.39,9.39,9.39,9.39,0,0
1624963390,9.39,9.39,9.39,9.39,9.39,0,0
1624963395,9.39,9.39,9.39,9.39,9.39,0,0
1624963400,9.39,9.39,9.39,9.39,9.39,0,0
1624963405,9.39,9.39,9.39,9.39,9.39,0,0
1624963410,9.39,9.39,9.39,9.39,9.39,0,0
1624963415,9.39,9.39,9.39,9.39,9.39,0,0
1624963420,9.39,9.39,9.39,9.39,9.39,0,0
1624963425,9.39,9.39,9.39,9.39,9.39,0,0
1624963430,9.39,9.39,9.39,9.39,9.39,0,0
1624963435,9.39,9.39,9.39,9.39,9.39,0,0
1624963440,9.39,9.39,9.39,9.39,9.39,0,0
1624963445,9.39,9.39,9.39,9.39,9.39,0,0
1624963450,9.39,9.39,9.39,9.39,9.39,0,0
1624963455,9.39,9.39,9.39,9.39,9.39,0,0
1624963460,9.39,9.39,9.39,9.39,9.39,0,0
1624963465,9.39,9.39,9.39,9.39,9.39,0,0
1624963470,9.39,9.39,9.39,9.39,9.39,0,0
1624963475,9.39,9.39,9.39,9.39,9.39,0,0
1624963480,9.39,9.39,9.39,9.39,9.39,0,0
1624963485,9.39,9.39,9.39,9.39,9.39,0,0
1624963490,9.39,9.39,9.39,9.39,9.39,0,0
1624963495,9.39,9.39,9.39,9.39,9.39,0,0
1624963500,9.39,9.39,9.39,9.39,9.39,0,0
1624963505,9.39,9.39,9.39,9.39,9.39,0,0
1624963510,9.39,9.39,9.39,9.39,9.39,0,0
1624963515,9.39,9.39,9.39,9.39,9.39,0,0
1624963520,9.39,9.39,9.39,9.39,9.39,0,0
1624963525,9.39,9.39,9.39,9.39,9.39,0,0
1624963530,9.39,9.39,9.39,9.39,9.39,0,0
1624963535,9.39,9.39,9.39,9.39,9.39,0,0
1624963540,9.39,9.39,9.39,9.39,9.39,0,0
1624963545,9.39,9.39,9.39,9.39,9.39,0,0
1624963550,9.39,9.39,9.39,9.39,9.39,0,0
1624963555,9.39,9.39,9.39,9.39,9.39,0,0
1624963560,9.39,9.39,9.39,9.39,9.39,0,0
1624963565,9.39,9.39,9.39,9.39,9.39,0,0
1624963570,9.39,9.39,9.39,9.39,9.39,0,0
1624963575,9.39,9.39,9.39,9.39,9.39,0,0
1624963580,9.39,9.39,9.39,9.39,9.39,0,0
1624963585,9.39,9.39,9.39,9.39,9.39,0,0
1624963590,9.39,9.39,9.39,9.39,9.39,0,0
1624963595,9.39,9.39,9.39,9.39,9.39,0,0
1624963600,9.39,9.39,9.39,9.39,9.39,0,0
1624963605,9.39,9.39,9.39,9.39,9.39,0,0
1624963610,9.39,9.39,9.39,9.39,9.39,0,0
1624963615,9.39,9.39,9.39,9.39,9.39,0,0
1624963620,9.39,9.39,9.39,9.39,9.39,0,0
1624963625,9.39,9.39,9.39,9.39,9.39,0,0
1624963630,9.39,9.39,9.39,9.39,9.39,0,0
1624963635,9.39,9.39,9.39,9.39,9.39,0,0
1624963640,9.39,9.39,9.39,9.39,9.39,0,0
1624963645,9.39,9.39,9.39,9.39,9.39,0,0
1624963650,9.39,9.39,9.39,9.39,9.39,0,0
1624963655,9.39,9.39,9.39,9.39,9.39,0,0
1624963660,9.39,9.39,9.39,9.39,9.39,0,0
1624963665,9.39,9.39,9.39,9.39,9.39,0,0
1624963670,9.39,9.39,9.39,9.39,9.39,0,0
1624963675,9.39,9.39,9.39,9.39,9.39,0,0
1624963680,9.39,9.39,9.39,9.39,9.39,0,0
1624963685,9.39,9.39,9.39,9.39,9.39,0,0
1624963690,9.39,9.39,9.39,9.39,9.39,0,0
1624963695,9.39,9.39,9.39,9.39,9.39,0,0
1624963700,9.39,9.39,9.39,9.39,9.39,0,0
1624963705,9.39,9.39,9.39,9.39,9.39,0,0
1624963710,9.39,9.39,9.39,9.39,9.39,0,0
1624963715,9.39,9.39,9.39,9.39,9.39,0,0
1624963720,9.39,9.39,9.39,9.39,9.39,0,0
1624963725,9.39,9.39,9.39,9.39,9.39,0,0
1624963730,9.39,9.39,9.39,9.39,9.39,0,0
1624963735,9.39,9.39,9.39,9.39,9.39,0,0
1624963740,9.39,9.39,9.39,9.39,9.39,0,0
1624963745,9.39,9.39,9.39,9.39,9.39,0,0
1624963750,9.39,9.39,9.39,9.39,9.39,0,0
1624963755,9.39,9.39,9.39,9.39,9.39,0,0
1624963760,9.39,9.39,9.39,9.39,9.39,0,0
1624963765,9.39,9.39,9.39,9.39,9.39,0,0
1624963770,9.39,9.39,9.39,9.39,9.39,0,0
1624963775,9.39,9.39,9.39,9.39,9.39,0,0
1624963780,9.39,9.39,9.39,9.39,9.39,0,0
1624963785,9.39,9.39,9.39,9.39,9.39,0,0
1624963790,9.39,9.39,9.39,9.39,9.39,0,0
1624963795,9.39,9.39,9.39,9.39,9.39,0,0
1624963800,9.39,9.39,9.39,9.39,9.39,0,0
1624963805,9.39,9.39,9.39,9.39,9.39,0,0
1624963810,9.39,9.39,9.39,9.39,9.39,0,0
1624963815,9.39,9.39,9.39,9.39,9.39,0,0
1624963820,9.39,9.39,9.39,9.39,9.39,0,0
1624963825,9.39,9.39,9.39,9.39,9.39,0,0
1624963830,9.39,9.39,9.39,9.39,9.39,0,0
1624963835,9.38,9.38,9.38,9.38,9.38,1,1
1624963840,9.38,9.38,9.38,9.38,9.38,0,0
1624963845,9.38,9.38,9.38,9.38,9.38,0,0
1624963850,9.38,9.38,9.38,9.38,9.38,0,0
1624963855,9.38,9.38,9.38,9.38,9.38,0,0
1624963860,9.38,9.39,9.38,9.39,9.38109,9,2
1624963865,9.39,9.39,9.39,9.39,9.39,0,0
1624963870,9.39,9.39,9.39,9.39,9.39,0,0
1624963875,9.39,9.39,9.39,9.39,9.39,0,0
1624963880,9.39,9.39,9.39,9.39,9.39,0,0
1624963885,9.39,9.39,9.39,9.39,9.39,0,0
1624963890,9.39,9.39,9.39,9.39,9.39,0,0
1624963895,9.39,9.39,9.39,9.39,9.39,0,0
1624963900,9.39,9.39,9.39,9.39,9.39,0,0
1624963905,9.39,9.39,9.39,9.39,9.39,0,0
1624963910,9.39,9.39,9.39,9.39,9.39,0,0
1624963915,9.39,9.39,9.39,9.39,9.39,0,0
1624963920,9.39,9.39,9.39,9.39,9.39,0,0
1624963925,9.39,9.39,9.39,9.39,9.39,0,0
1624963930,9.39,9.39,9.39,9.39,9.39,0,0
1624963935,9.39,9.39,9.39,9.39,9.39,0,0
1624963940,9.39,9.39,9.39,9.39,9.39,0,0
1624963945,9.39,9.39,9.39,9.39,9.39,0,0
1624963950,9.39,9.39,9.39,9.39,9.39,0,0
1624963955,9.39,9.39,9.39,9.39,9.39,0,0
1624963960,9.39,9.39,9.39,9.39,9.39,0,0
1624963965,9.39,9.39,9.39,9.39,9.39,0,0
1624963970,9.39,9.39,9.39,9.39,9.39,0,0
1624963975,9.39,9.39,9.39,9.39,9.39,0,0
1624963980,9.39,9.39,9.39,9.39,9.39,0,0
1624963985,9.39,9.39,9.39,9.39,9.39,0,0
1624963990,9.39,9.39,9.39,9.39,9.39,0,0
1624963995,9.39,9.39,9.39,9.39,9.39,0,0
1624964000,9.39,9.39,9.39,9.39,9.39,0,0
1624964005,9.39,9.39,9.39,9.39,9.39,0,0
1624964010,9.39,9.39,9.39,9.39,9.39,0,0
1624964015,9.39,9.39,9.39,9.39,9.39,0,0
1624964020,9.39,9.39,9.39,9.39,9.39,0,0
1624964025,9.39,9.39,9.39,9.39,9.39,0,0
1624964030,9.39,9.39,9.39,9.39,9.39,0,0
1624964035,9.39,9.39,9.39,9.39,9.39,0,0
1624964040,9.39,9.39,9.39,9.39,9.39,0,0
1624964045,9.39,9.39,9.39,9.39,9.39,0,0
1624964050,9.39,9.39,9.39,9.39,9.39,0,0
1624964055,9.39,9.39,9.39,9.39,9.39,0,0
1624964060,9.39,9.39,9.39,9.39,9.39,0,0
1624964065,9.39,9.39,9.39,9.39,9.39,0,0
1624964070,9.39,9.39,9.39,9.39,9.39,0,0
1624964075,9.39,9.39,9.39,9.39,9.39,0,0
1624964080,9.39,9.39,9.39,9.39,9.39,0,0
1624964085,9.39,9.39,9.39,9.39,9.39,0,0
1624964090,9.39,9.39,9.39,9.39,9.39,0,0
1624964095,9.39,9.39,9.39,9.39,9.39,0,0
1624964100,9.39,9.39,9.39,9.39,9.39,0,0
1624964105,9.39,9.39,9.39,9.39,9.39,0,0
1624964110,9.39,9.39,9.39,9.39,9.39,0,0
1624964115,9.39,9.39,9.39,9.39,9.39,0,0
1624964120,9.39,9.39,9.39,9.39,9.39,0,0
1624964125,9.39,9.39,9.39,9.39,9.39,0,0
1624964130,9.39,9.39,9.39,9.39,9.39,0,0
1624964135,9.39,9.39,9.39,9.39,9.39,0,0
1624964140,9.39,9.39,9.39,9.39,9.39,0,0
1624964145,9.39,9.39,9.39,9.39,9.39,0,0
1624964150,9.39,9.39,9.39,9.39,9.39,0,0
1624964155,9.39,9.39,9.39,9.39,9.39,0,0
1624964160,9.39,9.39,9.39,9.39,9.39,0,0
1624964165,9.39,9.39,9.39,9.39,9.39,0,0
1624964170,9.39,9.39,9.39,9.39,9.39,0,0
1624964175,9.39,9.39,9.39,9.39,9.39,0,0
1624964180,9.39,9.39,9.39,9.39,9.39,0,0
1624964185,9.39,9.39,9.39,9.39,9.39,0,0
1624964190,9.39,9.39,9.39,9.39,9.39,0,0
1624964195,9.39,9.39,9.39,9.39,9.39,0,0
1624964200,9.39,9.39,9.39,9.39,9.39,0,0
1624964205,9.39,9.39,9.39,9.39,9.39,0,0
1624964210,9.39,9.39,9.39,9.39,9.39,0,0
1624964215,9.39,9.39,9.39,9.39,9.39,0,0
1624964220,9.38,9.38,9.38,9.38,9.38,1,1
1624964225,9.38,9.38,9.38,9.38,9.38,0,0
1624964230,9.38,9.38,9.38,9.38,9.38,0,0
1624964235,9.38,9.38,9.38,9.38,9.38,0,0
1624964240,9.38,9.38,9.38,9.38,9.38,0,0
1624964245,9.38,9.38,9.38,9.38,9.38,0,0
1624964250,9.38,9.38,9.38,9.38,9.38,0,0
1624964255,9.38,9.38,9.38,9.38,9.38,0,0
1624964260,9.38,9.38,9.38,9.38,9.38,0,0
1624964265,9.38,9.38,9.38,9.38,9.38,0,0
1624964270,9.38,9.38,9.38,9.38,9.38,0,0
1624964275,9.38,9.38,9.38,9.38,9.38,0,0
1624964280,9.38,9.38,9.38,9.38,9.38,0,0
1624964285,9.38,9.38,9.38,9.38,9.38,0,0
1624964290,9.38,9.38,9.38,9.38,9.38,0,0
1624964295,9.38,9.38,9.38,9.38,9.38,0,0
1624964300,9.38,9.38,9.38,9.38,9.38,0,0
1624964305,9.38,9.38,9.38,9.38,9.38,0,0
1624964310,9.38,9.38,9.38,9.38,9.38,0,0
1624964315,9.38,9.38,9.38,9.38,9.38,0,0
1624964320,9.38,9.38,9.38,9.38,9.38,0,0
1624964325,9.38,9.38,9.38,9.38,9.38,0,0
1624964330,9.38,9.38,9.38,9.38,9.38,0,0
1624964335,9.38,9.38,9.38,9.38,9.38,0,0
1624964340,9.38,9.38,9.38,9.38,9.38,0,0
1624964345,9.38,9.38,9.38,9.38,9.38,0,0
1624964350,9.38,9.38,9.38,9.38,9.38,0,0
1624964355,9.38,9.38,9.38,9.38,9.38,0,0
1624964360,9.38,9.38,9.38,9.38,9.38,0,0
1624964365,9.38,9.38,9.38,9.38,9.38,0,0
1624964370,9.38,9.38,9.38,9.38,9.38,0,0
1624964375,9.38,9.38,9.38,9.38,9.38,0,0
1624964380,9.38,9.38,9.38,9.38,9.38,0,0
1624964385,9.38,9.38,9.38,9.38,9.38,0,0
1624964390,9.38,9.38,9.38,9.38,9.38,0,0
1624964395,9.38,9.38,9.38,9.38,9.38,0,0
1624964400,9.37,9.38,9.37,9.38,9.37217,8,4
1624964405,9.38,9.38,9.38,9.38,9.38,0,0
1624964410,9.38,9.38,9.38,9.38,9.38,0,0
1624964415,9.38,9.38,9.38,9.38,9.38,0,0
1624964420,9.38,9.38,9.38,9.38,9.38,0,0
1624964425,9.38,9.38,9.38,9.38,9.38,0,0
1624964430,9.38,9.38,9.38,9.38,9.38,0,0
1624964435,9.38,9.38,9.38,9.38,9.38,0,0
1624964440,9.34,9.34,9.34,9.34,9.34,6,1
1624964445,9.34,9.34,9.34,9.34,9.34,0,0
1624964450,9.34,9.34,9.34,9.34,9.34,0,0
1624964455,9.34,9.34,9.34,9.34,9.34,0,0
1624964460,9.34,9.34,9.34,9.34,9.34,0,0
1624964465,9.34,9.34,9.34,9.34,9.34,0,0
1624964470,9.34,9.34,9.34,9.34,9.34,0,0
1624964475,9.34,9.34,9.34,9.34,9.34,0,0
1624964480,9.34,9.34,9.34,9.34,9.34,0,0
1624964485,9.34,9.34,9.34,9.34,9.34,0,0
1624964490,9.34,9.34,9.34,9.34,9.34,0,0
1624964495,9.34,9.34,9.34,9.34,9.34,0,0
1624964500,9.34,9.34,9.34,9.34,9.34,0,0
1624964505,9.34,9.34,9.34,9.34,9.34,0,0
1624964510,9.34,9.34,9.34,9.34,9.34,0,0
1624964515,9.34,9.34,9.34,9.34,9.34,0,0
1624964520,9.34,9.34,9.34,9.34,9.34,0,0
1624964525,9.34,9.34,9.34,9.34,9.34,0,0
1624964530,9.34,9.34,9.34,9.34,9.34,0,0
1624964535,9.34,9.34,9.34,9.34,9.34,0,0
1624964540,9.34,9.34,9.34,9.34,9.34,0,0
1624964545,9.34,9.34,9.34,9.34,9.34,0,0
1624964550,9.34,9.34,9.34,9.34,9.34,0,0
1624964555,9.34,9.34,9.34,9.34,9.34,0,0
1624964560,9.34,9.34,9.34,9.34,9.34,0,0
1624964565,9.34,9.34,9.34,9.34,9.34,0,0
1624964570,9.34,9.34,9.34,9.34,9.34,0,0
1624964575,9.34,9.34,9.34,9.34,9.34,0,0
1624964580,9.34,9.34,9.34,9.34,9.34,0,0
1624964585,9.34,9.34,9.34,9.34,9.34,0,0
1624964590,9.34,9.34,9.34,9.34,9.34,0,0
1624964595,9.34,9.35,9.34,9.35,9.34778,4,2
1624964600,9.35,9.35,9.35,9.35,9.35,0,0
1624964605,9.35,9.35,9.35,9.35,9.35,0,0
1624964610,9.35,9.35,9.35,9.35,9.35,0,0
1624964615,9.35,9.35,9.35,9.35,9.35,0,0
1624964620,9.35,9.35,9.35,9.35,9.35,0,0
1624964625,9.35,9.35,9.35,9.35,9.35,0,0
1624964630,9.35,9.35,9.35,9.35,9.35,0,0
1624964635,9.35,9.35,9.35,9.35,9.35,0,0
1624964640,9.35,9.35,9.35,9.35,9.35,0,0
1624964645,9.35,9.35,9.35,9.35,9.35,0,0
1624964650,9.35,9.35,9.35,9.35,9.35,0,0
1624964655,9.35,9.35,9.35,9.35,9.35,0,0
1624964660,9.35,9.35,9.35,9.35,9.35,0,0
1624964665,9.35,9.35,9.35,9.35,9.35,0,0
1624964670,9.35,9.35,9.35,9.35,9.35,0,0
1624964675,9.34,9.34,9.34,9.34,9.34,6,1
1624964680,9.34,9.34,9.34,9.34,9.34,0,0
1624964685,9.34,9.34,9.34,9.34,9.34,0,0
1624964690,9.34,9.34,9.34,9.34,9.34,0,0
1624964695,9.34,9.34,9.34,9.34,9.34,0,0
1624964700,9.34,9.34,9.34,9.34,9.34,0,0
1624964705,9.34,9.34,9.34,9.34,9.34,0,0
1624964710,9.34,9.34,9.34,9.34,9.34,0,0
1624964715,9.34,9.34,9.34,9.34,9.34,0,0
1624964720,9.34,9.34,9.34,9.34,9.34,0,0
1624964725,9.34,9.34,9.34,9.34,9.34,0,0
1624964730,9.34,9.34,9.34,9.34,9.34,0,0
1624964735,9.34,9.34,9.34,9.34,9.34,0,0
1624964740,9.34,9.34,9.34,9.34,9.34,0,0
1624964745,9.34,9.34,9.34,9.34,9.34,0,0
1624964750,9.34,9.34,9.34,9.34,9.34,0,0
1624964755,9.34,9.34,9.34,9.34,9.34,0,0
1624964760,9.33,9.33,9.33,9.33,9.33,4,1
1624964765,9.33,9.33,9.33,9.33,9.33,0,0
1624964770,9.33,9.33,9.33,9.33,9.33,0,0
1624964775,9.33,9.33,9.33,9.33,9.33,0,0
1624964780,9.33,9.33,9.33,9.33,9.33,0,0
1624964785,9.33,9.33,9.33,9.33,9.33,0,0
1624964790,9.33,9.33,9.33,9.33,9.33,0,0
1624964795,9.33,9.33,9.33,9.33,9.33,0,0
1624964800,9.33,9.33,9.33,9.33,9.33,0,0
1624964805,9.33,9.33,9.33,9.33,9.33,0,0
1624964810,9.33,9.33,9.33,9.33,9.33,0,0
1624964815,9.33,9.33,9.33,9.33,9.33,0,0
1624964820,9.33,9.33,9.33,9.33,9.33,0,0
1624964825,9.33,9.33,9.33,9.33,9.33,0,0
1624964830,9.33,9.33,9.33,9.33,9.33,0,0
1624964835,9.33,9.33,9.33,9.33,9.33,0,0
1624964840,9.33,9.33,9.33,9.33,9.33,0,0
1624964845,9.33,9.33,9.33,9.33,9.33,0,0
1624964850,9.33,9.33,9.33,9.33,9.33,0,0
1624964855,9.33,9.33,9.33,9.33,9.33,0,0
1624964860,9.33,9.33,9.33,9.33,9.33,0,0
1624964865,9.33,9.33,9.33,9.33,9.33,0,0
1624964870,9.33,9.33,9.33,9.33,9.33,0,0
1624964875,9.33,9.33,9.33,9.33,9.33,0,0
1624964880,9.33,9.33,9.33,9.33,9.33,0,0
1624964885,9.33,9.33,9.33,9.33,9.33,0,0
1624964890,9.33,9.33,9.33,9.33,9.33,0,0
1624964895,9.33,9.33,9.33,9.33,9.33,0,0
1624964900,9.33,9.33,9.33,9.33,9.33,0,0
1624964905,9.33,9.33,9.33,9.33,9.33,0,0
1624964910,9.33,9.33,9.33,9.33,9.33,0,0
1624964915,9.33,9.33,9.33,9.33,9.33,0,0
1624964920,9.33,9.33,9.33,9.33,9.33,0,0
1624964925,9.33,9.33,9.33,9.33,9.33,0,0
1624964930,9.33,9.33,9.33,9.33,9.33,0,0
1624964935,9.33,9.33,9.33,9.33,9.33,0,0
1624964940,9.33,9.33,9.33,9.33,9.33,0,0
1624964945,9.33,9.33,9.33,9.33,9.33,0,0
1624964950,9.33,9.33,9.33,9.33,9.33,0,0
1624964955,9.33,9.33,9.33,9.33,9.33,0,0
1624964960,9.33,9.33,9.33,9.33,9.33,0,0
1624964965,9.33,9.33,9.33,9.33,9.33,0,0
1624964970,9.33,9.33,9.33,9.33,9.33,0,0
1624964975,9.33,9.33,9.33,9.33,9.33,0,0
1624964980,9.33,9.33,9.33,9.33,9.33,0,0
1624964985,9.33,9.33,9.33,9.33,9.33,0,0
1624964990,9.33,9.33,9.33,9.33,9.33,0,0
1624964995,9.33,9.33,9.33,9.33,9.33,0,0
1624965000,9.33,9.33,9.33,9.33,9.33,0,0
1624965005,9.33,9.33,9.33,9.33,9.33,0,0
1624965010,9.33,9.33,9.33,9.33,9.33,0,0
1624965015,9.33,9.33,9.33,9.33,9.33,0,0
1624965020,9.33,9.33,9.33,9.33,9.33,0,0
1624965025,9.33,9.33,9.33,9.33,9.33,0,0
1624965030,9.33,9.33,9.33,9.33,9.33,0,0
1624965035,9.33,9.33,9.33,9.33,9.33,0,0
1624965040,9.33,9.33,9.33,9.33,9.33,0,0
1624965045,9.33,9.33,9.33,9.33,9.33,0,0
1624965050,9.33,9.33,9.33,9.33,9.33,0,0
1624965055,9.33,9.33,9.33,9.33,9.33,0,0
1624965060,9.33,9.33,9.33,9.33,9.33,0,0
1624965065,9.33,9.33,9.33,9.33,9.33,0,0
1624965070,9.33,9.33,9.33,9.33,9.33,0,0
1624965075,9.33,9.33,9.33,9.33,9.33,0,0
1624965080,9.33,9.33,9.33,9.33,9.33,0,0
1624965085,9.33,9.33,9.33,9.33,9.33,0,0
1624965090,9.33,9.33,9.33,9.33,9.33,0,0
1624965095,9.33,9.33,9.33,9.33,9.33,0,0
1624965100,9.33,9.33,9.33,9.33,9.33,0,0
1624965105,9.33,9.33,9.33,9.33,9.33,0,0
1624965110,9.33,9.33,9.33,9.33,9.33,0,0
1624965115,9.33,9.33,9.33,9.33,9.33,0,0
1624965120,9.33,9.33,9.33,9.33,9.33,0,0
1624965125,9.33,9.33,9.33,9.33,9.33,0,0
1624965130,9.33,9.33,9.33,9.33,9.33,0,0
1624965135,9.33,9.33,9.33,9.33,9.33,0,0
1624965140,9.33,9.33,9.33,9.33,9.33,0,0
1624965145,9.33,9.33,9.33,9.33,9.33,0,0
1624965150,9.33,9.33,9.33,9.33,9.33,0,0
1624965155,9.33,9.33,9.33,9.33,9.33,0,0
1624965160,9.33,9.33,9.33,9.33,9.33,0,0
1624965165,9.33,9.33,9.33,9.33,9.33,0,0
1624965170,9.33,9.33,9.33,9.33,9.33,0,0
1624965175,9.33,9.33,9.33,9.33,9.33,0,0
1624965180,9.33,9.33,9.33,9.33,9.33,0,0
1624965185,9.33,9.33,9.33,9.33,9.33,0,0
1624965190,9.33,9.33,9.33,9.33,9.33,0,0
1624965195,9.33,9.33,9.33,9.33,9.33,0,0
1624965200,9.33,9.33,9.33,9.33,9.33,0,0
1624965205,9.33,9.33,9.33,9.33,9.33,0,0
1624965210,9.33,9.33,9.33,9.33,9.33,0,0
1624965215,9.33,9.33,9.33,9.33,9.33,0,0
1624965220,9.33,9.33,9.33,9.33,9.33,0,0
1624965225,9.33,9.33,9.33,9.33,9.33,0,0
1624965230,9.33,9.33,9.33,9.33,9.33,0,0
1624965235,9.33,9.33,9.33,9.33,9.33,0,0
1624965240,9.33,9.33,9.33,9.33,9.33,0,0
1624965245,9.33,9.33,9.33,9.33,9.33,0,0
1624965250,9.33,9.33,9.33,9.33,9.33,0,0
1624965255,9.33,9.33,9.33,9.33,9.33,0,0
1624965260,9.33,9.33,9.33,9.33,9.33,0,0
1624965265,9.33,9.33,9.33,9.33,9.33,0,0
1624965270,9.33,9.33,9.33,9.33,9.33,0,0
1624965275,9.33,9.33,9.33,9.33,9.33,0,0
1624965280,9.33,9.33,9.33,9.33,9.33,0,0
1624965285,9.33,9.33,9.33,9.33,9.33,0,0
1624965290,9.33,9.33,9.33,9.33,9.33,0,0
1624965295,9.33,9.33,9.33,9.33,9.33,0,0
1624965300,9.33,9.33,9.33,9.33,9.33,0,0
1624965305,9.33,9.33,9.33,9.33,9.33,0,0
1624965310,9.33,9.33,9.33,9.33,9.33,0,0
1624965315,9.33,9.33,9.33,9.33,9.33,0,0
1624965320,9.33,9.33,9.33,9.33,9.33,0,0
1624965325,9.33,9.33,9.33,9.33,9.33,0,0
1624965330,9.33,9.33,9.33,9.33,9.33,0,0
1624965335,9.33,9.33,9.33,9.33,9.33,0,0
1624965340,9.33,9.33,9.33,9.33,9.33,0,0
1624965345,9.33,9.33,9.33,9.33,9.33,0,0
1624965350,9.33,9.33,9.33,9.33,9.33,0,0
1624965355,9.33,9.33,9.33,9.33,9.33,0,0
1624965360,9.33,9.33,9.33,9.33,9.33,0,0
1624965365,9.33,9.33,9.33,9.33,9.33,0,0
1624965370,9.33,9.33,9.33,9.33,9.33,0,0
1624965375,9.33,9.33,9.33,9.33,9.33,0,0
1624965380,9.33,9.33,9.33,9.33,9.33,0,0
1624965385,9.33,9.33,9.33,9.33,9.33,0,0
1624965390,9.33,9.33,9.33,9.33,9.33,0,0
1624965395,9.33,9.33,9.33,9.33,9.33,0,0
1624965400,9.33,9.33,9.33,9.33,9.33,0,0
1624965405,9.33,9.33,9.33,9.33,9.33,1,1
1624965410,9.33,9.33,9.33,9.33,9.33,0,0
1624965415,9.33,9.33,9.33,9.33,9.33,0,0
1624965420,9.33,9.33,9.33,9.33,9.33,0,0
1624965425,9.33,9.33,9.33,9.33,9.33,0,0
1624965430,9.33,9.33,9.33,9.33,9.33,0,0
1624965435,9.33,9.33,9.33,9.33,9.33,0,0
1624965440,9.33,9.33,9.33,9.33,9.33,0,0
1624965445,9.33,9.33,9.33,9.33,9.33,0,0
1624965450,9.33,9.33,9.33,9.33,9.33,0,0
1624965455,9.33,9.33,9.33,9.33,9.33,0,0
1624965460,9.33,9.33,9.33,9.33,9.33,0,0
1624965465,9.33,9.33,9.33,9.33,9.33,0,0
1624965470,9.33,9.33,9.33,9.33,9.33,0,0
1624965475,9.33,9.33,9.33,9.33,9.33,0,0
1624965480,9.33,9.33,9.33,9.33,9.33,0,0
1624965485,9.33,9.33,9.33,9.33,9.33,0,0
1624965490,9.33,9.33,9.33,9.33,9.33,0,0
1624965495,9.33,9.33,9.33,9.33,9.33,0,0
1624965500,9.33,9.33,9.33,9.33,9.33,0,0
1624965505,9.33,9.33,9.33,9.33,9.33,0,0
1624965510,9.33,9.33,9.33,9.33,9.33,0,0
1624965515,9.33,9.33,9.33,9.33,9.33,0,0
1624965520,9.33,9.33,9.33,9.33,9.33,0,0
1624965525,9.33,9.33,9.33,9.33,9.33,0,0
1624965530,9.33,9.33,9.33,9.33,9.33,0,0
1624965535,9.33,9.33,9.33,9.33,9.33,0,0
1624965540,9.33,9.33,9.33,9.33,9.33,0,0
1624965545,9.33,9.33,9.33,9.33,9.33,0,0
1624965550,9.33,9.33,9.33,9.33,9.33,0,0
1624965555,9.33,9.33,9.33,9.33,9.33,0,0
1624965560,9.33,9.33,9.33,9.33,9.33,0,0
1624965565,9.33,9.33,9.33,9.33,9.33,0,0
1624965570,9.33,9.33,9.33,9.33,9.33,0,0
1624965575,9.33,9.33,9.33,9.33,9.33,0,0
1624965580,9.33,9.33,9.33,9.33,9.33,0,0
1624965585,9.33,9.33,9.32,9.32,9.32358,2,2
1624965590,9.32,9.32,9.32,9.32,9.32,0,0
1624965595,9.32,9.32,9.32,9.32,9.32,0,0
1624965600,9.32,9.32,9.32,9.32,9.32,0,0
1624965605,9.32,9.32,9.32,9.32,9.32,0,0
1624965610,9.32,9.32,9.32,9.32,9.32,0,0
1624965615,9.32,9.32,9.32,9.32,9.32,0,0
1624965620,9.32,9.32,9.32,9.32,9.32,0,0
1624965625,9.32,9.32,9.32,9.32,9.32,0,0
1624965630,9.32,9.32,9.32,9.32,9.32,0,0
1624965635,9.32,9.32,9.32,9.32,9.32,0,0
1624965640,9.32,9.32,9.32,9.32,9.32,0,0
1624965645,9.32,9.32,9.32,9.32,9.32,0,0
1624965650,9.32,9.32,9.32,9.32,9.32,0,0
1624965655,9.32,9.32,9.32,9.32,9.32,0,0
1624965660,9.32,9.32,9.32,9.32,9.32,0,0
1624965665,9.32,9.32,9.32,9.32,9.32,0,0
1624965670,9.32,9.32,9.32,9.32,9.32,0,0
1624965675,9.32,9.32,9.32,9.32,9.32,0,0
1624965680,9.32,9.32,9.32,9.32,9.32,0,0
1624965685,9.32,9.32,9.32,9.32,9.32,0,0
1624965690,9.32,9.32,9.32,9.32,9.32,0,0
1624965695,9.32,9.32,9.32,9.32,9.32,0,0
1624965700,9.32,9.32,9.32,9.32,9.32,0,0
1624965705,9.32,9.32,9.32,9.32,9.32,0,0
1624965710,9.32,9.32,9.32,9.32,9.32,0,0
1624965715,9.32,9.32,9.32,9.32,9.32,0,0
1624965720,9.32,9.32,9.32,9.32,9.32,0,0
1624965725,9.32,9.32,9.32,9.32,9.32,0,0
1624965730,9.32,9.32,9.32,9.32,9.32,0,0
1624965735,9.32,9.32,9.32,9.32,9.32,1,1
1624965740,9.32,9.32,9.32,9.32,9.32,0,0
1624965745,9.32,9.32,9.32,9.32,9.32,0,0
1624965750,9.32,9.32,9.32,9.32,9.32,0,0
1624965755,9.32,9.32,9.32,9.32,9.32,0,0
1624965760,9.32,9.32,9.32,9.32,9.32,0,0
1624965765,9.32,9.32,9.32,9.32,9.32,0,0
1624965770,9.32,9.32,9.32,9.32,9.32,0,0
1624965775,9.32,9.32,9.32,9.32,9.32,0,0
1624965780,9.32,9.32,9.32,9.32,9.32,0,0
1624965785,9.32,9.32,9.32,9.32,9.32,0,0
1624965790,9.32,9.32,9.32,9.32,9.32,0,0
1624965795,9.32,9.32,9.32,9.32,9.32,0,0
1624965800,9.32,9.32,9.32,9.32,9.32,0,0
1624965805,9.32,9.32,9.32,9.32,9.32,0,0
1624965810,9.32,9.32,9.32,9.32,9.32,0,0
1624965815,9.32,9.32,9.32,9.32,9.32,0,0
1624965820,9.32,9.32,9.32,9.32,9.32,0,0
1624965825,9.32,9.32,9.32,9.32,9.32,0,0
1624965830,9.32,9.32,9.32,9.32,9.32,0,0
1624965835,9.32,9.32,9.32,9.32,9.32,0,0
1624965840,9.32,9.32,9.32,9.32,9.32,0,0
1624965845,9.32,9.32,9.32,9.32,9.32,0,0
1624965850,9.32,9.32,9.32,9.32,9.32,0,0
1624965855,9.32,9.32,9.32,9.32,9.32,0,0
1624965860,9.32,9.32,9.32,9.32,9.32,0,0
1624965865,9.32,9.32,9.32,9.32,9.32,0,0
1624965870,9.32,9.32,9.32,9.32,9.32,0,0
1624965875,9.32,9.32,9.32,9.32,9.32,0,0
1624965880,9.32,9.32,9.32,9.32,9.32,0,0
1624965885,9.32,9.32,9.32,9.32,9.32,0,0
1624965890,9.32,9.32,9.32,9.32,9.32,0,0
1624965895,9.32,9.32,9.32,9.32,9.32,0,0
1624965900,9.32,9.32,9.32,9.32,9.32,0,0
1624965905,9.32,9.32,9.32,9.32,9.32,0,0
1624965910,9.32,9.32,9.32,9.32,9.32,0,0
1624965915,9.32,9.32,9.32,9.32,9.32,0,0
1624965920,9.32,9.32,9.32,9.32,9.32,0,0
1624965925,9.32,9.32,9.32,9.32,9.32,0,0
1624965930,9.32,9.32,9.32,9.32,9.32,0,0
1624965935,9.32,9.32,9.32,9.32,9.32,0,0
1624965940,9.32,9.32,9.32,9.32,9.32,0,0
1624965945,9.32,9.32,9.32,9.32,9.32,0,0
1624965950,9.32,9.32,9.32,9.32,9.32,0,0
1624965955,9.32,9.32,9.32,9.32,9.32,0,0
1624965960,9.32,9.32,9.32,9.32,9.32,0,0
1624965965,9.31,9.31,9.3,9.3,9.30533,3,3
1624965970,9.3,9.3,9.3,9.3,9.3,0,0
1624965975,9.3,9.3,9.3,9.3,9.3,0,0
1624965980,9.3,9.3,9.3,9.3,9.3,0,0
1624965985,9.3,9.3,9.3,9.3,9.3,0,0
1624965990,9.3,9.3,9.3,9.3,9.3,0,0
1624965995,9.3,9.3,9.3,9.3,9.3,0,0
1624966000,9.3,9.3,9.3,9.3,9.3,0,0
1624966005,9.3,9.3,9.3,9.3,9.3,0,0
1624966010,9.3,9.3,9.3,9.3,9.3,0,0
1624966015,9.3,9.3,9.3,9.3,9.3,0,0
1624966020,9.3,9.3,9.3,9.3,9.3,0,0
1624966025,9.3,9.3,9.3,9.3,9.3,0,0
1624966030,9.3,9.3,9.3,9.3,9.3,0,0
1624966035,9.3,9.3,9.3,9.3,9.3,0,0
1624966040,9.3,9.3,9.3,9.3,9.3,0,0
1624966045,9.3,9.3,9.3,9.3,9.3,0,0
1624966050,9.3,9.3,9.3,9.3,9.3,0,0
1624966055,9.3,9.3,9.3,9.3,9.3,0,0
1624966060,9.3,9.3,9.3,9.3,9.3,0,0
1624966065,9.3,9.3,9.3,9.3,9.3,0,0
1624966070,9.3,9.3,9.3,9.3,9.3,0,0
1624966075,9.3,9.3,9.3,9.3,9.3,0,0
1624966080,9.3,9.3,9.3,9.3,9.3,0,0
1624966085,9.3,9.3,9.3,9.3,9.3,0,0
1624966090,9.3,9.3,9.3,9.3,9.3,0,0
1624966095,9.3,9.3,9.3,9.3,9.3,0,0
1624966100,9.3,9.3,9.3,9.3,9.3,0,0
1624966105,9.3,9.3,9.3,9.3,9.3,0,0
1624966110,9.3,9.3,9.3,9.3,9.3,0,0
1624966115,9.3,9.3,9.3,9.3,9.3,0,0
1624966120,9.3,9.3,9.3,9.3,9.3,0,0
1624966125,9.3,9.3,9.3,9.3,9.3,0,0
1624966130,9.3,9.3,9.3,9.3,9.3,0,0
1624966135,9.3,9.3,9.3,9.3,9.3,0,0
1624966140,9.3,9.3,9.3,9.3,9.3,0,0
1624966145,9.3,9.3,9.3,9.3,9.3,0,0
1624966150,9.3,9.3,9.3,9.3,9.3,0,0
1624966155,9.3,9.3,9.3,9.3,9.3,0,0
1624966160,9.3,9.3,9.3,9.3,9.3,0,0
1624966165,9.3,9.3,9.3,9.3,9.3,0,0
1624966170,9.3,9.3,9.3,9.3,9.3,0,0
1624966175,9.3,9.3,9.3,9.3,9.3,0,0
1624966180,9.3,9.3,9.3,9.3,9.3,0,0
1624966185,9.3,9.3,9.3,9.3,9.3,0,0
1624966190,9.3,9.3,9.3,9.3,9.3,0,0
1624966195,9.3,9.3,9.3,9.3,9.3,0,0
1624966200,9.3,9.3,9.3,9.3,9.3,0,0
1624966205,9.3,9.3,9.3,9.3,9.3,0,0
1624966210,9.3,9.3,9.3,9.3,9.3,0,0
1624966215,9.3,9.3,9.3,9.3,9.3,0,0
1624966220,9.3,9.3,9.3,9.3,9.3,0,0
1624966225,9.3,9.3,9.3,9.3,9.3,0,0
1624966230,9.3,9.3,9.3,9.3,9.3,0,0
1624966235,9.3,9.3,9.3,9.3,9.3,0,0
1624966240,9.3,9.3,9.3,9.3,9.3,0,0
1624966245,9.3,9.3,9.3,9.3,9.3,0,0
1624966250,9.3,9.3,9.3,9.3,9.3,0,0
1624966255,9.3,9.3,9.3,9.3,9.3,0,0
1624966260,9.3,9.3,9.3,9.3,9.3,0,0
1624966265,9.3,9.3,9.3,9.3,9.3,0,0
1624966270,9.3,9.3,9.3,9.3,9.3,0,0
1624966275,9.3,9.3,9.3,9.3,9.3,0,0
1624966280,9.3,9.3,9.3,9.3,9.3,0,0
1624966285,9.3,9.3,9.3,9.3,9.3,0,0
1624966290,9.3,9.3,9.3,9.3,9.3,0,0
1624966295,9.3,9.3,9.3,9.3,9.3,0,0
1624966300,9.3,9.3,9.3,9.3,9.3,0,0
1624966305,9.3,9.3,9.3,9.3,9.3,0,0
1624966310,9.3,9.3,9.3,9.3,9.3,0,0
1624966315,9.3,9.3,9.3,9.3,9.3,0,0
1624966320,9.3,9.3,9.3,9.3,9.3,0,0
1624966325,9.3,9.3,9.3,9.3,9.3,0,0
1624966330,9.3,9.3,9.3,9.3,9.3,0,0
1624966335,9.3,9.3,9.3,9.3,9.3,0,0
1624966340,9.3,9.3,9.3,9.3,9.3,0,0
1624966345,9.3,9.3,9.3,9.3,9.3,0,0
1624966350,9.3,9.3,9.3,9.3,9.3,0,0
1624966355,9.3,9.3,9.3,9.3,9.3,0,0
1624966360,9.3,9.3,9.3,9.3,9.3,0,0
1624966365,9.3,9.3,9.3,9.3,9.3,0,0
1624966370,9.3,9.3,9.3,9.3,9.3,0,0
1624966375,9.3,9.3,9.3,9.3,9.3,0,0
1624966380,9.3,9.3,9.3,9.3,9.3,0,0
1624966385,9.3,9.3,9.3,9.3,9.3,0,0
1624966390,9.3,9.3,9.3,9.3,9.3,0,0
1624966395,9.3,9.3,9.3,9.3,9.3,0,0
1624966400,9.3,9.3,9.3,9.3,9.3,0,0
1624966405,9.3,9.3,9.3,9.3,9.3,0,0
1624966410,9.3,9.3,9.3,9.3,9.3,0,0
1624966415,9.3,9.3,9.3,9.3,9.3,0,0
1624966420,9.3,9.3,9.3,9.3,9.3,0,0
1624966425,9.3,9.3,9.3,9.3,9.3,0,0
1624966430,9.3,9.3,9.3,9.3,9.3,0,0
1624966435,9.3,9.3,9.3,9.3,9.3,0,0
1624966440,9.3,9.3,9.3,9.3,9.3,0,0
1624966445,9.3,9.3,9.3,9.3,9.3,0,0
1624966450,9.3,9.3,9.3,9.3,9.3,0,0
1624966455,9.3,9.3,9.3,9.3,9.3,0,0
1624966460,9.3,9.3,9.3,9.3,9.3,0,0
1624966465,9.3,9.3,9.3,9.3,9.3,0,0
1624966470,9.3,9.3,9.3,9.3,9.3,0,0
1624966475,9.3,9.3,9.3,9.3,9.3,0,0
1624966480,9.3,9.3,9.3,9.3,9.3,0,0
1624966485,9.3,9.3,9.3,9.3,9.3,0,0
1624966490,9.3,9.3,9.3,9.3,9.3,0,0
1624966495,9.3,9.3,9.3,9.3,9.3,0,0
1624966500,9.3,9.3,9.3,9.3,9.3,0,0
1624966505,9.3,9.3,9.3,9.3,9.3,0,0
1624966510,9.3,9.3,9.3,9.3,9.3,0,0
1624966515,9.3,9.3,9.3,9.3,9.3,0,0
1624966520,9.3,9.3,9.3,9.3,9.3,0,0
1624966525,9.3,9.3,9.3,9.3,9.3,0,0
1624966530,9.3,9.3,9.3,9.3,9.3,0,0
1624966535,9.3,9.3,9.3,9.3,9.3,0,0
1624966540,9.3,9.3,9.3,9.3,9.3,0,0
1624966545,9.3,9.3,9.3,9.3,9.3,0,0
1624966550,9.3,9.3,9.3,9.3,9.3,0,0
1624966555,9.3,9.3,9.3,9.3,9.3,0,0
1624966560,9.3,9.3,9.3,9.3,9.3,0,0
1624966565,9.3,9.3,9.3,9.3,9.3,0,0
1624966570,9.3,9.3,9.3,9.3,9.3,0,0
1624966575,9.3,9.3,9.3,9.3,9.3,0,0
1624966580,9.33,9.35,9.33,9.35,9.34429,7,7
1624966585,9.35,9.35,9.35,9.35,9.35,0,0
1624966590,9.35,9.35,9.35,9.35,9.35,0,0
1624966595,9.35,9.35,9.35,9.35,9.35,0,0
1624966600,9.35,9.35,9.35,9.35,9.35,0,0
1624966605,9.35,9.35,9.35,9.35,9.35,0,0
1624966610,9.35,9.35,9.35,9.35,9.35,0,0
1624966615,9.35,9.35,9.35,9.35,9.35,0,0
1624966620,9.35,9.35,9.35,9.35,9.35,0,0
1624966625,9.35,9.35,9.35,9.35,9.35,0,0
1624966630,9.35,9.35,9.35,9.35,9.35,0,0
1624966635,9.35,9.35,9.35,9.35,9.35,0,0
1624966640,9.35,9.35,9.35,9.35,9.35,0,0
1624966645,9.35,9.35,9.35,9.35,9.35,0,0
1624966650,9.35,9.35,9.35,9.35,9.35,0,0
1624966655,9.35,9.35,9.35,9.35,9.35,0,0
1624966660,9.35,9.35,9.35,9.35,9.35,0,0
1624966665,9.35,9.35,9.35,9.35,9.35,0,0
1624966670,9.35,9.35,9.35,9.35,9.35,0,0
1624966675,9.35,9.35,9.35,9.35,9.35,0,0
1624966680,9.35,9.35,9.35,9.35,9.35,0,0
1624966685,9.35,9.35,9.35,9.35,9.35,0,0
1624966690,9.35,9.35,9.35,9.35,9.35,0,0
1624966695,9.35,9.35,9.35,9.35,9.35,0,0
1624966700,9.35,9.35,9.35,9.35,9.35,0,0
1624966705,9.35,9.35,9.35,9.35,9.35,0,0
1624966710,9.35,9.35,9.35,9.35,9.35,0,0
1624966715,9.35,9.35,9.35,9.35,9.35,0,0
1624966720,9.35,9.35,9.35,9.35,9.35,0,0
1624966725,9.35,9.35,9.35,9.35,9.35,0,0
1624966730,9.35,9.35,9.35,9.35,9.35,0,0
1624966735,9.35,9.35,9.35,9.35,9.35,0,0
1624966740,9.35,9.35,9.35,9.35,9.35,0,0
1624966745,9.35,9.35,9.35,9.35,9.35,0,0
1624966750,9.35,9.35,9.35,9.35,9.35,0,0
1624966755,9.35,9.35,9.35,9.35,9.35,0,0
1624966760,9.34,9.34,9.34,9.34,9.34,1,1
1624966765,9.34,9.34,9.34,9.34,9.34,0,0
1624966770,9.34,9.34,9.34,9.34,9.34,0,0
1624966775,9.34,9.34,9.34,9.34,9.34,0,0
1624966780,9.34,9.34,9.34,9.34,9.34,0,0
1624966785,9.34,9.34,9.34,9.34,9.34,0,0
1624966790,9.34,9.34,9.34,9.34,9.34,0,0
1624966795,9.34,9.34,9.34,9.34,9.34,0,0
1624966800,9.34,9.34,9.34,9.34,9.34,0,0
1624966805,9.34,9.34,9.34,9.34,9.34,0,0
1624966810,9.34,9.34,9.34,9.34,9.34,0,0
1624966815,9.34,9.34,9.34,9.34,9.34,0,0
1624966820,9.34,9.34,9.34,9.34,9.34,0,0
1624966825,9.34,9.34,9.34,9.34,9.34,1,1
1624966830,9.34,9.34,9.34,9.34,9.34,0,0
1624966835,9.34,9.34,9.34,9.34,9.34,0,0
1624966840,9.34,9.34,9.34,9.34,9.34,0,0
1624966845,9.34,9.34,9.34,9.34,9.34,0,0
1624966850,9.34,9.34,9.34,9.34,9.34,0,0
1624966855,9.34,9.34,9.34,9.34,9.34,0,0
1624966860,9.34,9.34,9.34,9.34,9.34,0,0
1624966865,9.34,9.34,9.34,9.34,9.34,0,0
1624966870,9.34,9.34,9.34,9.34,9.34,0,0
1624966875,9.34,9.34,9.34,9.34,9.34,0,0
1624966880,9.34,9.34,9.34,9.34,9.34,0,0
1624966885,9.34,9.34,9.34,9.34,9.34,0,0
1624966890,9.34,9.34,9.34,9.34,9.34,0,0
1624966895,9.34,9.34,9.34,9.34,9.34,0,0
1624966900,9.34,9.34,9.34,9.34,9.34,0,0
1624966905,9.34,9.34,9.34,9.34,9.34,0,0
1624966910,9.34,9.34,9.34,9.34,9.34,0,0
1624966915,9.34,9.34,9.34,9.34,9.34,0,0
1624966920,9.34,9.34,9.34,9.34,9.34,0,0
1624966925,9.34,9.34,9.34,9.34,9.34,0,0
1624966930,9.34,9.34,9.34,9.34,9.34,0,0
1624966935,9.34,9.34,9.34,9.34,9.34,0,0
1624966940,9.34,9.34,9.34,9.34,9.34,0,0
1624966945,9.34,9.34,9.34,9.34,9.34,0,0
1624966950,9.34,9.34,9.34,9.34,9.34,0,0
1624966955,9.34,9.34,9.34,9.34,9.34,0,0
1624966960,9.34,9.34,9.34,9.34,9.34,0,0
1624966965,9.34,9.34,9.34,9.34,9.34,0,0
1624966970,9.34,9.34,9.34,9.34,9.34,0,0
1624966975,9.34,9.34,9.34,9.34,9.34,0,0
1624966980,9.34,9.34,9.34,9.34,9.34,0,0
1624966985,9.34,9.34,9.34,9.34,9.34,0,0
1624966990,9.34,9.34,9.34,9.34,9.34,0,0
1624966995,9.34,9.34,9.34,9.34,9.34,0,0
1624967000,9.34,9.34,9.34,9.34,9.34,0,0
1624967005,9.34,9.34,9.34,9.34,9.34,0,0
1624967010,9.34,9.34,9.34,9.34,9.34,0,0
1624967015,9.34,9.34,9.34,9.34,9.34,0,0
1624967020,9.34,9.34,9.34,9.34,9.34,0,0
1624967025,9.34,9.34,9.34,9.34,9.34,0,0
1624967030,9.34,9.34,9.34,9.34,9.34,0,0
1624967035,9.34,9.34,9.34,9.34,9.34,0,0
1624967040,9.34,9.34,9.34,9.34,9.34,0,0
1624967045,9.34,9.34,9.34,9.34,9.34,0,0
1624967050,9.34,9.34,9.34,9.34,9.34,0,0
1624967055,9.34,9.34,9.34,9.34,9.34,0,0
1624967060,9.34,9.34,9.34,9.34,9.34,0,0
1624967065,9.34,9.34,9.34,9.34,9.34,0,0
1624967070,9.34,9.34,9.34,9.34,9.34,0,0
1624967075,9.34,9.34,9.34,9.34,9.34,0,0
1624967080,9.34,9.34,9.34,9.34,9.34,0,0
1624967085,9.34,9.34,9.34,9.34,9.34,0,0
1624967090,9.34,9.34,9.34,9.34,9.34,0,0
1624967095,9.34,9.34,9.34,9.34,9.34,0,0
1624967100,9.34,9.34,9.34,9.34,9.34,0,0
1624967105,9.34,9.34,9.34,9.34,9.34,0,0
1624967110,9.32,9.32,9.32,9.32,9.32,20,2
1624967115,9.32,9.32,9.32,9.32,9.32,0,0
1624967120,9.32,9.32,9.32,9.32,9.32,0,0
1624967125,9.32,9.32,9.32,9.32,9.32,0,0
1624967130,9.32,9.32,9.32,9.32,9.32,0,0
1624967135,9.32,9.32,9.32,9.32,9.32,0,0
1624967140,9.32,9.32,9.32,9.32,9.32,0,0
1624967145,9.32,9.32,9.32,9.32,9.32,0,0
1624967150,9.32,9.32,9.32,9.32,9.32,0,0
1624967155,9.32,9.32,9.32,9.32,9.32,0,0
1624967160,9.32,9.32,9.32,9.32,9.32,0,0
1624967165,9.32,9.32,9.32,9.32,9.32,0,0
1624967170,9.32,9.32,9.32,9.32,9.32,0,0
1624967175,9.32,9.32,9.32,9.32,9.32,0,0
1624967180,9.32,9.32,9.32,9.32,9.32,0,0
1624967185,9.32,9.32,9.32,9.32,9.32,0,0
1624967190,9.32,9.32,9.32,9.32,9.32,0,0
1624967195,9.32,9.32,9.32,9.32,9.32,0,0
1624967200,9.32,9.32,9.32,9.32,9.32,0,0
1624967205,9.32,9.32,9.32,9.32,9.32,0,0
1624967210,9.32,9.32,9.32,9.32,9.32,0,0
1624967215,9.32,9.32,9.32,9.32,9.32,0,0
1624967220,9.32,9.32,9.32,9.32,9.32,0,0
1624967225,9.32,9.32,9.32,9.32,9.32,0,0
1624967230,9.32,9.32,9.32,9.32,9.32,0,0
1624967235,9.32,9.32,9.32,9.32,9.32,0,0
1624967240,9.32,9.32,9.32,9.32,9.32,0,0
1624967245,9.32,9.32,9.32,9.32,9.32,0,0
1624967250,9.32,9.32,9.32,9.32,9.32,0,0
1624967255,9.32,9.32,9.32,9.32,9.32,0,0
1624967260,9.32,9.32,9.32,9.32,9.32,0,0
1624967265,9.32,9.32,9.32,9.32,9.32,0,0
1624967270,9.32,9.32,9.32,9.32,9.32,0,0
1624967275,9.32,9.32,9.32,9.32,9.32,0,0
1624967280,9.32,9.32,9.32,9.32,9.32,0,0
1624967285,9.32,9.32,9.32,9.32,9.32,3,1
1624967290,9.32,9.32,9.32,9.32,9.32,0,0
1624967295,9.32,9.32,9.32,9.32,9.32,0,0
1624967300,9.32,9.32,9.32,9.32,9.32,0,0
1624967305,9.32,9.32,9.32,9.32,9.32,0,0
1624967310,9.32,9.32,9.32,9.32,9.32,0,0
1624967315,9.32,9.32,9.32,9.32,9.32,0,0
1624967320,9.32,9.32,9.32,9.32,9.32,0,0
1624967325,9.32,9.32,9.32,9.32,9.32,0,0
1624967330,9.32,9.32,9.32,9.32,9.32,0,0
1624967335,9.32,9.32,9.32,9.32,9.32,0,0
1624967340,9.32,9.32,9.32,9.32,9.32,28,7
1624967345,9.32,9.32,9.32,9.32,9.32,4,1
1624967350,9.32,9.32,9.32,9.32,9.32,0,0
1624967355,9.32,9.32,9.32,9.32,9.32,0,0
1624967360,9.32,9.32,9.32,9.32,9.32,0,0
1624967365,9.32,9.32,9.32,9.32,9.32,0,0
1624967370,9.32,9.32,9.32,9.32,9.32,0,0
1624967375,9.32,9.32,9.32,9.32,9.32,0,0
1624967380,9.32,9.32,9.32,9.32,9.32,0,0
1624967385,9.32,9.32,9.32,9.32,9.32,0,0
1624967390,9.32,9.32,9.32,9.32,9.32,0,0
1624967395,9.32,9.32,9.32,9.32,9.32,0,0
1624967400,9.32,9.32,9.32,9.32,9.32,0,0
1624967405,9.32,9.32,9.32,9.32,9.32,0,0
1624967410,9.32,9.32,9.32,9.32,9.32,0,0
1624967415,9.32,9.32,9.32,9.32,9.32,0,0
1624967420,9.32,9.32,9.32,9.32,9.32,0,0
1624967425,9.32,9.32,9.32,9.32,9.32,0,0
1624967430,9.32,9.32,9.32,9.32,9.32,0,0
1624967435,9.32,9.32,9.32,9.32,9.32,0,0
1624967440,9.32,9.32,9.32,9.32,9.32,0,0
1624967445,9.32,9.32,9.32,9.32,9.32,0,0
1624967450,9.32,9.32,9.32,9.32,9.32,0,0
1624967455,9.32,9.32,9.32,9.32,9.32,0,0
1624967460,9.32,9.32,9.32,9.32,9.32,0,0
1624967465,9.32,9.32,9.32,9.32,9.32,0,0
1624967470,9.32,9.32,9.32,9.32,9.32,0,0
1624967475,9.32,9.32,9.32,9.32,9.32,0,0
1624967480,9.32,9.32,9.32,9.32,9.32,0,0
1624967485,9.32,9.32,9.32,9.32,9.32,0,0
1624967490,9.32,9.32,9.32,9.32,9.32,0,0
1624967495,9.32,9.32,9.32,9.32,9.32,0,0
1624967500,9.32,9.32,9.32,9.32,9.32,0,0
1624967505,9.32,9.32,9.32,9.32,9.32,0,0
1624967510,9.32,9.32,9.32,9.32,9.32,0,0
1624967515,9.32,9.32,9.32,9.32,9.32,0,0
1624967520,9.32,9.32,9.32,9.32,9.32,0,0
1624967525,9.32,9.32,9.32,9.32,9.32,0,0
1624967530,9.32,9.32,9.32,9.32,9.32,0,0
1624967535,9.32,9.32,9.32,9.32,9.32,0,0
1624967540,9.32,9.32,9.32,9.32,9.32,0,0
1624967545,9.32,9.32,9.32,9.32,9.32,0,0
1624967550,9.32,9.32,9.32,9.32,9.32,0,0
1624967555,9.32,9.32,9.32,9.32,9.32,0,0
1624967560,9.32,9.32,9.32,9.32,9.32,0,0
1624967565,9.32,9.32,9.32,9.32,9.32,0,0
1624967570,9.32,9.32,9.32,9.32,9.32,0,0
1624967575,9.32,9.32,9.32,9.32,9.32,0,0
1624967580,9.32,9.32,9.32,9.32,9.32,0,0
1624967585,9.32,9.32,9.32,9.32,9.32,0,0
1624967590,9.32,9.32,9.32,9.32,9.32,0,0
1624967595,9.32,9.32,9.32,9.32,9.32,0,0
1624967600,9.32,9.32,9.32,9.32,9.32,0,0
1624967605,9.32,9.32,9.32,9.32,9.32,0,0
1624967610,9.32,9.32,9.32,9.32,9.32,0,0
1624967615,9.33,9.33,9.33,9.33,9.33,1,1
1624967620,9.33,9.33,9.33,9.33,9.33,0,0
1624967625,9.33,9.33,9.33,9.33,9.33,0,0
1624967630,9.33,9.33,9.33,9.33,9.33,0,0
1624967635,9.33,9.33,9.33,9.33,9.33,0,0
1624967640,9.33,9.33,9.33,9.33,9.33,0,0
1624967645,9.33,9.33,9.33,9.33,9.33,0,0
1624967650,9.33,9.33,9.33,9.33,9.33,0,0
1624967655,9.33,9.33,9.33,9.33,9.33,0,0
1624967660,9.33,9.33,9.33,9.33,9.33,0,0
1624967665,9.33,9.33,9.33,9.33,9.33,0,0
1624967670,9.33,9.33,9.33,9.33,9.33,0,0
1624967675,9.33,9.33,9.33,9.33,9.33,0,0
1624967680,9.33,9.33,9.33,9.33,9.33,0,0
1624967685,9.33,9.33,9.33,9.33,9.33,0,0
1624967690,9.33,9.33,9.33,9.33,9.33,0,0
1624967695,9.33,9.33,9.33,9.33,9.33,0,0
1624967700,9.33,9.33,9.33,9.33,9.33,0,0
1624967705,9.33,9.33,9.33,9.33,9.33,0,0
1624967710,9.33,9.33,9.33,9.33,9.33,0,0
1624967715,9.33,9.33,9.33,9.33,9.33,0,0
1624967720,9.33,9.33,9.33,9.33,9.33,0,0
1624967725,9.33,9.33,9.33,9.33,9.33,0,0
1624967730,9.33,9.33,9.33,9.33,9.33,0,0
1624967735,9.33,9.33,9.33,9.33,9.33,0,0
1624967740,9.33,9.33,9.33,9.33,9.33,0,0
1624967745,9.33,9.33,9.33,9.33,9.33,0,0
1624967750,9.33,9.33,9.33,9.33,9.33,0,0
1624967755,9.33,9.33,9.33,9.33,9.33,0,0
1624967760,9.33,9.33,9.33,9.33,9.33,0,0
1624967765,9.33,9.35,9.33,9.35,9.33485,21,9
1624967770,9.34,9.34,9.34,9.34,9.34,2,2
1624967775,9.34,9.34,9.34,9.34,9.34,0,0
1624967780,9.34,9.34,9.34,9.34,9.34,0,0
1624967785,9.34,9.34,9.34,9.34,9.34,0,0
1624967790,9.34,9.34,9.34,9.34,9.34,0,0
1624967795,9.34,9.34,9.34,9.34,9.34,0,0
1624967800,9.34,9.34,9.34,9.34,9.34,0,0
1624967805,9.34,9.34,9.34,9.34,9.34,0,0
1624967810,9.34,9.34,9.34,9.34,9.34,0,0
1624967815,9.34,9.34,9.34,9.34,9.34,0,0
1624967820,9.34,9.34,9.34,9.34,9.34,0,0
1624967825,9.34,9.34,9.34,9.34,9.34,0,0
1624967830,9.34,9.34,9.34,9.34,9.34,0,0
1624967835,9.34,9.34,9.34,9.34,9.34,0,0
1624967840,9.34,9.34,9.34,9.34,9.34,0,0
1624967845,9.34,9.34,9.34,9.34,9.34,0,0
1624967850,9.34,9.34,9.34,9.34,9.34,0,0
1624967855,9.34,9.34,9.34,9.34,9.34,0,0
1624967860,9.34,9.34,9.34,9.34,9.34,0,0
1624967865,9.34,9.34,9.34,9.34,9.34,0,0
1624967870,9.34,9.34,9.34,9.34,9.34,0,0
1624967875,9.34,9.34,9.34,9.34,9.34,0,0
1624967880,9.34,9.34,9.34,9.34,9.34,0,0
1624967885,9.34,9.34,9.34,9.34,9.34,0,0
1624967890,9.34,9.34,9.34,9.34,9.34,0,0
1624967895,9.34,9.34,9.34,9.34,9.34,0,0
1624967900,9.34,9.34,9.34,9.34,9.34,0,0
1624967905,9.34,9.34,9.34,9.34,9.34,0,0
1624967910,9.34,9.34,9.34,9.34,9.34,0,0
1624967915,9.34,9.34,9.34,9.34,9.34,0,0
1624967920,9.34,9.34,9.34,9.34,9.34,0,0
1624967925,9.34,9.34,9.34,9.34,9.34,0,0
1624967930,9.34,9.34,9.34,9.34,9.34,0,0
1624967935,9.34,9.34,9.34,9.34,9.34,0,0
1624967940,9.34,9.34,9.34,9.34,9.34,0,0
1624967945,9.34,9.34,9.34,9.34,9.34,0,0
1624967950,9.34,9.34,9.34,9.34,9.34,0,0
1624967955,9.34,9.34,9.34,9.34,9.34,0,0
1624967960,9.34,9.34,9.34,9.34,9.34,0,0
1624967965,9.34,9.34,9.34,9.34,9.34,0,0
1624967970,9.34,9.34,9.34,9.34,9.34,0,0
1624967975,9.34,9.34,9.34,9.34,9.34,0,0
1624967980,9.34,9.34,9.34,9.34,9.34,0,0
1624967985,9.34,9.34,9.34,9.34,9.34,0,0
1624967990,9.34,9.34,9.34,9.34,9.34,0,0
1624967995,9.34,9.34,9.34,9.34,9.34,0,0
1624968000,9.3399,9.35,9.3,9.32,9.33494,168,30
1624968005,9.32,9.32,9.32,9.32,9.32,0,0
1624968010,9.32,9.32,9.32,9.32,9.32,0,0
1624968015,9.32,9.32,9.32,9.32,9.32,0,0
1624968020,9.32,9.32,9.32,9.32,9.32,0,0
1624968025,9.32,9.32,9.32,9.32,9.32,0,0
1624968030,9.32,9.32,9.32,9.32,9.32,0,0
1624968035,9.32,9.32,9.32,9.32,9.32,0,0
1624968040,9.33,9.33,9.33,9.33,9.33,3,1
1624968045,9.33,9.33,9.33,9.33,9.33,0,0
1624968050,9.33,9.33,9.33,9.33,9.33,0,0
1624968055,9.33,9.33,9.33,9.33,9.33,0,0
1624968060,9.33,9.33,9.33,9.33,9.33,0,0
1624968065,9.33,9.33,9.33,9.33,9.33,0,0
1624968070,9.33,9.33,9.33,9.33,9.33,0,0
1624968075,9.33,9.33,9.33,9.33,9.33,0,0
1624968080,9.33,9.33,9.33,9.33,9.33,0,0
1624968085,9.33,9.33,9.33,9.33,9.33,0,0
1624968090,9.33,9.33,9.33,9.33,9.33,0,0
1624968095,9.33,9.33,9.33,9.33,9.33,1,1
1624968100,9.33,9.33,9.33,9.33,9.33,0,0
1624968105,9.33,9.33,9.33,9.33,9.33,0,0
1624968110,9.33,9.33,9.33,9.33,9.33,0,0
1624968115,9.33,9.33,9.33,9.33,9.33,0,0
1624968120,9.33,9.33,9.33,9.33,9.33,0,0
1624968125,9.33,9.33,9.33,9.33,9.33,0,0
1624968130,9.33,9.33,9.33,9.33,9.33,0,0
1624968135,9.33,9.33,9.33,9.33,9.33,0,0
1624968140,9.33,9.33,9.33,9.33,9.33,11,3
1624968145,9.33,9.33,9.33,9.33,9.33,0,0
1624968150,9.33,9.33,9.33,9.33,9.33,0,0
1624968155,9.33,9.33,9.33,9.33,9.33,0,0
1624968160,9.33,9.33,9.33,9.33,9.33,0,0
1624968165,9.33,9.33,9.33,9.33,9.33,0,0
1624968170,9.33,9.33,9.33,9.33,9.33,0,0
1624968175,9.33,9.33,9.33,9.33,9.33,0,0
1624968180,9.33,9.33,9.33,9.33,9.33,0,0
1624968185,9.33,9.33,9.33,9.33,9.33,0,0
1624968190,9.33,9.33,9.33,9.33,9.33,0,0
1624968195,9.33,9.33,9.33,9.33,9.33,0,0
1624968200,9.33,9.33,9.33,9.33,9.33,0,0
1624968205,9.33,9.33,9.33,9.33,9.33,0,0
1624968210,9.33,9.33,9.33,9.33,9.33,0,0
1624968215,9.33,9.33,9.33,9.33,9.33,0,0
1624968220,9.33,9.33,9.32,9.32,9.32611,16,2
1624968225,9.32,9.32,9.32,9.32,9.32,0,0
1624968230,9.32,9.32,9.32,9.32,9.32,0,0
1624968235,9.32,9.32,9.32,9.32,9.32,0,0
1624968240,9.32,9.32,9.32,9.32,9.32,0,0
1624968245,9.32,9.32,9.32,9.32,9.32,0,0
1624968250,9.32,9.32,9.32,9.32,9.32,0,0
1624968255,9.32,9.32,9.32,9.32,9.32,0,0
1624968260,9.32,9.32,9.32,9.32,9.32,0,0
1624968265,9.32,9.32,9.32,9.32,9.32,0,0
1624968270,9.32,9.32,9.32,9.32,9.32,0,0
1624968275,9.32,9.32,9.32,9.32,9.32,0,0
1624968280,9.32,9.32,9.32,9.32,9.32,0,0
1624968285,9.31,9.31,9.31,9.31,9.31,1,1
1624968290,9.31,9.31,9.31,9.31,9.31,0,0
1624968295,9.31,9.31,9.31,9.31,9.31,0,0
1624968300,9.31,9.31,9.31,9.31,9.31,0,0
1624968305,9.31,9.31,9.31,9.31,9.31,0,0
1624968310,9.31,9.31,9.31,9.31,9.31,0,0
1624968315,9.31,9.31,9.31,9.31,9.31,0,0
1624968320,9.31,9.31,9.31,9.31,9.31,0,0
1624968325,9.31,9.31,9.31,9.31,9.31,0,0
1624968330,9.31,9.31,9.31,9.31,9.31,0,0
1624968335,9.31,9.31,9.31,9.31,9.31,0,0
1624968340,9.31,9.31,9.31,9.31,9.31,0,0
1624968345,9.31,9.31,9.31,9.31,9.31,0,0
1624968350,9.31,9.31,9.31,9.31,9.31,0,0
1624968355,9.31,9.31,9.31,9.31,9.31,0,0
1624968360,9.31,9.31,9.31,9.31,9.31,0,0
1624968365,9.31,9.31,9.31,9.31,9.31,0,0
1624968370,9.31,9.31,9.31,9.31,9.31,0,0
1624968375,9.31,9.31,9.31,9.31,9.31,0,0
1624968380,9.31,9.31,9.31,9.31,9.31,0,0
1624968385,9.31,9.31,9.31,9.31,9.31,0,0
1624968390,9.31,9.31,9.31,9.31,9.31,0,0
1624968395,9.31,9.31,9.31,9.31,9.31,0,0
1624968400,9.31,9.32,9.31,9.32,9.315,2,2
1624968405,9.32,9.32,9.32,9.32,9.32,0,0
1624968410,9.32,9.32,9.32,9.32,9.32,0,0
1624968415,9.32,9.32,9.32,9.32,9.32,0,0
1624968420,9.32,9.32,9.32,9.32,9.32,0,0
1624968425,9.32,9.32,9.32,9.32,9.32,0,0
1624968430,9.32,9.32,9.32,9.32,9.32,0,0
1624968435,9.32,9.32,9.32,9.32,9.32,0,0
1624968440,9.32,9.32,9.32,9.32,9.32,0,0
1624968445,9.32,9.32,9.32,9.32,9.32,0,0
1624968450,9.32,9.32,9.32,9.32,9.32,0,0
1624968455,9.32,9.32,9.3101,9.3101,9.3112,9,2
1624968460,9.3101,9.3101,9.3101,9.3101,9.3101,0,0
1624968465,9.3101,9.3101,9.3101,9.3101,9.3101,0,0
1624968470,9.3101,9.3101,9.3101,9.3101,9.3101,0,0
1624968475,9.3101,9.3101,9.3101,9.3101,9.3101,0,0
1624968480,9.3101,9.3101,9.3101,9.3101,9.3101,0,0
1624968485,9.3101,9.3101,9.3101,9.3101,9.3101,0,0
1624968490,9.3101,9.3101,9.3101,9.3101,9.3101,0,0
1624968495,9.3101,9.3101,9.3101,9.3101,9.3101,0,0
1624968500,9.3101,9.3101,9.3101,9.3101,9.3101,0,0
1624968505,9.3101,9.3101,9.3101,9.3101,9.3101,0,0
1624968510,9.32,9.32,9.32,9.32,9.32,20,9
1624968515,9.32,9.32,9.32,9.32,9.32,0,0
1624968520,9.32,9.32,9.32,9.32,9.32,0,0
1624968525,9.32,9.32,9.32,9.32,9.32,0,0
1624968530,9.32,9.32,9.32,9.32,9.32,0,0
1624968535,9.32,9.32,9.32,9.32,9.32,0,0
1624968540,9.32,9.32,9.32,9.32,9.32,0,0
1624968545,9.32,9.32,9.32,9.32,9.32,0,0
1624968550,9.32,9.32,9.32,9.32,9.32,0,0
1624968555,9.32,9.32,9.32,9.32,9.32,0,0
1624968560,9.32,9.32,9.32,9.32,9.32,0,0
1624968565,9.32,9.32,9.32,9.32,9.32,0,0
1624968570,9.32,9.32,9.32,9.32,9.32,0,0
1624968575,9.32,9.32,9.32,9.32,9.32,0,0
1624968580,9.32,9.32,9.32,9.32,9.32,0,0
1624968585,9.33,9.34,9.33,9.34,9.33047,21,13
1624968590,9.34,9.34,9.34,9.34,9.34,0,0
1624968595,9.34,9.34,9.34,9.34,9.34,0,0
1624968600,9.34,9.34,9.34,9.34,9.34,0,0
1624968605,9.34,9.34,9.34,9.34,9.34,0,0
1624968610,9.34,9.34,9.34,9.34,9.34,0,0
1624968615,9.34,9.34,9.34,9.34,9.34,0,0
1624968620,9.34,9.34,9.34,9.34,9.34,0,0
1624968625,9.34,9.34,9.34,9.34,9.34,0,0
1624968630,9.34,9.34,9.34,9.34,9.34,0,0
1624968635,9.34,9.34,9.34,9.34,9.34,0,0
1624968640,9.34,9.34,9.34,9.34,9.34,0,0
1624968645,9.34,9.34,9.34,9.34,9.34,0,0
1624968650,9.34,9.35,9.34,9.35,9.34667,3,3
1624968655,9.35,9.35,9.35,9.35,9.35,0,0
1624968660,9.35,9.35,9.35,9.35,9.35,0,0
1624968665,9.35,9.35,9.35,9.35,9.35,0,0
1624968670,9.35,9.35,9.35,9.35,9.35,0,0
1624968675,9.35,9.35,9.35,9.35,9.35,0,0
1624968680,9.36,9.36,9.36,9.36,9.36,4,3
1624968685,9.37,9.38,9.37,9.38,9.37231,17,5
1624968690,9.38,9.38,9.38,9.38,9.38,0,0
1624968695,9.38,9.38,9.38,9.38,9.38,0,0
1624968700,9.37,9.39,9.37,9.39,9.38,4,4
1624968705,9.39,9.39,9.39,9.39,9.39,0,0
1624968710,9.39,9.39,9.39,9.39,9.39,2,1
1624968715,9.39,9.39,9.39,9.39,9.39,0,0
1624968720,9.39,9.39,9.39,9.39,9.39,0,0
1624968725,9.39,9.39,9.39,9.39,9.39,0,0
1624968730,9.39,9.39,9.39,9.39,9.39,0,0
1624968735,9.39,9.39,9.39,9.39,9.39,0,0
1624968740,9.39,9.39,9.39,9.39,9.39,0,0
1624968745,9.39,9.39,9.39,9.39,9.39,0,0
1624968750,9.39,9.39,9.39,9.39,9.39,0,0
1624968755,9.38,9.4,9.38,9.38,9.3932,61,25
1624968760,9.39,9.39,9.39,9.39,9.39,10,1
1624968765,9.39,9.39,9.39,9.39,9.39,0,0
1624968770,9.39,9.39,9.39,9.39,9.39,0,0
1624968775,9.39,9.39,9.39,9.39,9.39,0,0
1624968780,9.37,9.39,9.37,9.39,9.38,6,6
1624968785,9.38,9.38,9.38,9.38,9.38,1,1
1624968790,9.38,9.38,9.38,9.38,9.38,0,0
1624968795,9.38,9.38,9.38,9.38,9.38,0,0
1624968800,9.38,9.38,9.38,9.38,9.38,0,0
1624968805,9.38,9.38,9.38,9.38,9.38,0,0
1624968810,9.38,9.38,9.38,9.38,9.38,0,0
1624968815,9.38,9.38,9.38,9.38,9.38,0,0
1624968820,9.38,9.38,9.38,9.38,9.38,0,0
1624968825,9.38,9.38,9.38,9.38,9.38,0,0
1624968830,9.38,9.38,9.38,9.38,9.38,0,0
1624968835,9.38,9.38,9.38,9.38,9.38,0,0
1624968840,9.38,9.38,9.38,9.38,9.38,0,0
1624968845,9.38,9.38,9.38,9.38,9.38,0,0
1624968850,9.38,9.38,9.38,9.38,9.38,0,0
1624968855,9.38,9.38,9.38,9.38,9.38,0,0
1624968860,9.399,9.4,9.399,9.4,9.3999,9,7
1624968865,9.4,9.4,9.4,9.4,9.4,0,0
1624968870,9.38,9.38,9.38,9.38,9.38,1,1
1624968875,9.38,9.38,9.38,9.38,9.38,0,0
1624968880,9.41,9.41,9.41,9.41,9.41,100,1
1624968885,9.41,9.41,9.41,9.41,9.41,0,0
1624968890,9.39,9.4,9.38,9.4,9.38279,10,5
1624968895,9.41,9.41,9.41,9.41,9.41,103,4
1624968900,9.41,9.41,9.41,9.41,9.41,0,0
1624968905,9.41,9.41,9.41,9.41,9.41,0,0
1624968910,9.41,9.41,9.41,9.41,9.41,0,0
1624968915,9.41,9.41,9.41,9.41,9.41,0,0
1624968920,9.41,9.41,9.41,9.41,9.41,0,0
1624968925,9.41,9.41,9.41,9.41,9.41,0,0
1624968930,9.41,9.41,9.41,9.41,9.41,0,0
1624968935,9.41,9.41,9.41,9.41,9.41,0,0
1624968940,9.41,9.41,9.41,9.41,9.41,0,0
1624968945,9.41,9.41,9.41,9.41,9.41,0,0
1624968950,9.41,9.41,9.41,9.41,9.41,0,0
1624968955,9.41,9.41,9.41,9.41,9.41,0,0
1624968960,9.41,9.41,9.41,9.41,9.41,0,0
1624968965,9.41,9.43,9.41,9.42,9.42676,30,12
1624968970,9.42,9.42,9.42,9.42,9.42,0,0
1624968975,9.41,9.42,9.41,9.42,9.41091,55,8
1624968980,9.4299,9.4299,9.4299,9.4299,9.4299,3,1
1624968985,9.41,9.41,9.41,9.41,9.41,54,3
1624968990,9.41,9.41,9.41,9.41,9.41,0,0
1624968995,9.41,9.41,9.41,9.41,9.41,0,0
1624969000,9.41,9.41,9.41,9.41,9.41,0,0
1624969005,9.41,9.41,9.41,9.41,9.41,0,0
1624969010,9.41,9.41,9.41,9.41,9.41,0,0
1624969015,9.41,9.41,9.41,9.41,9.41,0,0
1624969020,9.41,9.41,9.41,9.41,9.41,0,0
1624969025,9.41,9.41,9.41,9.41,9.41,0,0
1624969030,9.41,9.41,9.41,9.41,9.41,0,0
1624969035,9.4099,9.4099,9.4099,9.4099,9.4099,4,1
1624969040,9.4099,9.4099,9.4099,9.4099,9.4099,0,0
1624969045,9.38,9.38,9.36,9.36,9.375,12,10
1624969050,9.36,9.36,9.36,9.36,9.36,0,0
1624969055,9.36,9.36,9.36,9.36,9.36,0,0
1624969060,9.36,9.36,9.36,9.36,9.36,0,0
1624969065,9.36,9.36,9.36,9.36,9.36,0,0
1624969070,9.36,9.36,9.36,9.36,9.36,0,0
1624969075,9.36,9.36,9.36,9.36,9.36,0,0
1624969080,9.36,9.36,9.36,9.36,9.36,0,0
1624969085,9.36,9.36,9.36,9.36,9.36,0,0
1624969090,9.36,9.36,9.36,9.36,9.36,0,0
1624969095,9.36,9.36,9.36,9.36,9.36,0,0
1624969100,9.36,9.36,9.36,9.36,9.36,0,0
1624969105,9.36,9.36,9.36,9.36,9.36,0,0
1624969110,9.36,9.36,9.36,9.36,9.36,0,0
1624969115,9.36,9.36,9.36,9.36,9.36,0,0
1624969120,9.36,9.36,9.36,9.36,9.36,0,0
1624969125,9.36,9.36,9.36,9.36,9.36,0,0
1624969130,9.36,9.36,9.36,9.36,9.36,0,0
1624969135,9.38,9.38,9.38,9.38,9.38,1,1
1624969140,9.38,9.38,9.38,9.38,9.38,0,0
1624969145,9.38,9.38,9.38,9.38,9.38,0,0
1624969150,9.38,9.38,9.38,9.38,9.38,0,0
1624969155,9.38,9.38,9.38,9.38,9.38,0,0
1624969160,9.38,9.38,9.38,9.38,9.38,0,0
1624969165,9.38,9.38,9.38,9.38,9.38,0,0
1624969170,9.38,9.38,9.38,9.38,9.38,0,0
1624969175,9.38,9.38,9.38,9.38,9.38,0,0
1624969180,9.38,9.38,9.38,9.38,9.38,0,0
1624969185,9.38,9.38,9.38,9.38,9.38,0,0
1624969190,9.38,9.38,9.38,9.38,9.38,0,0
1624969195,9.38,9.38,9.38,9.38,9.38,0,0
1624969200,9.38,9.38,9.38,9.38,9.38,0,0
1624969205,9.38,9.38,9.38,9.38,9.38,0,0
1624969210,9.38,9.38,9.38,9.38,9.38,0,0
1624969215,9.38,9.38,9.38,9.38,9.38,0,0
1624969220,9.38,9.38,9.38,9.38,9.38,2,1
1624969225,9.38,9.38,9.38,9.38,9.38,0,0
1624969230,9.38,9.38,9.38,9.38,9.38,0,0
1624969235,9.38,9.38,9.38,9.38,9.38,0,0
1624969240,9.38,9.38,9.38,9.38,9.38,0,0
1624969245,9.38,9.38,9.38,9.38,9.38,0,0
1624969250,9.38,9.38,9.38,9.38,9.38,0,0
1624969255,9.38,9.38,9.38,9.38,9.38,0,0
1624969260,9.38,9.38,9.38,9.38,9.38,0,0
1624969265,9.38,9.38,9.38,9.38,9.38,0,0
1624969270,9.38,9.38,9.38,9.38,9.38,0,0
1624969275,9.38,9.38,9.38,9.38,9.38,0,0
1624969280,9.38,9.38,9.38,9.38,9.38,0,0
1624969285,9.38,9.38,9.38,9.38,9.38,2,1
1624969290,9.38,9.38,9.38,9.38,9.38,0,0
1624969295,9.38,9.38,9.38,9.38,9.38,0,0
1624969300,9.38,9.38,9.38,9.38,9.38,0,0
1624969305,9.38,9.38,9.38,9.38,9.38,0,0
1624969310,9.38,9.38,9.38,9.38,9.38,0,0
1624969315,9.38,9.38,9.38,9.38,9.38,2,1
1624969320,9.38,9.38,9.38,9.38,9.38,1,1
1624969325,9.38,9.38,9.38,9.38,9.38,0,0
1624969330,9.38,9.38,9.38,9.38,9.38,0,0
1624969335,9.38,9.38,9.38,9.38,9.38,0,0
1624969340,9.38,9.38,9.38,9.38,9.38,0,0
1624969345,9.38,9.38,9.38,9.38,9.38,0,0
1624969350,9.38,9.38,9.38,9.38,9.38,0,0
1624969355,9.38,9.38,9.38,9.38,9.38,0,0
1624969360,9.38,9.38,9.38,9.38,9.38,0,0
1624969365,9.38,9.38,9.38,9.38,9.38,0,0
1624969370,9.38,9.38,9.38,9.38,9.38,0,0
1624969375,9.38,9.38,9.38,9.38,9.38,0,0
1624969380,9.38,9.38,9.38,9.38,9.38,0,0
1624969385,9.38,9.38,9.38,9.38,9.38,0,0
1624969390,9.38,9.38,9.38,9.38,9.38,0,0
1624969395,9.38,9.38,9.38,9.38,9.38,0,0
1624969400,9.38,9.38,9.38,9.38,9.38,4,4
1624969405,9.38,9.38,9.38,9.38,9.38,193,2
1624969410,9.38,9.38,9.38,9.38,9.38,0,0
1624969415,9.38,9.38,9.38,9.38,9.38,0,0
1624969420,9.38,9.38,9.38,9.38,9.38,0,0
1624969425,9.38,9.38,9.38,9.38,9.38,0,0
1624969430,9.38,9.38,9.38,9.38,9.38,1,1
1624969435,9.38,9.38,9.38,9.38,9.38,5,2
1624969440,9.38,9.38,9.38,9.38,9.38,0,0
1624969445,9.38,9.38,9.38,9.38,9.38,0,0
1624969450,9.389,9.39,9.389,9.39,9.38967,3,3
1624969455,9.39,9.39,9.39,9.39,9.39,0,0
1624969460,9.39,9.39,9.39,9.39,9.39,0,0
1624969465,9.39,9.39,9.39,9.39,9.39,0,0
1624969470,9.39,9.39,9.39,9.39,9.39,0,0
1624969475,9.39,9.39,9.39,9.39,9.39,10,1
1624969480,9.39,9.39,9.39,9.39,9.39,0,0
1624969485,9.39,9.39,9.39,9.39,9.39,0,0
1624969490,9.39,9.39,9.39,9.39,9.39,0,0
1624969495,9.39,9.39,9.39,9.39,9.39,0,0
1624969500,9.39,9.39,9.39,9.39,9.39,0,0
1624969505,9.39,9.39,9.39,9.39,9.39,0,0
1624969510,9.39,9.39,9.39,9.39,9.39,0,0
1624969515,9.39,9.39,9.39,9.39,9.39,0,0
1624969520,9.39,9.39,9.39,9.39,9.39,0,0
1624969525,9.39,9.39,9.39,9.39,9.39,10,1
1624969530,9.39,9.39,9.39,9.39,9.39,0,0
1624969535,9.39,9.39,9.39,9.39,9.39,0,0
1624969540,9.39,9.39,9.39,9.39,9.39,0,0
1624969545,9.39,9.39,9.39,9.39,9.39,0,0
1624969550,9.39,9.39,9.39,9.39,9.39,0,0
1624969555,9.39,9.39,9.39,9.39,9.39,0,0
1624969560,9.39,9.39,9.39,9.39,9.39,0,0
1624969565,9.39,9.39,9.39,9.39,9.39,0,0
1624969570,9.39,9.39,9.39,9.39,9.39,0,0
1624969575,9.39,9.39,9.39,9.39,9.39,0,0
1624969580,9.39,9.39,9.39,9.39,9.39,0,0
1624969585,9.39,9.39,9.39,9.39,9.39,0,0
1624969590,9.39,9.39,9.39,9.39,9.39,0,0
1624969595,9.39,9.39,9.39,9.39,9.39,0,0
1624969600,9.39,9.39,9.39,9.39,9.39,0,0
1624969605,9.39,9.4,9.39,9.4,9.3985,20,11
1624969610,9.4,9.4,9.4,9.4,9.4,0,0
1624969615,9.4,9.4,9.4,9.4,9.4,0,0
1624969620,9.4,9.4,9.4,9.4,9.4,0,0
1624969625,9.4,9.4,9.4,9.4,9.4,0,0
1624969630,9.4,9.4,9.4,9.4,9.4,0,0
1624969635,9.4,9.4,9.4,9.4,9.4,4,1
1624969640,9.4,9.4,9.4,9.4,9.4,1,1
1624969645,9.4,9.4,9.4,9.4,9.4,2,2
1624969650,9.4,9.4,9.4,9.4,9.4,0,0
1624969655,9.4,9.4,9.4,9.4,9.4,0,0
1624969660,9.4,9.4,9.4,9.4,9.4,0,0
1624969665,9.4,9.4,9.4,9.4,9.4,0,0
1624969670,9.4,9.4,9.4,9.4,9.4,0,0
1624969675,9.4,9.4,9.4,9.4,9.4,0,0
1624969680,9.4,9.4,9.4,9.4,9.4,0,0
1624969685,9.39,9.4,9.39,9.4,9.399,15,7
1624969690,9.4,9.4,9.4,9.4,9.4,0,0
1624969695,9.4,9.4,9.4,9.4,9.4,0,0
1624969700,9.4,9.4,9.4,9.4,9.4,0,0
1624969705,9.4,9.4,9.4,9.4,9.4,0,0
1624969710,9.4,9.4,9.4,9.4,9.4,0,0
1624969715,9.4,9.4,9.4,9.4,9.4,0,0
1624969720,9.4,9.4,9.4,9.4,9.4,0,0
1624969725,9.4,9.42,9.4,9.41,9.40749,9,7
1624969730,9.43,9.43,9.42,9.43,9.42778,9,9
1624969735,9.43,9.43,9.43,9.43,9.43,0,0
1624969740,9.43,9.43,9.43,9.43,9.43,0,0
1624969745,9.43,9.43,9.43,9.43,9.43,0,0
1624969750,9.43,9.43,9.43,9.43,9.43,0,0
1624969755,9.43,9.43,9.43,9.43,9.43,0,0
1624969760,9.43,9.43,9.43,9.43,9.43,0,0
1624969765,9.43,9.43,9.43,9.43,9.43,0,0
1624969770,9.43,9.43,9.43,9.43,9.43,0,0
1624969775,9.43,9.44,9.43,9.44,9.43596,4,3
1624969780,9.44,9.44,9.44,9.44,9.44,10,1
1624969785,9.44,9.44,9.44,9.44,9.44,0,0
1624969790,9.43,9.43,9.43,9.43,9.43,1,1
1624969795,9.43,9.43,9.43,9.43,9.43,0,0
1624969800,9.43,9.43,9.43,9.43,9.43,0,0
1624969805,9.43,9.43,9.43,9.43,9.43,5,1
1624969810,9.43,9.43,9.43,9.43,9.43,0,0
1624969815,9.43,9.43,9.43,9.43,9.43,0,0
1624969820,9.43,9.43,9.43,9.43,9.43,0,0
1624969825,9.43,9.43,9.43,9.43,9.43,0,0
1624969830,9.42,9.42,9.41,9.41,9.41654,194,10
1624969835,9.41,9.41,9.41,9.41,9.41,0,0
1624969840,9.41,9.41,9.41,9.41,9.41,0,0
1624969845,9.41,9.41,9.41,9.41,9.41,0,0
1624969850,9.41,9.41,9.41,9.41,9.41,0,0
1624969855,9.41,9.41,9.41,9.41,9.41,0,0
1624969860,9.41,9.41,9.41,9.41,9.41,0,0
1624969865,9.41,9.41,9.41,9.41,9.41,0,0
1624969870,9.41,9.41,9.41,9.41,9.41,0,0
1624969875,9.41,9.41,9.41,9.41,9.41,0,0
1624969880,9.43,9.43,9.43,9.43,9.43,2,2
1624969885,9.43,9.44,9.43,9.44,9.43649,2,2
1624969890,9.44,9.44,9.44,9.44,9.44,0,0
1624969895,9.43,9.44,9.43,9.44,9.43951,20,3
1624969900,9.42,9.42,9.4199,9.4199,9.41991,16,2
1624969905,9.41,9.41,9.41,9.41,9.41,1,1
1624969910,9.41,9.41,9.41,9.41,9.41,0,0
1624969915,9.41,9.41,9.41,9.41,9.41,0,0
1624969920,9.41,9.41,9.41,9.41,9.41,0,0
1624969925,9.41,9.41,9.41,9.41,9.41,0,0
1624969930,9.43,9.44,9.43,9.44,9.439,10,2
1624969935,9.44,9.44,9.44,9.44,9.44,0,0
1624969940,9.44,9.44,9.44,9.44,9.44,0,0
1624969945,9.43,9.43,9.43,9.43,9.43,1,1
1624969950,9.43,9.43,9.43,9.43,9.43,0,0
1624969955,9.44,9.48,9.44,9.48,9.4538,111,33
1624969960,9.48,9.48,9.48,9.48,9.48,63,11
1624969965,9.49,9.5,9.49,9.5,9.49407,6,4
1624969970,9.48,9.5,9.48,9.5,9.49856,13,3
1624969975,9.5,9.5,9.5,9.5,9.5,110,3
1624969980,9.5,9.5,9.5,9.5,9.5,0,0
1624969985,9.5,9.5,9.5,9.5,9.5,1,1
1624969990,9.48,9.48,9.48,9.48,9.48,5,1
1624969995,9.49,9.5,9.49,9.5,9.49569,58,9
1624970000,9.49,9.5,9.49,9.5,9.49866,69,26
1624970005,9.5,9.5,9.5,9.5,9.5,0,0
1624970010,9.49,9.5,9.49,9.5,9.49857,14,9
1624970015,9.5,9.5,9.5,9.5,9.5,6,3
1624970020,9.49,9.4999,9.48,9.4999,9.48999,11,4
1624970025,9.48,9.48,9.48,9.48,9.48,1,1
1624970030,9.48,9.48,9.48,9.48,9.48,0,0
1624970035,9.48,9.49,9.48,9.49,9.48505,2,2
1624970040,9.49,9.49,9.49,9.49,9.49,0,0
1624970045,9.49,9.49,9.49,9.49,9.49,5,1
1624970050,9.49,9.49,9.49,9.49,9.49,0,0
1624970055,9.48,9.48,9.47,9.47,9.479,10,2
1624970060,9.47,9.47,9.47,9.47,9.47,5,1
1624970065,9.47,9.47,9.47,9.47,9.47,0,0
1624970070,9.48,9.48,9.48,9.48,9.48,15,2
1624970075,9.48,9.48,9.48,9.48,9.48,0,0
1624970080,9.48,9.48,9.48,9.48,9.48,0,0
1624970085,9.48,9.48,9.48,9.48,9.48,0,0
1624970090,9.49,9.49,9.49,9.49,9.49,1,1
1624970095,9.48,9.48,9.48,9.48,9.48,1,1
1624970100,9.48,9.48,9.48,9.48,9.48,0,0
1624970105,9.47,9.47,9.47,9.47,9.47,7,7
1624970110,9.47,9.47,9.47,9.47,9.47,0,0
1624970115,9.47,9.47,9.47,9.47,9.47,0,0
1624970120,9.47,9.47,9.47,9.47,9.47,0,0
1624970125,9.47,9.47,9.47,9.47,9.47,0,0
1624970130,9.47,9.48,9.47,9.47,9.47286,7,7
1624970135,9.47,9.47,9.47,9.47,9.47,0,0
1624970140,9.46,9.46,9.46,9.46,9.46,10,1
1624970145,9.46,9.46,9.46,9.46,9.46,0,0
1624970150,9.46,9.46,9.46,9.46,9.46,10,2
1624970155,9.46,9.46,9.46,9.46,9.46,0,0
1624970160,9.46,9.46,9.46,9.46,9.46,0,0
1624970165,9.46,9.46,9.46,9.46,9.46,0,0
1624970170,9.46,9.46,9.46,9.46,9.46,0,0
1624970175,9.46,9.46,9.46,9.46,9.46,0,0
1624970180,9.46,9.46,9.46,9.46,9.46,0,0
1624970185,9.46,9.46,9.46,9.46,9.46,0,0
1624970190,9.46,9.46,9.46,9.46,9.46,0,0
1624970195,9.4401,9.4401,9.4401,9.4401,9.4401,1,1
1624970200,9.4401,9.4401,9.4401,9.4401,9.4401,0,0
1624970205,9.4401,9.4401,9.4401,9.4401,9.4401,0,0
1624970210,9.4401,9.4401,9.4401,9.4401,9.4401,0,0
1624970215,9.4401,9.4401,9.4401,9.4401,9.4401,0,0
1624970220,9.4401,9.4401,9.4401,9.4401,9.4401,0,0
1624970225,9.4401,9.4401,9.4401,9.4401,9.4401,0,0
1624970230,9.44,9.44,9.44,9.44,9.44,3,3
1624970235,9.44,9.44,9.44,9.44,9.44,0,0
1624970240,9.46,9.46,9.46,9.46,9.46,1,1
1624970245,9.46,9.46,9.46,9.46,9.46,0,0
1624970250,9.46,9.46,9.46,9.46,9.46,0,0
1624970255,9.45,9.45,9.45,9.45,9.45,10,1
1624970260,9.47,9.48,9.47,9.48,9.47732,14,3
1624970265,9.4799,9.4799,9.4799,9.4799,9.4799,5,1
1624970270,9.4799,9.4799,9.4799,9.4799,9.4799,0,0
1624970275,9.46,9.46,9.46,9.46,9.46,5,1
1624970280,9.46,9.46,9.46,9.46,9.46,0,0
1624970285,9.46,9.46,9.46,9.46,9.46,0,0
1624970290,9.46,9.46,9.46,9.46,9.46,0,0
1624970295,9.46,9.46,9.46,9.46,9.46,1,1
1624970300,9.46,9.46,9.46,9.46,9.46,4,2
1624970305,9.46,9.46,9.46,9.46,9.46,0,0
1624970310,9.46,9.46,9.46,9.46,9.46,2,2
1624970315,9.45,9.45,9.45,9.45,9.45,15,1
1624970320,9.45,9.45,9.45,9.45,9.45,0,0
1624970325,9.45,9.45,9.45,9.45,9.45,5,1
1624970330,9.45,9.45,9.45,9.45,9.45,0,0
1624970335,9.45,9.45,9.45,9.45,9.45,0,0
1624970340,9.45,9.45,9.45,9.45,9.45,0,0
1624970345,9.45,9.45,9.45,9.45,9.45,0,0
1624970350,9.46,9.46,9.46,9.46,9.46,10,1
1624970355,9.46,9.46,9.46,9.46,9.46,0,0
1624970360,9.46,9.46,9.46,9.46,9.46,0,0
1624970365,9.46,9.46,9.46,9.46,9.46,0,0
1624970370,9.47,9.49,9.47,9.48,9.48087,9,8
1624970375,9.48,9.48,9.48,9.48,9.48,0,0
1624970380,9.48,9.48,9.48,9.48,9.48,0,0
1624970385,9.46,9.47,9.46,9.46,9.46206,19,5
1624970390,9.46,9.46,9.46,9.46,9.46,0,0
1624970395,9.46,9.46,9.46,9.46,9.46,0,0
1624970400,9.46,9.46,9.46,9.46,9.46,0,0
1624970405,9.46,9.46,9.46,9.46,9.46,0,0
1624970410,9.46,9.46,9.46,9.46,9.46,0,0
1624970415,9.46,9.46,9.46,9.46,9.46,0,0
1624970420,9.46,9.46,9.46,9.46,9.46,0,0
1624970425,9.46,9.46,9.46,9.46,9.46,0,0
1624970430,9.46,9.46,9.46,9.46,9.46,0,0
1624970435,9.45,9.45,9.45,9.45,9.45,78,3
1624970440,9.46,9.46,9.46,9.46,9.46,40,1
1624970445,9.4599,9.4599,9.4599,9.4599,9.4599,3,1
1624970450,9.4599,9.4599,9.4599,9.4599,9.4599,0,0
1624970455,9.4599,9.4599,9.4599,9.4599,9.4599,0,0
1624970460,9.4599,9.4599,9.4599,9.4599,9.4599,0,0
1624970465,9.4599,9.4599,9.4599,9.4599,9.4599,0,0
1624970470,9.4599,9.4599,9.4599,9.4599,9.4599,0,0
1624970475,9.4599,9.4599,9.4599,9.4599,9.4599,0,0
1624970480,9.4599,9.4599,9.4599,9.4599,9.4599,0,0
1624970485,9.4599,9.4599,9.4599,9.4599,9.4599,0,0
1624970490,9.4599,9.4599,9.4599,9.4599,9.4599,0,0
1624970495,9.4599,9.4599,9.4599,9.4599,9.4599,0,0
1624970500,9.4599,9.4599,9.4599,9.4599,9.4599,0,0
1624970505,9.4599,9.4599,9.4599,9.4599,9.4599,0,0
1624970510,9.4599,9.4599,9.4599,9.4599,9.4599,0,0
1624970515,9.4599,9.4599,9.4599,9.4599,9.4599,0,0
1624970520,9.4599,9.4599,9.4599,9.4599,9.4599,0,0
1624970525,9.44,9.44,9.44,9.44,9.44,1,1
1624970530,9.44,9.44,9.44,9.44,9.44,0,0
1624970535,9.44,9.44,9.44,9.44,9.44,0,0
1624970540,9.44,9.44,9.44,9.44,9.44,0,0
1624970545,9.44,9.44,9.44,9.44,9.44,0,0
1624970550,9.44,9.44,9.44,9.44,9.44,0,0
1624970555,9.44,9.44,9.44,9.44,9.44,0,0
1624970560,9.44,9.44,9.44,9.44,9.44,0,0
1624970565,9.44,9.44,9.44,9.44,9.44,0,0
1624970570,9.44,9.44,9.44,9.44,9.44,0,0
1624970575,9.44,9.44,9.44,9.44,9.44,47,4
1624970580,9.44,9.44,9.42,9.42,9.43778,18,7
1624970585,9.42,9.42,9.42,9.42,9.42,10,9
1624970590,9.42,9.42,9.42,9.42,9.42,0,0
1624970595,9.42,9.42,9.42,9.42,9.42,0,0
1624970600,9.4199,9.4199,9.4199,9.4199,9.4199,5,1
1624970605,9.4199,9.4199,9.4199,9.4199,9.4199,0,0
1624970610,9.4199,9.4199,9.4199,9.4199,9.4199,0,0
1624970615,9.4199,9.4199,9.4199,9.4199,9.4199,0,0
1624970620,9.4199,9.4199,9.4199,9.4199,9.4199,0,0
1624970625,9.4199,9.4199,9.4199,9.4199,9.4199,0,0
1624970630,9.4199,9.4199,9.4199,9.4199,9.4199,0,0
1624970635,9.4199,9.4199,9.4199,9.4199,9.4199,0,0
1624970640,9.4199,9.4199,9.4199,9.4199,9.4199,0,0
1624970645,9.4147,9.4147,9.4147,9.4147,9.4147,1,1
1624970650,9.4147,9.4147,9.4147,9.4147,9.4147,0,0
1624970655,9.4147,9.4147,9.4147,9.4147,9.4147,0,0
1624970660,9.4147,9.4147,9.4147,9.4147,9.4147,0,0
1624970665,9.4147,9.4147,9.4147,9.4147,9.4147,0,0
1624970670,9.4147,9.4147,9.4147,9.4147,9.4147,0,0
1624970675,9.42,9.42,9.42,9.42,9.42,30,1
1624970680,9.42,9.42,9.42,9.42,9.42,0,0
1624970685,9.42,9.42,9.42,9.42,9.42,0,0
1624970690,9.42,9.42,9.42,9.42,9.42,0,0
1624970695,9.42,9.42,9.42,9.42,9.42,0,0
1624970700,9.42,9.42,9.42,9.42,9.42,0,0
1624970705,9.42,9.42,9.42,9.42,9.42,0,0
1624970710,9.42,9.42,9.42,9.42,9.42,0,0
1624970715,9.42,9.42,9.42,9.42,9.42,0,0
1624970720,9.42,9.42,9.42,9.42,9.42,0,0
1624970725,9.42,9.42,9.42,9.42,9.42,0,0
1624970730,9.42,9.42,9.42,9.42,9.42,0,0
1624970735,9.42,9.42,9.42,9.42,9.42,0,0
1624970740,9.42,9.42,9.42,9.42,9.42,0,0
1624970745,9.42,9.42,9.42,9.42,9.42,1,1
1624970750,9.41,9.41,9.41,9.41,9.41,1,1
1624970755,9.41,9.41,9.41,9.41,9.41,0,0
1624970760,9.41,9.41,9.41,9.41,9.41,0,0
1624970765,9.41,9.41,9.41,9.41,9.41,0,0
1624970770,9.41,9.41,9.41,9.41,9.41,0,0
1624970775,9.41,9.41,9.41,9.41,9.41,2,2
1624970780,9.41,9.41,9.41,9.41,9.41,0,0
1624970785,9.41,9.41,9.41,9.41,9.41,0,0
1624970790,9.41,9.41,9.41,9.41,9.41,0,0
1624970795,9.41,9.41,9.4,9.4,9.40286,3,2
1624970800,9.4,9.4,9.4,9.4,9.4,0,0
1624970805,9.4,9.4,9.4,9.4,9.4,0,0
1624970810,9.4,9.4,9.4,9.4,9.4,0,0
1624970815,9.4,9.4,9.4,9.4,9.4,2,1
1624970820,9.4,9.4,9.4,9.4,9.4,0,0
1624970825,9.4,9.4,9.39,9.39,9.39636,11,8
1624970830,9.39,9.39,9.39,9.39,9.39,0,0
1624970835,9.39,9.39,9.39,9.39,9.39,0,0
1624970840,9.4,9.4,9.4,9.4,9.4,2,2
1624970845,9.4,9.4,9.4,9.4,9.4,0,0
1624970850,9.4,9.4,9.4,9.4,9.4,0,0
1624970855,9.4,9.4,9.4,9.4,9.4,0,0
1624970860,9.4,9.4,9.4,9.4,9.4,0,0
1624970865,9.4,9.4,9.4,9.4,9.4,1,1
1624970870,9.4,9.4,9.4,9.4,9.4,2,2
1624970875,9.4,9.4,9.4,9.4,9.4,1,1
1624970880,9.4,9.4,9.4,9.4,9.4,2,2
1624970885,9.4,9.4,9.4,9.4,9.4,0,0
1624970890,9.41,9.41,9.41,9.41,9.41,1,1
1624970895,9.41,9.41,9.41,9.41,9.41,0,0
1624970900,9.41,9.41,9.41,9.41,9.41,0,0
1624970905,9.41,9.41,9.41,9.41,9.41,0,0
1624970910,9.41,9.41,9.41,9.41,9.41,0,0
1624970915,9.41,9.41,9.41,9.41,9.41,0,0
1624970920,9.41,9.41,9.41,9.41,9.41,0,0
1624970925,9.41,9.41,9.41,9.41,9.41,0,0
1624970930,9.41,9.41,9.41,9.41,9.41,0,0
1624970935,9.41,9.41,9.41,9.41,9.41,0,0
1624970940,9.42,9.42,9.42,9.42,9.42,1,1
1624970945,9.42,9.42,9.42,9.42,9.42,0,0
1624970950,9.42,9.42,9.42,9.42,9.42,0,0
1624970955,9.42,9.42,9.42,9.42,9.42,0,0
1624970960,9.42,9.42,9.42,9.42,9.42,0,0
1624970965,9.42,9.42,9.42,9.42,9.42,0,0
1624970970,9.42,9.42,9.42,9.42,9.42,0,0
1624970975,9.42,9.42,9.42,9.42,9.42,0,0
1624970980,9.42,9.42,9.42,9.42,9.42,0,0
1624970985,9.42,9.42,9.42,9.42,9.42,0,0
1624970990,9.42,9.42,9.42,9.42,9.42,0,0
1624970995,9.42,9.42,9.42,9.42,9.42,0,0
1624971000,9.42,9.42,9.42,9.42,9.42,0,0
1624971005,9.42,9.42,9.42,9.42,9.42,0,0
1624971010,9.42,9.42,9.42,9.42,9.42,0,0
1624971015,9.42,9.42,9.42,9.42,9.42,0,0
1624971020,9.4399,9.4399,9.4399,9.4399,9.4399,1,1
1624971025,9.4399,9.4399,9.4399,9.4399,9.4399,0,0
1624971030,9.4399,9.4399,9.4399,9.4399,9.4399,0,0
1624971035,9.4399,9.4399,9.4399,9.4399,9.4399,0,0
1624971040,9.4399,9.4399,9.4399,9.4399,9.4399,0,0
1624971045,9.4399,9.4399,9.4399,9.4399,9.4399,0,0
1624971050,9.4399,9.4399,9.4399,9.4399,9.4399,0,0
1624971055,9.4399,9.4399,9.4399,9.4399,9.4399,0,0
1624971060,9.4399,9.45,9.4399,9.45,9.44186,16,6
1624971065,9.45,9.45,9.45,9.45,9.45,0,0
1624971070,9.45,9.45,9.45,9.45,9.45,0,0
1624971075,9.469,9.469,9.46,9.46,9.4645,2,2
1624971080,9.46,9.46,9.46,9.46,9.46,0,0
1624971085,9.46,9.46,9.46,9.46,9.46,0,0
1624971090,9.46,9.46,9.46,9.46,9.46,1,1
1624971095,9.46,9.46,9.46,9.46,9.46,0,0
1624971100,9.48,9.48,9.48,9.48,9.48,1,1
1624971105,9.48,9.48,9.48,9.48,9.48,0,0
1624971110,9.48,9.48,9.48,9.48,9.48,3,2
1624971115,9.48,9.48,9.48,9.48,9.48,0,0
1624971120,9.48,9.48,9.48,9.48,9.48,1,1
1624971125,9.48,9.48,9.48,9.48,9.48,0,0
1624971130,9.48,9.48,9.48,9.48,9.48,0,0
1624971135,9.48,9.5,9.48,9.5,9.49419,198,17
1624971140,9.49,9.49,9.49,9.49,9.49,1,1
1624971145,9.49,9.49,9.49,9.49,9.49,0,0
1624971150,9.5,9.5,9.49,9.49,9.49588,7,2
1624971155,9.49,9.49,9.49,9.49,9.49,1,1
1624971160,9.49,9.49,9.48,9.48,9.4882,5,2
1624971165,9.48,9.48,9.48,9.48,9.48,25,1
1624971170,9.48,9.48,9.48,9.48,9.48,2,1
1624971175,9.48,9.48,9.48,9.48,9.48,0,0
1624971180,9.48,9.48,9.48,9.48,9.48,0,0
1624971185,9.47,9.47,9.47,9.47,9.47,2,2
1624971190,9.47,9.47,9.47,9.47,9.47,0,0
1624971195,9.47,9.47,9.46,9.46,9.466,5,3
1624971200,9.46,9.46,9.46,9.46,9.46,0,0
1624971205,9.46,9.46,9.46,9.46,9.46,0,0
1624971210,9.46,9.46,9.46,9.46,9.46,0,0
1624971215,9.46,9.46,9.46,9.46,9.46,0,0
1624971220,9.46,9.46,9.46,9.46,9.46,0,0
1624971225,9.46,9.46,9.46,9.46,9.46,0,0
1624971230,9.46,9.46,9.46,9.46,9.46,0,0
1624971235,9.47,9.47,9.47,9.47,9.47,2,2
1624971240,9.47,9.47,9.47,9.47,9.47,13,8
1624971245,9.47,9.47,9.47,9.47,9.47,10,2
1624971250,9.47,9.47,9.47,9.47,9.47,0,0
1624971255,9.47,9.48,9.47,9.48,9.47094,47,16
1624971260,9.48,9.48,9.48,9.48,9.48,0,0
1624971265,9.48,9.48,9.48,9.48,9.48,0,0
1624971270,9.48,9.48,9.48,9.48,9.48,0,0
1624971275,9.48,9.48,9.48,9.48,9.48,0,0
1624971280,9.48,9.48,9.48,9.48,9.48,0,0
1624971285,9.48,9.48,9.48,9.48,9.48,4,2
1624971290,9.48,9.48,9.48,9.48,9.48,10,3
1624971295,9.48,9.48,9.48,9.48,9.48,0,0
1624971300,9.48,9.48,9.48,9.48,9.48,2,2
1624971305,9.48,9.48,9.48,9.48,9.48,0,0
1624971310,9.48,9.48,9.48,9.48,9.48,0,0
1624971315,9.48,9.48,9.48,9.48,9.48,0,0
1624971320,9.48,9.48,9.48,9.48,9.48,0,0
1624971325,9.48,9.48,9.48,9.48,9.48,0,0
1624971330,9.48,9.48,9.48,9.48,9.48,1,1
1624971335,9.48,9.48,9.48,9.48,9.48,0,0
1624971340,9.48,9.49,9.48,9.49,9.48755,8,6
1624971345,9.49,9.49,9.49,9.49,9.49,22,3
1624971350,9.49,9.49,9.49,9.49,9.49,0,0
1624971355,9.49,9.49,9.49,9.49,9.49,0,0
1624971360,9.49,9.49,9.49,9.49,9.49,0,0
1624971365,9.49,9.49,9.49,9.49,9.49,0,0
1624971370,9.49,9.49,9.49,9.49,9.49,0,0
1624971375,9.49,9.49,9.49,9.49,9.49,0,0
1624971380,9.49,9.49,9.49,9.49,9.49,0,0
1624971385,9.48,9.48,9.48,9.48,9.48,7,3
1624971390,9.49,9.49,9.49,9.49,9.49,1,1
1624971395,9.49,9.49,9.49,9.49,9.49,0,0
1624971400,9.49,9.49,9.49,9.49,9.49,0,0
1624971405,9.49,9.49,9.49,9.49,9.49,0,0
1624971410,9.49,9.49,9.49,9.49,9.49,0,0
1624971415,9.49,9.49,9.49,9.49,9.49,0,0
1624971420,9.49,9.49,9.49,9.49,9.49,0,0
1624971425,9.49,9.49,9.49,9.49,9.49,0,0
1624971430,9.49,9.49,9.49,9.49,9.49,3,1
1624971435,9.49,9.49,9.49,9.49,9.49,0,0
1624971440,9.48,9.48,9.48,9.48,9.48,1,1
1624971445,9.48,9.48,9.48,9.48,9.48,0,0
1624971450,9.48,9.48,9.48,9.48,9.48,0,0
1624971455,9.48,9.48,9.48,9.48,9.48,0,0
1624971460,9.48,9.48,9.48,9.48,9.48,0,0
1624971465,9.48,9.48,9.48,9.48,9.48,0,0
1624971470,9.48,9.48,9.48,9.48,9.48,0,0
1624971475,9.48,9.48,9.48,9.48,9.48,0,0
1624971480,9.47,9.47,9.47,9.47,9.47,17,4
1624971485,9.47,9.47,9.47,9.47,9.47,1,1
1624971490,9.47,9.47,9.47,9.47,9.47,0,0
1624971495,9.47,9.47,9.47,9.47,9.47,6,2
1624971500,9.47,9.47,9.47,9.47,9.47,1,1
1624971505,9.47,9.47,9.47,9.47,9.47,1,1
1624971510,9.47,9.47,9.47,9.47,9.47,35,2
1624971515,9.47,9.47,9.47,9.47,9.47,0,0
1624971520,9.47,9.47,9.47,9.47,9.47,3,1
1624971525,9.47,9.47,9.47,9.47,9.47,1,1
1624971530,9.47,9.47,9.47,9.47,9.47,20,1
1624971535,9.47,9.47,9.47,9.47,9.47,0,0
1624971540,9.47,9.47,9.47,9.47,9.47,0,0
1624971545,9.47,9.47,9.47,9.47,9.47,0,0
1624971550,9.47,9.47,9.47,9.47,9.47,2,2
1624971555,9.47,9.47,9.47,9.47,9.47,0,0
1624971560,9.47,9.47,9.47,9.47,9.47,0,0
1624971565,9.47,9.47,9.47,9.47,9.47,0,0
1624971570,9.49,9.49,9.49,9.49,9.49,5,1
1624971575,9.49,9.49,9.49,9.49,9.49,0,0
1624971580,9.49,9.49,9.49,9.49,9.49,0,0
1624971585,9.49,9.49,9.49,9.49,9.49,0,0
1624971590,9.49,9.49,9.49,9.49,9.49,0,0
1624971595,9.49,9.49,9.49,9.49,9.49,0,0
1624971600,9.49,9.49,9.49,9.49,9.49,0,0
1624971605,9.48,9.48,9.48,9.48,9.48,1,1
1624971610,9.48,9.48,9.48,9.48,9.48,0,0
1624971615,9.4883,9.49,9.4883,9.49,9.48915,5,2
1624971620,9.49,9.49,9.49,9.49,9.49,0,0
1624971625,9.49,9.49,9.49,9.49,9.49,0,0
1624971630,9.49,9.49,9.49,9.49,9.49,0,0
1624971635,9.49,9.49,9.49,9.49,9.49,0,0
1624971640,9.49,9.49,9.49,9.49,9.49,0,0
1624971645,9.49,9.49,9.48,9.48,9.48952,21,2
1624971650,9.48,9.48,9.48,9.48,9.48,0,0
1624971655,9.48,9.48,9.48,9.48,9.48,1,1
1624971660,9.48,9.48,9.48,9.48,9.48,0,0
1624971665,9.48,9.48,9.48,9.48,9.48,0,0
1624971670,9.48,9.48,9.48,9.48,9.48,0,0
1624971675,9.48,9.48,9.48,9.48,9.48,0,0
1624971680,9.48,9.48,9.48,9.48,9.48,0,0
1624971685,9.47,9.47,9.47,9.47,9.47,5,2
1624971690,9.47,9.47,9.47,9.47,9.47,0,0
1624971695,9.4799,9.4799,9.4799,9.4799,9.4799,5,1
1624971700,9.4799,9.4799,9.4799,9.4799,9.4799,0,0
1624971705,9.4799,9.4799,9.4799,9.4799,9.4799,0,0
1624971710,9.48,9.48,9.47,9.47,9.47893,14,3
1624971715,9.47,9.47,9.47,9.47,9.47,1,1
1624971720,9.47,9.48,9.47,9.48,9.47621,5,5
1624971725,9.48,9.48,9.48,9.48,9.48,0,0
1624971730,9.47,9.47,9.47,9.47,9.47,7,1
1624971735,9.47,9.47,9.47,9.47,9.47,2,1
1624971740,9.47,9.47,9.47,9.47,9.47,1,1
1624971745,9.47,9.47,9.47,9.47,9.47,0,0
1624971750,9.48,9.49,9.48,9.49,9.485,4,2
1624971755,9.49,9.49,9.49,9.49,9.49,0,0
1624971760,9.49,9.49,9.49,9.49,9.49,0,0
1624971765,9.49,9.49,9.49,9.49,9.49,0,0
1624971770,9.47,9.47,9.47,9.47,9.47,6,1
1624971775,9.47,9.47,9.47,9.47,9.47,0,0
1624971780,9.47,9.47,9.47,9.47,9.47,0,0
1624971785,9.48,9.48,9.48,9.48,9.48,1,1
1624971790,9.48,9.48,9.48,9.48,9.48,0,0
1624971795,9.48,9.48,9.48,9.48,9.48,1,1
1624971800,9.48,9.48,9.48,9.48,9.48,0,0
1624971805,9.49,9.49,9.49,9.49,9.49,59,5
1624971810,9.49,9.49,9.49,9.49,9.49,5,1
1624971815,9.5,9.5,9.5,9.5,9.5,5,1
1624971820,9.5,9.5,9.5,9.5,9.5,10,1
1624971825,9.5,9.5,9.5,9.5,9.5,0,0
1624971830,9.5,9.5,9.5,9.5,9.5,3,1
1624971835,9.5,9.5,9.5,9.5,9.5,0,0
1624971840,9.5,9.5,9.5,9.5,9.5,0,0
1624971845,9.5,9.5,9.5,9.5,9.5,0,0
1624971850,9.49,9.49,9.49,9.49,9.49,2,2
1624971855,9.5,9.5,9.5,9.5,9.5,1,1
1624971860,9.5,9.5,9.5,9.5,9.5,0,0
1624971865,9.49,9.49,9.49,9.49,9.49,26,2
1624971870,9.49,9.49,9.49,9.49,9.49,33,1
1624971875,9.49,9.49,9.49,9.49,9.49,0,0
1624971880,9.49,9.49,9.49,9.49,9.49,1,1
1624971885,9.49,9.49,9.49,9.49,9.49,0,0
1624971890,9.5,9.5,9.5,9.5,9.5,2,1
1624971895,9.5,9.5,9.5,9.5,9.5,0,0
1624971900,9.5,9.5,9.5,9.5,9.5,1,1
1624971905,9.5,9.5,9.5,9.5,9.5,0,0
1624971910,9.49,9.49,9.49,9.49,9.49,1,1
1624971915,9.49,9.49,9.49,9.49,9.49,0,0
1624971920,9.4901,9.5,9.4901,9.5,9.49258,4,2
1624971925,9.5,9.5,9.5,9.5,9.5,0,0
1624971930,9.5,9.5,9.5,9.5,9.5,0,0
1624971935,9.5,9.5,9.49,9.49,9.49612,2,2
1624971940,9.49,9.49,9.49,9.49,9.49,0,0
1624971945,9.5,9.5,9.5,9.5,9.5,3,1
1624971950,9.5,9.5,9.5,9.5,9.5,0,0
1624971955,9.5,9.5,9.5,9.5,9.5,0,0
1624971960,9.5,9.5,9.5,9.5,9.5,0,0
1624971965,9.49,9.49,9.49,9.49,9.49,11,2
1624971970,9.49,9.49,9.49,9.49,9.49,10,1
1624971975,9.49,9.49,9.49,9.49,9.49,0,0
1624971980,9.49,9.49,9.49,9.49,9.49,0,0
1624971985,9.49,9.49,9.49,9.49,9.49,0,0
1624971990,9.49,9.49,9.49,9.49,9.49,1,1
1624971995,9.49,9.49,9.49,9.49,9.49,0,0
1624972000,9.49,9.49,9.49,9.49,9.49,0,0
1624972005,9.49,9.49,9.49,9.49,9.49,0,0
1624972010,9.49,9.49,9.49,9.49,9.49,0,0
1624972015,9.5,9.5,9.5,9.5,9.5,1,1
1624972020,9.49,9.49,9.49,9.49,9.49,5,2
1624972025,9.49,9.49,9.49,9.49,9.49,0,0
1624972030,9.5,9.5,9.5,9.5,9.5,1,1
1624972035,9.5,9.5,9.5,9.5,9.5,1,1
1624972040,9.5,9.51,9.5,9.51,9.5002,560,25
1624972045,9.5001,9.52,9.5001,9.51,9.50667,34,11
1624972050,9.52,9.52,9.52,9.52,9.52,2,1
1624972055,9.51,9.52,9.51,9.52,9.51787,9,6
1624972060,9.5299,9.53,9.5299,9.53,9.52995,4,2
1624972065,9.53,9.53,9.53,9.53,9.53,1,1
1624972070,9.53,9.53,9.53,9.53,9.53,36,1
1624972075,9.55,9.55,9.55,9.55,9.55,2,1
1624972080,9.53,9.53,9.53,9.53,9.53,5,2
1624972085,9.53,9.53,9.53,9.53,9.53,0,0
1624972090,9.53,9.53,9.53,9.53,9.53,0,0
1624972095,9.53,9.53,9.53,9.53,9.53,0,0
1624972100,9.53,9.53,9.53,9.53,9.53,0,0
1624972105,9.52,9.52,9.52,9.52,9.52,125,1
1624972110,9.55,9.55,9.55,9.55,9.55,2,1
1624972115,9.55,9.55,9.55,9.55,9.55,0,0
1624972120,9.55,9.55,9.55,9.55,9.55,0,0
1624972125,9.53,9.53,9.53,9.53,9.53,2,1
1624972130,9.53,9.53,9.53,9.53,9.53,0,0
1624972135,9.53,9.53,9.53,9.53,9.53,0,0
1624972140,9.53,9.53,9.53,9.53,9.53,0,0
1624972145,9.53,9.53,9.53,9.53,9.53,0,0
1624972150,9.53,9.53,9.53,9.53,9.53,0,0
1624972155,9.53,9.53,9.53,9.53,9.53,7,2
1624972160,9.53,9.53,9.53,9.53,9.53,1,1
1624972165,9.54,9.54,9.54,9.54,9.54,15,2
1624972170,9.54,9.54,9.54,9.54,9.54,0,0
1624972175,9.54,9.54,9.54,9.54,9.54,2,1
1624972180,9.54,9.54,9.54,9.54,9.54,0,0
1624972185,9.52,9.52,9.52,9.52,9.52,1,1
1624972190,9.52,9.52,9.52,9.52,9.52,1,1
1624972195,9.52,9.52,9.52,9.52,9.52,0,0
1624972200,9.53,9.53,9.53,9.53,9.53,1,1
1624972205,9.5299,9.5299,9.5299,9.5299,9.5299,1,1
1624972210,9.5299,9.5299,9.5299,9.5299,9.5299,0,0
1624972215,9.52,9.52,9.52,9.52,9.52,1,1
1624972220,9.52,9.52,9.52,9.52,9.52,0,0
1624972225,9.52,9.53,9.52,9.53,9.52979,47,13
1624972230,9.53,9.53,9.53,9.53,9.53,6,1
1624972235,9.54,9.54,9.54,9.54,9.54,1,1
1624972240,9.53,9.53,9.53,9.53,9.53,2,2
1624972245,9.53,9.53,9.52,9.52,9.524,2,2
1624972250,9.5201,9.5201,9.5201,9.5201,9.5201,5,1
1624972255,9.5201,9.5201,9.5201,9.5201,9.5201,0,0
1624972260,9.5201,9.5201,9.5201,9.5201,9.5201,0,0
1624972265,9.5399,9.5399,9.5399,9.5399,9.5399,1,1
1624972270,9.5399,9.5399,9.5399,9.5399,9.5399,0,0
1624972275,9.52,9.5331,9.52,9.5331,9.52119,11,2
1624972280,9.52,9.52,9.52,9.52,9.52,40,1
1624972285,9.52,9.52,9.52,9.52,9.52,0,0
1624972290,9.54,9.54,9.52,9.52,9.53481,27,7
1624972295,9.51,9.51,9.5,9.51,9.509,10,7
1624972300,9.51,9.51,9.51,9.51,9.51,0,0
1624972305,9.51,9.51,9.51,9.51,9.51,0,0
1624972310,9.51,9.51,9.51,9.51,9.51,0,0
1624972315,9.51,9.51,9.51,9.51,9.51,0,0
1624972320,9.51,9.51,9.51,9.51,9.51,4,3
1624972325,9.52,9.52,9.52,9.52,9.52,3,1
1624972330,9.51,9.51,9.5,9.5,9.5075,8,8
1624972335,9.5,9.5,9.5,9.5,9.5,0,0
1624972340,9.5,9.5,9.5,9.5,9.5,0,0
1624972345,9.51,9.51,9.51,9.51,9.51,2,2
1624972350,9.51,9.51,9.51,9.51,9.51,0,0
1624972355,9.51,9.51,9.51,9.51,9.51,0,0
1624972360,9.5,9.5,9.5,9.5,9.5,4,2
1624972365,9.5,9.5,9.5,9.5,9.5,0,0
1624972370,9.5,9.5,9.5,9.5,9.5,1,1
1624972375,9.5,9.5,9.5,9.5,9.5,0,0
1624972380,9.5,9.5,9.5,9.5,9.5,0,0
1624972385,9.5,9.5,9.5,9.5,9.5,0,0
1624972390,9.5,9.5,9.5,9.5,9.5,0,0
1624972395,9.5,9.5,9.5,9.5,9.5,1,1
1624972400,9.5,9.5,9.5,9.5,9.5,0,0
1624972405,9.5,9.5,9.5,9.5,9.5,10,1
1624972410,9.51,9.51,9.51,9.51,9.51,1,1
1624972415,9.51,9.51,9.51,9.51,9.51,2,2
1624972420,9.51,9.51,9.51,9.51,9.51,0,0
1624972425,9.51,9.51,9.51,9.51,9.51,0,0
1624972430,9.51,9.51,9.51,9.51,9.51,1,1
1624972435,9.51,9.51,9.51,9.51,9.51,0,0
1624972440,9.5,9.5,9.5,9.5,9.5,5,1
1624972445,9.5,9.5,9.5,9.5,9.5,0,0
1624972450,9.5,9.5,9.5,9.5,9.5,1,1
1624972455,9.5,9.5,9.5,9.5,9.5,0,0
1624972460,9.5,9.5,9.5,9.5,9.5,0,0
1624972465,9.5,9.51,9.5,9.5,9.50359,18,4
1624972470,9.5,9.5,9.5,9.5,9.5,0,0
1624972475,9.5,9.5,9.5,9.5,9.5,0,0
1624972480,9.5,9.5,9.49,9.49,9.49875,31,8
1624972485,9.49,9.49,9.49,9.49,9.49,0,0
1624972490,9.49,9.49,9.49,9.49,9.49,5,1
1624972495,9.49,9.49,9.49,9.49,9.49,1,1
1624972500,9.49,9.49,9.49,9.49,9.49,0,0
1624972505,9.49,9.49,9.49,9.49,9.49,0,0
1624972510,9.49,9.49,9.49,9.49,9.49,0,0
1624972515,9.49,9.49,9.49,9.49,9.49,0,0
1624972520,9.48,9.48,9.48,9.48,9.48,1,1
1624972525,9.48,9.48,9.48,9.48,9.48,0,0
1624972530,9.5,9.5,9.5,9.5,9.5,1,1
1624972535,9.5,9.5,9.5,9.5,9.5,0,0
1624972540,9.4733,9.4733,9.47,9.47,9.4719,2,2
1624972545,9.47,9.47,9.47,9.47,9.47,0,0
1624972550,9.47,9.47,9.47,9.47,9.47,13,1
1624972555,9.47,9.47,9.47,9.47,9.47,0,0
1624972560,9.47,9.47,9.47,9.47,9.47,0,0
1624972565,9.47,9.47,9.47,9.47,9.47,0,0
1624972570,9.43,9.44,9.43,9.44,9.43333,3,3
1624972575,9.44,9.44,9.44,9.44,9.44,0,0
1624972580,9.44,9.44,9.44,9.44,9.44,0,0
1624972585,9.4215,9.4499,9.4215,9.4499,9.4357,2,2
1624972590,9.4499,9.4499,9.4499,9.4499,9.4499,0,0
1624972595,9.42,9.42,9.42,9.42,9.42,1,1
1624972600,9.42,9.42,9.42,9.42,9.42,0,0
1624972605,9.42,9.42,9.42,9.42,9.42,0,0
1624972610,9.4299,9.43,9.4299,9.43,9.42999,12,12
1624972615,9.44,9.44,9.44,9.44,9.44,2,2
1624972620,9.42,9.42,9.42,9.42,9.42,1,1
1624972625,9.43,9.43,9.43,9.43,9.43,6,1
1624972630,9.43,9.43,9.43,9.43,9.43,1,1
1624972635,9.43,9.43,9.43,9.43,9.43,0,0
1624972640,9.43,9.43,9.43,9.43,9.43,0,0
1624972645,9.42,9.4487,9.42,9.4487,9.42478,12,2
1624972650,9.44,9.44,9.42,9.42,9.43,4,2
1624972655,9.4201,9.4201,9.4201,9.4201,9.4201,1,1
1624972660,9.44,9.44,9.44,9.44,9.44,2,1
1624972665,9.44,9.44,9.44,9.44,9.44,0,0
1624972670,9.44,9.44,9.44,9.44,9.44,0,0
1624972675,9.44,9.44,9.44,9.44,9.44,0,0
1624972680,9.44,9.44,9.44,9.44,9.44,0,0
1624972685,9.44,9.44,9.44,9.44,9.44,0,0
1624972690,9.43,9.43,9.43,9.43,9.43,5,1
1624972695,9.43,9.43,9.43,9.43,9.43,1,1
1624972700,9.43,9.43,9.43,9.43,9.43,0,0
1624972705,9.44,9.44,9.43,9.43,9.43833,6,2
1624972710,9.4201,9.44,9.42,9.44,9.42709,34,4
1624972715,9.44,9.44,9.44,9.44,9.44,0,0
1624972720,9.44,9.44,9.44,9.44,9.44,0,0
1624972725,9.44,9.44,9.44,9.44,9.44,1,1
1624972730,9.44,9.44,9.44,9.44,9.44,0,0
1624972735,9.44,9.44,9.44,9.44,9.44,0,0
1624972740,9.44,9.44,9.44,9.44,9.44,0,0
1624972745,9.44,9.44,9.44,9.44,9.44,0,0
1624972750,9.46,9.46,9.46,9.46,9.46,7,1
1624972755,9.46,9.46,9.46,9.46,9.46,0,0
1624972760,9.46,9.46,9.46,9.46,9.46,0,0
1624972765,9.46,9.46,9.46,9.46,9.46,0,0
1624972770,9.46,9.46,9.46,9.46,9.46,0,0
1624972775,9.44,9.44,9.44,9.44,9.44,1,1
1624972780,9.44,9.44,9.44,9.44,9.44,0,0
1624972785,9.43,9.43,9.43,9.43,9.43,2,2
1624972790,9.43,9.43,9.43,9.43,9.43,0,0
1624972795,9.44,9.44,9.44,9.44,9.44,1,1
1624972800,9.44,9.44,9.44,9.44,9.44,0,0
1624972805,9.44,9.44,9.44,9.44,9.44,0,0
1624972810,9.44,9.44,9.44,9.44,9.44,0,0
1624972815,9.43,9.43,9.43,9.43,9.43,1,1
1624972820,9.43,9.43,9.43,9.43,9.43,0,0
1624972825,9.42,9.42,9.42,9.42,9.42,3,1
1624972830,9.42,9.42,9.42,9.42,9.42,0,0
1624972835,9.42,9.42,9.42,9.42,9.42,0,0
1624972840,9.42,9.42,9.42,9.42,9.42,0,0
1624972845,9.42,9.42,9.42,9.42,9.42,0,0
1624972850,9.42,9.42,9.42,9.42,9.42,0,0
1624972855,9.42,9.42,9.42,9.42,9.42,0,0
1624972860,9.42,9.42,9.42,9.42,9.42,0,0
1624972865,9.42,9.42,9.42,9.42,9.42,0,0
1624972870,9.43,9.43,9.43,9.43,9.43,1,1
1624972875,9.43,9.43,9.43,9.43,9.43,1,1
1624972880,9.43,9.43,9.43,9.43,9.43,0,0
1624972885,9.43,9.43,9.43,9.43,9.43,0,0
1624972890,9.43,9.43,9.43,9.43,9.43,0,0
1624972895,9.43,9.43,9.43,9.43,9.43,0,0
1624972900,9.43,9.43,9.43,9.43,9.43,1,1
1624972905,9.43,9.43,9.43,9.43,9.43,0,0
1624972910,9.43,9.43,9.43,9.43,9.43,0,0
1624972915,9.43,9.43,9.43,9.43,9.43,0,0
1624972920,9.43,9.43,9.43,9.43,9.43,0,0
1624972925,9.43,9.43,9.43,9.43,9.43,1,1
1624972930,9.44,9.44,9.44,9.44,9.44,1,1
1624972935,9.44,9.44,9.44,9.44,9.44,0,0
1624972940,9.44,9.44,9.44,9.44,9.44,0,0
1624972945,9.44,9.44,9.44,9.44,9.44,0,0
1624972950,9.43,9.43,9.43,9.43,9.43,1,1
1624972955,9.43,9.43,9.43,9.43,9.43,1,1
1624972960,9.43,9.43,9.43,9.43,9.43,0,0
1624972965,9.43,9.43,9.43,9.43,9.43,1,1
1624972970,9.43,9.43,9.43,9.43,9.43,0,0
1624972975,9.43,9.43,9.43,9.43,9.43,0,0
1624972980,9.44,9.45,9.44,9.45,9.44684,19,13
1624972985,9.45,9.45,9.45,9.45,9.45,0,0
1624972990,9.45,9.45,9.45,9.45,9.45,7,1
1624972995,9.45,9.45,9.45,9.45,9.45,2,1
1624973000,9.45,9.45,9.45,9.45,9.45,0,0
1624973005,9.45,9.45,9.45,9.45,9.45,0,0
1624973010,9.45,9.45,9.45,9.45,9.45,1,1
1624973015,9.4501,9.46,9.45,9.46,9.45452,17,5
1624973020,9.4736,9.4736,9.4736,9.4736,9.4736,1,1
1624973025,9.4736,9.4736,9.4736,9.4736,9.4736,0,0
1624973030,9.4736,9.4736,9.4736,9.4736,9.4736,0,0
1624973035,9.4736,9.4736,9.4736,9.4736,9.4736,0,0
1624973040,9.4736,9.4736,9.4736,9.4736,9.4736,0,0
1624973045,9.4736,9.4736,9.4736,9.4736,9.4736,0,0
1624973050,9.4736,9.4736,9.4736,9.4736,9.4736,0,0
1624973055,9.4736,9.4736,9.4736,9.4736,9.4736,0,0
1624973060,9.48,9.48,9.48,9.48,9.48,2,1
1624973065,9.4768,9.4768,9.47,9.47,9.47453,3,2
1624973070,9.47,9.47,9.47,9.47,9.47,0,0
1624973075,9.47,9.47,9.47,9.47,9.47,5,1
1624973080,9.46,9.46,9.46,9.46,9.46,2,2
1624973085,9.46,9.46,9.46,9.46,9.46,1,1
1624973090,9.46,9.46,9.46,9.46,9.46,0,0
1624973095,9.46,9.46,9.46,9.46,9.46,0,0
1624973100,9.43,9.45,9.42,9.45,9.42793,16,3
1624973105,9.47,9.47,9.47,9.47,9.47,16,2
1624973110,9.43,9.43,9.43,9.43,9.43,4,3
1624973115,9.43,9.43,9.43,9.43,9.43,0,0
1624973120,9.42,9.42,9.42,9.42,9.42,21,8
1624973125,9.42,9.42,9.42,9.42,9.42,0,0
1624973130,9.43,9.43,9.43,9.43,9.43,2,2
1624973135,9.43,9.43,9.43,9.43,9.43,0,0
1624973140,9.44,9.44,9.44,9.44,9.44,11,2
1624973145,9.44,9.44,9.44,9.44,9.44,0,0
1624973150,9.44,9.44,9.44,9.44,9.44,0,0
1624973155,9.42,9.42,9.42,9.42,9.42,1,1
1624973160,9.42,9.42,9.42,9.42,9.42,0,0
1624973165,9.42,9.42,9.42,9.42,9.42,0,0
1624973170,9.42,9.42,9.42,9.42,9.42,0,0
1624973175,9.42,9.42,9.42,9.42,9.42,0,0
1624973180,9.42,9.42,9.42,9.42,9.42,0,0
1624973185,9.42,9.42,9.42,9.42,9.42,0,0
1624973190,9.42,9.42,9.42,9.42,9.42,1,1
1624973195,9.42,9.42,9.42,9.42,9.42,0,0
1624973200,9.42,9.42,9.42,9.42,9.42,0,0
1624973205,9.42,9.42,9.42,9.42,9.42,0,0
1624973210,9.42,9.42,9.42,9.42,9.42,0,0
1624973215,9.42,9.42,9.42,9.42,9.42,0,0
1624973220,9.4201,9.4201,9.42,9.42,9.42005,22,3
1624973225,9.42,9.42,9.42,9.42,9.42,0,0
1624973230,9.42,9.42,9.42,9.42,9.42,0,0
1624973235,9.42,9.42,9.42,9.42,9.42,0,0
1624973240,9.42,9.42,9.42,9.42,9.42,0,0
1624973245,9.42,9.42,9.42,9.42,9.42,0,0
1624973250,9.42,9.42,9.42,9.42,9.42,0,0
1624973255,9.42,9.42,9.42,9.42,9.42,0,0
1624973260,9.42,9.42,9.42,9.42,9.42,0,0
1624973265,9.42,9.42,9.42,9.42,9.42,0,0
1624973270,9.43,9.43,9.42,9.42,9.42469,2,2
1624973275,9.42,9.42,9.42,9.42,9.42,0,0
1624973280,9.42,9.42,9.42,9.42,9.42,16,3
1624973285,9.42,9.42,9.42,9.42,9.42,0,0
1624973290,9.42,9.42,9.42,9.42,9.42,0,0
1624973295,9.42,9.42,9.42,9.42,9.42,0,0
1624973300,9.42,9.42,9.42,9.42,9.42,0,0
1624973305,9.42,9.42,9.42,9.42,9.42,0,0
1624973310,9.4,9.4,9.4,9.4,9.4,4,1
1624973315,9.4,9.4,9.4,9.4,9.4,0,0
1624973320,9.4,9.4,9.4,9.4,9.4,3,1
1624973325,9.46,9.46,9.41,9.41,9.44333,3,3
1624973330,9.4,9.4,9.4,9.4,9.4,2,2
1624973335,9.4,9.4,9.4,9.4,9.4,0,0
1624973340,9.4,9.4,9.4,9.4,9.4,0,0
1624973345,9.41,9.41,9.41,9.41,9.41,1,1
1624973350,9.41,9.41,9.41,9.41,9.41,0,0
1624973355,9.41,9.41,9.41,9.41,9.41,0,0
1624973360,9.41,9.41,9.41,9.41,9.41,0,0
1624973365,9.41,9.41,9.4,9.4,9.4025,4,3
1624973370,9.42,9.42,9.42,9.42,9.42,1,1
1624973375,9.42,9.42,9.42,9.42,9.42,0,0
1624973380,9.42,9.42,9.42,9.42,9.42,0,0
1624973385,9.42,9.42,9.42,9.42,9.42,0,0
1624973390,9.42,9.42,9.42,9.42,9.42,0,0
1624973395,9.42,9.42,9.42,9.42,9.42,0,0
1624973400,9.4,9.44,9.39,9.39,9.40099,1709,57
1624973405,9.385,9.41,9.38,9.39,9.38835,60,13
1624973410,9.38,9.39,9.375,9.385,9.38157,107,45
1624973415,9.385,9.39,9.35,9.38,9.37103,142,29
1624973420,9.36,9.37,9.35,9.3545,9.35852,145,30
1624973425,9.3516,9.36,9.34,9.36,9.35215,298,75
1624973430,9.37,9.372,9.35,9.36,9.36532,81,57
1624973435,9.35,9.35,9.32,9.3399,9.33137,160,21
1624973440,9.325,9.325,9.32,9.32,9.32133,15,4
1624973445,9.32,9.35,9.32,9.3408,9.33776,254,47
1624973450,9.34,9.35,9.335,9.335,9.3429,21,17
1624973455,9.335,9.34,9.335,9.335,9.33922,59,22
1624973460,9.35,9.35,9.32,9.32,9.32974,129,66
1624973465,9.32,9.328,9.2719,9.3,9.29271,596,124
1624973470,9.3,9.3,9.28,9.291,9.29005,39,24
1624973475,9.29,9.3,9.28,9.28,9.29062,77,30
1624973480,9.271,9.28,9.271,9.28,9.27839,52,18
1624973485,9.29,9.29,9.2823,9.29,9.28918,110,40
1624973490,9.29,9.315,9.29,9.31,9.30453,148,77
1624973495,9.31,9.317,9.305,9.31,9.30832,44,13
1624973500,9.3,9.3,9.28,9.29,9.29561,200,17
1624973505,9.29,9.29,9.283,9.2891,9.2867,26,4
1624973510,9.29,9.3,9.2829,9.29,9.29057,31,16
1624973515,9.28,9.29,9.28,9.289,9.28922,23,6
1624973520,9.285,9.285,9.272,9.28,9.28002,123,18
1624973525,9.27,9.29,9.2611,9.285,9.26986,97,37
1624973530,9.285,9.285,9.265,9.265,9.26982,18,6
1624973535,9.26,9.295,9.26,9.29,9.27808,61,28
1624973540,9.28,9.28,9.27,9.28,9.27851,39,23
1624973545,9.28,9.29,9.27,9.27,9.28356,65,25
1624973550,9.2792,9.28,9.26,9.2798,9.27458,52,15
1624973555,9.285,9.305,9.27,9.29,9.29576,185,65
1624973560,9.2973,9.2999,9.29,9.29,9.29558,25,5
1624973565,9.3,9.3001,9.29,9.2958,9.29796,34,17
1624973570,9.295,9.3,9.285,9.299,9.29071,11,8
1624973575,9.2913,9.305,9.2913,9.3,9.30019,82,30
1624973580,9.3001,9.31,9.3,9.305,9.30834,87,11
1624973585,9.31,9.32,9.31,9.31,9.31148,103,59
1624973590,9.32,9.32,9.31,9.3191,9.31935,105,35
1624973595,9.315,9.34,9.31,9.3382,9.32962,86,39
1624973600,9.3395,9.36,9.3395,9.36,9.34439,45,23
1624973605,9.353,9.36,9.33,9.33,9.34589,28,23
1624973610,9.33,9.3399,9.33,9.3399,9.33707,3,2
1624973615,9.335,9.35,9.335,9.345,9.34817,225,60
1624973620,9.345,9.36,9.34,9.36,9.35155,57,17
1624973625,9.3584,9.36,9.3501,9.36,9.3567,22,4
1624973630,9.37,9.395,9.3699,9.39,9.38237,64,25
1624973635,9.4,9.4,9.39,9.39,9.39228,22,15
1624973640,9.3899,9.4,9.385,9.3912,9.39283,73,17
1624973645,9.39,9.39,9.38,9.39,9.38435,127,21
1624973650,9.39,9.3981,9.39,9.39,9.39369,40,10
1624973655,9.395,9.41,9.39,9.4,9.39847,169,63
1624973660,9.3951,9.4,9.38,9.3875,9.39319,77,22
1624973665,9.3982,9.3982,9.38,9.39,9.38923,70,27
1624973670,9.39,9.39,9.38,9.38,9.38165,93,44
1624973675,9.38,9.39,9.38,9.3899,9.38733,12,6
1624973680,9.385,9.39,9.38,9.3815,9.38572,27,10
1624973685,9.39,9.41,9.39,9.4,9.39983,497,195
1624973690,9.405,9.41,9.3901,9.4,9.40538,159,38
1624973695,9.4,9.42,9.4,9.4199,9.41351,641,222
1624973700,9.419,9.43,9.41,9.42,9.42107,403,159
1624973705,9.43,9.44,9.425,9.435,9.43011,64,37
1624973710,9.43,9.43,9.42,9.425,9.42553,25,11
1624973715,9.4299,9.44,9.425,9.435,9.43332,141,54
1624973720,9.43,9.44,9.43,9.4392,9.4379,158,29
1624973725,9.43,9.45,9.43,9.45,9.44122,238,92
1624973730,9.448,9.48,9.448,9.47,9.45905,258,110
1624973735,9.48,9.49,9.47,9.48,9.4796,193,54
1624973740,9.4799,9.49,9.46,9.465,9.47347,441,139
1624973745,9.455,9.49,9.455,9.485,9.48274,432,89
1624973750,9.48,9.49,9.475,9.48,9.48136,34,17
1624973755,9.485,9.505,9.4795,9.485,9.4942,789,247
1624973760,9.485,9.49,9.475,9.475,9.48529,81,31
1624973765,9.4789,9.48,9.465,9.47,9.47078,51,27
1624973770,9.465,9.47,9.455,9.46,9.46068,247,62
1624973775,9.4627,9.4699,9.4591,9.4591,9.46472,40,10
1624973780,9.46,9.47,9.455,9.455,9.46537,223,103
1624973785,9.46,9.46,9.45,9.46,9.45239,156,61
1624973790,9.46,9.46,9.45,9.4501,9.45153,37,10
1624973795,9.458,9.46,9.44,9.45,9.44713,105,34
1624973800,9.44,9.44,9.4387,9.4387,9.43982,14,7
1624973805,9.4385,9.44,9.43,9.43,9.43222,168,17
1624973810,9.425,9.44,9.425,9.43,9.43006,254,50
1624973815,9.425,9.43,9.42,9.425,9.42758,50,29
1624973820,9.43,9.44,9.42,9.44,9.4286,94,45
1624973825,9.44,9.46,9.44,9.455,9.45258,282,143
1624973830,9.455,9.46,9.445,9.455,9.45146,246,108
1624973835,9.46,9.47,9.455,9.46,9.45971,133,57
1624973840,9.45,9.47,9.45,9.465,9.46311,183,63
1624973845,9.4674,9.49,9.461,9.49,9.4777,157,59
1624973850,9.5,9.505,9.495,9.498,9.50002,897,99
1624973855,9.495,9.505,9.475,9.475,9.4966,684,209
1624973860,9.47,9.495,9.47,9.495,9.48403,144,49
1624973865,9.49,9.49,9.4685,9.47,9.47758,185,50
1624973870,9.4699,9.47,9.45,9.455,9.45721,70,17
1624973875,9.46,9.46,9.44,9.4499,9.4521,100,30
1624973880,9.4495,9.4681,9.4473,9.4681,9.4538,144,46
1624973885,9.465,9.48,9.4601,9.475,9.46856,121,41
1624973890,9.475,9.48,9.47,9.47,9.47435,7,6
1624973895,9.4709,9.4799,9.47,9.47,9.47247,35,7
1624973900,9.48,9.48,9.4601,9.4699,9.47114,39,18
1624973905,9.47,9.48,9.465,9.4785,9.47367,57,23
1624973910,9.4784,9.4784,9.465,9.465,9.46996,44,21
1624973915,9.465,9.48,9.465,9.4701,9.47271,57,9
1624973920,9.47,9.47,9.44,9.44,9.45405,132,53
1624973925,9.45,9.47,9.45,9.47,9.45962,97,17
1624973930,9.465,9.48,9.465,9.48,9.47209,55,14
1624973935,9.48,9.49,9.48,9.485,9.48201,81,25
1624973940,9.485,9.49,9.48,9.49,9.4808,119,36
1624973945,9.489,9.5,9.489,9.5,9.4986,216,68
1624973950,9.495,9.51,9.495,9.5001,9.50203,199,60
1624973955,9.51,9.51,9.5,9.505,9.50401,122,27
1624973960,9.5017,9.51,9.5017,9.51,9.508,56,16
1624973965,9.5086,9.51,9.5,9.505,9.50645,93,19
1624973970,9.5099,9.51,9.5,9.505,9.50572,131,23
1624973975,9.508,9.51,9.5035,9.505,9.50632,45,15
1624973980,9.5,9.5097,9.5,9.505,9.50428,43,8
1624973985,9.5085,9.53,9.5023,9.525,9.51841,594,139
1624973990,9.525,9.5285,9.51,9.52,9.52201,91,40
1624973995,9.53,9.56,9.5223,9.555,9.54448,582,150
1624974000,9.557,9.56,9.52,9.5279,9.54604,166,65
1624974005,9.52,9.53,9.51,9.53,9.51983,128,62
1624974010,9.5309,9.54,9.505,9.5176,9.51855,367,79
1624974015,9.51,9.5109,9.5,9.505,9.50685,139,64
1624974020,9.505,9.51,9.5027,9.505,9.50735,23,10
1624974025,9.5,9.51,9.495,9.505,9.50168,90,35
1624974030,9.5,9.51,9.49,9.5,9.50006,47,22
1624974035,9.49,9.5,9.48,9.49,9.49045,304,43
1624974040,9.495,9.5,9.4912,9.5,9.4974,77,23
1624974045,9.51,9.53,9.5001,9.5204,9.51557,151,55
1624974050,9.53,9.53,9.51,9.51,9.52347,38,21
1624974055,9.52,9.53,9.52,9.5201,9.5238,52,9
1624974060,9.53,9.55,9.5201,9.55,9.54107,174,55
1624974065,9.5592,9.58,9.5592,9.58,9.56704,280,71
1624974070,9.581,9.6,9.575,9.58,9.58927,263,69
1624974075,9.59,9.6,9.5801,9.5801,9.59145,248,37
1624974080,9.5888,9.595,9.57,9.58,9.585,175,26
1624974085,9.575,9.58,9.56,9.56,9.56948,173,39
1624974090,9.555,9.58,9.555,9.56,9.57124,123,31
1624974095,9.56,9.578,9.54,9.57,9.55876,184,46
1624974100,9.575,9.58,9.57,9.58,9.57753,46,25
1624974105,9.5717,9.58,9.57,9.57,9.57582,41,18
1624974110,9.57,9.57,9.55,9.57,9.5651,165,54
1624974115,9.565,9.58,9.56,9.575,9.56952,163,23
1624974120,9.58,9.59,9.58,9.5899,9.58145,301,68
1624974125,9.585,9.589,9.5701,9.58,9.58172,45,19
1624974130,9.58,9.58,9.57,9.57,9.57846,10,5
1624974135,9.5799,9.5799,9.56,9.57,9.57222,376,43
1624974140,9.575,9.575,9.56,9.5614,9.56653,36,14
1624974145,9.56,9.58,9.55,9.57,9.57247,401,41
1624974150,9.565,9.57,9.55,9.55,9.55397,78,39
1624974155,9.551,9.56,9.55,9.5583,9.55298,91,34
1624974160,9.5516,9.56,9.54,9.5401,9.54777,83,14
1624974165,9.54,9.56,9.54,9.555,9.55132,91,31
1624974170,9.55,9.559,9.55,9.559,9.55386,3,3
1624974175,9.555,9.56,9.5481,9.5481,9.55247,30,12
1624974180,9.55,9.55,9.54,9.55,9.54411,107,37
1624974185,9.56,9.56,9.55,9.555,9.5566,68,30
1624974190,9.555,9.568,9.5517,9.565,9.55839,55,32
1624974195,9.57,9.58,9.56,9.5726,9.57085,89,40
1624974200,9.58,9.59,9.57,9.5809,9.58197,508,180
1624974205,9.58,9.6,9.58,9.595,9.59052,156,57
1624974210,9.595,9.62,9.595,9.6199,9.60496,885,207
1624974215,9.625,9.64,9.62,9.6298,9.62444,525,108
1624974220,9.62,9.63,9.6127,9.615,9.61907,236,45
1624974225,9.6199,9.6199,9.6018,9.605,9.61001,66,23
1624974230,9.605,9.61,9.57,9.58,9.59039,782,78
1624974235,9.5788,9.58,9.56,9.57,9.57034,109,44
1624974240,9.57,9.5799,9.5591,9.5799,9.56799,204,39
1624974245,9.5679,9.58,9.56,9.575,9.57364,112,29
1624974250,9.58,9.5887,9.5799,9.58,9.58151,86,23
1624974255,9.58,9.59,9.58,9.5896,9.5888,148,38
1624974260,9.5884,9.59,9.585,9.5895,9.58879,109,35
1624974265,9.59,9.598,9.59,9.5979,9.59537,14,6
1624974270,9.5912,9.65,9.5912,9.64,9.62246,871,279
1624974275,9.645,9.65,9.64,9.65,9.64469,106,53
1624974280,9.645,9.6499,9.64,9.6499,9.64386,60,24
1624974285,9.6499,9.65,9.64,9.65,9.64948,419,92
1624974290,9.6428,9.655,9.6428,9.655,9.65124,298,81
1624974295,9.6519,9.66,9.65,9.656,9.65544,138,50
1624974300,9.6585,9.67,9.65,9.6673,9.66044,262,71
1624974305,9.6686,9.6686,9.65,9.65,9.65719,151,44
1624974310,9.6501,9.66,9.6423,9.6579,9.65302,176,52
1624974315,9.659,9.66,9.65,9.65,9.65378,91,15
1624974320,9.6514,9.655,9.6409,9.6409,9.64968,120,24
1624974325,9.645,9.66,9.6401,9.649,9.65004,238,64
1624974330,9.65,9.65,9.64,9.645,9.64386,232,37
1624974335,9.649,9.649,9.63,9.63,9.64229,105,30
1624974340,9.635,9.635,9.61,9.6199,9.6196,224,53
1624974345,9.6101,9.62,9.61,9.61,9.61524,282,57
1624974350,9.615,9.619,9.6101,9.6173,9.6159,205,14
1624974355,9.62,9.64,9.6182,9.64,9.62504,268,114
1624974360,9.6323,9.645,9.6323,9.64,9.64148,101,29
1624974365,9.645,9.6499,9.64,9.645,9.64366,43,11
1624974370,9.6428,9.65,9.6401,9.6401,9.64532,47,16
1624974375,9.64,9.6473,9.64,9.6401,9.64352,287,61
1624974380,9.645,9.645,9.6219,9.635,9.63424,135,43
1624974385,9.63,9.645,9.63,9.64,9.64049,49,17
1624974390,9.64,9.6408,9.62,9.62,9.63572,164,27
1624974395,9.62,9.62,9.6,9.601,9.61105,174,35
1624974400,9.605,9.61,9.6,9.605,9.60381,26,13
1624974405,9.605,9.605,9.59,9.602,9.59896,133,37
1624974410,9.6,9.61,9.59,9.59,9.59967,347,114
1624974415,9.5914,9.6,9.5901,9.6,9.59184,75,12
1624974420,9.6,9.605,9.59,9.6,9.59976,129,44
1624974425,9.59,9.5992,9.59,9.5992,9.59361,33,6
1624974430,9.59,9.615,9.59,9.615,9.60512,404,81
1624974435,9.6124,9.62,9.6101,9.62,9.61876,62,23
1624974440,9.6201,9.63,9.62,9.62,9.6259,22,15
1624974445,9.623,9.6289,9.61,9.615,9.6169,114,45
1624974450,9.6092,9.63,9.605,9.63,9.62034,12,10
1624974455,9.625,9.63,9.625,9.625,9.62652,17,8
1624974460,9.63,9.64,9.63,9.6343,9.63217,45,27
1624974465,9.64,9.6405,9.63,9.639,9.63988,108,54
1624974470,9.639,9.64,9.63,9.6323,9.63811,51,22
1624974475,9.631,9.64,9.63,9.64,9.63408,72,25
1624974480,9.6301,9.635,9.6221,9.63,9.63001,115,35
1624974485,9.6218,9.625,9.6123,9.62,9.62023,109,18
1624974490,9.62,9.64,9.61,9.64,9.63211,72,27
1624974495,9.64,9.6401,9.6329,9.64,9.6363,77,19
1624974500,9.635,9.64,9.63,9.64,9.63953,52,17
1624974505,9.65,9.66,9.64,9.6525,9.65048,267,81
1624974510,9.6501,9.6602,9.65,9.66,9.65872,148,61
1624974515,9.661,9.68,9.661,9.68,9.67163,344,103
1624974520,9.68,9.6899,9.67,9.6701,9.67983,272,54
1624974525,9.67,9.6899,9.67,9.6701,9.67965,60,34
1624974530,9.675,9.69,9.67,9.69,9.68455,52,16
1624974535,9.69,9.69,9.67,9.67,9.68224,304,115
1624974540,9.675,9.6822,9.6621,9.68,9.67198,123,54
1624974545,9.68,9.71,9.68,9.69,9.69764,592,184
1624974550,9.6917,9.7,9.69,9.6988,9.69495,149,21
1624974555,9.6953,9.7,9.69,9.6914,9.69945,214,20
1624974560,9.699,9.7,9.69,9.695,9.69766,27,19
1624974565,9.7,9.7,9.69,9.697,9.69612,86,31
1624974570,9.695,9.7,9.682,9.682,9.69645,182,26
1624974575,9.685,9.69,9.67,9.6802,9.68129,197,51
1624974580,9.69,9.69,9.68,9.6801,9.68458,88,23
1624974585,9.681,9.69,9.681,9.6899,9.68531,20,11
1624974590,9.68,9.688,9.67,9.67,9.6813,57,28
1624974595,9.67,9.695,9.67,9.69,9.6841,214,78
1624974600,9.69,9.69,9.68,9.69,9.68178,47,7
1624974605,9.69,9.7,9.69,9.7,9.69773,108,56
1624974610,9.695,9.7,9.6911,9.7,9.6932,40,10
1624974615,9.7,9.71,9.69,9.7,9.69519,403,82
1624974620,9.7,9.705,9.7,9.7,9.70083,86,38
1624974625,9.705,9.71,9.7,9.7099,9.70049,463,14
1624974630,9.705,9.71,9.7,9.7,9.70645,981,318
1624974635,9.7,9.705,9.68,9.69,9.69131,410,94
1624974640,9.7,9.7114,9.685,9.69,9.70447,234,115
1624974645,9.695,9.71,9.695,9.7001,9.70079,138,63
1624974650,9.7,9.71,9.7,9.7014,9.70359,46,14
1624974655,9.705,9.71,9.695,9.71,9.70054,196,68
1624974660,9.71,9.72,9.7,9.708,9.71042,156,66
1624974665,9.705,9.7085,9.69,9.6915,9.70051,45,13
1624974670,9.69,9.71,9.69,9.71,9.69959,129,52
1624974675,9.71,9.73,9.71,9.72,9.71937,253,70
1624974680,9.725,9.73,9.72,9.725,9.72847,163,71
1624974685,9.725,9.729,9.72,9.72,9.72294,65,31
1624974690,9.72,9.72,9.71,9.72,9.7119,22,8
1624974695,9.72,9.73,9.71,9.715,9.72005,49,26
1624974700,9.7122,9.72,9.71,9.71,9.7171,54,20
1624974705,9.72,9.73,9.715,9.72,9.72057,78,32
1624974710,9.72,9.72,9.7113,9.715,9.71429,17,4
1624974715,9.71,9.72,9.6917,9.6917,9.70941,358,91
1624974720,9.7,9.705,9.69,9.69,9.69852,29,17
1624974725,9.6979,9.7,9.69,9.7,9.6958,34,13
1624974730,9.6927,9.7,9.68,9.68,9.68875,162,49
1624974735,9.69,9.69,9.68,9.6874,9.68493,38,12
1624974740,9.685,9.6899,9.67,9.6711,9.67724,326,46
1624974745,9.68,9.68,9.67,9.6702,9.67134,223,19
1624974750,9.671,9.69,9.67,9.685,9.67956,195,55
1624974755,9.6809,9.688,9.67,9.67,9.67944,81,28
1624974760,9.6708,9.68,9.67,9.675,9.67499,62,19
1624974765,9.675,9.675,9.661,9.67,9.6683,80,34
1624974770,9.6627,9.67,9.6619,9.67,9.66827,48,17
1624974775,9.6627,9.68,9.6613,9.6774,9.67515,234,91
1624974780,9.675,9.68,9.67,9.675,9.67053,130,11
1624974785,9.6701,9.69,9.67,9.69,9.68479,187,83
1624974790,9.69,9.7,9.68,9.6999,9.69047,98,32
1624974795,9.695,9.7,9.6898,9.7,9.69493,141,44
1624974800,9.697,9.7,9.69,9.698,9.69638,85,25
1624974805,9.695,9.7,9.695,9.695,9.69826,73,17
1624974810,9.692,9.7,9.69,9.6998,9.69778,92,33
1624974815,9.7,9.72,9.6999,9.7199,9.70592,277,95
1624974820,9.715,9.72,9.7,9.705,9.71332,127,41
1624974825,9.703,9.72,9.703,9.7183,9.71179,83,35
1624974830,9.7178,9.72,9.71,9.715,9.71566,92,19
1624974835,9.715,9.725,9.71,9.712,9.71921,198,55
1624974840,9.71,9.715,9.7,9.705,9.70968,138,56
1624974845,9.7,9.72,9.695,9.7126,9.70518,325,94
1624974850,9.7187,9.72,9.71,9.715,9.7171,190,85
1624974855,9.715,9.72,9.705,9.71,9.71057,700,115
1624974860,9.7,9.72,9.7,9.709,9.70768,281,117
1624974865,9.7,9.72,9.7,9.71,9.71216,209,86
1624974870,9.7099,9.73,9.7046,9.73,9.71634,167,74
1624974875,9.7208,9.73,9.72,9.7285,9.72477,108,31
1624974880,9.72,9.7299,9.72,9.7299,9.72297,46,14
1624974885,9.725,9.7284,9.71,9.71,9.7213,130,27
1624974890,9.715,9.73,9.7123,9.7226,9.72166,115,46
1624974895,9.725,9.74,9.72,9.725,9.72993,507,191
1624974900,9.7283,9.735,9.7201,9.73,9.72864,100,43
1624974905,9.73,9.74,9.73,9.735,9.73209,260,103
1624974910,9.73,9.73,9.72,9.72,9.72673,81,36
1624974915,9.7201,9.74,9.7201,9.7384,9.73083,157,55
1624974920,9.73,9.74,9.73,9.74,9.73516,27,7
1624974925,9.73,9.74,9.72,9.72,9.72999,265,55
1624974930,9.725,9.73,9.7109,9.7109,9.72129,361,85
1624974935,9.71,9.72,9.71,9.715,9.71214,251,59
1624974940,9.715,9.73,9.71,9.73,9.72272,213,73
1624974945,9.735,9.7474,9.73,9.7405,9.73767,332,133
1624974950,9.745,9.75,9.74,9.745,9.74392,77,26
1624974955,9.74,9.745,9.73,9.735,9.73906,172,45
1624974960,9.735,9.74,9.73,9.735,9.73585,404,127
1624974965,9.735,9.7379,9.72,9.72,9.72861,65,38
1624974970,9.725,9.7299,9.71,9.7299,9.72364,151,36
1624974975,9.725,9.735,9.7226,9.73,9.72824,86,32
1624974980,9.7309,9.74,9.73,9.735,9.73796,67,30
1624974985,9.735,9.74,9.73,9.74,9.73763,53,19
1624974990,9.735,9.79,9.735,9.78,9.75678,1420,307
1624974995,9.78,9.7873,9.75,9.755,9.76928,187,68
1624975000,9.76,9.77,9.755,9.765,9.76051,108,56
1624975005,9.765,9.78,9.7623,9.77,9.77155,67,37
1624975010,9.778,9.78,9.7701,9.78,9.77696,78,32
1624975015,9.775,9.79,9.7727,9.78,9.78086,166,48
1624975020,9.77,9.78,9.7687,9.78,9.7737,190,66
1624975025,9.78,9.79,9.78,9.785,9.78609,165,36
1624975030,9.785,9.79,9.7801,9.788,9.78677,34,10
1624975035,9.7899,9.79,9.78,9.7899,9.78585,45,21
1624975040,9.785,9.8,9.78,9.8,9.78952,266,56
1624975045,9.795,9.8,9.79,9.8,9.79535,205,26
1624975050,9.792,9.8,9.79,9.7916,9.79721,157,33
1624975055,9.7974,9.7999,9.78,9.7927,9.78997,151,49
1624975060,9.7974,9.8,9.79,9.79,9.7954,53,29
1624975065,9.7907,9.8,9.78,9.79,9.79236,547,93
1624975070,9.79,9.79,9.77,9.78,9.7822,204,63
1624975075,9.7786,9.78,9.77,9.7717,9.77717,453,77
1624975080,9.775,9.7799,9.755,9.755,9.76668,203,77
1624975085,9.751,9.759,9.74,9.7401,9.74519,253,37
1624975090,9.7499,9.76,9.7499,9.7505,9.75329,55,25
1624975095,9.755,9.755,9.73,9.74,9.73966,72,29
1624975100,9.7301,9.755,9.7301,9.755,9.74919,238,44
1624975105,9.751,9.77,9.7501,9.765,9.75994,66,31
1624975110,9.769,9.78,9.76,9.7675,9.76887,88,27
1624975115,9.765,9.765,9.758,9.76,9.76036,115,37
1624975120,9.76,9.7706,9.76,9.77,9.76628,49,26
1624975125,9.77,9.77,9.76,9.76,9.76722,25,5
1624975130,9.755,9.77,9.755,9.7686,9.76298,110,37
1624975135,9.7651,9.78,9.7651,9.7769,9.77646,174,42
1624975140,9.78,9.78,9.77,9.7717,9.77115,248,14
1624975145,9.7701,9.7821,9.77,9.7821,9.77759,106,36
1624975150,9.78,9.78,9.77,9.775,9.77688,120,33
1624975155,9.7717,9.78,9.77,9.77,9.77862,195,37
1624975160,9.78,9.78,9.77,9.77,9.77215,25,16
1624975165,9.775,9.78,9.77,9.77,9.77313,141,44
1624975170,9.765,9.765,9.75,9.76,9.75888,243,34
1624975175,9.755,9.76,9.75,9.7525,9.75686,57,13
1624975180,9.76,9.76,9.75,9.755,9.75223,107,20
1624975185,9.7507,9.7507,9.7414,9.7414,9.74959,212,58
1624975190,9.748,9.755,9.73,9.75,9.74553,264,86
1624975195,9.745,9.755,9.7408,9.7501,9.74783,92,22
1624975200,9.755,9.76,9.745,9.745,9.75171,173,51
1624975205,9.7499,9.7499,9.73,9.735,9.73525,70,15
1624975210,9.73,9.73,9.6921,9.695,9.70567,648,94
1624975215,9.7,9.7,9.68,9.686,9.68689,414,98
1624975220,9.685,9.7,9.68,9.6885,9.69034,228,70
1624975225,9.6837,9.69,9.68,9.69,9.68722,42,11
1624975230,9.69,9.7,9.6701,9.68,9.69062,221,71
1624975235,9.675,9.69,9.6711,9.69,9.67476,23,8
1624975240,9.69,9.69,9.67,9.679,9.67702,120,39
1624975245,9.68,9.69,9.675,9.6882,9.6829,8,8
1624975250,9.6801,9.69,9.675,9.6886,9.6828,23,16
1624975255,9.685,9.6899,9.68,9.685,9.68268,66,16
1624975260,9.689,9.69,9.68,9.6812,9.68095,136,12
1624975265,9.685,9.69,9.6816,9.685,9.68452,39,11
1624975270,9.6884,9.705,9.68,9.705,9.69698,262,101
1624975275,9.705,9.705,9.69,9.6982,9.6982,42,28
1624975280,9.7,9.7174,9.7,9.7174,9.70796,88,44
1624975285,9.715,9.72,9.71,9.7158,9.71704,72,23
1624975290,9.7115,9.74,9.7115,9.735,9.73193,450,63
1624975295,9.7316,9.74,9.73,9.74,9.73637,38,22
1624975300,9.73,9.75,9.73,9.7401,9.74445,131,16
1624975305,9.74,9.75,9.74,9.75,9.74693,22,17
1624975310,9.75,9.77,9.75,9.765,9.75246,195,43
1624975315,9.7601,9.7862,9.7601,9.7862,9.77421,56,16
1624975320,9.785,9.79,9.77,9.7711,9.77935,101,53
1624975325,9.775,9.78,9.77,9.77,9.77503,70,26
1624975330,9.7758,9.7758,9.76,9.775,9.76505,123,59
1624975335,9.7784,9.78,9.77,9.7789,9.77522,65,21
1624975340,9.7789,9.7789,9.77,9.7702,9.77345,118,23
1624975345,9.775,9.7814,9.7713,9.78,9.77897,232,98
1624975350,9.7781,9.795,9.7722,9.795,9.78841,157,52
1624975355,9.79,9.8,9.785,9.79,9.79078,135,32
1624975360,9.785,9.79,9.78,9.785,9.78473,19,8
1624975365,9.785,9.79,9.7801,9.7801,9.78791,52,11
1624975370,9.78,9.785,9.77,9.78,9.77711,81,30
1624975375,9.7799,9.78,9.77,9.775,9.7745,24,12
1624975380,9.77,9.79,9.77,9.7883,9.78349,136,27
1624975385,9.785,9.785,9.77,9.77,9.78087,31,9
1624975390,9.77,9.78,9.761,9.7798,9.76928,252,86
1624975395,9.775,9.78,9.77,9.77,9.77224,48,24
1624975400,9.76,9.765,9.75,9.76,9.75843,252,89
1624975405,9.76,9.76,9.745,9.75,9.75204,147,47
1624975410,9.74,9.7431,9.735,9.74,9.74028,31,8
1624975415,9.73,9.73,9.71,9.71,9.72134,179,45
1624975420,9.7173,9.719,9.7021,9.7021,9.7105,10,7
1624975425,9.705,9.71,9.702,9.705,9.70579,50,15
1624975430,9.7059,9.71,9.7024,9.7085,9.70593,44,12
1624975435,9.701,9.705,9.69,9.7,9.69859,222,55
1624975440,9.7,9.7,9.695,9.6984,9.69913,33,14
1624975445,9.6984,9.6984,9.68,9.685,9.68832,103,21
1624975450,9.685,9.69,9.68,9.68,9.68271,100,26
1624975455,9.68,9.695,9.68,9.69,9.69028,220,33
1624975460,9.689,9.69,9.6801,9.69,9.68127,97,10
1624975465,9.685,9.7,9.685,9.6996,9.69715,269,100
1624975470,9.6923,9.72,9.6923,9.7119,9.70837,183,71
1624975475,9.71,9.71,9.69,9.7,9.70103,42,16
1624975480,9.6999,9.7,9.6917,9.7,9.69563,19,7
1624975485,9.7,9.7,9.68,9.6997,9.68925,451,75
1624975490,9.695,9.705,9.69,9.705,9.69896,119,22
1624975495,9.71,9.71,9.7,9.71,9.70846,71,19
1624975500,9.7,9.71,9.699,9.7,9.70269,21,15
1624975505,9.7,9.7023,9.695,9.7,9.69935,30,11
1624975510,9.7,9.7,9.685,9.685,9.69693,85,19
1624975515,9.695,9.697,9.69,9.69,9.69313,22,8
1624975520,9.6999,9.7,9.6915,9.6999,9.69669,32,8
1624975525,9.69,9.69,9.6721,9.6721,9.68067,154,58
1624975530,9.68,9.68,9.67,9.67,9.67295,116,19
1624975535,9.67,9.67,9.655,9.665,9.66133,108,31
1624975540,9.6626,9.67,9.66,9.665,9.66377,44,20
1624975545,9.665,9.67,9.66,9.665,9.663,35,13
1624975550,9.6601,9.67,9.66,9.66,9.66293,28,7
1624975555,9.6617,9.675,9.66,9.66,9.66958,144,67
1624975560,9.66,9.67,9.66,9.66,9.66335,38,20
1624975565,9.66,9.67,9.66,9.67,9.66281,26,13
1624975570,9.66,9.6699,9.66,9.665,9.66798,79,11
1624975575,9.66,9.6685,9.66,9.6679,9.66178,32,16
1624975580,9.66,9.66,9.634,9.634,9.64979,288,87
1624975585,9.63,9.64,9.62,9.6323,9.62529,154,57
1624975590,9.64,9.64,9.63,9.63,9.63272,67,31
1624975595,9.63,9.64,9.622,9.635,9.63161,189,41
1624975600,9.64,9.645,9.631,9.6343,9.63934,135,48
1624975605,9.635,9.6401,9.6317,9.6401,9.63495,26,7
1624975610,9.645,9.65,9.64,9.65,9.64822,30,21
1624975615,9.6419,9.6589,9.6419,9.65,9.65216,133,44
1624975620,9.6507,9.6507,9.65,9.65,9.65009,35,15
1624975625,9.65,9.66,9.64,9.64,9.65353,79,32
1624975630,9.64,9.65,9.63,9.63,9.64265,147,57
1624975635,9.63,9.6385,9.629,9.635,9.63468,19,8
1624975640,9.63,9.63,9.62,9.6207,9.621,60,9
1624975645,9.63,9.63,9.62,9.63,9.62836,14,10
1624975650,9.62,9.63,9.62,9.625,9.62538,217,40
1624975655,9.62,9.635,9.62,9.6227,9.62819,252,57
1624975660,9.62,9.6299,9.62,9.62,9.62412,17,7
1624975665,9.6299,9.635,9.62,9.6301,9.62839,80,30
1624975670,9.635,9.635,9.63,9.6306,9.63072,39,9
1624975675,9.6314,9.6374,9.61,9.611,9.62716,66,36
1624975680,9.611,9.611,9.59,9.598,9.59894,414,97
1624975685,9.59,9.59,9.58,9.585,9.58475,37,19
1624975690,9.59,9.5984,9.58,9.5901,9.58902,229,62
1624975695,9.5907,9.5977,9.58,9.5874,9.58282,145,17
1624975700,9.585,9.588,9.58,9.588,9.58195,32,13
1624975705,9.59,9.61,9.585,9.6,9.59949,391,141
1624975710,9.5999,9.6099,9.5999,9.605,9.60252,22,8
1624975715,9.6014,9.61,9.6,9.6,9.60183,85,36
1624975720,9.59,9.6,9.58,9.6,9.58833,89,16
1624975725,9.6,9.6099,9.5901,9.6099,9.59882,74,32
1624975730,9.6,9.6,9.5901,9.6,9.59947,29,15
1624975735,9.6,9.6012,9.5988,9.5988,9.59999,53,28
1624975740,9.6,9.605,9.5942,9.605,9.59959,54,27
1624975745,9.6,9.61,9.6,9.605,9.6062,37,27
1624975750,9.605,9.605,9.5985,9.6,9.60006,133,49
1624975755,9.5918,9.5918,9.585,9.59,9.59019,27,11
1624975760,9.595,9.595,9.581,9.59,9.58767,16,10
1624975765,9.5899,9.6,9.5899,9.5999,9.59655,60,8
1624975770,9.595,9.595,9.59,9.595,9.59067,16,7
1624975775,9.5973,9.599,9.59,9.599,9.591,35,13
1624975780,9.5901,9.6,9.5827,9.59,9.59024,13,9
1624975785,9.585,9.59,9.58,9.589,9.58554,61,10
1624975790,9.585,9.5894,9.57,9.58,9.5836,165,32
1624975795,9.575,9.5795,9.57,9.57,9.57697,43,8
1624975800,9.58,9.58,9.57,9.575,9.57353,32,13
1624975805,9.5724,9.585,9.56,9.575,9.57378,192,60
1624975810,9.575,9.575,9.57,9.575,9.57311,5,5
1624975815,9.57,9.57,9.56,9.57,9.56753,43,20
1624975820,9.58,9.588,9.58,9.58,9.5816,71,19
1624975825,9.585,9.5858,9.58,9.585,9.58222,10,5
1624975830,9.59,9.59,9.58,9.585,9.58308,47,18
1624975835,9.5816,9.59,9.58,9.58,9.58818,148,23
1624975840,9.5822,9.6,9.5822,9.592,9.59296,71,28
1624975845,9.599,9.599,9.599,9.599,9.599,1,1
1624975850,9.595,9.6,9.59,9.5981,9.59776,166,38
1624975855,9.5981,9.6,9.585,9.59,9.59071,96,38
1624975860,9.595,9.6,9.585,9.6,9.59174,22,14
1624975865,9.6,9.61,9.595,9.605,9.60294,248,108
1624975870,9.6,9.6173,9.6,9.615,9.60794,111,65
1624975875,9.61,9.61,9.6,9.6095,9.60635,69,24
1624975880,9.605,9.61,9.605,9.609,9.60879,59,14
1624975885,9.61,9.61,9.603,9.605,9.60359,74,5
1624975890,9.605,9.605,9.605,9.605,9.605,0,0
1624975895,9.6079,9.61,9.6,9.61,9.60702,13,7
1624975900,9.605,9.6188,9.605,9.605,9.60933,44,32
1624975905,9.61,9.61,9.6092,9.61,9.60979,19,8
1624975910,9.6111,9.62,9.6,9.61,9.60951,63,17
1624975915,9.605,9.61,9.6027,9.6083,9.60716,38,13
1624975920,9.605,9.61,9.6,9.605,9.60891,233,20
1624975925,9.605,9.61,9.605,9.605,9.60711,5,4
1624975930,9.61,9.61,9.6,9.6,9.60151,23,5
1624975935,9.6083,9.61,9.6,9.605,9.60696,43,21
1624975940,9.6099,9.6099,9.6,9.6,9.60495,2,2
1624975945,9.6,9.6,9.58,9.58,9.59568,340,67
1624975950,9.58,9.5815,9.565,9.565,9.57325,16,10
1624975955,9.57,9.57,9.56,9.56,9.56599,96,45
1624975960,9.569,9.5699,9.54,9.54,9.5497,392,78
1624975965,9.545,9.545,9.53,9.53,9.5396,162,32
1624975970,9.532,9.535,9.53,9.53,9.53166,20,7
1624975975,9.53,9.535,9.52,9.52,9.52683,184,55
1624975980,9.5205,9.5299,9.52,9.525,9.52148,96,12
1624975985,9.52,9.5295,9.5,9.51,9.51345,535,150
1624975990,9.51,9.5185,9.5089,9.5101,9.51113,185,34
1624975995,9.5115,9.52,9.5101,9.52,9.51907,52,21
1624976000,9.5287,9.5287,9.5126,9.5126,9.52238,38,19
1624976005,9.52,9.528,9.52,9.525,9.52111,76,28
1624976010,9.5201,9.5282,9.52,9.525,9.52276,16,9
1624976015,9.5277,9.535,9.5214,9.53,9.52982,105,51
1624976020,9.535,9.54,9.535,9.5391,9.53829,14,5
1624976025,9.54,9.56,9.54,9.56,9.5499,164,64
1624976030,9.57,9.57,9.56,9.57,9.56585,87,17
1624976035,9.5692,9.5692,9.5497,9.55,9.55352,155,47
1624976040,9.555,9.56,9.551,9.56,9.55429,8,5
1624976045,9.555,9.56,9.549,9.55,9.55717,71,15
1624976050,9.55,9.55,9.545,9.55,9.5494,29,5
1624976055,9.55,9.55,9.53,9.535,9.53976,132,15
1624976060,9.53,9.53,9.52,9.52,9.52651,15,13
1624976065,9.525,9.525,9.5,9.51,9.51042,199,59
1624976070,9.5,9.507,9.49,9.4989,9.50091,505,114
1624976075,9.49,9.51,9.49,9.5,9.5037,221,69
1624976080,9.505,9.5074,9.495,9.5074,9.49982,46,24
1624976085,9.5089,9.5089,9.5,9.5072,9.50337,115,8
1624976090,9.5,9.5083,9.49,9.5,9.50162,179,45
1624976095,9.505,9.505,9.49,9.49,9.49633,35,12
1624976100,9.495,9.5,9.495,9.495,9.49708,11,9
1624976105,9.5,9.5,9.49,9.49,9.49536,25,11
1624976110,9.49,9.49,9.47,9.47,9.47904,251,77
1624976115,9.48,9.48,9.47,9.47,9.47302,128,19
1624976120,9.475,9.48,9.4714,9.48,9.47749,58,31
1624976125,9.48,9.4807,9.47,9.47,9.47647,60,15
1624976130,9.4701,9.4783,9.46,9.465,9.46445,492,120
1624976135,9.467,9.467,9.46,9.4601,9.46317,29,5
1624976140,9.46,9.46,9.45,9.455,9.45876,52,17
1624976145,9.4573,9.4605,9.45,9.455,9.45928,77,16
1624976150,9.46,9.4891,9.46,9.48,9.48243,100,26
1624976155,9.488,9.488,9.465,9.465,9.4733,44,20
1624976160,9.47,9.4701,9.465,9.4701,9.46851,37,15
1624976165,9.47,9.47,9.46,9.46,9.46416,41,11
1624976170,9.465,9.47,9.46,9.46,9.46742,30,22
1624976175,9.4683,9.4683,9.46,9.46,9.46387,22,7
1624976180,9.4512,9.47,9.45,9.465,9.45481,41,12
1624976185,9.46,9.47,9.4501,9.4626,9.45847,53,21
1624976190,9.465,9.47,9.46,9.46,9.46169,118,40
1624976195,9.4613,9.47,9.46,9.46,9.46481,46,10
1624976200,9.4609,9.48,9.46,9.48,9.47105,97,39
1624976205,9.477,9.477,9.46,9.4676,9.46528,159,30
1624976210,9.46,9.46,9.46,9.46,9.46,11,8
1624976215,9.465,9.471,9.465,9.471,9.46953,19,10
1624976220,9.48,9.49,9.4738,9.48,9.48106,736,74
1624976225,9.48,9.48,9.47,9.475,9.47635,79,19
1624976230,9.47,9.47,9.47,9.47,9.47,3,3
1624976235,9.47,9.47,9.45,9.4542,9.46149,188,42
1624976240,9.46,9.46,9.455,9.455,9.45872,6,4
1624976245,9.455,9.4599,9.45,9.455,9.4552,35,5
1624976250,9.45,9.47,9.45,9.465,9.4607,65,33
1624976255,9.46,9.48,9.46,9.48,9.47004,124,53
1624976260,9.475,9.49,9.4725,9.485,9.47995,261,84
1624976265,9.49,9.49,9.485,9.4882,9.48927,18,6
1624976270,9.485,9.485,9.48,9.4814,9.48367,41,8
1624976275,9.4827,9.49,9.4827,9.49,9.48992,87,28
1624976280,9.489,9.5074,9.489,9.49,9.4996,182,79
1624976285,9.495,9.495,9.48,9.485,9.4881,52,31
1624976290,9.49,9.49,9.485,9.49,9.48934,30,21
1624976295,9.49,9.5,9.49,9.4914,9.49864,83,26
1624976300,9.498,9.51,9.49,9.5097,9.50575,41,22
1624976305,9.51,9.5178,9.505,9.5173,9.51051,158,43
1624976310,9.5199,9.52,9.51,9.515,9.51732,59,22
1624976315,9.52,9.535,9.5,9.5,9.51401,241,71
1624976320,9.5,9.5,9.495,9.495,9.49759,17,12
1624976325,9.49,9.499,9.49,9.49,9.49533,33,9
1624976330,9.485,9.49,9.47,9.475,9.47993,126,38
1624976335,9.4701,9.475,9.47,9.47,9.47231,11,3
1624976340,9.47,9.475,9.465,9.465,9.47037,29,12
1624976345,9.465,9.465,9.46,9.4601,9.46131,8,4
1624976350,9.4699,9.47,9.46,9.46,9.46972,85,31
1624976355,9.4677,9.47,9.46,9.46,9.46651,130,62
1624976360,9.465,9.47,9.46,9.465,9.46783,71,29
1624976365,9.475,9.489,9.46,9.489,9.47502,127,58
1624976370,9.488,9.488,9.475,9.478,9.48165,19,7
1624976375,9.478,9.48,9.475,9.475,9.47836,14,9
1624976380,9.48,9.49,9.48,9.485,9.48893,14,13
1624976385,9.49,9.49,9.4801,9.49,9.48754,130,32
1624976390,9.495,9.5,9.493,9.495,9.49981,169,76
1624976395,9.495,9.5,9.495,9.4995,9.49914,38,4
1624976400,9.5,9.5099,9.5,9.5001,9.50103,19,13
1624976405,9.5,9.5,9.49,9.4999,9.49819,37,15
1624976410,9.495,9.505,9.49,9.5,9.49958,267,77
1624976415,9.4993,9.5,9.4914,9.4999,9.49622,53,6
1624976420,9.495,9.5,9.4942,9.4987,9.49688,28,19
1624976425,9.495,9.495,9.485,9.485,9.4905,39,29
1624976430,9.4884,9.49,9.485,9.49,9.48989,86,26
1624976435,9.4899,9.4899,9.47,9.475,9.47954,221,32
1624976440,9.47,9.4799,9.465,9.47,9.47116,54,24
1624976445,9.48,9.49,9.475,9.49,9.48215,55,22
1624976450,9.4887,9.4899,9.47,9.47,9.47973,200,17
1624976455,9.48,9.49,9.475,9.49,9.48638,141,62
1624976460,9.49,9.49,9.475,9.475,9.48562,53,29
1624976465,9.475,9.485,9.475,9.485,9.4842,106,10
1624976470,9.485,9.485,9.475,9.475,9.47922,36,17
1624976475,9.4784,9.48,9.475,9.48,9.47795,4,3
1624976480,9.475,9.48,9.475,9.48,9.47803,20,11
1624976485,9.4799,9.4893,9.4799,9.48,9.4872,116,8
1624976490,9.4813,9.49,9.4813,9.485,9.48725,13,8
1624976495,9.49,9.5,9.49,9.49,9.49283,22,15
1624976500,9.495,9.505,9.4901,9.505,9.49953,96,59
1624976505,9.505,9.515,9.505,9.51,9.51008,58,32
1624976510,9.515,9.515,9.493,9.493,9.50708,75,39
1624976515,9.49,9.495,9.49,9.495,9.49409,5,3
1624976520,9.49,9.49,9.47,9.475,9.48025,197,30
1624976525,9.475,9.4874,9.47,9.485,9.47591,25,15
1624976530,9.481,9.481,9.47,9.475,9.47795,63,17
1624976535,9.47,9.47,9.45,9.4553,9.46755,493,67
1624976540,9.46,9.46,9.45,9.455,9.45403,24,14
1624976545,9.455,9.46,9.455,9.455,9.45694,13,3
1624976550,9.4589,9.46,9.45,9.46,9.45882,59,8
1624976555,9.46,9.465,9.45,9.459,9.45946,27,17
1624976560,9.4576,9.46,9.4501,9.4501,9.45486,4,3
1624976565,9.45,9.46,9.45,9.455,9.45455,5,5
1624976570,9.4517,9.4573,9.4517,9.4518,9.45236,9,3
1624976575,9.452,9.46,9.45,9.46,9.45925,67,25
1624976580,9.46,9.4674,9.4595,9.46,9.46007,72,23
1624976585,9.465,9.47,9.46,9.46,9.46289,41,16
1624976590,9.47,9.47,9.47,9.47,9.47,82,37
1624976595,9.47,9.47,9.465,9.465,9.46945,9,4
1624976600,9.4692,9.4692,9.46,9.4611,9.46681,47,7
1624976605,9.465,9.465,9.45,9.45,9.46009,55,17
1624976610,9.455,9.46,9.45,9.455,9.45818,28,10
1624976615,9.4509,9.46,9.45,9.455,9.45337,75,5
1624976620,9.45,9.46,9.45,9.46,9.45754,9,5
1624976625,9.45,9.45,9.45,9.45,9.45,1,1
1624976630,9.455,9.4673,9.455,9.46,9.45958,66,36
1624976635,9.46,9.46,9.455,9.4599,9.4591,15,8
1624976640,9.46,9.47,9.46,9.47,9.46382,13,9
1624976645,9.47,9.4711,9.47,9.4711,9.47069,8,4
1624976650,9.475,9.485,9.475,9.485,9.47956,37,13
1624976655,9.49,9.49,9.48,9.49,9.48707,7,6
1624976660,9.481,9.4883,9.48,9.4808,9.48364,28,6
1624976665,9.4801,9.49,9.475,9.49,9.48332,26,13
1624976670,9.4826,9.49,9.4826,9.49,9.48822,27,18
1624976675,9.49,9.4981,9.4899,9.4981,9.49161,31,17
1624976680,9.495,9.4983,9.495,9.4983,9.498,11,2
1624976685,9.49,9.5,9.49,9.5,9.49895,87,24
1624976690,9.505,9.505,9.5,9.5,9.5025,2,2
1624976695,9.5,9.5,9.498,9.5,9.49979,9,8
1624976700,9.495,9.505,9.495,9.4995,9.50002,45,24
1624976705,9.5,9.505,9.5,9.505,9.50361,15,6
1624976710,9.5089,9.5089,9.505,9.505,9.50695,2,2
1624976715,9.5093,9.515,9.5093,9.515,9.51029,84,11
1624976720,9.51,9.5101,9.5,9.5101,9.50944,54,27
1624976725,9.5101,9.52,9.51,9.5191,9.51797,71,15
1624976730,9.52,9.52,9.51,9.51,9.51326,128,31
1624976735,9.51,9.51,9.4977,9.4977,9.50389,54,20
1624976740,9.49,9.5,9.49,9.4921,9.49363,16,11
1624976745,9.5,9.51,9.5,9.505,9.50334,15,9
1624976750,9.5082,9.51,9.5073,9.51,9.5085,3,3
1624976755,9.505,9.5174,9.5,9.51,9.50949,131,58
1624976760,9.51,9.52,9.51,9.51,9.51344,38,8
1624976765,9.51,9.515,9.5073,9.51,9.51009,77,22
1624976770,9.515,9.5185,9.51,9.517,9.51698,23,4
1624976775,9.5199,9.52,9.5199,9.52,9.51994,18,8
1624976780,9.5199,9.52,9.51,9.52,9.51677,30,9
1624976785,9.5193,9.5199,9.51,9.5199,9.51455,13,8
1624976790,9.515,9.52,9.515,9.5174,9.51708,24,5
1624976795,9.51,9.51,9.49,9.4999,9.50329,79,24
1624976800,9.49,9.4901,9.47,9.48,9.48382,111,41
1624976805,9.475,9.475,9.455,9.46,9.46252,123,41
1624976810,9.465,9.47,9.4601,9.465,9.46605,36,19
1624976815,9.46,9.465,9.45,9.45,9.45334,77,22
1624976820,9.452,9.4599,9.45,9.4599,9.45385,88,9
1624976825,9.46,9.4601,9.4591,9.4591,9.45984,47,13
1624976830,9.46,9.46,9.46,9.46,9.46,2,2
1624976835,9.451,9.46,9.451,9.459,9.4555,6,3
1624976840,9.4587,9.4587,9.4587,9.4587,9.4587,1,1
1624976845,9.46,9.46,9.45,9.45,9.4586,11,3
1624976850,9.455,9.465,9.455,9.46,9.45948,58,25
1624976855,9.4589,9.46,9.4589,9.46,9.45982,6,4
1624976860,9.47,9.4774,9.47,9.4774,9.47296,5,4
1624976865,9.48,9.485,9.48,9.48,9.48138,9,7
1624976870,9.48,9.48,9.47,9.47,9.47474,19,10
1624976875,9.47,9.47,9.47,9.47,9.47,0,0
1624976880,9.4789,9.4789,9.4601,9.4779,9.47545,56,11
1624976885,9.47,9.475,9.4618,9.47,9.46898,46,13
1624976890,9.4777,9.4811,9.4777,9.4811,9.47987,35,16
1624976895,9.4806,9.4806,9.4806,9.4806,9.4806,45,1
1624976900,9.49,9.49,9.49,9.49,9.49,1,1
1624976905,9.498,9.5,9.498,9.5,9.49958,52,17
1624976910,9.49,9.495,9.49,9.49,9.49269,6,4
1624976915,9.495,9.495,9.495,9.495,9.495,13,3
1624976920,9.5,9.5,9.4989,9.5,9.49968,103,28
1624976925,9.5073,9.5073,9.505,9.505,9.50568,3,3
1624976930,9.5079,9.5099,9.5074,9.5099,9.50815,4,3
1624976935,9.5082,9.5086,9.505,9.505,9.50835,33,4
1624976940,9.51,9.51,9.5,9.5,9.50572,77,11
1624976945,9.4933,9.4933,9.485,9.49,9.48986,12,12
1624976950,9.495,9.5,9.49,9.5,9.49822,21,10
1624976955,9.5,9.51,9.5,9.5011,9.50169,6,4
1624976960,9.51,9.51,9.5076,9.5076,9.50952,12,2
1624976965,9.505,9.51,9.505,9.51,9.50956,28,19
1624976970,9.51,9.51,9.5026,9.5099,9.50745,17,7
1624976975,9.51,9.51,9.5,9.5,9.50981,105,21
1624976980,9.51,9.51,9.51,9.51,9.51,1,1
1624976985,9.505,9.505,9.505,9.505,9.505,9,3
1624976990,9.5099,9.5099,9.505,9.505,9.50827,15,2
1624976995,9.51,9.51,9.5,9.51,9.50986,104,37
1624977000,9.505,9.505,9.505,9.505,9.505,3,2
1624977005,9.5091,9.52,9.505,9.5196,9.51116,134,54
1624977010,9.5195,9.5195,9.5,9.5,9.50799,203,60
1624977015,9.51,9.51,9.505,9.505,9.5088,4,2
1624977020,9.5,9.51,9.5,9.505,9.50772,22,9
1624977025,9.5099,9.51,9.5,9.51,9.50674,39,11
1624977030,9.51,9.51,9.501,9.5099,9.50935,37,19
1624977035,9.52,9.52,9.5115,9.5196,9.51884,22,11
1624977040,9.52,9.525,9.515,9.52,9.52041,266,61
1624977045,9.5182,9.53,9.5179,9.52,9.52748,119,44
1624977050,9.5282,9.53,9.52,9.52,9.52819,50,14
1624977055,9.52,9.54,9.52,9.5385,9.52964,106,44
1624977060,9.5385,9.54,9.5385,9.54,9.53963,68,20
1624977065,9.55,9.57,9.55,9.562,9.55631,70,19
1624977070,9.569,9.57,9.565,9.565,9.56859,16,10
1624977075,9.57,9.58,9.5699,9.5789,9.57604,58,15
1624977080,9.58,9.581,9.575,9.581,9.57989,46,12
1624977085,9.58,9.585,9.57,9.5774,9.57941,439,42
1624977090,9.57,9.58,9.57,9.57,9.57375,52,23
1624977095,9.57,9.57,9.55,9.555,9.56448,98,42
1624977100,9.55,9.56,9.545,9.555,9.55122,68,35
1624977105,9.56,9.56,9.55,9.5599,9.55594,27,12
1624977110,9.5509,9.5509,9.54,9.5411,9.54848,23,8
1624977115,9.5499,9.55,9.54,9.545,9.54557,102,17
1624977120,9.54,9.55,9.5317,9.535,9.54257,101,24
1624977125,9.53,9.5391,9.53,9.53,9.53389,219,61
1624977130,9.532,9.5394,9.53,9.53,9.53592,203,26
1624977135,9.53,9.5323,9.525,9.5323,9.52955,82,33
1624977140,9.53,9.53,9.52,9.5278,9.5249,11,5
1624977145,9.5209,9.525,9.51,9.5138,9.51636,93,20
1624977150,9.5173,9.5173,9.515,9.515,9.51592,2,2
1624977155,9.51,9.5173,9.51,9.5173,9.51365,2,2
1624977160,9.515,9.5199,9.515,9.5183,9.51761,14,4
1624977165,9.51,9.51,9.5,9.5,9.50759,61,14
1624977170,9.505,9.51,9.505,9.51,9.50989,183,36
1624977175,9.5174,9.5174,9.5,9.5,9.51,29,10
1624977180,9.505,9.51,9.5,9.5099,9.50379,29,12
1624977185,9.51,9.51,9.505,9.51,9.5082,42,12
1624977190,9.505,9.505,9.5,9.5,9.5025,2,2
1624977195,9.505,9.505,9.5,9.5,9.50016,64,9
1624977200,9.5,9.5,9.495,9.495,9.49583,6,5
1624977205,9.5,9.525,9.495,9.52,9.5153,44,29
1624977210,9.52,9.53,9.52,9.5296,9.52808,38,15
1624977215,9.54,9.5476,9.535,9.5476,9.54513,43,6
1624977220,9.5411,9.5522,9.535,9.55,9.54091,65,25
1624977225,9.555,9.56,9.555,9.56,9.55615,13,2
1624977230,9.55,9.55,9.54,9.54,9.54561,10,7
1624977235,9.5324,9.5409,9.5324,9.5409,9.5392,17,3
1624977240,9.5508,9.5508,9.5508,9.5508,9.5508,7,1
1624977245,9.5508,9.5508,9.5508,9.5508,9.5508,0,0
1624977250,9.55,9.56,9.55,9.56,9.55657,18,8
1624977255,9.56,9.565,9.55,9.55,9.56111,27,7
1624977260,9.555,9.555,9.545,9.545,9.55045,188,49
1624977265,9.545,9.545,9.53,9.53,9.53839,36,12
1624977270,9.535,9.55,9.535,9.55,9.53972,30,14
1624977275,9.55,9.55,9.55,9.55,9.55,8,5
1624977280,9.5596,9.57,9.5596,9.57,9.56337,7,7
1624977285,9.5672,9.57,9.565,9.57,9.56717,20,5
1624977290,9.5688,9.5688,9.5688,9.5688,9.5688,5,1
1624977295,9.56,9.57,9.56,9.565,9.56211,44,14
1624977300,9.5674,9.5699,9.56,9.56,9.56635,7,5
1624977305,9.57,9.57,9.5674,9.5674,9.56971,9,2
1624977310,9.57,9.57,9.565,9.565,9.56938,24,4
1624977315,9.565,9.565,9.545,9.545,9.55924,313,25
1624977320,9.5477,9.55,9.542,9.55,9.54628,8,5
1624977325,9.54,9.541,9.53,9.54,9.53346,114,22
1624977330,9.55,9.55,9.55,9.55,9.55,1,1
1624977335,9.55,9.55,9.54,9.542,9.54117,47,9
1624977340,9.54,9.54,9.535,9.54,9.53861,7,4
1624977345,9.54,9.54,9.515,9.515,9.52325,73,19
1624977350,9.52,9.52,9.515,9.52,9.51905,6,4
1624977355,9.52,9.5218,9.515,9.515,9.51973,37,9
1624977360,9.51,9.5223,9.51,9.5223,9.51918,21,9
1624977365,9.525,9.53,9.525,9.5299,9.52969,33,4
1624977370,9.5271,9.535,9.5271,9.53,9.53008,27,19
1624977375,9.53,9.54,9.53,9.54,9.53416,7,7
1624977380,9.54,9.54,9.53,9.54,9.534,5,4
1624977385,9.535,9.535,9.535,9.535,9.535,2,1
1624977390,9.539,9.54,9.535,9.54,9.53871,21,10
1624977395,9.545,9.56,9.545,9.56,9.55855,31,9
1624977400,9.57,9.57,9.56,9.5622,9.56233,5,4
1624977405,9.56,9.56,9.56,9.56,9.56,25,11
1624977410,9.56,9.57,9.56,9.56,9.56222,28,15
1624977415,9.56,9.56,9.56,9.56,9.56,2,2
1624977420,9.565,9.57,9.565,9.57,9.56894,14,10
1624977425,9.5683,9.57,9.565,9.57,9.56819,7,5
1624977430,9.56,9.5674,9.55,9.555,9.5599,218,15
1624977435,9.56,9.56,9.55,9.55,9.5545,10,8
1624977440,9.5573,9.5599,9.5499,9.5499,9.55256,78,8
1624977445,9.55,9.55,9.54,9.5493,9.5466,49,13
1624977450,9.545,9.55,9.545,9.545,9.54936,17,11
1624977455,9.5472,9.55,9.54,9.545,9.54775,27,9
1624977460,9.55,9.56,9.545,9.55,9.55564,59,17
1624977465,9.55,9.55,9.53,9.53,9.54509,36,15
1624977470,9.5317,9.5325,9.53,9.53,9.53191,7,3
1624977475,9.535,9.5361,9.53,9.5361,9.53495,59,5
1624977480,9.5399,9.545,9.5399,9.545,9.54127,16,8
1624977485,9.54,9.5477,9.54,9.54,9.54382,6,4
1624977490,9.54,9.54,9.54,9.54,9.54,0,0
1624977495,9.545,9.5483,9.545,9.5483,9.548,11,2
1624977500,9.545,9.55,9.54,9.5473,9.54347,37,7
1624977505,9.5499,9.5499,9.54,9.545,9.5458,6,3
1624977510,9.545,9.545,9.545,9.545,9.545,0,0
1624977515,9.54,9.55,9.54,9.54,9.54441,10,6
1624977520,9.54,9.54,9.53,9.53,9.53131,242,27
1624977525,9.5231,9.5231,9.52,9.5202,9.52136,19,4
1624977530,9.52,9.525,9.52,9.52,9.52381,12,5
1624977535,9.52,9.52,9.515,9.52,9.51923,39,15
1624977540,9.52,9.525,9.51,9.518,9.51963,66,19
1624977545,9.5199,9.5199,9.5199,9.5199,9.5199,1,1
1624977550,9.51,9.51,9.51,9.51,9.51,4,4
1624977555,9.51,9.5173,9.51,9.5173,9.51104,7,5
1624977560,9.5104,9.5104,9.5,9.51,9.50878,81,30
1624977565,9.5,9.505,9.5,9.5,9.50169,13,4
1624977570,9.5,9.5095,9.5,9.5,9.50401,48,19
1624977575,9.505,9.505,9.495,9.5,9.50005,103,46
1624977580,9.505,9.51,9.5,9.5,9.5072,23,17
1624977585,9.5,9.5,9.4927,9.4927,9.49837,6,4
1624977590,9.495,9.495,9.48,9.485,9.4895,49,19
1624977595,9.4823,9.49,9.4823,9.49,9.48743,6,3
1624977600,9.49,9.49,9.48,9.48,9.48483,32,10
1624977605,9.49,9.49,9.47,9.4755,9.47856,44,14
1624977610,9.47,9.475,9.46,9.4601,9.47125,32,10
1624977615,9.47,9.48,9.469,9.4799,9.47373,107,39
1624977620,9.4799,9.48,9.47,9.48,9.47807,73,10
1624977625,9.49,9.49,9.48,9.4886,9.48974,166,7
1624977630,9.49,9.5,9.485,9.5,9.4908,65,24
1624977635,9.5,9.5,9.4901,9.495,9.49295,13,4
1624977640,9.49,9.49,9.49,9.49,9.49,50,18
1624977645,9.49,9.49,9.48,9.488,9.48259,27,9
1624977650,9.485,9.495,9.485,9.495,9.49098,17,10
1624977655,9.49,9.49,9.49,9.49,9.49,10,9
1624977660,9.4889,9.49,9.4889,9.49,9.48918,4,2
1624977665,9.48,9.482,9.48,9.482,9.48065,6,4
1624977670,9.48,9.48,9.47,9.47,9.47959,229,18
1624977675,9.465,9.47,9.46,9.465,9.46525,19,6
1624977680,9.4601,9.4685,9.4601,9.4685,9.46225,14,3
1624977685,9.4688,9.4688,9.46,9.46,9.46635,17,6
1624977690,9.47,9.48,9.47,9.475,9.47417,6,6
1624977695,9.4795,9.48,9.4758,9.48,9.47952,57,9
1624977700,9.485,9.485,9.4818,9.4818,9.4822,8,2
1624977705,9.49,9.495,9.4899,9.4913,9.4908,41,11
1624977710,9.4913,9.4913,9.4913,9.4913,9.4913,0,0
1624977715,9.5,9.5,9.5,9.5,9.5,9,7
1624977720,9.5,9.505,9.495,9.5003,9.50005,63,34
1624977725,9.51,9.51,9.5,9.5,9.5076,15,4
1624977730,9.508,9.508,9.495,9.4999,9.50088,30,12
1624977735,9.49,9.49,9.49,9.49,9.49,19,3
1624977740,9.49,9.49,9.49,9.49,9.49,0,0
1624977745,9.4883,9.49,9.48,9.485,9.48747,23,12
1624977750,9.49,9.4921,9.49,9.4901,9.49029,7,6
1624977755,9.5,9.5,9.5,9.5,9.5,4,4
1624977760,9.495,9.5,9.495,9.4967,9.49755,13,5
1624977765,9.498,9.498,9.49,9.49,9.4926,5,5
1624977770,9.495,9.495,9.49,9.49,9.49013,38,17
1624977775,9.49,9.49,9.4807,9.482,9.48444,6,6
1624977780,9.49,9.49,9.49,9.49,9.49,1,1
1624977785,9.48,9.49,9.48,9.4892,9.48761,13,3
1624977790,9.4892,9.4892,9.4892,9.4892,9.4892,0,0
1624977795,9.4827,9.5,9.4827,9.5,9.49794,23,20
1624977800,9.495,9.52,9.495,9.51,9.51009,325,96
1624977805,9.51,9.52,9.51,9.515,9.51161,130,27
1624977810,9.52,9.52,9.51,9.51,9.51115,26,11
1624977815,9.51,9.51,9.505,9.51,9.50977,64,35
1624977820,9.51,9.51,9.5,9.5,9.50631,8,7
1624977825,9.505,9.505,9.495,9.4999,9.50006,28,9
1624977830,9.4987,9.4987,9.485,9.485,9.49556,30,7
1624977835,9.49,9.49,9.48,9.48,9.48059,55,15
1624977840,9.475,9.48,9.475,9.48,9.47835,6,5
1624977845,9.48,9.48,9.48,9.48,9.48,0,0
1624977850,9.49,9.4974,9.49,9.4974,9.49493,3,2
1624977855,9.4901,9.4901,9.48,9.49,9.48903,10,6
1624977860,9.495,9.5,9.49,9.49,9.49361,14,4
1624977865,9.4895,9.49,9.485,9.485,9.48826,15,6
1624977870,9.49,9.5,9.49,9.5,9.49173,43,19
1624977875,9.5,9.5,9.5,9.5,9.5,3,3
1624977880,9.4999,9.5,9.4985,9.4985,9.49997,72,34
1624977885,9.505,9.5091,9.505,9.505,9.50678,5,4
1624977890,9.5,9.51,9.5,9.503,9.50121,54,27
1624977895,9.51,9.515,9.505,9.505,9.51,190,37
1624977900,9.5085,9.5085,9.505,9.5076,9.50807,13,3
1624977905,9.5,9.5,9.5,9.5,9.5,21,2
1624977910,9.5,9.515,9.5,9.515,9.50892,97,35
1624977915,9.51,9.51,9.5099,9.5099,9.50997,6,5
1624977920,9.5099,9.5099,9.5099,9.5099,9.5099,0,0
1624977925,9.5001,9.5001,9.488,9.488,9.49433,31,16
1624977930,9.49,9.49,9.49,9.49,9.49,2,1
1624977935,9.4866,9.4866,9.4866,9.4866,9.4866,1,1
1624977940,9.485,9.49,9.485,9.485,9.48516,34,4
1624977945,9.485,9.49,9.48,9.49,9.48787,72,31
1624977950,9.49,9.49,9.4889,9.49,9.48944,4,3
1624977955,9.49,9.49,9.49,9.49,9.49,8,3
1624977960,9.49,9.49,9.49,9.49,9.49,0,0
1624977965,9.5,9.5,9.5,9.5,9.5,3,3
1624977970,9.5,9.5,9.5,9.5,9.5,3,2
1624977975,9.5,9.51,9.5,9.5,9.50018,66,37
1624977980,9.5,9.505,9.4999,9.5,9.50014,62,7
1624977985,9.505,9.505,9.505,9.505,9.505,1,1
1624977990,9.505,9.505,9.5,9.5,9.50097,5,4
1624977995,9.495,9.5,9.49,9.4908,9.49664,23,4
1624978000,9.4928,9.4928,9.4913,9.4913,9.49218,11,2
1624978005,9.49,9.49,9.485,9.49,9.48973,54,22
1624978010,9.4901,9.4901,9.4901,9.4901,9.4901,2,1
1624978015,9.4999,9.4999,9.4908,9.4908,9.49348,3,2
1624978020,9.4908,9.4908,9.4908,9.4908,9.4908,0,0
1624978025,9.4927,9.5,9.4927,9.5,9.49875,12,5
1624978030,9.5,9.5,9.5,9.5,9.5,3,2
1624978035,9.5,9.5022,9.5,9.5022,9.50011,20,14
1624978040,9.49,9.495,9.48,9.4899,9.49014,17,11
1624978045,9.485,9.485,9.485,9.485,9.485,1,1
1624978050,9.4884,9.4884,9.47,9.47,9.47982,156,38
1624978055,9.47,9.4779,9.465,9.4691,9.46986,114,13
1624978060,9.46,9.4699,9.46,9.4699,9.46707,70,2
1624978065,9.4687,9.47,9.4687,9.47,9.46933,38,12
1624978070,9.465,9.465,9.45,9.45,9.45792,263,89
1624978075,9.45,9.4573,9.45,9.4573,9.45122,6,3
1624978080,9.452,9.46,9.45,9.4501,9.45192,40,11
1624978085,9.45,9.45,9.45,9.45,9.45,7,5
1624978090,9.45,9.4502,9.43,9.432,9.44836,515,83
1624978095,9.438,9.438,9.438,9.438,9.438,5,1
1624978100,9.43,9.4305,9.4217,9.4287,9.42682,41,14
1624978105,9.4209,9.4209,9.41,9.415,9.41433,127,47
1624978110,9.417,9.43,9.417,9.4274,9.42383,141,33
1624978115,9.4209,9.427,9.411,9.415,9.41828,18,11
1624978120,9.415,9.4199,9.41,9.4175,9.41159,23,8
1624978125,9.42,9.42,9.415,9.415,9.41947,9,6
1624978130,9.4113,9.4113,9.4101,9.4101,9.41052,5,2
1624978135,9.41,9.413,9.41,9.4113,9.41025,34,3
1624978140,9.415,9.42,9.413,9.4199,9.41897,109,22
1624978145,9.42,9.425,9.41,9.42,9.42024,294,31
1624978150,9.4182,9.4182,9.41,9.41,9.41547,12,2
1624978155,9.412,9.42,9.412,9.4189,9.4185,9,5
1624978160,9.4184,9.4199,9.415,9.415,9.41909,61,6
1624978165,9.4112,9.4112,9.4112,9.4112,9.4112,1,1
1624978170,9.4101,9.42,9.4,9.4116,9.40924,589,99
1624978175,9.415,9.42,9.41,9.41,9.41668,22,8
1624978180,9.42,9.42,9.42,9.42,9.42,31,20
1624978185,9.419,9.42,9.4119,9.42,9.4177,34,5
1624978190,9.4128,9.44,9.4128,9.435,9.42582,55,26
1624978195,9.43,9.4315,9.4226,9.43,9.42985,32,14
1624978200,9.43,9.43,9.43,9.43,9.43,4,2
1624978205,9.43,9.445,9.425,9.445,9.43163,61,31
1624978210,9.45,9.46,9.45,9.45,9.4503,232,80
1624978215,9.45,9.45,9.44,9.44,9.44333,3,3
1624978220,9.44,9.445,9.44,9.445,9.44364,20,9
1624978225,9.44,9.45,9.44,9.45,9.44174,22,8
1624978230,9.44,9.44,9.43,9.4328,9.4365,43,16
1624978235,9.4312,9.445,9.4312,9.4405,9.43789,31,13
1624978240,9.44,9.44,9.44,9.44,9.44,1,1
1624978245,9.44,9.4491,9.44,9.44,9.44697,66,8
1624978250,9.44,9.44,9.43,9.435,9.43625,4,3
1624978255,9.44,9.44,9.435,9.435,9.43977,22,2
1624978260,9.44,9.44,9.44,9.44,9.44,8,8
1624978265,9.431,9.435,9.43,9.43,9.43071,14,6
1624978270,9.43,9.43,9.42,9.42,9.42925,134,32
1624978275,9.4189,9.429,9.4189,9.429,9.4252,70,11
1624978280,9.43,9.4318,9.43,9.4318,9.43037,34,17
1624978285,9.4318,9.4318,9.4318,9.4318,9.4318,0,0
1624978290,9.43,9.43,9.43,9.43,9.43,1,1
1624978295,9.43,9.43,9.43,9.43,9.43,2,1
1624978300,9.4374,9.4374,9.4374,9.4374,9.4374,1,1
1624978305,9.4399,9.4399,9.4307,9.4307,9.43154,11,2
1624978310,9.439,9.439,9.439,9.439,9.439,1,1
1624978315,9.43,9.435,9.43,9.435,9.4313,4,4
1624978320,9.435,9.435,9.42,9.42,9.43017,25,8
1624978325,9.43,9.43,9.425,9.425,9.42992,61,2
1624978330,9.42,9.42,9.39,9.3999,9.40128,471,97
1624978335,9.39,9.39,9.38,9.3801,9.38752,117,33
1624978340,9.385,9.4,9.385,9.3917,9.39516,197,52
1624978345,9.4,9.4,9.39,9.39,9.39815,44,13
1624978350,9.39,9.39,9.39,9.39,9.39,0,0
1624978355,9.3983,9.3999,9.3901,9.3999,9.3976,12,3
1624978360,9.392,9.392,9.392,9.392,9.392,5,1
1624978365,9.39,9.4,9.39,9.3974,9.39221,136,14
1624978370,9.3974,9.3974,9.3974,9.3974,9.3974,0,0
1624978375,9.3999,9.3999,9.39,9.392,9.39104,67,7
1624978380,9.4,9.4,9.3907,9.395,9.39801,19,12
1624978385,9.395,9.4,9.395,9.3999,9.39888,9,5
1624978390,9.4,9.405,9.4,9.4014,9.40038,172,18
1624978395,9.405,9.405,9.4026,9.4026,9.4041,16,2
1624978400,9.405,9.405,9.405,9.405,9.405,1,1
1624978405,9.408,9.4099,9.4,9.4,9.40775,9,3
1624978410,9.4099,9.4099,9.4099,9.4099,9.4099,1,1
1624978415,9.4,9.4,9.385,9.385,9.39146,80,14
1624978420,9.385,9.385,9.385,9.385,9.385,0,0
1624978425,9.3899,9.39,9.38,9.39,9.38778,100,33
1624978430,9.39,9.4,9.38,9.4,9.39501,109,28
1624978435,9.39,9.4,9.39,9.4,9.39656,6,6
1624978440,9.4,9.4008,9.3999,9.4,9.40013,27,12
1624978445,9.4,9.4015,9.3917,9.4015,9.39484,19,6
1624978450,9.4,9.4099,9.395,9.395,9.40638,72,6
1624978455,9.395,9.395,9.38,9.38,9.38893,163,51
1624978460,9.375,9.3799,9.37,9.37,9.37267,52,17
1624978465,9.3773,9.379,9.3711,9.379,9.3766,15,5
1624978470,9.37,9.3701,9.3627,9.3627,9.36852,27,12
1624978475,9.363,9.38,9.36,9.38,9.36941,85,51
1624978480,9.3701,9.375,9.37,9.37,9.3719,8,7
1624978485,9.37,9.375,9.3627,9.37,9.36999,37,20
1624978490,9.365,9.365,9.3628,9.3628,9.36317,12,3
1624978495,9.369,9.38,9.361,9.37,9.36598,86,12
1624978500,9.3773,9.3773,9.3709,9.3709,9.37273,3,2
1624978505,9.371,9.371,9.37,9.3701,9.37021,11,8
1624978510,9.365,9.365,9.3617,9.3617,9.36356,7,4
1624978515,9.3601,9.3617,9.36,9.36,9.36006,82,16
1624978520,9.35,9.3601,9.35,9.3601,9.35796,119,36
1624978525,9.365,9.373,9.365,9.3701,9.3696,64,31
1624978530,9.3795,9.3795,9.37,9.375,9.37872,219,10
1624978535,9.3773,9.3851,9.37,9.3851,9.38003,112,51
1624978540,9.38,9.3801,9.375,9.378,9.37949,55,36
1624978545,9.37,9.38,9.3693,9.38,9.37217,19,8
1624978550,9.38,9.38,9.375,9.38,9.37889,13,9
1624978555,9.375,9.3787,9.3701,9.3701,9.37416,6,4
1624978560,9.377,9.377,9.37,9.37,9.37303,31,3
1624978565,9.378,9.378,9.378,9.378,9.378,5,1
1624978570,9.3783,9.38,9.36,9.37,9.37148,153,50
1624978575,9.37,9.37,9.37,9.37,9.37,0,0
1624978580,9.365,9.3699,9.34,9.34,9.35245,829,109
1624978585,9.3425,9.3425,9.32,9.322,9.32886,349,79
1624978590,9.325,9.325,9.31,9.311,9.31217,179,33
1624978595,9.3101,9.3276,9.31,9.315,9.31791,163,53
1624978600,9.31,9.3199,9.29,9.2913,9.30167,628,137
1624978605,9.29,9.2973,9.28,9.28,9.28774,111,37
1624978610,9.2899,9.2899,9.27,9.2701,9.2749,503,34
1624978615,9.28,9.285,9.2709,9.28,9.27746,88,34
1624978620,9.2809,9.2878,9.28,9.2878,9.28252,58,26
1624978625,9.29,9.3,9.28,9.295,9.29144,270,56
1624978630,9.295,9.3,9.29,9.2984,9.29765,37,11
1624978635,9.3,9.3,9.29,9.3,9.29732,84,14
1624978640,9.295,9.2999,9.28,9.2999,9.29221,77,24
1624978645,9.2882,9.2899,9.2882,9.2888,9.28851,17,4
1624978650,9.29,9.29,9.2899,9.29,9.28997,94,44
1624978655,9.29,9.29,9.2819,9.29,9.28854,8,8
1624978660,9.2999,9.31,9.2999,9.3,9.30035,156,44
1624978665,9.31,9.31,9.2987,9.3,9.30513,77,20
1624978670,9.3,9.3,9.2982,9.2997,9.29931,38,8
1624978675,9.3,9.3,9.29,9.29,9.29475,13,6
1624978680,9.2975,9.2975,9.2908,9.2908,9.29319,24,5
1624978685,9.298,9.31,9.29,9.29,9.29772,295,111
1624978690,9.291,9.3,9.29,9.3,9.29324,25,9
1624978695,9.295,9.3,9.28,9.29,9.28167,580,41
1624978700,9.28,9.285,9.28,9.285,9.28004,252,2
1624978705,9.2899,9.295,9.285,9.29,9.28977,26,14
1624978710,9.2885,9.29,9.2885,9.29,9.28859,16,2
1624978715,9.2891,9.2899,9.2891,9.2893,9.28923,21,3
1624978720,9.29,9.2992,9.285,9.2992,9.29083,59,14
1624978725,9.3,9.3,9.3,9.3,9.3,38,15
1624978730,9.3,9.3,9.299,9.299,9.29988,24,14
1624978735,9.3,9.31,9.3,9.3,9.30283,39,14
1624978740,9.3,9.3074,9.2982,9.305,9.30003,61,21
1624978745,9.3074,9.3078,9.3,9.3072,9.30679,14,4
1624978750,9.305,9.305,9.3,9.305,9.30455,54,6
1624978755,9.31,9.31,9.3,9.3,9.30153,177,58
1624978760,9.305,9.31,9.3009,9.31,9.30862,52,7
1624978765,9.3,9.305,9.29,9.295,9.29792,91,15
1624978770,9.295,9.2973,9.295,9.2973,9.29615,2,2
1624978775,9.295,9.2999,9.295,9.2999,9.29597,32,4
1624978780,9.29,9.29,9.28,9.285,9.28546,332,48
1624978785,9.28,9.28,9.2723,9.2723,9.27469,10,4
1624978790,9.28,9.2897,9.28,9.2897,9.28407,6,5
1624978795,9.285,9.295,9.285,9.29,9.28851,13,8
1624978800,9.29,9.3,9.29,9.292,9.29184,58,22
1624978805,9.295,9.2973,9.29,9.29,9.29461,7,3
1624978810,9.295,9.3,9.2901,9.299,9.29692,56,18
1624978815,9.295,9.2999,9.29,9.295,9.29873,63,6
1624978820,9.295,9.295,9.295,9.295,9.295,0,0
1624978825,9.29,9.29,9.28,9.28,9.28709,25,12
1624978830,9.285,9.285,9.28,9.28,9.28316,9,5
1624978835,9.28,9.2899,9.28,9.2899,9.28106,93,8
1624978840,9.28,9.29,9.28,9.29,9.28493,11,4
1624978845,9.2877,9.29,9.2821,9.29,9.285,8,3
1624978850,9.29,9.29,9.2809,9.2809,9.28513,26,6
1624978855,9.29,9.29,9.28,9.285,9.289,20,4
1624978860,9.28,9.285,9.275,9.275,9.27967,60,15
1624978865,9.28,9.2816,9.2705,9.28,9.27261,253,21
1624978870,9.28,9.285,9.275,9.285,9.28088,26,18
1624978875,9.285,9.285,9.27,9.28,9.27409,114,69
1624978880,9.28,9.29,9.2723,9.2801,9.28543,32,8
1624978885,9.285,9.3,9.2801,9.2889,9.28859,37,18
1624978890,9.28,9.29,9.28,9.29,9.28051,125,16
1624978895,9.29,9.3,9.29,9.299,9.29164,87,29
1624978900,9.3,9.31,9.3,9.31,9.3006,104,27
1624978905,9.3019,9.3019,9.3,9.3,9.30019,15,4
1624978910,9.2974,9.3,9.29,9.3,9.29249,16,6
1624978915,9.305,9.305,9.2902,9.3,9.29962,32,17
1624978920,9.2999,9.3,9.2901,9.3,9.29452,19,9
1624978925,9.29,9.295,9.29,9.295,9.29321,14,3
1624978930,9.2983,9.2983,9.28,9.29,9.28972,137,40
1624978935,9.285,9.29,9.285,9.29,9.28917,40,8
1624978940,9.29,9.29,9.2889,9.2889,9.28988,9,2
1624978945,9.2834,9.2899,9.2834,9.2872,9.28528,62,4
1624978950,9.2815,9.29,9.28,9.285,9.28296,91,6
1624978955,9.29,9.295,9.2801,9.295,9.28465,112,12
1624978960,9.3,9.3,9.29,9.29,9.29714,3,2
1624978965,9.29,9.29,9.29,9.29,9.29,0,0
1624978970,9.29,9.29,9.2873,9.29,9.2895,28,14
1624978975,9.2899,9.2973,9.2893,9.2973,9.29014,21,3
1624978980,9.295,9.3,9.29,9.29,9.29501,11,6
1624978985,9.2905,9.2905,9.28,9.2899,9.28991,57,9
1624978990,9.28,9.28,9.2701,9.2771,9.27966,187,19
1624978995,9.2718,9.2718,9.2718,9.2718,9.2718,6,1
1624979000,9.27,9.275,9.27,9.27,9.27032,15,8
1624979005,9.27,9.27,9.27,9.27,9.27,30,16
1624979010,9.27,9.27,9.2304,9.235,9.24825,929,232
1624979015,9.232,9.24,9.232,9.24,9.2367,34,12
1624979020,9.235,9.24,9.235,9.235,9.23911,18,6
1624979025,9.238,9.238,9.23,9.235,9.23492,98,11
1624979030,9.2385,9.24,9.2324,9.2324,9.23854,36,16
1624979035,9.2301,9.24,9.23,9.23,9.23644,46,21
1624979040,9.2357,9.24,9.2314,9.2314,9.23496,30,5
1624979045,9.2342,9.24,9.23,9.23,9.23317,226,81
1624979050,9.235,9.2399,9.23,9.2399,9.23147,59,8
1624979055,9.231,9.2379,9.231,9.2377,9.23383,20,5
1624979060,9.2309,9.2376,9.22,9.2273,9.228,165,70
1624979065,9.2201,9.23,9.22,9.2299,9.22357,150,59
1624979070,9.22,9.23,9.22,9.225,9.22287,154,47
1624979075,9.22,9.23,9.2113,9.225,9.22004,76,41
1624979080,9.22,9.22,9.215,9.2199,9.21868,39,9
1624979085,9.215,9.22,9.2127,9.2189,9.21778,30,5
1624979090,9.2122,9.22,9.21,9.2104,9.21225,187,13
1624979095,9.215,9.215,9.18,9.19,9.20228,1013,167
1624979100,9.19,9.2,9.181,9.1981,9.19043,119,35
1624979105,9.1908,9.2,9.1908,9.1985,9.1975,57,20
1624979110,9.1982,9.2188,9.195,9.2,9.20301,178,71
1624979115,9.2,9.2,9.195,9.195,9.19828,9,4
1624979120,9.1912,9.1917,9.19,9.1917,9.19031,84,23
1624979125,9.1978,9.1983,9.185,9.1881,9.19148,46,21
1624979130,9.19,9.19,9.185,9.1886,9.18722,55,14
1624979135,9.185,9.1895,9.1821,9.1821,9.18673,15,6
1624979140,9.19,9.19,9.1817,9.19,9.18793,93,28
1624979145,9.185,9.1886,9.18,9.18,9.18486,43,5
1624979150,9.19,9.19,9.19,9.19,9.19,1,1
1624979155,9.1891,9.1891,9.185,9.185,9.18658,6,4
1624979160,9.1896,9.19,9.185,9.19,9.18703,11,4
1624979165,9.1807,9.19,9.1807,9.1893,9.18433,135,10
1624979170,9.19,9.1999,9.1801,9.1801,9.18997,210,73
1624979175,9.188,9.19,9.185,9.1882,9.18773,58,26
1624979180,9.19,9.2,9.1899,9.1899,9.19047,176,64
1624979185,9.195,9.195,9.19,9.19,9.1925,2,2
1624979190,9.19,9.19,9.18,9.1899,9.18845,17,8
1624979195,9.185,9.208,9.185,9.208,9.194,225,55
1624979200,9.2073,9.2074,9.205,9.205,9.20542,17,6
1624979205,9.205,9.21,9.2,9.2015,9.20705,21,13
1624979210,9.2077,9.23,9.205,9.22,9.21907,246,95
1624979215,9.22,9.23,9.22,9.22,9.22297,130,17
1624979220,9.215,9.215,9.2,9.205,9.20814,83,17
1624979225,9.21,9.21,9.2082,9.21,9.20925,11,10
1624979230,9.22,9.22,9.21,9.21,9.21638,9,8
1624979235,9.21,9.21,9.2,9.2,9.20557,20,8
1624979240,9.2086,9.2086,9.2,9.205,9.20722,27,6
1624979245,9.205,9.208,9.205,9.208,9.20523,13,3
1624979250,9.208,9.2199,9.208,9.2199,9.21051,85,32
1624979255,9.2173,9.218,9.215,9.218,9.21776,24,4
1624979260,9.2199,9.2199,9.2199,9.2199,9.2199,3,1
1624979265,9.22,9.225,9.2187,9.225,9.22006,58,8
1624979270,9.225,9.23,9.22,9.22,9.22974,155,6
1624979275,9.2101,9.225,9.2101,9.225,9.21396,8,3
1624979280,9.22,9.22,9.22,9.22,9.22,15,10
1624979285,9.22,9.22,9.2117,9.215,9.21796,55,9
1624979290,9.22,9.22,9.2198,9.2198,9.2199,4,2
1624979295,9.21,9.2173,9.21,9.215,9.2114,9,3
1624979300,9.2199,9.2199,9.21,9.2173,9.2193,54,5
1624979305,9.213,9.22,9.2106,9.2115,9.21464,25,8
1624979310,9.2184,9.2189,9.21,9.215,9.21732,33,5
1624979315,9.2177,9.2177,9.2177,9.2177,9.2177,10,2
1624979320,9.21,9.21,9.21,9.21,9.21,5,3
1624979325,9.21,9.211,9.21,9.211,9.21033,3,3
1624979330,9.215,9.215,9.21,9.2122,9.21347,12,6
1624979335,9.215,9.215,9.205,9.205,9.21241,35,12
1624979340,9.21,9.21,9.205,9.205,9.20688,8,2
1624979345,9.201,9.205,9.201,9.205,9.20195,4,2
1624979350,9.2011,9.21,9.2,9.205,9.20586,96,7
1624979355,9.2009,9.205,9.185,9.185,9.19863,145,46
1624979360,9.1816,9.1893,9.1816,9.185,9.18677,22,4
1624979365,9.19,9.1977,9.19,9.1974,9.19311,39,18
1624979370,9.1899,9.19,9.18,9.185,9.18719,166,11
1624979375,9.1814,9.1883,9.18,9.1883,9.18403,87,7
1624979380,9.1883,9.1883,9.1883,9.1883,9.1883,0,0
1624979385,9.19,9.195,9.18,9.18,9.18971,52,16
1624979390,9.18,9.18,9.18,9.18,9.18,0,0
1624979395,9.188,9.188,9.188,9.188,9.188,2,1
1624979400,9.185,9.19,9.185,9.1898,9.18939,66,26
1624979405,9.19,9.195,9.185,9.195,9.19,480,99
1624979410,9.19,9.1984,9.185,9.195,9.19062,254,74
1624979415,9.19,9.19,9.185,9.185,9.18833,3,2
1624979420,9.1901,9.1901,9.18,9.18,9.18739,122,18
1624979425,9.185,9.1873,9.18,9.1801,9.18166,16,8
1624979430,9.18,9.1886,9.18,9.1882,9.18669,29,7
1624979435,9.19,9.1901,9.1817,9.1817,9.18871,128,23
1624979440,9.18,9.185,9.18,9.185,9.18167,3,2
1624979445,9.185,9.185,9.185,9.185,9.185,5,1
1624979450,9.18,9.19,9.18,9.19,9.1854,2,2
1624979455,9.1883,9.19,9.1883,9.19,9.18888,15,3
1624979460,9.185,9.185,9.18,9.18,9.1825,2,2
1624979465,9.185,9.19,9.185,9.1888,9.1888,15,4
1624979470,9.1885,9.19,9.185,9.185,9.18965,83,33
1624979475,9.1899,9.1899,9.1899,9.1899,9.1899,1,1
1624979480,9.19,9.19,9.18,9.18,9.18842,242,6
1624979485,9.185,9.19,9.18,9.19,9.1847,11,4
1624979490,9.188,9.188,9.18,9.18,9.18358,3,2
1624979495,9.19,9.19,9.17,9.17,9.17978,304,53
1624979500,9.1773,9.18,9.1607,9.1607,9.16376,85,13
1624979505,9.165,9.167,9.16,9.167,9.16516,44,5
1624979510,9.1608,9.175,9.16,9.17,9.16441,74,18
1624979515,9.177,9.18,9.175,9.18,9.17773,15,10
1624979520,9.175,9.18,9.171,9.18,9.17561,93,10
1624979525,9.1899,9.19,9.1815,9.19,9.18816,53,28
1624979530,9.185,9.19,9.185,9.19,9.18852,44,18
1624979535,9.1982,9.22,9.19,9.21,9.20477,336,143
1624979540,9.215,9.2195,9.21,9.215,9.2183,106,6
1624979545,9.225,9.225,9.225,9.225,9.225,4,2
1624979550,9.23,9.25,9.22,9.23,9.24157,632,133
1624979555,9.22,9.22,9.195,9.2,9.20733,36,19
1624979560,9.1979,9.1979,9.17,9.17,9.18482,208,60
1624979565,9.17,9.17,9.12,9.13,9.14236,2192,503
1624979570,9.1214,9.13,9.05,9.06,9.0992,1983,461
1624979575,9.06,9.08,9.0599,9.08,9.06804,652,194
1624979580,9.089,9.13,9.08,9.115,9.10792,506,155
1624979585,9.12,9.12,9.095,9.11,9.11347,249,78
1624979590,9.11,9.1281,9.11,9.1281,9.11712,177,32
1624979595,9.1257,9.13,9.125,9.1272,9.12642,31,4
1624979600,9.1265,9.1285,9.125,9.127,9.12695,61,7
1624979605,9.125,9.13,9.12,9.13,9.12876,40,11
1624979610,9.14,9.15,9.1394,9.1394,9.14476,165,20
1624979615,9.137,9.15,9.137,9.1493,9.14444,99,31
1624979620,9.14,9.1401,9.13,9.1399,9.13052,416,22
1624979625,9.13,9.1302,9.13,9.13,9.13008,8,3
1624979630,9.13,9.13,9.13,9.13,9.13,0,0
1624979635,9.135,9.14,9.13,9.14,9.13763,19,17
1624979640,9.13,9.13,9.13,9.13,9.13,7,5
1624979645,9.125,9.125,9.125,9.125,9.125,3,2
1624979650,9.13,9.14,9.13,9.13,9.13504,200,50
1624979655,9.1301,9.1301,9.1301,9.1301,9.1301,16,1
1624979660,9.13,9.13,9.1202,9.125,9.12512,45,18
1624979665,9.1287,9.1287,9.125,9.125,9.12722,10,4
1624979670,9.125,9.13,9.1,9.1,9.12008,180,62
1624979675,9.1085,9.11,9.1028,9.103,9.10595,25,6
1624979680,9.11,9.1283,9.11,9.12,9.12012,54,10
1624979685,9.12,9.12,9.1191,9.1191,9.11991,30,8
1624979690,9.1191,9.13,9.1191,9.1299,9.12246,34,10
1624979695,9.1309,9.14,9.13,9.14,9.1361,55,24
1624979700,9.135,9.15,9.135,9.148,9.14408,17,9
1624979705,9.139,9.14,9.139,9.14,9.13909,11,2
1624979710,9.1416,9.15,9.1416,9.15,9.14962,92,26
1624979715,9.1483,9.15,9.14,9.1406,9.14098,219,19
1624979720,9.145,9.15,9.145,9.15,9.14917,21,11
1624979725,9.1578,9.17,9.1538,9.1599,9.15991,162,37
1624979730,9.155,9.1681,9.15,9.16,9.15781,347,56
1624979735,9.165,9.1787,9.165,9.178,9.17376,64,17
1624979740,9.1786,9.1799,9.17,9.17,9.17748,81,8
1624979745,9.165,9.17,9.16,9.1686,9.16814,57,7
1624979750,9.165,9.18,9.165,9.18,9.17385,19,6
1624979755,9.1777,9.1777,9.1777,9.1777,9.1777,1,1
1624979760,9.1799,9.18,9.1792,9.1792,9.17941,14,3
1624979765,9.17,9.18,9.16,9.165,9.16809,53,25
1624979770,9.16,9.16,9.15,9.16,9.15312,74,13
1624979775,9.1501,9.16,9.15,9.16,9.15685,66,4
1624979780,9.1599,9.165,9.1593,9.165,9.15994,50,14
1624979785,9.165,9.17,9.165,9.17,9.16951,64,24
1624979790,9.1773,9.1777,9.17,9.175,9.17495,11,8
1624979795,9.1777,9.18,9.1732,9.175,9.17683,15,10
1624979800,9.18,9.185,9.175,9.185,9.18,6,6
1624979805,9.1899,9.1899,9.18,9.18,9.18481,98,7
1624979810,9.19,9.19,9.175,9.175,9.18214,11,9
1624979815,9.18,9.1874,9.1784,9.1874,9.18067,6,4
1624979820,9.18,9.18,9.175,9.175,9.177,10,5
1624979825,9.18,9.185,9.1775,9.185,9.18271,12,6
1624979830,9.18,9.18,9.171,9.1799,9.17495,123,37
1624979835,9.175,9.18,9.17,9.17,9.1709,105,5
1624979840,9.1775,9.18,9.1775,9.18,9.17875,4,3
1624979845,9.18,9.18,9.1773,9.1773,9.17942,7,3
1624979850,9.18,9.18,9.155,9.16,9.16965,79,30
1624979855,9.16,9.16,9.155,9.155,9.15831,20,9
1624979860,9.159,9.168,9.155,9.168,9.1602,35,12
1624979865,9.165,9.18,9.16,9.18,9.16689,22,7
1624979870,9.17,9.17,9.16,9.165,9.16264,14,5
1624979875,9.165,9.165,9.165,9.165,9.165,0,0
1624979880,9.1699,9.1699,9.155,9.16,9.16098,58,24
1624979885,9.1699,9.1699,9.1699,9.1699,9.1699,7,1
1624979890,9.16,9.17,9.15,9.17,9.15953,30,17
1624979895,9.155,9.17,9.155,9.17,9.16827,24,16
1624979900,9.1711,9.1777,9.1701,9.1777,9.1712,21,3
1624979905,9.18,9.19,9.18,9.1899,9.18724,29,8
1624979910,9.19,9.19,9.18,9.18,9.18377,15,8
1624979915,9.18,9.18,9.175,9.1799,9.17858,18,13
1624979920,9.18,9.1865,9.18,9.1865,9.18283,23,6
1624979925,9.19,9.19,9.1806,9.1806,9.18271,85,3
1624979930,9.185,9.185,9.185,9.185,9.185,14,2
1624979935,9.1899,9.1899,9.1869,9.1869,9.18924,65,4
1624979940,9.18,9.18,9.17,9.17,9.17944,91,20
1624979945,9.1778,9.1778,9.17,9.17,9.17181,8,7
1624979950,9.1656,9.17,9.1656,9.1697,9.16934,54,26
1624979955,9.17,9.18,9.16,9.16,9.17054,179,39
1624979960,9.165,9.169,9.1626,9.1677,9.16633,13,5
1624979965,9.165,9.17,9.1601,9.1601,9.16558,9,4
1624979970,9.165,9.1699,9.16,9.1699,9.16615,18,4
1624979975,9.17,9.18,9.1618,9.18,9.17005,77,10
1624979980,9.18,9.188,9.18,9.188,9.18181,22,13
1624979985,9.1811,9.19,9.18,9.19,9.18974,289,47
1624979990,9.19,9.1999,9.19,9.198,9.19828,21,5
1624979995,9.1974,9.1976,9.195,9.195,9.19705,5,3
1624980000,9.2,9.2,9.193,9.193,9.19423,15,4
1624980005,9.1973,9.1983,9.19,9.19,9.19317,60,8
1624980010,9.195,9.2,9.193,9.1999,9.19906,104,29
1624980015,9.195,9.2,9.191,9.192,9.19849,52,14
1624980020,9.195,9.21,9.19,9.21,9.20155,147,32
1624980025,9.21,9.21,9.2023,9.21,9.20843,78,14
1624980030,9.21,9.21,9.205,9.2099,9.20926,21,19
1624980035,9.215,9.215,9.21,9.21,9.21462,13,4
1624980040,9.2159,9.2159,9.21,9.21,9.21421,7,2
1624980045,9.215,9.22,9.215,9.22,9.2196,33,6
1624980050,9.215,9.2198,9.2,9.2,9.21392,85,19
1624980055,9.2001,9.205,9.2,9.2,9.20039,14,7
1624980060,9.2017,9.2099,9.19,9.195,9.1998,241,37
1624980065,9.1999,9.1999,9.1999,9.1999,9.1999,10,1
1624980070,9.19,9.195,9.19,9.191,9.19056,93,31
1624980075,9.2,9.2,9.2,9.2,9.2,3,1
1624980080,9.2,9.2,9.19,9.1981,9.19827,23,4
1624980085,9.195,9.2,9.19,9.19,9.19513,3,3
1624980090,9.195,9.205,9.19,9.195,9.19945,209,71
1624980095,9.1999,9.1999,9.1999,9.1999,9.1999,20,2
1624980100,9.2,9.2,9.18,9.18,9.19173,121,33
1624980105,9.18,9.19,9.18,9.185,9.18495,12,6
1624980110,9.1816,9.1816,9.18,9.18,9.1802,20,8
1624980115,9.18,9.18,9.18,9.18,9.18,0,0
1624980120,9.175,9.18,9.175,9.18,9.17659,7,3
1624980125,9.175,9.175,9.175,9.175,9.175,3,2
1624980130,9.1776,9.1782,9.175,9.1782,9.1777,13,4
1624980135,9.175,9.18,9.1741,9.18,9.17559,7,4
1624980140,9.1739,9.1739,9.17,9.17,9.1714,14,5
1624980145,9.1701,9.175,9.1701,9.175,9.1702,51,2
1624980150,9.175,9.1778,9.175,9.1778,9.17539,23,2
1624980155,9.17,9.17,9.17,9.17,9.17,1,1
1624980160,9.1716,9.175,9.1716,9.175,9.17273,7,2
1624980165,9.18,9.19,9.18,9.18,9.18183,89,26
1624980170,9.185,9.185,9.185,9.185,9.185,2,2
1624980175,9.185,9.1899,9.17,9.17,9.1806,45,16
1624980180,9.18,9.18,9.17,9.17,9.17641,47,4
1624980185,9.1774,9.1774,9.175,9.175,9.17565,6,2
1624980190,9.18,9.18,9.175,9.18,9.17959,61,33
1624980195,9.18,9.1877,9.18,9.18,9.1811,7,6
1624980200,9.18,9.19,9.18,9.1873,9.18827,46,16
1624980205,9.1873,9.1873,9.1873,9.1873,9.1873,0,0
1624980210,9.185,9.1889,9.1823,9.185,9.18698,8,4
1624980215,9.18,9.18,9.18,9.18,9.18,1,1
1624980220,9.1809,9.1873,9.18,9.18,9.18372,6,4
1624980225,9.1886,9.19,9.18,9.1883,9.18847,26,5
1624980230,9.19,9.19,9.19,9.19,9.19,20,2
1624980235,9.18,9.18,9.18,9.18,9.18,2,2
1624980240,9.18,9.18,9.17,9.17,9.17957,23,10
1624980245,9.1777,9.1777,9.1777,9.1777,9.1777,5,1
1624980250,9.18,9.19,9.18,9.18,9.18264,62,10
1624980255,9.18,9.1883,9.18,9.1883,9.18755,11,2
1624980260,9.18,9.19,9.18,9.1801,9.18121,15,5
1624980265,9.18,9.1875,9.18,9.185,9.18417,3,3
1624980270,9.18,9.18,9.17,9.175,9.17868,22,7
1624980275,9.1799,9.1799,9.175,9.1799,9.17745,22,5
1624980280,9.17,9.1773,9.17,9.175,9.17461,6,4
1624980285,9.1799,9.1799,9.175,9.175,9.17967,21,2
1624980290,9.175,9.18,9.175,9.18,9.17988,41,24
1624980295,9.18,9.18,9.18,9.18,9.18,8,4
1624980300,9.185,9.185,9.185,9.185,9.185,1,1
1624980305,9.189,9.19,9.185,9.185,9.18954,27,14
1624980310,9.19,9.19,9.19,9.19,9.19,47,20
1624980315,9.19,9.19,9.18,9.18,9.1875,4,4
1624980320,9.18,9.1881,9.18,9.185,9.18532,4,4
1624980325,9.185,9.185,9.185,9.185,9.185,0,0
1624980330,9.18,9.18,9.18,9.18,9.18,2,2
1624980335,9.185,9.19,9.185,9.1882,9.18742,13,7
1624980340,9.1892,9.1892,9.18,9.18,9.18741,15,4
1624980345,9.185,9.1899,9.18,9.1878,9.18903,27,6
1624980350,9.1878,9.1878,9.1878,9.1878,9.1878,0,0
1624980355,9.1886,9.1886,9.1886,9.1886,9.1886,10,1
1624980360,9.185,9.185,9.185,9.185,9.185,1,1
1624980365,9.189,9.19,9.18,9.1874,9.18876,13,7
1624980370,9.18,9.185,9.18,9.185,9.18111,4,2
1624980375,9.185,9.185,9.185,9.185,9.185,2,1
1624980380,9.1876,9.1876,9.18,9.185,9.18521,26,5
1624980385,9.18,9.1873,9.18,9.1873,9.18407,2,2
1624980390,9.185,9.185,9.185,9.185,9.185,1,1
1624980395,9.1889,9.1889,9.17,9.17,9.18311,168,28
1624980400,9.175,9.175,9.175,9.175,9.175,2,1
1624980405,9.1774,9.1774,9.17,9.17,9.17022,66,14
1624980410,9.165,9.1799,9.165,9.1799,9.17038,67,28
1624980415,9.1799,9.1799,9.1799,9.1799,9.1799,1,1
1624980420,9.175,9.175,9.16,9.16,9.16382,10,6
1624980425,9.16,9.16,9.16,9.16,9.16,1,1
1624980430,9.17,9.17,9.165,9.17,9.16986,116,48
1624980435,9.165,9.165,9.165,9.165,9.165,2,1
1624980440,9.17,9.17,9.165,9.165,9.16933,15,8
1624980445,9.17,9.19,9.17,9.18,9.18035,27,11
1624980450,9.175,9.18,9.17,9.1778,9.17677,6,5
1624980455,9.1721,9.179,9.1721,9.179,9.17453,15,2
1624980460,9.18,9.185,9.18,9.18,9.18065,38,10
1624980465,9.19,9.19,9.185,9.185,9.18917,6,2
1624980470,9.185,9.19,9.185,9.19,9.18889,4,2
1624980475,9.1892,9.1892,9.1892,9.1892,9.1892,1,1
1624980480,9.19,9.19,9.185,9.185,9.18997,348,40
1624980485,9.182,9.195,9.182,9.19,9.18943,60,8
1624980490,9.2,9.2,9.195,9.195,9.19868,4,2
1624980495,9.195,9.195,9.193,9.193,9.19433,3,2
1624980500,9.1999,9.1999,9.195,9.195,9.19976,36,2
1624980505,9.2,9.2077,9.195,9.2077,9.20021,171,32
1624980510,9.205,9.205,9.205,9.205,9.205,11,3
1624980515,9.21,9.21,9.2,9.2,9.20649,13,8
1624980520,9.21,9.21,9.1978,9.1978,9.20018,42,15
1624980525,9.195,9.1994,9.195,9.1994,9.19926,31,2
1624980530,9.1994,9.1994,9.1994,9.1994,9.1994,0,0
1624980535,9.1901,9.2,9.1901,9.2,9.19832,26,5
1624980540,9.19,9.19,9.18,9.18,9.18777,44,14
1624980545,9.17,9.175,9.17,9.175,9.17337,9,6
1624980550,9.175,9.18,9.1701,9.18,9.17557,18,11
1624980555,9.185,9.185,9.185,9.185,9.185,8,3
1624980560,9.185,9.185,9.185,9.185,9.185,15,2
1624980565,9.18,9.185,9.18,9.185,9.1825,2,2
1624980570,9.18,9.1972,9.18,9.1972,9.19136,42,16
1624980575,9.199,9.199,9.19,9.19,9.19714,31,4
1624980580,9.19,9.19,9.19,9.19,9.19,0,0
1624980585,9.19,9.19,9.19,9.19,9.19,0,0
1624980590,9.19,9.1999,9.19,9.193,9.19439,12,4
1624980595,9.195,9.2,9.195,9.2,9.19865,37,17
1624980600,9.1915,9.2,9.1915,9.1921,9.19418,18,4
1624980605,9.199,9.2,9.199,9.2,9.19929,6,3
1624980610,9.2,9.2,9.1922,9.2,9.19935,24,11
1624980615,9.2,9.2,9.1985,9.1985,9.19938,16,9
1624980620,9.2,9.2,9.18,9.18,9.19715,197,63
1624980625,9.18,9.19,9.1799,9.1799,9.1814,85,22
1624980630,9.1736,9.1736,9.1736,9.1736,9.1736,1,1
1624980635,9.175,9.18,9.175,9.18,9.1796,56,4
1624980640,9.175,9.18,9.175,9.18,9.1796,17,12
1624980645,9.1781,9.1781,9.175,9.175,9.17733,4,2
1624980650,9.1778,9.18,9.173,9.18,9.17846,42,22
1624980655,9.18,9.18,9.18,9.18,9.18,0,0
1624980660,9.1801,9.1801,9.18,9.18,9.18008,4,2
1624980665,9.18,9.18,9.17,9.17,9.1795,20,12
1624980670,9.1701,9.179,9.1701,9.179,9.17455,11,2
1624980675,9.17,9.1799,9.16,9.172,9.17574,84,22
1624980680,9.17,9.17,9.17,9.17,9.17,1,1
1624980685,9.17,9.17,9.165,9.17,9.16875,12,8
1624980690,9.165,9.1689,9.155,9.155,9.16144,123,18
1624980695,9.16,9.16,9.15,9.155,9.15308,72,20
1624980700,9.1577,9.1584,9.1501,9.1584,9.15477,7,3
1624980705,9.1584,9.1584,9.1584,9.1584,9.1584,0,0
1624980710,9.155,9.16,9.155,9.1599,9.15995,125,39
1624980715,9.155,9.155,9.155,9.155,9.155,1,1
1624980720,9.15,9.15,9.14,9.145,9.14976,235,47
1624980725,9.149,9.16,9.145,9.16,9.15473,22,14
1624980730,9.1683,9.1683,9.165,9.165,9.168,11,2
1624980735,9.165,9.17,9.16,9.1601,9.16925,248,108
1624980740,9.165,9.165,9.16,9.16,9.163,5,5
1624980745,9.15,9.15,9.15,9.15,9.15,1,1
1624980750,9.155,9.155,9.14,9.14,9.14693,38,18
1624980755,9.15,9.15,9.145,9.145,9.14973,28,4
1624980760,9.1499,9.1499,9.1499,9.1499,9.1499,10,1
1624980765,9.145,9.145,9.14,9.14,9.141,5,5
1624980770,9.14,9.1417,9.14,9.1417,9.14114,3,3
1624980775,9.1415,9.1415,9.14,9.14,9.14012,68,23
1624980780,9.14,9.1499,9.14,9.1474,9.14104,35,23
1624980785,9.14,9.14,9.135,9.14,9.13937,39,24
1624980790,9.135,9.14,9.11,9.11,9.12015,306,89
1624980795,9.117,9.117,9.1,9.11,9.10422,205,34
1624980800,9.1018,9.12,9.1018,9.12,9.10946,101,41
1624980805,9.1189,9.12,9.11,9.1199,9.11405,142,22
1624980810,9.11,9.1199,9.11,9.11,9.1107,42,9
1624980815,9.11,9.11,9.1,9.11,9.10986,70,42
1624980820,9.115,9.1183,9.11,9.11,9.11629,14,5
1624980825,9.11,9.12,9.11,9.12,9.11571,214,77
1624980830,9.125,9.13,9.1226,9.125,9.12866,59,10
1624980835,9.13,9.13,9.125,9.125,9.12885,6,4
1624980840,9.129,9.129,9.12,9.1282,9.1258,16,6
1624980845,9.13,9.13,9.13,9.13,9.13,1,1
1624980850,9.129,9.129,9.12,9.12,9.12303,71,3
1624980855,9.1206,9.1206,9.11,9.115,9.11925,120,17
1624980860,9.1183,9.1183,9.1183,9.1183,9.1183,2,1
1624980865,9.1112,9.1199,9.11,9.1184,9.11759,60,7
1624980870,9.11,9.12,9.1082,9.11,9.1107,193,80
1624980875,9.1096,9.11,9.105,9.1066,9.10907,45,11
1624980880,9.105,9.1086,9.105,9.105,9.10561,18,9
1624980885,9.1075,9.11,9.1,9.1,9.10863,43,5
1624980890,9.1001,9.105,9.1,9.1016,9.101,22,11
1624980895,9.105,9.1073,9.1,9.1,9.10108,11,3
1624980900,9.105,9.11,9.105,9.11,9.10984,125,33
1624980905,9.11,9.11,9.105,9.105,9.10692,24,18
1624980910,9.1085,9.1085,9.1085,9.1085,9.1085,1,1
1624980915,9.1072,9.11,9.1,9.105,9.10813,75,13
1624980920,9.105,9.11,9.105,9.105,9.10567,7,3
1624980925,9.11,9.11,9.105,9.105,9.10774,52,10
1624980930,9.1099,9.1099,9.1079,9.1079,9.10928,14,2
1624980935,9.105,9.1073,9.1,9.1073,9.10216,5,4
1624980940,9.105,9.105,9.08,9.085,9.09259,1386,117
1624980945,9.085,9.085,9.06,9.07,9.07293,152,49
1624980950,9.07,9.0799,9.07,9.0701,9.07288,137,7
1624980955,9.075,9.075,9.06,9.07,9.06988,259,50
1624980960,9.0799,9.0899,9.075,9.089,9.08296,130,40
1624980965,9.0802,9.09,9.08,9.08,9.08744,42,18
1624980970,9.08,9.08,9.08,9.08,9.08,0,0
1624980975,9.0897,9.095,9.08,9.0811,9.08914,222,62
1624980980,9.08,9.09,9.08,9.09,9.08879,37,6
1624980985,9.085,9.095,9.08,9.095,9.08667,164,52
1624980990,9.085,9.09,9.08,9.09,9.0874,33,24
1624980995,9.09,9.0911,9.09,9.0911,9.09055,2,2
1624981000,9.095,9.1,9.095,9.1,9.09802,11,7
1624981005,9.1,9.1,9.091,9.1,9.09215,69,8
1624981010,9.0934,9.1,9.0934,9.0998,9.0948,31,7
1624981015,9.09,9.0985,9.09,9.0985,9.0981,21,2
1624981020,9.095,9.1,9.09,9.095,9.09712,147,36
1624981025,9.0999,9.1,9.08,9.08,9.09128,744,114
1624981030,9.0801,9.0801,9.06,9.0699,9.07186,834,53
1624981035,9.063,9.07,9.055,9.055,9.06278,171,32
1624981040,9.06,9.06,9.04,9.05,9.04731,1072,254
1624981045,9.05,9.065,9.045,9.06,9.05522,232,41
1624981050,9.06,9.0619,9.05,9.0597,9.05537,119,25
1624981055,9.0501,9.0599,9.05,9.05,9.05123,94,8
1624981060,9.05,9.0503,9.04,9.05,9.04695,147,27
1624981065,9.0473,9.065,9.045,9.0614,9.05739,114,43
1624981070,9.065,9.0675,9.065,9.0672,9.06601,10,5
1624981075,9.0616,9.07,9.0616,9.07,9.06668,23,4
1624981080,9.06,9.0679,9.06,9.0679,9.06632,5,2
1624981085,9.06,9.067,9.06,9.06,9.06398,72,15
1624981090,9.0573,9.07,9.0573,9.065,9.06024,22,10
1624981095,9.0699,9.0699,9.0699,9.0699,9.0699,3,1
1624981100,9.07,9.07,9.069,9.069,9.0695,2,2
1624981105,9.06,9.06,9.055,9.055,9.0578,56,24
1624981110,9.055,9.07,9.055,9.0628,9.06202,35,12
1624981115,9.0699,9.0699,9.06,9.06,9.06825,6,2
1624981120,9.06,9.06,9.0521,9.0599,9.05728,45,11
1624981125,9.055,9.0585,9.05,9.053,9.05571,23,7
1624981130,9.05,9.0599,9.05,9.05,9.05317,6,3
1624981135,9.051,9.06,9.0407,9.05,9.04805,355,62
1624981140,9.0406,9.0499,9.0405,9.0405,9.04151,190,8
1624981145,9.04,9.0405,9.035,9.0405,9.03994,119,12
1624981150,9.045,9.048,9.04,9.045,9.04161,132,26
1624981155,9.04,9.049,9.035,9.04,9.04238,38,13
1624981160,9.0388,9.05,9.035,9.04,9.04098,41,17
1624981165,9.04,9.05,9.035,9.05,9.04124,72,43
1624981170,9.045,9.06,9.0418,9.05,9.05346,252,76
1624981175,9.0423,9.05,9.04,9.04,9.04207,18,17
1624981180,9.04,9.0474,9.04,9.04,9.04068,33,13
1624981185,9.042,9.0499,9.04,9.0496,9.04443,35,9
1624981190,9.04,9.05,9.04,9.04,9.04739,33,12
1624981195,9.045,9.0499,9.045,9.0499,9.04615,30,5
1624981200,9.04,9.045,9.04,9.0401,9.04046,13,4
1624981205,9.05,9.05,9.04,9.04,9.0488,195,103
1624981210,9.04,9.04,9.04,9.04,9.04,1,1
1624981215,9.045,9.0499,9.04,9.04,9.04552,15,5
1624981220,9.04,9.04,9.039,9.039,9.03997,83,27
1624981225,9.0399,9.0399,9.03,9.035,9.03457,95,23
1624981230,9.03,9.038,9.02,9.03,9.02831,343,22
1624981235,9.025,9.025,9.01,9.012,9.01843,96,28
1624981240,9.015,9.02,9.001,9.02,9.01067,192,70
1624981245,9.02,9.02,9.01,9.01,9.01289,53,10
1624981250,9.012,9.02,9.01,9.0112,9.01381,70,9
1624981255,9.015,9.0187,9.01,9.0183,9.01693,42,11
1624981260,9.0101,9.02,9.01,9.02,9.01484,49,12
1624981265,9.0199,9.0199,9.01,9.015,9.01485,54,9
1624981270,9.02,9.02,9.01,9.0199,9.01757,16,6
1624981275,9.0173,9.0173,9.01,9.01,9.01386,11,4
1624981280,9.01,9.01,9.01,9.01,9.01,2,1
1624981285,9.01,9.02,9.01,9.015,9.01492,26,20
1624981290,9.0114,9.025,9.01,9.0162,9.01817,127,44
1624981295,9.02,9.02,9.01,9.01,9.01038,533,56
1624981300,9.0,9.01,8.98,8.98,8.9994,2052,277
1624981305,8.9877,8.995,8.9842,8.995,8.98967,218,87
1624981310,8.99,8.99,8.98,8.99,8.98777,57,6
1624981315,8.9899,8.9974,8.9804,8.985,8.98783,35,14
1624981320,8.985,8.99,8.98,8.985,8.9864,31,23
1624981325,8.99,9.0,8.98,9.0,8.98929,149,56
1624981330,9.0,9.0,8.99,8.998,8.99901,128,69
1624981335,8.99,8.99,8.99,8.99,8.99,26,8
1624981340,8.99,8.9901,8.98,8.98,8.98971,29,7
1624981345,8.985,9.0,8.9826,9.0,8.99762,128,63
1624981350,9.0072,9.02,9.005,9.015,9.012,81,47
1624981355,9.015,9.0333,9.01,9.0312,9.02232,490,103
1624981360,9.03,9.03,9.0106,9.0173,9.01956,217,48
1624981365,9.015,9.0376,9.015,9.0376,9.02424,148,56
1624981370,9.035,9.0381,9.035,9.0381,9.03721,7,3
1624981375,9.035,9.0499,9.035,9.0499,9.04327,93,29
1624981380,9.0473,9.05,9.0377,9.0377,9.04298,50,27
1624981385,9.0354,9.05,9.0354,9.04,9.0389,87,7
1624981390,9.04,9.04,9.03,9.0374,9.0359,17,9
1624981395,9.035,9.0377,9.025,9.025,9.03086,51,21
1624981400,9.02,9.03,9.02,9.025,9.02647,17,14
1624981405,9.0289,9.03,9.02,9.02,9.02149,37,16
1624981410,9.02,9.0299,9.02,9.0299,9.0266,3,2
1624981415,9.025,9.025,9.015,9.0178,9.01735,20,15
1624981420,9.015,9.015,9.015,9.015,9.015,3,3
1624981425,9.015,9.015,9.015,9.015,9.015,0,0
1624981430,9.01,9.02,9.01,9.015,9.01717,187,56
1624981435,9.015,9.02,9.0086,9.0199,9.01222,134,53
1624981440,9.0101,9.02,9.0101,9.0199,9.01885,67,5
1624981445,9.015,9.015,9.015,9.015,9.015,1,1
1624981450,9.0199,9.0199,9.0,9.01,9.01674,206,31
1624981455,9.01,9.015,9.005,9.0083,9.00884,45,33
1624981460,9.01,9.02,9.005,9.0173,9.0116,129,34
1624981465,9.01,9.01,9.01,9.01,9.01,1,1
1624981470,9.01,9.01,9.0,9.0,9.00862,45,16
1624981475,9.0081,9.01,9.005,9.005,9.00756,8,4
1624981480,9.005,9.01,9.0,9.005,9.00878,33,8
1624981485,9.01,9.01,9.002,9.0077,9.00432,9,4
1624981490,9.005,9.02,9.0,9.015,9.01557,252,39
1624981495,9.02,9.02,9.015,9.02,9.01906,28,12
1624981500,9.015,9.02,9.015,9.0158,9.01718,8,5
1624981505,9.0183,9.0183,9.0164,9.0177,9.01781,17,4
1624981510,9.01,9.02,9.01,9.0193,9.01902,116,7
1624981515,9.015,9.02,9.015,9.019,9.01702,24,15
1624981520,9.015,9.02,9.01,9.01,9.01905,121,5
1624981525,9.015,9.0199,9.015,9.015,9.01683,41,24
1624981530,9.0138,9.0199,9.01,9.01,9.01376,85,24
1624981535,9.0092,9.01,9.005,9.01,9.00907,68,4
1624981540,9.005,9.005,9.005,9.005,9.005,6,5
1624981545,9.005,9.01,9.0,9.005,9.00328,9,5
1624981550,9.01,9.02,9.0001,9.015,9.0108,126,47
1624981555,9.01,9.015,9.005,9.0101,9.00995,50,23
1624981560,9.0199,9.0199,9.01,9.01,9.01814,14,4
1624981565,9.01,9.02,9.01,9.0116,9.0132,14,11
1624981570,9.015,9.0177,9.015,9.0177,9.01745,11,2
1624981575,9.015,9.015,9.015,9.015,9.015,1,1
1624981580,9.015,9.02,9.01,9.01,9.01227,26,13
1624981585,9.009,9.01,9.009,9.01,9.00995,22,13
1624981590,9.017,9.0177,9.01,9.0177,9.01619,6,3
1624981595,9.015,9.02,9.01,9.01,9.01298,188,34
1624981600,9.01,9.01,9.009,9.01,9.00975,14,7
1624981605,9.005,9.01,9.005,9.01,9.0075,2,2
1624981610,9.01,9.01,9.0079,9.01,9.00982,30,20
1624981615,9.015,9.02,9.01,9.02,9.015,40,8
1624981620,9.0101,9.0101,9.005,9.009,9.00962,29,14
1624981625,9.008,9.01,9.0,9.0,9.00966,142,36
1624981630,9.0099,9.01,9.005,9.005,9.00776,10,5
1624981635,9.01,9.015,9.0046,9.015,9.00891,20,11
1624981640,9.0174,9.0174,9.0101,9.0101,9.01375,4,2
1624981645,9.015,9.018,9.015,9.015,9.01576,19,6
1624981650,9.015,9.03,9.0099,9.01,9.01952,507,276
1624981655,9.005,9.01,9.0,9.002,9.00273,13,9
1624981660,9.0074,9.0074,9.0062,9.0062,9.0068,2,2
1624981665,9.005,9.01,8.99,8.99,9.00061,338,95
1624981670,8.99,8.995,8.99,8.99,8.9943,21,4
1624981675,9.0,9.0,8.99,8.9919,8.99493,63,9
1624981680,8.99,8.9998,8.99,8.9913,8.9922,67,10
1624981685,8.9978,8.9978,8.98,8.9826,8.98979,95,38
1624981690,8.9825,8.9899,8.982,8.9823,8.98367,8,4
1624981695,8.985,8.99,8.98,8.98,8.98541,56,12
1624981700,8.99,8.99,8.9801,8.9899,8.98626,3,3
1624981705,8.9811,8.9824,8.96,8.97,8.97478,322,94
1624981710,8.98,8.98,8.97,8.97,8.97564,7,5
1624981715,8.975,8.975,8.97,8.97,8.97071,7,3
1624981720,8.975,8.989,8.97,8.989,8.9775,166,50
1624981725,8.989,8.9983,8.985,8.9873,8.9907,87,22
1624981730,8.985,8.988,8.985,8.988,8.986,7,4
1624981735,8.9819,8.99,8.98,8.985,8.98622,31,8
1624981740,8.98,8.99,8.98,8.985,8.98848,23,5
1624981745,8.99,8.99,8.98,8.99,8.98657,59,27
1624981750,8.99,8.9999,8.99,8.995,8.99938,38,4
1624981755,8.9906,8.9906,8.9906,8.9906,8.9906,1,1
1624981760,8.9974,8.9974,8.9802,8.9805,8.98839,36,20
1624981765,8.985,8.99,8.985,8.99,8.9875,14,9
1624981770,9.0,9.0,8.995,9.0,8.99887,32,19
1624981775,8.99,8.995,8.99,8.99,8.99046,80,12
1624981780,8.995,8.995,8.99,8.99,8.99045,11,6
1624981785,8.9971,9.0,8.9927,8.995,8.99744,35,13
1624981790,8.996,8.9994,8.996,8.999,8.99684,13,3
1624981795,8.9984,9.0,8.995,8.995,8.99816,25,6
1624981800,8.995,8.9984,8.995,8.9984,8.99714,7,4
1624981805,8.9977,8.9979,8.995,8.9979,8.99679,7,5
1624981810,8.995,8.995,8.98,8.98,8.98966,328,64
1624981815,8.985,8.99,8.9807,8.99,8.98574,17,4
1624981820,8.985,9.0,8.98,8.9901,8.98916,73,34
1624981825,8.995,8.9999,8.9916,8.9999,8.99511,19,5
1624981830,8.99,8.9995,8.99,8.99,8.99259,30,11
1624981835,8.9948,8.9948,8.9927,8.9927,8.99477,81,3
1624981840,8.995,8.995,8.995,8.995,8.995,5,2
1624981845,8.9999,9.015,8.995,9.008,9.00581,501,171
1624981850,9.01,9.01,9.005,9.01,9.00941,31,11
1624981855,9.01,9.02,9.01,9.02,9.01936,42,9
1624981860,9.015,9.0185,9.01,9.0177,9.01689,42,7
1624981865,9.01,9.0174,9.01,9.0174,9.0103,126,37
1624981870,9.0199,9.0199,9.0,9.0,9.00999,9,8
1624981875,9.0,9.0099,9.0,9.0,9.0067,35,11
1624981880,9.0,9.0,8.9926,8.9979,8.99793,7,7
1624981885,8.9981,9.0,8.995,9.0,8.99927,159,47
1624981890,8.995,9.0,8.995,8.995,8.99934,76,16
1624981895,9.0,9.01,8.99,8.995,8.99935,313,135
1624981900,8.99,8.99,8.98,8.985,8.98939,75,22
1624981905,8.985,8.99,8.985,8.985,8.98607,7,7
1624981910,8.9811,8.99,8.98,8.985,8.98356,45,8
1624981915,8.985,8.985,8.98,8.98,8.98058,25,6
1624981920,8.985,8.99,8.985,8.99,8.989,21,4
1624981925,8.9897,8.995,8.9897,8.99,8.99006,329,104
1624981930,8.9887,8.9898,8.9887,8.9898,8.98898,4,3
1624981935,8.99,8.99,8.985,8.99,8.98836,22,7
1624981940,8.9889,8.99,8.98,8.99,8.98433,59,14
1624981945,8.99,8.99,8.9899,8.9899,8.98995,2,2
1624981950,8.99,9.0,8.99,9.0,8.99129,106,13
1624981955,8.9998,9.01,8.995,9.005,9.0014,46,23
1624981960,9.0073,9.0073,8.99,9.0,8.99375,221,43
1624981965,9.0,9.0,8.99,8.9985,8.9998,161,54
1624981970,8.995,9.0,8.993,9.0,8.99713,10,6
1624981975,8.9927,9.0,8.9927,8.995,8.99565,4,4
1624981980,8.9999,9.008,8.995,8.995,9.00119,93,35
1624981985,8.995,9.0081,8.995,9.0081,8.99945,18,9
1624981990,9.01,9.01,9.0,9.009,9.00247,59,9
1624981995,9.005,9.0074,8.99,8.99,9.00116,176,25
1624982000,8.995,8.995,8.9912,8.9912,8.99174,9,3
1624982005,9.0,9.0,9.0,9.0,9.0,1,1
1624982010,8.9977,8.9999,8.9977,8.9999,8.99917,3,2
1624982015,8.995,8.995,8.995,8.995,8.995,1,1
1624982020,8.9977,8.9977,8.995,8.995,8.99537,7,3
1624982025,8.9982,9.0,8.995,8.995,8.99624,27,5
1624982030,8.995,8.995,8.995,8.995,8.995,30,1
1624982035,8.995,8.995,8.995,8.995,8.995,0,0
1624982040,8.9979,8.9979,8.98,8.988,8.99003,101,26
1624982045,8.989,8.9895,8.9878,8.9895,8.98871,11,4
1624982050,8.985,9.0,8.985,8.999,8.99449,101,30
1624982055,8.9974,9.0,8.99,8.99,8.99227,16,6
1624982060,8.995,9.0,8.995,8.995,8.99857,7,3
1624982065,8.9974,8.9974,8.9901,8.9901,8.99076,11,2
1624982070,9.0,9.0,8.9927,9.0,8.99877,149,66
1624982075,9.0,9.02,9.0,9.02,9.01155,741,238
1624982080,9.015,9.02,9.01,9.02,9.01732,224,68
1624982085,9.015,9.04,9.015,9.035,9.02707,184,77
1624982090,9.035,9.04,9.03,9.0311,9.03898,201,53
1624982095,9.035,9.0389,9.03,9.0385,9.03852,35,4
1624982100,9.035,9.0395,9.0301,9.0369,9.03289,33,6
1624982105,9.035,9.0383,9.03,9.03,9.03091,203,45
1624982110,9.025,9.035,9.0227,9.03,9.02862,20,13
1624982115,9.03,9.03,9.03,9.03,9.03,0,0
1624982120,9.03,9.035,9.03,9.03,9.03016,30,6
1624982125,9.04,9.04,9.04,9.04,9.04,33,2
1624982130,9.04,9.04,9.035,9.04,9.03988,42,15
1624982135,9.038,9.04,9.035,9.04,9.03712,10,3
1624982140,9.04,9.04,9.03,9.0399,9.03939,79,22
1624982145,9.0301,9.0301,9.025,9.025,9.0297,72,15
1624982150,9.02,9.02,9.015,9.0184,9.01967,68,34
1624982155,9.0188,9.0188,9.015,9.015,9.01771,7,3
1624982160,9.019,9.02,9.019,9.02,9.01938,16,5
1624982165,9.02,9.04,9.02,9.04,9.03509,84,40
1624982170,9.035,9.04,9.0301,9.04,9.03866,40,6
1624982175,9.037,9.04,9.035,9.04,9.0376,25,12
1624982180,9.04,9.04,9.04,9.04,9.04,28,17
1624982185,9.0486,9.0486,9.0408,9.0408,9.046,30,2
1624982190,9.04,9.05,9.04,9.05,9.04375,8,2
1624982195,9.045,9.049,9.04,9.049,9.04268,8,4
1624982200,9.05,9.05,9.0477,9.0477,9.04962,6,2
1624982205,9.0479,9.048,9.0479,9.048,9.04796,9,2
1624982210,9.04,9.04,9.03,9.03,9.0386,24,9
1624982215,9.04,9.04,9.03,9.03,9.03833,12,4
1624982220,9.0377,9.0377,9.03,9.03,9.03389,6,4
1624982225,9.03,9.035,9.03,9.035,9.0325,4,4
1624982230,9.03,9.04,9.03,9.0311,9.03175,12,3
1624982235,9.03,9.0399,9.03,9.035,9.03541,82,9
1624982240,9.03,9.0399,9.025,9.03,9.03004,216,85
1624982245,9.03,9.03,9.025,9.03,9.02957,128,41
1624982250,9.0311,9.035,9.03,9.035,9.03159,27,4
1624982255,9.0325,9.0325,9.03,9.03,9.0302,12,8
1624982260,9.03,9.0312,9.03,9.03,9.03051,23,11
1624982265,9.03,9.0377,9.03,9.0377,9.03363,12,7
1624982270,9.035,9.04,9.035,9.035,9.03964,34,9
1624982275,9.035,9.035,9.03,9.03,9.0325,2,2
1624982280,9.035,9.0381,9.035,9.035,9.03704,37,5
1624982285,9.035,9.035,9.03,9.03,9.03167,3,2
1624982290,9.039,9.0399,9.025,9.025,9.03037,26,16
1624982295,9.0228,9.025,9.0228,9.025,9.02343,14,5
1624982300,9.0299,9.0299,9.02,9.025,9.02779,70,13
1624982305,9.0266,9.035,9.025,9.03,9.02969,138,41
1624982310,9.0374,9.04,9.024,9.024,9.02919,55,21
1624982315,9.0293,9.03,9.025,9.0281,9.02892,25,6
1624982320,9.03,9.03,9.03,9.03,9.03,1,1
1624982325,9.0226,9.04,9.0226,9.035,9.03018,22,6
1624982330,9.0377,9.0377,9.03,9.03,9.03481,3,3
1624982335,9.04,9.04,9.035,9.035,9.03824,10,4
1624982340,9.035,9.035,9.035,9.035,9.035,3,1
1624982345,9.035,9.06,9.035,9.06,9.04811,458,132
1624982350,9.05,9.055,9.05,9.055,9.05119,150,27
1624982355,9.06,9.07,9.05,9.07,9.06688,191,16
1624982360,9.07,9.07,9.05,9.05,9.05955,17,11
1624982365,9.055,9.059,9.055,9.059,9.0571,8,3
1624982370,9.06,9.07,9.06,9.07,9.06908,105,30
1624982375,9.0799,9.0799,9.0701,9.0701,9.07029,51,2
1624982380,9.079,9.079,9.07,9.07,9.07097,46,12
1624982385,9.0677,9.0677,9.055,9.0599,9.06155,39,20
1624982390,9.0587,9.06,9.055,9.06,9.05961,148,53
1624982395,9.055,9.0588,9.055,9.055,9.05753,15,6
1624982400,9.055,9.06,9.055,9.055,9.05714,7,7
1624982405,9.055,9.0582,9.055,9.0582,9.05628,10,4
1624982410,9.055,9.06,9.055,9.055,9.0586,74,20
1624982415,9.0515,9.06,9.03,9.03,9.04324,318,90
1624982420,9.03,9.03,9.03,9.03,9.03,0,0
1624982425,9.03,9.045,9.03,9.04,9.03848,41,28
1624982430,9.04,9.04,9.035,9.0374,9.03929,38,10
1624982435,9.035,9.035,9.03,9.03,9.0325,2,2
1624982440,9.04,9.0474,9.0398,9.04,9.04013,41,26
1624982445,9.04,9.04,9.04,9.04,9.04,6,2
1624982450,9.0401,9.045,9.04,9.04,9.04055,22,4
1624982455,9.035,9.04,9.035,9.04,9.03848,59,31
1624982460,9.04,9.04,9.035,9.035,9.0395,22,20
1624982465,9.04,9.04,9.03,9.0301,9.03287,7,6
1624982470,9.035,9.035,9.02,9.02,9.02833,201,41
1624982475,9.025,9.0292,9.02,9.02,9.02882,40,3
1624982480,9.025,9.033,9.025,9.033,9.02869,13,11
1624982485,9.0314,9.0314,9.0314,9.0314,9.0314,2,1
1624982490,9.03,9.0302,9.03,9.0302,9.03019,13,2
1624982495,9.03,9.03,9.025,9.0258,9.02689,7,5
1624982500,9.0201,9.0273,9.02,9.0273,9.02032,76,6
1624982505,9.0273,9.0273,9.0273,9.0273,9.0273,0,0
1624982510,9.03,9.03,9.02,9.025,9.02971,52,3
1624982515,9.03,9.03,9.025,9.025,9.02674,2,2
1624982520,9.025,9.0299,9.025,9.0299,9.02745,2,2
1624982525,9.03,9.03,9.025,9.03,9.02993,147,50
1624982530,9.03,9.03,9.02,9.025,9.02846,13,4
1624982535,9.03,9.03,9.03,9.03,9.03,3,3
1624982540,9.0292,9.03,9.024,9.03,9.02593,18,6
1624982545,9.025,9.025,9.025,9.025,9.025,1,1
1624982550,9.03,9.03,9.025,9.03,9.02902,34,6
1624982555,9.03,9.0338,9.03,9.03,9.03029,15,11
1624982560,9.033,9.0377,9.033,9.0377,9.03385,6,2
1624982565,9.0383,9.0383,9.035,9.0373,9.03758,6,3
1624982570,9.0373,9.0373,9.0373,9.0373,9.0373,0,0
1624982575,9.0377,9.0377,9.0377,9.0377,9.0377,2,1
1624982580,9.0313,9.04,9.0313,9.035,9.03601,5,4
1624982585,9.035,9.035,9.035,9.035,9.035,1,1
1624982590,9.0301,9.04,9.0301,9.035,9.03503,6,5
1624982595,9.035,9.035,9.035,9.035,9.035,14,2
1624982600,9.0334,9.0334,9.0334,9.0334,9.0334,1,1
1624982605,9.0376,9.0376,9.0376,9.0376,9.0376,1,1
1624982610,9.03,9.03,9.03,9.03,9.03,1,1
1624982615,9.04,9.043,9.04,9.04,9.04012,72,39
1624982620,9.0401,9.0401,9.03,9.035,9.03844,77,29
1624982625,9.035,9.0384,9.035,9.0384,9.03727,6,2
1624982630,9.0384,9.0384,9.0384,9.0384,9.0384,0,0
1624982635,9.04,9.04,9.035,9.035,9.03841,23,9
1624982640,9.04,9.04,9.03,9.03,9.03395,4,4
1624982645,9.035,9.0374,9.035,9.0374,9.0356,7,3
1624982650,9.03,9.0376,9.03,9.0376,9.03527,5,4
1624982655,9.035,9.035,9.03,9.035,9.0325,14,5
1624982660,9.035,9.0381,9.035,9.0381,9.0376,32,3
1624982665,9.03,9.0395,9.03,9.0395,9.03667,11,4
1624982670,9.04,9.05,9.04,9.0413,9.04064,223,38
1624982675,9.0474,9.0474,9.045,9.045,9.04511,21,3
1624982680,9.04,9.05,9.04,9.045,9.04672,6,4
1624982685,9.0499,9.05,9.0499,9.05,9.04998,11,9
1624982690,9.05,9.05,9.045,9.045,9.04803,33,5
1624982695,9.05,9.05,9.0411,9.045,9.04229,42,3
1624982700,9.04,9.05,9.04,9.0499,9.04422,13,11
1624982705,9.05,9.05,9.0499,9.0499,9.04993,3,2
1624982710,9.0499,9.05,9.0438,9.0438,9.04721,25,5
1624982715,9.0499,9.0499,9.04,9.04,9.04941,20,2
1624982720,9.04,9.05,9.04,9.04,9.04444,31,13
1624982725,9.05,9.05,9.04,9.04,9.04378,4,4
1624982730,9.04,9.0482,9.04,9.04,9.04682,17,6
1624982735,9.0437,9.05,9.0437,9.0479,9.0458,8,3
1624982740,9.049,9.049,9.045,9.045,9.04831,13,3
1624982745,9.05,9.05,9.0479,9.0479,9.04895,2,2
1624982750,9.0425,9.05,9.0425,9.0483,9.04828,40,6
1624982755,9.045,9.045,9.045,9.045,9.045,8,6
1624982760,9.045,9.05,9.045,9.0479,9.04734,6,4
1624982765,9.0457,9.05,9.0457,9.0499,9.04781,12,4
1624982770,9.045,9.045,9.045,9.045,9.045,1,1
1624982775,9.05,9.05,9.0477,9.0477,9.04808,12,2
1624982780,9.0485,9.0498,9.04,9.0408,9.04423,65,24
1624982785,9.045,9.045,9.03,9.04,9.04032,156,58
1624982790,9.045,9.045,9.04,9.04,9.04482,56,10
1624982795,9.04,9.05,9.04,9.05,9.04143,35,4
1624982800,9.0474,9.0474,9.045,9.045,9.04572,3,2
1624982805,9.04,9.0474,9.04,9.0474,9.04032,78,27
1624982810,9.04,9.04,9.035,9.04,9.03951,52,19
1624982815,9.04,9.0478,9.04,9.0478,9.04029,93,23
1624982820,9.045,9.0499,9.045,9.0499,9.04827,3,2
1624982825,9.04,9.04,9.04,9.04,9.04,10,1
1624982830,9.04,9.04,9.04,9.04,9.04,0,0
1624982835,9.045,9.045,9.045,9.045,9.045,3,3
1624982840,9.0479,9.0479,9.04,9.045,9.04495,12,3
1624982845,9.04,9.05,9.04,9.05,9.04582,55,37
1624982850,9.0482,9.06,9.045,9.0579,9.05061,379,159
1624982855,9.0579,9.06,9.055,9.055,9.05697,4,4
1624982860,9.0585,9.0585,9.05,9.058,9.0508,209,67
1624982865,9.05,9.055,9.05,9.055,9.05274,32,18
1624982870,9.05,9.06,9.05,9.05,9.05198,9,7
1624982875,9.06,9.06,9.06,9.06,9.06,4,2
1624982880,9.05,9.0501,9.05,9.0501,9.0501,29,2
1624982885,9.0574,9.0574,9.0574,9.0574,9.0574,1,1
1624982890,9.05,9.0585,9.05,9.0585,9.0578,24,3
1624982895,9.055,9.06,9.055,9.06,9.0575,2,2
1624982900,9.0574,9.0574,9.0574,9.0574,9.0574,1,1
1624982905,9.0574,9.0574,9.0574,9.0574,9.0574,0,0
1624982910,9.0574,9.0574,9.0574,9.0574,9.0574,3,2
1624982915,9.06,9.06,9.055,9.055,9.05941,8,3
1624982920,9.059,9.065,9.055,9.065,9.05988,271,109
1624982925,9.065,9.0674,9.065,9.0674,9.0666,3,2
1624982930,9.0674,9.07,9.065,9.07,9.06716,41,6
1624982935,9.061,9.065,9.061,9.065,9.063,2,2
1624982940,9.0601,9.0685,9.0601,9.0685,9.0643,20,2
1624982945,9.07,9.07,9.07,9.07,9.07,191,88
1624982950,9.075,9.08,9.07,9.08,9.07531,54,16
1624982955,9.08,9.08,9.08,9.08,9.08,2,1
1624982960,9.0779,9.0779,9.0779,9.0779,9.0779,1,1
1624982965,9.07,9.075,9.068,9.07,9.06953,106,35
1624982970,9.07,9.078,9.07,9.078,9.07067,12,3
1624982975,9.075,9.0799,9.07,9.0799,9.07645,21,3
1624982980,9.075,9.075,9.07,9.07,9.07156,3,2
1624982985,9.078,9.078,9.078,9.078,9.078,5,1
1624982990,9.075,9.0887,9.075,9.0872,9.0803,245,98
1624982995,9.08,9.085,9.08,9.081,9.0821,31,6
1624983000,9.085,9.09,9.085,9.085,9.08884,55,7
1624983005,9.089,9.0986,9.085,9.0986,9.09175,81,26
1624983010,9.1,9.11,9.1,9.1084,9.10617,165,25
1624983015,9.1088,9.1088,9.1,9.1,9.10064,40,20
1624983020,9.095,9.108,9.095,9.1001,9.10321,36,14
1624983025,9.1006,9.1099,9.1,9.1099,9.10215,59,4
1624983030,9.1,9.1,9.095,9.095,9.09954,23,12
1624983035,9.095,9.095,9.095,9.095,9.095,0,0
1624983040,9.095,9.0994,9.095,9.0994,9.09916,109,6
1624983045,9.0999,9.11,9.095,9.11,9.10106,51,14
1624983050,9.105,9.11,9.102,9.102,9.10505,9,4
1624983055,9.1026,9.11,9.1026,9.11,9.10968,37,10
1624983060,9.12,9.12,9.11,9.111,9.11696,51,6
1624983065,9.115,9.1179,9.1082,9.1082,9.11033,59,28
1624983070,9.105,9.105,9.095,9.1,9.10002,203,50
1624983075,9.11,9.11,9.1001,9.1001,9.10484,11,3
1624983080,9.105,9.1081,9.1001,9.102,9.10354,43,5
1624983085,9.1052,9.1052,9.1052,9.1052,9.1052,1,1
1624983090,9.1012,9.109,9.1012,9.1084,9.10502,65,9
1624983095,9.1,9.11,9.1,9.11,9.109,10,3
1624983100,9.11,9.115,9.11,9.115,9.11429,7,3
1624983105,9.112,9.12,9.112,9.12,9.11854,55,7
1624983110,9.115,9.13,9.112,9.1201,9.11892,42,15
1624983115,9.1201,9.1201,9.1201,9.1201,9.1201,0,0
1624983120,9.1299,9.1299,9.125,9.125,9.12696,2,2
1624983125,9.125,9.13,9.125,9.13,9.12947,9,3
1624983130,9.13,9.1387,9.13,9.135,9.1341,53,7
1624983135,9.1386,9.14,9.135,9.1385,9.13809,42,7
1624983140,9.1373,9.1373,9.13,9.13,9.13295,6,5
1624983145,9.14,9.14,9.1381,9.1381,9.13829,11,2
1624983150,9.135,9.14,9.135,9.135,9.1373,6,5
1624983155,9.135,9.14,9.13,9.1399,9.13412,38,11
1624983160,9.135,9.135,9.13,9.13,9.13369,22,7
1624983165,9.13,9.13,9.1216,9.1216,9.12909,69,40
1624983170,9.125,9.14,9.122,9.131,9.13079,183,49
1624983175,9.14,9.14,9.135,9.14,9.13875,4,3
1624983180,9.1301,9.14,9.13,9.13,9.13164,23,13
1624983185,9.129,9.13,9.129,9.13,9.12997,50,10
1624983190,9.131,9.14,9.131,9.14,9.13978,61,2
1624983195,9.1369,9.1369,9.129,9.129,9.13323,95,10
1624983200,9.1293,9.135,9.1293,9.135,9.13199,72,7
1624983205,9.135,9.135,9.135,9.135,9.135,0,0
1624983210,9.13,9.13,9.1217,9.1217,9.12748,32,5
1624983215,9.125,9.125,9.11,9.11,9.12046,51,25
1624983220,9.115,9.115,9.115,9.115,9.115,7,1
1624983225,9.1113,9.1113,9.1101,9.1101,9.1104,4,2
1624983230,9.11,9.1101,9.11,9.1101,9.11001,15,3
1624983235,9.11,9.115,9.11,9.115,9.11193,33,9
1624983240,9.11,9.1111,9.11,9.11,9.11079,7,3
1624983245,9.11,9.11,9.11,9.11,9.11,2,1
1624983250,9.1112,9.115,9.11,9.11,9.11219,31,4
1624983255,9.11,9.11,9.1,9.1055,9.10837,126,25
1624983260,9.105,9.105,9.1,9.1,9.10003,436,48
1624983265,9.095,9.095,9.08,9.0899,9.0901,290,70
1624983270,9.09,9.1,9.09,9.095,9.09175,35,18
1624983275,9.0979,9.0979,9.09,9.09,9.09395,8,5
1624983280,9.095,9.0977,9.09,9.09,9.09415,8,7
1624983285,9.09,9.095,9.09,9.095,9.0945,10,4
1624983290,9.0973,9.0973,9.08,9.08,9.08988,11,9
1624983295,9.09,9.09,9.085,9.09,9.08983,29,18
1624983300,9.09,9.1,9.09,9.0973,9.09162,23,13
1624983305,9.095,9.1,9.09,9.0978,9.09692,32,15
1624983310,9.0977,9.0977,9.085,9.085,9.09259,5,3
1624983315,9.09,9.09,9.08,9.085,9.08249,14,6
1624983320,9.085,9.0884,9.0801,9.085,9.08415,23,6
1624983325,9.085,9.09,9.085,9.09,9.08935,68,30
1624983330,9.095,9.11,9.095,9.105,9.10013,29,10
1624983335,9.105,9.105,9.105,9.105,9.105,3,3
1624983340,9.1,9.1,9.1,9.1,9.1,15,4
1624983345,9.095,9.1,9.095,9.1,9.0975,4,2
1624983350,9.0981,9.1,9.09,9.095,9.09664,56,7
1624983355,9.09,9.09,9.09,9.09,9.09,1,1
1624983360,9.09,9.0917,9.08,9.0917,9.09004,160,46
1624983365,9.09,9.099,9.09,9.099,9.09623,6,3
1624983370,9.0901,9.0901,9.085,9.085,9.08998,142,42
1624983375,9.0826,9.095,9.08,9.095,9.08688,45,23
1624983380,9.09,9.0974,9.09,9.0972,9.09563,15,6
1624983385,9.1,9.1,9.0974,9.0974,9.09827,3,3
1624983390,9.1,9.1,9.095,9.095,9.09583,12,2
1624983395,9.0983,9.0983,9.09,9.09,9.09636,18,6
1624983400,9.095,9.1,9.095,9.1,9.0996,12,11
1624983405,9.0989,9.1,9.095,9.095,9.09786,28,7
1624983410,9.1,9.105,9.095,9.105,9.10105,100,36
1624983415,9.105,9.105,9.095,9.1001,9.1,67,38
1624983420,9.1,9.1,9.0926,9.1,9.09937,11,7
1624983425,9.105,9.105,9.1,9.1,9.10375,4,2
1624983430,9.1,9.1,9.1,9.1,9.1,0,0
1624983435,9.105,9.105,9.105,9.105,9.105,5,1
1624983440,9.1076,9.108,9.1076,9.108,9.10787,7,2
1624983445,9.105,9.108,9.1,9.105,9.10474,19,11
1624983450,9.101,9.11,9.101,9.11,9.1085,6,2
1624983455,9.1005,9.1077,9.1005,9.1012,9.10075,32,3
1624983460,9.1,9.1099,9.1,9.1,9.10495,10,6
1624983465,9.1011,9.105,9.1,9.105,9.10133,12,3
1624983470,9.105,9.105,9.105,9.105,9.105,0,0
1624983475,9.1079,9.1079,9.1077,9.1077,9.10784,6,2
1624983480,9.105,9.1099,9.1,9.1099,9.1017,82,4
1624983485,9.105,9.105,9.1,9.1,9.10034,72,23
1624983490,9.105,9.105,9.105,9.105,9.105,1,1
1624983495,9.11,9.11,9.107,9.107,9.1095,6,2
1624983500,9.1099,9.1099,9.1,9.1074,9.10812,15,4
1624983505,9.1099,9.1099,9.1,9.105,9.10497,9,3
1624983510,9.105,9.11,9.095,9.1,9.10063,66,27
1624983515,9.106,9.106,9.1,9.105,9.10174,19,6
1624983520,9.11,9.11,9.105,9.105,9.10667,9,2
1624983525,9.1099,9.1099,9.1099,9.1099,9.1099,8,2
1624983530,9.105,9.105,9.105,9.105,9.105,2,1
1624983535,9.1074,9.1074,9.1074,9.1074,9.1074,1,1
1624983540,9.101,9.1099,9.1,9.1099,9.1035,5,3
1624983545,9.1083,9.1083,9.1083,9.1083,9.1083,10,1
1624983550,9.1,9.1,9.1,9.1,9.1,2,2
1624983555,9.1079,9.1079,9.1,9.1,9.10668,6,2
1624983560,9.1077,9.1077,9.1,9.1,9.107,11,2
1624983565,9.105,9.105,9.1028,9.1028,9.1039,20,2
1624983570,9.105,9.105,9.1,9.1,9.10468,15,2
1624983575,9.1015,9.1015,9.1015,9.1015,9.1015,2,1
1624983580,9.1,9.105,9.1,9.101,9.10355,38,5
1624983585,9.1,9.105,9.1,9.105,9.10375,4,3
1624983590,9.105,9.105,9.1,9.105,9.10458,12,3
1624983595,9.105,9.105,9.105,9.105,9.105,0,0
1624983600,9.1,9.1,9.1,9.1,9.1,2,2
1624983605,9.108,9.108,9.108,9.108,9.108,5,1
1624983610,9.1,9.105,9.1,9.1002,9.10058,12,3
1624983615,9.1,9.1,9.095,9.1,9.09979,23,13
1624983620,9.1,9.1,9.09,9.0999,9.0976,14,13
1624983625,9.0986,9.0999,9.095,9.0999,9.09953,33,3
1624983630,9.0986,9.0986,9.0986,9.0986,9.0986,3,1
1624983635,9.095,9.095,9.095,9.095,9.095,2,2
1624983640,9.095,9.1,9.095,9.1,9.09941,10,8
1624983645,9.095,9.1,9.095,9.1,9.09769,17,11
1624983650,9.0924,9.095,9.08,9.0884,9.08981,233,56
1624983655,9.085,9.09,9.08,9.08,9.08622,14,7
1624983660,9.08,9.08,9.08,9.08,9.08,43,13
1624983665,9.07,9.071,9.06,9.06,9.0662,98,19
1624983670,9.06,9.06,9.05,9.055,9.05573,306,108
1624983675,9.055,9.055,9.05,9.05,9.05259,30,16
1624983680,9.06,9.06,9.06,9.06,9.06,2,1
1624983685,9.06,9.06,9.06,9.06,9.06,12,10
1624983690,9.06,9.06,9.06,9.06,9.06,6,5
1624983695,9.0521,9.0597,9.0521,9.0574,9.0591,55,3
1624983700,9.06,9.06,9.0514,9.0587,9.05241,23,3
1624983705,9.055,9.06,9.055,9.06,9.0591,12,7
1624983710,9.06,9.0688,9.06,9.06,9.06049,50,22
1624983715,9.06,9.06,9.06,9.06,9.06,0,0
1624983720,9.065,9.065,9.065,9.065,9.065,1,1
1624983725,9.0618,9.0618,9.0618,9.0618,9.0618,11,1
1624983730,9.065,9.07,9.06,9.0699,9.06674,23,19
1624983735,9.06,9.0699,9.06,9.0699,9.06497,7,5
1624983740,9.0673,9.0673,9.0673,9.0673,9.0673,1,1
1624983745,9.0683,9.0683,9.06,9.065,9.06614,15,6
1624983750,9.07,9.07,9.07,9.07,9.07,4,2
1624983755,9.07,9.075,9.0691,9.075,9.07022,33,20
1624983760,9.0773,9.08,9.0701,9.0788,9.07703,53,5
1624983765,9.07,9.075,9.07,9.075,9.07195,6,4
1624983770,9.0774,9.0774,9.0774,9.0774,9.0774,2,1
1624983775,9.0718,9.0786,9.07,9.075,9.07735,25,5
1624983780,9.075,9.075,9.075,9.075,9.075,0,0
1624983785,9.075,9.0799,9.07,9.07,9.07497,3,3
1624983790,9.0778,9.0778,9.0778,9.0778,9.0778,3,1
1624983795,9.0799,9.0799,9.061,9.0612,9.072,100,23
1624983800,9.065,9.065,9.065,9.065,9.065,2,2
1624983805,9.065,9.07,9.065,9.0676,9.06777,9,5
1624983810,9.07,9.07,9.065,9.07,9.069,5,4
1624983815,9.075,9.0886,9.075,9.0886,9.07975,65,38
1624983820,9.09,9.1,9.09,9.1,9.09177,48,25
1624983825,9.095,9.1,9.093,9.093,9.09567,9,6
1624983830,9.1,9.11,9.095,9.1,9.10005,100,33
1624983835,9.0994,9.0994,9.0994,9.0994,9.0994,10,1
1624983840,9.0991,9.11,9.0991,9.11,9.10123,9,6
1624983845,9.108,9.108,9.1073,9.1073,9.10797,21,2
1624983850,9.11,9.115,9.11,9.115,9.11007,71,16
1624983855,9.11,9.1178,9.11,9.1178,9.11523,11,7
1624983860,9.1181,9.12,9.1181,9.12,9.11894,9,5
1624983865,9.115,9.115,9.115,9.115,9.115,1,1
1624983870,9.12,9.125,9.113,9.12,9.11878,83,23
1624983875,9.115,9.125,9.115,9.125,9.12023,37,15
1624983880,9.125,9.1299,9.12,9.1299,9.125,40,9
1624983885,9.1206,9.14,9.1201,9.1311,9.12313,66,10
1624983890,9.13,9.1379,9.13,9.1379,9.13034,106,42
1624983895,9.1301,9.1301,9.1301,9.1301,9.1301,1,1
1624983900,9.13,9.135,9.13,9.135,9.13065,17,4
1624983905,9.135,9.1399,9.135,9.138,9.13936,72,5
1624983910,9.135,9.14,9.13,9.13,9.13776,33,4
1624983915,9.14,9.14,9.11,9.1115,9.12123,395,56
1624983920,9.11,9.11,9.11,9.11,9.11,46,14
1624983925,9.11,9.11,9.1,9.1,9.10975,81,31
1624983930,9.1,9.1,9.1,9.1,9.1,58,16
1624983935,9.0919,9.0919,9.09,9.09,9.09119,8,4
1624983940,9.095,9.095,9.095,9.095,9.095,3,3
1624983945,9.0901,9.092,9.0901,9.092,9.09013,61,2
1624983950,9.09,9.0999,9.09,9.0981,9.09759,14,3
1624983955,9.095,9.1,9.095,9.1,9.09973,37,17
1624983960,9.105,9.105,9.1001,9.1001,9.10173,3,2
1624983965,9.1001,9.1001,9.1001,9.1001,9.1001,0,0
1624983970,9.1077,9.1077,9.1077,9.1077,9.1077,2,1
1624983975,9.1085,9.11,9.1085,9.11,9.1097,5,5
1624983980,9.11,9.11,9.11,9.11,9.11,3,3
1624983985,9.11,9.11,9.11,9.11,9.11,4,4
1624983990,9.11,9.11,9.11,9.11,9.11,0,0
1624983995,9.105,9.105,9.105,9.105,9.105,10,1
1624984000,9.1,9.105,9.095,9.095,9.10039,31,17
1624984005,9.09,9.095,9.09,9.095,9.09231,2,2
1624984010,9.0999,9.0999,9.095,9.095,9.09745,2,2
1624984015,9.095,9.1,9.0908,9.0908,9.09488,21,3
1624984020,9.095,9.095,9.08,9.08,9.087,5,5
1624984025,9.08,9.09,9.08,9.0898,9.08349,7,6
1624984030,9.09,9.09,9.09,9.09,9.09,1,1
1624984035,9.09,9.09,9.09,9.09,9.09,2,1
1624984040,9.08,9.08,9.08,9.08,9.08,1,1
1624984045,9.08,9.08,9.0795,9.0795,9.07999,40,12
1624984050,9.08,9.08,9.0707,9.08,9.0791,12,3
1624984055,9.07,9.0726,9.07,9.0726,9.07133,4,2
1624984060,9.075,9.0799,9.075,9.0799,9.0764,7,2
1624984065,9.0778,9.0791,9.075,9.0791,9.077,12,3
1624984070,9.075,9.085,9.075,9.085,9.07867,6,6
1624984075,9.085,9.085,9.085,9.085,9.085,0,0
1624984080,9.085,9.085,9.085,9.085,9.085,30,1
1624984085,9.08,9.08,9.08,9.08,9.08,9,4
1624984090,9.08,9.08,9.08,9.08,9.08,0,0
1624984095,9.08,9.08,9.08,9.08,9.08,0,0
1624984100,9.0789,9.0789,9.07,9.07,9.07554,2,2
1624984105,9.0787,9.0787,9.0787,9.0787,9.0787,20,1
1624984110,9.0875,9.0875,9.08,9.08,9.08516,3,2
1624984115,9.08,9.08,9.0777,9.0777,9.07885,2,2
1624984120,9.07,9.07,9.07,9.07,9.07,1,1
1624984125,9.07,9.0711,9.07,9.0711,9.07055,6,2
1624984130,9.07,9.07,9.07,9.07,9.07,1,1
1624984135,9.07,9.07,9.07,9.07,9.07,0,0
1624984140,9.07,9.0786,9.07,9.07,9.07717,12,3
1624984145,9.075,9.08,9.075,9.08,9.07833,3,3
1624984150,9.08,9.085,9.08,9.085,9.08033,18,3
1624984155,9.085,9.085,9.085,9.085,9.085,0,0
1624984160,9.085,9.085,9.085,9.085,9.085,0,0
1624984165,9.08,9.08,9.07,9.072,9.07864,20,11
1624984170,9.0706,9.0706,9.0705,9.0705,9.0706,21,2
1624984175,9.0721,9.0721,9.0721,9.0721,9.0721,1,1
1624984180,9.075,9.0788,9.075,9.0788,9.07804,25,2
1624984185,9.0778,9.0778,9.0778,9.0778,9.0778,1,1
1624984190,9.0771,9.0771,9.0771,9.0771,9.0771,1,1
1624984195,9.075,9.075,9.075,9.075,9.075,1,1
1624984200,9.07,9.08,9.07,9.075,9.07508,3,3
1624984205,9.0787,9.0787,9.0787,9.0787,9.0787,10,1
1624984210,9.07,9.08,9.07,9.08,9.07601,5,3
1624984215,9.0783,9.0783,9.07,9.07,9.07419,21,3
1624984220,9.07,9.07,9.07,9.07,9.07,0,0
1624984225,9.0706,9.0775,9.0706,9.0775,9.07663,19,2
1624984230,9.07,9.07,9.07,9.07,9.07,1,1
1624984235,9.0791,9.08,9.075,9.079,9.07927,79,4
1624984240,9.0799,9.0799,9.065,9.07,9.07023,125,26
1624984245,9.07,9.075,9.07,9.07,9.07059,34,18
1624984250,9.07,9.07,9.07,9.07,9.07,0,0
1624984255,9.07,9.07,9.07,9.07,9.07,17,9
1624984260,9.07,9.07,9.07,9.07,9.07,0,0
1624984265,9.07,9.07,9.07,9.07,9.07,0,0
1624984270,9.0701,9.09,9.0701,9.08,9.07871,68,16
1624984275,9.0825,9.0825,9.0825,9.0825,9.0825,17,1
1624984280,9.08,9.085,9.08,9.08,9.08457,23,4
1624984285,9.085,9.085,9.085,9.085,9.085,6,2
1624984290,9.085,9.085,9.085,9.085,9.085,0,0
1624984295,9.08,9.08,9.08,9.08,9.08,1,1
1624984300,9.09,9.1,9.09,9.1,9.09337,23,10
1624984305,9.1,9.1,9.1,9.1,9.1,0,0
1624984310,9.1,9.1,9.095,9.095,9.09948,19,16
1624984315,9.095,9.095,9.095,9.095,9.095,0,0
1624984320,9.099,9.099,9.099,9.099,9.099,1,1
1624984325,9.0953,9.0953,9.0953,9.0953,9.0953,3,1
1624984330,9.095,9.1,9.095,9.1,9.09776,18,10
1624984335,9.1,9.1,9.0923,9.099,9.09823,13,6
1624984340,9.1,9.1,9.1,9.1,9.1,1,1
1624984345,9.1,9.1,9.0995,9.0995,9.09975,4,2
1624984350,9.1,9.1,9.095,9.1,9.09945,60,39
1624984355,9.1,9.1,9.1,9.1,9.1,2,1
1624984360,9.1,9.1,9.1,9.1,9.1,0,0
1624984365,9.1077,9.1077,9.1077,9.1077,9.1077,1,1
1624984370,9.105,9.11,9.1,9.105,9.10438,65,35
1624984375,9.105,9.1099,9.105,9.1099,9.10865,3,2
1624984380,9.1099,9.1099,9.1,9.105,9.10744,8,3
1624984385,9.1,9.105,9.1,9.105,9.10455,11,2
1624984390,9.1074,9.1074,9.1012,9.1012,9.1036,4,2
1624984395,9.1081,9.1081,9.1,9.1,9.10378,15,4
1624984400,9.1074,9.1099,9.105,9.105,9.10834,9,4
1624984405,9.105,9.11,9.105,9.1099,9.10766,7,3
1624984410,9.1099,9.1099,9.1099,9.1099,9.1099,0,0
1624984415,9.1099,9.1099,9.1099,9.1099,9.1099,0,0
1624984420,9.11,9.11,9.11,9.11,9.11,1,1
1624984425,9.1,9.1,9.1,9.1,9.1,1,1
1624984430,9.1,9.105,9.1,9.105,9.10005,91,2
1624984435,9.105,9.105,9.105,9.105,9.105,3,2
1624984440,9.105,9.105,9.105,9.105,9.105,0,0
1624984445,9.105,9.105,9.105,9.105,9.105,1,1
1624984450,9.1041,9.11,9.1041,9.11,9.10949,21,15
1624984455,9.1088,9.11,9.1086,9.1086,9.10903,4,3
1624984460,9.11,9.11,9.1058,9.1087,9.10919,7,6
1624984465,9.1017,9.1017,9.101,9.101,9.10165,14,2
1624984470,9.105,9.11,9.105,9.1097,9.10823,3,3
1624984475,9.1,9.11,9.1,9.11,9.10288,7,6
1624984480,9.11,9.11,9.11,9.11,9.11,0,0
1624984485,9.11,9.11,9.11,9.11,9.11,4,4
1624984490,9.1,9.1,9.1,9.1,9.1,1,1
1624984495,9.1086,9.1086,9.095,9.095,9.10205,81,38
1624984500,9.1,9.105,9.1,9.105,9.10431,29,6
1624984505,9.1,9.105,9.1,9.105,9.1025,2,2
1624984510,9.105,9.105,9.105,9.105,9.105,0,0
1624984515,9.1073,9.1073,9.1,9.1,9.10292,2,2
1624984520,9.105,9.105,9.1,9.1,9.10038,13,4
1624984525,9.101,9.101,9.101,9.101,9.101,8,1
1624984530,9.101,9.101,9.101,9.101,9.101,0,0
1624984535,9.101,9.105,9.101,9.105,9.10288,2,2
1624984540,9.105,9.105,9.105,9.105,9.105,0,0
1624984545,9.108,9.108,9.105,9.105,9.10657,10,2
1624984550,9.1012,9.1012,9.1012,9.1012,9.1012,2,1
1624984555,9.1017,9.105,9.1017,9.105,9.10418,4,2
1624984560,9.105,9.105,9.105,9.105,9.105,0,0
1624984565,9.105,9.105,9.105,9.105,9.105,0,0
1624984570,9.1,9.105,9.1,9.105,9.1025,2,2
1624984575,9.105,9.105,9.105,9.105,9.105,0,0
1624984580,9.105,9.11,9.105,9.11,9.10916,11,7
1624984585,9.11,9.11,9.1027,9.1027,9.1093,10,6
1624984590,9.11,9.11,9.11,9.11,9.11,30,17
1624984595,9.12,9.12,9.12,9.12,9.12,1,1
1624984600,9.12,9.12,9.12,9.12,9.12,0,0
1624984605,9.1101,9.1101,9.1101,9.1101,9.1101,1,1
1624984610,9.1101,9.1101,9.1101,9.1101,9.1101,0,0
1624984615,9.1105,9.1105,9.1105,9.1105,9.1105,40,1
1624984620,9.1177,9.1177,9.115,9.115,9.11744,16,2
1624984625,9.1199,9.1199,9.115,9.115,9.11612,4,3
1624984630,9.12,9.12,9.12,9.12,9.12,11,9
1624984635,9.12,9.12,9.12,9.12,9.12,1,1
1624984640,9.12,9.12,9.115,9.115,9.11528,36,19
1624984645,9.11,9.12,9.11,9.1198,9.11866,182,47
1624984650,9.1127,9.12,9.1127,9.12,9.119,10,8
1624984655,9.12,9.12,9.12,9.12,9.12,0,0
1624984660,9.12,9.135,9.12,9.13,9.12846,100,20
1624984665,9.135,9.135,9.13,9.13,9.13062,78,49
1624984670,9.14,9.14,9.1314,9.1314,9.1357,20,2
1624984675,9.135,9.14,9.135,9.14,9.13829,17,3
1624984680,9.13,9.13,9.13,9.13,9.13,1,1
1624984685,9.13,9.13,9.13,9.13,9.13,1,1
1624984690,9.1371,9.14,9.13,9.135,9.1341,42,6
1624984695,9.1379,9.1379,9.13,9.13,9.13395,2,2
1624984700,9.13,9.13,9.13,9.13,9.13,76,23
1624984705,9.13,9.135,9.13,9.131,9.132,3,3
1624984710,9.1379,9.138,9.1379,9.138,9.13798,6,2
1624984715,9.135,9.135,9.135,9.135,9.135,1,1
1624984720,9.14,9.14,9.14,9.14,9.14,25,1
1624984725,9.135,9.14,9.135,9.1382,9.13717,16,5
1624984730,9.135,9.14,9.13,9.14,9.13723,123,13
1624984735,9.14,9.14,9.1398,9.1398,9.1399,2,2
1624984740,9.1398,9.1398,9.1398,9.1398,9.1398,0,0
1624984745,9.1398,9.1398,9.1398,9.1398,9.1398,0,0
1624984750,9.1387,9.16,9.1387,9.155,9.1478,701,97
1624984755,9.16,9.1639,9.15,9.1639,9.15794,71,23
1624984760,9.165,9.1672,9.16,9.16,9.16536,22,4
1624984765,9.165,9.165,9.16,9.16,9.16333,3,2
1624984770,9.16,9.16,9.16,9.16,9.16,0,0
1624984775,9.1601,9.1673,9.1601,9.165,9.16435,4,3
1624984780,9.16,9.1617,9.145,9.1489,9.15567,151,69
1624984785,9.15,9.1515,9.15,9.1515,9.15073,20,5
1624984790,9.1501,9.1501,9.15,9.15,9.15009,11,2
1624984795,9.1507,9.1507,9.1507,9.1507,9.1507,10,1
1624984800,9.15,9.15,9.145,9.15,9.14911,18,17
1624984805,9.15,9.15,9.14,9.14,9.14929,14,8
1624984810,9.1415,9.1415,9.1415,9.1415,9.1415,1,1
1624984815,9.1411,9.1411,9.1411,9.1411,9.1411,5,1
1624984820,9.14,9.1409,9.14,9.1409,9.14084,15,2
1624984825,9.1472,9.1472,9.145,9.145,9.14598,22,4
1624984830,9.14,9.1589,9.14,9.1589,9.15633,39,10
1624984835,9.1501,9.16,9.15,9.16,9.15068,41,9
1624984840,9.155,9.16,9.155,9.16,9.15938,8,2
1624984845,9.16,9.16,9.16,9.16,9.16,0,0
1624984850,9.16,9.16,9.16,9.16,9.16,0,0
1624984855,9.16,9.16,9.16,9.16,9.16,1,1
1624984860,9.16,9.16,9.1527,9.1527,9.15824,5,4
1624984865,9.1527,9.1527,9.1527,9.1527,9.1527,0,0
1624984870,9.1527,9.1527,9.1527,9.1527,9.1527,0,0
1624984875,9.16,9.16,9.15,9.15,9.15034,32,13
1624984880,9.1461,9.15,9.1461,9.15,9.1471,27,8
1624984885,9.1518,9.16,9.1518,9.16,9.1559,10,2
1624984890,9.155,9.16,9.155,9.16,9.15861,15,8
1624984895,9.1526,9.1526,9.1526,9.1526,9.1526,2,1
1624984900,9.1558,9.16,9.1558,9.16,9.1586,3,3
1624984905,9.1526,9.1526,9.1526,9.1526,9.1526,2,1
1624984910,9.1526,9.1526,9.1526,9.1526,9.1526,0,0
1624984915,9.155,9.155,9.15,9.15,9.15011,142,36
1624984920,9.1401,9.149,9.1401,9.149,9.14264,7,2
1624984925,9.1499,9.1499,9.1411,9.1411,9.1455,2,2
1624984930,9.15,9.15,9.15,9.15,9.15,4,1
1624984935,9.1412,9.145,9.14,9.145,9.1446,22,4
1624984940,9.145,9.145,9.145,9.145,9.145,0,0
1624984945,9.15,9.15,9.1411,9.1411,9.1453,3,3
1624984950,9.1411,9.1411,9.1411,9.1411,9.1411,0,0
1624984955,9.1477,9.1477,9.1408,9.1408,9.14189,6,2
1624984960,9.14,9.14,9.14,9.14,9.14,12,6
1624984965,9.14,9.14,9.14,9.14,9.14,4,2
1624984970,9.1327,9.1327,9.1327,9.1327,9.1327,1,1
1624984975,9.14,9.145,9.1358,9.14,9.14082,71,29
1624984980,9.1414,9.1414,9.1414,9.1414,9.1414,30,1
1624984985,9.1464,9.1464,9.14,9.145,9.14261,22,5
1624984990,9.14,9.14,9.13,9.14,9.13986,77,21
1624984995,9.1323,9.1483,9.1323,9.1483,9.14062,36,5
1624985000,9.15,9.15,9.145,9.145,9.14625,4,2
1624985005,9.1428,9.145,9.1414,9.145,9.14208,26,3
1624985010,9.145,9.145,9.145,9.145,9.145,0,0
1624985015,9.1424,9.147,9.1424,9.147,9.14639,15,2
1624985020,9.15,9.15,9.14,9.145,9.14446,46,4
1624985025,9.145,9.145,9.145,9.145,9.145,0,0
1624985030,9.145,9.15,9.145,9.15,9.14917,12,2
1624985035,9.1401,9.145,9.14,9.145,9.14086,26,11
1624985040,9.145,9.145,9.145,9.145,9.145,0,0
1624985045,9.145,9.145,9.145,9.145,9.145,0,0
1624985050,9.1383,9.14,9.1383,9.14,9.13953,35,2
1624985055,9.1381,9.1381,9.125,9.125,9.12991,81,31
1624985060,9.125,9.13,9.125,9.13,9.12917,6,4
1624985065,9.13,9.135,9.13,9.135,9.133,2,2
1624985070,9.139,9.139,9.139,9.139,9.139,1,1
1624985075,9.139,9.139,9.139,9.139,9.139,0,0
1624985080,9.14,9.14,9.14,9.14,9.14,15,5
1624985085,9.14,9.14,9.14,9.14,9.14,14,7
1624985090,9.1499,9.1499,9.1483,9.1483,9.14958,50,2
1624985095,9.145,9.15,9.145,9.15,9.14817,40,3
1624985100,9.15,9.15,9.15,9.15,9.15,80,18
1624985105,9.155,9.155,9.155,9.155,9.155,2,1
1624985110,9.16,9.16,9.155,9.155,9.15892,12,3
1624985115,9.16,9.16,9.14,9.15,9.15075,39,15
1624985120,9.1479,9.1479,9.142,9.1427,9.14266,25,4
1624985125,9.145,9.145,9.145,9.145,9.145,5,1
1624985130,9.145,9.155,9.145,9.155,9.15,16,11
1624985135,9.155,9.16,9.155,9.1577,9.15876,41,17
1624985140,9.151,9.155,9.1405,9.155,9.14355,221,33
1624985145,9.155,9.155,9.155,9.155,9.155,0,0
1624985150,9.155,9.155,9.155,9.155,9.155,0,0
1624985155,9.155,9.155,9.155,9.155,9.155,0,0
1624985160,9.15,9.155,9.15,9.152,9.15325,20,3
1624985165,9.1574,9.16,9.1574,9.16,9.1587,2,2
1624985170,9.15,9.155,9.15,9.15,9.1513,4,4
1624985175,9.1521,9.1521,9.1521,9.1521,9.1521,8,1
1624985180,9.1512,9.1573,9.1512,9.1573,9.15425,2,2
1624985185,9.16,9.16,9.16,9.16,9.16,2,2
1624985190,9.15,9.15,9.1489,9.1489,9.1499,33,20
1624985195,9.15,9.15,9.14,9.1499,9.14019,206,7
1624985200,9.1427,9.145,9.1414,9.145,9.14286,5,3
1624985205,9.1499,9.15,9.1499,9.15,9.14998,12,2
1624985210,9.1476,9.15,9.1476,9.15,9.14875,4,2
1624985215,9.1473,9.1499,9.1473,9.1499,9.1486,2,2
1624985220,9.1499,9.1499,9.1499,9.1499,9.1499,0,0
1624985225,9.14,9.14,9.13,9.13,9.13976,63,22
1624985230,9.135,9.14,9.135,9.1399,9.13698,5,5
1624985235,9.1399,9.1399,9.1399,9.1399,9.1399,0,0
1624985240,9.14,9.14,9.14,9.14,9.14,2,2
1624985245,9.14,9.14,9.12,9.13,9.13037,39,24
1624985250,9.13,9.1305,9.13,9.13,9.13017,3,3
1624985255,9.127,9.127,9.127,9.127,9.127,1,1
1624985260,9.12,9.125,9.12,9.125,9.12455,11,2
1624985265,9.1214,9.1214,9.1203,9.1203,9.12103,3,2
1624985270,9.1273,9.1273,9.125,9.125,9.12615,2,2
1624985275,9.12,9.12,9.1186,9.1186,9.11998,72,18
1624985280,9.12,9.12,9.12,9.12,9.12,31,11
1624985285,9.12,9.12,9.12,9.12,9.12,2,1
1624985290,9.125,9.125,9.125,9.125,9.125,1,1
1624985295,9.12,9.12,9.12,9.12,9.12,6,6
1624985300,9.125,9.125,9.125,9.125,9.125,11,6
1624985305,9.125,9.125,9.125,9.125,9.125,0,0
1624985310,9.1299,9.13,9.1299,9.13,9.12994,4,2
1624985315,9.1249,9.1249,9.1249,9.1249,9.1249,1,1
1624985320,9.125,9.13,9.12,9.13,9.12747,11,10
1624985325,9.13,9.13,9.13,9.13,9.13,0,0
1624985330,9.13,9.13,9.13,9.13,9.13,43,31
1624985335,9.125,9.1273,9.125,9.1273,9.12615,2,2
1624985340,9.125,9.1311,9.125,9.1311,9.12993,13,6
1624985345,9.13,9.13,9.13,9.13,9.13,1,1
1624985350,9.13,9.13,9.13,9.13,9.13,0,0
1624985355,9.13,9.13,9.13,9.13,9.13,0,0
1624985360,9.13,9.13,9.13,9.13,9.13,0,0
1624985365,9.13,9.13,9.13,9.13,9.13,0,0
1624985370,9.13,9.13,9.13,9.13,9.13,0,0
1624985375,9.13,9.13,9.13,9.13,9.13,0,0
1624985380,9.13,9.13,9.13,9.13,9.13,5,1
1624985385,9.1377,9.1377,9.135,9.135,9.13601,8,2
1624985390,9.135,9.135,9.135,9.135,9.135,0,0
1624985395,9.1379,9.1379,9.1379,9.1379,9.1379,4,1
1624985400,9.13,9.13,9.12,9.12,9.12954,21,11
1624985405,9.125,9.125,9.125,9.125,9.125,3,2
1624985410,9.13,9.13,9.13,9.13,9.13,2,2
1624985415,9.13,9.13,9.13,9.13,9.13,2,2
1624985420,9.125,9.125,9.12,9.12,9.1225,2,2
1624985425,9.12,9.12,9.12,9.12,9.12,1,1
1624985430,9.1208,9.1299,9.1208,9.1299,9.12163,11,2
1624985435,9.12,9.12,9.115,9.1183,9.11975,26,17
1624985440,9.11,9.11,9.11,9.11,9.11,1,1
1624985445,9.1113,9.1113,9.1113,9.1113,9.1113,1,1
1624985450,9.11,9.11,9.11,9.11,9.11,12,1
1624985455,9.115,9.115,9.1108,9.1108,9.11401,46,7
1624985460,9.119,9.12,9.115,9.12,9.11833,7,3
1624985465,9.115,9.115,9.11,9.11,9.11143,3,3
1624985470,9.115,9.12,9.115,9.12,9.11727,5,2
1624985475,9.1199,9.1199,9.1199,9.1199,9.1199,5,1
1624985480,9.12,9.12,9.12,9.12,9.12,12,7
1624985485,9.12,9.12,9.12,9.12,9.12,5,5
1624985490,9.12,9.13,9.12,9.13,9.12227,28,12
1624985495,9.12,9.12,9.12,9.12,9.12,1,1
1624985500,9.12,9.12,9.12,9.12,9.12,9,3
1624985505,9.115,9.12,9.115,9.115,9.11667,3,3
1624985510,9.115,9.115,9.115,9.115,9.115,0,0
1624985515,9.115,9.115,9.115,9.115,9.115,0,0
1624985520,9.12,9.12,9.12,9.12,9.12,97,31
1624985525,9.1105,9.115,9.1105,9.115,9.11404,7,2
1624985530,9.12,9.12,9.12,9.12,9.12,1,1
1624985535,9.12,9.12,9.12,9.12,9.12,1,1
1624985540,9.12,9.12,9.1101,9.1126,9.11786,26,6
1624985545,9.1128,9.1188,9.1117,9.1188,9.11275,21,3
1624985550,9.1182,9.12,9.1182,9.12,9.11995,37,10
1624985555,9.12,9.12,9.12,9.12,9.12,1,1
1624985560,9.12,9.1288,9.12,9.1216,9.1233,10,5
1624985565,9.12,9.12,9.12,9.12,9.12,2,1
1624985570,9.13,9.13,9.125,9.125,9.12917,6,5
1624985575,9.125,9.125,9.125,9.125,9.125,0,0
1624985580,9.125,9.125,9.125,9.125,9.125,0,0
1624985585,9.13,9.13,9.11,9.11,9.12219,43,22
1624985590,9.115,9.12,9.1126,9.12,9.11785,6,4
1624985595,9.12,9.12,9.12,9.12,9.12,0,0
1624985600,9.115,9.115,9.115,9.115,9.115,3,1
1624985605,9.115,9.115,9.115,9.115,9.115,10,2
1624985610,9.12,9.12,9.12,9.12,9.12,2,2
1624985615,9.115,9.115,9.11,9.115,9.11244,4,4
1624985620,9.115,9.115,9.115,9.115,9.115,0,0
1624985625,9.115,9.115,9.115,9.115,9.115,4,2
1624985630,9.115,9.115,9.115,9.115,9.115,0,0
1624985635,9.115,9.115,9.115,9.115,9.115,0,0
1624985640,9.11,9.11,9.11,9.11,9.11,61,13
1624985645,9.11,9.11,9.1079,9.11,9.1093,3,3
1624985650,9.11,9.11,9.105,9.105,9.10755,12,5
1624985655,9.105,9.105,9.105,9.105,9.105,0,0
1624985660,9.105,9.105,9.105,9.105,9.105,0,0
1624985665,9.1016,9.1016,9.1016,9.1016,9.1016,1,1
1624985670,9.1016,9.1016,9.1016,9.1016,9.1016,0,0
1624985675,9.11,9.11,9.105,9.105,9.1097,23,16
1624985680,9.105,9.105,9.1,9.105,9.10107,14,4
1624985685,9.1,9.103,9.1,9.103,9.10249,5,2
1624985690,9.103,9.103,9.103,9.103,9.103,0,0
1624985695,9.1,9.1,9.1,9.1,9.1,11,8
1624985700,9.1082,9.1082,9.1082,9.1082,9.1082,3,1
1624985705,9.1082,9.1082,9.1082,9.1082,9.1082,0,0
1624985710,9.1082,9.1082,9.1082,9.1082,9.1082,0,0
1624985715,9.1,9.1,9.095,9.095,9.09983,73,17
1624985720,9.09,9.095,9.08,9.085,9.08336,189,68
1624985725,9.085,9.085,9.085,9.085,9.085,20,1
1624985730,9.08,9.08,9.08,9.08,9.08,14,7
1624985735,9.075,9.0773,9.07,9.0773,9.07063,91,30
1624985740,9.07,9.075,9.07,9.075,9.07143,3,2
1624985745,9.0701,9.0701,9.0701,9.0701,9.0701,44,1
1624985750,9.0708,9.0777,9.0708,9.0777,9.07208,13,2
1624985755,9.07,9.07,9.07,9.07,9.07,37,10
1624985760,9.065,9.07,9.065,9.065,9.06596,26,5
1624985765,9.065,9.065,9.065,9.065,9.065,0,0
1624985770,9.0601,9.065,9.0601,9.0613,9.06239,23,3
1624985775,9.0684,9.0684,9.0684,9.0684,9.0684,10,1
1624985780,9.065,9.065,9.0572,9.0572,9.0597,76,20
1624985785,9.0584,9.0584,9.05,9.05,9.05556,16,4
1624985790,9.05,9.05,9.05,9.05,9.05,1,1
1624985795,9.05,9.05,9.05,9.05,9.05,0,0
1624985800,9.05,9.05,9.05,9.05,9.05,2,2
1624985805,9.05,9.055,9.045,9.045,9.04993,186,35
1624985810,9.045,9.05,9.045,9.0487,9.049,16,10
1624985815,9.0487,9.0487,9.0487,9.0487,9.0487,0,0
1624985820,9.05,9.055,9.05,9.055,9.05086,22,11
1624985825,9.0575,9.0575,9.05,9.05,9.05375,2,2
1624985830,9.05,9.05,9.05,9.05,9.05,2,2
1624985835,9.05,9.055,9.05,9.055,9.05385,8,4
1624985840,9.055,9.055,9.055,9.055,9.055,0,0
1624985845,9.05,9.05,9.05,9.05,9.05,2,2
1624985850,9.05,9.06,9.05,9.06,9.05348,12,6
1624985855,9.055,9.055,9.055,9.055,9.055,2,1
1624985860,9.051,9.055,9.05,9.05,9.0515,6,3
1624985865,9.05,9.065,9.05,9.065,9.05989,65,26
1624985870,9.07,9.07,9.06,9.06,9.06916,11,3
1624985875,9.06,9.06,9.055,9.055,9.05792,12,7
1624985880,9.06,9.06,9.0595,9.06,9.05992,6,4
1624985885,9.06,9.06,9.06,9.06,9.06,0,0
1624985890,9.06,9.06,9.06,9.06,9.06,0,0
1624985895,9.06,9.07,9.06,9.07,9.06721,10,7
1624985900,9.07,9.07,9.07,9.07,9.07,79,1
1624985905,9.078,9.09,9.071,9.085,9.08149,47,15
1624985910,9.085,9.09,9.08,9.09,9.08916,90,12
1624985915,9.08,9.0899,9.08,9.0899,9.08707,3,2
1624985920,9.0899,9.0899,9.07,9.07,9.08017,29,15
1624985925,9.08,9.08,9.0701,9.078,9.07344,39,5
1624985930,9.078,9.078,9.075,9.075,9.07773,11,2
1624985935,9.0717,9.0799,9.07,9.075,9.07243,15,4
1624985940,9.075,9.075,9.075,9.075,9.075,0,0
1624985945,9.075,9.075,9.075,9.075,9.075,0,0
1624985950,9.08,9.08,9.08,9.08,9.08,8,3
1624985955,9.08,9.08,9.08,9.08,9.08,0,0
1624985960,9.07,9.07,9.07,9.07,9.07,1,1
1624985965,9.07,9.07,9.07,9.07,9.07,0,0
1624985970,9.08,9.08,9.08,9.08,9.08,1,1
1624985975,9.0795,9.0795,9.0795,9.0795,9.0795,165,1
1624985980,9.07,9.0715,9.07,9.0715,9.07143,21,2
1624985985,9.075,9.0773,9.075,9.0773,9.07629,2,2
1624985990,9.0773,9.0773,9.0773,9.0773,9.0773,0,0
1624985995,9.0773,9.0773,9.0773,9.0773,9.0773,0,0
1624986000,9.0773,9.0773,9.0773,9.0773,9.0773,0,0
1624986005,9.077,9.077,9.077,9.077,9.077,1,1
1624986010,9.075,9.075,9.075,9.075,9.075,3,1
1624986015,9.075,9.075,9.075,9.075,9.075,0,0
1624986020,9.0791,9.0791,9.0791,9.0791,9.0791,20,1
1624986025,9.0716,9.075,9.0701,9.075,9.07183,10,3
1624986030,9.075,9.075,9.075,9.075,9.075,0,0
1624986035,9.075,9.075,9.075,9.075,9.075,0,0
1624986040,9.08,9.095,9.08,9.0801,9.08746,31,23
1624986045,9.0885,9.0885,9.0885,9.0885,9.0885,2,1
1624986050,9.0889,9.0889,9.0889,9.0889,9.0889,1,1
1624986055,9.09,9.095,9.09,9.095,9.0913,19,9
1624986060,9.09,9.09,9.089,9.089,9.0898,5,5
1624986065,9.09,9.09,9.09,9.09,9.09,1,1
1624986070,9.09,9.09,9.09,9.09,9.09,7,6
1624986075,9.09,9.09,9.09,9.09,9.09,49,9
1624986080,9.09,9.09,9.085,9.0899,9.08805,13,3
1624986085,9.0899,9.0899,9.0899,9.0899,9.0899,0,0
1624986090,9.09,9.09,9.09,9.09,9.09,1,1
1624986095,9.0999,9.0999,9.095,9.095,9.09827,6,2
1624986100,9.1,9.1,9.1,9.1,9.1,7,2
1624986105,9.098,9.105,9.098,9.105,9.10001,81,52
1624986110,9.105,9.105,9.1,9.1,9.10184,19,13
1624986115,9.1,9.1,9.1,9.1,9.1,4,3
1624986120,9.1,9.1,9.0924,9.0924,9.09457,3,2
1624986125,9.09,9.0989,9.09,9.0979,9.09548,11,6
1624986130,9.0979,9.0979,9.0979,9.0979,9.0979,0,0
1624986135,9.095,9.1,9.095,9.1,9.09757,3,3
1624986140,9.1,9.1,9.095,9.095,9.09672,2,2
1624986145,9.09,9.0973,9.09,9.0973,9.09365,2,2
1624986150,9.0978,9.0978,9.09,9.0905,9.09186,14,9
1624986155,9.09,9.09,9.09,9.09,9.09,24,8
1624986160,9.09,9.09,9.09,9.09,9.09,0,0
1624986165,9.085,9.0899,9.085,9.0899,9.08564,11,2
1624986170,9.0899,9.0899,9.0899,9.0899,9.0899,0,0
1624986175,9.085,9.085,9.085,9.085,9.085,1,1
1624986180,9.09,9.09,9.085,9.09,9.08875,4,4
1624986185,9.09,9.09,9.085,9.085,9.08963,13,8
1624986190,9.08,9.0873,9.08,9.0873,9.08183,4,4
1624986195,9.0815,9.0815,9.07,9.07,9.07644,207,41
1624986200,9.065,9.075,9.065,9.075,9.07,11,11
1624986205,9.07,9.07,9.0625,9.065,9.06851,15,13
1624986210,9.065,9.065,9.065,9.065,9.065,0,0
1624986215,9.0699,9.0699,9.0699,9.0699,9.0699,2,1
1624986220,9.0699,9.0699,9.0699,9.0699,9.0699,0,0
1624986225,9.0699,9.0699,9.0699,9.0699,9.0699,0,0
1624986230,9.0699,9.0699,9.0699,9.0699,9.0699,0,0
1624986235,9.07,9.07,9.07,9.07,9.07,15,10
1624986240,9.0699,9.0699,9.0699,9.0699,9.0699,5,1
1624986245,9.07,9.07,9.07,9.07,9.07,5,4
1624986250,9.07,9.07,9.07,9.07,9.07,0,0
1624986255,9.07,9.08,9.07,9.08,9.07833,6,2
1624986260,9.08,9.08,9.08,9.08,9.08,0,0
1624986265,9.0799,9.0799,9.0799,9.0799,9.0799,2,1
1624986270,9.0799,9.0799,9.0799,9.0799,9.0799,0,0
1624986275,9.0717,9.0717,9.0717,9.0717,9.0717,2,1
1624986280,9.07,9.07,9.07,9.07,9.07,9,4
1624986285,9.067,9.07,9.065,9.07,9.06986,64,18
1624986290,9.075,9.08,9.0695,9.08,9.07622,53,16
1624986295,9.08,9.08,9.08,9.08,9.08,52,20
1624986300,9.085,9.085,9.085,9.085,9.085,1,1
1624986305,9.0823,9.09,9.0823,9.09,9.08846,5,4
1624986310,9.095,9.095,9.09,9.09,9.09455,11,2
1624986315,9.09,9.09,9.0878,9.09,9.0896,10,9
1624986320,9.09,9.1,9.09,9.1,9.09551,13,6
1624986325,9.1,9.1,9.1,9.1,9.1,0,0
1624986330,9.098,9.0983,9.098,9.0983,9.09819,15,2
1624986335,9.0983,9.0983,9.0983,9.0983,9.0983,0,0
1624986340,9.1,9.1,9.1,9.1,9.1,5,1
1624986345,9.1,9.1,9.1,9.1,9.1,0,0
1624986350,9.1,9.1,9.095,9.1,9.09973,18,12
1624986355,9.095,9.095,9.095,9.095,9.095,1,1
1624986360,9.095,9.1,9.095,9.1,9.09821,14,8
1624986365,9.09,9.095,9.09,9.095,9.09263,16,14
1624986370,9.095,9.095,9.095,9.095,9.095,0,0
1624986375,9.0976,9.0976,9.0976,9.0976,9.0976,1,1
1624986380,9.09,9.09,9.09,9.09,9.09,1,1
1624986385,9.09,9.09,9.09,9.09,9.09,0,0
1624986390,9.1,9.1,9.1,9.1,9.1,1,1
1624986395,9.095,9.105,9.095,9.1,9.10135,44,24
1624986400,9.09,9.09,9.09,9.09,9.09,2,2
1624986405,9.09,9.09,9.09,9.09,9.09,0,0
1624986410,9.095,9.095,9.095,9.095,9.095,25,2
1624986415,9.095,9.095,9.095,9.095,9.095,6,4
1624986420,9.1,9.1,9.1,9.1,9.1,1,1
1624986425,9.095,9.095,9.095,9.095,9.095,1,1
1624986430,9.1,9.1,9.1,9.1,9.1,1,1
1624986435,9.1,9.1,9.1,9.1,9.1,6,3
1624986440,9.092,9.1,9.092,9.1,9.09852,10,2
1624986445,9.1,9.1,9.1,9.1,9.1,0,0
1624986450,9.095,9.1,9.095,9.1,9.0975,2,2
1624986455,9.095,9.1,9.095,9.1,9.09917,6,2
1624986460,9.0901,9.0901,9.0901,9.0901,9.0901,1,1
1624986465,9.1,9.1,9.1,9.1,9.1,3,3
1624986470,9.1,9.1,9.1,9.1,9.1,44,26
1624986475,9.1,9.1,9.09,9.09,9.09333,9,4
1624986480,9.0983,9.0983,9.0983,9.0983,9.0983,10,1
1624986485,9.0983,9.0983,9.0983,9.0983,9.0983,0,0
1624986490,9.09,9.09,9.09,9.09,9.09,4,3
1624986495,9.095,9.095,9.095,9.095,9.095,3,1
1624986500,9.095,9.097,9.095,9.097,9.09533,6,2
1624986505,9.091,9.091,9.091,9.091,9.091,6,1
1624986510,9.095,9.095,9.095,9.095,9.095,7,1
1624986515,9.09,9.09,9.09,9.09,9.09,1,1
1624986520,9.095,9.1,9.095,9.1,9.0975,2,2
1624986525,9.095,9.0972,9.095,9.0972,9.097,11,2
1624986530,9.095,9.0999,9.0916,9.0916,9.09188,42,3
1624986535,9.1,9.105,9.1,9.1,9.10075,33,17
1624986540,9.1,9.1,9.09,9.09,9.09245,153,43
1624986545,9.08,9.08,9.08,9.08,9.08,3,2
1624986550,9.082,9.0887,9.082,9.0887,9.08703,8,2
1624986555,9.0867,9.0867,9.0867,9.0867,9.0867,2,1
1624986560,9.0867,9.0867,9.0867,9.0867,9.0867,0,0
1624986565,9.0867,9.0867,9.0867,9.0867,9.0867,0,0
1624986570,9.085,9.0872,9.085,9.0872,9.08632,2,2
1624986575,9.08,9.0899,9.08,9.085,9.08867,12,3
1624986580,9.085,9.085,9.085,9.085,9.085,2,2
1624986585,9.09,9.095,9.089,9.09,9.09001,52,35
1624986590,9.09,9.0977,9.09,9.095,9.09447,4,3
1624986595,9.095,9.095,9.095,9.095,9.095,0,0
1624986600,9.095,9.095,9.095,9.095,9.095,0,0
1624986605,9.095,9.095,9.095,9.095,9.095,0,0
1624986610,9.09,9.09,9.09,9.09,9.09,5,2
1624986615,9.09,9.09,9.085,9.085,9.08974,19,7
1624986620,9.08,9.089,9.08,9.085,9.08044,207,44
1624986625,9.0799,9.09,9.0799,9.09,9.08193,15,4
1624986630,9.09,9.09,9.09,9.09,9.09,0,0
1624986635,9.09,9.09,9.09,9.09,9.09,0,0
1624986640,9.09,9.09,9.09,9.09,9.09,0,0
1624986645,9.085,9.085,9.08,9.08,9.08177,3,3
1624986650,9.08,9.08,9.08,9.08,9.08,0,0
1624986655,9.09,9.09,9.09,9.09,9.09,5,5
1624986660,9.09,9.09,9.09,9.09,9.09,1,1
1624986665,9.09,9.09,9.09,9.09,9.09,0,0
1624986670,9.0899,9.09,9.0899,9.09,9.08998,9,6
1624986675,9.09,9.09,9.09,9.09,9.09,0,0
1624986680,9.09,9.09,9.09,9.09,9.09,0,0
1624986685,9.09,9.09,9.09,9.09,9.09,0,0
1624986690,9.095,9.0991,9.095,9.0991,9.09903,55,2
1624986695,9.0991,9.0991,9.0991,9.0991,9.0991,0,0
1624986700,9.095,9.095,9.095,9.095,9.095,11,2
1624986705,9.09,9.09,9.09,9.09,9.09,9,7
1624986710,9.09,9.09,9.09,9.09,9.09,1,1
1624986715,9.09,9.095,9.09,9.095,9.0925,2,2
1624986720,9.1,9.1,9.09,9.09,9.09217,46,25
1624986725,9.09,9.09,9.085,9.09,9.08785,13,8
1624986730,9.095,9.095,9.0908,9.0908,9.0922,3,2
1624986735,9.0908,9.0908,9.0908,9.0908,9.0908,0,0
1624986740,9.0908,9.0908,9.0908,9.0908,9.0908,0,0
1624986745,9.1,9.1,9.1,9.1,9.1,147,29
1624986750,9.1,9.1,9.0989,9.0989,9.09973,4,3
1624986755,9.0986,9.0986,9.09,9.095,9.09453,3,3
1624986760,9.095,9.095,9.095,9.095,9.095,0,0
1624986765,9.1,9.1,9.1,9.1,9.1,2,1
1624986770,9.1,9.1,9.09,9.09,9.09465,2,2
1624986775,9.1,9.1,9.08,9.08,9.09205,19,10
1624986780,9.08,9.08,9.0783,9.0783,9.07996,51,17
1624986785,9.0783,9.0783,9.0783,9.0783,9.0783,0,0
1624986790,9.0783,9.0783,9.0783,9.0783,9.0783,0,0
1624986795,9.08,9.08,9.08,9.08,9.08,1,1
1624986800,9.0799,9.0799,9.0799,9.0799,9.0799,1,1
1624986805,9.08,9.09,9.08,9.085,9.08063,48,11
1624986810,9.085,9.085,9.085,9.085,9.085,0,0
1624986815,9.085,9.085,9.085,9.085,9.085,2,2
1624986820,9.09,9.09,9.09,9.09,9.09,1,1
1624986825,9.09,9.09,9.09,9.09,9.09,1,1
1624986830,9.09,9.095,9.0823,9.0823,9.08992,17,16
1624986835,9.0823,9.0823,9.0823,9.0823,9.0823,0,0
1624986840,9.085,9.085,9.08,9.08,9.08012,80,29
1624986845,9.0799,9.08,9.0799,9.08,9.07993,14,5
1624986850,9.09,9.09,9.085,9.085,9.08592,6,2
1624986855,9.085,9.085,9.085,9.085,9.085,0,0
1624986860,9.0888,9.0888,9.0812,9.0812,9.08552,4,3
1624986865,9.089,9.0899,9.08,9.08,9.08489,12,5
1624986870,9.08,9.08,9.08,9.08,9.08,2,2
1624986875,9.0789,9.08,9.0789,9.08,9.07927,3,2
1624986880,9.0876,9.0876,9.08,9.08,9.08193,4,2
1624986885,9.08,9.08,9.08,9.08,9.08,0,0
1624986890,9.08,9.08,9.08,9.08,9.08,0,0
1624986895,9.08,9.08,9.08,9.08,9.08,0,0
1624986900,9.0875,9.0875,9.0875,9.0875,9.0875,1,1
1624986905,9.0876,9.0899,9.0876,9.0899,9.08952,12,2
1624986910,9.09,9.09,9.09,9.09,9.09,1,1
1624986915,9.09,9.09,9.09,9.09,9.09,0,0
1624986920,9.09,9.09,9.09,9.09,9.09,0,0
1624986925,9.08,9.087,9.08,9.08,9.08059,30,12
1624986930,9.08,9.08,9.08,9.08,9.08,0,0
1624986935,9.08,9.08,9.08,9.08,9.08,0,0
1624986940,9.08,9.08,9.08,9.08,9.08,0,0
1624986945,9.085,9.085,9.085,9.085,9.085,1,1
1624986950,9.085,9.085,9.085,9.085,9.085,0,0
1624986955,9.09,9.09,9.09,9.09,9.09,10,1
1624986960,9.08,9.08,9.08,9.08,9.08,32,12
1624986965,9.075,9.075,9.075,9.075,9.075,1,1
1624986970,9.0772,9.0772,9.0772,9.0772,9.0772,5,1
1624986975,9.0772,9.0772,9.0772,9.0772,9.0772,0,0
1624986980,9.0772,9.0772,9.0772,9.0772,9.0772,0,0
1624986985,9.0772,9.0772,9.0772,9.0772,9.0772,0,0
1624986990,9.08,9.08,9.075,9.0777,9.07766,4,3
1624986995,9.0713,9.0799,9.0713,9.0799,9.07847,12,2
1624987000,9.0786,9.0786,9.0786,9.0786,9.0786,1,1
1624987005,9.0786,9.0786,9.0786,9.0786,9.0786,0,0
1624987010,9.0786,9.0786,9.0786,9.0786,9.0786,0,0
1624987015,9.075,9.075,9.075,9.075,9.075,1,1
1624987020,9.07,9.075,9.07,9.071,9.07181,6,4
1624987025,9.075,9.075,9.075,9.075,9.075,25,1
1624987030,9.0774,9.0774,9.07,9.07,9.07493,3,2
1624987035,9.07,9.07,9.07,9.07,9.07,0,0
1624987040,9.0704,9.0704,9.0704,9.0704,9.0704,1,1
1624987045,9.0708,9.0708,9.065,9.065,9.07035,30,10
1624987050,9.065,9.065,9.06,9.06,9.06071,63,4
1624987055,9.06,9.06,9.06,9.06,9.06,1,1
1624987060,9.06,9.06,9.04,9.05,9.05117,265,100
1624987065,9.05,9.05,9.0417,9.0417,9.04245,11,2
1624987070,9.045,9.045,9.045,9.045,9.045,3,3
1624987075,9.045,9.0509,9.045,9.0505,9.0502,27,14
1624987080,9.05,9.055,9.05,9.055,9.05071,7,7
1624987085,9.055,9.055,9.055,9.055,9.055,0,0
1624987090,9.05,9.05,9.05,9.05,9.05,5,1
1624987095,9.05,9.05,9.05,9.05,9.05,0,0
1624987100,9.055,9.055,9.055,9.055,9.055,2,1
1624987105,9.05,9.0576,9.05,9.0576,9.05548,3,2
1624987110,9.0576,9.0576,9.0576,9.0576,9.0576,0,0
1624987115,9.0573,9.0573,9.0573,9.0573,9.0573,1,1
1624987120,9.05,9.05,9.05,9.05,9.05,1,1
1624987125,9.0577,9.0577,9.0577,9.0577,9.0577,5,1
1624987130,9.0502,9.0577,9.05,9.0577,9.05126,6,4
1624987135,9.055,9.055,9.055,9.055,9.055,5,1
1624987140,9.0508,9.0508,9.0508,9.0508,9.0508,7,1
1624987145,9.05,9.05,9.05,9.05,9.05,23,6
1624987150,9.05,9.05,9.05,9.05,9.05,1,1
1624987155,9.045,9.05,9.045,9.05,9.04714,7,7
1624987160,9.045,9.0492,9.045,9.0492,9.04894,32,2
1624987165,9.0492,9.0492,9.0492,9.0492,9.0492,0,0
1624987170,9.0499,9.05,9.0499,9.05,9.0499,41,2
1624987175,9.05,9.05,9.05,9.05,9.05,4,3
1624987180,9.05,9.055,9.05,9.05,9.05059,8,4
1624987185,9.05,9.05,9.05,9.05,9.05,1,1
1624987190,9.05,9.05,9.05,9.05,9.05,0,0
1624987195,9.057,9.057,9.057,9.057,9.057,2,1
1624987200,9.05,9.06,9.05,9.05,9.05786,63,26
1624987205,9.05,9.05,9.05,9.05,9.05,2,2
1624987210,9.055,9.055,9.055,9.055,9.055,1,1
1624987215,9.055,9.055,9.055,9.055,9.055,1,1
1624987220,9.06,9.06,9.05,9.0599,9.05745,4,4
1624987225,9.0535,9.0535,9.0535,9.0535,9.0535,1,1
1624987230,9.06,9.06,9.06,9.06,9.06,8,5
1624987235,9.065,9.065,9.065,9.065,9.065,5,1
1624987240,9.06,9.06,9.045,9.045,9.05047,91,32
1624987245,9.05,9.05,9.045,9.05,9.04869,29,7
1624987250,9.05,9.05,9.05,9.05,9.05,1,1
1624987255,9.051,9.0522,9.05,9.05,9.05046,7,7
1624987260,9.05,9.05,9.0477,9.0477,9.04885,2,2
1624987265,9.05,9.05,9.05,9.05,9.05,17,4
1624987270,9.05,9.05,9.05,9.05,9.05,0,0
1624987275,9.05,9.05,9.05,9.05,9.05,0,0
1624987280,9.05,9.05,9.05,9.05,9.05,0,0
1624987285,9.067,9.07,9.067,9.07,9.0685,2,2
1624987290,9.07,9.07,9.07,9.07,9.07,0,0
1624987295,9.0601,9.0687,9.0601,9.0687,9.06806,27,2
1624987300,9.0687,9.0687,9.0687,9.0687,9.0687,0,0
1624987305,9.0687,9.0687,9.0687,9.0687,9.0687,0,0
1624987310,9.065,9.065,9.065,9.065,9.065,5,1
1624987315,9.065,9.065,9.065,9.065,9.065,0,0
1624987320,9.06,9.06,9.06,9.06,9.06,1,1
1624987325,9.06,9.06,9.06,9.06,9.06,5,1
1624987330,9.07,9.07,9.0675,9.07,9.06997,76,38
1624987335,9.065,9.0687,9.065,9.065,9.06523,26,3
1624987340,9.07,9.07,9.07,9.07,9.07,1,1
1624987345,9.0682,9.075,9.0682,9.075,9.07019,45,26
1624987350,9.0776,9.0776,9.0776,9.0776,9.0776,2,1
1624987355,9.0773,9.0773,9.075,9.075,9.07615,2,2
1624987360,9.08,9.085,9.08,9.085,9.08208,12,6
1624987365,9.08,9.08,9.075,9.08,9.07944,36,25
1624987370,9.08,9.08,9.08,9.08,9.08,0,0
1624987375,9.0808,9.0808,9.0808,9.0808,9.0808,10,1
1624987380,9.0808,9.0808,9.0808,9.0808,9.0808,0,0
1624987385,9.0808,9.0808,9.0808,9.0808,9.0808,0,0
1624987390,9.0808,9.0808,9.0808,9.0808,9.0808,0,0
1624987395,9.085,9.09,9.085,9.09,9.08946,9,9
1624987400,9.09,9.1,9.09,9.099,9.09719,15,7
1624987405,9.09,9.095,9.09,9.095,9.0925,2,2
1624987410,9.0908,9.0908,9.0908,9.0908,9.0908,10,1
1624987415,9.099,9.099,9.099,9.099,9.099,3,1
1624987420,9.095,9.095,9.095,9.095,9.095,1,1
1624987425,9.09,9.09,9.09,9.09,9.09,4,3
1624987430,9.09,9.09,9.09,9.09,9.09,2,1
1624987435,9.095,9.095,9.095,9.095,9.095,1,1
1624987440,9.1,9.1,9.1,9.1,9.1,2,2
1624987445,9.09,9.1,9.09,9.095,9.09466,13,4
1624987450,9.09,9.09,9.085,9.085,9.08857,26,7
1624987455,9.09,9.09,9.09,9.09,9.09,2,2
1624987460,9.09,9.093,9.09,9.093,9.091,3,3
1624987465,9.095,9.095,9.095,9.095,9.095,1,1
1624987470,9.09,9.09,9.08,9.08,9.08667,3,3
1624987475,9.0889,9.0889,9.0889,9.0889,9.0889,20,1
1624987480,9.0889,9.0889,9.0889,9.0889,9.0889,0,0
1624987485,9.0983,9.1,9.0983,9.1,9.09941,29,16
1624987490,9.1005,9.1005,9.1005,9.1005,9.1005,20,1
1624987495,9.1005,9.1005,9.1005,9.1005,9.1005,0,0
1624987500,9.11,9.11,9.11,9.11,9.11,6,4
1624987505,9.1,9.1073,9.1,9.1013,9.10287,3,3
1624987510,9.105,9.105,9.105,9.105,9.105,5,1
1624987515,9.1034,9.1034,9.1034,9.1034,9.1034,15,1
1624987520,9.1034,9.1034,9.1034,9.1034,9.1034,0,0
1624987525,9.11,9.11,9.11,9.11,9.11,1,1
1624987530,9.105,9.105,9.1,9.1,9.1025,2,2
1624987535,9.101,9.101,9.1,9.1,9.10012,42,18
1624987540,9.0986,9.0986,9.0986,9.0986,9.0986,20,1
1624987545,9.09,9.09,9.09,9.09,9.09,53,1
1624987550,9.09,9.09,9.09,9.09,9.09,0,0
1624987555,9.0999,9.0999,9.0999,9.0999,9.0999,3,1
1624987560,9.095,9.095,9.095,9.095,9.095,2,1
1624987565,9.1,9.1,9.1,9.1,9.1,2,2
1624987570,9.1,9.1,9.1,9.1,9.1,0,0
1624987575,9.0989,9.0989,9.0989,9.0989,9.0989,1,1
1624987580,9.1,9.105,9.1,9.105,9.10024,21,7
1624987585,9.105,9.105,9.1,9.1,9.10056,9,9
1624987590,9.1,9.1,9.1,9.1,9.1,4,1
1624987595,9.1073,9.1073,9.1073,9.1073,9.1073,1,1
1624987600,9.1037,9.1037,9.1,9.1,9.10247,3,2
1624987605,9.1,9.1,9.1,9.1,9.1,0,0
1624987610,9.1,9.1,9.1,9.1,9.1,9,2
1624987615,9.1,9.1,9.1,9.1,9.1,0,0
1624987620,9.1,9.1,9.1,9.1,9.1,0,0
1624987625,9.1,9.1,9.1,9.1,9.1,0,0
1624987630,9.1,9.1,9.1,9.1,9.1,0,0
1624987635,9.1,9.1,9.1,9.1,9.1,0,0
1624987640,9.1,9.1,9.1,9.1,9.1,0,0
1624987645,9.1,9.1,9.1,9.1,9.1,0,0
1624987650,9.1,9.1,9.1,9.1,9.1,0,0
1624987655,9.1,9.1,9.1,9.1,9.1,0,0
1624987660,9.09,9.09,9.09,9.09,9.09,2,2
1624987665,9.09,9.09,9.085,9.09,9.08954,10,8
1624987670,9.09,9.09,9.09,9.09,9.09,1,1
1624987675,9.09,9.09,9.09,9.09,9.09,0,0
1624987680,9.09,9.09,9.09,9.09,9.09,0,0
1624987685,9.09,9.09,9.09,9.09,9.09,0,0
1624987690,9.087,9.09,9.087,9.09,9.088,24,6
1624987695,9.095,9.095,9.095,9.095,9.095,1,1
1624987700,9.095,9.095,9.095,9.095,9.095,1,1
1624987705,9.0981,9.0981,9.0981,9.0981,9.0981,1,1
1624987710,9.0981,9.0981,9.0981,9.0981,9.0981,0,0
1624987715,9.09,9.0977,9.09,9.0977,9.09385,2,2
1624987720,9.0977,9.0977,9.0977,9.0977,9.0977,0,0
1624987725,9.0977,9.0977,9.0977,9.0977,9.0977,0,0
1624987730,9.0913,9.0913,9.0913,9.0913,9.0913,3,1
1624987735,9.1,9.1,9.1,9.1,9.1,1,1
1624987740,9.0999,9.0999,9.0999,9.0999,9.0999,1,1
1624987745,9.0999,9.0999,9.0999,9.0999,9.0999,0,0
1624987750,9.095,9.095,9.095,9.095,9.095,1,1
1624987755,9.095,9.095,9.095,9.095,9.095,1,1
1624987760,9.0983,9.1,9.0983,9.1,9.09896,5,4
1624987765,9.095,9.095,9.095,9.095,9.095,10,1
1624987770,9.1,9.1,9.1,9.1,9.1,7,5
1624987775,9.1,9.1,9.1,9.1,9.1,3,2
1624987780,9.099,9.099,9.095,9.095,9.0966,5,2
1624987785,9.095,9.095,9.095,9.095,9.095,0,0
1624987790,9.095,9.095,9.095,9.095,9.095,0,0
1624987795,9.095,9.095,9.095,9.095,9.095,0,0
1624987800,9.095,9.095,9.095,9.095,9.095,0,0
1624987805,9.09,9.0914,9.09,9.0914,9.09111,4,2
1624987810,9.0914,9.0914,9.0914,9.0914,9.0914,0,0
1624987815,9.0939,9.0939,9.0939,9.0939,9.0939,50,1
1624987820,9.0973,9.0973,9.0973,9.0973,9.0973,1,1
1624987825,9.095,9.1,9.095,9.1,9.09739,3,2
1624987830,9.091,9.094,9.09,9.09,9.09168,30,11
1624987835,9.09,9.09,9.09,9.09,9.09,0,0
1624987840,9.098,9.098,9.098,9.098,9.098,5,1
1624987845,9.0983,9.0983,9.0983,9.0983,9.0983,10,1
1624987850,9.0983,9.0983,9.0983,9.0983,9.0983,0,0
1624987855,9.0983,9.0983,9.0983,9.0983,9.0983,0,0
1624987860,9.0983,9.0983,9.0983,9.0983,9.0983,0,0
1624987865,9.095,9.095,9.095,9.095,9.095,2,2
1624987870,9.095,9.095,9.095,9.095,9.095,0,0
1624987875,9.095,9.1,9.095,9.1,9.09898,49,7
1624987880,9.095,9.095,9.095,9.095,9.095,1,1
1624987885,9.095,9.095,9.095,9.095,9.095,1,1
1624987890,9.1,9.1,9.1,9.1,9.1,1,1
1624987895,9.1,9.1,9.1,9.1,9.1,0,0
1624987900,9.0999,9.0999,9.0999,9.0999,9.0999,1,1
1624987905,9.1,9.1,9.1,9.1,9.1,2,2
1624987910,9.1,9.1099,9.1,9.1099,9.10059,237,42
1624987915,9.1,9.12,9.1,9.115,9.11033,192,83
1624987920,9.115,9.115,9.1,9.105,9.1064,18,11
1624987925,9.11,9.11,9.0986,9.0986,9.10007,35,17
1624987930,9.0995,9.0995,9.095,9.095,9.09937,103,4
1624987935,9.1,9.11,9.1,9.105,9.10418,140,44
1624987940,9.105,9.105,9.1,9.1,9.10376,29,9
1624987945,9.105,9.115,9.105,9.115,9.11031,64,28
1624987950,9.115,9.115,9.115,9.115,9.115,0,0
1624987955,9.115,9.115,9.115,9.115,9.115,10,2
1624987960,9.11,9.11,9.1058,9.1058,9.10873,32,15
1624987965,9.109,9.109,9.109,9.109,9.109,5,1
1624987970,9.109,9.109,9.109,9.109,9.109,0,0
1624987975,9.1093,9.1093,9.105,9.1089,9.10793,16,5
1624987980,9.105,9.11,9.105,9.1087,9.10855,8,5
1624987985,9.11,9.11,9.104,9.104,9.107,2,2
1624987990,9.105,9.1091,9.105,9.1091,9.10845,6,2
1624987995,9.1091,9.1091,9.1091,9.1091,9.1091,0,0
1624988000,9.11,9.11,9.11,9.11,9.11,1,1
1624988005,9.11,9.11,9.11,9.11,9.11,0,0
1624988010,9.1088,9.1088,9.1088,9.1088,9.1088,1,1
1624988015,9.1094,9.1094,9.1089,9.1089,9.10936,13,2
1624988020,9.1089,9.1089,9.1089,9.1089,9.1089,0,0
1624988025,9.1089,9.1089,9.1089,9.1089,9.1089,0,0
1624988030,9.1089,9.1089,9.1089,9.1089,9.1089,0,0
1624988035,9.11,9.11,9.11,9.11,9.11,3,2
1624988040,9.1089,9.1089,9.105,9.105,9.10793,4,2
1624988045,9.1,9.1074,9.1,9.1074,9.1037,2,2
1624988050,9.1,9.1,9.095,9.095,9.09982,28,19
1624988055,9.0999,9.0999,9.0999,9.0999,9.0999,2,1
1624988060,9.1,9.1,9.1,9.1,9.1,48,30
1624988065,9.1,9.1,9.1,9.1,9.1,1,1
1624988070,9.1,9.1,9.1,9.1,9.1,0,0
1624988075,9.1,9.1,9.1,9.1,9.1,1,1
1624988080,9.1,9.1,9.1,9.1,9.1,0,0
1624988085,9.0999,9.1,9.0999,9.1,9.09994,9,3
1624988090,9.105,9.105,9.105,9.105,9.105,7,7
1624988095,9.105,9.105,9.1035,9.1035,9.10406,8,4
1624988100,9.105,9.105,9.1014,9.105,9.1023,8,3
1624988105,9.1,9.11,9.1,9.11,9.105,2,2
1624988110,9.1,9.1,9.1,9.1,9.1,2,2
1624988115,9.11,9.11,9.11,9.11,9.11,2,1
1624988120,9.11,9.11,9.11,9.11,9.11,0,0
1624988125,9.11,9.11,9.11,9.11,9.11,0,0
1624988130,9.1,9.1,9.1,9.1,9.1,2,2
1624988135,9.107,9.107,9.1,9.1,9.10544,4,3
1624988140,9.105,9.105,9.105,9.105,9.105,2,1
1624988145,9.1099,9.1099,9.1099,9.1099,9.1099,1,1
1624988150,9.1099,9.1099,9.1099,9.1099,9.1099,0,0
1624988155,9.1039,9.1039,9.1039,9.1039,9.1039,1,1
1624988160,9.1039,9.1039,9.1039,9.1039,9.1039,0,0
1624988165,9.1039,9.1039,9.1039,9.1039,9.1039,0,0
1624988170,9.105,9.105,9.105,9.105,9.105,2,2
1624988175,9.1,9.1,9.1,9.1,9.1,23,10
1624988180,9.1,9.1,9.1,9.1,9.1,1,1
1624988185,9.095,9.095,9.0902,9.0902,9.0926,4,2
1624988190,9.0902,9.0902,9.0902,9.0902,9.0902,0,0
1624988195,9.095,9.1,9.095,9.1,9.09978,22,11
1624988200,9.1,9.1,9.1,9.1,9.1,0,0
1624988205,9.1,9.1,9.1,9.1,9.1,1,1
1624988210,9.105,9.105,9.095,9.095,9.10002,22,16
1624988215,9.095,9.095,9.095,9.095,9.095,0,0
1624988220,9.1,9.1,9.1,9.1,9.1,2,2
1624988225,9.1,9.1,9.1,9.1,9.1,0,0
1624988230,9.0978,9.0978,9.095,9.095,9.0957,4,4
1624988235,9.095,9.095,9.095,9.095,9.095,0,0
1624988240,9.095,9.095,9.095,9.095,9.095,10,1
1624988245,9.0993,9.1,9.0993,9.1,9.09935,13,2
1624988250,9.095,9.095,9.095,9.095,9.095,10,1
1624988255,9.095,9.095,9.095,9.095,9.095,0,0
1624988260,9.1,9.11,9.1,9.1,9.1074,99,19
1624988265,9.105,9.105,9.1027,9.1027,9.1042,4,4
1624988270,9.11,9.12,9.11,9.12,9.11063,28,21
1624988275,9.11,9.11,9.1,9.105,9.107,5,5
1624988280,9.105,9.105,9.105,9.105,9.105,1,1
1624988285,9.102,9.102,9.102,9.102,9.102,1,1
1624988290,9.1028,9.1028,9.1028,9.1028,9.1028,10,1
1624988295,9.1078,9.1078,9.1078,9.1078,9.1078,2,1
1624988300,9.1078,9.1078,9.1078,9.1078,9.1078,0,0
1624988305,9.108,9.108,9.101,9.105,9.10498,13,4
1624988310,9.105,9.105,9.105,9.105,9.105,0,0
1624988315,9.1,9.1,9.1,9.1,9.1,19,8
1624988320,9.1001,9.1001,9.1001,9.1001,9.1001,30,1
1624988325,9.1,9.1,9.095,9.095,9.0995,10,6
1624988330,9.095,9.095,9.095,9.095,9.095,1,1
1624988335,9.1,9.1,9.1,9.1,9.1,6,1
1624988340,9.095,9.095,9.095,9.095,9.095,3,3
1624988345,9.09,9.095,9.09,9.092,9.09277,94,5
1624988350,9.092,9.092,9.092,9.092,9.092,0,0
1624988355,9.092,9.092,9.092,9.092,9.092,0,0
1624988360,9.095,9.095,9.09,9.09,9.0925,2,2
1624988365,9.0999,9.0999,9.0999,9.0999,9.0999,2,1
1624988370,9.095,9.095,9.095,9.095,9.095,1,1
1624988375,9.0999,9.0999,9.0999,9.0999,9.0999,3,1
1624988380,9.095,9.095,9.09,9.09,9.09341,7,5
1624988385,9.095,9.095,9.095,9.095,9.095,1,1
1624988390,9.0973,9.0973,9.0973,9.0973,9.0973,1,1
1624988395,9.0979,9.0979,9.0979,9.0979,9.0979,4,1
1624988400,9.0914,9.0914,9.07,9.075,9.08037,141,59
1624988405,9.07,9.07,9.0618,9.07,9.06872,48,15
1624988410,9.0691,9.0691,9.0691,9.0691,9.0691,4,1
1624988415,9.0613,9.0613,9.0613,9.0613,9.0613,10,1
1624988420,9.0699,9.0699,9.0699,9.0699,9.0699,5,1
1624988425,9.065,9.065,9.065,9.065,9.065,10,1
1624988430,9.065,9.065,9.065,9.065,9.065,0,0
1624988435,9.06,9.0636,9.06,9.0636,9.06257,3,2
1624988440,9.065,9.065,9.06,9.06,9.06004,141,20
1624988445,9.06,9.07,9.06,9.07,9.06272,27,17
1624988450,9.0774,9.0774,9.075,9.0774,9.07632,6,3
1624988455,9.0774,9.0774,9.0774,9.0774,9.0774,0,0
1624988460,9.0774,9.0774,9.0774,9.0774,9.0774,0,0
1624988465,9.0774,9.0774,9.0774,9.0774,9.0774,0,0
1624988470,9.0774,9.0774,9.0774,9.0774,9.0774,0,0
1624988475,9.075,9.075,9.075,9.075,9.075,7,1
1624988480,9.08,9.08,9.075,9.075,9.07693,30,14
1624988485,9.075,9.075,9.075,9.075,9.075,0,0
1624988490,9.075,9.075,9.075,9.075,9.075,0,0
1624988495,9.071,9.071,9.071,9.071,9.071,2,1
1624988500,9.071,9.071,9.071,9.071,9.071,0,0
1624988505,9.071,9.071,9.071,9.071,9.071,0,0
1624988510,9.0799,9.0799,9.0799,9.0799,9.0799,50,1
1624988515,9.0718,9.0718,9.0718,9.0718,9.0718,2,1
1624988520,9.0718,9.0718,9.0718,9.0718,9.0718,0,0
1624988525,9.0701,9.0701,9.0701,9.0701,9.0701,5,1
1624988530,9.0701,9.0701,9.0701,9.0701,9.0701,0,0
1624988535,9.075,9.08,9.07,9.0799,9.07873,70,9
1624988540,9.0799,9.0799,9.0799,9.0799,9.0799,0,0
1624988545,9.075,9.075,9.075,9.075,9.075,10,1
1624988550,9.08,9.08,9.08,9.08,9.08,36,14
1624988555,9.08,9.08,9.08,9.08,9.08,28,16
1624988560,9.08,9.08,9.08,9.08,9.08,0,0
1624988565,9.085,9.085,9.085,9.085,9.085,10,5
1624988570,9.085,9.085,9.085,9.085,9.085,10,1
1624988575,9.08,9.08,9.08,9.08,9.08,5,1
1624988580,9.08,9.08,9.08,9.08,9.08,0,0
1624988585,9.08,9.08,9.07,9.08,9.07424,110,24
1624988590,9.0799,9.0799,9.07,9.075,9.07368,24,13
1624988595,9.075,9.075,9.075,9.075,9.075,0,0
1624988600,9.07,9.07,9.07,9.07,9.07,1,1
1624988605,9.075,9.075,9.07,9.0733,9.07298,5,3
1624988610,9.0718,9.075,9.0718,9.075,9.07285,3,2
1624988615,9.08,9.08,9.075,9.08,9.07924,113,21
1624988620,9.08,9.085,9.08,9.085,9.0813,8,5
1624988625,9.085,9.085,9.085,9.085,9.085,0,0
1624988630,9.085,9.085,9.085,9.085,9.085,0,0
1624988635,9.09,9.0991,9.09,9.0991,9.09263,31,17
1624988640,9.0991,9.0991,9.0991,9.0991,9.0991,0,0
1624988645,9.09,9.09,9.09,9.09,9.09,9,9
1624988650,9.09,9.09,9.09,9.09,9.09,0,0
1624988655,9.09,9.09,9.09,9.09,9.09,0,0
1624988660,9.089,9.089,9.089,9.089,9.089,1,1
1624988665,9.0879,9.09,9.0879,9.0899,9.08958,5,3
1624988670,9.0825,9.0825,9.0825,9.0825,9.0825,1,1
1624988675,9.0825,9.0825,9.0825,9.0825,9.0825,0,0
1624988680,9.0825,9.0825,9.0825,9.0825,9.0825,0,0
1624988685,9.09,9.09,9.09,9.09,9.09,1,1
1624988690,9.0899,9.0899,9.0899,9.0899,9.0899,1,1
1624988695,9.0899,9.0899,9.0899,9.0899,9.0899,0,0
1624988700,9.0899,9.0899,9.0899,9.0899,9.0899,0,0
1624988705,9.08,9.085,9.08,9.085,9.08382,8,4
1624988710,9.08,9.0887,9.08,9.0887,9.08457,3,3
1624988715,9.09,9.09,9.09,9.09,9.09,1,1
1624988720,9.09,9.09,9.09,9.09,9.09,11,7
1624988725,9.09,9.09,9.09,9.09,9.09,2,2
1624988730,9.09,9.09,9.0882,9.09,9.0896,4,3
1624988735,9.09,9.09,9.09,9.09,9.09,0,0
1624988740,9.09,9.09,9.09,9.09,9.09,0,0
1624988745,9.09,9.09,9.0895,9.0899,9.08978,5,3
1624988750,9.09,9.09,9.09,9.09,9.09,1,1
1624988755,9.09,9.09,9.09,9.09,9.09,0,0
1624988760,9.09,9.0977,9.09,9.0977,9.09176,14,8
1624988765,9.0977,9.0977,9.0977,9.0977,9.0977,0,0
1624988770,9.095,9.0977,9.095,9.0977,9.0964,5,2
1624988775,9.0977,9.0977,9.0977,9.0977,9.0977,0,0
1624988780,9.09,9.09,9.09,9.09,9.09,28,11
1624988785,9.09,9.09,9.09,9.09,9.09,1,1
1624988790,9.0823,9.09,9.0823,9.09,9.08592,5,4
1624988795,9.09,9.09,9.09,9.09,9.09,0,0
1624988800,9.09,9.09,9.09,9.09,9.09,3,1
1624988805,9.09,9.09,9.09,9.09,9.09,0,0
1624988810,9.09,9.09,9.09,9.09,9.09,0,0
1624988815,9.085,9.085,9.085,9.085,9.085,2,1
1624988820,9.09,9.09,9.09,9.09,9.09,1,1
1624988825,9.09,9.09,9.085,9.085,9.08545,11,2
1624988830,9.0889,9.0889,9.0889,9.0889,9.0889,2,1
1624988835,9.08,9.09,9.08,9.09,9.08899,9,5
1624988840,9.1,9.1,9.1,9.1,9.1,3,3
1624988845,9.1,9.1,9.1,9.1,9.1,0,0
1624988850,9.1,9.1,9.1,9.1,9.1,1,1
1624988855,9.0928,9.0928,9.0928,9.0928,9.0928,10,1
1624988860,9.0928,9.0928,9.0928,9.0928,9.0928,0,0
1624988865,9.1,9.11,9.1,9.105,9.10194,30,16
1624988870,9.105,9.105,9.105,9.105,9.105,0,0
1624988875,9.105,9.105,9.1,9.1,9.10009,55,3
1624988880,9.1011,9.1013,9.1011,9.1013,9.10116,4,2
1624988885,9.1,9.1,9.1,9.1,9.1,1,1
1624988890,9.1,9.1,9.1,9.1,9.1,0,0
1624988895,9.1,9.1,9.1,9.1,9.1,0,0
1624988900,9.109,9.109,9.109,9.109,9.109,4,1
1624988905,9.1,9.1,9.095,9.1,9.09985,33,17
1624988910,9.0989,9.1,9.0989,9.1,9.09918,4,2
1624988915,9.1,9.1,9.09,9.095,9.09346,8,7
1624988920,9.1,9.1,9.095,9.095,9.0998,115,6
1624988925,9.095,9.1,9.095,9.095,9.09855,37,16
1624988930,9.095,9.095,9.095,9.095,9.095,2,2
1624988935,9.095,9.095,9.095,9.095,9.095,0,0
1624988940,9.095,9.095,9.095,9.095,9.095,1,1
1624988945,9.095,9.095,9.095,9.095,9.095,0,0
1624988950,9.0998,9.0998,9.095,9.095,9.09936,11,2
1624988955,9.1,9.1,9.095,9.095,9.09892,71,16
1624988960,9.09,9.0901,9.09,9.0901,9.09002,5,5
1624988965,9.0901,9.0901,9.0901,9.0901,9.0901,0,0
1624988970,9.095,9.095,9.0917,9.0917,9.09194,14,2
1624988975,9.095,9.095,9.095,9.095,9.095,1,1
1624988980,9.09,9.1,9.09,9.095,9.09143,20,12
1624988985,9.09,9.095,9.09,9.095,9.09423,13,7
1624988990,9.0902,9.1,9.08,9.085,9.08981,236,39
1624988995,9.0883,9.0883,9.085,9.085,9.08775,12,3
1624989000,9.08,9.08,9.07,9.07,9.07795,78,41
1624989005,9.075,9.0777,9.075,9.0777,9.07629,4,2
1624989010,9.07,9.07,9.07,9.07,9.07,1,1
1624989015,9.0774,9.0777,9.0774,9.0777,9.0775,3,2
1624989020,9.0777,9.0777,9.0777,9.0777,9.0777,0,0
1624989025,9.075,9.075,9.075,9.075,9.075,3,1
1624989030,9.08,9.08,9.075,9.08,9.07845,16,12
1624989035,9.08,9.08,9.08,9.08,9.08,0,0
1624989040,9.08,9.08,9.08,9.08,9.08,0,0
1624989045,9.08,9.08,9.08,9.08,9.08,0,0
1624989050,9.07,9.0701,9.07,9.0701,9.07005,5,2
1624989055,9.0799,9.0799,9.0799,9.0799,9.0799,2,1
1624989060,9.0783,9.0783,9.07,9.07,9.07593,7,3
1624989065,9.07,9.07,9.07,9.07,9.07,0,0
1624989070,9.075,9.075,9.075,9.075,9.075,1,1
1624989075,9.08,9.08,9.08,9.08,9.08,4,4
1624989080,9.08,9.08,9.08,9.08,9.08,1,1
1624989085,9.075,9.075,9.071,9.071,9.07377,43,2
1624989090,9.0775,9.0775,9.0775,9.0775,9.0775,2,1
1624989095,9.0775,9.0775,9.0775,9.0775,9.0775,0,0
1624989100,9.0775,9.0775,9.0775,9.0775,9.0775,0,0
1624989105,9.0775,9.0775,9.0775,9.0775,9.0775,0,0
1624989110,9.0706,9.0706,9.065,9.065,9.06988,241,33
1624989115,9.0673,9.0673,9.0673,9.0673,9.0673,1,1
1624989120,9.06,9.0684,9.06,9.0601,9.06475,37,7
1624989125,9.065,9.065,9.065,9.065,9.065,2,1
1624989130,9.06,9.06,9.06,9.06,9.06,30,14
1624989135,9.06,9.06,9.06,9.06,9.06,0,0
1624989140,9.055,9.055,9.055,9.055,9.055,1,1
1624989145,9.055,9.06,9.055,9.0595,9.05843,15,13
1624989150,9.053,9.06,9.053,9.0595,9.05519,15,6
1624989155,9.06,9.06,9.06,9.06,9.06,2,1
1624989160,9.06,9.06,9.06,9.06,9.06,0,0
1624989165,9.06,9.06,9.06,9.06,9.06,0,0
1624989170,9.05,9.06,9.05,9.06,9.05269,74,17
1624989175,9.06,9.06,9.06,9.06,9.06,2,2
1624989180,9.06,9.06,9.06,9.06,9.06,19,6
1624989185,9.07,9.07,9.065,9.07,9.067,5,4
1624989190,9.065,9.065,9.065,9.065,9.065,7,1
1624989195,9.065,9.0693,9.065,9.0693,9.06914,31,2
1624989200,9.07,9.075,9.07,9.075,9.07025,29,13
1624989205,9.07,9.0786,9.07,9.07,9.0728,61,27
1624989210,9.07,9.07,9.07,9.07,9.07,0,0
1624989215,9.0726,9.075,9.0726,9.075,9.07271,21,2
1624989220,9.075,9.075,9.075,9.075,9.075,1,1
1624989225,9.077,9.077,9.077,9.077,9.077,2,1
1624989230,9.077,9.077,9.077,9.077,9.077,0,0
1624989235,9.077,9.077,9.077,9.077,9.077,0,0
1624989240,9.077,9.077,9.077,9.077,9.077,0,0
1624989245,9.07,9.07,9.07,9.07,9.07,62,15
1624989250,9.07,9.07,9.07,9.07,9.07,0,0
1624989255,9.07,9.07,9.07,9.07,9.07,0,0
1624989260,9.0608,9.0608,9.06,9.06,9.06071,9,2
1624989265,9.06,9.06,9.06,9.06,9.06,0,0
1624989270,9.065,9.065,9.065,9.065,9.065,2,1
1624989275,9.065,9.065,9.065,9.065,9.065,0,0
1624989280,9.0673,9.0679,9.065,9.065,9.06732,6,3
1624989285,9.07,9.07,9.0679,9.0679,9.0697,6,2
1624989290,9.0679,9.0679,9.0679,9.0679,9.0679,0,0
1624989295,9.07,9.07,9.065,9.065,9.06842,21,12
1624989300,9.065,9.07,9.065,9.07,9.06524,21,2
1624989305,9.065,9.0689,9.065,9.0689,9.06879,36,2
1624989310,9.0687,9.07,9.065,9.065,9.0686,24,3
1624989315,9.06,9.06,9.055,9.055,9.05982,82,31
1624989320,9.055,9.055,9.055,9.055,9.055,0,0
1624989325,9.055,9.0585,9.055,9.055,9.05715,6,4
1624989330,9.055,9.055,9.055,9.055,9.055,0,0
1624989335,9.055,9.055,9.055,9.055,9.055,0,0
1624989340,9.055,9.055,9.055,9.055,9.055,0,0
1624989345,9.0576,9.0576,9.0576,9.0576,9.0576,1,1
1624989350,9.0584,9.0584,9.0584,9.0584,9.0584,5,1
1624989355,9.06,9.065,9.06,9.06,9.06006,83,38
1624989360,9.06,9.065,9.06,9.065,9.06267,9,6
1624989365,9.06,9.06,9.0589,9.06,9.05978,8,7
1624989370,9.065,9.065,9.065,9.065,9.065,1,1
1624989375,9.065,9.065,9.065,9.065,9.065,0,0
1624989380,9.07,9.07,9.07,9.07,9.07,5,1
1624989385,9.07,9.07,9.07,9.07,9.07,0,0
1624989390,9.0699,9.0699,9.0699,9.0699,9.0699,5,1
1624989395,9.0699,9.0699,9.0699,9.0699,9.0699,0,0
1624989400,9.0699,9.0699,9.0699,9.0699,9.0699,0,0
1624989405,9.0699,9.0699,9.0699,9.0699,9.0699,0,0
1624989410,9.065,9.07,9.065,9.0688,9.06971,25,4
1624989415,9.075,9.075,9.07,9.07,9.07167,3,3
1624989420,9.07,9.07,9.07,9.07,9.07,0,0
1624989425,9.07,9.07,9.07,9.07,9.07,0,0
1624989430,9.07,9.075,9.06,9.065,9.07116,56,11
1624989435,9.065,9.065,9.065,9.065,9.065,0,0
1624989440,9.065,9.065,9.065,9.065,9.065,1,1
1624989445,9.07,9.07,9.0685,9.07,9.06938,12,12
1624989450,9.07,9.07,9.07,9.07,9.07,0,0
1624989455,9.0606,9.0677,9.0606,9.0677,9.06398,2,2
1624989460,9.0683,9.07,9.065,9.07,9.06888,6,6
1624989465,9.07,9.075,9.0699,9.075,9.0702,20,20
1624989470,9.07,9.07,9.07,9.07,9.07,2,2
1624989475,9.0712,9.0712,9.0712,9.0712,9.0712,1,1
1624989480,9.075,9.0777,9.075,9.0777,9.0751,53,5
1624989485,9.075,9.075,9.075,9.075,9.075,3,1
1624989490,9.07,9.07,9.07,9.07,9.07,1,1
1624989495,9.07,9.07,9.07,9.07,9.07,1,1
1624989500,9.08,9.08,9.075,9.075,9.079,5,5
1624989505,9.08,9.08,9.08,9.08,9.08,3,3
1624989510,9.0789,9.08,9.0789,9.08,9.07921,3,2
1624989515,9.08,9.09,9.08,9.08,9.08793,105,12
1624989520,9.08,9.08,9.08,9.08,9.08,2,2
1624989525,9.085,9.085,9.08,9.08,9.08455,11,4
1624989530,9.08,9.08,9.08,9.08,9.08,0,0
1624989535,9.085,9.09,9.08,9.08,9.08811,26,7
1624989540,9.08,9.08,9.08,9.08,9.08,30,14
1624989545,9.075,9.075,9.075,9.075,9.075,1,1
1624989550,9.07,9.07,9.07,9.07,9.07,22,1
1624989555,9.07,9.07,9.07,9.07,9.07,0,0
1624989560,9.07,9.07,9.07,9.07,9.07,0,0
1624989565,9.08,9.08,9.0792,9.0792,9.07944,8,4
1624989570,9.08,9.08,9.0795,9.0795,9.07975,6,4
1624989575,9.08,9.085,9.08,9.085,9.08053,9,7
1624989580,9.08,9.08,9.08,9.08,9.08,8,7
1624989585,9.08,9.08,9.08,9.08,9.08,0,0
1624989590,9.0799,9.0799,9.0799,9.0799,9.0799,20,1
1624989595,9.08,9.08,9.0795,9.0795,9.07975,2,2
1624989600,9.08,9.09,9.08,9.08,9.08185,27,20
1624989605,9.08,9.08,9.08,9.08,9.08,0,0
1624989610,9.08,9.08,9.08,9.08,9.08,27,17
1624989615,9.08,9.08,9.08,9.08,9.08,0,0
1624989620,9.08,9.085,9.08,9.08,9.08121,11,8
1624989625,9.085,9.085,9.085,9.085,9.085,2,1
1624989630,9.085,9.085,9.085,9.085,9.085,0,0
1624989635,9.085,9.1,9.085,9.1,9.09299,1036,243
1624989640,9.1,9.11,9.1,9.1,9.10222,115,52
1624989645,9.1,9.1,9.1,9.1,9.1,1,1
1624989650,9.1,9.1,9.1,9.1,9.1,0,0
1624989655,9.105,9.105,9.1,9.105,9.10007,202,5
1624989660,9.105,9.105,9.1,9.1,9.10047,32,13
1624989665,9.11,9.12,9.105,9.115,9.11278,114,49
1624989670,9.115,9.115,9.115,9.115,9.115,0,0
1624989675,9.115,9.115,9.11,9.11,9.11021,23,12
1624989680,9.11,9.11,9.11,9.11,9.11,3,2
1624989685,9.11,9.11,9.11,9.11,9.11,0,0
1624989690,9.11,9.11,9.11,9.11,9.11,0,0
1624989695,9.11,9.11,9.11,9.11,9.11,14,1
1624989700,9.1086,9.1088,9.105,9.105,9.10829,8,3
1624989705,9.105,9.105,9.105,9.105,9.105,0,0
1624989710,9.105,9.105,9.105,9.105,9.105,0,0
1624989715,9.105,9.105,9.105,9.105,9.105,0,0
1624989720,9.1,9.105,9.1,9.105,9.10183,4,4
1624989725,9.1012,9.105,9.1012,9.105,9.10183,12,3
1624989730,9.1,9.1,9.1,9.1,9.1,1,1
1624989735,9.1,9.1,9.1,9.1,9.1,74,26
1624989740,9.09,9.095,9.0823,9.095,9.09003,72,36
1624989745,9.0981,9.0981,9.09,9.09,9.09742,12,2
1624989750,9.09,9.09,9.09,9.09,9.09,1,1
1624989755,9.09,9.09,9.085,9.09,9.08987,116,27
1624989760,9.095,9.1,9.095,9.1,9.09912,5,5
1624989765,9.0992,9.1,9.0992,9.1,9.09975,24,7
1624989770,9.105,9.105,9.105,9.105,9.105,2,2
1624989775,9.11,9.11,9.101,9.101,9.10343,3,2
1624989780,9.1041,9.105,9.1041,9.105,9.10461,8,2
1624989785,9.1016,9.102,9.1016,9.102,9.10165,40,2
1624989790,9.102,9.102,9.102,9.102,9.102,0,0
1624989795,9.102,9.102,9.102,9.102,9.102,0,0
1624989800,9.102,9.102,9.102,9.102,9.102,0,0
1624989805,9.102,9.102,9.102,9.102,9.102,0,0
1624989810,9.1052,9.1052,9.1,9.1,9.10264,3,2
1624989815,9.1,9.1,9.1,9.1,9.1,0,0
1624989820,9.1,9.1,9.1,9.1,9.1,0,0
1624989825,9.105,9.105,9.105,9.105,9.105,1,1
1624989830,9.105,9.105,9.105,9.105,9.105,0,0
1624989835,9.105,9.105,9.095,9.095,9.10001,56,21
1624989840,9.09,9.0922,9.09,9.0922,9.09204,15,2
1624989845,9.095,9.099,9.09,9.099,9.09625,8,3
1624989850,9.0901,9.0919,9.09,9.09,9.09067,3,3
1624989855,9.091,9.097,9.091,9.097,9.0946,12,2
1624989860,9.09,9.09,9.08,9.08,9.08813,21,8
1624989865,9.08,9.08,9.08,9.08,9.08,29,5
1624989870,9.08,9.08,9.08,9.08,9.08,2,1
1624989875,9.075,9.08,9.07,9.07,9.075,7,7
1624989880,9.07,9.07,9.07,9.07,9.07,0,0
1624989885,9.075,9.08,9.075,9.0774,9.07747,3,3
1624989890,9.07,9.08,9.07,9.075,9.07985,102,3
1624989895,9.078,9.078,9.078,9.078,9.078,5,1
1624989900,9.07,9.08,9.07,9.08,9.075,10,6
1624989905,9.08,9.08,9.07,9.07,9.075,2,2
1624989910,9.0774,9.0774,9.07,9.07,9.07405,8,4
1624989915,9.075,9.075,9.07,9.07,9.07351,5,3
1624989920,9.07,9.07,9.065,9.065,9.06976,42,14
1624989925,9.065,9.065,9.065,9.065,9.065,7,1
1624989930,9.065,9.065,9.065,9.065,9.065,0,0
1624989935,9.065,9.065,9.065,9.065,9.065,0,0
1624989940,9.07,9.075,9.07,9.075,9.07138,5,4
1624989945,9.07,9.07,9.07,9.07,9.07,1,1
1624989950,9.07,9.07,9.07,9.07,9.07,0,0
1624989955,9.07,9.07,9.07,9.07,9.07,0,0
1624989960,9.07,9.07,9.07,9.07,9.07,0,0
1624989965,9.07,9.07,9.07,9.07,9.07,0,0
1624989970,9.08,9.08,9.075,9.08,9.0784,3,3
1624989975,9.075,9.075,9.075,9.075,9.075,5,1
1624989980,9.0706,9.0783,9.0706,9.0783,9.0776,11,2
1624989985,9.0783,9.0783,9.0783,9.0783,9.0783,0,0
1624989990,9.0783,9.0783,9.0783,9.0783,9.0783,0,0
1624989995,9.0783,9.0783,9.0783,9.0783,9.0783,0,0
1624990000,9.08,9.08,9.08,9.08,9.08,1,1
1624990005,9.0727,9.0727,9.0727,9.0727,9.0727,2,1
1624990010,9.0727,9.0727,9.0727,9.0727,9.0727,0,0
1624990015,9.0727,9.0727,9.0727,9.0727,9.0727,0,0
1624990020,9.0727,9.0727,9.0727,9.0727,9.0727,0,0
1624990025,9.075,9.08,9.075,9.08,9.07847,17,6
1624990030,9.08,9.08,9.07,9.07,9.0725,4,3
1624990035,9.0728,9.0728,9.0728,9.0728,9.0728,10,1
1624990040,9.075,9.075,9.075,9.075,9.075,1,1
1624990045,9.075,9.075,9.075,9.075,9.075,0,0
1624990050,9.075,9.075,9.075,9.075,9.075,0,0
1624990055,9.08,9.08,9.07,9.08,9.07777,8,6
1624990060,9.08,9.08,9.08,9.08,9.08,0,0
1624990065,9.078,9.078,9.0714,9.0714,9.072,21,2
1624990070,9.0714,9.0714,9.0714,9.0714,9.0714,0,0
1624990075,9.0714,9.0714,9.0714,9.0714,9.0714,0,0
1624990080,9.08,9.08,9.08,9.08,9.08,1,1
1624990085,9.08,9.09,9.075,9.075,9.08013,199,49
1624990090,9.075,9.0778,9.075,9.075,9.07562,11,5
1624990095,9.075,9.075,9.075,9.075,9.075,0,0
1624990100,9.075,9.08,9.075,9.08,9.078,5,5
1624990105,9.08,9.08,9.08,9.08,9.08,0,0
1624990110,9.08,9.09,9.08,9.09,9.08055,36,14
1624990115,9.085,9.089,9.085,9.089,9.087,2,2
1624990120,9.089,9.089,9.089,9.089,9.089,0,0
1624990125,9.0899,9.09,9.085,9.09,9.08962,19,12
1624990130,9.09,9.09,9.09,9.09,9.09,0,0
1624990135,9.09,9.09,9.09,9.09,9.09,0,0
1624990140,9.08,9.085,9.08,9.08,9.08405,15,7
1624990145,9.085,9.085,9.0817,9.0817,9.08272,6,2
1624990150,9.085,9.085,9.082,9.082,9.08425,4,2
1624990155,9.082,9.082,9.082,9.082,9.082,0,0
1624990160,9.085,9.085,9.085,9.085,9.085,3,2
1624990165,9.0826,9.09,9.0826,9.09,9.08508,32,3
1624990170,9.088,9.088,9.088,9.088,9.088,5,1
1624990175,9.08,9.08,9.08,9.08,9.08,69,20
1624990180,9.075,9.075,9.0745,9.0745,9.0746,25,2
1624990185,9.0745,9.0745,9.0745,9.0745,9.0745,0,0
1624990190,9.075,9.08,9.07,9.08,9.07408,5,4
1624990195,9.08,9.08,9.0799,9.0799,9.0799,36,2
1624990200,9.08,9.08,9.072,9.0777,9.07732,19,11
1624990205,9.0777,9.0777,9.0777,9.0777,9.0777,0,0
1624990210,9.08,9.08,9.0789,9.0789,9.07979,9,4
1624990215,9.0789,9.0789,9.0789,9.0789,9.0789,0,0
1624990220,9.0797,9.08,9.0797,9.08,9.07973,11,2
1624990225,9.08,9.08,9.08,9.08,9.08,0,0
1624990230,9.08,9.09,9.0726,9.09,9.07996,66,17
1624990235,9.09,9.09,9.09,9.09,9.09,1,1
1624990240,9.08,9.085,9.08,9.085,9.084,12,2
1624990245,9.085,9.085,9.085,9.085,9.085,0,0
1624990250,9.085,9.085,9.085,9.085,9.085,0,0
1624990255,9.09,9.09,9.09,9.09,9.09,3,3
1624990260,9.09,9.09,9.09,9.09,9.09,1,1
1624990265,9.09,9.095,9.0899,9.095,9.09017,25,7
1624990270,9.095,9.095,9.095,9.095,9.095,5,2
1624990275,9.095,9.1,9.0908,9.095,9.09113,53,4
1624990280,9.0911,9.1,9.0911,9.1,9.09305,13,3
1624990285,9.095,9.0986,9.095,9.0986,9.0962,3,2
1624990290,9.0915,9.095,9.08,9.08,9.0902,100,38
1624990295,9.085,9.085,9.0837,9.0837,9.08489,12,2
1624990300,9.082,9.09,9.082,9.09,9.086,2,2
1624990305,9.09,9.09,9.09,9.09,9.09,0,0
1624990310,9.0873,9.0873,9.0873,9.0873,9.0873,1,1
1624990315,9.085,9.085,9.08,9.08,9.08167,4,2
1624990320,9.0883,9.0883,9.085,9.085,9.0862,14,2
1624990325,9.08,9.09,9.0795,9.08,9.08043,45,24
1624990330,9.08,9.08,9.08,9.08,9.08,0,0
1624990335,9.08,9.08,9.08,9.08,9.08,0,0
1624990340,9.08,9.08,9.075,9.075,9.07583,6,2
1624990345,9.08,9.08,9.08,9.08,9.08,2,2
1624990350,9.08,9.08,9.08,9.08,9.08,3,3
1624990355,9.079,9.08,9.0788,9.0791,9.07909,18,4
1624990360,9.0791,9.0791,9.0791,9.0791,9.0791,0,0
1624990365,9.08,9.08,9.08,9.08,9.08,4,3
1624990370,9.08,9.08,9.075,9.075,9.07621,6,2
1624990375,9.08,9.08,9.08,9.08,9.08,3,2
1624990380,9.07,9.075,9.06,9.065,9.06996,338,57
1624990385,9.065,9.065,9.065,9.065,9.065,3,2
1624990390,9.065,9.065,9.065,9.065,9.065,0,0
1624990395,9.06,9.07,9.06,9.065,9.06701,47,18
1624990400,9.06,9.065,9.06,9.065,9.06216,8,8
1624990405,9.065,9.065,9.065,9.065,9.065,0,0
1624990410,9.065,9.07,9.065,9.07,9.0675,2,2
1624990415,9.065,9.065,9.065,9.065,9.065,1,1
1624990420,9.065,9.065,9.06,9.065,9.06438,8,3
1624990425,9.065,9.065,9.065,9.065,9.065,0,0
1624990430,9.07,9.07,9.065,9.065,9.06688,8,6
1624990435,9.065,9.07,9.0623,9.0623,9.06486,10,5
1624990440,9.07,9.07,9.065,9.065,9.067,6,4
1624990445,9.07,9.07,9.07,9.07,9.07,1,1
1624990450,9.065,9.065,9.065,9.065,9.065,1,1
1624990455,9.07,9.07,9.07,9.07,9.07,35,18
1624990460,9.075,9.075,9.075,9.075,9.075,14,4
1624990465,9.075,9.075,9.075,9.075,9.075,0,0
1624990470,9.0783,9.0783,9.0783,9.0783,9.0783,5,1
1624990475,9.078,9.078,9.078,9.078,9.078,5,1
1624990480,9.07,9.07,9.07,9.07,9.07,26,15
1624990485,9.07,9.07,9.07,9.07,9.07,0,0
1624990490,9.07,9.07,9.07,9.07,9.07,2,2
1624990495,9.07,9.07,9.07,9.07,9.07,0,0
1624990500,9.07,9.07,9.07,9.07,9.07,0,0
1624990505,9.065,9.065,9.065,9.065,9.065,1,1
1624990510,9.065,9.065,9.065,9.065,9.065,1,1
1624990515,9.066,9.0675,9.066,9.0675,9.06646,7,2
1624990520,9.07,9.07,9.07,9.07,9.07,1,1
1624990525,9.07,9.07,9.07,9.07,9.07,0,0
1624990530,9.07,9.07,9.07,9.07,9.07,0,0
1624990535,9.06,9.06,9.06,9.06,9.06,1,1
1624990540,9.07,9.07,9.07,9.07,9.07,1,1
1624990545,9.07,9.07,9.07,9.07,9.07,11,2
1624990550,9.07,9.07,9.07,9.07,9.07,0,0
1624990555,9.06,9.06,9.06,9.06,9.06,98,34
1624990560,9.055,9.0584,9.055,9.0584,9.0567,2,2
1624990565,9.0573,9.0573,9.0573,9.0573,9.0573,1,1
1624990570,9.0573,9.06,9.0573,9.06,9.0591,3,3
1624990575,9.0526,9.0526,9.0526,9.0526,9.0526,1,1
1624990580,9.06,9.06,9.06,9.06,9.06,25,13
1624990585,9.06,9.06,9.055,9.055,9.05925,7,6
1624990590,9.055,9.055,9.055,9.055,9.055,0,0
1624990595,9.055,9.055,9.05,9.05,9.05002,239,51
1624990600,9.05,9.05,9.05,9.05,9.05,0,0
1624990605,9.05,9.05,9.05,9.05,9.05,10,8
1624990610,9.05,9.05,9.05,9.05,9.05,1,1
1624990615,9.05,9.058,9.05,9.055,9.05705,13,3
1624990620,9.05,9.05,9.0473,9.0473,9.04992,34,12
1624990625,9.0473,9.0473,9.0473,9.0473,9.0473,0,0
1624990630,9.05,9.05,9.05,9.05,9.05,1,1
1624990635,9.045,9.0499,9.0421,9.0421,9.04613,7,6
1624990640,9.0421,9.0421,9.0421,9.0421,9.0421,0,0
1624990645,9.045,9.045,9.045,9.045,9.045,6,2
1624990650,9.045,9.045,9.045,9.045,9.045,0,0
1624990655,9.045,9.045,9.045,9.045,9.045,0,0
1624990660,9.045,9.045,9.045,9.045,9.045,0,0
1624990665,9.045,9.045,9.045,9.045,9.045,0,0
1624990670,9.0493,9.0493,9.045,9.045,9.04926,101,2
1624990675,9.045,9.045,9.0412,9.045,9.04277,34,4
1624990680,9.04,9.04,9.03,9.03,9.03808,174,35
1624990685,9.0373,9.0373,9.0373,9.0373,9.0373,1,1
1624990690,9.03,9.0327,9.025,9.025,9.03111,131,19
1624990695,9.02,9.03,9.0114,9.03,9.02025,304,90
1624990700,9.0287,9.03,9.0287,9.03,9.02981,7,3
1624990705,9.03,9.03,9.025,9.025,9.0285,10,5
1624990710,9.02,9.025,9.01,9.0199,9.01166,590,116
1624990715,9.01,9.0173,9.01,9.0173,9.01111,33,6
1624990720,9.015,9.015,9.01,9.01,9.01455,11,2
1624990725,9.015,9.015,9.0,9.01,9.0043,119,27
1624990730,9.005,9.0088,9.0019,9.0019,9.00351,21,3
1624990735,9.0026,9.0026,9.0026,9.0026,9.0026,1,1
1624990740,9.0088,9.0088,9.0,9.005,9.00575,16,4
1624990745,9.005,9.005,9.005,9.005,9.005,0,0
1624990750,9.0064,9.01,9.0064,9.01,9.0082,2,2
1624990755,9.005,9.005,9.005,9.005,9.005,2,2
1624990760,9.005,9.005,9.005,9.005,9.005,0,0
1624990765,9.0,9.005,9.0,9.005,9.00056,9,2
1624990770,9.0026,9.0026,9.0026,9.0026,9.0026,1,1
1624990775,9.0073,9.0089,9.005,9.005,9.00873,31,3
1624990780,9.0073,9.01,9.0,9.01,9.00944,160,51
1624990785,9.01,9.015,9.0088,9.015,9.01001,34,19
1624990790,9.0194,9.0194,9.012,9.015,9.01438,17,4
1624990795,9.015,9.015,9.015,9.015,9.015,1,1
1624990800,9.01,9.015,9.01,9.01,9.01032,108,6
1624990805,9.0199,9.0199,9.01,9.01,9.01175,8,6
1624990810,9.01,9.01,9.005,9.0099,9.00987,67,14
1624990815,9.0095,9.0095,9.005,9.005,9.00944,152,3
1624990820,9.01,9.01,9.005,9.005,9.00868,109,9
1624990825,9.005,9.005,9.0022,9.0022,9.00269,12,3
1624990830,9.005,9.005,9.0,9.001,9.00247,8,7
1624990835,9.01,9.01,9.0,9.0091,9.00591,10,6
1624990840,9.0,9.0058,9.0,9.0058,9.00483,12,2
1624990845,9.0,9.01,9.0,9.01,9.00251,54,17
1624990850,9.0,9.0063,9.0,9.0,9.0042,15,6
1624990855,9.01,9.01,9.005,9.005,9.00842,16,15
1624990860,9.01,9.01,9.005,9.005,9.006,5,3
1624990865,9.005,9.015,9.005,9.0113,9.00996,51,25
1624990870,9.0199,9.0199,9.015,9.015,9.01745,2,2
1624990875,9.02,9.02,9.015,9.015,9.01881,10,7
1624990880,9.02,9.02,9.02,9.02,9.02,11,1
1624990885,9.0184,9.02,9.0184,9.02,9.01979,23,2
1624990890,9.015,9.015,9.015,9.015,9.015,1,1
1624990895,9.015,9.015,9.015,9.015,9.015,0,0
1624990900,9.0173,9.018,9.0,9.005,9.01053,37,17
1624990905,9.0,9.0,9.0,9.0,9.0,2,1
1624990910,9.0073,9.0073,9.0,9.005,9.0028,30,6
1624990915,9.005,9.01,9.005,9.009,9.0092,24,8
1624990920,9.005,9.0056,9.0,9.0056,9.00454,18,5
1624990925,9.005,9.005,9.005,9.005,9.005,4,1
1624990930,9.01,9.01,9.0,9.01,9.00899,112,41
1624990935,9.01,9.01,9.0098,9.01,9.01,45,21
1624990940,9.015,9.015,9.015,9.015,9.015,10,6
1624990945,9.01,9.015,9.01,9.015,9.01204,14,8
1624990950,9.015,9.018,9.01,9.018,9.01563,16,3
1624990955,9.0174,9.02,9.015,9.02,9.01571,20,7
1624990960,9.02,9.02,9.0146,9.015,9.01782,28,8
1624990965,9.01,9.02,9.01,9.02,9.015,7,3
1624990970,9.02,9.02,9.015,9.02,9.0199,52,22
1624990975,9.02,9.02,9.02,9.02,9.02,24,16
1624990980,9.02,9.02,9.02,9.02,9.02,1,1
1624990985,9.02,9.02,9.02,9.02,9.02,1,1
1624990990,9.01,9.01,9.01,9.01,9.01,133,24
1624990995,9.01,9.01,9.01,9.01,9.01,0,0
1624991000,9.01,9.01,9.0,9.0,9.00173,123,4
1624991005,9.0099,9.0099,9.005,9.005,9.00723,22,3
1624991010,9.01,9.015,9.01,9.0116,9.01108,39,11
1624991015,9.02,9.02,9.015,9.015,9.01959,12,2
1624991020,9.01,9.019,9.01,9.019,9.01692,4,2
1624991025,9.019,9.019,9.019,9.019,9.019,0,0
1624991030,9.019,9.019,9.019,9.019,9.019,0,0
1624991035,9.0199,9.0199,9.015,9.015,9.01565,15,3
1624991040,9.0149,9.0149,9.0149,9.0149,9.0149,47,1
1624991045,9.015,9.0173,9.015,9.015,9.01538,6,3
1624991050,9.01,9.01,9.01,9.01,9.01,10,1
1624991055,9.01,9.01,9.01,9.01,9.01,0,0
1624991060,9.01,9.01,9.01,9.01,9.01,1,1
1624991065,9.015,9.015,9.015,9.015,9.015,4,2
1624991070,9.015,9.015,9.015,9.015,9.015,0,0
1624991075,9.0125,9.015,9.0114,9.0114,9.01171,23,3
1624991080,9.0114,9.0114,9.0114,9.0114,9.0114,0,0
1624991085,9.01,9.015,9.01,9.015,9.01104,12,2
1624991090,9.02,9.02,9.02,9.02,9.02,1,1
1624991095,9.015,9.015,9.015,9.015,9.015,1,1
1624991100,9.01,9.015,9.01,9.01,9.01128,4,3
1624991105,9.01,9.01,9.01,9.01,9.01,1,1
1624991110,9.0183,9.0183,9.015,9.015,9.018,11,2
1624991115,9.015,9.015,9.015,9.015,9.015,1,1
1624991120,9.0101,9.02,9.01,9.02,9.01402,5,4
1624991125,9.01,9.01,9.01,9.01,9.01,1,1
1624991130,9.0183,9.0183,9.01,9.015,9.0124,46,15
1624991135,9.015,9.018,9.01,9.01,9.01591,11,3
1624991140,9.015,9.015,9.01,9.01,9.0125,6,4
1624991145,9.01,9.01,9.01,9.01,9.01,0,0
1624991150,9.02,9.02,9.015,9.015,9.01744,2,2
1624991155,9.0186,9.0186,9.0186,9.0186,9.0186,20,1
1624991160,9.01,9.01,9.01,9.01,9.01,33,11
1624991165,9.01,9.01,9.01,9.01,9.01,0,0
1624991170,9.0194,9.0194,9.0194,9.0194,9.0194,1,1
1624991175,9.02,9.02,9.0199,9.0199,9.01991,11,2
1624991180,9.015,9.015,9.015,9.015,9.015,3,2
1624991185,9.018,9.018,9.018,9.018,9.018,5,1
1624991190,9.015,9.015,9.015,9.015,9.015,1,1
1624991195,9.015,9.015,9.015,9.015,9.015,4,2
1624991200,9.02,9.02,9.0174,9.02,9.01874,3,3
1624991205,9.0101,9.0101,9.01,9.01,9.0101,21,2
1624991210,9.0105,9.0199,9.0105,9.0199,9.01207,12,2
1624991215,9.015,9.015,9.015,9.015,9.015,6,2
1624991220,9.015,9.015,9.015,9.015,9.015,0,0
1624991225,9.015,9.015,9.012,9.012,9.0135,2,2
1624991230,9.02,9.02,9.0117,9.0183,9.01577,26,4
1624991235,9.0183,9.0183,9.0183,9.0183,9.0183,0,0
1624991240,9.015,9.015,9.015,9.015,9.015,1,1
1624991245,9.01,9.015,9.01,9.015,9.0125,2,2
1624991250,9.018,9.018,9.015,9.015,9.0165,2,2
1624991255,9.02,9.02,9.01,9.02,9.01438,25,8
1624991260,9.015,9.015,9.015,9.015,9.015,4,3
1624991265,9.015,9.02,9.015,9.02,9.01944,13,2
1624991270,9.0188,9.0188,9.01,9.01,9.01841,32,3
1624991275,9.02,9.02,9.01,9.015,9.0176,8,4
1624991280,9.0101,9.0179,9.0101,9.0179,9.01266,8,3
1624991285,9.02,9.02,9.015,9.015,9.0175,2,2
1624991290,9.015,9.015,9.0118,9.0118,9.01218,8,2
1624991295,9.015,9.015,9.015,9.015,9.015,2,2
1624991300,9.02,9.02,9.015,9.016,9.01728,18,9
1624991305,9.015,9.02,9.015,9.02,9.017,5,4
1624991310,9.015,9.02,9.015,9.02,9.0175,2,2
1624991315,9.02,9.025,9.015,9.02,9.01992,424,47
1624991320,9.025,9.025,9.02,9.025,9.02327,51,24
1624991325,9.025,9.025,9.025,9.025,9.025,3,1
1624991330,9.02,9.023,9.02,9.023,9.02273,11,2
1624991335,9.02,9.02,9.01,9.02,9.01956,45,18
1624991340,9.02,9.02,9.01,9.01,9.015,3,3
1624991345,9.0178,9.0178,9.0178,9.0178,9.0178,3,1
1624991350,9.01,9.01,9.01,9.01,9.01,1,1
1624991355,9.0199,9.0199,9.01,9.0127,9.01438,4,4
1624991360,9.0174,9.018,9.005,9.005,9.01012,302,44
1624991365,9.005,9.005,8.995,9.0,9.00026,1144,285
1624991370,9.0,9.0,8.99,8.999,8.99775,77,21
1624991375,8.9974,9.0,8.9974,9.0,8.99877,3,3
1624991380,8.995,8.995,8.995,8.995,8.995,1,1
1624991385,8.995,8.995,8.995,8.995,8.995,0,0
1624991390,8.9982,8.9982,8.9926,8.9926,8.9948,8,3
1624991395,8.9984,8.9984,8.9982,8.9982,8.99838,9,2
1624991400,8.9999,8.9999,8.995,8.995,8.99827,3,2
1624991405,9.0,9.0,8.998,9.0,8.99819,28,4
1624991410,8.995,9.01,8.995,9.01,8.999,136,32
1624991415,9.0073,9.0073,9.0073,9.0073,9.0073,1,1
1624991420,9.005,9.005,9.0,9.005,9.003,5,3
1624991425,9.0,9.01,9.0,9.01,9.00857,14,9
1624991430,9.005,9.01,9.005,9.01,9.00571,7,2
1624991435,9.005,9.005,9.005,9.005,9.005,1,1
1624991440,9.01,9.01,9.01,9.01,9.01,11,2
1624991445,9.01,9.01,9.01,9.01,9.01,0,0
1624991450,9.008,9.01,9.005,9.01,9.00786,7,3
1624991455,9.005,9.0079,9.005,9.0079,9.00558,5,2
1624991460,9.01,9.015,9.005,9.015,9.00986,72,31
1624991465,9.0187,9.0187,9.0133,9.015,9.01626,42,4
1624991470,9.01,9.02,9.01,9.02,9.01521,18,14
1624991475,9.02,9.02,9.0121,9.0121,9.01804,18,9
1624991480,9.0172,9.0172,9.0172,9.0172,9.0172,1,1
1624991485,9.0199,9.0199,9.0199,9.0199,9.0199,5,1
1624991490,9.02,9.02,9.02,9.02,9.02,2,1
1624991495,9.0199,9.0199,9.0199,9.0199,9.0199,1,1
1624991500,9.015,9.015,9.015,9.015,9.015,1,1
1624991505,9.02,9.025,9.02,9.02,9.02005,105,34
1624991510,9.02,9.02,9.02,9.02,9.02,0,0
1624991515,9.02,9.02,9.0187,9.0187,9.01957,3,3
1624991520,9.02,9.02,9.02,9.02,9.02,22,12
1624991525,9.02,9.02,9.02,9.02,9.02,9,5
1624991530,9.0211,9.03,9.02,9.03,9.02378,19,7
1624991535,9.03,9.03,9.03,9.03,9.03,0,0
1624991540,9.0281,9.0281,9.0281,9.0281,9.0281,2,1
1624991545,9.025,9.025,9.025,9.025,9.025,2,1
1624991550,9.02,9.02,9.01,9.015,9.0196,113,42
1624991555,9.01,9.01,9.0,9.0,9.00151,84,21
1624991560,9.0,9.0,9.0,9.0,9.0,132,8
1624991565,9.0,9.0,9.0,9.0,9.0,4,4
1624991570,9.0,9.0088,9.0,9.001,9.0068,42,7
1624991575,9.0,9.007,9.0,9.007,9.0056,5,2
1624991580,9.005,9.005,9.0011,9.0011,9.00175,24,2
1624991585,9.0,9.0077,8.995,8.995,8.99976,91,33
1624991590,8.995,8.995,8.995,8.995,8.995,0,0
1624991595,8.99,8.9999,8.99,8.9999,8.99892,11,2
1624991600,9.0,9.0,8.99,8.9924,8.99424,15,6
1624991605,8.99,8.9999,8.99,8.9999,8.99238,25,12
1624991610,8.9999,8.9999,8.9999,8.9999,8.9999,0,0
1624991615,8.998,8.9999,8.998,8.9999,8.99848,6,2
1624991620,8.9974,9.0,8.9974,9.0,8.9987,2,2
1624991625,8.9932,9.0,8.9932,9.0,8.99547,4,2
1624991630,8.99,8.995,8.99,8.992,8.99213,40,3
1624991635,8.995,9.0,8.993,9.0,8.9969,10,3
1624991640,9.0,9.0,9.0,9.0,9.0,0,0
1624991645,8.9955,8.9993,8.9955,8.9974,8.99889,23,3
1624991650,9.0,9.005,8.995,9.005,9.00011,181,52
1624991655,9.005,9.0074,9.005,9.0074,9.00548,5,2
1624991660,9.005,9.005,9.0,9.0,9.00417,12,6
1624991665,9.0,9.0,9.0,9.0,9.0,0,0
1624991670,9.005,9.005,9.0,9.0,9.0025,2,2
1624991675,9.0,9.0,9.0,9.0,9.0,42,20
1624991680,8.995,8.995,8.995,8.995,8.995,5,2
1624991685,9.0,9.0,8.995,8.995,8.99885,21,8
1624991690,9.0,9.0,8.995,8.995,8.99946,209,58
1624991695,9.0057,9.0057,8.9925,8.9925,8.99993,613,28
1624991700,8.99,8.995,8.99,8.995,8.99278,16,5
1624991705,8.995,8.995,8.995,8.995,8.995,0,0
1624991710,8.9974,8.9974,8.985,8.985,8.99002,113,37
1624991715,8.985,8.985,8.985,8.985,8.985,0,0
1624991720,8.9893,8.9893,8.9893,8.9893,8.9893,4,1
1624991725,8.9893,8.9893,8.9893,8.9893,8.9893,0,0
1624991730,8.9881,8.9894,8.9881,8.9894,8.98908,4,2
1624991735,8.985,8.985,8.975,8.985,8.98005,427,76
1624991740,8.9899,8.995,8.9899,8.99,8.9913,23,14
1624991745,8.99,8.995,8.9822,8.9822,8.98959,50,23
1624991750,8.9822,8.9822,8.9822,8.9822,8.9822,0,0
1624991755,8.9884,8.9884,8.98,8.985,8.98156,39,5
1624991760,8.9886,8.9886,8.9886,8.9886,8.9886,3,1
1624991765,8.985,8.995,8.985,8.99,8.98897,29,9
1624991770,8.9886,8.99,8.985,8.99,8.98605,13,4
1624991775,8.98,8.98,8.975,8.975,8.97891,50,26
1624991780,8.97,8.9781,8.97,8.9781,8.97158,96,18
1624991785,8.9779,8.98,8.97,8.97,8.97772,14,6
1624991790,8.97,8.97,8.97,8.97,8.97,0,0
1624991795,8.9788,8.9788,8.9723,8.9723,8.97555,2,2
1624991800,8.9723,8.9723,8.9723,8.9723,8.9723,0,0
1624991805,8.975,8.98,8.9705,8.98,8.9733,23,22
1624991810,8.98,8.98,8.9791,8.9791,8.97925,6,2
1624991815,8.9799,8.9799,8.9764,8.9799,8.97722,9,3
1624991820,8.975,8.9797,8.9701,8.977,8.97389,18,4
1624991825,8.975,8.975,8.975,8.975,8.975,3,2
1624991830,8.9799,8.9799,8.975,8.975,8.97577,14,4
1624991835,8.975,8.99,8.975,8.99,8.98202,96,35
1624991840,8.99,8.9916,8.99,8.9916,8.99034,23,8
1624991845,8.9999,8.9999,8.995,8.995,8.99745,2,2
1624991850,8.9912,8.995,8.99,8.99,8.9916,10,3
1624991855,8.995,8.995,8.995,8.995,8.995,1,1
1624991860,8.9974,8.9974,8.9974,8.9974,8.9974,1,1
1624991865,8.995,8.995,8.995,8.995,8.995,4,2
1624991870,8.995,8.995,8.99,8.99,8.99009,54,26
1624991875,8.99,8.99,8.99,8.99,8.99,0,0
1624991880,8.99,8.99,8.99,8.99,8.99,0,0
1624991885,8.99,8.99,8.99,8.99,8.99,24,6
1624991890,8.99,8.99,8.99,8.99,8.99,0,0
1624991895,8.98,8.98,8.98,8.98,8.98,20,1
1624991900,8.985,8.99,8.985,8.99,8.98962,19,11
1624991905,8.999,9.0,8.99,8.99,8.99374,17,7
1624991910,8.9899,8.9899,8.98,8.98,8.98071,14,4
1624991915,8.98,8.98,8.98,8.98,8.98,0,0
1624991920,8.9894,8.9894,8.98,8.98,8.98931,101,2
1624991925,8.9815,8.9882,8.9815,8.9882,8.98738,13,2
1624991930,8.9882,8.9882,8.9882,8.9882,8.9882,0,0
1624991935,8.98,8.9832,8.98,8.9832,8.98213,3,2
1624991940,8.99,8.99,8.9894,8.9894,8.98958,15,4
1624991945,8.99,8.995,8.99,8.995,8.99148,10,8
1624991950,8.995,8.995,8.995,8.995,8.995,0,0
1624991955,9.0,9.0,9.0,9.0,9.0,1,1
1624991960,9.0,9.0,8.99,8.99,8.99842,86,26
1624991965,8.995,9.0,8.99,8.99,8.99065,27,14
1624991970,8.99,8.99,8.985,8.985,8.98988,41,5
1624991975,8.9816,8.99,8.9816,8.99,8.98259,17,2
1624991980,8.99,8.99,8.9819,8.9819,8.98738,34,4
1624991985,8.9819,8.9819,8.9819,8.9819,8.9819,0,0
1624991990,8.9827,8.9899,8.9827,8.9899,8.98747,3,2
1624991995,8.9899,8.9899,8.9899,8.9899,8.9899,0,0
1624992000,8.9882,8.9882,8.9882,8.9882,8.9882,10,1
1624992005,8.9863,8.9863,8.985,8.985,8.98524,6,2
1624992010,8.9885,8.9885,8.9885,8.9885,8.9885,1,1
1624992015,8.9885,8.9885,8.9885,8.9885,8.9885,0,0
1624992020,8.99,8.99,8.98,8.98,8.98625,8,2
1624992025,8.98,8.98,8.98,8.98,8.98,0,0
1624992030,8.985,8.99,8.985,8.99,8.9875,2,2
1624992035,8.985,8.985,8.985,8.985,8.985,2,1
1624992040,8.985,8.985,8.985,8.985,8.985,0,0
1624992045,8.99,8.99,8.9825,8.9825,8.98877,13,9
1624992050,8.9887,8.99,8.9887,8.99,8.98935,2,2
1624992055,8.985,8.985,8.985,8.985,8.985,1,1
1624992060,8.99,8.99,8.975,8.975,8.98012,207,48
1624992065,8.975,8.975,8.975,8.975,8.975,0,0
1624992070,8.975,8.975,8.975,8.975,8.975,8,3
1624992075,8.97,8.979,8.97,8.97,8.97321,87,23
1624992080,8.975,8.975,8.975,8.975,8.975,5,5
1624992085,8.975,8.975,8.975,8.975,8.975,0,0
1624992090,8.9701,8.9701,8.9701,8.9701,8.9701,1,1
1624992095,8.98,8.98,8.97,8.97,8.97267,3,2
1624992100,8.975,8.975,8.975,8.975,8.975,1,1
1624992105,8.9788,8.98,8.9787,8.98,8.97989,48,18
1624992110,8.985,8.9872,8.985,8.9872,8.98593,23,2
1624992115,8.9876,8.9876,8.9876,8.9876,8.9876,2,1
1624992120,8.99,8.99,8.99,8.99,8.99,1,1
1624992125,8.99,8.9941,8.99,8.9941,8.9906,40,15
1624992130,8.9941,8.9941,8.9941,8.9941,8.9941,0,0
1624992135,8.9941,8.9941,8.9941,8.9941,8.9941,0,0
1624992140,8.9941,8.9941,8.9941,8.9941,8.9941,0,0
1624992145,9.0,9.0,8.9901,8.999,8.99957,51,19
1624992150,8.9999,9.0,8.995,9.0,8.9973,11,4
1624992155,8.9999,8.9999,8.995,8.9974,8.99731,12,3
1624992160,8.9999,8.9999,8.9999,8.9999,8.9999,1,1
1624992165,9.0,9.0,8.9913,8.9913,8.99242,28,4
1624992170,8.9913,8.9913,8.9913,8.9913,8.9913,0,0
1624992175,8.9913,8.9913,8.9913,8.9913,8.9913,0,0
1624992180,8.9986,9.0,8.9986,8.9997,8.99922,22,3
1624992185,8.9901,8.9982,8.9901,8.995,8.9938,32,4
1624992190,8.995,9.005,8.995,9.005,9.00037,124,48
1624992195,9.005,9.005,8.99,8.995,8.99944,235,53
1624992200,8.99,8.99,8.99,8.99,8.99,5,1
1624992205,9.0,9.0,8.9825,8.9825,8.99165,59,23
1624992210,8.99,8.99,8.9885,8.9885,8.98889,13,4
1624992215,8.9885,8.9885,8.9885,8.9885,8.9885,0,0
1624992220,8.9896,8.9896,8.9896,8.9896,8.9896,1,1
1624992225,8.985,8.99,8.985,8.99,8.98947,327,46
1624992230,8.99,8.995,8.99,8.995,8.99079,44,13
1624992235,8.995,8.995,8.995,8.995,8.995,0,0
1624992240,9.0,9.0,8.9991,9.0,8.99996,52,22
1624992245,9.0099,9.015,9.0,9.015,9.00876,43,20
1624992250,9.015,9.015,9.015,9.015,9.015,0,0
1624992255,9.015,9.015,9.015,9.015,9.015,1,1
1624992260,9.015,9.015,9.015,9.015,9.015,2,2
1624992265,9.02,9.03,9.02,9.0285,9.0262,27,12
1624992270,9.021,9.021,9.021,9.021,9.021,10,1
1624992275,9.021,9.021,9.021,9.021,9.021,0,0
1624992280,9.0201,9.0279,9.0201,9.0279,9.02284,7,2
1624992285,9.025,9.0273,9.025,9.0273,9.02558,4,3
1624992290,9.025,9.0299,9.025,9.0299,9.02678,11,4
1624992295,9.0299,9.0299,9.0299,9.0299,9.0299,0,0
1624992300,9.0299,9.0299,9.0299,9.0299,9.0299,0,0
1624992305,9.023,9.023,9.015,9.015,9.01988,58,24
1624992310,9.015,9.015,9.015,9.015,9.015,1,1
1624992315,9.0174,9.0174,9.0174,9.0174,9.0174,1,1
1624992320,9.01,9.01,9.005,9.005,9.00942,17,10
1624992325,9.0,9.0,8.995,8.995,8.99982,164,30
1624992330,8.99,8.99,8.985,8.985,8.98986,110,12
1624992335,8.9895,9.0,8.9895,8.995,8.99836,317,68
1624992340,8.995,8.9992,8.9907,8.9992,8.99443,26,5
1624992345,9.0,9.0,8.995,8.995,8.9999,51,2
1624992350,8.9982,9.01,8.9982,9.005,9.00048,78,39
1624992355,9.005,9.005,9.005,9.005,9.005,10,6
1624992360,9.005,9.005,9.005,9.005,9.005,0,0
1624992365,9.0097,9.02,9.0097,9.015,9.01303,25,23
1624992370,9.01,9.02,9.005,9.005,9.01108,16,9
1624992375,9.005,9.005,9.005,9.005,9.005,3,2
1624992380,9.005,9.005,9.005,9.005,9.005,0,0
1624992385,9.0,9.0,8.995,9.0,8.99987,37,8
1624992390,8.995,9.01,8.995,9.01,9.00197,40,19
1624992395,9.005,9.005,9.005,9.005,9.005,2,2
1624992400,9.0,9.005,9.0,9.005,9.00286,7,6
1624992405,9.005,9.005,9.005,9.005,9.005,0,0
1624992410,9.005,9.005,9.005,9.005,9.005,2,2
1624992415,9.0,9.0,9.0,9.0,9.0,1,1
1624992420,9.01,9.018,9.01,9.018,9.0103,26,15
1624992425,9.015,9.02,9.0123,9.0173,9.01901,33,5
1624992430,9.015,9.015,9.01,9.01,9.01049,10,10
1624992435,9.015,9.015,9.01,9.015,9.01417,6,6
1624992440,9.015,9.015,9.0116,9.0116,9.01181,16,2
1624992445,9.0137,9.0137,9.0126,9.0126,9.01333,6,2
1624992450,9.015,9.015,9.015,9.015,9.015,2,1
1624992455,9.0199,9.0199,9.01,9.01,9.0133,3,2
1624992460,9.01,9.01,9.01,9.01,9.01,30,12
1624992465,9.01,9.01,9.01,9.01,9.01,5,5
1624992470,9.0,9.0,8.991,8.991,8.99944,108,31
1624992475,8.995,8.995,8.995,8.995,8.995,1,1
1624992480,8.995,8.995,8.995,8.995,8.995,0,0
1624992485,8.99,9.0,8.99,9.0,8.99833,12,6
1624992490,9.0,9.0,9.0,9.0,9.0,0,0
1624992495,9.0,9.009,9.0,9.009,9.00008,236,23
1624992500,9.009,9.009,9.009,9.009,9.009,0,0
1624992505,9.0001,9.005,9.0001,9.005,9.0015,3,2
1624992510,9.005,9.005,9.0001,9.005,9.00417,14,5
1624992515,9.01,9.01,9.005,9.0099,9.00953,25,4
1624992520,9.005,9.005,9.005,9.005,9.005,1,1
1624992525,9.005,9.005,9.0,9.005,9.00417,18,7
1624992530,9.0,9.0073,9.0,9.005,9.00443,4,4
1624992535,9.0,9.0,8.99,8.99,8.99978,44,23
1624992540,8.991,8.995,8.991,8.995,8.99273,3,3
1624992545,8.995,8.995,8.995,8.995,8.995,0,0
1624992550,8.99,9.0,8.99,9.0,8.99807,21,5
1624992555,8.995,9.0,8.995,8.995,8.9975,4,4
1624992560,8.995,8.995,8.995,8.995,8.995,0,0
1624992565,9.0,9.0,9.0,9.0,9.0,2,2
1624992570,9.0,9.0,8.9992,8.9992,8.9996,2,2
1624992575,8.9992,8.9992,8.9992,8.9992,8.9992,0,0
1624992580,8.99,8.995,8.985,8.99,8.99022,214,68
1624992585,8.9885,8.99,8.985,8.99,8.98739,14,5
1624992590,8.985,8.985,8.985,8.985,8.985,7,5
1624992595,8.985,8.985,8.985,8.985,8.985,3,3
1624992600,8.98,8.985,8.98,8.985,8.98413,5,4
1624992605,8.985,8.99,8.985,8.99,8.9861,9,7
1624992610,8.9879,8.9978,8.9879,8.995,8.99041,128,16
1624992615,8.99,8.995,8.99,8.995,8.99278,9,8
1624992620,8.995,8.995,8.99,8.995,8.99214,7,6
1624992625,8.99,8.9973,8.99,8.99,8.99314,15,11
1624992630,8.99,8.99,8.99,8.99,8.99,0,0
1624992635,8.99,8.99,8.99,8.99,8.99,0,0
1624992640,8.99,8.9974,8.99,8.9974,8.99242,6,4
1624992645,8.99,8.99,8.985,8.9875,8.98979,35,18
1624992650,8.9816,8.9899,8.975,8.975,8.98005,96,25
1624992655,8.98,8.98,8.9701,8.9701,8.97846,67,5
1624992660,8.97,8.97,8.97,8.97,8.97,26,1
1624992665,8.98,8.98,8.975,8.98,8.97848,22,10
1624992670,8.98,8.99,8.98,8.99,8.98064,47,11
1624992675,8.9883,8.9883,8.9883,8.9883,8.9883,1,1
1624992680,8.9883,8.9883,8.9883,8.9883,8.9883,0,0
1624992685,8.9883,8.9883,8.9883,8.9883,8.9883,0,0
1624992690,8.99,8.995,8.99,8.995,8.99226,28,11
1624992695,8.9979,8.9979,8.9979,8.9979,8.9979,1,1
1624992700,8.99,8.99,8.99,8.99,8.99,11,9
1624992705,8.9858,8.9858,8.9852,8.9854,8.9854,30,3
1624992710,8.9878,8.9878,8.98,8.98,8.9839,2,2
1624992715,8.98,8.99,8.98,8.99,8.985,2,2
1624992720,8.989,8.989,8.975,8.98,8.98036,19,15
1624992725,8.98,8.98,8.9781,8.9781,8.97901,11,5
1624992730,8.98,8.98,8.98,8.98,8.98,10,1
1624992735,8.98,8.98,8.98,8.98,8.98,1,1
1624992740,8.98,8.98,8.98,8.98,8.98,0,0
1624992745,8.98,8.98,8.98,8.98,8.98,5,4
1624992750,8.98,8.98,8.98,8.98,8.98,0,0
1624992755,8.975,8.98,8.975,8.9799,8.9796,21,17
1624992760,8.9768,8.9768,8.9768,8.9768,8.9768,3,1
1624992765,8.9783,8.9783,8.9783,8.9783,8.9783,2,1
1624992770,8.9783,8.9783,8.9783,8.9783,8.9783,0,0
1624992775,8.9783,8.9783,8.9783,8.9783,8.9783,0,0
1624992780,8.98,8.98,8.975,8.979,8.97977,25,14
1624992785,8.9716,8.9716,8.9716,8.9716,8.9716,15,1
1624992790,8.9779,8.9779,8.9713,8.9713,8.97161,21,2
1624992795,8.98,8.98,8.98,8.98,8.98,1,1
1624992800,8.98,8.98,8.98,8.98,8.98,0,0
1624992805,8.98,8.98,8.98,8.98,8.98,0,0
1624992810,8.9799,8.9799,8.975,8.975,8.97663,3,2
1624992815,8.975,8.975,8.975,8.975,8.975,0,0
1624992820,8.9786,8.98,8.97,8.98,8.97713,6,3
1624992825,8.985,8.985,8.985,8.985,8.985,1,1
1624992830,8.9874,8.9874,8.9874,8.9874,8.9874,1,1
1624992835,8.98,8.99,8.98,8.985,8.98489,13,6
1624992840,8.985,8.985,8.98,8.98,8.98222,9,3
1624992845,8.98,8.98,8.98,8.98,8.98,0,0
1624992850,8.9877,8.9877,8.985,8.985,8.98562,6,5
1624992855,8.9801,8.9873,8.98,8.9873,8.98023,58,5
1624992860,8.99,8.99,8.99,8.99,8.99,11,1
1624992865,8.9813,8.9813,8.9813,8.9813,8.9813,2,1
1624992870,8.9813,8.9813,8.9813,8.9813,8.9813,0,0
1624992875,8.9899,8.9899,8.98,8.98,8.98351,2,2
1624992880,8.98,8.98,8.98,8.98,8.98,0,0
1624992885,8.98,8.98,8.98,8.98,8.98,0,0
1624992890,8.98,8.98,8.98,8.98,8.98,0,0
1624992895,8.9885,8.9886,8.9885,8.9886,8.98852,6,2
1624992900,8.985,8.985,8.985,8.985,8.985,5,2
1624992905,8.98,8.99,8.98,8.99,8.98822,24,14
1624992910,8.99,8.99,8.99,8.99,8.99,0,0
1624992915,8.9881,8.9881,8.985,8.985,8.98655,2,2
1624992920,8.9881,8.995,8.985,8.995,8.99014,56,30
1624992925,8.99,8.995,8.99,8.995,8.993,5,3
1624992930,8.99,8.99,8.98,8.99,8.98787,28,13
1624992935,8.9889,8.9889,8.9889,8.9889,8.9889,3,1
1624992940,8.99,8.995,8.99,8.99,8.99066,37,21
1624992945,8.99,8.99,8.985,8.99,8.98956,11,9
1624992950,8.99,8.99,8.9895,8.99,8.98988,42,17
1624992955,8.99,8.995,8.98,8.995,8.98792,13,8
1624992960,8.995,8.9962,8.99,8.99,8.99513,8,4
1624992965,8.99,8.995,8.99,8.99,8.99094,39,13
1624992970,8.995,8.995,8.995,8.995,8.995,19,3
1624992975,8.996,8.996,8.996,8.996,8.996,10,1
1624992980,8.99,8.99,8.985,8.99,8.98989,92,30
1624992985,8.99,8.99,8.9818,8.9818,8.98369,4,2
1624992990,8.985,8.985,8.985,8.985,8.985,3,2
1624992995,8.9894,9.0,8.9888,8.995,8.99081,71,25
1624993000,8.9901,8.995,8.9901,8.995,8.99154,6,2
1624993005,9.0,9.0,8.99,8.99,8.99909,11,2
1624993010,8.995,8.995,8.995,8.995,8.995,2,1
1624993015,9.0,9.0,8.995,8.9998,8.99558,30,7
1624993020,8.9974,9.0,8.99,8.99,8.9931,7,4
1624993025,8.99,8.99,8.99,8.99,8.99,0,0
1624993030,8.995,8.995,8.995,8.995,8.995,4,1
1624993035,8.995,9.0,8.995,8.9995,8.99858,37,14
1624993040,8.9983,9.005,8.9926,8.995,8.99965,179,55
1624993045,9.005,9.005,9.0,9.005,9.00103,29,20
1624993050,9.005,9.005,9.005,9.005,9.005,12,5
1624993055,9.0,9.0,9.0,9.0,9.0,6,5
1624993060,9.0,9.005,8.9917,8.995,8.99742,40,26
1624993065,9.0,9.0082,9.0,9.0,9.00052,38,18
1624993070,9.01,9.01,9.0,9.0083,9.00626,4,3
1624993075,9.005,9.005,9.0005,9.0005,9.00276,2,2
1624993080,9.0,9.0,9.0,9.0,9.0,2,1
1624993085,9.0,9.0,9.0,9.0,9.0,0,0
1624993090,9.0,9.0,9.0,9.0,9.0,0,0
1624993095,9.0019,9.0019,9.0019,9.0019,9.0019,1,1
1624993100,9.005,9.005,9.005,9.005,9.005,1,1
1624993105,9.0084,9.0084,9.0084,9.0084,9.0084,1,1
1624993110,9.01,9.01,9.005,9.005,9.00636,5,5
1624993115,9.01,9.01,9.0,9.005,9.004,17,9
1624993120,9.005,9.01,9.0,9.0,9.00694,12,6
1624993125,9.0,9.0,9.0,9.0,9.0,1,1
1624993130,9.0,9.0,9.0,9.0,9.0,0,0
1624993135,9.0,9.0,9.0,9.0,9.0,0,0
1624993140,9.0,9.0,9.0,9.0,9.0,0,0
1624993145,9.01,9.01,9.005,9.005,9.00955,11,2
1624993150,9.005,9.005,9.005,9.005,9.005,0,0
1624993155,9.0074,9.0083,9.0061,9.0083,9.00756,16,3
1624993160,9.005,9.005,9.0001,9.0001,9.0029,3,2
1624993165,9.005,9.01,9.005,9.005,9.00933,44,14
1624993170,9.001,9.005,9.0,9.005,9.00283,23,10
1624993175,9.005,9.005,9.005,9.005,9.005,0,0
1624993180,9.005,9.005,9.005,9.005,9.005,0,0
1624993185,9.005,9.005,9.005,9.005,9.005,0,0
1624993190,9.0081,9.01,9.0026,9.005,9.00728,29,18
1624993195,9.005,9.005,9.005,9.005,9.005,2,1
1624993200,9.01,9.015,9.005,9.01,9.01034,177,54
1624993205,9.015,9.015,9.005,9.01,9.00854,98,28
1624993210,9.009,9.01,9.0,9.0,9.0021,51,30
1624993215,9.005,9.01,9.0,9.0,9.0029,28,5
1624993220,9.0,9.0,9.0,9.0,9.0,2,1
1624993225,9.005,9.01,9.0,9.01,9.00462,13,5
1624993230,9.005,9.0086,9.002,9.005,9.00715,24,5
1624993235,9.0099,9.0099,9.0099,9.0099,9.0099,2,1
1624993240,9.005,9.005,9.005,9.005,9.005,2,2
1624993245,9.0001,9.0001,9.0001,9.0001,9.0001,3,1
1624993250,9.008,9.008,9.005,9.005,9.0075,6,2
1624993255,9.005,9.01,9.005,9.01,9.00924,33,12
1624993260,9.01,9.0174,9.01,9.015,9.01105,84,38
1624993265,9.012,9.0181,9.01,9.015,9.01571,15,4
1624993270,9.015,9.015,9.0117,9.0117,9.0139,3,3
1624993275,9.0178,9.0178,9.0178,9.0178,9.0178,20,1
1624993280,9.015,9.0299,9.015,9.02,9.02233,93,46
1624993285,9.0283,9.0283,9.0214,9.0214,9.02767,11,2
1624993290,9.0299,9.0299,9.0299,9.0299,9.0299,2,1
1624993295,9.0299,9.0299,9.0299,9.0299,9.0299,0,0
1624993300,9.0299,9.03,9.025,9.03,9.0294,35,7
1624993305,9.0295,9.0295,9.0295,9.0295,9.0295,1,1
1624993310,9.025,9.03,9.025,9.025,9.02938,32,23
1624993315,9.025,9.03,9.025,9.03,9.02667,3,2
1624993320,9.025,9.0299,9.023,9.0293,9.0294,84,7
1624993325,9.025,9.03,9.025,9.0295,9.02817,3,3
1624993330,9.03,9.03,9.0295,9.0295,9.02975,2,2
1624993335,9.03,9.03,9.025,9.025,9.02767,7,6
1624993340,9.025,9.025,9.025,9.025,9.025,0,0
1624993345,9.025,9.025,9.025,9.025,9.025,0,0
1624993350,9.0292,9.0292,9.025,9.025,9.02827,4,2
1624993355,9.029,9.029,9.029,9.029,9.029,1,1
1624993360,9.0201,9.0201,9.0201,9.0201,9.0201,20,1
1624993365,9.02,9.03,9.02,9.03,9.02529,33,12
1624993370,9.03,9.03,9.03,9.03,9.03,0,0
1624993375,9.025,9.03,9.025,9.025,9.026,10,5
1624993380,9.0227,9.03,9.0227,9.03,9.02623,15,7
1624993385,9.03,9.03,9.03,9.03,9.03,2,1
1624993390,9.03,9.03,9.03,9.03,9.03,1,1
1624993395,9.03,9.03,9.03,9.03,9.03,0,0
1624993400,9.03,9.03,9.025,9.025,9.02781,16,12
1624993405,9.025,9.025,9.025,9.025,9.025,0,0
1624993410,9.029,9.029,9.02,9.02,9.02299,14,3
1624993415,9.03,9.03,9.025,9.03,9.02768,9,8
1624993420,9.0221,9.0282,9.0221,9.0282,9.02617,3,2
1624993425,9.0226,9.03,9.0224,9.0224,9.02767,14,3
1624993430,9.0284,9.03,9.0284,9.03,9.02906,30,5
1624993435,9.02,9.025,9.01,9.015,9.01867,98,57
1624993440,9.015,9.015,9.0,9.005,9.00826,204,52
1624993445,9.0,9.0,8.99,8.995,8.99796,296,61
1624993450,8.998,9.0,8.995,8.995,8.99882,17,3
1624993455,8.99,8.99,8.99,8.99,8.99,2,2
1624993460,8.9977,8.9977,8.9974,8.9977,8.99764,4,3
1624993465,8.9974,8.9974,8.9974,8.9974,8.9974,1,1
1624993470,8.9981,8.9999,8.99,8.99,8.99738,20,6
1624993475,8.9901,8.9901,8.99,8.99,8.99005,2,2
1624993480,8.99,8.9917,8.99,8.9917,8.99085,2,2
1624993485,8.991,8.991,8.99,8.99,8.99074,3,2
1624993490,8.992,9.0,8.992,9.0,8.99821,42,20
1624993495,9.0,9.005,9.0,9.005,9.00025,122,44
1624993500,9.008,9.008,9.0,9.0,9.00678,6,2
1624993505,9.0,9.0,9.0,9.0,9.0,2,2
1624993510,9.0074,9.0074,9.0074,9.0074,9.0074,1,1
1624993515,9.0074,9.0074,9.0074,9.0074,9.0074,0,0
1624993520,9.0,9.0,8.995,9.0,8.99974,97,46
1624993525,9.0,9.0,9.0,9.0,9.0,0,0
1624993530,8.995,8.995,8.995,8.995,8.995,1,1
1624993535,8.9999,8.9999,8.99,8.99,8.99786,70,13
1624993540,8.99,8.99,8.99,8.99,8.99,0,0
1624993545,8.995,8.998,8.995,8.998,8.99628,13,3
1624993550,8.99,8.99,8.99,8.99,8.99,16,4
1624993555,8.99,8.99,8.99,8.99,8.99,0,0
1624993560,8.99,8.9977,8.99,8.995,8.99135,19,13
1624993565,8.995,8.995,8.995,8.995,8.995,0,0
1624993570,8.995,8.995,8.995,8.995,8.995,0,0
1624993575,8.995,8.995,8.995,8.995,8.995,6,2
1624993580,8.995,8.995,8.995,8.995,8.995,10,1
1624993585,8.995,8.995,8.995,8.995,8.995,0,0
1624993590,8.995,8.995,8.9914,8.9914,8.99428,5,3
1624993595,8.995,8.995,8.995,8.995,8.995,10,1
1624993600,8.995,8.995,8.995,8.995,8.995,0,0
1624993605,8.99,8.9909,8.99,8.9909,8.99082,11,2
1624993610,8.995,8.995,8.995,8.995,8.995,1,1
1624993615,8.995,8.995,8.995,8.995,8.995,0,0
1624993620,8.995,8.995,8.995,8.995,8.995,0,0
1624993625,8.9934,9.01,8.9934,9.005,9.00009,257,96
1624993630,9.005,9.01,9.005,9.005,9.006,5,4
1624993635,9.01,9.01,9.01,9.01,9.01,1,1
1624993640,9.0081,9.0081,9.005,9.005,9.00766,7,2
1624993645,9.01,9.01,9.0094,9.0094,9.0098,3,3
1624993650,9.0084,9.0097,9.0084,9.0097,9.00908,2,2
1624993655,9.0097,9.0097,9.0097,9.0097,9.0097,0,0
1624993660,9.009,9.009,9.009,9.009,9.009,5,1
1624993665,9.005,9.02,9.005,9.02,9.01196,76,49
1624993670,9.0184,9.0184,9.0184,9.0184,9.0184,1,1
1624993675,9.015,9.015,9.015,9.015,9.015,16,12
1624993680,9.015,9.02,9.015,9.015,9.01687,7,7
1624993685,9.01,9.0187,9.01,9.015,9.01576,8,4
1624993690,9.02,9.02,9.0158,9.0173,9.01906,8,6
1624993695,9.02,9.02,9.01,9.01,9.01302,22,13
1624993700,9.01,9.01,9.01,9.01,9.01,0,0
1624993705,9.0199,9.0199,9.015,9.015,9.01675,14,6
1624993710,9.015,9.015,9.015,9.015,9.015,0,0
1624993715,9.02,9.02,9.02,9.02,9.02,7,5
1624993720,9.0101,9.02,9.0101,9.02,9.01805,17,6
1624993725,9.0187,9.0187,9.0187,9.0187,9.0187,20,1
1624993730,9.0187,9.0187,9.0187,9.0187,9.0187,0,0
1624993735,9.0187,9.0187,9.0187,9.0187,9.0187,0,0
1624993740,9.015,9.02,9.015,9.02,9.0175,2,2
1624993745,9.0179,9.018,9.0179,9.018,9.01798,6,2
1624993750,9.015,9.015,9.015,9.015,9.015,3,3
1624993755,9.015,9.0173,9.01,9.0173,9.01483,16,5
1624993760,9.01,9.01,9.01,9.01,9.01,41,27
1624993765,9.01,9.01,9.0,9.005,9.00933,96,48
1624993770,9.005,9.01,9.0021,9.005,9.00546,40,16
1624993775,9.01,9.01,9.005,9.005,9.00583,31,10
1624993780,9.01,9.0185,9.005,9.0185,9.00985,110,40
1624993785,9.02,9.02,9.02,9.02,9.02,10,1
1624993790,9.013,9.015,9.01,9.015,9.01416,29,4
1624993795,9.015,9.015,9.015,9.015,9.015,0,0
1624993800,9.01,9.02,9.01,9.011,9.01121,29,3
1624993805,9.015,9.015,9.005,9.009,9.01008,48,27
1624993810,9.005,9.015,9.005,9.01,9.00974,116,33
1624993815,9.01,9.01,9.0,9.005,9.00916,53,13
1624993820,9.0,9.0011,9.0,9.0011,9.00079,21,4
1624993825,9.005,9.005,9.0,9.005,9.00338,8,7
1624993830,9.01,9.01,9.0,9.0,9.00333,3,2
1624993835,9.0,9.0,9.0,9.0,9.0,0,0
1624993840,9.0001,9.0074,9.0001,9.0074,9.00448,2,2
1624993845,9.005,9.005,9.005,9.005,9.005,1,1
1624993850,9.005,9.015,9.005,9.01,9.01045,163,51
1624993855,9.02,9.02,9.02,9.02,9.02,10,1
1624993860,9.01,9.015,9.01,9.015,9.0125,2,2
1624993865,9.015,9.015,9.015,9.015,9.015,0,0
1624993870,9.015,9.02,9.015,9.015,9.01833,15,15
1624993875,9.0194,9.0194,9.0194,9.0194,9.0194,1,1
1624993880,9.02,9.02,9.015,9.015,9.01667,3,3
1624993885,9.0173,9.0173,9.01,9.01,9.01365,2,2
1624993890,9.01,9.02,9.01,9.02,9.01813,24,7
1624993895,9.015,9.015,9.015,9.015,9.015,1,1
1624993900,9.01,9.015,9.01,9.015,9.01188,16,12
1624993905,9.015,9.0199,9.015,9.0182,9.0185,12,3
1624993910,9.012,9.012,9.012,9.012,9.012,5,1
1624993915,9.02,9.02,9.0117,9.0117,9.01761,27,8
1624993920,9.01,9.02,9.01,9.02,9.01018,54,2
1624993925,9.02,9.02,9.015,9.015,9.01895,4,4
1624993930,9.015,9.015,9.015,9.015,9.015,0,0
1624993935,9.015,9.015,9.015,9.015,9.015,0,0
1624993940,9.015,9.03,9.015,9.03,9.02009,119,53
1624993945,9.025,9.025,9.025,9.025,9.025,2,1
1624993950,9.03,9.03,9.03,9.03,9.03,4,4
1624993955,9.025,9.0282,9.025,9.0282,9.02764,5,2
1624993960,9.0282,9.0282,9.0282,9.0282,9.0282,0,0
1624993965,9.025,9.025,9.025,9.025,9.025,2,1
1624993970,9.0243,9.03,9.02,9.0299,9.02738,55,9
1624993975,9.025,9.025,9.025,9.025,9.025,6,1
1624993980,9.025,9.025,9.025,9.025,9.025,0,0
1624993985,9.03,9.03,9.025,9.025,9.02776,21,11
1624993990,9.025,9.0291,9.025,9.025,9.02873,55,6
1624993995,9.0279,9.0279,9.0279,9.0279,9.0279,1,1
1624994000,9.03,9.04,9.025,9.035,9.03007,209,52
1624994005,9.04,9.04,9.0373,9.0379,9.03886,16,11
1624994010,9.03,9.035,9.03,9.035,9.032,5,4
1624994015,9.035,9.035,9.03,9.03,9.0325,2,2
1624994020,9.0327,9.04,9.0327,9.04,9.0359,3,3
1624994025,9.036,9.036,9.035,9.035,9.03556,9,2
1624994030,9.04,9.04,9.04,9.04,9.04,1,1
1624994035,9.04,9.04,9.035,9.035,9.03897,14,9
1624994040,9.035,9.035,9.035,9.035,9.035,0,0
1624994045,9.0301,9.0301,9.0301,9.0301,9.0301,10,1
1624994050,9.0377,9.0377,9.0377,9.0377,9.0377,10,1
1624994055,9.0301,9.0301,9.0301,9.0301,9.0301,2,1
1624994060,9.0374,9.0395,9.035,9.0395,9.03667,7,5
1624994065,9.035,9.035,9.035,9.035,9.035,2,2
1624994070,9.035,9.035,9.035,9.035,9.035,0,0
1624994075,9.035,9.035,9.035,9.035,9.035,0,0
1624994080,9.0368,9.0368,9.0301,9.0301,9.03326,6,3
1624994085,9.04,9.04,9.0319,9.035,9.0333,8,3
1624994090,9.0379,9.04,9.0379,9.04,9.0394,4,3
1624994095,9.04,9.04,9.0385,9.04,9.03875,12,3
1624994100,9.035,9.035,9.035,9.035,9.035,1,1
1624994105,9.0379,9.04,9.0379,9.04,9.03895,2,2
1624994110,9.04,9.04,9.0321,9.0321,9.03704,3,3
1624994115,9.0385,9.0385,9.0385,9.0385,9.0385,10,1
1624994120,9.035,9.04,9.035,9.035,9.03667,3,3
1624994125,9.04,9.04,9.035,9.035,9.03914,6,2
1624994130,9.04,9.04,9.035,9.035,9.037,10,4
1624994135,9.04,9.04,9.035,9.04,9.03796,13,9
1624994140,9.04,9.04,9.04,9.04,9.04,0,0
1624994145,9.038,9.038,9.035,9.035,9.03527,22,7
1624994150,9.035,9.04,9.035,9.04,9.03889,4,3
1624994155,9.035,9.035,9.035,9.035,9.035,5,5
1624994160,9.035,9.035,9.035,9.035,9.035,2,2
1624994165,9.04,9.04,9.04,9.04,9.04,6,3
1624994170,9.04,9.04,9.04,9.04,9.04,0,0
1624994175,9.04,9.04,9.04,9.04,9.04,1,1
1624994180,9.0383,9.0383,9.0383,9.0383,9.0383,5,1
1624994185,9.04,9.04,9.035,9.035,9.036,5,5
1624994190,9.035,9.035,9.035,9.035,9.035,0,0
1624994195,9.035,9.045,9.0317,9.045,9.03945,173,39
1624994200,9.045,9.05,9.045,9.045,9.04625,4,4
1624994205,9.04,9.045,9.04,9.045,9.04465,14,12
1624994210,9.045,9.05,9.045,9.05,9.04545,11,2
1624994215,9.041,9.05,9.04,9.05,9.04097,149,14
1624994220,9.045,9.05,9.045,9.05,9.04667,3,2
1624994225,9.05,9.05,9.05,9.05,9.05,0,0
1624994230,9.045,9.045,9.045,9.045,9.045,1,1
1624994235,9.04,9.045,9.04,9.0409,9.04074,67,7
1624994240,9.045,9.05,9.045,9.0483,9.04679,12,7
1624994245,9.0474,9.0474,9.04,9.045,9.04482,8,4
1624994250,9.041,9.0499,9.041,9.045,9.04873,16,4
1624994255,9.045,9.045,9.045,9.045,9.045,0,0
1624994260,9.05,9.05,9.04,9.04,9.04184,10,6
1624994265,9.045,9.045,9.045,9.045,9.045,5,1
1624994270,9.045,9.055,9.045,9.055,9.05037,117,53
1624994275,9.05,9.05,9.04,9.045,9.04946,232,58
1624994280,9.045,9.045,9.045,9.045,9.045,12,12
1624994285,9.0482,9.0482,9.0482,9.0482,9.0482,7,1
1624994290,9.05,9.05,9.05,9.05,9.05,1,1
1624994295,9.045,9.045,9.04,9.04,9.04063,7,5
1624994300,9.045,9.045,9.045,9.045,9.045,5,2
1624994305,9.045,9.045,9.045,9.045,9.045,0,0
1624994310,9.04,9.045,9.04,9.045,9.04232,28,17
1624994315,9.05,9.05,9.0499,9.0499,9.04991,11,2
1624994320,9.045,9.045,9.04,9.045,9.04354,24,11
1624994325,9.045,9.045,9.045,9.045,9.045,1,1
1624994330,9.0474,9.0474,9.0474,9.0474,9.0474,2,1
1624994335,9.04,9.0474,9.04,9.0474,9.04174,14,3
1624994340,9.0413,9.0413,9.04,9.04,9.04081,8,2
1624994345,9.04,9.04,9.03,9.035,9.0368,168,63
1624994350,9.0345,9.0345,9.0345,9.0345,9.0345,20,1
1624994355,9.03,9.03,9.03,9.03,9.03,2,1
1624994360,9.03,9.03,9.03,9.03,9.03,10,6
1624994365,9.03,9.03,9.03,9.03,9.03,0,0
1624994370,9.03,9.03,9.03,9.03,9.03,1,1
1624994375,9.0317,9.035,9.0317,9.035,9.03335,5,2
1624994380,9.0335,9.0335,9.0335,9.0335,9.0335,2,1
1624994385,9.0374,9.045,9.035,9.045,9.0398,233,53
1624994390,9.045,9.045,9.045,9.045,9.045,0,0
1624994395,9.0411,9.0411,9.0411,9.0411,9.0411,15,1
1624994400,9.04,9.0474,9.04,9.0474,9.04053,28,12
1624994405,9.045,9.05,9.04,9.05,9.04353,8,3
1624994410,9.0476,9.0476,9.0476,9.0476,9.0476,2,1
1624994415,9.04,9.04,9.04,9.04,9.04,27,1
1624994420,9.041,9.041,9.03,9.03,9.03948,50,20
1624994425,9.03,9.03,9.03,9.03,9.03,0,0
1624994430,9.03,9.035,9.03,9.035,9.03071,7,5
1624994435,9.04,9.04,9.03,9.035,9.03667,18,7
1624994440,9.035,9.035,9.035,9.035,9.035,0,0
1624994445,9.035,9.035,9.03,9.03,9.03313,8,2
1624994450,9.0307,9.035,9.03,9.03,9.03088,39,4
1624994455,9.0314,9.0314,9.0314,9.0314,9.0314,2,1
1624994460,9.0314,9.0314,9.0314,9.0314,9.0314,0,0
1624994465,9.035,9.035,9.03,9.03,9.03435,30,5
1624994470,9.035,9.035,9.0326,9.0326,9.03436,7,6
1624994475,9.035,9.035,9.03,9.03,9.03426,6,5
1624994480,9.03,9.03,9.03,9.03,9.03,0,0
1624994485,9.03,9.038,9.03,9.038,9.03501,7,3
1624994490,9.038,9.038,9.038,9.038,9.038,0,0
1624994495,9.035,9.035,9.03,9.0324,9.03386,21,16
1624994500,9.0374,9.0374,9.03,9.03,9.03185,4,3
1624994505,9.03,9.035,9.03,9.03,9.03125,4,4
1624994510,9.03,9.03,9.03,9.03,9.03,1,1
1624994515,9.035,9.035,9.035,9.035,9.035,2,1
1624994520,9.03,9.03,9.03,9.03,9.03,1,1
1624994525,9.03,9.03,9.03,9.03,9.03,0,0
1624994530,9.035,9.04,9.0321,9.0321,9.03625,41,28
1624994535,9.04,9.04,9.035,9.035,9.03944,8,6
1624994540,9.04,9.05,9.035,9.05,9.04018,141,48
1624994545,9.0492,9.06,9.0492,9.055,9.05039,139,40
1624994550,9.055,9.06,9.05,9.05,9.05319,15,8
1624994555,9.05,9.0599,9.05,9.058,9.05392,37,17
1624994560,9.05,9.06,9.05,9.055,9.05266,16,7
1624994565,9.055,9.06,9.055,9.06,9.0575,2,2
1624994570,9.0573,9.0573,9.0573,9.0573,9.0573,1,1
1624994575,9.06,9.06,9.06,9.06,9.06,1,1
1624994580,9.06,9.06,9.06,9.06,9.06,0,0
1624994585,9.06,9.06,9.06,9.06,9.06,1,1
1624994590,9.055,9.06,9.055,9.06,9.05989,130,25
1624994595,9.065,9.0676,9.065,9.0676,9.06644,4,3
1624994600,9.065,9.065,9.06,9.065,9.06441,17,11
1624994605,9.07,9.07,9.07,9.07,9.07,5,3
1624994610,9.0699,9.07,9.0699,9.07,9.06999,11,2
1624994615,9.0681,9.0681,9.0681,9.0681,9.0681,1,1
1624994620,9.07,9.07,9.07,9.07,9.07,38,12
1624994625,9.065,9.075,9.065,9.075,9.06868,71,13
1624994630,9.08,9.085,9.08,9.085,9.08153,28,13
1624994635,9.09,9.09,9.08,9.085,9.08357,7,4
1624994640,9.085,9.0873,9.085,9.085,9.08674,14,5
1624994645,9.08,9.0821,9.08,9.08,9.08016,18,11
1624994650,9.085,9.085,9.075,9.075,9.07996,131,40
1624994655,9.08,9.08,9.08,9.08,9.08,1,1
1624994660,9.075,9.075,9.075,9.075,9.075,2,1
1624994665,9.07,9.075,9.07,9.075,9.07271,7,7
1624994670,9.0701,9.075,9.0701,9.075,9.07074,23,4
1624994675,9.0798,9.08,9.075,9.075,9.07582,12,3
1624994680,9.075,9.08,9.075,9.08,9.07833,3,3
1624994685,9.075,9.075,9.075,9.075,9.075,1,1
1624994690,9.075,9.075,9.075,9.075,9.075,3,3
1624994695,9.0786,9.08,9.0786,9.08,9.07883,6,2
1624994700,9.078,9.078,9.0701,9.0701,9.07222,20,2
1624994705,9.0784,9.08,9.07,9.08,9.07973,78,23
1624994710,9.085,9.085,9.085,9.085,9.085,3,1
1624994715,9.085,9.0899,9.085,9.0899,9.08936,24,3
1624994720,9.09,9.09,9.085,9.09,9.08792,12,7
1624994725,9.09,9.09,9.09,9.09,9.09,0,0
1624994730,9.0881,9.0881,9.0881,9.0881,9.0881,1,1
1624994735,9.0862,9.0862,9.0862,9.0862,9.0862,2,1
1624994740,9.085,9.09,9.085,9.09,9.08545,10,4
1624994745,9.0823,9.0885,9.0823,9.0885,9.08656,3,2
1624994750,9.09,9.09,9.09,9.09,9.09,17,4
1624994755,9.0811,9.09,9.08,9.08,9.08273,49,4
1624994760,9.085,9.0887,9.085,9.0887,9.08739,31,3
1624994765,9.085,9.085,9.08,9.08,9.08244,16,7
1624994770,9.08,9.08,9.08,9.08,9.08,83,30
1624994775,9.07,9.07,9.07,9.07,9.07,26,8
1624994780,9.075,9.08,9.075,9.079,9.07865,54,16
1624994785,9.079,9.079,9.079,9.079,9.079,0,0
1624994790,9.0715,9.0715,9.0715,9.0715,9.0715,10,1
1624994795,9.0715,9.0715,9.0715,9.0715,9.0715,0,0
1624994800,9.07,9.075,9.07,9.07,9.0701,48,20
1624994805,9.07,9.07,9.07,9.07,9.07,10,3
1624994810,9.07,9.0777,9.07,9.0777,9.07254,5,3
1624994815,9.07,9.07,9.07,9.07,9.07,34,6
1624994820,9.0701,9.08,9.0701,9.08,9.07594,27,12
1624994825,9.08,9.08,9.072,9.072,9.07429,7,2
1624994830,9.072,9.072,9.072,9.072,9.072,0,0
1624994835,9.0763,9.08,9.0763,9.08,9.07846,3,3
1624994840,9.073,9.075,9.073,9.075,9.07318,22,3
1624994845,9.075,9.075,9.075,9.075,9.075,2,2
1624994850,9.075,9.0799,9.07,9.07,9.07534,6,4
1624994855,9.07,9.07,9.07,9.07,9.07,0,0
1624994860,9.075,9.075,9.07,9.07,9.0703,16,2
1624994865,9.075,9.075,9.075,9.075,9.075,4,3
1624994870,9.075,9.075,9.07,9.0701,9.07024,174,4
1624994875,9.0712,9.0712,9.07,9.07,9.07016,36,16
1624994880,9.0617,9.065,9.05,9.05,9.05789,281,70
1624994885,9.055,9.055,9.055,9.055,9.055,3,3
1624994890,9.05,9.05,9.05,9.05,9.05,10,1
1624994895,9.0501,9.0501,9.0501,9.0501,9.0501,2,1
1624994900,9.0501,9.0501,9.0501,9.0501,9.0501,0,0
1624994905,9.0513,9.0513,9.0513,9.0513,9.0513,8,1
1624994910,9.0513,9.0513,9.0513,9.0513,9.0513,0,0
1624994915,9.0501,9.0501,9.05,9.05,9.05005,5,3
1624994920,9.0502,9.0599,9.05,9.05,9.05399,14,4
1624994925,9.0514,9.06,9.0514,9.0582,9.05822,37,21
1624994930,9.0588,9.065,9.0588,9.065,9.06029,98,24
1624994935,9.06,9.0685,9.06,9.06,9.06548,31,5
1624994940,9.06,9.06,9.06,9.06,9.06,0,0
1624994945,9.06,9.069,9.06,9.06,9.06289,28,18
1624994950,9.065,9.065,9.0614,9.0614,9.06357,17,3
1624994955,9.0614,9.0614,9.0614,9.0614,9.0614,0,0
1624994960,9.065,9.065,9.064,9.065,9.0641,19,3
1624994965,9.065,9.07,9.061,9.065,9.0662,22,9
1624994970,9.07,9.08,9.07,9.08,9.07075,25,12
1624994975,9.075,9.08,9.075,9.08,9.0775,2,2
1624994980,9.071,9.08,9.07,9.07,9.07355,42,12
1624994985,9.07,9.075,9.07,9.075,9.07333,6,4
1624994990,9.07,9.0774,9.07,9.0774,9.07185,3,3
1624994995,9.08,9.08,9.0717,9.075,9.07557,3,3
1624995000,9.075,9.075,9.075,9.075,9.075,0,0
1624995005,9.07,9.07,9.0682,9.0682,9.06983,81,22
1624995010,9.07,9.08,9.07,9.08,9.07016,95,22
1624995015,9.0799,9.0799,9.0799,9.0799,9.0799,2,1
1624995020,9.0799,9.0799,9.0799,9.0799,9.0799,0,0
1624995025,9.075,9.075,9.075,9.075,9.075,1,1
1624995030,9.075,9.075,9.075,9.075,9.075,2,1
1624995035,9.075,9.075,9.0701,9.0701,9.07206,5,3
1624995040,9.08,9.08,9.08,9.08,9.08,3,1
1624995045,9.0701,9.0724,9.0701,9.0724,9.07065,10,2
1624995050,9.075,9.08,9.075,9.08,9.07993,143,34
1624995055,9.085,9.09,9.08,9.08,9.08592,11,6
1624995060,9.089,9.089,9.08,9.08,9.0877,10,3
1624995065,9.085,9.085,9.075,9.075,9.07981,53,23
1624995070,9.075,9.08,9.075,9.08,9.07875,19,12
1624995075,9.085,9.085,9.085,9.085,9.085,3,1
1624995080,9.08,9.08,9.075,9.08,9.07994,158,34
1624995085,9.08,9.08,9.08,9.08,9.08,0,0
1624995090,9.0764,9.0764,9.0764,9.0764,9.0764,10,1
1624995095,9.0764,9.0764,9.0764,9.0764,9.0764,0,0
1624995100,9.08,9.08,9.08,9.08,9.08,1,1
1624995105,9.08,9.08,9.08,9.08,9.08,0,0
1624995110,9.08,9.08,9.08,9.08,9.08,1,1
1624995115,9.0784,9.08,9.0784,9.0799,9.07951,3,3
1624995120,9.075,9.08,9.075,9.08,9.079,5,5
1624995125,9.08,9.09,9.08,9.09,9.08264,28,13
1624995130,9.085,9.0882,9.085,9.088,9.08761,12,5
1624995135,9.09,9.095,9.09,9.095,9.09026,57,16
1624995140,9.095,9.095,9.09,9.09,9.0927,37,19
1624995145,9.09,9.09,9.09,9.09,9.09,0,0
1624995150,9.09,9.09,9.09,9.09,9.09,0,0
1624995155,9.0974,9.0974,9.0974,9.0974,9.0974,1,1
1624995160,9.0974,9.0974,9.0974,9.0974,9.0974,0,0
1624995165,9.095,9.095,9.095,9.095,9.095,5,1
1624995170,9.09,9.1,9.09,9.0981,9.09463,36,6
1624995175,9.095,9.1,9.085,9.09,9.0903,617,114
1624995180,9.095,9.095,9.09,9.095,9.09134,67,46
1624995185,9.1,9.1,9.1,9.1,9.1,2,1
1624995190,9.1,9.1,9.1,9.1,9.1,2,1
1624995195,9.0974,9.0974,9.09,9.09,9.09185,6,5
1624995200,9.0901,9.095,9.09,9.09,9.09027,149,13
1624995205,9.09,9.09,9.09,9.09,9.09,44,8
1624995210,9.0976,9.0976,9.09,9.09,9.09424,4,3
1624995215,9.09,9.09,9.09,9.09,9.09,0,0
1624995220,9.09,9.09,9.09,9.09,9.09,0,0
1624995225,9.1,9.1,9.09,9.09,9.09327,17,4
1624995230,9.09,9.09,9.09,9.09,9.09,1,1
1624995235,9.095,9.1,9.095,9.095,9.09637,41,27
1624995240,9.095,9.095,9.095,9.095,9.095,2,2
1624995245,9.095,9.1,9.095,9.095,9.09716,35,21
1624995250,9.1,9.1,9.09,9.095,9.09193,155,52
1624995255,9.09,9.09,9.09,9.09,9.09,12,10
1624995260,9.09,9.09,9.09,9.09,9.09,3,2
1624995265,9.09,9.09,9.09,9.09,9.09,34,5
1624995270,9.09,9.1,9.085,9.09,9.09009,106,49
1624995275,9.085,9.0879,9.085,9.085,9.0852,14,8
1624995280,9.085,9.085,9.085,9.085,9.085,1,1
1624995285,9.09,9.09,9.09,9.09,9.09,15,6
1624995290,9.09,9.09,9.09,9.09,9.09,11,1
1624995295,9.085,9.085,9.085,9.085,9.085,3,3
1624995300,9.085,9.089,9.085,9.085,9.08567,6,6
1624995305,9.085,9.09,9.085,9.085,9.08596,12,5
1624995310,9.08,9.08,9.08,9.08,9.08,11,5
1624995315,9.0881,9.0881,9.085,9.085,9.08764,13,3
1624995320,9.08,9.08,9.075,9.075,9.07984,192,60
1624995325,9.075,9.08,9.075,9.08,9.0792,25,15
1624995330,9.08,9.08,9.07,9.07,9.0786,18,9
1624995335,9.0711,9.0711,9.07,9.07,9.07107,36,2
1624995340,9.08,9.08,9.08,9.08,9.08,5,2
1624995345,9.08,9.085,9.0798,9.085,9.08202,29,20
1624995350,9.085,9.085,9.08,9.08,9.08294,51,21
1624995355,9.08,9.085,9.08,9.085,9.08032,15,8
1624995360,9.085,9.085,9.085,9.085,9.085,12,3
1624995365,9.08,9.085,9.08,9.085,9.08109,30,3
1624995370,9.085,9.085,9.08,9.08,9.08333,3,3
1624995375,9.08,9.08,9.08,9.08,9.08,0,0
1624995380,9.08,9.08,9.08,9.08,9.08,0,0
1624995385,9.0874,9.0874,9.0874,9.0874,9.0874,1,1
1624995390,9.0816,9.09,9.0816,9.085,9.08972,47,20
1624995395,9.09,9.1,9.09,9.09,9.09233,84,30
1624995400,9.0974,9.0974,9.09,9.095,9.0949,14,5
1624995405,9.1,9.1,9.0901,9.095,9.0947,38,12
1624995410,9.095,9.095,9.095,9.095,9.095,12,3
1624995415,9.1,9.1,9.095,9.095,9.09599,29,8
1624995420,9.0993,9.0993,9.09,9.095,9.09157,111,39
1624995425,9.09,9.09,9.085,9.09,9.08989,181,63
1624995430,9.0817,9.095,9.0817,9.085,9.08969,346,80
1624995435,9.085,9.09,9.083,9.083,9.08618,62,40
1624995440,9.08,9.085,9.08,9.085,9.0825,18,11
1624995445,9.08,9.085,9.075,9.08,9.07981,54,27
1624995450,9.08,9.08,9.08,9.08,9.08,0,0
1624995455,9.0779,9.08,9.0779,9.0779,9.07833,4,4
1624995460,9.0774,9.0823,9.0774,9.0823,9.0801,45,16
1624995465,9.085,9.09,9.08,9.08,9.08167,9,9
1624995470,9.08,9.08,9.075,9.08,9.07984,31,15
1624995475,9.075,9.075,9.07,9.07,9.07103,6,5
1624995480,9.075,9.079,9.07,9.0741,9.07453,29,8
1624995485,9.0774,9.0774,9.0774,9.0774,9.0774,1,1
1624995490,9.07,9.07,9.07,9.07,9.07,1,1
1624995495,9.07,9.07,9.07,9.07,9.07,0,0
1624995500,9.075,9.075,9.075,9.075,9.075,1,1
1624995505,9.075,9.075,9.07,9.07,9.07121,82,24
1624995510,9.07,9.07,9.0656,9.0656,9.06987,34,7
1624995515,9.0674,9.0674,9.065,9.065,9.0654,6,6
1624995520,9.06,9.07,9.06,9.0699,9.06518,33,8
1624995525,9.07,9.075,9.07,9.075,9.07023,27,11
1624995530,9.075,9.075,9.075,9.075,9.075,0,0
1624995535,9.0707,9.0707,9.0707,9.0707,9.0707,2,1
1624995540,9.08,9.08,9.0701,9.08,9.07434,7,4
1624995545,9.08,9.08,9.08,9.08,9.08,2,1
1624995550,9.075,9.08,9.075,9.075,9.07559,8,4
1624995555,9.07,9.08,9.07,9.08,9.07912,12,5
1624995560,9.0795,9.0795,9.0795,9.0795,9.0795,1,1
1624995565,9.08,9.085,9.08,9.08,9.08022,113,32
1624995570,9.08,9.08,9.08,9.08,9.08,1,1
1624995575,9.08,9.08,9.08,9.08,9.08,0,0
1624995580,9.0802,9.085,9.0802,9.0816,9.08105,13,3
1624995585,9.08,9.08,9.08,9.08,9.08,3,3
1624995590,9.08,9.08,9.07,9.075,9.0792,95,41
1624995595,9.075,9.075,9.075,9.075,9.075,0,0
1624995600,9.08,9.08,9.075,9.075,9.07962,13,9
1624995605,9.0779,9.078,9.0779,9.078,9.07796,2,2
1624995610,9.0719,9.0719,9.0719,9.0719,9.0719,6,1
1624995615,9.079,9.079,9.079,9.079,9.079,2,1
1624995620,9.079,9.079,9.079,9.079,9.079,0,0
1624995625,9.0774,9.0774,9.0774,9.0774,9.0774,1,1
1624995630,9.07,9.08,9.07,9.08,9.07882,8,2
1624995635,9.07,9.07,9.07,9.07,9.07,1,1
1624995640,9.075,9.08,9.075,9.08,9.07865,9,5
1624995645,9.08,9.08,9.08,9.08,9.08,2,2
1624995650,9.075,9.09,9.075,9.085,9.08019,132,37
1624995655,9.0824,9.085,9.08,9.085,9.08222,18,5
1624995660,9.08,9.09,9.08,9.08,9.08576,26,9
1624995665,9.08,9.085,9.08,9.085,9.08007,147,42
1624995670,9.08,9.0815,9.08,9.0815,9.0806,5,3
1624995675,9.085,9.085,9.075,9.075,9.07992,92,39
1624995680,9.0726,9.08,9.0726,9.0779,9.07877,13,6
1624995685,9.08,9.08,9.08,9.08,9.08,1,1
1624995690,9.08,9.08,9.08,9.08,9.08,0,0
1624995695,9.075,9.075,9.07,9.075,9.0719,221,67
1624995700,9.075,9.08,9.06,9.07,9.07045,55,30
1624995705,9.06,9.0674,9.06,9.065,9.06265,7,3
1624995710,9.0674,9.0699,9.0674,9.0699,9.06961,9,2
1624995715,9.065,9.065,9.06,9.06,9.06342,5,4
1624995720,9.06,9.06,9.055,9.055,9.05987,82,30
1624995725,9.0578,9.065,9.055,9.065,9.05952,98,32
1624995730,9.0626,9.0626,9.0617,9.0617,9.06195,9,3
1624995735,9.06,9.07,9.06,9.07,9.06357,7,5
1624995740,9.07,9.07,9.065,9.065,9.06846,13,3
1624995745,9.0699,9.0699,9.065,9.065,9.06745,2,2
1624995750,9.065,9.065,9.065,9.065,9.065,1,1
1624995755,9.065,9.065,9.0621,9.0621,9.06274,4,2
1624995760,9.0601,9.07,9.06,9.07,9.0617,112,13
1624995765,9.07,9.07,9.07,9.07,9.07,0,0
1624995770,9.07,9.07,9.07,9.07,9.07,0,0
1624995775,9.07,9.07,9.065,9.065,9.06989,43,19
1624995780,9.07,9.075,9.07,9.0702,9.07028,131,37
1624995785,9.075,9.075,9.075,9.075,9.075,2,1
1624995790,9.076,9.076,9.076,9.076,9.076,5,1
1624995795,9.075,9.075,9.074,9.074,9.07471,7,6
1624995800,9.075,9.075,9.075,9.075,9.075,3,2
1624995805,9.071,9.08,9.07,9.08,9.07119,10,9
1624995810,9.075,9.075,9.075,9.075,9.075,4,1
1624995815,9.0701,9.0701,9.0701,9.0701,9.0701,1,1
1624995820,9.0791,9.0791,9.0709,9.075,9.0758,7,4
1624995825,9.08,9.08,9.08,9.08,9.08,2,1
1624995830,9.0721,9.0774,9.0721,9.0774,9.07563,3,2
1624995835,9.0774,9.0774,9.07,9.07,9.07411,2,2
1624995840,9.075,9.08,9.07,9.07,9.07477,5,3
1624995845,9.07,9.0777,9.07,9.0777,9.07525,8,4
1624995850,9.075,9.075,9.065,9.07,9.06983,123,29
1624995855,9.065,9.0688,9.065,9.0688,9.06753,6,3
1624995860,9.07,9.07,9.065,9.065,9.06751,26,7
1624995865,9.0686,9.0686,9.0686,9.0686,9.0686,2,1
1624995870,9.07,9.07,9.07,9.07,9.07,10,7
1624995875,9.07,9.075,9.07,9.07,9.07117,10,7
1624995880,9.07,9.07,9.07,9.07,9.07,1,1
1624995885,9.075,9.075,9.075,9.075,9.075,1,1
1624995890,9.07,9.07,9.07,9.07,9.07,43,25
1624995895,9.07,9.07,9.07,9.07,9.07,13,13
1624995900,9.07,9.075,9.07,9.07,9.07071,14,6
1624995905,9.07,9.0775,9.07,9.07,9.07304,11,6
1624995910,9.07,9.075,9.07,9.075,9.0706,25,10
1624995915,9.08,9.08,9.07,9.075,9.075,3,3
1624995920,9.07,9.07,9.07,9.07,9.07,2,2
1624995925,9.075,9.075,9.07,9.075,9.072,5,5
1624995930,9.075,9.075,9.075,9.075,9.075,0,0
1624995935,9.075,9.0792,9.075,9.0792,9.0791,83,4
1624995940,9.07,9.08,9.07,9.08,9.07793,50,29
1624995945,9.08,9.08,9.075,9.075,9.07849,4,4
1624995950,9.0799,9.0799,9.0799,9.0799,9.0799,10,1
1624995955,9.08,9.08,9.07,9.07,9.07878,136,11
1624995960,9.07,9.075,9.07,9.075,9.07091,5,5
1624995965,9.0714,9.0714,9.0714,9.0714,9.0714,1,1
1624995970,9.0714,9.0714,9.0714,9.0714,9.0714,0,0
1624995975,9.0714,9.0714,9.0714,9.0714,9.0714,0,0
1624995980,9.0714,9.0714,9.0714,9.0714,9.0714,0,0
1624995985,9.0714,9.0714,9.0714,9.0714,9.0714,0,0
1624995990,9.075,9.075,9.07,9.07,9.07352,22,6
1624995995,9.075,9.075,9.075,9.075,9.075,8,2
1624996000,9.07,9.07,9.07,9.07,9.07,6,3
1624996005,9.0774,9.0774,9.07,9.07,9.0731,4,4
1624996010,9.0711,9.0711,9.0711,9.0711,9.0711,5,1
1624996015,9.0777,9.0777,9.07,9.075,9.07562,5,3
1624996020,9.07,9.075,9.07,9.07,9.07099,15,9
1624996025,9.0727,9.075,9.07,9.07,9.07012,66,7
1624996030,9.07,9.079,9.07,9.07,9.07563,41,8
1624996035,9.07,9.0701,9.07,9.0701,9.07008,13,4
1624996040,9.075,9.08,9.075,9.08,9.07771,61,25
1624996045,9.08,9.08,9.075,9.08,9.07845,12,11
1624996050,9.08,9.08,9.08,9.08,9.08,1,1
1624996055,9.072,9.08,9.0715,9.0715,9.07272,29,7
1624996060,9.08,9.09,9.08,9.085,9.0804,206,56
1624996065,9.085,9.0899,9.085,9.085,9.08833,28,9
1624996070,9.08,9.085,9.065,9.065,9.07497,322,119
1624996075,9.065,9.0699,9.065,9.065,9.0678,28,12
1624996080,9.07,9.07,9.065,9.07,9.06977,43,15
1624996085,9.07,9.07,9.07,9.07,9.07,4,3
1624996090,9.0703,9.08,9.0703,9.08,9.07538,10,2
1624996095,9.07,9.07,9.065,9.065,9.06916,213,50
1624996100,9.065,9.065,9.065,9.065,9.065,0,0
1624996105,9.06,9.06,9.06,9.06,9.06,1,1
1624996110,9.06,9.06,9.06,9.06,9.06,6,4
1624996115,9.065,9.065,9.065,9.065,9.065,10,1
1624996120,9.065,9.065,9.065,9.065,9.065,0,0
1624996125,9.0601,9.0601,9.0601,9.0601,9.0601,1,1
1624996130,9.0699,9.0699,9.0699,9.0699,9.0699,1,1
1624996135,9.0699,9.0699,9.0699,9.0699,9.0699,0,0
1624996140,9.0601,9.065,9.06,9.06,9.06372,27,8
1624996145,9.06,9.06,9.06,9.06,9.06,7,5
1624996150,9.06,9.0674,9.06,9.06,9.06207,6,4
1624996155,9.065,9.065,9.065,9.065,9.065,2,1
1624996160,9.06,9.06,9.06,9.06,9.06,1,1
1624996165,9.065,9.07,9.065,9.065,9.06637,62,27
1624996170,9.07,9.07,9.07,9.07,9.07,1,1
1624996175,9.07,9.07,9.07,9.07,9.07,1,1
1624996180,9.0679,9.07,9.067,9.07,9.0676,8,4
1624996185,9.0677,9.07,9.06,9.06,9.06115,106,15
1624996190,9.065,9.07,9.06,9.0673,9.06808,38,15
1624996195,9.07,9.07,9.07,9.07,9.07,6,2
1624996200,9.07,9.09,9.07,9.085,9.07864,359,74
1624996205,9.09,9.09,9.08,9.09,9.08519,15,10
1624996210,9.09,9.1,9.085,9.1,9.09673,523,114
1624996215,9.0999,9.105,9.095,9.1,9.1001,963,231
1624996220,9.095,9.105,9.09,9.095,9.09912,615,134
1624996225,9.095,9.095,9.0919,9.095,9.09419,23,15
1624996230,9.095,9.1,9.09,9.095,9.09777,37,24
1624996235,9.1,9.1099,9.095,9.105,9.10183,146,42
1624996240,9.1,9.115,9.1,9.115,9.10554,231,36
1624996245,9.1126,9.115,9.105,9.11,9.11016,183,55
1624996250,9.11,9.11,9.11,9.11,9.11,5,5
1624996255,9.105,9.12,9.105,9.113,9.10931,53,19
1624996260,9.115,9.12,9.1101,9.1199,9.11757,33,16
1624996265,9.12,9.12,9.1126,9.115,9.11641,16,6
1624996270,9.115,9.12,9.115,9.115,9.11872,43,12
1624996275,9.115,9.115,9.115,9.115,9.115,21,2
1624996280,9.12,9.12,9.1101,9.115,9.1149,5,5
1624996285,9.12,9.12,9.11,9.12,9.11956,102,32
1624996290,9.1177,9.1177,9.09,9.1,9.10864,493,126
1624996295,9.095,9.095,9.095,9.095,9.095,16,8
1624996300,9.095,9.1099,9.095,9.1099,9.10082,65,18
1624996305,9.105,9.11,9.1001,9.11,9.10445,70,10
1624996310,9.11,9.11,9.1,9.105,9.10878,46,8
1624996315,9.1012,9.11,9.1012,9.11,9.102,33,3
1624996320,9.1001,9.11,9.1001,9.105,9.10518,14,5
1624996325,9.11,9.115,9.1099,9.115,9.11013,59,14
1624996330,9.115,9.12,9.1101,9.1101,9.11834,9,7
1624996335,9.12,9.12,9.12,9.12,9.12,1,1
1624996340,9.12,9.13,9.12,9.1299,9.12398,229,54
1624996345,9.125,9.13,9.125,9.125,9.12542,12,4
1624996350,9.13,9.13,9.1279,9.1299,9.12963,7,3
1624996355,9.125,9.125,9.1215,9.1243,9.12233,27,4
1624996360,9.1243,9.1243,9.1243,9.1243,9.1243,0,0
1624996365,9.13,9.13,9.1299,9.13,9.12995,21,7
1624996370,9.13,9.13,9.1201,9.13,9.12175,24,4
1624996375,9.13,9.13,9.12,9.13,9.12447,536,55
1624996380,9.13,9.13,9.12,9.125,9.12644,58,30
1624996385,9.1274,9.1274,9.1226,9.1226,9.1243,3,2
1624996390,9.125,9.13,9.12,9.13,9.12947,268,73
1624996395,9.1215,9.13,9.1215,9.13,9.124,36,4
1624996400,9.13,9.13,9.1299,9.13,9.12999,8,5
1624996405,9.13,9.13,9.1221,9.125,9.12737,6,3
1624996410,9.13,9.13,9.12,9.125,9.12283,212,58
1624996415,9.125,9.1299,9.1209,9.125,9.12327,76,10
1624996420,9.125,9.125,9.1201,9.125,9.12453,17,11
1624996425,9.125,9.125,9.125,9.125,9.125,10,6
1624996430,9.12,9.125,9.11,9.11,9.11853,280,70
1624996435,9.1183,9.1183,9.11,9.11,9.11259,32,20
1624996440,9.11,9.1117,9.11,9.1117,9.11085,2,2
1624996445,9.1178,9.1178,9.1178,9.1178,9.1178,6,2
1624996450,9.1116,9.12,9.1101,9.12,9.11781,157,39
1624996455,9.1126,9.13,9.1126,9.13,9.11993,112,29
1624996460,9.13,9.135,9.13,9.135,9.13103,144,51
1624996465,9.135,9.135,9.125,9.125,9.12998,256,42
1624996470,9.13,9.13,9.1299,9.13,9.12998,4,4
1624996475,9.13,9.135,9.13,9.13,9.1315,41,21
1624996480,9.13,9.13,9.12,9.125,9.12808,70,24
1624996485,9.13,9.13,9.125,9.125,9.12685,52,15
1624996490,9.13,9.13,9.12,9.12,9.125,5,3
1624996495,9.128,9.13,9.12,9.128,9.12557,47,19
1624996500,9.13,9.13,9.12,9.12,9.12064,71,24
1624996505,9.12,9.1274,9.12,9.125,9.12128,27,11
1624996510,9.13,9.13,9.125,9.125,9.12526,19,8
1624996515,9.125,9.125,9.12,9.125,9.12389,42,7
1624996520,9.13,9.13,9.12,9.125,9.12199,28,17
1624996525,9.12,9.125,9.11,9.125,9.12012,164,56
1624996530,9.128,9.13,9.128,9.13,9.12947,19,9
1624996535,9.128,9.13,9.1221,9.13,9.12626,4,4
1624996540,9.13,9.13,9.125,9.13,9.12898,8,6
1624996545,9.1299,9.13,9.1221,9.1221,9.12905,12,6
1624996550,9.12,9.13,9.12,9.125,9.12295,16,6
1624996555,9.1221,9.13,9.12,9.13,9.12561,17,6
1624996560,9.125,9.13,9.115,9.115,9.12002,273,56
1624996565,9.115,9.12,9.11,9.12,9.115,39,9
1624996570,9.115,9.1177,9.11,9.11,9.1113,260,43
1624996575,9.115,9.115,9.1111,9.115,9.112,39,5
1624996580,9.115,9.1174,9.11,9.1101,9.1102,84,18
1624996585,9.115,9.115,9.105,9.11,9.10991,120,49
1624996590,9.11,9.11,9.105,9.105,9.10954,22,10
1624996595,9.11,9.11,9.1001,9.105,9.10743,21,14
1624996600,9.105,9.105,9.105,9.105,9.105,2,2
1624996605,9.105,9.11,9.105,9.11,9.10943,48,5
1624996610,9.11,9.115,9.11,9.115,9.11007,70,24
1624996615,9.12,9.12,9.115,9.12,9.1185,48,21
1624996620,9.115,9.115,9.115,9.115,9.115,1,1
1624996625,9.12,9.12,9.11,9.12,9.11753,9,7
1624996630,9.11,9.12,9.11,9.12,9.1175,4,4
1624996635,9.12,9.12,9.12,9.12,9.12,3,1
1624996640,9.1176,9.12,9.11,9.12,9.11482,61,14
1624996645,9.12,9.12,9.1119,9.1119,9.11709,19,5
1624996650,9.12,9.12,9.1191,9.12,9.11937,71,8
1624996655,9.12,9.12,9.1119,9.118,9.11745,21,10
1624996660,9.12,9.12,9.115,9.115,9.11832,6,6
1624996665,9.12,9.12,9.1121,9.12,9.11929,23,12
1624996670,9.12,9.12,9.11,9.115,9.11725,66,23
1624996675,9.12,9.12,9.1138,9.1158,9.11754,30,9
1624996680,9.12,9.12,9.11,9.115,9.11707,23,12
1624996685,9.115,9.12,9.1101,9.12,9.11593,59,36
1624996690,9.12,9.12,9.11,9.115,9.11558,60,22
1624996695,9.1121,9.12,9.11,9.11,9.11556,44,10
1624996700,9.115,9.115,9.11,9.11,9.11315,7,5
1624996705,9.1101,9.1101,9.1043,9.105,9.10989,197,77
1624996710,9.1,9.105,9.1,9.105,9.10353,17,10
1624996715,9.105,9.105,9.1,9.1,9.10222,29,14
1624996720,9.105,9.105,9.1,9.1018,9.10169,18,4
1624996725,9.1,9.1099,9.1,9.1086,9.10786,72,10
1624996730,9.105,9.105,9.1,9.105,9.10371,20,14
1624996735,9.105,9.105,9.1,9.1,9.10438,8,3
1624996740,9.105,9.105,9.1,9.1,9.10206,21,11
1624996745,9.1,9.107,9.1,9.1,9.10162,8,5
1624996750,9.1,9.1079,9.1,9.105,9.10144,159,27
1624996755,9.105,9.105,9.1,9.105,9.10346,22,16
1624996760,9.1,9.11,9.1,9.105,9.10349,52,19
1624996765,9.1,9.105,9.09,9.095,9.09841,100,38
1624996770,9.09,9.1,9.09,9.09,9.09779,150,35
1624996775,9.0999,9.11,9.09,9.105,9.0996,337,75
1624996780,9.1019,9.11,9.098,9.098,9.1004,71,24
1624996785,9.1,9.1,9.095,9.095,9.09661,129,31
1624996790,9.1,9.1,9.09,9.09,9.092,10,6
1624996795,9.09,9.1,9.09,9.09,9.0949,46,17
1624996800,9.1,9.1,9.1,9.1,9.1,12279,5
1624996805,9.1,9.1,9.1,9.1,9.1,0,0
1624996810,9.1,9.1,9.1,9.1,9.1,0,0
1624996815,9.1,9.1,9.1,9.1,9.1,0,0
1624996820,9.1,9.1,9.1,9.1,9.1,1,1
1624996825,9.1,9.1,9.1,9.1,9.1,0,0
1624996830,9.1,9.1,9.1,9.1,9.1,0,0
1624996835,9.1,9.1,9.1,9.1,9.1,0,0
1624996840,9.1,9.1,9.1,9.1,9.1,0,0
1624996845,9.1,9.1,9.1,9.1,9.1,0,0
1624996850,9.1,9.1,9.1,9.1,9.1,0,0
1624996855,9.1,9.1,9.1,9.1,9.1,0,0
1624996860,9.1,9.1,9.1,9.1,9.1,0,0
1624996865,9.1,9.1,9.1,9.1,9.1,0,0
1624996870,9.1,9.1,9.1,9.1,9.1,0,0
1624996875,9.1,9.1,9.1,9.1,9.1,0,0
1624996880,9.1,9.1,9.1,9.1,9.1,0,0
1624996885,9.1,9.1,9.1,9.1,9.1,0,0
1624996890,9.1,9.1,9.1,9.1,9.1,0,0
1624996895,9.1,9.1,9.1,9.1,9.1,0,0
1624996900,9.1,9.1,9.1,9.1,9.1,1,1
1624996905,9.1,9.1,9.1,9.1,9.1,0,0
1624996910,9.1,9.1,9.1,9.1,9.1,0,0
1624996915,9.1,9.1,9.1,9.1,9.1,0,0
1624996920,9.1,9.1,9.1,9.1,9.1,0,0
1624996925,9.1,9.1,9.1,9.1,9.1,0,0
1624996930,9.1,9.1,9.1,9.1,9.1,0,0
1624996935,9.12,9.12,9.12,9.12,9.12,1,1
1624996940,9.12,9.12,9.12,9.12,9.12,0,0
1624996945,9.12,9.12,9.12,9.12,9.12,0,0
1624996950,9.12,9.12,9.12,9.12,9.12,0,0
1624996955,9.12,9.12,9.12,9.12,9.12,0,0
1624996960,9.12,9.12,9.12,9.12,9.12,0,0
1624996965,9.12,9.12,9.12,9.12,9.12,0,0
1624996970,9.12,9.12,9.12,9.12,9.12,0,0
1624996975,9.12,9.12,9.12,9.12,9.12,0,0
1624996980,9.12,9.12,9.12,9.12,9.12,10,1
1624996985,9.12,9.12,9.12,9.12,9.12,0,0
1624996990,9.12,9.12,9.12,9.12,9.12,0,0
1624996995,9.12,9.12,9.12,9.12,9.12,0,0
1624997000,9.12,9.12,9.12,9.12,9.12,0,0
1624997005,9.12,9.12,9.12,9.12,9.12,0,0
1624997010,9.12,9.12,9.12,9.12,9.12,0,0
1624997015,9.12,9.12,9.12,9.12,9.12,0,0
1624997020,9.12,9.12,9.12,9.12,9.12,0,0
1624997025,9.12,9.12,9.12,9.12,9.12,0,0
1624997030,9.12,9.12,9.12,9.12,9.12,0,0
1624997035,9.12,9.12,9.12,9.12,9.12,0,0
1624997040,9.12,9.12,9.12,9.12,9.12,0,0
1624997045,9.12,9.12,9.12,9.12,9.12,0,0
1624997050,9.12,9.12,9.12,9.12,9.12,0,0
1624997055,9.12,9.12,9.12,9.12,9.12,0,0
1624997060,9.12,9.12,9.12,9.12,9.12,0,0
1624997065,9.12,9.12,9.12,9.12,9.12,0,0
1624997070,9.12,9.12,9.12,9.12,9.12,0,0
1624997075,9.12,9.12,9.12,9.12,9.12,1,1
1624997080,9.12,9.12,9.12,9.12,9.12,0,0
1624997085,9.12,9.12,9.12,9.12,9.12,0,0
1624997090,9.12,9.12,9.12,9.12,9.12,0,0
1624997095,9.12,9.12,9.12,9.12,9.12,0,0
1624997100,9.12,9.12,9.12,9.12,9.12,0,0
1624997105,9.12,9.12,9.12,9.12,9.12,0,0
1624997110,9.12,9.12,9.12,9.12,9.12,0,0
1624997115,9.12,9.12,9.12,9.12,9.12,0,0
1624997120,9.12,9.12,9.12,9.12,9.12,0,0
1624997125,9.12,9.12,9.12,9.12,9.12,0,0
1624997130,9.12,9.12,9.12,9.12,9.12,0,0
1624997135,9.12,9.12,9.12,9.12,9.12,0,0
1624997140,9.12,9.12,9.12,9.12,9.12,0,0
1624997145,9.1,9.1,9.1,9.1,9.1,1,1
1624997150,9.1,9.1,9.1,9.1,9.1,0,0
1624997155,9.1,9.1,9.1,9.1,9.1,0,0
1624997160,9.1,9.1,9.1,9.1,9.1,0,0
1624997165,9.1,9.1,9.1,9.1,9.1,0,0
1624997170,9.1,9.1,9.1,9.1,9.1,0,0
1624997175,9.1,9.1,9.1,9.1,9.1,0,0
1624997180,9.1,9.1,9.1,9.1,9.1,0,0
1624997185,9.1,9.1,9.1,9.1,9.1,0,0
1624997190,9.1,9.1,9.1,9.1,9.1,0,0
1624997195,9.1,9.1,9.1,9.1,9.1,0,0
1624997200,9.1,9.1,9.1,9.1,9.1,0,0
1624997205,9.1,9.1,9.1,9.1,9.1,0,0
1624997210,9.1,9.1,9.1,9.1,9.1,0,0
1624997215,9.1,9.1,9.1,9.1,9.1,0,0
1624997220,9.1,9.1,9.1,9.1,9.1,0,0
1624997225,9.1,9.1,9.1,9.1,9.1,0,0
1624997230,9.1,9.1,9.1,9.1,9.1,0,0
1624997235,9.1,9.1,9.1,9.1,9.1,0,0
1624997240,9.1,9.1,9.1,9.1,9.1,0,0
1624997245,9.12,9.12,9.12,9.12,9.12,1,1
1624997250,9.12,9.12,9.12,9.12,9.12,0,0
1624997255,9.12,9.12,9.12,9.12,9.12,0,0
1624997260,9.12,9.12,9.12,9.12,9.12,0,0
1624997265,9.12,9.12,9.12,9.12,9.12,0,0
1624997270,9.12,9.12,9.12,9.12,9.12,0,0
1624997275,9.12,9.12,9.12,9.12,9.12,0,0
1624997280,9.12,9.12,9.12,9.12,9.12,0,0
1624997285,9.12,9.12,9.12,9.12,9.12,0,0
1624997290,9.12,9.12,9.12,9.12,9.12,0,0
1624997295,9.12,9.12,9.12,9.12,9.12,0,0
1624997300,9.12,9.12,9.12,9.12,9.12,0,0
1624997305,9.12,9.12,9.12,9.12,9.12,0,0
1624997310,9.12,9.12,9.12,9.12,9.12,0,0
1624997315,9.12,9.12,9.12,9.12,9.12,0,0
1624997320,9.12,9.12,9.12,9.12,9.12,0,0
1624997325,9.12,9.12,9.12,9.12,9.12,0,0
1624997330,9.12,9.12,9.12,9.12,9.12,0,0
1624997335,9.12,9.12,9.12,9.12,9.12,0,0
1624997340,9.12,9.12,9.12,9.12,9.12,0,0
1624997345,9.12,9.12,9.12,9.12,9.12,0,0
1624997350,9.12,9.12,9.12,9.12,9.12,0,0
1624997355,9.12,9.12,9.12,9.12,9.12,2,2
1624997360,9.12,9.12,9.12,9.12,9.12,0,0
1624997365,9.12,9.12,9.12,9.12,9.12,0,0
1624997370,9.12,9.12,9.12,9.12,9.12,1,1
1624997375,9.12,9.12,9.12,9.12,9.12,0,0
1624997380,9.1005,9.1005,9.1005,9.1005,9.1005,1,1
1624997385,9.1005,9.1005,9.1005,9.1005,9.1005,0,0
1624997390,9.1005,9.1005,9.1005,9.1005,9.1005,0,0
1624997395,9.11,9.11,9.11,9.11,9.11,1,1
1624997400,9.11,9.11,9.11,9.11,9.11,0,0
1624997405,9.11,9.11,9.11,9.11,9.11,0,0
1624997410,9.11,9.11,9.11,9.11,9.11,0,0
1624997415,9.11,9.11,9.11,9.11,9.11,0,0
1624997420,9.11,9.11,9.11,9.11,9.11,0,0
1624997425,9.11,9.11,9.11,9.11,9.11,0,0
1624997430,9.11,9.11,9.11,9.11,9.11,0,0
1624997435,9.11,9.11,9.11,9.11,9.11,0,0
1624997440,9.11,9.11,9.11,9.11,9.11,1,1
1624997445,9.11,9.11,9.11,9.11,9.11,0,0
1624997450,9.11,9.11,9.11,9.11,9.11,0,0
1624997455,9.11,9.11,9.11,9.11,9.11,0,0
1624997460,9.11,9.11,9.11,9.11,9.11,0,0
1624997465,9.11,9.11,9.11,9.11,9.11,0,0
1624997470,9.11,9.11,9.11,9.11,9.11,0,0
1624997475,9.11,9.11,9.11,9.11,9.11,0,0
1624997480,9.11,9.11,9.11,9.11,9.11,0,0
1624997485,9.11,9.11,9.11,9.11,9.11,0,0
1624997490,9.11,9.11,9.11,9.11,9.11,0,0
1624997495,9.11,9.11,9.11,9.11,9.11,0,0
1624997500,9.11,9.11,9.11,9.11,9.11,0,0
1624997505,9.11,9.11,9.11,9.11,9.11,0,0
1624997510,9.11,9.11,9.11,9.11,9.11,0,0
1624997515,9.11,9.11,9.11,9.11,9.11,0,0
1624997520,9.11,9.11,9.11,9.11,9.11,0,0
1624997525,9.11,9.11,9.11,9.11,9.11,0,0
1624997530,9.11,9.11,9.11,9.11,9.11,0,0
1624997535,9.11,9.11,9.11,9.11,9.11,0,0
1624997540,9.11,9.11,9.11,9.11,9.11,0,0
1624997545,9.11,9.11,9.11,9.11,9.11,0,0
1624997550,9.11,9.11,9.11,9.11,9.11,0,0
1624997555,9.12,9.12,9.12,9.12,9.12,20,1
1624997560,9.12,9.12,9.12,9.12,9.12,0,0
1624997565,9.12,9.12,9.12,9.12,9.12,0,0
1624997570,9.12,9.12,9.12,9.12,9.12,0,0
1624997575,9.12,9.12,9.12,9.12,9.12,0,0
1624997580,9.12,9.12,9.12,9.12,9.12,0,0
1624997585,9.12,9.12,9.12,9.12,9.12,0,0
1624997590,9.12,9.12,9.12,9.12,9.12,0,0
1624997595,9.12,9.12,9.12,9.12,9.12,0,0
1624997600,9.12,9.12,9.12,9.12,9.12,0,0
1624997605,9.12,9.12,9.12,9.12,9.12,0,0
1624997610,9.12,9.12,9.12,9.12,9.12,0,0
1624997615,9.12,9.12,9.12,9.12,9.12,0,0
1624997620,9.12,9.12,9.12,9.12,9.12,0,0
1624997625,9.12,9.12,9.12,9.12,9.12,0,0
1624997630,9.12,9.12,9.12,9.12,9.12,0,0
1624997635,9.12,9.12,9.12,9.12,9.12,0,0
1624997640,9.12,9.12,9.12,9.12,9.12,0,0
1624997645,9.12,9.12,9.12,9.12,9.12,0,0
1624997650,9.12,9.12,9.12,9.12,9.12,16,1
1624997655,9.12,9.12,9.12,9.12,9.12,0,0
1624997660,9.12,9.12,9.12,9.12,9.12,0,0
1624997665,9.12,9.12,9.12,9.12,9.12,0,0
1624997670,9.12,9.12,9.12,9.12,9.12,0,0
1624997675,9.12,9.12,9.12,9.12,9.12,0,0
1624997680,9.12,9.12,9.12,9.12,9.12,0,0
1624997685,9.12,9.12,9.12,9.12,9.12,0,0
1624997690,9.12,9.12,9.12,9.12,9.12,3,1
1624997695,9.12,9.12,9.12,9.12,9.12,0,0
1624997700,9.11,9.11,9.11,9.11,9.11,2,1
1624997705,9.11,9.11,9.11,9.11,9.11,0,0
1624997710,9.11,9.11,9.11,9.11,9.11,0,0
1624997715,9.11,9.11,9.11,9.11,9.11,0,0
1624997720,9.11,9.11,9.11,9.11,9.11,0,0
1624997725,9.11,9.11,9.11,9.11,9.11,0,0
1624997730,9.11,9.11,9.11,9.11,9.11,0,0
1624997735,9.11,9.11,9.11,9.11,9.11,0,0
1624997740,9.11,9.11,9.11,9.11,9.11,0,0
1624997745,9.12,9.12,9.12,9.12,9.12,1,1
1624997750,9.12,9.12,9.12,9.12,9.12,0,0
1624997755,9.12,9.12,9.12,9.12,9.12,0,0
1624997760,9.12,9.12,9.12,9.12,9.12,0,0
1624997765,9.12,9.12,9.12,9.12,9.12,0,0
1624997770,9.12,9.12,9.12,9.12,9.12,0,0
1624997775,9.12,9.12,9.12,9.12,9.12,0,0
1624997780,9.12,9.12,9.12,9.12,9.12,0,0
1624997785,9.12,9.12,9.12,9.12,9.12,0,0
1624997790,9.12,9.12,9.12,9.12,9.12,0,0
1624997795,9.12,9.12,9.12,9.12,9.12,0,0
1624997800,9.12,9.12,9.12,9.12,9.12,0,0
1624997805,9.12,9.12,9.12,9.12,9.12,0,0
1624997810,9.12,9.12,9.12,9.12,9.12,0,0
1624997815,9.12,9.12,9.12,9.12,9.12,0,0
1624997820,9.12,9.12,9.12,9.12,9.12,0,0
1624997825,9.12,9.12,9.12,9.12,9.12,0,0
1624997830,9.12,9.12,9.12,9.12,9.12,0,0
1624997835,9.12,9.12,9.12,9.12,9.12,0,0
1624997840,9.12,9.12,9.12,9.12,9.12,3,1
1624997845,9.11,9.11,9.11,9.11,9.11,7,1
1624997850,9.11,9.11,9.11,9.11,9.11,0,0
1624997855,9.11,9.11,9.11,9.11,9.11,0,0
1624997860,9.11,9.11,9.11,9.11,9.11,0,0
1624997865,9.11,9.11,9.11,9.11,9.11,0,0
1624997870,9.11,9.11,9.11,9.11,9.11,0,0
1624997875,9.12,9.12,9.12,9.12,9.12,4,1
1624997880,9.12,9.12,9.12,9.12,9.12,0,0
1624997885,9.12,9.12,9.12,9.12,9.12,0,0
1624997890,9.12,9.12,9.12,9.12,9.12,0,0
1624997895,9.12,9.12,9.12,9.12,9.12,0,0
1624997900,9.11,9.11,9.11,9.11,9.11,2,1
1624997905,9.11,9.11,9.11,9.11,9.11,0,0
1624997910,9.12,9.12,9.1101,9.1101,9.11531,2,2
1624997915,9.1101,9.1101,9.1101,9.1101,9.1101,0,0
1624997920,9.1101,9.1101,9.1101,9.1101,9.1101,0,0
1624997925,9.1101,9.1101,9.1101,9.1101,9.1101,0,0
1624997930,9.1101,9.1101,9.1101,9.1101,9.1101,0,0
1624997935,9.12,9.12,9.12,9.12,9.12,4,1
1624997940,9.11,9.11,9.11,9.11,9.11,13,3
1624997945,9.11,9.11,9.11,9.11,9.11,0,0
1624997950,9.11,9.11,9.11,9.11,9.11,0,0
1624997955,9.11,9.11,9.11,9.11,9.11,0,0
1624997960,9.11,9.11,9.11,9.11,9.11,0,0
1624997965,9.12,9.12,9.12,9.12,9.12,3,1
1624997970,9.12,9.12,9.12,9.12,9.12,0,0
1624997975,9.12,9.12,9.12,9.12,9.12,0,0
1624997980,9.12,9.12,9.12,9.12,9.12,0,0
1624997985,9.12,9.12,9.12,9.12,9.12,0,0
1624997990,9.12,9.12,9.12,9.12,9.12,0,0
1624997995,9.12,9.12,9.12,9.12,9.12,0,0
1624998000,9.12,9.12,9.12,9.12,9.12,0,0
1624998005,9.12,9.12,9.12,9.12,9.12,0,0
1624998010,9.12,9.12,9.12,9.12,9.12,0,0
1624998015,9.12,9.12,9.12,9.12,9.12,0,0
1624998020,9.12,9.12,9.12,9.12,9.12,0,0
1624998025,9.12,9.12,9.12,9.12,9.12,0,0
1624998030,9.12,9.12,9.12,9.12,9.12,0,0
1624998035,9.12,9.12,9.12,9.12,9.12,0,0
1624998040,9.12,9.12,9.12,9.12,9.12,0,0
1624998045,9.12,9.12,9.12,9.12,9.12,3,1
1624998050,9.12,9.12,9.12,9.12,9.12,0,0
1624998055,9.12,9.12,9.12,9.12,9.12,0,0
1624998060,9.12,9.12,9.12,9.12,9.12,5,1
1624998065,9.12,9.12,9.12,9.12,9.12,0,0
1624998070,9.12,9.12,9.12,9.12,9.12,0,0
1624998075,9.12,9.12,9.12,9.12,9.12,0,0
1624998080,9.12,9.12,9.12,9.12,9.12,0,0
1624998085,9.12,9.12,9.12,9.12,9.12,0,0
1624998090,9.12,9.12,9.12,9.12,9.12,0,0
1624998095,9.12,9.12,9.12,9.12,9.12,0,0
1624998100,9.12,9.12,9.12,9.12,9.12,1,1
1624998105,9.12,9.12,9.12,9.12,9.12,0,0
1624998110,9.12,9.12,9.12,9.12,9.12,0,0
1624998115,9.12,9.12,9.12,9.12,9.12,0,0
1624998120,9.12,9.12,9.12,9.12,9.12,0,0
1624998125,9.12,9.12,9.12,9.12,9.12,2,1
1624998130,9.12,9.12,9.12,9.12,9.12,0,0
1624998135,9.12,9.12,9.12,9.12,9.12,0,0
1624998140,9.12,9.12,9.12,9.12,9.12,1,1
1624998145,9.12,9.12,9.12,9.12,9.12,0,0
1624998150,9.12,9.12,9.12,9.12,9.12,0,0
1624998155,9.12,9.12,9.12,9.12,9.12,0,0
1624998160,9.12,9.12,9.12,9.12,9.12,0,0
1624998165,9.12,9.12,9.12,9.12,9.12,0,0
1624998170,9.12,9.12,9.12,9.12,9.12,0,0
1624998175,9.12,9.12,9.12,9.12,9.12,0,0
1624998180,9.12,9.12,9.12,9.12,9.12,0,0
1624998185,9.12,9.12,9.12,9.12,9.12,0,0
1624998190,9.12,9.12,9.12,9.12,9.12,0,0
1624998195,9.12,9.12,9.12,9.12,9.12,0,0
1624998200,9.12,9.12,9.12,9.12,9.12,0,0
1624998205,9.12,9.12,9.12,9.12,9.12,0,0
1624998210,9.12,9.12,9.12,9.12,9.12,0,0
1624998215,9.12,9.12,9.12,9.12,9.12,0,0
1624998220,9.12,9.12,9.12,9.12,9.12,0,0
1624998225,9.12,9.12,9.12,9.12,9.12,0,0
1624998230,9.12,9.12,9.12,9.12,9.12,0,0
1624998235,9.12,9.12,9.12,9.12,9.12,0,0
1624998240,9.12,9.12,9.12,9.12,9.12,0,0
1624998245,9.12,9.12,9.12,9.12,9.12,0,0
1624998250,9.12,9.12,9.12,9.12,9.12,0,0
1624998255,9.12,9.12,9.12,9.12,9.12,0,0
1624998260,9.12,9.12,9.12,9.12,9.12,0,0
1624998265,9.12,9.12,9.12,9.12,9.12,0,0
1624998270,9.12,9.12,9.12,9.12,9.12,0,0
1624998275,9.12,9.12,9.12,9.12,9.12,0,0
1624998280,9.12,9.12,9.12,9.12,9.12,0,0
1624998285,9.12,9.12,9.12,9.12,9.12,0,0
1624998290,9.12,9.12,9.12,9.12,9.12,0,0
1624998295,9.12,9.12,9.12,9.12,9.12,0,0
1624998300,9.12,9.12,9.12,9.12,9.12,0,0
1624998305,9.12,9.12,9.12,9.12,9.12,0,0
1624998310,9.12,9.12,9.12,9.12,9.12,0,0
1624998315,9.12,9.12,9.12,9.12,9.12,0,0
1624998320,9.12,9.12,9.12,9.12,9.12,0,0
1624998325,9.11,9.11,9.11,9.11,9.11,10,1
1624998330,9.11,9.11,9.11,9.11,9.11,0,0
1624998335,9.11,9.11,9.11,9.11,9.11,0,0
1624998340,9.11,9.11,9.11,9.11,9.11,0,0
1624998345,9.11,9.11,9.11,9.11,9.11,0,0
1624998350,9.11,9.11,9.11,9.11,9.11,0,0
1624998355,9.1199,9.1199,9.1199,9.1199,9.1199,2,1
1624998360,9.1199,9.1199,9.1199,9.1199,9.1199,0,0
1624998365,9.1199,9.1199,9.1199,9.1199,9.1199,0,0
1624998370,9.1199,9.1199,9.1199,9.1199,9.1199,0,0
1624998375,9.1199,9.1199,9.1199,9.1199,9.1199,0,0
1624998380,9.1199,9.1199,9.1199,9.1199,9.1199,0,0
1624998385,9.1199,9.1199,9.1199,9.1199,9.1199,0,0
1624998390,9.1199,9.1199,9.1199,9.1199,9.1199,0,0
1624998395,9.12,9.12,9.12,9.12,9.12,5,2
1624998400,9.12,9.12,9.12,9.12,9.12,0,0
1624998405,9.12,9.12,9.12,9.12,9.12,0,0
1624998410,9.12,9.12,9.12,9.12,9.12,0,0
1624998415,9.1005,9.1005,9.1005,9.1005,9.1005,16,1
1624998420,9.1005,9.1005,9.1005,9.1005,9.1005,0,0
1624998425,9.1005,9.1005,9.1005,9.1005,9.1005,0,0
1624998430,9.1005,9.1005,9.1005,9.1005,9.1005,0,0
1624998435,9.1005,9.1005,9.1005,9.1005,9.1005,0,0
1624998440,9.1005,9.1005,9.1005,9.1005,9.1005,0,0
1624998445,9.1005,9.1005,9.1005,9.1005,9.1005,0,0
1624998450,9.1005,9.1005,9.1005,9.1005,9.1005,0,0
1624998455,9.1005,9.1005,9.1005,9.1005,9.1005,0,0
1624998460,9.1005,9.1005,9.1005,9.1005,9.1005,0,0
1624998465,9.1005,9.1005,9.1005,9.1005,9.1005,0,0
1624998470,9.1005,9.1005,9.1005,9.1005,9.1005,0,0
1624998475,9.1005,9.1005,9.1005,9.1005,9.1005,0,0
1624998480,9.1005,9.1005,9.1005,9.1005,9.1005,0,0
1624998485,9.1005,9.1005,9.1005,9.1005,9.1005,0,0
1624998490,9.1005,9.1005,9.1005,9.1005,9.1005,0,0
1624998495,9.1005,9.1005,9.1005,9.1005,9.1005,0,0
1624998500,9.1005,9.1005,9.1005,9.1005,9.1005,0,0
1624998505,9.1005,9.1005,9.1005,9.1005,9.1005,0,0
1624998510,9.1005,9.1005,9.1005,9.1005,9.1005,0,0
1624998515,9.1005,9.1005,9.1005,9.1005,9.1005,0,0
1624998520,9.1005,9.1005,9.1005,9.1005,9.1005,0,0
1624998525,9.1005,9.1005,9.1005,9.1005,9.1005,0,0
1624998530,9.1005,9.1005,9.1005,9.1005,9.1005,0,0
1624998535,9.1005,9.1005,9.1005,9.1005,9.1005,0,0
1624998540,9.11,9.11,9.11,9.11,9.11,1,1
1624998545,9.11,9.11,9.11,9.11,9.11,0,0
1624998550,9.11,9.11,9.11,9.11,9.11,0,0
1624998555,9.11,9.11,9.11,9.11,9.11,0,0
1624998560,9.11,9.11,9.11,9.11,9.11,0,0
1624998565,9.11,9.11,9.11,9.11,9.11,0,0
1624998570,9.11,9.11,9.11,9.11,9.11,0,0
1624998575,9.11,9.11,9.11,9.11,9.11,0,0
1624998580,9.11,9.11,9.11,9.11,9.11,20,1
1624998585,9.11,9.11,9.11,9.11,9.11,0,0
1624998590,9.11,9.11,9.11,9.11,9.11,0,0
1624998595,9.11,9.11,9.11,9.11,9.11,0,0
1624998600,9.11,9.11,9.11,9.11,9.11,0,0
1624998605,9.11,9.11,9.11,9.11,9.11,0,0
1624998610,9.11,9.11,9.11,9.11,9.11,0,0
1624998615,9.11,9.11,9.11,9.11,9.11,0,0
1624998620,9.11,9.11,9.11,9.11,9.11,0,0
1624998625,9.11,9.11,9.11,9.11,9.11,0,0
1624998630,9.11,9.11,9.11,9.11,9.11,1,1
1624998635,9.11,9.11,9.11,9.11,9.11,0,0
1624998640,9.11,9.11,9.11,9.11,9.11,0,0
1624998645,9.11,9.11,9.11,9.11,9.11,0,0
1624998650,9.11,9.11,9.11,9.11,9.11,0,0
1624998655,9.11,9.11,9.11,9.11,9.11,0,0
1624998660,9.11,9.11,9.11,9.11,9.11,0,0
1624998665,9.11,9.11,9.11,9.11,9.11,0,0
1624998670,9.11,9.11,9.11,9.11,9.11,0,0
1624998675,9.11,9.11,9.11,9.11,9.11,0,0
1624998680,9.11,9.11,9.11,9.11,9.11,0,0
1624998685,9.11,9.11,9.11,9.11,9.11,0,0
1624998690,9.11,9.11,9.11,9.11,9.11,1,1
1624998695,9.11,9.11,9.11,9.11,9.11,0,0
1624998700,9.11,9.11,9.11,9.11,9.11,0,0
1624998705,9.11,9.11,9.11,9.11,9.11,0,0
1624998710,9.1,9.1,9.1,9.1,9.1,5,4
1624998715,9.1,9.1,9.1,9.1,9.1,0,0
1624998720,9.1,9.1,9.1,9.1,9.1,0,0
1624998725,9.1,9.1,9.1,9.1,9.1,0,0
1624998730,9.1,9.1,9.1,9.1,9.1,0,0
1624998735,9.1,9.1,9.1,9.1,9.1,3,1
1624998740,9.1,9.1,9.1,9.1,9.1,0,0
1624998745,9.1,9.1,9.1,9.1,9.1,2,2
1624998750,9.1,9.1,9.1,9.1,9.1,0,0
1624998755,9.1,9.1,9.1,9.1,9.1,0,0
1624998760,9.1,9.1,9.1,9.1,9.1,1,1
1624998765,9.1,9.1,9.1,9.1,9.1,0,0
1624998770,9.1,9.1,9.1,9.1,9.1,0,0
1624998775,9.1,9.1,9.1,9.1,9.1,1,1
1624998780,9.1,9.1,9.1,9.1,9.1,0,0
1624998785,9.1,9.1,9.1,9.1,9.1,0,0
1624998790,9.1,9.1,9.1,9.1,9.1,0,0
1624998795,9.1,9.1,9.1,9.1,9.1,0,0
1624998800,9.1,9.1,9.1,9.1,9.1,0,0
1624998805,9.1,9.1,9.1,9.1,9.1,0,0
1624998810,9.1,9.1,9.1,9.1,9.1,6,3
1624998815,9.1,9.1,9.1,9.1,9.1,0,0
1624998820,9.1,9.1,9.1,9.1,9.1,0,0
1624998825,9.1,9.1,9.1,9.1,9.1,0,0
1624998830,9.1,9.1,9.1,9.1,9.1,0,0
1624998835,9.1,9.1,9.1,9.1,9.1,0,0
1624998840,9.1,9.1,9.1,9.1,9.1,0,0
1624998845,9.1,9.1,9.1,9.1,9.1,0,0
1624998850,9.0901,9.0901,9.09,9.09,9.09005,3,2
1624998855,9.1,9.1,9.1,9.1,9.1,3,1
1624998860,9.1,9.1,9.1,9.1,9.1,0,0
1624998865,9.09,9.09,9.09,9.09,9.09,4,1
1624998870,9.09,9.09,9.09,9.09,9.09,0,0
1624998875,9.09,9.09,9.09,9.09,9.09,0,0
1624998880,9.09,9.09,9.09,9.09,9.09,0,0
1624998885,9.09,9.09,9.09,9.09,9.09,0,0
1624998890,9.09,9.09,9.09,9.09,9.09,0,0
1624998895,9.09,9.09,9.09,9.09,9.09,0,0
1624998900,9.09,9.09,9.09,9.09,9.09,0,0
1624998905,9.09,9.09,9.09,9.09,9.09,0,0
1624998910,9.09,9.09,9.09,9.09,9.09,0,0
1624998915,9.09,9.09,9.09,9.09,9.09,0,0
1624998920,9.09,9.09,9.09,9.09,9.09,0,0
1624998925,9.09,9.09,9.09,9.09,9.09,0,0
1624998930,9.09,9.09,9.09,9.09,9.09,0,0
1624998935,9.09,9.09,9.09,9.09,9.09,10,1
1624998940,9.09,9.09,9.09,9.09,9.09,0,0
1624998945,9.09,9.09,9.09,9.09,9.09,0,0
1624998950,9.09,9.09,9.09,9.09,9.09,0,0
1624998955,9.09,9.09,9.09,9.09,9.09,0,0
1624998960,9.09,9.09,9.09,9.09,9.09,0,0
1624998965,9.09,9.09,9.09,9.09,9.09,0,0
1624998970,9.09,9.09,9.09,9.09,9.09,0,0
1624998975,9.09,9.09,9.09,9.09,9.09,0,0
1624998980,9.09,9.09,9.09,9.09,9.09,0,0
1624998985,9.09,9.09,9.09,9.09,9.09,0,0
1624998990,9.09,9.09,9.09,9.09,9.09,0,0
1624998995,9.09,9.09,9.09,9.09,9.09,0,0
1624999000,9.09,9.09,9.09,9.09,9.09,0,0
1624999005,9.09,9.09,9.09,9.09,9.09,0,0
1624999010,9.11,9.11,9.11,9.11,9.11,1,1
1624999015,9.11,9.11,9.11,9.11,9.11,0,0
1624999020,9.11,9.11,9.11,9.11,9.11,0,0
1624999025,9.11,9.11,9.11,9.11,9.11,0,0
1624999030,9.11,9.11,9.11,9.11,9.11,0,0
1624999035,9.11,9.11,9.11,9.11,9.11,2,2
1624999040,9.11,9.11,9.11,9.11,9.11,0,0
1624999045,9.11,9.11,9.11,9.11,9.11,0,0
1624999050,9.11,9.11,9.11,9.11,9.11,0,0
1624999055,9.11,9.11,9.11,9.11,9.11,0,0
1624999060,9.11,9.11,9.11,9.11,9.11,0,0
1624999065,9.11,9.11,9.11,9.11,9.11,0,0
1624999070,9.11,9.11,9.11,9.11,9.11,0,0
1624999075,9.11,9.11,9.11,9.11,9.11,0,0
1624999080,9.11,9.11,9.11,9.11,9.11,0,0
1624999085,9.11,9.11,9.11,9.11,9.11,0,0
1624999090,9.11,9.11,9.11,9.11,9.11,0,0
1624999095,9.11,9.11,9.11,9.11,9.11,0,0
1624999100,9.11,9.11,9.11,9.11,9.11,0,0
1624999105,9.11,9.11,9.11,9.11,9.11,0,0
1624999110,9.11,9.11,9.11,9.11,9.11,0,0
1624999115,9.11,9.11,9.11,9.11,9.11,0,0
1624999120,9.11,9.11,9.11,9.11,9.11,0,0
1624999125,9.11,9.11,9.11,9.11,9.11,0,0
1624999130,9.11,9.11,9.11,9.11,9.11,0,0
1624999135,9.11,9.11,9.11,9.11,9.11,0,0
1624999140,9.11,9.11,9.11,9.11,9.11,0,0
1624999145,9.11,9.11,9.11,9.11,9.11,0,0
1624999150,9.11,9.11,9.11,9.11,9.11,0,0
1624999155,9.11,9.11,9.11,9.11,9.11,0,0
1624999160,9.11,9.11,9.11,9.11,9.11,0,0
1624999165,9.11,9.11,9.11,9.11,9.11,0,0
1624999170,9.11,9.11,9.11,9.11,9.11,0,0
1624999175,9.11,9.11,9.11,9.11,9.11,0,0
1624999180,9.11,9.11,9.11,9.11,9.11,0,0
1624999185,9.11,9.11,9.11,9.11,9.11,0,0
1624999190,9.11,9.11,9.11,9.11,9.11,0,0
1624999195,9.11,9.11,9.11,9.11,9.11,0,0
1624999200,9.11,9.11,9.11,9.11,9.11,0,0
1624999205,9.11,9.11,9.11,9.11,9.11,0,0
1624999210,9.11,9.11,9.11,9.11,9.11,0,0
1624999215,9.11,9.11,9.11,9.11,9.11,0,0
1624999220,9.11,9.11,9.11,9.11,9.11,0,0
1624999225,9.11,9.11,9.11,9.11,9.11,0,0
1624999230,9.11,9.11,9.11,9.11,9.11,0,0
1624999235,9.11,9.11,9.11,9.11,9.11,0,0
1624999240,9.11,9.11,9.11,9.11,9.11,0,0
1624999245,9.11,9.11,9.11,9.11,9.11,0,0
1624999250,9.11,9.11,9.11,9.11,9.11,0,0
1624999255,9.11,9.11,9.11,9.11,9.11,0,0
1624999260,9.11,9.11,9.11,9.11,9.11,0,0
1624999265,9.11,9.11,9.11,9.11,9.11,0,0
1624999270,9.11,9.11,9.11,9.11,9.11,0,0
1624999275,9.11,9.11,9.11,9.11,9.11,0,0
1624999280,9.11,9.11,9.11,9.11,9.11,0,0
1624999285,9.11,9.11,9.11,9.11,9.11,0,0
1624999290,9.11,9.11,9.11,9.11,9.11,0,0
1624999295,9.11,9.11,9.11,9.11,9.11,0,0
1624999300,9.11,9.11,9.11,9.11,9.11,0,0
1624999305,9.11,9.11,9.11,9.11,9.11,0,0
1624999310,9.11,9.11,9.11,9.11,9.11,0,0
1624999315,9.11,9.11,9.11,9.11,9.11,0,0
1624999320,9.11,9.11,9.11,9.11,9.11,0,0
1624999325,9.11,9.11,9.11,9.11,9.11,0,0
1624999330,9.11,9.11,9.11,9.11,9.11,0,0
1624999335,9.11,9.11,9.11,9.11,9.11,0,0
1624999340,9.11,9.11,9.11,9.11,9.11,0,0
1624999345,9.11,9.11,9.11,9.11,9.11,0,0
1624999350,9.11,9.11,9.11,9.11,9.11,1,1
1624999355,9.11,9.11,9.11,9.11,9.11,0,0
1624999360,9.11,9.11,9.11,9.11,9.11,0,0
1624999365,9.11,9.11,9.11,9.11,9.11,0,0
1624999370,9.11,9.11,9.11,9.11,9.11,0,0
1624999375,9.11,9.11,9.11,9.11,9.11,0,0
1624999380,9.11,9.11,9.11,9.11,9.11,0,0
1624999385,9.11,9.11,9.11,9.11,9.11,0,0
1624999390,9.11,9.11,9.11,9.11,9.11,0,0
1624999395,9.11,9.11,9.11,9.11,9.11,0,0
1624999400,9.11,9.11,9.11,9.11,9.11,0,0
1624999405,9.11,9.11,9.11,9.11,9.11,0,0
1624999410,9.11,9.11,9.11,9.11,9.11,0,0
1624999415,9.11,9.11,9.11,9.11,9.11,0,0
1624999420,9.11,9.11,9.11,9.11,9.11,0,0
1624999425,9.11,9.11,9.11,9.11,9.11,0,0
1624999430,9.11,9.11,9.11,9.11,9.11,0,0
1624999435,9.11,9.11,9.11,9.11,9.11,0,0
1624999440,9.11,9.11,9.11,9.11,9.11,0,0
1624999445,9.11,9.11,9.11,9.11,9.11,0,0
1624999450,9.11,9.11,9.11,9.11,9.11,0,0
1624999455,9.11,9.11,9.11,9.11,9.11,0,0
1624999460,9.11,9.11,9.11,9.11,9.11,0,0
1624999465,9.11,9.11,9.11,9.11,9.11,0,0
1624999470,9.11,9.11,9.11,9.11,9.11,0,0
1624999475,9.11,9.11,9.11,9.11,9.11,0,0
1624999480,9.11,9.11,9.11,9.11,9.11,0,0
1624999485,9.11,9.11,9.11,9.11,9.11,0,0
1624999490,9.11,9.11,9.11,9.11,9.11,0,0
1624999495,9.11,9.11,9.11,9.11,9.11,0,0
1624999500,9.11,9.11,9.11,9.11,9.11,0,0
1624999505,9.11,9.11,9.11,9.11,9.11,0,0
1624999510,9.11,9.11,9.11,9.11,9.11,0,0
1624999515,9.11,9.11,9.11,9.11,9.11,0,0
1624999520,9.11,9.11,9.11,9.11,9.11,0,0
1624999525,9.11,9.11,9.11,9.11,9.11,0,0
1624999530,9.11,9.11,9.11,9.11,9.11,0,0
1624999535,9.09,9.09,9.09,9.09,9.09,2,1
1624999540,9.09,9.09,9.09,9.09,9.09,0,0
1624999545,9.09,9.09,9.09,9.09,9.09,0,0
1624999550,9.09,9.09,9.09,9.09,9.09,0,0
1624999555,9.09,9.09,9.09,9.09,9.09,0,0
1624999560,9.09,9.09,9.09,9.09,9.09,0,0
1624999565,9.09,9.09,9.09,9.09,9.09,0,0
1624999570,9.09,9.09,9.09,9.09,9.09,0,0
1624999575,9.09,9.09,9.09,9.09,9.09,0,0
1624999580,9.09,9.09,9.09,9.09,9.09,0,0
1624999585,9.09,9.09,9.09,9.09,9.09,0,0
1624999590,9.09,9.09,9.09,9.09,9.09,0,0
1624999595,9.09,9.09,9.09,9.09,9.09,0,0
1624999600,9.09,9.09,9.09,9.09,9.09,0,0
1624999605,9.09,9.09,9.09,9.09,9.09,0,0
1624999610,9.09,9.09,9.09,9.09,9.09,0,0
1624999615,9.09,9.09,9.09,9.09,9.09,0,0
1624999620,9.09,9.09,9.09,9.09,9.09,0,0
1624999625,9.09,9.09,9.09,9.09,9.09,0,0
1624999630,9.09,9.09,9.09,9.09,9.09,0,0
1624999635,9.09,9.09,9.09,9.09,9.09,0,0
1624999640,9.09,9.09,9.09,9.09,9.09,0,0
1624999645,9.09,9.09,9.09,9.09,9.09,0,0
1624999650,9.09,9.09,9.09,9.09,9.09,0,0
1624999655,9.09,9.09,9.09,9.09,9.09,0,0
1624999660,9.09,9.09,9.09,9.09,9.09,0,0
1624999665,9.09,9.09,9.09,9.09,9.09,0,0
1624999670,9.09,9.09,9.09,9.09,9.09,0,0
1624999675,9.09,9.09,9.09,9.09,9.09,0,0
1624999680,9.09,9.09,9.09,9.09,9.09,0,0
1624999685,9.09,9.09,9.09,9.09,9.09,0,0
1624999690,9.09,9.09,9.09,9.09,9.09,0,0
1624999695,9.09,9.09,9.09,9.09,9.09,0,0
1624999700,9.09,9.09,9.09,9.09,9.09,0,0
1624999705,9.09,9.09,9.09,9.09,9.09,0,0
1624999710,9.09,9.09,9.09,9.09,9.09,0,0
1624999715,9.11,9.11,9.11,9.11,9.11,3,1
1624999720,9.11,9.11,9.11,9.11,9.11,0,0
1624999725,9.11,9.11,9.11,9.11,9.11,0,0
1624999730,9.11,9.11,9.11,9.11,9.11,0,0
1624999735,9.11,9.11,9.11,9.11,9.11,0,0
1624999740,9.11,9.11,9.11,9.11,9.11,0,0
1624999745,9.11,9.11,9.11,9.11,9.11,0,0
1624999750,9.11,9.11,9.11,9.11,9.11,0,0
1624999755,9.11,9.11,9.11,9.11,9.11,0,0
1624999760,9.11,9.11,9.11,9.11,9.11,0,0
1624999765,9.11,9.11,9.11,9.11,9.11,0,0
1624999770,9.11,9.11,9.11,9.11,9.11,0,0
1624999775,9.11,9.11,9.11,9.11,9.11,0,0
1624999780,9.11,9.11,9.11,9.11,9.11,0,0
1624999785,9.11,9.11,9.11,9.11,9.11,0,0
1624999790,9.11,9.11,9.11,9.11,9.11,0,0
1624999795,9.11,9.11,9.11,9.11,9.11,0,0
1624999800,9.11,9.11,9.11,9.11,9.11,0,0
1624999805,9.11,9.11,9.11,9.11,9.11,0,0
1624999810,9.11,9.11,9.11,9.11,9.11,0,0
1624999815,9.11,9.11,9.11,9.11,9.11,0,0
1624999820,9.11,9.11,9.11,9.11,9.11,0,0
1624999825,9.11,9.11,9.11,9.11,9.11,0,0
1624999830,9.11,9.11,9.11,9.11,9.11,0,0
1624999835,9.11,9.11,9.11,9.11,9.11,0,0
1624999840,9.11,9.11,9.11,9.11,9.11,0,0
1624999845,9.11,9.11,9.11,9.11,9.11,0,0
1624999850,9.11,9.11,9.11,9.11,9.11,0,0
1624999855,9.11,9.11,9.11,9.11,9.11,0,0
1624999860,9.11,9.11,9.11,9.11,9.11,0,0
1624999865,9.11,9.11,9.11,9.11,9.11,0,0
1624999870,9.11,9.11,9.11,9.11,9.11,0,0
1624999875,9.11,9.11,9.11,9.11,9.11,0,0
1624999880,9.11,9.11,9.11,9.11,9.11,0,0
1624999885,9.11,9.11,9.11,9.11,9.11,0,0
1624999890,9.11,9.11,9.11,9.11,9.11,0,0
1624999895,9.11,9.11,9.11,9.11,9.11,0,0
1624999900,9.11,9.11,9.11,9.11,9.11,0,0
1624999905,9.11,9.11,9.11,9.11,9.11,0,0
1624999910,9.11,9.11,9.11,9.11,9.11,0,0
1624999915,9.11,9.11,9.11,9.11,9.11,0,0
1624999920,9.11,9.11,9.11,9.11,9.11,0,0
1624999925,9.11,9.11,9.11,9.11,9.11,0,0
1624999930,9.11,9.11,9.11,9.11,9.11,0,0
1624999935,9.11,9.11,9.11,9.11,9.11,0,0
1624999940,9.11,9.11,9.11,9.11,9.11,0,0
1624999945,9.11,9.11,9.11,9.11,9.11,0,0
1624999950,9.11,9.11,9.11,9.11,9.11,0,0
1624999955,9.11,9.11,9.11,9.11,9.11,0,0
1624999960,9.11,9.11,9.11,9.11,9.11,0,0
1624999965,9.11,9.11,9.11,9.11,9.11,0,0
1624999970,9.11,9.11,9.11,9.11,9.11,0,0
1624999975,9.11,9.11,9.11,9.11,9.11,0,0
1624999980,9.11,9.11,9.11,9.11,9.11,0,0
1624999985,9.11,9.11,9.11,9.11,9.11,0,0
1624999990,9.11,9.11,9.11,9.11,9.11,0,0
1624999995,9.11,9.11,9.11,9.11,9.11,0,0
1625000000,9.11,9.11,9.11,9.11,9.11,0,0
1625000005,9.11,9.11,9.11,9.11,9.11,0,0
1625000010,9.11,9.11,9.11,9.11,9.11,0,0
1625000015,9.11,9.11,9.11,9.11,9.11,0,0
1625000020,9.11,9.11,9.11,9.11,9.11,0,0
1625000025,9.11,9.11,9.11,9.11,9.11,0,0
1625000030,9.11,9.11,9.11,9.11,9.11,0,0
1625000035,9.11,9.11,9.11,9.11,9.11,0,0
1625000040,9.11,9.11,9.11,9.11,9.11,0,0
1625000045,9.11,9.11,9.11,9.11,9.11,0,0
1625000050,9.11,9.11,9.11,9.11,9.11,0,0
1625000055,9.11,9.11,9.11,9.11,9.11,0,0
1625000060,9.11,9.11,9.11,9.11,9.11,0,0
1625000065,9.11,9.11,9.11,9.11,9.11,0,0
1625000070,9.11,9.11,9.11,9.11,9.11,0,0
1625000075,9.11,9.11,9.11,9.11,9.11,1,1
1625000080,9.11,9.11,9.11,9.11,9.11,0,0
1625000085,9.11,9.11,9.11,9.11,9.11,0,0
1625000090,9.11,9.11,9.11,9.11,9.11,0,0
1625000095,9.11,9.11,9.11,9.11,9.11,0,0
1625000100,9.11,9.11,9.11,9.11,9.11,0,0
1625000105,9.11,9.11,9.11,9.11,9.11,0,0
1625000110,9.11,9.11,9.11,9.11,9.11,0,0
1625000115,9.11,9.11,9.11,9.11,9.11,0,0
1625000120,9.1,9.1,9.1,9.1,9.1,1,1
1625000125,9.1,9.1,9.1,9.1,9.1,0,0
1625000130,9.1,9.1,9.1,9.1,9.1,0,0
1625000135,9.1,9.1,9.1,9.1,9.1,0,0
1625000140,9.1,9.1,9.1,9.1,9.1,0,0
1625000145,9.1,9.1,9.1,9.1,9.1,0,0
1625000150,9.1,9.1,9.1,9.1,9.1,0,0
1625000155,9.1,9.1,9.1,9.1,9.1,0,0
1625000160,9.1,9.1,9.1,9.1,9.1,0,0
1625000165,9.1,9.1,9.1,9.1,9.1,0,0
1625000170,9.1,9.1,9.1,9.1,9.1,0,0
1625000175,9.1,9.1,9.1,9.1,9.1,0,0
1625000180,9.1,9.1,9.1,9.1,9.1,0,0
1625000185,9.1,9.1,9.1,9.1,9.1,0,0
1625000190,9.1,9.1,9.1,9.1,9.1,0,0
1625000195,9.1,9.1,9.1,9.1,9.1,0,0
1625000200,9.1,9.1,9.1,9.1,9.1,0,0
1625000205,9.1,9.1,9.1,9.1,9.1,0,0
1625000210,9.1,9.1,9.1,9.1,9.1,0,0
1625000215,9.1,9.1,9.1,9.1,9.1,0,0
1625000220,9.1,9.1,9.1,9.1,9.1,0,0
1625000225,9.1,9.1,9.1,9.1,9.1,0,0
1625000230,9.1,9.1,9.1,9.1,9.1,0,0
1625000235,9.1,9.1,9.1,9.1,9.1,0,0
1625000240,9.1,9.1,9.1,9.1,9.1,0,0
1625000245,9.1,9.1,9.1,9.1,9.1,0,0
1625000250,9.1,9.1,9.1,9.1,9.1,0,0
1625000255,9.1,9.1,9.1,9.1,9.1,0,0
1625000260,9.1,9.1,9.1,9.1,9.1,0,0
1625000265,9.1,9.1,9.1,9.1,9.1,0,0
1625000270,9.1,9.1,9.1,9.1,9.1,0,0
1625000275,9.1,9.1,9.1,9.1,9.1,0,0
1625000280,9.1,9.1,9.1,9.1,9.1,0,0
1625000285,9.1,9.1,9.1,9.1,9.1,0,0
1625000290,9.1,9.1,9.1,9.1,9.1,0,0
1625000295,9.1,9.1,9.1,9.1,9.1,0,0
1625000300,9.1,9.1,9.1,9.1,9.1,0,0
1625000305,9.1,9.1,9.1,9.1,9.1,0,0
1625000310,9.1,9.1,9.1,9.1,9.1,0,0
1625000315,9.1,9.1,9.1,9.1,9.1,0,0
1625000320,9.1,9.1,9.1,9.1,9.1,0,0
1625000325,9.1,9.1,9.1,9.1,9.1,0,0
1625000330,9.1,9.1,9.1,9.1,9.1,0,0
1625000335,9.1,9.1,9.1,9.1,9.1,0,0
1625000340,9.1,9.1,9.1,9.1,9.1,0,0
1625000345,9.1,9.1,9.1,9.1,9.1,0,0
1625000350,9.1,9.1,9.1,9.1,9.1,0,0
1625000355,9.1,9.1,9.1,9.1,9.1,0,0
1625000360,9.1,9.1,9.1,9.1,9.1,0,0
1625000365,9.1,9.1,9.1,9.1,9.1,0,0
1625000370,9.1,9.1,9.1,9.1,9.1,0,0
1625000375,9.1,9.1,9.1,9.1,9.1,0,0
1625000380,9.1,9.1,9.1,9.1,9.1,0,0
1625000385,9.1,9.1,9.1,9.1,9.1,0,0
1625000390,9.1,9.1,9.1,9.1,9.1,0,0
1625000395,9.1,9.1,9.1,9.1,9.1,0,0
1625000400,9.1,9.1,9.1,9.1,9.1,0,0
1625000405,9.1,9.1,9.1,9.1,9.1,0,0
1625000410,9.1,9.1,9.1,9.1,9.1,0,0
1625000415,9.1,9.1,9.1,9.1,9.1,0,0
1625000420,9.1,9.1,9.1,9.1,9.1,0,0
1625000425,9.1,9.1,9.1,9.1,9.1,0,0
1625000430,9.1,9.1,9.1,9.1,9.1,0,0
1625000435,9.1,9.1,9.1,9.1,9.1,0,0
1625000440,9.1,9.1,9.1,9.1,9.1,0,0
1625000445,9.1,9.1,9.1,9.1,9.1,0,0
1625000450,9.1,9.1,9.1,9.1,9.1,0,0
1625000455,9.1,9.1,9.1,9.1,9.1,0,0
1625000460,9.1,9.1,9.1,9.1,9.1,0,0
1625000465,9.1,9.1,9.1,9.1,9.1,0,0
1625000470,9.1,9.1,9.1,9.1,9.1,0,0
1625000475,9.1,9.1,9.1,9.1,9.1,0,0
1625000480,9.09,9.09,9.09,9.09,9.09,1,1
1625000485,9.09,9.09,9.09,9.09,9.09,0,0
1625000490,9.09,9.09,9.09,9.09,9.09,0,0
1625000495,9.09,9.09,9.09,9.09,9.09,0,0
1625000500,9.09,9.09,9.09,9.09,9.09,0,0
1625000505,9.09,9.09,9.09,9.09,9.09,0,0
1625000510,9.09,9.09,9.09,9.09,9.09,0,0
1625000515,9.09,9.09,9.09,9.09,9.09,0,0
1625000520,9.09,9.09,9.09,9.09,9.09,0,0
1625000525,9.09,9.09,9.09,9.09,9.09,0,0
1625000530,9.09,9.09,9.09,9.09,9.09,0,0
1625000535,9.09,9.09,9.09,9.09,9.09,0,0
1625000540,9.09,9.09,9.09,9.09,9.09,0,0
1625000545,9.09,9.09,9.09,9.09,9.09,0,0
1625000550,9.09,9.09,9.09,9.09,9.09,0,0
1625000555,9.09,9.09,9.09,9.09,9.09,0,0
1625000560,9.09,9.09,9.09,9.09,9.09,0,0
1625000565,9.11,9.11,9.11,9.11,9.11,2,1
1625000570,9.11,9.11,9.11,9.11,9.11,0,0
1625000575,9.11,9.11,9.11,9.11,9.11,0,0
1625000580,9.11,9.11,9.11,9.11,9.11,0,0
1625000585,9.11,9.11,9.11,9.11,9.11,0,0
1625000590,9.11,9.11,9.11,9.11,9.11,0,0
1625000595,9.11,9.11,9.11,9.11,9.11,0,0
1625000600,9.11,9.11,9.11,9.11,9.11,0,0
1625000605,9.11,9.11,9.11,9.11,9.11,0,0
1625000610,9.11,9.11,9.11,9.11,9.11,0,0
1625000615,9.11,9.11,9.11,9.11,9.11,2,1
1625000620,9.11,9.11,9.11,9.11,9.11,0,0
1625000625,9.11,9.11,9.11,9.11,9.11,0,0
1625000630,9.11,9.11,9.11,9.11,9.11,0,0
1625000635,9.11,9.11,9.11,9.11,9.11,10,3
1625000640,9.11,9.11,9.11,9.11,9.11,0,0
1625000645,9.11,9.11,9.11,9.11,9.11,0,0
1625000650,9.11,9.11,9.11,9.11,9.11,0,0
1625000655,9.11,9.11,9.11,9.11,9.11,2,1
1625000660,9.11,9.11,9.11,9.11,9.11,0,0
1625000665,9.11,9.11,9.11,9.11,9.11,2,1
1625000670,9.11,9.11,9.11,9.11,9.11,0,0
1625000675,9.11,9.11,9.11,9.11,9.11,0,0
1625000680,9.11,9.11,9.11,9.11,9.11,0,0
1625000685,9.11,9.11,9.11,9.11,9.11,0,0
1625000690,9.11,9.11,9.11,9.11,9.11,0,0
1625000695,9.11,9.11,9.11,9.11,9.11,0,0
1625000700,9.11,9.11,9.11,9.11,9.11,0,0
1625000705,9.11,9.11,9.11,9.11,9.11,0,0
1625000710,9.11,9.11,9.11,9.11,9.11,0,0
1625000715,9.11,9.11,9.11,9.11,9.11,0,0
1625000720,9.11,9.11,9.11,9.11,9.11,0,0
1625000725,9.11,9.11,9.11,9.11,9.11,0,0
1625000730,9.11,9.11,9.11,9.11,9.11,0,0
1625000735,9.11,9.11,9.11,9.11,9.11,0,0
1625000740,9.11,9.11,9.11,9.11,9.11,0,0
1625000745,9.11,9.11,9.11,9.11,9.11,0,0
1625000750,9.11,9.11,9.11,9.11,9.11,0,0
1625000755,9.11,9.11,9.11,9.11,9.11,0,0
1625000760,9.12,9.12,9.12,9.12,9.12,10,1
1625000765,9.12,9.12,9.12,9.12,9.12,0,0
1625000770,9.12,9.12,9.12,9.12,9.12,0,0
1625000775,9.12,9.12,9.12,9.12,9.12,0,0
1625000780,9.12,9.12,9.12,9.12,9.12,0,0
1625000785,9.12,9.12,9.12,9.12,9.12,0,0
1625000790,9.12,9.12,9.12,9.12,9.12,0,0
1625000795,9.12,9.12,9.12,9.12,9.12,0,0
1625000800,9.12,9.12,9.12,9.12,9.12,0,0
1625000805,9.12,9.12,9.12,9.12,9.12,0,0
1625000810,9.12,9.12,9.12,9.12,9.12,0,0
1625000815,9.12,9.12,9.12,9.12,9.12,0,0
1625000820,9.12,9.12,9.12,9.12,9.12,0,0
1625000825,9.12,9.12,9.12,9.12,9.12,0,0
1625000830,9.12,9.12,9.12,9.12,9.12,0,0
1625000835,9.1,9.1,9.1,9.1,9.1,2,1
1625000840,9.1,9.1,9.1,9.1,9.1,0,0
1625000845,9.1,9.1,9.1,9.1,9.1,0,0
1625000850,9.1,9.1,9.1,9.1,9.1,0,0
1625000855,9.1,9.1,9.1,9.1,9.1,0,0
1625000860,9.1,9.1,9.1,9.1,9.1,0,0
1625000865,9.1,9.1,9.1,9.1,9.1,0,0
1625000870,9.1,9.1,9.1,9.1,9.1,0,0
1625000875,9.1,9.1,9.1,9.1,9.1,0,0
1625000880,9.1,9.1,9.1,9.1,9.1,0,0
1625000885,9.1,9.1,9.1,9.1,9.1,0,0
1625000890,9.1,9.1,9.1,9.1,9.1,0,0
1625000895,9.1,9.1,9.1,9.1,9.1,0,0
1625000900,9.1,9.1,9.1,9.1,9.1,0,0
1625000905,9.1,9.1,9.1,9.1,9.1,0,0
1625000910,9.1,9.1,9.1,9.1,9.1,0,0
1625000915,9.12,9.12,9.12,9.12,9.12,170,1
1625000920,9.12,9.12,9.12,9.12,9.12,0,0
1625000925,9.12,9.12,9.12,9.12,9.12,0,0
1625000930,9.12,9.12,9.12,9.12,9.12,0,0
1625000935,9.12,9.12,9.12,9.12,9.12,0,0
1625000940,9.12,9.12,9.12,9.12,9.12,0,0
1625000945,9.12,9.12,9.12,9.12,9.12,0,0
1625000950,9.12,9.12,9.12,9.12,9.12,0,0
1625000955,9.12,9.12,9.12,9.12,9.12,0,0
1625000960,9.12,9.12,9.12,9.12,9.12,0,0
1625000965,9.12,9.12,9.12,9.12,9.12,0,0
1625000970,9.12,9.12,9.12,9.12,9.12,0,0
1625000975,9.12,9.12,9.12,9.12,9.12,0,0
1625000980,9.12,9.12,9.12,9.12,9.12,0,0
1625000985,9.12,9.12,9.12,9.12,9.12,0,0
1625000990,9.12,9.12,9.12,9.12,9.12,0,0
1625000995,9.12,9.12,9.12,9.12,9.12,0,0
1625001000,9.12,9.12,9.12,9.12,9.12,0,0
1625001005,9.11,9.11,9.11,9.11,9.11,1,1
1625001010,9.11,9.11,9.11,9.11,9.11,0,0
1625001015,9.11,9.11,9.11,9.11,9.11,0,0
1625001020,9.11,9.11,9.11,9.11,9.11,0,0
1625001025,9.11,9.11,9.11,9.11,9.11,0,0
1625001030,9.11,9.11,9.11,9.11,9.11,0,0
1625001035,9.11,9.11,9.11,9.11,9.11,0,0
1625001040,9.11,9.11,9.11,9.11,9.11,0,0
1625001045,9.11,9.11,9.11,9.11,9.11,0,0
1625001050,9.11,9.11,9.11,9.11,9.11,1,1
1625001055,9.11,9.11,9.11,9.11,9.11,0,0
1625001060,9.11,9.11,9.11,9.11,9.11,0,0
1625001065,9.11,9.11,9.11,9.11,9.11,0,0
1625001070,9.11,9.11,9.11,9.11,9.11,0,0
1625001075,9.11,9.11,9.11,9.11,9.11,0,0
1625001080,9.11,9.11,9.11,9.11,9.11,0,0
1625001085,9.11,9.11,9.11,9.11,9.11,0,0
1625001090,9.11,9.11,9.11,9.11,9.11,0,0
1625001095,9.11,9.11,9.11,9.11,9.11,0,0
1625001100,9.11,9.11,9.11,9.11,9.11,0,0
1625001105,9.11,9.11,9.11,9.11,9.11,0,0
1625001110,9.11,9.11,9.11,9.11,9.11,0,0
1625001115,9.12,9.12,9.12,9.12,9.12,2,1
1625001120,9.12,9.12,9.12,9.12,9.12,0,0
1625001125,9.12,9.12,9.12,9.12,9.12,0,0
1625001130,9.12,9.12,9.12,9.12,9.12,0,0
1625001135,9.12,9.12,9.12,9.12,9.12,0,0
1625001140,9.12,9.12,9.12,9.12,9.12,0,0
1625001145,9.12,9.12,9.12,9.12,9.12,0,0
1625001150,9.12,9.12,9.12,9.12,9.12,0,0
1625001155,9.12,9.12,9.12,9.12,9.12,0,0
1625001160,9.12,9.12,9.12,9.12,9.12,0,0
1625001165,9.12,9.12,9.12,9.12,9.12,0,0
1625001170,9.12,9.12,9.12,9.12,9.12,0,0
1625001175,9.12,9.12,9.12,9.12,9.12,0,0
1625001180,9.1,9.1,9.1,9.1,9.1,1,1
1625001185,9.1,9.1,9.1,9.1,9.1,0,0
1625001190,9.1,9.1,9.1,9.1,9.1,0,0
1625001195,9.1,9.1,9.1,9.1,9.1,0,0
1625001200,9.11,9.11,9.11,9.11,9.11,1,1
1625001205,9.11,9.11,9.11,9.11,9.11,0,0
1625001210,9.11,9.11,9.11,9.11,9.11,0,0
1625001215,9.11,9.11,9.11,9.11,9.11,0,0
1625001220,9.11,9.11,9.11,9.11,9.11,0,0
1625001225,9.11,9.11,9.11,9.11,9.11,0,0
1625001230,9.1,9.1,9.1,9.1,9.1,1,1
1625001235,9.1,9.1,9.1,9.1,9.1,0,0
1625001240,9.1,9.1,9.1,9.1,9.1,0,0
1625001245,9.1,9.1,9.1,9.1,9.1,0,0
1625001250,9.1,9.1,9.1,9.1,9.1,0,0
1625001255,9.1,9.1,9.1,9.1,9.1,0,0
1625001260,9.1,9.1,9.1,9.1,9.1,0,0
1625001265,9.1,9.1,9.1,9.1,9.1,0,0
1625001270,9.1,9.1,9.1,9.1,9.1,0,0
1625001275,9.11,9.11,9.11,9.11,9.11,1,1
1625001280,9.11,9.11,9.11,9.11,9.11,0,0
1625001285,9.11,9.11,9.11,9.11,9.11,0,0
1625001290,9.11,9.11,9.11,9.11,9.11,0,0
1625001295,9.11,9.11,9.11,9.11,9.11,0,0
1625001300,9.11,9.11,9.11,9.11,9.11,0,0
1625001305,9.11,9.11,9.11,9.11,9.11,0,0
1625001310,9.11,9.11,9.11,9.11,9.11,0,0
1625001315,9.11,9.11,9.11,9.11,9.11,0,0
1625001320,9.11,9.11,9.11,9.11,9.11,0,0
1625001325,9.11,9.11,9.11,9.11,9.11,0,0
1625001330,9.11,9.11,9.11,9.11,9.11,0,0
1625001335,9.11,9.11,9.11,9.11,9.11,0,0
1625001340,9.11,9.11,9.11,9.11,9.11,0,0
1625001345,9.11,9.11,9.11,9.11,9.11,0,0
1625001350,9.11,9.11,9.11,9.11,9.11,0,0
1625001355,9.11,9.11,9.11,9.11,9.11,0,0
1625001360,9.11,9.11,9.11,9.11,9.11,0,0
1625001365,9.11,9.11,9.11,9.11,9.11,0,0
1625001370,9.11,9.11,9.11,9.11,9.11,0,0
1625001375,9.11,9.11,9.11,9.11,9.11,0,0
1625001380,9.11,9.11,9.11,9.11,9.11,0,0
1625001385,9.11,9.11,9.11,9.11,9.11,0,0
1625001390,9.11,9.11,9.11,9.11,9.11,0,0
1625001395,9.11,9.11,9.11,9.11,9.11,0,0
1625001400,9.11,9.11,9.11,9.11,9.11,0,0
1625001405,9.11,9.11,9.11,9.11,9.11,0,0
1625001410,9.11,9.11,9.11,9.11,9.11,0,0
1625001415,9.11,9.11,9.11,9.11,9.11,0,0
1625001420,9.11,9.11,9.11,9.11,9.11,0,0
1625001425,9.11,9.11,9.11,9.11,9.11,0,0
1625001430,9.11,9.11,9.11,9.11,9.11,0,0
1625001435,9.11,9.11,9.11,9.11,9.11,0,0
1625001440,9.11,9.11,9.11,9.11,9.11,0,0
1625001445,9.11,9.11,9.11,9.11,9.11,0,0
1625001450,9.11,9.11,9.11,9.11,9.11,0,0
1625001455,9.11,9.11,9.11,9.11,9.11,0,0
1625001460,9.11,9.11,9.11,9.11,9.11,0,0
1625001465,9.11,9.11,9.11,9.11,9.11,0,0
1625001470,9.11,9.11,9.11,9.11,9.11,0,0
1625001475,9.11,9.11,9.11,9.11,9.11,0,0
1625001480,9.11,9.11,9.11,9.11,9.11,0,0
1625001485,9.11,9.11,9.11,9.11,9.11,0,0
1625001490,9.11,9.11,9.11,9.11,9.11,0,0
1625001495,9.11,9.11,9.11,9.11,9.11,0,0
1625001500,9.11,9.11,9.11,9.11,9.11,0,0
1625001505,9.11,9.11,9.11,9.11,9.11,0,0
1625001510,9.11,9.11,9.11,9.11,9.11,0,0
1625001515,9.11,9.11,9.11,9.11,9.11,0,0
1625001520,9.11,9.11,9.11,9.11,9.11,0,0
1625001525,9.1,9.1,9.1,9.1,9.1,7,2
1625001530,9.1,9.1,9.1,9.1,9.1,0,0
1625001535,9.1,9.1,9.1,9.1,9.1,0,0
1625001540,9.1,9.1,9.1,9.1,9.1,0,0
1625001545,9.1,9.1,9.1,9.1,9.1,0,0
1625001550,9.1,9.1,9.1,9.1,9.1,0,0
1625001555,9.1,9.1,9.1,9.1,9.1,0,0
1625001560,9.1,9.1,9.1,9.1,9.1,0,0
1625001565,9.1,9.1,9.1,9.1,9.1,0,0
1625001570,9.1,9.1,9.1,9.1,9.1,0,0
1625001575,9.1,9.1,9.1,9.1,9.1,0,0
1625001580,9.1,9.1,9.1,9.1,9.1,0,0
1625001585,9.1,9.1,9.1,9.1,9.1,0,0
1625001590,9.1,9.1,9.1,9.1,9.1,0,0
1625001595,9.1,9.1,9.1,9.1,9.1,0,0
1625001600,9.1,9.1,9.1,9.1,9.1,0,0
1625001605,9.1,9.1,9.1,9.1,9.1,0,0
1625001610,9.1,9.1,9.1,9.1,9.1,0,0
1625001615,9.1,9.1,9.1,9.1,9.1,0,0
1625001620,9.1,9.1,9.1,9.1,9.1,0,0
1625001625,9.1,9.1,9.1,9.1,9.1,0,0
1625001630,9.1,9.1,9.1,9.1,9.1,0,0
1625001635,9.1,9.1,9.1,9.1,9.1,0,0
1625001640,9.1,9.1,9.1,9.1,9.1,0,0
1625001645,9.1,9.1,9.1,9.1,9.1,0,0
1625001650,9.1,9.1,9.1,9.1,9.1,0,0
1625001655,9.1,9.1,9.1,9.1,9.1,0,0
1625001660,9.1,9.1,9.1,9.1,9.1,0,0
1625001665,9.1,9.1,9.1,9.1,9.1,0,0
1625001670,9.1,9.1,9.1,9.1,9.1,0,0
1625001675,9.1,9.1,9.1,9.1,9.1,0,0
1625001680,9.1,9.1,9.1,9.1,9.1,0,0
1625001685,9.1,9.1,9.1,9.1,9.1,0,0
1625001690,9.1,9.1,9.1,9.1,9.1,0,0
1625001695,9.1,9.1,9.1,9.1,9.1,0,0
1625001700,9.1,9.1,9.1,9.1,9.1,0,0
1625001705,9.1,9.1,9.1,9.1,9.1,0,0
1625001710,9.1,9.1,9.1,9.1,9.1,0,0
1625001715,9.1,9.1,9.1,9.1,9.1,0,0
1625001720,9.1,9.1,9.1,9.1,9.1,0,0
1625001725,9.1,9.1,9.1,9.1,9.1,0,0
1625001730,9.1,9.1,9.1,9.1,9.1,0,0
1625001735,9.11,9.11,9.11,9.11,9.11,5,2
1625001740,9.11,9.11,9.11,9.11,9.11,0,0
1625001745,9.11,9.11,9.11,9.11,9.11,0,0
1625001750,9.11,9.11,9.11,9.11,9.11,0,0
1625001755,9.12,9.12,9.12,9.12,9.12,4,1
1625001760,9.12,9.12,9.12,9.12,9.12,0,0
1625001765,9.12,9.12,9.12,9.12,9.12,0,0
1625001770,9.12,9.12,9.12,9.12,9.12,0,0
1625001775,9.12,9.12,9.12,9.12,9.12,0,0
1625001780,9.12,9.12,9.12,9.12,9.12,0,0
1625001785,9.12,9.12,9.12,9.12,9.12,0,0
1625001790,9.12,9.12,9.12,9.12,9.12,0,0
1625001795,9.12,9.12,9.12,9.12,9.12,0,0
1625001800,9.12,9.12,9.12,9.12,9.12,0,0
1625001805,9.12,9.12,9.12,9.12,9.12,0,0
1625001810,9.12,9.12,9.12,9.12,9.12,0,0
1625001815,9.12,9.12,9.12,9.12,9.12,0,0
1625001820,9.12,9.12,9.12,9.12,9.12,0,0
1625001825,9.12,9.12,9.12,9.12,9.12,0,0
1625001830,9.12,9.12,9.12,9.12,9.12,0,0
1625001835,9.12,9.12,9.12,9.12,9.12,0,0
1625001840,9.12,9.12,9.12,9.12,9.12,0,0
1625001845,9.12,9.12,9.12,9.12,9.12,0,0
1625001850,9.12,9.12,9.12,9.12,9.12,0,0
1625001855,9.12,9.12,9.12,9.12,9.12,0,0
1625001860,9.12,9.12,9.12,9.12,9.12,3,1
1625001865,9.12,9.12,9.12,9.12,9.12,0,0
1625001870,9.12,9.12,9.12,9.12,9.12,0,0
1625001875,9.12,9.12,9.12,9.12,9.12,0,0
1625001880,9.12,9.12,9.12,9.12,9.12,0,0
1625001885,9.12,9.12,9.12,9.12,9.12,0,0
1625001890,9.12,9.12,9.12,9.12,9.12,0,0
1625001895,9.12,9.12,9.12,9.12,9.12,0,0
1625001900,9.12,9.12,9.12,9.12,9.12,0,0
1625001905,9.12,9.12,9.12,9.12,9.12,0,0
1625001910,9.12,9.12,9.12,9.12,9.12,0,0
1625001915,9.12,9.12,9.12,9.12,9.12,0,0
1625001920,9.11,9.11,9.11,9.11,9.11,1,1
1625001925,9.11,9.11,9.11,9.11,9.11,0,0
1625001930,9.11,9.11,9.11,9.11,9.11,0,0
1625001935,9.11,9.11,9.11,9.11,9.11,0,0
1625001940,9.11,9.11,9.11,9.11,9.11,0,0
1625001945,9.11,9.11,9.11,9.11,9.11,0,0
1625001950,9.11,9.11,9.11,9.11,9.11,0,0
1625001955,9.11,9.11,9.11,9.11,9.11,0,0
1625001960,9.12,9.12,9.12,9.12,9.12,2,1
1625001965,9.12,9.12,9.12,9.12,9.12,0,0
1625001970,9.12,9.12,9.12,9.12,9.12,0,0
1625001975,9.12,9.12,9.12,9.12,9.12,0,0
1625001980,9.12,9.12,9.12,9.12,9.12,0,0
1625001985,9.12,9.12,9.12,9.12,9.12,0,0
1625001990,9.12,9.12,9.12,9.12,9.12,0,0
1625001995,9.12,9.12,9.12,9.12,9.12,0,0
1625002000,9.12,9.12,9.12,9.12,9.12,0,0
1625002005,9.12,9.12,9.12,9.12,9.12,0,0
1625002010,9.12,9.12,9.12,9.12,9.12,0,0
1625002015,9.12,9.12,9.12,9.12,9.12,0,0
1625002020,9.12,9.12,9.12,9.12,9.12,0,0
1625002025,9.12,9.12,9.12,9.12,9.12,0,0
1625002030,9.12,9.12,9.12,9.12,9.12,0,0
1625002035,9.12,9.12,9.12,9.12,9.12,0,0
1625002040,9.12,9.12,9.12,9.12,9.12,0,0
1625002045,9.12,9.12,9.12,9.12,9.12,0,0
1625002050,9.12,9.12,9.12,9.12,9.12,0,0
1625002055,9.12,9.12,9.12,9.12,9.12,0,0
1625002060,9.12,9.12,9.12,9.12,9.12,0,0
1625002065,9.12,9.12,9.12,9.12,9.12,0,0
1625002070,9.12,9.12,9.12,9.12,9.12,0,0
1625002075,9.11,9.11,9.11,9.11,9.11,5,1
1625002080,9.11,9.11,9.11,9.11,9.11,0,0
1625002085,9.11,9.11,9.11,9.11,9.11,0,0
1625002090,9.11,9.11,9.11,9.11,9.11,0,0
1625002095,9.11,9.11,9.11,9.11,9.11,0,0
1625002100,9.11,9.11,9.11,9.11,9.11,0,0
1625002105,9.11,9.11,9.11,9.11,9.11,0,0
1625002110,9.11,9.11,9.11,9.11,9.11,0,0
1625002115,9.11,9.11,9.11,9.11,9.11,0,0
1625002120,9.11,9.11,9.11,9.11,9.11,0,0
1625002125,9.11,9.11,9.11,9.11,9.11,0,0
1625002130,9.11,9.11,9.11,9.11,9.11,0,0
1625002135,9.11,9.11,9.11,9.11,9.11,0,0
1625002140,9.11,9.11,9.11,9.11,9.11,0,0
1625002145,9.11,9.11,9.11,9.11,9.11,0,0
1625002150,9.11,9.11,9.11,9.11,9.11,0,0
1625002155,9.11,9.11,9.11,9.11,9.11,0,0
1625002160,9.12,9.12,9.1,9.1,9.11515,88,10
1625002165,9.1,9.1,9.1,9.1,9.1,0,0
1625002170,9.1,9.1,9.1,9.1,9.1,0,0
1625002175,9.1,9.1,9.1,9.1,9.1,0,0
1625002180,9.1,9.1,9.1,9.1,9.1,0,0
1625002185,9.1,9.1,9.1,9.1,9.1,0,0
1625002190,9.1,9.1,9.1,9.1,9.1,0,0
1625002195,9.1,9.1,9.1,9.1,9.1,0,0
1625002200,9.1,9.1,9.1,9.1,9.1,0,0
1625002205,9.1,9.1,9.1,9.1,9.1,0,0
1625002210,9.1,9.1,9.1,9.1,9.1,0,0
1625002215,9.1,9.1,9.1,9.1,9.1,0,0
1625002220,9.1,9.1,9.1,9.1,9.1,0,0
1625002225,9.1,9.1,9.1,9.1,9.1,0,0
1625002230,9.1,9.1,9.1,9.1,9.1,0,0
1625002235,9.13,9.13,9.13,9.13,9.13,1,1
1625002240,9.13,9.13,9.13,9.13,9.13,0,0
1625002245,9.13,9.13,9.13,9.13,9.13,0,0
1625002250,9.13,9.13,9.13,9.13,9.13,0,0
1625002255,9.13,9.13,9.13,9.13,9.13,0,0
1625002260,9.13,9.13,9.13,9.13,9.13,0,0
1625002265,9.13,9.13,9.13,9.13,9.13,0,0
1625002270,9.13,9.13,9.13,9.13,9.13,0,0
1625002275,9.13,9.13,9.13,9.13,9.13,0,0
1625002280,9.13,9.13,9.13,9.13,9.13,0,0
1625002285,9.13,9.13,9.13,9.13,9.13,0,0
1625002290,9.13,9.13,9.13,9.13,9.13,0,0
1625002295,9.13,9.13,9.13,9.13,9.13,5,2
1625002300,9.13,9.13,9.13,9.13,9.13,0,0
1625002305,9.13,9.13,9.13,9.13,9.13,0,0
1625002310,9.13,9.13,9.13,9.13,9.13,0,0
1625002315,9.13,9.13,9.13,9.13,9.13,0,0
1625002320,9.13,9.13,9.13,9.13,9.13,0,0
1625002325,9.13,9.13,9.13,9.13,9.13,0,0
1625002330,9.13,9.13,9.13,9.13,9.13,0,0
1625002335,9.13,9.13,9.13,9.13,9.13,0,0
1625002340,9.13,9.13,9.13,9.13,9.13,0,0
1625002345,9.13,9.13,9.13,9.13,9.13,0,0
1625002350,9.13,9.13,9.13,9.13,9.13,0,0
1625002355,9.13,9.13,9.13,9.13,9.13,0,0
1625002360,9.13,9.13,9.13,9.13,9.13,0,0
1625002365,9.13,9.13,9.13,9.13,9.13,0,0
1625002370,9.13,9.13,9.13,9.13,9.13,0,0
1625002375,9.13,9.13,9.13,9.13,9.13,1,1
1625002380,9.13,9.13,9.13,9.13,9.13,0,0
1625002385,9.13,9.13,9.13,9.13,9.13,0,0
1625002390,9.13,9.13,9.13,9.13,9.13,0,0
1625002395,9.13,9.13,9.13,9.13,9.13,0,0
1625002400,9.13,9.13,9.13,9.13,9.13,0,0
1625002405,9.13,9.13,9.13,9.13,9.13,0,0
1625002410,9.13,9.13,9.13,9.13,9.13,0,0
1625002415,9.13,9.13,9.13,9.13,9.13,0,0
1625002420,9.13,9.13,9.13,9.13,9.13,0,0
1625002425,9.13,9.13,9.13,9.13,9.13,0,0
1625002430,9.13,9.13,9.13,9.13,9.13,0,0
1625002435,9.13,9.13,9.13,9.13,9.13,0,0
1625002440,9.13,9.13,9.13,9.13,9.13,0,0
1625002445,9.13,9.13,9.13,9.13,9.13,15,1
1625002450,9.13,9.13,9.13,9.13,9.13,0,0
1625002455,9.13,9.13,9.13,9.13,9.13,0,0
1625002460,9.13,9.13,9.13,9.13,9.13,0,0
1625002465,9.13,9.13,9.13,9.13,9.13,0,0
1625002470,9.13,9.13,9.13,9.13,9.13,0,0
1625002475,9.13,9.13,9.13,9.13,9.13,0,0
1625002480,9.13,9.13,9.13,9.13,9.13,0,0
1625002485,9.13,9.13,9.13,9.13,9.13,0,0
1625002490,9.13,9.13,9.13,9.13,9.13,0,0
1625002495,9.13,9.13,9.13,9.13,9.13,0,0
1625002500,9.13,9.13,9.13,9.13,9.13,0,0
1625002505,9.13,9.13,9.13,9.13,9.13,0,0
1625002510,9.13,9.13,9.13,9.13,9.13,0,0
1625002515,9.13,9.13,9.13,9.13,9.13,0,0
1625002520,9.13,9.13,9.13,9.13,9.13,0,0
1625002525,9.13,9.13,9.13,9.13,9.13,0,0
1625002530,9.13,9.13,9.13,9.13,9.13,0,0
1625002535,9.13,9.13,9.13,9.13,9.13,0,0
1625002540,9.13,9.13,9.13,9.13,9.13,0,0
1625002545,9.13,9.13,9.13,9.13,9.13,0,0
1625002550,9.13,9.13,9.13,9.13,9.13,1,1
1625002555,9.13,9.13,9.13,9.13,9.13,0,0
1625002560,9.13,9.13,9.13,9.13,9.13,0,0
1625002565,9.13,9.13,9.13,9.13,9.13,0,0
1625002570,9.13,9.13,9.13,9.13,9.13,0,0
1625002575,9.13,9.13,9.13,9.13,9.13,0,0
1625002580,9.13,9.13,9.13,9.13,9.13,0,0
1625002585,9.13,9.13,9.13,9.13,9.13,0,0
1625002590,9.13,9.13,9.13,9.13,9.13,0,0
1625002595,9.13,9.13,9.13,9.13,9.13,0,0
1625002600,9.13,9.13,9.13,9.13,9.13,0,0
1625002605,9.13,9.13,9.13,9.13,9.13,0,0
1625002610,9.13,9.13,9.13,9.13,9.13,0,0
1625002615,9.13,9.13,9.13,9.13,9.13,0,0
1625002620,9.13,9.13,9.13,9.13,9.13,0,0
1625002625,9.13,9.13,9.13,9.13,9.13,0,0
1625002630,9.13,9.13,9.13,9.13,9.13,0,0
1625002635,9.13,9.13,9.13,9.13,9.13,0,0
1625002640,9.13,9.13,9.13,9.13,9.13,0,0
1625002645,9.13,9.13,9.13,9.13,9.13,0,0
1625002650,9.13,9.13,9.13,9.13,9.13,0,0
1625002655,9.13,9.13,9.13,9.13,9.13,0,0
1625002660,9.13,9.13,9.13,9.13,9.13,0,0
1625002665,9.13,9.13,9.13,9.13,9.13,0,0
1625002670,9.13,9.13,9.13,9.13,9.13,0,0
1625002675,9.13,9.13,9.13,9.13,9.13,0,0
1625002680,9.13,9.13,9.13,9.13,9.13,0,0
1625002685,9.13,9.13,9.13,9.13,9.13,0,0
1625002690,9.13,9.13,9.13,9.13,9.13,0,0
1625002695,9.13,9.13,9.13,9.13,9.13,0,0
1625002700,9.13,9.13,9.13,9.13,9.13,0,0
1625002705,9.13,9.13,9.13,9.13,9.13,0,0
1625002710,9.13,9.13,9.13,9.13,9.13,0,0
1625002715,9.13,9.13,9.13,9.13,9.13,0,0
1625002720,9.13,9.13,9.13,9.13,9.13,0,0
1625002725,9.13,9.13,9.13,9.13,9.13,0,0
1625002730,9.13,9.13,9.13,9.13,9.13,0,0
1625002735,9.13,9.13,9.13,9.13,9.13,0,0
1625002740,9.13,9.13,9.13,9.13,9.13,0,0
1625002745,9.13,9.13,9.13,9.13,9.13,0,0
1625002750,9.13,9.13,9.13,9.13,9.13,0,0
1625002755,9.13,9.13,9.13,9.13,9.13,0,0
1625002760,9.13,9.13,9.13,9.13,9.13,0,0
1625002765,9.13,9.13,9.13,9.13,9.13,0,0
1625002770,9.13,9.13,9.13,9.13,9.13,0,0
1625002775,9.13,9.13,9.13,9.13,9.13,0,0
1625002780,9.13,9.13,9.13,9.13,9.13,0,0
1625002785,9.13,9.13,9.13,9.13,9.13,0,0
1625002790,9.13,9.13,9.13,9.13,9.13,0,0
1625002795,9.13,9.13,9.13,9.13,9.13,0,0
1625002800,9.13,9.13,9.13,9.13,9.13,0,0
1625002805,9.13,9.13,9.13,9.13,9.13,0,0
1625002810,9.13,9.13,9.13,9.13,9.13,0,0
1625002815,9.13,9.13,9.13,9.13,9.13,0,0
1625002820,9.13,9.13,9.13,9.13,9.13,0,0
1625002825,9.13,9.13,9.13,9.13,9.13,0,0
1625002830,9.13,9.13,9.13,9.13,9.13,0,0
1625002835,9.13,9.13,9.13,9.13,9.13,0,0
1625002840,9.13,9.13,9.13,9.13,9.13,0,0
1625002845,9.13,9.13,9.13,9.13,9.13,0,0
1625002850,9.13,9.13,9.13,9.13,9.13,0,0
1625002855,9.13,9.13,9.13,9.13,9.13,0,0
1625002860,9.13,9.13,9.13,9.13,9.13,0,0
1625002865,9.13,9.13,9.13,9.13,9.13,0,0
1625002870,9.13,9.13,9.13,9.13,9.13,0,0
1625002875,9.13,9.13,9.13,9.13,9.13,0,0
1625002880,9.13,9.13,9.13,9.13,9.13,0,0
1625002885,9.13,9.13,9.13,9.13,9.13,0,0
1625002890,9.13,9.13,9.13,9.13,9.13,0,0
1625002895,9.13,9.13,9.13,9.13,9.13,0,0
1625002900,9.13,9.13,9.13,9.13,9.13,0,0
1625002905,9.13,9.13,9.13,9.13,9.13,0,0
1625002910,9.13,9.13,9.13,9.13,9.13,0,0
1625002915,9.13,9.13,9.13,9.13,9.13,0,0
1625002920,9.13,9.13,9.13,9.13,9.13,0,0
1625002925,9.13,9.13,9.13,9.13,9.13,0,0
1625002930,9.13,9.13,9.13,9.13,9.13,0,0
1625002935,9.13,9.13,9.13,9.13,9.13,0,0
1625002940,9.13,9.13,9.13,9.13,9.13,0,0
1625002945,9.13,9.13,9.13,9.13,9.13,0,0
1625002950,9.13,9.13,9.13,9.13,9.13,0,0
1625002955,9.13,9.13,9.13,9.13,9.13,0,0
1625002960,9.13,9.13,9.13,9.13,9.13,0,0
1625002965,9.13,9.13,9.13,9.13,9.13,0,0
1625002970,9.13,9.13,9.13,9.13,9.13,0,0
1625002975,9.13,9.13,9.13,9.13,9.13,0,0
1625002980,9.13,9.13,9.13,9.13,9.13,0,0
1625002985,9.13,9.13,9.13,9.13,9.13,0,0
1625002990,9.13,9.13,9.13,9.13,9.13,0,0
1625002995,9.13,9.13,9.13,9.13,9.13,0,0
1625003000,9.13,9.13,9.13,9.13,9.13,0,0
1625003005,9.13,9.13,9.13,9.13,9.13,0,0
1625003010,9.13,9.13,9.13,9.13,9.13,0,0
1625003015,9.13,9.13,9.13,9.13,9.13,0,0
1625003020,9.13,9.13,9.13,9.13,9.13,0,0
1625003025,9.13,9.13,9.13,9.13,9.13,0,0
1625003030,9.13,9.13,9.13,9.13,9.13,0,0
1625003035,9.13,9.13,9.13,9.13,9.13,0,0
1625003040,9.13,9.13,9.13,9.13,9.13,0,0
1625003045,9.13,9.13,9.13,9.13,9.13,0,0
1625003050,9.13,9.13,9.13,9.13,9.13,0,0
1625003055,9.13,9.13,9.13,9.13,9.13,0,0
1625003060,9.13,9.13,9.13,9.13,9.13,0,0
1625003065,9.13,9.13,9.13,9.13,9.13,0,0
1625003070,9.13,9.13,9.13,9.13,9.13,0,0
1625003075,9.13,9.13,9.13,9.13,9.13,0,0
1625003080,9.13,9.13,9.13,9.13,9.13,0,0
1625003085,9.13,9.13,9.13,9.13,9.13,0,0
1625003090,9.13,9.13,9.13,9.13,9.13,0,0
1625003095,9.13,9.13,9.13,9.13,9.13,0,0
1625003100,9.13,9.13,9.13,9.13,9.13,0,0
1625003105,9.13,9.13,9.13,9.13,9.13,0,0
1625003110,9.13,9.13,9.13,9.13,9.13,0,0
1625003115,9.13,9.13,9.13,9.13,9.13,0,0
1625003120,9.13,9.13,9.13,9.13,9.13,0,0
1625003125,9.13,9.13,9.13,9.13,9.13,0,0
1625003130,9.13,9.13,9.13,9.13,9.13,0,0
1625003135,9.13,9.13,9.13,9.13,9.13,0,0
1625003140,9.13,9.13,9.13,9.13,9.13,0,0
1625003145,9.13,9.13,9.13,9.13,9.13,0,0
1625003150,9.13,9.13,9.13,9.13,9.13,0,0
1625003155,9.13,9.13,9.13,9.13,9.13,0,0
1625003160,9.13,9.13,9.13,9.13,9.13,0,0
1625003165,9.13,9.13,9.13,9.13,9.13,0,0
1625003170,9.13,9.13,9.13,9.13,9.13,0,0
1625003175,9.13,9.13,9.13,9.13,9.13,0,0
1625003180,9.13,9.13,9.13,9.13,9.13,4,1
1625003185,9.13,9.13,9.13,9.13,9.13,0,0
1625003190,9.13,9.13,9.13,9.13,9.13,0,0
1625003195,9.13,9.13,9.13,9.13,9.13,0,0
1625003200,9.13,9.13,9.13,9.13,9.13,0,0
1625003205,9.13,9.13,9.13,9.13,9.13,0,0
1625003210,9.13,9.13,9.13,9.13,9.13,0,0
1625003215,9.13,9.13,9.13,9.13,9.13,0,0
1625003220,9.13,9.13,9.13,9.13,9.13,2,1
1625003225,9.13,9.13,9.13,9.13,9.13,0,0
1625003230,9.13,9.13,9.13,9.13,9.13,0,0
1625003235,9.13,9.13,9.13,9.13,9.13,0,0
1625003240,9.1,9.1,9.1,9.1,9.1,7,1
1625003245,9.1,9.1,9.1,9.1,9.1,0,0
1625003250,9.1,9.1,9.1,9.1,9.1,0,0
1625003255,9.1,9.1,9.1,9.1,9.1,0,0
1625003260,9.1,9.1,9.1,9.1,9.1,0,0
1625003265,9.1,9.1,9.1,9.1,9.1,0,0
1625003270,9.1,9.1,9.1,9.1,9.1,0,0
1625003275,9.1,9.1,9.1,9.1,9.1,0,0
1625003280,9.1,9.1,9.1,9.1,9.1,0,0
1625003285,9.1,9.1,9.1,9.1,9.1,0,0
1625003290,9.1,9.1,9.1,9.1,9.1,0,0
1625003295,9.1,9.1,9.1,9.1,9.1,0,0
1625003300,9.1,9.1,9.1,9.1,9.1,0,0
1625003305,9.1,9.1,9.1,9.1,9.1,0,0
1625003310,9.1,9.1,9.1,9.1,9.1,0,0
1625003315,9.1,9.1,9.1,9.1,9.1,0,0
1625003320,9.1,9.1,9.1,9.1,9.1,0,0
1625003325,9.1,9.1,9.1,9.1,9.1,0,0
1625003330,9.1,9.1,9.1,9.1,9.1,0,0
1625003335,9.1,9.1,9.1,9.1,9.1,0,0
1625003340,9.1,9.1,9.1,9.1,9.1,0,0
1625003345,9.1,9.1,9.1,9.1,9.1,0,0
1625003350,9.1,9.1,9.1,9.1,9.1,0,0
1625003355,9.1,9.1,9.1,9.1,9.1,0,0
1625003360,9.1,9.1,9.1,9.1,9.1,0,0
1625003365,9.1,9.1,9.1,9.1,9.1,0,0
1625003370,9.1,9.1,9.1,9.1,9.1,0,0
1625003375,9.1,9.1,9.1,9.1,9.1,0,0
1625003380,9.1,9.1,9.1,9.1,9.1,0,0
1625003385,9.1,9.1,9.1,9.1,9.1,0,0
1625003390,9.1,9.1,9.1,9.1,9.1,0,0
1625003395,9.1,9.1,9.1,9.1,9.1,0,0
1625003400,9.1,9.1,9.1,9.1,9.1,0,0
1625003405,9.13,9.13,9.13,9.13,9.13,2,1
1625003410,9.13,9.13,9.13,9.13,9.13,0,0
1625003415,9.13,9.13,9.13,9.13,9.13,0,0
1625003420,9.13,9.13,9.13,9.13,9.13,1,1
1625003425,9.13,9.13,9.13,9.13,9.13,0,0
1625003430,9.13,9.13,9.13,9.13,9.13,0,0
1625003435,9.13,9.13,9.13,9.13,9.13,1,1
1625003440,9.13,9.13,9.13,9.13,9.13,0,0
1625003445,9.13,9.13,9.13,9.13,9.13,0,0
1625003450,9.13,9.13,9.13,9.13,9.13,0,0
1625003455,9.13,9.13,9.13,9.13,9.13,0,0
1625003460,9.13,9.13,9.13,9.13,9.13,0,0
1625003465,9.13,9.13,9.13,9.13,9.13,0,0
1625003470,9.13,9.13,9.13,9.13,9.13,0,0
1625003475,9.13,9.13,9.13,9.13,9.13,0,0
1625003480,9.13,9.13,9.13,9.13,9.13,0,0
1625003485,9.13,9.13,9.13,9.13,9.13,0,0
1625003490,9.13,9.13,9.13,9.13,9.13,0,0
1625003495,9.13,9.13,9.13,9.13,9.13,0,0
1625003500,9.13,9.13,9.13,9.13,9.13,0,0
1625003505,9.13,9.13,9.13,9.13,9.13,0,0
1625003510,9.13,9.13,9.13,9.13,9.13,0,0
1625003515,9.12,9.12,9.1,9.1,9.10426,4,2
1625003520,9.1,9.1,9.1,9.1,9.1,0,0
1625003525,9.1,9.1,9.1,9.1,9.1,0,0
1625003530,9.1,9.1,9.1,9.1,9.1,0,0
1625003535,9.1,9.1,9.1,9.1,9.1,0,0
1625003540,9.1,9.1,9.1,9.1,9.1,0,0
1625003545,9.1,9.1,9.1,9.1,9.1,0,0
1625003550,9.1,9.1,9.1,9.1,9.1,0,0
1625003555,9.1,9.1,9.1,9.1,9.1,0,0
1625003560,9.1,9.1,9.1,9.1,9.1,0,0
1625003565,9.1,9.1,9.1,9.1,9.1,0,0
1625003570,9.1,9.1,9.1,9.1,9.1,0,0
1625003575,9.1,9.1,9.1,9.1,9.1,0,0
1625003580,9.1,9.1,9.1,9.1,9.1,0,0
1625003585,9.1,9.1,9.1,9.1,9.1,0,0
1625003590,9.1,9.1,9.1,9.1,9.1,0,0
1625003595,9.1,9.1,9.1,9.1,9.1,0,0
1625003600,9.1,9.1,9.1,9.1,9.1,0,0
1625003605,9.1,9.1,9.1,9.1,9.1,0,0
1625003610,9.1,9.1,9.1,9.1,9.1,0,0
1625003615,9.1,9.1,9.1,9.1,9.1,0,0
1625003620,9.1,9.1,9.1,9.1,9.1,0,0
1625003625,9.1,9.1,9.1,9.1,9.1,0,0
1625003630,9.1,9.1,9.1,9.1,9.1,0,0
1625003635,9.1,9.1,9.1,9.1,9.1,0,0
1625003640,9.1,9.1,9.1,9.1,9.1,0,0
1625003645,9.1,9.1,9.1,9.1,9.1,0,0
1625003650,9.1,9.1,9.1,9.1,9.1,0,0
1625003655,9.1,9.1,9.1,9.1,9.1,0,0
1625003660,9.1,9.1,9.1,9.1,9.1,0,0
1625003665,9.1,9.1,9.1,9.1,9.1,0,0
1625003670,9.1,9.1,9.1,9.1,9.1,0,0
1625003675,9.1,9.1,9.1,9.1,9.1,0,0
1625003680,9.1,9.1,9.1,9.1,9.1,0,0
1625003685,9.1,9.1,9.1,9.1,9.1,0,0
1625003690,9.1,9.1,9.1,9.1,9.1,0,0
1625003695,9.1,9.1,9.1,9.1,9.1,0,0
1625003700,9.1,9.1,9.1,9.1,9.1,0,0
1625003705,9.1,9.1,9.1,9.1,9.1,0,0
1625003710,9.1,9.1,9.1,9.1,9.1,0,0
1625003715,9.1,9.1,9.1,9.1,9.1,0,0
1625003720,9.13,9.13,9.13,9.13,9.13,1,1
1625003725,9.13,9.13,9.13,9.13,9.13,0,0
1625003730,9.13,9.13,9.13,9.13,9.13,0,0
1625003735,9.13,9.13,9.13,9.13,9.13,0,0
1625003740,9.13,9.13,9.13,9.13,9.13,0,0
1625003745,9.13,9.13,9.13,9.13,9.13,0,0
1625003750,9.13,9.13,9.13,9.13,9.13,0,0
1625003755,9.13,9.13,9.13,9.13,9.13,0,0
1625003760,9.13,9.13,9.13,9.13,9.13,0,0
1625003765,9.13,9.13,9.13,9.13,9.13,0,0
1625003770,9.13,9.13,9.13,9.13,9.13,0,0
1625003775,9.13,9.13,9.13,9.13,9.13,0,0
1625003780,9.13,9.13,9.13,9.13,9.13,0,0
1625003785,9.13,9.13,9.13,9.13,9.13,0,0
1625003790,9.13,9.13,9.13,9.13,9.13,0,0
1625003795,9.13,9.13,9.13,9.13,9.13,0,0
1625003800,9.13,9.13,9.13,9.13,9.13,0,0
1625003805,9.13,9.13,9.13,9.13,9.13,0,0
1625003810,9.13,9.13,9.13,9.13,9.13,0,0
1625003815,9.13,9.13,9.13,9.13,9.13,0,0
1625003820,9.13,9.13,9.13,9.13,9.13,0,0
1625003825,9.13,9.13,9.13,9.13,9.13,0,0
1625003830,9.13,9.13,9.13,9.13,9.13,0,0
1625003835,9.13,9.13,9.13,9.13,9.13,0,0
1625003840,9.13,9.13,9.13,9.13,9.13,0,0
1625003845,9.13,9.13,9.13,9.13,9.13,0,0
1625003850,9.13,9.13,9.13,9.13,9.13,0,0
1625003855,9.13,9.13,9.13,9.13,9.13,0,0
1625003860,9.13,9.13,9.13,9.13,9.13,0,0
1625003865,9.13,9.13,9.13,9.13,9.13,0,0
1625003870,9.13,9.13,9.13,9.13,9.13,0,0
1625003875,9.13,9.13,9.13,9.13,9.13,0,0
1625003880,9.13,9.13,9.13,9.13,9.13,0,0
1625003885,9.13,9.13,9.13,9.13,9.13,0,0
1625003890,9.13,9.13,9.13,9.13,9.13,0,0
1625003895,9.13,9.13,9.13,9.13,9.13,0,0
1625003900,9.13,9.13,9.13,9.13,9.13,0,0
1625003905,9.13,9.13,9.13,9.13,9.13,0,0
1625003910,9.13,9.13,9.13,9.13,9.13,0,0
1625003915,9.13,9.13,9.13,9.13,9.13,0,0
1625003920,9.13,9.13,9.13,9.13,9.13,0,0
1625003925,9.13,9.13,9.13,9.13,9.13,0,0
1625003930,9.13,9.13,9.13,9.13,9.13,0,0
1625003935,9.13,9.13,9.13,9.13,9.13,0,0
1625003940,9.13,9.13,9.13,9.13,9.13,0,0
1625003945,9.13,9.13,9.13,9.13,9.13,0,0
1625003950,9.13,9.13,9.13,9.13,9.13,0,0
1625003955,9.1,9.1,9.1,9.1,9.1,12,3
1625003960,9.1,9.1,9.1,9.1,9.1,0,0
1625003965,9.1,9.1,9.1,9.1,9.1,0,0
1625003970,9.1,9.1,9.1,9.1,9.1,0,0
1625003975,9.1,9.1,9.1,9.1,9.1,0,0
1625003980,9.13,9.13,9.13,9.13,9.13,3,1
1625003985,9.13,9.13,9.13,9.13,9.13,0,0
1625003990,9.13,9.13,9.13,9.13,9.13,1,1
1625003995,9.13,9.13,9.13,9.13,9.13,0,0
1625004000,9.13,9.13,9.13,9.13,9.13,0,0
1625004005,9.13,9.13,9.13,9.13,9.13,0,0
1625004010,9.13,9.13,9.13,9.13,9.13,0,0
1625004015,9.13,9.13,9.13,9.13,9.13,0,0
1625004020,9.13,9.13,9.13,9.13,9.13,0,0
1625004025,9.13,9.13,9.13,9.13,9.13,0,0
1625004030,9.13,9.13,9.13,9.13,9.13,0,0
1625004035,9.13,9.13,9.13,9.13,9.13,0,0
1625004040,9.13,9.13,9.13,9.13,9.13,0,0
1625004045,9.13,9.13,9.13,9.13,9.13,0,0
1625004050,9.13,9.13,9.13,9.13,9.13,0,0
1625004055,9.13,9.13,9.13,9.13,9.13,0,0
1625004060,9.13,9.13,9.13,9.13,9.13,0,0
1625004065,9.13,9.13,9.13,9.13,9.13,0,0
1625004070,9.13,9.13,9.13,9.13,9.13,0,0
1625004075,9.13,9.13,9.13,9.13,9.13,0,0
1625004080,9.13,9.13,9.13,9.13,9.13,0,0
1625004085,9.13,9.13,9.13,9.13,9.13,0,0
1625004090,9.13,9.13,9.13,9.13,9.13,0,0
1625004095,9.13,9.13,9.13,9.13,9.13,0,0
1625004100,9.13,9.13,9.13,9.13,9.13,0,0
1625004105,9.13,9.13,9.13,9.13,9.13,0,0
1625004110,9.13,9.13,9.13,9.13,9.13,0,0
1625004115,9.13,9.13,9.13,9.13,9.13,0,0
1625004120,9.13,9.13,9.13,9.13,9.13,0,0
1625004125,9.13,9.13,9.13,9.13,9.13,0,0
1625004130,9.13,9.13,9.13,9.13,9.13,0,0
1625004135,9.13,9.13,9.13,9.13,9.13,0,0
1625004140,9.13,9.13,9.13,9.13,9.13,0,0
1625004145,9.13,9.13,9.13,9.13,9.13,0,0
1625004150,9.13,9.13,9.13,9.13,9.13,0,0
1625004155,9.13,9.13,9.13,9.13,9.13,0,0
1625004160,9.13,9.13,9.13,9.13,9.13,0,0
1625004165,9.13,9.13,9.13,9.13,9.13,0,0
1625004170,9.13,9.13,9.13,9.13,9.13,0,0
1625004175,9.13,9.13,9.13,9.13,9.13,0,0
1625004180,9.13,9.13,9.13,9.13,9.13,0,0
1625004185,9.13,9.13,9.13,9.13,9.13,0,0
1625004190,9.13,9.13,9.13,9.13,9.13,0,0
1625004195,9.13,9.13,9.13,9.13,9.13,0,0
1625004200,9.13,9.13,9.13,9.13,9.13,0,0
1625004205,9.13,9.13,9.13,9.13,9.13,0,0
1625004210,9.13,9.13,9.13,9.13,9.13,0,0
1625004215,9.13,9.13,9.13,9.13,9.13,11,1
1625004220,9.13,9.13,9.13,9.13,9.13,0,0
1625004225,9.13,9.13,9.13,9.13,9.13,0,0
1625004230,9.13,9.13,9.13,9.13,9.13,0,0
1625004235,9.13,9.13,9.13,9.13,9.13,0,0
1625004240,9.13,9.13,9.13,9.13,9.13,0,0
1625004245,9.13,9.13,9.13,9.13,9.13,0,0
1625004250,9.13,9.13,9.13,9.13,9.13,0,0
1625004255,9.13,9.13,9.13,9.13,9.13,0,0
1625004260,9.13,9.13,9.13,9.13,9.13,0,0
1625004265,9.13,9.13,9.13,9.13,9.13,0,0
1625004270,9.13,9.13,9.13,9.13,9.13,0,0
1625004275,9.13,9.13,9.13,9.13,9.13,0,0
1625004280,9.13,9.13,9.13,9.13,9.13,0,0
1625004285,9.13,9.13,9.13,9.13,9.13,0,0
1625004290,9.13,9.13,9.13,9.13,9.13,0,0
1625004295,9.13,9.13,9.13,9.13,9.13,0,0
1625004300,9.13,9.13,9.13,9.13,9.13,0,0
1625004305,9.13,9.13,9.13,9.13,9.13,0,0
1625004310,9.13,9.13,9.13,9.13,9.13,0,0
1625004315,9.13,9.13,9.13,9.13,9.13,0,0
1625004320,9.13,9.13,9.13,9.13,9.13,0,0
1625004325,9.13,9.13,9.13,9.13,9.13,0,0
1625004330,9.13,9.13,9.13,9.13,9.13,0,0
1625004335,9.12,9.12,9.12,9.12,9.12,1,1
1625004340,9.12,9.12,9.12,9.12,9.12,0,0
1625004345,9.12,9.12,9.12,9.12,9.12,0,0
1625004350,9.12,9.12,9.12,9.12,9.12,0,0
1625004355,9.12,9.12,9.12,9.12,9.12,0,0
1625004360,9.12,9.12,9.12,9.12,9.12,0,0
1625004365,9.12,9.12,9.12,9.12,9.12,0,0
1625004370,9.12,9.12,9.12,9.12,9.12,0,0
1625004375,9.12,9.12,9.12,9.12,9.12,0,0
1625004380,9.12,9.12,9.12,9.12,9.12,0,0
1625004385,9.11,9.11,9.11,9.11,9.11,1,1
1625004390,9.11,9.11,9.11,9.11,9.11,0,0
1625004395,9.11,9.11,9.11,9.11,9.11,0,0
1625004400,9.11,9.11,9.11,9.11,9.11,0,0
1625004405,9.11,9.11,9.11,9.11,9.11,0,0
1625004410,9.11,9.11,9.11,9.11,9.11,0,0
1625004415,9.11,9.11,9.11,9.11,9.11,0,0
1625004420,9.11,9.11,9.11,9.11,9.11,0,0
1625004425,9.1,9.1,9.1,9.1,9.1,2,1
1625004430,9.1,9.1,9.1,9.1,9.1,0,0
1625004435,9.1,9.1,9.1,9.1,9.1,0,0
1625004440,9.1,9.1,9.1,9.1,9.1,0,0
1625004445,9.12,9.12,9.12,9.12,9.12,1,1
1625004450,9.12,9.12,9.12,9.12,9.12,0,0
1625004455,9.12,9.12,9.12,9.12,9.12,0,0
1625004460,9.12,9.12,9.12,9.12,9.12,0,0
1625004465,9.12,9.12,9.12,9.12,9.12,0,0
1625004470,9.12,9.12,9.12,9.12,9.12,0,0
1625004475,9.12,9.12,9.12,9.12,9.12,0,0
1625004480,9.12,9.12,9.12,9.12,9.12,0,0
1625004485,9.12,9.12,9.12,9.12,9.12,0,0
1625004490,9.12,9.12,9.12,9.12,9.12,0,0
1625004495,9.12,9.12,9.12,9.12,9.12,0,0
1625004500,9.12,9.12,9.12,9.12,9.12,0,0
1625004505,9.12,9.12,9.12,9.12,9.12,0,0
1625004510,9.1,9.1,9.1,9.1,9.1,1,1
1625004515,9.1,9.1,9.1,9.1,9.1,0,0
1625004520,9.1,9.1,9.1,9.1,9.1,0,0
1625004525,9.1,9.1,9.1,9.1,9.1,0,0
1625004530,9.1,9.1,9.1,9.1,9.1,0,0
1625004535,9.1,9.1,9.1,9.1,9.1,0,0
1625004540,9.1,9.1,9.1,9.1,9.1,0,0
1625004545,9.1,9.1,9.1,9.1,9.1,0,0
1625004550,9.1,9.1,9.1,9.1,9.1,0,0
1625004555,9.1,9.1,9.1,9.1,9.1,0,0
1625004560,9.1,9.1,9.1,9.1,9.1,0,0
1625004565,9.1,9.1,9.1,9.1,9.1,0,0
1625004570,9.1,9.1,9.1,9.1,9.1,0,0
1625004575,9.1,9.1,9.1,9.1,9.1,0,0
1625004580,9.1,9.1,9.1,9.1,9.1,0,0
1625004585,9.1,9.1,9.1,9.1,9.1,0,0
1625004590,9.12,9.12,9.12,9.12,9.12,1,1
1625004595,9.12,9.12,9.12,9.12,9.12,0,0
1625004600,9.12,9.12,9.12,9.12,9.12,0,0
1625004605,9.12,9.12,9.12,9.12,9.12,0,0
1625004610,9.12,9.12,9.12,9.12,9.12,0,0
1625004615,9.12,9.12,9.12,9.12,9.12,0,0
1625004620,9.12,9.12,9.12,9.12,9.12,0,0
1625004625,9.12,9.12,9.12,9.12,9.12,0,0
1625004630,9.12,9.12,9.12,9.12,9.12,0,0
1625004635,9.12,9.12,9.12,9.12,9.12,0,0
1625004640,9.12,9.12,9.12,9.12,9.12,0,0
1625004645,9.12,9.12,9.12,9.12,9.12,0,0
1625004650,9.12,9.12,9.12,9.12,9.12,0,0
1625004655,9.12,9.12,9.12,9.12,9.12,0,0
1625004660,9.12,9.12,9.12,9.12,9.12,0,0
1625004665,9.12,9.12,9.12,9.12,9.12,0,0
1625004670,9.12,9.12,9.12,9.12,9.12,0,0
1625004675,9.12,9.12,9.12,9.12,9.12,0,0
1625004680,9.12,9.12,9.12,9.12,9.12,0,0
1625004685,9.12,9.12,9.12,9.12,9.12,0,0
1625004690,9.12,9.12,9.12,9.12,9.12,0,0
1625004695,9.12,9.12,9.12,9.12,9.12,0,0
1625004700,9.12,9.12,9.12,9.12,9.12,0,0
1625004705,9.12,9.12,9.12,9.12,9.12,0,0
1625004710,9.12,9.12,9.12,9.12,9.12,0,0
1625004715,9.12,9.12,9.12,9.12,9.12,3,2
1625004720,9.12,9.12,9.12,9.12,9.12,1,1
1625004725,9.12,9.12,9.12,9.12,9.12,0,0
1625004730,9.12,9.12,9.12,9.12,9.12,0,0
1625004735,9.12,9.12,9.12,9.12,9.12,0,0
1625004740,9.12,9.12,9.12,9.12,9.12,0,0
1625004745,9.12,9.12,9.12,9.12,9.12,0,0
1625004750,9.12,9.12,9.12,9.12,9.12,0,0
1625004755,9.12,9.12,9.12,9.12,9.12,0,0
1625004760,9.12,9.12,9.12,9.12,9.12,0,0
1625004765,9.12,9.12,9.12,9.12,9.12,0,0
1625004770,9.12,9.12,9.12,9.12,9.12,0,0
1625004775,9.12,9.12,9.12,9.12,9.12,0,0
1625004780,9.12,9.12,9.12,9.12,9.12,0,0
1625004785,9.12,9.12,9.12,9.12,9.12,0,0
1625004790,9.12,9.12,9.12,9.12,9.12,0,0
1625004795,9.12,9.12,9.12,9.12,9.12,0,0
1625004800,9.12,9.12,9.12,9.12,9.12,0,0
1625004805,9.12,9.12,9.12,9.12,9.12,0,0
1625004810,9.12,9.12,9.12,9.12,9.12,0,0
1625004815,9.12,9.12,9.12,9.12,9.12,0,0
1625004820,9.12,9.12,9.12,9.12,9.12,0,0
1625004825,9.12,9.12,9.12,9.12,9.12,0,0
1625004830,9.12,9.12,9.12,9.12,9.12,0,0
1625004835,9.12,9.12,9.12,9.12,9.12,0,0
1625004840,9.12,9.12,9.12,9.12,9.12,0,0
1625004845,9.12,9.12,9.12,9.12,9.12,0,0
1625004850,9.12,9.12,9.12,9.12,9.12,0,0
1625004855,9.13,9.13,9.13,9.13,9.13,8,2
1625004860,9.13,9.13,9.13,9.13,9.13,0,0
1625004865,9.13,9.13,9.13,9.13,9.13,0,0
1625004870,9.13,9.13,9.13,9.13,9.13,0,0
1625004875,9.13,9.13,9.13,9.13,9.13,0,0
1625004880,9.13,9.13,9.13,9.13,9.13,0,0
1625004885,9.13,9.13,9.13,9.13,9.13,0,0
1625004890,9.13,9.13,9.13,9.13,9.13,0,0
1625004895,9.13,9.13,9.13,9.13,9.13,0,0
1625004900,9.13,9.13,9.13,9.13,9.13,0,0
1625004905,9.13,9.13,9.13,9.13,9.13,0,0
1625004910,9.13,9.13,9.13,9.13,9.13,0,0
1625004915,9.13,9.13,9.13,9.13,9.13,0,0
1625004920,9.13,9.13,9.13,9.13,9.13,0,0
1625004925,9.13,9.13,9.13,9.13,9.13,0,0
1625004930,9.13,9.13,9.13,9.13,9.13,0,0
1625004935,9.13,9.13,9.13,9.13,9.13,0,0
1625004940,9.13,9.13,9.13,9.13,9.13,0,0
1625004945,9.13,9.13,9.13,9.13,9.13,0,0
1625004950,9.13,9.13,9.13,9.13,9.13,0,0
1625004955,9.13,9.13,9.13,9.13,9.13,0,0
1625004960,9.13,9.13,9.13,9.13,9.13,0,0
1625004965,9.13,9.13,9.13,9.13,9.13,0,0
1625004970,9.13,9.13,9.13,9.13,9.13,0,0
1625004975,9.13,9.13,9.13,9.13,9.13,0,0
1625004980,9.13,9.13,9.13,9.13,9.13,0,0
1625004985,9.13,9.13,9.13,9.13,9.13,0,0
1625004990,9.13,9.13,9.13,9.13,9.13,0,0
1625004995,9.13,9.13,9.13,9.13,9.13,0,0
1625005000,9.13,9.13,9.13,9.13,9.13,0,0
1625005005,9.13,9.13,9.13,9.13,9.13,0,0
1625005010,9.13,9.13,9.13,9.13,9.13,0,0
1625005015,9.13,9.13,9.13,9.13,9.13,0,0
1625005020,9.13,9.13,9.13,9.13,9.13,0,0
1625005025,9.13,9.13,9.13,9.13,9.13,0,0
1625005030,9.13,9.13,9.13,9.13,9.13,0,0
1625005035,9.13,9.13,9.13,9.13,9.13,0,0
1625005040,9.13,9.13,9.13,9.13,9.13,0,0
1625005045,9.13,9.13,9.13,9.13,9.13,0,0
1625005050,9.13,9.13,9.13,9.13,9.13,0,0
1625005055,9.13,9.13,9.13,9.13,9.13,0,0
1625005060,9.13,9.13,9.13,9.13,9.13,0,0
1625005065,9.13,9.13,9.13,9.13,9.13,0,0
1625005070,9.13,9.13,9.13,9.13,9.13,0,0
1625005075,9.13,9.13,9.13,9.13,9.13,0,0
1625005080,9.13,9.13,9.13,9.13,9.13,0,0
1625005085,9.13,9.13,9.13,9.13,9.13,0,0
1625005090,9.13,9.13,9.13,9.13,9.13,0,0
1625005095,9.13,9.13,9.13,9.13,9.13,0,0
1625005100,9.13,9.13,9.13,9.13,9.13,0,0
1625005105,9.13,9.13,9.13,9.13,9.13,0,0
1625005110,9.13,9.13,9.13,9.13,9.13,0,0
1625005115,9.13,9.13,9.13,9.13,9.13,0,0
1625005120,9.13,9.13,9.13,9.13,9.13,0,0
1625005125,9.13,9.13,9.13,9.13,9.13,0,0
1625005130,9.13,9.13,9.13,9.13,9.13,0,0
1625005135,9.13,9.13,9.13,9.13,9.13,0,0
1625005140,9.13,9.13,9.13,9.13,9.13,0,0
1625005145,9.13,9.13,9.13,9.13,9.13,0,0
1625005150,9.13,9.13,9.13,9.13,9.13,0,0
1625005155,9.13,9.13,9.13,9.13,9.13,0,0
1625005160,9.13,9.13,9.13,9.13,9.13,0,0
1625005165,9.13,9.13,9.13,9.13,9.13,0,0
1625005170,9.13,9.13,9.13,9.13,9.13,0,0
1625005175,9.13,9.13,9.13,9.13,9.13,0,0
1625005180,9.13,9.13,9.13,9.13,9.13,0,0
1625005185,9.13,9.13,9.13,9.13,9.13,0,0
1625005190,9.13,9.13,9.13,9.13,9.13,0,0
1625005195,9.1101,9.1101,9.1101,9.1101,9.1101,19,1
1625005200,9.1101,9.1101,9.1101,9.1101,9.1101,0,0
1625005205,9.1101,9.1101,9.1101,9.1101,9.1101,0,0
1625005210,9.1101,9.1101,9.1101,9.1101,9.1101,0,0
1625005215,9.1101,9.1101,9.1101,9.1101,9.1101,0,0
1625005220,9.1101,9.1101,9.1101,9.1101,9.1101,0,0
1625005225,9.1101,9.1101,9.1101,9.1101,9.1101,0,0
1625005230,9.1101,9.1101,9.1101,9.1101,9.1101,0,0
1625005235,9.1101,9.1101,9.1101,9.1101,9.1101,0,0
1625005240,9.1101,9.1101,9.1101,9.1101,9.1101,0,0
1625005245,9.1101,9.1101,9.1101,9.1101,9.1101,0,0
1625005250,9.1101,9.1101,9.1101,9.1101,9.1101,0,0
1625005255,9.1101,9.1101,9.1101,9.1101,9.1101,0,0
1625005260,9.1101,9.1101,9.1101,9.1101,9.1101,0,0
1625005265,9.1101,9.1101,9.1101,9.1101,9.1101,0,0
1625005270,9.1101,9.1101,9.1101,9.1101,9.1101,0,0
1625005275,9.1101,9.1101,9.1101,9.1101,9.1101,0,0
1625005280,9.1101,9.1101,9.1101,9.1101,9.1101,0,0
1625005285,9.1101,9.1101,9.1101,9.1101,9.1101,0,0
1625005290,9.1101,9.1101,9.1101,9.1101,9.1101,0,0
1625005295,9.1101,9.1101,9.1101,9.1101,9.1101,0,0
1625005300,9.11,9.11,9.11,9.11,9.11,5,2
1625005305,9.11,9.11,9.11,9.11,9.11,0,0
1625005310,9.11,9.11,9.11,9.11,9.11,3,1
1625005315,9.11,9.11,9.11,9.11,9.11,0,0
1625005320,9.11,9.11,9.11,9.11,9.11,0,0
1625005325,9.11,9.11,9.11,9.11,9.11,0,0
1625005330,9.11,9.11,9.11,9.11,9.11,0,0
1625005335,9.11,9.11,9.11,9.11,9.11,0,0
1625005340,9.11,9.11,9.11,9.11,9.11,0,0
1625005345,9.11,9.11,9.11,9.11,9.11,0,0
1625005350,9.11,9.11,9.11,9.11,9.11,0,0
1625005355,9.11,9.11,9.11,9.11,9.11,0,0
1625005360,9.11,9.11,9.11,9.11,9.11,0,0
1625005365,9.11,9.11,9.11,9.11,9.11,0,0
1625005370,9.11,9.11,9.11,9.11,9.11,0,0
1625005375,9.11,9.11,9.11,9.11,9.11,0,0
1625005380,9.11,9.11,9.11,9.11,9.11,0,0
1625005385,9.11,9.11,9.11,9.11,9.11,0,0
1625005390,9.11,9.11,9.11,9.11,9.11,0,0
1625005395,9.11,9.11,9.11,9.11,9.11,0,0
1625005400,9.11,9.11,9.11,9.11,9.11,0,0
1625005405,9.11,9.11,9.11,9.11,9.11,0,0
1625005410,9.11,9.11,9.11,9.11,9.11,0,0
1625005415,9.11,9.11,9.11,9.11,9.11,0,0
1625005420,9.11,9.11,9.11,9.11,9.11,0,0
1625005425,9.11,9.11,9.11,9.11,9.11,5,1
1625005430,9.11,9.11,9.11,9.11,9.11,0,0
1625005435,9.11,9.11,9.11,9.11,9.11,0,0
1625005440,9.11,9.11,9.11,9.11,9.11,0,0
1625005445,9.11,9.11,9.11,9.11,9.11,0,0
1625005450,9.11,9.11,9.11,9.11,9.11,0,0
1625005455,9.11,9.11,9.11,9.11,9.11,0,0
1625005460,9.11,9.11,9.11,9.11,9.11,0,0
1625005465,9.11,9.11,9.11,9.11,9.11,0,0
1625005470,9.11,9.11,9.11,9.11,9.11,0,0
1625005475,9.11,9.11,9.11,9.11,9.11,0,0
1625005480,9.11,9.11,9.11,9.11,9.11,0,0
1625005485,9.11,9.11,9.11,9.11,9.11,0,0
1625005490,9.11,9.11,9.11,9.11,9.11,0,0
1625005495,9.11,9.11,9.11,9.11,9.11,0,0
1625005500,9.11,9.11,9.11,9.11,9.11,0,0
1625005505,9.11,9.11,9.11,9.11,9.11,0,0
1625005510,9.11,9.11,9.11,9.11,9.11,0,0
1625005515,9.11,9.11,9.11,9.11,9.11,0,0
1625005520,9.11,9.11,9.11,9.11,9.11,0,0
1625005525,9.11,9.11,9.11,9.11,9.11,0,0
1625005530,9.11,9.11,9.11,9.11,9.11,0,0
1625005535,9.11,9.11,9.11,9.11,9.11,0,0
1625005540,9.11,9.11,9.11,9.11,9.11,0,0
1625005545,9.11,9.11,9.11,9.11,9.11,0,0
1625005550,9.11,9.11,9.11,9.11,9.11,0,0
1625005555,9.11,9.11,9.11,9.11,9.11,0,0
1625005560,9.11,9.11,9.11,9.11,9.11,0,0
1625005565,9.11,9.11,9.11,9.11,9.11,0,0
1625005570,9.11,9.11,9.11,9.11,9.11,0,0
1625005575,9.11,9.11,9.11,9.11,9.11,0,0
1625005580,9.11,9.11,9.11,9.11,9.11,0,0
1625005585,9.11,9.11,9.11,9.11,9.11,0,0
1625005590,9.11,9.11,9.11,9.11,9.11,0,0
1625005595,9.11,9.11,9.11,9.11,9.11,0,0
1625005600,9.11,9.11,9.11,9.11,9.11,0,0
1625005605,9.11,9.11,9.11,9.11,9.11,0,0
1625005610,9.11,9.11,9.11,9.11,9.11,0,0
1625005615,9.11,9.11,9.11,9.11,9.11,0,0
1625005620,9.11,9.11,9.11,9.11,9.11,0,0
1625005625,9.11,9.11,9.11,9.11,9.11,0,0
1625005630,9.11,9.11,9.11,9.11,9.11,0,0
1625005635,9.11,9.11,9.11,9.11,9.11,0,0
1625005640,9.11,9.11,9.11,9.11,9.11,0,0
1625005645,9.11,9.11,9.11,9.11,9.11,0,0
1625005650,9.11,9.11,9.11,9.11,9.11,0,0
1625005655,9.11,9.11,9.11,9.11,9.11,0,0
1625005660,9.11,9.11,9.11,9.11,9.11,0,0
1625005665,9.11,9.11,9.11,9.11,9.11,0,0
1625005670,9.11,9.11,9.11,9.11,9.11,0,0
1625005675,9.11,9.11,9.11,9.11,9.11,0,0
1625005680,9.11,9.11,9.11,9.11,9.11,0,0
1625005685,9.11,9.11,9.11,9.11,9.11,0,0
1625005690,9.11,9.11,9.11,9.11,9.11,0,0
1625005695,9.11,9.11,9.11,9.11,9.11,0,0
1625005700,9.11,9.11,9.11,9.11,9.11,0,0
1625005705,9.11,9.11,9.11,9.11,9.11,0,0
1625005710,9.11,9.11,9.11,9.11,9.11,0,0
1625005715,9.11,9.11,9.11,9.11,9.11,0,0
1625005720,9.11,9.11,9.11,9.11,9.11,0,0
1625005725,9.11,9.11,9.11,9.11,9.11,0,0
1625005730,9.11,9.11,9.11,9.11,9.11,0,0
1625005735,9.11,9.11,9.11,9.11,9.11,0,0
1625005740,9.11,9.11,9.11,9.11,9.11,0,0
1625005745,9.11,9.11,9.11,9.11,9.11,0,0
1625005750,9.11,9.11,9.11,9.11,9.11,0,0
1625005755,9.11,9.11,9.11,9.11,9.11,0,0
1625005760,9.11,9.11,9.11,9.11,9.11,0,0
1625005765,9.11,9.11,9.11,9.11,9.11,0,0
1625005770,9.11,9.11,9.11,9.11,9.11,0,0
1625005775,9.11,9.11,9.11,9.11,9.11,0,0
1625005780,9.11,9.11,9.11,9.11,9.11,0,0
1625005785,9.11,9.11,9.11,9.11,9.11,0,0
1625005790,9.11,9.11,9.11,9.11,9.11,0,0
1625005795,9.11,9.11,9.11,9.11,9.11,0,0
1625005800,9.11,9.11,9.11,9.11,9.11,0,0
1625005805,9.11,9.11,9.11,9.11,9.11,0,0
1625005810,9.11,9.11,9.11,9.11,9.11,0,0
1625005815,9.11,9.11,9.11,9.11,9.11,0,0
1625005820,9.11,9.11,9.11,9.11,9.11,0,0
1625005825,9.11,9.11,9.11,9.11,9.11,0,0
1625005830,9.11,9.11,9.11,9.11,9.11,0,0
1625005835,9.11,9.11,9.11,9.11,9.11,0,0
1625005840,9.11,9.11,9.11,9.11,9.11,0,0
1625005845,9.11,9.11,9.11,9.11,9.11,0,0
1625005850,9.11,9.11,9.11,9.11,9.11,0,0
1625005855,9.11,9.11,9.11,9.11,9.11,0,0
1625005860,9.11,9.11,9.11,9.11,9.11,0,0
1625005865,9.11,9.11,9.11,9.11,9.11,0,0
1625005870,9.11,9.11,9.11,9.11,9.11,0,0
1625005875,9.11,9.11,9.11,9.11,9.11,0,0
1625005880,9.11,9.11,9.11,9.11,9.11,0,0
1625005885,9.11,9.11,9.11,9.11,9.11,0,0
1625005890,9.11,9.11,9.11,9.11,9.11,0,0
1625005895,9.11,9.11,9.11,9.11,9.11,0,0
1625005900,9.11,9.11,9.11,9.11,9.11,0,0
1625005905,9.11,9.11,9.11,9.11,9.11,0,0
1625005910,9.11,9.11,9.11,9.11,9.11,0,0
1625005915,9.11,9.11,9.11,9.11,9.11,0,0
1625005920,9.11,9.11,9.11,9.11,9.11,0,0
1625005925,9.11,9.11,9.11,9.11,9.11,0,0
1625005930,9.11,9.11,9.11,9.11,9.11,0,0
1625005935,9.11,9.11,9.11,9.11,9.11,0,0
1625005940,9.11,9.11,9.11,9.11,9.11,0,0
1625005945,9.11,9.11,9.11,9.11,9.11,0,0
1625005950,9.11,9.11,9.11,9.11,9.11,0,0
1625005955,9.11,9.11,9.11,9.11,9.11,0,0
1625005960,9.11,9.11,9.11,9.11,9.11,0,0
1625005965,9.11,9.11,9.11,9.11,9.11,0,0
1625005970,9.11,9.11,9.11,9.11,9.11,0,0
1625005975,9.11,9.11,9.11,9.11,9.11,0,0
1625005980,9.11,9.11,9.11,9.11,9.11,0,0
1625005985,9.11,9.11,9.11,9.11,9.11,0,0
1625005990,9.11,9.11,9.11,9.11,9.11,0,0
1625005995,9.11,9.11,9.11,9.11,9.11,0,0
1625006000,9.11,9.11,9.11,9.11,9.11,0,0
1625006005,9.11,9.11,9.11,9.11,9.11,0,0
1625006010,9.11,9.11,9.11,9.11,9.11,0,0
1625006015,9.11,9.11,9.11,9.11,9.11,0,0
1625006020,9.11,9.11,9.11,9.11,9.11,0,0
1625006025,9.11,9.11,9.11,9.11,9.11,0,0
1625006030,9.11,9.11,9.11,9.11,9.11,0,0
1625006035,9.11,9.11,9.11,9.11,9.11,0,0
1625006040,9.11,9.11,9.11,9.11,9.11,8,1
1625006045,9.11,9.11,9.11,9.11,9.11,0,0
1625006050,9.11,9.11,9.11,9.11,9.11,0,0
1625006055,9.11,9.11,9.11,9.11,9.11,0,0
1625006060,9.11,9.11,9.11,9.11,9.11,0,0
1625006065,9.11,9.11,9.11,9.11,9.11,0,0
1625006070,9.11,9.11,9.11,9.11,9.11,0,0
1625006075,9.11,9.11,9.11,9.11,9.11,0,0
1625006080,9.11,9.11,9.11,9.11,9.11,0,0
1625006085,9.11,9.11,9.11,9.11,9.11,0,0
1625006090,9.11,9.11,9.11,9.11,9.11,0,0
1625006095,9.11,9.11,9.11,9.11,9.11,0,0
1625006100,9.11,9.11,9.11,9.11,9.11,0,0
1625006105,9.11,9.11,9.11,9.11,9.11,0,0
1625006110,9.11,9.11,9.11,9.11,9.11,0,0
1625006115,9.11,9.11,9.11,9.11,9.11,0,0
1625006120,9.11,9.11,9.11,9.11,9.11,0,0
1625006125,9.11,9.11,9.11,9.11,9.11,0,0
1625006130,9.11,9.11,9.11,9.11,9.11,0,0
1625006135,9.11,9.11,9.11,9.11,9.11,0,0
1625006140,9.11,9.11,9.11,9.11,9.11,0,0
1625006145,9.11,9.11,9.11,9.11,9.11,0,0
1625006150,9.11,9.11,9.11,9.11,9.11,0,0
1625006155,9.11,9.11,9.11,9.11,9.11,0,0
1625006160,9.11,9.11,9.11,9.11,9.11,0,0
1625006165,9.11,9.11,9.11,9.11,9.11,0,0
1625006170,9.11,9.11,9.11,9.11,9.11,0,0
1625006175,9.11,9.11,9.11,9.11,9.11,0,0
1625006180,9.11,9.11,9.11,9.11,9.11,0,0
1625006185,9.11,9.11,9.11,9.11,9.11,0,0
1625006190,9.11,9.11,9.11,9.11,9.11,0,0
1625006195,9.11,9.11,9.11,9.11,9.11,0,0
1625006200,9.11,9.11,9.11,9.11,9.11,0,0
1625006205,9.11,9.11,9.11,9.11,9.11,0,0
1625006210,9.11,9.11,9.11,9.11,9.11,0,0
1625006215,9.11,9.11,9.11,9.11,9.11,0,0
1625006220,9.11,9.11,9.11,9.11,9.11,0,0
1625006225,9.11,9.11,9.11,9.11,9.11,0,0
1625006230,9.11,9.11,9.11,9.11,9.11,0,0
1625006235,9.11,9.11,9.11,9.11,9.11,0,0
1625006240,9.11,9.11,9.11,9.11,9.11,0,0
1625006245,9.11,9.11,9.11,9.11,9.11,0,0
1625006250,9.11,9.11,9.11,9.11,9.11,0,0
1625006255,9.11,9.11,9.11,9.11,9.11,0,0
1625006260,9.11,9.11,9.11,9.11,9.11,0,0
1625006265,9.11,9.11,9.11,9.11,9.11,0,0
1625006270,9.11,9.11,9.11,9.11,9.11,0,0
1625006275,9.11,9.11,9.11,9.11,9.11,0,0
1625006280,9.11,9.11,9.11,9.11,9.11,0,0
1625006285,9.11,9.11,9.11,9.11,9.11,0,0
1625006290,9.11,9.11,9.11,9.11,9.11,0,0
1625006295,9.11,9.11,9.11,9.11,9.11,0,0
1625006300,9.11,9.11,9.11,9.11,9.11,0,0
1625006305,9.11,9.11,9.11,9.11,9.11,0,0
1625006310,9.11,9.11,9.11,9.11,9.11,0,0
1625006315,9.11,9.11,9.11,9.11,9.11,0,0
1625006320,9.11,9.11,9.11,9.11,9.11,0,0
1625006325,9.11,9.11,9.11,9.11,9.11,0,0
1625006330,9.11,9.11,9.11,9.11,9.11,0,0
1625006335,9.11,9.11,9.11,9.11,9.11,0,0
1625006340,9.11,9.11,9.11,9.11,9.11,0,0
1625006345,9.11,9.11,9.11,9.11,9.11,0,0
1625006350,9.11,9.11,9.11,9.11,9.11,0,0
1625006355,9.11,9.11,9.11,9.11,9.11,0,0
1625006360,9.11,9.11,9.11,9.11,9.11,0,0
1625006365,9.11,9.11,9.11,9.11,9.11,0,0
1625006370,9.11,9.11,9.11,9.11,9.11,0,0
1625006375,9.11,9.11,9.11,9.11,9.11,0,0
1625006380,9.11,9.11,9.11,9.11,9.11,0,0
1625006385,9.11,9.11,9.11,9.11,9.11,0,0
1625006390,9.11,9.11,9.11,9.11,9.11,0,0
1625006395,9.11,9.11,9.11,9.11,9.11,0,0
1625006400,9.11,9.11,9.11,9.11,9.11,0,0
1625006405,9.11,9.11,9.11,9.11,9.11,0,0
1625006410,9.11,9.11,9.11,9.11,9.11,0,0
1625006415,9.11,9.11,9.11,9.11,9.11,0,0
1625006420,9.11,9.11,9.11,9.11,9.11,0,0
1625006425,9.11,9.11,9.11,9.11,9.11,0,0
1625006430,9.11,9.11,9.11,9.11,9.11,0,0
1625006435,9.11,9.11,9.11,9.11,9.11,0,0
1625006440,9.11,9.11,9.11,9.11,9.11,0,0
1625006445,9.11,9.11,9.11,9.11,9.11,0,0
1625006450,9.11,9.11,9.11,9.11,9.11,0,0
1625006455,9.11,9.11,9.11,9.11,9.11,0,0
1625006460,9.11,9.11,9.11,9.11,9.11,0,0
1625006465,9.11,9.11,9.11,9.11,9.11,0,0
1625006470,9.11,9.11,9.11,9.11,9.11,0,0
1625006475,9.11,9.11,9.11,9.11,9.11,0,0
1625006480,9.11,9.11,9.11,9.11,9.11,0,0
1625006485,9.11,9.11,9.11,9.11,9.11,0,0
1625006490,9.11,9.11,9.11,9.11,9.11,0,0
1625006495,9.11,9.11,9.11,9.11,9.11,0,0
1625006500,9.11,9.11,9.11,9.11,9.11,0,0
1625006505,9.11,9.11,9.11,9.11,9.11,0,0
1625006510,9.11,9.11,9.11,9.11,9.11,0,0
1625006515,9.11,9.11,9.11,9.11,9.11,0,0
1625006520,9.11,9.11,9.11,9.11,9.11,0,0
1625006525,9.11,9.11,9.11,9.11,9.11,0,0
1625006530,9.11,9.11,9.11,9.11,9.11,0,0
1625006535,9.11,9.11,9.11,9.11,9.11,0,0
1625006540,9.11,9.11,9.11,9.11,9.11,0,0
1625006545,9.11,9.11,9.11,9.11,9.11,0,0
1625006550,9.11,9.11,9.11,9.11,9.11,0,0
1625006555,9.11,9.11,9.11,9.11,9.11,0,0
1625006560,9.11,9.11,9.11,9.11,9.11,0,0
1625006565,9.11,9.11,9.11,9.11,9.11,0,0
1625006570,9.11,9.11,9.11,9.11,9.11,0,0
1625006575,9.11,9.11,9.11,9.11,9.11,0,0
1625006580,9.11,9.11,9.11,9.11,9.11,0,0
1625006585,9.11,9.11,9.11,9.11,9.11,0,0
1625006590,9.11,9.11,9.11,9.11,9.11,0,0
1625006595,9.11,9.11,9.11,9.11,9.11,0,0
1625006600,9.11,9.11,9.11,9.11,9.11,0,0
1625006605,9.11,9.11,9.11,9.11,9.11,0,0
1625006610,9.11,9.11,9.11,9.11,9.11,0,0
1625006615,9.11,9.11,9.11,9.11,9.11,0,0
1625006620,9.11,9.11,9.11,9.11,9.11,0,0
1625006625,9.11,9.11,9.11,9.11,9.11,0,0
1625006630,9.11,9.11,9.11,9.11,9.11,0,0
1625006635,9.11,9.11,9.11,9.11,9.11,0,0
1625006640,9.11,9.11,9.11,9.11,9.11,0,0
1625006645,9.11,9.11,9.11,9.11,9.11,0,0
1625006650,9.11,9.11,9.11,9.11,9.11,0,0
1625006655,9.11,9.11,9.11,9.11,9.11,0,0
1625006660,9.11,9.11,9.11,9.11,9.11,0,0
1625006665,9.11,9.11,9.11,9.11,9.11,0,0
1625006670,9.11,9.11,9.11,9.11,9.11,0,0
1625006675,9.11,9.11,9.11,9.11,9.11,0,0
1625006680,9.11,9.11,9.11,9.11,9.11,0,0
1625006685,9.11,9.11,9.11,9.11,9.11,0,0
1625006690,9.11,9.11,9.11,9.11,9.11,0,0
1625006695,9.11,9.11,9.11,9.11,9.11,0,0
1625006700,9.11,9.11,9.11,9.11,9.11,0,0
1625006705,9.11,9.11,9.11,9.11,9.11,0,0
1625006710,9.11,9.11,9.11,9.11,9.11,0,0
1625006715,9.11,9.11,9.11,9.11,9.11,0,0
1625006720,9.11,9.11,9.11,9.11,9.11,0,0
1625006725,9.11,9.11,9.11,9.11,9.11,0,0
1625006730,9.11,9.11,9.11,9.11,9.11,0,0
1625006735,9.11,9.11,9.11,9.11,9.11,0,0
1625006740,9.11,9.11,9.11,9.11,9.11,0,0
1625006745,9.11,9.11,9.11,9.11,9.11,0,0
1625006750,9.11,9.11,9.11,9.11,9.11,0,0
1625006755,9.11,9.11,9.11,9.11,9.11,0,0
1625006760,9.11,9.11,9.11,9.11,9.11,0,0
1625006765,9.11,9.11,9.11,9.11,9.11,0,0
1625006770,9.11,9.11,9.11,9.11,9.11,0,0
1625006775,9.11,9.11,9.11,9.11,9.11,0,0
1625006780,9.11,9.11,9.11,9.11,9.11,0,0
1625006785,9.11,9.11,9.11,9.11,9.11,0,0
1625006790,9.11,9.11,9.11,9.11,9.11,0,0
1625006795,9.15,9.15,9.15,9.15,9.15,2,1
1625006800,9.15,9.15,9.15,9.15,9.15,0,0
1625006805,9.15,9.15,9.15,9.15,9.15,0,0
1625006810,9.15,9.15,9.15,9.15,9.15,0,0
1625006815,9.15,9.15,9.15,9.15,9.15,0,0
1625006820,9.15,9.15,9.15,9.15,9.15,0,0
1625006825,9.15,9.15,9.15,9.15,9.15,0,0
1625006830,9.15,9.15,9.15,9.15,9.15,0,0
1625006835,9.15,9.15,9.15,9.15,9.15,0,0
1625006840,9.15,9.15,9.15,9.15,9.15,0,0
1625006845,9.15,9.15,9.15,9.15,9.15,0,0
1625006850,9.15,9.15,9.15,9.15,9.15,0,0
1625006855,9.15,9.15,9.15,9.15,9.15,0,0
1625006860,9.15,9.15,9.15,9.15,9.15,0,0
1625006865,9.15,9.15,9.15,9.15,9.15,0,0
1625006870,9.15,9.15,9.15,9.15,9.15,0,0
1625006875,9.15,9.15,9.15,9.15,9.15,0,0
1625006880,9.15,9.15,9.15,9.15,9.15,0,0
1625006885,9.15,9.15,9.15,9.15,9.15,0,0
1625006890,9.15,9.15,9.15,9.15,9.15,0,0
1625006895,9.15,9.15,9.15,9.15,9.15,0,0
1625006900,9.15,9.15,9.15,9.15,9.15,0,0
1625006905,9.15,9.15,9.15,9.15,9.15,0,0
1625006910,9.15,9.15,9.15,9.15,9.15,0,0
1625006915,9.15,9.15,9.15,9.15,9.15,0,0
1625006920,9.15,9.15,9.15,9.15,9.15,0,0
1625006925,9.15,9.15,9.15,9.15,9.15,0,0
1625006930,9.15,9.15,9.15,9.15,9.15,0,0
1625006935,9.15,9.15,9.15,9.15,9.15,0,0
1625006940,9.15,9.15,9.15,9.15,9.15,0,0
1625006945,9.15,9.15,9.15,9.15,9.15,0,0
1625006950,9.15,9.15,9.15,9.15,9.15,0,0
1625006955,9.15,9.15,9.15,9.15,9.15,0,0
1625006960,9.15,9.15,9.15,9.15,9.15,0,0
1625006965,9.15,9.15,9.15,9.15,9.15,0,0
1625006970,9.15,9.15,9.15,9.15,9.15,0,0
1625006975,9.15,9.15,9.15,9.15,9.15,0,0
1625006980,9.15,9.15,9.15,9.15,9.15,0,0
1625006985,9.15,9.15,9.15,9.15,9.15,0,0
1625006990,9.15,9.15,9.15,9.15,9.15,0,0
1625006995,9.15,9.15,9.15,9.15,9.15,0,0
1625007000,9.15,9.15,9.15,9.15,9.15,0,0
1625007005,9.15,9.15,9.15,9.15,9.15,0,0
1625007010,9.15,9.15,9.15,9.15,9.15,0,0
1625007015,9.15,9.15,9.15,9.15,9.15,0,0
1625007020,9.15,9.15,9.15,9.15,9.15,0,0
1625007025,9.15,9.15,9.15,9.15,9.15,0,0
1625007030,9.15,9.15,9.15,9.15,9.15,0,0
1625007035,9.15,9.15,9.15,9.15,9.15,0,0
1625007040,9.15,9.15,9.15,9.15,9.15,0,0
1625007045,9.15,9.15,9.15,9.15,9.15,0,0
1625007050,9.15,9.15,9.15,9.15,9.15,0,0
1625007055,9.15,9.15,9.15,9.15,9.15,0,0
1625007060,9.15,9.15,9.15,9.15,9.15,0,0
1625007065,9.15,9.15,9.15,9.15,9.15,0,0
1625007070,9.15,9.15,9.15,9.15,9.15,0,0
1625007075,9.15,9.15,9.15,9.15,9.15,0,0
1625007080,9.15,9.15,9.15,9.15,9.15,0,0
1625007085,9.15,9.15,9.15,9.15,9.15,0,0
1625007090,9.15,9.15,9.15,9.15,9.15,0,0
1625007095,9.15,9.15,9.15,9.15,9.15,0,0
1625007100,9.15,9.15,9.15,9.15,9.15,0,0
1625007105,9.15,9.15,9.15,9.15,9.15,0,0
1625007110,9.15,9.15,9.15,9.15,9.15,0,0
1625007115,9.15,9.15,9.15,9.15,9.15,0,0
1625007120,9.15,9.15,9.15,9.15,9.15,0,0
1625007125,9.15,9.15,9.15,9.15,9.15,0,0
1625007130,9.15,9.15,9.15,9.15,9.15,0,0
1625007135,9.15,9.15,9.15,9.15,9.15,0,0
1625007140,9.15,9.15,9.15,9.15,9.15,0,0
1625007145,9.15,9.15,9.15,9.15,9.15,0,0
1625007150,9.15,9.15,9.15,9.15,9.15,0,0
1625007155,9.15,9.15,9.15,9.15,9.15,0,0
1625007160,9.15,9.15,9.15,9.15,9.15,0,0
1625007165,9.15,9.15,9.15,9.15,9.15,0,0
1625007170,9.15,9.15,9.15,9.15,9.15,0,0
1625007175,9.15,9.15,9.15,9.15,9.15,0,0
1625007180,9.15,9.15,9.15,9.15,9.15,0,0
1625007185,9.15,9.15,9.15,9.15,9.15,0,0
1625007190,9.15,9.15,9.15,9.15,9.15,0,0
1625007195,9.15,9.15,9.15,9.15,9.15,0,0
1625007200,9.15,9.15,9.15,9.15,9.15,0,0
1625007205,9.15,9.15,9.15,9.15,9.15,0,0
1625007210,9.15,9.15,9.15,9.15,9.15,0,0
1625007215,9.15,9.15,9.15,9.15,9.15,0,0
1625007220,9.15,9.15,9.15,9.15,9.15,0,0
1625007225,9.15,9.15,9.15,9.15,9.15,0,0
1625007230,9.15,9.15,9.15,9.15,9.15,0,0
1625007235,9.15,9.15,9.15,9.15,9.15,0,0
1625007240,9.15,9.15,9.15,9.15,9.15,0,0
1625007245,9.15,9.15,9.15,9.15,9.15,0,0
1625007250,9.15,9.15,9.15,9.15,9.15,0,0
1625007255,9.15,9.15,9.15,9.15,9.15,0,0
1625007260,9.15,9.15,9.15,9.15,9.15,0,0
1625007265,9.15,9.15,9.15,9.15,9.15,0,0
1625007270,9.15,9.15,9.15,9.15,9.15,0,0
1625007275,9.15,9.15,9.15,9.15,9.15,0,0
1625007280,9.15,9.15,9.15,9.15,9.15,0,0
1625007285,9.15,9.15,9.15,9.15,9.15,0,0
1625007290,9.15,9.15,9.15,9.15,9.15,0,0
1625007295,9.15,9.15,9.15,9.15,9.15,0,0
1625007300,9.15,9.15,9.15,9.15,9.15,0,0
1625007305,9.15,9.15,9.15,9.15,9.15,0,0
1625007310,9.15,9.15,9.15,9.15,9.15,0,0
1625007315,9.15,9.15,9.15,9.15,9.15,0,0
1625007320,9.15,9.15,9.15,9.15,9.15,0,0
1625007325,9.15,9.15,9.15,9.15,9.15,0,0
1625007330,9.15,9.15,9.15,9.15,9.15,0,0
1625007335,9.15,9.15,9.15,9.15,9.15,0,0
1625007340,9.15,9.15,9.15,9.15,9.15,0,0
1625007345,9.15,9.15,9.15,9.15,9.15,0,0
1625007350,9.15,9.15,9.15,9.15,9.15,0,0
1625007355,9.15,9.15,9.15,9.15,9.15,0,0
1625007360,9.15,9.15,9.15,9.15,9.15,0,0
1625007365,9.15,9.15,9.15,9.15,9.15,0,0
1625007370,9.15,9.15,9.15,9.15,9.15,0,0
1625007375,9.15,9.15,9.15,9.15,9.15,0,0
1625007380,9.15,9.15,9.15,9.15,9.15,0,0
1625007385,9.15,9.15,9.15,9.15,9.15,0,0
1625007390,9.15,9.15,9.15,9.15,9.15,0,0
1625007395,9.15,9.15,9.15,9.15,9.15,0,0
1625007400,9.15,9.15,9.15,9.15,9.15,0,0
1625007405,9.15,9.15,9.15,9.15,9.15,0,0
1625007410,9.15,9.15,9.15,9.15,9.15,0,0
1625007415,9.15,9.15,9.15,9.15,9.15,0,0
1625007420,9.15,9.15,9.15,9.15,9.15,0,0
1625007425,9.15,9.15,9.15,9.15,9.15,0,0
1625007430,9.15,9.15,9.15,9.15,9.15,0,0
1625007435,9.15,9.15,9.15,9.15,9.15,0,0
1625007440,9.15,9.15,9.15,9.15,9.15,0,0
1625007445,9.15,9.15,9.15,9.15,9.15,0,0
1625007450,9.15,9.15,9.15,9.15,9.15,0,0
1625007455,9.15,9.15,9.15,9.15,9.15,0,0
1625007460,9.15,9.15,9.15,9.15,9.15,0,0
1625007465,9.15,9.15,9.15,9.15,9.15,0,0
1625007470,9.15,9.15,9.15,9.15,9.15,0,0
1625007475,9.15,9.15,9.15,9.15,9.15,0,0
1625007480,9.15,9.15,9.15,9.15,9.15,0,0
1625007485,9.15,9.15,9.15,9.15,9.15,0,0
1625007490,9.15,9.15,9.15,9.15,9.15,0,0
1625007495,9.15,9.15,9.15,9.15,9.15,0,0
1625007500,9.15,9.15,9.15,9.15,9.15,0,0
1625007505,9.15,9.15,9.15,9.15,9.15,0,0
1625007510,9.15,9.15,9.15,9.15,9.15,0,0
1625007515,9.15,9.15,9.15,9.15,9.15,0,0
1625007520,9.15,9.15,9.15,9.15,9.15,0,0
1625007525,9.15,9.15,9.15,9.15,9.15,0,0
1625007530,9.15,9.15,9.15,9.15,9.15,0,0
1625007535,9.15,9.15,9.15,9.15,9.15,0,0
1625007540,9.15,9.15,9.15,9.15,9.15,0,0
1625007545,9.15,9.15,9.15,9.15,9.15,0,0
1625007550,9.15,9.15,9.15,9.15,9.15,0,0
1625007555,9.15,9.15,9.15,9.15,9.15,0,0
1625007560,9.15,9.15,9.15,9.15,9.15,0,0
1625007565,9.15,9.15,9.15,9.15,9.15,0,0
1625007570,9.15,9.15,9.15,9.15,9.15,0,0
1625007575,9.15,9.15,9.15,9.15,9.15,0,0
1625007580,9.15,9.15,9.15,9.15,9.15,0,0
1625007585,9.15,9.15,9.15,9.15,9.15,0,0
1625007590,9.15,9.15,9.15,9.15,9.15,0,0
1625007595,9.15,9.15,9.15,9.15,9.15,0,0
1625007600,9.15,9.15,9.15,9.15,9.15,0,0
1625007605,9.15,9.15,9.15,9.15,9.15,0,0
1625007610,9.15,9.15,9.15,9.15,9.15,0,0
1625007615,9.15,9.15,9.15,9.15,9.15,0,0
1625007620,9.15,9.15,9.15,9.15,9.15,0,0
1625007625,9.15,9.15,9.15,9.15,9.15,0,0
1625007630,9.15,9.15,9.15,9.15,9.15,0,0
1625007635,9.15,9.15,9.15,9.15,9.15,0,0
1625007640,9.15,9.15,9.15,9.15,9.15,0,0
1625007645,9.15,9.15,9.15,9.15,9.15,0,0
1625007650,9.15,9.15,9.15,9.15,9.15,0,0
1625007655,9.15,9.15,9.15,9.15,9.15,0,0
1625007660,9.15,9.15,9.15,9.15,9.15,0,0
1625007665,9.15,9.15,9.15,9.15,9.15,0,0
1625007670,9.15,9.15,9.15,9.15,9.15,0,0
1625007675,9.15,9.15,9.15,9.15,9.15,0,0
1625007680,9.15,9.15,9.15,9.15,9.15,0,0
1625007685,9.15,9.15,9.15,9.15,9.15,0,0
1625007690,9.15,9.15,9.15,9.15,9.15,0,0
1625007695,9.15,9.15,9.15,9.15,9.15,0,0
1625007700,9.15,9.15,9.15,9.15,9.15,0,0
1625007705,9.15,9.15,9.15,9.15,9.15,0,0
1625007710,9.15,9.15,9.15,9.15,9.15,0,0
1625007715,9.15,9.15,9.15,9.15,9.15,0,0
1625007720,9.15,9.15,9.15,9.15,9.15,0,0
1625007725,9.15,9.15,9.15,9.15,9.15,0,0
1625007730,9.15,9.15,9.15,9.15,9.15,0,0
1625007735,9.15,9.15,9.15,9.15,9.15,0,0
1625007740,9.15,9.15,9.15,9.15,9.15,0,0
1625007745,9.15,9.15,9.15,9.15,9.15,0,0
1625007750,9.15,9.15,9.15,9.15,9.15,0,0
1625007755,9.15,9.15,9.15,9.15,9.15,0,0
1625007760,9.15,9.15,9.15,9.15,9.15,0,0
1625007765,9.15,9.15,9.15,9.15,9.15,0,0
1625007770,9.15,9.15,9.15,9.15,9.15,0,0
1625007775,9.15,9.15,9.15,9.15,9.15,0,0
1625007780,9.15,9.15,9.15,9.15,9.15,0,0
1625007785,9.15,9.15,9.15,9.15,9.15,0,0
1625007790,9.15,9.15,9.15,9.15,9.15,0,0
1625007795,9.15,9.15,9.15,9.15,9.15,0,0
1625007800,9.15,9.15,9.15,9.15,9.15,0,0
1625007805,9.15,9.15,9.15,9.15,9.15,0,0
1625007810,9.15,9.15,9.15,9.15,9.15,0,0
1625007815,9.15,9.15,9.15,9.15,9.15,0,0
1625007820,9.15,9.15,9.15,9.15,9.15,0,0
1625007825,9.15,9.15,9.15,9.15,9.15,0,0
1625007830,9.15,9.15,9.15,9.15,9.15,0,0
1625007835,9.15,9.15,9.15,9.15,9.15,0,0
1625007840,9.15,9.15,9.15,9.15,9.15,0,0
1625007845,9.15,9.15,9.15,9.15,9.15,0,0
1625007850,9.15,9.15,9.15,9.15,9.15,0,0
1625007855,9.15,9.15,9.15,9.15,9.15,0,0
1625007860,9.15,9.15,9.15,9.15,9.15,0,0
1625007865,9.15,9.15,9.15,9.15,9.15,0,0
1625007870,9.15,9.15,9.15,9.15,9.15,0,0
1625007875,9.15,9.15,9.15,9.15,9.15,0,0
1625007880,9.15,9.15,9.15,9.15,9.15,0,0
1625007885,9.15,9.15,9.15,9.15,9.15,0,0
1625007890,9.15,9.15,9.15,9.15,9.15,0,0
1625007895,9.15,9.15,9.15,9.15,9.15,0,0
1625007900,9.15,9.15,9.15,9.15,9.15,0,0
1625007905,9.15,9.15,9.15,9.15,9.15,0,0
1625007910,9.15,9.15,9.15,9.15,9.15,0,0
1625007915,9.15,9.15,9.15,9.15,9.15,0,0
1625007920,9.15,9.15,9.15,9.15,9.15,0,0
1625007925,9.15,9.15,9.15,9.15,9.15,0,0
1625007930,9.15,9.15,9.15,9.15,9.15,0,0
1625007935,9.15,9.15,9.15,9.15,9.15,0,0
1625007940,9.15,9.15,9.15,9.15,9.15,0,0
1625007945,9.15,9.15,9.15,9.15,9.15,0,0
1625007950,9.15,9.15,9.15,9.15,9.15,0,0
1625007955,9.15,9.15,9.15,9.15,9.15,0,0
1625007960,9.15,9.15,9.15,9.15,9.15,0,0
1625007965,9.15,9.15,9.15,9.15,9.15,0,0
1625007970,9.15,9.15,9.15,9.15,9.15,0,0
1625007975,9.15,9.15,9.15,9.15,9.15,0,0
1625007980,9.15,9.15,9.15,9.15,9.15,0,0
1625007985,9.15,9.15,9.15,9.15,9.15,0,0
1625007990,9.15,9.15,9.15,9.15,9.15,1,1
1625007995,9.15,9.15,9.15,9.15,9.15,0,0
1625008000,9.15,9.15,9.15,9.15,9.15,0,0
1625008005,9.15,9.15,9.15,9.15,9.15,0,0
1625008010,9.15,9.15,9.15,9.15,9.15,0,0
1625008015,9.15,9.15,9.15,9.15,9.15,0,0
1625008020,9.15,9.15,9.15,9.15,9.15,0,0
1625008025,9.15,9.15,9.15,9.15,9.15,0,0
1625008030,9.15,9.15,9.15,9.15,9.15,0,0
1625008035,9.15,9.15,9.15,9.15,9.15,0,0
1625008040,9.15,9.15,9.15,9.15,9.15,0,0
1625008045,9.15,9.15,9.15,9.15,9.15,0,0
1625008050,9.15,9.15,9.15,9.15,9.15,0,0
1625008055,9.15,9.15,9.15,9.15,9.15,0,0
1625008060,9.15,9.15,9.15,9.15,9.15,0,0
1625008065,9.15,9.15,9.15,9.15,9.15,0,0
1625008070,9.15,9.15,9.15,9.15,9.15,0,0
1625008075,9.15,9.15,9.15,9.15,9.15,0,0
1625008080,9.15,9.15,9.15,9.15,9.15,0,0
1625008085,9.15,9.15,9.15,9.15,9.15,0,0
1625008090,9.15,9.15,9.15,9.15,9.15,0,0
1625008095,9.15,9.15,9.15,9.15,9.15,0,0
1625008100,9.15,9.15,9.15,9.15,9.15,0,0
1625008105,9.15,9.15,9.15,9.15,9.15,0,0
