date,open,high,low,close,average,volume,count
1626076800,45.57,45.57,45.57,45.57,45.57,44,3
1626076805,45.57,45.57,45.57,45.57,45.57,0,0
1626076810,45.57,45.57,45.57,45.57,45.57,60,3
1626076815,45.57,45.78,45.53,45.78,45.61208,4,3
1626076820,45.6,45.6,45.57,45.57,45.57204,29,2
1626076825,45.57,45.57,45.57,45.57,45.57,0,0
1626076830,45.57,45.57,45.57,45.57,45.57,0,0
1626076835,45.57,45.57,45.57,45.57,45.57,0,0
1626076840,45.6,45.6,45.6,45.6,45.6,2,1
1626076845,45.6,45.6,45.6,45.6,45.6,0,0
1626076850,45.6,45.6,45.6,45.6,45.6,0,0
1626076855,45.65,45.65,45.65,45.65,45.65,1,1
1626076860,45.65,45.65,45.65,45.65,45.65,1,1
1626076865,45.59,45.6,45.59,45.6,45.59749,3,2
1626076870,45.6,45.6,45.6,45.6,45.6,0,0
1626076875,45.6,45.6,45.6,45.6,45.6,0,0
1626076880,45.65,45.68,45.57,45.57,45.63932,22,5
1626076885,45.58,45.58,45.58,45.58,45.58,1,1
1626076890,45.58,45.58,45.57,45.57,45.57174,12,2
1626076895,45.57,45.57,45.57,45.57,45.57,0,0
1626076900,45.57,45.57,45.57,45.57,45.57,36,5
1626076905,45.57,45.58,45.55,45.58,45.5698,50,7
1626076910,45.58,45.58,45.58,45.58,45.58,9,2
1626076915,45.57,45.57,45.56,45.56,45.56561,2,2
1626076920,45.56,45.56,45.56,45.56,45.56,0,0
1626076925,45.56,45.56,45.56,45.56,45.56,0,0
1626076930,45.56,45.56,45.56,45.56,45.56,0,0
1626076935,45.5,45.5,45.5,45.5,45.5,1,1
1626076940,45.42,45.42,45.42,45.42,45.42,1,1
1626076945,45.42,45.42,45.42,45.42,45.42,0,0
1626076950,45.45,45.45,45.45,45.45,45.45,3,1
1626076955,45.5,45.5,45.5,45.5,45.5,13,1
1626076960,45.5,45.5,45.5,45.5,45.5,0,0
1626076965,45.45,45.45,45.45,45.45,45.45,1,1
1626076970,45.45,45.45,45.45,45.45,45.45,0,0
1626076975,45.53,45.53,45.53,45.53,45.53,1,1
1626076980,45.53,45.53,45.53,45.53,45.53,0,0
1626076985,45.53,45.53,45.53,45.53,45.53,0,0
1626076990,45.53,45.53,45.53,45.53,45.53,0,0
1626076995,45.53,45.53,45.53,45.53,45.53,0,0
1626077000,45.53,45.57,45.53,45.57,45.54404,10,5
1626077005,45.57,45.57,45.57,45.57,45.57,0,0
1626077010,45.57,45.57,45.57,45.57,45.57,0,0
1626077015,45.57,45.57,45.57,45.57,45.57,0,0
1626077020,45.57,45.57,45.57,45.57,45.57,0,0
1626077025,45.56,45.59,45.56,45.59,45.57954,9,3
1626077030,45.59,45.59,45.59,45.59,45.59,0,0
1626077035,45.59,45.59,45.59,45.59,45.59,0,0
1626077040,45.59,45.59,45.59,45.59,45.59,0,0
1626077045,45.59,45.59,45.59,45.59,45.59,0,0
1626077050,45.59,45.59,45.59,45.59,45.59,0,0
1626077055,45.59,45.59,45.59,45.59,45.59,0,0
1626077060,45.59,45.59,45.59,45.59,45.59,0,0
1626077065,45.59,45.59,45.59,45.59,45.59,0,0
1626077070,45.59,45.59,45.59,45.59,45.59,0,0
1626077075,45.59,45.59,45.59,45.59,45.59,0,0
1626077080,45.59,45.59,45.59,45.59,45.59,0,0
1626077085,45.63,45.63,45.63,45.63,45.63,1,1
1626077090,45.63,45.63,45.63,45.63,45.63,0,0
1626077095,45.63,45.63,45.63,45.63,45.63,0,0
1626077100,45.66,45.66,45.66,45.66,45.66,1,1
1626077105,45.66,45.66,45.66,45.66,45.66,0,0
1626077110,45.65,45.66,45.65,45.66,45.65857,21,4
1626077115,45.66,45.66,45.66,45.66,45.66,0,0
1626077120,45.66,45.66,45.66,45.66,45.66,0,0
1626077125,45.7,45.7,45.7,45.7,45.7,59,5
1626077130,45.7,45.7,45.7,45.7,45.7,0,0
1626077135,45.7,45.7,45.7,45.7,45.7,0,0
1626077140,45.7,45.7,45.7,45.7,45.7,0,0
1626077145,45.7,45.7,45.7,45.7,45.7,0,0
1626077150,45.7,45.7,45.7,45.7,45.7,0,0
1626077155,45.7,45.7,45.7,45.7,45.7,0,0
1626077160,45.69,45.7,45.68,45.68,45.69154,24,5
1626077165,45.68,45.68,45.68,45.68,45.68,0,0
1626077170,45.67,45.67,45.66,45.66,45.66251,3,2
1626077175,45.66,45.66,45.66,45.66,45.66,0,0
1626077180,45.65,45.65,45.65,45.65,45.65,1,1
1626077185,45.65,45.65,45.65,45.65,45.65,0,0
1626077190,45.65,45.65,45.65,45.65,45.65,0,0
1626077195,45.65,45.65,45.65,45.65,45.65,0,0
1626077200,45.64,45.64,45.64,45.64,45.64,1,1
1626077205,45.64,45.64,45.64,45.64,45.64,0,0
1626077210,45.65,45.65,45.65,45.65,45.65,19,1
1626077215,45.65,45.65,45.65,45.65,45.65,0,0
1626077220,45.65,45.65,45.65,45.65,45.65,0,0
1626077225,45.65,45.65,45.65,45.65,45.65,0,0
1626077230,45.65,45.65,45.65,45.65,45.65,0,0
1626077235,45.65,45.65,45.65,45.65,45.65,0,0
1626077240,45.65,45.65,45.65,45.65,45.65,0,0
1626077245,45.65,45.65,45.65,45.65,45.65,0,0
1626077250,45.65,45.65,45.65,45.65,45.65,0,0
1626077255,45.65,45.65,45.65,45.65,45.65,0,0
1626077260,45.65,45.65,45.65,45.65,45.65,0,0
1626077265,45.65,45.65,45.65,45.65,45.65,0,0
1626077270,45.65,45.65,45.65,45.65,45.65,0,0
1626077275,45.65,45.65,45.65,45.65,45.65,0,0
1626077280,45.65,45.65,45.65,45.65,45.65,0,0
1626077285,45.59,45.6,45.59,45.6,45.595,2,2
1626077290,45.6,45.6,45.6,45.6,45.6,1,1
1626077295,45.6,45.6,45.6,45.6,45.6,0,0
1626077300,45.62,45.62,45.62,45.62,45.62,2,2
1626077305,45.62,45.62,45.62,45.62,45.62,0,0
1626077310,45.63,45.64,45.63,45.64,45.63091,11,2
1626077315,45.64,45.64,45.64,45.64,45.64,0,0
1626077320,45.64,45.64,45.64,45.64,45.64,0,0
1626077325,45.64,45.64,45.64,45.64,45.64,0,0
1626077330,45.64,45.64,45.64,45.64,45.64,0,0
1626077335,45.64,45.64,45.64,45.64,45.64,0,0
1626077340,45.64,45.64,45.64,45.64,45.64,0,0
1626077345,45.64,45.64,45.64,45.64,45.64,0,0
1626077350,45.64,45.64,45.64,45.64,45.64,0,0
1626077355,45.64,45.64,45.64,45.64,45.64,0,0
1626077360,45.64,45.64,45.64,45.64,45.64,0,0
1626077365,45.64,45.64,45.64,45.64,45.64,0,0
1626077370,45.64,45.64,45.64,45.64,45.64,0,0
1626077375,45.64,45.64,45.64,45.64,45.64,0,0
1626077380,45.64,45.64,45.64,45.64,45.64,1,1
1626077385,45.64,45.64,45.64,45.64,45.64,0,0
1626077390,45.64,45.64,45.64,45.64,45.64,0,0
1626077395,45.69,45.7,45.69,45.7,45.69909,65,15
1626077400,45.7,45.7,45.7,45.7,45.7,59,6
1626077405,45.7,45.7,45.7,45.7,45.7,0,0
1626077410,45.7,45.7,45.7,45.7,45.7,0,0
1626077415,45.7,45.7,45.7,45.7,45.7,0,0
1626077420,45.66,45.66,45.66,45.66,45.66,1,1
1626077425,45.66,45.66,45.66,45.66,45.66,0,0
1626077430,45.66,45.66,45.66,45.66,45.66,0,0
1626077435,45.67,45.67,45.67,45.67,45.67,3,3
1626077440,45.68,45.68,45.68,45.68,45.68,3,2
1626077445,45.68,45.68,45.68,45.68,45.68,0,0
1626077450,45.68,45.68,45.68,45.68,45.68,0,0
1626077455,45.68,45.68,45.68,45.68,45.68,0,0
1626077460,45.7,45.7,45.67,45.67,45.68596,9,3
1626077465,45.67,45.67,45.67,45.67,45.67,0,0
1626077470,45.67,45.67,45.67,45.67,45.67,0,0
1626077475,45.67,45.67,45.67,45.67,45.67,0,0
1626077480,45.67,45.67,45.67,45.67,45.67,0,0
1626077485,45.67,45.67,45.67,45.67,45.67,0,0
1626077490,45.67,45.67,45.67,45.67,45.67,0,0
1626077495,45.67,45.67,45.67,45.67,45.67,0,0
1626077500,45.69,45.69,45.66,45.66,45.68271,6,2
1626077505,45.66,45.66,45.66,45.66,45.66,0,0
1626077510,45.66,45.66,45.66,45.66,45.66,2,1
1626077515,45.68,45.68,45.68,45.68,45.68,20,1
1626077520,45.69,45.7,45.69,45.7,45.69887,8,3
1626077525,45.7,45.7,45.7,45.7,45.7,0,0
1626077530,45.7,45.7,45.7,45.7,45.7,0,0
1626077535,45.7,45.7,45.7,45.7,45.7,0,0
1626077540,45.7,45.7,45.7,45.7,45.7,0,0
1626077545,45.7,45.7,45.7,45.7,45.7,0,0
1626077550,45.7,45.7,45.7,45.7,45.7,0,0
1626077555,45.7,45.7,45.7,45.7,45.7,0,0
1626077560,45.7,45.7,45.7,45.7,45.7,0,0
1626077565,45.7,45.7,45.7,45.7,45.7,0,0
1626077570,45.7,45.7,45.7,45.7,45.7,0,0
1626077575,45.7,45.7,45.7,45.7,45.7,0,0
1626077580,45.7,45.7,45.7,45.7,45.7,0,0
1626077585,45.7,45.7,45.7,45.7,45.7,0,0
1626077590,45.7,45.7,45.7,45.7,45.7,0,0
1626077595,45.69,45.69,45.69,45.69,45.69,4,2
1626077600,45.69,45.69,45.69,45.69,45.69,0,0
1626077605,45.69,45.69,45.69,45.69,45.69,0,0
1626077610,45.69,45.69,45.69,45.69,45.69,0,0
1626077615,45.69,45.69,45.69,45.69,45.69,0,0
1626077620,45.69,45.69,45.69,45.69,45.69,0,0
1626077625,45.69,45.69,45.69,45.69,45.69,0,0
1626077630,45.69,45.69,45.69,45.69,45.69,0,0
1626077635,45.69,45.69,45.69,45.69,45.69,0,0
1626077640,45.69,45.69,45.69,45.69,45.69,0,0
1626077645,45.69,45.69,45.69,45.69,45.69,0,0
1626077650,45.64,45.64,45.64,45.64,45.64,5,3
1626077655,45.64,45.64,45.64,45.64,45.64,0,0
1626077660,45.64,45.64,45.64,45.64,45.64,0,0
1626077665,45.64,45.64,45.64,45.64,45.64,0,0
1626077670,45.64,45.64,45.64,45.64,45.64,0,0
1626077675,45.64,45.64,45.64,45.64,45.64,8,3
1626077680,45.64,45.64,45.64,45.64,45.64,0,0
1626077685,45.64,45.64,45.64,45.64,45.64,0,0
1626077690,45.64,45.64,45.64,45.64,45.64,0,0
1626077695,45.64,45.64,45.64,45.64,45.64,0,0
1626077700,45.64,45.64,45.64,45.64,45.64,0,0
1626077705,45.64,45.64,45.64,45.64,45.64,0,0
1626077710,45.64,45.64,45.64,45.64,45.64,0,0
1626077715,45.64,45.64,45.64,45.64,45.64,0,0
1626077720,45.64,45.64,45.64,45.64,45.64,0,0
1626077725,45.64,45.64,45.64,45.64,45.64,0,0
1626077730,45.64,45.64,45.64,45.64,45.64,0,0
1626077735,45.64,45.64,45.64,45.64,45.64,0,0
1626077740,45.64,45.64,45.64,45.64,45.64,0,0
1626077745,45.64,45.64,45.64,45.64,45.64,0,0
1626077750,45.64,45.64,45.64,45.64,45.64,0,0
1626077755,45.64,45.64,45.64,45.64,45.64,0,0
1626077760,45.63,45.63,45.63,45.63,45.63,3,1
1626077765,45.63,45.63,45.63,45.63,45.63,0,0
1626077770,45.63,45.63,45.63,45.63,45.63,0,0
1626077775,45.62,45.62,45.6,45.6,45.60573,38,4
1626077780,45.6,45.6,45.6,45.6,45.6,0,0
1626077785,45.6,45.6,45.6,45.6,45.6,0,0
1626077790,45.6,45.6,45.6,45.6,45.6,0,0
1626077795,45.6,45.6,45.6,45.6,45.6,0,0
1626077800,45.6,45.6,45.6,45.6,45.6,0,0
1626077805,45.6,45.6,45.6,45.6,45.6,0,0
1626077810,45.6,45.6,45.6,45.6,45.6,0,0
1626077815,45.6,45.6,45.6,45.6,45.6,0,0
1626077820,45.6,45.6,45.6,45.6,45.6,0,0
1626077825,45.6,45.6,45.6,45.6,45.6,0,0
1626077830,45.6,45.6,45.6,45.6,45.6,0,0
1626077835,45.6,45.6,45.6,45.6,45.6,0,0
1626077840,45.6,45.6,45.6,45.6,45.6,0,0
1626077845,45.6,45.6,45.6,45.6,45.6,0,0
1626077850,45.6,45.6,45.6,45.6,45.6,0,0
1626077855,45.6,45.6,45.6,45.6,45.6,0,0
1626077860,45.6,45.6,45.6,45.6,45.6,0,0
1626077865,45.6,45.6,45.6,45.6,45.6,2,1
1626077870,45.6,45.6,45.6,45.6,45.6,0,0
1626077875,45.59,45.6,45.59,45.6,45.59597,2,2
1626077880,45.63,45.64,45.63,45.64,45.63367,4,3
1626077885,45.64,45.64,45.64,45.64,45.64,0,0
1626077890,45.64,45.64,45.64,45.64,45.64,0,0
1626077895,45.64,45.64,45.64,45.64,45.64,0,0
1626077900,45.64,45.64,45.64,45.64,45.64,0,0
1626077905,45.64,45.64,45.64,45.64,45.64,0,0
1626077910,45.64,45.64,45.64,45.64,45.64,0,0
1626077915,45.64,45.64,45.64,45.64,45.64,0,0
1626077920,45.65,45.7,45.65,45.7,45.69275,24,9
1626077925,45.69,45.7,45.69,45.7,45.69625,8,7
1626077930,45.7,45.7,45.7,45.7,45.7,0,0
1626077935,45.7,45.7,45.7,45.7,45.7,0,0
1626077940,45.7,45.7,45.7,45.7,45.7,0,0
1626077945,45.7,45.7,45.7,45.7,45.7,0,0
1626077950,45.7,45.7,45.7,45.7,45.7,0,0
1626077955,45.7,45.7,45.7,45.7,45.7,0,0
1626077960,45.7,45.7,45.7,45.7,45.7,1,1
1626077965,45.7,45.7,45.7,45.7,45.7,0,0
1626077970,45.7,45.7,45.7,45.7,45.7,0,0
1626077975,45.7,45.7,45.7,45.7,45.7,0,0
1626077980,45.7,45.7,45.7,45.7,45.7,0,0
1626077985,45.7,45.7,45.7,45.7,45.7,15,4
1626077990,45.7,45.7,45.7,45.7,45.7,0,0
1626077995,45.7,45.7,45.7,45.7,45.7,0,0
1626078000,45.7,45.7,45.7,45.7,45.7,0,0
1626078005,45.7,45.7,45.7,45.7,45.7,0,0
1626078010,45.7,45.7,45.7,45.7,45.7,0,0
1626078015,45.7,45.7,45.7,45.7,45.7,1,1
1626078020,45.7,45.7,45.7,45.7,45.7,0,0
1626078025,45.7,45.7,45.7,45.7,45.7,0,0
1626078030,45.7,45.7,45.7,45.7,45.7,0,0
1626078035,45.7,45.7,45.7,45.7,45.7,0,0
1626078040,45.7,45.7,45.7,45.7,45.7,0,0
1626078045,45.7,45.73,45.7,45.73,45.71558,49,11
1626078050,45.73,45.73,45.73,45.73,45.73,0,0
1626078055,45.73,45.73,45.73,45.73,45.73,0,0
1626078060,45.73,45.73,45.73,45.73,45.73,0,0
1626078065,45.73,45.73,45.73,45.73,45.73,0,0
1626078070,45.73,45.73,45.73,45.73,45.73,0,0
1626078075,45.73,45.73,45.73,45.73,45.73,0,0
1626078080,45.73,45.73,45.73,45.73,45.73,0,0
1626078085,45.79,45.85,45.79,45.85,45.84231,16,4
1626078090,45.85,45.85,45.85,45.85,45.85,0,0
1626078095,45.96,46.0,45.96,46.0,45.9878,8,7
1626078100,46.0,46.0,46.0,46.0,46.0,0,0
1626078105,46.0,46.0,46.0,46.0,46.0,0,0
1626078110,46.0,46.0,46.0,46.0,46.0,0,0
1626078115,46.0,46.0,46.0,46.0,46.0,0,0
1626078120,46.0,46.0,46.0,46.0,46.0,0,0
1626078125,45.96,46.0,45.96,46.0,45.98114,7,3
1626078130,46.0,46.0,46.0,46.0,46.0,0,0
1626078135,46.0,46.0,46.0,46.0,46.0,0,0
1626078140,45.99,45.99,45.99,45.99,45.99,2,1
1626078145,45.99,45.99,45.99,45.99,45.99,0,0
1626078150,45.99,45.99,45.99,45.99,45.99,0,0
1626078155,45.99,45.99,45.99,45.99,45.99,0,0
1626078160,45.99,46.0,45.99,45.99,45.99264,7,4
1626078165,45.99,45.99,45.99,45.99,45.99,10,1
1626078170,45.99,45.99,45.99,45.99,45.99,0,0
1626078175,45.99,45.99,45.99,45.99,45.99,0,0
1626078180,45.99,45.99,45.99,45.99,45.99,0,0
1626078185,45.99,45.99,45.99,45.99,45.99,0,0
1626078190,45.99,45.99,45.99,45.99,45.99,0,0
1626078195,46.05,46.05,46.05,46.05,46.05,13,1
1626078200,46.05,46.05,46.05,46.05,46.05,0,0
1626078205,46.05,46.05,46.05,46.05,46.05,0,0
1626078210,46.05,46.05,46.05,46.05,46.05,0,0
1626078215,46.05,46.05,46.05,46.05,46.05,0,0
1626078220,46.05,46.05,46.05,46.05,46.05,0,0
1626078225,46.05,46.05,46.05,46.05,46.05,0,0
1626078230,46.05,46.05,46.05,46.05,46.05,0,0
1626078235,46.05,46.05,46.05,46.05,46.05,0,0
1626078240,46.05,46.05,46.05,46.05,46.05,0,0
1626078245,46.05,46.05,46.05,46.05,46.05,0,0
1626078250,46.05,46.05,46.05,46.05,46.05,0,0
1626078255,46.05,46.05,46.05,46.05,46.05,0,0
1626078260,46.05,46.05,46.05,46.05,46.05,0,0
1626078265,46.05,46.05,46.05,46.05,46.05,0,0
1626078270,46.05,46.05,46.05,46.05,46.05,0,0
1626078275,46.13,46.13,46.13,46.13,46.13,2,1
1626078280,46.13,46.13,46.13,46.13,46.13,0,0
1626078285,46.1,46.1,46.1,46.1,46.1,2,1
1626078290,46.1,46.1,46.1,46.1,46.1,1,1
1626078295,46.1,46.1,46.1,46.1,46.1,0,0
1626078300,46.1,46.1,46.1,46.1,46.1,0,0
1626078305,46.07,46.09,46.07,46.09,46.07666,5,3
1626078310,46.09,46.09,46.09,46.09,46.09,0,0
1626078315,46.09,46.09,46.09,46.09,46.09,0,0
1626078320,46.09,46.09,46.09,46.09,46.09,0,0
1626078325,46.09,46.09,46.09,46.09,46.09,0,0
1626078330,46.09,46.09,46.09,46.09,46.09,0,0
1626078335,46.09,46.09,46.09,46.09,46.09,0,0
1626078340,46.09,46.09,46.09,46.09,46.09,0,0
1626078345,46.09,46.09,46.09,46.09,46.09,0,0
1626078350,46.09,46.09,46.09,46.09,46.09,0,0
1626078355,46.09,46.09,46.09,46.09,46.09,0,0
1626078360,46.09,46.09,46.09,46.09,46.09,0,0
1626078365,46.09,46.09,46.09,46.09,46.09,0,0
1626078370,46.09,46.09,46.09,46.09,46.09,0,0
1626078375,46.09,46.09,46.09,46.09,46.09,0,0
1626078380,46.09,46.09,46.09,46.09,46.09,0,0
1626078385,46.05,46.05,46.05,46.05,46.05,3,1
1626078390,46.05,46.05,46.05,46.05,46.05,0,0
1626078395,46.05,46.05,46.05,46.05,46.05,0,0
1626078400,46.05,46.05,46.05,46.05,46.05,4,1
1626078405,46.05,46.05,46.05,46.05,46.05,0,0
1626078410,46.05,46.05,46.05,46.05,46.05,0,0
1626078415,46.05,46.05,46.05,46.05,46.05,0,0
1626078420,46.05,46.05,46.05,46.05,46.05,4,1
1626078425,46.05,46.05,46.05,46.05,46.05,0,0
1626078430,46.02,46.02,46.0,46.0,46.00894,8,2
1626078435,46.0,46.0,46.0,46.0,46.0,0,0
1626078440,46.0,46.0,46.0,46.0,46.0,0,0
1626078445,46.0,46.0,46.0,46.0,46.0,0,0
1626078450,46.0,46.0,46.0,46.0,46.0,0,0
1626078455,46.0,46.0,46.0,46.0,46.0,0,0
1626078460,46.0,46.0,46.0,46.0,46.0,0,0
1626078465,46.0,46.0,46.0,46.0,46.0,0,0
1626078470,46.0,46.0,46.0,46.0,46.0,0,0
1626078475,46.0,46.0,46.0,46.0,46.0,0,0
1626078480,46.01,46.01,46.01,46.01,46.01,1,1
1626078485,46.01,46.01,46.01,46.01,46.01,0,0
1626078490,46.01,46.01,46.01,46.01,46.01,0,0
1626078495,46.01,46.01,46.01,46.01,46.01,0,0
1626078500,46.01,46.01,46.01,46.01,46.01,0,0
1626078505,46.01,46.01,46.01,46.01,46.01,0,0
1626078510,46.01,46.01,46.01,46.01,46.01,0,0
1626078515,46.01,46.01,46.01,46.01,46.01,0,0
1626078520,46.01,46.01,46.01,46.01,46.01,0,0
1626078525,46.01,46.01,46.01,46.01,46.01,0,0
1626078530,46.01,46.01,46.01,46.01,46.01,0,0
1626078535,46.01,46.01,46.01,46.01,46.01,0,0
1626078540,46.01,46.01,46.01,46.01,46.01,0,0
1626078545,46.01,46.01,46.01,46.01,46.01,0,0
1626078550,46.01,46.01,46.01,46.01,46.01,0,0
1626078555,46.01,46.01,46.01,46.01,46.01,0,0
1626078560,46.01,46.01,46.01,46.01,46.01,0,0
1626078565,46.01,46.01,46.01,46.01,46.01,0,0
1626078570,46.01,46.01,46.01,46.01,46.01,0,0
1626078575,46.09,46.09,46.09,46.09,46.09,3,2
1626078580,46.09,46.09,46.09,46.09,46.09,0,0
1626078585,46.09,46.09,46.09,46.09,46.09,0,0
1626078590,46.09,46.09,46.09,46.09,46.09,0,0
1626078595,46.09,46.09,46.09,46.09,46.09,0,0
1626078600,46.0,46.0,46.0,46.0,46.0,8,1
1626078605,46.0,46.0,46.0,46.0,46.0,0,0
1626078610,46.0,46.0,46.0,46.0,46.0,0,0
1626078615,46.0,46.0,46.0,46.0,46.0,15,3
1626078620,46.0,46.0,46.0,46.0,46.0,0,0
1626078625,46.0,46.0,46.0,46.0,46.0,0,0
1626078630,46.0,46.0,46.0,46.0,46.0,0,0
1626078635,46.0,46.0,46.0,46.0,46.0,0,0
1626078640,46.0,46.0,46.0,46.0,46.0,0,0
1626078645,46.0,46.0,46.0,46.0,46.0,0,0
1626078650,46.0,46.0,46.0,46.0,46.0,0,0
1626078655,46.0,46.0,46.0,46.0,46.0,0,0
1626078660,46.0,46.0,46.0,46.0,46.0,0,0
1626078665,46.0,46.0,46.0,46.0,46.0,0,0
1626078670,46.0,46.0,46.0,46.0,46.0,0,0
1626078675,46.0,46.0,46.0,46.0,46.0,0,0
1626078680,46.0,46.0,46.0,46.0,46.0,0,0
1626078685,46.0,46.0,46.0,46.0,46.0,0,0
1626078690,46.0,46.0,46.0,46.0,46.0,0,0
1626078695,46.0,46.0,46.0,46.0,46.0,0,0
1626078700,46.0,46.0,46.0,46.0,46.0,0,0
1626078705,46.0,46.0,46.0,46.0,46.0,0,0
1626078710,46.0,46.0,46.0,46.0,46.0,0,0
1626078715,46.0,46.0,46.0,46.0,46.0,0,0
1626078720,46.0,46.0,46.0,46.0,46.0,0,0
1626078725,46.0,46.0,46.0,46.0,46.0,0,0
1626078730,46.0,46.0,46.0,46.0,46.0,0,0
1626078735,46.0,46.0,46.0,46.0,46.0,0,0
1626078740,46.0,46.0,46.0,46.0,46.0,0,0
1626078745,46.0,46.0,46.0,46.0,46.0,0,0
1626078750,46.0,46.0,46.0,46.0,46.0,0,0
1626078755,46.0,46.0,46.0,46.0,46.0,0,0
1626078760,46.0,46.0,46.0,46.0,46.0,0,0
1626078765,45.99,45.99,45.99,45.99,45.99,1,1
1626078770,45.99,45.99,45.99,45.99,45.99,0,0
1626078775,45.99,45.99,45.99,45.99,45.99,0,0
1626078780,45.99,45.99,45.99,45.99,45.99,2,1
1626078785,45.99,45.99,45.99,45.99,45.99,0,0
1626078790,45.99,45.99,45.99,45.99,45.99,0,0
1626078795,45.99,45.99,45.99,45.99,45.99,0,0
1626078800,45.99,45.99,45.99,45.99,45.99,0,0
1626078805,45.99,45.99,45.99,45.99,45.99,0,0
1626078810,45.99,45.99,45.99,45.99,45.99,0,0
1626078815,45.99,45.99,45.99,45.99,45.99,0,0
1626078820,45.99,45.99,45.99,45.99,45.99,0,0
1626078825,45.99,45.99,45.99,45.99,45.99,0,0
1626078830,45.9,45.91,45.9,45.9,45.90349,11,5
1626078835,45.9,45.9,45.9,45.9,45.9,0,0
1626078840,45.9,45.9,45.9,45.9,45.9,0,0
1626078845,45.9,45.9,45.9,45.9,45.9,0,0
1626078850,45.9,45.9,45.9,45.9,45.9,0,0
1626078855,45.9,45.9,45.9,45.9,45.9,0,0
1626078860,45.9,45.9,45.9,45.9,45.9,0,0
1626078865,45.9,45.9,45.9,45.9,45.9,0,0
1626078870,45.9,45.9,45.9,45.9,45.9,0,0
1626078875,45.9,45.9,45.9,45.9,45.9,0,0
1626078880,45.9,45.9,45.9,45.9,45.9,0,0
1626078885,45.9,45.9,45.9,45.9,45.9,0,0
1626078890,45.9,45.9,45.9,45.9,45.9,0,0
1626078895,45.9,45.9,45.9,45.9,45.9,0,0
1626078900,45.9,45.9,45.9,45.9,45.9,0,0
1626078905,45.9,45.9,45.9,45.9,45.9,0,0
1626078910,45.9,45.9,45.9,45.9,45.9,0,0
1626078915,45.9,45.9,45.9,45.9,45.9,0,0
1626078920,45.9,45.9,45.9,45.9,45.9,0,0
1626078925,45.9,45.9,45.9,45.9,45.9,0,0
1626078930,45.9,45.9,45.9,45.9,45.9,0,0
1626078935,45.9,45.9,45.9,45.9,45.9,0,0
1626078940,45.9,45.9,45.9,45.9,45.9,0,0
1626078945,45.93,45.93,45.93,45.93,45.93,5,1
1626078950,45.93,45.93,45.93,45.93,45.93,0,0
1626078955,46.0,46.1,46.0,46.1,46.01286,46,9
1626078960,46.1,46.1,46.1,46.1,46.1,0,0
1626078965,46.11,46.11,46.11,46.11,46.11,1,1
1626078970,46.11,46.11,46.11,46.11,46.11,4,1
1626078975,46.1,46.1,46.1,46.1,46.1,43,2
1626078980,46.08,46.08,46.08,46.08,46.08,3,1
1626078985,46.08,46.08,46.08,46.08,46.08,0,0
1626078990,46.08,46.08,46.08,46.08,46.08,0,0
1626078995,46.08,46.08,46.08,46.08,46.08,0,0
1626079000,46.08,46.08,46.08,46.08,46.08,0,0
1626079005,46.08,46.08,46.08,46.08,46.08,0,0
1626079010,46.08,46.08,46.08,46.08,46.08,0,0
1626079015,46.08,46.08,46.08,46.08,46.08,1,1
1626079020,46.08,46.08,46.08,46.08,46.08,0,0
1626079025,46.08,46.08,46.08,46.08,46.08,0,0
1626079030,46.08,46.08,46.08,46.08,46.08,0,0
1626079035,46.08,46.08,46.08,46.08,46.08,0,0
1626079040,46.08,46.08,46.08,46.08,46.08,0,0
1626079045,46.08,46.08,46.08,46.08,46.08,0,0
1626079050,46.08,46.08,46.08,46.08,46.08,0,0
1626079055,46.08,46.08,46.08,46.08,46.08,0,0
1626079060,46.08,46.08,46.08,46.08,46.08,0,0
1626079065,46.08,46.08,46.08,46.08,46.08,0,0
1626079070,46.08,46.08,46.08,46.08,46.08,0,0
1626079075,46.08,46.08,46.08,46.08,46.08,0,0
1626079080,46.08,46.08,46.08,46.08,46.08,0,0
1626079085,46.08,46.08,46.08,46.08,46.08,0,0
1626079090,46.08,46.08,46.08,46.08,46.08,0,0
1626079095,46.08,46.09,46.08,46.09,46.08079,25,2
1626079100,46.09,46.09,46.09,46.09,46.09,0,0
1626079105,46.12,46.12,46.12,46.12,46.12,3,1
1626079110,46.15,46.17,46.15,46.17,46.16565,11,5
1626079115,46.19,46.2,46.19,46.2,46.19612,10,6
1626079120,46.21,46.22,46.15,46.15,46.20902,66,9
1626079125,46.15,46.15,46.15,46.15,46.15,0,0
1626079130,46.15,46.15,46.15,46.15,46.15,0,0
1626079135,46.15,46.15,46.15,46.15,46.15,0,0
1626079140,46.15,46.15,46.15,46.15,46.15,0,0
1626079145,46.15,46.15,46.15,46.15,46.15,0,0
1626079150,46.14,46.18,46.14,46.18,46.15067,7,3
1626079155,46.18,46.18,46.18,46.18,46.18,5,1
1626079160,46.18,46.18,46.18,46.18,46.18,1,1
1626079165,46.14,46.14,46.14,46.14,46.14,1,1
1626079170,46.14,46.14,46.14,46.14,46.14,0,0
1626079175,46.14,46.14,46.14,46.14,46.14,0,0
1626079180,46.14,46.14,46.14,46.14,46.14,0,0
1626079185,46.14,46.14,46.14,46.14,46.14,0,0
1626079190,46.14,46.14,46.14,46.14,46.14,1,1
1626079195,46.08,46.08,46.08,46.08,46.08,5,2
1626079200,46.08,46.08,46.08,46.08,46.08,0,0
1626079205,46.08,46.08,46.08,46.08,46.08,0,0
1626079210,46.08,46.08,46.08,46.08,46.08,0,0
1626079215,46.08,46.08,46.08,46.08,46.08,0,0
1626079220,46.08,46.08,46.08,46.08,46.08,0,0
1626079225,46.08,46.08,46.08,46.08,46.08,0,0
1626079230,46.08,46.08,46.08,46.08,46.08,0,0
1626079235,46.08,46.08,46.08,46.08,46.08,0,0
1626079240,46.08,46.08,46.08,46.08,46.08,0,0
1626079245,46.08,46.08,46.08,46.08,46.08,0,0
1626079250,46.01,46.01,46.01,46.01,46.01,1,1
1626079255,46.01,46.01,46.01,46.01,46.01,0,0
1626079260,46.01,46.01,46.01,46.01,46.01,0,0
1626079265,46.01,46.01,46.01,46.01,46.01,0,0
1626079270,46.01,46.01,46.01,46.01,46.01,0,0
1626079275,46.01,46.01,46.01,46.01,46.01,0,0
1626079280,46.01,46.01,46.01,46.01,46.01,0,0
1626079285,46.01,46.01,46.01,46.01,46.01,0,0
1626079290,46.01,46.01,46.01,46.01,46.01,0,0
1626079295,46.01,46.01,46.01,46.01,46.01,0,0
1626079300,46.01,46.01,46.01,46.01,46.01,0,0
1626079305,46.01,46.01,46.01,46.01,46.01,0,0
1626079310,46.01,46.01,46.01,46.01,46.01,0,0
1626079315,46.01,46.01,46.01,46.01,46.01,0,0
1626079320,46.01,46.01,46.01,46.01,46.01,0,0
1626079325,46.01,46.01,46.01,46.01,46.01,0,0
1626079330,46.01,46.01,46.01,46.01,46.01,0,0
1626079335,46.01,46.01,46.01,46.01,46.01,0,0
1626079340,46.01,46.01,46.01,46.01,46.01,0,0
1626079345,46.01,46.01,46.01,46.01,46.01,0,0
1626079350,46.01,46.01,46.01,46.01,46.01,0,0
1626079355,46.01,46.01,46.01,46.01,46.01,0,0
1626079360,46.01,46.01,46.01,46.01,46.01,0,0
1626079365,46.01,46.01,46.01,46.01,46.01,0,0
1626079370,46.01,46.01,46.01,46.01,46.01,0,0
1626079375,46.01,46.01,46.01,46.01,46.01,0,0
1626079380,46.01,46.01,46.01,46.01,46.01,0,0
1626079385,46.01,46.01,46.01,46.01,46.01,0,0
1626079390,46.01,46.01,46.01,46.01,46.01,0,0
1626079395,46.01,46.01,46.01,46.01,46.01,0,0
1626079400,46.01,46.01,46.01,46.01,46.01,0,0
1626079405,46.01,46.01,46.01,46.01,46.01,0,0
1626079410,46.01,46.01,46.01,46.01,46.01,0,0
1626079415,46.01,46.01,46.01,46.01,46.01,0,0
1626079420,46.01,46.01,46.01,46.01,46.01,0,0
1626079425,46.01,46.01,46.01,46.01,46.01,0,0
1626079430,46.01,46.01,46.01,46.01,46.01,0,0
1626079435,46.01,46.01,46.01,46.01,46.01,0,0
1626079440,46.01,46.01,46.01,46.01,46.01,0,0
1626079445,46.01,46.01,46.01,46.01,46.01,0,0
1626079450,46.01,46.01,46.01,46.01,46.01,0,0
1626079455,46.01,46.01,46.01,46.01,46.01,0,0
1626079460,46.01,46.01,46.01,46.01,46.01,0,0
1626079465,46.01,46.01,46.01,46.01,46.01,0,0
1626079470,46.03,46.03,46.03,46.03,46.03,1,1
1626079475,46.03,46.03,46.03,46.03,46.03,0,0
1626079480,46.03,46.03,46.03,46.03,46.03,0,0
1626079485,46.03,46.03,46.03,46.03,46.03,0,0
1626079490,46.03,46.03,46.03,46.03,46.03,0,0
1626079495,46.03,46.03,46.03,46.03,46.03,0,0
1626079500,46.03,46.03,46.03,46.03,46.03,0,0
1626079505,46.03,46.03,46.03,46.03,46.03,0,0
1626079510,46.03,46.03,46.03,46.03,46.03,0,0
1626079515,46.03,46.03,46.03,46.03,46.03,0,0
1626079520,46.03,46.03,46.03,46.03,46.03,0,0
1626079525,46.03,46.03,46.03,46.03,46.03,0,0
1626079530,46.03,46.03,46.03,46.03,46.03,0,0
1626079535,46.03,46.03,46.03,46.03,46.03,0,0
1626079540,46.03,46.03,46.03,46.03,46.03,0,0
1626079545,46.04,46.04,46.03,46.03,46.032,5,3
1626079550,46.03,46.03,46.03,46.03,46.03,0,0
1626079555,46.03,46.03,46.03,46.03,46.03,0,0
1626079560,46.03,46.03,46.03,46.03,46.03,0,0
1626079565,46.03,46.03,46.03,46.03,46.03,0,0
1626079570,46.03,46.03,46.03,46.03,46.03,0,0
1626079575,46.03,46.03,46.03,46.03,46.03,0,0
1626079580,46.03,46.03,46.03,46.03,46.03,0,0
1626079585,46.03,46.03,46.03,46.03,46.03,0,0
1626079590,46.03,46.03,46.03,46.03,46.03,0,0
1626079595,46.03,46.03,46.03,46.03,46.03,0,0
1626079600,46.03,46.03,46.03,46.03,46.03,0,0
1626079605,46.03,46.03,46.03,46.03,46.03,0,0
1626079610,46.03,46.03,46.03,46.03,46.03,0,0
1626079615,46.03,46.03,46.03,46.03,46.03,0,0
1626079620,46.03,46.03,46.03,46.03,46.03,0,0
1626079625,46.03,46.03,46.03,46.03,46.03,0,0
1626079630,46.03,46.03,46.03,46.03,46.03,0,0
1626079635,46.03,46.03,46.03,46.03,46.03,0,0
1626079640,46.03,46.03,46.03,46.03,46.03,0,0
1626079645,46.03,46.03,46.03,46.03,46.03,0,0
1626079650,46.03,46.03,46.03,46.03,46.03,0,0
1626079655,46.03,46.03,46.03,46.03,46.03,0,0
1626079660,46.03,46.03,46.03,46.03,46.03,0,0
1626079665,46.1,46.1,46.1,46.1,46.1,1,1
1626079670,46.1,46.1,46.1,46.1,46.1,0,0
1626079675,46.1,46.1,46.1,46.1,46.1,0,0
1626079680,46.1,46.1,46.1,46.1,46.1,0,0
1626079685,46.1,46.1,46.1,46.1,46.1,0,0
1626079690,46.1,46.1,46.1,46.1,46.1,0,0
1626079695,46.1,46.1,46.1,46.1,46.1,0,0
1626079700,46.1,46.1,46.1,46.1,46.1,0,0
1626079705,46.1,46.1,46.1,46.1,46.1,0,0
1626079710,46.1,46.1,46.1,46.1,46.1,0,0
1626079715,46.1,46.1,46.1,46.1,46.1,0,0
1626079720,46.1,46.1,46.1,46.1,46.1,0,0
1626079725,46.1,46.1,46.1,46.1,46.1,0,0
1626079730,46.1,46.1,46.1,46.1,46.1,0,0
1626079735,46.1,46.1,46.1,46.1,46.1,0,0
1626079740,46.1,46.1,46.1,46.1,46.1,1,1
1626079745,46.1,46.1,46.1,46.1,46.1,0,0
1626079750,46.1,46.1,46.1,46.1,46.1,1,1
1626079755,46.1,46.1,46.1,46.1,46.1,0,0
1626079760,46.1,46.1,46.1,46.1,46.1,0,0
1626079765,46.1,46.1,46.1,46.1,46.1,1,1
1626079770,46.1,46.1,46.1,46.1,46.1,0,0
1626079775,46.1,46.1,46.1,46.1,46.1,0,0
1626079780,46.1,46.1,46.1,46.1,46.1,0,0
1626079785,46.1,46.1,46.1,46.1,46.1,0,0
1626079790,46.1,46.1,46.1,46.1,46.1,0,0
1626079795,46.15,46.15,46.15,46.15,46.15,1,1
1626079800,46.15,46.15,46.15,46.15,46.15,0,0
1626079805,46.15,46.15,46.15,46.15,46.15,0,0
1626079810,46.15,46.15,46.15,46.15,46.15,0,0
1626079815,46.15,46.15,46.15,46.15,46.15,1,1
1626079820,46.15,46.15,46.15,46.15,46.15,0,0
1626079825,46.15,46.15,46.15,46.15,46.15,0,0
1626079830,46.15,46.15,46.15,46.15,46.15,0,0
1626079835,46.15,46.15,46.15,46.15,46.15,0,0
1626079840,46.15,46.15,46.15,46.15,46.15,0,0
1626079845,46.15,46.15,46.15,46.15,46.15,0,0
1626079850,46.15,46.15,46.15,46.15,46.15,0,0
1626079855,46.15,46.15,46.15,46.15,46.15,0,0
1626079860,46.15,46.15,46.15,46.15,46.15,0,0
1626079865,46.15,46.15,46.15,46.15,46.15,0,0
1626079870,46.15,46.15,46.15,46.15,46.15,0,0
1626079875,46.15,46.15,46.15,46.15,46.15,0,0
1626079880,46.15,46.15,46.15,46.15,46.15,0,0
1626079885,46.15,46.15,46.15,46.15,46.15,0,0
1626079890,46.15,46.15,46.15,46.15,46.15,0,0
1626079895,46.15,46.15,46.15,46.15,46.15,0,0
1626079900,46.15,46.15,46.15,46.15,46.15,0,0
1626079905,46.15,46.15,46.15,46.15,46.15,0,0
1626079910,46.15,46.15,46.15,46.15,46.15,0,0
1626079915,46.15,46.15,46.15,46.15,46.15,0,0
1626079920,46.15,46.15,46.15,46.15,46.15,0,0
1626079925,46.15,46.15,46.15,46.15,46.15,0,0
1626079930,46.15,46.15,46.15,46.15,46.15,0,0
1626079935,46.15,46.15,46.15,46.15,46.15,0,0
1626079940,46.15,46.15,46.15,46.15,46.15,0,0
1626079945,46.15,46.15,46.15,46.15,46.15,0,0
1626079950,46.15,46.15,46.15,46.15,46.15,0,0
1626079955,46.15,46.15,46.15,46.15,46.15,0,0
1626079960,46.15,46.15,46.15,46.15,46.15,0,0
1626079965,46.15,46.15,46.15,46.15,46.15,0,0
1626079970,46.15,46.15,46.15,46.15,46.15,0,0
1626079975,46.15,46.15,46.15,46.15,46.15,0,0
1626079980,46.15,46.15,46.15,46.15,46.15,0,0
1626079985,46.15,46.15,46.15,46.15,46.15,0,0
1626079990,46.15,46.15,46.15,46.15,46.15,0,0
1626079995,46.15,46.15,46.15,46.15,46.15,0,0
1626080000,46.15,46.15,46.15,46.15,46.15,0,0
1626080005,46.15,46.15,46.15,46.15,46.15,0,0
1626080010,46.15,46.15,46.15,46.15,46.15,0,0
1626080015,46.15,46.15,46.15,46.15,46.15,0,0
1626080020,46.15,46.15,46.15,46.15,46.15,0,0
1626080025,46.15,46.15,46.15,46.15,46.15,0,0
1626080030,46.15,46.15,46.15,46.15,46.15,0,0
1626080035,46.15,46.15,46.15,46.15,46.15,0,0
1626080040,46.15,46.15,46.15,46.15,46.15,0,0
1626080045,46.15,46.15,46.15,46.15,46.15,0,0
1626080050,46.15,46.15,46.15,46.15,46.15,0,0
1626080055,46.15,46.15,46.15,46.15,46.15,0,0
1626080060,46.15,46.15,46.15,46.15,46.15,0,0
1626080065,46.15,46.15,46.15,46.15,46.15,0,0
1626080070,46.15,46.15,46.15,46.15,46.15,0,0
1626080075,46.15,46.15,46.15,46.15,46.15,0,0
1626080080,46.15,46.15,46.15,46.15,46.15,0,0
1626080085,46.15,46.15,46.15,46.15,46.15,0,0
1626080090,46.15,46.15,46.15,46.15,46.15,0,0
1626080095,46.15,46.15,46.15,46.15,46.15,0,0
1626080100,46.15,46.15,46.15,46.15,46.15,0,0
1626080105,46.15,46.15,46.15,46.15,46.15,0,0
1626080110,46.15,46.15,46.15,46.15,46.15,0,0
1626080115,46.15,46.15,46.15,46.15,46.15,0,0
1626080120,46.15,46.15,46.15,46.15,46.15,0,0
1626080125,46.15,46.15,46.15,46.15,46.15,0,0
1626080130,46.15,46.15,46.15,46.15,46.15,0,0
1626080135,46.15,46.15,46.15,46.15,46.15,0,0
1626080140,46.15,46.15,46.15,46.15,46.15,0,0
1626080145,46.15,46.15,46.15,46.15,46.15,0,0
1626080150,46.15,46.15,46.15,46.15,46.15,0,0
1626080155,46.15,46.15,46.15,46.15,46.15,0,0
1626080160,46.15,46.15,46.15,46.15,46.15,0,0
1626080165,46.15,46.15,46.15,46.15,46.15,0,0
1626080170,46.15,46.15,46.15,46.15,46.15,0,0
1626080175,46.15,46.15,46.15,46.15,46.15,2,1
1626080180,46.15,46.15,46.15,46.15,46.15,0,0
1626080185,46.15,46.15,46.15,46.15,46.15,0,0
1626080190,46.15,46.15,46.15,46.15,46.15,0,0
1626080195,46.15,46.15,46.15,46.15,46.15,0,0
1626080200,46.15,46.15,46.15,46.15,46.15,0,0
1626080205,46.15,46.15,46.15,46.15,46.15,0,0
1626080210,46.15,46.15,46.15,46.15,46.15,0,0
1626080215,46.15,46.15,46.15,46.15,46.15,0,0
1626080220,46.15,46.15,46.15,46.15,46.15,0,0
1626080225,46.15,46.15,46.15,46.15,46.15,0,0
1626080230,46.15,46.15,46.15,46.15,46.15,0,0
1626080235,46.15,46.15,46.15,46.15,46.15,0,0
1626080240,46.15,46.15,46.15,46.15,46.15,0,0
1626080245,46.15,46.15,46.15,46.15,46.15,0,0
1626080250,46.15,46.15,46.15,46.15,46.15,0,0
1626080255,46.15,46.15,46.15,46.15,46.15,0,0
1626080260,46.15,46.15,46.15,46.15,46.15,0,0
1626080265,46.15,46.15,46.15,46.15,46.15,0,0
1626080270,46.15,46.15,46.15,46.15,46.15,0,0
1626080275,46.15,46.15,46.15,46.15,46.15,0,0
1626080280,46.15,46.15,46.15,46.15,46.15,0,0
1626080285,46.15,46.15,46.15,46.15,46.15,0,0
1626080290,46.15,46.15,46.15,46.15,46.15,0,0
1626080295,46.15,46.15,46.15,46.15,46.15,0,0
1626080300,46.15,46.15,46.15,46.15,46.15,0,0
1626080305,46.15,46.15,46.15,46.15,46.15,0,0
1626080310,46.15,46.15,46.15,46.15,46.15,0,0
1626080315,46.16,46.16,46.16,46.16,46.16,1,1
1626080320,46.16,46.16,46.16,46.16,46.16,0,0
1626080325,46.16,46.16,46.16,46.16,46.16,0,0
1626080330,46.16,46.16,46.16,46.16,46.16,0,0
1626080335,46.16,46.16,46.16,46.16,46.16,1,1
1626080340,46.16,46.16,46.16,46.16,46.16,0,0
1626080345,46.16,46.16,46.16,46.16,46.16,0,0
1626080350,46.16,46.16,46.16,46.16,46.16,0,0
1626080355,46.16,46.16,46.16,46.16,46.16,0,0
1626080360,46.16,46.16,46.16,46.16,46.16,0,0
1626080365,46.16,46.16,46.16,46.16,46.16,0,0
1626080370,46.16,46.16,46.16,46.16,46.16,0,0
1626080375,46.16,46.16,46.16,46.16,46.16,0,0
1626080380,46.16,46.16,46.16,46.16,46.16,0,0
1626080385,46.16,46.16,46.16,46.16,46.16,0,0
1626080390,46.16,46.16,46.16,46.16,46.16,0,0
1626080395,46.16,46.16,46.16,46.16,46.16,0,0
1626080400,46.16,46.16,46.16,46.16,46.16,0,0
1626080405,46.16,46.16,46.16,46.16,46.16,0,0
1626080410,46.16,46.16,46.16,46.16,46.16,0,0
1626080415,46.16,46.16,46.16,46.16,46.16,0,0
1626080420,46.16,46.16,46.16,46.16,46.16,0,0
1626080425,46.16,46.16,46.16,46.16,46.16,0,0
1626080430,46.16,46.16,46.16,46.16,46.16,0,0
1626080435,46.16,46.16,46.16,46.16,46.16,0,0
1626080440,46.16,46.16,46.16,46.16,46.16,0,0
1626080445,46.16,46.16,46.16,46.16,46.16,0,0
1626080450,46.16,46.16,46.16,46.16,46.16,0,0
1626080455,46.16,46.16,46.16,46.16,46.16,1,1
1626080460,46.16,46.16,46.16,46.16,46.16,0,0
1626080465,46.16,46.16,46.16,46.16,46.16,0,0
1626080470,46.16,46.16,46.16,46.16,46.16,0,0
1626080475,46.16,46.16,46.16,46.16,46.16,0,0
1626080480,46.16,46.16,46.16,46.16,46.16,0,0
1626080485,46.16,46.16,46.16,46.16,46.16,0,0
1626080490,46.16,46.16,46.16,46.16,46.16,0,0
1626080495,46.16,46.16,46.16,46.16,46.16,0,0
1626080500,46.16,46.16,46.16,46.16,46.16,0,0
1626080505,46.16,46.16,46.16,46.16,46.16,0,0
1626080510,46.16,46.16,46.16,46.16,46.16,0,0
1626080515,46.16,46.16,46.16,46.16,46.16,0,0
1626080520,46.12,46.12,46.1,46.1,46.11125,17,3
1626080525,46.1,46.1,46.1,46.1,46.1,0,0
1626080530,46.1,46.1,46.1,46.1,46.1,0,0
1626080535,46.1,46.1,46.1,46.1,46.1,0,0
1626080540,46.1,46.1,46.1,46.1,46.1,0,0
1626080545,46.1,46.1,46.1,46.1,46.1,0,0
1626080550,46.1,46.1,46.1,46.1,46.1,0,0
1626080555,46.1,46.1,46.1,46.1,46.1,0,0
1626080560,46.1,46.1,46.1,46.1,46.1,0,0
1626080565,46.1,46.1,46.1,46.1,46.1,0,0
1626080570,46.11,46.11,46.11,46.11,46.11,2,1
1626080575,46.11,46.11,46.11,46.11,46.11,0,0
1626080580,46.11,46.11,46.11,46.11,46.11,0,0
1626080585,46.11,46.11,46.11,46.11,46.11,0,0
1626080590,46.11,46.11,46.11,46.11,46.11,0,0
1626080595,46.11,46.11,46.11,46.11,46.11,0,0
1626080600,46.11,46.11,46.11,46.11,46.11,0,0
1626080605,46.11,46.11,46.11,46.11,46.11,0,0
1626080610,46.11,46.11,46.11,46.11,46.11,0,0
1626080615,46.11,46.11,46.11,46.11,46.11,0,0
1626080620,46.11,46.11,46.11,46.11,46.11,0,0
1626080625,46.11,46.11,46.11,46.11,46.11,0,0
1626080630,46.11,46.11,46.11,46.11,46.11,0,0
1626080635,46.11,46.11,46.11,46.11,46.11,0,0
1626080640,46.11,46.11,46.11,46.11,46.11,0,0
1626080645,46.11,46.11,46.11,46.11,46.11,0,0
1626080650,46.11,46.11,46.11,46.11,46.11,0,0
1626080655,46.11,46.11,46.11,46.11,46.11,0,0
1626080660,46.11,46.11,46.11,46.11,46.11,0,0
1626080665,46.11,46.11,46.11,46.11,46.11,0,0
1626080670,46.11,46.11,46.11,46.11,46.11,0,0
1626080675,46.11,46.11,46.11,46.11,46.11,0,0
1626080680,46.11,46.11,46.11,46.11,46.11,0,0
1626080685,46.11,46.11,46.11,46.11,46.11,0,0
1626080690,46.11,46.11,46.11,46.11,46.11,0,0
1626080695,46.11,46.11,46.11,46.11,46.11,0,0
1626080700,46.11,46.11,46.11,46.11,46.11,2,2
1626080705,46.11,46.11,46.11,46.11,46.11,0,0
1626080710,46.11,46.11,46.11,46.11,46.11,0,0
1626080715,46.11,46.11,46.11,46.11,46.11,0,0
1626080720,46.11,46.11,46.11,46.11,46.11,0,0
1626080725,46.11,46.11,46.11,46.11,46.11,0,0
1626080730,46.11,46.11,46.11,46.11,46.11,0,0
1626080735,46.11,46.11,46.11,46.11,46.11,0,0
1626080740,46.11,46.11,46.11,46.11,46.11,0,0
1626080745,46.11,46.11,46.11,46.11,46.11,1,1
1626080750,46.11,46.11,46.11,46.11,46.11,0,0
1626080755,46.11,46.11,46.11,46.11,46.11,0,0
1626080760,46.11,46.11,46.11,46.11,46.11,0,0
1626080765,46.11,46.11,46.11,46.11,46.11,0,0
1626080770,46.11,46.11,46.11,46.11,46.11,0,0
1626080775,46.11,46.11,46.11,46.11,46.11,0,0
1626080780,46.11,46.11,46.11,46.11,46.11,0,0
1626080785,46.11,46.11,46.11,46.11,46.11,0,0
1626080790,46.11,46.11,46.11,46.11,46.11,0,0
1626080795,46.11,46.11,46.11,46.11,46.11,0,0
1626080800,46.11,46.11,46.11,46.11,46.11,0,0
1626080805,46.11,46.11,46.11,46.11,46.11,0,0
1626080810,46.1,46.1,46.1,46.1,46.1,2,1
1626080815,46.1,46.1,46.1,46.1,46.1,0,0
1626080820,46.11,46.11,46.11,46.11,46.11,2,1
1626080825,46.11,46.11,46.11,46.11,46.11,0,0
1626080830,46.11,46.11,46.11,46.11,46.11,0,0
1626080835,46.11,46.11,46.11,46.11,46.11,0,0
1626080840,46.11,46.11,46.11,46.11,46.11,0,0
1626080845,46.11,46.11,46.11,46.11,46.11,0,0
1626080850,46.11,46.11,46.11,46.11,46.11,0,0
1626080855,46.11,46.11,46.11,46.11,46.11,0,0
1626080860,46.11,46.11,46.11,46.11,46.11,0,0
1626080865,46.11,46.11,46.11,46.11,46.11,0,0
1626080870,46.11,46.11,46.11,46.11,46.11,0,0
1626080875,46.11,46.11,46.11,46.11,46.11,0,0
1626080880,46.11,46.11,46.11,46.11,46.11,0,0
1626080885,46.11,46.11,46.11,46.11,46.11,0,0
1626080890,46.11,46.11,46.11,46.11,46.11,0,0
1626080895,46.11,46.11,46.11,46.11,46.11,0,0
1626080900,46.11,46.11,46.11,46.11,46.11,0,0
1626080905,46.11,46.11,46.11,46.11,46.11,0,0
1626080910,46.11,46.11,46.11,46.11,46.11,0,0
1626080915,46.06,46.06,46.06,46.06,46.06,4,4
1626080920,46.06,46.06,46.06,46.06,46.06,0,0
1626080925,46.06,46.06,46.06,46.06,46.06,0,0
1626080930,46.06,46.06,46.06,46.06,46.06,0,0
1626080935,46.06,46.06,46.06,46.06,46.06,0,0
1626080940,46.06,46.06,46.06,46.06,46.06,0,0
1626080945,46.06,46.06,46.06,46.06,46.06,0,0
1626080950,46.06,46.06,46.06,46.06,46.06,0,0
1626080955,46.06,46.06,46.06,46.06,46.06,0,0
1626080960,46.06,46.06,46.06,46.06,46.06,0,0
1626080965,46.06,46.06,46.06,46.06,46.06,0,0
1626080970,46.06,46.06,46.06,46.06,46.06,0,0
1626080975,46.06,46.06,46.06,46.06,46.06,0,0
1626080980,46.06,46.06,46.06,46.06,46.06,0,0
1626080985,46.06,46.06,46.06,46.06,46.06,0,0
1626080990,46.06,46.06,46.06,46.06,46.06,0,0
1626080995,46.06,46.06,46.06,46.06,46.06,0,0
1626081000,46.06,46.06,46.06,46.06,46.06,0,0
1626081005,46.06,46.06,46.06,46.06,46.06,0,0
1626081010,46.06,46.06,46.06,46.06,46.06,0,0
1626081015,46.06,46.06,46.06,46.06,46.06,0,0
1626081020,46.06,46.06,46.06,46.06,46.06,0,0
1626081025,46.06,46.06,46.06,46.06,46.06,0,0
1626081030,46.06,46.06,46.06,46.06,46.06,0,0
1626081035,46.06,46.06,46.06,46.06,46.06,0,0
1626081040,46.06,46.06,46.06,46.06,46.06,0,0
1626081045,46.06,46.06,46.06,46.06,46.06,0,0
1626081050,46.06,46.06,46.06,46.06,46.06,0,0
1626081055,46.06,46.06,46.06,46.06,46.06,0,0
1626081060,46.06,46.06,46.06,46.06,46.06,0,0
1626081065,46.06,46.06,46.06,46.06,46.06,0,0
1626081070,46.06,46.06,46.06,46.06,46.06,0,0
1626081075,46.06,46.06,46.06,46.06,46.06,0,0
1626081080,46.07,46.07,46.07,46.07,46.07,3,2
1626081085,46.07,46.07,46.07,46.07,46.07,0,0
1626081090,46.07,46.07,46.07,46.07,46.07,0,0
1626081095,46.07,46.07,46.07,46.07,46.07,0,0
1626081100,46.07,46.07,46.07,46.07,46.07,1,1
1626081105,46.07,46.07,46.07,46.07,46.07,0,0
1626081110,46.07,46.07,46.07,46.07,46.07,0,0
1626081115,46.07,46.07,46.07,46.07,46.07,0,0
1626081120,46.07,46.07,46.07,46.07,46.07,0,0
1626081125,46.07,46.07,46.07,46.07,46.07,0,0
1626081130,46.07,46.07,46.07,46.07,46.07,0,0
1626081135,46.07,46.07,46.07,46.07,46.07,0,0
1626081140,46.07,46.07,46.07,46.07,46.07,0,0
1626081145,46.07,46.07,46.07,46.07,46.07,0,0
1626081150,46.07,46.07,46.07,46.07,46.07,0,0
1626081155,46.07,46.07,46.07,46.07,46.07,0,0
1626081160,46.07,46.07,46.07,46.07,46.07,0,0
1626081165,46.08,46.15,46.08,46.15,46.12744,36,6
1626081170,46.15,46.15,46.15,46.15,46.15,0,0
1626081175,46.15,46.15,46.15,46.15,46.15,0,0
1626081180,46.15,46.15,46.15,46.15,46.15,0,0
1626081185,46.15,46.15,46.15,46.15,46.15,0,0
1626081190,46.15,46.15,46.15,46.15,46.15,0,0
1626081195,46.15,46.15,46.15,46.15,46.15,0,0
1626081200,46.16,46.16,46.16,46.16,46.16,2,1
1626081205,46.16,46.16,46.16,46.16,46.16,0,0
1626081210,46.16,46.16,46.16,46.16,46.16,0,0
1626081215,46.16,46.16,46.16,46.16,46.16,0,0
1626081220,46.16,46.16,46.16,46.16,46.16,0,0
1626081225,46.16,46.16,46.16,46.16,46.16,0,0
1626081230,46.16,46.16,46.16,46.16,46.16,0,0
1626081235,46.16,46.16,46.16,46.16,46.16,0,0
1626081240,46.16,46.16,46.16,46.16,46.16,0,0
1626081245,46.16,46.16,46.16,46.16,46.16,0,0
1626081250,46.16,46.16,46.16,46.16,46.16,0,0
1626081255,46.16,46.16,46.16,46.16,46.16,0,0
1626081260,46.16,46.16,46.16,46.16,46.16,0,0
1626081265,46.16,46.16,46.16,46.16,46.16,0,0
1626081270,46.16,46.16,46.16,46.16,46.16,0,0
1626081275,46.16,46.16,46.16,46.16,46.16,0,0
1626081280,46.16,46.16,46.16,46.16,46.16,0,0
1626081285,46.16,46.16,46.16,46.16,46.16,0,0
1626081290,46.19,46.19,46.19,46.19,46.19,2,1
1626081295,46.19,46.19,46.19,46.19,46.19,2,1
1626081300,46.2,46.2,46.2,46.2,46.2,1,1
1626081305,46.2,46.2,46.2,46.2,46.2,0,0
1626081310,46.2,46.2,46.2,46.2,46.2,0,0
1626081315,46.2,46.2,46.2,46.2,46.2,0,0
1626081320,46.2,46.2,46.2,46.2,46.2,0,0
1626081325,46.22,46.22,46.22,46.22,46.22,1,1
1626081330,46.22,46.22,46.22,46.22,46.22,0,0
1626081335,46.2,46.2,46.2,46.2,46.2,2,1
1626081340,46.2,46.2,46.2,46.2,46.2,0,0
1626081345,46.18,46.18,46.18,46.18,46.18,1,1
1626081350,46.22,46.22,46.22,46.22,46.22,1,1
1626081355,46.22,46.22,46.22,46.22,46.22,0,0
1626081360,46.22,46.22,46.22,46.22,46.22,0,0
1626081365,46.22,46.23,46.22,46.23,46.22167,6,4
1626081370,46.23,46.23,46.23,46.23,46.23,0,0
1626081375,46.27,46.27,46.27,46.27,46.27,9,1
1626081380,46.27,46.27,46.27,46.27,46.27,0,0
1626081385,46.27,46.27,46.27,46.27,46.27,0,0
1626081390,46.27,46.27,46.27,46.27,46.27,0,0
1626081395,46.27,46.27,46.27,46.27,46.27,0,0
1626081400,46.27,46.27,46.27,46.27,46.27,0,0
1626081405,46.27,46.27,46.27,46.27,46.27,0,0
1626081410,46.27,46.27,46.27,46.27,46.27,0,0
1626081415,46.27,46.27,46.27,46.27,46.27,0,0
1626081420,46.27,46.27,46.27,46.27,46.27,0,0
1626081425,46.27,46.27,46.27,46.27,46.27,0,0
1626081430,46.27,46.27,46.27,46.27,46.27,0,0
1626081435,46.27,46.27,46.27,46.27,46.27,0,0
1626081440,46.27,46.27,46.27,46.27,46.27,0,0
1626081445,46.27,46.27,46.27,46.27,46.27,0,0
1626081450,46.27,46.27,46.27,46.27,46.27,0,0
1626081455,46.27,46.27,46.27,46.27,46.27,0,0
1626081460,46.27,46.27,46.27,46.27,46.27,0,0
1626081465,46.27,46.27,46.27,46.27,46.27,0,0
1626081470,46.27,46.27,46.27,46.27,46.27,0,0
1626081475,46.27,46.27,46.27,46.27,46.27,0,0
1626081480,46.27,46.27,46.27,46.27,46.27,0,0
1626081485,46.28,46.28,46.28,46.28,46.28,1,1
1626081490,46.28,46.28,46.28,46.28,46.28,0,0
1626081495,46.26,46.26,46.26,46.26,46.26,2,2
1626081500,46.26,46.26,46.26,46.26,46.26,0,0
1626081505,46.25,46.25,46.25,46.25,46.25,10,2
1626081510,46.25,46.25,46.25,46.25,46.25,0,0
1626081515,46.25,46.25,46.25,46.25,46.25,0,0
1626081520,46.25,46.25,46.25,46.25,46.25,0,0
1626081525,46.25,46.25,46.25,46.25,46.25,0,0
1626081530,46.25,46.25,46.25,46.25,46.25,0,0
1626081535,46.25,46.25,46.25,46.25,46.25,0,0
1626081540,46.25,46.25,46.25,46.25,46.25,0,0
1626081545,46.25,46.25,46.25,46.25,46.25,0,0
1626081550,46.25,46.25,46.25,46.25,46.25,0,0
1626081555,46.25,46.25,46.25,46.25,46.25,0,0
1626081560,46.25,46.25,46.25,46.25,46.25,0,0
1626081565,46.2,46.2,46.2,46.2,46.2,6,1
1626081570,46.2,46.2,46.2,46.2,46.2,1,1
1626081575,46.2,46.2,46.2,46.2,46.2,0,0
1626081580,46.2,46.2,46.2,46.2,46.2,0,0
1626081585,46.2,46.2,46.2,46.2,46.2,0,0
1626081590,46.2,46.2,46.2,46.2,46.2,0,0
1626081595,46.2,46.2,46.2,46.2,46.2,4,2
1626081600,46.2,46.2,46.2,46.2,46.2,0,0
1626081605,46.2,46.2,46.2,46.2,46.2,0,0
1626081610,46.2,46.2,46.2,46.2,46.2,0,0
1626081615,46.2,46.2,46.2,46.2,46.2,0,0
1626081620,46.2,46.2,46.2,46.2,46.2,0,0
1626081625,46.2,46.2,46.2,46.2,46.2,0,0
1626081630,46.2,46.2,46.2,46.2,46.2,0,0
1626081635,46.2,46.2,46.2,46.2,46.2,0,0
1626081640,46.2,46.2,46.2,46.2,46.2,0,0
1626081645,46.2,46.2,46.2,46.2,46.2,0,0
1626081650,46.2,46.2,46.2,46.2,46.2,0,0
1626081655,46.18,46.19,46.18,46.19,46.18602,2,2
1626081660,46.19,46.19,46.19,46.19,46.19,0,0
1626081665,46.19,46.19,46.19,46.19,46.19,0,0
1626081670,46.16,46.16,46.16,46.16,46.16,2,1
1626081675,46.16,46.16,46.16,46.16,46.16,0,0
1626081680,46.16,46.16,46.16,46.16,46.16,0,0
1626081685,46.11,46.12,46.11,46.12,46.11362,15,2
1626081690,46.12,46.12,46.12,46.12,46.12,0,0
1626081695,46.12,46.12,46.12,46.12,46.12,0,0
1626081700,46.12,46.12,46.12,46.12,46.12,0,0
1626081705,46.12,46.12,46.12,46.12,46.12,0,0
1626081710,46.12,46.12,46.12,46.12,46.12,0,0
1626081715,46.12,46.12,46.12,46.12,46.12,0,0
1626081720,46.12,46.12,46.12,46.12,46.12,0,0
1626081725,46.12,46.12,46.12,46.12,46.12,0,0
1626081730,46.12,46.12,46.12,46.12,46.12,0,0
1626081735,46.12,46.12,46.12,46.12,46.12,0,0
1626081740,46.11,46.11,46.1,46.1,46.10635,3,2
1626081745,46.1,46.1,46.1,46.1,46.1,0,0
1626081750,46.1,46.1,46.1,46.1,46.1,0,0
1626081755,46.1,46.1,46.1,46.1,46.1,0,0
1626081760,46.1,46.1,46.1,46.1,46.1,0,0
1626081765,46.1,46.1,46.1,46.1,46.1,0,0
1626081770,46.1,46.1,46.1,46.1,46.1,0,0
1626081775,46.11,46.11,46.11,46.11,46.11,5,1
1626081780,46.11,46.11,46.11,46.11,46.11,0,0
1626081785,46.11,46.11,46.11,46.11,46.11,0,0
1626081790,46.1,46.1,46.1,46.1,46.1,3,2
1626081795,46.1,46.1,46.1,46.1,46.1,0,0
1626081800,46.1,46.1,46.1,46.1,46.1,0,0
1626081805,46.1,46.1,46.1,46.1,46.1,0,0
1626081810,46.1,46.1,46.1,46.1,46.1,0,0
1626081815,46.1,46.1,46.1,46.1,46.1,0,0
1626081820,46.1,46.1,46.1,46.1,46.1,0,0
1626081825,46.1,46.1,46.1,46.1,46.1,0,0
1626081830,46.1,46.1,46.1,46.1,46.1,0,0
1626081835,46.1,46.1,46.1,46.1,46.1,0,0
1626081840,46.1,46.1,46.1,46.1,46.1,0,0
1626081845,46.1,46.1,46.1,46.1,46.1,0,0
1626081850,46.1,46.1,46.1,46.1,46.1,0,0
1626081855,46.1,46.1,46.1,46.1,46.1,0,0
1626081860,46.1,46.1,46.1,46.1,46.1,0,0
1626081865,46.1,46.1,46.1,46.1,46.1,0,0
1626081870,46.11,46.11,46.11,46.11,46.11,4,2
1626081875,46.11,46.11,46.11,46.11,46.11,0,0
1626081880,46.11,46.11,46.11,46.11,46.11,0,0
1626081885,46.11,46.11,46.11,46.11,46.11,0,0
1626081890,46.11,46.11,46.11,46.11,46.11,0,0
1626081895,46.11,46.11,46.11,46.11,46.11,3,1
1626081900,46.11,46.11,46.11,46.11,46.11,0,0
1626081905,46.11,46.11,46.11,46.11,46.11,0,0
1626081910,46.11,46.11,46.11,46.11,46.11,0,0
1626081915,46.11,46.11,46.11,46.11,46.11,0,0
1626081920,46.11,46.11,46.11,46.11,46.11,0,0
1626081925,46.11,46.11,46.11,46.11,46.11,0,0
1626081930,46.11,46.11,46.11,46.11,46.11,0,0
1626081935,46.11,46.11,46.11,46.11,46.11,0,0
1626081940,46.11,46.11,46.11,46.11,46.11,0,0
1626081945,46.11,46.11,46.11,46.11,46.11,0,0
1626081950,46.11,46.11,46.11,46.11,46.11,0,0
1626081955,46.11,46.11,46.11,46.11,46.11,0,0
1626081960,46.11,46.11,46.11,46.11,46.11,0,0
1626081965,46.11,46.11,46.11,46.11,46.11,0,0
1626081970,46.11,46.11,46.11,46.11,46.11,0,0
1626081975,46.11,46.11,46.11,46.11,46.11,0,0
1626081980,46.11,46.11,46.11,46.11,46.11,0,0
1626081985,46.11,46.11,46.11,46.11,46.11,0,0
1626081990,46.11,46.11,46.11,46.11,46.11,0,0
1626081995,46.11,46.11,46.11,46.11,46.11,0,0
1626082000,46.11,46.11,46.11,46.11,46.11,0,0
1626082005,46.11,46.11,46.11,46.11,46.11,0,0
1626082010,46.11,46.11,46.11,46.11,46.11,5,1
1626082015,46.11,46.11,46.11,46.11,46.11,0,0
1626082020,46.11,46.11,46.11,46.11,46.11,0,0
1626082025,46.11,46.11,46.11,46.11,46.11,0,0
1626082030,46.11,46.11,46.11,46.11,46.11,0,0
1626082035,46.11,46.11,46.11,46.11,46.11,0,0
1626082040,46.11,46.11,46.11,46.11,46.11,0,0
1626082045,46.11,46.11,46.11,46.11,46.11,0,0
1626082050,46.11,46.11,46.11,46.11,46.11,0,0
1626082055,46.11,46.11,46.11,46.11,46.11,0,0
1626082060,46.11,46.11,46.11,46.11,46.11,0,0
1626082065,46.11,46.11,46.11,46.11,46.11,0,0
1626082070,46.11,46.11,46.11,46.11,46.11,0,0
1626082075,46.11,46.11,46.11,46.11,46.11,0,0
1626082080,46.11,46.11,46.11,46.11,46.11,0,0
1626082085,46.11,46.11,46.11,46.11,46.11,0,0
1626082090,46.11,46.11,46.11,46.11,46.11,0,0
1626082095,46.11,46.11,46.11,46.11,46.11,0,0
1626082100,46.11,46.11,46.11,46.11,46.11,0,0
1626082105,46.11,46.11,46.11,46.11,46.11,0,0
1626082110,46.11,46.11,46.11,46.11,46.11,0,0
1626082115,46.11,46.11,46.11,46.11,46.11,0,0
1626082120,46.11,46.11,46.11,46.11,46.11,0,0
1626082125,46.11,46.11,46.11,46.11,46.11,0,0
1626082130,46.11,46.11,46.11,46.11,46.11,0,0
1626082135,46.11,46.11,46.11,46.11,46.11,0,0
1626082140,46.11,46.11,46.11,46.11,46.11,0,0
1626082145,46.11,46.11,46.11,46.11,46.11,0,0
1626082150,46.11,46.11,46.11,46.11,46.11,0,0
1626082155,46.11,46.11,46.11,46.11,46.11,0,0
1626082160,46.15,46.15,46.15,46.15,46.15,1,1
1626082165,46.15,46.15,46.15,46.15,46.15,0,0
1626082170,46.15,46.15,46.15,46.15,46.15,0,0
1626082175,46.15,46.15,46.15,46.15,46.15,0,0
1626082180,46.15,46.15,46.15,46.15,46.15,0,0
1626082185,46.15,46.15,46.15,46.15,46.15,0,0
1626082190,46.18,46.18,46.18,46.18,46.18,2,1
1626082195,46.18,46.18,46.18,46.18,46.18,0,0
1626082200,46.18,46.18,46.18,46.18,46.18,0,0
1626082205,46.18,46.18,46.18,46.18,46.18,0,0
1626082210,46.18,46.18,46.18,46.18,46.18,0,0
1626082215,46.18,46.18,46.18,46.18,46.18,0,0
1626082220,46.18,46.18,46.18,46.18,46.18,3,1
1626082225,46.19,46.19,46.18,46.18,46.182,5,2
1626082230,46.18,46.18,46.18,46.18,46.18,0,0
1626082235,46.19,46.3,46.19,46.3,46.26627,47,9
1626082240,46.3,46.3,46.3,46.3,46.3,0,0
1626082245,46.3,46.3,46.3,46.3,46.3,0,0
1626082250,46.3,46.3,46.3,46.3,46.3,0,0
1626082255,46.3,46.3,46.3,46.3,46.3,0,0
1626082260,46.3,46.3,46.3,46.3,46.3,0,0
1626082265,46.3,46.3,46.3,46.3,46.3,0,0
1626082270,46.3,46.3,46.3,46.3,46.3,0,0
1626082275,46.3,46.3,46.3,46.3,46.3,0,0
1626082280,46.3,46.3,46.3,46.3,46.3,0,0
1626082285,46.3,46.3,46.3,46.3,46.3,0,0
1626082290,46.3,46.3,46.3,46.3,46.3,0,0
1626082295,46.3,46.3,46.3,46.3,46.3,0,0
1626082300,46.3,46.3,46.3,46.3,46.3,0,0
1626082305,46.3,46.3,46.3,46.3,46.3,0,0
1626082310,46.29,46.3,46.29,46.3,46.2925,4,3
1626082315,46.3,46.3,46.3,46.3,46.3,2,1
1626082320,46.3,46.3,46.3,46.3,46.3,0,0
1626082325,46.3,46.3,46.3,46.3,46.3,0,0
1626082330,46.3,46.3,46.3,46.3,46.3,0,0
1626082335,46.3,46.3,46.3,46.3,46.3,0,0
1626082340,46.22,46.22,46.22,46.22,46.22,2,1
1626082345,46.22,46.22,46.22,46.22,46.22,0,0
1626082350,46.22,46.22,46.22,46.22,46.22,0,0
1626082355,46.22,46.22,46.22,46.22,46.22,0,0
1626082360,46.22,46.22,46.22,46.22,46.22,0,0
1626082365,46.22,46.22,46.22,46.22,46.22,0,0
1626082370,46.22,46.22,46.22,46.22,46.22,0,0
1626082375,46.22,46.22,46.22,46.22,46.22,0,0
1626082380,46.22,46.22,46.22,46.22,46.22,0,0
1626082385,46.22,46.22,46.22,46.22,46.22,0,0
1626082390,46.22,46.22,46.22,46.22,46.22,0,0
1626082395,46.22,46.22,46.22,46.22,46.22,0,0
1626082400,46.22,46.22,46.22,46.22,46.22,0,0
1626082405,46.22,46.22,46.22,46.22,46.22,0,0
1626082410,46.22,46.22,46.22,46.22,46.22,0,0
1626082415,46.22,46.22,46.22,46.22,46.22,0,0
1626082420,46.22,46.22,46.22,46.22,46.22,0,0
1626082425,46.22,46.22,46.22,46.22,46.22,0,0
1626082430,46.22,46.22,46.22,46.22,46.22,0,0
1626082435,46.22,46.22,46.22,46.22,46.22,0,0
1626082440,46.22,46.22,46.22,46.22,46.22,0,0
1626082445,46.22,46.22,46.22,46.22,46.22,0,0
1626082450,46.22,46.22,46.22,46.22,46.22,0,0
1626082455,46.22,46.22,46.22,46.22,46.22,0,0
1626082460,46.22,46.22,46.22,46.22,46.22,0,0
1626082465,46.22,46.22,46.22,46.22,46.22,0,0
1626082470,46.22,46.22,46.22,46.22,46.22,0,0
1626082475,46.22,46.22,46.22,46.22,46.22,0,0
1626082480,46.22,46.22,46.22,46.22,46.22,0,0
1626082485,46.22,46.22,46.22,46.22,46.22,0,0
1626082490,46.22,46.22,46.22,46.22,46.22,0,0
1626082495,46.22,46.22,46.22,46.22,46.22,0,0
1626082500,46.22,46.22,46.22,46.22,46.22,0,0
1626082505,46.22,46.22,46.22,46.22,46.22,0,0
1626082510,46.22,46.22,46.22,46.22,46.22,0,0
1626082515,46.22,46.22,46.22,46.22,46.22,0,0
1626082520,46.22,46.22,46.22,46.22,46.22,0,0
1626082525,46.22,46.22,46.22,46.22,46.22,0,0
1626082530,46.22,46.22,46.22,46.22,46.22,0,0
1626082535,46.22,46.22,46.22,46.22,46.22,0,0
1626082540,46.22,46.22,46.22,46.22,46.22,0,0
1626082545,46.22,46.22,46.22,46.22,46.22,0,0
1626082550,46.22,46.22,46.22,46.22,46.22,0,0
1626082555,46.22,46.22,46.22,46.22,46.22,0,0
1626082560,46.22,46.22,46.22,46.22,46.22,0,0
1626082565,46.22,46.22,46.22,46.22,46.22,0,0
1626082570,46.22,46.22,46.22,46.22,46.22,0,0
1626082575,46.24,46.24,46.23,46.23,46.23619,3,2
1626082580,46.22,46.22,46.22,46.22,46.22,1,1
1626082585,46.22,46.22,46.22,46.22,46.22,0,0
1626082590,46.2,46.2,46.2,46.2,46.2,1,1
1626082595,46.2,46.2,46.2,46.2,46.2,0,0
1626082600,46.2,46.2,46.2,46.2,46.2,0,0
1626082605,46.2,46.2,46.2,46.2,46.2,0,0
1626082610,46.2,46.2,46.2,46.2,46.2,0,0
1626082615,46.2,46.2,46.2,46.2,46.2,0,0
1626082620,46.2,46.2,46.2,46.2,46.2,0,0
1626082625,46.2,46.2,46.2,46.2,46.2,0,0
1626082630,46.2,46.2,46.2,46.2,46.2,0,0
1626082635,46.2,46.2,46.2,46.2,46.2,0,0
1626082640,46.2,46.2,46.2,46.2,46.2,0,0
1626082645,46.2,46.2,46.2,46.2,46.2,0,0
1626082650,46.2,46.2,46.2,46.2,46.2,0,0
1626082655,46.2,46.2,46.2,46.2,46.2,0,0
1626082660,46.2,46.2,46.2,46.2,46.2,0,0
1626082665,46.2,46.2,46.2,46.2,46.2,0,0
1626082670,46.2,46.2,46.2,46.2,46.2,0,0
1626082675,46.2,46.2,46.2,46.2,46.2,0,0
1626082680,46.2,46.2,46.2,46.2,46.2,0,0
1626082685,46.2,46.2,46.2,46.2,46.2,0,0
1626082690,46.2,46.2,46.2,46.2,46.2,0,0
1626082695,46.2,46.2,46.2,46.2,46.2,0,0
1626082700,46.2,46.2,46.2,46.2,46.2,0,0
1626082705,46.2,46.2,46.2,46.2,46.2,0,0
1626082710,46.2,46.2,46.2,46.2,46.2,0,0
1626082715,46.2,46.2,46.2,46.2,46.2,0,0
1626082720,46.2,46.2,46.2,46.2,46.2,0,0
1626082725,46.2,46.2,46.2,46.2,46.2,0,0
1626082730,46.2,46.2,46.2,46.2,46.2,0,0
1626082735,46.2,46.2,46.2,46.2,46.2,0,0
1626082740,46.23,46.23,46.23,46.23,46.23,3,1
1626082745,46.23,46.23,46.23,46.23,46.23,0,0
1626082750,46.23,46.23,46.23,46.23,46.23,0,0
1626082755,46.23,46.23,46.23,46.23,46.23,0,0
1626082760,46.23,46.23,46.23,46.23,46.23,1,1
1626082765,46.23,46.23,46.23,46.23,46.23,0,0
1626082770,46.23,46.23,46.23,46.23,46.23,0,0
1626082775,46.23,46.23,46.23,46.23,46.23,0,0
1626082780,46.23,46.23,46.23,46.23,46.23,0,0
1626082785,46.23,46.23,46.23,46.23,46.23,1,1
1626082790,46.23,46.23,46.23,46.23,46.23,0,0
1626082795,46.23,46.23,46.23,46.23,46.23,0,0
1626082800,46.23,46.23,46.23,46.23,46.23,0,0
1626082805,46.23,46.23,46.23,46.23,46.23,0,0
1626082810,46.23,46.23,46.23,46.23,46.23,0,0
1626082815,46.23,46.23,46.23,46.23,46.23,0,0
1626082820,46.23,46.23,46.23,46.23,46.23,0,0
1626082825,46.26,46.26,46.26,46.26,46.26,3,2
1626082830,46.26,46.26,46.26,46.26,46.26,0,0
1626082835,46.26,46.26,46.26,46.26,46.26,0,0
1626082840,46.26,46.26,46.26,46.26,46.26,0,0
1626082845,46.26,46.26,46.26,46.26,46.26,0,0
1626082850,46.26,46.26,46.26,46.26,46.26,0,0
1626082855,46.26,46.26,46.26,46.26,46.26,0,0
1626082860,46.26,46.26,46.26,46.26,46.26,0,0
1626082865,46.25,46.25,46.25,46.25,46.25,2,1
1626082870,46.25,46.25,46.25,46.25,46.25,0,0
1626082875,46.25,46.25,46.25,46.25,46.25,0,0
1626082880,46.25,46.25,46.25,46.25,46.25,0,0
1626082885,46.25,46.25,46.25,46.25,46.25,0,0
1626082890,46.25,46.25,46.25,46.25,46.25,0,0
1626082895,46.25,46.25,46.25,46.25,46.25,0,0
1626082900,46.25,46.25,46.25,46.25,46.25,0,0
1626082905,46.25,46.25,46.25,46.25,46.25,0,0
1626082910,46.25,46.25,46.25,46.25,46.25,0,0
1626082915,46.25,46.25,46.25,46.25,46.25,0,0
1626082920,46.25,46.25,46.25,46.25,46.25,0,0
1626082925,46.3,46.3,46.3,46.3,46.3,5,1
1626082930,46.3,46.3,46.3,46.3,46.3,0,0
1626082935,46.3,46.3,46.3,46.3,46.3,0,0
1626082940,46.3,46.3,46.3,46.3,46.3,1,1
1626082945,46.3,46.3,46.3,46.3,46.3,0,0
1626082950,46.3,46.3,46.3,46.3,46.3,0,0
1626082955,46.3,46.3,46.3,46.3,46.3,0,0
1626082960,46.3,46.3,46.3,46.3,46.3,0,0
1626082965,46.29,46.29,46.29,46.29,46.29,2,1
1626082970,46.29,46.29,46.29,46.29,46.29,0,0
1626082975,46.29,46.29,46.29,46.29,46.29,0,0
1626082980,46.29,46.29,46.29,46.29,46.29,0,0
1626082985,46.29,46.29,46.29,46.29,46.29,0,0
1626082990,46.29,46.29,46.29,46.29,46.29,0,0
1626082995,46.29,46.29,46.29,46.29,46.29,0,0
1626083000,46.29,46.29,46.29,46.29,46.29,0,0
1626083005,46.29,46.29,46.29,46.29,46.29,0,0
1626083010,46.29,46.29,46.29,46.29,46.29,0,0
1626083015,46.29,46.29,46.29,46.29,46.29,0,0
1626083020,46.29,46.29,46.29,46.29,46.29,0,0
1626083025,46.29,46.29,46.29,46.29,46.29,0,0
1626083030,46.29,46.29,46.29,46.29,46.29,0,0
1626083035,46.29,46.29,46.29,46.29,46.29,0,0
1626083040,46.29,46.29,46.29,46.29,46.29,0,0
1626083045,46.29,46.29,46.29,46.29,46.29,0,0
1626083050,46.29,46.29,46.29,46.29,46.29,0,0
1626083055,46.29,46.29,46.29,46.29,46.29,0,0
1626083060,46.29,46.29,46.29,46.29,46.29,0,0
1626083065,46.29,46.29,46.29,46.29,46.29,0,0
1626083070,46.29,46.29,46.29,46.29,46.29,0,0
1626083075,46.26,46.26,46.26,46.26,46.26,2,2
1626083080,46.26,46.26,46.26,46.26,46.26,0,0
1626083085,46.26,46.26,46.26,46.26,46.26,0,0
1626083090,46.25,46.25,46.25,46.25,46.25,2,1
1626083095,46.25,46.25,46.25,46.25,46.25,0,0
1626083100,46.25,46.25,46.25,46.25,46.25,0,0
1626083105,46.25,46.25,46.25,46.25,46.25,0,0
1626083110,46.25,46.25,46.25,46.25,46.25,0,0
1626083115,46.25,46.25,46.25,46.25,46.25,0,0
1626083120,46.25,46.25,46.25,46.25,46.25,0,0
1626083125,46.25,46.25,46.25,46.25,46.25,0,0
1626083130,46.25,46.25,46.25,46.25,46.25,0,0
1626083135,46.25,46.25,46.25,46.25,46.25,0,0
1626083140,46.25,46.25,46.25,46.25,46.25,0,0
1626083145,46.25,46.25,46.25,46.25,46.25,0,0
1626083150,46.25,46.25,46.25,46.25,46.25,0,0
1626083155,46.25,46.25,46.25,46.25,46.25,0,0
1626083160,46.25,46.25,46.25,46.25,46.25,0,0
1626083165,46.25,46.25,46.25,46.25,46.25,0,0
1626083170,46.25,46.25,46.25,46.25,46.25,0,0
1626083175,46.25,46.25,46.25,46.25,46.25,0,0
1626083180,46.25,46.25,46.25,46.25,46.25,0,0
1626083185,46.25,46.25,46.25,46.25,46.25,0,0
1626083190,46.25,46.25,46.25,46.25,46.25,0,0
1626083195,46.25,46.25,46.25,46.25,46.25,0,0
1626083200,46.25,46.25,46.25,46.25,46.25,0,0
1626083205,46.25,46.25,46.25,46.25,46.25,0,0
1626083210,46.25,46.25,46.25,46.25,46.25,0,0
1626083215,46.25,46.25,46.25,46.25,46.25,0,0
1626083220,46.25,46.25,46.25,46.25,46.25,0,0
1626083225,46.25,46.25,46.25,46.25,46.25,0,0
1626083230,46.25,46.25,46.25,46.25,46.25,0,0
1626083235,46.25,46.25,46.25,46.25,46.25,0,0
1626083240,46.25,46.25,46.25,46.25,46.25,0,0
1626083245,46.25,46.25,46.25,46.25,46.25,0,0
1626083250,46.25,46.25,46.25,46.25,46.25,0,0
1626083255,46.25,46.25,46.25,46.25,46.25,0,0
1626083260,46.25,46.25,46.25,46.25,46.25,0,0
1626083265,46.25,46.25,46.25,46.25,46.25,0,0
1626083270,46.25,46.25,46.25,46.25,46.25,0,0
1626083275,46.25,46.25,46.25,46.25,46.25,0,0
1626083280,46.25,46.25,46.25,46.25,46.25,1,1
1626083285,46.25,46.25,46.25,46.25,46.25,0,0
1626083290,46.25,46.25,46.25,46.25,46.25,0,0
1626083295,46.25,46.25,46.25,46.25,46.25,0,0
1626083300,46.25,46.25,46.25,46.25,46.25,0,0
1626083305,46.25,46.25,46.25,46.25,46.25,0,0
1626083310,46.25,46.25,46.25,46.25,46.25,0,0
1626083315,46.25,46.25,46.25,46.25,46.25,0,0
1626083320,46.25,46.25,46.25,46.25,46.25,0,0
1626083325,46.25,46.25,46.25,46.25,46.25,0,0
1626083330,46.25,46.25,46.25,46.25,46.25,0,0
1626083335,46.25,46.25,46.25,46.25,46.25,0,0
1626083340,46.25,46.25,46.25,46.25,46.25,0,0
1626083345,46.25,46.25,46.25,46.25,46.25,0,0
1626083350,46.25,46.25,46.25,46.25,46.25,0,0
1626083355,46.25,46.25,46.25,46.25,46.25,0,0
1626083360,46.25,46.25,46.25,46.25,46.25,0,0
1626083365,46.25,46.25,46.25,46.25,46.25,0,0
1626083370,46.25,46.25,46.25,46.25,46.25,0,0
1626083375,46.25,46.25,46.25,46.25,46.25,0,0
1626083380,46.25,46.25,46.25,46.25,46.25,0,0
1626083385,46.25,46.25,46.25,46.25,46.25,0,0
1626083390,46.25,46.25,46.25,46.25,46.25,0,0
1626083395,46.25,46.25,46.25,46.25,46.25,0,0
1626083400,46.25,46.25,46.25,46.25,46.25,0,0
1626083405,46.25,46.25,46.25,46.25,46.25,0,0
1626083410,46.25,46.25,46.25,46.25,46.25,0,0
1626083415,46.25,46.25,46.25,46.25,46.25,0,0
1626083420,46.25,46.25,46.25,46.25,46.25,0,0
1626083425,46.25,46.25,46.25,46.25,46.25,0,0
1626083430,46.25,46.25,46.25,46.25,46.25,0,0
1626083435,46.25,46.25,46.25,46.25,46.25,0,0
1626083440,46.25,46.25,46.25,46.25,46.25,0,0
1626083445,46.25,46.25,46.25,46.25,46.25,0,0
1626083450,46.25,46.25,46.25,46.25,46.25,0,0
1626083455,46.23,46.23,46.22,46.22,46.22512,2,2
1626083460,46.22,46.22,46.22,46.22,46.22,0,0
1626083465,46.22,46.22,46.22,46.22,46.22,0,0
1626083470,46.22,46.22,46.22,46.22,46.22,0,0
1626083475,46.22,46.22,46.22,46.22,46.22,0,0
1626083480,46.22,46.22,46.22,46.22,46.22,0,0
1626083485,46.22,46.22,46.22,46.22,46.22,0,0
1626083490,46.22,46.22,46.22,46.22,46.22,0,0
1626083495,46.22,46.22,46.22,46.22,46.22,0,0
1626083500,46.26,46.26,46.26,46.26,46.26,2,2
1626083505,46.26,46.26,46.26,46.26,46.26,0,0
1626083510,46.26,46.26,46.26,46.26,46.26,0,0
1626083515,46.26,46.26,46.26,46.26,46.26,0,0
1626083520,46.26,46.26,46.26,46.26,46.26,0,0
1626083525,46.26,46.26,46.26,46.26,46.26,0,0
1626083530,46.26,46.26,46.26,46.26,46.26,0,0
1626083535,46.26,46.26,46.26,46.26,46.26,0,0
1626083540,46.26,46.26,46.26,46.26,46.26,0,0
1626083545,46.26,46.26,46.26,46.26,46.26,0,0
1626083550,46.26,46.26,46.26,46.26,46.26,0,0
1626083555,46.26,46.26,46.26,46.26,46.26,0,0
1626083560,46.26,46.26,46.26,46.26,46.26,0,0
1626083565,46.26,46.26,46.26,46.26,46.26,0,0
1626083570,46.26,46.26,46.26,46.26,46.26,0,0
1626083575,46.26,46.26,46.26,46.26,46.26,0,0
1626083580,46.26,46.26,46.26,46.26,46.26,0,0
1626083585,46.26,46.26,46.26,46.26,46.26,0,0
1626083590,46.26,46.26,46.26,46.26,46.26,0,0
1626083595,46.26,46.26,46.26,46.26,46.26,0,0
1626083600,46.26,46.26,46.26,46.26,46.26,0,0
1626083605,46.26,46.26,46.26,46.26,46.26,0,0
1626083610,46.26,46.26,46.26,46.26,46.26,0,0
1626083615,46.26,46.26,46.26,46.26,46.26,0,0
1626083620,46.26,46.26,46.26,46.26,46.26,0,0
1626083625,46.26,46.26,46.26,46.26,46.26,0,0
1626083630,46.26,46.26,46.26,46.26,46.26,0,0
1626083635,46.26,46.26,46.26,46.26,46.26,0,0
1626083640,46.26,46.26,46.26,46.26,46.26,0,0
1626083645,46.26,46.26,46.26,46.26,46.26,0,0
1626083650,46.26,46.26,46.26,46.26,46.26,0,0
1626083655,46.26,46.26,46.26,46.26,46.26,0,0
1626083660,46.26,46.26,46.26,46.26,46.26,3,2
1626083665,46.26,46.26,46.26,46.26,46.26,0,0
1626083670,46.26,46.26,46.26,46.26,46.26,0,0
1626083675,46.26,46.26,46.26,46.26,46.26,0,0
1626083680,46.26,46.26,46.26,46.26,46.26,0,0
1626083685,46.26,46.26,46.26,46.26,46.26,0,0
1626083690,46.26,46.26,46.26,46.26,46.26,0,0
1626083695,46.26,46.26,46.26,46.26,46.26,0,0
1626083700,46.26,46.26,46.26,46.26,46.26,0,0
1626083705,46.26,46.26,46.26,46.26,46.26,0,0
1626083710,46.26,46.26,46.26,46.26,46.26,0,0
1626083715,46.26,46.26,46.26,46.26,46.26,0,0
1626083720,46.26,46.26,46.26,46.26,46.26,0,0
1626083725,46.26,46.26,46.26,46.26,46.26,0,0
1626083730,46.26,46.26,46.26,46.26,46.26,0,0
1626083735,46.26,46.26,46.26,46.26,46.26,0,0
1626083740,46.26,46.26,46.26,46.26,46.26,0,0
1626083745,46.26,46.26,46.26,46.26,46.26,0,0
1626083750,46.26,46.26,46.26,46.26,46.26,0,0
1626083755,46.26,46.26,46.26,46.26,46.26,0,0
1626083760,46.26,46.26,46.26,46.26,46.26,0,0
1626083765,46.26,46.26,46.26,46.26,46.26,0,0
1626083770,46.26,46.26,46.26,46.26,46.26,0,0
1626083775,46.26,46.26,46.26,46.26,46.26,0,0
1626083780,46.26,46.26,46.26,46.26,46.26,0,0
1626083785,46.26,46.26,46.26,46.26,46.26,0,0
1626083790,46.26,46.26,46.26,46.26,46.26,0,0
1626083795,46.26,46.26,46.26,46.26,46.26,0,0
1626083800,46.27,46.27,46.27,46.27,46.27,3,1
1626083805,46.27,46.27,46.27,46.27,46.27,0,0
1626083810,46.27,46.27,46.27,46.27,46.27,0,0
1626083815,46.27,46.27,46.27,46.27,46.27,0,0
1626083820,46.27,46.27,46.27,46.27,46.27,0,0
1626083825,46.27,46.27,46.27,46.27,46.27,0,0
1626083830,46.27,46.27,46.27,46.27,46.27,0,0
1626083835,46.27,46.27,46.27,46.27,46.27,0,0
1626083840,46.27,46.27,46.27,46.27,46.27,0,0
1626083845,46.27,46.27,46.27,46.27,46.27,0,0
1626083850,46.27,46.27,46.27,46.27,46.27,0,0
1626083855,46.27,46.27,46.27,46.27,46.27,0,0
1626083860,46.27,46.27,46.27,46.27,46.27,0,0
1626083865,46.27,46.27,46.27,46.27,46.27,0,0
1626083870,46.27,46.27,46.27,46.27,46.27,0,0
1626083875,46.27,46.27,46.27,46.27,46.27,0,0
1626083880,46.27,46.27,46.27,46.27,46.27,0,0
1626083885,46.27,46.27,46.27,46.27,46.27,0,0
1626083890,46.27,46.27,46.27,46.27,46.27,0,0
1626083895,46.27,46.27,46.27,46.27,46.27,0,0
1626083900,46.27,46.27,46.27,46.27,46.27,0,0
1626083905,46.27,46.27,46.27,46.27,46.27,0,0
1626083910,46.29,46.3,46.29,46.3,46.298,15,5
1626083915,46.3,46.3,46.3,46.3,46.3,0,0
1626083920,46.32,46.32,46.32,46.32,46.32,2,2
1626083925,46.33,46.33,46.33,46.33,46.33,4,2
1626083930,46.34,46.35,46.34,46.35,46.34422,10,4
1626083935,46.35,46.35,46.35,46.35,46.35,0,0
1626083940,46.35,46.35,46.35,46.35,46.35,0,0
1626083945,46.35,46.35,46.35,46.35,46.35,0,0
1626083950,46.35,46.35,46.35,46.35,46.35,0,0
1626083955,46.33,46.33,46.33,46.33,46.33,4,2
1626083960,46.33,46.33,46.33,46.33,46.33,5,2
1626083965,46.33,46.33,46.33,46.33,46.33,0,0
1626083970,46.33,46.33,46.33,46.33,46.33,0,0
1626083975,46.33,46.33,46.33,46.33,46.33,0,0
1626083980,46.33,46.33,46.33,46.33,46.33,0,0
1626083985,46.33,46.33,46.33,46.33,46.33,0,0
1626083990,46.33,46.33,46.33,46.33,46.33,0,0
1626083995,46.33,46.33,46.33,46.33,46.33,0,0
1626084000,46.33,46.33,46.33,46.33,46.33,0,0
1626084005,46.33,46.33,46.33,46.33,46.33,1,1
1626084010,46.33,46.33,46.33,46.33,46.33,0,0
1626084015,46.33,46.33,46.33,46.33,46.33,0,0
1626084020,46.33,46.33,46.33,46.33,46.33,0,0
1626084025,46.33,46.33,46.33,46.33,46.33,0,0
1626084030,46.33,46.33,46.33,46.33,46.33,0,0
1626084035,46.33,46.33,46.33,46.33,46.33,0,0
1626084040,46.33,46.33,46.33,46.33,46.33,0,0
1626084045,46.33,46.33,46.33,46.33,46.33,0,0
1626084050,46.33,46.33,46.33,46.33,46.33,0,0
1626084055,46.33,46.33,46.33,46.33,46.33,0,0
1626084060,46.33,46.33,46.33,46.33,46.33,0,0
1626084065,46.26,46.26,46.26,46.26,46.26,1,1
1626084070,46.26,46.26,46.26,46.26,46.26,0,0
1626084075,46.26,46.26,46.26,46.26,46.26,0,0
1626084080,46.26,46.26,46.26,46.26,46.26,1,1
1626084085,46.26,46.26,46.26,46.26,46.26,1,1
1626084090,46.26,46.26,46.26,46.26,46.26,0,0
1626084095,46.26,46.26,46.26,46.26,46.26,1,1
1626084100,46.26,46.26,46.26,46.26,46.26,2,1
1626084105,46.26,46.26,46.26,46.26,46.26,0,0
1626084110,46.26,46.26,46.26,46.26,46.26,0,0
1626084115,46.26,46.26,46.26,46.26,46.26,0,0
1626084120,46.26,46.26,46.26,46.26,46.26,0,0
1626084125,46.26,46.26,46.26,46.26,46.26,0,0
1626084130,46.26,46.26,46.26,46.26,46.26,0,0
1626084135,46.26,46.26,46.26,46.26,46.26,0,0
1626084140,46.26,46.26,46.26,46.26,46.26,0,0
1626084145,46.26,46.26,46.26,46.26,46.26,0,0
1626084150,46.26,46.26,46.26,46.26,46.26,0,0
1626084155,46.26,46.26,46.26,46.26,46.26,0,0
1626084160,46.26,46.26,46.26,46.26,46.26,0,0
1626084165,46.26,46.26,46.26,46.26,46.26,0,0
1626084170,46.26,46.26,46.26,46.26,46.26,0,0
1626084175,46.26,46.26,46.26,46.26,46.26,0,0
1626084180,46.26,46.26,46.26,46.26,46.26,0,0
1626084185,46.26,46.26,46.26,46.26,46.26,0,0
1626084190,46.26,46.26,46.26,46.26,46.26,0,0
1626084195,46.26,46.26,46.26,46.26,46.26,0,0
1626084200,46.26,46.26,46.26,46.26,46.26,0,0
1626084205,46.26,46.26,46.26,46.26,46.26,0,0
1626084210,46.26,46.26,46.26,46.26,46.26,0,0
1626084215,46.26,46.26,46.26,46.26,46.26,0,0
1626084220,46.26,46.26,46.26,46.26,46.26,0,0
1626084225,46.26,46.26,46.26,46.26,46.26,0,0
1626084230,46.26,46.26,46.26,46.26,46.26,0,0
1626084235,46.26,46.26,46.26,46.26,46.26,0,0
1626084240,46.26,46.26,46.26,46.26,46.26,0,0
1626084245,46.26,46.26,46.26,46.26,46.26,0,0
1626084250,46.26,46.26,46.26,46.26,46.26,0,0
1626084255,46.26,46.26,46.26,46.26,46.26,0,0
1626084260,46.26,46.26,46.26,46.26,46.26,0,0
1626084265,46.26,46.26,46.26,46.26,46.26,0,0
1626084270,46.26,46.26,46.26,46.26,46.26,0,0
1626084275,46.26,46.26,46.26,46.26,46.26,0,0
1626084280,46.26,46.26,46.26,46.26,46.26,0,0
1626084285,46.26,46.26,46.26,46.26,46.26,0,0
1626084290,46.26,46.26,46.26,46.26,46.26,0,0
1626084295,46.26,46.26,46.26,46.26,46.26,0,0
1626084300,46.26,46.26,46.26,46.26,46.26,0,0
1626084305,46.26,46.26,46.26,46.26,46.26,0,0
1626084310,46.26,46.26,46.26,46.26,46.26,0,0
1626084315,46.26,46.26,46.26,46.26,46.26,0,0
1626084320,46.26,46.26,46.26,46.26,46.26,0,0
1626084325,46.26,46.26,46.26,46.26,46.26,0,0
1626084330,46.26,46.26,46.26,46.26,46.26,0,0
1626084335,46.26,46.26,46.26,46.26,46.26,0,0
1626084340,46.26,46.26,46.26,46.26,46.26,0,0
1626084345,46.26,46.26,46.26,46.26,46.26,0,0
1626084350,46.26,46.26,46.26,46.26,46.26,0,0
1626084355,46.26,46.26,46.26,46.26,46.26,0,0
1626084360,46.26,46.26,46.26,46.26,46.26,0,0
1626084365,46.26,46.26,46.26,46.26,46.26,0,0
1626084370,46.26,46.26,46.26,46.26,46.26,0,0
1626084375,46.26,46.26,46.26,46.26,46.26,0,0
1626084380,46.26,46.26,46.26,46.26,46.26,0,0
1626084385,46.26,46.26,46.26,46.26,46.26,0,0
1626084390,46.26,46.26,46.26,46.26,46.26,0,0
1626084395,46.26,46.26,46.26,46.26,46.26,0,0
1626084400,46.26,46.26,46.26,46.26,46.26,0,0
1626084405,46.26,46.26,46.26,46.26,46.26,0,0
1626084410,46.26,46.26,46.26,46.26,46.26,0,0
1626084415,46.26,46.26,46.26,46.26,46.26,0,0
1626084420,46.26,46.26,46.26,46.26,46.26,0,0
1626084425,46.26,46.26,46.26,46.26,46.26,0,0
1626084430,46.26,46.26,46.26,46.26,46.26,0,0
1626084435,46.26,46.26,46.26,46.26,46.26,0,0
1626084440,46.26,46.26,46.26,46.26,46.26,0,0
1626084445,46.26,46.26,46.26,46.26,46.26,0,0
1626084450,46.26,46.26,46.26,46.26,46.26,0,0
1626084455,46.26,46.26,46.26,46.26,46.26,0,0
1626084460,46.21,46.21,46.2,46.2,46.20232,11,4
1626084465,46.2,46.2,46.2,46.2,46.2,0,0
1626084470,46.2,46.2,46.2,46.2,46.2,8,1
1626084475,46.2,46.2,46.2,46.2,46.2,0,0
1626084480,46.2,46.2,46.2,46.2,46.2,0,0
1626084485,46.2,46.2,46.2,46.2,46.2,0,0
1626084490,46.2,46.2,46.2,46.2,46.2,0,0
1626084495,46.2,46.2,46.2,46.2,46.2,0,0
1626084500,46.2,46.2,46.2,46.2,46.2,0,0
1626084505,46.2,46.2,46.2,46.2,46.2,0,0
1626084510,46.2,46.2,46.2,46.2,46.2,0,0
1626084515,46.2,46.2,46.2,46.2,46.2,3,1
1626084520,46.2,46.2,46.2,46.2,46.2,0,0
1626084525,46.2,46.2,46.2,46.2,46.2,0,0
1626084530,46.2,46.2,46.2,46.2,46.2,0,0
1626084535,46.2,46.2,46.2,46.2,46.2,0,0
1626084540,46.2,46.2,46.2,46.2,46.2,0,0
1626084545,46.2,46.2,46.2,46.2,46.2,0,0
1626084550,46.2,46.2,46.2,46.2,46.2,0,0
1626084555,46.2,46.2,46.2,46.2,46.2,0,0
1626084560,46.2,46.2,46.2,46.2,46.2,0,0
1626084565,46.2,46.2,46.2,46.2,46.2,0,0
1626084570,46.2,46.2,46.2,46.2,46.2,0,0
1626084575,46.2,46.2,46.2,46.2,46.2,0,0
1626084580,46.2,46.2,46.2,46.2,46.2,0,0
1626084585,46.2,46.2,46.2,46.2,46.2,0,0
1626084590,46.2,46.2,46.2,46.2,46.2,0,0
1626084595,46.2,46.2,46.2,46.2,46.2,0,0
1626084600,46.2,46.2,46.2,46.2,46.2,0,0
1626084605,46.2,46.2,46.2,46.2,46.2,0,0
1626084610,46.2,46.2,46.2,46.2,46.2,0,0
1626084615,46.2,46.2,46.2,46.2,46.2,0,0
1626084620,46.2,46.2,46.2,46.2,46.2,0,0
1626084625,46.2,46.2,46.2,46.2,46.2,0,0
1626084630,46.2,46.2,46.2,46.2,46.2,0,0
1626084635,46.2,46.2,46.2,46.2,46.2,0,0
1626084640,46.2,46.2,46.2,46.2,46.2,0,0
1626084645,46.2,46.2,46.2,46.2,46.2,1,1
1626084650,46.2,46.2,46.2,46.2,46.2,1,1
1626084655,46.2,46.21,46.2,46.2,46.20238,18,7
1626084660,46.2,46.2,46.2,46.2,46.2,0,0
1626084665,46.2,46.2,46.2,46.2,46.2,0,0
1626084670,46.2,46.2,46.2,46.2,46.2,0,0
1626084675,46.2,46.2,46.2,46.2,46.2,2,2
1626084680,46.2,46.2,46.2,46.2,46.2,0,0
1626084685,46.2,46.2,46.2,46.2,46.2,0,0
1626084690,46.2,46.2,46.2,46.2,46.2,0,0
1626084695,46.2,46.2,46.2,46.2,46.2,0,0
1626084700,46.2,46.2,46.2,46.2,46.2,0,0
1626084705,46.2,46.2,46.2,46.2,46.2,0,0
1626084710,46.2,46.2,46.2,46.2,46.2,0,0
1626084715,46.2,46.2,46.2,46.2,46.2,0,0
1626084720,46.2,46.2,46.2,46.2,46.2,0,0
1626084725,46.2,46.2,46.2,46.2,46.2,0,0
1626084730,46.2,46.2,46.2,46.2,46.2,0,0
1626084735,46.2,46.2,46.2,46.2,46.2,0,0
1626084740,46.2,46.2,46.2,46.2,46.2,0,0
1626084745,46.2,46.2,46.2,46.2,46.2,0,0
1626084750,46.2,46.2,46.2,46.2,46.2,0,0
1626084755,46.2,46.2,46.2,46.2,46.2,0,0
1626084760,46.2,46.2,46.2,46.2,46.2,0,0
1626084765,46.16,46.16,46.16,46.16,46.16,1,1
1626084770,46.16,46.16,46.16,46.16,46.16,0,0
1626084775,46.16,46.16,46.16,46.16,46.16,0,0
1626084780,46.16,46.16,46.16,46.16,46.16,0,0
1626084785,46.16,46.16,46.16,46.16,46.16,0,0
1626084790,46.12,46.14,46.08,46.12,46.12101,24,8
1626084795,46.12,46.12,46.12,46.12,46.12,0,0
1626084800,46.12,46.12,46.12,46.12,46.12,0,0
1626084805,46.12,46.12,46.12,46.12,46.12,0,0
1626084810,46.12,46.12,46.12,46.12,46.12,3,2
1626084815,46.12,46.12,46.12,46.12,46.12,0,0
1626084820,46.12,46.12,46.12,46.12,46.12,0,0
1626084825,46.12,46.12,46.12,46.12,46.12,0,0
1626084830,46.12,46.12,46.12,46.12,46.12,0,0
1626084835,46.12,46.12,46.12,46.12,46.12,0,0
1626084840,46.12,46.12,46.12,46.12,46.12,0,0
1626084845,46.12,46.12,46.12,46.12,46.12,0,0
1626084850,46.12,46.12,46.12,46.12,46.12,0,0
1626084855,46.12,46.12,46.12,46.12,46.12,0,0
1626084860,46.12,46.12,46.12,46.12,46.12,0,0
1626084865,46.12,46.12,46.12,46.12,46.12,0,0
1626084870,46.12,46.12,46.12,46.12,46.12,0,0
1626084875,46.12,46.12,46.11,46.11,46.11275,8,4
1626084880,46.11,46.11,46.11,46.11,46.11,0,0
1626084885,46.11,46.11,46.11,46.11,46.11,0,0
1626084890,46.11,46.11,46.11,46.11,46.11,0,0
1626084895,46.11,46.11,46.11,46.11,46.11,0,0
1626084900,46.11,46.11,46.11,46.11,46.11,0,0
1626084905,46.11,46.11,46.11,46.11,46.11,1,1
1626084910,46.11,46.11,46.11,46.11,46.11,0,0
1626084915,46.11,46.11,46.11,46.11,46.11,0,0
1626084920,46.11,46.11,46.11,46.11,46.11,0,0
1626084925,46.11,46.11,46.11,46.11,46.11,0,0
1626084930,46.11,46.11,46.11,46.11,46.11,0,0
1626084935,46.11,46.11,46.11,46.11,46.11,0,0
1626084940,46.11,46.11,46.11,46.11,46.11,0,0
1626084945,46.11,46.11,46.11,46.11,46.11,0,0
1626084950,46.11,46.11,46.11,46.11,46.11,0,0
1626084955,46.11,46.11,46.11,46.11,46.11,0,0
1626084960,46.11,46.11,46.11,46.11,46.11,0,0
1626084965,46.11,46.11,46.11,46.11,46.11,0,0
1626084970,46.11,46.11,46.11,46.11,46.11,0,0
1626084975,46.11,46.11,46.11,46.11,46.11,0,0
1626084980,46.11,46.11,46.11,46.11,46.11,0,0
1626084985,46.11,46.11,46.11,46.11,46.11,0,0
1626084990,46.11,46.11,46.11,46.11,46.11,0,0
1626084995,46.11,46.11,46.11,46.11,46.11,0,0
1626085000,46.11,46.11,46.11,46.11,46.11,0,0
1626085005,46.11,46.11,46.11,46.11,46.11,0,0
1626085010,46.11,46.11,46.11,46.11,46.11,0,0
1626085015,46.11,46.11,46.11,46.11,46.11,0,0
1626085020,46.11,46.11,46.11,46.11,46.11,0,0
1626085025,46.11,46.11,46.11,46.11,46.11,0,0
1626085030,46.11,46.11,46.11,46.11,46.11,0,0
1626085035,46.11,46.11,46.11,46.11,46.11,0,0
1626085040,46.11,46.11,46.11,46.11,46.11,0,0
1626085045,46.11,46.11,46.11,46.11,46.11,0,0
1626085050,46.11,46.11,46.11,46.11,46.11,0,0
1626085055,46.11,46.11,46.11,46.11,46.11,0,0
1626085060,46.11,46.11,46.11,46.11,46.11,0,0
1626085065,46.11,46.11,46.11,46.11,46.11,0,0
1626085070,46.11,46.11,46.11,46.11,46.11,0,0
1626085075,46.11,46.11,46.11,46.11,46.11,0,0
1626085080,46.11,46.11,46.11,46.11,46.11,0,0
1626085085,46.11,46.11,46.11,46.11,46.11,0,0
1626085090,46.08,46.08,46.08,46.08,46.08,1,1
1626085095,46.08,46.08,46.08,46.08,46.08,0,0
1626085100,46.08,46.08,46.08,46.08,46.08,0,0
1626085105,46.08,46.08,46.08,46.08,46.08,0,0
1626085110,46.08,46.08,46.08,46.08,46.08,0,0
1626085115,46.08,46.08,46.08,46.08,46.08,0,0
1626085120,46.08,46.08,46.08,46.08,46.08,0,0
1626085125,46.08,46.08,46.08,46.08,46.08,0,0
1626085130,46.08,46.08,46.08,46.08,46.08,0,0
1626085135,46.08,46.08,46.08,46.08,46.08,0,0
1626085140,46.08,46.08,46.08,46.08,46.08,0,0
1626085145,46.08,46.08,46.08,46.08,46.08,0,0
1626085150,46.08,46.08,46.08,46.08,46.08,0,0
1626085155,46.08,46.08,46.08,46.08,46.08,0,0
1626085160,46.08,46.08,46.08,46.08,46.08,0,0
1626085165,46.08,46.08,46.08,46.08,46.08,0,0
1626085170,46.08,46.08,46.08,46.08,46.08,0,0
1626085175,46.08,46.08,46.08,46.08,46.08,0,0
1626085180,46.08,46.08,46.08,46.08,46.08,0,0
1626085185,46.08,46.08,46.08,46.08,46.08,0,0
1626085190,46.08,46.08,46.08,46.08,46.08,0,0
1626085195,46.08,46.08,46.08,46.08,46.08,0,0
1626085200,46.08,46.08,46.08,46.08,46.08,0,0
1626085205,46.08,46.08,46.08,46.08,46.08,0,0
1626085210,46.08,46.08,46.08,46.08,46.08,0,0
1626085215,46.08,46.08,46.08,46.08,46.08,0,0
1626085220,46.08,46.08,46.08,46.08,46.08,0,0
1626085225,46.08,46.08,46.08,46.08,46.08,0,0
1626085230,46.08,46.08,46.08,46.08,46.08,0,0
1626085235,46.08,46.08,46.08,46.08,46.08,0,0
1626085240,46.08,46.08,46.08,46.08,46.08,0,0
1626085245,46.08,46.08,46.08,46.08,46.08,0,0
1626085250,46.08,46.08,46.08,46.08,46.08,0,0
1626085255,46.08,46.08,46.08,46.08,46.08,0,0
1626085260,46.08,46.08,46.08,46.08,46.08,0,0
1626085265,46.08,46.08,46.08,46.08,46.08,0,0
1626085270,46.08,46.08,46.08,46.08,46.08,0,0
1626085275,46.08,46.08,46.08,46.08,46.08,0,0
1626085280,46.08,46.08,46.08,46.08,46.08,0,0
1626085285,46.08,46.08,46.08,46.08,46.08,2,1
1626085290,46.11,46.11,46.02,46.02,46.04904,7,4
1626085295,46.02,46.02,46.02,46.02,46.02,0,0
1626085300,46.0,46.0,46.0,46.0,46.0,14,3
1626085305,46.0,46.0,46.0,46.0,46.0,0,0
1626085310,46.0,46.0,46.0,46.0,46.0,0,0
1626085315,46.0,46.0,46.0,46.0,46.0,0,0
1626085320,46.0,46.0,46.0,46.0,46.0,0,0
1626085325,46.0,46.0,46.0,46.0,46.0,0,0
1626085330,46.0,46.0,46.0,46.0,46.0,0,0
1626085335,46.0,46.0,46.0,46.0,46.0,0,0
1626085340,46.0,46.0,46.0,46.0,46.0,0,0
1626085345,46.0,46.0,46.0,46.0,46.0,0,0
1626085350,46.0,46.0,46.0,46.0,46.0,0,0
1626085355,46.0,46.0,46.0,46.0,46.0,0,0
1626085360,46.0,46.0,46.0,46.0,46.0,0,0
1626085365,46.0,46.0,46.0,46.0,46.0,0,0
1626085370,46.0,46.0,46.0,46.0,46.0,0,0
1626085375,46.0,46.0,46.0,46.0,46.0,0,0
1626085380,46.0,46.0,46.0,46.0,46.0,0,0
1626085385,46.0,46.0,46.0,46.0,46.0,0,0
1626085390,46.0,46.0,46.0,46.0,46.0,0,0
1626085395,46.0,46.0,46.0,46.0,46.0,0,0
1626085400,46.0,46.0,46.0,46.0,46.0,0,0
1626085405,46.0,46.0,46.0,46.0,46.0,0,0
1626085410,46.0,46.0,46.0,46.0,46.0,0,0
1626085415,46.0,46.0,46.0,46.0,46.0,0,0
1626085420,46.0,46.0,46.0,46.0,46.0,0,0
1626085425,46.07,46.08,46.07,46.08,46.075,2,2
1626085430,46.08,46.08,46.08,46.08,46.08,0,0
1626085435,46.08,46.08,46.08,46.08,46.08,0,0
1626085440,46.08,46.08,46.08,46.08,46.08,0,0
1626085445,46.08,46.08,46.08,46.08,46.08,0,0
1626085450,46.08,46.08,46.08,46.08,46.08,0,0
1626085455,46.08,46.08,46.08,46.08,46.08,0,0
1626085460,46.08,46.08,46.08,46.08,46.08,0,0
1626085465,46.08,46.08,46.08,46.08,46.08,0,0
1626085470,46.01,46.01,46.0,46.0,46.0073,8,4
1626085475,46.0,46.0,46.0,46.0,46.0,0,0
1626085480,46.0,46.0,46.0,46.0,46.0,0,0
1626085485,46.0,46.0,46.0,46.0,46.0,0,0
1626085490,46.0,46.0,46.0,46.0,46.0,0,0
1626085495,46.0,46.0,46.0,46.0,46.0,0,0
1626085500,46.0,46.0,46.0,46.0,46.0,0,0
1626085505,46.09,46.09,46.09,46.09,46.09,3,1
1626085510,46.09,46.09,46.09,46.09,46.09,0,0
1626085515,46.09,46.09,46.09,46.09,46.09,5,1
1626085520,46.09,46.09,46.09,46.09,46.09,0,0
1626085525,46.09,46.09,46.09,46.09,46.09,0,0
1626085530,46.09,46.09,46.09,46.09,46.09,0,0
1626085535,46.09,46.09,46.09,46.09,46.09,0,0
1626085540,46.09,46.09,46.09,46.09,46.09,0,0
1626085545,46.09,46.09,46.09,46.09,46.09,0,0
1626085550,46.08,46.08,46.08,46.08,46.08,1,1
1626085555,46.08,46.08,46.08,46.08,46.08,0,0
1626085560,46.08,46.08,46.08,46.08,46.08,0,0
1626085565,46.08,46.08,46.08,46.08,46.08,0,0
1626085570,46.08,46.08,46.08,46.08,46.08,0,0
1626085575,46.08,46.08,46.08,46.08,46.08,0,0
1626085580,46.08,46.08,46.08,46.08,46.08,0,0
1626085585,46.08,46.08,46.08,46.08,46.08,0,0
1626085590,46.08,46.08,46.08,46.08,46.08,0,0
1626085595,46.08,46.08,46.08,46.08,46.08,0,0
1626085600,46.08,46.08,46.08,46.08,46.08,0,0
1626085605,46.08,46.08,46.08,46.08,46.08,0,0
1626085610,46.08,46.08,46.08,46.08,46.08,0,0
1626085615,46.08,46.08,46.08,46.08,46.08,0,0
1626085620,46.08,46.08,46.08,46.08,46.08,0,0
1626085625,46.08,46.08,46.08,46.08,46.08,0,0
1626085630,46.08,46.08,46.08,46.08,46.08,0,0
1626085635,46.08,46.08,46.08,46.08,46.08,0,0
1626085640,46.08,46.08,46.08,46.08,46.08,0,0
1626085645,46.08,46.08,46.08,46.08,46.08,0,0
1626085650,46.08,46.08,46.08,46.08,46.08,0,0
1626085655,46.08,46.08,46.08,46.08,46.08,0,0
1626085660,46.08,46.08,46.08,46.08,46.08,0,0
1626085665,46.08,46.08,46.08,46.08,46.08,0,0
1626085670,46.08,46.08,46.08,46.08,46.08,0,0
1626085675,46.08,46.08,46.08,46.08,46.08,0,0
1626085680,46.08,46.08,46.08,46.08,46.08,0,0
1626085685,46.08,46.08,46.08,46.08,46.08,0,0
1626085690,46.04,46.04,46.04,46.04,46.04,1,1
1626085695,46.04,46.04,46.04,46.04,46.04,0,0
1626085700,46.04,46.04,46.04,46.04,46.04,2,1
1626085705,46.04,46.04,46.04,46.04,46.04,0,0
1626085710,46.04,46.04,46.04,46.04,46.04,0,0
1626085715,46.04,46.04,46.04,46.04,46.04,0,0
1626085720,46.04,46.04,46.04,46.04,46.04,0,0
1626085725,46.04,46.04,46.04,46.04,46.04,0,0
1626085730,46.04,46.04,46.04,46.04,46.04,0,0
1626085735,46.04,46.04,46.04,46.04,46.04,0,0
1626085740,46.04,46.04,46.04,46.04,46.04,0,0
1626085745,46.04,46.04,46.04,46.04,46.04,0,0
1626085750,46.04,46.04,46.04,46.04,46.04,0,0
1626085755,46.04,46.04,46.04,46.04,46.04,0,0
1626085760,46.04,46.04,46.04,46.04,46.04,0,0
1626085765,46.04,46.04,46.04,46.04,46.04,0,0
1626085770,46.04,46.04,46.04,46.04,46.04,0,0
1626085775,46.04,46.04,46.04,46.04,46.04,0,0
1626085780,46.04,46.04,46.04,46.04,46.04,0,0
1626085785,46.04,46.04,46.04,46.04,46.04,0,0
1626085790,46.04,46.04,46.04,46.04,46.04,0,0
1626085795,46.04,46.04,46.04,46.04,46.04,0,0
1626085800,46.04,46.04,46.04,46.04,46.04,0,0
1626085805,46.04,46.04,46.04,46.04,46.04,0,0
1626085810,46.04,46.04,46.04,46.04,46.04,0,0
1626085815,46.04,46.04,46.04,46.04,46.04,0,0
1626085820,46.04,46.04,46.04,46.04,46.04,0,0
1626085825,46.04,46.04,46.04,46.04,46.04,0,0
1626085830,46.04,46.04,46.04,46.04,46.04,0,0
1626085835,46.04,46.04,46.04,46.04,46.04,0,0
1626085840,46.04,46.04,46.04,46.04,46.04,0,0
1626085845,46.04,46.04,46.04,46.04,46.04,0,0
1626085850,46.04,46.04,46.04,46.04,46.04,0,0
1626085855,46.04,46.04,46.04,46.04,46.04,0,0
1626085860,46.04,46.04,46.04,46.04,46.04,0,0
1626085865,46.04,46.04,46.04,46.04,46.04,0,0
1626085870,46.04,46.04,46.04,46.04,46.04,0,0
1626085875,46.04,46.04,46.04,46.04,46.04,0,0
1626085880,46.04,46.04,46.04,46.04,46.04,0,0
1626085885,46.04,46.04,46.04,46.04,46.04,0,0
1626085890,46.04,46.04,46.04,46.04,46.04,0,0
1626085895,46.04,46.04,46.04,46.04,46.04,0,0
1626085900,46.04,46.04,46.04,46.04,46.04,0,0
1626085905,46.04,46.04,46.04,46.04,46.04,0,0
1626085910,46.04,46.04,46.04,46.04,46.04,0,0
1626085915,46.01,46.01,46.0,46.0,46.00194,5,2
1626085920,46.0,46.0,46.0,46.0,46.0,0,0
1626085925,46.0,46.0,46.0,46.0,46.0,0,0
1626085930,46.0,46.0,46.0,46.0,46.0,0,0
1626085935,46.0,46.0,46.0,46.0,46.0,0,0
1626085940,46.0,46.0,46.0,46.0,46.0,0,0
1626085945,46.0,46.0,46.0,46.0,46.0,0,0
1626085950,46.03,46.03,46.03,46.03,46.03,1,1
1626085955,46.03,46.03,46.03,46.03,46.03,0,0
1626085960,46.03,46.03,46.03,46.03,46.03,0,0
1626085965,46.0,46.0,46.0,46.0,46.0,1,1
1626085970,46.0,46.0,46.0,46.0,46.0,0,0
1626085975,46.0,46.0,46.0,46.0,46.0,0,0
1626085980,46.0,46.0,46.0,46.0,46.0,0,0
1626085985,46.0,46.0,46.0,46.0,46.0,0,0
1626085990,46.0,46.0,46.0,46.0,46.0,0,0
1626085995,46.03,46.03,46.03,46.03,46.03,2,1
1626086000,46.03,46.03,46.03,46.03,46.03,0,0
1626086005,46.03,46.03,46.03,46.03,46.03,0,0
1626086010,46.03,46.03,46.03,46.03,46.03,0,0
1626086015,46.03,46.03,46.03,46.03,46.03,0,0
1626086020,46.03,46.03,46.03,46.03,46.03,0,0
1626086025,46.03,46.03,46.03,46.03,46.03,0,0
1626086030,46.03,46.03,46.03,46.03,46.03,0,0
1626086035,46.03,46.03,46.03,46.03,46.03,0,0
1626086040,46.03,46.03,46.03,46.03,46.03,0,0
1626086045,46.03,46.03,46.03,46.03,46.03,1,1
1626086050,46.03,46.03,46.03,46.03,46.03,3,1
1626086055,46.03,46.03,46.03,46.03,46.03,0,0
1626086060,46.03,46.03,46.03,46.03,46.03,0,0
1626086065,46.03,46.03,46.03,46.03,46.03,0,0
1626086070,46.03,46.03,46.03,46.03,46.03,0,0
1626086075,46.03,46.03,46.03,46.03,46.03,0,0
1626086080,46.03,46.03,46.03,46.03,46.03,0,0
1626086085,46.03,46.03,46.03,46.03,46.03,0,0
1626086090,46.03,46.03,46.03,46.03,46.03,0,0
1626086095,46.03,46.03,46.03,46.03,46.03,0,0
1626086100,46.03,46.03,46.03,46.03,46.03,0,0
1626086105,46.03,46.03,46.03,46.03,46.03,0,0
1626086110,46.03,46.03,46.03,46.03,46.03,0,0
1626086115,46.03,46.03,46.03,46.03,46.03,0,0
1626086120,46.03,46.03,46.03,46.03,46.03,0,0
1626086125,46.03,46.03,46.03,46.03,46.03,0,0
1626086130,46.03,46.03,46.03,46.03,46.03,0,0
1626086135,46.03,46.03,46.03,46.03,46.03,0,0
1626086140,46.03,46.03,46.03,46.03,46.03,0,0
1626086145,46.03,46.03,46.03,46.03,46.03,0,0
1626086150,46.03,46.03,46.03,46.03,46.03,0,0
1626086155,46.03,46.03,46.03,46.03,46.03,0,0
1626086160,46.03,46.03,46.03,46.03,46.03,0,0
1626086165,46.03,46.03,46.03,46.03,46.03,0,0
1626086170,46.03,46.03,46.03,46.03,46.03,0,0
1626086175,46.03,46.03,46.03,46.03,46.03,0,0
1626086180,46.03,46.03,46.03,46.03,46.03,0,0
1626086185,46.03,46.03,46.03,46.03,46.03,0,0
1626086190,46.03,46.03,46.03,46.03,46.03,0,0
1626086195,46.03,46.03,46.03,46.03,46.03,0,0
1626086200,46.03,46.03,46.03,46.03,46.03,0,0
1626086205,46.03,46.03,46.03,46.03,46.03,0,0
1626086210,46.03,46.03,46.03,46.03,46.03,0,0
1626086215,46.03,46.03,46.03,46.03,46.03,0,0
1626086220,46.03,46.03,46.03,46.03,46.03,0,0
1626086225,46.03,46.03,46.03,46.03,46.03,0,0
1626086230,46.03,46.03,46.03,46.03,46.03,0,0
1626086235,46.03,46.03,46.03,46.03,46.03,0,0
1626086240,46.03,46.03,46.03,46.03,46.03,0,0
1626086245,46.06,46.06,46.06,46.06,46.06,1,1
1626086250,46.06,46.06,46.06,46.06,46.06,0,0
1626086255,46.06,46.06,46.06,46.06,46.06,0,0
1626086260,46.06,46.06,46.06,46.06,46.06,0,0
1626086265,46.06,46.06,46.06,46.06,46.06,0,0
1626086270,46.06,46.06,46.06,46.06,46.06,0,0
1626086275,46.06,46.06,46.06,46.06,46.06,0,0
1626086280,46.06,46.06,46.06,46.06,46.06,0,0
1626086285,46.06,46.06,46.06,46.06,46.06,0,0
1626086290,46.06,46.06,46.06,46.06,46.06,0,0
1626086295,46.06,46.06,46.06,46.06,46.06,0,0
1626086300,46.06,46.06,46.06,46.06,46.06,0,0
1626086305,46.06,46.06,46.06,46.06,46.06,0,0
1626086310,46.06,46.06,46.06,46.06,46.06,0,0
1626086315,46.06,46.06,46.06,46.06,46.06,0,0
1626086320,46.06,46.06,46.06,46.06,46.06,0,0
1626086325,46.06,46.06,46.06,46.06,46.06,0,0
1626086330,46.06,46.06,46.06,46.06,46.06,0,0
1626086335,46.06,46.06,46.06,46.06,46.06,0,0
1626086340,46.06,46.06,46.06,46.06,46.06,0,0
1626086345,46.06,46.06,46.06,46.06,46.06,0,0
1626086350,46.06,46.06,46.06,46.06,46.06,0,0
1626086355,46.06,46.06,46.06,46.06,46.06,0,0
1626086360,46.06,46.06,46.06,46.06,46.06,0,0
1626086365,46.06,46.06,46.06,46.06,46.06,0,0
1626086370,46.06,46.06,46.06,46.06,46.06,0,0
1626086375,46.06,46.06,46.06,46.06,46.06,0,0
1626086380,46.06,46.06,46.06,46.06,46.06,0,0
1626086385,46.06,46.06,46.06,46.06,46.06,0,0
1626086390,46.06,46.06,46.06,46.06,46.06,0,0
1626086395,46.06,46.06,46.06,46.06,46.06,0,0
1626086400,46.06,46.06,46.06,46.06,46.06,0,0
1626086405,46.06,46.06,46.06,46.06,46.06,0,0
1626086410,46.06,46.06,46.06,46.06,46.06,0,0
1626086415,46.06,46.06,46.06,46.06,46.06,0,0
1626086420,46.06,46.06,46.06,46.06,46.06,0,0
1626086425,46.06,46.06,46.06,46.06,46.06,0,0
1626086430,46.06,46.06,46.06,46.06,46.06,0,0
1626086435,46.06,46.06,46.06,46.06,46.06,0,0
1626086440,46.06,46.06,46.06,46.06,46.06,0,0
1626086445,46.06,46.06,46.06,46.06,46.06,0,0
1626086450,46.07,46.07,46.07,46.07,46.07,3,2
1626086455,46.07,46.07,46.07,46.07,46.07,0,0
1626086460,46.07,46.07,46.07,46.07,46.07,0,0
1626086465,46.07,46.07,46.07,46.07,46.07,0,0
1626086470,46.07,46.07,46.07,46.07,46.07,0,0
1626086475,46.07,46.07,46.07,46.07,46.07,0,0
1626086480,46.07,46.07,46.07,46.07,46.07,0,0
1626086485,46.07,46.07,46.07,46.07,46.07,0,0
1626086490,46.07,46.07,46.07,46.07,46.07,0,0
1626086495,46.07,46.07,46.07,46.07,46.07,0,0
1626086500,46.07,46.07,46.07,46.07,46.07,0,0
1626086505,46.07,46.07,46.07,46.07,46.07,0,0
1626086510,46.07,46.07,46.07,46.07,46.07,0,0
1626086515,46.07,46.07,46.07,46.07,46.07,0,0
1626086520,46.07,46.07,46.07,46.07,46.07,0,0
1626086525,46.07,46.07,46.07,46.07,46.07,0,0
1626086530,46.07,46.07,46.07,46.07,46.07,0,0
1626086535,46.07,46.07,46.07,46.07,46.07,0,0
1626086540,46.07,46.07,46.07,46.07,46.07,0,0
1626086545,46.07,46.07,46.07,46.07,46.07,0,0
1626086550,46.07,46.07,46.07,46.07,46.07,0,0
1626086555,46.07,46.07,46.07,46.07,46.07,0,0
1626086560,46.07,46.07,46.07,46.07,46.07,0,0
1626086565,46.07,46.07,46.07,46.07,46.07,0,0
1626086570,46.07,46.07,46.07,46.07,46.07,0,0
1626086575,46.07,46.07,46.07,46.07,46.07,0,0
1626086580,46.07,46.07,46.07,46.07,46.07,0,0
1626086585,46.07,46.07,46.07,46.07,46.07,0,0
1626086590,46.07,46.07,46.07,46.07,46.07,0,0
1626086595,46.09,46.09,46.09,46.09,46.09,1,1
1626086600,46.09,46.09,46.09,46.09,46.09,0,0
1626086605,46.09,46.09,46.09,46.09,46.09,0,0
1626086610,46.09,46.09,46.09,46.09,46.09,0,0
1626086615,46.09,46.09,46.09,46.09,46.09,0,0
1626086620,46.09,46.09,46.09,46.09,46.09,0,0
1626086625,46.09,46.09,46.09,46.09,46.09,0,0
1626086630,46.09,46.09,46.09,46.09,46.09,0,0
1626086635,46.09,46.09,46.09,46.09,46.09,0,0
1626086640,46.09,46.09,46.09,46.09,46.09,0,0
1626086645,46.09,46.09,46.09,46.09,46.09,0,0
1626086650,46.09,46.09,46.09,46.09,46.09,0,0
1626086655,46.09,46.09,46.09,46.09,46.09,0,0
1626086660,46.09,46.09,46.09,46.09,46.09,0,0
1626086665,46.09,46.09,46.09,46.09,46.09,0,0
1626086670,46.09,46.09,46.09,46.09,46.09,0,0
1626086675,46.09,46.09,46.09,46.09,46.09,0,0
1626086680,46.09,46.09,46.09,46.09,46.09,0,0
1626086685,46.09,46.09,46.09,46.09,46.09,0,0
1626086690,46.09,46.09,46.09,46.09,46.09,0,0
1626086695,46.09,46.09,46.09,46.09,46.09,0,0
1626086700,46.09,46.09,46.09,46.09,46.09,0,0
1626086705,46.09,46.09,46.09,46.09,46.09,0,0
1626086710,46.09,46.09,46.09,46.09,46.09,0,0
1626086715,46.09,46.09,46.09,46.09,46.09,0,0
1626086720,46.09,46.09,46.09,46.09,46.09,0,0
1626086725,46.09,46.09,46.09,46.09,46.09,0,0
1626086730,46.09,46.09,46.09,46.09,46.09,0,0
1626086735,46.09,46.09,46.09,46.09,46.09,0,0
1626086740,46.09,46.09,46.09,46.09,46.09,0,0
1626086745,46.09,46.09,46.09,46.09,46.09,0,0
1626086750,46.09,46.09,46.09,46.09,46.09,0,0
1626086755,46.09,46.09,46.09,46.09,46.09,0,0
1626086760,46.09,46.09,46.09,46.09,46.09,0,0
1626086765,46.09,46.09,46.09,46.09,46.09,0,0
1626086770,46.09,46.09,46.09,46.09,46.09,0,0
1626086775,46.09,46.09,46.09,46.09,46.09,0,0
1626086780,46.27,46.27,46.27,46.27,46.27,1,1
1626086785,46.27,46.27,46.27,46.27,46.27,0,0
1626086790,46.27,46.27,46.27,46.27,46.27,0,0
1626086795,46.27,46.27,46.27,46.27,46.27,0,0
1626086800,46.27,46.27,46.27,46.27,46.27,0,0
1626086805,46.27,46.27,46.27,46.27,46.27,0,0
1626086810,46.27,46.27,46.27,46.27,46.27,0,0
1626086815,46.27,46.27,46.27,46.27,46.27,0,0
1626086820,46.27,46.27,46.27,46.27,46.27,0,0
1626086825,46.27,46.27,46.27,46.27,46.27,0,0
1626086830,46.27,46.27,46.27,46.27,46.27,0,0
1626086835,46.27,46.27,46.27,46.27,46.27,0,0
1626086840,46.2,46.2,46.2,46.2,46.2,1,1
1626086845,46.2,46.2,46.2,46.2,46.2,0,0
1626086850,46.2,46.2,46.2,46.2,46.2,0,0
1626086855,46.2,46.2,46.2,46.2,46.2,0,0
1626086860,46.2,46.2,46.2,46.2,46.2,0,0
1626086865,46.2,46.2,46.2,46.2,46.2,0,0
1626086870,46.21,46.21,46.2,46.2,46.20134,23,4
1626086875,46.12,46.12,46.1,46.1,46.1153,7,2
1626086880,46.1,46.1,46.1,46.1,46.1,0,0
1626086885,46.1,46.1,46.1,46.1,46.1,0,0
1626086890,46.1,46.1,46.1,46.1,46.1,0,0
1626086895,46.1,46.1,46.1,46.1,46.1,0,0
1626086900,46.1,46.1,46.1,46.1,46.1,0,0
1626086905,46.1,46.1,46.1,46.1,46.1,0,0
1626086910,46.1,46.1,46.1,46.1,46.1,0,0
1626086915,46.1,46.1,46.1,46.1,46.1,0,0
1626086920,46.1,46.1,46.1,46.1,46.1,0,0
1626086925,46.1,46.1,46.1,46.1,46.1,0,0
1626086930,46.1,46.1,46.1,46.1,46.1,0,0
1626086935,46.1,46.1,46.1,46.1,46.1,0,0
1626086940,46.1,46.1,46.1,46.1,46.1,0,0
1626086945,46.1,46.1,46.1,46.1,46.1,0,0
1626086950,46.1,46.1,46.1,46.1,46.1,0,0
1626086955,46.1,46.1,46.1,46.1,46.1,0,0
1626086960,46.1,46.1,46.1,46.1,46.1,0,0
1626086965,46.1,46.1,46.1,46.1,46.1,0,0
1626086970,46.1,46.1,46.1,46.1,46.1,0,0
1626086975,46.1,46.1,46.1,46.1,46.1,0,0
1626086980,46.1,46.1,46.1,46.1,46.1,0,0
1626086985,46.1,46.1,46.1,46.1,46.1,0,0
1626086990,46.2,46.2,46.2,46.2,46.2,1,1
1626086995,46.2,46.2,46.2,46.2,46.2,0,0
1626087000,46.2,46.2,46.2,46.2,46.2,0,0
1626087005,46.2,46.2,46.2,46.2,46.2,0,0
1626087010,46.2,46.2,46.2,46.2,46.2,0,0
1626087015,46.2,46.2,46.2,46.2,46.2,0,0
1626087020,46.2,46.2,46.2,46.2,46.2,0,0
1626087025,46.2,46.2,46.2,46.2,46.2,0,0
1626087030,46.2,46.2,46.2,46.2,46.2,0,0
1626087035,46.2,46.2,46.2,46.2,46.2,0,0
1626087040,46.2,46.2,46.2,46.2,46.2,0,0
1626087045,46.2,46.2,46.2,46.2,46.2,0,0
1626087050,46.2,46.2,46.2,46.2,46.2,0,0
1626087055,46.2,46.2,46.2,46.2,46.2,0,0
1626087060,46.2,46.2,46.2,46.2,46.2,0,0
1626087065,46.2,46.2,46.2,46.2,46.2,0,0
1626087070,46.2,46.2,46.2,46.2,46.2,0,0
1626087075,46.2,46.2,46.2,46.2,46.2,0,0
1626087080,46.2,46.2,46.2,46.2,46.2,0,0
1626087085,46.2,46.2,46.2,46.2,46.2,0,0
1626087090,46.2,46.2,46.2,46.2,46.2,0,0
1626087095,46.2,46.2,46.2,46.2,46.2,0,0
1626087100,46.2,46.2,46.2,46.2,46.2,0,0
1626087105,46.2,46.2,46.2,46.2,46.2,0,0
1626087110,46.2,46.2,46.2,46.2,46.2,0,0
1626087115,46.2,46.2,46.2,46.2,46.2,0,0
1626087120,46.2,46.2,46.2,46.2,46.2,0,0
1626087125,46.2,46.2,46.2,46.2,46.2,0,0
1626087130,46.2,46.2,46.2,46.2,46.2,0,0
1626087135,46.2,46.2,46.2,46.2,46.2,0,0
1626087140,46.2,46.2,46.2,46.2,46.2,0,0
1626087145,46.2,46.2,46.2,46.2,46.2,0,0
1626087150,46.2,46.2,46.2,46.2,46.2,0,0
1626087155,46.2,46.2,46.2,46.2,46.2,0,0
1626087160,46.2,46.2,46.2,46.2,46.2,0,0
1626087165,46.2,46.2,46.2,46.2,46.2,0,0
1626087170,46.2,46.2,46.2,46.2,46.2,0,0
1626087175,46.2,46.2,46.2,46.2,46.2,0,0
1626087180,46.2,46.2,46.2,46.2,46.2,0,0
1626087185,46.2,46.2,46.2,46.2,46.2,0,0
1626087190,46.2,46.2,46.2,46.2,46.2,0,0
1626087195,46.2,46.2,46.2,46.2,46.2,0,0
1626087200,46.2,46.2,46.2,46.2,46.2,0,0
1626087205,46.2,46.2,46.2,46.2,46.2,0,0
1626087210,46.2,46.2,46.2,46.2,46.2,0,0
1626087215,46.2,46.2,46.2,46.2,46.2,0,0
1626087220,46.2,46.2,46.2,46.2,46.2,0,0
1626087225,46.2,46.2,46.2,46.2,46.2,0,0
1626087230,46.2,46.2,46.2,46.2,46.2,0,0
1626087235,46.2,46.2,46.2,46.2,46.2,0,0
1626087240,46.2,46.2,46.2,46.2,46.2,0,0
1626087245,46.2,46.2,46.2,46.2,46.2,0,0
1626087250,46.2,46.2,46.2,46.2,46.2,0,0
1626087255,46.2,46.2,46.2,46.2,46.2,0,0
1626087260,46.2,46.2,46.2,46.2,46.2,0,0
1626087265,46.2,46.2,46.2,46.2,46.2,0,0
1626087270,46.2,46.2,46.2,46.2,46.2,0,0
1626087275,46.2,46.2,46.2,46.2,46.2,0,0
1626087280,46.2,46.2,46.2,46.2,46.2,0,0
1626087285,46.2,46.2,46.2,46.2,46.2,0,0
1626087290,46.2,46.2,46.2,46.2,46.2,0,0
1626087295,46.2,46.2,46.2,46.2,46.2,0,0
1626087300,46.2,46.2,46.2,46.2,46.2,0,0
1626087305,46.2,46.2,46.2,46.2,46.2,0,0
1626087310,46.2,46.2,46.2,46.2,46.2,0,0
1626087315,46.2,46.2,46.2,46.2,46.2,0,0
1626087320,46.2,46.2,46.2,46.2,46.2,0,0
1626087325,46.2,46.2,46.2,46.2,46.2,0,0
1626087330,46.2,46.2,46.2,46.2,46.2,0,0
1626087335,46.2,46.2,46.2,46.2,46.2,0,0
1626087340,46.2,46.2,46.2,46.2,46.2,0,0
1626087345,46.2,46.2,46.2,46.2,46.2,0,0
1626087350,46.2,46.2,46.2,46.2,46.2,0,0
1626087355,46.2,46.2,46.2,46.2,46.2,0,0
1626087360,46.2,46.2,46.2,46.2,46.2,0,0
1626087365,46.2,46.2,46.2,46.2,46.2,0,0
1626087370,46.12,46.12,46.12,46.12,46.12,1,1
1626087375,46.12,46.12,46.12,46.12,46.12,0,0
1626087380,46.12,46.12,46.12,46.12,46.12,0,0
1626087385,46.12,46.12,46.12,46.12,46.12,0,0
1626087390,46.12,46.12,46.12,46.12,46.12,0,0
1626087395,46.12,46.12,46.12,46.12,46.12,0,0
1626087400,46.12,46.12,46.12,46.12,46.12,0,0
1626087405,46.12,46.12,46.12,46.12,46.12,0,0
1626087410,46.12,46.12,46.12,46.12,46.12,0,0
1626087415,46.12,46.12,46.12,46.12,46.12,0,0
1626087420,46.12,46.12,46.12,46.12,46.12,0,0
1626087425,46.12,46.12,46.12,46.12,46.12,0,0
1626087430,46.12,46.12,46.12,46.12,46.12,0,0
1626087435,46.12,46.12,46.12,46.12,46.12,0,0
1626087440,46.12,46.12,46.12,46.12,46.12,0,0
1626087445,46.12,46.12,46.12,46.12,46.12,0,0
1626087450,46.12,46.12,46.12,46.12,46.12,0,0
1626087455,46.12,46.12,46.12,46.12,46.12,0,0
1626087460,46.12,46.12,46.06,46.06,46.08848,25,12
1626087465,46.06,46.06,46.06,46.06,46.06,0,0
1626087470,46.06,46.06,46.06,46.06,46.06,0,0
1626087475,46.06,46.06,46.06,46.06,46.06,0,0
1626087480,46.06,46.06,46.06,46.06,46.06,0,0
1626087485,46.06,46.06,46.06,46.06,46.06,0,0
1626087490,46.06,46.06,46.06,46.06,46.06,0,0
1626087495,46.06,46.06,46.06,46.06,46.06,0,0
1626087500,46.06,46.06,46.06,46.06,46.06,0,0
1626087505,46.06,46.06,46.06,46.06,46.06,0,0
1626087510,46.06,46.06,46.06,46.06,46.06,0,0
1626087515,46.06,46.06,46.06,46.06,46.06,0,0
1626087520,46.06,46.06,46.06,46.06,46.06,0,0
1626087525,46.06,46.06,46.06,46.06,46.06,0,0
1626087530,46.06,46.06,46.06,46.06,46.06,0,0
1626087535,46.06,46.06,46.06,46.06,46.06,0,0
1626087540,46.06,46.06,46.06,46.06,46.06,0,0
1626087545,46.06,46.06,46.06,46.06,46.06,0,0
1626087550,46.06,46.06,46.06,46.06,46.06,0,0
1626087555,46.06,46.06,46.06,46.06,46.06,0,0
1626087560,46.06,46.06,46.06,46.06,46.06,0,0
1626087565,46.06,46.06,46.06,46.06,46.06,0,0
1626087570,46.06,46.06,46.06,46.06,46.06,0,0
1626087575,46.06,46.06,46.06,46.06,46.06,0,0
1626087580,46.06,46.06,46.06,46.06,46.06,0,0
1626087585,46.06,46.06,46.06,46.06,46.06,0,0
1626087590,46.06,46.06,46.06,46.06,46.06,0,0
1626087595,46.06,46.06,46.06,46.06,46.06,0,0
1626087600,46.1,46.12,45.91,45.95,46.01033,70,35
1626087605,45.95,45.95,45.95,45.95,45.95,0,0
1626087610,45.95,45.95,45.95,45.95,45.95,0,0
1626087615,46.0,46.0,46.0,46.0,46.0,3,1
1626087620,46.0,46.0,46.0,46.0,46.0,0,0
1626087625,46.0,46.0,46.0,46.0,46.0,0,0
1626087630,45.91,45.91,45.91,45.91,45.91,3,3
1626087635,45.91,45.91,45.91,45.91,45.91,0,0
1626087640,45.94,45.94,45.92,45.94,45.93594,19,9
1626087645,45.94,45.94,45.94,45.94,45.94,0,0
1626087650,45.94,45.94,45.94,45.94,45.94,0,0
1626087655,45.94,45.94,45.94,45.94,45.94,0,0
1626087660,45.94,45.94,45.94,45.94,45.94,0,0
1626087665,45.94,45.94,45.94,45.94,45.94,0,0
1626087670,45.97,45.97,45.94,45.94,45.9586,26,10
1626087675,45.94,45.94,45.94,45.94,45.94,5,2
1626087680,45.94,45.94,45.94,45.94,45.94,0,0
1626087685,45.91,45.91,45.91,45.91,45.91,5,2
1626087690,45.91,45.91,45.91,45.91,45.91,0,0
1626087695,45.91,45.91,45.91,45.91,45.91,0,0
1626087700,45.91,45.91,45.9,45.9,45.90651,3,2
1626087705,45.9,45.9,45.9,45.9,45.9,0,0
1626087710,45.9,45.9,45.9,45.9,45.9,0,0
1626087715,45.9,45.9,45.9,45.9,45.9,0,0
1626087720,45.9,45.9,45.9,45.9,45.9,0,0
1626087725,45.92,45.92,45.92,45.92,45.92,20,1
1626087730,45.92,45.92,45.92,45.92,45.92,0,0
1626087735,45.91,45.91,45.9,45.9,45.902,23,7
1626087740,45.9,45.9,45.9,45.9,45.9,0,0
1626087745,45.9,45.9,45.9,45.9,45.9,1,1
1626087750,45.9,45.9,45.9,45.9,45.9,0,0
1626087755,45.9,45.9,45.9,45.9,45.9,0,0
1626087760,45.9,45.9,45.9,45.9,45.9,0,0
1626087765,45.9,45.9,45.9,45.9,45.9,0,0
1626087770,45.9,45.9,45.9,45.9,45.9,0,0
1626087775,45.9,45.9,45.9,45.9,45.9,0,0
1626087780,45.9,45.9,45.9,45.9,45.9,0,0
1626087785,45.9,45.9,45.9,45.9,45.9,0,0
1626087790,45.9,45.9,45.9,45.9,45.9,4,2
1626087795,45.9,45.9,45.88,45.88,45.89658,6,4
1626087800,45.88,45.88,45.88,45.88,45.88,0,0
1626087805,45.86,45.86,45.85,45.85,45.85139,29,6
1626087810,45.85,45.85,45.85,45.85,45.85,0,0
1626087815,45.8,45.8,45.8,45.8,45.8,8,1
1626087820,45.8,45.8,45.8,45.8,45.8,3,1
1626087825,45.8,45.8,45.8,45.8,45.8,0,0
1626087830,45.8,45.8,45.8,45.8,45.8,0,0
1626087835,45.8,45.8,45.8,45.8,45.8,0,0
1626087840,45.8,45.8,45.8,45.8,45.8,0,0
1626087845,45.8,45.8,45.8,45.8,45.8,0,0
1626087850,45.8,45.8,45.8,45.8,45.8,0,0
1626087855,45.81,45.81,45.81,45.81,45.81,1,1
1626087860,45.85,45.85,45.85,45.85,45.85,2,1
1626087865,45.85,45.85,45.85,45.85,45.85,0,0
1626087870,45.85,45.85,45.85,45.85,45.85,0,0
1626087875,45.83,45.83,45.83,45.83,45.83,5,1
1626087880,45.83,45.83,45.83,45.83,45.83,0,0
1626087885,45.83,45.83,45.83,45.83,45.83,0,0
1626087890,45.83,45.83,45.83,45.83,45.83,0,0
1626087895,45.85,45.85,45.85,45.85,45.85,8,1
1626087900,45.9,45.9,45.8,45.8,45.82054,11,3
1626087905,45.8,45.8,45.8,45.8,45.8,0,0
1626087910,45.8,45.8,45.8,45.8,45.8,0,0
1626087915,45.8,45.8,45.8,45.8,45.8,0,0
1626087920,45.9,45.9,45.9,45.9,45.9,8,1
1626087925,45.9,45.9,45.9,45.9,45.9,0,0
1626087930,45.9,45.9,45.9,45.9,45.9,5,2
1626087935,45.9,45.9,45.9,45.9,45.9,0,0
1626087940,45.9,45.9,45.9,45.9,45.9,0,0
1626087945,45.9,45.9,45.9,45.9,45.9,0,0
1626087950,45.9,45.9,45.9,45.9,45.9,0,0
1626087955,45.9,45.9,45.9,45.9,45.9,0,0
1626087960,45.9,45.9,45.9,45.9,45.9,0,0
1626087965,45.9,45.9,45.9,45.9,45.9,0,0
1626087970,45.9,45.9,45.9,45.9,45.9,0,0
1626087975,45.9,45.9,45.9,45.9,45.9,0,0
1626087980,45.9,45.9,45.9,45.9,45.9,0,0
1626087985,45.9,45.9,45.9,45.9,45.9,0,0
1626087990,45.9,45.9,45.9,45.9,45.9,0,0
1626087995,45.84,45.84,45.81,45.84,45.82444,27,8
1626088000,45.81,45.81,45.81,45.81,45.81,6,2
1626088005,45.9,45.9,45.89,45.89,45.89322,14,4
1626088010,45.89,45.9,45.89,45.9,45.893,10,2
1626088015,45.9,45.9,45.9,45.9,45.9,0,0
1626088020,45.9,45.9,45.9,45.9,45.9,0,0
1626088025,45.9,45.9,45.9,45.9,45.9,0,0
1626088030,45.9,45.9,45.9,45.9,45.9,0,0
1626088035,45.9,45.9,45.9,45.9,45.9,0,0
1626088040,45.85,45.85,45.85,45.85,45.85,2,1
1626088045,45.85,45.85,45.85,45.85,45.85,5,1
1626088050,45.85,45.85,45.85,45.85,45.85,6,2
1626088055,45.85,45.85,45.85,45.85,45.85,0,0
1626088060,45.83,45.83,45.83,45.83,45.83,1,1
1626088065,45.83,45.83,45.83,45.83,45.83,0,0
1626088070,45.85,45.85,45.85,45.85,45.85,5,1
1626088075,45.85,45.85,45.85,45.85,45.85,0,0
1626088080,45.85,45.85,45.85,45.85,45.85,0,0
1626088085,45.85,45.85,45.85,45.85,45.85,1,1
1626088090,45.85,45.85,45.85,45.85,45.85,2,2
1626088095,45.85,45.85,45.85,45.85,45.85,0,0
1626088100,45.85,45.85,45.85,45.85,45.85,0,0
1626088105,45.85,45.85,45.85,45.85,45.85,0,0
1626088110,45.83,45.83,45.83,45.83,45.83,1,1
1626088115,45.82,45.82,45.82,45.82,45.82,5,2
1626088120,45.82,45.82,45.82,45.82,45.82,0,0
1626088125,45.82,45.82,45.82,45.82,45.82,0,0
1626088130,45.81,45.81,45.81,45.81,45.81,3,1
1626088135,45.81,45.81,45.81,45.81,45.81,8,3
1626088140,45.81,45.81,45.81,45.81,45.81,0,0
1626088145,45.81,45.81,45.81,45.81,45.81,0,0
1626088150,45.81,45.81,45.81,45.81,45.81,0,0
1626088155,45.81,45.81,45.81,45.81,45.81,0,0
1626088160,45.81,45.81,45.81,45.81,45.81,0,0
1626088165,45.81,45.81,45.81,45.81,45.81,0,0
1626088170,45.81,45.81,45.81,45.81,45.81,0,0
1626088175,45.81,45.81,45.81,45.81,45.81,0,0
1626088180,45.83,45.83,45.83,45.83,45.83,1,1
1626088185,45.8,45.8,45.8,45.8,45.8,1,1
1626088190,45.8,45.8,45.8,45.8,45.8,0,0
1626088195,45.8,45.8,45.8,45.8,45.8,0,0
1626088200,45.8,45.8,45.8,45.8,45.8,0,0
1626088205,45.8,45.8,45.8,45.8,45.8,0,0
1626088210,45.8,45.8,45.8,45.8,45.8,2,1
1626088215,45.8,45.8,45.8,45.8,45.8,0,0
1626088220,45.8,45.8,45.8,45.8,45.8,0,0
1626088225,45.8,45.8,45.8,45.8,45.8,0,0
1626088230,45.8,45.8,45.8,45.8,45.8,0,0
1626088235,45.8,45.8,45.8,45.8,45.8,0,0
1626088240,45.8,45.8,45.8,45.8,45.8,0,0
1626088245,45.83,45.83,45.83,45.83,45.83,4,2
1626088250,45.83,45.83,45.83,45.83,45.83,0,0
1626088255,45.84,45.84,45.84,45.84,45.84,2,2
1626088260,45.84,45.84,45.84,45.84,45.84,0,0
1626088265,45.83,45.83,45.83,45.83,45.83,4,2
1626088270,45.83,45.83,45.83,45.83,45.83,0,0
1626088275,45.83,45.83,45.83,45.83,45.83,0,0
1626088280,45.83,45.83,45.83,45.83,45.83,0,0
1626088285,45.83,45.83,45.83,45.83,45.83,2,1
1626088290,45.83,45.83,45.83,45.83,45.83,0,0
1626088295,45.83,45.83,45.83,45.83,45.83,0,0
1626088300,45.83,45.83,45.83,45.83,45.83,0,0
1626088305,45.85,45.85,45.85,45.85,45.85,6,1
1626088310,45.85,45.85,45.85,45.85,45.85,0,0
1626088315,45.85,45.85,45.85,45.85,45.85,11,2
1626088320,45.85,45.85,45.85,45.85,45.85,0,0
1626088325,45.85,45.85,45.85,45.85,45.85,0,0
1626088330,45.85,45.85,45.85,45.85,45.85,0,0
1626088335,45.85,45.85,45.85,45.85,45.85,0,0
1626088340,45.85,45.85,45.85,45.85,45.85,0,0
1626088345,45.85,45.85,45.85,45.85,45.85,0,0
1626088350,45.85,45.85,45.85,45.85,45.85,0,0
1626088355,45.88,45.88,45.88,45.88,45.88,5,2
1626088360,45.88,45.88,45.88,45.88,45.88,11,2
1626088365,45.88,45.88,45.88,45.88,45.88,0,0
1626088370,45.88,45.88,45.88,45.88,45.88,0,0
1626088375,45.88,45.88,45.88,45.88,45.88,5,2
1626088380,45.88,45.88,45.88,45.88,45.88,0,0
1626088385,45.88,45.88,45.88,45.88,45.88,0,0
1626088390,45.88,45.88,45.88,45.88,45.88,0,0
1626088395,45.88,45.88,45.88,45.88,45.88,0,0
1626088400,45.88,45.88,45.88,45.88,45.88,0,0
1626088405,45.86,45.86,45.86,45.86,45.86,3,3
1626088410,45.86,45.86,45.86,45.86,45.86,0,0
1626088415,45.86,45.86,45.86,45.86,45.86,0,0
1626088420,45.86,45.86,45.86,45.86,45.86,0,0
1626088425,45.88,45.88,45.88,45.88,45.88,2,2
1626088430,45.88,45.88,45.88,45.88,45.88,0,0
1626088435,45.88,45.88,45.88,45.88,45.88,0,0
1626088440,45.87,45.88,45.87,45.88,45.875,2,2
1626088445,45.88,45.88,45.88,45.88,45.88,0,0
1626088450,45.86,45.86,45.86,45.86,45.86,1,1
1626088455,45.86,45.86,45.86,45.86,45.86,0,0
1626088460,45.86,45.86,45.86,45.86,45.86,0,0
1626088465,45.86,45.86,45.86,45.86,45.86,2,1
1626088470,45.86,45.86,45.86,45.86,45.86,0,0
1626088475,45.86,45.86,45.86,45.86,45.86,0,0
1626088480,45.86,45.86,45.86,45.86,45.86,0,0
1626088485,45.86,45.86,45.86,45.86,45.86,0,0
1626088490,45.86,45.86,45.86,45.86,45.86,0,0
1626088495,45.86,45.86,45.86,45.86,45.86,0,0
1626088500,45.86,45.86,45.86,45.86,45.86,2,2
1626088505,45.86,45.86,45.86,45.86,45.86,0,0
1626088510,45.86,45.86,45.86,45.86,45.86,0,0
1626088515,45.86,45.86,45.86,45.86,45.86,0,0
1626088520,45.86,45.86,45.86,45.86,45.86,0,0
1626088525,45.86,45.86,45.86,45.86,45.86,0,0
1626088530,45.86,45.86,45.85,45.85,45.85255,4,2
1626088535,45.85,45.85,45.85,45.85,45.85,0,0
1626088540,45.85,45.85,45.83,45.83,45.84752,19,7
1626088545,45.83,45.83,45.83,45.83,45.83,0,0
1626088550,45.83,45.83,45.83,45.83,45.83,15,2
1626088555,45.84,45.84,45.84,45.84,45.84,1,1
1626088560,45.84,45.84,45.84,45.84,45.84,0,0
1626088565,45.84,45.84,45.84,45.84,45.84,0,0
1626088570,45.84,45.84,45.84,45.84,45.84,0,0
1626088575,45.84,45.84,45.84,45.84,45.84,0,0
1626088580,45.84,45.84,45.84,45.84,45.84,0,0
1626088585,45.84,45.84,45.84,45.84,45.84,0,0
1626088590,45.84,45.84,45.84,45.84,45.84,0,0
1626088595,45.85,45.85,45.85,45.85,45.85,2,2
1626088600,45.85,45.85,45.85,45.85,45.85,0,0
1626088605,45.85,45.85,45.85,45.85,45.85,0,0
1626088610,45.85,45.85,45.85,45.85,45.85,0,0
1626088615,45.85,45.85,45.85,45.85,45.85,0,0
1626088620,45.85,45.85,45.85,45.85,45.85,0,0
1626088625,45.85,45.85,45.85,45.85,45.85,0,0
1626088630,45.85,45.85,45.85,45.85,45.85,0,0
1626088635,45.85,45.85,45.85,45.85,45.85,0,0
1626088640,45.85,45.85,45.85,45.85,45.85,0,0
1626088645,45.87,45.87,45.87,45.87,45.87,1,1
1626088650,45.88,45.88,45.88,45.88,45.88,2,2
1626088655,45.88,45.88,45.88,45.88,45.88,0,0
1626088660,45.88,45.88,45.88,45.88,45.88,0,0
1626088665,45.88,45.88,45.88,45.88,45.88,0,0
1626088670,45.88,45.88,45.88,45.88,45.88,0,0
1626088675,45.88,45.88,45.88,45.88,45.88,0,0
1626088680,45.88,45.88,45.88,45.88,45.88,0,0
1626088685,45.88,45.88,45.88,45.88,45.88,0,0
1626088690,45.88,45.88,45.88,45.88,45.88,0,0
1626088695,45.88,45.88,45.88,45.88,45.88,0,0
1626088700,45.88,45.88,45.88,45.88,45.88,0,0
1626088705,45.88,45.88,45.88,45.88,45.88,0,0
1626088710,45.88,45.88,45.88,45.88,45.88,0,0
1626088715,45.88,45.88,45.88,45.88,45.88,0,0
1626088720,45.88,45.88,45.88,45.88,45.88,0,0
1626088725,45.88,45.88,45.88,45.88,45.88,0,0
1626088730,45.88,45.88,45.88,45.88,45.88,0,0
1626088735,45.88,45.88,45.88,45.88,45.88,0,0
1626088740,45.88,45.88,45.88,45.88,45.88,0,0
1626088745,45.88,45.88,45.88,45.88,45.88,0,0
1626088750,45.86,45.86,45.85,45.85,45.8516,29,3
1626088755,45.85,45.85,45.85,45.85,45.85,0,0
1626088760,45.85,45.85,45.85,45.85,45.85,29,6
1626088765,45.83,45.83,45.8,45.82,45.82372,43,8
1626088770,45.82,45.82,45.82,45.82,45.82,6,3
1626088775,45.82,45.82,45.82,45.82,45.82,0,0
1626088780,45.82,45.82,45.82,45.82,45.82,0,0
1626088785,45.82,45.82,45.82,45.82,45.82,0,0
1626088790,45.82,45.82,45.82,45.82,45.82,0,0
1626088795,45.82,45.82,45.82,45.82,45.82,0,0
1626088800,45.82,45.82,45.82,45.82,45.82,0,0
1626088805,45.82,45.82,45.82,45.82,45.82,0,0
1626088810,45.82,45.82,45.82,45.82,45.82,0,0
1626088815,45.82,45.82,45.82,45.82,45.82,0,0
1626088820,45.82,45.82,45.82,45.82,45.82,0,0
1626088825,45.82,45.82,45.82,45.82,45.82,0,0
1626088830,45.82,45.82,45.82,45.82,45.82,0,0
1626088835,45.82,45.82,45.82,45.82,45.82,0,0
1626088840,45.82,45.82,45.82,45.82,45.82,0,0
1626088845,45.82,45.82,45.82,45.82,45.82,0,0
1626088850,45.82,45.82,45.82,45.82,45.82,0,0
1626088855,45.82,45.82,45.82,45.82,45.82,0,0
1626088860,45.82,45.82,45.82,45.82,45.82,0,0
1626088865,45.82,45.82,45.82,45.82,45.82,0,0
1626088870,45.82,45.82,45.82,45.82,45.82,0,0
1626088875,45.82,45.82,45.82,45.82,45.82,0,0
1626088880,45.82,45.82,45.82,45.82,45.82,0,0
1626088885,45.82,45.82,45.82,45.82,45.82,1,1
1626088890,45.82,45.82,45.82,45.82,45.82,0,0
1626088895,45.82,45.82,45.82,45.82,45.82,0,0
1626088900,45.82,45.82,45.82,45.82,45.82,0,0
1626088905,45.82,45.82,45.82,45.82,45.82,0,0
1626088910,45.82,45.82,45.82,45.82,45.82,0,0
1626088915,45.82,45.82,45.82,45.82,45.82,0,0
1626088920,45.82,45.82,45.82,45.82,45.82,0,0
1626088925,45.82,45.82,45.82,45.82,45.82,0,0
1626088930,45.82,45.82,45.82,45.82,45.82,10,2
1626088935,45.82,45.82,45.82,45.82,45.82,0,0
1626088940,45.82,45.82,45.82,45.82,45.82,0,0
1626088945,45.82,45.82,45.82,45.82,45.82,0,0
1626088950,45.82,45.82,45.82,45.82,45.82,0,0
1626088955,45.82,45.82,45.82,45.82,45.82,0,0
1626088960,45.82,45.82,45.82,45.82,45.82,0,0
1626088965,45.82,45.82,45.82,45.82,45.82,0,0
1626088970,45.82,45.82,45.82,45.82,45.82,0,0
1626088975,45.82,45.82,45.82,45.82,45.82,0,0
1626088980,45.82,45.82,45.82,45.82,45.82,0,0
1626088985,45.82,45.82,45.82,45.82,45.82,0,0
1626088990,45.82,45.82,45.82,45.82,45.82,0,0
1626088995,45.82,45.82,45.82,45.82,45.82,0,0
1626089000,45.82,45.82,45.82,45.82,45.82,0,0
1626089005,45.8,45.8,45.8,45.8,45.8,3,3
1626089010,45.8,45.8,45.8,45.8,45.8,0,0
1626089015,45.8,45.8,45.8,45.8,45.8,0,0
1626089020,45.8,45.8,45.8,45.8,45.8,0,0
1626089025,45.8,45.8,45.8,45.8,45.8,0,0
1626089030,45.8,45.8,45.8,45.8,45.8,0,0
1626089035,45.8,45.8,45.8,45.8,45.8,0,0
1626089040,45.8,45.8,45.8,45.8,45.8,0,0
1626089045,45.8,45.8,45.8,45.8,45.8,0,0
1626089050,45.8,45.8,45.8,45.8,45.8,0,0
1626089055,45.8,45.8,45.8,45.8,45.8,0,0
1626089060,45.8,45.8,45.8,45.8,45.8,0,0
1626089065,45.8,45.8,45.8,45.8,45.8,0,0
1626089070,45.8,45.8,45.8,45.8,45.8,0,0
1626089075,45.8,45.8,45.8,45.8,45.8,0,0
1626089080,45.8,45.8,45.8,45.8,45.8,0,0
1626089085,45.8,45.8,45.8,45.8,45.8,0,0
1626089090,45.8,45.8,45.8,45.8,45.8,0,0
1626089095,45.8,45.8,45.8,45.8,45.8,0,0
1626089100,45.8,45.8,45.8,45.8,45.8,0,0
1626089105,45.8,45.8,45.8,45.8,45.8,0,0
1626089110,45.8,45.8,45.8,45.8,45.8,0,0
1626089115,45.8,45.8,45.8,45.8,45.8,0,0
1626089120,45.8,45.8,45.8,45.8,45.8,0,0
1626089125,45.8,45.8,45.8,45.8,45.8,0,0
1626089130,45.8,45.8,45.8,45.8,45.8,0,0
1626089135,45.8,45.8,45.8,45.8,45.8,0,0
1626089140,45.83,45.84,45.83,45.84,45.83501,11,10
1626089145,45.85,45.85,45.85,45.85,45.85,20,3
1626089150,45.89,45.9,45.89,45.9,45.89891,18,5
1626089155,45.9,45.9,45.9,45.9,45.9,35,3
1626089160,45.9,45.9,45.9,45.9,45.9,0,0
1626089165,45.9,45.9,45.9,45.9,45.9,0,0
1626089170,45.9,45.9,45.9,45.9,45.9,0,0
1626089175,45.93,45.93,45.93,45.93,45.93,1,1
1626089180,45.93,45.93,45.93,45.93,45.93,0,0
1626089185,45.94,45.96,45.94,45.94,45.94658,3,3
1626089190,45.96,45.96,45.82,45.82,45.875,14,10
1626089195,45.82,45.82,45.82,45.82,45.82,0,0
1626089200,45.82,45.82,45.82,45.82,45.82,0,0
1626089205,45.82,45.82,45.82,45.82,45.82,0,0
1626089210,45.82,45.82,45.82,45.82,45.82,0,0
1626089215,45.82,45.82,45.82,45.82,45.82,0,0
1626089220,45.82,45.82,45.82,45.82,45.82,0,0
1626089225,45.82,45.82,45.82,45.82,45.82,0,0
1626089230,45.82,45.82,45.82,45.82,45.82,0,0
1626089235,45.82,45.82,45.82,45.82,45.82,0,0
1626089240,45.94,45.94,45.94,45.94,45.94,2,1
1626089245,45.94,45.94,45.94,45.94,45.94,0,0
1626089250,45.94,45.94,45.94,45.94,45.94,0,0
1626089255,45.94,45.94,45.94,45.94,45.94,0,0
1626089260,45.94,45.94,45.94,45.94,45.94,0,0
1626089265,45.94,45.94,45.94,45.94,45.94,0,0
1626089270,45.94,45.94,45.94,45.94,45.94,0,0
1626089275,45.94,45.94,45.94,45.94,45.94,0,0
1626089280,45.94,45.94,45.94,45.94,45.94,0,0
1626089285,45.94,45.94,45.94,45.94,45.94,0,0
1626089290,45.94,45.94,45.94,45.94,45.94,0,0
1626089295,45.94,45.94,45.94,45.94,45.94,0,0
1626089300,45.94,45.94,45.94,45.94,45.94,0,0
1626089305,45.94,45.94,45.94,45.94,45.94,0,0
1626089310,45.9,45.9,45.9,45.9,45.9,5,1
1626089315,45.9,45.9,45.9,45.9,45.9,0,0
1626089320,45.9,45.9,45.9,45.9,45.9,0,0
1626089325,45.9,45.9,45.9,45.9,45.9,0,0
1626089330,45.9,45.9,45.9,45.9,45.9,0,0
1626089335,45.9,45.9,45.9,45.9,45.9,0,0
1626089340,45.9,45.9,45.9,45.9,45.9,0,0
1626089345,45.9,45.9,45.9,45.9,45.9,0,0
1626089350,45.9,45.9,45.9,45.9,45.9,0,0
1626089355,45.9,45.9,45.9,45.9,45.9,0,0
1626089360,45.9,45.9,45.9,45.9,45.9,0,0
1626089365,45.9,45.9,45.9,45.9,45.9,0,0
1626089370,45.9,45.9,45.9,45.9,45.9,0,0
1626089375,45.9,45.9,45.9,45.9,45.9,0,0
1626089380,45.9,45.9,45.9,45.9,45.9,0,0
1626089385,45.9,45.9,45.9,45.9,45.9,0,0
1626089390,45.9,45.9,45.9,45.9,45.9,0,0
1626089395,45.9,45.9,45.9,45.9,45.9,0,0
1626089400,45.9,45.9,45.9,45.9,45.9,0,0
1626089405,45.9,45.9,45.9,45.9,45.9,0,0
1626089410,45.9,45.9,45.9,45.9,45.9,0,0
1626089415,45.87,45.87,45.87,45.87,45.87,5,1
1626089420,45.87,45.87,45.87,45.87,45.87,0,0
1626089425,45.87,45.87,45.87,45.87,45.87,0,0
1626089430,45.87,45.87,45.87,45.87,45.87,0,0
1626089435,45.87,45.87,45.87,45.87,45.87,1,1
1626089440,45.87,45.87,45.87,45.87,45.87,0,0
1626089445,45.87,45.87,45.87,45.87,45.87,0,0
1626089450,45.87,45.87,45.87,45.87,45.87,0,0
1626089455,45.87,45.87,45.87,45.87,45.87,0,0
1626089460,45.87,45.87,45.87,45.87,45.87,0,0
1626089465,45.87,45.87,45.87,45.87,45.87,0,0
1626089470,45.87,45.87,45.87,45.87,45.87,0,0
1626089475,45.87,45.87,45.87,45.87,45.87,0,0
1626089480,45.87,45.87,45.87,45.87,45.87,0,0
1626089485,45.87,45.87,45.87,45.87,45.87,0,0
1626089490,45.87,45.87,45.87,45.87,45.87,0,0
1626089495,45.87,45.87,45.87,45.87,45.87,0,0
1626089500,45.87,45.87,45.87,45.87,45.87,0,0
1626089505,45.87,45.87,45.87,45.87,45.87,0,0
1626089510,45.87,45.87,45.87,45.87,45.87,0,0
1626089515,45.87,45.87,45.87,45.87,45.87,0,0
1626089520,45.87,45.87,45.87,45.87,45.87,0,0
1626089525,45.87,45.87,45.87,45.87,45.87,0,0
1626089530,45.87,45.87,45.87,45.87,45.87,0,0
1626089535,45.87,45.87,45.87,45.87,45.87,0,0
1626089540,45.88,45.88,45.88,45.88,45.88,11,2
1626089545,45.88,45.88,45.88,45.88,45.88,0,0
1626089550,45.93,45.93,45.92,45.925,45.92688,8,8
1626089555,45.93,45.93,45.93,45.93,45.93,1,1
1626089560,45.93,45.93,45.93,45.93,45.93,0,0
1626089565,45.93,45.93,45.93,45.93,45.93,0,0
1626089570,45.93,45.93,45.93,45.93,45.93,0,0
1626089575,45.93,45.93,45.93,45.93,45.93,0,0
1626089580,45.93,45.93,45.93,45.93,45.93,0,0
1626089585,45.93,45.93,45.93,45.93,45.93,0,0
1626089590,45.93,45.93,45.93,45.93,45.93,0,0
1626089595,45.93,45.93,45.93,45.93,45.93,0,0
1626089600,45.93,45.93,45.93,45.93,45.93,0,0
1626089605,45.93,45.93,45.93,45.93,45.93,1,1
1626089610,45.93,45.93,45.93,45.93,45.93,0,0
1626089615,45.93,45.93,45.93,45.93,45.93,1,1
1626089620,45.93,45.93,45.93,45.93,45.93,0,0
1626089625,45.93,45.93,45.93,45.93,45.93,0,0
1626089630,45.93,45.93,45.93,45.93,45.93,0,0
1626089635,45.93,45.93,45.93,45.93,45.93,0,0
1626089640,45.93,45.93,45.93,45.93,45.93,0,0
1626089645,45.93,45.93,45.93,45.93,45.93,0,0
1626089650,45.93,45.93,45.93,45.93,45.93,0,0
1626089655,45.93,45.93,45.93,45.93,45.93,0,0
1626089660,45.93,45.93,45.93,45.93,45.93,0,0
1626089665,45.93,45.93,45.93,45.93,45.93,0,0
1626089670,45.94,45.94,45.94,45.94,45.94,3,3
1626089675,45.94,45.94,45.94,45.94,45.94,0,0
1626089680,45.94,45.94,45.94,45.94,45.94,0,0
1626089685,45.94,45.94,45.94,45.94,45.94,0,0
1626089690,45.94,45.94,45.94,45.94,45.94,0,0
1626089695,46.0,46.0,46.0,46.0,46.0,21,3
1626089700,46.0,46.0,46.0,46.0,46.0,6,3
1626089705,46.0,46.0,46.0,46.0,46.0,0,0
1626089710,46.0,46.0,46.0,46.0,46.0,0,0
1626089715,46.0,46.0,46.0,46.0,46.0,0,0
1626089720,46.0,46.0,46.0,46.0,46.0,0,0
1626089725,46.0,46.0,46.0,46.0,46.0,0,0
1626089730,45.96,45.96,45.96,45.96,45.96,1,1
1626089735,45.94,45.94,45.94,45.94,45.94,1,1
1626089740,45.94,45.94,45.94,45.94,45.94,0,0
1626089745,45.94,45.94,45.94,45.94,45.94,0,0
1626089750,45.94,45.94,45.94,45.94,45.94,0,0
1626089755,45.94,45.94,45.94,45.94,45.94,0,0
1626089760,45.94,45.94,45.94,45.94,45.94,0,0
1626089765,45.94,45.94,45.94,45.94,45.94,0,0
1626089770,45.94,45.94,45.94,45.94,45.94,0,0
1626089775,45.94,45.94,45.94,45.94,45.94,0,0
1626089780,45.94,45.94,45.94,45.94,45.94,0,0
1626089785,45.94,45.94,45.94,45.94,45.94,0,0
1626089790,45.99,45.99,45.99,45.99,45.99,2,2
1626089795,46.0,46.0,46.0,46.0,46.0,1,1
1626089800,46.0,46.0,46.0,46.0,46.0,0,0
1626089805,46.0,46.0,46.0,46.0,46.0,9,3
1626089810,46.0,46.0,46.0,46.0,46.0,0,0
1626089815,46.0,46.0,46.0,46.0,46.0,0,0
1626089820,46.0,46.0,46.0,46.0,46.0,0,0
1626089825,46.0,46.0,46.0,46.0,46.0,0,0
1626089830,46.0,46.0,46.0,46.0,46.0,0,0
1626089835,46.0,46.0,46.0,46.0,46.0,0,0
1626089840,46.0,46.0,46.0,46.0,46.0,0,0
1626089845,46.0,46.0,46.0,46.0,46.0,0,0
1626089850,46.0,46.0,46.0,46.0,46.0,0,0
1626089855,46.0,46.0,46.0,46.0,46.0,0,0
1626089860,46.0,46.0,46.0,46.0,46.0,0,0
1626089865,46.0,46.0,46.0,46.0,46.0,0,0
1626089870,46.0,46.0,46.0,46.0,46.0,0,0
1626089875,46.0,46.0,46.0,46.0,46.0,0,0
1626089880,46.0,46.0,46.0,46.0,46.0,0,0
1626089885,46.0,46.0,46.0,46.0,46.0,0,0
1626089890,46.0,46.0,46.0,46.0,46.0,0,0
1626089895,46.0,46.0,46.0,46.0,46.0,0,0
1626089900,46.0,46.0,46.0,46.0,46.0,0,0
1626089905,46.0,46.0,46.0,46.0,46.0,0,0
1626089910,46.0,46.0,46.0,46.0,46.0,0,0
1626089915,46.0,46.0,46.0,46.0,46.0,0,0
1626089920,46.0,46.0,46.0,46.0,46.0,0,0
1626089925,46.0,46.0,46.0,46.0,46.0,0,0
1626089930,46.0,46.0,46.0,46.0,46.0,0,0
1626089935,46.0,46.0,46.0,46.0,46.0,0,0
1626089940,46.0,46.0,46.0,46.0,46.0,0,0
1626089945,46.0,46.0,46.0,46.0,46.0,0,0
1626089950,46.0,46.0,46.0,46.0,46.0,0,0
1626089955,46.0,46.0,46.0,46.0,46.0,0,0
1626089960,46.0,46.0,46.0,46.0,46.0,0,0
1626089965,46.0,46.0,46.0,46.0,46.0,0,0
1626089970,45.98,45.98,45.98,45.98,45.98,5,1
1626089975,45.98,45.98,45.98,45.98,45.98,0,0
1626089980,45.98,45.98,45.98,45.98,45.98,0,0
1626089985,45.98,45.98,45.98,45.98,45.98,0,0
1626089990,45.98,45.98,45.98,45.98,45.98,0,0
1626089995,45.98,45.98,45.98,45.98,45.98,0,0
1626090000,45.98,45.98,45.98,45.98,45.98,0,0
1626090005,45.98,45.98,45.98,45.98,45.98,0,0
1626090010,45.98,45.98,45.98,45.98,45.98,0,0
1626090015,45.98,45.98,45.98,45.98,45.98,0,0
1626090020,45.98,45.98,45.98,45.98,45.98,0,0
1626090025,45.98,45.98,45.98,45.98,45.98,0,0
1626090030,45.98,45.98,45.98,45.98,45.98,0,0
1626090035,45.98,45.98,45.98,45.98,45.98,0,0
1626090040,45.98,45.98,45.98,45.98,45.98,0,0
1626090045,45.98,45.98,45.98,45.98,45.98,0,0
1626090050,45.98,45.98,45.98,45.98,45.98,0,0
1626090055,45.98,45.98,45.98,45.98,45.98,0,0
1626090060,45.98,45.98,45.98,45.98,45.98,0,0
1626090065,46.0,46.0,46.0,46.0,46.0,1,1
1626090070,46.0,46.0,46.0,46.0,46.0,0,0
1626090075,46.0,46.0,46.0,46.0,46.0,0,0
1626090080,46.0,46.0,46.0,46.0,46.0,0,0
1626090085,46.0,46.0,46.0,46.0,46.0,0,0
1626090090,46.0,46.0,46.0,46.0,46.0,0,0
1626090095,46.0,46.0,46.0,46.0,46.0,0,0
1626090100,46.0,46.0,46.0,46.0,46.0,0,0
1626090105,45.97,45.97,45.97,45.97,45.97,1,1
1626090110,45.97,45.97,45.97,45.97,45.97,0,0
1626090115,45.97,45.97,45.97,45.97,45.97,0,0
1626090120,45.97,45.97,45.97,45.97,45.97,0,0
1626090125,45.97,45.97,45.97,45.97,45.97,0,0
1626090130,45.97,45.97,45.97,45.97,45.97,0,0
1626090135,45.97,45.97,45.97,45.97,45.97,0,0
1626090140,45.97,45.97,45.97,45.97,45.97,0,0
1626090145,45.97,45.97,45.97,45.97,45.97,0,0
1626090150,45.97,45.97,45.97,45.97,45.97,0,0
1626090155,45.97,45.97,45.97,45.97,45.97,0,0
1626090160,45.97,45.97,45.97,45.97,45.97,0,0
1626090165,45.97,45.97,45.97,45.97,45.97,0,0
1626090170,45.97,45.97,45.97,45.97,45.97,0,0
1626090175,45.97,45.97,45.97,45.97,45.97,0,0
1626090180,45.97,45.97,45.97,45.97,45.97,0,0
1626090185,45.97,45.97,45.97,45.97,45.97,0,0
1626090190,45.97,45.97,45.97,45.97,45.97,0,0
1626090195,45.97,45.97,45.97,45.97,45.97,0,0
1626090200,45.97,45.97,45.97,45.97,45.97,0,0
1626090205,45.97,45.97,45.97,45.97,45.97,0,0
1626090210,45.97,45.97,45.97,45.97,45.97,0,0
1626090215,45.97,45.97,45.97,45.97,45.97,0,0
1626090220,45.97,45.97,45.97,45.97,45.97,0,0
1626090225,45.97,45.97,45.97,45.97,45.97,0,0
1626090230,45.97,45.97,45.97,45.97,45.97,0,0
1626090235,45.97,45.97,45.97,45.97,45.97,0,0
1626090240,45.97,45.97,45.97,45.97,45.97,0,0
1626090245,45.97,45.97,45.97,45.97,45.97,0,0
1626090250,45.97,45.97,45.97,45.97,45.97,0,0
1626090255,45.97,45.97,45.97,45.97,45.97,0,0
1626090260,45.97,45.97,45.97,45.97,45.97,0,0
1626090265,45.97,45.97,45.97,45.97,45.97,0,0
1626090270,45.97,45.97,45.97,45.97,45.97,0,0
1626090275,45.97,45.97,45.97,45.97,45.97,0,0
1626090280,45.97,45.97,45.97,45.97,45.97,0,0
1626090285,45.97,45.97,45.97,45.97,45.97,0,0
1626090290,45.97,45.97,45.97,45.97,45.97,0,0
1626090295,45.97,45.97,45.97,45.97,45.97,0,0
1626090300,45.97,45.97,45.97,45.97,45.97,0,0
1626090305,45.97,45.97,45.97,45.97,45.97,0,0
1626090310,45.97,45.97,45.97,45.97,45.97,0,0
1626090315,45.97,45.97,45.97,45.97,45.97,0,0
1626090320,45.97,45.97,45.97,45.97,45.97,0,0
1626090325,45.97,45.97,45.97,45.97,45.97,0,0
1626090330,45.97,45.97,45.97,45.97,45.97,0,0
1626090335,45.97,45.97,45.97,45.97,45.97,0,0
1626090340,45.97,45.97,45.97,45.97,45.97,0,0
1626090345,45.97,45.97,45.97,45.97,45.97,0,0
1626090350,45.97,45.97,45.97,45.97,45.97,0,0
1626090355,45.97,45.97,45.97,45.97,45.97,0,0
1626090360,45.97,45.97,45.97,45.97,45.97,0,0
1626090365,45.97,45.97,45.97,45.97,45.97,0,0
1626090370,45.97,45.97,45.97,45.97,45.97,0,0
1626090375,45.95,45.95,45.95,45.95,45.95,26,7
1626090380,45.95,45.95,45.95,45.95,45.95,0,0
1626090385,45.95,45.95,45.95,45.95,45.95,0,0
1626090390,45.95,45.95,45.95,45.95,45.95,0,0
1626090395,45.95,45.95,45.95,45.95,45.95,0,0
1626090400,45.95,45.95,45.95,45.95,45.95,0,0
1626090405,45.95,45.95,45.95,45.95,45.95,0,0
1626090410,45.95,45.95,45.95,45.95,45.95,0,0
1626090415,45.95,45.95,45.95,45.95,45.95,0,0
1626090420,45.95,45.95,45.95,45.95,45.95,0,0
1626090425,45.95,45.95,45.95,45.95,45.95,0,0
1626090430,45.95,45.95,45.95,45.95,45.95,0,0
1626090435,45.95,45.95,45.95,45.95,45.95,0,0
1626090440,45.95,45.95,45.95,45.95,45.95,0,0
1626090445,45.95,45.95,45.95,45.95,45.95,0,0
1626090450,45.95,45.95,45.95,45.95,45.95,0,0
1626090455,45.95,45.95,45.95,45.95,45.95,0,0
1626090460,45.95,45.95,45.95,45.95,45.95,0,0
1626090465,45.95,45.95,45.95,45.95,45.95,0,0
1626090470,45.95,45.95,45.95,45.95,45.95,0,0
1626090475,45.95,45.95,45.95,45.95,45.95,0,0
1626090480,45.95,45.95,45.95,45.95,45.95,0,0
1626090485,45.95,45.95,45.95,45.95,45.95,0,0
1626090490,45.95,45.95,45.95,45.95,45.95,0,0
1626090495,45.95,45.95,45.95,45.95,45.95,0,0
1626090500,45.95,45.95,45.95,45.95,45.95,0,0
1626090505,45.95,45.95,45.95,45.95,45.95,0,0
1626090510,45.95,45.95,45.95,45.95,45.95,0,0
1626090515,45.95,45.95,45.95,45.95,45.95,0,0
1626090520,45.95,45.95,45.95,45.95,45.95,0,0
1626090525,45.95,45.95,45.95,45.95,45.95,0,0
1626090530,45.95,45.95,45.95,45.95,45.95,0,0
1626090535,45.95,45.95,45.95,45.95,45.95,0,0
1626090540,45.95,45.95,45.95,45.95,45.95,0,0
1626090545,45.95,45.95,45.95,45.95,45.95,0,0
1626090550,45.95,45.95,45.95,45.95,45.95,0,0
1626090555,45.95,45.95,45.95,45.95,45.95,0,0
1626090560,45.92,45.92,45.92,45.92,45.92,1,1
1626090565,45.92,45.92,45.92,45.92,45.92,0,0
1626090570,45.92,45.92,45.92,45.92,45.92,0,0
1626090575,45.92,45.92,45.92,45.92,45.92,0,0
1626090580,45.92,45.92,45.92,45.92,45.92,0,0
1626090585,45.92,45.92,45.92,45.92,45.92,0,0
1626090590,45.92,45.92,45.92,45.92,45.92,0,0
1626090595,45.92,45.92,45.92,45.92,45.92,0,0
1626090600,45.92,45.92,45.92,45.92,45.92,0,0
1626090605,45.92,45.92,45.92,45.92,45.92,0,0
1626090610,45.92,45.92,45.92,45.92,45.92,0,0
1626090615,45.93,45.93,45.93,45.93,45.93,2,2
1626090620,45.93,45.93,45.93,45.93,45.93,0,0
1626090625,45.93,45.93,45.93,45.93,45.93,0,0
1626090630,45.95,45.95,45.95,45.95,45.95,7,2
1626090635,45.95,46.0,45.95,46.0,45.97007,148,14
1626090640,46.01,46.01,46.01,46.01,46.01,26,3
1626090645,46.01,46.01,46.01,46.01,46.01,0,0
1626090650,46.01,46.01,46.01,46.01,46.01,0,0
1626090655,46.01,46.01,46.01,46.01,46.01,0,0
1626090660,46.01,46.01,46.01,46.01,46.01,0,0
1626090665,46.01,46.01,46.01,46.01,46.01,0,0
1626090670,46.01,46.01,46.01,46.01,46.01,0,0
1626090675,46.04,46.04,46.04,46.04,46.04,2,2
1626090680,46.05,46.06,46.05,46.06,46.05381,3,2
1626090685,46.07,46.07,46.07,46.07,46.07,1,1
1626090690,46.07,46.07,46.07,46.07,46.07,0,0
1626090695,46.07,46.07,46.07,46.07,46.07,0,0
1626090700,46.07,46.07,46.07,46.07,46.07,0,0
1626090705,46.07,46.07,46.07,46.07,46.07,0,0
1626090710,46.07,46.07,46.07,46.07,46.07,0,0
1626090715,46.07,46.07,46.07,46.07,46.07,0,0
1626090720,46.07,46.07,46.07,46.07,46.07,0,0
1626090725,46.07,46.07,46.07,46.07,46.07,0,0
1626090730,46.07,46.07,46.07,46.07,46.07,0,0
1626090735,46.07,46.07,46.07,46.07,46.07,0,0
1626090740,46.07,46.07,46.07,46.07,46.07,0,0
1626090745,46.07,46.07,46.07,46.07,46.07,0,0
1626090750,46.07,46.07,46.07,46.07,46.07,0,0
1626090755,46.05,46.05,46.05,46.05,46.05,4,1
1626090760,46.05,46.05,46.05,46.05,46.05,1,1
1626090765,46.05,46.05,46.05,46.05,46.05,0,0
1626090770,46.05,46.05,46.05,46.05,46.05,0,0
1626090775,46.05,46.05,46.05,46.05,46.05,0,0
1626090780,46.08,46.08,46.08,46.08,46.08,1,1
1626090785,46.08,46.08,46.08,46.08,46.08,3,1
1626090790,46.08,46.08,46.08,46.08,46.08,0,0
1626090795,46.08,46.08,46.08,46.08,46.08,0,0
1626090800,46.08,46.08,46.08,46.08,46.08,15,2
1626090805,46.08,46.08,46.08,46.08,46.08,0,0
1626090810,46.08,46.08,46.08,46.08,46.08,0,0
1626090815,46.05,46.05,46.05,46.05,46.05,1,1
1626090820,46.05,46.05,46.05,46.05,46.05,0,0
1626090825,46.08,46.08,46.08,46.08,46.08,1,1
1626090830,46.08,46.08,46.08,46.08,46.08,0,0
1626090835,46.08,46.08,46.08,46.08,46.08,0,0
1626090840,46.06,46.06,46.05,46.05,46.05381,5,4
1626090845,46.05,46.05,46.0,46.0,46.0036,30,3
1626090850,46.0,46.0,46.0,46.0,46.0,0,0
1626090855,46.0,46.0,46.0,46.0,46.0,0,0
1626090860,46.0,46.0,46.0,46.0,46.0,0,0
1626090865,46.0,46.0,46.0,46.0,46.0,0,0
1626090870,46.0,46.0,46.0,46.0,46.0,0,0
1626090875,46.0,46.0,46.0,46.0,46.0,0,0
1626090880,46.01,46.01,46.0,46.0,46.00018,56,5
1626090885,46.02,46.02,46.02,46.02,46.02,1,1
1626090890,46.02,46.02,46.02,46.02,46.02,0,0
1626090895,46.02,46.02,46.02,46.02,46.02,0,0
1626090900,46.02,46.02,46.02,46.02,46.02,0,0
1626090905,46.02,46.02,46.02,46.02,46.02,0,0
1626090910,46.02,46.02,46.02,46.02,46.02,0,0
1626090915,46.02,46.02,46.02,46.02,46.02,0,0
1626090920,46.02,46.02,46.02,46.02,46.02,0,0
1626090925,46.02,46.02,46.02,46.02,46.02,0,0
1626090930,46.02,46.02,46.02,46.02,46.02,0,0
1626090935,46.02,46.02,46.02,46.02,46.02,0,0
1626090940,46.02,46.02,46.02,46.02,46.02,0,0
1626090945,46.02,46.02,46.02,46.02,46.02,0,0
1626090950,46.02,46.02,46.02,46.02,46.02,0,0
1626090955,46.02,46.02,46.02,46.02,46.02,0,0
1626090960,46.02,46.02,46.02,46.02,46.02,0,0
1626090965,46.02,46.02,46.02,46.02,46.02,0,0
1626090970,46.02,46.02,46.02,46.02,46.02,0,0
1626090975,46.02,46.02,46.02,46.02,46.02,0,0
1626090980,46.02,46.02,46.02,46.02,46.02,0,0
1626090985,46.02,46.02,46.02,46.02,46.02,0,0
1626090990,46.02,46.02,46.02,46.02,46.02,0,0
1626090995,46.02,46.02,46.02,46.02,46.02,0,0
1626091000,46.0,46.0,46.0,46.0,46.0,1,1
1626091005,46.0,46.0,46.0,46.0,46.0,0,0
1626091010,46.0,46.0,46.0,46.0,46.0,0,0
1626091015,46.0,46.0,46.0,46.0,46.0,0,0
1626091020,46.0,46.0,46.0,46.0,46.0,0,0
1626091025,46.0,46.0,46.0,46.0,46.0,0,0
1626091030,46.0,46.0,46.0,46.0,46.0,0,0
1626091035,46.0,46.0,46.0,46.0,46.0,0,0
1626091040,46.0,46.0,46.0,46.0,46.0,0,0
1626091045,46.0,46.0,46.0,46.0,46.0,0,0
1626091050,46.0,46.0,46.0,46.0,46.0,0,0
1626091055,46.0,46.0,46.0,46.0,46.0,0,0
1626091060,46.0,46.0,46.0,46.0,46.0,0,0
1626091065,46.0,46.0,46.0,46.0,46.0,0,0
1626091070,46.0,46.0,46.0,46.0,46.0,0,0
1626091075,46.0,46.0,46.0,46.0,46.0,0,0
1626091080,46.0,46.0,46.0,46.0,46.0,0,0
1626091085,45.96,45.96,45.96,45.96,45.96,2,2
1626091090,45.96,45.96,45.96,45.96,45.96,0,0
1626091095,45.96,45.96,45.96,45.96,45.96,0,0
1626091100,45.96,45.96,45.96,45.96,45.96,0,0
1626091105,45.96,45.96,45.96,45.96,45.96,0,0
1626091110,45.96,45.96,45.96,45.96,45.96,0,0
1626091115,45.96,45.96,45.96,45.96,45.96,0,0
1626091120,45.96,45.96,45.96,45.96,45.96,0,0
1626091125,45.96,45.96,45.96,45.96,45.96,0,0
1626091130,45.96,45.96,45.96,45.96,45.96,0,0
1626091135,45.96,45.96,45.96,45.96,45.96,0,0
1626091140,45.96,45.96,45.96,45.96,45.96,0,0
1626091145,45.96,45.96,45.96,45.96,45.96,0,0
1626091150,45.96,45.96,45.96,45.96,45.96,0,0
1626091155,45.96,45.96,45.96,45.96,45.96,0,0
1626091160,45.96,45.96,45.96,45.96,45.96,0,0
1626091165,45.96,45.96,45.96,45.96,45.96,0,0
1626091170,45.96,45.96,45.96,45.96,45.96,0,0
1626091175,45.96,45.96,45.96,45.96,45.96,0,0
1626091180,45.96,45.96,45.96,45.96,45.96,0,0
1626091185,45.96,45.96,45.96,45.96,45.96,0,0
1626091190,45.96,45.96,45.96,45.96,45.96,0,0
1626091195,45.96,45.96,45.96,45.96,45.96,0,0
1626091200,45.92,46.0921,45.8,46.0,45.91105,774,127
1626091205,45.9882,46.04,45.9,45.98,45.96621,12,6
1626091210,45.98,45.98,45.98,45.98,45.98,0,0
1626091215,45.98,45.98,45.98,45.98,45.98,0,0
1626091220,45.98,45.98,45.98,45.98,45.98,0,0
1626091225,45.98,45.98,45.98,45.98,45.98,0,0
1626091230,45.98,45.98,45.98,45.98,45.98,0,0
1626091235,45.9001,45.9001,45.9,45.9,45.90005,28,4
1626091240,45.9,45.9,45.9,45.9,45.9,0,0
1626091245,45.92,45.92,45.92,45.92,45.92,1,1
1626091250,45.92,45.92,45.92,45.92,45.92,0,0
1626091255,45.92,45.92,45.92,45.92,45.92,0,0
1626091260,45.92,45.92,45.92,45.92,45.92,0,0
1626091265,45.9,45.9,45.9,45.9,45.9,15,2
1626091270,45.9,45.9,45.9,45.9,45.9,0,0
1626091275,45.9,45.9,45.9,45.9,45.9,0,0
1626091280,45.9,45.9,45.9,45.9,45.9,0,0
1626091285,45.9,45.9,45.88,45.88,45.88689,2,2
1626091290,45.89,45.89,45.89,45.89,45.89,3,3
1626091295,45.8899,45.89,45.8899,45.89,45.88998,6,6
1626091300,45.89,45.89,45.89,45.89,45.89,0,0
1626091305,45.89,45.89,45.89,45.89,45.89,0,0
1626091310,45.89,45.89,45.89,45.89,45.89,0,0
1626091315,45.88,45.88,45.87,45.88,45.87762,29,5
1626091320,45.88,45.88,45.88,45.88,45.88,11,2
1626091325,45.88,45.88,45.88,45.88,45.88,0,0
1626091330,45.88,45.88,45.88,45.88,45.88,0,0
1626091335,45.88,45.88,45.88,45.88,45.88,0,0
1626091340,45.88,45.88,45.88,45.88,45.88,0,0
1626091345,45.88,45.88,45.88,45.88,45.88,10,1
1626091350,45.88,45.88,45.88,45.88,45.88,23,2
1626091355,45.9,45.9,45.9,45.9,45.9,1,1
1626091360,45.88,45.88,45.88,45.88,45.88,1,1
1626091365,45.88,45.88,45.88,45.88,45.88,0,0
1626091370,45.88,45.88,45.88,45.88,45.88,0,0
1626091375,45.88,45.88,45.88,45.88,45.88,0,0
1626091380,45.9,45.9,45.9,45.9,45.9,2,2
1626091385,45.9,45.9,45.9,45.9,45.9,0,0
1626091390,45.9,45.9,45.9,45.9,45.9,0,0
1626091395,45.9,45.9,45.9,45.9,45.9,0,0
1626091400,45.9,45.9,45.9,45.9,45.9,0,0
1626091405,45.9,45.9,45.9,45.9,45.9,0,0
1626091410,45.89,45.89,45.89,45.89,45.89,1,1
1626091415,45.89,45.89,45.89,45.89,45.89,0,0
1626091420,45.88,45.88,45.88,45.88,45.88,3,1
1626091425,45.88,45.88,45.88,45.88,45.88,0,0
1626091430,45.88,45.88,45.88,45.88,45.88,0,0
1626091435,45.88,45.88,45.88,45.88,45.88,0,0
1626091440,45.89,45.89,45.89,45.89,45.89,1,1
1626091445,45.89,45.89,45.89,45.89,45.89,0,0
1626091450,45.89,45.89,45.89,45.89,45.89,0,0
1626091455,45.89,45.89,45.89,45.89,45.89,0,0
1626091460,45.88,45.88,45.87,45.87,45.87511,58,7
1626091465,45.86,45.87,45.85,45.85,45.86278,9,6
1626091470,45.85,45.85,45.85,45.85,45.85,0,0
1626091475,45.85,45.85,45.85,45.85,45.85,0,0
1626091480,45.85,45.85,45.85,45.85,45.85,0,0
1626091485,45.85,45.85,45.85,45.85,45.85,3,1
1626091490,45.85,45.85,45.85,45.85,45.85,0,0
1626091495,45.85,45.85,45.85,45.85,45.85,0,0
1626091500,45.85,45.85,45.85,45.85,45.85,0,0
1626091505,45.85,45.85,45.85,45.85,45.85,1,1
1626091510,45.85,45.85,45.85,45.85,45.85,0,0
1626091515,45.85,45.85,45.85,45.85,45.85,0,0
1626091520,45.85,45.85,45.85,45.85,45.85,0,0
1626091525,45.85,45.85,45.85,45.85,45.85,0,0
1626091530,45.85,45.85,45.85,45.85,45.85,0,0
1626091535,45.85,45.85,45.85,45.85,45.85,0,0
1626091540,45.85,45.85,45.85,45.85,45.85,0,0
1626091545,45.85,45.85,45.85,45.85,45.85,0,0
1626091550,45.8499,45.85,45.8499,45.85,45.84995,2,2
1626091555,45.84,45.84,45.84,45.84,45.84,1,1
1626091560,45.84,45.84,45.84,45.84,45.84,5,2
1626091565,45.84,45.84,45.84,45.84,45.84,0,0
1626091570,45.84,45.84,45.84,45.84,45.84,0,0
1626091575,45.83,45.83,45.83,45.83,45.83,1,1
1626091580,45.83,45.83,45.83,45.83,45.83,0,0
1626091585,45.83,45.83,45.83,45.83,45.83,0,0
1626091590,45.84,45.84,45.84,45.84,45.84,1,1
1626091595,45.84,45.84,45.84,45.84,45.84,0,0
1626091600,45.84,45.84,45.84,45.84,45.84,0,0
1626091605,45.84,45.84,45.84,45.84,45.84,0,0
1626091610,45.84,45.84,45.84,45.84,45.84,4,4
1626091615,45.83,45.83,45.83,45.83,45.83,1,1
1626091620,45.83,45.83,45.83,45.83,45.83,0,0
1626091625,45.83,45.83,45.83,45.83,45.83,0,0
1626091630,45.83,45.83,45.83,45.83,45.83,0,0
1626091635,45.83,45.83,45.83,45.83,45.83,0,0
1626091640,45.83,45.83,45.83,45.83,45.83,2,2
1626091645,45.83,45.83,45.82,45.82,45.82667,3,2
1626091650,45.8,45.81,45.8,45.81,45.80211,4,2
1626091655,45.81,45.81,45.81,45.81,45.81,0,0
1626091660,45.81,45.81,45.81,45.81,45.81,1,1
1626091665,45.82,45.82,45.82,45.82,45.82,2,2
1626091670,45.82,45.82,45.81,45.81,45.8125,4,2
1626091675,45.82,45.82,45.82,45.82,45.82,7,4
1626091680,45.82,45.82,45.82,45.82,45.82,1,1
1626091685,45.82,45.82,45.82,45.82,45.82,0,0
1626091690,45.82,45.82,45.82,45.82,45.82,19,3
1626091695,45.82,45.82,45.8,45.8,45.80759,34,11
1626091700,45.8,45.8,45.78,45.78,45.79889,54,9
1626091705,45.76,45.77,45.76,45.77,45.76118,17,3
1626091710,45.8,45.8,45.8,45.8,45.8,2,1
1626091715,45.8,45.8,45.8,45.8,45.8,0,0
1626091720,45.75,45.75,45.75,45.75,45.75,2,1
1626091725,45.75,45.77,45.75,45.77,45.758,2,2
1626091730,45.77,45.77,45.77,45.77,45.77,0,0
1626091735,45.77,45.77,45.77,45.77,45.77,0,0
1626091740,45.77,45.77,45.77,45.77,45.77,0,0
1626091745,45.77,45.77,45.77,45.77,45.77,0,0
1626091750,45.76,45.76,45.75,45.75,45.75038,26,4
1626091755,45.74,45.74,45.74,45.74,45.74,1,1
1626091760,45.74,45.74,45.74,45.74,45.74,0,0
1626091765,45.72,45.72,45.69,45.69,45.702,10,6
1626091770,45.69,45.69,45.69,45.69,45.69,9,2
1626091775,45.7,45.7,45.69,45.7,45.69546,6,6
1626091780,45.7,45.7,45.7,45.7,45.7,0,0
1626091785,45.69,45.69,45.69,45.69,45.69,9,1
1626091790,45.68,45.68,45.68,45.68,45.68,5,1
1626091795,45.68,45.68,45.68,45.68,45.68,0,0
1626091800,45.68,45.68,45.68,45.68,45.68,0,0
1626091805,45.68,45.68,45.68,45.68,45.68,0,0
1626091810,45.67,45.67,45.67,45.67,45.67,5,1
1626091815,45.7,45.7,45.7,45.7,45.7,9,6
1626091820,45.71,45.72,45.71,45.72,45.71875,8,3
1626091825,45.72,45.72,45.72,45.72,45.72,0,0
1626091830,45.77,45.77,45.77,45.77,45.77,1,1
1626091835,45.77,45.77,45.77,45.77,45.77,0,0
1626091840,45.77,45.77,45.77,45.77,45.77,0,0
1626091845,45.77,45.77,45.77,45.77,45.77,0,0
1626091850,45.74,45.74,45.74,45.74,45.74,1,1
1626091855,45.74,45.74,45.74,45.74,45.74,0,0
1626091860,45.74,45.74,45.74,45.74,45.74,0,0
1626091865,45.74,45.74,45.74,45.74,45.74,0,0
1626091870,45.74,45.74,45.74,45.74,45.74,0,0
1626091875,45.74,45.74,45.74,45.74,45.74,0,0
1626091880,45.74,45.74,45.74,45.74,45.74,0,0
1626091885,45.74,45.74,45.74,45.74,45.74,0,0
1626091890,45.74,45.74,45.74,45.74,45.74,0,0
1626091895,45.74,45.74,45.74,45.74,45.74,1,1
1626091900,45.74,45.74,45.74,45.74,45.74,0,0
1626091905,45.74,45.74,45.74,45.74,45.74,1,1
1626091910,45.74,45.74,45.74,45.74,45.74,0,0
1626091915,45.73,45.73,45.73,45.73,45.73,20,1
1626091920,45.73,45.73,45.73,45.73,45.73,0,0
1626091925,45.72,45.72,45.72,45.72,45.72,2,2
1626091930,45.72,45.72,45.72,45.72,45.72,0,0
1626091935,45.74,45.74,45.74,45.74,45.74,5,1
1626091940,45.74,45.74,45.74,45.74,45.74,0,0
1626091945,45.74,45.74,45.74,45.74,45.74,0,0
1626091950,45.74,45.74,45.74,45.74,45.74,0,0
1626091955,45.74,45.74,45.74,45.74,45.74,0,0
1626091960,45.74,45.74,45.74,45.74,45.74,0,0
1626091965,45.74,45.74,45.74,45.74,45.74,0,0
1626091970,45.74,45.74,45.74,45.74,45.74,0,0
1626091975,45.74,45.74,45.74,45.74,45.74,0,0
1626091980,45.74,45.74,45.74,45.74,45.74,0,0
1626091985,45.74,45.74,45.74,45.74,45.74,0,0
1626091990,45.74,45.74,45.74,45.74,45.74,0,0
1626091995,45.74,45.74,45.74,45.74,45.74,0,0
1626092000,45.73,45.73,45.72,45.72,45.72167,6,5
1626092005,45.71,45.71,45.7,45.7,45.70556,4,4
1626092010,45.7,45.7,45.7,45.7,45.7,0,0
1626092015,45.7,45.7,45.7,45.7,45.7,1,1
1626092020,45.7,45.7,45.7,45.7,45.7,0,0
1626092025,45.7,45.7,45.7,45.7,45.7,0,0
1626092030,45.72,45.72,45.72,45.72,45.72,2,1
1626092035,45.72,45.72,45.72,45.72,45.72,0,0
1626092040,45.72,45.72,45.72,45.72,45.72,0,0
1626092045,45.72,45.72,45.72,45.72,45.72,0,0
1626092050,45.71,45.71,45.71,45.71,45.71,3,2
1626092055,45.71,45.71,45.71,45.71,45.71,0,0
1626092060,45.71,45.71,45.71,45.71,45.71,1,1
1626092065,45.72,45.72,45.72,45.72,45.72,6,1
1626092070,45.72,45.72,45.72,45.72,45.72,0,0
1626092075,45.72,45.72,45.72,45.72,45.72,5,1
1626092080,45.72,45.72,45.72,45.72,45.72,0,0
1626092085,45.72,45.72,45.72,45.72,45.72,2,1
1626092090,45.72,45.72,45.72,45.72,45.72,0,0
1626092095,45.72,45.72,45.72,45.72,45.72,0,0
1626092100,45.72,45.72,45.72,45.72,45.72,2,1
1626092105,45.72,45.72,45.72,45.72,45.72,0,0
1626092110,45.72,45.72,45.72,45.72,45.72,37,6
1626092115,45.74,45.74,45.74,45.74,45.74,7,1
1626092120,45.74,45.74,45.74,45.74,45.74,0,0
1626092125,45.76,45.76,45.76,45.76,45.76,1,1
1626092130,45.76,45.76,45.76,45.76,45.76,0,0
1626092135,45.76,45.76,45.76,45.76,45.76,0,0
1626092140,45.778,45.778,45.778,45.778,45.778,1,1
1626092145,45.778,45.778,45.778,45.778,45.778,0,0
1626092150,45.778,45.778,45.778,45.778,45.778,0,0
1626092155,45.778,45.778,45.778,45.778,45.778,0,0
1626092160,45.778,45.778,45.778,45.778,45.778,0,0
1626092165,45.77,45.77,45.77,45.77,45.77,2,1
1626092170,45.77,45.77,45.77,45.77,45.77,0,0
1626092175,45.78,45.78,45.78,45.78,45.78,10,1
1626092180,45.78,45.78,45.78,45.78,45.78,0,0
1626092185,45.78,45.78,45.78,45.78,45.78,0,0
1626092190,45.78,45.78,45.78,45.78,45.78,0,0
1626092195,45.77,45.78,45.77,45.78,45.774,2,2
1626092200,45.775,45.775,45.775,45.775,45.775,3,1
1626092205,45.78,45.78,45.78,45.78,45.78,3,1
1626092210,45.78,45.78,45.78,45.78,45.78,1,1
1626092215,45.78,45.78,45.78,45.78,45.78,0,0
1626092220,45.78,45.78,45.78,45.78,45.78,0,0
1626092225,45.78,45.78,45.78,45.78,45.78,1,1
1626092230,45.78,45.78,45.78,45.78,45.78,3,1
1626092235,45.78,45.78,45.78,45.78,45.78,0,0
1626092240,45.78,45.78,45.78,45.78,45.78,0,0
1626092245,45.78,45.78,45.78,45.78,45.78,0,0
1626092250,45.78,45.78,45.78,45.78,45.78,1,1
1626092255,45.75,45.75,45.75,45.75,45.75,1,1
1626092260,45.75,45.75,45.75,45.75,45.75,0,0
1626092265,45.75,45.75,45.75,45.75,45.75,0,0
1626092270,45.75,45.75,45.75,45.75,45.75,0,0
1626092275,45.76,45.76,45.76,45.76,45.76,1,1
1626092280,45.76,45.76,45.76,45.76,45.76,0,0
1626092285,45.76,45.76,45.76,45.76,45.76,1,1
1626092290,45.76,45.76,45.76,45.76,45.76,0,0
1626092295,45.76,45.76,45.76,45.76,45.76,0,0
1626092300,45.76,45.76,45.76,45.76,45.76,0,0
1626092305,45.76,45.76,45.76,45.76,45.76,0,0
1626092310,45.7799,45.7799,45.7799,45.7799,45.7799,10,1
1626092315,45.7799,45.7799,45.7799,45.7799,45.7799,0,0
1626092320,45.77,45.77,45.77,45.77,45.77,1,1
1626092325,45.77,45.77,45.77,45.77,45.77,0,0
1626092330,45.77,45.77,45.77,45.77,45.77,0,0
1626092335,45.77,45.77,45.77,45.77,45.77,0,0
1626092340,45.77,45.77,45.77,45.77,45.77,0,0
1626092345,45.76,45.76,45.76,45.76,45.76,13,2
1626092350,45.76,45.76,45.75,45.75,45.7579,52,6
1626092355,45.74,45.74,45.74,45.74,45.74,1,1
1626092360,45.74,45.74,45.74,45.74,45.74,0,0
1626092365,45.74,45.74,45.74,45.74,45.74,0,0
1626092370,45.73,45.73,45.73,45.73,45.73,10,1
1626092375,45.73,45.73,45.73,45.73,45.73,0,0
1626092380,45.73,45.73,45.73,45.73,45.73,0,0
1626092385,45.73,45.73,45.73,45.73,45.73,0,0
1626092390,45.77,45.77,45.77,45.77,45.77,2,2
1626092395,45.77,45.77,45.77,45.77,45.77,0,0
1626092400,45.77,45.77,45.77,45.77,45.77,4,1
1626092405,45.77,45.77,45.77,45.77,45.77,2,2
1626092410,45.77,45.77,45.77,45.77,45.77,0,0
1626092415,45.77,45.77,45.77,45.77,45.77,0,0
1626092420,45.78,45.78,45.78,45.78,45.78,12,1
1626092425,45.78,45.78,45.78,45.78,45.78,0,0
1626092430,45.78,45.78,45.78,45.78,45.78,0,0
1626092435,45.78,45.78,45.78,45.78,45.78,1,1
1626092440,45.78,45.78,45.78,45.78,45.78,0,0
1626092445,45.78,45.78,45.78,45.78,45.78,0,0
1626092450,45.79,45.79,45.79,45.79,45.79,19,4
1626092455,45.8,45.8,45.8,45.8,45.8,19,4
1626092460,45.8,45.83,45.8,45.83,45.8066,68,7
1626092465,45.83,45.83,45.83,45.83,45.83,0,0
1626092470,45.83,45.83,45.83,45.83,45.83,0,0
1626092475,45.83,45.83,45.83,45.83,45.83,0,0
1626092480,45.83,45.83,45.83,45.83,45.83,0,0
1626092485,45.83,45.83,45.83,45.83,45.83,0,0
1626092490,45.83,45.83,45.83,45.83,45.83,0,0
1626092495,45.83,45.83,45.83,45.83,45.83,0,0
1626092500,45.83,45.83,45.83,45.83,45.83,0,0
1626092505,45.83,45.83,45.83,45.83,45.83,0,0
1626092510,45.83,45.83,45.83,45.83,45.83,0,0
1626092515,45.86,45.86,45.85,45.85,45.855,2,2
1626092520,45.85,45.85,45.85,45.85,45.85,0,0
1626092525,45.85,45.85,45.85,45.85,45.85,0,0
1626092530,45.85,45.85,45.85,45.85,45.85,0,0
1626092535,45.85,45.85,45.85,45.85,45.85,0,0
1626092540,45.81,45.82,45.81,45.82,45.8125,8,7
1626092545,45.82,45.82,45.82,45.82,45.82,0,0
1626092550,45.82,45.82,45.82,45.82,45.82,0,0
1626092555,45.82,45.82,45.82,45.82,45.82,0,0
1626092560,45.82,45.82,45.82,45.82,45.82,0,0
1626092565,45.82,45.82,45.82,45.82,45.82,0,0
1626092570,45.82,45.82,45.82,45.82,45.82,0,0
1626092575,45.81,45.81,45.81,45.81,45.81,1,1
1626092580,45.82,45.82,45.82,45.82,45.82,1,1
1626092585,45.8,45.8,45.8,45.8,45.8,6,6
1626092590,45.8,45.8,45.8,45.8,45.8,0,0
1626092595,45.8,45.8,45.8,45.8,45.8,0,0
1626092600,45.78,45.78,45.75,45.75,45.775,6,2
1626092605,45.75,45.75,45.75,45.75,45.75,0,0
1626092610,45.75,45.75,45.75,45.75,45.75,0,0
1626092615,45.75,45.75,45.75,45.75,45.75,0,0
1626092620,45.75,45.75,45.75,45.75,45.75,1,1
1626092625,45.75,45.75,45.75,45.75,45.75,5,1
1626092630,45.75,45.75,45.75,45.75,45.75,0,0
1626092635,45.75,45.75,45.75,45.75,45.75,0,0
1626092640,45.73,45.73,45.73,45.73,45.73,15,1
1626092645,45.73,45.73,45.73,45.73,45.73,1,1
1626092650,45.7597,45.7597,45.7597,45.7597,45.7597,6,1
1626092655,45.7597,45.7597,45.7597,45.7597,45.7597,0,0
1626092660,45.7597,45.7597,45.7597,45.7597,45.7597,0,0
1626092665,45.7597,45.7597,45.7597,45.7597,45.7597,0,0
1626092670,45.7597,45.7597,45.7597,45.7597,45.7597,0,0
1626092675,45.7597,45.7597,45.7597,45.7597,45.7597,0,0
1626092680,45.7597,45.7597,45.7597,45.7597,45.7597,0,0
1626092685,45.7597,45.7597,45.7597,45.7597,45.7597,0,0
1626092690,45.73,45.73,45.69,45.69,45.7002,3,2
1626092695,45.69,45.69,45.69,45.69,45.69,0,0
1626092700,45.69,45.69,45.69,45.69,45.69,0,0
1626092705,45.69,45.69,45.69,45.69,45.69,0,0
1626092710,45.69,45.69,45.69,45.69,45.69,0,0
1626092715,45.69,45.69,45.69,45.69,45.69,0,0
1626092720,45.71,45.71,45.71,45.71,45.71,2,1
1626092725,45.7105,45.7105,45.7105,45.7105,45.7105,9,1
1626092730,45.7105,45.7105,45.7105,45.7105,45.7105,0,0
1626092735,45.7105,45.7105,45.7105,45.7105,45.7105,0,0
1626092740,45.7105,45.7105,45.7105,45.7105,45.7105,0,0
1626092745,45.7105,45.7105,45.7105,45.7105,45.7105,0,0
1626092750,45.7105,45.7105,45.7105,45.7105,45.7105,0,0
1626092755,45.72,45.72,45.72,45.72,45.72,2,2
1626092760,45.72,45.72,45.72,45.72,45.72,0,0
1626092765,45.72,45.72,45.72,45.72,45.72,0,0
1626092770,45.72,45.72,45.72,45.72,45.72,0,0
1626092775,45.74,45.74,45.74,45.74,45.74,5,1
1626092780,45.74,45.74,45.74,45.74,45.74,3,1
1626092785,45.74,45.74,45.74,45.74,45.74,0,0
1626092790,45.74,45.74,45.74,45.74,45.74,0,0
1626092795,45.74,45.74,45.74,45.74,45.74,0,0
1626092800,45.74,45.74,45.74,45.74,45.74,0,0
1626092805,45.74,45.74,45.74,45.74,45.74,0,0
1626092810,45.74,45.74,45.74,45.74,45.74,0,0
1626092815,45.74,45.74,45.74,45.74,45.74,0,0
1626092820,45.74,45.74,45.74,45.74,45.74,0,0
1626092825,45.74,45.74,45.74,45.74,45.74,0,0
1626092830,45.74,45.74,45.74,45.74,45.74,0,0
1626092835,45.79,45.79,45.79,45.79,45.79,1,1
1626092840,45.79,45.79,45.79,45.79,45.79,0,0
1626092845,45.79,45.79,45.79,45.79,45.79,0,0
1626092850,45.77,45.77,45.77,45.77,45.77,1,1
1626092855,45.77,45.77,45.77,45.77,45.77,0,0
1626092860,45.77,45.77,45.77,45.77,45.77,0,0
1626092865,45.76,45.76,45.76,45.76,45.76,1,1
1626092870,45.76,45.76,45.76,45.76,45.76,0,0
1626092875,45.76,45.76,45.76,45.76,45.76,0,0
1626092880,45.76,45.76,45.76,45.76,45.76,0,0
1626092885,45.76,45.76,45.76,45.76,45.76,0,0
1626092890,45.76,45.76,45.76,45.76,45.76,0,0
1626092895,45.76,45.76,45.76,45.76,45.76,0,0
1626092900,45.76,45.76,45.76,45.76,45.76,0,0
1626092905,45.76,45.76,45.76,45.76,45.76,7,4
1626092910,45.76,45.76,45.76,45.76,45.76,0,0
1626092915,45.77,45.77,45.77,45.77,45.77,2,1
1626092920,45.77,45.77,45.77,45.77,45.77,0,0
1626092925,45.77,45.78,45.77,45.78,45.77047,25,2
1626092930,45.78,45.78,45.78,45.78,45.78,0,0
1626092935,45.78,45.78,45.78,45.78,45.78,0,0
1626092940,45.78,45.78,45.78,45.78,45.78,0,0
1626092945,45.78,45.78,45.78,45.78,45.78,1,1
1626092950,45.78,45.78,45.78,45.78,45.78,0,0
1626092955,45.78,45.78,45.78,45.78,45.78,0,0
1626092960,45.78,45.78,45.78,45.78,45.78,0,0
1626092965,45.78,45.78,45.78,45.78,45.78,0,0
1626092970,45.76,45.77,45.76,45.77,45.76427,2,2
1626092975,45.77,45.77,45.77,45.77,45.77,0,0
1626092980,45.77,45.77,45.77,45.77,45.77,0,0
1626092985,45.76,45.76,45.76,45.76,45.76,9,4
1626092990,45.76,45.76,45.76,45.76,45.76,0,0
1626092995,45.76,45.76,45.76,45.76,45.76,0,0
1626093000,45.76,45.76,45.76,45.76,45.76,0,0
1626093005,45.73,45.73,45.73,45.73,45.73,9,2
1626093010,45.73,45.73,45.73,45.73,45.73,1,1
1626093015,45.73,45.73,45.73,45.73,45.73,0,0
1626093020,45.71,45.71,45.7,45.7,45.70168,5,3
1626093025,45.7,45.7,45.7,45.7,45.7,0,0
1626093030,45.6999,45.6999,45.68,45.68,45.68405,11,10
1626093035,45.68,45.68,45.68,45.68,45.68,10,2
1626093040,45.68,45.68,45.68,45.68,45.68,6,2
1626093045,45.68,45.68,45.68,45.68,45.68,4,3
1626093050,45.68,45.68,45.68,45.68,45.68,0,0
1626093055,45.68,45.68,45.68,45.68,45.68,0,0
1626093060,45.68,45.68,45.68,45.68,45.68,13,1
1626093065,45.68,45.68,45.68,45.68,45.68,15,6
1626093070,45.68,45.68,45.68,45.68,45.68,19,4
1626093075,45.67,45.67,45.66,45.67,45.6648,7,4
1626093080,45.67,45.67,45.67,45.67,45.67,5,1
1626093085,45.67,45.67,45.67,45.67,45.67,0,0
1626093090,45.67,45.67,45.67,45.67,45.67,0,0
1626093095,45.66,45.66,45.66,45.66,45.66,5,5
1626093100,45.66,45.66,45.66,45.66,45.66,0,0
1626093105,45.66,45.66,45.65,45.65,45.65273,10,4
1626093110,45.65,45.65,45.65,45.65,45.65,41,2
1626093115,45.65,45.65,45.65,45.65,45.65,0,0
1626093120,45.65,45.65,45.65,45.65,45.65,0,0
1626093125,45.61,45.61,45.6,45.6,45.60571,7,7
1626093130,45.6,45.6,45.6,45.6,45.6,6,1
1626093135,45.6,45.6,45.6,45.6,45.6,1,1
1626093140,45.6,45.6,45.6,45.6,45.6,0,0
1626093145,45.6,45.6,45.6,45.6,45.6,0,0
1626093150,45.6,45.6,45.6,45.6,45.6,0,0
1626093155,45.6,45.6,45.6,45.6,45.6,0,0
1626093160,45.6,45.6,45.6,45.6,45.6,0,0
1626093165,45.6,45.6,45.6,45.6,45.6,0,0
1626093170,45.65,45.65,45.64,45.64,45.64667,3,3
1626093175,45.64,45.64,45.64,45.64,45.64,0,0
1626093180,45.64,45.64,45.64,45.64,45.64,0,0
1626093185,45.64,45.64,45.64,45.64,45.64,0,0
1626093190,45.64,45.64,45.64,45.64,45.64,0,0
1626093195,45.64,45.64,45.64,45.64,45.64,0,0
1626093200,45.64,45.64,45.64,45.64,45.64,0,0
1626093205,45.64,45.64,45.64,45.64,45.64,0,0
1626093210,45.64,45.64,45.64,45.64,45.64,0,0
1626093215,45.64,45.64,45.64,45.64,45.64,11,2
1626093220,45.63,45.63,45.63,45.63,45.63,1,1
1626093225,45.63,45.63,45.63,45.63,45.63,0,0
1626093230,45.63,45.63,45.63,45.63,45.63,0,0
1626093235,45.63,45.63,45.63,45.63,45.63,0,0
1626093240,45.63,45.63,45.63,45.63,45.63,0,0
1626093245,45.63,45.63,45.63,45.63,45.63,0,0
1626093250,45.63,45.63,45.63,45.63,45.63,0,0
1626093255,45.63,45.63,45.63,45.63,45.63,0,0
1626093260,45.63,45.63,45.63,45.63,45.63,0,0
1626093265,45.63,45.63,45.63,45.63,45.63,5,4
1626093270,45.66,45.66,45.66,45.66,45.66,1,1
1626093275,45.67,45.67,45.67,45.67,45.67,1,1
1626093280,45.67,45.67,45.67,45.67,45.67,0,0
1626093285,45.67,45.67,45.67,45.67,45.67,0,0
1626093290,45.67,45.67,45.67,45.67,45.67,0,0
1626093295,45.67,45.67,45.67,45.67,45.67,0,0
1626093300,45.67,45.67,45.67,45.67,45.67,0,0
1626093305,45.67,45.67,45.67,45.67,45.67,0,0
1626093310,45.67,45.67,45.67,45.67,45.67,0,0
1626093315,45.69,45.69,45.69,45.69,45.69,1,1
1626093320,45.68,45.68,45.68,45.68,45.68,1,1
1626093325,45.68,45.68,45.68,45.68,45.68,0,0
1626093330,45.68,45.68,45.68,45.68,45.68,0,0
1626093335,45.68,45.68,45.68,45.68,45.68,0,0
1626093340,45.68,45.68,45.68,45.68,45.68,0,0
1626093345,45.68,45.68,45.68,45.68,45.68,0,0
1626093350,45.68,45.68,45.68,45.68,45.68,0,0
1626093355,45.67,45.67,45.67,45.67,45.67,5,1
1626093360,45.67,45.67,45.67,45.67,45.67,0,0
1626093365,45.68,45.68,45.68,45.68,45.68,1,1
1626093370,45.68,45.68,45.68,45.68,45.68,0,0
1626093375,45.66,45.66,45.65,45.65,45.65372,2,2
1626093380,45.65,45.65,45.65,45.65,45.65,0,0
1626093385,45.67,45.67,45.67,45.67,45.67,1,1
1626093390,45.68,45.68,45.68,45.68,45.68,10,1
1626093395,45.68,45.68,45.68,45.68,45.68,9,1
1626093400,45.68,45.68,45.68,45.68,45.68,0,0
1626093405,45.6701,45.6701,45.6701,45.6701,45.6701,1,1
1626093410,45.6701,45.6701,45.6701,45.6701,45.6701,0,0
1626093415,45.6701,45.6701,45.6701,45.6701,45.6701,0,0
1626093420,45.6701,45.6701,45.6701,45.6701,45.6701,0,0
1626093425,45.6701,45.6701,45.6701,45.6701,45.6701,0,0
1626093430,45.6701,45.6701,45.6701,45.6701,45.6701,0,0
1626093435,45.6701,45.6701,45.6701,45.6701,45.6701,0,0
1626093440,45.7,45.7,45.7,45.7,45.7,5,1
1626093445,45.69,45.7,45.69,45.7,45.69537,5,3
1626093450,45.7,45.7,45.7,45.7,45.7,13,6
1626093455,45.7,45.7,45.7,45.7,45.7,0,0
1626093460,45.69,45.69,45.69,45.69,45.69,1,1
1626093465,45.69,45.69,45.69,45.69,45.69,0,0
1626093470,45.7,45.7,45.7,45.7,45.7,1,1
1626093475,45.7,45.7,45.7,45.7,45.7,0,0
1626093480,45.7,45.7,45.7,45.7,45.7,0,0
1626093485,45.7,45.7,45.7,45.7,45.7,0,0
1626093490,45.7,45.7,45.7,45.7,45.7,0,0
1626093495,45.7,45.7,45.7,45.7,45.7,0,0
1626093500,45.7,45.7,45.7,45.7,45.7,0,0
1626093505,45.7,45.7,45.7,45.7,45.7,0,0
1626093510,45.7,45.7,45.7,45.7,45.7,1,1
1626093515,45.7,45.7,45.7,45.7,45.7,0,0
1626093520,45.7,45.7,45.7,45.7,45.7,0,0
1626093525,45.7,45.7,45.7,45.7,45.7,0,0
1626093530,45.7,45.7,45.7,45.7,45.7,0,0
1626093535,45.7,45.7,45.7,45.7,45.7,0,0
1626093540,45.7197,45.7197,45.7197,45.7197,45.7197,24,1
1626093545,45.7197,45.7197,45.7197,45.7197,45.7197,0,0
1626093550,45.74,45.75,45.74,45.75,45.745,2,2
1626093555,45.75,45.75,45.75,45.75,45.75,9,2
1626093560,45.75,45.75,45.75,45.75,45.75,0,0
1626093565,45.75,45.75,45.75,45.75,45.75,1,1
1626093570,45.75,45.75,45.75,45.75,45.75,0,0
1626093575,45.75,45.75,45.75,45.75,45.75,0,0
1626093580,45.75,45.75,45.75,45.75,45.75,0,0
1626093585,45.75,45.75,45.75,45.75,45.75,0,0
1626093590,45.76,45.76,45.76,45.76,45.76,10,1
1626093595,45.741,45.741,45.741,45.741,45.741,2,1
1626093600,45.741,45.741,45.741,45.741,45.741,0,0
1626093605,45.741,45.741,45.741,45.741,45.741,0,0
1626093610,45.741,45.741,45.741,45.741,45.741,0,0
1626093615,45.741,45.741,45.741,45.741,45.741,0,0
1626093620,45.741,45.741,45.741,45.741,45.741,0,0
1626093625,45.741,45.741,45.741,45.741,45.741,0,0
1626093630,45.741,45.741,45.741,45.741,45.741,0,0
1626093635,45.741,45.741,45.741,45.741,45.741,0,0
1626093640,45.741,45.741,45.741,45.741,45.741,0,0
1626093645,45.741,45.741,45.741,45.741,45.741,0,0
1626093650,45.741,45.741,45.741,45.741,45.741,0,0
1626093655,45.741,45.741,45.741,45.741,45.741,0,0
1626093660,45.741,45.741,45.741,45.741,45.741,0,0
1626093665,45.741,45.741,45.741,45.741,45.741,0,0
1626093670,45.741,45.741,45.741,45.741,45.741,0,0
1626093675,45.741,45.741,45.741,45.741,45.741,0,0
1626093680,45.75,45.76,45.75,45.76,45.75667,3,2
1626093685,45.76,45.76,45.76,45.76,45.76,0,0
1626093690,45.75,45.75,45.75,45.75,45.75,3,1
1626093695,45.75,45.75,45.75,45.75,45.75,0,0
1626093700,45.76,45.76,45.76,45.76,45.76,21,4
1626093705,45.76,45.76,45.76,45.76,45.76,0,0
1626093710,45.76,45.76,45.76,45.76,45.76,2,1
1626093715,45.75,45.75,45.75,45.75,45.75,4,3
1626093720,45.75,45.75,45.75,45.75,45.75,0,0
1626093725,45.75,45.75,45.75,45.75,45.75,0,0
1626093730,45.75,45.75,45.75,45.75,45.75,0,0
1626093735,45.75,45.75,45.75,45.75,45.75,11,4
1626093740,45.75,45.75,45.75,45.75,45.75,0,0
1626093745,45.73,45.73,45.73,45.73,45.73,2,2
1626093750,45.73,45.73,45.73,45.73,45.73,9,4
1626093755,45.73,45.73,45.73,45.73,45.73,0,0
1626093760,45.74,45.74,45.74,45.74,45.74,4,1
1626093765,45.74,45.74,45.74,45.74,45.74,0,0
1626093770,45.74,45.74,45.74,45.74,45.74,0,0
1626093775,45.74,45.76,45.73,45.76,45.74231,6,6
1626093780,45.76,45.76,45.76,45.76,45.76,2,1
1626093785,45.76,45.76,45.76,45.76,45.76,0,0
1626093790,45.76,45.76,45.76,45.76,45.76,0,0
1626093795,45.76,45.76,45.76,45.76,45.76,0,0
1626093800,45.76,45.76,45.76,45.76,45.76,0,0
1626093805,45.76,45.76,45.76,45.76,45.76,0,0
1626093810,45.76,45.76,45.76,45.76,45.76,0,0
1626093815,45.76,45.76,45.76,45.76,45.76,0,0
1626093820,45.76,45.76,45.76,45.76,45.76,0,0
1626093825,45.76,45.76,45.76,45.76,45.76,0,0
1626093830,45.76,45.76,45.76,45.76,45.76,0,0
1626093835,45.75,45.75,45.75,45.75,45.75,1,1
1626093840,45.75,45.75,45.75,45.75,45.75,0,0
1626093845,45.75,45.75,45.75,45.75,45.75,0,0
1626093850,45.76,45.76,45.76,45.76,45.76,1,1
1626093855,45.76,45.76,45.76,45.76,45.76,0,0
1626093860,45.78,45.79,45.78,45.79,45.78333,3,2
1626093865,45.79,45.79,45.79,45.79,45.79,0,0
1626093870,45.8,45.8,45.8,45.8,45.8,2,2
1626093875,45.81,45.81,45.81,45.81,45.81,3,1
1626093880,45.81,45.81,45.79,45.79,45.79286,7,2
1626093885,45.81,45.83,45.81,45.83,45.81594,49,5
1626093890,45.83,45.83,45.83,45.83,45.83,0,0
1626093895,45.83,45.83,45.83,45.83,45.83,0,0
1626093900,45.83,45.83,45.83,45.83,45.83,0,0
1626093905,45.82,45.83,45.81,45.83,45.82,3,3
1626093910,45.84,45.85,45.83,45.83,45.8427,5,5
1626093915,45.83,45.83,45.83,45.83,45.83,0,0
1626093920,45.83,45.83,45.83,45.83,45.83,5,1
1626093925,45.83,45.83,45.83,45.83,45.83,0,0
1626093930,45.83,45.83,45.83,45.83,45.83,0,0
1626093935,45.84,45.84,45.84,45.84,45.84,5,5
1626093940,45.84,45.84,45.84,45.84,45.84,0,0
1626093945,45.83,45.83,45.83,45.83,45.83,12,1
1626093950,45.83,45.83,45.83,45.83,45.83,0,0
1626093955,45.83,45.83,45.83,45.83,45.83,1,1
1626093960,45.85,45.85,45.85,45.85,45.85,4,3
1626093965,45.85,45.85,45.85,45.85,45.85,0,0
1626093970,45.85,45.85,45.85,45.85,45.85,0,0
1626093975,45.83,45.83,45.83,45.83,45.83,1,1
1626093980,45.83,45.83,45.83,45.83,45.83,1,1
1626093985,45.83,45.83,45.83,45.83,45.83,0,0
1626093990,45.83,45.83,45.83,45.83,45.83,3,2
1626093995,45.83,45.83,45.83,45.83,45.83,0,0
1626094000,45.83,45.83,45.83,45.83,45.83,0,0
1626094005,45.83,45.83,45.83,45.83,45.83,0,0
1626094010,45.84,45.84,45.84,45.84,45.84,1,1
1626094015,45.84,45.84,45.84,45.84,45.84,2,1
1626094020,45.84,45.84,45.84,45.84,45.84,10,1
1626094025,45.84,45.84,45.84,45.84,45.84,0,0
1626094030,45.84,45.84,45.84,45.84,45.84,0,0
1626094035,45.83,45.85,45.83,45.85,45.84864,22,6
1626094040,45.85,45.85,45.85,45.85,45.85,0,0
1626094045,45.85,45.85,45.85,45.85,45.85,0,0
1626094050,45.85,45.85,45.85,45.85,45.85,0,0
1626094055,45.85,45.85,45.85,45.85,45.85,0,0
1626094060,45.85,45.85,45.85,45.85,45.85,0,0
1626094065,45.86,45.86,45.86,45.86,45.86,1,1
1626094070,45.86,45.86,45.86,45.86,45.86,1,1
1626094075,45.87,45.87,45.87,45.87,45.87,2,1
1626094080,45.88,45.88,45.88,45.88,45.88,10,1
1626094085,45.85,45.85,45.85,45.85,45.85,2,1
1626094090,45.88,45.88,45.88,45.88,45.88,3,1
1626094095,45.85,45.85,45.85,45.85,45.85,1,1
1626094100,45.8501,45.8501,45.84,45.84,45.8467,3,3
1626094105,45.84,45.84,45.84,45.84,45.84,0,0
1626094110,45.84,45.84,45.84,45.84,45.84,0,0
1626094115,45.84,45.84,45.84,45.84,45.84,0,0
1626094120,45.84,45.84,45.84,45.84,45.84,0,0
1626094125,45.84,45.84,45.84,45.84,45.84,0,0
1626094130,45.84,45.84,45.84,45.84,45.84,0,0
1626094135,45.84,45.84,45.84,45.84,45.84,0,0
1626094140,45.84,45.84,45.84,45.84,45.84,0,0
1626094145,45.84,45.84,45.84,45.84,45.84,0,0
1626094150,45.84,45.84,45.84,45.84,45.84,0,0
1626094155,45.84,45.84,45.84,45.84,45.84,0,0
1626094160,45.84,45.84,45.84,45.84,45.84,0,0
1626094165,45.84,45.84,45.84,45.84,45.84,0,0
1626094170,45.84,45.84,45.84,45.84,45.84,0,0
1626094175,45.84,45.84,45.84,45.84,45.84,0,0
1626094180,45.8101,45.8101,45.81,45.81,45.81006,3,2
1626094185,45.82,45.82,45.82,45.82,45.82,3,1
1626094190,45.82,45.82,45.82,45.82,45.82,0,0
1626094195,45.81,45.81,45.81,45.81,45.81,1,1
1626094200,45.81,45.81,45.81,45.81,45.81,0,0
1626094205,45.81,45.81,45.81,45.81,45.81,1,1
1626094210,45.81,45.81,45.81,45.81,45.81,0,0
1626094215,45.81,45.81,45.81,45.81,45.81,0,0
1626094220,45.82,45.82,45.82,45.82,45.82,2,2
1626094225,45.82,45.82,45.82,45.82,45.82,0,0
1626094230,45.82,45.82,45.82,45.82,45.82,4,4
1626094235,45.81,45.81,45.81,45.81,45.81,1,1
1626094240,45.81,45.81,45.81,45.81,45.81,3,2
1626094245,45.81,45.81,45.81,45.81,45.81,0,0
1626094250,45.81,45.81,45.81,45.81,45.81,0,0
1626094255,45.81,45.81,45.81,45.81,45.81,0,0
1626094260,45.81,45.81,45.79,45.79,45.80306,19,10
1626094265,45.79,45.79,45.79,45.79,45.79,24,2
1626094270,45.79,45.79,45.79,45.79,45.79,0,0
1626094275,45.79,45.79,45.79,45.79,45.79,0,0
1626094280,45.79,45.79,45.79,45.79,45.79,0,0
1626094285,45.79,45.79,45.79,45.79,45.79,0,0
1626094290,45.79,45.79,45.79,45.79,45.79,0,0
1626094295,45.79,45.79,45.79,45.79,45.79,0,0
1626094300,45.79,45.79,45.79,45.79,45.79,0,0
1626094305,45.79,45.79,45.79,45.79,45.79,0,0
1626094310,45.79,45.79,45.79,45.79,45.79,0,0
1626094315,45.79,45.79,45.79,45.79,45.79,0,0
1626094320,45.79,45.79,45.79,45.79,45.79,0,0
1626094325,45.79,45.79,45.79,45.79,45.79,0,0
1626094330,45.78,45.78,45.78,45.78,45.78,1,1
1626094335,45.78,45.78,45.78,45.78,45.78,1,1
1626094340,45.78,45.78,45.78,45.78,45.78,3,2
1626094345,45.78,45.78,45.78,45.78,45.78,0,0
1626094350,45.78,45.78,45.78,45.78,45.78,0,0
1626094355,45.78,45.78,45.78,45.78,45.78,0,0
1626094360,45.78,45.78,45.78,45.78,45.78,0,0
1626094365,45.78,45.78,45.78,45.78,45.78,0,0
1626094370,45.78,45.78,45.78,45.78,45.78,0,0
1626094375,45.78,45.78,45.78,45.78,45.78,1,1
1626094380,45.78,45.78,45.78,45.78,45.78,0,0
1626094385,45.78,45.78,45.78,45.78,45.78,0,0
1626094390,45.78,45.78,45.78,45.78,45.78,0,0
1626094395,45.78,45.78,45.78,45.78,45.78,0,0
1626094400,45.78,45.78,45.78,45.78,45.78,0,0
1626094405,45.78,45.78,45.78,45.78,45.78,12,1
1626094410,45.78,45.78,45.78,45.78,45.78,0,0
1626094415,45.78,45.78,45.78,45.78,45.78,1,1
1626094420,45.79,45.79,45.79,45.79,45.79,1,1
1626094425,45.79,45.79,45.79,45.79,45.79,0,0
1626094430,45.79,45.79,45.79,45.79,45.79,0,0
1626094435,45.79,45.79,45.79,45.79,45.79,0,0
1626094440,45.79,45.79,45.79,45.79,45.79,0,0
1626094445,45.79,45.79,45.79,45.79,45.79,10,1
1626094450,45.79,45.79,45.79,45.79,45.79,0,0
1626094455,45.79,45.79,45.79,45.79,45.79,0,0
1626094460,45.79,45.79,45.79,45.79,45.79,0,0
1626094465,45.79,45.79,45.79,45.79,45.79,0,0
1626094470,45.78,45.78,45.78,45.78,45.78,6,2
1626094475,45.78,45.78,45.78,45.78,45.78,0,0
1626094480,45.78,45.78,45.78,45.78,45.78,0,0
1626094485,45.78,45.78,45.78,45.78,45.78,0,0
1626094490,45.78,45.78,45.78,45.78,45.78,0,0
1626094495,45.78,45.78,45.78,45.78,45.78,0,0
1626094500,45.78,45.78,45.78,45.78,45.78,0,0
1626094505,45.78,45.78,45.78,45.78,45.78,0,0
1626094510,45.78,45.78,45.78,45.78,45.78,0,0
1626094515,45.78,45.78,45.78,45.78,45.78,0,0
1626094520,45.78,45.78,45.78,45.78,45.78,0,0
1626094525,45.78,45.78,45.78,45.78,45.78,0,0
1626094530,45.78,45.78,45.78,45.78,45.78,0,0
1626094535,45.79,45.8,45.79,45.8,45.79769,13,4
1626094540,45.79,45.79,45.79,45.79,45.79,1,1
1626094545,45.79,45.79,45.79,45.79,45.79,0,0
1626094550,45.79,45.79,45.79,45.79,45.79,0,0
1626094555,45.79,45.79,45.79,45.79,45.79,0,0
1626094560,45.79,45.79,45.79,45.79,45.79,0,0
1626094565,45.79,45.79,45.79,45.79,45.79,0,0
1626094570,45.79,45.79,45.79,45.79,45.79,0,0
1626094575,45.79,45.79,45.79,45.79,45.79,0,0
1626094580,45.79,45.79,45.79,45.79,45.79,0,0
1626094585,45.79,45.79,45.79,45.79,45.79,0,0
1626094590,45.79,45.79,45.79,45.79,45.79,0,0
1626094595,45.79,45.79,45.79,45.79,45.79,0,0
1626094600,45.79,45.79,45.79,45.79,45.79,0,0
1626094605,45.79,45.79,45.79,45.79,45.79,0,0
1626094610,45.76,45.76,45.76,45.76,45.76,3,1
1626094615,45.77,45.77,45.77,45.77,45.77,1,1
1626094620,45.8,45.82,45.8,45.82,45.8052,56,8
1626094625,45.82,45.82,45.82,45.82,45.82,0,0
1626094630,45.82,45.82,45.82,45.82,45.82,0,0
1626094635,45.82,45.82,45.82,45.82,45.82,0,0
1626094640,45.85,45.85,45.85,45.85,45.85,2,1
1626094645,45.85,45.85,45.85,45.85,45.85,0,0
1626094650,45.85,45.85,45.85,45.85,45.85,0,0
1626094655,45.85,45.85,45.85,45.85,45.85,0,0
1626094660,45.871,45.88,45.871,45.88,45.8755,2,2
1626094665,45.88,45.88,45.88,45.88,45.88,0,0
1626094670,45.88,45.88,45.88,45.88,45.88,0,0
1626094675,45.84,45.84,45.84,45.84,45.84,1,1
1626094680,45.87,45.87,45.87,45.87,45.87,7,4
1626094685,45.88,45.89,45.88,45.89,45.8837,9,8
1626094690,45.885,45.885,45.87,45.87,45.87336,4,2
1626094695,45.87,45.87,45.87,45.87,45.87,0,0
1626094700,45.87,45.87,45.87,45.87,45.87,0,0
1626094705,45.87,45.87,45.87,45.87,45.87,0,0
1626094710,45.87,45.87,45.87,45.87,45.87,1,1
1626094715,45.87,45.87,45.87,45.87,45.87,0,0
1626094720,45.87,45.87,45.87,45.87,45.87,0,0
1626094725,45.87,45.87,45.87,45.87,45.87,0,0
1626094730,45.87,45.87,45.87,45.87,45.87,0,0
1626094735,45.87,45.87,45.87,45.87,45.87,0,0
1626094740,45.83,45.83,45.83,45.83,45.83,11,2
1626094745,45.84,45.84,45.84,45.84,45.84,2,1
1626094750,45.84,45.84,45.84,45.84,45.84,0,0
1626094755,45.84,45.84,45.84,45.84,45.84,0,0
1626094760,45.84,45.84,45.84,45.84,45.84,0,0
1626094765,45.84,45.84,45.84,45.84,45.84,0,0
1626094770,45.84,45.84,45.84,45.84,45.84,0,0
1626094775,45.84,45.84,45.84,45.84,45.84,0,0
1626094780,45.84,45.84,45.84,45.84,45.84,0,0
1626094785,45.84,45.84,45.84,45.84,45.84,0,0
1626094790,45.84,45.84,45.84,45.84,45.84,0,0
1626094795,45.84,45.84,45.84,45.84,45.84,0,0
1626094800,45.84,45.84,45.84,45.84,45.84,0,0
1626094805,45.84,45.84,45.84,45.84,45.84,0,0
1626094810,45.86,45.86,45.86,45.86,45.86,2,1
1626094815,45.86,45.86,45.86,45.86,45.86,0,0
1626094820,45.86,45.86,45.86,45.86,45.86,0,0
1626094825,45.86,45.86,45.86,45.86,45.86,5,1
1626094830,45.86,45.86,45.86,45.86,45.86,2,1
1626094835,45.86,45.86,45.86,45.86,45.86,2,1
1626094840,45.86,45.86,45.86,45.86,45.86,0,0
1626094845,45.86,45.86,45.86,45.86,45.86,0,0
1626094850,45.86,45.86,45.86,45.86,45.86,0,0
1626094855,45.89,45.89,45.89,45.89,45.89,1,1
1626094860,45.86,45.86,45.86,45.86,45.86,5,1
1626094865,45.86,45.86,45.86,45.86,45.86,0,0
1626094870,45.86,45.86,45.86,45.86,45.86,0,0
1626094875,45.89,45.89,45.86,45.86,45.87389,74,2
1626094880,45.86,45.86,45.86,45.86,45.86,0,0
1626094885,45.86,45.86,45.86,45.86,45.86,2,1
1626094890,45.86,45.86,45.86,45.86,45.86,0,0
1626094895,45.86,45.86,45.86,45.86,45.86,0,0
1626094900,45.86,45.86,45.86,45.86,45.86,1,1
1626094905,45.86,45.86,45.86,45.86,45.86,0,0
1626094910,45.88,45.88,45.88,45.88,45.88,3,1
1626094915,45.88,45.88,45.88,45.88,45.88,0,0
1626094920,45.8601,45.88,45.8601,45.88,45.86672,18,2
1626094925,45.88,45.88,45.88,45.88,45.88,0,0
1626094930,45.88,45.88,45.88,45.88,45.88,1,1
1626094935,45.88,45.88,45.88,45.88,45.88,0,0
1626094940,45.88,45.88,45.88,45.88,45.88,0,0
1626094945,45.88,45.88,45.88,45.88,45.88,0,0
1626094950,45.88,45.88,45.88,45.88,45.88,0,0
1626094955,45.88,45.88,45.88,45.88,45.88,0,0
1626094960,45.88,45.88,45.88,45.88,45.88,0,0
1626094965,45.88,45.88,45.88,45.88,45.88,0,0
1626094970,45.88,45.88,45.88,45.88,45.88,0,0
1626094975,45.88,45.88,45.88,45.88,45.88,3,1
1626094980,45.88,45.88,45.88,45.88,45.88,0,0
1626094985,45.88,45.88,45.88,45.88,45.88,0,0
1626094990,45.88,45.88,45.88,45.88,45.88,0,0
1626094995,45.88,45.88,45.88,45.88,45.88,0,0
1626095000,45.88,45.88,45.88,45.88,45.88,0,0
1626095005,45.88,45.88,45.88,45.88,45.88,0,0
1626095010,45.86,45.88,45.86,45.88,45.87165,11,4
1626095015,45.8792,45.88,45.8792,45.88,45.87956,3,2
1626095020,45.88,45.88,45.88,45.88,45.88,10,1
1626095025,45.8799,45.88,45.8799,45.88,45.87993,13,2
1626095030,45.86,45.86,45.86,45.86,45.86,1,1
1626095035,45.8701,45.8701,45.8701,45.8701,45.8701,5,1
1626095040,45.87,45.87,45.87,45.87,45.87,1,1
1626095045,45.87,45.87,45.87,45.87,45.87,0,0
1626095050,45.87,45.87,45.87,45.87,45.87,4,1
1626095055,45.87,45.87,45.87,45.87,45.87,0,0
1626095060,45.87,45.87,45.87,45.87,45.87,0,0
1626095065,45.87,45.87,45.87,45.87,45.87,0,0
1626095070,45.87,45.87,45.87,45.87,45.87,0,0
1626095075,45.87,45.87,45.87,45.87,45.87,0,0
1626095080,45.87,45.87,45.87,45.87,45.87,0,0
1626095085,45.87,45.87,45.87,45.87,45.87,0,0
1626095090,45.87,45.87,45.87,45.87,45.87,0,0
1626095095,45.87,45.87,45.87,45.87,45.87,0,0
1626095100,45.87,45.87,45.87,45.87,45.87,0,0
1626095105,45.87,45.87,45.87,45.87,45.87,0,0
1626095110,45.88,45.88,45.88,45.88,45.88,1,1
1626095115,45.88,45.88,45.88,45.88,45.88,0,0
1626095120,45.88,45.88,45.88,45.88,45.88,0,0
1626095125,45.88,45.88,45.88,45.88,45.88,0,0
1626095130,45.88,45.88,45.88,45.88,45.88,0,0
1626095135,45.88,45.88,45.88,45.88,45.88,15,6
1626095140,45.88,45.88,45.88,45.88,45.88,0,0
1626095145,45.88,45.88,45.88,45.88,45.88,0,0
1626095150,45.88,45.88,45.88,45.88,45.88,6,1
1626095155,45.89,45.89,45.89,45.89,45.89,5,1
1626095160,45.89,45.89,45.89,45.89,45.89,2,1
1626095165,45.89,45.89,45.89,45.89,45.89,0,0
1626095170,45.89,45.89,45.89,45.89,45.89,0,0
1626095175,45.88,45.88,45.88,45.88,45.88,3,2
1626095180,45.89,45.89,45.89,45.89,45.89,1,1
1626095185,45.89,45.89,45.89,45.89,45.89,0,0
1626095190,45.89,45.89,45.89,45.89,45.89,0,0
1626095195,45.88,45.88,45.88,45.88,45.88,3,3
1626095200,45.88,45.88,45.88,45.88,45.88,0,0
1626095205,45.87,45.87,45.87,45.87,45.87,2,2
1626095210,45.87,45.87,45.87,45.87,45.87,0,0
1626095215,45.87,45.87,45.87,45.87,45.87,0,0
1626095220,45.87,45.87,45.87,45.87,45.87,0,0
1626095225,45.87,45.87,45.87,45.87,45.87,0,0
1626095230,45.87,45.87,45.87,45.87,45.87,0,0
1626095235,45.87,45.87,45.87,45.87,45.87,1,1
1626095240,45.87,45.87,45.87,45.87,45.87,0,0
1626095245,45.87,45.87,45.86,45.86,45.8642,4,2
1626095250,45.86,45.86,45.86,45.86,45.86,0,0
1626095255,45.85,45.85,45.85,45.85,45.85,2,1
1626095260,45.8501,45.8501,45.85,45.85,45.85001,10,4
1626095265,45.85,45.85,45.85,45.85,45.85,0,0
1626095270,45.85,45.85,45.85,45.85,45.85,7,3
1626095275,45.84,45.86,45.84,45.85,45.84667,9,3
1626095280,45.85,45.85,45.85,45.85,45.85,0,0
1626095285,45.85,45.85,45.85,45.85,45.85,3,1
1626095290,45.84,45.84,45.84,45.84,45.84,1,1
1626095295,45.83,45.83,45.81,45.81,45.82829,11,3
1626095300,45.83,45.83,45.83,45.83,45.83,1,1
1626095305,45.83,45.83,45.82,45.82,45.825,2,2
1626095310,45.81,45.81,45.81,45.81,45.81,4,1
1626095315,45.81,45.81,45.81,45.81,45.81,0,0
1626095320,45.81,45.81,45.81,45.81,45.81,0,0
1626095325,45.81,45.81,45.81,45.81,45.81,0,0
1626095330,45.81,45.81,45.81,45.81,45.81,0,0
1626095335,45.81,45.81,45.81,45.81,45.81,0,0
1626095340,45.81,45.81,45.81,45.81,45.81,0,0
1626095345,45.81,45.81,45.81,45.81,45.81,0,0
1626095350,45.82,45.82,45.82,45.82,45.82,3,1
1626095355,45.82,45.82,45.82,45.82,45.82,0,0
1626095360,45.82,45.82,45.82,45.82,45.82,1,1
1626095365,45.82,45.82,45.82,45.82,45.82,0,0
1626095370,45.81,45.81,45.81,45.81,45.81,2,1
1626095375,45.82,45.82,45.82,45.82,45.82,1,1
1626095380,45.82,45.82,45.82,45.82,45.82,1,1
1626095385,45.82,45.82,45.82,45.82,45.82,3,1
1626095390,45.82,45.82,45.82,45.82,45.82,0,0
1626095395,45.82,45.82,45.82,45.82,45.82,0,0
1626095400,45.82,45.82,45.82,45.82,45.82,0,0
1626095405,45.82,45.82,45.82,45.82,45.82,0,0
1626095410,45.81,45.81,45.81,45.81,45.81,4,1
1626095415,45.81,45.81,45.81,45.81,45.81,0,0
1626095420,45.82,45.82,45.82,45.82,45.82,2,1
1626095425,45.82,45.82,45.82,45.82,45.82,0,0
1626095430,45.82,45.82,45.82,45.82,45.82,0,0
1626095435,45.82,45.82,45.82,45.82,45.82,0,0
1626095440,45.82,45.82,45.82,45.82,45.82,0,0
1626095445,45.83,45.83,45.83,45.83,45.83,1,1
1626095450,45.83,45.83,45.83,45.83,45.83,0,0
1626095455,45.83,45.83,45.83,45.83,45.83,1,1
1626095460,45.83,45.83,45.83,45.83,45.83,0,0
1626095465,45.83,45.83,45.83,45.83,45.83,0,0
1626095470,45.83,45.83,45.83,45.83,45.83,2,2
1626095475,45.83,45.83,45.83,45.83,45.83,0,0
1626095480,45.85,45.85,45.85,45.85,45.85,14,4
1626095485,45.85,45.85,45.85,45.85,45.85,1,1
1626095490,45.85,45.85,45.85,45.85,45.85,0,0
1626095495,45.85,45.85,45.85,45.85,45.85,0,0
1626095500,45.86,45.86,45.86,45.86,45.86,4,1
1626095505,45.87,45.87,45.87,45.87,45.87,9,4
1626095510,45.88,45.88,45.87,45.87,45.87476,17,3
1626095515,45.87,45.87,45.87,45.87,45.87,0,0
1626095520,45.87,45.87,45.87,45.87,45.87,0,0
1626095525,45.88,45.88,45.88,45.88,45.88,4,2
1626095530,45.89,45.89,45.89,45.89,45.89,1,1
1626095535,45.89,45.89,45.89,45.89,45.89,0,0
1626095540,45.89,45.89,45.89,45.89,45.89,0,0
1626095545,45.88,45.88,45.88,45.88,45.88,1,1
1626095550,45.88,45.88,45.88,45.88,45.88,4,2
1626095555,45.89,45.89,45.89,45.89,45.89,12,4
1626095560,45.89,45.9,45.89,45.9,45.89613,8,3
1626095565,45.9,45.9,45.9,45.9,45.9,25,4
1626095570,45.9,45.9,45.89,45.89,45.89619,21,7
1626095575,45.88,45.88,45.88,45.88,45.88,3,1
1626095580,45.88,45.89,45.88,45.89,45.88531,3,3
1626095585,45.89,45.89,45.89,45.89,45.89,0,0
1626095590,45.89,45.9,45.85,45.9,45.8888,9,8
1626095595,45.89,45.89,45.89,45.89,45.89,1,1
1626095600,45.89,45.89,45.89,45.89,45.89,0,0
1626095605,45.89,45.89,45.89,45.89,45.89,0,0
1626095610,45.89,45.89,45.89,45.89,45.89,0,0
1626095615,45.86,45.86,45.86,45.86,45.86,5,1
1626095620,45.86,45.86,45.86,45.86,45.86,0,0
1626095625,45.86,45.86,45.86,45.86,45.86,0,0
1626095630,45.86,45.86,45.86,45.86,45.86,0,0
1626095635,45.86,45.86,45.86,45.86,45.86,0,0
1626095640,45.86,45.86,45.86,45.86,45.86,0,0
1626095645,45.86,45.86,45.86,45.86,45.86,0,0
1626095650,45.86,45.86,45.86,45.86,45.86,4,3
1626095655,45.86,45.86,45.86,45.86,45.86,0,0
1626095660,45.86,45.86,45.86,45.86,45.86,0,0
1626095665,45.86,45.86,45.86,45.86,45.86,0,0
1626095670,45.86,45.86,45.86,45.86,45.86,14,3
1626095675,45.86,45.86,45.86,45.86,45.86,2,1
1626095680,45.86,45.86,45.86,45.86,45.86,0,0
1626095685,45.86,45.86,45.86,45.86,45.86,1,1
1626095690,45.86,45.86,45.86,45.86,45.86,35,1
1626095695,45.86,45.86,45.86,45.86,45.86,0,0
1626095700,45.86,45.86,45.86,45.86,45.86,0,0
1626095705,45.86,45.86,45.86,45.86,45.86,0,0
1626095710,45.86,45.86,45.86,45.86,45.86,0,0
1626095715,45.86,45.86,45.86,45.86,45.86,0,0
1626095720,45.88,45.88,45.86,45.86,45.87,5,4
1626095725,45.86,45.86,45.86,45.86,45.86,0,0
1626095730,45.88,45.88,45.88,45.88,45.88,1,1
1626095735,45.86,45.86,45.86,45.86,45.86,8,1
1626095740,45.86,45.86,45.86,45.86,45.86,0,0
1626095745,45.86,45.86,45.86,45.86,45.86,0,0
1626095750,45.86,45.86,45.86,45.86,45.86,0,0
1626095755,45.86,45.86,45.86,45.86,45.86,0,0
1626095760,45.85,45.85,45.85,45.85,45.85,1,1
1626095765,45.85,45.85,45.85,45.85,45.85,0,0
1626095770,45.85,45.85,45.85,45.85,45.85,0,0
1626095775,45.85,45.85,45.85,45.85,45.85,3,1
1626095780,45.87,45.87,45.87,45.87,45.87,1,1
1626095785,45.87,45.87,45.87,45.87,45.87,0,0
1626095790,45.87,45.87,45.87,45.87,45.87,0,0
1626095795,45.86,45.86,45.86,45.86,45.86,4,1
1626095800,45.84,45.84,45.84,45.84,45.84,1,1
1626095805,45.84,45.84,45.84,45.84,45.84,3,1
1626095810,45.84,45.84,45.84,45.84,45.84,3,1
1626095815,45.84,45.84,45.84,45.84,45.84,0,0
1626095820,45.83,45.83,45.83,45.83,45.83,1,1
1626095825,45.83,45.83,45.83,45.83,45.83,0,0
1626095830,45.84,45.84,45.83,45.83,45.83105,19,4
1626095835,45.84,45.85,45.84,45.85,45.84472,25,9
1626095840,45.85,45.85,45.85,45.85,45.85,27,3
1626095845,45.85,45.85,45.85,45.85,45.85,0,0
1626095850,45.85,45.85,45.85,45.85,45.85,1,1
1626095855,45.85,45.85,45.85,45.85,45.85,0,0
1626095860,45.85,45.85,45.85,45.85,45.85,0,0
1626095865,45.85,45.85,45.85,45.85,45.85,7,3
1626095870,45.87,45.87,45.85,45.87,45.86347,24,8
1626095875,45.86,45.86,45.85,45.85,45.85333,3,2
1626095880,45.85,45.85,45.85,45.85,45.85,3,2
1626095885,45.85,45.85,45.85,45.85,45.85,0,0
1626095890,45.85,45.85,45.85,45.85,45.85,0,0
1626095895,45.85,45.85,45.85,45.85,45.85,0,0
1626095900,45.85,45.85,45.85,45.85,45.85,13,2
1626095905,45.85,45.9,45.85,45.9,45.86824,21,12
1626095910,45.9,45.9,45.9,45.9,45.9,0,0
1626095915,45.88,45.89,45.88,45.88,45.88104,9,3
1626095920,45.9,45.9,45.9,45.9,45.9,2,2
1626095925,45.9,45.9,45.9,45.9,45.9,0,0
1626095930,45.9,45.9,45.9,45.9,45.9,0,0
1626095935,45.9,45.9,45.9,45.9,45.9,0,0
1626095940,45.9,45.9,45.9,45.9,45.9,2,1
1626095945,45.9,45.9,45.88,45.88,45.88667,3,3
1626095950,45.89,45.9,45.89,45.9,45.89909,10,5
1626095955,45.9,45.9,45.9,45.9,45.9,7,2
1626095960,45.9,45.9,45.9,45.9,45.9,2,1
1626095965,45.9,45.9,45.9,45.9,45.9,1,1
1626095970,45.9,45.9,45.9,45.9,45.9,2,2
1626095975,45.9,45.91,45.9,45.91,45.90111,9,4
1626095980,45.91,45.91,45.91,45.91,45.91,1,1
1626095985,45.91,45.91,45.91,45.91,45.91,0,0
1626095990,45.92,45.92,45.92,45.92,45.92,4,3
1626095995,45.92,45.92,45.92,45.92,45.92,4,4
1626096000,45.91,45.92,45.91,45.92,45.9145,10,4
1626096005,45.92,45.92,45.92,45.92,45.92,2,2
1626096010,45.93,45.94,45.93,45.94,45.93909,11,2
1626096015,45.93,45.93,45.93,45.93,45.93,3,3
1626096020,45.93,45.94,45.93,45.93,45.93333,3,3
1626096025,45.94,45.94,45.94,45.94,45.94,1,1
1626096030,45.92,45.92,45.92,45.92,45.92,2,1
1626096035,45.92,45.92,45.92,45.92,45.92,0,0
1626096040,45.91,45.92,45.91,45.92,45.915,2,2
1626096045,45.92,45.92,45.92,45.92,45.92,1,1
1626096050,45.94,45.94,45.94,45.94,45.94,4,4
1626096055,45.94,45.98,45.94,45.98,45.95656,19,8
1626096060,45.98,45.98,45.97,45.98,45.97972,35,10
1626096065,45.98,45.98,45.96,45.96,45.9712,30,6
1626096070,45.96,45.96,45.96,45.96,45.96,0,0
1626096075,45.96,45.96,45.96,45.96,45.96,0,0
1626096080,45.98,45.98,45.98,45.98,45.98,9,4
1626096085,45.99,45.99,45.99,45.99,45.99,3,2
1626096090,45.99,45.99,45.9899,45.99,45.98994,8,3
1626096095,45.99,45.99,45.99,45.99,45.99,2,2
1626096100,46.0,46.0,46.0,46.0,46.0,23,10
1626096105,46.0,46.0,46.0,46.0,46.0,2,1
1626096110,46.0001,46.0001,45.98,46.0,45.99746,23,14
1626096115,46.0,46.0,46.0,46.0,46.0,10,1
1626096120,45.99,45.99,45.9715,45.9715,45.98075,2,2
1626096125,46.0,46.0,46.0,46.0,46.0,44,6
1626096130,46.03,46.04,46.03,46.04,46.034,5,5
1626096135,46.04,46.04,46.04,46.04,46.04,0,0
1626096140,46.03,46.03,46.03,46.03,46.03,1,1
1626096145,46.0,46.0,46.0,46.0,46.0,3,3
1626096150,46.03,46.05,46.021,46.021,46.03596,11,8
1626096155,46.0496,46.0496,46.0496,46.0496,46.0496,5,1
1626096160,46.03,46.05,46.03,46.03,46.03584,10,7
1626096165,46.02,46.02,46.02,46.02,46.02,4,1
1626096170,46.02,46.02,46.02,46.02,46.02,0,0
1626096175,46.04,46.04,46.03,46.03,46.03909,11,2
1626096180,46.03,46.03,46.03,46.03,46.03,0,0
1626096185,46.01,46.01,46.01,46.01,46.01,1,1
1626096190,46.01,46.01,46.01,46.01,46.01,0,0
1626096195,46.01,46.0101,46.01,46.0101,46.01005,2,2
1626096200,46.0101,46.0101,46.0101,46.0101,46.0101,0,0
1626096205,46.0101,46.0101,46.0101,46.0101,46.0101,0,0
1626096210,46.0101,46.0101,46.0101,46.0101,46.0101,0,0
1626096215,46.01,46.01,46.0,46.0,46.00536,20,7
1626096220,45.97,45.97,45.97,45.97,45.97,1,1
1626096225,45.96,45.96,45.96,45.96,45.96,1,1
1626096230,45.95,45.95,45.95,45.95,45.95,1,1
1626096235,45.9,45.95,45.9,45.95,45.9125,4,3
1626096240,45.93,45.93,45.88,45.88,45.9176,8,3
1626096245,45.93,45.93,45.8804,45.8804,45.899,8,2
1626096250,45.88,45.91,45.88,45.91,45.905,6,2
1626096255,45.88,45.88,45.88,45.88,45.88,9,3
1626096260,45.88,45.88,45.88,45.88,45.88,0,0
1626096265,45.88,45.88,45.88,45.88,45.88,0,0
1626096270,45.88,45.88,45.88,45.88,45.88,0,0
1626096275,45.87,45.87,45.87,45.87,45.87,2,1
1626096280,45.88,45.88,45.88,45.88,45.88,3,2
1626096285,45.89,45.89,45.89,45.89,45.89,1,1
1626096290,45.89,45.89,45.89,45.89,45.89,6,2
1626096295,45.89,45.89,45.89,45.89,45.89,0,0
1626096300,45.91,45.91,45.91,45.91,45.91,3,3
1626096305,45.91,45.91,45.91,45.91,45.91,0,0
1626096310,45.91,45.91,45.91,45.91,45.91,0,0
1626096315,45.9,45.9,45.89,45.89,45.89333,3,2
1626096320,45.89,45.89,45.89,45.89,45.89,0,0
1626096325,45.89,45.89,45.89,45.89,45.89,0,0
1626096330,45.9,45.9,45.9,45.9,45.9,1,1
1626096335,45.9,45.9,45.9,45.9,45.9,0,0
1626096340,45.9,45.9,45.9,45.9,45.9,0,0
1626096345,45.91,45.91,45.9,45.9,45.905,2,2
1626096350,45.98,45.98,45.98,45.98,45.98,3,1
1626096355,45.98,45.98,45.98,45.98,45.98,0,0
1626096360,45.92,45.92,45.92,45.92,45.92,5,3
1626096365,45.92,45.92,45.92,45.92,45.92,0,0
1626096370,45.92,45.92,45.92,45.92,45.92,6,1
1626096375,45.92,45.92,45.92,45.92,45.92,0,0
1626096380,45.98,45.98,45.9799,45.98,45.97996,5,3
1626096385,45.97,45.97,45.97,45.97,45.97,6,2
1626096390,45.97,45.97,45.97,45.97,45.97,0,0
1626096395,45.97,45.97,45.97,45.97,45.97,0,0
1626096400,45.97,45.97,45.97,45.97,45.97,0,0
1626096405,45.97,45.97,45.97,45.97,45.97,0,0
1626096410,45.98,45.98,45.95,45.95,45.96573,7,5
1626096415,45.93,45.93,45.93,45.93,45.93,8,1
1626096420,45.96,45.96,45.96,45.96,45.96,4,2
1626096425,45.96,45.96,45.96,45.96,45.96,3,2
1626096430,45.96,45.96,45.96,45.96,45.96,0,0
1626096435,45.96,45.96,45.96,45.96,45.96,0,0
1626096440,45.96,45.98,45.96,45.98,45.97444,18,4
1626096445,45.98,45.98,45.98,45.98,45.98,0,0
1626096450,45.98,45.98,45.98,45.98,45.98,1,1
1626096455,45.98,45.98,45.98,45.98,45.98,0,0
1626096460,45.96,45.96,45.96,45.96,45.96,1,1
1626096465,45.96,45.96,45.96,45.96,45.96,8,2
1626096470,45.94,45.94,45.93,45.93,45.93286,7,2
1626096475,45.96,45.96,45.96,45.96,45.96,1,1
1626096480,45.96,45.96,45.96,45.96,45.96,2,1
1626096485,45.96,45.96,45.89,45.89,45.93321,17,10
1626096490,45.9,45.9,45.9,45.9,45.9,10,1
1626096495,45.89,45.89,45.8,45.8,45.86991,4,2
1626096500,45.8,45.8,45.8,45.8,45.8,0,0
1626096505,45.8,45.8,45.8,45.8,45.8,0,0
1626096510,45.85,45.89,45.85,45.89,45.87,2,2
1626096515,45.89,45.89,45.89,45.89,45.89,0,0
1626096520,45.8,45.8,45.8,45.8,45.8,1,1
1626096525,45.81,45.81,45.8,45.8,45.80265,3,2
1626096530,45.8,45.8,45.8,45.8,45.8,4,2
1626096535,45.79,45.79,45.79,45.79,45.79,5,1
1626096540,45.79,45.89,45.79,45.89,45.84736,5,2
1626096545,45.89,45.89,45.89,45.89,45.89,0,0
1626096550,45.89,45.89,45.89,45.89,45.89,0,0
1626096555,45.86,45.86,45.86,45.86,45.86,2,1
1626096560,45.86,45.86,45.86,45.86,45.86,0,0
1626096565,45.89,45.89,45.87,45.87,45.88047,9,6
1626096570,45.87,45.87,45.87,45.87,45.87,7,2
1626096575,45.87,45.87,45.87,45.87,45.87,0,0
1626096580,45.87,45.87,45.87,45.87,45.87,0,0
1626096585,45.85,45.85,45.85,45.85,45.85,3,1
1626096590,45.85,45.85,45.85,45.85,45.85,3,2
1626096595,45.85,46.0,45.85,46.0,45.98122,48,13
1626096600,45.97,45.97,45.97,45.97,45.97,2,1
1626096605,45.94,46.17,45.94,46.14,46.00314,4410,95
1626096610,46.13,46.21,46.06,46.14,46.15782,226,130
1626096615,46.14,46.2,46.09,46.1795,46.14234,154,78
1626096620,46.161,46.19,46.02,46.03,46.11038,141,49
1626096625,46.05,46.2,46.05,46.145,46.13357,164,61
1626096630,46.13,46.222,46.12,46.1999,46.17566,189,94
1626096635,46.171,46.195,46.06,46.11,46.13425,274,107
1626096640,46.125,46.2,46.1,46.1815,46.13476,172,53
1626096645,46.1887,46.23,46.1,46.12,46.18588,254,90
1626096650,46.11,46.155,46.08,46.155,46.12139,170,69
1626096655,46.1543,46.22,46.1543,46.215,46.19384,290,80
1626096660,46.2,46.42,46.2,46.3935,46.31874,640,211
1626096665,46.3936,46.53,46.3936,46.515,46.48067,723,146
1626096670,46.5,46.5655,46.44,46.5655,46.48802,438,158
1626096675,46.57,46.6395,46.5,46.592,46.56596,457,148
1626096680,46.5968,46.61,46.43,46.4699,46.52619,530,145
1626096685,46.46,46.49,46.41,46.49,46.44944,217,83
1626096690,46.5,46.5,46.39,46.47,46.46927,658,136
1626096695,46.4619,46.48,46.44,46.45,46.46086,291,54
1626096700,46.46,46.47,46.39,46.4208,46.42771,370,106
1626096705,46.41,46.4208,46.3,46.31,46.35961,282,129
1626096710,46.315,46.42,46.3,46.4,46.34092,239,90
1626096715,46.3999,46.45,46.39,46.4,46.41586,181,61
1626096720,46.43,46.52,46.4062,46.5189,46.47511,408,115
1626096725,46.52,46.63,46.515,46.5701,46.58422,454,142
1626096730,46.57,46.5877,46.44,46.47,46.51654,286,126
1626096735,46.49,46.4984,46.39,46.4495,46.4259,412,156
1626096740,46.4201,46.51,46.412,46.5,46.4704,177,52
1626096745,46.515,46.5257,46.42,46.43,46.4699,264,112
1626096750,46.43,46.45,46.4,46.4,46.41314,346,95
1626096755,46.412,46.45,46.2606,46.285,46.35474,503,153
1626096760,46.289,46.3,46.23,46.2775,46.26615,283,71
1626096765,46.285,46.3,46.26,46.27,46.28356,95,37
1626096770,46.26,46.3,46.24,46.2899,46.27906,235,66
1626096775,46.275,46.36,46.26,46.36,46.30629,189,60
1626096780,46.36,46.41,46.3319,46.4,46.37773,259,91
1626096785,46.39,46.42,46.3501,46.4,46.38332,264,142
1626096790,46.405,46.49,46.4,46.47,46.44032,389,103
1626096795,46.47,46.55,46.455,46.5101,46.49837,531,199
1626096800,46.52,46.53,46.3745,46.3938,46.42548,982,139
1626096805,46.3985,46.48,46.3985,46.43,46.41515,793,55
1626096810,46.43,46.46,46.39,46.4,46.42718,147,61
1626096815,46.3975,46.45,46.35,46.3899,46.37627,222,68
1626096820,46.38,46.41,46.3519,46.3519,46.38127,102,42
1626096825,46.35,46.35,46.2843,46.3047,46.3158,287,98
1626096830,46.3004,46.315,46.2521,46.27,46.28721,282,112
1626096835,46.2601,46.32,46.2537,46.3,46.27452,200,64
1626096840,46.29,46.31,46.2599,46.27,46.28705,185,49
1626096845,46.28,46.2872,46.0828,46.09,46.16475,496,162
1626096850,46.0811,46.1482,46.04,46.1482,46.08553,374,163
1626096855,46.1395,46.1395,46.08,46.1294,46.11452,235,58
1626096860,46.1297,46.2399,46.095,46.1,46.15811,371,178
1626096865,46.095,46.1662,46.0803,46.09,46.10008,128,47
1626096870,46.095,46.1,46.05,46.072,46.08581,208,119
1626096875,46.095,46.11,46.0501,46.0999,46.0952,183,54
1626096880,46.099,46.19,46.09,46.19,46.14464,256,78
1626096885,46.195,46.21,46.1726,46.1902,46.1953,504,144
1626096890,46.2,46.33,46.18,46.33,46.27424,444,146
1626096895,46.33,46.4,46.31,46.3401,46.35372,541,134
1626096900,46.34,46.37,46.28,46.29,46.32804,222,109
1626096905,46.33,46.5,46.3103,46.48,46.41199,546,186
1626096910,46.481,46.54,46.48,46.488,46.50754,466,199
1626096915,46.49,46.52,46.45,46.5199,46.49235,370,182
1626096920,46.53,46.61,46.51,46.57,46.55589,896,240
1626096925,46.59,46.74,46.59,46.73,46.67105,1053,403
1626096930,46.72,46.7301,46.66,46.6999,46.68935,486,225
1626096935,46.7,46.7601,46.6901,46.7228,46.73188,613,188
1626096940,46.725,46.79,46.7109,46.79,46.74473,393,129
1626096945,46.76,46.8198,46.69,46.7,46.75971,536,184
1626096950,46.7,46.7678,46.7,46.76,46.734,231,115
1626096955,46.75,46.8,46.66,46.6714,46.73448,504,159
1626096960,46.68,46.76,46.65,46.7101,46.70333,426,161
1626096965,46.7118,46.7475,46.67,46.6916,46.6846,211,71
1626096970,46.705,46.73,46.58,46.6,46.64356,452,206
1626096975,46.59,46.62,46.532,46.532,46.58541,326,86
1626096980,46.55,46.61,46.52,46.5699,46.56653,717,252
1626096985,46.56,46.6,46.51,46.53,46.56053,204,93
1626096990,46.53,46.56,46.4819,46.52,46.52158,443,128
1626096995,46.5295,46.54,46.4,46.425,46.46225,341,164
1626097000,46.4255,46.53,46.41,46.52,46.49049,342,135
1626097005,46.51,46.54,46.49,46.5,46.51159,254,92
1626097010,46.51,46.5306,46.49,46.5306,46.51392,154,80
1626097015,46.54,46.57,46.51,46.56,46.54706,408,115
1626097020,46.56,46.568,46.46,46.47,46.50873,307,132
1626097025,46.46,46.47,46.44,46.47,46.45549,208,87
1626097030,46.46,46.47,46.4,46.4001,46.43051,299,121
1626097035,46.41,46.45,46.4,46.43,46.4239,261,93
1626097040,46.43,46.55,46.4219,46.5467,46.4817,205,98
1626097045,46.5499,46.58,46.51,46.5102,46.55097,253,109
1626097050,46.52,46.5799,46.5118,46.5426,46.55443,129,59
1626097055,46.5583,46.64,46.5583,46.62,46.59826,305,143
1626097060,46.62,46.6205,46.58,46.5886,46.59666,317,125
1626097065,46.58,46.6101,46.56,46.58,46.58638,287,91
1626097070,46.5809,46.64,46.58,46.6201,46.61682,272,98
1626097075,46.62,46.629,46.5818,46.6,46.60268,181,57
1626097080,46.59,46.6199,46.56,46.5901,46.57706,753,77
1626097085,46.6,46.68,46.6,46.64,46.64508,301,171
1626097090,46.6322,46.67,46.6189,46.66,46.63771,307,83
1626097095,46.6564,46.6582,46.56,46.565,46.60315,333,142
1626097100,46.56,46.57,46.32,46.3215,46.44775,2278,346
1626097105,46.33,46.355,46.21,46.2603,46.28569,616,274
1626097110,46.26,46.29,46.23,46.242,46.24076,414,182
1626097115,46.2683,46.28,46.23,46.2317,46.24865,230,112
1626097120,46.2399,46.27,46.23,46.24,46.23342,800,155
1626097125,46.24,46.2799,46.23,46.2799,46.25898,242,64
1626097130,46.2781,46.299,46.26,46.29,46.28194,105,43
1626097135,46.28,46.33,46.28,46.3241,46.31688,177,71
1626097140,46.33,46.37,46.32,46.36,46.34798,358,132
1626097145,46.3401,46.39,46.3401,46.35,46.36765,209,77
1626097150,46.35,46.375,46.2,46.24,46.27696,630,249
1626097155,46.24,46.24,46.07,46.095,46.14868,817,196
1626097160,46.1099,46.17,46.1,46.157,46.14424,340,120
1626097165,46.1426,46.18,46.14,46.15,46.15452,261,53
1626097170,46.16,46.19,46.14,46.15,46.15528,210,80
1626097175,46.15,46.15,46.11,46.12,46.12815,170,79
1626097180,46.13,46.16,46.116,46.1499,46.13881,136,35
1626097185,46.14,46.17,46.13,46.14,46.15127,98,45
1626097190,46.14,46.19,46.13,46.1599,46.15871,109,44
1626097195,46.17,46.2,46.15,46.17,46.18226,103,52
1626097200,46.1609,46.17,46.12,46.13,46.13972,392,215
1626097205,46.11,46.12,45.92,45.9336,45.99998,1110,316
1626097210,45.95,45.99,45.84,45.865,45.90744,1154,413
1626097215,45.865,45.8834,45.81,45.81,45.84862,211,90
1626097220,45.801,45.86,45.8,45.835,45.82106,540,139
1626097225,45.84,45.86,45.83,45.84,45.85082,224,127
1626097230,45.86,45.86,45.8099,45.8099,45.83485,229,97
1626097235,45.81,45.83,45.77,45.7715,45.79408,551,115
1626097240,45.7848,45.85,45.775,45.825,45.82037,330,147
1626097245,45.83,45.86,45.83,45.84,45.84868,117,80
1626097250,45.84,45.84,45.738,45.7499,45.77683,416,93
1626097255,45.745,45.8,45.74,45.77,45.77138,332,89
1626097260,45.7601,45.85,45.7601,45.8301,45.81566,346,116
1626097265,45.84,45.9599,45.84,45.9476,45.89981,648,181
1626097270,45.95,45.96,45.9101,45.945,45.94207,369,126
1626097275,45.93,45.9457,45.9,45.9103,45.91746,413,116
1626097280,45.93,45.939,45.89,45.9388,45.92012,171,68
1626097285,45.94,45.9899,45.85,45.85,45.93291,299,121
1626097290,45.8515,45.92,45.84,45.89,45.88839,191,63
1626097295,45.9,45.9,45.81,45.85,45.83887,439,120
1626097300,45.85,45.9,45.85,45.8733,45.87618,115,38
1626097305,45.87,45.9653,45.87,45.9526,45.93163,240,69
1626097310,45.96,45.96,45.8801,45.915,45.91539,190,61
1626097315,45.92,45.92,45.9001,45.9016,45.907,66,20
1626097320,45.92,45.92,45.87,45.88,45.9038,190,89
1626097325,45.885,45.909,45.81,45.81,45.8438,308,112
1626097330,45.81,45.83,45.79,45.81,45.80989,242,95
1626097335,45.814,45.83,45.79,45.83,45.81536,117,35
1626097340,45.8284,45.84,45.79,45.82,45.82607,227,69
1626097345,45.8101,45.83,45.77,45.7799,45.79765,172,62
1626097350,45.78,45.8,45.75,45.75,45.77405,273,88
1626097355,45.75,45.75,45.69,45.7407,45.71146,508,156
1626097360,45.75,45.81,45.74,45.779,45.77077,462,140
1626097365,45.7623,45.7799,45.75,45.7533,45.76518,166,46
1626097370,45.765,45.79,45.753,45.77,45.77545,138,42
1626097375,45.76,45.79,45.7501,45.77,45.76715,55,27
1626097380,45.7788,45.84,45.7643,45.835,45.82342,317,99
1626097385,45.83,45.8317,45.7818,45.82,45.81477,166,48
1626097390,45.83,45.83,45.7919,45.7919,45.80797,53,27
1626097395,45.7901,45.82,45.78,45.81,45.79913,192,66
1626097400,45.81,45.8474,45.8,45.8301,45.82276,82,54
1626097405,45.8475,45.9,45.83,45.8907,45.87538,252,89
1626097410,45.8998,45.93,45.8998,45.9137,45.91029,212,73
1626097415,45.901,45.93,45.83,45.84,45.8839,329,132
1626097420,45.85,45.93,45.8401,45.87,45.87809,203,66
1626097425,45.87,45.87,45.72,45.73,45.76997,647,178
1626097430,45.73,45.745,45.645,45.65,45.70323,443,134
1626097435,45.64,45.67,45.62,45.63,45.65751,585,112
1626097440,45.6399,45.64,45.52,45.54,45.56378,681,202
1626097445,45.54,45.5784,45.49,45.5,45.51535,591,141
1626097450,45.5062,45.58,45.5062,45.565,45.53695,394,113
1626097455,45.56,45.6099,45.54,45.6001,45.57015,221,58
1626097460,45.605,45.61,45.5811,45.6,45.59854,209,112
1626097465,45.605,45.61,45.5308,45.5899,45.56743,326,93
1626097470,45.57,45.6599,45.57,45.65,45.63267,174,67
1626097475,45.659,45.7,45.65,45.685,45.67402,251,92
1626097480,45.69,45.6985,45.64,45.691,45.66328,338,94
1626097485,45.695,45.7,45.66,45.665,45.67742,213,70
1626097490,45.67,45.7,45.66,45.675,45.67988,135,59
1626097495,45.68,45.719,45.68,45.7,45.70823,109,27
1626097500,45.7195,45.74,45.7,45.7,45.71794,247,83
1626097505,45.7099,45.71,45.678,45.6801,45.69466,201,61
1626097510,45.69,45.7001,45.6201,45.66,45.65762,210,71
1626097515,45.64,45.66,45.622,45.635,45.65097,59,26
1626097520,45.6336,45.6591,45.61,45.6591,45.62903,195,51
1626097525,45.6688,45.68,45.635,45.635,45.66709,154,72
1626097530,45.639,45.65,45.58,45.59,45.60717,166,95
1626097535,45.6,45.61,45.52,45.55,45.56414,227,105
1626097540,45.54,45.54,45.48,45.49,45.50906,480,143
1626097545,45.49,45.53,45.4817,45.49,45.50835,173,71
1626097550,45.49,45.53,45.4713,45.51,45.50128,120,48
1626097555,45.5001,45.54,45.46,45.4612,45.50263,294,117
1626097560,45.4608,45.48,45.4597,45.475,45.4653,218,46
1626097565,45.48,45.51,45.48,45.4907,45.49473,284,105
1626097570,45.5,45.5673,45.49,45.56,45.51999,348,109
1626097575,45.56,45.57,45.54,45.5611,45.56061,261,58
1626097580,45.56,45.5993,45.535,45.5912,45.56511,102,39
1626097585,45.59,45.64,45.555,45.626,45.60216,192,77
1626097590,45.61,45.63,45.59,45.6,45.60791,243,91
1626097595,45.6,45.61,45.545,45.59,45.5856,145,71
1626097600,45.594,45.5999,45.53,45.54,45.55675,163,69
1626097605,45.5301,45.57,45.51,45.5698,45.54338,193,65
1626097610,45.59,45.65,45.58,45.64,45.61257,173,79
1626097615,45.6499,45.6499,45.6,45.615,45.63155,110,54
1626097620,45.61,45.625,45.5618,45.625,45.59074,171,64
1626097625,45.62,45.65,45.6009,45.603,45.62416,220,50
1626097630,45.62,45.64,45.6001,45.619,45.62568,207,92
1626097635,45.6,45.6,45.52,45.52,45.55276,210,84
1626097640,45.52,45.5399,45.5,45.5399,45.51319,260,70
1626097645,45.54,45.59,45.505,45.515,45.55442,186,66
1626097650,45.51,45.545,45.4601,45.475,45.49595,415,122
1626097655,45.465,45.49,45.46,45.49,45.47275,46,26
1626097660,45.48,45.4999,45.465,45.4701,45.48512,194,48
1626097665,45.475,45.51,45.46,45.5,45.48811,253,83
1626097670,45.51,45.51,45.38,45.39,45.42059,576,239
1626097675,45.381,45.39,45.34,45.39,45.35442,617,119
1626097680,45.37,45.37,45.32,45.369,45.33535,409,140
1626097685,45.36,45.39,45.34,45.38,45.36409,260,144
1626097690,45.3819,45.4,45.375,45.3998,45.38601,198,48
1626097695,45.3912,45.425,45.3907,45.4122,45.40829,210,75
1626097700,45.4116,45.4498,45.41,45.42,45.42917,153,46
1626097705,45.4166,45.4193,45.3501,45.38,45.38933,176,65
1626097710,45.3811,45.395,45.32,45.33,45.35911,300,76
1626097715,45.3481,45.39,45.34,45.3701,45.36975,209,88
1626097720,45.37,45.42,45.3586,45.41,45.38691,243,110
1626097725,45.38,45.435,45.36,45.435,45.41621,487,117
1626097730,45.44,45.44,45.37,45.3714,45.4146,141,38
1626097735,45.3709,45.3991,45.37,45.39,45.38743,135,38
1626097740,45.4,45.43,45.3701,45.3701,45.40637,164,89
1626097745,45.38,45.39,45.361,45.37,45.38232,65,30
1626097750,45.36,45.39,45.35,45.3795,45.37401,243,46
1626097755,45.37,45.38,45.34,45.345,45.35723,90,42
1626097760,45.345,45.345,45.25,45.3199,45.29688,893,224
1626097765,45.3001,45.3094,45.265,45.2789,45.28186,281,60
1626097770,45.2701,45.29,45.27,45.2899,45.27701,180,41
1626097775,45.3,45.35,45.29,45.345,45.31387,207,56
1626097780,45.35,45.35,45.2609,45.3,45.29216,136,69
1626097785,45.3,45.3,45.23,45.26,45.25611,310,129
1626097790,45.2401,45.26,45.22,45.26,45.2374,289,121
1626097795,45.265,45.27,45.18,45.1802,45.21993,534,177
1626097800,45.1762,45.22,45.155,45.1722,45.1872,327,103
1626097805,45.18,45.19,45.11,45.165,45.14211,478,111
1626097810,45.17,45.2175,45.14,45.205,45.18013,285,111
1626097815,45.21,45.23,45.16,45.22,45.18878,252,97
1626097820,45.2182,45.23,45.18,45.195,45.20274,253,81
1626097825,45.197,45.2125,45.16,45.19,45.18688,264,103
1626097830,45.2,45.25,45.19,45.215,45.21867,311,98
1626097835,45.21,45.235,45.1707,45.21,45.19957,246,116
1626097840,45.21,45.237,45.2002,45.225,45.21881,79,24
1626097845,45.225,45.28,45.225,45.2701,45.26189,377,125
1626097850,45.2738,45.335,45.25,45.315,45.29726,342,119
1626097855,45.31,45.32,45.25,45.25,45.28302,227,89
1626097860,45.255,45.28,45.24,45.25,45.26035,239,116
1626097865,45.2599,45.27,45.225,45.26,45.2526,217,69
1626097870,45.26,45.26,45.22,45.235,45.23815,235,95
1626097875,45.235,45.255,45.21,45.23,45.23254,126,47
1626097880,45.255,45.2799,45.25,45.265,45.25985,160,51
1626097885,45.2628,45.3299,45.26,45.325,45.2934,354,85
1626097890,45.3299,45.33,45.3,45.3,45.31029,165,43
1626097895,45.315,45.33,45.27,45.33,45.29893,216,78
1626097900,45.32,45.32,45.2792,45.291,45.30176,203,48
1626097905,45.31,45.34,45.31,45.33,45.32631,103,47
1626097910,45.33,45.36,45.32,45.35,45.345,433,67
1626097915,45.35,45.38,45.33,45.37,45.36215,277,101
1626097920,45.375,45.375,45.305,45.3199,45.33151,352,114
1626097925,45.3156,45.38,45.3156,45.37,45.35169,120,44
1626097930,45.37,45.4077,45.35,45.3994,45.37742,103,58
1626097935,45.39,45.41,45.38,45.39,45.39288,253,64
1626097940,45.39,45.44,45.38,45.43,45.42181,208,76
1626097945,45.44,45.44,45.38,45.4,45.41468,269,126
1626097950,45.3985,45.4277,45.395,45.41,45.40808,121,31
1626097955,45.4109,45.43,45.4,45.43,45.41269,99,45
1626097960,45.43,45.47,45.42,45.455,45.44775,353,118
1626097965,45.46,45.5,45.4198,45.455,45.46035,648,198
1626097970,45.4562,45.49,45.45,45.48,45.46841,209,87
1626097975,45.465,45.47,45.4301,45.46,45.4545,135,77
1626097980,45.459,45.459,45.3601,45.41,45.39121,410,132
1626097985,45.4181,45.4181,45.38,45.4083,45.39758,121,46
1626097990,45.39,45.43,45.39,45.4201,45.40035,179,79
1626097995,45.42,45.42,45.39,45.395,45.40934,144,70
1626098000,45.3924,45.41,45.37,45.39,45.39367,145,86
1626098005,45.4,45.44,45.39,45.415,45.41474,156,53
1626098010,45.41,45.411,45.39,45.395,45.39932,58,37
1626098015,45.4,45.43,45.4,45.41,45.41378,137,69
1626098020,45.39,45.41,45.39,45.4091,45.39959,60,24
1626098025,45.41,45.47,45.4099,45.4319,45.44459,249,92
1626098030,45.435,45.48,45.4198,45.47,45.44383,209,70
1626098035,45.48,45.51,45.47,45.48,45.49614,367,101
1626098040,45.465,45.469,45.4301,45.465,45.45021,213,89
1626098045,45.4688,45.48,45.45,45.472,45.4612,252,55
1626098050,45.48,45.5399,45.48,45.5306,45.50628,250,80
1626098055,45.54,45.555,45.525,45.5386,45.54322,285,89
1626098060,45.5301,45.6,45.5301,45.59,45.58345,289,122
1626098065,45.5879,45.595,45.51,45.555,45.55174,394,178
1626098070,45.56,45.575,45.5443,45.565,45.56118,262,79
1626098075,45.56,45.58,45.49,45.491,45.54846,229,87
1626098080,45.5,45.515,45.47,45.51,45.496,320,79
1626098085,45.5001,45.54,45.4801,45.54,45.49803,187,70
1626098090,45.53,45.5392,45.46,45.47,45.49317,84,55
1626098095,45.4791,45.5,45.4791,45.49,45.49029,38,21
1626098100,45.495,45.5192,45.47,45.5192,45.49611,203,64
1626098105,45.52,45.56,45.5199,45.54,45.54129,115,61
1626098110,45.56,45.59,45.5346,45.5346,45.56964,260,67
1626098115,45.5426,45.56,45.5311,45.5598,45.5472,124,41
1626098120,45.56,45.57,45.5301,45.55,45.55624,146,62
1626098125,45.56,45.62,45.56,45.6069,45.59793,346,81
1626098130,45.605,45.609,45.57,45.5854,45.58103,207,81
1626098135,45.5866,45.61,45.58,45.61,45.59686,180,58
1626098140,45.61,45.61,45.56,45.5687,45.58164,251,69
1626098145,45.57,45.57,45.52,45.525,45.53038,356,111
1626098150,45.5257,45.5524,45.51,45.5499,45.52977,265,125
1626098155,45.5412,45.545,45.52,45.52,45.52554,220,81
1626098160,45.52,45.53,45.5,45.517,45.51262,219,63
1626098165,45.515,45.525,45.38,45.405,45.45075,544,202
1626098170,45.41,45.43,45.3705,45.41,45.39411,312,118
1626098175,45.4073,45.43,45.3927,45.42,45.41522,125,56
1626098180,45.43,45.47,45.43,45.4491,45.45817,129,42
1626098185,45.45,45.46,45.42,45.45,45.44223,106,64
1626098190,45.455,45.4791,45.43,45.4709,45.44777,79,26
1626098195,45.48,45.56,45.48,45.551,45.53444,270,81
1626098200,45.5591,45.59,45.535,45.5873,45.56234,169,59
1626098205,45.59,45.6,45.58,45.59,45.59018,133,52
1626098210,45.5945,45.605,45.55,45.5701,45.5723,201,71
1626098215,45.58,45.6,45.52,45.56,45.57033,213,84
1626098220,45.58,45.585,45.51,45.545,45.53685,253,97
1626098225,45.535,45.565,45.48,45.565,45.52927,177,72
1626098230,45.565,45.58,45.55,45.565,45.56343,163,66
1626098235,45.575,45.625,45.5742,45.6165,45.59644,196,46
1626098240,45.62,45.65,45.6,45.6,45.6352,322,127
1626098245,45.6019,45.65,45.6019,45.64,45.63618,189,51
1626098250,45.64,45.645,45.57,45.585,45.60645,293,109
1626098255,45.6,45.61,45.55,45.5599,45.57844,204,65
1626098260,45.5591,45.5775,45.55,45.57,45.56678,64,20
1626098265,45.5793,45.59,45.53,45.56,45.55474,153,54
1626098270,45.56,45.56,45.515,45.5308,45.53608,111,63
1626098275,45.521,45.535,45.45,45.455,45.4897,386,138
1626098280,45.4501,45.51,45.45,45.4749,45.47623,232,37
1626098285,45.47,45.48,45.45,45.465,45.46151,198,52
1626098290,45.46,45.47,45.4,45.42,45.43124,253,94
1626098295,45.42,45.4586,45.41,45.4586,45.43442,181,67
1626098300,45.44,45.465,45.42,45.465,45.44162,143,47
1626098305,45.47,45.52,45.4682,45.52,45.49454,125,53
1626098310,45.515,45.52,45.49,45.5,45.50616,98,37
1626098315,45.51,45.53,45.5,45.51,45.51102,86,22
1626098320,45.52,45.52,45.5032,45.52,45.51736,43,15
1626098325,45.51,45.52,45.505,45.52,45.51079,28,13
1626098330,45.515,45.52,45.46,45.47,45.49165,88,61
1626098335,45.47,45.4907,45.46,45.461,45.4769,96,35
1626098340,45.4673,45.47,45.4,45.4,45.42231,163,96
1626098345,45.4,45.4199,45.39,45.41,45.40468,209,68
1626098350,45.415,45.4199,45.371,45.4018,45.40046,187,68
1626098355,45.41,45.4577,45.41,45.445,45.42512,180,38
1626098360,45.45,45.485,45.45,45.48,45.4691,160,77
1626098365,45.49,45.5,45.48,45.4965,45.48894,113,46
1626098370,45.5,45.51,45.4882,45.501,45.49512,87,39
1626098375,45.52,45.58,45.511,45.5702,45.54815,238,96
1626098380,45.5601,45.58,45.55,45.573,45.56702,216,39
1626098385,45.5789,45.5799,45.52,45.53,45.55026,184,73
1626098390,45.52,45.53,45.5,45.51,45.51492,54,33
1626098395,45.501,45.5496,45.5001,45.544,45.53009,80,17
1626098400,45.54,45.56,45.54,45.55,45.55113,145,40
1626098405,45.55,45.58,45.55,45.57,45.56124,306,53
1626098410,45.5692,45.5999,45.54,45.545,45.57447,132,62
1626098415,45.54,45.54,45.43,45.446,45.47799,571,144
1626098420,45.4491,45.45,45.41,45.41,45.42862,114,41
1626098425,45.415,45.44,45.41,45.415,45.42531,133,21
1626098430,45.42,45.43,45.35,45.3599,45.38822,308,85
1626098435,45.357,45.36,45.33,45.345,45.34184,168,66
1626098440,45.34,45.36,45.33,45.36,45.35021,209,41
1626098445,45.35,45.37,45.34,45.36,45.36229,96,36
1626098450,45.3587,45.36,45.31,45.319,45.32917,174,52
1626098455,45.311,45.3177,45.27,45.2994,45.29339,423,141
1626098460,45.29,45.2902,45.21,45.21,45.25303,381,116
1626098465,45.21,45.24,45.19,45.23,45.20943,398,93
1626098470,45.23,45.28,45.2098,45.28,45.23821,278,82
1626098475,45.28,45.3279,45.245,45.3279,45.27917,239,90
1626098480,45.32,45.35,45.31,45.35,45.32462,231,38
1626098485,45.34,45.34,45.3,45.3032,45.31602,57,24
1626098490,45.31,45.37,45.3,45.36,45.32685,89,49
1626098495,45.351,45.351,45.25,45.2511,45.27623,209,40
1626098500,45.255,45.2757,45.2409,45.27,45.25731,145,49
1626098505,45.2658,45.29,45.2501,45.2501,45.27068,123,28
1626098510,45.25,45.28,45.25,45.28,45.25865,112,45
1626098515,45.2716,45.32,45.255,45.255,45.27184,186,53
1626098520,45.25,45.28,45.23,45.275,45.2581,147,55
1626098525,45.29,45.3,45.25,45.251,45.28954,156,33
1626098530,45.25,45.2999,45.24,45.27,45.25947,139,58
1626098535,45.252,45.305,45.25,45.27,45.2834,137,58
1626098540,45.28,45.3,45.2782,45.2901,45.28665,39,23
1626098545,45.3,45.35,45.3,45.32,45.32587,273,77
1626098550,45.33,45.37,45.31,45.31,45.34819,123,48
1626098555,45.3,45.328,45.2701,45.28,45.2931,90,31
1626098560,45.27,45.28,45.26,45.27,45.26837,198,36
1626098565,45.2699,45.29,45.25,45.2762,45.26964,101,47
1626098570,45.275,45.28,45.23,45.2301,45.25944,56,27
1626098575,45.2301,45.2488,45.23,45.2482,45.23635,154,37
1626098580,45.249,45.2887,45.2301,45.245,45.26801,119,39
1626098585,45.2401,45.2599,45.24,45.24,45.25051,52,20
1626098590,45.236,45.25,45.23,45.2301,45.23635,97,37
1626098595,45.23,45.23,45.2,45.21,45.2146,101,42
1626098600,45.22,45.225,45.2,45.22,45.21038,104,34
1626098605,45.21,45.21,45.2,45.21,45.20371,70,16
1626098610,45.2134,45.25,45.21,45.24,45.2329,77,44
1626098615,45.245,45.2499,45.23,45.24,45.24255,66,20
1626098620,45.235,45.25,45.23,45.245,45.23713,62,28
1626098625,45.25,45.32,45.245,45.315,45.28681,193,71
1626098630,45.3199,45.3495,45.31,45.32,45.32859,92,65
1626098635,45.33,45.34,45.2699,45.27,45.30158,105,63
1626098640,45.27,45.275,45.19,45.19,45.21485,217,95
1626098645,45.18,45.1801,45.1,45.11,45.13417,465,162
1626098650,45.1,45.17,45.1,45.16,45.14578,263,73
1626098655,45.17,45.19,45.1611,45.17,45.17883,144,48
1626098660,45.18,45.1899,45.15,45.16,45.17092,63,34
1626098665,45.16,45.18,45.12,45.18,45.14557,195,45
1626098670,45.1701,45.18,45.16,45.165,45.16932,53,19
1626098675,45.1763,45.195,45.16,45.17,45.16978,272,79
1626098680,45.1699,45.21,45.1601,45.173,45.17894,166,65
1626098685,45.18,45.2,45.135,45.135,45.16983,138,42
1626098690,45.1362,45.16,45.13,45.145,45.15165,67,38
1626098695,45.1401,45.145,45.12,45.135,45.13085,103,41
1626098700,45.14,45.15,45.05,45.0799,45.096,379,119
1626098705,45.075,45.0909,45.04,45.0409,45.05902,385,138
1626098710,45.05,45.0562,44.98,45.02,45.00725,1597,466
1626098715,45.04,45.04,44.98,45.0243,45.00838,293,97
1626098720,45.025,45.0253,44.9701,44.975,44.99618,181,73
1626098725,44.97,45.0,44.9637,44.9637,44.9808,291,95
1626098730,44.97,45.0,44.965,44.975,44.97878,162,51
1626098735,44.98,44.9808,44.93,44.9301,44.9507,279,105
1626098740,44.9301,44.95,44.925,44.93,44.93381,233,103
1626098745,44.9362,44.94,44.92,44.935,44.93076,101,52
1626098750,44.9243,44.95,44.89,44.91,44.93558,1045,209
1626098755,44.92,44.93,44.885,44.885,44.91028,231,69
1626098760,44.8934,44.8934,44.87,44.88,44.88069,423,114
1626098765,44.8799,44.93,44.87,44.93,44.90719,330,117
1626098770,44.92,44.95,44.92,44.92,44.944,573,83
1626098775,44.9201,44.95,44.92,44.93,44.93325,116,60
1626098780,44.93,44.945,44.925,44.94,44.93329,73,48
1626098785,44.9407,44.9478,44.895,44.895,44.9259,143,76
1626098790,44.89,44.9,44.88,44.8879,44.88469,114,33
1626098795,44.885,44.8899,44.86,44.865,44.87633,86,43
1626098800,44.8619,44.89,44.86,44.8773,44.87652,172,92
1626098805,44.875,44.89,44.875,44.8882,44.88675,97,46
1626098810,44.8846,44.895,44.88,44.885,44.88538,151,44
1626098815,44.8899,44.91,44.88,44.88,44.89847,493,53
1626098820,44.89,44.89,44.84,44.85,44.86344,188,80
1626098825,44.845,44.89,44.8401,44.89,44.8778,127,61
1626098830,44.89,44.93,44.875,44.92,44.9036,284,127
1626098835,44.91,44.91,44.89,44.9099,44.90689,113,60
1626098840,44.9,44.9,44.85,44.8601,44.87401,155,79
1626098845,44.855,44.9,44.85,44.9,44.87266,153,48
1626098850,44.892,44.91,44.89,44.8999,44.90054,202,75
1626098855,44.895,44.8999,44.86,44.88,44.8725,182,72
1626098860,44.88,44.89,44.87,44.88,44.88082,94,47
1626098865,44.88,44.89,44.8501,44.8899,44.87411,281,120
1626098870,44.89,44.92,44.88,44.8901,44.89686,285,136
1626098875,44.893,44.91,44.8817,44.91,44.89179,79,42
1626098880,44.915,44.93,44.89,44.92,44.91055,138,49
1626098885,44.94,44.95,44.91,44.92,44.94446,654,149
1626098890,44.92,44.95,44.92,44.9499,44.94196,95,63
1626098895,44.945,44.95,44.9314,44.935,44.94318,256,143
1626098900,44.945,44.96,44.93,44.945,44.94762,755,127
1626098905,44.945,44.95,44.88,44.905,44.94144,558,148
1626098910,44.91,44.99,44.91,44.92,44.95288,497,228
1626098915,44.93,44.94,44.9,44.905,44.92284,202,96
1626098920,44.9099,44.9399,44.9,44.9093,44.9152,229,71
1626098925,44.9072,44.9199,44.9,44.9,44.90827,133,34
1626098930,44.91,44.92,44.9037,44.911,44.91484,96,25
1626098935,44.915,44.92,44.89,44.917,44.90421,206,94
1626098940,44.92,44.92,44.9,44.9108,44.90909,95,37
1626098945,44.915,44.935,44.91,44.93,44.92335,118,67
1626098950,44.92,44.92,44.8701,44.8701,44.90236,176,71
1626098955,44.8701,44.884,44.84,44.88,44.85782,267,107
1626098960,44.885,44.8899,44.865,44.882,44.87827,107,41
1626098965,44.8898,44.91,44.8809,44.905,44.90524,265,43
1626098970,44.905,44.93,44.9013,44.925,44.92033,199,78
1626098975,44.921,44.93,44.915,44.92,44.92081,66,40
1626098980,44.93,44.955,44.9201,44.955,44.93306,119,45
1626098985,44.955,44.97,44.95,44.9608,44.95835,138,52
1626098990,44.97,45.0,44.9501,44.97,44.98138,296,107
1626098995,44.99,45.04,44.9004,44.96,44.94185,1269,172
1626099000,44.97,44.98,44.84,44.84,44.89299,393,170
1626099005,44.8336,44.855,44.8,44.8001,44.80942,572,121
1626099010,44.79,44.8056,44.76,44.805,44.78271,474,173
1626099015,44.8,44.8101,44.77,44.7911,44.79498,180,75
1626099020,44.8001,44.8199,44.777,44.79,44.79146,126,46
1626099025,44.8,44.82,44.7799,44.81,44.79988,74,39
1626099030,44.816,44.83,44.805,44.81,44.81965,94,48
1626099035,44.82,44.84,44.81,44.83,44.82273,94,28
1626099040,44.825,44.88,44.82,44.875,44.85167,143,58
1626099045,44.87,44.89,44.84,44.845,44.86175,205,89
1626099050,44.841,44.87,44.84,44.865,44.8609,165,52
1626099055,44.865,44.87,44.861,44.87,44.86848,53,19
1626099060,44.86,44.8601,44.83,44.8302,44.84415,132,48
1626099065,44.835,44.8389,44.76,44.7625,44.80253,228,94
1626099070,44.765,44.775,44.735,44.76,44.75353,422,153
1626099075,44.76,44.81,44.75,44.81,44.78323,116,54
1626099080,44.81,44.81,44.75,44.75,44.77869,234,76
1626099085,44.75,44.7594,44.74,44.741,44.75032,153,60
1626099090,44.745,44.75,44.72,44.72,44.73172,204,92
1626099095,44.725,44.725,44.67,44.7199,44.70326,466,197
1626099100,44.725,44.735,44.71,44.711,44.72332,270,88
1626099105,44.72,44.73,44.6957,44.7299,44.70772,268,65
1626099110,44.725,44.7799,44.72,44.77,44.74703,454,152
1626099115,44.78,44.79,44.7086,44.7414,44.74504,270,139
1626099120,44.73,44.75,44.73,44.7301,44.73789,92,53
1626099125,44.7124,44.7269,44.7,44.7269,44.70749,123,40
1626099130,44.75,44.7998,44.749,44.78,44.76254,243,60
1626099135,44.7797,44.79,44.76,44.77,44.78089,80,31
1626099140,44.77,44.77,44.74,44.74,44.75568,64,45
1626099145,44.7464,44.78,44.7401,44.78,44.7651,49,30
1626099150,44.775,44.81,44.7719,44.7723,44.7979,181,50
1626099155,44.775,44.7999,44.75,44.755,44.77761,109,46
1626099160,44.76,44.8,44.7504,44.8,44.7781,120,32
1626099165,44.805,44.805,44.7901,44.8,44.79595,60,22
1626099170,44.8,44.81,44.78,44.78,44.79532,63,33
1626099175,44.7845,44.789,44.731,44.731,44.75294,93,29
1626099180,44.75,44.785,44.75,44.7799,44.76496,102,24
1626099185,44.79,44.82,44.7895,44.795,44.79733,199,46
1626099190,44.78,44.8189,44.776,44.8189,44.79472,77,27
1626099195,44.81,44.81,44.7709,44.775,44.78932,147,70
1626099200,44.7799,44.785,44.75,44.78,44.77344,74,24
1626099205,44.7899,44.83,44.7899,44.822,44.80473,328,66
1626099210,44.82,44.84,44.81,44.81,44.82634,172,87
1626099215,44.81,44.8101,44.8,44.8101,44.80529,61,22
1626099220,44.82,44.84,44.81,44.84,44.82008,128,31
1626099225,44.84,44.85,44.82,44.8301,44.83383,78,41
1626099230,44.84,44.85,44.82,44.85,44.83387,79,34
1626099235,44.84,44.8799,44.83,44.85,44.85612,368,110
1626099240,44.8593,44.925,44.84,44.92,44.88461,304,107
1626099245,44.915,44.95,44.91,44.927,44.92736,454,150
1626099250,44.925,44.94,44.89,44.94,44.91016,193,67
1626099255,44.935,44.9694,44.92,44.925,44.93847,96,49
1626099260,44.93,44.9302,44.9,44.9105,44.91518,84,53
1626099265,44.91,44.92,44.89,44.9101,44.90659,115,48
1626099270,44.9113,44.9457,44.9101,44.9457,44.92305,44,29
1626099275,44.95,44.961,44.94,44.94,44.95269,147,47
1626099280,44.95,44.98,44.95,44.96,44.96912,82,49
1626099285,44.955,44.98,44.955,44.9757,44.96938,76,38
1626099290,44.975,45.03,44.97,45.03,44.99436,164,52
1626099295,45.01,45.05,45.01,45.04,45.02791,373,152
1626099300,45.031,45.075,45.031,45.07,45.05715,191,87
1626099305,45.06,45.0699,45.035,45.04,45.04878,225,87
1626099310,45.039,45.064,45.0,45.0501,45.03785,181,61
1626099315,45.06,45.0601,45.035,45.04,45.04552,33,21
1626099320,45.0343,45.06,45.0293,45.0301,45.04391,141,61
1626099325,45.02,45.035,45.0,45.015,45.01331,87,50
1626099330,45.015,45.02,44.97,44.975,44.99631,225,120
1626099335,44.97,44.98,44.94,44.94,44.95944,164,66
1626099340,44.9308,44.9499,44.91,44.9199,44.93176,214,74
1626099345,44.915,44.915,44.87,44.87,44.89383,253,95
1626099350,44.8799,44.88,44.81,44.81,44.85317,298,126
1626099355,44.815,44.829,44.8,44.805,44.81051,159,51
1626099360,44.8012,44.85,44.8,44.846,44.83049,185,74
1626099365,44.845,44.8699,44.825,44.86,44.84298,341,146
1626099370,44.87,44.8899,44.87,44.8809,44.87484,126,33
1626099375,44.88,44.88,44.85,44.85,44.8637,101,50
1626099380,44.85,44.88,44.84,44.843,44.86099,190,86
1626099385,44.845,44.87,44.84,44.87,44.84885,76,33
1626099390,44.86,44.875,44.83,44.85,44.84788,196,90
1626099395,44.8599,44.9,44.8599,44.8901,44.88579,87,26
1626099400,44.9,44.94,44.89,44.9,44.91681,262,63
1626099405,44.9099,44.9099,44.85,44.85,44.87394,113,50
1626099410,44.845,44.86,44.8395,44.86,44.85162,175,74
1626099415,44.8594,44.9,44.855,44.89,44.87519,97,39
1626099420,44.87,44.88,44.8521,44.865,44.86713,169,41
1626099425,44.8601,44.899,44.86,44.899,44.88365,189,75
1626099430,44.895,44.92,44.88,44.8901,44.89946,121,60
1626099435,44.8999,44.8999,44.86,44.87,44.88776,81,25
1626099440,44.88,44.9,44.866,44.8778,44.88964,77,38
1626099445,44.8601,44.865,44.83,44.84,44.84449,179,77
1626099450,44.83,44.87,44.83,44.8628,44.84816,104,38
1626099455,44.8601,44.87,44.86,44.8613,44.86251,39,12
1626099460,44.86,44.9093,44.86,44.9093,44.8854,226,60
1626099465,44.9093,44.91,44.87,44.8791,44.88853,88,33
1626099470,44.885,44.9,44.885,44.89,44.89337,39,27
1626099475,44.885,44.89,44.88,44.885,44.88528,36,16
1626099480,44.88,44.88,44.85,44.86,44.86275,219,97
1626099485,44.85,44.8582,44.81,44.8152,44.83103,197,75
1626099490,44.815,44.8199,44.74,44.74,44.79107,488,187
1626099495,44.74,44.76,44.715,44.735,44.73548,238,121
1626099500,44.735,44.759,44.7,44.759,44.72965,125,93
1626099505,44.75,44.78,44.73,44.78,44.74927,138,70
1626099510,44.765,44.7763,44.73,44.73,44.75918,151,36
1626099515,44.7472,44.8,44.7307,44.77,44.77428,201,131
1626099520,44.77,44.78,44.76,44.77,44.76991,138,65
1626099525,44.78,44.78,44.76,44.76,44.76917,82,31
1626099530,44.7676,44.7676,44.75,44.755,44.75301,44,16
1626099535,44.75,44.75,44.72,44.72,44.73775,104,40
1626099540,44.73,44.78,44.73,44.775,44.75805,143,60
1626099545,44.78,44.83,44.775,44.8209,44.80903,270,98
1626099550,44.8209,44.8216,44.785,44.785,44.80928,59,40
1626099555,44.785,44.8,44.75,44.8,44.77609,223,71
1626099560,44.8,44.82,44.8,44.805,44.81172,106,48
1626099565,44.81,44.81,44.79,44.79,44.79846,63,21
1626099570,44.795,44.845,44.795,44.845,44.81916,95,35
1626099575,44.845,44.8498,44.81,44.815,44.8272,211,76
1626099580,44.82,44.83,44.78,44.78,44.80899,189,34
1626099585,44.78,44.78,44.75,44.7599,44.76158,47,34
1626099590,44.7599,44.76,44.73,44.7407,44.74375,163,27
1626099595,44.75,44.75,44.68,44.69,44.70292,291,106
1626099600,44.68,44.7,44.68,44.685,44.69127,338,92
1626099605,44.6888,44.69,44.6,44.6126,44.62532,1135,274
1626099610,44.615,44.64,44.61,44.61,44.62201,241,89
1626099615,44.62,44.6299,44.61,44.6123,44.61744,124,38
1626099620,44.6299,44.67,44.615,44.66,44.65374,191,88
1626099625,44.6662,44.67,44.65,44.6601,44.65948,110,47
1626099630,44.665,44.72,44.66,44.69,44.69674,559,175
1626099635,44.68,44.705,44.6701,44.7,44.68787,127,46
1626099640,44.695,44.72,44.69,44.7,44.70314,133,91
1626099645,44.7077,44.72,44.685,44.685,44.70576,112,55
1626099650,44.69,44.72,44.6807,44.7101,44.70708,131,67
1626099655,44.72,44.77,44.7182,44.75,44.75048,280,108
1626099660,44.7401,44.819,44.73,44.7706,44.76808,313,120
1626099665,44.779,44.79,44.735,44.75,44.76453,142,38
1626099670,44.769,44.79,44.765,44.79,44.77157,73,27
1626099675,44.785,44.789,44.77,44.789,44.77965,111,42
1626099680,44.7853,44.8,44.7801,44.8,44.79363,70,23
1626099685,44.7901,44.8,44.79,44.795,44.79398,64,20
1626099690,44.8,44.8,44.72,44.73,44.75477,230,77
1626099695,44.725,44.725,44.64,44.6517,44.66147,329,145
1626099700,44.6599,44.67,44.61,44.65,44.64731,193,87
1626099705,44.65,44.66,44.6301,44.66,44.64786,99,41
1626099710,44.6799,44.7,44.6601,44.69,44.67563,184,40
1626099715,44.71,44.7301,44.6868,44.71,44.69943,223,65
1626099720,44.7,44.72,44.7,44.715,44.7128,71,14
1626099725,44.71,44.715,44.7,44.7099,44.70484,76,33
1626099730,44.7,44.71,44.67,44.68,44.68202,257,54
1626099735,44.675,44.68,44.65,44.665,44.66717,125,48
1626099740,44.665,44.6699,44.6499,44.6499,44.65791,175,72
1626099745,44.655,44.66,44.64,44.65,44.65163,93,54
1626099750,44.65,44.65,44.63,44.63,44.63965,70,26
1626099755,44.635,44.635,44.62,44.6201,44.62785,103,28
1626099760,44.62,44.6399,44.62,44.63,44.62656,149,42
1626099765,44.6299,44.6599,44.6201,44.645,44.64558,132,47
1626099770,44.645,44.65,44.625,44.6421,44.64297,98,26
1626099775,44.6409,44.685,44.6409,44.661,44.66531,111,66
1626099780,44.66,44.71,44.66,44.71,44.67904,51,29
1626099785,44.71,44.73,44.7,44.715,44.71205,98,38
1626099790,44.71,44.7163,44.7,44.71,44.70862,42,15
1626099795,44.72,44.7625,44.72,44.7601,44.75208,132,66
1626099800,44.77,44.78,44.7611,44.775,44.77173,113,43
1626099805,44.7763,44.795,44.765,44.795,44.78127,68,32
1626099810,44.7999,44.7999,44.77,44.78,44.78172,128,59
1626099815,44.77,44.81,44.765,44.81,44.7904,159,78
1626099820,44.81,44.82,44.7845,44.79,44.79802,114,32
1626099825,44.785,44.79,44.77,44.79,44.77958,36,21
1626099830,44.79,44.805,44.785,44.795,44.7946,41,21
1626099835,44.7909,44.8,44.75,44.79,44.78096,167,71
1626099840,44.79,44.79,44.74,44.745,44.75828,170,76
1626099845,44.7489,44.755,44.715,44.72,44.73505,99,71
1626099850,44.73,44.76,44.73,44.7318,44.73901,82,51
1626099855,44.738,44.7575,44.73,44.755,44.74717,42,19
1626099860,44.76,44.77,44.75,44.76,44.7577,75,40
1626099865,44.77,44.79,44.75,44.75,44.77758,133,68
1626099870,44.75,44.83,44.75,44.83,44.80086,234,82
1626099875,44.83,44.83,44.79,44.8,44.81274,145,51
1626099880,44.8,44.8,44.745,44.77,44.76488,135,57
1626099885,44.775,44.78,44.75,44.78,44.76761,112,48
1626099890,44.7705,44.8,44.77,44.8,44.78066,76,32
1626099895,44.81,44.82,44.78,44.78,44.8005,96,44
1626099900,44.7707,44.8,44.76,44.79,44.77815,108,52
1626099905,44.785,44.8,44.7711,44.7737,44.78251,86,15
1626099910,44.7721,44.78,44.76,44.78,44.76926,72,27
1626099915,44.785,44.82,44.785,44.8177,44.80895,132,36
1626099920,44.84,44.9,44.82,44.895,44.86681,290,141
1626099925,44.89,44.91,44.8709,44.885,44.88966,201,65
1626099930,44.88,44.88,44.8508,44.8508,44.86944,132,60
1626099935,44.8582,44.89,44.8582,44.879,44.87266,154,41
1626099940,44.87,44.87,44.81,44.845,44.83793,281,65
1626099945,44.8401,44.859,44.84,44.8574,44.84774,59,28
1626099950,44.85,44.86,44.835,44.85,44.84458,101,78
1626099955,44.845,44.8787,44.8401,44.8402,44.85199,68,32
1626099960,44.845,44.889,44.845,44.87,44.87233,122,47
1626099965,44.8696,44.89,44.8649,44.875,44.8812,164,45
1626099970,44.87,44.88,44.8401,44.87,44.85814,117,35
1626099975,44.87,44.9,44.8698,44.8698,44.88405,163,75
1626099980,44.87,44.9,44.87,44.88,44.88303,219,50
1626099985,44.87,44.88,44.85,44.85,44.85997,189,63
1626099990,44.85,44.87,44.84,44.86,44.8553,116,52
1626099995,44.85,44.895,44.85,44.89,44.87506,41,23
1626100000,44.89,44.91,44.88,44.9089,44.89326,39,18
1626100005,44.9089,44.93,44.9089,44.9201,44.92513,163,35
1626100010,44.925,44.97,44.925,44.9697,44.94446,286,73
1626100015,44.9688,44.99,44.96,44.9825,44.97706,152,45
1626100020,44.99,44.99,44.95,44.969,44.96228,164,71
1626100025,44.97,44.97,44.94,44.9488,44.94749,162,50
1626100030,44.95,44.98,44.9492,44.9791,44.96258,83,26
1626100035,44.9719,45.0,44.9719,44.988,44.98932,165,54
1626100040,44.99,45.04,44.985,45.01,45.00483,498,134
1626100045,45.014,45.014,44.98,44.985,44.99743,158,57
1626100050,44.981,45.005,44.97,45.0,44.98885,278,98
1626100055,44.9993,45.0,44.985,44.9923,44.99254,132,47
1626100060,44.99,45.03,44.9822,45.0216,45.00372,57,34
1626100065,45.02,45.03,45.0,45.0108,45.01117,50,23
1626100070,45.0199,45.0199,44.99,45.005,45.00279,143,34
1626100075,45.0099,45.0182,44.99,45.0102,45.00524,107,51
1626100080,45.01,45.05,45.01,45.04,45.03529,268,73
1626100085,45.035,45.0493,45.02,45.0219,45.03338,97,45
1626100090,45.025,45.0478,45.025,45.04,45.03812,83,35
1626100095,45.035,45.035,45.0006,45.01,45.02168,100,48
1626100100,45.015,45.05,45.015,45.045,45.03071,136,31
1626100105,45.04,45.0408,45.02,45.0212,45.0259,50,27
1626100110,45.01,45.02,44.99,45.0101,45.00334,254,84
1626100115,45.02,45.035,45.02,45.0299,45.02796,68,28
1626100120,45.025,45.05,45.02,45.045,45.04304,56,27
1626100125,45.049,45.05,45.0341,45.05,45.04019,59,15
1626100130,45.0482,45.0482,45.01,45.01,45.03834,36,18
1626100135,45.0199,45.0378,45.01,45.0378,45.01517,99,25
1626100140,45.0273,45.05,45.0273,45.04,45.04154,108,57
1626100145,45.035,45.047,45.0201,45.0201,45.03502,102,25
1626100150,45.0299,45.05,45.025,45.03,45.03763,101,39
1626100155,45.03,45.04,45.03,45.0381,45.0334,25,16
1626100160,45.035,45.0675,45.03,45.065,45.04821,272,86
1626100165,45.06,45.11,45.06,45.1075,45.08443,375,139
1626100170,45.1,45.1099,45.08,45.09,45.09518,255,86
1626100175,45.09,45.0999,45.075,45.088,45.08999,147,52
1626100180,45.07,45.0799,45.05,45.05,45.05863,126,46
1626100185,45.05,45.06,45.03,45.0419,45.04359,93,63
1626100190,45.04,45.055,45.04,45.05,45.04811,159,17
1626100195,45.0401,45.08,45.0401,45.08,45.05709,65,15
1626100200,45.07,45.075,45.05,45.0707,45.06515,115,37
1626100205,45.07,45.08,45.054,45.065,45.06624,84,36
1626100210,45.06,45.08,45.0518,45.06,45.06375,228,69
1626100215,45.0699,45.0799,45.04,45.048,45.06463,165,41
1626100220,45.035,45.05,45.035,45.045,45.04476,101,34
1626100225,45.05,45.0528,45.04,45.0528,45.04556,97,32
1626100230,45.06,45.065,45.04,45.05,45.05081,59,35
1626100235,45.045,45.05,45.03,45.0301,45.04186,45,29
1626100240,45.03,45.05,45.03,45.049,45.03839,39,18
1626100245,45.045,45.0799,45.03,45.0701,45.0485,100,37
1626100250,45.07,45.08,45.07,45.0738,45.07503,118,35
1626100255,45.08,45.08,45.045,45.05,45.06545,60,37
1626100260,45.05,45.08,45.05,45.08,45.07594,192,59
1626100265,45.08,45.08,45.05,45.05,45.06086,95,26
1626100270,45.0306,45.0399,44.93,44.9499,44.98047,613,195
1626100275,44.96,44.9827,44.96,44.97,44.97191,144,58
1626100280,44.97,44.99,44.94,44.98,44.95819,102,62
1626100285,44.975,44.975,44.9337,44.969,44.95664,109,46
1626100290,44.97,44.9794,44.95,44.955,44.96533,122,37
1626100295,44.96,44.97,44.95,44.96,44.96031,33,22
1626100300,44.965,44.9692,44.93,44.9619,44.94938,67,35
1626100305,44.97,45.015,44.97,45.012,44.98932,85,46
1626100310,45.0192,45.0192,44.9833,45.0057,45.00348,38,19
1626100315,45.0012,45.01,44.985,44.9925,44.99944,59,38
1626100320,44.9957,44.9957,44.9606,44.9606,44.97896,56,13
1626100325,44.965,45.0,44.965,44.99,44.98459,67,49
1626100330,44.99,45.02,44.9811,45.015,45.00615,109,27
1626100335,45.03,45.04,45.025,45.03,45.03172,103,26
1626100340,45.035,45.04,45.015,45.0183,45.03297,112,40
1626100345,45.02,45.02,44.99,45.0,45.00976,41,24
1626100350,45.0,45.025,45.0,45.025,45.01163,63,11
1626100355,45.0271,45.05,45.02,45.0398,45.03745,79,29
1626100360,45.038,45.04,45.03,45.039,45.03325,73,15
1626100365,45.03,45.03,45.0,45.02,45.01911,46,23
1626100370,45.0214,45.028,45.01,45.0173,45.02149,21,10
1626100375,45.0034,45.0189,45.0,45.015,45.00829,217,49
1626100380,45.01,45.02,44.981,44.9899,45.00158,170,66
1626100385,44.9801,44.9801,44.96,44.9602,44.9732,173,38
1626100390,44.96,44.97,44.94,44.9601,44.95493,143,38
1626100395,44.965,44.98,44.9645,44.9793,44.96859,70,18
1626100400,44.985,44.985,44.985,44.985,44.985,1,1
1626100405,44.99,45.02,44.99,45.005,45.00681,126,51
1626100410,45.0009,45.019,45.0001,45.005,45.0062,40,10
1626100415,45.0001,45.03,45.0001,45.03,45.02796,95,23
1626100420,45.0291,45.1,45.0291,45.0911,45.0821,167,77
1626100425,45.0993,45.0993,45.06,45.07,45.08505,128,40
1626100430,45.06,45.09,45.06,45.085,45.08066,45,14
1626100435,45.085,45.1099,45.0801,45.1018,45.09459,50,27
1626100440,45.1009,45.12,45.0802,45.1099,45.10364,249,71
1626100445,45.1099,45.15,45.105,45.1399,45.13171,227,70
1626100450,45.14,45.1748,45.1312,45.17,45.16067,275,87
1626100455,45.153,45.165,45.13,45.13,45.14935,192,70
1626100460,45.1399,45.16,45.135,45.1493,45.1457,227,71
1626100465,45.15,45.15,45.11,45.13,45.12682,212,82
1626100470,45.127,45.1399,45.1,45.125,45.12144,142,55
1626100475,45.12,45.12,45.08,45.12,45.09854,137,67
1626100480,45.1101,45.1499,45.11,45.14,45.13847,168,46
1626100485,45.14,45.16,45.13,45.16,45.14798,134,61
1626100490,45.159,45.19,45.1501,45.1888,45.17808,139,59
1626100495,45.18,45.2217,45.18,45.1905,45.20814,272,79
1626100500,45.195,45.21,45.18,45.21,45.19226,99,40
1626100505,45.2089,45.2089,45.18,45.2,45.18989,112,46
1626100510,45.205,45.24,45.205,45.2278,45.22364,166,49
1626100515,45.2201,45.23,45.211,45.2296,45.22539,70,20
1626100520,45.2299,45.23,45.21,45.2121,45.21918,99,33
1626100525,45.2192,45.22,45.2,45.2008,45.20799,124,60
1626100530,45.2092,45.2101,45.2,45.2015,45.20797,41,11
1626100535,45.205,45.2154,45.185,45.215,45.19883,224,59
1626100540,45.21,45.2118,45.17,45.2118,45.19747,324,36
1626100545,45.2121,45.22,45.2121,45.2193,45.21862,52,20
1626100550,45.2109,45.22,45.2106,45.2183,45.21457,59,17
1626100555,45.215,45.22,45.17,45.1723,45.19343,262,96
1626100560,45.1898,45.21,45.18,45.203,45.19063,93,28
1626100565,45.2067,45.25,45.2013,45.24,45.22755,211,47
1626100570,45.2391,45.2391,45.2116,45.215,45.2244,54,15
1626100575,45.2135,45.229,45.21,45.2281,45.22103,35,18
1626100580,45.225,45.24,45.225,45.2301,45.2357,64,21
1626100585,45.232,45.25,45.23,45.24,45.23747,110,37
1626100590,45.235,45.2362,45.2101,45.2199,45.22038,102,25
1626100595,45.211,45.2472,45.21,45.215,45.23101,66,29
1626100600,45.215,45.22,45.2,45.215,45.20907,114,45
1626100605,45.21,45.22,45.2,45.2101,45.20882,76,31
1626100610,45.2111,45.24,45.2,45.24,45.21757,268,87
1626100615,45.2301,45.2384,45.2,45.2,45.21921,91,33
1626100620,45.2087,45.2087,45.16,45.17,45.17223,215,105
1626100625,45.1612,45.165,45.12,45.135,45.1374,273,149
1626100630,45.135,45.15,45.12,45.1303,45.1351,68,28
1626100635,45.1393,45.1478,45.09,45.1001,45.12175,383,155
1626100640,45.105,45.13,45.1,45.12,45.11825,118,51
1626100645,45.1111,45.12,45.11,45.1101,45.11655,24,11
1626100650,45.11,45.12,45.09,45.1,45.10292,204,89
1626100655,45.12,45.13,45.09,45.1,45.10844,88,47
1626100660,45.11,45.11,45.085,45.085,45.10162,34,17
1626100665,45.105,45.11,45.0989,45.11,45.10095,47,28
1626100670,45.12,45.12,45.1,45.105,45.10848,49,17
1626100675,45.11,45.13,45.11,45.1293,45.11656,100,41
1626100680,45.1278,45.13,45.11,45.115,45.11518,63,17
1626100685,45.12,45.125,45.09,45.09,45.11054,76,35
1626100690,45.09,45.09,45.02,45.0213,45.03442,437,121
1626100695,45.0328,45.0601,45.0328,45.04,45.04434,104,60
1626100700,45.0469,45.0499,45.0207,45.0207,45.03493,89,32
1626100705,45.025,45.025,44.98,45.0,45.00519,277,71
1626100710,45.005,45.0188,44.98,44.98,45.00142,149,23
1626100715,44.9601,44.99,44.9601,44.9706,44.97829,180,48
1626100720,44.97,44.98,44.951,44.9601,44.96753,220,41
1626100725,44.95,44.96,44.93,44.93,44.95042,93,33
1626100730,44.93,44.94,44.9,44.93,44.92329,187,97
1626100735,44.94,44.95,44.9201,44.926,44.93253,100,31
1626100740,44.9293,44.96,44.92,44.95,44.94438,507,110
1626100745,44.94,44.94,44.9,44.9199,44.9211,213,94
1626100750,44.91,44.92,44.85,44.88,44.88203,343,161
1626100755,44.885,44.9,44.86,44.867,44.87721,105,32
1626100760,44.8609,44.9,44.86,44.8999,44.8795,85,43
1626100765,44.895,44.93,44.8941,44.9,44.91103,149,60
1626100770,44.9099,44.91,44.8801,44.9099,44.89508,93,29
1626100775,44.91,44.92,44.9,44.9,44.90592,60,29
1626100780,44.9,44.91,44.895,44.8972,44.90212,67,39
1626100785,44.9,44.92,44.9,44.92,44.90716,43,14
1626100790,44.9167,44.93,44.9,44.905,44.90691,227,84
1626100795,44.9025,44.91,44.9,44.9089,44.90265,32,13
1626100800,44.91,44.93,44.9,44.92,44.91427,112,37
1626100805,44.9201,44.93,44.919,44.92,44.92126,163,79
1626100810,44.92,44.9267,44.891,44.891,44.90525,68,29
1626100815,44.895,44.898,44.83,44.86,44.86584,1082,171
1626100820,44.85,44.91,44.85,44.9001,44.89316,66,39
1626100825,44.9001,44.92,44.9,44.9199,44.90938,25,13
1626100830,44.919,44.919,44.87,44.87,44.8954,79,27
1626100835,44.877,44.895,44.87,44.89,44.88714,23,11
1626100840,44.9,44.9,44.8701,44.8701,44.88687,11,9
1626100845,44.8857,44.895,44.879,44.879,44.88829,133,39
1626100850,44.88,44.88,44.8725,44.8725,44.87725,40,7
1626100855,44.87,44.885,44.87,44.885,44.87922,27,13
1626100860,44.89,44.895,44.882,44.8899,44.88973,32,10
1626100865,44.89,44.89,44.88,44.88,44.8825,52,27
1626100870,44.875,44.88,44.87,44.8799,44.87344,113,43
1626100875,44.89,44.9,44.871,44.9,44.88706,123,71
1626100880,44.9,44.9314,44.9,44.9314,44.91726,182,57
1626100885,44.9319,44.9389,44.91,44.91,44.92584,61,33
1626100890,44.915,44.955,44.915,44.95,44.94401,148,60
1626100895,44.9493,44.9493,44.9,44.9,44.92692,130,47
1626100900,44.909,44.909,44.88,44.9,44.89576,114,49
1626100905,44.905,44.93,44.905,44.93,44.92051,12,6
1626100910,44.93,44.93,44.9,44.9,44.90498,79,47
1626100915,44.9,44.9,44.89,44.895,44.89445,32,5
1626100920,44.8916,44.9118,44.8901,44.9118,44.90236,69,25
1626100925,44.94,44.945,44.92,44.93,44.93359,63,33
1626100930,44.94,44.95,44.9308,44.935,44.93514,23,9
1626100935,44.9343,44.9499,44.9301,44.949,44.9374,28,9
1626100940,44.9311,44.9399,44.9153,44.925,44.92223,75,24
1626100945,44.92,44.9283,44.87,44.885,44.89687,160,83
1626100950,44.89,44.9,44.8821,44.8821,44.8904,16,11
1626100955,44.88,44.88,44.76,44.77,44.79977,834,258
1626100960,44.779,44.8,44.77,44.77,44.78872,152,63
1626100965,44.78,44.7954,44.77,44.77,44.78313,48,24
1626100970,44.772,44.78,44.75,44.768,44.77059,147,38
1626100975,44.76,44.7683,44.735,44.74,44.7494,228,49
1626100980,44.749,44.77,44.74,44.7525,44.75402,142,69
1626100985,44.7598,44.79,44.74,44.772,44.76067,217,77
1626100990,44.7799,44.82,44.775,44.8057,44.80205,170,81
1626100995,44.805,44.85,44.805,44.8401,44.82816,134,48
1626101000,44.8405,44.85,44.8,44.8182,44.82791,198,63
1626101005,44.83,44.83,44.8008,44.83,44.82002,91,38
1626101010,44.8392,44.84,44.82,44.82,44.83261,82,34
1626101015,44.8109,44.8299,44.81,44.8188,44.81663,20,7
1626101020,44.81,44.83,44.8,44.8,44.81603,57,33
1626101025,44.81,44.81,44.803,44.81,44.80693,7,5
1626101030,44.8082,44.85,44.8082,44.83,44.82692,98,57
1626101035,44.8198,44.8399,44.8,44.8399,44.81386,25,16
1626101040,44.8219,44.85,44.8201,44.83,44.83265,85,28
1626101045,44.83,44.83,44.81,44.81,44.81418,35,14
1626101050,44.81,44.83,44.81,44.81,44.82069,80,40
1626101055,44.8158,44.8292,44.81,44.8292,44.81751,40,10
1626101060,44.825,44.83,44.82,44.82,44.82363,29,16
1626101065,44.82,44.83,44.82,44.8288,44.82704,8,7
1626101070,44.824,44.85,44.8147,44.8299,44.82917,123,55
1626101075,44.8202,44.8202,44.78,44.791,44.79641,148,58
1626101080,44.79,44.82,44.79,44.816,44.81143,66,23
1626101085,44.82,44.82,44.79,44.79,44.80692,104,32
1626101090,44.799,44.82,44.795,44.8,44.80553,132,59
1626101095,44.79,44.82,44.79,44.7999,44.80317,102,45
1626101100,44.7999,44.82,44.79,44.8125,44.80132,48,21
1626101105,44.82,44.82,44.76,44.76,44.80011,198,82
1626101110,44.7521,44.775,44.71,44.73,44.74041,333,113
1626101115,44.735,44.755,44.73,44.755,44.73777,100,28
1626101120,44.76,44.78,44.76,44.77,44.76878,65,26
1626101125,44.76,44.79,44.76,44.7899,44.77433,47,17
1626101130,44.79,44.81,44.78,44.78,44.79683,81,43
1626101135,44.7712,44.7799,44.77,44.77,44.77457,51,18
1626101140,44.78,44.82,44.78,44.81,44.79848,73,32
1626101145,44.81,44.84,44.8066,44.83,44.82202,147,40
1626101150,44.8399,44.84,44.82,44.82,44.83115,52,24
1626101155,44.8299,44.8299,44.8,44.81,44.81364,96,37
1626101160,44.805,44.8089,44.8,44.8,44.80117,43,25
1626101165,44.7918,44.7995,44.77,44.795,44.78687,129,36
1626101170,44.8,44.8,44.78,44.7993,44.79387,72,35
1626101175,44.7991,44.81,44.79,44.8099,44.79876,101,28
1626101180,44.805,44.82,44.801,44.8198,44.81259,78,21
1626101185,44.8201,44.88,44.8201,44.87,44.84335,198,105
1626101190,44.875,44.895,44.865,44.88,44.87944,172,70
1626101195,44.8799,44.88,44.85,44.87,44.86476,90,37
1626101200,44.87,44.93,44.87,44.915,44.90918,178,67
1626101205,44.92,44.96,44.9199,44.96,44.93733,137,58
1626101210,44.97,44.975,44.95,44.95,44.96127,79,37
1626101215,44.95,44.955,44.9429,44.9508,44.94975,63,21
1626101220,44.9499,44.9499,44.9066,44.92,44.92281,129,48
1626101225,44.925,44.93,44.89,44.9099,44.91335,132,75
1626101230,44.9062,44.915,44.88,44.89,44.90223,140,83
1626101235,44.905,44.91,44.8725,44.89,44.89611,112,56
1626101240,44.8982,44.93,44.8982,44.93,44.91106,73,37
1626101245,44.9209,44.9209,44.895,44.895,44.90289,77,40
1626101250,44.89,44.895,44.88,44.8907,44.88669,177,29
1626101255,44.89,44.9,44.89,44.89,44.8922,87,44
1626101260,44.89,44.909,44.89,44.9,44.89872,49,20
1626101265,44.91,44.945,44.909,44.9199,44.93222,102,49
1626101270,44.9182,44.92,44.89,44.905,44.90213,133,52
1626101275,44.9,44.91,44.88,44.885,44.89412,85,40
1626101280,44.88,44.9011,44.88,44.8999,44.89098,74,38
1626101285,44.9,44.9,44.8601,44.8601,44.88014,164,67
1626101290,44.86,44.8686,44.8499,44.8499,44.8556,82,40
1626101295,44.8509,44.8509,44.8,44.8,44.81562,181,86
1626101300,44.809,44.809,44.78,44.78,44.79847,199,39
1626101305,44.7908,44.8,44.7788,44.7992,44.79009,74,31
1626101310,44.8,44.82,44.79,44.7943,44.80057,59,28
1626101315,44.795,44.83,44.795,44.83,44.80656,21,20
1626101320,44.8289,44.8289,44.8,44.8,44.81223,31,23
1626101325,44.799,44.799,44.7901,44.7901,44.79516,19,5
1626101330,44.7999,44.7999,44.76,44.785,44.77898,111,55
1626101335,44.785,44.8099,44.78,44.79,44.79654,113,38
1626101340,44.79,44.79,44.7515,44.7515,44.76858,71,31
1626101345,44.75,44.75,44.72,44.7383,44.73963,129,49
1626101350,44.72,44.725,44.68,44.705,44.70498,240,75
1626101355,44.705,44.7401,44.681,44.7382,44.70338,233,70
1626101360,44.7391,44.76,44.7319,44.75,44.74636,99,38
1626101365,44.75,44.76,44.74,44.7411,44.7484,61,34
1626101370,44.76,44.765,44.75,44.765,44.75758,32,21
1626101375,44.76,44.779,44.75,44.75,44.7641,78,30
1626101380,44.745,44.745,44.7,44.715,44.72589,136,36
1626101385,44.71,44.73,44.71,44.73,44.71576,82,31
1626101390,44.75,44.75,44.72,44.7293,44.73877,100,52
1626101395,44.73,44.75,44.7202,44.727,44.73711,37,18
1626101400,44.72,44.72,44.67,44.6808,44.69381,223,56
1626101405,44.675,44.685,44.66,44.685,44.6751,112,41
1626101410,44.69,44.74,44.69,44.73,44.70798,116,37
1626101415,44.73,44.775,44.73,44.7482,44.74482,288,91
1626101420,44.745,44.75,44.74,44.74,44.74119,113,12
1626101425,44.7411,44.7426,44.7203,44.7426,44.73424,111,49
1626101430,44.74,44.7699,44.74,44.76,44.75757,88,30
1626101435,44.755,44.78,44.755,44.7799,44.7711,51,20
1626101440,44.78,44.7956,44.7701,44.7917,44.78593,60,28
1626101445,44.7928,44.81,44.79,44.8099,44.79759,132,26
1626101450,44.81,44.82,44.81,44.8187,44.81408,73,19
1626101455,44.8145,44.835,44.81,44.835,44.8198,43,23
1626101460,44.835,44.8783,44.83,44.8783,44.84449,162,62
1626101465,44.875,44.88,44.87,44.8795,44.87504,105,25
1626101470,44.879,44.89,44.875,44.885,44.8812,46,20
1626101475,44.88,44.89,44.88,44.889,44.88407,50,13
1626101480,44.9,44.93,44.8995,44.925,44.90798,73,44
1626101485,44.92,44.92,44.9047,44.915,44.911,123,42
1626101490,44.9152,44.95,44.91,44.92,44.93066,228,49
1626101495,44.91,44.92,44.9,44.92,44.91074,82,24
1626101500,44.92,44.9202,44.9,44.905,44.90489,52,16
1626101505,44.91,44.92,44.9,44.9191,44.90471,38,19
1626101510,44.915,44.9499,44.9,44.9499,44.91477,128,33
1626101515,44.93,44.9465,44.91,44.93,44.91701,199,41
1626101520,44.9232,44.93,44.91,44.925,44.92068,25,12
1626101525,44.935,44.96,44.935,44.9581,44.95161,99,27
1626101530,44.95,44.97,44.935,44.97,44.95952,229,70
1626101535,44.97,44.9741,44.93,44.9511,44.95943,302,66
1626101540,44.9601,44.97,44.96,44.9601,44.96621,48,12
1626101545,44.9627,44.97,44.945,44.9549,44.95753,66,19
1626101550,44.96,44.96,44.94,44.94,44.94373,54,15
1626101555,44.93,44.9499,44.93,44.9448,44.94162,83,41
1626101560,44.95,44.955,44.91,44.91,44.93103,38,27
1626101565,44.92,44.9299,44.91,44.925,44.92178,99,29
1626101570,44.925,44.94,44.9201,44.93,44.92882,114,32
1626101575,44.925,44.925,44.9,44.9127,44.9102,67,27
1626101580,44.92,44.92,44.905,44.91,44.9154,51,14
1626101585,44.91,44.92,44.91,44.92,44.91174,19,9
1626101590,44.91,44.91,44.9,44.9,44.90517,67,39
1626101595,44.9,44.9,44.87,44.871,44.88403,198,70
1626101600,44.875,44.88,44.85,44.8671,44.8626,152,75
1626101605,44.865,44.9,44.865,44.899,44.88933,133,48
1626101610,44.895,44.92,44.89,44.9,44.90438,92,54
1626101615,44.9,44.9311,44.9,44.9311,44.91222,28,23
1626101620,44.939,44.94,44.9,44.9,44.92026,63,42
1626101625,44.9,44.944,44.9,44.94,44.92973,65,29
1626101630,44.95,44.9901,44.95,44.985,44.97013,344,95
1626101635,44.98,44.98,44.9543,44.9733,44.96746,141,37
1626101640,44.975,45.03,44.975,45.03,44.99897,264,87
1626101645,45.021,45.06,45.015,45.052,45.04624,228,84
1626101650,45.055,45.055,45.03,45.04,45.04064,117,38
1626101655,45.043,45.06,45.0227,45.0301,45.03843,258,84
1626101660,45.04,45.0499,45.0,45.01,45.02702,151,52
1626101665,45.01,45.0201,44.9927,45.01,45.01004,93,46
1626101670,45.015,45.02,45.0106,45.015,45.0143,78,9
1626101675,45.03,45.0399,45.03,45.03,45.03194,12,11
1626101680,45.03,45.0399,45.02,45.0301,45.02967,74,14
1626101685,45.0301,45.0385,45.0301,45.035,45.03529,17,4
1626101690,45.04,45.045,45.02,45.02,45.03315,83,44
1626101695,45.02,45.03,44.99,45.0052,45.00622,119,28
1626101700,45.005,45.005,44.9899,45.0,44.99707,142,47
1626101705,45.0099,45.0199,45.005,45.015,45.01793,117,13
1626101710,45.0199,45.0199,44.9809,44.99,44.99966,102,36
1626101715,45.0,45.06,45.0,45.045,45.04998,154,31
1626101720,45.0401,45.048,45.03,45.0446,45.03889,81,34
1626101725,45.0439,45.0507,45.0416,45.0507,45.04649,47,14
1626101730,45.055,45.06,45.04,45.04,45.05226,125,31
1626101735,45.05,45.055,45.05,45.055,45.05088,34,8
1626101740,45.05,45.06,45.04,45.055,45.0499,117,36
1626101745,45.06,45.06,45.05,45.055,45.05412,101,15
1626101750,45.055,45.08,45.05,45.08,45.06332,47,18
1626101755,45.065,45.08,45.0599,45.075,45.0738,156,64
1626101760,45.07,45.07,45.05,45.0575,45.06338,53,23
1626101765,45.0599,45.0599,45.04,45.0591,45.0483,217,42
1626101770,45.06,45.08,45.06,45.0699,45.06784,95,31
1626101775,45.07,45.075,45.065,45.0724,45.06824,74,12
1626101780,45.0736,45.0736,45.065,45.0674,45.06683,39,10
1626101785,45.06,45.08,45.06,45.075,45.07613,64,15
1626101790,45.07,45.07,45.06,45.0692,45.06356,62,13
1626101795,45.073,45.1,45.0699,45.095,45.08822,243,55
1626101800,45.099,45.115,45.099,45.1049,45.10558,121,31
1626101805,45.105,45.1099,45.06,45.095,45.08868,124,51
1626101810,45.095,45.1099,45.095,45.101,45.10048,45,12
1626101815,45.1,45.1,45.09,45.095,45.0957,62,31
1626101820,45.0907,45.095,45.07,45.0725,45.08511,200,38
1626101825,45.08,45.0899,45.07,45.08,45.07688,54,23
1626101830,45.0701,45.0873,45.07,45.0801,45.07633,124,38
1626101835,45.0714,45.08,45.06,45.07,45.06829,54,19
1626101840,45.065,45.095,45.06,45.094,45.08772,93,17
1626101845,45.085,45.1,45.0763,45.095,45.08452,51,17
1626101850,45.095,45.1078,45.09,45.105,45.10036,135,26
1626101855,45.11,45.11,45.1,45.105,45.1039,49,10
1626101860,45.1099,45.115,45.1001,45.11,45.11021,160,24
1626101865,45.11,45.11,45.1,45.1046,45.10381,37,15
1626101870,45.12,45.12,45.101,45.115,45.10561,56,14
1626101875,45.115,45.14,45.11,45.135,45.12221,82,24
1626101880,45.135,45.1399,45.11,45.12,45.12623,97,26
1626101885,45.125,45.125,45.11,45.125,45.11485,165,29
1626101890,45.125,45.125,45.1,45.12,45.11457,125,49
1626101895,45.12,45.12,45.1,45.1042,45.10788,82,26
1626101900,45.1,45.1,45.075,45.08,45.09009,161,49
1626101905,45.08,45.12,45.06,45.12,45.0974,163,43
1626101910,45.11,45.12,45.09,45.105,45.10713,84,52
1626101915,45.1099,45.14,45.1099,45.135,45.12742,90,23
1626101920,45.1364,45.14,45.1222,45.13,45.13202,38,18
1626101925,45.13,45.1384,45.11,45.12,45.1258,49,28
1626101930,45.1101,45.1301,45.1101,45.12,45.12561,50,25
1626101935,45.115,45.12,45.11,45.1181,45.11484,34,19
1626101940,45.1136,45.1136,45.09,45.09,45.10222,49,24
1626101945,45.095,45.095,45.0816,45.0899,45.09012,130,21
1626101950,45.08,45.0886,45.07,45.0813,45.08057,111,48
1626101955,45.085,45.105,45.0809,45.095,45.09392,81,24
1626101960,45.095,45.095,45.08,45.08,45.09148,25,11
1626101965,45.06,45.0799,45.05,45.075,45.05873,125,54
1626101970,45.075,45.1088,45.0742,45.09,45.09413,133,37
1626101975,45.09,45.0908,45.065,45.065,45.08391,32,15
1626101980,45.065,45.12,45.0601,45.12,45.08886,121,31
1626101985,45.125,45.15,45.12,45.14,45.14057,289,64
1626101990,45.135,45.14,45.1,45.1,45.12025,124,40
1626101995,45.105,45.1181,45.105,45.1181,45.1101,100,7
1626102000,45.11,45.119,45.085,45.105,45.10543,138,22
1626102005,45.1087,45.11,45.1,45.11,45.10597,61,22
1626102010,45.12,45.14,45.1101,45.1101,45.12293,156,36
1626102015,45.115,45.115,45.11,45.115,45.11236,5,5
1626102020,45.11,45.115,45.11,45.11,45.11226,16,5
1626102025,45.115,45.155,45.11,45.14,45.13975,141,55
1626102030,45.14,45.2,45.13,45.1901,45.17334,282,73
1626102035,45.195,45.23,45.195,45.22,45.21116,206,48
1626102040,45.225,45.2287,45.2112,45.2113,45.21865,85,24
1626102045,45.22,45.225,45.18,45.1902,45.20526,112,68
1626102050,45.1919,45.2,45.19,45.1925,45.1989,48,9
1626102055,45.2,45.22,45.2,45.2111,45.20999,56,14
1626102060,45.2,45.23,45.2,45.23,45.21274,28,12
1626102065,45.2289,45.23,45.22,45.23,45.22758,82,18
1626102070,45.232,45.25,45.231,45.24,45.24101,37,23
1626102075,45.2399,45.25,45.2315,45.2336,45.23819,27,12
1626102080,45.25,45.25,45.23,45.2444,45.23794,123,30
1626102085,45.245,45.2499,45.22,45.2299,45.23262,71,38
1626102090,45.225,45.24,45.2,45.23,45.21851,61,35
1626102095,45.22,45.2376,45.215,45.23,45.22348,33,10
1626102100,45.24,45.2699,45.24,45.26,45.25162,157,35
1626102105,45.265,45.28,45.2596,45.275,45.27291,152,28
1626102110,45.271,45.28,45.2525,45.2717,45.27145,72,33
1626102115,45.28,45.28,45.2701,45.2701,45.27319,56,10
1626102120,45.275,45.28,45.27,45.27,45.27502,60,17
1626102125,45.28,45.28,45.25,45.252,45.26591,162,73
1626102130,45.2501,45.275,45.2501,45.2701,45.26665,37,12
1626102135,45.2705,45.2885,45.2705,45.285,45.2809,91,22
1626102140,45.2878,45.2899,45.26,45.265,45.27281,86,36
1626102145,45.27,45.28,45.27,45.2701,45.27403,60,9
1626102150,45.28,45.285,45.27,45.28,45.27714,43,19
1626102155,45.2834,45.32,45.281,45.3199,45.30914,348,80
1626102160,45.3189,45.319,45.28,45.3019,45.28909,146,49
1626102165,45.305,45.3099,45.29,45.29,45.30249,88,20
1626102170,45.29,45.305,45.28,45.305,45.29528,49,19
1626102175,45.3,45.33,45.3,45.3201,45.31683,121,38
1626102180,45.3299,45.3299,45.31,45.32,45.31834,100,55
1626102185,45.32,45.34,45.32,45.3391,45.33088,72,31
1626102190,45.34,45.34,45.32,45.334,45.33194,61,27
1626102195,45.34,45.35,45.325,45.33,45.33741,71,41
1626102200,45.3207,45.34,45.32,45.325,45.32775,65,14
1626102205,45.325,45.3399,45.314,45.3399,45.32062,114,46
1626102210,45.335,45.335,45.311,45.3199,45.32373,71,21
1626102215,45.3113,45.335,45.3113,45.335,45.32741,82,32
1626102220,45.33,45.335,45.2801,45.281,45.30415,232,49
1626102225,45.28,45.3099,45.2701,45.299,45.28851,70,21
1626102230,45.305,45.305,45.29,45.29,45.30088,26,13
1626102235,45.2715,45.28,45.24,45.25,45.25798,158,72
1626102240,45.255,45.275,45.23,45.23,45.24731,141,65
1626102245,45.235,45.28,45.235,45.27,45.25574,111,44
1626102250,45.28,45.3,45.279,45.285,45.29071,79,29
1626102255,45.29,45.32,45.29,45.3119,45.30663,104,36
1626102260,45.3101,45.33,45.28,45.313,45.29536,171,88
1626102265,45.3099,45.32,45.3099,45.3199,45.31293,14,11
1626102270,45.315,45.335,45.315,45.335,45.32245,44,16
1626102275,45.3399,45.3399,45.2999,45.2999,45.31971,101,34
1626102280,45.295,45.315,45.295,45.305,45.30703,83,36
1626102285,45.3,45.3,45.29,45.295,45.29493,7,7
1626102290,45.295,45.2999,45.2801,45.289,45.2906,62,35
1626102295,45.29,45.29,45.28,45.28,45.28403,19,6
1626102300,45.2801,45.2901,45.28,45.2901,45.28446,82,31
1626102305,45.295,45.2999,45.28,45.28,45.28648,75,25
1626102310,45.28,45.2899,45.28,45.285,45.28295,22,15
1626102315,45.2814,45.31,45.2814,45.3031,45.30108,152,28
1626102320,45.305,45.305,45.2601,45.265,45.28024,43,17
1626102325,45.265,45.2732,45.23,45.23,45.25723,143,66
1626102330,45.24,45.27,45.24,45.245,45.25385,111,48
1626102335,45.2311,45.25,45.23,45.249,45.23605,54,32
1626102340,45.2419,45.25,45.24,45.25,45.246,17,15
1626102345,45.2435,45.2591,45.24,45.24,45.24808,102,33
1626102350,45.24,45.245,45.223,45.223,45.23061,70,37
1626102355,45.225,45.255,45.22,45.2525,45.22788,48,25
1626102360,45.2579,45.2579,45.22,45.225,45.22462,88,19
1626102365,45.2253,45.25,45.21,45.24,45.22619,143,69
1626102370,45.23,45.235,45.22,45.2321,45.22992,25,11
1626102375,45.2401,45.2598,45.2401,45.2501,45.25107,19,6
1626102380,45.2501,45.29,45.2501,45.29,45.26265,173,39
1626102385,45.285,45.32,45.285,45.32,45.30243,149,57
1626102390,45.33,45.34,45.325,45.3281,45.33316,93,41
1626102395,45.3201,45.33,45.3149,45.325,45.32573,86,35
1626102400,45.3243,45.339,45.32,45.32,45.3295,65,35
1626102405,45.32,45.35,45.32,45.345,45.34,131,47
1626102410,45.35,45.37,45.3498,45.3682,45.355,139,47
1626102415,45.3668,45.3699,45.34,45.34,45.35481,90,30
1626102420,45.335,45.335,45.3,45.3192,45.3156,85,46
1626102425,45.3022,45.32,45.3022,45.32,45.30838,22,9
1626102430,45.3101,45.33,45.31,45.31,45.32261,23,9
1626102435,45.315,45.34,45.315,45.335,45.3312,72,19
1626102440,45.33,45.35,45.33,45.3446,45.34234,48,8
1626102445,45.34,45.34,45.31,45.311,45.32297,117,28
1626102450,45.3141,45.32,45.3,45.32,45.31111,55,17
1626102455,45.31,45.318,45.3,45.31,45.30827,17,15
1626102460,45.31,45.31,45.31,45.31,45.31,0,0
1626102465,45.3092,45.3099,45.3092,45.3099,45.30959,9,2
1626102470,45.3001,45.31,45.28,45.305,45.29644,137,48
1626102475,45.305,45.3094,45.29,45.2917,45.3014,107,28
1626102480,45.295,45.3088,45.2902,45.3088,45.29975,8,8
1626102485,45.31,45.3116,45.31,45.3116,45.31018,17,8
1626102490,45.33,45.34,45.3299,45.335,45.33489,35,12
1626102495,45.335,45.37,45.332,45.3401,45.34999,184,40
1626102500,45.36,45.3699,45.3501,45.3628,45.36145,138,22
1626102505,45.355,45.355,45.3233,45.3398,45.33816,57,27
1626102510,45.3478,45.3591,45.3478,45.355,45.35208,52,6
1626102515,45.35,45.35,45.31,45.3199,45.33816,32,24
1626102520,45.32,45.325,45.3021,45.3044,45.31582,27,13
1626102525,45.302,45.32,45.302,45.315,45.309,35,6
1626102530,45.3188,45.32,45.31,45.32,45.31518,50,8
1626102535,45.32,45.34,45.32,45.34,45.33175,74,29
1626102540,45.3473,45.3473,45.33,45.33,45.33803,9,9
1626102545,45.325,45.33,45.3,45.32,45.31197,79,45
1626102550,45.315,45.3297,45.315,45.3297,45.31645,18,3
1626102555,45.32,45.32,45.31,45.3116,45.31314,25,7
1626102560,45.3193,45.32,45.29,45.31,45.30084,78,45
1626102565,45.32,45.33,45.32,45.3248,45.32442,6,5
1626102570,45.32,45.3262,45.32,45.325,45.32271,11,5
1626102575,45.32,45.3291,45.32,45.3262,45.3211,61,6
1626102580,45.33,45.345,45.325,45.325,45.33821,63,14
1626102585,45.32,45.34,45.315,45.32,45.32433,224,108
1626102590,45.3166,45.33,45.315,45.33,45.31879,27,8
1626102595,45.33,45.3316,45.33,45.3316,45.3306,8,6
1626102600,45.34,45.4082,45.34,45.4082,45.37135,251,91
1626102605,45.41,45.43,45.4,45.41,45.41383,271,108
1626102610,45.415,45.42,45.38,45.385,45.40201,151,70
1626102615,45.3889,45.3999,45.3799,45.3799,45.38993,62,24
1626102620,45.37,45.4,45.37,45.38,45.39077,78,40
1626102625,45.38,45.39,45.38,45.3898,45.38804,11,5
1626102630,45.38,45.38,45.34,45.36,45.36246,126,60
1626102635,45.365,45.37,45.345,45.355,45.36182,218,51
1626102640,45.365,45.365,45.345,45.345,45.35797,92,16
1626102645,45.3454,45.3454,45.32,45.32,45.32805,45,13
1626102650,45.31,45.335,45.3,45.3301,45.31549,135,55
1626102655,45.3192,45.3374,45.3192,45.33,45.33172,58,13
1626102660,45.3299,45.37,45.3299,45.345,45.34901,245,51
1626102665,45.3401,45.375,45.3401,45.3727,45.36501,117,31
1626102670,45.36,45.36,45.35,45.35,45.35421,15,14
1626102675,45.342,45.3481,45.34,45.3481,45.34193,19,6
1626102680,45.3306,45.345,45.31,45.325,45.32691,162,34
1626102685,45.3241,45.33,45.315,45.3299,45.32317,116,47
1626102690,45.3209,45.33,45.3209,45.325,45.32621,8,5
1626102695,45.33,45.33,45.27,45.27,45.29663,118,56
1626102700,45.285,45.2899,45.27,45.2873,45.27976,196,45
1626102705,45.2871,45.29,45.2611,45.264,45.27403,62,28
1626102710,45.27,45.28,45.2601,45.263,45.27077,220,60
1626102715,45.2613,45.275,45.26,45.265,45.26267,154,35
1626102720,45.2656,45.2692,45.24,45.245,45.2563,96,35
1626102725,45.255,45.26,45.24,45.2415,45.24825,128,40
1626102730,45.2492,45.25,45.235,45.25,45.24586,44,20
1626102735,45.2543,45.255,45.23,45.248,45.24323,72,33
1626102740,45.242,45.242,45.22,45.2357,45.23068,52,26
1626102745,45.24,45.25,45.24,45.243,45.24488,66,12
1626102750,45.2431,45.25,45.23,45.235,45.24188,90,42
1626102755,45.23,45.2343,45.17,45.172,45.21267,246,64
1626102760,45.18,45.21,45.18,45.2,45.19128,185,81
1626102765,45.194,45.21,45.185,45.1899,45.19796,128,75
1626102770,45.18,45.2,45.17,45.2,45.18663,220,70
1626102775,45.2001,45.23,45.2,45.225,45.21905,124,28
1626102780,45.2228,45.2275,45.1801,45.1801,45.21895,78,21
1626102785,45.18,45.19,45.17,45.19,45.1819,76,27
1626102790,45.1901,45.2127,45.19,45.2,45.20093,52,20
1626102795,45.21,45.23,45.2001,45.2001,45.21857,126,44
1626102800,45.21,45.2101,45.2,45.2,45.20589,72,28
1626102805,45.21,45.21,45.2,45.2,45.20128,69,7
1626102810,45.205,45.25,45.2011,45.25,45.22899,163,35
1626102815,45.2486,45.27,45.2411,45.2595,45.2489,114,15
1626102820,45.26,45.27,45.25,45.27,45.26511,146,33
1626102825,45.26,45.265,45.2501,45.265,45.26005,20,9
1626102830,45.27,45.2702,45.255,45.265,45.26702,77,40
1626102835,45.27,45.3,45.2601,45.3,45.26828,91,25
1626102840,45.2866,45.2899,45.2699,45.2699,45.2827,124,22
1626102845,45.2665,45.27,45.2607,45.2607,45.26312,25,7
1626102850,45.265,45.2718,45.2601,45.2601,45.26749,36,20
1626102855,45.2693,45.2693,45.25,45.26,45.25396,91,37
1626102860,45.25,45.2513,45.2401,45.245,45.24379,27,11
1626102865,45.26,45.2787,45.256,45.26,45.26223,65,17
1626102870,45.26,45.2686,45.25,45.265,45.25619,38,21
1626102875,45.2657,45.2657,45.26,45.26,45.26061,34,25
1626102880,45.27,45.27,45.265,45.265,45.2675,2,2
1626102885,45.2687,45.2689,45.26,45.26,45.26345,53,20
1626102890,45.26,45.26,45.24,45.24,45.25004,47,22
1626102895,45.23,45.2301,45.175,45.185,45.19083,236,138
1626102900,45.19,45.19,45.145,45.16,45.15762,334,86
1626102905,45.165,45.175,45.1599,45.161,45.16845,105,47
1626102910,45.165,45.19,45.165,45.19,45.17907,127,50
1626102915,45.19,45.2,45.1801,45.2,45.19538,104,52
1626102920,45.2,45.2,45.19,45.195,45.19672,41,29
1626102925,45.19,45.22,45.19,45.22,45.21002,81,55
1626102930,45.215,45.22,45.215,45.2182,45.21908,30,14
1626102935,45.21,45.22,45.21,45.2195,45.21641,60,24
1626102940,45.2179,45.2179,45.19,45.19,45.20373,81,29
1626102945,45.1801,45.1999,45.18,45.1999,45.18909,29,19
1626102950,45.19,45.19,45.1809,45.1899,45.18833,16,11
1626102955,45.1825,45.1825,45.17,45.1715,45.17931,33,17
1626102960,45.17,45.17,45.16,45.16,45.16857,60,11
1626102965,45.165,45.17,45.15,45.165,45.15568,160,65
1626102970,45.165,45.19,45.165,45.1868,45.18149,59,16
1626102975,45.1891,45.1891,45.18,45.18,45.18238,28,12
1626102980,45.17,45.1799,45.17,45.1701,45.17444,17,8
1626102985,45.18,45.19,45.15,45.16,45.17358,57,42
1626102990,45.155,45.1685,45.15,45.15,45.15847,31,12
1626102995,45.154,45.1591,45.12,45.122,45.13917,130,37
1626103000,45.122,45.1305,45.115,45.1305,45.12237,101,35
1626103005,45.14,45.16,45.135,45.148,45.14834,105,48
1626103010,45.14,45.14,45.11,45.1298,45.12818,186,96
1626103015,45.13,45.13,45.08,45.08,45.10222,114,47
1626103020,45.0725,45.12,45.07,45.114,45.09962,118,54
1626103025,45.12,45.14,45.115,45.115,45.12541,163,71
1626103030,45.119,45.12,45.11,45.11,45.11861,23,16
1626103035,45.135,45.15,45.12,45.13,45.13801,91,59
1626103040,45.13,45.14,45.125,45.136,45.1337,143,23
1626103045,45.1399,45.15,45.1382,45.145,45.14554,115,31
1626103050,45.145,45.15,45.115,45.118,45.13985,54,35
1626103055,45.1289,45.13,45.12,45.13,45.12794,28,9
1626103060,45.13,45.15,45.12,45.12,45.14101,91,21
1626103065,45.12,45.15,45.11,45.14,45.12571,183,78
1626103070,45.1293,45.13,45.105,45.11,45.11611,31,25
1626103075,45.115,45.115,45.1022,45.109,45.1097,16,12
1626103080,45.095,45.095,45.08,45.0801,45.08812,21,10
1626103085,45.0893,45.09,45.08,45.0898,45.08643,33,16
1626103090,45.0825,45.09,45.08,45.085,45.08371,37,7
1626103095,45.09,45.105,45.0899,45.105,45.09694,99,31
1626103100,45.105,45.11,45.1,45.106,45.10553,27,19
1626103105,45.1,45.12,45.1,45.115,45.11302,32,12
1626103110,45.12,45.12,45.1,45.1099,45.10899,76,30
1626103115,45.101,45.11,45.08,45.085,45.09383,49,28
1626103120,45.085,45.12,45.085,45.1101,45.09854,74,28
1626103125,45.11,45.135,45.1,45.1,45.11867,102,76
1626103130,45.095,45.105,45.095,45.105,45.10021,29,16
1626103135,45.1,45.1,45.08,45.0808,45.08706,52,19
1626103140,45.08,45.095,45.08,45.095,45.0905,53,21
1626103145,45.1,45.105,45.09,45.105,45.10012,56,14
1626103150,45.1,45.11,45.09,45.09,45.10221,65,29
1626103155,45.09,45.09,45.08,45.0825,45.08575,56,15
1626103160,45.0855,45.108,45.0855,45.105,45.09963,24,13
1626103165,45.11,45.11,45.105,45.105,45.10745,22,4
1626103170,45.11,45.12,45.1,45.1099,45.11078,92,42
1626103175,45.1196,45.12,45.11,45.11,45.11595,95,26
1626103180,45.11,45.12,45.11,45.11,45.11768,146,62
1626103185,45.11,45.12,45.1033,45.1099,45.10848,30,10
1626103190,45.11,45.12,45.101,45.1143,45.11449,45,28
1626103195,45.11,45.11,45.06,45.0791,45.07487,510,107
1626103200,45.089,45.11,45.089,45.11,45.10684,93,42
1626103205,45.115,45.115,45.1,45.1,45.10241,51,29
1626103210,45.1,45.128,45.0998,45.1273,45.11687,182,47
1626103215,45.125,45.13,45.095,45.095,45.11172,38,14
1626103220,45.0975,45.1015,45.09,45.1015,45.09907,23,13
1626103225,45.1091,45.12,45.1091,45.1109,45.1135,10,8
1626103230,45.115,45.115,45.1,45.1,45.10637,20,16
1626103235,45.11,45.1198,45.095,45.1,45.10401,71,32
1626103240,45.09,45.1,45.09,45.1,45.09239,35,14
1626103245,45.1,45.1,45.09,45.09,45.09423,24,7
1626103250,45.09,45.099,45.089,45.099,45.09127,33,13
1626103255,45.0916,45.11,45.0901,45.1099,45.10533,57,20
1626103260,45.1058,45.107,45.1058,45.107,45.10662,6,2
1626103265,45.115,45.1199,45.09,45.11,45.10586,85,42
1626103270,45.1179,45.1188,45.1012,45.1012,45.11324,24,14
1626103275,45.1,45.11,45.1,45.11,45.10477,26,7
1626103280,45.1192,45.14,45.115,45.1399,45.12645,138,40
1626103285,45.14,45.15,45.1073,45.1243,45.12982,99,50
1626103290,45.14,45.15,45.1357,45.15,45.13992,95,54
1626103295,45.1489,45.1599,45.1489,45.155,45.15425,62,11
1626103300,45.1545,45.1699,45.14,45.145,45.15024,80,37
1626103305,45.14,45.14,45.13,45.14,45.1356,53,11
1626103310,45.14,45.1478,45.135,45.1478,45.14014,33,19
1626103315,45.145,45.16,45.145,45.16,45.15298,57,9
1626103320,45.169,45.17,45.16,45.165,45.16636,151,38
1626103325,45.16,45.16,45.13,45.13,45.14722,75,30
1626103330,45.139,45.15,45.1299,45.15,45.13932,57,26
1626103335,45.147,45.147,45.1221,45.1221,45.13541,51,21
1626103340,45.125,45.125,45.1,45.11,45.10519,182,81
1626103345,45.1118,45.1188,45.1,45.1079,45.10845,73,16
1626103350,45.105,45.105,45.1,45.1,45.10022,22,17
1626103355,45.1,45.105,45.09,45.097,45.09817,125,78
1626103360,45.1,45.1138,45.1,45.1101,45.10676,19,10
1626103365,45.1157,45.1157,45.1157,45.1157,45.1157,15,1
1626103370,45.115,45.1179,45.09,45.105,45.10518,59,28
1626103375,45.1144,45.1144,45.07,45.081,45.08837,145,36
1626103380,45.09,45.09,45.08,45.08,45.08757,27,12
1626103385,45.09,45.09,45.08,45.08,45.08632,31,12
1626103390,45.085,45.085,45.0701,45.08,45.07681,76,31
1626103395,45.0801,45.0984,45.0801,45.095,45.08398,119,12
1626103400,45.09,45.09,45.07,45.07,45.07942,17,14
1626103405,45.0712,45.0712,45.05,45.055,45.05698,60,27
1626103410,45.06,45.065,45.025,45.04,45.0505,78,46
1626103415,45.0501,45.06,45.0201,45.0275,45.03977,47,30
1626103420,45.0256,45.034,45.0256,45.0314,45.03042,53,16
1626103425,45.0305,45.0365,45.03,45.03,45.03386,53,5
1626103430,45.0354,45.06,45.0354,45.055,45.04967,97,19
1626103435,45.06,45.07,45.0558,45.0601,45.0619,51,40
1626103440,45.065,45.07,45.065,45.0693,45.06805,19,13
1626103445,45.07,45.0799,45.0673,45.0701,45.07324,12,9
1626103450,45.07,45.07,45.055,45.06,45.06701,21,12
1626103455,45.055,45.0599,45.04,45.04,45.05171,45,12
1626103460,45.04,45.04,45.0301,45.0334,45.0338,32,6
1626103465,45.03,45.04,45.03,45.0301,45.03218,56,27
1626103470,45.031,45.08,45.031,45.0799,45.06493,70,39
1626103475,45.0799,45.09,45.06,45.06,45.07867,157,32
1626103480,45.0699,45.0699,45.0611,45.0611,45.06494,28,4
1626103485,45.065,45.065,45.05,45.0513,45.05702,23,17
1626103490,45.055,45.06,45.05,45.05,45.05729,14,8
1626103495,45.0501,45.06,45.0499,45.0499,45.05041,75,19
1626103500,45.05,45.05,45.0201,45.0215,45.03029,34,14
1626103505,45.025,45.025,45.01,45.02,45.01783,121,53
1626103510,45.02,45.03,45.01,45.025,45.02354,38,21
1626103515,45.0227,45.04,45.02,45.03,45.02692,39,17
1626103520,45.04,45.0477,45.038,45.038,45.04181,35,15
1626103525,45.04,45.05,45.02,45.0499,45.03491,52,24
1626103530,45.0499,45.0499,45.04,45.0402,45.04231,18,8
1626103535,45.05,45.07,45.05,45.07,45.06022,57,27
1626103540,45.07,45.0787,45.0601,45.069,45.06995,103,32
1626103545,45.0707,45.08,45.07,45.08,45.0719,6,4
1626103550,45.08,45.09,45.075,45.081,45.07856,42,18
1626103555,45.0899,45.11,45.0814,45.1003,45.09514,168,32
1626103560,45.1099,45.12,45.1014,45.12,45.11005,28,15
1626103565,45.115,45.13,45.11,45.11,45.12011,77,40
1626103570,45.1199,45.1378,45.115,45.12,45.12807,72,18
1626103575,45.1297,45.2,45.12,45.1866,45.16765,305,66
1626103580,45.19,45.21,45.17,45.21,45.18939,203,81
1626103585,45.22,45.225,45.1999,45.22,45.2105,137,58
1626103590,45.22,45.23,45.2099,45.22,45.22055,146,52
1626103595,45.215,45.225,45.21,45.2201,45.21757,87,40
1626103600,45.2201,45.225,45.21,45.22,45.21608,21,14
1626103605,45.22,45.23,45.2198,45.23,45.22076,79,40
1626103610,45.225,45.2299,45.22,45.2265,45.22543,41,11
1626103615,45.22,45.23,45.22,45.23,45.2261,89,48
1626103620,45.24,45.24,45.2181,45.2181,45.23175,108,49
1626103625,45.215,45.221,45.2,45.2193,45.20553,154,37
1626103630,45.21,45.215,45.2,45.21,45.20402,110,34
1626103635,45.21,45.2182,45.21,45.216,45.21368,12,5
1626103640,45.22,45.2499,45.2199,45.22,45.22725,148,70
1626103645,45.22,45.228,45.2101,45.219,45.22079,16,14
1626103650,45.22,45.25,45.22,45.2466,45.24064,51,30
1626103655,45.25,45.28,45.2419,45.275,45.26944,127,56
1626103660,45.2799,45.2799,45.26,45.26,45.26349,103,25
1626103665,45.25,45.265,45.24,45.265,45.25187,69,36
1626103670,45.265,45.265,45.2406,45.25,45.25031,124,64
1626103675,45.24,45.275,45.24,45.2724,45.26183,131,19
1626103680,45.275,45.28,45.2511,45.26,45.26314,114,44
1626103685,45.2645,45.28,45.255,45.2643,45.26681,61,48
1626103690,45.265,45.28,45.26,45.2799,45.26815,52,19
1626103695,45.2766,45.29,45.2766,45.2821,45.28403,54,22
1626103700,45.29,45.3,45.28,45.3,45.29428,133,61
1626103705,45.295,45.32,45.295,45.3,45.30429,80,30
1626103710,45.3019,45.32,45.295,45.3,45.30772,224,52
1626103715,45.305,45.31,45.29,45.295,45.29868,62,28
1626103720,45.28,45.285,45.27,45.285,45.2765,110,25
1626103725,45.29,45.29,45.28,45.2899,45.28847,31,6
1626103730,45.28,45.28,45.26,45.265,45.2699,206,64
1626103735,45.26,45.269,45.26,45.2602,45.26173,53,20
1626103740,45.2671,45.2699,45.265,45.2699,45.26885,69,4
1626103745,45.2677,45.31,45.26,45.2999,45.278,160,63
1626103750,45.295,45.295,45.285,45.295,45.29135,26,16
1626103755,45.29,45.29,45.28,45.28,45.28409,22,13
1626103760,45.29,45.32,45.29,45.305,45.30688,151,48
1626103765,45.3,45.32,45.3,45.3109,45.31396,58,20
1626103770,45.315,45.315,45.3,45.3088,45.31037,43,14
1626103775,45.3,45.32,45.285,45.31,45.30772,157,41
1626103780,45.3,45.3099,45.3,45.305,45.30371,21,8
1626103785,45.3,45.3,45.2886,45.2999,45.29262,36,14
1626103790,45.29,45.29,45.2798,45.2811,45.28282,44,11
1626103795,45.2899,45.2909,45.2801,45.285,45.28692,16,6
1626103800,45.295,45.3,45.29,45.29,45.29714,57,32
1626103805,45.2979,45.3,45.29,45.3,45.29622,30,8
1626103810,45.3,45.31,45.29,45.305,45.29814,33,18
1626103815,45.301,45.305,45.301,45.303,45.30404,27,7
1626103820,45.3,45.3,45.28,45.2802,45.28372,80,23
1626103825,45.29,45.29,45.27,45.2801,45.27996,94,28
1626103830,45.285,45.29,45.285,45.29,45.28542,24,3
1626103835,45.29,45.3,45.2897,45.2923,45.29696,35,23
1626103840,45.2957,45.2957,45.2901,45.2901,45.29487,19,4
1626103845,45.3,45.31,45.28,45.3,45.29414,126,82
1626103850,45.3,45.32,45.3,45.31,45.30613,122,33
1626103855,45.31,45.36,45.3,45.3401,45.33845,243,71
1626103860,45.345,45.37,45.3401,45.369,45.35393,138,62
1626103865,45.37,45.39,45.365,45.385,45.37933,183,67
1626103870,45.37,45.385,45.36,45.38,45.37293,91,43
1626103875,45.39,45.39,45.365,45.365,45.37567,37,12
1626103880,45.361,45.38,45.36,45.37,45.36202,42,10
1626103885,45.365,45.38,45.36,45.3607,45.37277,174,55
1626103890,45.365,45.375,45.36,45.375,45.36549,54,8
1626103895,45.3757,45.385,45.37,45.375,45.37688,85,35
1626103900,45.37,45.37,45.335,45.35,45.3593,69,34
1626103905,45.34,45.35,45.32,45.332,45.32807,169,74
1626103910,45.3391,45.36,45.335,45.3522,45.34711,44,13
1626103915,45.3425,45.37,45.342,45.355,45.35363,74,17
1626103920,45.355,45.37,45.355,45.365,45.36245,10,5
1626103925,45.365,45.3738,45.3515,45.3738,45.35837,63,28
1626103930,45.3701,45.41,45.3701,45.395,45.3972,146,52
1626103935,45.4,45.41,45.39,45.41,45.40081,132,31
1626103940,45.41,45.415,45.4001,45.4065,45.40754,56,27
1626103945,45.41,45.41,45.4076,45.41,45.40952,12,8
1626103950,45.4101,45.42,45.4101,45.415,45.41661,60,15
1626103955,45.4193,45.425,45.41,45.425,45.41875,90,19
1626103960,45.43,45.44,45.41,45.4302,45.43161,164,76
1626103965,45.4397,45.45,45.42,45.44,45.43212,228,56
1626103970,45.44,45.44,45.39,45.41,45.40626,290,129
1626103975,45.415,45.4291,45.415,45.4183,45.41988,65,13
1626103980,45.415,45.418,45.4,45.4009,45.41063,32,21
1626103985,45.3992,45.429,45.39,45.425,45.41502,121,26
1626103990,45.42,45.4299,45.415,45.4257,45.41959,45,9
1626103995,45.425,45.4387,45.4232,45.425,45.42762,91,17
1626104000,45.42,45.428,45.41,45.42,45.42031,62,37
1626104005,45.415,45.4299,45.39,45.42,45.41151,68,41
1626104010,45.415,45.435,45.4101,45.435,45.42668,55,20
1626104015,45.435,45.4482,45.4301,45.435,45.43704,61,20
1626104020,45.4336,45.4381,45.43,45.435,45.43312,25,7
1626104025,45.435,45.45,45.43,45.448,45.44766,276,82
1626104030,45.445,45.45,45.43,45.4499,45.43778,72,26
1626104035,45.445,45.4506,45.435,45.45,45.44563,65,33
1626104040,45.445,45.48,45.445,45.465,45.46719,153,66
1626104045,45.47,45.485,45.46,45.4605,45.47189,158,59
1626104050,45.4608,45.48,45.46,45.4741,45.4658,120,45
1626104055,45.475,45.49,45.47,45.49,45.48207,110,40
1626104060,45.4899,45.49,45.47,45.49,45.47707,38,20
1626104065,45.485,45.49,45.46,45.465,45.47348,144,56
1626104070,45.47,45.47,45.46,45.4699,45.46688,130,17
1626104075,45.47,45.47,45.461,45.461,45.46361,19,7
1626104080,45.47,45.475,45.47,45.4749,45.47322,32,8
1626104085,45.4763,45.49,45.4701,45.48,45.4822,85,27
1626104090,45.4799,45.4799,45.4601,45.4691,45.46691,49,14
1626104095,45.465,45.4799,45.465,45.473,45.47222,66,12
1626104100,45.4767,45.4767,45.47,45.47,45.47558,6,2
1626104105,45.475,45.485,45.475,45.48,45.48016,30,18
1626104110,45.49,45.5,45.47,45.485,45.48651,107,46
1626104115,45.473,45.485,45.46,45.47,45.46673,106,47
1626104120,45.46,45.47,45.45,45.455,45.45729,91,34
1626104125,45.45,45.45,45.42,45.4299,45.42475,92,34
1626104130,45.425,45.43,45.4,45.4201,45.41672,253,103
1626104135,45.4245,45.4245,45.4,45.4,45.4057,101,40
1626104140,45.4001,45.415,45.39,45.409,45.40699,155,25
1626104145,45.41,45.425,45.4,45.425,45.40838,51,36
1626104150,45.42,45.44,45.415,45.43,45.43219,161,45
1626104155,45.435,45.44,45.42,45.422,45.4323,33,23
1626104160,45.42,45.4299,45.4101,45.425,45.42027,15,14
1626104165,45.4166,45.4166,45.4,45.4,45.40787,44,33
1626104170,45.4099,45.4099,45.365,45.3797,45.3804,137,79
1626104175,45.38,45.3993,45.36,45.38,45.38548,119,47
1626104180,45.38,45.3801,45.3615,45.3615,45.3708,18,14
1626104185,45.3619,45.3619,45.34,45.352,45.34914,89,46
1626104190,45.35,45.37,45.35,45.37,45.35992,129,29
1626104195,45.3614,45.37,45.35,45.3508,45.36015,30,13
1626104200,45.36,45.36,45.3507,45.355,45.35457,66,8
1626104205,45.3599,45.3992,45.3513,45.3992,45.36912,165,32
1626104210,45.395,45.4,45.384,45.4,45.39584,95,29
1626104215,45.392,45.4,45.3914,45.4,45.39344,9,4
1626104220,45.3989,45.3989,45.3609,45.3688,45.37751,50,27
1626104225,45.3603,45.3605,45.34,45.3401,45.35502,116,38
1626104230,45.345,45.37,45.34,45.36,45.35753,52,16
1626104235,45.355,45.37,45.35,45.36,45.35743,28,14
1626104240,45.3658,45.39,45.36,45.39,45.36909,28,15
1626104245,45.39,45.4163,45.3805,45.4163,45.39544,114,67
1626104250,45.41,45.43,45.4,45.4282,45.41632,197,70
1626104255,45.425,45.4309,45.41,45.4309,45.42568,149,39
1626104260,45.44,45.45,45.43,45.4321,45.43843,76,37
1626104265,45.4391,45.4599,45.4391,45.45,45.45137,34,18
1626104270,45.4501,45.48,45.4501,45.47,45.46815,233,39
1626104275,45.4699,45.5,45.4601,45.485,45.48078,162,38
1626104280,45.4891,45.51,45.4891,45.5,45.50242,238,65
1626104285,45.5,45.53,45.5,45.5127,45.51874,164,47
1626104290,45.52,45.5288,45.505,45.505,45.51804,151,59
1626104295,45.51,45.51,45.482,45.4982,45.49762,221,73
1626104300,45.5,45.5,45.5,45.5,45.5,1,1
1626104305,45.5087,45.51,45.5,45.5001,45.50619,15,6
1626104310,45.505,45.53,45.505,45.51,45.52617,153,33
1626104315,45.52,45.53,45.51,45.515,45.52397,124,30
1626104320,45.515,45.515,45.4803,45.4803,45.50139,129,25
1626104325,45.4811,45.4999,45.47,45.4797,45.47991,141,40
1626104330,45.4719,45.4766,45.47,45.472,45.47347,9,8
1626104335,45.475,45.52,45.475,45.5183,45.5055,92,38
1626104340,45.5199,45.52,45.515,45.5188,45.51709,48,22
1626104345,45.5166,45.5199,45.505,45.505,45.5108,77,27
1626104350,45.505,45.515,45.5,45.515,45.50778,58,19
1626104355,45.5199,45.565,45.51,45.5642,45.53728,586,82
1626104360,45.5548,45.58,45.5548,45.58,45.56777,105,43
1626104365,45.58,45.62,45.58,45.605,45.59817,588,117
1626104370,45.6082,45.625,45.605,45.6159,45.61746,107,50
1626104375,45.6199,45.6386,45.61,45.62,45.62581,218,63
1626104380,45.61,45.625,45.585,45.625,45.60682,258,54
1626104385,45.62,45.6272,45.6,45.62,45.61012,65,19
1626104390,45.61,45.6199,45.6,45.6,45.60735,113,43
1626104395,45.6,45.607,45.59,45.59,45.60034,45,20
1626104400,45.595,45.615,45.59,45.6028,45.60515,107,41
1626104405,45.603,45.6199,45.603,45.615,45.61259,23,8
1626104410,45.62,45.65,45.62,45.625,45.63695,260,94
1626104415,45.625,45.6282,45.59,45.599,45.61185,168,50
1626104420,45.595,45.6,45.59,45.6,45.59695,111,19
1626104425,45.6,45.625,45.6,45.61,45.61123,32,22
1626104430,45.615,45.62,45.57,45.5953,45.59103,200,75
1626104435,45.595,45.61,45.59,45.607,45.59633,164,25
1626104440,45.61,45.6395,45.6,45.605,45.61827,314,112
1626104445,45.6092,45.61,45.58,45.58,45.5969,62,35
1626104450,45.58,45.6099,45.57,45.59,45.59065,56,41
1626104455,45.59,45.59,45.58,45.5801,45.58526,26,14
1626104460,45.575,45.59,45.575,45.5858,45.57775,60,10
1626104465,45.58,45.6065,45.58,45.59,45.59386,96,24
1626104470,45.59,45.59,45.56,45.565,45.56595,86,23
1626104475,45.565,45.58,45.5608,45.565,45.56901,50,16
1626104480,45.56,45.572,45.55,45.5708,45.56116,273,52
1626104485,45.575,45.575,45.5501,45.56,45.56448,164,32
1626104490,45.57,45.58,45.56,45.5725,45.56747,67,23
1626104495,45.5792,45.62,45.5792,45.6106,45.60593,181,63
1626104500,45.615,45.6198,45.5954,45.5954,45.60845,62,16
1626104505,45.6,45.62,45.6,45.6,45.60949,106,22
1626104510,45.6099,45.6099,45.59,45.601,45.59846,69,46
1626104515,45.61,45.615,45.61,45.615,45.61024,20,8
1626104520,45.6199,45.65,45.6111,45.6401,45.63588,138,39
1626104525,45.65,45.65,45.63,45.6499,45.6374,300,43
1626104530,45.645,45.655,45.64,45.645,45.64741,132,28
1626104535,45.645,45.7,45.645,45.69,45.67961,312,123
1626104540,45.6899,45.7,45.68,45.69,45.68958,110,37
1626104545,45.7,45.7098,45.67,45.68,45.69161,175,54
1626104550,45.6732,45.697,45.6732,45.695,45.68955,69,27
1626104555,45.69,45.6901,45.65,45.66,45.67426,108,41
1626104560,45.66,45.6689,45.64,45.645,45.64997,75,22
1626104565,45.65,45.65,45.62,45.62,45.63859,105,38
1626104570,45.629,45.64,45.61,45.635,45.62469,60,33
1626104575,45.63,45.6301,45.6,45.6093,45.62144,59,17
1626104580,45.6099,45.6099,45.57,45.605,45.59615,119,43
1626104585,45.605,45.6092,45.605,45.605,45.60687,4,3
1626104590,45.605,45.6112,45.605,45.6112,45.60662,29,5
1626104595,45.615,45.63,45.6101,45.625,45.61914,37,8
1626104600,45.627,45.627,45.6,45.61,45.61301,35,19
1626104605,45.61,45.61,45.5901,45.6,45.59901,78,32
1626104610,45.5925,45.5925,45.5601,45.57,45.57446,213,56
1626104615,45.57,45.57,45.54,45.56,45.54971,163,32
1626104620,45.55,45.58,45.55,45.5681,45.55961,125,26
1626104625,45.5593,45.5593,45.54,45.55,45.54549,37,20
1626104630,45.5427,45.55,45.54,45.55,45.54754,45,15
1626104635,45.5509,45.56,45.54,45.5557,45.5511,74,48
1626104640,45.56,45.59,45.56,45.575,45.57616,68,24
1626104645,45.575,45.6,45.57,45.5994,45.58821,116,59
1626104650,45.6,45.62,45.6,45.61,45.60724,75,30
1626104655,45.615,45.62,45.61,45.6198,45.61709,28,10
1626104660,45.6299,45.6299,45.62,45.6299,45.62821,97,9
1626104665,45.6299,45.65,45.625,45.6302,45.63577,48,21
1626104670,45.63,45.638,45.61,45.6202,45.62033,54,21
1626104675,45.62,45.65,45.62,45.6399,45.63515,91,38
1626104680,45.63,45.6407,45.63,45.6407,45.63814,21,3
1626104685,45.6599,45.67,45.655,45.668,45.66387,24,6
1626104690,45.6699,45.67,45.6519,45.66,45.65814,92,27
1626104695,45.66,45.67,45.6519,45.6685,45.66178,11,8
1626104700,45.6601,45.67,45.66,45.66,45.66281,82,10
1626104705,45.67,45.6891,45.67,45.68,45.67776,87,37
1626104710,45.6811,45.6885,45.68,45.685,45.68496,56,15
1626104715,45.68,45.68,45.6701,45.6714,45.67368,95,15
1626104720,45.6795,45.685,45.6792,45.682,45.68025,53,17
1626104725,45.685,45.688,45.68,45.685,45.68494,55,14
1626104730,45.685,45.685,45.66,45.66,45.67097,186,33
1626104735,45.66,45.66,45.63,45.6319,45.6458,178,69
1626104740,45.6391,45.6391,45.6,45.605,45.61763,207,73
1626104745,45.61,45.61,45.5923,45.6,45.60109,124,17
1626104750,45.595,45.6299,45.595,45.6187,45.61315,114,47
1626104755,45.61,45.6199,45.61,45.61,45.61095,120,16
1626104760,45.61,45.615,45.6009,45.6009,45.6089,35,20
1626104765,45.605,45.605,45.5892,45.6,45.59531,60,20
1626104770,45.595,45.595,45.58,45.59,45.58531,29,20
1626104775,45.5907,45.61,45.59,45.605,45.60394,135,19
1626104780,45.6,45.6,45.6,45.6,45.6,8,7
1626104785,45.605,45.6099,45.6,45.6,45.60623,39,21
1626104790,45.6,45.61,45.5901,45.6085,45.59996,65,14
1626104795,45.6077,45.6077,45.58,45.59,45.59068,28,13
1626104800,45.5903,45.595,45.585,45.585,45.58978,38,16
1626104805,45.6,45.6,45.591,45.5913,45.59702,47,19
1626104810,45.6,45.6098,45.5975,45.5975,45.60084,24,5
1626104815,45.602,45.6099,45.5985,45.6009,45.60355,19,9
1626104820,45.605,45.605,45.58,45.58,45.597,80,37
1626104825,45.5881,45.5881,45.58,45.5801,45.58336,43,11
1626104830,45.57,45.57,45.53,45.5627,45.55169,195,77
1626104835,45.56,45.5605,45.54,45.56,45.55325,161,44
1626104840,45.55,45.5522,45.53,45.535,45.54472,99,37
1626104845,45.54,45.55,45.54,45.545,45.54175,34,11
1626104850,45.55,45.55,45.53,45.54,45.54273,75,21
1626104855,45.5308,45.57,45.5308,45.5625,45.55468,84,31
1626104860,45.57,45.58,45.555,45.58,45.56703,79,42
1626104865,45.58,45.59,45.575,45.5825,45.57912,42,10
1626104870,45.59,45.61,45.5808,45.61,45.59871,101,37
1626104875,45.605,45.62,45.59,45.5952,45.60147,204,64
1626104880,45.6,45.61,45.6,45.61,45.60223,53,9
1626104885,45.6099,45.6201,45.6,45.61,45.61308,86,35
1626104890,45.62,45.65,45.62,45.625,45.63461,109,42
1626104895,45.6298,45.6464,45.6242,45.6464,45.63116,96,10
1626104900,45.64,45.64,45.63,45.6301,45.63408,62,25
1626104905,45.6279,45.63,45.6,45.61,45.61122,89,39
1626104910,45.6,45.6,45.57,45.5791,45.58227,59,21
1626104915,45.58,45.5801,45.58,45.5801,45.58007,17,5
1626104920,45.585,45.585,45.5501,45.5501,45.56906,35,20
1626104925,45.56,45.57,45.54,45.545,45.55548,188,82
1626104930,45.54,45.5599,45.535,45.5599,45.54601,76,24
1626104935,45.555,45.58,45.555,45.5758,45.56956,52,18
1626104940,45.571,45.5721,45.57,45.57,45.57117,7,5
1626104945,45.55,45.57,45.55,45.57,45.56185,31,8
1626104950,45.579,45.59,45.5782,45.585,45.58465,14,7
1626104955,45.5751,45.5751,45.56,45.565,45.5647,17,12
1626104960,45.565,45.575,45.56,45.575,45.57061,27,12
1626104965,45.5701,45.5863,45.5701,45.5863,45.57674,4,3
1626104970,45.5813,45.5813,45.5813,45.5813,45.5813,1,1
1626104975,45.5812,45.5991,45.5812,45.5921,45.58984,22,10
1626104980,45.6,45.62,45.6,45.61,45.60955,61,30
1626104985,45.6033,45.6033,45.595,45.6,45.601,16,8
1626104990,45.6,45.6,45.57,45.57,45.5738,64,18
1626104995,45.57,45.5701,45.552,45.555,45.55775,56,24
1626105000,45.56,45.56,45.545,45.55,45.55223,70,40
1626105005,45.56,45.56,45.5509,45.56,45.55727,13,8
1626105010,45.56,45.56,45.53,45.545,45.54545,55,42
1626105015,45.545,45.57,45.545,45.5595,45.56032,95,33
1626105020,45.555,45.58,45.555,45.575,45.5699,60,17
1626105025,45.57,45.585,45.57,45.585,45.57749,65,25
1626105030,45.58,45.59,45.5789,45.59,45.58614,20,18
1626105035,45.59,45.59,45.5606,45.5606,45.56825,78,37
1626105040,45.57,45.58,45.57,45.58,45.57471,17,7
1626105045,45.59,45.59,45.57,45.5827,45.57894,59,41
1626105050,45.585,45.585,45.565,45.57,45.57349,34,28
1626105055,45.5799,45.5799,45.56,45.57,45.56776,44,27
1626105060,45.58,45.6,45.58,45.595,45.59057,20,9
1626105065,45.599,45.62,45.58,45.62,45.60589,70,19
1626105070,45.595,45.62,45.595,45.615,45.61534,128,32
1626105075,45.6199,45.64,45.619,45.6201,45.62533,316,87
1626105080,45.63,45.66,45.63,45.648,45.64521,114,48
1626105085,45.6493,45.65,45.64,45.645,45.6433,93,19
1626105090,45.655,45.67,45.65,45.67,45.65921,121,20
1626105095,45.665,45.68,45.6601,45.6782,45.67558,102,55
1626105100,45.67,45.68,45.67,45.6782,45.67376,100,13
1626105105,45.68,45.68,45.6701,45.6713,45.67694,34,7
1626105110,45.67,45.67,45.655,45.655,45.66286,25,17
1626105115,45.6601,45.665,45.65,45.655,45.65247,58,14
1626105120,45.653,45.6594,45.61,45.61,45.64026,177,43
1626105125,45.611,45.615,45.59,45.5909,45.6041,42,24
1626105130,45.59,45.62,45.59,45.61,45.60399,56,35
1626105135,45.6116,45.62,45.61,45.62,45.61298,23,8
1626105140,45.61,45.61,45.6,45.61,45.60387,127,30
1626105145,45.61,45.615,45.6,45.6,45.60493,62,11
1626105150,45.6101,45.625,45.6,45.61,45.60785,65,28
1626105155,45.605,45.63,45.6,45.628,45.61023,18,15
1626105160,45.6297,45.63,45.62,45.63,45.62376,11,10
1626105165,45.6249,45.63,45.6211,45.6211,45.62866,18,5
1626105170,45.625,45.625,45.625,45.625,45.625,5,2
1626105175,45.622,45.63,45.622,45.63,45.62818,5,4
1626105180,45.635,45.635,45.6217,45.63,45.62692,22,7
1626105185,45.63,45.64,45.62,45.64,45.63124,78,21
1626105190,45.65,45.66,45.64,45.64,45.64879,143,30
1626105195,45.648,45.6493,45.64,45.641,45.64727,21,6
1626105200,45.645,45.66,45.645,45.66,45.65262,16,7
1626105205,45.6547,45.66,45.6507,45.655,45.65355,31,12
1626105210,45.66,45.67,45.6577,45.67,45.66625,84,43
1626105215,45.68,45.68,45.6582,45.665,45.66873,112,56
1626105220,45.665,45.6693,45.66,45.6693,45.6656,29,8
1626105225,45.665,45.665,45.61,45.6135,45.62479,198,98
1626105230,45.615,45.615,45.58,45.581,45.5958,109,39
1626105235,45.5845,45.6099,45.5845,45.6099,45.59326,35,18
1626105240,45.6001,45.605,45.6001,45.605,45.60267,21,3
1626105245,45.605,45.6157,45.6001,45.6123,45.6101,60,13
1626105250,45.62,45.625,45.615,45.62,45.62108,16,15
1626105255,45.63,45.655,45.63,45.6541,45.64798,6,5
1626105260,45.6576,45.675,45.655,45.6669,45.66756,57,32
1626105265,45.67,45.67,45.6601,45.6601,45.66882,21,5
1626105270,45.665,45.67,45.617,45.6201,45.64824,235,80
1626105275,45.62,45.62,45.6,45.6,45.60441,78,23
1626105280,45.6,45.63,45.58,45.6001,45.60154,205,134
1626105285,45.6091,45.63,45.6,45.63,45.62774,56,12
1626105290,45.6297,45.63,45.6,45.6,45.61012,79,32
1626105295,45.61,45.6288,45.606,45.6288,45.61846,40,25
1626105300,45.63,45.63,45.615,45.615,45.62655,25,10
1626105305,45.62,45.625,45.6173,45.62,45.6208,36,6
1626105310,45.63,45.64,45.63,45.64,45.63908,40,8
1626105315,45.64,45.64,45.635,45.64,45.6383,7,5
1626105320,45.65,45.69,45.65,45.675,45.67809,237,62
1626105325,45.67,45.67,45.65,45.66,45.66187,61,39
1626105330,45.655,45.66,45.655,45.66,45.65767,7,3
1626105335,45.66,45.68,45.66,45.68,45.67118,89,26
1626105340,45.6799,45.68,45.65,45.655,45.6634,114,17
1626105345,45.66,45.6699,45.6588,45.665,45.66268,12,9
1626105350,45.66,45.665,45.6501,45.6501,45.66172,39,15
1626105355,45.6524,45.67,45.65,45.6614,45.65523,42,24
1626105360,45.67,45.69,45.6699,45.69,45.68149,108,35
1626105365,45.69,45.74,45.68,45.7398,45.71191,319,141
1626105370,45.74,45.76,45.725,45.735,45.74521,387,105
1626105375,45.735,45.7381,45.72,45.73,45.72669,109,27
1626105380,45.71,45.74,45.71,45.74,45.71779,89,36
1626105385,45.7315,45.74,45.7301,45.7375,45.7336,77,12
1626105390,45.74,45.75,45.725,45.725,45.74144,70,20
1626105395,45.72,45.73,45.72,45.729,45.72426,79,20
1626105400,45.728,45.7299,45.71,45.71,45.72303,49,11
1626105405,45.7198,45.7198,45.7,45.705,45.70716,106,20
1626105410,45.705,45.72,45.7,45.71,45.70899,38,20
1626105415,45.7181,45.7181,45.7114,45.718,45.71528,21,5
1626105420,45.71,45.71,45.7,45.7098,45.70425,72,34
1626105425,45.705,45.725,45.705,45.725,45.71624,76,30
1626105430,45.72,45.72,45.69,45.7001,45.70304,104,38
1626105435,45.71,45.71,45.7,45.7,45.70977,51,2
1626105440,45.705,45.7084,45.69,45.7,45.70061,86,32
1626105445,45.695,45.7091,45.6901,45.705,45.70216,78,25
1626105450,45.705,45.7099,45.69,45.7,45.70202,67,33
1626105455,45.7,45.72,45.7,45.72,45.71264,209,47
1626105460,45.72,45.73,45.72,45.725,45.72215,43,18
1626105465,45.72,45.72,45.7,45.7025,45.71367,43,18
1626105470,45.71,45.7101,45.707,45.707,45.70944,5,4
1626105475,45.7092,45.7119,45.705,45.7119,45.70811,34,6
1626105480,45.72,45.73,45.72,45.725,45.72974,92,6
1626105485,45.73,45.76,45.73,45.755,45.74967,106,47
1626105490,45.75,45.7599,45.74,45.7495,45.75191,129,49
1626105495,45.745,45.76,45.74,45.7499,45.74768,113,32
1626105500,45.745,45.75,45.7399,45.74,45.74143,79,8
1626105505,45.745,45.76,45.72,45.72,45.7436,121,34
1626105510,45.72,45.74,45.7001,45.74,45.7266,120,35
1626105515,45.74,45.7407,45.72,45.72,45.73465,40,16
1626105520,45.71,45.715,45.7,45.705,45.71206,77,26
1626105525,45.701,45.7101,45.7,45.71,45.70215,90,25
1626105530,45.704,45.715,45.7,45.715,45.70478,31,11
1626105535,45.72,45.73,45.711,45.72,45.71928,40,23
1626105540,45.73,45.75,45.73,45.75,45.74487,116,42
1626105545,45.75,45.76,45.7482,45.7501,45.75449,47,20
1626105550,45.76,45.76,45.712,45.7243,45.73641,190,55
1626105555,45.725,45.76,45.7223,45.74,45.74057,101,56
1626105560,45.74,45.74,45.716,45.716,45.73341,44,27
1626105565,45.73,45.735,45.71,45.7101,45.71738,58,34
1626105570,45.71,45.7277,45.71,45.71,45.71457,44,19
1626105575,45.7269,45.7269,45.7101,45.715,45.71246,26,6
1626105580,45.715,45.72,45.71,45.715,45.71312,45,29
1626105585,45.72,45.7301,45.72,45.7301,45.72565,40,16
1626105590,45.73,45.735,45.72,45.72,45.72691,37,29
1626105595,45.72,45.725,45.71,45.715,45.71346,21,11
1626105600,45.71,45.73,45.71,45.73,45.72062,62,30
1626105605,45.725,45.74,45.71,45.734,45.72175,64,34
1626105610,45.7277,45.7277,45.7,45.705,45.70546,119,36
1626105615,45.7,45.71,45.7,45.7091,45.70365,63,15
1626105620,45.7075,45.7075,45.6721,45.685,45.6898,188,54
1626105625,45.685,45.69,45.68,45.68,45.68129,118,20
1626105630,45.68,45.685,45.67,45.685,45.67814,144,33
1626105635,45.6807,45.685,45.66,45.66,45.66323,58,30
1626105640,45.6625,45.67,45.65,45.65,45.65629,176,51
1626105645,45.6689,45.6689,45.65,45.655,45.65205,103,18
1626105650,45.6591,45.6591,45.64,45.655,45.65068,80,25
1626105655,45.651,45.6594,45.65,45.655,45.6531,52,9
1626105660,45.66,45.6679,45.65,45.65,45.6587,46,26
1626105665,45.655,45.655,45.63,45.64,45.63881,125,31
1626105670,45.64,45.6599,45.64,45.655,45.65315,49,26
1626105675,45.635,45.65,45.63,45.65,45.63742,89,34
1626105680,45.655,45.6699,45.645,45.66,45.65651,101,22
1626105685,45.6699,45.67,45.655,45.67,45.66065,25,16
1626105690,45.68,45.69,45.67,45.68,45.6802,153,36
1626105695,45.67,45.7,45.67,45.7,45.6923,110,23
1626105700,45.7008,45.705,45.699,45.7,45.70027,28,9
1626105705,45.705,45.71,45.7,45.703,45.70922,131,27
1626105710,45.703,45.703,45.6799,45.68,45.68926,61,39
1626105715,45.6711,45.6799,45.66,45.675,45.67205,54,26
1626105720,45.6727,45.6799,45.6513,45.6581,45.66059,78,20
1626105725,45.6591,45.6599,45.64,45.65,45.64514,169,49
1626105730,45.65,45.66,45.65,45.66,45.6581,38,10
1626105735,45.665,45.665,45.655,45.655,45.6599,25,17
1626105740,45.66,45.67,45.655,45.665,45.66251,7,7
1626105745,45.6601,45.665,45.6601,45.661,45.6613,18,5
1626105750,45.6605,45.7,45.6605,45.7,45.68561,121,56
1626105755,45.6974,45.71,45.675,45.7088,45.69766,103,20
1626105760,45.6999,45.71,45.6999,45.71,45.70356,99,19
1626105765,45.7001,45.7209,45.7001,45.71,45.71431,128,26
1626105770,45.715,45.72,45.71,45.715,45.71405,70,25
1626105775,45.715,45.7187,45.71,45.7187,45.71077,41,13
1626105780,45.715,45.7199,45.68,45.6882,45.69515,122,45
1626105785,45.6873,45.71,45.685,45.705,45.69864,78,12
1626105790,45.7097,45.7097,45.69,45.695,45.70172,35,11
1626105795,45.68,45.68,45.67,45.675,45.67279,72,20
1626105800,45.67,45.68,45.67,45.68,45.67492,32,9
1626105805,45.6893,45.69,45.67,45.67,45.68243,38,10
1626105810,45.675,45.675,45.67,45.6701,45.6702,26,12
1626105815,45.67,45.69,45.67,45.69,45.68625,23,10
1626105820,45.69,45.7,45.69,45.6999,45.69837,31,11
1626105825,45.6901,45.72,45.6901,45.71,45.70733,63,24
1626105830,45.7199,45.725,45.7119,45.715,45.71589,70,17
1626105835,45.72,45.76,45.72,45.75,45.74556,225,73
1626105840,45.75,45.76,45.75,45.76,45.75087,13,7
1626105845,45.75,45.77,45.75,45.76,45.76026,226,86
1626105850,45.77,45.79,45.76,45.77,45.76967,249,65
1626105855,45.7701,45.7783,45.7601,45.775,45.76824,100,25
1626105860,45.7799,45.79,45.7701,45.79,45.78099,61,14
1626105865,45.785,45.79,45.78,45.785,45.78831,107,45
1626105870,45.785,45.79,45.77,45.7701,45.77595,105,27
1626105875,45.77,45.777,45.76,45.76,45.76666,13,9
1626105880,45.758,45.758,45.71,45.71,45.72861,165,53
1626105885,45.71,45.72,45.705,45.715,45.71117,83,33
1626105890,45.73,45.77,45.73,45.7555,45.75309,184,81
1626105895,45.76,45.76,45.75,45.756,45.75289,28,10
1626105900,45.75,45.75,45.731,45.74,45.74337,40,21
1626105905,45.72,45.749,45.72,45.7319,45.73393,61,25
1626105910,45.74,45.748,45.74,45.74,45.74065,48,10
1626105915,45.75,45.75,45.7318,45.7318,45.74664,91,14
1626105920,45.7301,45.7491,45.7301,45.745,45.74042,15,4
1626105925,45.745,45.7499,45.74,45.74,45.74497,3,3
1626105930,45.745,45.77,45.7301,45.76,45.74724,91,40
1626105935,45.7708,45.785,45.77,45.785,45.77871,23,12
1626105940,45.7802,45.8,45.7792,45.7792,45.78709,135,45
1626105945,45.775,45.798,45.775,45.7899,45.7873,74,23
1626105950,45.7887,45.8,45.7887,45.79,45.79407,79,26
1626105955,45.795,45.8,45.785,45.79,45.79104,98,33
1626105960,45.79,45.8,45.785,45.7988,45.79443,39,17
1626105965,45.7999,45.84,45.7999,45.84,45.8218,346,128
1626105970,45.845,45.865,45.8399,45.864,45.85137,171,77
1626105975,45.86,45.87,45.84,45.8566,45.85757,129,53
1626105980,45.8566,45.86,45.8411,45.855,45.85331,125,32
1626105985,45.8512,45.87,45.831,45.831,45.85622,249,81
1626105990,45.8343,45.85,45.8343,45.848,45.83965,26,9
1626105995,45.8499,45.8499,45.82,45.8209,45.83086,124,44
1626106000,45.826,45.83,45.82,45.8299,45.82651,23,12
1626106005,45.8299,45.85,45.8299,45.847,45.84233,126,23
1626106010,45.84,45.84,45.8301,45.835,45.83625,47,20
1626106015,45.835,45.85,45.835,45.85,45.84525,43,19
1626106020,45.85,45.86,45.8299,45.83,45.84731,307,97
1626106025,45.83,45.8339,45.81,45.812,45.81897,122,45
1626106030,45.82,45.8209,45.8,45.808,45.81001,113,43
1626106035,45.805,45.8087,45.79,45.8,45.80043,123,31
1626106040,45.8001,45.815,45.8,45.8116,45.80747,41,13
1626106045,45.82,45.84,45.82,45.8224,45.8307,56,10
1626106050,45.8301,45.85,45.82,45.83,45.83768,129,50
1626106055,45.8355,45.855,45.83,45.83,45.84411,41,24
1626106060,45.84,45.84,45.8295,45.8295,45.83686,12,7
1626106065,45.83,45.83,45.82,45.82,45.82253,31,17
1626106070,45.83,45.8588,45.83,45.85,45.84477,103,32
1626106075,45.8466,45.86,45.82,45.8399,45.84125,252,96
1626106080,45.8357,45.8478,45.83,45.8478,45.83504,52,17
1626106085,45.8401,45.845,45.8301,45.835,45.83524,50,14
1626106090,45.83,45.8488,45.83,45.84,45.83872,83,34
1626106095,45.85,45.85,45.83,45.83,45.83811,106,33
1626106100,45.84,45.85,45.83,45.84,45.83722,113,24
1626106105,45.831,45.86,45.831,45.85,45.83763,81,20
1626106110,45.835,45.8399,45.83,45.8391,45.83475,36,13
1626106115,45.8311,45.85,45.83,45.835,45.83755,35,12
1626106120,45.83,45.83,45.81,45.8209,45.82321,72,37
1626106125,45.825,45.83,45.8235,45.829,45.82741,86,5
1626106130,45.825,45.835,45.82,45.83,45.82506,44,25
1626106135,45.8293,45.83,45.8099,45.81,45.81649,149,52
1626106140,45.815,45.8199,45.81,45.81,45.81465,53,9
1626106145,45.815,45.8379,45.815,45.8379,45.82604,52,24
1626106150,45.8391,45.8399,45.8332,45.8399,45.83641,23,6
1626106155,45.8392,45.8392,45.82,45.8358,45.83024,40,20
1626106160,45.83,45.83,45.81,45.815,45.81998,18,4
1626106165,45.8106,45.815,45.8,45.8001,45.80664,91,28
1626106170,45.8,45.81,45.8,45.8097,45.80234,43,30
1626106175,45.8125,45.8125,45.81,45.81,45.81014,19,8
1626106180,45.81,45.82,45.81,45.82,45.81275,32,15
1626106185,45.815,45.82,45.81,45.82,45.816,44,20
1626106190,45.815,45.8266,45.815,45.819,45.82409,38,14
1626106195,45.81,45.82,45.8,45.81,45.81035,51,19
1626106200,45.8195,45.822,45.81,45.815,45.81964,38,12
1626106205,45.8181,45.8181,45.8101,45.815,45.81247,15,5
1626106210,45.8106,45.86,45.8106,45.86,45.83834,183,63
1626106215,45.8501,45.859,45.83,45.83,45.84313,135,49
1626106220,45.835,45.85,45.835,45.845,45.83804,54,18
1626106225,45.8411,45.855,45.84,45.855,45.84907,74,14
1626106230,45.855,45.855,45.82,45.83,45.83601,97,36
1626106235,45.83,45.8401,45.8273,45.84,45.83703,30,12
1626106240,45.84,45.8501,45.825,45.8484,45.83747,80,28
1626106245,45.85,45.8999,45.849,45.88,45.8752,338,163
1626106250,45.8899,45.9,45.87,45.898,45.88465,428,73
1626106255,45.89,45.895,45.87,45.87,45.87756,100,27
1626106260,45.87,45.8775,45.87,45.875,45.87126,55,32
1626106265,45.8799,45.89,45.875,45.89,45.88501,60,19
1626106270,45.89,45.8933,45.87,45.8889,45.87955,68,31
1626106275,45.885,45.8999,45.875,45.895,45.88552,235,53
1626106280,45.89,45.915,45.885,45.9,45.90091,422,58
1626106285,45.9,45.92,45.9,45.9199,45.91253,35,12
1626106290,45.92,45.92,45.9,45.92,45.90931,111,21
1626106295,45.92,45.92,45.89,45.9,45.89779,53,22
1626106300,45.91,45.92,45.905,45.92,45.9164,64,39
1626106305,45.9108,45.94,45.9108,45.925,45.92567,119,40
1626106310,45.925,45.925,45.91,45.915,45.91664,147,21
1626106315,45.915,45.925,45.91,45.92,45.91493,129,28
1626106320,45.925,45.925,45.925,45.925,45.925,4,2
1626106325,45.9246,45.926,45.9116,45.9116,45.92291,65,18
1626106330,45.9117,45.94,45.9115,45.9399,45.92641,97,37
1626106335,45.93,45.9393,45.925,45.925,45.93337,74,21
1626106340,45.9206,45.935,45.92,45.935,45.92194,125,33
1626106345,45.935,45.94,45.935,45.935,45.93845,30,9
1626106350,45.935,45.9387,45.93,45.9387,45.9315,33,17
1626106355,45.93,45.93,45.91,45.915,45.92086,98,37
1626106360,45.91,45.915,45.9,45.9025,45.90363,115,27
1626106365,45.905,45.92,45.9001,45.9177,45.9114,133,12
1626106370,45.9199,45.9199,45.91,45.915,45.91414,29,9
1626106375,45.9149,45.93,45.91,45.915,45.92404,110,28
1626106380,45.9,45.9099,45.89,45.9084,45.9032,144,60
1626106385,45.9021,45.91,45.9014,45.9092,45.90569,13,4
1626106390,45.9,45.9,45.87,45.8725,45.89,102,27
1626106395,45.875,45.885,45.87,45.88,45.87615,53,30
1626106400,45.885,45.885,45.88,45.88,45.88332,35,5
1626106405,45.88,45.89,45.88,45.885,45.88411,41,25
1626106410,45.8856,45.9,45.87,45.9,45.88163,68,26
1626106415,45.8991,45.8991,45.8801,45.89,45.89016,22,14
1626106420,45.896,45.8999,45.89,45.8901,45.89446,65,8
1626106425,45.895,45.905,45.895,45.903,45.90153,42,17
1626106430,45.9,45.925,45.9,45.925,45.90811,37,19
1626106435,45.9299,45.9299,45.915,45.92,45.92307,42,11
1626106440,45.91,45.92,45.89,45.9,45.9032,121,62
1626106445,45.9,45.9,45.89,45.895,45.8931,21,14
1626106450,45.895,45.905,45.895,45.9021,45.90201,29,16
1626106455,45.91,45.91,45.9099,45.91,45.90997,10,6
1626106460,45.91,45.915,45.91,45.915,45.91351,20,5
1626106465,45.915,45.9401,45.91,45.9401,45.92708,157,32
1626106470,45.94,45.945,45.91,45.94,45.93293,244,85
1626106475,45.94,45.9582,45.94,45.9449,45.94993,214,60
1626106480,45.945,45.96,45.94,45.96,45.9488,96,29
1626106485,45.9475,45.96,45.9475,45.95,45.95369,39,14
1626106490,45.945,45.9481,45.94,45.945,45.94322,52,13
1626106495,45.945,45.945,45.91,45.9211,45.928,262,42
1626106500,45.9291,45.93,45.92,45.93,45.92434,58,17
1626106505,45.93,45.9595,45.93,45.955,45.94833,117,46
1626106510,45.9514,45.9518,45.9312,45.95,45.94076,42,15
1626106515,45.945,45.965,45.94,45.96,45.95159,252,113
1626106520,45.955,45.96,45.9511,45.9599,45.95765,32,19
1626106525,45.955,45.97,45.9502,45.9677,45.9648,78,22
1626106530,45.97,45.97,45.95,45.9575,45.96147,207,60
1626106535,45.97,45.99,45.9699,45.9801,45.9804,203,61
1626106540,45.9809,45.99,45.98,45.98,45.98527,136,36
1626106545,45.98,46.0,45.98,45.98,45.98911,264,45
1626106550,45.9893,46.005,45.98,45.9801,45.99702,907,161
1626106555,45.985,46.01,45.985,46.01,45.99525,75,30
1626106560,46.0,46.01,45.99,45.99,45.9953,152,53
1626106565,45.995,46.0,45.99,45.995,45.99481,98,22
1626106570,45.99,46.0,45.975,45.985,45.98548,282,128
1626106575,45.985,45.985,45.95,45.951,45.96326,126,39
1626106580,45.9511,45.9571,45.92,45.951,45.9383,440,108
1626106585,45.955,45.96,45.95,45.96,45.95327,117,24
1626106590,45.9623,45.965,45.96,45.96,45.96184,14,8
1626106595,45.9689,45.9689,45.955,45.965,45.96299,71,37
1626106600,45.955,45.99,45.95,45.9891,45.97346,325,121
1626106605,45.987,46.0,45.985,46.0,45.99296,81,35
1626106610,46.0,46.0099,46.0,46.0099,46.0043,183,19
1626106615,46.005,46.0161,46.0001,46.0161,46.01068,45,19
1626106620,46.02,46.03,46.01,46.023,46.01762,112,63
1626106625,46.03,46.045,46.02,46.038,46.03063,168,70
1626106630,46.035,46.04,46.015,46.015,46.03371,158,44
1626106635,46.01,46.01,45.9809,46.0,45.99569,276,54
1626106640,46.0001,46.03,46.0,46.025,46.02047,94,64
1626106645,46.0279,46.0279,46.0108,46.0114,46.0153,43,15
1626106650,46.015,46.02,46.0101,46.0101,46.01773,50,25
1626106655,46.0101,46.0189,46.01,46.015,46.01312,51,9
1626106660,46.02,46.045,46.02,46.045,46.03378,79,35
1626106665,46.045,46.05,46.045,46.05,46.04845,68,28
1626106670,46.05,46.05,46.03,46.04,46.03809,167,55
1626106675,46.04,46.06,46.035,46.0553,46.0482,113,35
1626106680,46.0553,46.06,46.04,46.0499,46.04571,292,68
1626106685,46.049,46.055,46.04,46.055,46.04597,83,33
1626106690,46.05,46.05,46.04,46.04,46.04259,79,19
1626106695,46.045,46.05,46.04,46.045,46.04195,105,41
1626106700,46.0455,46.0578,46.04,46.05,46.04888,25,17
1626106705,46.045,46.0688,46.04,46.05,46.0547,125,57
1626106710,46.06,46.065,46.05,46.06,46.05702,40,11
1626106715,46.055,46.06,46.05,46.055,46.05479,27,13
1626106720,46.0535,46.059,46.0491,46.05,46.05332,70,24
1626106725,46.0579,46.0579,46.02,46.0299,46.04015,111,34
1626106730,46.022,46.035,46.01,46.015,46.02233,48,21
1626106735,46.0125,46.02,46.01,46.015,46.01851,82,14
1626106740,46.02,46.035,46.02,46.035,46.02336,96,13
1626106745,46.0347,46.05,46.03,46.037,46.04241,167,39
1626106750,46.0465,46.07,46.0334,46.06,46.05268,62,22
1626106755,46.0569,46.06,46.0501,46.0599,46.05392,73,15
1626106760,46.05,46.0589,46.05,46.055,46.0527,63,17
1626106765,46.055,46.07,46.05,46.054,46.0541,161,43
1626106770,46.054,46.055,46.0313,46.0451,46.04598,69,36
1626106775,46.05,46.0698,46.05,46.0698,46.05925,33,16
1626106780,46.053,46.07,46.053,46.0635,46.06036,7,4
1626106785,46.059,46.059,46.05,46.0579,46.05151,45,9
1626106790,46.0502,46.0598,46.0349,46.0598,46.04467,114,44
1626106795,46.05,46.05,46.04,46.0489,46.0421,112,32
1626106800,46.05,46.06,46.05,46.05,46.05798,75,7
1626106805,46.055,46.08,46.055,46.0778,46.06982,221,46
1626106810,46.0779,46.08,46.0601,46.078,46.07159,126,55
1626106815,46.0777,46.0777,46.06,46.06,46.0653,52,9
1626106820,46.0763,46.085,46.065,46.0764,46.07829,182,47
1626106825,46.085,46.09,46.08,46.08,46.08268,101,17
1626106830,46.08,46.11,46.08,46.11,46.09706,279,68
1626106835,46.12,46.1281,46.1,46.1,46.11059,262,63
1626106840,46.1,46.11,46.08,46.085,46.09263,178,46
1626106845,46.0834,46.0834,46.065,46.065,46.07232,86,25
1626106850,46.079,46.11,46.075,46.1,46.0882,254,59
1626106855,46.1054,46.11,46.1001,46.11,46.10487,61,15
1626106860,46.12,46.12,46.11,46.1199,46.11132,91,16
1626106865,46.115,46.12,46.1,46.105,46.10849,77,24
1626106870,46.11,46.12,46.1,46.1182,46.11011,50,28
1626106875,46.115,46.12,46.1121,46.1124,46.11723,94,11
1626106880,46.12,46.135,46.11,46.113,46.11822,101,46
1626106885,46.11,46.1101,46.07,46.0872,46.09506,144,66
1626106890,46.08,46.1,46.06,46.075,46.08449,146,58
1626106895,46.0792,46.09,46.06,46.085,46.07247,208,76
1626106900,46.0868,46.1,46.06,46.08,46.08883,87,22
1626106905,46.07,46.1,46.07,46.09,46.08162,82,28
1626106910,46.0883,46.09,46.06,46.0799,46.0734,167,66
1626106915,46.07,46.07,46.0501,46.0501,46.05983,117,28
1626106920,46.055,46.055,46.03,46.055,46.04808,155,81
1626106925,46.05,46.065,46.05,46.065,46.05656,75,16
1626106930,46.0632,46.09,46.055,46.081,46.07732,80,41
1626106935,46.085,46.085,46.06,46.07,46.07245,140,92
1626106940,46.076,46.079,46.07,46.0721,46.0755,12,6
1626106945,46.078,46.08,46.075,46.0779,46.07884,13,5
1626106950,46.075,46.08,46.07,46.08,46.07545,95,27
1626106955,46.0793,46.08,46.0727,46.075,46.07608,23,7
1626106960,46.0753,46.0799,46.07,46.075,46.07214,108,11
1626106965,46.07,46.0901,46.07,46.0901,46.07722,153,61
1626106970,46.0901,46.1092,46.0901,46.1045,46.1018,58,19
1626106975,46.11,46.11,46.095,46.0981,46.10172,63,15
1626106980,46.095,46.11,46.09,46.105,46.0986,32,15
1626106985,46.105,46.13,46.1,46.12,46.1183,152,51
1626106990,46.1177,46.12,46.09,46.095,46.10727,158,35
1626106995,46.095,46.115,46.09,46.115,46.09345,113,19
1626107000,46.11,46.1101,46.1,46.1086,46.10682,24,15
1626107005,46.105,46.105,46.09,46.09,46.09547,122,35
1626107010,46.09,46.105,46.085,46.093,46.09082,145,58
1626107015,46.09,46.1001,46.0878,46.1001,46.0973,44,26
1626107020,46.1009,46.1009,46.09,46.09,46.09902,86,18
1626107025,46.095,46.13,46.09,46.095,46.12277,477,89
1626107030,46.1,46.129,46.0998,46.117,46.12027,119,42
1626107035,46.115,46.115,46.11,46.1109,46.11141,8,6
1626107040,46.11,46.13,46.11,46.115,46.1185,230,33
1626107045,46.12,46.13,46.12,46.12,46.12158,50,31
1626107050,46.125,46.18,46.12,46.1797,46.15309,239,62
1626107055,46.1695,46.19,46.1501,46.1791,46.17164,301,77
1626107060,46.17,46.17,46.1401,46.1401,46.14857,248,49
1626107065,46.1401,46.16,46.14,46.15,46.15029,92,39
1626107070,46.1512,46.1575,46.1399,46.1412,46.14404,194,46
1626107075,46.152,46.16,46.145,46.148,46.15094,174,23
1626107080,46.14,46.1412,46.11,46.1412,46.12271,194,59
1626107085,46.15,46.15,46.14,46.14,46.14379,26,8
1626107090,46.12,46.16,46.11,46.14,46.13737,336,134
1626107095,46.1301,46.1411,46.13,46.14,46.13617,50,13
1626107100,46.1409,46.1499,46.1409,46.145,46.14519,21,4
1626107105,46.1499,46.1499,46.14,46.145,46.14359,54,24
1626107110,46.1488,46.18,46.145,46.18,46.15982,158,59
1626107115,46.1738,46.175,46.155,46.155,46.16636,66,26
1626107120,46.155,46.1689,46.155,46.165,46.15941,39,8
1626107125,46.165,46.17,46.16,46.17,46.16489,19,6
1626107130,46.1676,46.1699,46.1601,46.165,46.16697,52,9
1626107135,46.17,46.22,46.165,46.205,46.19614,278,106
1626107140,46.205,46.205,46.1762,46.19,46.19618,179,58
1626107145,46.195,46.1955,46.19,46.19,46.19336,71,21
1626107150,46.185,46.189,46.17,46.176,46.17765,83,16
1626107155,46.17,46.18,46.17,46.1754,46.17539,42,7
1626107160,46.175,46.18,46.17,46.18,46.17389,58,19
1626107165,46.175,46.19,46.17,46.19,46.18143,44,30
1626107170,46.185,46.1999,46.18,46.1999,46.18774,87,13
1626107175,46.199,46.205,46.195,46.2017,46.2017,74,29
1626107180,46.2,46.21,46.19,46.205,46.19975,152,51
1626107185,46.2082,46.2082,46.19,46.195,46.19895,47,25
1626107190,46.195,46.195,46.145,46.16,46.16922,172,73
1626107195,46.14,46.17,46.14,46.145,46.15401,102,38
1626107200,46.1408,46.1599,46.12,46.15,46.13051,220,66
1626107205,46.155,46.168,46.15,46.168,46.15842,67,14
1626107210,46.1688,46.18,46.16,46.1699,46.16814,64,33
1626107215,46.175,46.18,46.1713,46.18,46.17844,74,39
1626107220,46.185,46.2,46.18,46.185,46.1939,95,25
1626107225,46.1899,46.2199,46.1899,46.21,46.2068,121,57
1626107230,46.205,46.215,46.2,46.2001,46.20828,161,21
1626107235,46.2,46.21,46.18,46.205,46.19413,244,70
1626107240,46.2001,46.2001,46.18,46.1801,46.18722,213,102
1626107245,46.1799,46.18,46.16,46.1688,46.1658,216,56
1626107250,46.16,46.17,46.14,46.17,46.15069,249,134
1626107255,46.1657,46.17,46.1605,46.163,46.16539,38,13
1626107260,46.16,46.178,46.16,46.165,46.16782,45,11
1626107265,46.16,46.19,46.15,46.18,46.17738,111,48
1626107270,46.17,46.1702,46.1601,46.165,46.16455,48,13
1626107275,46.165,46.17,46.15,46.16,46.15938,198,52
1626107280,46.165,46.165,46.1511,46.16,46.15934,21,19
1626107285,46.16,46.16,46.13,46.14,46.13753,203,84
1626107290,46.145,46.15,46.13,46.1401,46.14344,155,51
1626107295,46.15,46.15,46.14,46.1405,46.14106,63,15
1626107300,46.14,46.14,46.1025,46.1025,46.12251,180,79
1626107305,46.115,46.1299,46.115,46.12,46.12492,158,26
1626107310,46.105,46.105,46.09,46.0908,46.09413,254,54
1626107315,46.0901,46.0999,46.06,46.06,46.07717,128,37
1626107320,46.06,46.0691,46.0525,46.06,46.06036,157,46
1626107325,46.06,46.08,46.06,46.08,46.06939,168,40
1626107330,46.085,46.0888,46.08,46.0888,46.08252,67,16
1626107335,46.085,46.1399,46.085,46.1,46.12177,549,193
1626107340,46.115,46.115,46.105,46.105,46.11009,15,8
1626107345,46.11,46.115,46.11,46.11,46.11188,98,31
1626107350,46.11,46.1181,46.105,46.1179,46.11153,10,8
1626107355,46.105,46.11,46.08,46.0976,46.10186,240,68
1626107360,46.095,46.0999,46.0814,46.0851,46.09285,55,23
1626107365,46.085,46.09,46.08,46.09,46.0824,97,33
1626107370,46.0813,46.09,46.08,46.08,46.08324,42,12
1626107375,46.0805,46.1,46.07,46.0991,46.08962,288,111
1626107380,46.09,46.12,46.09,46.115,46.11195,173,92
1626107385,46.13,46.135,46.12,46.125,46.12846,47,17
1626107390,46.125,46.14,46.125,46.135,46.13575,47,15
1626107395,46.139,46.14,46.13,46.132,46.13296,168,43
1626107400,46.14,46.18,46.14,46.16,46.16224,419,152
1626107405,46.1701,46.1702,46.15,46.155,46.15864,94,37
1626107410,46.155,46.17,46.1501,46.17,46.16018,48,25
1626107415,46.165,46.19,46.16,46.19,46.1731,124,43
1626107420,46.185,46.19,46.17,46.18,46.18132,194,69
1626107425,46.1743,46.19,46.1743,46.1838,46.18107,43,19
1626107430,46.18,46.18,46.171,46.175,46.17738,76,33
1626107435,46.18,46.18,46.165,46.175,46.17258,77,32
1626107440,46.175,46.19,46.175,46.185,46.17966,85,20
1626107445,46.18,46.24,46.175,46.24,46.20539,542,153
1626107450,46.2375,46.24,46.19,46.195,46.21121,193,68
1626107455,46.1926,46.23,46.1926,46.2193,46.21319,125,71
1626107460,46.22,46.24,46.2198,46.2301,46.23278,124,45
1626107465,46.23,46.25,46.23,46.25,46.23723,165,60
1626107470,46.2413,46.26,46.2413,46.2501,46.25326,224,60
1626107475,46.255,46.255,46.22,46.22,46.23428,238,61
1626107480,46.23,46.24,46.225,46.23,46.23368,81,43
1626107485,46.23,46.25,46.22,46.2391,46.23699,165,42
1626107490,46.24,46.26,46.24,46.24,46.24983,188,63
1626107495,46.24,46.25,46.23,46.2382,46.23974,203,50
1626107500,46.2313,46.25,46.2313,46.24,46.24446,123,25
1626107505,46.235,46.24,46.23,46.24,46.23388,32,10
1626107510,46.23,46.2392,46.229,46.239,46.23191,60,37
1626107515,46.24,46.27,46.24,46.265,46.25666,298,80
1626107520,46.2612,46.27,46.26,46.265,46.26248,146,35
1626107525,46.26,46.26,46.25,46.2547,46.2538,76,20
1626107530,46.2511,46.2679,46.25,46.26,46.25623,64,27
1626107535,46.2601,46.29,46.26,46.285,46.27446,389,74
1626107540,46.29,46.29,46.27,46.27,46.2849,215,77
1626107545,46.2665,46.29,46.265,46.2891,46.28474,147,49
1626107550,46.29,46.32,46.285,46.3143,46.30722,512,178
1626107555,46.315,46.33,46.3,46.3,46.3184,334,107
1626107560,46.3099,46.31,46.3,46.3021,46.30495,190,35
1626107565,46.305,46.31,46.3,46.3099,46.30428,71,14
1626107570,46.31,46.31,46.3,46.3001,46.3064,92,36
1626107575,46.3,46.4,46.3,46.3799,46.34645,785,243
1626107580,46.3799,46.4,46.35,46.35,46.36297,355,93
1626107585,46.355,46.4,46.35,46.4,46.37684,657,187
1626107590,46.4,46.42,46.39,46.4091,46.39989,790,167
1626107595,46.4095,46.42,46.385,46.3901,46.40124,535,97
1626107600,46.39,46.39,46.35,46.3691,46.36866,621,151
1626107605,46.37,46.39,46.36,46.3879,46.36567,124,53
1626107610,46.385,46.39,46.36,46.3899,46.37607,147,62
1626107615,46.3882,46.3999,46.3801,46.395,46.39145,142,40
1626107620,46.395,46.405,46.37,46.3799,46.39398,329,91
1626107625,46.375,46.3799,46.36,46.3691,46.37024,123,27
1626107630,46.37,46.3899,46.3649,46.38,46.37577,104,42
1626107635,46.385,46.3891,46.36,46.37,46.37801,91,31
1626107640,46.375,46.38,46.37,46.37,46.37119,141,19
1626107645,46.3701,46.375,46.37,46.37,46.37036,47,11
1626107650,46.37,46.3717,46.3501,46.3501,46.36358,306,108
1626107655,46.35,46.3573,46.32,46.35,46.34238,239,109
1626107660,46.35,46.36,46.34,46.34,46.3487,44,15
1626107665,46.34,46.345,46.32,46.3356,46.33161,378,67
1626107670,46.3399,46.3444,46.3306,46.3399,46.3357,75,15
1626107675,46.335,46.34,46.32,46.335,46.32637,240,42
1626107680,46.335,46.34,46.335,46.34,46.33906,26,13
1626107685,46.335,46.345,46.331,46.331,46.34009,112,60
1626107690,46.34,46.3498,46.3321,46.3498,46.34237,17,5
1626107695,46.345,46.349,46.34,46.3489,46.34611,11,5
1626107700,46.3489,46.36,46.34,46.3599,46.35004,44,32
1626107705,46.358,46.36,46.345,46.345,46.35547,94,20
1626107710,46.345,46.3489,46.34,46.3489,46.34379,69,20
1626107715,46.346,46.369,46.345,46.3614,46.35821,80,22
1626107720,46.365,46.3699,46.36,46.365,46.36635,123,22
1626107725,46.3689,46.37,46.3503,46.3503,46.3605,38,15
1626107730,46.355,46.365,46.34,46.35,46.3507,291,79
1626107735,46.35,46.3599,46.35,46.3509,46.35425,35,10
1626107740,46.36,46.38,46.355,46.36,46.36224,235,59
1626107745,46.365,46.37,46.36,46.37,46.36593,16,9
1626107750,46.368,46.38,46.368,46.37,46.37487,76,19
1626107755,46.375,46.4,46.375,46.395,46.38621,285,76
1626107760,46.395,46.4,46.39,46.39,46.39456,50,17
1626107765,46.3974,46.42,46.3901,46.395,46.39986,156,49
1626107770,46.3911,46.3994,46.38,46.395,46.39267,356,110
1626107775,46.395,46.395,46.395,46.395,46.395,5,1
1626107780,46.395,46.42,46.395,46.41,46.40861,130,50
1626107785,46.4002,46.41,46.4,46.4,46.40524,112,23
1626107790,46.407,46.41,46.395,46.4,46.40034,150,46
1626107795,46.4,46.4,46.3901,46.4,46.39628,4,4
1626107800,46.39,46.3987,46.38,46.39,46.38863,239,75
1626107805,46.395,46.3979,46.38,46.38,46.38416,136,35
1626107810,46.38,46.4,46.375,46.391,46.38377,232,72
1626107815,46.3999,46.3999,46.39,46.39,46.39462,71,10
1626107820,46.39,46.395,46.39,46.395,46.39482,54,7
1626107825,46.4,46.4,46.39,46.3902,46.39314,57,25
1626107830,46.395,46.4,46.39,46.395,46.39409,78,22
1626107835,46.39,46.395,46.37,46.3749,46.37518,263,83
1626107840,46.3743,46.3799,46.37,46.375,46.37309,37,15
1626107845,46.3717,46.3827,46.37,46.3827,46.37587,117,28
1626107850,46.38,46.39,46.38,46.385,46.38615,74,12
1626107855,46.385,46.3899,46.38,46.3899,46.38427,17,6
1626107860,46.385,46.4,46.385,46.3901,46.39369,95,57
1626107865,46.39,46.395,46.38,46.38,46.3884,40,23
1626107870,46.38,46.38,46.37,46.37,46.37118,73,30
1626107875,46.3743,46.3799,46.365,46.37,46.37133,90,34
1626107880,46.37,46.37,46.37,46.37,46.37,56,29
1626107885,46.375,46.376,46.341,46.3425,46.35712,79,31
1626107890,46.3499,46.36,46.34,46.345,46.34726,90,41
1626107895,46.3499,46.3499,46.34,46.345,46.34662,46,11
1626107900,46.345,46.345,46.32,46.335,46.32636,177,36
1626107905,46.335,46.335,46.32,46.3202,46.33045,137,31
1626107910,46.325,46.325,46.27,46.2792,46.29748,368,91
1626107915,46.2722,46.3,46.2701,46.3,46.28715,358,86
1626107920,46.295,46.3099,46.29,46.3089,46.30053,107,30
1626107925,46.305,46.3099,46.2801,46.2801,46.29783,109,31
1626107930,46.2801,46.2899,46.276,46.276,46.28063,36,23
1626107935,46.275,46.29,46.27,46.275,46.27798,67,29
1626107940,46.27,46.3,46.27,46.2815,46.28366,239,80
1626107945,46.28,46.2805,46.27,46.27,46.27515,80,22
1626107950,46.27,46.3,46.27,46.29,46.29016,114,51
1626107955,46.295,46.2999,46.29,46.2901,46.29523,69,15
1626107960,46.2909,46.3,46.29,46.295,46.29518,22,8
1626107965,46.29,46.32,46.29,46.31,46.29882,142,70
1626107970,46.315,46.34,46.312,46.34,46.32422,157,81
1626107975,46.34,46.34,46.325,46.335,46.33483,122,71
1626107980,46.3309,46.34,46.31,46.3118,46.33235,76,27
1626107985,46.315,46.32,46.295,46.295,46.30861,140,45
1626107990,46.29,46.295,46.28,46.2899,46.28646,118,57
1626107995,46.28,46.295,46.28,46.295,46.28538,61,31
1626108000,46.295,46.305,46.24,46.25,46.26327,866,294
1626108005,46.2401,46.25,46.24,46.245,46.24312,100,27
1626108010,46.2499,46.2525,46.2389,46.24,46.24207,217,82
1626108015,46.24,46.25,46.22,46.22,46.2337,204,76
1626108020,46.225,46.25,46.22,46.245,46.24028,206,51
1626108025,46.25,46.26,46.23,46.235,46.24521,157,77
1626108030,46.255,46.255,46.2301,46.2331,46.23719,68,26
1626108035,46.23,46.2378,46.225,46.235,46.2314,65,20
1626108040,46.2397,46.25,46.23,46.2488,46.24092,173,64
1626108045,46.245,46.255,46.235,46.25,46.24506,119,49
1626108050,46.2428,46.25,46.24,46.245,46.24442,26,9
1626108055,46.25,46.258,46.245,46.245,46.25231,23,11
1626108060,46.245,46.2491,46.24,46.24,46.24366,84,20
1626108065,46.245,46.245,46.24,46.245,46.24364,160,20
1626108070,46.245,46.245,46.24,46.24,46.24108,76,10
1626108075,46.24,46.2487,46.24,46.24,46.24191,31,10
1626108080,46.24,46.2402,46.222,46.235,46.23623,163,83
1626108085,46.23,46.2305,46.18,46.195,46.19483,595,129
1626108090,46.2,46.21,46.2,46.21,46.20569,127,23
1626108095,46.2,46.2099,46.19,46.195,46.19737,78,26
1626108100,46.18,46.1899,46.18,46.185,46.18448,71,25
1626108105,46.185,46.2,46.18,46.195,46.1886,166,85
1626108110,46.1823,46.19,46.18,46.19,46.18768,114,47
1626108115,46.185,46.19,46.18,46.18,46.1831,205,39
1626108120,46.185,46.19,46.18,46.189,46.18431,62,13
1626108125,46.1812,46.21,46.1812,46.2097,46.20058,196,66
1626108130,46.21,46.23,46.21,46.2299,46.22181,76,30
1626108135,46.23,46.24,46.22,46.22,46.2307,256,64
1626108140,46.22,46.2299,46.21,46.21,46.21917,130,25
1626108145,46.215,46.22,46.2,46.2001,46.20298,118,33
1626108150,46.205,46.21,46.19,46.19,46.19946,53,29
1626108155,46.19,46.1973,46.19,46.19,46.19131,68,22
1626108160,46.185,46.19,46.18,46.185,46.18673,135,44
1626108165,46.1825,46.1853,46.14,46.1517,46.15846,549,138
1626108170,46.159,46.17,46.1512,46.1625,46.16558,135,46
1626108175,46.165,46.165,46.165,46.165,46.165,6,3
1626108180,46.1625,46.175,46.16,46.17,46.16802,79,24
1626108185,46.1701,46.18,46.17,46.17,46.17321,125,21
1626108190,46.1701,46.1781,46.17,46.175,46.17306,54,23
1626108195,46.18,46.2,46.175,46.2,46.18659,189,68
1626108200,46.1982,46.22,46.185,46.22,46.20958,93,30
1626108205,46.2251,46.25,46.22,46.2393,46.23741,209,62
1626108210,46.235,46.24,46.225,46.225,46.2322,128,27
1626108215,46.225,46.235,46.22,46.23,46.22813,259,83
1626108220,46.225,46.225,46.22,46.225,46.22462,37,6
1626108225,46.225,46.227,46.2191,46.2231,46.2208,67,44
1626108230,46.225,46.24,46.22,46.24,46.22906,51,16
1626108235,46.24,46.25,46.2301,46.241,46.24001,63,37
1626108240,46.2445,46.25,46.24,46.2499,46.24757,159,49
1626108245,46.245,46.29,46.245,46.2875,46.26636,193,75
1626108250,46.29,46.295,46.28,46.285,46.28785,252,68
1626108255,46.2899,46.29,46.283,46.285,46.28658,26,6
1626108260,46.2801,46.29,46.25,46.2801,46.26823,257,96
1626108265,46.2801,46.2801,46.26,46.26,46.27244,123,21
1626108270,46.26,46.2686,46.26,46.2686,46.26338,26,11
1626108275,46.26,46.26,46.245,46.255,46.25075,216,38
1626108280,46.2522,46.279,46.25,46.255,46.26328,131,43
1626108285,46.255,46.275,46.255,46.275,46.26508,84,36
1626108290,46.2701,46.28,46.27,46.2754,46.27495,91,13
1626108295,46.27,46.27,46.26,46.2699,46.26888,43,13
1626108300,46.27,46.2889,46.2682,46.2875,46.27981,67,33
1626108305,46.285,46.29,46.28,46.2863,46.28149,110,37
1626108310,46.28,46.29,46.28,46.2805,46.28373,50,26
1626108315,46.285,46.285,46.24,46.25,46.26817,268,135
1626108320,46.2501,46.255,46.21,46.212,46.22897,192,43
1626108325,46.21,46.22,46.21,46.22,46.21321,87,30
1626108330,46.215,46.239,46.215,46.225,46.22485,79,32
1626108335,46.225,46.225,46.21,46.21,46.2173,109,25
1626108340,46.215,46.235,46.21,46.235,46.22725,146,43
1626108345,46.235,46.235,46.2127,46.225,46.23065,46,14
1626108350,46.2279,46.2279,46.22,46.2221,46.22189,23,14
1626108355,46.2267,46.2267,46.22,46.22,46.22334,30,14
1626108360,46.2215,46.2217,46.21,46.2117,46.21692,148,66
1626108365,46.2117,46.216,46.19,46.1902,46.20924,210,65
1626108370,46.19,46.2,46.18,46.1846,46.1867,142,63
1626108375,46.18,46.1899,46.17,46.188,46.18022,104,22
1626108380,46.19,46.1999,46.185,46.1901,46.19401,138,34
1626108385,46.2,46.2099,46.1901,46.2,46.20138,62,25
1626108390,46.205,46.23,46.205,46.225,46.21753,90,25
1626108395,46.23,46.2399,46.225,46.235,46.23209,76,18
1626108400,46.235,46.24,46.2323,46.2398,46.23732,63,24
1626108405,46.24,46.29,46.24,46.275,46.27539,108,52
1626108410,46.2799,46.285,46.2701,46.275,46.27625,73,12
1626108415,46.274,46.28,46.26,46.27,46.27296,138,76
1626108420,46.2601,46.27,46.2589,46.2589,46.26331,44,11
1626108425,46.255,46.26,46.25,46.255,46.2539,41,10
1626108430,46.255,46.2899,46.255,46.2899,46.27627,42,15
1626108435,46.29,46.32,46.2899,46.29,46.30542,457,186
1626108440,46.3044,46.3099,46.294,46.294,46.30194,81,21
1626108445,46.3,46.3,46.2701,46.28,46.28017,43,21
1626108450,46.2896,46.3,46.2896,46.295,46.29466,16,5
1626108455,46.2947,46.295,46.2805,46.285,46.28762,147,32
1626108460,46.28,46.28,46.26,46.265,46.26778,77,12
1626108465,46.2601,46.2601,46.24,46.255,46.25249,175,34
1626108470,46.2591,46.305,46.2591,46.2891,46.28879,108,62
1626108475,46.285,46.3,46.285,46.2899,46.29008,42,30
1626108480,46.29,46.3239,46.29,46.3239,46.30989,120,90
1626108485,46.33,46.37,46.325,46.37,46.34469,266,81
1626108490,46.36,46.38,46.35,46.38,46.36412,344,100
1626108495,46.38,46.4,46.3701,46.385,46.39155,275,86
1626108500,46.395,46.4,46.3606,46.3758,46.38185,320,66
1626108505,46.38,46.38,46.36,46.375,46.37154,95,29
1626108510,46.37,46.37,46.361,46.3699,46.3663,9,8
1626108515,46.3688,46.3689,46.36,46.365,46.3636,33,11
1626108520,46.365,46.37,46.36,46.3626,46.36807,78,12
1626108525,46.3661,46.3699,46.365,46.3699,46.36773,4,3
1626108530,46.365,46.3699,46.36,46.3699,46.36586,55,13
1626108535,46.3628,46.369,46.36,46.365,46.36488,32,7
1626108540,46.3687,46.39,46.365,46.372,46.37438,181,58
1626108545,46.38,46.42,46.38,46.41,46.40338,375,67
1626108550,46.41,46.5075,46.41,46.5,46.47674,1091,284
1626108555,46.5,46.51,46.4601,46.47,46.48765,334,96
1626108560,46.4699,46.4892,46.4678,46.4701,46.47973,65,24
1626108565,46.476,46.48,46.465,46.473,46.47074,190,53
1626108570,46.471,46.5,46.4706,46.4901,46.48541,149,53
1626108575,46.5,46.53,46.49,46.5059,46.50419,282,94
1626108580,46.4972,46.5,46.48,46.485,46.49176,174,58
1626108585,46.485,46.495,46.48,46.495,46.48754,143,55
1626108590,46.4907,46.515,46.4907,46.505,46.50459,166,58
1626108595,46.501,46.5056,46.46,46.4787,46.48492,237,112
1626108600,46.47,46.48,46.46,46.48,46.46877,126,30
1626108605,46.48,46.5099,46.475,46.4988,46.49257,157,71
1626108610,46.495,46.4988,46.48,46.49,46.48894,92,44
1626108615,46.4971,46.4999,46.4814,46.499,46.49092,75,15
1626108620,46.49,46.5099,46.49,46.5081,46.50157,135,58
1626108625,46.509,46.52,46.509,46.515,46.5157,42,15
1626108630,46.5126,46.52,46.49,46.4989,46.50777,189,61
1626108635,46.49,46.51,46.48,46.5,46.49275,166,66
1626108640,46.5099,46.515,46.505,46.5101,46.50983,68,23
1626108645,46.51,46.52,46.5,46.5,46.51399,195,27
1626108650,46.5024,46.505,46.4823,46.49,46.49479,188,33
1626108655,46.4997,46.51,46.4837,46.505,46.50049,26,9
1626108660,46.51,46.51,46.49,46.4916,46.49934,170,32
1626108665,46.49,46.4999,46.49,46.495,46.49189,80,22
1626108670,46.4999,46.4999,46.49,46.495,46.49399,17,6
1626108675,46.4995,46.4995,46.49,46.4901,46.49613,91,9
1626108680,46.4928,46.495,46.48,46.482,46.48989,54,18
1626108685,46.485,46.5,46.48,46.49,46.48886,143,39
1626108690,46.495,46.4999,46.4821,46.485,46.49352,19,11
1626108695,46.48,46.485,46.44,46.44,46.45303,337,126
1626108700,46.44,46.46,46.43,46.44,46.44812,93,68
1626108705,46.4326,46.44,46.43,46.43,46.43425,80,19
1626108710,46.43,46.45,46.43,46.4323,46.43732,64,38
1626108715,46.4465,46.4465,46.41,46.4157,46.42505,95,21
1626108720,46.415,46.43,46.41,46.4219,46.42374,230,55
1626108725,46.425,46.428,46.42,46.4237,46.42273,31,15
1626108730,46.425,46.4299,46.42,46.422,46.42476,43,13
1626108735,46.42,46.429,46.42,46.42,46.42381,32,13
1626108740,46.4273,46.43,46.42,46.43,46.42782,46,15
1626108745,46.425,46.4311,46.423,46.4311,46.42527,72,11
1626108750,46.43,46.4399,46.4299,46.43,46.43323,72,29
1626108755,46.43,46.48,46.43,46.4712,46.45695,145,67
1626108760,46.4786,46.4786,46.465,46.465,46.46889,76,25
1626108765,46.46,46.465,46.449,46.4499,46.45807,62,24
1626108770,46.445,46.4494,46.4212,46.43,46.43333,181,23
1626108775,46.4299,46.4299,46.42,46.421,46.42387,38,17
1626108780,46.4291,46.445,46.4291,46.4449,46.43848,67,41
1626108785,46.4499,46.4499,46.44,46.445,46.44304,75,16
1626108790,46.4399,46.445,46.43,46.44,46.43782,76,19
1626108795,46.4401,46.4561,46.44,46.445,46.4444,81,23
1626108800,46.4499,46.4499,46.4427,46.4427,46.44818,32,8
1626108805,46.445,46.445,46.435,46.435,46.44188,82,27
1626108810,46.44,46.44,46.39,46.395,46.41118,314,80
1626108815,46.395,46.4,46.39,46.3901,46.39431,187,46
1626108820,46.395,46.395,46.37,46.3843,46.38385,227,94
1626108825,46.3899,46.3999,46.385,46.394,46.39098,151,23
1626108830,46.389,46.389,46.38,46.3801,46.38243,20,5
1626108835,46.3889,46.3889,46.3714,46.375,46.37852,50,11
1626108840,46.38,46.39,46.38,46.385,46.38295,50,21
1626108845,46.385,46.39,46.37,46.3899,46.37965,78,34
1626108850,46.3817,46.42,46.3817,46.4159,46.40917,108,53
1626108855,46.41,46.415,46.4,46.4087,46.40842,57,14
1626108860,46.4,46.4,46.3922,46.395,46.39947,33,10
1626108865,46.395,46.395,46.39,46.3909,46.39421,58,8
1626108870,46.39,46.39,46.385,46.39,46.38798,42,11
1626108875,46.382,46.385,46.38,46.38,46.38326,39,14
1626108880,46.385,46.4,46.38,46.4,46.39289,124,21
1626108885,46.395,46.41,46.39,46.405,46.39983,91,28
1626108890,46.41,46.42,46.41,46.4198,46.4155,45,27
1626108895,46.4199,46.4199,46.4,46.4096,46.40845,37,12
1626108900,46.4,46.4,46.38,46.39,46.39041,28,12
1626108905,46.3921,46.4,46.39,46.395,46.39364,48,15
1626108910,46.3921,46.405,46.3921,46.405,46.40178,46,12
1626108915,46.405,46.405,46.385,46.395,46.39203,139,41
1626108920,46.398,46.4,46.38,46.4,46.38935,48,23
1626108925,46.4084,46.4084,46.3912,46.3912,46.39952,52,8
1626108930,46.399,46.399,46.38,46.385,46.38385,18,9
1626108935,46.385,46.385,46.36,46.36,46.37322,132,44
1626108940,46.375,46.375,46.351,46.365,46.36669,174,21
1626108945,46.365,46.375,46.36,46.365,46.36761,116,36
1626108950,46.365,46.3702,46.36,46.3702,46.36741,22,19
1626108955,46.3701,46.375,46.37,46.375,46.37252,19,7
1626108960,46.37,46.399,46.3667,46.385,46.38061,180,45
1626108965,46.385,46.39,46.37,46.37,46.38649,61,16
1626108970,46.38,46.38,46.3761,46.3761,46.3774,3,3
1626108975,46.375,46.385,46.375,46.385,46.38128,42,10
1626108980,46.38,46.39,46.38,46.39,46.38813,16,3
1626108985,46.38,46.39,46.3701,46.39,46.37296,139,33
1626108990,46.385,46.385,46.345,46.355,46.35544,138,68
1626108995,46.355,46.38,46.355,46.37,46.37044,76,52
1626109000,46.37,46.37,46.36,46.36,46.36318,11,10
1626109005,46.355,46.355,46.32,46.34,46.33294,213,82
1626109010,46.3499,46.36,46.33,46.34,46.35197,35,23
1626109015,46.34,46.34,46.32,46.32,46.33085,47,21
1626109020,46.335,46.3399,46.32,46.3301,46.3308,188,36
1626109025,46.3312,46.34,46.33,46.3393,46.33702,62,16
1626109030,46.33,46.3301,46.325,46.325,46.3264,33,11
1626109035,46.32,46.33,46.32,46.32,46.32083,31,14
1626109040,46.3209,46.3293,46.32,46.32,46.32437,83,8
1626109045,46.33,46.34,46.33,46.33,46.33567,128,52
1626109050,46.325,46.3299,46.302,46.3101,46.31951,380,47
1626109055,46.32,46.34,46.32,46.34,46.32875,55,31
1626109060,46.3386,46.349,46.325,46.325,46.33548,147,55
1626109065,46.3275,46.33,46.31,46.32,46.32173,27,21
1626109070,46.31,46.31,46.28,46.3,46.29385,308,94
1626109075,46.285,46.305,46.2817,46.305,46.2985,145,42
1626109080,46.3,46.3,46.2711,46.2789,46.28474,79,35
1626109085,46.2898,46.29,46.28,46.28,46.28239,69,41
1626109090,46.27,46.28,46.2501,46.2684,46.26185,103,44
1626109095,46.26,46.27,46.23,46.2499,46.24809,202,59
1626109100,46.25,46.2694,46.2499,46.2694,46.25983,166,52
1626109105,46.27,46.2799,46.26,46.27,46.27019,69,42
1626109110,46.275,46.275,46.26,46.27,46.26809,15,11
1626109115,46.265,46.27,46.262,46.27,46.26723,34,12
1626109120,46.27,46.3,46.27,46.27,46.28057,127,61
1626109125,46.265,46.2799,46.26,46.275,46.26858,46,22
1626109130,46.275,46.28,46.26,46.27,46.27065,33,15
1626109135,46.28,46.29,46.275,46.275,46.28315,68,30
1626109140,46.275,46.28,46.2602,46.2789,46.27145,97,20
1626109145,46.28,46.3,46.28,46.29,46.28991,103,18
1626109150,46.295,46.31,46.2911,46.3,46.30006,250,46
1626109155,46.305,46.31,46.295,46.295,46.30185,215,46
1626109160,46.3099,46.32,46.3008,46.315,46.31255,130,24
1626109165,46.32,46.32,46.31,46.31,46.31757,7,7
1626109170,46.3199,46.3199,46.29,46.2901,46.29819,79,44
1626109175,46.2909,46.3,46.26,46.27,46.27973,204,72
1626109180,46.265,46.2699,46.25,46.25,46.25362,230,44
1626109185,46.255,46.26,46.24,46.2513,46.24886,111,40
1626109190,46.26,46.29,46.26,46.275,46.27967,84,48
1626109195,46.275,46.28,46.26,46.26,46.27144,17,10
1626109200,46.27,46.27,46.26,46.26,46.26488,22,11
1626109205,46.26,46.2799,46.25,46.2701,46.26445,54,27
1626109210,46.2692,46.2899,46.2601,46.265,46.27639,86,46
1626109215,46.26,46.26,46.25,46.2502,46.25123,70,22
1626109220,46.26,46.27,46.2528,46.255,46.26106,62,21
1626109225,46.25,46.26,46.25,46.255,46.25365,20,14
1626109230,46.26,46.26,46.24,46.2401,46.24803,109,33
1626109235,46.24,46.27,46.24,46.2511,46.25372,68,24
1626109240,46.26,46.27,46.25,46.258,46.25966,56,11
1626109245,46.26,46.26,46.2101,46.22,46.23099,97,46
1626109250,46.22,46.23,46.21,46.2243,46.21661,135,54
1626109255,46.23,46.24,46.2244,46.2244,46.23356,148,42
1626109260,46.2101,46.2159,46.205,46.205,46.21121,67,27
1626109265,46.2015,46.21,46.19,46.205,46.20225,272,71
1626109270,46.2007,46.2099,46.2,46.205,46.20299,50,20
1626109275,46.205,46.205,46.2001,46.2011,46.20193,15,4
1626109280,46.205,46.2099,46.2,46.2011,46.2048,58,9
1626109285,46.2099,46.21,46.2,46.2,46.20373,65,18
1626109290,46.205,46.2294,46.2,46.2208,46.21923,125,47
1626109295,46.225,46.24,46.22,46.2299,46.22665,42,15
1626109300,46.2299,46.24,46.225,46.24,46.23744,132,16
1626109305,46.24,46.249,46.2301,46.245,46.23947,181,39
1626109310,46.249,46.249,46.235,46.235,46.24094,53,22
1626109315,46.25,46.26,46.2432,46.245,46.2494,36,16
1626109320,46.245,46.2589,46.245,46.2569,46.2514,40,22
1626109325,46.255,46.28,46.25,46.275,46.26329,183,63
1626109330,46.2799,46.28,46.27,46.27,46.27509,182,19
1626109335,46.275,46.28,46.26,46.275,46.27231,175,52
1626109340,46.269,46.27,46.255,46.26,46.26193,37,14
1626109345,46.255,46.2699,46.2501,46.2646,46.26447,35,14
1626109350,46.27,46.28,46.27,46.2711,46.27461,27,8
1626109355,46.2711,46.29,46.27,46.2899,46.28151,81,20
1626109360,46.29,46.32,46.285,46.3191,46.29578,283,64
1626109365,46.315,46.3199,46.295,46.295,46.31116,98,32
1626109370,46.2999,46.3,46.26,46.265,46.28066,192,56
1626109375,46.26,46.3,46.26,46.275,46.27426,370,68
1626109380,46.275,46.28,46.2701,46.28,46.27521,129,10
1626109385,46.27,46.2799,46.27,46.2799,46.27605,42,11
1626109390,46.275,46.275,46.25,46.26,46.262,102,29
1626109395,46.255,46.265,46.2501,46.265,46.25717,46,12
1626109400,46.255,46.255,46.22,46.23,46.24528,110,46
1626109405,46.23,46.235,46.2201,46.2201,46.22922,77,23
1626109410,46.221,46.245,46.221,46.23,46.23536,140,76
1626109415,46.222,46.222,46.22,46.22,46.22047,26,9
1626109420,46.22,46.2299,46.22,46.22,46.22591,26,10
1626109425,46.2209,46.2209,46.2001,46.205,46.20645,41,12
1626109430,46.21,46.22,46.17,46.1799,46.18452,995,125
1626109435,46.17,46.195,46.17,46.185,46.18116,149,63
1626109440,46.1801,46.2,46.17,46.2,46.18096,299,79
1626109445,46.19,46.21,46.19,46.195,46.19977,69,40
1626109450,46.195,46.1984,46.19,46.191,46.19274,36,12
1626109455,46.19,46.195,46.17,46.18,46.17862,84,36
1626109460,46.18,46.185,46.17,46.18,46.17684,125,21
1626109465,46.175,46.185,46.1714,46.1714,46.17734,54,7
1626109470,46.1782,46.1782,46.15,46.155,46.15431,239,72
1626109475,46.1599,46.16,46.1512,46.16,46.15312,32,6
1626109480,46.165,46.18,46.16,46.17,46.16807,87,24
1626109485,46.16,46.17,46.16,46.17,46.16462,93,27
1626109490,46.175,46.185,46.16,46.1609,46.17475,110,32
1626109495,46.1699,46.2,46.165,46.181,46.18759,82,54
1626109500,46.1973,46.1973,46.1801,46.1801,46.19326,29,4
1626109505,46.185,46.2,46.1801,46.2,46.18646,104,14
1626109510,46.195,46.215,46.195,46.215,46.2045,63,15
1626109515,46.2199,46.23,46.21,46.215,46.22226,104,36
1626109520,46.215,46.22,46.2,46.22,46.20768,98,17
1626109525,46.2201,46.23,46.22,46.2275,46.223,40,9
1626109530,46.22,46.225,46.1801,46.185,46.19681,70,38
1626109535,46.185,46.19,46.18,46.182,46.18294,93,9
1626109540,46.1899,46.2,46.1875,46.195,46.19057,58,13
1626109545,46.19,46.19,46.185,46.19,46.1898,24,19
1626109550,46.195,46.195,46.195,46.195,46.195,10,1
1626109555,46.1927,46.195,46.18,46.185,46.1852,81,18
1626109560,46.18,46.18,46.13,46.14,46.14365,197,65
1626109565,46.1401,46.16,46.1401,46.1513,46.15312,78,25
1626109570,46.1505,46.16,46.1501,46.1501,46.15592,52,8
1626109575,46.1599,46.1699,46.155,46.1699,46.16512,105,34
1626109580,46.1699,46.1699,46.15,46.16,46.15844,33,12
1626109585,46.15,46.15,46.14,46.1489,46.144,110,35
1626109590,46.145,46.145,46.14,46.1408,46.14344,44,15
1626109595,46.145,46.17,46.1401,46.1682,46.15487,241,34
1626109600,46.1609,46.175,46.15,46.15,46.1635,89,48
1626109605,46.155,46.155,46.1418,46.1418,46.15339,16,5
1626109610,46.1414,46.149,46.14,46.142,46.14119,68,25
1626109615,46.145,46.145,46.13,46.13,46.14101,88,23
1626109620,46.1314,46.14,46.13,46.1348,46.132,51,14
1626109625,46.13,46.15,46.11,46.1101,46.12467,62,46
1626109630,46.1199,46.1339,46.11,46.1318,46.12337,181,66
1626109635,46.14,46.14,46.1301,46.1301,46.13472,24,9
1626109640,46.1318,46.1386,46.1318,46.1386,46.1349,16,4
1626109645,46.13,46.135,46.111,46.115,46.12138,70,33
1626109650,46.111,46.12,46.11,46.11,46.11475,83,16
1626109655,46.115,46.119,46.07,46.085,46.09222,127,86
1626109660,46.09,46.09,46.05,46.065,46.07894,249,62
1626109665,46.07,46.08,46.05,46.0564,46.0638,237,77
1626109670,46.0501,46.075,46.05,46.075,46.06138,149,41
1626109675,46.08,46.08,46.04,46.055,46.05579,220,100
1626109680,46.055,46.0809,46.05,46.0709,46.06864,85,36
1626109685,46.075,46.09,46.065,46.065,46.0796,145,47
1626109690,46.065,46.07,46.0521,46.0587,46.06309,47,15
1626109695,46.059,46.08,46.055,46.07,46.06778,52,37
1626109700,46.07,46.08,46.06,46.0699,46.07321,41,21
1626109705,46.0699,46.07,46.065,46.065,46.06693,68,13
1626109710,46.065,46.065,46.0402,46.045,46.0558,212,52
1626109715,46.045,46.0705,46.045,46.07,46.06494,76,44
1626109720,46.07,46.07,46.02,46.025,46.03955,197,62
1626109725,46.0206,46.03,46.02,46.03,46.0245,83,29
1626109730,46.035,46.05,46.03,46.045,46.03759,203,63
1626109735,46.042,46.05,46.0401,46.0401,46.04433,49,11
1626109740,46.05,46.08,46.043,46.075,46.06459,187,60
1626109745,46.079,46.08,46.07,46.075,46.07553,59,19
1626109750,46.0793,46.0793,46.07,46.0709,46.0755,50,6
1626109755,46.075,46.08,46.055,46.055,46.0758,242,70
1626109760,46.055,46.07,46.055,46.06,46.06689,60,9
1626109765,46.065,46.09,46.065,46.0899,46.07661,79,42
1626109770,46.085,46.085,46.0644,46.065,46.07173,131,24
1626109775,46.061,46.0692,46.0608,46.0691,46.06621,17,5
1626109780,46.0681,46.0681,46.0609,46.0614,46.06326,13,4
1626109785,46.06,46.0699,46.06,46.0699,46.06639,27,6
1626109790,46.065,46.08,46.0612,46.07,46.06779,32,16
1626109795,46.0709,46.09,46.0614,46.0814,46.07825,105,34
1626109800,46.085,46.09,46.08,46.08,46.08245,65,24
1626109805,46.075,46.09,46.075,46.09,46.08597,24,10
1626109810,46.095,46.12,46.09,46.12,46.09833,131,44
1626109815,46.11,46.12,46.1008,46.1064,46.10902,132,52
1626109820,46.105,46.115,46.1001,46.115,46.10844,20,12
1626109825,46.12,46.1227,46.105,46.105,46.11613,319,53
1626109830,46.1098,46.1199,46.1098,46.1199,46.11171,42,22
1626109835,46.1,46.1299,46.09,46.1299,46.10611,150,58
1626109840,46.13,46.13,46.1101,46.1189,46.11815,153,36
1626109845,46.115,46.12,46.115,46.12,46.11885,27,6
1626109850,46.1199,46.13,46.1199,46.13,46.12317,39,10
1626109855,46.14,46.14,46.13,46.14,46.13623,36,18
1626109860,46.1301,46.16,46.1301,46.1501,46.14243,218,39
1626109865,46.151,46.155,46.1226,46.13,46.13292,135,46
1626109870,46.125,46.1254,46.09,46.093,46.10754,405,72
1626109875,46.1,46.1099,46.0909,46.1099,46.10107,45,9
1626109880,46.105,46.125,46.1021,46.125,46.11341,29,17
1626109885,46.12,46.12,46.1,46.11,46.11284,32,14
1626109890,46.105,46.105,46.105,46.105,46.105,6,2
1626109895,46.1099,46.115,46.105,46.115,46.11028,67,4
1626109900,46.115,46.1592,46.115,46.135,46.13417,265,170
1626109905,46.135,46.1699,46.135,46.16,46.15242,127,29
1626109910,46.17,46.19,46.165,46.185,46.17864,149,52
1626109915,46.175,46.185,46.16,46.1699,46.16662,107,42
1626109920,46.1643,46.165,46.13,46.131,46.1412,73,29
1626109925,46.12,46.12,46.09,46.105,46.10307,128,45
1626109930,46.101,46.12,46.0999,46.1025,46.10586,119,42
1626109935,46.1,46.115,46.095,46.11,46.10845,91,21
1626109940,46.115,46.1217,46.11,46.115,46.11674,73,33
1626109945,46.115,46.139,46.115,46.12,46.1181,54,9
1626109950,46.139,46.14,46.125,46.13,46.13339,90,53
1626109955,46.135,46.1357,46.125,46.125,46.13316,79,13
1626109960,46.125,46.125,46.1,46.109,46.11054,24,14
1626109965,46.1,46.11,46.1,46.105,46.10557,124,14
1626109970,46.11,46.11,46.095,46.0999,46.10176,70,27
1626109975,46.0901,46.0991,46.08,46.085,46.08954,86,26
1626109980,46.08,46.0828,46.06,46.065,46.07028,112,46
1626109985,46.0684,46.0684,46.051,46.051,46.06199,24,12
1626109990,46.0553,46.065,46.0553,46.065,46.06008,39,19
1626109995,46.0599,46.06,46.05,46.0509,46.05596,41,7
1626110000,46.055,46.07,46.055,46.0698,46.06281,63,18
1626110005,46.06,46.08,46.06,46.0705,46.07016,51,19
1626110010,46.0791,46.1,46.07,46.0701,46.07939,58,31
1626110015,46.07,46.07,46.055,46.0594,46.06095,37,13
1626110020,46.06,46.06,46.05,46.05,46.05615,10,7
1626110025,46.0542,46.055,46.0542,46.055,46.0546,8,2
1626110030,46.0509,46.085,46.0501,46.08,46.06526,101,49
1626110035,46.0899,46.0899,46.07,46.075,46.08161,43,15
1626110040,46.0702,46.0702,46.0608,46.0608,46.0678,21,13
1626110045,46.07,46.08,46.0682,46.08,46.07726,49,27
1626110050,46.08,46.09,46.072,46.0899,46.08116,89,27
1626110055,46.0899,46.0899,46.07,46.07,46.07657,58,20
1626110060,46.0691,46.0696,46.055,46.055,46.05969,34,14
1626110065,46.05,46.06,46.05,46.0593,46.05333,91,28
1626110070,46.05,46.07,46.05,46.065,46.06556,29,17
1626110075,46.0752,46.08,46.065,46.0753,46.07005,91,17
1626110080,46.07,46.0809,46.0612,46.0801,46.0769,45,25
1626110085,46.085,46.095,46.0812,46.095,46.08939,131,14
1626110090,46.0954,46.0954,46.0801,46.0882,46.08783,56,20
1626110095,46.095,46.105,46.09,46.105,46.09696,73,24
1626110100,46.1092,46.1187,46.1,46.115,46.1103,133,16
1626110105,46.11,46.11,46.095,46.095,46.10465,29,18
1626110110,46.0908,46.095,46.0701,46.0701,46.08127,78,17
1626110115,46.0791,46.0791,46.06,46.06,46.069,35,21
1626110120,46.0612,46.07,46.06,46.062,46.06172,36,7
1626110125,46.06,46.0602,46.05,46.055,46.05247,105,29
1626110130,46.0588,46.065,46.05,46.065,46.05899,31,18
1626110135,46.065,46.07,46.06,46.07,46.06692,5,5
1626110140,46.075,46.075,46.075,46.075,46.075,3,3
1626110145,46.07,46.0999,46.07,46.095,46.08493,44,25
1626110150,46.0999,46.0999,46.092,46.0999,46.09681,32,7
1626110155,46.0936,46.1,46.0936,46.095,46.09619,40,9
1626110160,46.0981,46.12,46.09,46.105,46.10621,48,26
1626110165,46.1195,46.1195,46.105,46.11,46.11299,72,14
1626110170,46.1101,46.16,46.1101,46.16,46.13975,175,79
1626110175,46.145,46.1557,46.13,46.1399,46.14677,168,51
1626110180,46.135,46.16,46.1301,46.1598,46.14458,53,28
1626110185,46.155,46.18,46.15,46.175,46.16309,68,41
1626110190,46.1799,46.19,46.17,46.1737,46.17867,192,56
1626110195,46.18,46.18,46.1713,46.18,46.17852,76,17
1626110200,46.1801,46.2,46.1701,46.1701,46.19079,139,61
1626110205,46.178,46.18,46.15,46.155,46.16289,85,19
1626110210,46.155,46.1594,46.145,46.15,46.15339,76,34
1626110215,46.1409,46.16,46.1403,46.155,46.15357,56,20
1626110220,46.15,46.1599,46.1375,46.1375,46.14846,53,17
1626110225,46.13,46.1301,46.11,46.11,46.12202,120,23
1626110230,46.11,46.1191,46.11,46.1103,46.11324,48,11
1626110235,46.111,46.13,46.11,46.115,46.11964,78,26
1626110240,46.115,46.125,46.1113,46.125,46.11843,28,17
1626110245,46.128,46.128,46.115,46.115,46.11912,11,9
1626110250,46.115,46.12,46.09,46.09,46.10015,54,27
1626110255,46.09,46.105,46.09,46.0999,46.0945,85,12
1626110260,46.0969,46.1,46.0969,46.1,46.09962,63,12
1626110265,46.105,46.105,46.1001,46.1001,46.10051,12,3
1626110270,46.1,46.1,46.091,46.1,46.09646,40,22
1626110275,46.109,46.1386,46.109,46.1386,46.12529,33,22
1626110280,46.14,46.17,46.14,46.1601,46.15574,118,33
1626110285,46.1607,46.17,46.1512,46.16,46.16111,51,17
1626110290,46.16,46.16,46.15,46.158,46.15477,34,8
1626110295,46.155,46.155,46.135,46.14,46.14733,41,11
1626110300,46.145,46.1479,46.13,46.1479,46.13631,84,39
1626110305,46.14,46.16,46.1395,46.1575,46.1474,5,5
1626110310,46.1491,46.1693,46.1482,46.1601,46.1602,41,17
1626110315,46.17,46.22,46.17,46.199,46.19565,166,95
1626110320,46.2,46.2,46.1799,46.185,46.18599,68,24
1626110325,46.1801,46.19,46.17,46.19,46.17913,63,30
1626110330,46.1925,46.2,46.175,46.175,46.193,67,20
1626110335,46.1899,46.2,46.1893,46.191,46.19177,66,23
1626110340,46.195,46.2007,46.18,46.185,46.19083,158,31
1626110345,46.185,46.19,46.18,46.1885,46.18513,61,20
1626110350,46.19,46.23,46.185,46.2196,46.20301,181,63
1626110355,46.22,46.23,46.2185,46.225,46.22377,33,10
1626110360,46.23,46.24,46.22,46.225,46.22853,62,25
1626110365,46.22,46.23,46.22,46.2213,46.2253,60,25
1626110370,46.23,46.23,46.22,46.2294,46.22337,33,14
1626110375,46.2208,46.239,46.2208,46.2301,46.23048,96,12
1626110380,46.2392,46.25,46.2392,46.245,46.24262,90,26
1626110385,46.245,46.29,46.2401,46.28,46.26885,202,51
1626110390,46.275,46.28,46.2501,46.2576,46.25723,140,22
1626110395,46.26,46.2899,46.2513,46.2899,46.26741,80,25
1626110400,46.2875,46.2899,46.27,46.28,46.27711,70,30
1626110405,46.2785,46.29,46.2721,46.2839,46.28532,119,26
1626110410,46.285,46.3,46.27,46.27,46.28701,109,33
1626110415,46.275,46.28,46.26,46.26,46.27054,58,14
1626110420,46.265,46.2687,46.24,46.255,46.25506,96,36
1626110425,46.26,46.2766,46.26,46.265,46.26733,48,18
1626110430,46.26,46.28,46.26,46.27,46.26805,37,8
1626110435,46.29,46.29,46.28,46.2803,46.2858,26,8
1626110440,46.2801,46.29,46.26,46.27,46.26878,149,66
1626110445,46.27,46.27,46.24,46.24,46.24748,122,51
1626110450,46.2483,46.259,46.2483,46.255,46.25516,82,8
1626110455,46.254,46.255,46.21,46.2494,46.23239,182,80
1626110460,46.23,46.25,46.23,46.2499,46.23967,56,11
1626110465,46.245,46.26,46.235,46.235,46.24819,37,25
1626110470,46.24,46.24,46.21,46.2152,46.21793,138,37
1626110475,46.215,46.25,46.215,46.2317,46.24028,156,73
1626110480,46.23,46.2302,46.205,46.205,46.21986,22,21
1626110485,46.201,46.21,46.16,46.17,46.1829,386,131
1626110490,46.18,46.18,46.16,46.16,46.17059,53,17
1626110495,46.1581,46.1581,46.11,46.13,46.12923,282,115
1626110500,46.121,46.14,46.1201,46.14,46.12748,72,33
1626110505,46.137,46.1502,46.12,46.121,46.13142,114,31
1626110510,46.1101,46.1121,46.09,46.0999,46.09662,112,30
1626110515,46.09,46.1,46.08,46.08,46.09129,108,35
1626110520,46.07,46.07,46.05,46.0501,46.05976,94,50
1626110525,46.05,46.05,46.02,46.04,46.04404,155,48
1626110530,46.04,46.055,46.0357,46.04,46.04358,55,34
1626110535,46.04,46.05,46.03,46.0398,46.04027,74,30
1626110540,46.04,46.09,46.0301,46.0714,46.06257,155,77
1626110545,46.075,46.08,46.05,46.0501,46.06843,176,47
1626110550,46.0496,46.05,46.04,46.05,46.04442,75,26
1626110555,46.0608,46.07,46.0519,46.06,46.05938,33,15
1626110560,46.0601,46.065,46.06,46.065,46.06198,65,11
1626110565,46.065,46.069,46.06,46.063,46.06481,12,5
1626110570,46.06,46.06,46.03,46.035,46.0393,205,50
1626110575,46.04,46.04,46.025,46.025,46.03219,16,7
1626110580,46.0218,46.03,46.02,46.025,46.02176,104,23
1626110585,46.0211,46.04,46.0211,46.0392,46.03425,33,14
1626110590,46.04,46.04,46.02,46.02,46.02741,53,21
1626110595,46.02,46.0395,46.02,46.0358,46.02864,81,15
1626110600,46.0391,46.06,46.035,46.0591,46.0487,55,29
1626110605,46.055,46.055,46.02,46.0501,46.0302,226,95
1626110610,46.055,46.055,46.03,46.03,46.05103,17,9
1626110615,46.033,46.0452,46.033,46.045,46.04146,91,20
1626110620,46.0425,46.05,46.0399,46.0399,46.04304,56,19
1626110625,46.035,46.0388,46.035,46.0388,46.0369,2,2
1626110630,46.0388,46.0388,46.0388,46.0388,46.0388,0,0
1626110635,46.0369,46.039,46.03,46.03,46.0359,45,5
1626110640,46.03,46.03,46.0,46.0011,46.00788,199,88
1626110645,46.0,46.02,45.99,46.0113,46.00221,395,93
1626110650,46.0199,46.0281,46.01,46.02,46.01455,66,13
1626110655,46.02,46.028,46.02,46.02,46.02215,57,10
1626110660,46.027,46.0299,46.0201,46.025,46.02699,52,6
1626110665,46.03,46.05,46.03,46.035,46.0371,41,19
1626110670,46.035,46.0399,46.03,46.0352,46.03434,85,8
1626110675,46.03,46.08,46.03,46.066,46.06238,75,41
1626110680,46.0646,46.07,46.045,46.045,46.0631,78,21
1626110685,46.045,46.07,46.0401,46.065,46.06182,47,20
1626110690,46.0571,46.07,46.0571,46.0699,46.06825,15,9
1626110695,46.065,46.07,46.06,46.065,46.0665,42,8
1626110700,46.06,46.06,46.05,46.0554,46.05231,124,16
1626110705,46.05,46.06,46.04,46.05,46.05,69,17
1626110710,46.04,46.0499,46.04,46.0419,46.04818,62,6
1626110715,46.041,46.045,46.03,46.0304,46.03199,61,14
1626110720,46.035,46.0399,46.005,46.005,46.01293,173,26
1626110725,46.005,46.03,46.005,46.03,46.01875,61,25
1626110730,46.02,46.0225,46.01,46.0153,46.01716,42,25
1626110735,46.0118,46.02,46.01,46.01,46.01805,57,8
1626110740,46.02,46.03,46.02,46.0201,46.02274,43,14
1626110745,46.02,46.03,46.02,46.03,46.02392,5,3
1626110750,46.03,46.04,46.03,46.04,46.03634,34,6
1626110755,46.05,46.0598,46.05,46.0592,46.05329,18,13
1626110760,46.069,46.0699,46.05,46.05,46.05928,32,15
1626110765,46.05,46.06,46.045,46.06,46.05125,22,10
1626110770,46.0513,46.056,46.0501,46.056,46.05473,13,3
1626110775,46.05,46.06,46.04,46.06,46.05357,60,29
1626110780,46.065,46.08,46.05,46.06,46.0701,159,56
1626110785,46.0507,46.06,46.0507,46.0599,46.05661,45,8
1626110790,46.075,46.08,46.07,46.08,46.07972,52,4
1626110795,46.08,46.08,46.07,46.08,46.07392,18,9
1626110800,46.08,46.1,46.08,46.1,46.09611,49,26
1626110805,46.105,46.12,46.1,46.1102,46.11027,277,83
1626110810,46.11,46.11,46.09,46.1,46.10009,89,35
1626110815,46.0925,46.1401,46.0901,46.1401,46.11566,97,26
1626110820,46.1317,46.17,46.12,46.155,46.13935,184,45
1626110825,46.155,46.1799,46.155,46.1677,46.16941,79,30
1626110830,46.163,46.1699,46.16,46.16,46.16399,37,4
1626110835,46.165,46.17,46.14,46.1406,46.15833,232,71
1626110840,46.14,46.1401,46.12,46.12,46.13171,101,28
1626110845,46.11,46.13,46.11,46.1101,46.12094,149,29
1626110850,46.115,46.115,46.105,46.1092,46.10961,48,19
1626110855,46.11,46.11,46.07,46.085,46.089,199,44
1626110860,46.085,46.088,46.06,46.065,46.07219,106,43
1626110865,46.06,46.08,46.06,46.08,46.06898,54,12
1626110870,46.085,46.1,46.0816,46.0816,46.09287,51,11
1626110875,46.0801,46.0907,46.0801,46.0907,46.08898,19,3
1626110880,46.09,46.1,46.09,46.0955,46.09789,77,21
1626110885,46.095,46.1,46.09,46.09,46.09384,35,9
1626110890,46.09,46.1,46.08,46.1,46.08812,50,23
1626110895,46.0916,46.1159,46.0916,46.1101,46.11049,35,7
1626110900,46.11,46.12,46.1,46.12,46.11504,41,11
1626110905,46.13,46.13,46.125,46.1297,46.12878,18,7
1626110910,46.12,46.12,46.11,46.12,46.11888,34,25
1626110915,46.1121,46.12,46.11,46.115,46.11687,21,4
1626110920,46.1144,46.115,46.1,46.1,46.11094,83,13
1626110925,46.1,46.105,46.1,46.105,46.1025,2,2
1626110930,46.105,46.108,46.1,46.108,46.10427,15,5
1626110935,46.11,46.11,46.1,46.1,46.1002,51,2
1626110940,46.105,46.1091,46.101,46.1091,46.10645,8,3
1626110945,46.105,46.13,46.105,46.13,46.11462,25,11
1626110950,46.1301,46.14,46.1299,46.1299,46.13783,70,14
1626110955,46.13,46.145,46.13,46.14,46.14041,29,12
1626110960,46.135,46.1471,46.1331,46.1331,46.13795,35,4
1626110965,46.1473,46.15,46.135,46.135,46.14513,34,14
1626110970,46.14,46.15,46.135,46.15,46.14296,27,8
1626110975,46.1401,46.15,46.14,46.15,46.1452,24,5
1626110980,46.145,46.15,46.14,46.14,46.14576,30,15
1626110985,46.14,46.14,46.135,46.135,46.13835,3,3
1626110990,46.1307,46.1307,46.1307,46.1307,46.1307,1,1
1626110995,46.15,46.18,46.15,46.165,46.16313,48,21
1626111000,46.165,46.18,46.16,46.18,46.16755,59,25
1626111005,46.1773,46.1773,46.165,46.17,46.17059,21,4
1626111010,46.17,46.175,46.17,46.17,46.17022,22,16
1626111015,46.1791,46.18,46.175,46.175,46.17656,19,5
1626111020,46.175,46.1791,46.1707,46.175,46.17533,14,8
1626111025,46.1712,46.18,46.1712,46.1799,46.17918,12,3
1626111030,46.18,46.21,46.18,46.21,46.20069,157,43
1626111035,46.2186,46.23,46.2101,46.215,46.21865,141,63
1626111040,46.2128,46.225,46.205,46.21,46.21155,135,38
1626111045,46.2001,46.2001,46.18,46.1899,46.18704,50,22
1626111050,46.19,46.19,46.19,46.19,46.19,50,1
1626111055,46.185,46.19,46.182,46.182,46.18681,16,5
1626111060,46.19,46.21,46.19,46.2,46.20045,22,15
1626111065,46.19,46.195,46.185,46.19,46.19,62,11
1626111070,46.185,46.185,46.15,46.15,46.16348,120,37
1626111075,46.1512,46.155,46.15,46.155,46.15303,32,8
1626111080,46.16,46.175,46.16,46.165,46.16495,43,19
1626111085,46.17,46.17,46.17,46.17,46.17,1,1
1626111090,46.1601,46.1799,46.1601,46.17,46.16596,9,5
1626111095,46.1799,46.1799,46.165,46.165,46.17255,33,9
1626111100,46.16,46.1617,46.16,46.16,46.16024,8,8
1626111105,46.15,46.17,46.15,46.165,46.15844,44,14
1626111110,46.17,46.17,46.17,46.17,46.17,1,1
1626111115,46.17,46.17,46.15,46.16,46.16361,67,14
1626111120,46.1611,46.165,46.1611,46.165,46.16375,6,4
1626111125,46.1628,46.1999,46.1628,46.1999,46.18929,51,11
1626111130,46.1921,46.2,46.1901,46.1901,46.19698,48,13
1626111135,46.1954,46.1954,46.1913,46.1913,46.19476,7,3
1626111140,46.1911,46.2,46.1901,46.1901,46.19278,16,6
1626111145,46.196,46.2,46.1901,46.193,46.19323,24,9
1626111150,46.195,46.22,46.19,46.22,46.20212,80,36
1626111155,46.21,46.24,46.21,46.22,46.22169,129,51
1626111160,46.2199,46.22,46.19,46.21,46.19823,137,29
1626111165,46.2,46.22,46.2,46.2,46.20531,24,9
1626111170,46.2199,46.2199,46.21,46.2113,46.21478,53,5
1626111175,46.22,46.24,46.22,46.2398,46.22678,51,10
1626111180,46.2399,46.2399,46.2213,46.2213,46.22941,55,6
1626111185,46.229,46.24,46.229,46.2399,46.23604,57,28
1626111190,46.24,46.24,46.22,46.23,46.23362,43,17
1626111195,46.235,46.27,46.235,46.26,46.26204,99,26
1626111200,46.28,46.29,46.2701,46.2701,46.28149,131,38
1626111205,46.27,46.28,46.26,46.27,46.27149,90,35
1626111210,46.2689,46.29,46.265,46.28,46.27287,162,24
1626111215,46.2721,46.29,46.2721,46.29,46.28684,39,8
1626111220,46.281,46.3,46.2801,46.2901,46.29345,130,30
1626111225,46.3,46.31,46.29,46.3,46.29713,229,40
1626111230,46.2901,46.31,46.28,46.2801,46.29308,86,40
1626111235,46.28,46.3,46.28,46.3,46.28611,44,6
1626111240,46.292,46.2991,46.25,46.255,46.26828,150,52
1626111245,46.2688,46.2693,46.2601,46.269,46.26609,32,6
1626111250,46.265,46.265,46.25,46.255,46.25584,18,12
1626111255,46.2501,46.255,46.2301,46.235,46.24444,96,35
1626111260,46.2389,46.26,46.22,46.22,46.24238,114,57
1626111265,46.2343,46.235,46.23,46.2327,46.23228,36,13
1626111270,46.23,46.23,46.2,46.2001,46.2045,96,42
1626111275,46.2093,46.23,46.2093,46.225,46.21722,43,22
1626111280,46.2299,46.2401,46.2291,46.2401,46.23402,52,14
1626111285,46.24,46.26,46.24,46.26,46.25018,71,15
1626111290,46.2595,46.265,46.25,46.25,46.25752,78,17
1626111295,46.245,46.26,46.2401,46.26,46.24553,49,11
1626111300,46.2422,46.2595,46.2401,46.25,46.24744,41,17
1626111305,46.26,46.26,46.255,46.26,46.25948,19,6
1626111310,46.26,46.29,46.26,46.29,46.27127,78,48
1626111315,46.29,46.29,46.2807,46.285,46.28474,59,16
1626111320,46.2823,46.29,46.2782,46.285,46.28107,63,28
1626111325,46.29,46.3299,46.29,46.3299,46.30516,183,46
1626111330,46.325,46.33,46.31,46.3299,46.32123,93,32
1626111335,46.3114,46.33,46.31,46.325,46.32237,113,27
1626111340,46.33,46.34,46.315,46.3221,46.32409,76,26
1626111345,46.3298,46.33,46.323,46.323,46.32807,65,8
1626111350,46.3289,46.34,46.3289,46.3398,46.33477,66,25
1626111355,46.345,46.37,46.345,46.37,46.35327,222,83
1626111360,46.35,46.37,46.35,46.3617,46.36091,106,21
1626111365,46.37,46.395,46.36,46.395,46.37865,120,47
1626111370,46.4,46.42,46.3862,46.3884,46.40475,381,107
1626111375,46.39,46.405,46.38,46.4,46.38999,78,14
1626111380,46.41,46.41,46.37,46.372,46.38969,74,33
1626111385,46.38,46.38,46.35,46.3501,46.36783,57,21
1626111390,46.35,46.37,46.35,46.37,46.36047,63,16
1626111395,46.375,46.3838,46.37,46.37,46.37439,43,12
1626111400,46.37,46.37,46.35,46.35,46.36014,61,38
1626111405,46.36,46.36,46.3501,46.355,46.35535,37,5
1626111410,46.3598,46.3599,46.35,46.3501,46.35364,14,7
1626111415,46.3502,46.3502,46.33,46.34,46.34195,153,51
1626111420,46.3425,46.3499,46.333,46.3409,46.3455,51,15
1626111425,46.34,46.3599,46.325,46.3507,46.34126,124,53
1626111430,46.35,46.3578,46.35,46.3578,46.35259,81,7
1626111435,46.355,46.36,46.32,46.3273,46.32978,80,40
1626111440,46.325,46.325,46.29,46.31,46.30659,187,66
1626111445,46.3061,46.315,46.3,46.3,46.30786,50,18
1626111450,46.305,46.31,46.3,46.305,46.30375,49,17
1626111455,46.315,46.3178,46.3,46.3178,46.30986,36,21
1626111460,46.309,46.3179,46.3021,46.3179,46.30926,22,6
1626111465,46.31,46.31,46.2949,46.2949,46.29685,13,4
1626111470,46.3,46.31,46.3,46.3001,46.30515,72,11
1626111475,46.3,46.3027,46.3,46.3027,46.30099,2,2
1626111480,46.3001,46.3279,46.3001,46.321,46.31676,27,16
1626111485,46.32,46.32,46.305,46.305,46.31522,44,8
1626111490,46.305,46.305,46.2912,46.2912,46.30062,20,12
1626111495,46.2943,46.297,46.29,46.29,46.29385,38,10
1626111500,46.28,46.285,46.255,46.255,46.27139,125,70
1626111505,46.259,46.27,46.2501,46.26,46.26449,41,19
1626111510,46.265,46.265,46.25,46.25,46.25859,67,15
1626111515,46.2591,46.26,46.25,46.255,46.25339,44,15
1626111520,46.2569,46.2569,46.23,46.24,46.24239,50,18
1626111525,46.2313,46.2499,46.23,46.24,46.24274,83,16
1626111530,46.2499,46.26,46.2401,46.26,46.24933,61,29
1626111535,46.27,46.27,46.26,46.265,46.26697,11,5
1626111540,46.265,46.265,46.25,46.2519,46.25573,61,28
1626111545,46.2599,46.2599,46.2501,46.255,46.25269,36,4
1626111550,46.26,46.2687,46.25,46.25,46.26077,18,13
1626111555,46.2501,46.27,46.245,46.245,46.26025,32,19
1626111560,46.2501,46.2569,46.2501,46.2569,46.25581,8,3
1626111565,46.25,46.2543,46.24,46.2543,46.24959,38,10
1626111570,46.249,46.25,46.24,46.2452,46.24496,60,8
1626111575,46.255,46.255,46.255,46.255,46.255,1,1
1626111580,46.26,46.2699,46.26,46.26,46.26259,39,10
1626111585,46.2592,46.2592,46.2592,46.2592,46.2592,5,1
1626111590,46.255,46.26,46.25,46.26,46.25945,37,4
1626111595,46.26,46.26,46.255,46.26,46.25989,43,3
1626111600,46.255,46.255,46.255,46.255,46.255,12,2
1626111605,46.26,46.26,46.255,46.255,46.25971,17,13
1626111610,46.25,46.26,46.245,46.26,46.25601,141,43
1626111615,46.27,46.3,46.27,46.3,46.29768,489,37
1626111620,46.305,46.33,46.305,46.33,46.31447,108,48
1626111625,46.3299,46.3299,46.31,46.315,46.31416,79,10
1626111630,46.31,46.32,46.29,46.3198,46.3105,67,32
1626111635,46.3279,46.3279,46.305,46.305,46.31313,16,11
1626111640,46.305,46.319,46.305,46.31,46.30991,11,5
1626111645,46.3117,46.32,46.3001,46.3008,46.31046,87,14
1626111650,46.3,46.3099,46.3,46.3099,46.3063,11,3
1626111655,46.3021,46.3021,46.3001,46.3001,46.3006,4,2
1626111660,46.3,46.3099,46.29,46.3099,46.29393,121,9
1626111665,46.31,46.3299,46.3099,46.3299,46.31522,51,31
1626111670,46.322,46.33,46.322,46.329,46.32726,23,5
1626111675,46.33,46.345,46.325,46.33,46.33033,77,21
1626111680,46.33,46.33,46.32,46.32,46.32184,33,17
1626111685,46.3157,46.3157,46.31,46.31,46.31217,10,4
1626111690,46.31,46.32,46.31,46.32,46.31058,20,6
1626111695,46.3303,46.34,46.3228,46.3228,46.32891,45,12
1626111700,46.32,46.3299,46.32,46.3232,46.32104,16,4
1626111705,46.33,46.3316,46.32,46.32,46.32581,22,10
1626111710,46.32,46.32,46.29,46.305,46.30374,55,32
1626111715,46.3,46.3,46.27,46.28,46.28277,60,23
1626111720,46.2711,46.32,46.2711,46.3147,46.29074,92,33
1626111725,46.3115,46.33,46.3115,46.33,46.32243,86,26
1626111730,46.3301,46.3301,46.31,46.31,46.32076,98,16
1626111735,46.3101,46.3101,46.3001,46.305,46.30568,17,7
1626111740,46.305,46.32,46.305,46.32,46.31122,8,7
1626111745,46.3153,46.3185,46.31,46.31,46.31406,55,12
1626111750,46.315,46.315,46.311,46.311,46.31392,7,2
1626111755,46.315,46.315,46.302,46.305,46.30983,16,10
1626111760,46.31,46.31,46.3009,46.3009,46.3043,5,4
1626111765,46.31,46.3191,46.295,46.299,46.30246,98,23
1626111770,46.295,46.295,46.2814,46.285,46.2852,6,4
1626111775,46.2899,46.2899,46.27,46.27,46.28122,82,12
1626111780,46.2601,46.275,46.2601,46.2701,46.26496,30,24
1626111785,46.2782,46.2782,46.26,46.265,46.2696,10,5
1626111790,46.26,46.27,46.26,46.26,46.26791,111,12
1626111795,46.27,46.271,46.2666,46.271,46.2697,8,7
1626111800,46.27,46.275,46.23,46.23,46.24088,179,99
1626111805,46.235,46.235,46.22,46.22,46.22749,52,16
1626111810,46.2201,46.225,46.22,46.2201,46.22019,82,8
1626111815,46.229,46.2399,46.229,46.2301,46.23223,75,22
1626111820,46.23,46.232,46.22,46.232,46.22751,50,18
1626111825,46.235,46.245,46.235,46.2425,46.2407,43,11
1626111830,46.24,46.24,46.23,46.23,46.23853,17,9
1626111835,46.2314,46.26,46.2314,46.2482,46.25062,60,44
1626111840,46.25,46.25,46.24,46.25,46.24571,33,14
1626111845,46.254,46.26,46.2514,46.26,46.25605,8,6
1626111850,46.26,46.2602,46.255,46.2598,46.25843,56,16
1626111855,46.26,46.2899,46.26,46.2801,46.27662,50,33
1626111860,46.27,46.28,46.25,46.26,46.26314,22,11
1626111865,46.25,46.25,46.24,46.2424,46.24678,18,8
1626111870,46.25,46.25,46.24,46.2417,46.2417,75,13
1626111875,46.2401,46.245,46.24,46.2407,46.24227,9,9
1626111880,46.24,46.2479,46.22,46.225,46.23008,32,15
1626111885,46.229,46.2519,46.229,46.2519,46.23619,31,9
1626111890,46.245,46.245,46.245,46.245,46.245,14,2
1626111895,46.245,46.245,46.23,46.23,46.23245,30,20
1626111900,46.23,46.23,46.23,46.23,46.23,1,1
1626111905,46.225,46.235,46.2214,46.23,46.22865,23,17
1626111910,46.2208,46.221,46.2158,46.2158,46.2197,6,6
1626111915,46.21,46.24,46.21,46.2315,46.22385,100,32
1626111920,46.2441,46.25,46.2401,46.245,46.24537,31,8
1626111925,46.2499,46.255,46.2407,46.25,46.24946,80,8
1626111930,46.245,46.2999,46.245,46.2999,46.26828,198,63
1626111935,46.295,46.295,46.27,46.2743,46.27967,108,27
1626111940,46.2715,46.2727,46.2601,46.2601,46.27038,52,8
1626111945,46.2655,46.2725,46.2655,46.2725,46.26993,7,4
1626111950,46.272,46.285,46.272,46.28,46.28033,53,18
1626111955,46.288,46.3,46.285,46.295,46.29509,108,51
1626111960,46.295,46.3,46.29,46.2909,46.29435,41,18
1626111965,46.3,46.3,46.27,46.275,46.28254,96,36
1626111970,46.2732,46.3,46.2732,46.3,46.28901,69,22
1626111975,46.2936,46.305,46.2936,46.305,46.29842,31,8
1626111980,46.3092,46.32,46.305,46.3199,46.31146,194,40
1626111985,46.32,46.335,46.3199,46.3203,46.32737,71,33
1626111990,46.33,46.339,46.3,46.3003,46.31325,194,30
1626111995,46.3,46.3,46.295,46.2999,46.29668,26,7
1626112000,46.3,46.3,46.29,46.2986,46.29708,8,7
1626112005,46.2995,46.2995,46.26,46.2601,46.28293,54,18
1626112010,46.27,46.2799,46.26,46.26,46.26716,69,23
1626112015,46.25,46.2599,46.24,46.24,46.25007,85,22
1626112020,46.24,46.2499,46.2,46.23,46.22178,292,202
1626112025,46.235,46.24,46.23,46.2316,46.23548,31,8
1626112030,46.235,46.24,46.235,46.2392,46.23796,9,5
1626112035,46.235,46.235,46.235,46.235,46.235,2,2
1626112040,46.24,46.2575,46.24,46.2564,46.24898,75,24
1626112045,46.255,46.255,46.245,46.245,46.24905,23,13
1626112050,46.249,46.265,46.249,46.262,46.25734,34,26
1626112055,46.26,46.27,46.26,46.26,46.26307,25,5
1626112060,46.265,46.27,46.25,46.25,46.26684,60,14
1626112065,46.245,46.245,46.24,46.24,46.24287,27,4
1626112070,46.2488,46.263,46.243,46.261,46.2563,35,13
1626112075,46.25,46.25,46.2401,46.245,46.24525,13,7
1626112080,46.245,46.25,46.245,46.25,46.24954,13,4
1626112085,46.24,46.27,46.24,46.27,46.25784,37,11
1626112090,46.2613,46.265,46.26,46.26,46.26096,17,8
1626112095,46.255,46.265,46.25,46.265,46.25174,23,5
1626112100,46.265,46.265,46.26,46.265,46.26208,12,5
1626112105,46.2651,46.2651,46.26,46.2604,46.26415,28,7
1626112110,46.26,46.26,46.25,46.2599,46.2558,73,22
1626112115,46.25,46.25,46.25,46.25,46.25,2,2
1626112120,46.255,46.255,46.25,46.25,46.25332,8,4
1626112125,46.255,46.255,46.255,46.255,46.255,2,2
1626112130,46.25,46.27,46.245,46.265,46.25334,137,56
1626112135,46.2699,46.2699,46.25,46.25,46.2596,8,6
1626112140,46.25,46.25,46.22,46.2228,46.23555,111,30
1626112145,46.2209,46.2209,46.2,46.205,46.20953,71,30
1626112150,46.2071,46.23,46.2071,46.225,46.21998,44,17
1626112155,46.23,46.255,46.23,46.2499,46.24667,56,22
1626112160,46.24,46.25,46.24,46.25,46.24416,7,5
1626112165,46.2433,46.2433,46.24,46.24,46.2411,3,3
1626112170,46.25,46.25,46.25,46.25,46.25,1,1
1626112175,46.25,46.25,46.25,46.25,46.25,0,0
1626112180,46.245,46.245,46.2401,46.2401,46.24016,76,2
1626112185,46.245,46.245,46.21,46.215,46.22105,37,11
1626112190,46.215,46.235,46.215,46.235,46.22392,84,18
1626112195,46.2301,46.235,46.23,46.23,46.23018,49,4
1626112200,46.23,46.2489,46.22,46.24,46.23614,40,13
1626112205,46.25,46.27,46.25,46.27,46.25963,48,21
1626112210,46.2789,46.29,46.27,46.275,46.28021,60,28
1626112215,46.2708,46.2799,46.27,46.27,46.27337,29,6
1626112220,46.273,46.28,46.27,46.275,46.27704,21,9
1626112225,46.2707,46.289,46.2707,46.28,46.27818,74,31
1626112230,46.27,46.28,46.26,46.28,46.26962,26,22
1626112235,46.2719,46.2719,46.27,46.27,46.27127,3,2
1626112240,46.271,46.28,46.271,46.275,46.27662,42,9
1626112245,46.2713,46.2719,46.2713,46.2719,46.27167,3,2
1626112250,46.27,46.27,46.265,46.265,46.26909,5,5
1626112255,46.26,46.26,46.24,46.24,46.2495,22,17
1626112260,46.23,46.24,46.22,46.2325,46.22562,77,26
1626112265,46.2418,46.2418,46.2418,46.2418,46.2418,2,1
1626112270,46.24,46.24,46.24,46.24,46.24,4,4
1626112275,46.231,46.235,46.2301,46.2312,46.23196,27,5
1626112280,46.2301,46.2301,46.2301,46.2301,46.2301,10,1
1626112285,46.2307,46.25,46.2307,46.25,46.24292,68,9
1626112290,46.2491,46.2491,46.245,46.245,46.24568,12,2
1626112295,46.245,46.245,46.245,46.245,46.245,1,1
1626112300,46.245,46.245,46.2399,46.2399,46.24059,8,6
1626112305,46.239,46.239,46.23,46.2347,46.23154,27,3
1626112310,46.24,46.25,46.24,46.25,46.24603,12,10
1626112315,46.245,46.245,46.23,46.24,46.23686,17,11
1626112320,46.245,46.26,46.245,46.26,46.25069,19,8
1626112325,46.2631,46.28,46.26,46.28,46.27386,60,20
1626112330,46.28,46.29,46.28,46.285,46.28617,43,16
1626112335,46.28,46.28,46.2712,46.275,46.27904,28,18
1626112340,46.275,46.275,46.265,46.265,46.26971,17,13
1626112345,46.26,46.28,46.25,46.28,46.27246,52,32
1626112350,46.285,46.285,46.285,46.285,46.285,25,4
1626112355,46.285,46.305,46.285,46.305,46.29908,145,24
1626112360,46.3092,46.3092,46.295,46.295,46.30118,42,18
1626112365,46.2999,46.2999,46.2999,46.2999,46.2999,2,1
1626112370,46.2901,46.31,46.2901,46.31,46.30593,18,10
1626112375,46.305,46.3099,46.3,46.3099,46.30548,38,6
1626112380,46.31,46.33,46.3012,46.315,46.31349,81,27
1626112385,46.311,46.33,46.311,46.323,46.32808,214,64
1626112390,46.325,46.335,46.3111,46.315,46.31881,62,18
1626112395,46.32,46.3299,46.3198,46.3208,46.32152,14,7
1626112400,46.325,46.325,46.31,46.315,46.31918,22,15
1626112405,46.31,46.32,46.31,46.32,46.31952,42,4
1626112410,46.3162,46.33,46.3108,46.32,46.31862,33,10
1626112415,46.315,46.3199,46.3,46.305,46.31247,16,9
1626112420,46.302,46.305,46.29,46.3,46.29414,111,30
1626112425,46.3031,46.31,46.303,46.31,46.30462,12,4
1626112430,46.305,46.32,46.305,46.32,46.31583,6,6
1626112435,46.31,46.316,46.305,46.305,46.31324,15,5
1626112440,46.3,46.3,46.2824,46.285,46.29049,24,8
1626112445,46.28,46.305,46.27,46.305,46.28601,77,35
1626112450,46.3091,46.33,46.3,46.315,46.3181,76,22
1626112455,46.32,46.32,46.3,46.3021,46.30644,46,24
1626112460,46.305,46.305,46.3,46.3,46.30455,11,2
1626112465,46.305,46.305,46.3,46.3011,46.30268,6,4
1626112470,46.3009,46.3009,46.3009,46.3009,46.3009,2,1
1626112475,46.31,46.32,46.31,46.3199,46.31796,33,5
1626112480,46.3161,46.3161,46.31,46.31,46.31527,21,4
1626112485,46.31,46.31,46.31,46.31,46.31,1,1
1626112490,46.316,46.316,46.3118,46.315,46.31455,6,3
1626112495,46.31,46.32,46.31,46.319,46.31573,14,5
1626112500,46.315,46.34,46.315,46.3399,46.33693,99,22
1626112505,46.33,46.34,46.33,46.34,46.33557,38,6
1626112510,46.33,46.34,46.32,46.3389,46.33598,105,49
1626112515,46.34,46.345,46.33,46.33,46.33824,14,10
1626112520,46.33,46.3391,46.32,46.3391,46.3256,104,37
1626112525,46.335,46.335,46.335,46.335,46.335,1,1
1626112530,46.34,46.37,46.34,46.37,46.35554,306,119
1626112535,46.375,46.375,46.35,46.3508,46.35858,48,12
1626112540,46.3583,46.36,46.35,46.36,46.3568,115,13
1626112545,46.37,46.38,46.36,46.38,46.37445,44,23
1626112550,46.38,46.38,46.3606,46.3709,46.36949,168,16
1626112555,46.3796,46.3899,46.36,46.37,46.37722,123,40
1626112560,46.38,46.4,46.375,46.3999,46.38764,75,41
1626112565,46.3982,46.41,46.3913,46.4002,46.40252,136,47
1626112570,46.405,46.4159,46.4,46.4159,46.40909,67,23
1626112575,46.415,46.42,46.41,46.4101,46.4128,40,22
1626112580,46.409,46.409,46.39,46.3954,46.39754,143,31
1626112585,46.3931,46.4,46.38,46.3901,46.38989,58,33
1626112590,46.389,46.39,46.38,46.39,46.38419,47,20
1626112595,46.38,46.3802,46.36,46.37,46.37297,127,65
1626112600,46.375,46.39,46.371,46.375,46.37846,14,11
1626112605,46.375,46.3799,46.375,46.3799,46.37565,15,3
1626112610,46.38,46.4,46.38,46.38,46.3906,75,22
1626112615,46.375,46.375,46.3513,46.365,46.36035,101,23
1626112620,46.36,46.37,46.36,46.365,46.36417,26,11
1626112625,46.37,46.38,46.37,46.37,46.37455,33,11
1626112630,46.38,46.38,46.37,46.3717,46.37256,10,4
1626112635,46.3709,46.375,46.37,46.375,46.37161,18,3
1626112640,46.3701,46.38,46.3701,46.3796,46.37753,34,5
1626112645,46.38,46.39,46.3708,46.39,46.37905,11,8
1626112650,46.3989,46.4188,46.3908,46.4111,46.40139,109,33
1626112655,46.415,46.4186,46.4,46.4,46.4111,57,18
1626112660,46.41,46.41,46.4,46.41,46.40636,11,6
1626112665,46.419,46.419,46.4,46.4,46.40566,46,14
1626112670,46.3991,46.41,46.3911,46.3924,46.406,27,9
1626112675,46.405,46.405,46.4,46.4,46.40072,13,4
1626112680,46.4023,46.405,46.4023,46.405,46.40423,14,2
1626112685,46.4088,46.41,46.4001,46.4001,46.4084,75,13
1626112690,46.4014,46.4014,46.4,46.4,46.4007,2,2
1626112695,46.4,46.4,46.395,46.4,46.39909,45,20
1626112700,46.405,46.405,46.38,46.38,46.38597,27,15
1626112705,46.3943,46.405,46.3943,46.405,46.3969,47,9
1626112710,46.4057,46.407,46.39,46.4001,46.40322,42,21
1626112715,46.4,46.4,46.4,46.4,46.4,2,2
1626112720,46.3911,46.3911,46.39,46.39,46.39055,2,2
1626112725,46.3862,46.395,46.38,46.385,46.38835,43,27
1626112730,46.3801,46.3801,46.3801,46.3801,46.3801,10,2
1626112735,46.39,46.395,46.39,46.3919,46.39225,25,6
1626112740,46.395,46.395,46.3771,46.3771,46.38737,17,7
1626112745,46.37,46.37,46.35,46.36,46.3553,153,82
1626112750,46.37,46.3799,46.3644,46.3799,46.37386,20,7
1626112755,46.3799,46.395,46.37,46.395,46.37833,113,11
1626112760,46.3999,46.4085,46.39,46.4001,46.39846,111,17
1626112765,46.41,46.41,46.395,46.3992,46.40315,35,11
1626112770,46.395,46.408,46.395,46.408,46.39887,18,10
1626112775,46.4,46.4,46.396,46.4,46.39818,22,10
1626112780,46.405,46.405,46.39,46.399,46.40346,68,6
1626112785,46.3901,46.395,46.39,46.39,46.3908,20,10
1626112790,46.3901,46.4,46.39,46.395,46.39139,19,6
1626112795,46.395,46.3973,46.39,46.3973,46.39502,11,6
1626112800,46.3901,46.428,46.3901,46.428,46.41196,130,38
1626112805,46.4207,46.429,46.42,46.4202,46.42325,47,15
1626112810,46.42,46.43,46.42,46.4254,46.42474,61,37
1626112815,46.4254,46.4387,46.42,46.4387,46.42915,39,16
1626112820,46.4398,46.445,46.42,46.445,46.432,100,31
1626112825,46.44,46.44,46.415,46.415,46.42925,64,29
1626112830,46.42,46.4296,46.4,46.4001,46.41338,192,124
1626112835,46.4001,46.4099,46.4,46.4001,46.40239,121,10
1626112840,46.405,46.42,46.405,46.41,46.41015,65,34
1626112845,46.41,46.4175,46.4001,46.405,46.40309,59,9
1626112850,46.4,46.4059,46.38,46.38,46.39376,80,23
1626112855,46.385,46.3899,46.38,46.3886,46.38306,22,11
1626112860,46.38,46.3801,46.35,46.37,46.36456,88,43
1626112865,46.36,46.36,46.3599,46.36,46.35999,19,13
1626112870,46.3679,46.3679,46.3582,46.3582,46.36065,38,19
1626112875,46.355,46.3766,46.355,46.3766,46.36002,27,14
1626112880,46.375,46.375,46.37,46.375,46.37333,3,3
1626112885,46.3701,46.38,46.365,46.365,46.37233,31,14
1626112890,46.365,46.38,46.365,46.38,46.37095,10,8
1626112895,46.3675,46.37,46.3675,46.37,46.36968,7,6
1626112900,46.37,46.3801,46.3601,46.38,46.37278,36,9
1626112905,46.375,46.375,46.3701,46.3701,46.37049,12,3
1626112910,46.38,46.385,46.365,46.37,46.37196,23,11
1626112915,46.37,46.37,46.3601,46.3601,46.36339,14,5
1626112920,46.36,46.375,46.36,46.36,46.36419,36,16
1626112925,46.365,46.37,46.36,46.3699,46.36697,18,6
1626112930,46.37,46.37,46.365,46.365,46.36571,7,2
1626112935,46.3688,46.37,46.3611,46.37,46.36537,8,3
1626112940,46.36,46.365,46.36,46.365,46.36185,13,4
1626112945,46.3611,46.3674,46.36,46.36,46.36446,7,4
1626112950,46.365,46.37,46.36,46.3607,46.36588,63,12
1626112955,46.3616,46.39,46.3616,46.3809,46.37748,28,14
1626112960,46.3899,46.3899,46.37,46.38,46.3763,53,33
1626112965,46.38,46.38,46.372,46.38,46.37368,9,4
1626112970,46.36,46.3699,46.36,46.36,46.36471,18,5
1626112975,46.36,46.363,46.36,46.363,46.36092,9,5
1626112980,46.3699,46.3699,46.36,46.36,46.36438,9,5
1626112985,46.36,46.36,46.35,46.36,46.35491,40,18
1626112990,46.369,46.369,46.35,46.36,46.35872,40,11
1626112995,46.36,46.37,46.36,46.37,46.36658,16,12
1626113000,46.375,46.3756,46.371,46.371,46.37223,7,3
1626113005,46.38,46.39,46.375,46.39,46.38535,21,10
1626113010,46.3883,46.3883,46.381,46.381,46.38577,5,3
1626113015,46.385,46.41,46.385,46.3992,46.39934,90,43
1626113020,46.3956,46.4,46.39,46.39,46.39248,19,11
1626113025,46.3899,46.3999,46.385,46.39,46.3911,15,5
1626113030,46.39,46.3975,46.385,46.39,46.39022,21,11
1626113035,46.39,46.395,46.39,46.395,46.39232,13,8
1626113040,46.3901,46.3901,46.385,46.385,46.38846,23,5
1626113045,46.385,46.42,46.385,46.4151,46.41026,35,15
1626113050,46.415,46.42,46.4,46.4,46.40569,115,18
1626113055,46.4089,46.4089,46.39,46.4071,46.39702,72,11
1626113060,46.4081,46.41,46.395,46.41,46.40629,120,38
1626113065,46.41,46.41,46.41,46.41,46.41,0,0
1626113070,46.41,46.41,46.41,46.41,46.41,0,0
1626113075,46.4,46.4098,46.4,46.4001,46.40157,21,7
1626113080,46.41,46.42,46.41,46.4153,46.41504,47,7
1626113085,46.41,46.41,46.405,46.41,46.40783,23,12
1626113090,46.4099,46.4099,46.4,46.4,46.405,5,5
1626113095,46.41,46.41,46.41,46.41,46.41,1,1
1626113100,46.415,46.42,46.4101,46.4126,46.41252,24,9
1626113105,46.415,46.4299,46.41,46.4299,46.41649,25,11
1626113110,46.4233,46.43,46.4233,46.4299,46.4281,11,4
1626113115,46.42,46.44,46.42,46.4325,46.43175,63,25
1626113120,46.44,46.47,46.431,46.46,46.45951,327,97
1626113125,46.47,46.48,46.455,46.46,46.47007,41,19
1626113130,46.4543,46.4689,46.45,46.4689,46.45691,69,22
1626113135,46.4608,46.47,46.46,46.4675,46.46387,63,25
1626113140,46.47,46.47,46.46,46.46,46.46385,26,13
1626113145,46.4599,46.47,46.4599,46.47,46.46337,87,19
1626113150,46.47,46.475,46.47,46.471,46.47381,10,3
1626113155,46.4775,46.4784,46.46,46.46,46.46912,28,12
1626113160,46.45,46.46,46.44,46.4593,46.45546,68,23
1626113165,46.455,46.455,46.43,46.4319,46.43931,33,17
1626113170,46.44,46.45,46.44,46.44,46.44239,57,10
1626113175,46.439,46.439,46.425,46.425,46.42986,16,9
1626113180,46.43,46.44,46.425,46.425,46.43855,55,11
1626113185,46.42,46.42,46.41,46.41,46.41375,28,12
1626113190,46.4165,46.42,46.41,46.41,46.4153,10,4
1626113195,46.41,46.4499,46.41,46.445,46.43909,73,26
1626113200,46.45,46.47,46.45,46.465,46.4657,87,36
1626113205,46.47,46.47,46.45,46.45,46.45916,60,17
1626113210,46.46,46.465,46.46,46.4601,46.46393,13,3
1626113215,46.47,46.49,46.465,46.49,46.48159,34,12
1626113220,46.49,46.4978,46.487,46.4905,46.49059,31,20
1626113225,46.4908,46.52,46.4908,46.505,46.5017,598,108
1626113230,46.51,46.52,46.5,46.51,46.50846,67,48
1626113235,46.5035,46.52,46.49,46.5085,46.50871,107,35
1626113240,46.5099,46.52,46.5007,46.5199,46.51486,91,21
1626113245,46.5101,46.5189,46.505,46.5189,46.51577,50,8
1626113250,46.515,46.515,46.5101,46.5101,46.51255,2,2
1626113255,46.51,46.5188,46.48,46.51,46.50138,143,37
1626113260,46.5098,46.5098,46.49,46.4954,46.50469,32,5
1626113265,46.4957,46.4957,46.48,46.4899,46.48872,58,30
1626113270,46.4899,46.5,46.48,46.5,46.48649,122,27
1626113275,46.505,46.52,46.5,46.5154,46.5117,117,34
1626113280,46.5129,46.5169,46.51,46.5109,46.5122,41,7
1626113285,46.5114,46.52,46.5106,46.5191,46.51629,109,11
1626113290,46.5185,46.58,46.51,46.575,46.55128,314,119
1626113295,46.575,46.5799,46.53,46.538,46.54931,187,53
1626113300,46.539,46.54,46.5228,46.5387,46.53364,50,16
1626113305,46.534,46.534,46.51,46.5299,46.52043,76,25
1626113310,46.53,46.53,46.52,46.52,46.52155,32,6
1626113315,46.525,46.55,46.52,46.53,46.53064,432,255
1626113320,46.52,46.53,46.52,46.525,46.52662,59,6
1626113325,46.525,46.525,46.52,46.525,46.52174,21,7
1626113330,46.525,46.54,46.5201,46.5374,46.5338,33,11
1626113335,46.545,46.58,46.545,46.5533,46.56287,303,150
1626113340,46.541,46.57,46.54,46.57,46.55159,22,15
1626113345,46.565,46.58,46.53,46.5599,46.55404,412,252
1626113350,46.56,46.59,46.56,46.57,46.58043,79,43
1626113355,46.57,46.58,46.51,46.511,46.5465,331,160
1626113360,46.5156,46.53,46.515,46.53,46.52332,29,13
1626113365,46.53,46.53,46.52,46.5287,46.52711,33,10
1626113370,46.5299,46.5299,46.52,46.525,46.52324,19,7
1626113375,46.53,46.535,46.51,46.51,46.52512,83,21
1626113380,46.51,46.51,46.49,46.495,46.49958,154,44
1626113385,46.4981,46.4981,46.48,46.485,46.48964,40,18
1626113390,46.4889,46.49,46.48,46.4899,46.48343,65,8
1626113395,46.485,46.52,46.485,46.5001,46.50097,184,58
1626113400,46.5072,46.51,46.4906,46.4906,46.50679,40,9
1626113405,46.4901,46.5,46.49,46.5,46.4963,27,21
1626113410,46.505,46.505,46.48,46.48,46.49244,30,20
1626113415,46.461,46.4667,46.45,46.4667,46.45959,104,32
1626113420,46.4637,46.49,46.4637,46.4814,46.48124,90,21
1626113425,46.4859,46.49,46.4701,46.4701,46.47887,54,29
1626113430,46.4799,46.4808,46.475,46.4808,46.47934,32,8
1626113435,46.485,46.485,46.4789,46.4789,46.48226,6,3
1626113440,46.47,46.475,46.47,46.47,46.4718,8,6
1626113445,46.475,46.475,46.46,46.465,46.4673,35,14
1626113450,46.46,46.4601,46.46,46.46,46.46008,26,7
1626113455,46.45,46.45,46.42,46.422,46.43516,107,27
1626113460,46.4288,46.43,46.42,46.43,46.4294,53,8
1626113465,46.4299,46.4299,46.4,46.4169,46.41409,88,35
1626113470,46.4289,46.4309,46.42,46.4309,46.42806,64,19
1626113475,46.44,46.44,46.4309,46.4375,46.43628,30,11
1626113480,46.435,46.4699,46.435,46.46,46.45911,29,21
1626113485,46.465,46.465,46.44,46.445,46.44857,48,17
1626113490,46.4499,46.47,46.445,46.465,46.46025,76,20
1626113495,46.4688,46.4688,46.465,46.465,46.46627,15,2
1626113500,46.47,46.48,46.46,46.48,46.46852,47,20
1626113505,46.485,46.4899,46.48,46.48,46.48421,70,7
1626113510,46.48,46.48,46.4544,46.4544,46.46454,63,13
1626113515,46.4599,46.4599,46.44,46.45,46.44915,87,22
1626113520,46.4499,46.4499,46.445,46.445,46.44745,4,3
1626113525,46.4488,46.46,46.4443,46.4443,46.45537,48,25
1626113530,46.4499,46.4499,46.41,46.42,46.41908,155,72
1626113535,46.425,46.45,46.425,46.431,46.43901,50,24
1626113540,46.435,46.445,46.4301,46.4401,46.44057,18,7
1626113545,46.445,46.445,46.445,46.445,46.445,1,1
1626113550,46.4427,46.445,46.435,46.435,46.44035,17,14
1626113555,46.431,46.44,46.431,46.44,46.43801,22,3
1626113560,46.44,46.45,46.44,46.45,46.44796,24,9
1626113565,46.46,46.46,46.4501,46.4599,46.45759,22,6
1626113570,46.455,46.458,46.455,46.455,46.4556,30,3
1626113575,46.4558,46.4558,46.45,46.45,46.4529,2,2
1626113580,46.45,46.45,46.45,46.45,46.45,0,0
1626113585,46.45,46.45,46.4456,46.4456,46.44889,19,12
1626113590,46.44,46.46,46.4399,46.455,46.44612,15,13
1626113595,46.46,46.46,46.45,46.46,46.45857,7,4
1626113600,46.4519,46.4555,46.4519,46.4555,46.45344,3,2
1626113605,46.4589,46.4589,46.445,46.445,46.45132,24,14
1626113610,46.44,46.4401,46.43,46.431,46.4356,29,14
1626113615,46.43,46.4301,46.41,46.41,46.42053,47,26
1626113620,46.415,46.415,46.41,46.415,46.41244,29,17
1626113625,46.4108,46.42,46.41,46.41,46.41132,24,13
1626113630,46.415,46.4199,46.41,46.4191,46.41758,15,8
1626113635,46.415,46.43,46.415,46.43,46.42075,23,13
1626113640,46.44,46.4581,46.44,46.455,46.45448,37,6
1626113645,46.4587,46.4587,46.44,46.44,46.45052,21,12
1626113650,46.435,46.4399,46.4301,46.4301,46.43439,17,6
1626113655,46.4405,46.4494,46.44,46.4405,46.44337,51,8
1626113660,46.44,46.44,46.43,46.44,46.43645,15,12
1626113665,46.43,46.4304,46.42,46.425,46.42744,24,9
1626113670,46.4201,46.4217,46.42,46.4217,46.4205,28,12
1626113675,46.4212,46.4254,46.41,46.4242,46.42048,59,20
1626113680,46.425,46.425,46.4201,46.425,46.42378,4,4
1626113685,46.43,46.4395,46.43,46.43,46.43645,36,6
1626113690,46.435,46.44,46.435,46.4375,46.43967,77,26
1626113695,46.44,46.44,46.44,46.44,46.44,5,5
1626113700,46.44,46.4499,46.44,46.4479,46.44606,38,8
1626113705,46.4414,46.4414,46.4212,46.4212,46.4362,88,50
1626113710,46.4295,46.44,46.423,46.4386,46.42881,36,8
1626113715,46.435,46.435,46.435,46.435,46.435,8,1
1626113720,46.435,46.435,46.435,46.435,46.435,0,0
1626113725,46.4492,46.4492,46.4492,46.4492,46.4492,1,1
1626113730,46.44,46.44,46.43,46.43,46.43416,18,10
1626113735,46.43,46.43,46.42,46.42,46.42138,17,12
1626113740,46.4331,46.4331,46.421,46.421,46.43043,11,6
1626113745,46.421,46.4299,46.42,46.4212,46.42262,47,12
1626113750,46.4209,46.4209,46.42,46.4202,46.42061,5,3
1626113755,46.4281,46.43,46.4225,46.43,46.42845,11,11
1626113760,46.4314,46.44,46.43,46.4312,46.43053,23,14
1626113765,46.4325,46.4338,46.432,46.432,46.43223,10,4
1626113770,46.43,46.4302,46.43,46.4301,46.43004,19,14
1626113775,46.42,46.4205,46.42,46.4205,46.42047,16,2
1626113780,46.42,46.4299,46.42,46.4299,46.42689,15,5
1626113785,46.4201,46.425,46.4201,46.4205,46.42061,31,4
1626113790,46.422,46.428,46.41,46.41,46.41992,55,23
1626113795,46.4087,46.4158,46.4087,46.4158,46.41103,25,14
1626113800,46.412,46.415,46.4117,46.412,46.41245,13,5
1626113805,46.41,46.41,46.4,46.405,46.40245,27,12
1626113810,46.4,46.4092,46.4,46.4001,46.4042,36,10
1626113815,46.4,46.4,46.4,46.4,46.4,2,1
1626113820,46.4,46.4001,46.36,46.3612,46.37873,197,80
1626113825,46.36,46.38,46.36,46.375,46.3693,111,27
1626113830,46.379,46.38,46.37,46.37,46.37432,21,6
1626113835,46.3707,46.3709,46.37,46.37,46.37037,30,11
1626113840,46.37,46.379,46.37,46.37,46.3713,57,21
1626113845,46.37,46.38,46.36,46.37,46.36961,102,49
1626113850,46.3681,46.37,46.36,46.3691,46.3659,39,10
1626113855,46.36,46.36,46.33,46.3325,46.3449,146,59
1626113860,46.3391,46.3425,46.33,46.3399,46.33919,30,15
1626113865,46.34,46.37,46.34,46.35,46.35217,58,36
1626113870,46.3611,46.375,46.3609,46.365,46.36751,41,16
1626113875,46.37,46.39,46.3613,46.39,46.37928,122,36
1626113880,46.385,46.3899,46.375,46.388,46.38302,36,15
1626113885,46.3892,46.401,46.385,46.401,46.39716,103,33
1626113890,46.4,46.41,46.4,46.405,46.40259,67,27
1626113895,46.41,46.44,46.41,46.4399,46.43262,111,34
1626113900,46.4389,46.44,46.43,46.4301,46.43558,84,15
1626113905,46.434,46.44,46.43,46.43,46.43508,69,25
1626113910,46.425,46.43,46.42,46.4202,46.42461,68,14
1626113915,46.425,46.425,46.41,46.41,46.41331,98,15
1626113920,46.4182,46.42,46.4122,46.42,46.41963,26,8
1626113925,46.4178,46.4178,46.41,46.415,46.41463,6,3
1626113930,46.41,46.415,46.41,46.415,46.4105,12,3
1626113935,46.411,46.43,46.411,46.4299,46.42197,36,17
1626113940,46.4275,46.45,46.4275,46.45,46.43742,74,18
1626113945,46.44,46.4487,46.44,46.445,46.4444,11,6
1626113950,46.4479,46.45,46.44,46.4479,46.44807,55,31
1626113955,46.4499,46.4499,46.43,46.43,46.44254,44,17
1626113960,46.4327,46.4336,46.42,46.43,46.43036,17,10
1626113965,46.43,46.4401,46.43,46.4401,46.43943,31,10
1626113970,46.4491,46.45,46.44,46.448,46.44614,53,16
1626113975,46.4499,46.4499,46.445,46.449,46.44824,6,3
1626113980,46.45,46.455,46.45,46.4544,46.45048,37,19
1626113985,46.45,46.4701,46.45,46.4701,46.45916,121,30
1626113990,46.47,46.47,46.45,46.45,46.46116,28,17
1626113995,46.4572,46.4689,46.4532,46.4689,46.45831,26,5
1626114000,46.47,46.49,46.47,46.49,46.48807,193,52
1626114005,46.4982,46.5,46.48,46.495,46.48739,35,19
1626114010,46.495,46.505,46.4801,46.4801,46.49547,70,45
1626114015,46.48,46.48,46.479,46.479,46.47984,84,56
1626114020,46.47,46.475,46.465,46.47,46.47003,44,13
1626114025,46.47,46.48,46.47,46.47,46.473,72,51
1626114030,46.47,46.474,46.45,46.46,46.45892,82,20
1626114035,46.46,46.475,46.46,46.475,46.46609,42,18
1626114040,46.4699,46.4701,46.4601,46.4701,46.46867,38,6
1626114045,46.46,46.48,46.46,46.4712,46.46903,53,27
1626114050,46.475,46.49,46.475,46.48,46.48002,35,28
1626114055,46.48,46.49,46.48,46.4813,46.48153,20,13
1626114060,46.4701,46.49,46.4701,46.4898,46.48864,18,13
1626114065,46.49,46.5,46.485,46.4987,46.49712,59,27
1626114070,46.495,46.495,46.48,46.48,46.48964,24,16
1626114075,46.48,46.5,46.48,46.4954,46.4928,133,33
1626114080,46.5,46.5208,46.495,46.52,46.51459,84,51
1626114085,46.515,46.53,46.51,46.5193,46.52067,95,47
1626114090,46.5199,46.52,46.515,46.515,46.51918,89,6
1626114095,46.51,46.53,46.51,46.51,46.52131,95,32
1626114100,46.5189,46.5189,46.51,46.515,46.51646,23,4
1626114105,46.5135,46.52,46.511,46.515,46.51582,11,7
1626114110,46.51,46.5199,46.51,46.5192,46.51763,8,3
1626114115,46.52,46.52,46.5101,46.518,46.51558,7,6
1626114120,46.515,46.5194,46.5116,46.515,46.51442,12,5
1626114125,46.511,46.52,46.5,46.515,46.50656,106,27
1626114130,46.505,46.5099,46.505,46.5099,46.50923,7,2
1626114135,46.5062,46.5062,46.5001,46.5036,46.50485,26,7
1626114140,46.5,46.5001,46.48,46.485,46.49618,36,18
1626114145,46.49,46.5,46.49,46.49,46.49265,120,39
1626114150,46.4891,46.4899,46.46,46.4603,46.46608,150,36
1626114155,46.465,46.48,46.4601,46.475,46.47271,53,20
1626114160,46.47,46.47,46.455,46.455,46.46021,26,20
1626114165,46.451,46.465,46.451,46.465,46.45744,45,22
1626114170,46.469,46.469,46.4673,46.4681,46.4683,5,3
1626114175,46.47,46.48,46.46,46.46,46.47059,63,13
1626114180,46.47,46.47,46.46,46.46,46.46484,27,9
1626114185,46.4619,46.465,46.42,46.42,46.444,143,74
1626114190,46.42,46.43,46.42,46.4289,46.42514,50,30
1626114195,46.4206,46.4206,46.39,46.39,46.40673,179,55
1626114200,46.3978,46.4,46.38,46.3808,46.39197,47,22
1626114205,46.3812,46.39,46.37,46.3801,46.37902,99,33
1626114210,46.3899,46.3988,46.3812,46.398,46.39536,80,12
1626114215,46.3901,46.3901,46.3603,46.3693,46.38182,61,22
1626114220,46.365,46.365,46.33,46.34,46.34957,243,58
1626114225,46.34,46.3489,46.33,46.348,46.33842,17,9
1626114230,46.342,46.345,46.33,46.34,46.33733,107,29
1626114235,46.34,46.355,46.34,46.355,46.34548,92,32
1626114240,46.351,46.351,46.3416,46.3416,46.34931,19,8
1626114245,46.34,46.35,46.34,46.3412,46.34397,17,9
1626114250,46.3491,46.3501,46.34,46.34,46.34819,85,20
1626114255,46.35,46.3501,46.3443,46.3443,46.34955,50,16
1626114260,46.3411,46.345,46.3301,46.3409,46.33822,80,18
1626114265,46.34,46.34,46.31,46.325,46.32796,96,34
1626114270,46.325,46.34,46.322,46.33,46.3363,42,15
1626114275,46.34,46.34,46.33,46.3352,46.33439,43,11
1626114280,46.3318,46.3361,46.33,46.3301,46.33178,24,6
1626114285,46.3301,46.335,46.325,46.33,46.32877,54,21
1626114290,46.3228,46.3289,46.32,46.325,46.32567,45,10
1626114295,46.33,46.335,46.325,46.3301,46.33082,74,23
1626114300,46.34,46.35,46.33,46.33,46.34072,73,28
1626114305,46.33,46.34,46.321,46.3322,46.33105,80,29
1626114310,46.33,46.3608,46.33,46.3608,46.35061,139,44
1626114315,46.36,46.36,46.34,46.34,46.35136,75,30
1626114320,46.35,46.35,46.3025,46.3025,46.32437,71,37
1626114325,46.302,46.31,46.27,46.2901,46.28948,398,176
1626114330,46.2977,46.2977,46.28,46.2812,46.28625,37,11
1626114335,46.28,46.285,46.28,46.28,46.28149,47,19
1626114340,46.289,46.29,46.28,46.29,46.28496,12,4
1626114345,46.285,46.29,46.26,46.27,46.27661,172,42
1626114350,46.27,46.285,46.27,46.285,46.27918,27,9
1626114355,46.285,46.29,46.2801,46.29,46.28326,15,8
1626114360,46.28,46.295,46.27,46.275,46.28273,109,31
1626114365,46.27,46.32,46.26,46.305,46.29197,104,53
1626114370,46.3011,46.31,46.29,46.295,46.30539,98,40
1626114375,46.2993,46.2993,46.29,46.295,46.29602,12,3
1626114380,46.3,46.3,46.29,46.29,46.29918,21,15
1626114385,46.29,46.29,46.27,46.2701,46.28009,43,20
1626114390,46.28,46.3,46.28,46.29,46.28739,97,57
1626114395,46.29,46.31,46.29,46.2913,46.29449,22,8
1626114400,46.2988,46.32,46.2921,46.32,46.30612,73,23
1626114405,46.31,46.32,46.3,46.31,46.30652,129,59
1626114410,46.31,46.31,46.3,46.3022,46.30482,21,14
1626114415,46.29,46.29,46.28,46.285,46.28285,35,16
1626114420,46.28,46.3,46.275,46.2892,46.29225,100,35
1626114425,46.29,46.315,46.285,46.3,46.30095,118,48
1626114430,46.305,46.305,46.28,46.28,46.29946,28,12
1626114435,46.2866,46.2899,46.28,46.285,46.28648,12,7
1626114440,46.29,46.3099,46.285,46.3,46.2952,40,18
1626114445,46.3,46.3,46.28,46.299,46.29105,79,32
1626114450,46.29,46.31,46.29,46.3049,46.30169,45,16
1626114455,46.3,46.315,46.2909,46.315,46.30198,44,16
1626114460,46.3118,46.33,46.3118,46.3299,46.32308,121,67
1626114465,46.33,46.33,46.3101,46.32,46.32131,30,18
1626114470,46.33,46.3401,46.325,46.34,46.33217,77,39
1626114475,46.335,46.34,46.32,46.322,46.32638,177,41
1626114480,46.3201,46.34,46.305,46.31,46.32015,91,57
1626114485,46.315,46.325,46.315,46.32,46.32018,59,19
1626114490,46.3157,46.3187,46.29,46.295,46.30629,78,47
1626114495,46.3,46.32,46.3,46.3121,46.31741,59,28
1626114500,46.32,46.33,46.315,46.315,46.3231,29,17
1626114505,46.3175,46.3199,46.31,46.3192,46.31867,14,4
1626114510,46.3199,46.33,46.315,46.33,46.32207,31,13
1626114515,46.3393,46.3393,46.33,46.33,46.33474,44,9
1626114520,46.32,46.33,46.32,46.33,46.32792,9,7
1626114525,46.34,46.36,46.34,46.3598,46.34888,178,61
1626114530,46.355,46.36,46.35,46.355,46.35734,66,33
1626114535,46.36,46.37,46.3509,46.3599,46.35956,57,23
1626114540,46.35,46.37,46.34,46.36,46.35133,68,45
1626114545,46.362,46.37,46.34,46.36,46.36427,142,72
1626114550,46.37,46.37,46.36,46.36,46.36172,41,13
1626114555,46.3599,46.36,46.35,46.36,46.35592,46,32
1626114560,46.35,46.3599,46.34,46.3401,46.34519,16,7
1626114565,46.3311,46.3399,46.33,46.3399,46.33123,49,14
1626114570,46.34,46.35,46.34,46.3401,46.34201,10,8
1626114575,46.342,46.355,46.34,46.34,46.34876,33,14
1626114580,46.34,46.3489,46.3301,46.3489,46.34168,29,19
1626114585,46.35,46.36,46.35,46.3544,46.35673,62,19
1626114590,46.35,46.3505,46.34,46.34,46.34905,10,7
1626114595,46.34,46.35,46.33,46.3421,46.34183,30,22
1626114600,46.36,46.37,46.36,46.36,46.36057,31,16
1626114605,46.3679,46.3712,46.3679,46.3701,46.37043,16,5
1626114610,46.372,46.3986,46.372,46.3986,46.38949,74,34
1626114615,46.395,46.41,46.395,46.395,46.40145,58,25
1626114620,46.4,46.4199,46.4,46.4199,46.41024,74,29
1626114625,46.41,46.41,46.3957,46.4001,46.40405,46,14
1626114630,46.405,46.41,46.4,46.4001,46.40285,6,5
1626114635,46.4089,46.4089,46.39,46.39,46.39705,56,19
1626114640,46.39,46.3986,46.3718,46.38,46.38497,60,33
1626114645,46.38,46.38,46.36,46.37,46.36259,100,47
1626114650,46.36,46.37,46.36,46.3615,46.36277,45,23
1626114655,46.365,46.3701,46.365,46.37,46.36829,28,7
1626114660,46.37,46.375,46.3601,46.37,46.37027,33,10
1626114665,46.37,46.37,46.3601,46.3601,46.36346,16,4
1626114670,46.36,46.36,46.35,46.36,46.3528,36,20
1626114675,46.355,46.361,46.3506,46.361,46.35597,60,17
1626114680,46.3601,46.365,46.3601,46.365,46.36462,13,4
1626114685,46.36,46.36,46.34,46.3499,46.34494,86,21
1626114690,46.34,46.35,46.34,46.34,46.3427,6,6
1626114695,46.345,46.36,46.345,46.36,46.35179,28,8
1626114700,46.3517,46.355,46.35,46.3542,46.35387,9,5
1626114705,46.3589,46.3589,46.3401,46.3401,46.34551,23,6
1626114710,46.34,46.3441,46.32,46.34,46.3337,67,33
1626114715,46.34,46.34,46.3301,46.3345,46.33873,118,17
1626114720,46.33,46.33,46.33,46.33,46.33,4,4
1626114725,46.3257,46.3301,46.3257,46.3301,46.32949,18,4
1626114730,46.3301,46.3301,46.31,46.31,46.31818,47,41
1626114735,46.318,46.3199,46.31,46.31,46.31347,36,20
1626114740,46.3,46.3,46.2704,46.29,46.29072,185,64
1626114745,46.285,46.29,46.28,46.29,46.28373,32,25
1626114750,46.2909,46.2909,46.28,46.28,46.28232,9,8
1626114755,46.285,46.285,46.28,46.285,46.28444,9,3
1626114760,46.29,46.29,46.285,46.29,46.2882,27,6
1626114765,46.2892,46.2892,46.2892,46.2892,46.2892,4,1
1626114770,46.285,46.29,46.285,46.2899,46.28733,5,3
1626114775,46.285,46.285,46.2833,46.2833,46.28427,3,2
1626114780,46.28,46.28,46.27,46.2702,46.27223,43,16
1626114785,46.275,46.2899,46.2703,46.2899,46.28195,20,14
1626114790,46.28,46.2885,46.28,46.28,46.2845,8,5
1626114795,46.28,46.28,46.2713,46.28,46.27837,8,8
1626114800,46.2809,46.2899,46.2809,46.286,46.28695,22,6
1626114805,46.2886,46.2987,46.2886,46.2987,46.29161,49,18
1626114810,46.2907,46.2907,46.285,46.289,46.28863,43,6
1626114815,46.28,46.289,46.28,46.289,46.28092,19,3
1626114820,46.29,46.31,46.2801,46.295,46.29978,192,47
1626114825,46.3,46.3,46.295,46.3,46.29982,90,12
1626114830,46.2906,46.31,46.2906,46.3001,46.30344,64,23
1626114835,46.305,46.31,46.3,46.305,46.30535,17,5
1626114840,46.305,46.305,46.305,46.305,46.305,0,0
1626114845,46.3,46.3069,46.29,46.3069,46.2993,21,16
1626114850,46.31,46.315,46.2999,46.2999,46.30553,28,21
1626114855,46.2908,46.3,46.28,46.3,46.29119,59,24
1626114860,46.2919,46.3,46.29,46.3,46.29659,19,13
1626114865,46.2908,46.2908,46.2908,46.2908,46.2908,5,1
1626114870,46.3,46.3,46.3,46.3,46.3,1,1
1626114875,46.295,46.2981,46.29,46.29,46.29409,15,6
1626114880,46.295,46.295,46.285,46.29,46.2915,67,31
1626114885,46.3,46.3099,46.3,46.3013,46.30737,29,9
1626114890,46.305,46.305,46.305,46.305,46.305,2,2
1626114895,46.305,46.315,46.305,46.31,46.31,32,17
1626114900,46.3087,46.3087,46.305,46.305,46.3062,7,3
1626114905,46.3,46.3,46.28,46.28,46.2972,25,12
1626114910,46.28,46.3,46.275,46.29,46.29277,100,50
1626114915,46.29,46.29,46.275,46.275,46.28039,31,16
1626114920,46.2769,46.2769,46.27,46.2701,46.27292,44,10
1626114925,46.275,46.275,46.26,46.26,46.26506,91,41
1626114930,46.26,46.28,46.254,46.26,46.2694,90,54
1626114935,46.2601,46.2601,46.225,46.24,46.24155,156,72
1626114940,46.2401,46.2401,46.23,46.24,46.23776,58,21
1626114945,46.24,46.245,46.23,46.24,46.23504,78,44
1626114950,46.25,46.28,46.245,46.275,46.26096,127,61
1626114955,46.2799,46.28,46.2799,46.28,46.27992,6,2
1626114960,46.28,46.284,46.28,46.28,46.28051,8,8
1626114965,46.277,46.28,46.27,46.28,46.27321,31,14
1626114970,46.28,46.29,46.27,46.27,46.2844,204,89
1626114975,46.28,46.29,46.27,46.27,46.28239,94,44
1626114980,46.275,46.275,46.26,46.261,46.26416,33,17
1626114985,46.265,46.27,46.2601,46.2608,46.26259,28,5
1626114990,46.265,46.2687,46.26,46.26,46.26267,22,10
1626114995,46.2619,46.265,46.25,46.26,46.26071,17,9
1626115000,46.25,46.25,46.23,46.243,46.24023,59,40
1626115005,46.242,46.245,46.23,46.23,46.23586,37,5
1626115010,46.2308,46.2399,46.2301,46.235,46.23259,18,7
1626115015,46.23,46.24,46.23,46.23,46.23193,12,5
1626115020,46.2385,46.24,46.22,46.2301,46.22758,70,32
1626115025,46.2358,46.26,46.235,46.245,46.25181,177,64
1626115030,46.2428,46.2556,46.2428,46.2556,46.249,68,24
1626115035,46.255,46.255,46.2401,46.25,46.2489,63,24
1626115040,46.241,46.26,46.241,46.26,46.25325,8,8
1626115045,46.2511,46.2599,46.2511,46.2599,46.25381,26,6
1626115050,46.255,46.255,46.24,46.24,46.25211,30,16
1626115055,46.24,46.24,46.24,46.24,46.24,0,0
1626115060,46.2405,46.25,46.23,46.235,46.23911,57,28
1626115065,46.23,46.237,46.22,46.23,46.22503,105,41
1626115070,46.235,46.235,46.2202,46.225,46.22733,52,16
1626115075,46.22,46.2221,46.22,46.2221,46.22052,4,2
1626115080,46.23,46.25,46.2237,46.25,46.2347,33,18
1626115085,46.24,46.25,46.24,46.25,46.24647,14,11
1626115090,46.25,46.26,46.24,46.2487,46.25244,64,29
1626115095,46.2445,46.2445,46.2445,46.2445,46.2445,1,1
1626115100,46.25,46.25,46.2374,46.2374,46.24558,37,13
1626115105,46.2342,46.24,46.22,46.22,46.22457,32,13
1626115110,46.22,46.23,46.21,46.23,46.21912,87,48
1626115115,46.2309,46.2461,46.2309,46.245,46.24174,22,14
1626115120,46.2488,46.2617,46.242,46.26,46.25326,84,53
1626115125,46.27,46.2767,46.26,46.2611,46.26851,77,17
1626115130,46.26,46.26,46.25,46.255,46.25897,15,12
1626115135,46.26,46.26,46.255,46.255,46.25738,10,7
1626115140,46.252,46.26,46.252,46.26,46.258,4,4
1626115145,46.26,46.27,46.26,46.2699,46.26569,64,24
1626115150,46.27,46.3,46.27,46.292,46.28858,39,19
1626115155,46.295,46.298,46.2711,46.2846,46.28553,94,24
1626115160,46.289,46.289,46.275,46.275,46.27662,21,4
1626115165,46.2799,46.2801,46.271,46.271,46.27851,17,12
1626115170,46.28,46.2801,46.26,46.2801,46.27253,67,25
1626115175,46.2887,46.2887,46.27,46.2799,46.27649,38,13
1626115180,46.28,46.29,46.27,46.27,46.28177,66,35
1626115185,46.275,46.2799,46.275,46.2799,46.27785,24,4
1626115190,46.275,46.285,46.272,46.28,46.27622,50,7
1626115195,46.2899,46.2899,46.2757,46.2757,46.28055,35,7
1626115200,46.28,46.285,46.2726,46.28,46.28239,16,6
1626115205,46.29,46.3,46.29,46.3,46.2906,24,11
1626115210,46.3,46.3,46.28,46.28,46.29452,31,14
1626115215,46.284,46.2841,46.271,46.2743,46.27841,43,17
1626115220,46.2799,46.2799,46.27,46.27,46.273,16,13
1626115225,46.2679,46.28,46.265,46.28,46.27514,42,32
1626115230,46.28,46.28,46.28,46.28,46.28,0,0
1626115235,46.28,46.2832,46.279,46.279,46.2809,17,8
1626115240,46.2799,46.28,46.273,46.275,46.2792,16,4
1626115245,46.279,46.28,46.27,46.28,46.27308,16,14
1626115250,46.275,46.285,46.275,46.285,46.27903,31,3
1626115255,46.29,46.3,46.2889,46.291,46.29564,51,11
1626115260,46.295,46.295,46.28,46.29,46.29033,32,14
1626115265,46.2886,46.2886,46.26,46.28,46.27669,71,24
1626115270,46.2799,46.28,46.27,46.275,46.27686,12,6
1626115275,46.29,46.29,46.29,46.29,46.29,3,3
1626115280,46.2915,46.2915,46.27,46.2716,46.27247,70,51
1626115285,46.2798,46.2798,46.255,46.26,46.26807,106,56
1626115290,46.265,46.27,46.2606,46.27,46.26251,31,3
1626115295,46.27,46.28,46.2695,46.272,46.27103,17,12
1626115300,46.2779,46.2779,46.27,46.27,46.27132,6,4
1626115305,46.265,46.265,46.25,46.25,46.25984,75,41
1626115310,46.2508,46.255,46.25,46.255,46.25104,14,3
1626115315,46.26,46.26,46.25,46.25,46.25105,20,18
1626115320,46.2595,46.26,46.2589,46.2589,46.25974,36,14
1626115325,46.25,46.26,46.245,46.245,46.251,5,5
1626115330,46.24,46.24,46.23,46.23,46.23101,55,33
1626115335,46.2392,46.2392,46.23,46.233,46.23124,36,4
1626115340,46.235,46.2399,46.21,46.21,46.2286,113,36
1626115345,46.2101,46.22,46.2101,46.22,46.21782,27,13
1626115350,46.23,46.2399,46.23,46.235,46.23206,20,12
1626115355,46.2394,46.255,46.235,46.24,46.24734,145,63
1626115360,46.23,46.2373,46.23,46.2373,46.23046,16,2
1626115365,46.23,46.23,46.22,46.2211,46.22753,11,7
1626115370,46.229,46.2293,46.2289,46.2289,46.22921,20,3
1626115375,46.2201,46.225,46.2201,46.225,46.22098,12,3
1626115380,46.2201,46.2299,46.2201,46.225,46.22646,9,5
1626115385,46.22,46.23,46.22,46.23,46.22471,8,4
1626115390,46.23,46.23,46.23,46.23,46.23,0,0
1626115395,46.2293,46.23,46.22,46.2299,46.2261,28,9
1626115400,46.2272,46.2272,46.2272,46.2272,46.2272,10,1
1626115405,46.225,46.225,46.2,46.205,46.20712,79,41
1626115410,46.205,46.22,46.205,46.215,46.21451,53,22
1626115415,46.215,46.2193,46.21,46.215,46.21693,24,5
1626115420,46.22,46.25,46.215,46.25,46.23322,90,42
1626115425,46.2499,46.25,46.24,46.24,46.24826,43,11
1626115430,46.24,46.24,46.23,46.23,46.2382,19,9
1626115435,46.24,46.258,46.24,46.258,46.24753,130,27
1626115440,46.2536,46.27,46.2536,46.26,46.25917,28,10
1626115445,46.26,46.275,46.26,46.275,46.27,69,9
1626115450,46.27,46.2788,46.27,46.2788,46.27208,34,4
1626115455,46.275,46.29,46.275,46.28,46.28054,42,35
1626115460,46.29,46.3,46.2807,46.2893,46.29001,89,26
1626115465,46.2899,46.305,46.2899,46.29,46.29927,185,47
1626115470,46.2964,46.2999,46.28,46.295,46.28832,71,28
1626115475,46.2989,46.305,46.2989,46.305,46.30217,22,6
1626115480,46.3,46.3099,46.295,46.2975,46.30452,39,14
1626115485,46.3,46.31,46.295,46.305,46.30593,63,16
1626115490,46.31,46.32,46.3099,46.319,46.31415,56,19
1626115495,46.32,46.34,46.31,46.325,46.32752,125,67
1626115500,46.32,46.32,46.3101,46.32,46.31395,44,8
1626115505,46.315,46.34,46.315,46.325,46.32738,103,58
1626115510,46.33,46.34,46.3214,46.3298,46.33044,56,48
1626115515,46.33,46.33,46.31,46.315,46.31755,40,22
1626115520,46.31,46.32,46.31,46.32,46.31857,31,16
1626115525,46.32,46.32,46.2801,46.2899,46.29676,41,23
1626115530,46.2801,46.29,46.28,46.29,46.28411,46,10
1626115535,46.295,46.3092,46.295,46.3001,46.30356,24,7
1626115540,46.303,46.303,46.3,46.3,46.3009,10,4
1626115545,46.2901,46.295,46.2901,46.295,46.29455,11,2
1626115550,46.295,46.295,46.2801,46.2801,46.28934,27,20
1626115555,46.28,46.29,46.27,46.29,46.28102,44,17
1626115560,46.3,46.3,46.2945,46.295,46.29716,20,3
1626115565,46.295,46.295,46.2808,46.2887,46.28804,17,5
1626115570,46.285,46.3,46.285,46.29,46.29279,50,22
1626115575,46.285,46.285,46.285,46.285,46.285,3,1
1626115580,46.285,46.2868,46.28,46.28,46.28481,57,7
1626115585,46.285,46.285,46.27,46.27,46.27785,27,19
1626115590,46.27,46.27,46.2501,46.2501,46.2584,86,54
1626115595,46.255,46.26,46.255,46.26,46.25804,25,12
1626115600,46.26,46.265,46.255,46.26,46.25941,21,15
1626115605,46.2599,46.26,46.255,46.26,46.25973,27,8
1626115610,46.255,46.26,46.25,46.26,46.25182,87,57
1626115615,46.27,46.2801,46.27,46.275,46.27573,43,18
1626115620,46.275,46.281,46.2714,46.2714,46.27573,13,3
1626115625,46.27,46.275,46.27,46.275,46.2725,2,2
1626115630,46.28,46.3,46.28,46.3,46.29592,41,17
1626115635,46.3101,46.3101,46.3,46.3,46.3022,31,24
1626115640,46.29,46.3,46.29,46.3,46.29897,24,2
1626115645,46.2988,46.2988,46.29,46.2908,46.29453,17,5
1626115650,46.29,46.29,46.275,46.28,46.27879,38,15
1626115655,46.28,46.2825,46.28,46.2825,46.28174,13,6
1626115660,46.2833,46.2833,46.2833,46.2833,46.2833,50,1
1626115665,46.29,46.295,46.29,46.295,46.2925,2,2
1626115670,46.3,46.305,46.3,46.305,46.3022,50,21
1626115675,46.305,46.31,46.29,46.29,46.3037,53,38
1626115680,46.281,46.2887,46.281,46.2843,46.28432,17,3
1626115685,46.28,46.285,46.28,46.2817,46.28239,17,8
1626115690,46.281,46.281,46.27,46.28,46.27972,32,25
1626115695,46.29,46.305,46.29,46.29,46.29214,36,11
1626115700,46.29,46.2999,46.29,46.295,46.295,22,3
1626115705,46.295,46.3001,46.2903,46.3001,46.29185,42,4
1626115710,46.3,46.3,46.29,46.29,46.29455,11,9
1626115715,46.2808,46.2808,46.27,46.27,46.27195,13,11
1626115720,46.26,46.26,46.25,46.25,46.25553,38,16
1626115725,46.2366,46.255,46.23,46.255,46.2387,42,16
1626115730,46.255,46.255,46.24,46.245,46.24847,41,22
1626115735,46.24,46.24,46.23,46.23,46.2314,9,6
1626115740,46.2379,46.2379,46.2379,46.2379,46.2379,1,1
1626115745,46.23,46.23,46.22,46.2219,46.22762,28,9
1626115750,46.23,46.2308,46.22,46.22,46.22594,24,11
1626115755,46.225,46.235,46.225,46.235,46.23054,32,7
1626115760,46.2375,46.2375,46.235,46.235,46.23625,2,2
1626115765,46.2301,46.2301,46.225,46.2299,46.2296,12,9
1626115770,46.2286,46.24,46.2206,46.235,46.23046,74,30
1626115775,46.235,46.245,46.2301,46.245,46.23278,64,12
1626115780,46.2491,46.263,46.2491,46.263,46.25969,30,19
1626115785,46.26,46.269,46.241,46.241,46.25953,66,24
1626115790,46.25,46.26,46.25,46.255,46.25356,26,15
1626115795,46.25,46.2501,46.24,46.24,46.24826,34,13
1626115800,46.23,46.23,46.2289,46.2289,46.22962,29,11
1626115805,46.23,46.23,46.2209,46.2209,46.2247,9,5
1626115810,46.225,46.25,46.225,46.245,46.24229,16,7
1626115815,46.243,46.255,46.243,46.25,46.24936,62,32
1626115820,46.24,46.25,46.24,46.245,46.2423,18,10
1626115825,46.24,46.245,46.24,46.24,46.24066,16,10
1626115830,46.25,46.25,46.24,46.24,46.24117,28,21
1626115835,46.24,46.245,46.23,46.235,46.23094,106,10
1626115840,46.235,46.245,46.21,46.2292,46.21944,271,132
1626115845,46.225,46.2285,46.2201,46.2201,46.22305,24,3
1626115850,46.226,46.226,46.226,46.226,46.226,10,2
1626115855,46.225,46.225,46.222,46.225,46.22463,8,4
1626115860,46.225,46.23,46.225,46.23,46.22888,35,21
1626115865,46.2375,46.238,46.215,46.22,46.225,21,16
1626115870,46.2199,46.225,46.2199,46.225,46.22136,3,2
1626115875,46.212,46.22,46.212,46.22,46.2158,5,4
1626115880,46.225,46.2392,46.225,46.2356,46.23252,42,11
1626115885,46.24,46.26,46.24,46.26,46.25379,72,37
1626115890,46.25,46.27,46.2499,46.27,46.25398,45,8
1626115895,46.2652,46.27,46.26,46.26,46.26504,33,8
1626115900,46.27,46.27,46.26,46.2605,46.26731,14,5
1626115905,46.26,46.26,46.2535,46.255,46.25602,27,12
1626115910,46.2537,46.2537,46.2507,46.2507,46.25203,18,2
1626115915,46.25,46.25,46.25,46.25,46.25,15,9
1626115920,46.2492,46.25,46.2492,46.25,46.24948,15,5
1626115925,46.245,46.245,46.2299,46.2299,46.23309,64,24
1626115930,46.2201,46.225,46.21,46.22,46.21827,49,15
1626115935,46.2131,46.22,46.21,46.22,46.21577,56,20
1626115940,46.21,46.22,46.21,46.22,46.21357,19,8
1626115945,46.22,46.225,46.22,46.225,46.22035,78,10
1626115950,46.221,46.23,46.221,46.23,46.22286,14,5
1626115955,46.235,46.245,46.235,46.24,46.24001,43,10
1626115960,46.241,46.245,46.24,46.245,46.24275,4,3
1626115965,46.245,46.248,46.245,46.245,46.24513,24,3
1626115970,46.24,46.24,46.24,46.24,46.24,9,6
1626115975,46.23,46.23,46.23,46.23,46.23,4,4
1626115980,46.235,46.24,46.235,46.24,46.23917,6,6
1626115985,46.2311,46.2311,46.2311,46.2311,46.2311,2,1
1626115990,46.2343,46.2444,46.2343,46.2444,46.23698,26,5
1626115995,46.2499,46.2499,46.245,46.245,46.24575,13,2
1626116000,46.25,46.2591,46.25,46.2525,46.25212,25,7
1626116005,46.2509,46.2599,46.2502,46.255,46.2533,40,8
1626116010,46.26,46.26,46.26,46.26,46.26,13,11
1626116015,46.26,46.26,46.255,46.255,46.25777,6,4
1626116020,46.2501,46.2501,46.245,46.245,46.24976,20,12
1626116025,46.245,46.245,46.24,46.24,46.24167,3,3
1626116030,46.24,46.24,46.22,46.222,46.22499,93,61
1626116035,46.229,46.229,46.22,46.2201,46.22085,13,11
1626116040,46.2143,46.2143,46.2143,46.2143,46.2143,3,1
1626116045,46.2109,46.215,46.2109,46.215,46.21357,14,4
1626116050,46.22,46.2354,46.22,46.23,46.22856,13,8
1626116055,46.24,46.24,46.23,46.23,46.23547,3,3
1626116060,46.235,46.2388,46.2304,46.2304,46.23256,30,5
1626116065,46.23,46.23,46.23,46.23,46.23,4,1
1626116070,46.23,46.23,46.2287,46.2287,46.22989,11,7
1626116075,46.22,46.23,46.22,46.23,46.22861,7,3
1626116080,46.229,46.23,46.225,46.225,46.22795,7,3
1626116085,46.2213,46.225,46.22,46.225,46.22079,13,9
1626116090,46.225,46.225,46.225,46.225,46.225,1,1
1626116095,46.22,46.22,46.2,46.2011,46.20527,43,18
1626116100,46.2043,46.2098,46.2,46.2002,46.20155,47,11
1626116105,46.21,46.21,46.2043,46.205,46.20468,17,3
1626116110,46.204,46.204,46.17,46.1701,46.18391,199,138
1626116115,46.172,46.195,46.17,46.195,46.18721,39,23
1626116120,46.198,46.198,46.19,46.191,46.19139,20,6
1626116125,46.19,46.19,46.1609,46.1609,46.17191,52,20
1626116130,46.1609,46.17,46.15,46.1601,46.1537,119,43
1626116135,46.1652,46.1699,46.16,46.16,46.16413,46,14
1626116140,46.1602,46.1602,46.1508,46.16,46.1592,46,17
1626116145,46.17,46.18,46.1613,46.17,46.1757,43,19
1626116150,46.17,46.17,46.16,46.165,46.16537,14,9
1626116155,46.1677,46.1677,46.165,46.165,46.16736,8,2
1626116160,46.17,46.18,46.1692,46.18,46.17631,43,23
1626116165,46.19,46.19,46.18,46.185,46.18725,95,50
1626116170,46.18,46.18,46.1799,46.1799,46.17993,7,3
1626116175,46.1743,46.19,46.1743,46.18,46.18174,37,9
1626116180,46.175,46.19,46.175,46.19,46.18102,4,3
1626116185,46.188,46.188,46.18,46.185,46.18411,25,9
1626116190,46.18,46.18,46.18,46.18,46.18,5,4
1626116195,46.175,46.175,46.173,46.173,46.17367,3,2
1626116200,46.175,46.21,46.1717,46.19,46.20141,250,96
1626116205,46.1999,46.2,46.1701,46.1759,46.19108,51,30
1626116210,46.179,46.179,46.165,46.165,46.17053,26,19
1626116215,46.17,46.1799,46.165,46.165,46.17088,44,17
1626116220,46.16,46.18,46.16,46.18,46.16726,40,9
1626116225,46.17,46.17,46.16,46.16,46.165,8,8
1626116230,46.165,46.17,46.16,46.165,46.16275,55,6
1626116235,46.16,46.17,46.16,46.17,46.16493,16,4
1626116240,46.17,46.17,46.13,46.145,46.14579,137,67
1626116245,46.1488,46.15,46.1488,46.15,46.1492,3,2
1626116250,46.1462,46.15,46.1406,46.15,46.14183,19,5
1626116255,46.15,46.155,46.15,46.15,46.15062,31,28
1626116260,46.1409,46.17,46.14,46.17,46.15206,38,21
1626116265,46.1789,46.18,46.17,46.18,46.17539,23,6
1626116270,46.1809,46.2,46.1809,46.2,46.1861,19,6
1626116275,46.2,46.2099,46.2,46.2099,46.2062,97,22
1626116280,46.205,46.22,46.205,46.2192,46.21204,166,56
1626116285,46.22,46.22,46.21,46.22,46.21863,49,27
1626116290,46.225,46.265,46.225,46.265,46.24529,104,46
1626116295,46.26,46.44,46.26,46.39,46.37345,1897,655
1626116300,46.39,46.392,46.36,46.39,46.3733,109,39
1626116305,46.38,46.3838,46.3699,46.3699,46.37217,103,20
1626116310,46.36,46.36,46.34,46.355,46.34352,86,30
1626116315,46.36,46.37,46.35,46.359,46.36701,186,42
1626116320,46.35,46.35,46.335,46.34,46.34263,34,28
1626116325,46.349,46.37,46.345,46.365,46.35739,55,31
1626116330,46.36,46.365,46.34,46.355,46.34733,49,38
1626116335,46.355,46.3589,46.3392,46.3392,46.34763,39,12
1626116340,46.3394,46.35,46.325,46.34,46.34321,68,36
1626116345,46.335,46.335,46.33,46.3322,46.3313,14,12
1626116350,46.3312,46.3312,46.31,46.32,46.32016,44,29
1626116355,46.33,46.33,46.3199,46.32,46.32343,107,60
1626116360,46.33,46.332,46.3221,46.325,46.32782,5,4
1626116365,46.32,46.34,46.31,46.34,46.32743,82,34
1626116370,46.34,46.3489,46.33,46.33,46.33762,120,38
1626116375,46.33,46.335,46.33,46.33,46.3314,36,11
1626116380,46.33,46.35,46.33,46.35,46.3374,132,11
1626116385,46.34,46.4,46.34,46.4,46.36292,145,36
1626116390,46.39,46.41,46.39,46.41,46.40306,140,63
1626116395,46.42,46.44,46.405,46.4399,46.41865,166,56
1626116400,46.44,46.44,46.415,46.415,46.42829,180,87
1626116405,46.4101,46.4192,46.4101,46.4117,46.41351,48,8
1626116410,46.41,46.415,46.3928,46.3999,46.40028,93,41
1626116415,46.3919,46.4001,46.37,46.39,46.39239,109,58
1626116420,46.3817,46.395,46.3817,46.395,46.38907,30,5
1626116425,46.4,46.4,46.39,46.399,46.39658,18,9
1626116430,46.4,46.4,46.39,46.395,46.39213,29,12
1626116435,46.3999,46.4,46.3901,46.395,46.39489,21,6
1626116440,46.395,46.395,46.38,46.3898,46.39216,43,11
1626116445,46.38,46.385,46.36,46.3625,46.37327,55,23
1626116450,46.365,46.3792,46.35,46.3757,46.36468,150,43
1626116455,46.371,46.375,46.37,46.375,46.37268,21,10
1626116460,46.38,46.4,46.38,46.4,46.39061,135,24
1626116465,46.3992,46.4,46.385,46.39,46.3952,48,16
1626116470,46.3899,46.4,46.3821,46.395,46.39724,30,17
1626116475,46.39,46.3941,46.39,46.3941,46.39102,4,4
1626116480,46.391,46.395,46.38,46.395,46.38377,6,3
1626116485,46.395,46.4,46.3918,46.3958,46.39548,16,5
1626116490,46.4,46.42,46.4,46.4101,46.41227,54,15
1626116495,46.4128,46.4128,46.3983,46.3983,46.40808,36,19
1626116500,46.3981,46.3981,46.39,46.39,46.39098,16,7
1626116505,46.3874,46.39,46.36,46.37,46.37897,76,33
1626116510,46.37,46.38,46.37,46.38,46.3763,43,24
1626116515,46.3877,46.3899,46.3864,46.3864,46.38898,41,3
1626116520,46.3864,46.3864,46.3864,46.3864,46.3864,0,0
1626116525,46.3864,46.3864,46.3864,46.3864,46.3864,0,0
1626116530,46.38,46.38,46.37,46.3701,46.37466,29,22
1626116535,46.365,46.3687,46.3602,46.365,46.36478,12,7
1626116540,46.37,46.38,46.37,46.38,46.37607,126,13
1626116545,46.385,46.3859,46.36,46.365,46.37051,74,34
1626116550,46.36,46.36,46.35,46.35,46.35222,4,2
1626116555,46.36,46.36,46.34,46.3536,46.35344,43,17
1626116560,46.359,46.359,46.355,46.3588,46.35698,20,3
1626116565,46.351,46.365,46.351,46.365,46.35995,16,11
1626116570,46.365,46.365,46.365,46.365,46.365,3,1
1626116575,46.36,46.36,46.355,46.355,46.35621,14,4
1626116580,46.35,46.3585,46.35,46.3585,46.35095,54,9
1626116585,46.35,46.355,46.35,46.35,46.35167,3,3
1626116590,46.35,46.35,46.32,46.32,46.34267,52,13
1626116595,46.3255,46.3255,46.32,46.3204,46.32262,114,12
1626116600,46.3212,46.325,46.32,46.325,46.32252,14,6
1626116605,46.33,46.33,46.32,46.32,46.32612,62,16
1626116610,46.315,46.33,46.31,46.315,46.32069,71,32
1626116615,46.32,46.335,46.32,46.335,46.32878,39,15
1626116620,46.33,46.3496,46.33,46.33,46.34349,80,14
1626116625,46.3399,46.345,46.32,46.33,46.33143,41,30
1626116630,46.33,46.33,46.32,46.3201,46.32427,22,8
1626116635,46.32,46.32,46.3152,46.3152,46.31763,16,8
1626116640,46.315,46.315,46.3101,46.3101,46.31092,6,2
1626116645,46.315,46.3399,46.315,46.3399,46.3327,20,11
1626116650,46.34,46.34,46.33,46.33,46.33764,33,14
1626116655,46.33,46.34,46.3291,46.34,46.33701,58,33
1626116660,46.345,46.345,46.33,46.33,46.33821,16,7
1626116665,46.33,46.34,46.33,46.3307,46.33761,52,9
1626116670,46.3381,46.3381,46.3381,46.3381,46.3381,1,1
1626116675,46.335,46.35,46.33,46.335,46.34251,71,29
1626116680,46.3385,46.349,46.33,46.33,46.33818,38,9
1626116685,46.331,46.331,46.331,46.331,46.331,1,1
1626116690,46.33,46.3317,46.32,46.3243,46.32552,36,14
1626116695,46.32,46.32,46.29,46.29,46.30083,96,27
1626116700,46.291,46.3,46.28,46.295,46.2927,141,31
1626116705,46.29,46.3,46.275,46.2901,46.29144,135,60
1626116710,46.29,46.295,46.28,46.29,46.29151,43,33
1626116715,46.28,46.295,46.28,46.295,46.28695,52,30
1626116720,46.295,46.31,46.295,46.31,46.30318,11,9
1626116725,46.311,46.311,46.29,46.3099,46.29979,55,35
1626116730,46.318,46.32,46.31,46.32,46.31713,7,5
1626116735,46.32,46.32,46.31,46.32,46.31772,5,5
1626116740,46.325,46.35,46.32,46.35,46.33202,80,48
1626116745,46.35,46.35,46.33,46.3399,46.3418,43,27
1626116750,46.335,46.335,46.3299,46.33,46.33042,51,9
1626116755,46.3301,46.335,46.33,46.33,46.33301,26,14
1626116760,46.3201,46.3201,46.3109,46.3109,46.31575,8,4
1626116765,46.31,46.325,46.305,46.325,46.31374,29,23
1626116770,46.325,46.3357,46.3209,46.33,46.32649,42,14
1626116775,46.33,46.33,46.32,46.3291,46.32205,28,20
1626116780,46.33,46.3399,46.33,46.3399,46.33602,28,9
1626116785,46.335,46.335,46.335,46.335,46.335,10,7
1626116790,46.3392,46.34,46.33,46.3331,46.33477,13,8
1626116795,46.33,46.33,46.325,46.325,46.32864,14,11
1626116800,46.3201,46.3201,46.3201,46.3201,46.3201,1,1
1626116805,46.3201,46.33,46.32,46.3269,46.32364,27,14
1626116810,46.3201,46.34,46.3201,46.34,46.33305,9,5
1626116815,46.34,46.34,46.33,46.33,46.33538,12,5
1626116820,46.33,46.33,46.32,46.32,46.32433,13,11
1626116825,46.3199,46.3199,46.31,46.31,46.31278,12,6
1626116830,46.3101,46.32,46.31,46.32,46.31427,63,13
1626116835,46.3287,46.3288,46.3206,46.3279,46.32198,52,5
1626116840,46.325,46.335,46.325,46.33,46.3299,45,27
1626116845,46.32,46.32,46.32,46.32,46.32,17,13
1626116850,46.32,46.325,46.32,46.325,46.32455,11,2
1626116855,46.3243,46.325,46.32,46.32,46.32386,18,4
1626116860,46.3201,46.3201,46.3201,46.3201,46.3201,50,1
1626116865,46.329,46.329,46.325,46.325,46.32812,4,2
1626116870,46.32,46.33,46.32,46.3259,46.32753,23,10
1626116875,46.321,46.3269,46.3203,46.325,46.32591,28,5
1626116880,46.33,46.34,46.325,46.34,46.33404,83,22
1626116885,46.33,46.3678,46.32,46.3678,46.33702,107,65
1626116890,46.3607,46.41,46.36,46.4,46.37948,315,97
1626116895,46.4001,46.405,46.37,46.3994,46.39085,198,78
1626116900,46.3999,46.4,46.38,46.385,46.3934,104,28
1626116905,46.39,46.4,46.36,46.36,46.38001,92,45
1626116910,46.365,46.3695,46.365,46.365,46.36835,47,6
1626116915,46.365,46.375,46.365,46.375,46.37049,11,3
1626116920,46.37,46.3741,46.36,46.365,46.36542,30,13
1626116925,46.365,46.3684,46.365,46.3684,46.36809,22,3
1626116930,46.3604,46.3604,46.355,46.355,46.35958,23,11
1626116935,46.351,46.36,46.35,46.35,46.35098,43,23
1626116940,46.3416,46.3417,46.33,46.338,46.33722,111,43
1626116945,46.33,46.34,46.33,46.335,46.33617,10,8
1626116950,46.34,46.3499,46.34,46.3499,46.34312,16,9
1626116955,46.3408,46.35,46.3408,46.35,46.34596,18,7
1626116960,46.35,46.36,46.345,46.351,46.35136,27,14
1626116965,46.3558,46.3558,46.3558,46.3558,46.3558,1,1
1626116970,46.36,46.4,46.36,46.38,46.38833,466,110
1626116975,46.38,46.395,46.38,46.39,46.39229,35,16
1626116980,46.3947,46.395,46.3947,46.395,46.3948,10,5
1626116985,46.3955,46.3955,46.395,46.395,46.39512,4,2
1626116990,46.39,46.39,46.36,46.38,46.37954,52,30
1626116995,46.37,46.3794,46.362,46.362,46.37443,35,15
1626117000,46.37,46.37,46.355,46.355,46.36152,46,14
1626117005,46.355,46.36,46.355,46.36,46.35808,6,6
1626117010,46.361,46.361,46.3599,46.36,46.36007,29,11
1626117015,46.3501,46.3501,46.3501,46.3501,46.3501,20,1
1626117020,46.357,46.3579,46.357,46.3579,46.35713,7,2
1626117025,46.358,46.358,46.35,46.355,46.35184,20,7
1626117030,46.355,46.355,46.355,46.355,46.355,5,1
1626117035,46.358,46.358,46.351,46.351,46.3566,5,2
1626117040,46.35,46.355,46.34,46.3499,46.34794,78,26
1626117045,46.3419,46.36,46.341,46.36,46.3507,32,18
1626117050,46.36,46.3601,46.35,46.3599,46.35554,18,7
1626117055,46.351,46.36,46.351,46.36,46.3555,2,2
1626117060,46.36,46.37,46.36,46.3601,46.36798,18,5
1626117065,46.37,46.3894,46.37,46.38,46.38104,85,26
1626117070,46.385,46.4,46.385,46.4,46.39545,85,38
1626117075,46.41,46.42,46.405,46.405,46.41223,90,24
1626117080,46.409,46.4109,46.4005,46.4005,46.40587,37,13
1626117085,46.4069,46.41,46.4069,46.41,46.40705,21,2
1626117090,46.405,46.405,46.405,46.405,46.405,1,1
1626117095,46.4,46.4,46.38,46.39,46.39548,30,16
1626117100,46.4,46.41,46.39,46.4,46.39921,27,13
1626117105,46.4,46.41,46.39,46.39,46.4015,22,15
1626117110,46.3901,46.4,46.3901,46.4,46.39621,10,4
1626117115,46.399,46.399,46.399,46.399,46.399,3,1
1626117120,46.39,46.39,46.3889,46.3889,46.38955,8,6
1626117125,46.39,46.3981,46.39,46.39,46.39126,26,15
1626117130,46.39,46.39,46.38,46.38,46.38386,7,5
1626117135,46.38,46.38,46.36,46.375,46.36681,73,23
1626117140,46.369,46.369,46.3607,46.3607,46.36153,10,2
1626117145,46.365,46.39,46.36,46.39,46.36852,69,14
1626117150,46.385,46.39,46.38,46.39,46.38799,59,31
1626117155,46.389,46.389,46.38,46.3802,46.38078,13,13
1626117160,46.389,46.389,46.389,46.389,46.389,5,1
1626117165,46.38,46.38,46.38,46.38,46.38,1,1
1626117170,46.3868,46.39,46.3868,46.39,46.3899,32,20
1626117175,46.39,46.3991,46.39,46.396,46.39404,25,6
1626117180,46.3999,46.3999,46.3901,46.3901,46.39669,19,4
1626117185,46.3901,46.3901,46.3901,46.3901,46.3901,0,0
1626117190,46.39,46.3915,46.39,46.3915,46.39036,29,21
1626117195,46.39,46.3989,46.39,46.3901,46.39105,26,5
1626117200,46.3987,46.4,46.38,46.39,46.39434,79,44
1626117205,46.3832,46.3832,46.38,46.3817,46.38081,7,4
1626117210,46.38,46.38,46.38,46.38,46.38,6,6
1626117215,46.39,46.3901,46.39,46.3901,46.39003,16,9
1626117220,46.39,46.39,46.3814,46.3814,46.38605,11,3
1626117225,46.39,46.3979,46.385,46.39,46.38933,25,12
1626117230,46.39,46.39,46.39,46.39,46.39,8,8
1626117235,46.385,46.385,46.385,46.385,46.385,3,1
1626117240,46.38,46.38,46.38,46.38,46.38,10,8
1626117245,46.3721,46.38,46.36,46.36,46.36836,37,23
1626117250,46.35,46.36,46.35,46.358,46.35197,50,23
1626117255,46.355,46.355,46.34,46.35,46.34653,37,23
1626117260,46.3586,46.3586,46.34,46.34,46.34908,12,8
1626117265,46.3301,46.35,46.3301,46.35,46.34345,47,17
1626117270,46.358,46.358,46.345,46.345,46.35515,10,4
1626117275,46.3454,46.3454,46.3454,46.3454,46.3454,3,1
1626117280,46.345,46.345,46.3402,46.3402,46.34072,10,3
1626117285,46.3421,46.36,46.3421,46.35,46.35206,42,35
1626117290,46.355,46.355,46.3501,46.355,46.35135,47,4
1626117295,46.355,46.355,46.355,46.355,46.355,1,1
1626117300,46.3501,46.3589,46.3501,46.3589,46.35453,23,4
1626117305,46.35,46.37,46.35,46.3657,46.35973,101,37
1626117310,46.37,46.38,46.37,46.375,46.37248,249,78
1626117315,46.3799,46.3799,46.37,46.375,46.37257,18,9
1626117320,46.37,46.37,46.3612,46.3612,46.36926,68,33
1626117325,46.37,46.37,46.37,46.37,46.37,3,1
1626117330,46.3611,46.365,46.3611,46.365,46.36435,6,2
1626117335,46.363,46.3698,46.3471,46.3507,46.35533,37,13
1626117340,46.355,46.36,46.3501,46.3501,46.35348,20,10
1626117345,46.358,46.358,46.3487,46.3487,46.35067,16,8
1626117350,46.3425,46.36,46.3425,46.35,46.35132,54,10
1626117355,46.35,46.35,46.3301,46.3301,46.34017,36,12
1626117360,46.3307,46.3394,46.3307,46.335,46.33546,54,6
1626117365,46.335,46.345,46.3301,46.345,46.33828,28,19
1626117370,46.34,46.34,46.335,46.34,46.33926,25,7
1626117375,46.3421,46.36,46.3421,46.36,46.35107,48,28
1626117380,46.36,46.37,46.3599,46.37,46.36439,45,22
1626117385,46.36,46.36,46.3401,46.3499,46.35371,16,15
1626117390,46.3506,46.37,46.3506,46.37,46.36302,43,6
1626117395,46.365,46.365,46.3521,46.3521,46.3607,3,2
1626117400,46.35,46.35,46.34,46.34,46.34302,3,2
1626117405,46.34,46.34,46.32,46.33,46.33044,166,44
1626117410,46.34,46.3512,46.335,46.3512,46.34092,11,11
1626117415,46.345,46.345,46.34,46.34,46.34027,18,8
1626117420,46.34,46.34,46.33,46.3381,46.33816,8,6
1626117425,46.33,46.33,46.33,46.33,46.33,1,1
1626117430,46.335,46.34,46.335,46.3399,46.33604,19,3
1626117435,46.3301,46.3399,46.3301,46.3399,46.335,2,2
1626117440,46.33,46.33,46.31,46.312,46.31989,46,21
1626117445,46.325,46.33,46.311,46.325,46.32162,63,24
1626117450,46.33,46.335,46.33,46.335,46.33136,21,15
1626117455,46.3334,46.335,46.32,46.325,46.33078,53,14
1626117460,46.32,46.3299,46.32,46.3299,46.32691,4,3
1626117465,46.32,46.32,46.32,46.32,46.32,12,10
1626117470,46.3153,46.32,46.3121,46.32,46.3158,3,3
1626117475,46.3114,46.32,46.3,46.302,46.30846,196,51
1626117480,46.3009,46.3009,46.29,46.29,46.29573,25,9
1626117485,46.294,46.295,46.29,46.2901,46.29253,24,13
1626117490,46.2892,46.3,46.2892,46.3,46.29436,49,27
1626117495,46.3,46.3029,46.3,46.3029,46.30134,10,5
1626117500,46.3,46.3,46.28,46.28,46.28479,17,6
1626117505,46.2879,46.2883,46.28,46.28,46.28414,34,22
1626117510,46.286,46.2899,46.27,46.2899,46.27926,53,21
1626117515,46.29,46.3,46.2878,46.2878,46.29315,24,19
1626117520,46.2812,46.2899,46.28,46.285,46.28469,29,17
1626117525,46.28,46.2802,46.28,46.2802,46.2801,2,2
1626117530,46.285,46.285,46.2709,46.28,46.27941,75,27
1626117535,46.2812,46.2812,46.255,46.2601,46.2641,77,45
1626117540,46.27,46.27,46.27,46.27,46.27,3,3
1626117545,46.2799,46.285,46.2799,46.281,46.28027,21,11
1626117550,46.28,46.28,46.2301,46.2301,46.2538,192,87
1626117555,46.23,46.258,46.23,46.255,46.24091,62,19
1626117560,46.25,46.27,46.25,46.27,46.25867,37,28
1626117565,46.2608,46.27,46.26,46.2682,46.26722,80,11
1626117570,46.265,46.2683,46.26,46.26,46.26175,31,14
1626117575,46.255,46.255,46.24,46.24,46.24459,90,30
1626117580,46.2301,46.245,46.23,46.24,46.23254,16,6
1626117585,46.24,46.24,46.23,46.24,46.23246,154,30
1626117590,46.24,46.25,46.24,46.25,46.24795,6,3
1626117595,46.245,46.26,46.245,46.2557,46.2516,62,12
1626117600,46.255,46.27,46.255,46.2699,46.26197,62,32
1626117605,46.2601,46.2688,46.25,46.2502,46.25963,36,16
1626117610,46.25,46.2599,46.25,46.2511,46.25364,15,9
1626117615,46.25,46.25,46.25,46.25,46.25,1,1
1626117620,46.25,46.25,46.24,46.2499,46.2473,4,3
1626117625,46.25,46.26,46.25,46.26,46.25811,27,13
1626117630,46.26,46.2788,46.26,46.2788,46.26909,69,35
1626117635,46.28,46.28,46.275,46.275,46.27806,25,4
1626117640,46.275,46.28,46.27,46.28,46.27947,28,20
1626117645,46.28,46.28,46.27,46.275,46.27828,20,15
1626117650,46.28,46.28,46.27,46.275,46.27661,9,8
1626117655,46.271,46.271,46.24,46.24,46.25507,79,22
1626117660,46.245,46.25,46.24,46.24,46.2425,75,40
1626117665,46.2407,46.248,46.2392,46.245,46.24041,30,13
1626117670,46.245,46.245,46.245,46.245,46.245,1,1
1626117675,46.245,46.247,46.245,46.247,46.24547,4,2
1626117680,46.245,46.245,46.23,46.241,46.23748,69,27
1626117685,46.245,46.245,46.245,46.245,46.245,1,1
1626117690,46.2401,46.245,46.24,46.24,46.2438,23,4
1626117695,46.245,46.255,46.241,46.255,46.24864,33,17
1626117700,46.26,46.26,46.255,46.2599,46.25977,26,3
1626117705,46.255,46.255,46.241,46.25,46.24759,16,11
1626117710,46.2499,46.2499,46.2484,46.2484,46.24878,4,2
1626117715,46.24,46.2453,46.24,46.245,46.24437,6,3
1626117720,46.25,46.269,46.25,46.2599,46.25945,32,23
1626117725,46.258,46.26,46.25,46.255,46.25511,4,4
1626117730,46.255,46.255,46.24,46.248,46.24651,33,22
1626117735,46.25,46.25,46.25,46.25,46.25,2,1
1626117740,46.25,46.25,46.25,46.25,46.25,1,1
1626117745,46.25,46.25,46.25,46.25,46.25,0,0
1626117750,46.25,46.25,46.25,46.25,46.25,0,0
1626117755,46.245,46.245,46.18,46.215,46.20707,666,246
1626117760,46.21,46.225,46.21,46.22,46.21717,51,35
1626117765,46.23,46.24,46.23,46.24,46.23612,30,18
1626117770,46.236,46.236,46.22,46.22,46.22941,14,8
1626117775,46.22,46.22,46.195,46.205,46.20403,86,49
1626117780,46.2001,46.22,46.2,46.21,46.20705,94,38
1626117785,46.22,46.23,46.215,46.215,46.22472,45,30
1626117790,46.21,46.21,46.205,46.2057,46.20889,17,7
1626117795,46.205,46.22,46.205,46.22,46.21112,86,41
1626117800,46.2212,46.23,46.22,46.23,46.22335,23,14
1626117805,46.225,46.23,46.214,46.214,46.21818,24,11
1626117810,46.21,46.21,46.2,46.2,46.20222,9,5
1626117815,46.2022,46.2022,46.2,46.2,46.20039,7,3
1626117820,46.2012,46.2079,46.201,46.205,46.2045,25,7
1626117825,46.21,46.23,46.21,46.229,46.22604,65,35
1626117830,46.2212,46.2212,46.21,46.215,46.21558,49,9
1626117835,46.22,46.22,46.215,46.2199,46.21969,38,8
1626117840,46.215,46.23,46.21,46.23,46.22185,36,22
1626117845,46.24,46.24,46.221,46.225,46.23246,37,23
1626117850,46.214,46.22,46.214,46.22,46.215,28,5
1626117855,46.22,46.23,46.22,46.23,46.22674,23,7
1626117860,46.23,46.2399,46.23,46.2314,46.23283,27,16
1626117865,46.2388,46.25,46.2388,46.2421,46.24503,57,29
1626117870,46.25,46.26,46.24,46.25,46.24816,120,45
1626117875,46.245,46.2467,46.245,46.245,46.24536,28,4
1626117880,46.25,46.26,46.23,46.23,46.24171,57,34
1626117885,46.22,46.22,46.215,46.215,46.21636,24,6
1626117890,46.22,46.22,46.2101,46.215,46.21649,8,4
1626117895,46.215,46.215,46.215,46.215,46.215,1,1
1626117900,46.21,46.23,46.2,46.22,46.21225,104,42
1626117905,46.22,46.2257,46.22,46.225,46.22332,50,25
1626117910,46.2219,46.23,46.215,46.22,46.22039,18,10
1626117915,46.225,46.225,46.225,46.225,46.225,1,1
1626117920,46.23,46.23,46.22,46.2227,46.22395,6,6
1626117925,46.221,46.2286,46.22,46.225,46.22133,29,5
1626117930,46.2201,46.23,46.2201,46.23,46.22398,18,3
1626117935,46.226,46.24,46.226,46.239,46.22959,29,12
1626117940,46.235,46.235,46.23,46.2336,46.23048,33,18
1626117945,46.225,46.25,46.225,46.2421,46.24057,58,34
1626117950,46.25,46.255,46.235,46.245,46.24557,89,38
1626117955,46.24,46.2499,46.23,46.245,46.24144,13,13
1626117960,46.245,46.245,46.23,46.2392,46.2378,28,22
1626117965,46.24,46.24,46.235,46.24,46.23889,9,8
1626117970,46.24,46.24,46.24,46.24,46.24,11,3
1626117975,46.24,46.24,46.23,46.23,46.23583,2,2
1626117980,46.235,46.235,46.225,46.2291,46.22675,22,6
1626117985,46.23,46.25,46.2295,46.24,46.23448,73,20
1626117990,46.24,46.24,46.225,46.225,46.22895,19,7
1626117995,46.2286,46.229,46.225,46.225,46.22744,9,5
1626118000,46.225,46.2299,46.2206,46.2206,46.22611,35,15
1626118005,46.23,46.24,46.2299,46.24,46.23344,36,27
1626118010,46.2308,46.2499,46.2308,46.249,46.24089,37,10
1626118015,46.24,46.2405,46.24,46.24,46.24014,11,11
1626118020,46.235,46.235,46.22,46.2287,46.22441,7,4
1626118025,46.225,46.225,46.22,46.22,46.22468,15,3
1626118030,46.22,46.22,46.2,46.205,46.20956,79,34
1626118035,46.205,46.22,46.205,46.2141,46.21179,41,21
1626118040,46.21,46.21,46.2,46.205,46.20382,39,9
1626118045,46.21,46.2191,46.21,46.21,46.21201,25,12
1626118050,46.22,46.225,46.22,46.225,46.221,5,5
1626118055,46.225,46.2299,46.2199,46.2199,46.22141,28,16
1626118060,46.22,46.22,46.22,46.22,46.22,5,5
1626118065,46.22,46.24,46.22,46.23,46.23168,41,22
1626118070,46.23,46.23,46.23,46.23,46.23,0,0
1626118075,46.23,46.23,46.23,46.23,46.23,0,0
1626118080,46.2313,46.2387,46.23,46.235,46.23319,13,8
1626118085,46.235,46.235,46.215,46.2261,46.22742,24,18
1626118090,46.23,46.23,46.23,46.23,46.23,2,1
1626118095,46.225,46.225,46.225,46.225,46.225,2,2
1626118100,46.23,46.25,46.23,46.235,46.23559,57,21
1626118105,46.24,46.2427,46.24,46.2407,46.24122,27,5
1626118110,46.25,46.26,46.245,46.26,46.25063,25,14
1626118115,46.2508,46.2508,46.24,46.245,46.24425,57,10
1626118120,46.2499,46.2499,46.245,46.245,46.2495,12,2
1626118125,46.2479,46.25,46.245,46.25,46.24956,16,14
1626118130,46.25,46.25,46.25,46.25,46.25,0,0
1626118135,46.255,46.255,46.23,46.2311,46.24061,35,31
1626118140,46.2399,46.2399,46.225,46.225,46.23432,15,6
1626118145,46.2218,46.235,46.22,46.22,46.2266,39,22
1626118150,46.225,46.225,46.2119,46.2119,46.21748,4,3
1626118155,46.22,46.2379,46.22,46.2379,46.22391,20,15
1626118160,46.23,46.24,46.23,46.24,46.23938,24,13
1626118165,46.2331,46.235,46.21,46.2101,46.21993,26,19
1626118170,46.215,46.23,46.215,46.2299,46.22223,20,16
1626118175,46.2243,46.2299,46.215,46.2299,46.22328,13,8
1626118180,46.2201,46.225,46.22,46.225,46.22134,16,7
1626118185,46.22,46.22,46.21,46.21,46.21525,22,17
1626118190,46.22,46.2243,46.22,46.2221,46.22146,59,13
1626118195,46.225,46.23,46.225,46.23,46.22976,21,7
1626118200,46.23,46.235,46.22,46.22,46.22515,35,15
1626118205,46.2311,46.24,46.2311,46.24,46.23735,33,15
1626118210,46.24,46.24,46.235,46.235,46.23722,3,3
1626118215,46.235,46.235,46.22,46.2285,46.22728,15,9
1626118220,46.225,46.225,46.225,46.225,46.225,1,1
1626118225,46.225,46.225,46.225,46.225,46.225,1,1
1626118230,46.2286,46.2286,46.2286,46.2286,46.2286,1,1
1626118235,46.22,46.225,46.2128,46.2191,46.21723,24,8
1626118240,46.21,46.218,46.21,46.2101,46.21332,14,7
1626118245,46.215,46.215,46.202,46.205,46.20951,47,20
1626118250,46.201,46.205,46.195,46.205,46.20002,162,63
1626118255,46.205,46.21,46.2,46.21,46.20593,37,24
1626118260,46.2187,46.2187,46.2101,46.2101,46.21138,55,4
1626118265,46.215,46.2161,46.215,46.2161,46.21598,9,2
1626118270,46.215,46.22,46.212,46.22,46.2184,19,12
1626118275,46.22,46.2207,46.22,46.22,46.22025,18,11
1626118280,46.225,46.24,46.22,46.24,46.23098,50,31
1626118285,46.235,46.24,46.23,46.2327,46.23873,57,9
1626118290,46.235,46.235,46.22,46.22,46.22439,14,12
1626118295,46.2291,46.23,46.2291,46.23,46.2297,4,4
1626118300,46.225,46.225,46.225,46.225,46.225,1,1
1626118305,46.23,46.24,46.23,46.23,46.23044,62,34
1626118310,46.2303,46.235,46.2303,46.235,46.23359,8,5
1626118315,46.23,46.24,46.23,46.2338,46.23648,7,5
1626118320,46.235,46.235,46.235,46.235,46.235,10,1
1626118325,46.2343,46.2343,46.234,46.234,46.23418,25,2
1626118330,46.2306,46.2306,46.22,46.2208,46.226,43,29
1626118335,46.22,46.23,46.22,46.23,46.2281,141,59
1626118340,46.235,46.235,46.235,46.235,46.235,1,1
1626118345,46.24,46.24,46.2343,46.2343,46.23607,5,2
1626118350,46.23,46.23,46.22,46.22,46.22125,12,3
1626118355,46.2273,46.2273,46.225,46.225,46.22692,12,3
1626118360,46.225,46.225,46.2,46.2101,46.21146,97,27
1626118365,46.21,46.215,46.21,46.215,46.211,5,2
1626118370,46.215,46.215,46.21,46.21,46.21096,21,17
1626118375,46.22,46.22,46.2,46.2,46.21026,122,17
1626118380,46.205,46.205,46.18,46.19,46.19629,37,19
1626118385,46.195,46.195,46.18,46.18,46.18685,42,20
1626118390,46.175,46.175,46.17,46.1702,46.17056,48,15
1626118395,46.18,46.1899,46.18,46.18,46.18081,50,35
1626118400,46.1801,46.1801,46.1721,46.1721,46.17695,35,14
1626118405,46.175,46.175,46.16,46.16,46.16479,69,28
1626118410,46.1601,46.17,46.16,46.16,46.16475,21,12
1626118415,46.17,46.1789,46.165,46.17,46.17199,74,40
1626118420,46.18,46.185,46.1782,46.185,46.17989,19,15
1626118425,46.183,46.19,46.183,46.19,46.18703,23,6
1626118430,46.19,46.22,46.19,46.215,46.21191,61,30
1626118435,46.215,46.22,46.207,46.22,46.21027,26,13
1626118440,46.215,46.22,46.21,46.215,46.21307,27,14
1626118445,46.22,46.22,46.21,46.21,46.2142,52,20
1626118450,46.2,46.21,46.2,46.2034,46.20562,27,7
1626118455,46.21,46.21,46.205,46.21,46.20986,50,17
1626118460,46.21,46.21,46.205,46.2092,46.2076,10,4
1626118465,46.206,46.207,46.2,46.2,46.20533,18,5
1626118470,46.2,46.2,46.2,46.2,46.2,13,6
1626118475,46.1921,46.195,46.19,46.195,46.19302,4,4
1626118480,46.1901,46.1901,46.175,46.18,46.18161,26,19
1626118485,46.185,46.185,46.18,46.185,46.18375,12,9
1626118490,46.19,46.21,46.19,46.205,46.19721,81,48
1626118495,46.2027,46.215,46.19,46.1999,46.20284,115,55
1626118500,46.1999,46.1999,46.19,46.19,46.19454,23,7
1626118505,46.1903,46.21,46.1903,46.2001,46.19566,83,25
1626118510,46.2052,46.21,46.2,46.2,46.20734,99,31
1626118515,46.205,46.215,46.19,46.19,46.20402,36,27
1626118520,46.196,46.1999,46.19,46.195,46.19772,22,6
1626118525,46.195,46.195,46.1801,46.19,46.18898,19,8
1626118530,46.18,46.1801,46.17,46.173,46.17262,53,27
1626118535,46.175,46.18,46.17,46.17,46.1711,120,24
1626118540,46.17,46.17,46.16,46.1606,46.16163,32,8
1626118545,46.1627,46.1689,46.16,46.165,46.16322,27,9
1626118550,46.1639,46.1639,46.16,46.16,46.16195,2,2
1626118555,46.1649,46.1679,46.1601,46.1679,46.16407,11,6
1626118560,46.17,46.18,46.17,46.1705,46.17395,76,39
1626118565,46.175,46.185,46.175,46.185,46.18055,60,27
1626118570,46.1899,46.1899,46.18,46.18,46.18824,32,9
1626118575,46.18,46.18,46.17,46.175,46.17207,39,22
1626118580,46.1701,46.18,46.1701,46.175,46.17779,10,10
1626118585,46.18,46.185,46.17,46.17,46.17444,10,6
1626118590,46.175,46.175,46.17,46.17,46.17268,17,11
1626118595,46.16,46.1617,46.16,46.1617,46.16049,3,3
1626118600,46.165,46.1679,46.165,46.1679,46.16645,2,2
1626118605,46.16,46.165,46.16,46.165,46.16425,11,5
1626118610,46.165,46.165,46.1609,46.1609,46.16127,11,2
1626118615,46.16,46.165,46.155,46.165,46.16,62,32
1626118620,46.16,46.17,46.16,46.1699,46.16866,37,8
1626118625,46.1699,46.1699,46.165,46.165,46.16663,3,3
1626118630,46.165,46.1655,46.16,46.16,46.16279,17,7
1626118635,46.17,46.17,46.155,46.155,46.16674,80,18
1626118640,46.1599,46.1599,46.14,46.15,46.14868,130,34
1626118645,46.1457,46.15,46.1428,46.1479,46.14492,16,5
1626118650,46.14,46.145,46.14,46.145,46.14228,36,22
1626118655,46.145,46.15,46.14,46.15,46.14282,148,69
1626118660,46.15,46.155,46.1401,46.145,46.14857,65,28
1626118665,46.145,46.15,46.14,46.15,46.14437,45,11
1626118670,46.15,46.16,46.15,46.16,46.15691,96,30
1626118675,46.165,46.1699,46.165,46.165,46.16745,12,3
1626118680,46.1618,46.1699,46.1618,46.1699,46.1667,11,6
1626118685,46.165,46.17,46.1501,46.155,46.15897,78,33
1626118690,46.15,46.155,46.15,46.155,46.15094,5,2
1626118695,46.15,46.155,46.14,46.15,46.14978,89,59
1626118700,46.15,46.165,46.15,46.165,46.15669,30,13
1626118705,46.165,46.165,46.165,46.165,46.165,0,0
1626118710,46.16,46.16,46.15,46.15,46.15587,19,11
1626118715,46.135,46.135,46.12,46.121,46.12659,74,35
1626118720,46.1249,46.1378,46.1249,46.13,46.13015,50,23
1626118725,46.135,46.15,46.13,46.145,46.14146,109,35
1626118730,46.1301,46.1399,46.1301,46.135,46.13366,37,3
1626118735,46.145,46.155,46.14,46.155,46.14687,15,11
1626118740,46.1501,46.1501,46.145,46.145,46.14956,11,8
1626118745,46.14,46.14,46.13,46.138,46.13613,29,9
1626118750,46.13,46.13,46.125,46.13,46.12955,33,20
1626118755,46.135,46.145,46.1311,46.1311,46.13789,44,20
1626118760,46.14,46.14,46.12,46.12,46.12549,75,28
1626118765,46.13,46.13,46.122,46.122,46.12931,13,3
1626118770,46.13,46.1399,46.13,46.13,46.13203,27,18
1626118775,46.13,46.14,46.13,46.14,46.13045,22,8
1626118780,46.14,46.14,46.14,46.14,46.14,16,4
1626118785,46.14,46.15,46.14,46.15,46.14072,27,22
1626118790,46.15,46.1501,46.14,46.14,46.1445,155,25
1626118795,46.14,46.14,46.13,46.14,46.13309,73,15
1626118800,46.14,46.15,46.13,46.1422,46.14173,49,25
1626118805,46.1401,46.145,46.14,46.145,46.14059,33,26
1626118810,46.145,46.145,46.14,46.14,46.14149,10,4
1626118815,46.145,46.15,46.14,46.14,46.14388,12,9
1626118820,46.1414,46.1458,46.135,46.1458,46.14002,49,22
1626118825,46.1478,46.1478,46.14,46.14,46.14029,26,16
1626118830,46.14,46.14,46.135,46.1398,46.13963,14,12
1626118835,46.13,46.13,46.13,46.13,46.13,1,1
1626118840,46.13,46.13,46.125,46.125,46.12939,24,6
1626118845,46.12,46.125,46.11,46.11,46.11842,86,38
1626118850,46.115,46.115,46.1,46.1,46.10365,75,41
1626118855,46.1089,46.11,46.1001,46.105,46.10632,31,8
1626118860,46.105,46.115,46.105,46.11,46.1075,63,23
1626118865,46.111,46.111,46.1,46.105,46.10607,64,29
1626118870,46.111,46.12,46.111,46.115,46.1134,47,5
1626118875,46.1199,46.1199,46.109,46.115,46.11128,37,26
1626118880,46.109,46.11,46.1039,46.105,46.10506,44,6
1626118885,46.1001,46.12,46.1,46.11,46.10607,22,13
1626118890,46.11,46.11,46.1,46.1094,46.10933,80,30
1626118895,46.105,46.1099,46.08,46.0899,46.09598,80,36
1626118900,46.0809,46.0811,46.07,46.0726,46.07468,36,8
1626118905,46.075,46.08,46.07,46.0754,46.07233,49,14
1626118910,46.0711,46.075,46.06,46.072,46.06598,141,65
1626118915,46.075,46.08,46.07,46.07,46.07188,54,30
1626118920,46.075,46.08,46.075,46.08,46.07663,21,6
1626118925,46.08,46.1,46.08,46.09,46.08964,111,37
1626118930,46.0978,46.1,46.0855,46.09,46.09436,26,13
1626118935,46.0911,46.105,46.08,46.08,46.09298,167,65
1626118940,46.085,46.095,46.085,46.09,46.09,14,12
1626118945,46.0887,46.1,46.0887,46.1,46.09601,22,11
1626118950,46.1,46.1,46.0901,46.095,46.0946,34,13
1626118955,46.095,46.0999,46.09,46.0999,46.09489,6,5
1626118960,46.1,46.105,46.09,46.0917,46.09887,25,23
1626118965,46.09,46.1,46.09,46.1,46.09733,14,7
1626118970,46.1,46.1005,46.09,46.1,46.09719,20,20
1626118975,46.1,46.105,46.09,46.105,46.09389,89,27
1626118980,46.11,46.11,46.0901,46.0915,46.10394,58,37
1626118985,46.1,46.1007,46.0994,46.1,46.10007,31,17
1626118990,46.1,46.1,46.09,46.095,46.09253,10,9
1626118995,46.095,46.095,46.082,46.095,46.0894,10,7
1626119000,46.095,46.095,46.08,46.09,46.08426,31,10
1626119005,46.085,46.085,46.085,46.085,46.085,1,1
1626119010,46.08,46.08,46.065,46.07,46.07053,31,12
1626119015,46.0614,46.09,46.0601,46.09,46.08164,99,68
1626119020,46.09,46.1,46.0812,46.1,46.08865,54,34
1626119025,46.1,46.1,46.085,46.09,46.09026,57,37
1626119030,46.095,46.1,46.08,46.08,46.08539,66,44
1626119035,46.075,46.09,46.075,46.09,46.08064,66,26
1626119040,46.085,46.1,46.08,46.0919,46.09048,34,14
1626119045,46.095,46.105,46.095,46.105,46.10016,59,25
1626119050,46.0931,46.105,46.0912,46.095,46.09563,25,11
1626119055,46.1,46.1,46.09,46.0905,46.09811,66,7
1626119060,46.095,46.095,46.085,46.09,46.08987,44,31
1626119065,46.095,46.1,46.085,46.085,46.09294,31,21
1626119070,46.08,46.08,46.0701,46.075,46.07507,32,17
1626119075,46.07,46.07,46.06,46.07,46.06527,32,10
1626119080,46.06,46.077,46.06,46.07,46.07054,60,33
1626119085,46.075,46.095,46.075,46.09,46.07931,75,21
1626119090,46.09,46.09,46.085,46.09,46.0889,67,26
1626119095,46.08,46.08,46.08,46.08,46.08,6,4
1626119100,46.075,46.08,46.0743,46.08,46.0789,105,35
1626119105,46.09,46.095,46.0847,46.0857,46.08876,56,19
1626119110,46.085,46.11,46.085,46.105,46.0954,88,27
1626119115,46.11,46.11,46.104,46.105,46.10502,73,7
1626119120,46.1083,46.1099,46.1021,46.105,46.10685,28,9
1626119125,46.1098,46.11,46.101,46.105,46.10677,49,8
1626119130,46.105,46.105,46.08,46.08,46.09237,80,33
1626119135,46.085,46.085,46.07,46.07,46.07573,22,12
1626119140,46.0714,46.0843,46.0701,46.0843,46.08018,78,18
1626119145,46.085,46.085,46.08,46.085,46.08397,7,5
1626119150,46.08,46.0884,46.0701,46.0884,46.08032,28,23
1626119155,46.09,46.1,46.09,46.09,46.09376,39,24
1626119160,46.1,46.11,46.1,46.11,46.10918,171,79
1626119165,46.11,46.14,46.11,46.1398,46.12781,98,32
1626119170,46.14,46.15,46.14,46.1402,46.14107,73,45
1626119175,46.144,46.15,46.131,46.135,46.14029,26,13
1626119180,46.135,46.135,46.11,46.12,46.12038,41,14
1626119185,46.1123,46.12,46.1123,46.115,46.11451,4,3
1626119190,46.11,46.115,46.11,46.11,46.11205,10,5
1626119195,46.11,46.12,46.11,46.117,46.11608,29,13
1626119200,46.1123,46.1123,46.1,46.11,46.10683,31,13
1626119205,46.105,46.105,46.1,46.105,46.10458,12,9
1626119210,46.105,46.105,46.09,46.09,46.09899,59,21
1626119215,46.1,46.1,46.0899,46.095,46.09167,73,29
1626119220,46.0887,46.0887,46.0886,46.0886,46.08865,2,2
1626119225,46.0899,46.09,46.08,46.09,46.08388,44,11
1626119230,46.085,46.085,46.085,46.085,46.085,5,3
1626119235,46.08,46.0888,46.08,46.0888,46.0834,8,4
1626119240,46.09,46.095,46.08,46.08,46.09157,57,32
1626119245,46.0801,46.09,46.0801,46.09,46.08755,21,13
1626119250,46.1,46.1,46.08,46.0899,46.08956,36,15
1626119255,46.09,46.0901,46.08,46.09,46.08954,42,29
1626119260,46.09,46.1,46.09,46.095,46.09099,28,10
1626119265,46.09,46.09,46.08,46.085,46.08519,26,6
1626119270,46.09,46.0999,46.085,46.085,46.0939,25,15
1626119275,46.08,46.095,46.08,46.09,46.08875,20,12
1626119280,46.09,46.0975,46.09,46.09,46.09188,4,4
1626119285,46.09,46.09,46.09,46.09,46.09,1,1
1626119290,46.09,46.09,46.09,46.09,46.09,2,2
1626119295,46.09,46.09,46.085,46.09,46.08956,38,20
1626119300,46.099,46.11,46.099,46.1031,46.10208,68,26
1626119305,46.1,46.1,46.095,46.095,46.099,10,9
1626119310,46.09,46.09,46.09,46.09,46.09,1,1
1626119315,46.1,46.11,46.1,46.1013,46.10386,29,15
1626119320,46.105,46.105,46.0901,46.095,46.09436,38,10
1626119325,46.095,46.1,46.095,46.1,46.09763,6,5
1626119330,46.0988,46.115,46.0988,46.115,46.10616,56,32
1626119335,46.105,46.11,46.1,46.11,46.1057,66,29
1626119340,46.11,46.11,46.1,46.1,46.10301,73,15
1626119345,46.11,46.12,46.11,46.12,46.11774,68,30
1626119350,46.12,46.13,46.12,46.1289,46.1264,51,19
1626119355,46.13,46.135,46.1222,46.135,46.12751,40,16
1626119360,46.135,46.145,46.13,46.135,46.13501,159,57
1626119365,46.135,46.145,46.13,46.1317,46.13465,80,37
1626119370,46.1383,46.1399,46.13,46.1302,46.13119,47,30
1626119375,46.137,46.145,46.137,46.14,46.13983,28,10
1626119380,46.145,46.15,46.1401,46.15,46.14807,10,9
1626119385,46.15,46.16,46.15,46.1511,46.15258,87,42
1626119390,46.15,46.16,46.14,46.14,46.15586,103,35
1626119395,46.14,46.14,46.13,46.14,46.13682,24,13
1626119400,46.16,46.18,46.155,46.1602,46.16912,71,42
1626119405,46.17,46.17,46.15,46.15,46.16015,34,12
1626119410,46.15,46.175,46.15,46.165,46.16137,59,38
1626119415,46.165,46.1653,46.143,46.15,46.15632,123,54
1626119420,46.155,46.17,46.155,46.16,46.16261,68,51
1626119425,46.1687,46.18,46.16,46.1701,46.16915,57,37
1626119430,46.17,46.18,46.17,46.17,46.17224,74,49
1626119435,46.175,46.18,46.16,46.17,46.17193,57,29
1626119440,46.1721,46.19,46.17,46.19,46.17776,110,45
1626119445,46.186,46.195,46.1801,46.19,46.18816,46,20
1626119450,46.19,46.195,46.1884,46.195,46.19062,30,12
1626119455,46.1985,46.2201,46.19,46.2201,46.20882,106,66
1626119460,46.22,46.22,46.205,46.208,46.21409,84,22
1626119465,46.2,46.218,46.195,46.21,46.20323,66,38
1626119470,46.215,46.215,46.192,46.192,46.20356,111,32
1626119475,46.195,46.21,46.19,46.21,46.19566,103,37
1626119480,46.21,46.22,46.21,46.21,46.21274,49,15
1626119485,46.22,46.225,46.21,46.2192,46.22046,51,22
1626119490,46.2191,46.22,46.21,46.215,46.21147,52,42
1626119495,46.22,46.2284,46.215,46.225,46.21922,53,21
1626119500,46.22,46.23,46.22,46.225,46.22782,80,30
1626119505,46.225,46.2392,46.2201,46.2392,46.2303,26,14
1626119510,46.235,46.269,46.235,46.261,46.2504,338,73
1626119515,46.26,46.2899,46.255,46.284,46.27153,146,89
1626119520,46.29,46.297,46.2899,46.2905,46.29052,101,41
1626119525,46.3,46.3,46.27,46.27,46.28583,111,44
1626119530,46.275,46.28,46.265,46.265,46.27778,46,25
1626119535,46.265,46.275,46.245,46.245,46.25377,99,42
1626119540,46.245,46.25,46.24,46.24,46.24164,60,17
1626119545,46.24,46.25,46.24,46.25,46.24819,53,9
1626119550,46.249,46.26,46.249,46.25,46.25098,28,18
1626119555,46.26,46.26,46.2557,46.2599,46.25986,45,13
1626119560,46.265,46.27,46.2601,46.2601,46.26547,6,6
1626119565,46.26,46.27,46.26,46.265,46.26232,53,34
1626119570,46.265,46.265,46.26,46.265,46.26406,23,7
1626119575,46.2643,46.2678,46.26,46.26,46.26155,53,30
1626119580,46.26,46.27,46.25,46.255,46.2602,81,52
1626119585,46.25,46.255,46.2401,46.245,46.24719,94,30
1626119590,46.2449,46.25,46.23,46.2379,46.24181,90,23
1626119595,46.24,46.245,46.24,46.24,46.24302,61,26
1626119600,46.245,46.245,46.235,46.235,46.23978,13,10
1626119605,46.238,46.238,46.23,46.23,46.23392,14,6
1626119610,46.24,46.24,46.22,46.22,46.22952,31,15
1626119615,46.2256,46.2283,46.22,46.22,46.22445,31,11
1626119620,46.22,46.24,46.22,46.24,46.22935,22,16
1626119625,46.24,46.255,46.235,46.24,46.24218,91,51
1626119630,46.24,46.2441,46.2301,46.24,46.23912,22,22
1626119635,46.235,46.25,46.23,46.23,46.24007,80,46
1626119640,46.24,46.2459,46.23,46.23,46.24258,19,9
1626119645,46.24,46.25,46.235,46.25,46.24158,67,34
1626119650,46.2494,46.25,46.245,46.245,46.24926,23,4
1626119655,46.24,46.25,46.235,46.25,46.23995,97,41
1626119660,46.2487,46.2487,46.2487,46.2487,46.2487,2,1
1626119665,46.24,46.245,46.24,46.24,46.2402,97,43
1626119670,46.24,46.25,46.23,46.235,46.23765,61,33
1626119675,46.23,46.23,46.225,46.225,46.22769,26,10
1626119680,46.22,46.2299,46.22,46.225,46.22128,70,42
1626119685,46.225,46.228,46.225,46.228,46.22522,18,4
1626119690,46.225,46.25,46.225,46.25,46.24192,82,38
1626119695,46.25,46.25,46.24,46.24,46.24422,36,6
1626119700,46.2452,46.258,46.24,46.258,46.24879,168,42
1626119705,46.255,46.27,46.255,46.2601,46.26266,135,33
1626119710,46.26,46.27,46.26,46.26,46.26448,67,16
1626119715,46.2622,46.27,46.26,46.268,46.26406,43,22
1626119720,46.265,46.265,46.26,46.2622,46.26225,12,3
1626119725,46.2611,46.28,46.26,46.27,46.26591,143,83
1626119730,46.26,46.27,46.26,46.2601,46.26717,27,13
1626119735,46.2675,46.27,46.26,46.26,46.26192,27,10
1626119740,46.26,46.2622,46.24,46.25,46.25641,84,48
1626119745,46.245,46.245,46.24,46.24,46.24312,39,12
1626119750,46.235,46.25,46.235,46.24,46.2377,47,17
1626119755,46.245,46.25,46.24,46.245,46.24362,19,15
1626119760,46.24,46.25,46.24,46.245,46.24307,70,28
1626119765,46.24,46.25,46.24,46.24,46.24093,113,43
1626119770,46.25,46.25,46.24,46.245,46.24688,16,10
1626119775,46.245,46.245,46.24,46.245,46.24444,9,7
1626119780,46.25,46.2799,46.245,46.27,46.26627,180,73
1626119785,46.2623,46.275,46.2623,46.275,46.26961,33,23
1626119790,46.275,46.31,46.275,46.3,46.29977,337,94
1626119795,46.295,46.3,46.29,46.298,46.2966,48,28
1626119800,46.29,46.3,46.29,46.295,46.29481,28,20
1626119805,46.298,46.298,46.28,46.285,46.28895,170,50
1626119810,46.29,46.31,46.29,46.31,46.29621,105,45
1626119815,46.3004,46.3099,46.3,46.3024,46.30247,37,19
1626119820,46.3,46.31,46.3,46.3001,46.30342,77,46
1626119825,46.305,46.3099,46.3,46.3,46.30376,18,15
1626119830,46.305,46.305,46.28,46.29,46.29128,112,40
1626119835,46.285,46.295,46.28,46.295,46.28983,59,31
1626119840,46.3,46.31,46.295,46.2999,46.30126,90,27
1626119845,46.292,46.3,46.29,46.3,46.29647,14,8
1626119850,46.29,46.3,46.29,46.3,46.29847,94,18
1626119855,46.29,46.3,46.29,46.295,46.29677,68,17
1626119860,46.3,46.3,46.29,46.2943,46.29889,72,11
1626119865,46.295,46.32,46.295,46.3148,46.3091,150,53
1626119870,46.3185,46.3185,46.31,46.31,46.31501,29,10
1626119875,46.31,46.315,46.3,46.3,46.30882,121,42
1626119880,46.3027,46.3027,46.29,46.3,46.2986,129,50
1626119885,46.3,46.3,46.29,46.29,46.29415,55,26
1626119890,46.295,46.3,46.29,46.29,46.29086,239,105
1626119895,46.295,46.299,46.29,46.29,46.29134,31,23
1626119900,46.29,46.3,46.285,46.29,46.29122,130,63
1626119905,46.29,46.3,46.29,46.2901,46.29126,25,16
1626119910,46.295,46.295,46.255,46.26,46.27364,430,130
1626119915,46.2689,46.27,46.256,46.256,46.26181,146,33
1626119920,46.26,46.27,46.25,46.2638,46.26022,178,104
1626119925,46.26,46.28,46.26,46.28,46.27338,175,111
1626119930,46.28,46.29,46.275,46.29,46.28358,75,49
1626119935,46.29,46.31,46.28,46.31,46.29912,570,194
1626119940,46.3,46.31,46.2975,46.2982,46.30259,226,94
1626119945,46.29,46.33,46.29,46.3,46.31397,589,158
1626119950,46.305,46.31,46.3,46.3,46.3014,132,48
1626119955,46.305,46.32,46.305,46.315,46.31231,116,78
1626119960,46.32,46.35,46.31,46.33,46.33027,432,139
1626119965,46.33,46.35,46.33,46.335,46.33862,161,74
1626119970,46.34,46.34,46.32,46.3201,46.32775,173,76
1626119975,46.33,46.34,46.32,46.3277,46.33054,182,72
1626119980,46.3239,46.3517,46.32,46.35,46.34355,633,130
1626119985,46.345,46.35,46.34,46.345,46.34759,247,109
1626119990,46.35,46.36,46.33,46.3422,46.34742,289,89
1626119995,46.35,46.36,46.33,46.33,46.3468,421,62
1626120000,46.2301,46.34,46.2301,46.34,46.33997,11732,3
1626120005,46.34,46.34,46.34,46.34,46.34,0,0
1626120010,46.34,46.34,46.34,46.34,46.34,0,0
1626120015,46.34,46.34,46.34,46.34,46.34,0,0
1626120020,46.34,46.34,46.34,46.34,46.34,0,0
1626120025,46.34,46.34,46.34,46.34,46.34,20,1
1626120030,46.37,46.37,46.37,46.37,46.37,4,1
1626120035,46.37,46.37,46.37,46.37,46.37,0,0
1626120040,46.37,46.37,46.37,46.37,46.37,0,0
1626120045,46.34,46.34,46.31,46.31,46.339,30,2
1626120050,46.34,46.34,46.34,46.34,46.34,25,1
1626120055,46.34,46.34,46.34,46.34,46.34,0,0
1626120060,46.34,46.34,46.34,46.34,46.34,0,0
1626120065,46.34,46.34,46.34,46.34,46.34,0,0
1626120070,46.31,46.31,46.31,46.31,46.31,2,1
1626120075,46.31,46.31,46.31,46.31,46.31,0,0
1626120080,46.31,46.31,46.31,46.31,46.31,0,0
1626120085,46.31,46.31,46.31,46.31,46.31,0,0
1626120090,46.32,46.32,46.32,46.32,46.32,5,1
1626120095,46.32,46.32,46.32,46.32,46.32,0,0
1626120100,46.32,46.32,46.32,46.32,46.32,1,1
1626120105,46.34,46.34,46.34,46.34,46.34,1,1
1626120110,46.34,46.34,46.34,46.34,46.34,0,0
1626120115,46.34,46.34,46.34,46.34,46.34,0,0
1626120120,46.34,46.34,46.34,46.34,46.34,0,0
1626120125,46.34,46.34,46.34,46.34,46.34,0,0
1626120130,46.34,46.34,46.34,46.34,46.34,0,0
1626120135,46.34,46.34,46.34,46.34,46.34,0,0
1626120140,46.34,46.34,46.34,46.34,46.34,0,0
1626120145,46.34,46.34,46.34,46.34,46.34,0,0
1626120150,46.34,46.34,46.34,46.34,46.34,0,0
1626120155,46.34,46.34,46.34,46.34,46.34,0,0
1626120160,46.34,46.34,46.34,46.34,46.34,0,0
1626120165,46.34,46.34,46.34,46.34,46.34,0,0
1626120170,46.305,46.305,46.305,46.305,46.305,1,1
1626120175,46.33,46.33,46.33,46.33,46.33,10,1
1626120180,46.33,46.33,46.33,46.33,46.33,0,0
1626120185,46.3,46.3,46.28,46.28,46.2882,3,2
1626120190,46.28,46.28,46.28,46.28,46.28,8,1
1626120195,46.28,46.28,46.28,46.28,46.28,1,1
1626120200,46.28,46.28,46.28,46.28,46.28,0,0
1626120205,46.28,46.28,46.28,46.28,46.28,0,0
1626120210,46.28,46.28,46.28,46.28,46.28,0,0
1626120215,46.28,46.28,46.28,46.28,46.28,0,0
1626120220,46.28,46.28,46.28,46.28,46.28,0,0
1626120225,46.3,46.3,46.3,46.3,46.3,5,1
1626120230,46.3,46.3,46.3,46.3,46.3,0,0
1626120235,46.3,46.3,46.3,46.3,46.3,0,0
1626120240,46.3,46.3,46.3,46.3,46.3,0,0
1626120245,46.28,46.28,46.28,46.28,46.28,2,2
1626120250,46.28,46.28,46.28,46.28,46.28,0,0
1626120255,46.28,46.28,46.28,46.28,46.28,7,2
1626120260,46.28,46.28,46.28,46.28,46.28,0,0
1626120265,46.3,46.3,46.3,46.3,46.3,6,2
1626120270,46.3,46.3,46.3,46.3,46.3,0,0
1626120275,46.28,46.28,46.28,46.28,46.28,1,1
1626120280,46.28,46.28,46.28,46.28,46.28,5,1
1626120285,46.28,46.28,46.28,46.28,46.28,0,0
1626120290,46.28,46.28,46.28,46.28,46.28,1,1
1626120295,46.28,46.28,46.28,46.28,46.28,0,0
1626120300,46.28,46.28,46.28,46.28,46.28,0,0
1626120305,46.28,46.28,46.28,46.28,46.28,0,0
1626120310,46.28,46.28,46.28,46.28,46.28,4,2
1626120315,46.29,46.29,46.29,46.29,46.29,2,1
1626120320,46.3,46.3,46.3,46.3,46.3,19,2
1626120325,46.29,46.29,46.28,46.28,46.2845,5,2
1626120330,46.28,46.28,46.28,46.28,46.28,0,0
1626120335,46.28,46.28,46.28,46.28,46.28,0,0
1626120340,46.28,46.28,46.28,46.28,46.28,6,1
1626120345,46.28,46.28,46.28,46.28,46.28,1,1
1626120350,46.28,46.28,46.28,46.28,46.28,0,0
1626120355,46.28,46.28,46.28,46.28,46.28,0,0
1626120360,46.28,46.28,46.28,46.28,46.28,0,0
1626120365,46.29,46.29,46.29,46.29,46.29,4,1
1626120370,46.29,46.29,46.29,46.29,46.29,0,0
1626120375,46.29,46.29,46.29,46.29,46.29,0,0
1626120380,46.29,46.3,46.29,46.3,46.29896,51,5
1626120385,46.3,46.3,46.3,46.3,46.3,0,0
1626120390,46.3,46.3,46.3,46.3,46.3,0,0
1626120395,46.3,46.3,46.3,46.3,46.3,0,0
1626120400,46.3,46.3,46.3,46.3,46.3,0,0
1626120405,46.3,46.3,46.3,46.3,46.3,0,0
1626120410,46.32,46.32,46.32,46.32,46.32,3,1
1626120415,46.32,46.32,46.32,46.32,46.32,0,0
1626120420,46.28,46.28,46.28,46.28,46.28,1,1
1626120425,46.28,46.28,46.28,46.28,46.28,0,0
1626120430,46.28,46.28,46.28,46.28,46.28,0,0
1626120435,46.28,46.28,46.28,46.28,46.28,0,0
1626120440,46.28,46.28,46.28,46.28,46.28,0,0
1626120445,46.28,46.28,46.28,46.28,46.28,0,0
1626120450,46.28,46.28,46.28,46.28,46.28,0,0
1626120455,46.28,46.28,46.28,46.28,46.28,0,0
1626120460,46.28,46.28,46.28,46.28,46.28,0,0
1626120465,46.28,46.28,46.28,46.28,46.28,0,0
1626120470,46.33,46.33,46.33,46.33,46.33,2,1
1626120475,46.33,46.33,46.33,46.33,46.33,0,0
1626120480,46.33,46.33,46.33,46.33,46.33,0,0
1626120485,46.33,46.33,46.33,46.33,46.33,0,0
1626120490,46.28,46.28,46.28,46.28,46.28,1,1
1626120495,46.28,46.28,46.28,46.28,46.28,0,0
1626120500,46.28,46.28,46.28,46.28,46.28,0,0
1626120505,46.28,46.28,46.28,46.28,46.28,0,0
1626120510,46.28,46.28,46.28,46.28,46.28,0,0
1626120515,46.28,46.28,46.28,46.28,46.28,0,0
1626120520,46.28,46.28,46.28,46.28,46.28,0,0
1626120525,46.28,46.28,46.28,46.28,46.28,0,0
1626120530,46.28,46.28,46.28,46.28,46.28,0,0
1626120535,46.28,46.28,46.28,46.28,46.28,1,1
1626120540,46.28,46.28,46.28,46.28,46.28,0,0
1626120545,46.28,46.28,46.28,46.28,46.28,0,0
1626120550,46.28,46.28,46.28,46.28,46.28,0,0
1626120555,46.32,46.32,46.32,46.32,46.32,1,1
1626120560,46.32,46.32,46.32,46.32,46.32,0,0
1626120565,46.32,46.32,46.32,46.32,46.32,0,0
1626120570,46.32,46.32,46.32,46.32,46.32,0,0
1626120575,46.32,46.32,46.32,46.32,46.32,0,0
1626120580,46.32,46.32,46.32,46.32,46.32,0,0
1626120585,46.32,46.32,46.32,46.32,46.32,0,0
1626120590,46.28,46.28,46.28,46.28,46.28,1,1
1626120595,46.28,46.28,46.28,46.28,46.28,0,0
1626120600,46.28,46.28,46.28,46.28,46.28,0,0
1626120605,46.28,46.28,46.28,46.28,46.28,0,0
1626120610,46.28,46.28,46.28,46.28,46.28,0,0
1626120615,46.28,46.28,46.28,46.28,46.28,0,0
1626120620,46.28,46.28,46.28,46.28,46.28,0,0
1626120625,46.28,46.28,46.28,46.28,46.28,0,0
1626120630,46.28,46.28,46.28,46.28,46.28,0,0
1626120635,46.29,46.29,46.29,46.29,46.29,2,1
1626120640,46.29,46.29,46.29,46.29,46.29,0,0
1626120645,46.29,46.29,46.29,46.29,46.29,0,0
1626120650,46.29,46.29,46.29,46.29,46.29,0,0
1626120655,46.29,46.29,46.29,46.29,46.29,0,0
1626120660,46.29,46.29,46.29,46.29,46.29,0,0
1626120665,46.29,46.29,46.29,46.29,46.29,0,0
1626120670,46.29,46.29,46.29,46.29,46.29,0,0
1626120675,46.29,46.29,46.29,46.29,46.29,1,1
1626120680,46.29,46.29,46.29,46.29,46.29,0,0
1626120685,46.29,46.29,46.29,46.29,46.29,19,2
1626120690,46.29,46.29,46.29,46.29,46.29,0,0
1626120695,46.28,46.28,46.28,46.28,46.28,5,2
1626120700,46.28,46.28,46.28,46.28,46.28,0,0
1626120705,46.29,46.29,46.29,46.29,46.29,1,1
1626120710,46.29,46.29,46.29,46.29,46.29,10,1
1626120715,46.29,46.29,46.29,46.29,46.29,0,0
1626120720,46.29,46.29,46.29,46.29,46.29,0,0
1626120725,46.29,46.29,46.29,46.29,46.29,0,0
1626120730,46.29,46.29,46.29,46.29,46.29,0,0
1626120735,46.28,46.28,46.28,46.28,46.28,1,1
1626120740,46.28,46.28,46.28,46.28,46.28,0,0
1626120745,46.25,46.25,46.25,46.25,46.25,6,2
1626120750,46.25,46.25,46.25,46.25,46.25,0,0
1626120755,46.25,46.25,46.25,46.25,46.25,0,0
1626120760,46.25,46.25,46.25,46.25,46.25,0,0
1626120765,46.25,46.25,46.25,46.25,46.25,0,0
1626120770,46.25,46.25,46.25,46.25,46.25,0,0
1626120775,46.29,46.29,46.29,46.29,46.29,7,1
1626120780,46.29,46.29,46.29,46.29,46.29,0,0
1626120785,46.29,46.29,46.29,46.29,46.29,0,0
1626120790,46.29,46.29,46.29,46.29,46.29,0,0
1626120795,46.29,46.29,46.29,46.29,46.29,0,0
1626120800,46.29,46.29,46.29,46.29,46.29,0,0
1626120805,46.29,46.29,46.29,46.29,46.29,0,0
1626120810,46.29,46.29,46.29,46.29,46.29,0,0
1626120815,46.29,46.29,46.29,46.29,46.29,0,0
1626120820,46.29,46.29,46.29,46.29,46.29,0,0
1626120825,46.29,46.29,46.29,46.29,46.29,0,0
1626120830,46.29,46.29,46.29,46.29,46.29,1,1
1626120835,46.29,46.29,46.29,46.29,46.29,0,0
1626120840,46.29,46.29,46.29,46.29,46.29,0,0
1626120845,46.29,46.29,46.29,46.29,46.29,0,0
1626120850,46.29,46.29,46.29,46.29,46.29,0,0
1626120855,46.25,46.25,46.25,46.25,46.25,1,1
1626120860,46.25,46.25,46.25,46.25,46.25,0,0
1626120865,46.25,46.25,46.25,46.25,46.25,0,0
1626120870,46.25,46.25,46.25,46.25,46.25,0,0
1626120875,46.25,46.25,46.25,46.25,46.25,0,0
1626120880,46.25,46.25,46.25,46.25,46.25,0,0
1626120885,46.29,46.29,46.2501,46.2501,46.27144,2,2
1626120890,46.2501,46.2501,46.2501,46.2501,46.2501,0,0
1626120895,46.2501,46.2501,46.2501,46.2501,46.2501,0,0
1626120900,46.2501,46.2501,46.2501,46.2501,46.2501,0,0
1626120905,46.2501,46.2501,46.2501,46.2501,46.2501,0,0
1626120910,46.2501,46.2501,46.2501,46.2501,46.2501,0,0
1626120915,46.2501,46.2501,46.2501,46.2501,46.2501,0,0
1626120920,46.2501,46.2501,46.2501,46.2501,46.2501,0,0
1626120925,46.2501,46.2501,46.2501,46.2501,46.2501,0,0
1626120930,46.2501,46.2501,46.2501,46.2501,46.2501,0,0
1626120935,46.2501,46.2501,46.2501,46.2501,46.2501,0,0
1626120940,46.2501,46.2501,46.2501,46.2501,46.2501,0,0
1626120945,46.2501,46.2501,46.2501,46.2501,46.2501,0,0
1626120950,46.2501,46.2501,46.2501,46.2501,46.2501,0,0
1626120955,46.2501,46.2501,46.2501,46.2501,46.2501,0,0
1626120960,46.2501,46.2501,46.2501,46.2501,46.2501,0,0
1626120965,46.2501,46.2501,46.2501,46.2501,46.2501,0,0
1626120970,46.2501,46.2501,46.2501,46.2501,46.2501,0,0
1626120975,46.2501,46.2501,46.2501,46.2501,46.2501,0,0
1626120980,46.2501,46.2501,46.2501,46.2501,46.2501,0,0
1626120985,46.2501,46.2501,46.2501,46.2501,46.2501,0,0
1626120990,46.2501,46.2501,46.2501,46.2501,46.2501,0,0
1626120995,46.2501,46.2501,46.2501,46.2501,46.2501,0,0
1626121000,46.25,46.25,46.25,46.25,46.25,2,1
1626121005,46.25,46.25,46.25,46.25,46.25,0,0
1626121010,46.25,46.25,46.25,46.25,46.25,0,0
1626121015,46.24,46.24,46.24,46.24,46.24,1,1
1626121020,46.24,46.25,46.24,46.25,46.2465,5,2
1626121025,46.25,46.25,46.25,46.25,46.25,0,0
1626121030,46.23,46.23,46.23,46.23,46.23,3,1
1626121035,46.25,46.25,46.25,46.25,46.25,1,1
1626121040,46.25,46.25,46.25,46.25,46.25,0,0
1626121045,46.25,46.25,46.25,46.25,46.25,0,0
1626121050,46.25,46.25,46.25,46.25,46.25,0,0
1626121055,46.25,46.25,46.25,46.25,46.25,0,0
1626121060,46.22,46.23,46.22,46.23,46.225,2,2
1626121065,46.23,46.23,46.23,46.23,46.23,0,0
1626121070,46.23,46.23,46.23,46.23,46.23,0,0
1626121075,46.23,46.23,46.23,46.23,46.23,0,0
1626121080,46.23,46.23,46.23,46.23,46.23,0,0
1626121085,46.23,46.23,46.23,46.23,46.23,0,0
1626121090,46.23,46.23,46.23,46.23,46.23,1,1
1626121095,46.21,46.21,46.21,46.21,46.21,1,1
1626121100,46.21,46.21,46.21,46.21,46.21,1,1
1626121105,46.21,46.21,46.21,46.21,46.21,0,0
1626121110,46.21,46.21,46.21,46.21,46.21,0,0
1626121115,46.2,46.21,46.2,46.21,46.20667,3,2
1626121120,46.21,46.21,46.21,46.21,46.21,0,0
1626121125,46.21,46.21,46.21,46.21,46.21,0,0
1626121130,46.21,46.21,46.21,46.21,46.21,0,0
1626121135,46.21,46.21,46.21,46.21,46.21,0,0
1626121140,46.21,46.21,46.21,46.21,46.21,0,0
1626121145,46.21,46.21,46.21,46.21,46.21,0,0
1626121150,46.21,46.21,46.21,46.21,46.21,0,0
1626121155,46.21,46.21,46.21,46.21,46.21,0,0
1626121160,46.21,46.21,46.21,46.21,46.21,0,0
1626121165,46.21,46.21,46.21,46.21,46.21,0,0
1626121170,46.21,46.21,46.21,46.21,46.21,0,0
1626121175,46.21,46.21,46.21,46.21,46.21,0,0
1626121180,46.25,46.25,46.25,46.25,46.25,1,1
1626121185,46.25,46.25,46.25,46.25,46.25,0,0
1626121190,46.25,46.25,46.25,46.25,46.25,0,0
1626121195,46.18,46.18,46.18,46.18,46.18,3,1
1626121200,46.17,46.17,46.17,46.17,46.17,1,1
1626121205,46.2,46.2,46.2,46.2,46.2,1,1
1626121210,46.2,46.2,46.2,46.2,46.2,0,0
1626121215,46.2,46.2,46.2,46.2,46.2,19,2
1626121220,46.2,46.2,46.2,46.2,46.2,0,0
1626121225,46.19,46.19,46.18,46.18,46.18672,20,4
1626121230,46.18,46.18,46.18,46.18,46.18,0,0
1626121235,46.18,46.18,46.18,46.18,46.18,29,1
1626121240,46.18,46.18,46.18,46.18,46.18,0,0
1626121245,46.18,46.18,46.18,46.18,46.18,0,0
1626121250,46.18,46.18,46.18,46.18,46.18,0,0
1626121255,46.18,46.18,46.18,46.18,46.18,0,0
1626121260,46.18,46.18,46.18,46.18,46.18,0,0
1626121265,46.18,46.18,46.18,46.18,46.18,0,0
1626121270,46.18,46.18,46.18,46.18,46.18,0,0
1626121275,46.18,46.18,46.18,46.18,46.18,0,0
1626121280,46.18,46.18,46.18,46.18,46.18,0,0
1626121285,46.18,46.18,46.18,46.18,46.18,0,0
1626121290,46.18,46.18,46.18,46.18,46.18,0,0
1626121295,46.18,46.18,46.18,46.18,46.18,0,0
1626121300,46.18,46.18,46.18,46.18,46.18,0,0
1626121305,46.14,46.17,46.14,46.17,46.158,2,2
1626121310,46.17,46.17,46.17,46.17,46.17,0,0
1626121315,46.17,46.17,46.17,46.17,46.17,0,0
1626121320,46.17,46.17,46.17,46.17,46.17,0,0
1626121325,46.17,46.17,46.17,46.17,46.17,0,0
1626121330,46.17,46.17,46.17,46.17,46.17,0,0
1626121335,46.17,46.17,46.17,46.17,46.17,0,0
1626121340,46.17,46.17,46.17,46.17,46.17,4,1
1626121345,46.17,46.17,46.17,46.17,46.17,0,0
1626121350,46.17,46.17,46.17,46.17,46.17,0,0
1626121355,46.17,46.17,46.17,46.17,46.17,0,0
1626121360,46.17,46.17,46.17,46.17,46.17,2,1
1626121365,46.17,46.17,46.17,46.17,46.17,0,0
1626121370,46.17,46.17,46.17,46.17,46.17,0,0
1626121375,46.17,46.17,46.17,46.17,46.17,0,0
1626121380,46.17,46.17,46.17,46.17,46.17,0,0
1626121385,46.17,46.17,46.17,46.17,46.17,0,0
1626121390,46.17,46.17,46.17,46.17,46.17,1,1
1626121395,46.18,46.18,46.18,46.18,46.18,42,1
1626121400,46.18,46.18,46.18,46.18,46.18,0,0
1626121405,46.19,46.19,46.19,46.19,46.19,1,1
1626121410,46.19,46.19,46.19,46.19,46.19,0,0
1626121415,46.19,46.19,46.19,46.19,46.19,0,0
1626121420,46.19,46.19,46.19,46.19,46.19,0,0
1626121425,46.19,46.19,46.19,46.19,46.19,0,0
1626121430,46.19,46.19,46.19,46.19,46.19,0,0
1626121435,46.19,46.19,46.19,46.19,46.19,0,0
1626121440,46.19,46.19,46.19,46.19,46.19,0,0
1626121445,46.19,46.19,46.19,46.19,46.19,0,0
1626121450,46.18,46.18,46.18,46.18,46.18,1,1
1626121455,46.18,46.18,46.18,46.18,46.18,0,0
1626121460,46.18,46.18,46.18,46.18,46.18,0,0
1626121465,46.18,46.18,46.18,46.18,46.18,0,0
1626121470,46.18,46.18,46.18,46.18,46.18,1,1
1626121475,46.18,46.18,46.18,46.18,46.18,0,0
1626121480,46.18,46.18,46.18,46.18,46.18,0,0
1626121485,46.18,46.18,46.18,46.18,46.18,0,0
1626121490,46.19,46.19,46.19,46.19,46.19,2,2
1626121495,46.19,46.19,46.19,46.19,46.19,0,0
1626121500,46.19,46.19,46.19,46.19,46.19,0,0
1626121505,46.19,46.19,46.19,46.19,46.19,0,0
1626121510,46.19,46.19,46.19,46.19,46.19,0,0
1626121515,46.19,46.19,46.19,46.19,46.19,0,0
1626121520,46.19,46.19,46.19,46.19,46.19,0,0
1626121525,46.19,46.19,46.19,46.19,46.19,0,0
1626121530,46.19,46.19,46.19,46.19,46.19,0,0
1626121535,46.19,46.19,46.19,46.19,46.19,2,1
1626121540,46.19,46.19,46.19,46.19,46.19,0,0
1626121545,46.19,46.19,46.19,46.19,46.19,0,0
1626121550,46.19,46.19,46.19,46.19,46.19,0,0
1626121555,46.19,46.19,46.19,46.19,46.19,0,0
1626121560,46.19,46.19,46.19,46.19,46.19,0,0
1626121565,46.21,46.23,46.21,46.23,46.22008,5,2
1626121570,46.23,46.23,46.23,46.23,46.23,0,0
1626121575,46.23,46.23,46.23,46.23,46.23,1,1
1626121580,46.23,46.23,46.23,46.23,46.23,0,0
1626121585,46.23,46.23,46.23,46.23,46.23,0,0
1626121590,46.23,46.23,46.23,46.23,46.23,0,0
1626121595,46.23,46.23,46.23,46.23,46.23,0,0
1626121600,46.23,46.23,46.23,46.23,46.23,0,0
1626121605,46.23,46.23,46.23,46.23,46.23,0,0
1626121610,46.23,46.23,46.23,46.23,46.23,0,0
1626121615,46.24,46.25,46.24,46.25,46.24574,2,2
1626121620,46.25,46.25,46.25,46.25,46.25,0,0
1626121625,46.25,46.25,46.25,46.25,46.25,0,0
1626121630,46.25,46.25,46.25,46.25,46.25,0,0
1626121635,46.25,46.25,46.25,46.25,46.25,0,0
1626121640,46.25,46.25,46.25,46.25,46.25,0,0
1626121645,46.25,46.25,46.25,46.25,46.25,0,0
1626121650,46.25,46.25,46.25,46.25,46.25,0,0
1626121655,46.25,46.25,46.25,46.25,46.25,0,0
1626121660,46.26,46.26,46.26,46.26,46.26,1,1
1626121665,46.26,46.26,46.26,46.26,46.26,0,0
1626121670,46.26,46.26,46.26,46.26,46.26,0,0
1626121675,46.26,46.26,46.26,46.26,46.26,0,0
1626121680,46.26,46.26,46.26,46.26,46.26,0,0
1626121685,46.26,46.26,46.26,46.26,46.26,0,0
1626121690,46.26,46.26,46.26,46.26,46.26,0,0
1626121695,46.26,46.26,46.26,46.26,46.26,0,0
1626121700,46.26,46.26,46.26,46.26,46.26,1,1
1626121705,46.26,46.26,46.26,46.26,46.26,0,0
1626121710,46.26,46.26,46.26,46.26,46.26,0,0
1626121715,46.26,46.26,46.26,46.26,46.26,0,0
1626121720,46.24,46.24,46.24,46.24,46.24,6,1
1626121725,46.24,46.24,46.24,46.24,46.24,0,0
1626121730,46.24,46.24,46.24,46.24,46.24,0,0
1626121735,46.24,46.24,46.24,46.24,46.24,0,0
1626121740,46.24,46.24,46.24,46.24,46.24,0,0
1626121745,46.24,46.24,46.24,46.24,46.24,0,0
1626121750,46.24,46.24,46.24,46.24,46.24,0,0
1626121755,46.24,46.24,46.24,46.24,46.24,13,3
1626121760,46.25,46.25,46.25,46.25,46.25,2,1
1626121765,46.25,46.25,46.25,46.25,46.25,0,0
1626121770,46.25,46.25,46.25,46.25,46.25,0,0
1626121775,46.25,46.25,46.25,46.25,46.25,0,0
1626121780,46.25,46.25,46.25,46.25,46.25,0,0
1626121785,46.25,46.25,46.25,46.25,46.25,0,0
1626121790,46.25,46.25,46.25,46.25,46.25,0,0
1626121795,46.25,46.25,46.25,46.25,46.25,0,0
1626121800,46.25,46.25,46.25,46.25,46.25,0,0
1626121805,46.23,46.23,46.23,46.23,46.23,1,1
1626121810,46.23,46.23,46.23,46.23,46.23,0,0
1626121815,46.25,46.25,46.25,46.25,46.25,4,1
1626121820,46.25,46.25,46.25,46.25,46.25,0,0
1626121825,46.25,46.25,46.25,46.25,46.25,0,0
1626121830,46.25,46.25,46.25,46.25,46.25,10,3
1626121835,46.24,46.24,46.24,46.24,46.24,5,1
1626121840,46.24,46.24,46.24,46.24,46.24,0,0
1626121845,46.24,46.24,46.24,46.24,46.24,0,0
1626121850,46.27,46.27,46.27,46.27,46.27,1,1
1626121855,46.27,46.27,46.27,46.27,46.27,7,2
1626121860,46.25,46.25,46.25,46.25,46.25,10,1
1626121865,46.25,46.25,46.25,46.25,46.25,0,0
1626121870,46.25,46.25,46.25,46.25,46.25,0,0
1626121875,46.25,46.25,46.25,46.25,46.25,0,0
1626121880,46.25,46.25,46.25,46.25,46.25,0,0
1626121885,46.25,46.25,46.25,46.25,46.25,0,0
1626121890,46.25,46.25,46.25,46.25,46.25,0,0
1626121895,46.25,46.25,46.25,46.25,46.25,0,0
1626121900,46.25,46.25,46.25,46.25,46.25,0,0
1626121905,46.25,46.25,46.25,46.25,46.25,0,0
1626121910,46.25,46.25,46.25,46.25,46.25,5,1
1626121915,46.25,46.25,46.25,46.25,46.25,0,0
1626121920,46.25,46.25,46.25,46.25,46.25,1,1
1626121925,46.25,46.25,46.25,46.25,46.25,0,0
1626121930,46.25,46.25,46.25,46.25,46.25,5,3
1626121935,46.25,46.25,46.25,46.25,46.25,0,0
1626121940,46.25,46.25,46.25,46.25,46.25,0,0
1626121945,46.25,46.25,46.25,46.25,46.25,0,0
1626121950,46.25,46.25,46.25,46.25,46.25,1,1
1626121955,46.25,46.25,46.25,46.25,46.25,0,0
1626121960,46.27,46.27,46.27,46.27,46.27,1,1
1626121965,46.27,46.27,46.27,46.27,46.27,0,0
1626121970,46.27,46.27,46.27,46.27,46.27,0,0
1626121975,46.27,46.27,46.27,46.27,46.27,1,1
1626121980,46.27,46.27,46.27,46.27,46.27,0,0
1626121985,46.27,46.27,46.27,46.27,46.27,10,1
1626121990,46.27,46.27,46.27,46.27,46.27,1,1
1626121995,46.27,46.27,46.27,46.27,46.27,0,0
1626122000,46.27,46.27,46.27,46.27,46.27,1,1
1626122005,46.27,46.27,46.27,46.27,46.27,0,0
1626122010,46.27,46.27,46.27,46.27,46.27,0,0
1626122015,46.27,46.27,46.27,46.27,46.27,0,0
1626122020,46.27,46.27,46.27,46.27,46.27,0,0
1626122025,46.27,46.27,46.27,46.27,46.27,0,0
1626122030,46.27,46.27,46.27,46.27,46.27,0,0
1626122035,46.27,46.27,46.27,46.27,46.27,0,0
1626122040,46.27,46.27,46.27,46.27,46.27,0,0
1626122045,46.27,46.27,46.27,46.27,46.27,0,0
1626122050,46.27,46.27,46.27,46.27,46.27,0,0
1626122055,46.27,46.27,46.27,46.27,46.27,0,0
1626122060,46.27,46.27,46.27,46.27,46.27,6,1
1626122065,46.27,46.27,46.27,46.27,46.27,0,0
1626122070,46.27,46.27,46.27,46.27,46.27,0,0
1626122075,46.27,46.27,46.27,46.27,46.27,0,0
1626122080,46.27,46.27,46.27,46.27,46.27,0,0
1626122085,46.27,46.27,46.27,46.27,46.27,0,0
1626122090,46.27,46.27,46.27,46.27,46.27,0,0
1626122095,46.27,46.27,46.27,46.27,46.27,0,0
1626122100,46.27,46.27,46.25,46.25,46.265,4,2
1626122105,46.25,46.25,46.25,46.25,46.25,0,0
1626122110,46.27,46.27,46.27,46.27,46.27,5,1
1626122115,46.27,46.27,46.27,46.27,46.27,0,0
1626122120,46.27,46.27,46.27,46.27,46.27,0,0
1626122125,46.27,46.27,46.27,46.27,46.27,0,0
1626122130,46.27,46.27,46.27,46.27,46.27,0,0
1626122135,46.27,46.27,46.27,46.27,46.27,0,0
1626122140,46.27,46.27,46.27,46.27,46.27,0,0
1626122145,46.27,46.27,46.27,46.27,46.27,0,0
1626122150,46.27,46.27,46.27,46.27,46.27,0,0
1626122155,46.27,46.27,46.27,46.27,46.27,0,0
1626122160,46.27,46.27,46.27,46.27,46.27,0,0
1626122165,46.27,46.27,46.27,46.27,46.27,0,0
1626122170,46.27,46.27,46.27,46.27,46.27,0,0
1626122175,46.27,46.27,46.27,46.27,46.27,0,0
1626122180,46.27,46.27,46.27,46.27,46.27,0,0
1626122185,46.27,46.27,46.27,46.27,46.27,0,0
1626122190,46.27,46.27,46.27,46.27,46.27,0,0
1626122195,46.27,46.27,46.27,46.27,46.27,0,0
1626122200,46.27,46.27,46.27,46.27,46.27,0,0
1626122205,46.27,46.27,46.27,46.27,46.27,0,0
1626122210,46.27,46.27,46.27,46.27,46.27,0,0
1626122215,46.27,46.27,46.27,46.27,46.27,0,0
1626122220,46.25,46.25,46.25,46.25,46.25,1,1
1626122225,46.25,46.25,46.25,46.25,46.25,1,1
1626122230,46.25,46.25,46.25,46.25,46.25,0,0
1626122235,46.25,46.25,46.25,46.25,46.25,0,0
1626122240,46.25,46.25,46.25,46.25,46.25,0,0
1626122245,46.25,46.25,46.25,46.25,46.25,0,0
1626122250,46.25,46.25,46.25,46.25,46.25,0,0
1626122255,46.25,46.25,46.25,46.25,46.25,0,0
1626122260,46.25,46.25,46.25,46.25,46.25,6,1
1626122265,46.25,46.25,46.25,46.25,46.25,0,0
1626122270,46.25,46.25,46.25,46.25,46.25,0,0
1626122275,46.25,46.25,46.25,46.25,46.25,0,0
1626122280,46.25,46.25,46.25,46.25,46.25,0,0
1626122285,46.25,46.25,46.25,46.25,46.25,1,1
1626122290,46.25,46.25,46.25,46.25,46.25,2,1
1626122295,46.25,46.25,46.25,46.25,46.25,0,0
1626122300,46.25,46.25,46.25,46.25,46.25,0,0
1626122305,46.25,46.25,46.25,46.25,46.25,0,0
1626122310,46.25,46.25,46.25,46.25,46.25,0,0
1626122315,46.25,46.25,46.25,46.25,46.25,0,0
1626122320,46.25,46.25,46.25,46.25,46.25,0,0
1626122325,46.25,46.25,46.25,46.25,46.25,0,0
1626122330,46.25,46.25,46.25,46.25,46.25,0,0
1626122335,46.25,46.25,46.25,46.25,46.25,0,0
1626122340,46.22,46.22,46.22,46.22,46.22,1,1
1626122345,46.22,46.22,46.22,46.22,46.22,0,0
1626122350,46.22,46.22,46.22,46.22,46.22,0,0
1626122355,46.19,46.19,46.19,46.19,46.19,1,1
1626122360,46.19,46.19,46.19,46.19,46.19,0,0
1626122365,46.19,46.19,46.19,46.19,46.19,0,0
1626122370,46.19,46.19,46.19,46.19,46.19,0,0
1626122375,46.19,46.19,46.19,46.19,46.19,0,0
1626122380,46.19,46.19,46.19,46.19,46.19,0,0
1626122385,46.19,46.19,46.19,46.19,46.19,0,0
1626122390,46.19,46.19,46.19,46.19,46.19,0,0
1626122395,46.19,46.19,46.19,46.19,46.19,0,0
1626122400,46.19,46.19,46.19,46.19,46.19,0,0
1626122405,46.19,46.19,46.19,46.19,46.19,0,0
1626122410,46.19,46.19,46.19,46.19,46.19,0,0
1626122415,46.19,46.19,46.19,46.19,46.19,0,0
1626122420,46.19,46.19,46.19,46.19,46.19,0,0
1626122425,46.19,46.19,46.19,46.19,46.19,0,0
1626122430,46.19,46.19,46.19,46.19,46.19,0,0
1626122435,46.19,46.19,46.19,46.19,46.19,0,0
1626122440,46.19,46.19,46.19,46.19,46.19,0,0
1626122445,46.19,46.19,46.19,46.19,46.19,0,0
1626122450,46.19,46.19,46.19,46.19,46.19,0,0
1626122455,46.19,46.19,46.19,46.19,46.19,0,0
1626122460,46.19,46.19,46.19,46.19,46.19,0,0
1626122465,46.19,46.19,46.19,46.19,46.19,0,0
1626122470,46.19,46.19,46.19,46.19,46.19,0,0
1626122475,46.19,46.19,46.19,46.19,46.19,0,0
1626122480,46.19,46.19,46.19,46.19,46.19,0,0
1626122485,46.19,46.19,46.19,46.19,46.19,0,0
1626122490,46.19,46.19,46.19,46.19,46.19,0,0
1626122495,46.19,46.19,46.19,46.19,46.19,0,0
1626122500,46.19,46.19,46.19,46.19,46.19,0,0
1626122505,46.19,46.19,46.19,46.19,46.19,0,0
1626122510,46.19,46.19,46.19,46.19,46.19,0,0
1626122515,46.19,46.19,46.19,46.19,46.19,0,0
1626122520,46.19,46.19,46.19,46.19,46.19,0,0
1626122525,46.24,46.24,46.24,46.24,46.24,1,1
1626122530,46.24,46.24,46.24,46.24,46.24,0,0
1626122535,46.24,46.24,46.24,46.24,46.24,0,0
1626122540,46.24,46.24,46.24,46.24,46.24,0,0
1626122545,46.25,46.25,46.25,46.25,46.25,3,2
1626122550,46.25,46.25,46.25,46.25,46.25,1,1
1626122555,46.25,46.25,46.25,46.25,46.25,0,0
1626122560,46.26,46.26,46.26,46.26,46.26,10,1
1626122565,46.26,46.26,46.26,46.26,46.26,0,0
1626122570,46.26,46.26,46.26,46.26,46.26,0,0
1626122575,46.26,46.26,46.26,46.26,46.26,0,0
1626122580,46.26,46.26,46.26,46.26,46.26,0,0
1626122585,46.26,46.26,46.26,46.26,46.26,0,0
1626122590,46.26,46.26,46.26,46.26,46.26,0,0
1626122595,46.26,46.26,46.26,46.26,46.26,0,0
1626122600,46.26,46.26,46.26,46.26,46.26,2,1
1626122605,46.26,46.26,46.26,46.26,46.26,0,0
1626122610,46.26,46.26,46.26,46.26,46.26,0,0
1626122615,46.26,46.26,46.26,46.26,46.26,0,0
1626122620,46.26,46.26,46.26,46.26,46.26,0,0
1626122625,46.26,46.26,46.26,46.26,46.26,0,0
1626122630,46.26,46.26,46.26,46.26,46.26,0,0
1626122635,46.26,46.26,46.26,46.26,46.26,0,0
1626122640,46.26,46.26,46.26,46.26,46.26,0,0
1626122645,46.26,46.26,46.26,46.26,46.26,0,0
1626122650,46.26,46.26,46.26,46.26,46.26,0,0
1626122655,46.26,46.26,46.26,46.26,46.26,0,0
1626122660,46.26,46.26,46.26,46.26,46.26,0,0
1626122665,46.26,46.26,46.26,46.26,46.26,0,0
1626122670,46.27,46.27,46.27,46.27,46.27,5,1
1626122675,46.27,46.27,46.27,46.27,46.27,0,0
1626122680,46.27,46.27,46.27,46.27,46.27,0,0
1626122685,46.27,46.27,46.27,46.27,46.27,0,0
1626122690,46.27,46.27,46.27,46.27,46.27,0,0
1626122695,46.27,46.27,46.27,46.27,46.27,0,0
1626122700,46.27,46.27,46.27,46.27,46.27,1,1
1626122705,46.27,46.27,46.26,46.26,46.26815,5,2
1626122710,46.26,46.26,46.26,46.26,46.26,0,0
1626122715,46.26,46.26,46.26,46.26,46.26,0,0
1626122720,46.26,46.26,46.26,46.26,46.26,0,0
1626122725,46.26,46.26,46.26,46.26,46.26,0,0
1626122730,46.26,46.26,46.26,46.26,46.26,0,0
1626122735,46.26,46.26,46.26,46.26,46.26,0,0
1626122740,46.26,46.26,46.26,46.26,46.26,0,0
1626122745,46.27,46.27,46.27,46.27,46.27,5,2
1626122750,46.27,46.27,46.27,46.27,46.27,0,0
1626122755,46.27,46.27,46.27,46.27,46.27,0,0
1626122760,46.27,46.27,46.27,46.27,46.27,0,0
1626122765,46.27,46.27,46.27,46.27,46.27,0,0
1626122770,46.27,46.27,46.27,46.27,46.27,0,0
1626122775,46.27,46.27,46.27,46.27,46.27,0,0
1626122780,46.29,46.29,46.29,46.29,46.29,5,1
1626122785,46.29,46.29,46.29,46.29,46.29,0,0
1626122790,46.29,46.29,46.29,46.29,46.29,0,0
1626122795,46.27,46.27,46.27,46.27,46.27,1,1
1626122800,46.27,46.27,46.27,46.27,46.27,0,0
1626122805,46.27,46.27,46.27,46.27,46.27,0,0
1626122810,46.27,46.27,46.27,46.27,46.27,0,0
1626122815,46.27,46.27,46.27,46.27,46.27,0,0
1626122820,46.29,46.29,46.29,46.29,46.29,10,1
1626122825,46.29,46.29,46.29,46.29,46.29,0,0
1626122830,46.29,46.29,46.29,46.29,46.29,0,0
1626122835,46.29,46.29,46.29,46.29,46.29,0,0
1626122840,46.29,46.29,46.29,46.29,46.29,0,0
1626122845,46.29,46.29,46.29,46.29,46.29,0,0
1626122850,46.29,46.29,46.29,46.29,46.29,0,0
1626122855,46.29,46.29,46.29,46.29,46.29,0,0
1626122860,46.29,46.29,46.29,46.29,46.29,0,0
1626122865,46.29,46.29,46.29,46.29,46.29,0,0
1626122870,46.29,46.29,46.29,46.29,46.29,0,0
1626122875,46.29,46.29,46.29,46.29,46.29,0,0
1626122880,46.29,46.29,46.29,46.29,46.29,0,0
1626122885,46.29,46.29,46.29,46.29,46.29,24,3
1626122890,46.29,46.29,46.29,46.29,46.29,0,0
1626122895,46.29,46.29,46.29,46.29,46.29,0,0
1626122900,46.29,46.29,46.29,46.29,46.29,0,0
1626122905,46.29,46.29,46.29,46.29,46.29,0,0
1626122910,46.29,46.29,46.29,46.29,46.29,0,0
1626122915,46.29,46.29,46.29,46.29,46.29,0,0
1626122920,46.29,46.29,46.29,46.29,46.29,0,0
1626122925,46.29,46.29,46.29,46.29,46.29,0,0
1626122930,46.29,46.29,46.29,46.29,46.29,0,0
1626122935,46.29,46.29,46.29,46.29,46.29,0,0
1626122940,46.29,46.29,46.29,46.29,46.29,0,0
1626122945,46.29,46.29,46.29,46.29,46.29,0,0
1626122950,46.32,46.32,46.32,46.32,46.32,1,1
1626122955,46.32,46.32,46.32,46.32,46.32,0,0
1626122960,46.32,46.32,46.32,46.32,46.32,0,0
1626122965,46.32,46.32,46.32,46.32,46.32,0,0
1626122970,46.32,46.32,46.32,46.32,46.32,0,0
1626122975,46.32,46.32,46.32,46.32,46.32,3,1
1626122980,46.32,46.32,46.32,46.32,46.32,0,0
1626122985,46.32,46.32,46.32,46.32,46.32,0,0
1626122990,46.32,46.32,46.32,46.32,46.32,0,0
1626122995,46.32,46.32,46.32,46.32,46.32,0,0
1626123000,46.32,46.32,46.32,46.32,46.32,0,0
1626123005,46.32,46.32,46.32,46.32,46.32,0,0
1626123010,46.32,46.32,46.32,46.32,46.32,0,0
1626123015,46.32,46.32,46.32,46.32,46.32,0,0
1626123020,46.32,46.32,46.32,46.32,46.32,0,0
1626123025,46.29,46.29,46.29,46.29,46.29,1,1
1626123030,46.29,46.29,46.29,46.29,46.29,0,0
1626123035,46.29,46.29,46.29,46.29,46.29,0,0
1626123040,46.3,46.3,46.3,46.3,46.3,1,1
1626123045,46.3,46.3,46.3,46.3,46.3,0,0
1626123050,46.3,46.3,46.3,46.3,46.3,0,0
1626123055,46.3,46.3,46.3,46.3,46.3,0,0
1626123060,46.3,46.3,46.3,46.3,46.3,1,1
1626123065,46.3,46.3,46.3,46.3,46.3,0,0
1626123070,46.3,46.3,46.3,46.3,46.3,2,1
1626123075,46.3,46.3,46.3,46.3,46.3,0,0
1626123080,46.3,46.3,46.3,46.3,46.3,0,0
1626123085,46.3,46.3,46.3,46.3,46.3,0,0
1626123090,46.3,46.3,46.3,46.3,46.3,0,0
1626123095,46.3,46.3,46.3,46.3,46.3,0,0
1626123100,46.29,46.29,46.29,46.29,46.29,1,1
1626123105,46.29,46.29,46.29,46.29,46.29,0,0
1626123110,46.29,46.29,46.29,46.29,46.29,0,0
1626123115,46.29,46.29,46.29,46.29,46.29,0,0
1626123120,46.29,46.29,46.29,46.29,46.29,0,0
1626123125,46.29,46.29,46.29,46.29,46.29,0,0
1626123130,46.29,46.29,46.29,46.29,46.29,0,0
1626123135,46.29,46.29,46.29,46.29,46.29,0,0
1626123140,46.29,46.29,46.29,46.29,46.29,0,0
1626123145,46.29,46.29,46.29,46.29,46.29,0,0
1626123150,46.29,46.29,46.29,46.29,46.29,0,0
1626123155,46.29,46.29,46.29,46.29,46.29,0,0
1626123160,46.29,46.29,46.29,46.29,46.29,0,0
1626123165,46.29,46.29,46.29,46.29,46.29,0,0
1626123170,46.29,46.29,46.29,46.29,46.29,0,0
1626123175,46.29,46.29,46.29,46.29,46.29,0,0
1626123180,46.29,46.29,46.29,46.29,46.29,0,0
1626123185,46.29,46.29,46.29,46.29,46.29,0,0
1626123190,46.29,46.29,46.29,46.29,46.29,0,0
1626123195,46.29,46.29,46.29,46.29,46.29,0,0
1626123200,46.29,46.29,46.29,46.29,46.29,0,0
1626123205,46.29,46.29,46.29,46.29,46.29,0,0
1626123210,46.29,46.29,46.29,46.29,46.29,0,0
1626123215,46.29,46.29,46.29,46.29,46.29,0,0
1626123220,46.29,46.29,46.29,46.29,46.29,0,0
1626123225,46.29,46.29,46.29,46.29,46.29,0,0
1626123230,46.27,46.27,46.27,46.27,46.27,1,1
1626123235,46.27,46.27,46.27,46.27,46.27,0,0
1626123240,46.27,46.27,46.27,46.27,46.27,0,0
1626123245,46.27,46.27,46.27,46.27,46.27,0,0
1626123250,46.27,46.27,46.27,46.27,46.27,0,0
1626123255,46.3,46.3,46.3,46.3,46.3,1,1
1626123260,46.3,46.3,46.3,46.3,46.3,0,0
1626123265,46.3,46.3,46.3,46.3,46.3,0,0
1626123270,46.3,46.3,46.3,46.3,46.3,0,0
1626123275,46.3,46.3,46.3,46.3,46.3,0,0
1626123280,46.26,46.26,46.25,46.25,46.25732,12,6
1626123285,46.25,46.25,46.25,46.25,46.25,0,0
1626123290,46.25,46.25,46.25,46.25,46.25,0,0
1626123295,46.25,46.25,46.25,46.25,46.25,0,0
1626123300,46.25,46.25,46.25,46.25,46.25,0,0
1626123305,46.25,46.25,46.25,46.25,46.25,0,0
1626123310,46.25,46.25,46.25,46.25,46.25,0,0
1626123315,46.25,46.25,46.25,46.25,46.25,0,0
1626123320,46.25,46.25,46.25,46.25,46.25,0,0
1626123325,46.25,46.25,46.25,46.25,46.25,0,0
1626123330,46.25,46.25,46.25,46.25,46.25,0,0
1626123335,46.25,46.25,46.25,46.25,46.25,0,0
1626123340,46.25,46.25,46.25,46.25,46.25,0,0
1626123345,46.25,46.25,46.25,46.25,46.25,0,0
1626123350,46.25,46.25,46.25,46.25,46.25,0,0
1626123355,46.25,46.25,46.25,46.25,46.25,0,0
1626123360,46.25,46.25,46.25,46.25,46.25,0,0
1626123365,46.25,46.25,46.25,46.25,46.25,0,0
1626123370,46.25,46.25,46.25,46.25,46.25,0,0
1626123375,46.25,46.25,46.25,46.25,46.25,0,0
1626123380,46.25,46.25,46.25,46.25,46.25,0,0
1626123385,46.25,46.25,46.25,46.25,46.25,0,0
1626123390,46.25,46.25,46.25,46.25,46.25,0,0
1626123395,46.25,46.25,46.25,46.25,46.25,0,0
1626123400,46.25,46.25,46.25,46.25,46.25,0,0
1626123405,46.25,46.25,46.25,46.25,46.25,0,0
1626123410,46.25,46.25,46.25,46.25,46.25,0,0
1626123415,46.25,46.25,46.25,46.25,46.25,0,0
1626123420,46.25,46.25,46.25,46.25,46.25,0,0
1626123425,46.25,46.25,46.25,46.25,46.25,0,0
1626123430,46.25,46.25,46.25,46.25,46.25,0,0
1626123435,46.25,46.25,46.25,46.25,46.25,0,0
1626123440,46.25,46.25,46.25,46.25,46.25,0,0
1626123445,46.25,46.25,46.25,46.25,46.25,0,0
1626123450,46.25,46.25,46.25,46.25,46.25,0,0
1626123455,46.26,46.26,46.26,46.26,46.26,1,1
1626123460,46.26,46.26,46.25,46.25,46.25568,3,3
1626123465,46.25,46.25,46.25,46.25,46.25,0,0
1626123470,46.25,46.25,46.25,46.25,46.25,0,0
1626123475,46.25,46.25,46.25,46.25,46.25,1,1
1626123480,46.25,46.25,46.25,46.25,46.25,0,0
1626123485,46.25,46.25,46.25,46.25,46.25,0,0
1626123490,46.25,46.25,46.25,46.25,46.25,1,1
1626123495,46.25,46.25,46.25,46.25,46.25,0,0
1626123500,46.25,46.25,46.25,46.25,46.25,0,0
1626123505,46.25,46.25,46.25,46.25,46.25,0,0
1626123510,46.25,46.25,46.25,46.25,46.25,0,0
1626123515,46.3,46.3,46.3,46.3,46.3,1,1
1626123520,46.3,46.3,46.3,46.3,46.3,0,0
1626123525,46.3,46.3,46.3,46.3,46.3,0,0
1626123530,46.3,46.3,46.3,46.3,46.3,0,0
1626123535,46.3,46.3,46.3,46.3,46.3,0,0
1626123540,46.3,46.3,46.3,46.3,46.3,0,0
1626123545,46.3,46.3,46.3,46.3,46.3,0,0
1626123550,46.3,46.3,46.3,46.3,46.3,0,0
1626123555,46.3,46.3,46.3,46.3,46.3,0,0
1626123560,46.3,46.3,46.3,46.3,46.3,0,0
1626123565,46.3,46.3,46.3,46.3,46.3,0,0
1626123570,46.25,46.25,46.25,46.25,46.25,2,1
1626123575,46.25,46.25,46.25,46.25,46.25,0,0
1626123580,46.25,46.25,46.25,46.25,46.25,0,0
1626123585,46.25,46.25,46.25,46.25,46.25,0,0
1626123590,46.25,46.25,46.25,46.25,46.25,0,0
1626123595,46.3,46.3,46.3,46.3,46.3,2,2
1626123600,46.3,46.3,46.3,46.3,46.3,0,0
1626123605,46.3,46.3,46.3,46.3,46.3,0,0
1626123610,46.3,46.3,46.3,46.3,46.3,0,0
1626123615,46.3,46.3,46.3,46.3,46.3,0,0
1626123620,46.3,46.3,46.3,46.3,46.3,0,0
1626123625,46.3,46.3,46.3,46.3,46.3,0,0
1626123630,46.3,46.3,46.3,46.3,46.3,0,0
1626123635,46.29,46.29,46.29,46.29,46.29,1,1
1626123640,46.29,46.29,46.29,46.29,46.29,0,0
1626123645,46.3,46.3,46.3,46.3,46.3,1,1
1626123650,46.3,46.3,46.3,46.3,46.3,0,0
1626123655,46.27,46.27,46.27,46.27,46.27,2,1
1626123660,46.27,46.27,46.27,46.27,46.27,0,0
1626123665,46.27,46.27,46.27,46.27,46.27,0,0
1626123670,46.27,46.27,46.27,46.27,46.27,0,0
1626123675,46.27,46.27,46.27,46.27,46.27,0,0
1626123680,46.27,46.27,46.27,46.27,46.27,0,0
1626123685,46.27,46.27,46.27,46.27,46.27,0,0
1626123690,46.27,46.27,46.27,46.27,46.27,0,0
1626123695,46.27,46.27,46.27,46.27,46.27,0,0
1626123700,46.27,46.27,46.27,46.27,46.27,0,0
1626123705,46.27,46.27,46.27,46.27,46.27,0,0
1626123710,46.27,46.27,46.27,46.27,46.27,0,0
1626123715,46.27,46.27,46.27,46.27,46.27,0,0
1626123720,46.27,46.27,46.27,46.27,46.27,0,0
1626123725,46.27,46.27,46.27,46.27,46.27,0,0
1626123730,46.27,46.27,46.27,46.27,46.27,0,0
1626123735,46.27,46.27,46.27,46.27,46.27,0,0
1626123740,46.27,46.27,46.27,46.27,46.27,0,0
1626123745,46.27,46.27,46.27,46.27,46.27,0,0
1626123750,46.27,46.27,46.27,46.27,46.27,0,0
1626123755,46.27,46.27,46.27,46.27,46.27,0,0
1626123760,46.27,46.27,46.27,46.27,46.27,0,0
1626123765,46.27,46.27,46.27,46.27,46.27,0,0
1626123770,46.27,46.27,46.27,46.27,46.27,0,0
1626123775,46.27,46.27,46.27,46.27,46.27,0,0
1626123780,46.27,46.27,46.27,46.27,46.27,0,0
1626123785,46.27,46.27,46.27,46.27,46.27,0,0
1626123790,46.27,46.27,46.27,46.27,46.27,0,0
1626123795,46.27,46.27,46.27,46.27,46.27,0,0
1626123800,46.27,46.27,46.27,46.27,46.27,0,0
1626123805,46.27,46.27,46.27,46.27,46.27,0,0
1626123810,46.27,46.27,46.27,46.27,46.27,0,0
1626123815,46.27,46.27,46.27,46.27,46.27,0,0
1626123820,46.27,46.27,46.27,46.27,46.27,0,0
1626123825,46.27,46.27,46.27,46.27,46.27,0,0
1626123830,46.27,46.27,46.27,46.27,46.27,0,0
1626123835,46.27,46.27,46.27,46.27,46.27,0,0
1626123840,46.27,46.27,46.27,46.27,46.27,0,0
1626123845,46.27,46.27,46.27,46.27,46.27,0,0
1626123850,46.3,46.3,46.3,46.3,46.3,20,1
1626123855,46.3,46.3,46.3,46.3,46.3,0,0
1626123860,46.3,46.3,46.3,46.3,46.3,0,0
1626123865,46.3,46.3,46.3,46.3,46.3,0,0
1626123870,46.3,46.3,46.3,46.3,46.3,0,0
1626123875,46.3,46.3,46.3,46.3,46.3,0,0
1626123880,46.3,46.3,46.3,46.3,46.3,0,0
1626123885,46.3,46.3,46.3,46.3,46.3,0,0
1626123890,46.3,46.3,46.3,46.3,46.3,0,0
1626123895,46.3,46.3,46.3,46.3,46.3,0,0
1626123900,46.3,46.3,46.3,46.3,46.3,0,0
1626123905,46.3,46.3,46.3,46.3,46.3,0,0
1626123910,46.3,46.3,46.3,46.3,46.3,0,0
1626123915,46.3,46.3,46.3,46.3,46.3,0,0
1626123920,46.3,46.3,46.3,46.3,46.3,0,0
1626123925,46.3,46.3,46.3,46.3,46.3,0,0
1626123930,46.29,46.29,46.29,46.29,46.29,1,1
1626123935,46.29,46.29,46.29,46.29,46.29,0,0
1626123940,46.29,46.29,46.29,46.29,46.29,0,0
1626123945,46.29,46.29,46.29,46.29,46.29,0,0
1626123950,46.29,46.29,46.29,46.29,46.29,0,0
1626123955,46.29,46.29,46.29,46.29,46.29,0,0
1626123960,46.29,46.29,46.29,46.29,46.29,0,0
1626123965,46.29,46.29,46.29,46.29,46.29,0,0
1626123970,46.29,46.29,46.29,46.29,46.29,0,0
1626123975,46.29,46.29,46.29,46.29,46.29,0,0
1626123980,46.29,46.29,46.29,46.29,46.29,0,0
1626123985,46.29,46.29,46.29,46.29,46.29,0,0
1626123990,46.29,46.29,46.29,46.29,46.29,14,1
1626123995,46.29,46.29,46.29,46.29,46.29,0,0
1626124000,46.29,46.29,46.29,46.29,46.29,0,0
1626124005,46.25,46.25,46.25,46.25,46.25,2,1
1626124010,46.25,46.25,46.25,46.25,46.25,0,0
1626124015,46.25,46.25,46.25,46.25,46.25,0,0
1626124020,46.25,46.25,46.25,46.25,46.25,0,0
1626124025,46.25,46.25,46.25,46.25,46.25,0,0
1626124030,46.28,46.28,46.28,46.28,46.28,2,1
1626124035,46.28,46.28,46.28,46.28,46.28,0,0
1626124040,46.28,46.28,46.28,46.28,46.28,0,0
1626124045,46.28,46.28,46.28,46.28,46.28,0,0
1626124050,46.28,46.28,46.28,46.28,46.28,0,0
1626124055,46.28,46.28,46.28,46.28,46.28,0,0
1626124060,46.28,46.28,46.28,46.28,46.28,0,0
1626124065,46.28,46.28,46.28,46.28,46.28,0,0
1626124070,46.28,46.28,46.28,46.28,46.28,0,0
1626124075,46.28,46.28,46.28,46.28,46.28,0,0
1626124080,46.28,46.28,46.28,46.28,46.28,0,0
1626124085,46.28,46.28,46.28,46.28,46.28,0,0
1626124090,46.28,46.28,46.28,46.28,46.28,0,0
1626124095,46.29,46.29,46.29,46.29,46.29,3,1
1626124100,46.29,46.29,46.29,46.29,46.29,0,0
1626124105,46.29,46.29,46.29,46.29,46.29,0,0
1626124110,46.29,46.29,46.29,46.29,46.29,0,0
1626124115,46.29,46.29,46.29,46.29,46.29,0,0
1626124120,46.29,46.29,46.29,46.29,46.29,0,0
1626124125,46.29,46.29,46.29,46.29,46.29,0,0
1626124130,46.29,46.3,46.29,46.3,46.2973,11,10
1626124135,46.3,46.3,46.3,46.3,46.3,0,0
1626124140,46.3,46.3,46.3,46.3,46.3,0,0
1626124145,46.29,46.29,46.29,46.29,46.29,3,1
1626124150,46.29,46.29,46.29,46.29,46.29,0,0
1626124155,46.29,46.29,46.29,46.29,46.29,0,0
1626124160,46.29,46.29,46.29,46.29,46.29,0,0
1626124165,46.29,46.29,46.29,46.29,46.29,0,0
1626124170,46.3,46.3,46.3,46.3,46.3,2,2
1626124175,46.3,46.3,46.3,46.3,46.3,0,0
1626124180,46.3,46.3,46.3,46.3,46.3,0,0
1626124185,46.3,46.3,46.3,46.3,46.3,0,0
1626124190,46.3,46.3,46.3,46.3,46.3,0,0
1626124195,46.3,46.3,46.3,46.3,46.3,0,0
1626124200,46.3,46.3,46.3,46.3,46.3,0,0
1626124205,46.3,46.3,46.3,46.3,46.3,0,0
1626124210,46.3,46.3,46.3,46.3,46.3,0,0
1626124215,46.3,46.3,46.3,46.3,46.3,3,3
1626124220,46.2901,46.2901,46.2901,46.2901,46.2901,1,1
1626124225,46.2901,46.2901,46.2901,46.2901,46.2901,0,0
1626124230,46.2901,46.2901,46.2901,46.2901,46.2901,0,0
1626124235,46.2901,46.2901,46.2901,46.2901,46.2901,0,0
1626124240,46.2901,46.2901,46.2901,46.2901,46.2901,0,0
1626124245,46.2901,46.2901,46.2901,46.2901,46.2901,0,0
1626124250,46.2901,46.2901,46.2901,46.2901,46.2901,0,0
1626124255,46.2901,46.2901,46.2901,46.2901,46.2901,0,0
1626124260,46.2901,46.2901,46.2901,46.2901,46.2901,0,0
1626124265,46.2901,46.2901,46.2901,46.2901,46.2901,0,0
1626124270,46.2901,46.2901,46.2901,46.2901,46.2901,0,0
1626124275,46.2901,46.2901,46.2901,46.2901,46.2901,0,0
1626124280,46.2901,46.2901,46.2901,46.2901,46.2901,0,0
1626124285,46.2901,46.2901,46.2901,46.2901,46.2901,0,0
1626124290,46.3,46.3,46.3,46.3,46.3,2,2
1626124295,46.3,46.3,46.3,46.3,46.3,0,0
1626124300,46.3,46.3,46.3,46.3,46.3,0,0
1626124305,46.3,46.3,46.3,46.3,46.3,0,0
1626124310,46.3,46.3,46.3,46.3,46.3,0,0
1626124315,46.3,46.3,46.3,46.3,46.3,0,0
1626124320,46.3,46.3,46.3,46.3,46.3,0,0
1626124325,46.3,46.3,46.3,46.3,46.3,0,0
1626124330,46.3,46.3,46.3,46.3,46.3,0,0
1626124335,46.3,46.3,46.3,46.3,46.3,0,0
1626124340,46.3,46.3,46.3,46.3,46.3,0,0
1626124345,46.2999,46.2999,46.2999,46.2999,46.2999,1,1
1626124350,46.29,46.29,46.29,46.29,46.29,1,1
1626124355,46.29,46.29,46.29,46.29,46.29,0,0
1626124360,46.29,46.29,46.29,46.29,46.29,0,0
1626124365,46.29,46.29,46.29,46.29,46.29,0,0
1626124370,46.29,46.29,46.29,46.29,46.29,0,0
1626124375,46.29,46.29,46.29,46.29,46.29,0,0
1626124380,46.29,46.29,46.29,46.29,46.29,0,0
1626124385,46.29,46.29,46.29,46.29,46.29,0,0
1626124390,46.29,46.29,46.29,46.29,46.29,0,0
1626124395,46.29,46.29,46.29,46.29,46.29,0,0
1626124400,46.29,46.29,46.29,46.29,46.29,0,0
1626124405,46.29,46.29,46.29,46.29,46.29,0,0
1626124410,46.3,46.3,46.3,46.3,46.3,1,1
1626124415,46.3,46.3,46.3,46.3,46.3,0,0
1626124420,46.3,46.3,46.3,46.3,46.3,0,0
1626124425,46.3,46.3,46.3,46.3,46.3,0,0
1626124430,46.3,46.3,46.3,46.3,46.3,0,0
1626124435,46.3,46.3,46.3,46.3,46.3,0,0
1626124440,46.3,46.3,46.3,46.3,46.3,0,0
1626124445,46.3,46.3,46.3,46.3,46.3,4,1
1626124450,46.3,46.3,46.3,46.3,46.3,0,0
1626124455,46.3,46.3,46.3,46.3,46.3,0,0
1626124460,46.3,46.3,46.3,46.3,46.3,0,0
1626124465,46.3,46.3,46.3,46.3,46.3,0,0
1626124470,46.3,46.3,46.3,46.3,46.3,0,0
1626124475,46.3,46.3,46.3,46.3,46.3,0,0
1626124480,46.3,46.3,46.3,46.3,46.3,0,0
1626124485,46.3,46.3,46.3,46.3,46.3,0,0
1626124490,46.3,46.3,46.3,46.3,46.3,0,0
1626124495,46.29,46.29,46.29,46.29,46.29,1,1
1626124500,46.29,46.29,46.29,46.29,46.29,0,0
1626124505,46.29,46.29,46.29,46.29,46.29,0,0
1626124510,46.29,46.29,46.29,46.29,46.29,0,0
1626124515,46.29,46.29,46.29,46.29,46.29,0,0
1626124520,46.29,46.29,46.29,46.29,46.29,0,0
1626124525,46.29,46.29,46.29,46.29,46.29,0,0
1626124530,46.29,46.29,46.29,46.29,46.29,0,0
1626124535,46.29,46.29,46.29,46.29,46.29,0,0
1626124540,46.29,46.29,46.29,46.29,46.29,0,0
1626124545,46.29,46.29,46.29,46.29,46.29,0,0
1626124550,46.29,46.29,46.29,46.29,46.29,0,0
1626124555,46.29,46.29,46.29,46.29,46.29,0,0
1626124560,46.29,46.29,46.29,46.29,46.29,0,0
1626124565,46.29,46.29,46.29,46.29,46.29,0,0
1626124570,46.29,46.29,46.29,46.29,46.29,0,0
1626124575,46.29,46.29,46.29,46.29,46.29,5,1
1626124580,46.29,46.29,46.29,46.29,46.29,0,0
1626124585,46.3,46.3,46.3,46.3,46.3,2,1
1626124590,46.3,46.3,46.3,46.3,46.3,0,0
1626124595,46.3,46.3,46.3,46.3,46.3,0,0
1626124600,46.3,46.3,46.3,46.3,46.3,0,0
1626124605,46.3,46.3,46.3,46.3,46.3,0,0
1626124610,46.3,46.3,46.3,46.3,46.3,0,0
1626124615,46.3,46.3,46.3,46.3,46.3,0,0
1626124620,46.3,46.3,46.3,46.3,46.3,0,0
1626124625,46.3,46.3,46.3,46.3,46.3,0,0
1626124630,46.3,46.3,46.3,46.3,46.3,0,0
1626124635,46.29,46.3,46.29,46.3,46.29899,9,7
1626124640,46.3,46.3,46.3,46.3,46.3,0,0
1626124645,46.3,46.3,46.3,46.3,46.3,0,0
1626124650,46.3,46.3,46.3,46.3,46.3,2,2
1626124655,46.3,46.3,46.3,46.3,46.3,0,0
1626124660,46.28,46.28,46.28,46.28,46.28,1,1
1626124665,46.28,46.28,46.28,46.28,46.28,0,0
1626124670,46.28,46.28,46.28,46.28,46.28,0,0
1626124675,46.3,46.3,46.3,46.3,46.3,4,2
1626124680,46.3,46.3,46.3,46.3,46.3,0,0
1626124685,46.3,46.3,46.3,46.3,46.3,0,0
1626124690,46.3,46.3,46.3,46.3,46.3,0,0
1626124695,46.25,46.25,46.25,46.25,46.25,1,1
1626124700,46.25,46.25,46.25,46.25,46.25,0,0
1626124705,46.25,46.25,46.25,46.25,46.25,0,0
1626124710,46.25,46.25,46.25,46.25,46.25,0,0
1626124715,46.25,46.25,46.25,46.25,46.25,0,0
1626124720,46.25,46.25,46.25,46.25,46.25,0,0
1626124725,46.25,46.25,46.25,46.25,46.25,0,0
1626124730,46.25,46.25,46.25,46.25,46.25,0,0
1626124735,46.25,46.25,46.25,46.25,46.25,0,0
1626124740,46.25,46.25,46.25,46.25,46.25,0,0
1626124745,46.25,46.25,46.25,46.25,46.25,0,0
1626124750,46.25,46.25,46.25,46.25,46.25,0,0
1626124755,46.25,46.25,46.25,46.25,46.25,0,0
1626124760,46.25,46.25,46.25,46.25,46.25,0,0
1626124765,46.25,46.25,46.25,46.25,46.25,0,0
1626124770,46.25,46.25,46.25,46.25,46.25,0,0
1626124775,46.25,46.25,46.25,46.25,46.25,0,0
1626124780,46.25,46.25,46.25,46.25,46.25,0,0
1626124785,46.25,46.25,46.25,46.25,46.25,0,0
1626124790,46.25,46.25,46.25,46.25,46.25,0,0
1626124795,46.25,46.25,46.25,46.25,46.25,0,0
1626124800,46.25,46.25,46.25,46.25,46.25,0,0
1626124805,46.25,46.25,46.25,46.25,46.25,0,0
1626124810,46.25,46.25,46.25,46.25,46.25,0,0
1626124815,46.25,46.25,46.25,46.25,46.25,0,0
1626124820,46.25,46.25,46.25,46.25,46.25,0,0
1626124825,46.25,46.25,46.25,46.25,46.25,0,0
1626124830,46.25,46.25,46.25,46.25,46.25,0,0
1626124835,46.25,46.25,46.25,46.25,46.25,0,0
1626124840,46.25,46.25,46.25,46.25,46.25,0,0
1626124845,46.25,46.25,46.25,46.25,46.25,0,0
1626124850,46.25,46.25,46.25,46.25,46.25,0,0
1626124855,46.25,46.25,46.25,46.25,46.25,0,0
1626124860,46.28,46.28,46.28,46.28,46.28,7,1
1626124865,46.28,46.28,46.28,46.28,46.28,0,0
1626124870,46.28,46.28,46.28,46.28,46.28,1,1
1626124875,46.28,46.28,46.28,46.28,46.28,0,0
1626124880,46.28,46.28,46.28,46.28,46.28,0,0
1626124885,46.28,46.28,46.28,46.28,46.28,0,0
1626124890,46.28,46.28,46.28,46.28,46.28,0,0
1626124895,46.28,46.28,46.28,46.28,46.28,0,0
1626124900,46.28,46.28,46.28,46.28,46.28,0,0
1626124905,46.28,46.28,46.28,46.28,46.28,0,0
1626124910,46.28,46.28,46.28,46.28,46.28,0,0
1626124915,46.28,46.28,46.28,46.28,46.28,0,0
1626124920,46.28,46.28,46.28,46.28,46.28,0,0
1626124925,46.28,46.28,46.28,46.28,46.28,0,0
1626124930,46.28,46.28,46.28,46.28,46.28,0,0
1626124935,46.28,46.28,46.28,46.28,46.28,0,0
1626124940,46.28,46.28,46.28,46.28,46.28,0,0
1626124945,46.28,46.28,46.28,46.28,46.28,0,0
1626124950,46.28,46.28,46.28,46.28,46.28,0,0
1626124955,46.28,46.28,46.28,46.28,46.28,0,0
1626124960,46.28,46.28,46.28,46.28,46.28,0,0
1626124965,46.28,46.28,46.28,46.28,46.28,0,0
1626124970,46.28,46.28,46.28,46.28,46.28,0,0
1626124975,46.28,46.28,46.28,46.28,46.28,0,0
1626124980,46.28,46.28,46.28,46.28,46.28,0,0
1626124985,46.28,46.28,46.28,46.28,46.28,0,0
1626124990,46.28,46.28,46.28,46.28,46.28,0,0
1626124995,46.28,46.28,46.28,46.28,46.28,0,0
1626125000,46.28,46.28,46.28,46.28,46.28,0,0
1626125005,46.28,46.28,46.28,46.28,46.28,0,0
1626125010,46.28,46.28,46.28,46.28,46.28,0,0
1626125015,46.28,46.28,46.28,46.28,46.28,0,0
1626125020,46.28,46.28,46.28,46.28,46.28,1,1
1626125025,46.28,46.28,46.28,46.28,46.28,0,0
1626125030,46.28,46.28,46.28,46.28,46.28,0,0
1626125035,46.28,46.28,46.28,46.28,46.28,0,0
1626125040,46.29,46.29,46.29,46.29,46.29,1,1
1626125045,46.29,46.29,46.29,46.29,46.29,0,0
1626125050,46.28,46.28,46.28,46.28,46.28,1,1
1626125055,46.28,46.28,46.28,46.28,46.28,0,0
1626125060,46.28,46.28,46.28,46.28,46.28,0,0
1626125065,46.28,46.28,46.28,46.28,46.28,0,0
1626125070,46.28,46.28,46.28,46.28,46.28,0,0
1626125075,46.28,46.28,46.28,46.28,46.28,0,0
1626125080,46.28,46.28,46.28,46.28,46.28,0,0
1626125085,46.28,46.28,46.28,46.28,46.28,0,0
1626125090,46.28,46.28,46.28,46.28,46.28,0,0
1626125095,46.28,46.28,46.28,46.28,46.28,0,0
1626125100,46.28,46.28,46.28,46.28,46.28,0,0
1626125105,46.28,46.28,46.28,46.28,46.28,0,0
1626125110,46.28,46.28,46.28,46.28,46.28,0,0
1626125115,46.29,46.29,46.29,46.29,46.29,2,2
1626125120,46.29,46.29,46.29,46.29,46.29,0,0
1626125125,46.3,46.3,46.3,46.3,46.3,1,1
1626125130,46.3,46.3,46.3,46.3,46.3,0,0
1626125135,46.3,46.3,46.3,46.3,46.3,0,0
1626125140,46.3,46.3,46.3,46.3,46.3,0,0
1626125145,46.3,46.3,46.3,46.3,46.3,0,0
1626125150,46.3,46.3,46.3,46.3,46.3,0,0
1626125155,46.3,46.3,46.3,46.3,46.3,0,0
1626125160,46.3,46.3,46.3,46.3,46.3,0,0
1626125165,46.3,46.3,46.3,46.3,46.3,0,0
1626125170,46.29,46.29,46.29,46.29,46.29,1,1
1626125175,46.29,46.29,46.29,46.29,46.29,0,0
1626125180,46.29,46.29,46.29,46.29,46.29,0,0
1626125185,46.29,46.29,46.29,46.29,46.29,0,0
1626125190,46.29,46.29,46.29,46.29,46.29,0,0
1626125195,46.29,46.29,46.29,46.29,46.29,0,0
1626125200,46.29,46.29,46.29,46.29,46.29,0,0
1626125205,46.29,46.29,46.29,46.29,46.29,0,0
1626125210,46.29,46.29,46.29,46.29,46.29,0,0
1626125215,46.29,46.29,46.29,46.29,46.29,0,0
1626125220,46.29,46.29,46.29,46.29,46.29,0,0
1626125225,46.29,46.29,46.29,46.29,46.29,0,0
1626125230,46.29,46.29,46.29,46.29,46.29,0,0
1626125235,46.29,46.29,46.29,46.29,46.29,0,0
1626125240,46.29,46.29,46.29,46.29,46.29,0,0
1626125245,46.29,46.29,46.29,46.29,46.29,0,0
1626125250,46.29,46.29,46.29,46.29,46.29,0,0
1626125255,46.29,46.29,46.29,46.29,46.29,0,0
1626125260,46.29,46.29,46.29,46.29,46.29,0,0
1626125265,46.29,46.29,46.29,46.29,46.29,0,0
1626125270,46.3,46.3,46.3,46.3,46.3,20,12
1626125275,46.3,46.3,46.3,46.3,46.3,0,0
1626125280,46.3,46.3,46.3,46.3,46.3,0,0
1626125285,46.3,46.3,46.3,46.3,46.3,0,0
1626125290,46.3,46.3,46.3,46.3,46.3,0,0
1626125295,46.3,46.3,46.3,46.3,46.3,0,0
1626125300,46.3,46.3,46.3,46.3,46.3,0,0
1626125305,46.3,46.3,46.3,46.3,46.3,0,0
1626125310,46.3,46.3,46.3,46.3,46.3,0,0
1626125315,46.3,46.3,46.3,46.3,46.3,0,0
1626125320,46.3,46.3,46.3,46.3,46.3,0,0
1626125325,46.3,46.3,46.3,46.3,46.3,0,0
1626125330,46.3,46.3,46.3,46.3,46.3,0,0
1626125335,46.28,46.28,46.28,46.28,46.28,1,1
1626125340,46.28,46.28,46.28,46.28,46.28,0,0
1626125345,46.28,46.28,46.28,46.28,46.28,0,0
1626125350,46.3,46.3,46.3,46.3,46.3,1,1
1626125355,46.3,46.3,46.3,46.3,46.3,0,0
1626125360,46.3,46.3,46.3,46.3,46.3,0,0
1626125365,46.3,46.3,46.3,46.3,46.3,3,3
1626125370,46.3,46.3,46.3,46.3,46.3,0,0
1626125375,46.3,46.3,46.3,46.3,46.3,0,0
1626125380,46.3,46.3,46.3,46.3,46.3,0,0
1626125385,46.3,46.3,46.3,46.3,46.3,0,0
1626125390,46.3,46.3,46.3,46.3,46.3,1,1
1626125395,46.3,46.3,46.3,46.3,46.3,1,1
1626125400,46.3,46.3,46.3,46.3,46.3,1,1
1626125405,46.3,46.3,46.3,46.3,46.3,0,0
1626125410,46.3,46.3,46.3,46.3,46.3,0,0
1626125415,46.3,46.3,46.3,46.3,46.3,0,0
1626125420,46.3,46.3,46.3,46.3,46.3,0,0
1626125425,46.3,46.3,46.3,46.3,46.3,0,0
1626125430,46.3,46.3,46.3,46.3,46.3,0,0
1626125435,46.3,46.3,46.3,46.3,46.3,0,0
1626125440,46.3,46.3,46.3,46.3,46.3,0,0
1626125445,46.28,46.28,46.28,46.28,46.28,1,1
1626125450,46.28,46.28,46.28,46.28,46.28,0,0
1626125455,46.28,46.28,46.28,46.28,46.28,0,0
1626125460,46.28,46.28,46.28,46.28,46.28,0,0
1626125465,46.28,46.28,46.28,46.28,46.28,0,0
1626125470,46.28,46.28,46.28,46.28,46.28,0,0
1626125475,46.28,46.28,46.28,46.28,46.28,0,0
1626125480,46.27,46.27,46.25,46.25,46.25566,5,4
1626125485,46.25,46.25,46.25,46.25,46.25,0,0
1626125490,46.25,46.25,46.25,46.25,46.25,0,0
1626125495,46.25,46.25,46.25,46.25,46.25,0,0
1626125500,46.3,46.3,46.3,46.3,46.3,3,2
1626125505,46.3,46.3,46.3,46.3,46.3,0,0
1626125510,46.3,46.3,46.3,46.3,46.3,0,0
1626125515,46.3,46.3,46.3,46.3,46.3,0,0
1626125520,46.3,46.3,46.3,46.3,46.3,0,0
1626125525,46.3,46.3,46.3,46.3,46.3,0,0
1626125530,46.3,46.3,46.3,46.3,46.3,0,0
1626125535,46.3,46.3,46.3,46.3,46.3,0,0
1626125540,46.3,46.3,46.3,46.3,46.3,0,0
1626125545,46.3,46.3,46.3,46.3,46.3,0,0
1626125550,46.3,46.3,46.3,46.3,46.3,0,0
1626125555,46.3,46.3,46.3,46.3,46.3,0,0
1626125560,46.3,46.3,46.3,46.3,46.3,0,0
1626125565,46.3,46.3,46.3,46.3,46.3,0,0
1626125570,46.3,46.3,46.3,46.3,46.3,0,0
1626125575,46.3,46.3,46.3,46.3,46.3,0,0
1626125580,46.3,46.3,46.3,46.3,46.3,0,0
1626125585,46.3,46.3,46.3,46.3,46.3,0,0
1626125590,46.3,46.3,46.3,46.3,46.3,0,0
1626125595,46.3,46.3,46.3,46.3,46.3,0,0
1626125600,46.3,46.3,46.3,46.3,46.3,0,0
1626125605,46.3,46.3,46.3,46.3,46.3,0,0
1626125610,46.3,46.3,46.3,46.3,46.3,0,0
1626125615,46.3,46.3,46.3,46.3,46.3,0,0
1626125620,46.3,46.3,46.3,46.3,46.3,0,0
1626125625,46.3,46.3,46.3,46.3,46.3,0,0
1626125630,46.3,46.3,46.3,46.3,46.3,0,0
1626125635,46.3,46.3,46.3,46.3,46.3,0,0
1626125640,46.3,46.3,46.3,46.3,46.3,0,0
1626125645,46.3,46.3,46.3,46.3,46.3,0,0
1626125650,46.3,46.3,46.3,46.3,46.3,0,0
1626125655,46.3,46.3,46.3,46.3,46.3,0,0
1626125660,46.25,46.25,46.25,46.25,46.25,2,1
1626125665,46.25,46.25,46.25,46.25,46.25,0,0
1626125670,46.25,46.25,46.25,46.25,46.25,0,0
1626125675,46.25,46.25,46.25,46.25,46.25,0,0
1626125680,46.25,46.25,46.25,46.25,46.25,0,0
1626125685,46.25,46.25,46.25,46.25,46.25,0,0
1626125690,46.25,46.25,46.25,46.25,46.25,0,0
1626125695,46.25,46.25,46.25,46.25,46.25,0,0
1626125700,46.25,46.25,46.25,46.25,46.25,2,1
1626125705,46.25,46.25,46.25,46.25,46.25,1,1
1626125710,46.25,46.25,46.25,46.25,46.25,0,0
1626125715,46.25,46.25,46.25,46.25,46.25,0,0
1626125720,46.25,46.25,46.25,46.25,46.25,0,0
1626125725,46.25,46.25,46.25,46.25,46.25,0,0
1626125730,46.25,46.25,46.25,46.25,46.25,0,0
1626125735,46.24,46.24,46.24,46.24,46.24,3,1
1626125740,46.24,46.24,46.24,46.24,46.24,0,0
1626125745,46.24,46.24,46.24,46.24,46.24,0,0
1626125750,46.24,46.24,46.24,46.24,46.24,0,0
1626125755,46.24,46.24,46.24,46.24,46.24,0,0
1626125760,46.24,46.24,46.24,46.24,46.24,0,0
1626125765,46.24,46.24,46.24,46.24,46.24,0,0
1626125770,46.24,46.24,46.24,46.24,46.24,0,0
1626125775,46.24,46.24,46.24,46.24,46.24,0,0
1626125780,46.24,46.24,46.24,46.24,46.24,0,0
1626125785,46.24,46.24,46.24,46.24,46.24,0,0
1626125790,46.24,46.24,46.24,46.24,46.24,0,0
1626125795,46.24,46.24,46.24,46.24,46.24,0,0
1626125800,46.24,46.24,46.24,46.24,46.24,0,0
1626125805,46.24,46.24,46.24,46.24,46.24,0,0
1626125810,46.24,46.24,46.24,46.24,46.24,0,0
1626125815,46.24,46.24,46.24,46.24,46.24,0,0
1626125820,46.24,46.24,46.24,46.24,46.24,0,0
1626125825,46.24,46.24,46.24,46.24,46.24,0,0
1626125830,46.24,46.24,46.24,46.24,46.24,0,0
1626125835,46.24,46.24,46.24,46.24,46.24,0,0
1626125840,46.24,46.24,46.24,46.24,46.24,0,0
1626125845,46.24,46.24,46.24,46.24,46.24,0,0
1626125850,46.24,46.24,46.24,46.24,46.24,0,0
1626125855,46.24,46.24,46.24,46.24,46.24,0,0
1626125860,46.24,46.24,46.24,46.24,46.24,0,0
1626125865,46.24,46.24,46.24,46.24,46.24,0,0
1626125870,46.24,46.24,46.24,46.24,46.24,0,0
1626125875,46.24,46.24,46.24,46.24,46.24,0,0
1626125880,46.24,46.24,46.24,46.24,46.24,0,0
1626125885,46.24,46.24,46.24,46.24,46.24,0,0
1626125890,46.24,46.24,46.24,46.24,46.24,0,0
1626125895,46.24,46.24,46.24,46.24,46.24,0,0
1626125900,46.24,46.24,46.24,46.24,46.24,0,0
1626125905,46.24,46.24,46.24,46.24,46.24,0,0
1626125910,46.24,46.24,46.24,46.24,46.24,0,0
1626125915,46.24,46.24,46.24,46.24,46.24,0,0
1626125920,46.24,46.24,46.24,46.24,46.24,0,0
1626125925,46.24,46.24,46.24,46.24,46.24,0,0
1626125930,46.24,46.24,46.24,46.24,46.24,0,0
1626125935,46.24,46.24,46.24,46.24,46.24,0,0
1626125940,46.24,46.24,46.24,46.24,46.24,0,0
1626125945,46.24,46.24,46.24,46.24,46.24,0,0
1626125950,46.24,46.24,46.24,46.24,46.24,0,0
1626125955,46.24,46.24,46.24,46.24,46.24,0,0
1626125960,46.24,46.24,46.24,46.24,46.24,0,0
1626125965,46.24,46.24,46.24,46.24,46.24,0,0
1626125970,46.24,46.24,46.24,46.24,46.24,0,0
1626125975,46.26,46.26,46.26,46.26,46.26,4,1
1626125980,46.26,46.26,46.26,46.26,46.26,0,0
1626125985,46.26,46.26,46.26,46.26,46.26,0,0
1626125990,46.26,46.26,46.26,46.26,46.26,0,0
1626125995,46.26,46.26,46.26,46.26,46.26,0,0
1626126000,46.26,46.26,46.26,46.26,46.26,0,0
1626126005,46.26,46.26,46.26,46.26,46.26,0,0
1626126010,46.26,46.26,46.26,46.26,46.26,0,0
1626126015,46.26,46.26,46.26,46.26,46.26,0,0
1626126020,46.26,46.26,46.26,46.26,46.26,0,0
1626126025,46.26,46.26,46.26,46.26,46.26,1,1
1626126030,46.26,46.26,46.26,46.26,46.26,0,0
1626126035,46.26,46.26,46.26,46.26,46.26,0,0
1626126040,46.26,46.26,46.26,46.26,46.26,0,0
1626126045,46.26,46.26,46.26,46.26,46.26,0,0
1626126050,46.26,46.26,46.26,46.26,46.26,0,0
1626126055,46.26,46.26,46.26,46.26,46.26,0,0
1626126060,46.26,46.26,46.26,46.26,46.26,0,0
1626126065,46.26,46.26,46.26,46.26,46.26,0,0
1626126070,46.26,46.26,46.26,46.26,46.26,0,0
1626126075,46.26,46.26,46.26,46.26,46.26,0,0
1626126080,46.26,46.26,46.26,46.26,46.26,0,0
1626126085,46.26,46.26,46.26,46.26,46.26,0,0
1626126090,46.26,46.26,46.26,46.26,46.26,0,0
1626126095,46.26,46.26,46.26,46.26,46.26,0,0
1626126100,46.26,46.26,46.26,46.26,46.26,0,0
1626126105,46.26,46.26,46.26,46.26,46.26,0,0
1626126110,46.26,46.26,46.26,46.26,46.26,0,0
1626126115,46.26,46.26,46.26,46.26,46.26,0,0
1626126120,46.26,46.26,46.26,46.26,46.26,0,0
1626126125,46.26,46.26,46.26,46.26,46.26,0,0
1626126130,46.26,46.26,46.26,46.26,46.26,0,0
1626126135,46.26,46.26,46.26,46.26,46.26,0,0
1626126140,46.28,46.28,46.28,46.28,46.28,4,2
1626126145,46.28,46.28,46.28,46.28,46.28,0,0
1626126150,46.28,46.28,46.28,46.28,46.28,0,0
1626126155,46.28,46.28,46.28,46.28,46.28,0,0
1626126160,46.28,46.28,46.28,46.28,46.28,0,0
1626126165,46.28,46.28,46.28,46.28,46.28,0,0
1626126170,46.28,46.28,46.28,46.28,46.28,0,0
1626126175,46.28,46.28,46.28,46.28,46.28,0,0
1626126180,46.28,46.28,46.28,46.28,46.28,0,0
1626126185,46.28,46.28,46.28,46.28,46.28,0,0
1626126190,46.28,46.28,46.28,46.28,46.28,0,0
1626126195,46.24,46.24,46.24,46.24,46.24,45,1
1626126200,46.24,46.24,46.24,46.24,46.24,0,0
1626126205,46.24,46.24,46.24,46.24,46.24,0,0
1626126210,46.24,46.24,46.24,46.24,46.24,0,0
1626126215,46.24,46.24,46.24,46.24,46.24,0,0
1626126220,46.24,46.24,46.24,46.24,46.24,0,0
1626126225,46.24,46.24,46.24,46.24,46.24,0,0
1626126230,46.24,46.24,46.24,46.24,46.24,0,0
1626126235,46.24,46.24,46.24,46.24,46.24,0,0
1626126240,46.2401,46.2401,46.2401,46.2401,46.2401,2,1
1626126245,46.2401,46.2401,46.2401,46.2401,46.2401,0,0
1626126250,46.2401,46.2401,46.2401,46.2401,46.2401,0,0
1626126255,46.2401,46.2401,46.2401,46.2401,46.2401,0,0
1626126260,46.2401,46.2401,46.2401,46.2401,46.2401,0,0
1626126265,46.2401,46.2401,46.2401,46.2401,46.2401,0,0
1626126270,46.2401,46.2401,46.2401,46.2401,46.2401,0,0
1626126275,46.2401,46.2401,46.2401,46.2401,46.2401,0,0
1626126280,46.25,46.25,46.25,46.25,46.25,2,1
1626126285,46.25,46.25,46.25,46.25,46.25,0,0
1626126290,46.25,46.25,46.25,46.25,46.25,0,0
1626126295,46.25,46.25,46.25,46.25,46.25,0,0
1626126300,46.25,46.25,46.25,46.25,46.25,0,0
1626126305,46.25,46.25,46.25,46.25,46.25,0,0
1626126310,46.25,46.25,46.25,46.25,46.25,0,0
1626126315,46.25,46.25,46.25,46.25,46.25,0,0
1626126320,46.25,46.25,46.25,46.25,46.25,0,0
1626126325,46.25,46.25,46.25,46.25,46.25,0,0
1626126330,46.25,46.25,46.25,46.25,46.25,0,0
1626126335,46.25,46.25,46.25,46.25,46.25,0,0
1626126340,46.25,46.25,46.25,46.25,46.25,0,0
1626126345,46.25,46.25,46.25,46.25,46.25,0,0
1626126350,46.25,46.25,46.25,46.25,46.25,0,0
1626126355,46.25,46.25,46.25,46.25,46.25,0,0
1626126360,46.25,46.25,46.25,46.25,46.25,0,0
1626126365,46.25,46.25,46.25,46.25,46.25,0,0
1626126370,46.25,46.25,46.25,46.25,46.25,0,0
1626126375,46.25,46.25,46.25,46.25,46.25,0,0
1626126380,46.25,46.25,46.25,46.25,46.25,0,0
1626126385,46.25,46.25,46.25,46.25,46.25,0,0
1626126390,46.25,46.25,46.25,46.25,46.25,0,0
1626126395,46.25,46.25,46.25,46.25,46.25,0,0
1626126400,46.24,46.24,46.24,46.24,46.24,1,1
1626126405,46.24,46.24,46.24,46.24,46.24,7,1
1626126410,46.24,46.24,46.24,46.24,46.24,0,0
1626126415,46.24,46.24,46.24,46.24,46.24,0,0
1626126420,46.24,46.24,46.24,46.24,46.24,0,0
1626126425,46.24,46.24,46.24,46.24,46.24,0,0
1626126430,46.28,46.28,46.28,46.28,46.28,1,1
1626126435,46.28,46.28,46.28,46.28,46.28,0,0
1626126440,46.28,46.28,46.28,46.28,46.28,0,0
1626126445,46.28,46.28,46.28,46.28,46.28,0,0
1626126450,46.28,46.28,46.28,46.28,46.28,0,0
1626126455,46.28,46.28,46.28,46.28,46.28,0,0
1626126460,46.28,46.28,46.28,46.28,46.28,0,0
1626126465,46.28,46.28,46.28,46.28,46.28,4,1
1626126470,46.28,46.28,46.28,46.28,46.28,0,0
1626126475,46.28,46.28,46.28,46.28,46.28,0,0
1626126480,46.28,46.28,46.28,46.28,46.28,0,0
1626126485,46.28,46.28,46.28,46.28,46.28,0,0
1626126490,46.28,46.28,46.28,46.28,46.28,0,0
1626126495,46.28,46.28,46.28,46.28,46.28,0,0
1626126500,46.28,46.28,46.28,46.28,46.28,0,0
1626126505,46.28,46.28,46.28,46.28,46.28,0,0
1626126510,46.28,46.28,46.28,46.28,46.28,0,0
1626126515,46.28,46.28,46.28,46.28,46.28,0,0
1626126520,46.28,46.28,46.28,46.28,46.28,0,0
1626126525,46.28,46.28,46.28,46.28,46.28,0,0
1626126530,46.28,46.28,46.28,46.28,46.28,0,0
1626126535,46.28,46.28,46.28,46.28,46.28,0,0
1626126540,46.28,46.28,46.28,46.28,46.28,0,0
1626126545,46.28,46.28,46.28,46.28,46.28,0,0
1626126550,46.28,46.28,46.28,46.28,46.28,0,0
1626126555,46.28,46.28,46.28,46.28,46.28,0,0
1626126560,46.28,46.28,46.28,46.28,46.28,0,0
1626126565,46.28,46.28,46.28,46.28,46.28,0,0
1626126570,46.28,46.28,46.28,46.28,46.28,0,0
1626126575,46.28,46.28,46.28,46.28,46.28,0,0
1626126580,46.28,46.28,46.28,46.28,46.28,0,0
1626126585,46.28,46.28,46.28,46.28,46.28,0,0
1626126590,46.28,46.28,46.28,46.28,46.28,0,0
1626126595,46.26,46.26,46.26,46.26,46.26,1,1
1626126600,46.26,46.26,46.26,46.26,46.26,0,0
1626126605,46.26,46.26,46.26,46.26,46.26,0,0
1626126610,46.26,46.26,46.26,46.26,46.26,0,0
1626126615,46.26,46.26,46.26,46.26,46.26,0,0
1626126620,46.26,46.26,46.26,46.26,46.26,0,0
1626126625,46.24,46.24,46.24,46.24,46.24,5,1
1626126630,46.24,46.24,46.24,46.24,46.24,0,0
1626126635,46.24,46.24,46.24,46.24,46.24,0,0
1626126640,46.24,46.24,46.24,46.24,46.24,0,0
1626126645,46.24,46.24,46.24,46.24,46.24,0,0
1626126650,46.24,46.24,46.24,46.24,46.24,0,0
1626126655,46.24,46.24,46.24,46.24,46.24,0,0
1626126660,46.24,46.24,46.24,46.24,46.24,0,0
1626126665,46.24,46.24,46.24,46.24,46.24,0,0
1626126670,46.24,46.24,46.24,46.24,46.24,0,0
1626126675,46.24,46.24,46.24,46.24,46.24,0,0
1626126680,46.24,46.24,46.24,46.24,46.24,0,0
1626126685,46.24,46.24,46.24,46.24,46.24,0,0
1626126690,46.24,46.24,46.24,46.24,46.24,0,0
1626126695,46.24,46.24,46.24,46.24,46.24,0,0
1626126700,46.24,46.24,46.24,46.24,46.24,0,0
1626126705,46.24,46.24,46.24,46.24,46.24,0,0
1626126710,46.24,46.24,46.24,46.24,46.24,0,0
1626126715,46.24,46.24,46.24,46.24,46.24,0,0
1626126720,46.24,46.24,46.24,46.24,46.24,0,0
1626126725,46.24,46.24,46.24,46.24,46.24,0,0
1626126730,46.24,46.24,46.24,46.24,46.24,0,0
1626126735,46.24,46.24,46.24,46.24,46.24,0,0
1626126740,46.24,46.24,46.24,46.24,46.24,0,0
1626126745,46.24,46.24,46.24,46.24,46.24,0,0
1626126750,46.24,46.24,46.24,46.24,46.24,0,0
1626126755,46.24,46.24,46.24,46.24,46.24,0,0
1626126760,46.24,46.24,46.24,46.24,46.24,0,0
1626126765,46.24,46.24,46.24,46.24,46.24,0,0
1626126770,46.24,46.24,46.24,46.24,46.24,0,0
1626126775,46.24,46.24,46.24,46.24,46.24,0,0
1626126780,46.24,46.24,46.24,46.24,46.24,0,0
1626126785,46.24,46.24,46.24,46.24,46.24,0,0
1626126790,46.24,46.24,46.24,46.24,46.24,0,0
1626126795,46.24,46.24,46.24,46.24,46.24,0,0
1626126800,46.24,46.24,46.24,46.24,46.24,0,0
1626126805,46.24,46.24,46.24,46.24,46.24,0,0
1626126810,46.24,46.24,46.24,46.24,46.24,0,0
1626126815,46.24,46.24,46.24,46.24,46.24,0,0
1626126820,46.27,46.27,46.27,46.27,46.27,1,1
1626126825,46.27,46.27,46.27,46.27,46.27,0,0
1626126830,46.27,46.27,46.27,46.27,46.27,0,0
1626126835,46.27,46.27,46.27,46.27,46.27,0,0
1626126840,46.27,46.27,46.27,46.27,46.27,0,0
1626126845,46.29,46.29,46.29,46.29,46.29,5,1
1626126850,46.29,46.29,46.29,46.29,46.29,0,0
1626126855,46.28,46.28,46.28,46.28,46.28,1,1
1626126860,46.28,46.28,46.28,46.28,46.28,0,0
1626126865,46.28,46.28,46.28,46.28,46.28,0,0
1626126870,46.29,46.29,46.29,46.29,46.29,4,1
1626126875,46.29,46.29,46.29,46.29,46.29,0,0
1626126880,46.29,46.29,46.29,46.29,46.29,1,1
1626126885,46.29,46.29,46.29,46.29,46.29,0,0
1626126890,46.29,46.29,46.29,46.29,46.29,0,0
1626126895,46.29,46.29,46.29,46.29,46.29,3,1
1626126900,46.29,46.29,46.29,46.29,46.29,0,0
1626126905,46.29,46.29,46.29,46.29,46.29,0,0
1626126910,46.29,46.29,46.29,46.29,46.29,0,0
1626126915,46.29,46.29,46.29,46.29,46.29,0,0
1626126920,46.29,46.29,46.29,46.29,46.29,0,0
1626126925,46.29,46.29,46.29,46.29,46.29,0,0
1626126930,46.29,46.29,46.29,46.29,46.29,2,2
1626126935,46.29,46.29,46.29,46.29,46.29,0,0
1626126940,46.29,46.29,46.29,46.29,46.29,0,0
1626126945,46.27,46.27,46.27,46.27,46.27,2,1
1626126950,46.27,46.27,46.27,46.27,46.27,0,0
1626126955,46.27,46.27,46.27,46.27,46.27,0,0
1626126960,46.27,46.27,46.27,46.27,46.27,0,0
1626126965,46.27,46.27,46.27,46.27,46.27,0,0
1626126970,46.27,46.27,46.27,46.27,46.27,0,0
1626126975,46.27,46.27,46.27,46.27,46.27,0,0
1626126980,46.27,46.27,46.27,46.27,46.27,0,0
1626126985,46.27,46.27,46.27,46.27,46.27,0,0
1626126990,46.27,46.27,46.27,46.27,46.27,0,0
1626126995,46.27,46.27,46.27,46.27,46.27,0,0
1626127000,46.29,46.29,46.29,46.29,46.29,1,1
1626127005,46.29,46.29,46.29,46.29,46.29,0,0
1626127010,46.29,46.29,46.29,46.29,46.29,0,0
1626127015,46.29,46.29,46.29,46.29,46.29,0,0
1626127020,46.29,46.29,46.29,46.29,46.29,0,0
1626127025,46.29,46.29,46.29,46.29,46.29,0,0
1626127030,46.29,46.29,46.29,46.29,46.29,0,0
1626127035,46.29,46.29,46.29,46.29,46.29,0,0
1626127040,46.29,46.29,46.29,46.29,46.29,0,0
1626127045,46.29,46.29,46.29,46.29,46.29,0,0
1626127050,46.29,46.29,46.29,46.29,46.29,0,0
1626127055,46.29,46.29,46.29,46.29,46.29,0,0
1626127060,46.29,46.29,46.29,46.29,46.29,0,0
1626127065,46.29,46.29,46.29,46.29,46.29,0,0
1626127070,46.29,46.29,46.29,46.29,46.29,0,0
1626127075,46.29,46.29,46.29,46.29,46.29,0,0
1626127080,46.29,46.29,46.29,46.29,46.29,0,0
1626127085,46.29,46.29,46.29,46.29,46.29,0,0
1626127090,46.29,46.29,46.29,46.29,46.29,0,0
1626127095,46.29,46.29,46.29,46.29,46.29,0,0
1626127100,46.29,46.29,46.29,46.29,46.29,0,0
1626127105,46.29,46.29,46.29,46.29,46.29,0,0
1626127110,46.29,46.29,46.29,46.29,46.29,0,0
1626127115,46.29,46.29,46.29,46.29,46.29,0,0
1626127120,46.29,46.29,46.29,46.29,46.29,0,0
1626127125,46.29,46.29,46.29,46.29,46.29,0,0
1626127130,46.29,46.29,46.29,46.29,46.29,0,0
1626127135,46.29,46.29,46.29,46.29,46.29,0,0
1626127140,46.29,46.29,46.29,46.29,46.29,0,0
1626127145,46.29,46.29,46.29,46.29,46.29,0,0
1626127150,46.29,46.29,46.29,46.29,46.29,0,0
1626127155,46.29,46.29,46.29,46.29,46.29,0,0
1626127160,46.26,46.26,46.26,46.26,46.26,1,1
1626127165,46.26,46.26,46.26,46.26,46.26,0,0
1626127170,46.26,46.26,46.26,46.26,46.26,0,0
1626127175,46.26,46.26,46.26,46.26,46.26,0,0
1626127180,46.29,46.29,46.29,46.29,46.29,1,1
1626127185,46.29,46.29,46.29,46.29,46.29,0,0
1626127190,46.29,46.29,46.29,46.29,46.29,0,0
1626127195,46.29,46.29,46.29,46.29,46.29,0,0
1626127200,46.29,46.29,46.29,46.29,46.29,0,0
1626127205,46.29,46.29,46.29,46.29,46.29,0,0
1626127210,46.29,46.29,46.29,46.29,46.29,0,0
1626127215,46.29,46.29,46.29,46.29,46.29,0,0
1626127220,46.29,46.29,46.29,46.29,46.29,0,0
1626127225,46.29,46.29,46.29,46.29,46.29,0,0
1626127230,46.29,46.29,46.29,46.29,46.29,0,0
1626127235,46.29,46.29,46.29,46.29,46.29,0,0
1626127240,46.29,46.29,46.29,46.29,46.29,0,0
1626127245,46.29,46.29,46.29,46.29,46.29,0,0
1626127250,46.28,46.28,46.28,46.28,46.28,1,1
1626127255,46.28,46.28,46.28,46.28,46.28,0,0
1626127260,46.28,46.28,46.28,46.28,46.28,0,0
1626127265,46.28,46.28,46.28,46.28,46.28,0,0
1626127270,46.28,46.28,46.28,46.28,46.28,0,0
1626127275,46.28,46.28,46.28,46.28,46.28,0,0
1626127280,46.28,46.28,46.28,46.28,46.28,0,0
1626127285,46.28,46.28,46.28,46.28,46.28,0,0
1626127290,46.28,46.28,46.28,46.28,46.28,0,0
1626127295,46.28,46.28,46.28,46.28,46.28,0,0
1626127300,46.28,46.28,46.28,46.28,46.28,0,0
1626127305,46.28,46.28,46.28,46.28,46.28,0,0
1626127310,46.28,46.28,46.28,46.28,46.28,0,0
1626127315,46.28,46.28,46.28,46.28,46.28,0,0
1626127320,46.28,46.28,46.28,46.28,46.28,0,0
1626127325,46.28,46.28,46.28,46.28,46.28,0,0
1626127330,46.28,46.28,46.28,46.28,46.28,0,0
1626127335,46.26,46.26,46.26,46.26,46.26,2,1
1626127340,46.26,46.26,46.26,46.26,46.26,0,0
1626127345,46.26,46.26,46.26,46.26,46.26,0,0
1626127350,46.26,46.26,46.26,46.26,46.26,0,0
1626127355,46.26,46.26,46.26,46.26,46.26,0,0
1626127360,46.26,46.26,46.26,46.26,46.26,9,1
1626127365,46.26,46.26,46.26,46.26,46.26,0,0
1626127370,46.26,46.26,46.26,46.26,46.26,0,0
1626127375,46.26,46.26,46.26,46.26,46.26,0,0
1626127380,46.26,46.26,46.26,46.26,46.26,0,0
1626127385,46.26,46.26,46.26,46.26,46.26,0,0
1626127390,46.26,46.26,46.26,46.26,46.26,0,0
1626127395,46.26,46.26,46.26,46.26,46.26,0,0
1626127400,46.26,46.26,46.26,46.26,46.26,0,0
1626127405,46.26,46.26,46.26,46.26,46.26,0,0
1626127410,46.26,46.26,46.26,46.26,46.26,0,0
1626127415,46.26,46.26,46.26,46.26,46.26,0,0
1626127420,46.26,46.26,46.26,46.26,46.26,0,0
1626127425,46.26,46.26,46.26,46.26,46.26,0,0
1626127430,46.26,46.26,46.26,46.26,46.26,0,0
1626127435,46.26,46.26,46.26,46.26,46.26,0,0
1626127440,46.26,46.26,46.26,46.26,46.26,0,0
1626127445,46.26,46.26,46.26,46.26,46.26,0,0
1626127450,46.26,46.26,46.26,46.26,46.26,0,0
1626127455,46.26,46.26,46.26,46.26,46.26,0,0
1626127460,46.26,46.26,46.26,46.26,46.26,0,0
1626127465,46.26,46.26,46.26,46.26,46.26,0,0
1626127470,46.26,46.26,46.26,46.26,46.26,0,0
1626127475,46.26,46.26,46.26,46.26,46.26,0,0
1626127480,46.26,46.26,46.26,46.26,46.26,0,0
1626127485,46.26,46.26,46.26,46.26,46.26,0,0
1626127490,46.26,46.26,46.26,46.26,46.26,0,0
1626127495,46.26,46.26,46.26,46.26,46.26,0,0
1626127500,46.26,46.26,46.26,46.26,46.26,0,0
1626127505,46.26,46.26,46.26,46.26,46.26,0,0
1626127510,46.26,46.26,46.26,46.26,46.26,0,0
1626127515,46.26,46.26,46.26,46.26,46.26,0,0
1626127520,46.26,46.26,46.26,46.26,46.26,0,0
1626127525,46.26,46.26,46.26,46.26,46.26,0,0
1626127530,46.26,46.26,46.26,46.26,46.26,0,0
1626127535,46.26,46.26,46.26,46.26,46.26,0,0
1626127540,46.26,46.26,46.26,46.26,46.26,0,0
1626127545,46.26,46.26,46.26,46.26,46.26,0,0
1626127550,46.26,46.26,46.26,46.26,46.26,0,0
1626127555,46.26,46.26,46.26,46.26,46.26,0,0
1626127560,46.26,46.26,46.26,46.26,46.26,0,0
1626127565,46.26,46.26,46.26,46.26,46.26,0,0
1626127570,46.26,46.26,46.26,46.26,46.26,0,0
1626127575,46.26,46.26,46.26,46.26,46.26,0,0
1626127580,46.26,46.26,46.26,46.26,46.26,0,0
1626127585,46.26,46.26,46.26,46.26,46.26,0,0
1626127590,46.26,46.26,46.26,46.26,46.26,0,0
1626127595,46.26,46.26,46.26,46.26,46.26,0,0
1626127600,46.26,46.26,46.26,46.26,46.26,0,0
1626127605,46.26,46.26,46.26,46.26,46.26,0,0
1626127610,46.26,46.26,46.26,46.26,46.26,0,0
1626127615,46.26,46.26,46.26,46.26,46.26,0,0
1626127620,46.26,46.26,46.26,46.26,46.26,0,0
1626127625,46.26,46.26,46.26,46.26,46.26,0,0
1626127630,46.26,46.26,46.26,46.26,46.26,0,0
1626127635,46.26,46.26,46.26,46.26,46.26,0,0
1626127640,46.26,46.26,46.26,46.26,46.26,0,0
1626127645,46.26,46.26,46.26,46.26,46.26,0,0
1626127650,46.26,46.26,46.26,46.26,46.26,0,0
1626127655,46.26,46.26,46.26,46.26,46.26,0,0
1626127660,46.29,46.29,46.29,46.29,46.29,1,1
1626127665,46.29,46.29,46.29,46.29,46.29,0,0
1626127670,46.29,46.29,46.29,46.29,46.29,0,0
1626127675,46.29,46.29,46.29,46.29,46.29,0,0
1626127680,46.29,46.29,46.29,46.29,46.29,0,0
1626127685,46.29,46.29,46.29,46.29,46.29,0,0
1626127690,46.29,46.29,46.29,46.29,46.29,0,0
1626127695,46.29,46.29,46.29,46.29,46.29,0,0
1626127700,46.29,46.29,46.29,46.29,46.29,0,0
1626127705,46.29,46.29,46.29,46.29,46.29,0,0
1626127710,46.29,46.29,46.29,46.29,46.29,0,0
1626127715,46.29,46.29,46.29,46.29,46.29,0,0
1626127720,46.29,46.29,46.29,46.29,46.29,0,0
1626127725,46.29,46.29,46.29,46.29,46.29,0,0
1626127730,46.29,46.29,46.29,46.29,46.29,0,0
1626127735,46.29,46.29,46.29,46.29,46.29,0,0
1626127740,46.29,46.29,46.29,46.29,46.29,0,0
1626127745,46.29,46.29,46.29,46.29,46.29,0,0
1626127750,46.29,46.29,46.29,46.29,46.29,0,0
1626127755,46.29,46.29,46.29,46.29,46.29,0,0
1626127760,46.29,46.29,46.29,46.29,46.29,0,0
1626127765,46.29,46.29,46.29,46.29,46.29,0,0
1626127770,46.29,46.29,46.29,46.29,46.29,0,0
1626127775,46.29,46.29,46.29,46.29,46.29,0,0
1626127780,46.29,46.29,46.29,46.29,46.29,0,0
1626127785,46.29,46.29,46.29,46.29,46.29,0,0
1626127790,46.29,46.29,46.29,46.29,46.29,0,0
1626127795,46.29,46.29,46.29,46.29,46.29,0,0
1626127800,46.29,46.29,46.29,46.29,46.29,0,0
1626127805,46.29,46.29,46.29,46.29,46.29,0,0
1626127810,46.29,46.29,46.29,46.29,46.29,0,0
1626127815,46.29,46.29,46.29,46.29,46.29,0,0
1626127820,46.29,46.29,46.29,46.29,46.29,0,0
1626127825,46.29,46.29,46.29,46.29,46.29,0,0
1626127830,46.29,46.29,46.29,46.29,46.29,0,0
1626127835,46.29,46.29,46.29,46.29,46.29,0,0
1626127840,46.27,46.27,46.27,46.27,46.27,1,1
1626127845,46.27,46.27,46.27,46.27,46.27,0,0
1626127850,46.27,46.27,46.27,46.27,46.27,0,0
1626127855,46.29,46.29,46.29,46.29,46.29,1,1
1626127860,46.29,46.29,46.29,46.29,46.29,0,0
1626127865,46.29,46.29,46.29,46.29,46.29,0,0
1626127870,46.29,46.29,46.29,46.29,46.29,0,0
1626127875,46.29,46.29,46.29,46.29,46.29,0,0
1626127880,46.27,46.27,46.27,46.27,46.27,2,2
1626127885,46.27,46.27,46.27,46.27,46.27,0,0
1626127890,46.27,46.27,46.27,46.27,46.27,0,0
1626127895,46.27,46.27,46.27,46.27,46.27,0,0
1626127900,46.27,46.27,46.27,46.27,46.27,2,2
1626127905,46.27,46.27,46.27,46.27,46.27,0,0
1626127910,46.27,46.27,46.27,46.27,46.27,0,0
1626127915,46.27,46.27,46.27,46.27,46.27,0,0
1626127920,46.27,46.27,46.27,46.27,46.27,0,0
1626127925,46.27,46.27,46.27,46.27,46.27,0,0
1626127930,46.27,46.27,46.27,46.27,46.27,0,0
1626127935,46.27,46.27,46.27,46.27,46.27,0,0
1626127940,46.27,46.27,46.27,46.27,46.27,0,0
1626127945,46.27,46.27,46.27,46.27,46.27,0,0
1626127950,46.27,46.27,46.27,46.27,46.27,0,0
1626127955,46.27,46.27,46.27,46.27,46.27,0,0
1626127960,46.27,46.27,46.27,46.27,46.27,0,0
1626127965,46.27,46.27,46.27,46.27,46.27,0,0
1626127970,46.27,46.27,46.27,46.27,46.27,0,0
1626127975,46.27,46.27,46.27,46.27,46.27,0,0
1626127980,46.27,46.27,46.27,46.27,46.27,0,0
1626127985,46.27,46.27,46.27,46.27,46.27,0,0
1626127990,46.27,46.27,46.27,46.27,46.27,0,0
1626127995,46.27,46.27,46.27,46.27,46.27,0,0
1626128000,46.27,46.27,46.27,46.27,46.27,0,0
1626128005,46.27,46.27,46.27,46.27,46.27,0,0
1626128010,46.27,46.27,46.27,46.27,46.27,0,0
1626128015,46.27,46.27,46.27,46.27,46.27,0,0
1626128020,46.27,46.27,46.27,46.27,46.27,0,0
1626128025,46.2899,46.2899,46.2899,46.2899,46.2899,4,1
1626128030,46.2899,46.2899,46.2899,46.2899,46.2899,0,0
1626128035,46.2899,46.2899,46.2899,46.2899,46.2899,0,0
1626128040,46.2899,46.2899,46.2899,46.2899,46.2899,0,0
1626128045,46.2899,46.2899,46.2899,46.2899,46.2899,0,0
1626128050,46.2899,46.2899,46.2899,46.2899,46.2899,0,0
1626128055,46.2899,46.2899,46.2899,46.2899,46.2899,0,0
1626128060,46.2899,46.2899,46.2899,46.2899,46.2899,0,0
1626128065,46.2899,46.2899,46.2899,46.2899,46.2899,0,0
1626128070,46.28,46.28,46.28,46.28,46.28,1,1
1626128075,46.28,46.28,46.28,46.28,46.28,0,0
1626128080,46.28,46.28,46.28,46.28,46.28,0,0
1626128085,46.28,46.28,46.28,46.28,46.28,0,0
1626128090,46.28,46.28,46.28,46.28,46.28,1,1
1626128095,46.28,46.28,46.28,46.28,46.28,0,0
1626128100,46.28,46.28,46.28,46.28,46.28,0,0
1626128105,46.28,46.28,46.28,46.28,46.28,0,0
1626128110,46.28,46.28,46.28,46.28,46.28,0,0
1626128115,46.29,46.29,46.29,46.29,46.29,1,1
1626128120,46.29,46.29,46.29,46.29,46.29,0,0
1626128125,46.29,46.29,46.29,46.29,46.29,0,0
1626128130,46.29,46.29,46.29,46.29,46.29,0,0
1626128135,46.29,46.29,46.29,46.29,46.29,0,0
1626128140,46.29,46.29,46.29,46.29,46.29,0,0
1626128145,46.29,46.29,46.29,46.29,46.29,0,0
1626128150,46.29,46.29,46.29,46.29,46.29,0,0
1626128155,46.29,46.29,46.29,46.29,46.29,0,0
1626128160,46.29,46.29,46.29,46.29,46.29,0,0
1626128165,46.29,46.29,46.29,46.29,46.29,0,0
1626128170,46.29,46.29,46.29,46.29,46.29,0,0
1626128175,46.29,46.29,46.29,46.29,46.29,0,0
1626128180,46.29,46.29,46.29,46.29,46.29,0,0
1626128185,46.29,46.29,46.29,46.29,46.29,0,0
1626128190,46.29,46.29,46.29,46.29,46.29,0,0
1626128195,46.29,46.29,46.29,46.29,46.29,0,0
1626128200,46.29,46.29,46.29,46.29,46.29,0,0
1626128205,46.29,46.29,46.29,46.29,46.29,0,0
1626128210,46.29,46.29,46.29,46.29,46.29,0,0
1626128215,46.29,46.29,46.29,46.29,46.29,0,0
1626128220,46.29,46.29,46.29,46.29,46.29,0,0
1626128225,46.29,46.29,46.29,46.29,46.29,0,0
1626128230,46.29,46.29,46.29,46.29,46.29,0,0
1626128235,46.29,46.29,46.29,46.29,46.29,2,1
1626128240,46.29,46.29,46.29,46.29,46.29,0,0
1626128245,46.29,46.29,46.29,46.29,46.29,0,0
1626128250,46.29,46.29,46.29,46.29,46.29,0,0
1626128255,46.29,46.29,46.29,46.29,46.29,0,0
1626128260,46.29,46.29,46.29,46.29,46.29,0,0
1626128265,46.29,46.29,46.29,46.29,46.29,0,0
1626128270,46.29,46.29,46.29,46.29,46.29,0,0
1626128275,46.29,46.29,46.29,46.29,46.29,0,0
1626128280,46.29,46.29,46.29,46.29,46.29,0,0
1626128285,46.29,46.29,46.29,46.29,46.29,0,0
1626128290,46.27,46.27,46.27,46.27,46.27,1,1
1626128295,46.27,46.27,46.27,46.27,46.27,0,0
1626128300,46.27,46.27,46.27,46.27,46.27,0,0
1626128305,46.27,46.27,46.27,46.27,46.27,0,0
1626128310,46.27,46.27,46.27,46.27,46.27,0,0
1626128315,46.27,46.27,46.27,46.27,46.27,0,0
1626128320,46.27,46.27,46.27,46.27,46.27,0,0
1626128325,46.27,46.27,46.27,46.27,46.27,0,0
1626128330,46.27,46.27,46.27,46.27,46.27,0,0
1626128335,46.27,46.27,46.27,46.27,46.27,0,0
1626128340,46.27,46.27,46.27,46.27,46.27,0,0
1626128345,46.27,46.27,46.27,46.27,46.27,0,0
1626128350,46.27,46.27,46.27,46.27,46.27,0,0
1626128355,46.27,46.27,46.27,46.27,46.27,0,0
1626128360,46.27,46.27,46.27,46.27,46.27,0,0
1626128365,46.27,46.27,46.27,46.27,46.27,0,0
1626128370,46.27,46.27,46.27,46.27,46.27,0,0
1626128375,46.27,46.27,46.27,46.27,46.27,0,0
1626128380,46.27,46.27,46.27,46.27,46.27,0,0
1626128385,46.27,46.27,46.27,46.27,46.27,0,0
1626128390,46.27,46.27,46.27,46.27,46.27,0,0
1626128395,46.27,46.27,46.27,46.27,46.27,0,0
1626128400,46.27,46.27,46.27,46.27,46.27,0,0
1626128405,46.27,46.27,46.27,46.27,46.27,0,0
1626128410,46.27,46.27,46.27,46.27,46.27,0,0
1626128415,46.27,46.27,46.27,46.27,46.27,0,0
1626128420,46.27,46.27,46.27,46.27,46.27,0,0
1626128425,46.27,46.27,46.27,46.27,46.27,0,0
1626128430,46.27,46.27,46.27,46.27,46.27,0,0
1626128435,46.27,46.27,46.27,46.27,46.27,0,0
1626128440,46.27,46.27,46.27,46.27,46.27,0,0
1626128445,46.27,46.27,46.27,46.27,46.27,0,0
1626128450,46.27,46.27,46.27,46.27,46.27,0,0
1626128455,46.27,46.27,46.27,46.27,46.27,0,0
1626128460,46.27,46.27,46.27,46.27,46.27,0,0
1626128465,46.27,46.27,46.27,46.27,46.27,0,0
1626128470,46.27,46.27,46.27,46.27,46.27,0,0
1626128475,46.27,46.27,46.27,46.27,46.27,0,0
1626128480,46.27,46.27,46.27,46.27,46.27,0,0
1626128485,46.27,46.27,46.27,46.27,46.27,0,0
1626128490,46.27,46.27,46.27,46.27,46.27,0,0
1626128495,46.27,46.27,46.27,46.27,46.27,0,0
1626128500,46.27,46.27,46.27,46.27,46.27,0,0
1626128505,46.27,46.27,46.27,46.27,46.27,0,0
1626128510,46.27,46.27,46.27,46.27,46.27,0,0
1626128515,46.27,46.27,46.27,46.27,46.27,0,0
1626128520,46.27,46.27,46.27,46.27,46.27,0,0
1626128525,46.27,46.27,46.27,46.27,46.27,0,0
1626128530,46.27,46.27,46.27,46.27,46.27,0,0
1626128535,46.27,46.27,46.27,46.27,46.27,0,0
1626128540,46.27,46.27,46.27,46.27,46.27,0,0
1626128545,46.27,46.27,46.27,46.27,46.27,0,0
1626128550,46.27,46.27,46.27,46.27,46.27,0,0
1626128555,46.27,46.27,46.27,46.27,46.27,0,0
1626128560,46.27,46.27,46.27,46.27,46.27,0,0
1626128565,46.27,46.27,46.27,46.27,46.27,0,0
1626128570,46.27,46.27,46.27,46.27,46.27,0,0
1626128575,46.27,46.27,46.27,46.27,46.27,0,0
1626128580,46.27,46.27,46.27,46.27,46.27,0,0
1626128585,46.27,46.27,46.27,46.27,46.27,0,0
1626128590,46.27,46.27,46.27,46.27,46.27,0,0
1626128595,46.27,46.27,46.27,46.27,46.27,0,0
1626128600,46.27,46.27,46.27,46.27,46.27,0,0
1626128605,46.27,46.27,46.27,46.27,46.27,0,0
1626128610,46.27,46.27,46.27,46.27,46.27,0,0
1626128615,46.27,46.27,46.27,46.27,46.27,0,0
1626128620,46.27,46.27,46.27,46.27,46.27,0,0
1626128625,46.27,46.27,46.27,46.27,46.27,0,0
1626128630,46.27,46.27,46.27,46.27,46.27,0,0
1626128635,46.27,46.27,46.27,46.27,46.27,0,0
1626128640,46.27,46.27,46.27,46.27,46.27,0,0
1626128645,46.28,46.28,46.28,46.28,46.28,1,1
1626128650,46.28,46.28,46.28,46.28,46.28,0,0
1626128655,46.28,46.28,46.28,46.28,46.28,0,0
1626128660,46.28,46.28,46.28,46.28,46.28,0,0
1626128665,46.28,46.28,46.28,46.28,46.28,0,0
1626128670,46.28,46.28,46.28,46.28,46.28,0,0
1626128675,46.28,46.28,46.28,46.28,46.28,0,0
1626128680,46.28,46.28,46.28,46.28,46.28,0,0
1626128685,46.28,46.28,46.28,46.28,46.28,0,0
1626128690,46.28,46.28,46.28,46.28,46.28,0,0
1626128695,46.28,46.28,46.28,46.28,46.28,0,0
1626128700,46.28,46.28,46.28,46.28,46.28,0,0
1626128705,46.28,46.28,46.28,46.28,46.28,0,0
1626128710,46.28,46.28,46.28,46.28,46.28,0,0
1626128715,46.28,46.28,46.28,46.28,46.28,0,0
1626128720,46.28,46.28,46.28,46.28,46.28,0,0
1626128725,46.28,46.28,46.28,46.28,46.28,0,0
1626128730,46.28,46.28,46.28,46.28,46.28,0,0
1626128735,46.28,46.28,46.28,46.28,46.28,0,0
1626128740,46.28,46.28,46.28,46.28,46.28,0,0
1626128745,46.28,46.28,46.28,46.28,46.28,0,0
1626128750,46.26,46.26,46.26,46.26,46.26,12,1
1626128755,46.26,46.26,46.26,46.26,46.26,0,0
1626128760,46.26,46.26,46.26,46.26,46.26,0,0
1626128765,46.26,46.26,46.26,46.26,46.26,0,0
1626128770,46.26,46.26,46.26,46.26,46.26,0,0
1626128775,46.26,46.26,46.26,46.26,46.26,0,0
1626128780,46.26,46.26,46.26,46.26,46.26,0,0
1626128785,46.28,46.28,46.28,46.28,46.28,1,1
1626128790,46.28,46.28,46.28,46.28,46.28,0,0
1626128795,46.28,46.28,46.28,46.28,46.28,1,1
1626128800,46.28,46.28,46.28,46.28,46.28,0,0
1626128805,46.28,46.28,46.28,46.28,46.28,0,0
