date,open,high,low,close,average,volume,count
1631520770,114.4,114.4,114.4,114.4,114.4,1,1
1631520775,114.4,114.4,114.4,114.4,114.4,0,0
1631520780,114.4,114.4,114.4,114.4,114.4,0,0
1631520785,114.4,114.4,114.4,114.4,114.4,0,0
1631520790,114.4,114.4,114.4,114.4,114.4,0,0
1631520795,114.4,114.4,114.4,114.4,114.4,0,0
1631520800,114.4,114.4,114.4,114.4,114.4,0,0
1631520805,114.4,114.4,114.4,114.4,114.4,0,0
1631520810,114.4,114.4,114.4,114.4,114.4,0,0
1631520815,114.4,114.4,114.4,114.4,114.4,0,0
1631520820,114.4,114.4,114.4,114.4,114.4,0,0
1631520825,114.4,114.4,114.4,114.4,114.4,0,0
1631520830,114.4,114.4,114.4,114.4,114.4,0,0
1631520835,114.4,114.4,114.4,114.4,114.4,0,0
1631520840,114.4,114.4,114.4,114.4,114.4,0,0
1631520845,114.4,114.4,114.4,114.4,114.4,0,0
1631520850,114.4,114.4,114.4,114.4,114.4,0,0
1631520855,114.4,114.4,114.4,114.4,114.4,0,0
1631520860,114.4,114.4,114.4,114.4,114.4,0,0
1631520865,114.4,114.4,114.4,114.4,114.4,0,0
1631520870,114.4,114.4,114.4,114.4,114.4,0,0
1631520875,114.4,114.4,114.4,114.4,114.4,0,0
1631520880,114.4,114.4,114.4,114.4,114.4,0,0
1631520885,114.4,114.4,114.4,114.4,114.4,0,0
1631520890,114.4,114.4,114.4,114.4,114.4,0,0
1631520895,114.4,114.4,114.4,114.4,114.4,0,0
1631520900,114.4,114.4,114.4,114.4,114.4,0,0
1631520905,114.4,114.4,114.4,114.4,114.4,0,0
1631520910,114.4,114.4,114.4,114.4,114.4,0,0
1631520915,114.4,114.4,114.4,114.4,114.4,0,0
1631520920,114.4,114.4,114.4,114.4,114.4,0,0
1631520925,114.4,114.4,114.4,114.4,114.4,0,0
1631520930,114.4,114.4,114.4,114.4,114.4,0,0
1631520935,114.4,114.4,114.4,114.4,114.4,0,0
1631520940,114.4,114.4,114.4,114.4,114.4,0,0
1631520945,114.4,114.4,114.4,114.4,114.4,0,0
1631520950,114.4,114.4,114.4,114.4,114.4,0,0
1631520955,114.4,114.4,114.4,114.4,114.4,0,0
1631520960,114.4,114.4,114.4,114.4,114.4,0,0
1631520965,114.4,114.4,114.4,114.4,114.4,0,0
1631520970,114.4,114.4,114.4,114.4,114.4,0,0
1631520975,114.4,114.4,114.4,114.4,114.4,0,0
1631520980,114.4,114.4,114.4,114.4,114.4,0,0
1631520985,114.4,114.4,114.4,114.4,114.4,0,0
1631520990,114.4,114.4,114.4,114.4,114.4,0,0
1631520995,114.4,114.4,114.4,114.4,114.4,0,0
1631521000,114.4,114.4,114.4,114.4,114.4,0,0
1631521005,114.4,114.4,114.4,114.4,114.4,0,0
1631521010,114.4,114.4,114.4,114.4,114.4,0,0
1631521015,114.4,114.4,114.4,114.4,114.4,0,0
1631521020,114.4,114.4,114.4,114.4,114.4,0,0
1631521025,114.4,114.4,114.4,114.4,114.4,0,0
1631521030,114.4,114.4,114.4,114.4,114.4,0,0
1631521035,114.4,114.4,114.4,114.4,114.4,0,0
1631521040,114.4,114.4,114.4,114.4,114.4,0,0
1631521045,114.4,114.4,114.4,114.4,114.4,0,0
1631521050,114.4,114.4,114.4,114.4,114.4,0,0
1631521055,114.4,114.4,114.4,114.4,114.4,0,0
1631521060,114.4,114.4,114.4,114.4,114.4,0,0
1631521065,114.4,114.4,114.4,114.4,114.4,0,0
1631521070,114.4,114.4,114.4,114.4,114.4,0,0
1631521075,114.4,114.4,114.4,114.4,114.4,0,0
1631521080,114.4,114.4,114.4,114.4,114.4,0,0
1631521085,114.4,114.4,114.4,114.4,114.4,0,0
1631521090,114.4,114.4,114.4,114.4,114.4,0,0
1631521095,114.4,114.4,114.4,114.4,114.4,0,0
1631521100,114.4,114.4,114.4,114.4,114.4,0,0
1631521105,114.4,114.4,114.4,114.4,114.4,0,0
1631521110,114.4,114.4,114.4,114.4,114.4,0,0
1631521115,114.4,114.4,114.4,114.4,114.4,0,0
1631521120,114.4,114.4,114.4,114.4,114.4,0,0
1631521125,114.4,114.4,114.4,114.4,114.4,0,0
1631521130,114.4,114.4,114.4,114.4,114.4,0,0
1631521135,114.4,114.4,114.4,114.4,114.4,0,0
1631521140,114.4,114.4,114.4,114.4,114.4,0,0
1631521145,114.4,114.4,114.4,114.4,114.4,0,0
1631521150,114.4,114.4,114.4,114.4,114.4,0,0
1631521155,114.4,114.4,114.4,114.4,114.4,0,0
1631521160,114.4,114.4,114.4,114.4,114.4,0,0
1631521165,114.4,114.4,114.4,114.4,114.4,0,0
1631521170,114.4,114.4,114.4,114.4,114.4,0,0
1631521175,114.4,114.4,114.4,114.4,114.4,0,0
1631521180,114.4,114.4,114.4,114.4,114.4,0,0
1631521185,114.4,114.4,114.4,114.4,114.4,0,0
1631521190,114.4,114.4,114.4,114.4,114.4,0,0
1631521195,114.4,114.4,114.4,114.4,114.4,0,0
1631521200,114.4,114.4,114.4,114.4,114.4,0,0
1631521205,114.4,114.4,114.4,114.4,114.4,0,0
1631521210,114.4,114.4,114.4,114.4,114.4,0,0
1631521215,114.4,114.4,114.4,114.4,114.4,0,0
1631521220,114.4,114.4,114.4,114.4,114.4,0,0
1631521225,114.4,114.4,114.4,114.4,114.4,0,0
1631521230,114.4,114.4,114.4,114.4,114.4,0,0
1631521235,114.4,114.4,114.4,114.4,114.4,0,0
1631521240,114.4,114.4,114.4,114.4,114.4,0,0
1631521245,114.4,114.4,114.4,114.4,114.4,0,0
1631521250,114.4,114.4,114.4,114.4,114.4,0,0
1631521255,114.4,114.4,114.4,114.4,114.4,0,0
1631521260,114.4,114.4,114.4,114.4,114.4,0,0
1631521265,114.4,114.4,114.4,114.4,114.4,0,0
1631521270,114.4,114.4,114.4,114.4,114.4,0,0
1631521275,114.4,114.4,114.4,114.4,114.4,0,0
1631521280,114.4,114.4,114.4,114.4,114.4,0,0
1631521285,114.4,114.4,114.4,114.4,114.4,0,0
1631521290,114.4,114.4,114.4,114.4,114.4,0,0
1631521295,114.4,114.4,114.4,114.4,114.4,0,0
1631521300,114.4,114.4,114.4,114.4,114.4,0,0
1631521305,114.4,114.4,114.4,114.4,114.4,0,0
1631521310,114.4,114.4,114.4,114.4,114.4,0,0
1631521315,114.4,114.4,114.4,114.4,114.4,0,0
1631521320,114.4,114.4,114.4,114.4,114.4,0,0
1631521325,114.4,114.4,114.4,114.4,114.4,0,0
1631521330,114.4,114.4,114.4,114.4,114.4,0,0
1631521335,114.4,114.4,114.4,114.4,114.4,0,0
1631521340,114.4,114.4,114.4,114.4,114.4,0,0
1631521345,114.4,114.4,114.4,114.4,114.4,0,0
1631521350,114.4,114.4,114.4,114.4,114.4,0,0
1631521355,114.4,114.4,114.4,114.4,114.4,0,0
1631521360,114.4,114.4,114.4,114.4,114.4,0,0
1631521365,114.41,114.41,114.41,114.41,114.41,1,1
1631521370,114.41,114.41,114.41,114.41,114.41,0,0
1631521375,114.41,114.41,114.41,114.41,114.41,0,0
1631521380,114.41,114.41,114.41,114.41,114.41,0,0
1631521385,114.41,114.41,114.41,114.41,114.41,0,0
1631521390,114.41,114.41,114.41,114.41,114.41,0,0
1631521395,114.41,114.41,114.41,114.41,114.41,0,0
1631521400,114.41,114.41,114.41,114.41,114.41,0,0
1631521405,114.41,114.41,114.41,114.41,114.41,0,0
1631521410,114.41,114.41,114.41,114.41,114.41,0,0
1631521415,114.41,114.41,114.41,114.41,114.41,0,0
1631521420,114.41,114.41,114.41,114.41,114.41,0,0
1631521425,114.41,114.41,114.41,114.41,114.41,0,0
1631521430,114.41,114.41,114.41,114.41,114.41,0,0
1631521435,114.41,114.41,114.41,114.41,114.41,0,0
1631521440,114.41,114.41,114.41,114.41,114.41,0,0
1631521445,114.41,114.41,114.41,114.41,114.41,0,0
1631521450,114.41,114.41,114.41,114.41,114.41,0,0
1631521455,114.41,114.41,114.41,114.41,114.41,0,0
1631521460,114.41,114.41,114.41,114.41,114.41,0,0
1631521465,114.41,114.41,114.41,114.41,114.41,0,0
1631521470,114.41,114.41,114.41,114.41,114.41,0,0
1631521475,114.41,114.41,114.41,114.41,114.41,0,0
1631521480,114.41,114.41,114.41,114.41,114.41,0,0
1631521485,114.41,114.41,114.41,114.41,114.41,0,0
1631521490,114.41,114.41,114.41,114.41,114.41,0,0
1631521495,114.41,114.41,114.41,114.41,114.41,0,0
1631521500,114.41,114.41,114.41,114.41,114.41,0,0
1631521505,114.41,114.41,114.41,114.41,114.41,0,0
1631521510,114.41,114.41,114.41,114.41,114.41,0,0
1631521515,114.41,114.41,114.41,114.41,114.41,0,0
1631521520,114.41,114.41,114.41,114.41,114.41,0,0
1631521525,114.41,114.41,114.41,114.41,114.41,0,0
1631521530,114.41,114.41,114.41,114.41,114.41,0,0
1631521535,114.41,114.41,114.41,114.41,114.41,0,0
1631521540,114.41,114.41,114.41,114.41,114.41,0,0
1631521545,114.41,114.41,114.41,114.41,114.41,0,0
1631521550,114.41,114.41,114.41,114.41,114.41,0,0
1631521555,114.41,114.41,114.41,114.41,114.41,0,0
1631521560,114.41,114.41,114.41,114.41,114.41,0,0
1631521565,114.41,114.41,114.41,114.41,114.41,0,0
1631521570,114.41,114.41,114.41,114.41,114.41,0,0
1631521575,114.41,114.41,114.41,114.41,114.41,0,0
1631521580,114.41,114.41,114.41,114.41,114.41,0,0
1631521585,114.41,114.41,114.41,114.41,114.41,0,0
1631521590,114.41,114.41,114.41,114.41,114.41,0,0
1631521595,114.41,114.41,114.41,114.41,114.41,0,0
1631521600,114.41,114.41,114.41,114.41,114.41,0,0
1631521605,114.41,114.41,114.41,114.41,114.41,0,0
1631521610,114.41,114.41,114.41,114.41,114.41,0,0
1631521615,114.41,114.41,114.41,114.41,114.41,0,0
1631521620,114.41,114.41,114.41,114.41,114.41,0,0
1631521625,114.41,114.41,114.41,114.41,114.41,0,0
1631521630,114.41,114.41,114.41,114.41,114.41,0,0
1631521635,114.41,114.41,114.41,114.41,114.41,0,0
1631521640,114.41,114.41,114.41,114.41,114.41,0,0
1631521645,114.41,114.41,114.41,114.41,114.41,0,0
1631521650,114.41,114.41,114.41,114.41,114.41,0,0
1631521655,114.41,114.41,114.41,114.41,114.41,0,0
1631521660,114.41,114.41,114.41,114.41,114.41,0,0
1631521665,114.41,114.41,114.41,114.41,114.41,0,0
1631521670,114.41,114.41,114.41,114.41,114.41,0,0
1631521675,114.41,114.41,114.41,114.41,114.41,0,0
1631521680,114.41,114.41,114.41,114.41,114.41,0,0
1631521685,114.41,114.41,114.41,114.41,114.41,0,0
1631521690,114.41,114.41,114.41,114.41,114.41,0,0
1631521695,114.41,114.41,114.41,114.41,114.41,0,0
1631521700,114.41,114.41,114.41,114.41,114.41,0,0
1631521705,114.41,114.41,114.41,114.41,114.41,0,0
1631521710,114.41,114.41,114.41,114.41,114.41,0,0
1631521715,114.41,114.41,114.41,114.41,114.41,0,0
1631521720,114.41,114.41,114.41,114.41,114.41,0,0
1631521725,114.41,114.41,114.41,114.41,114.41,0,0
1631521730,114.41,114.41,114.41,114.41,114.41,0,0
1631521735,114.41,114.41,114.41,114.41,114.41,0,0
1631521740,114.41,114.41,114.41,114.41,114.41,0,0
1631521745,114.41,114.41,114.41,114.41,114.41,0,0
1631521750,114.41,114.41,114.41,114.41,114.41,0,0
1631521755,114.41,114.41,114.41,114.41,114.41,0,0
1631521760,114.41,114.41,114.41,114.41,114.41,0,0
1631521765,114.41,114.41,114.41,114.41,114.41,0,0
1631521770,114.41,114.41,114.41,114.41,114.41,0,0
1631521775,114.41,114.41,114.41,114.41,114.41,0,0
1631521780,114.41,114.41,114.41,114.41,114.41,0,0
1631521785,114.41,114.41,114.41,114.41,114.41,0,0
1631521790,114.41,114.41,114.41,114.41,114.41,0,0
1631521795,114.41,114.41,114.41,114.41,114.41,0,0
1631521800,114.41,114.41,114.41,114.41,114.41,0,0
1631521805,114.41,114.41,114.41,114.41,114.41,0,0
1631521810,114.41,114.41,114.41,114.41,114.41,0,0
1631521815,114.41,114.41,114.41,114.41,114.41,0,0
1631521820,114.41,114.41,114.41,114.41,114.41,0,0
1631521825,114.41,114.41,114.41,114.41,114.41,0,0
1631521830,114.41,114.41,114.41,114.41,114.41,0,0
1631521835,114.41,114.41,114.41,114.41,114.41,0,0
1631521840,114.41,114.41,114.41,114.41,114.41,0,0
1631521845,114.41,114.41,114.41,114.41,114.41,0,0
1631521850,114.41,114.41,114.41,114.41,114.41,0,0
1631521855,114.41,114.41,114.41,114.41,114.41,0,0
1631521860,114.41,114.41,114.41,114.41,114.41,0,0
1631521865,114.41,114.41,114.41,114.41,114.41,0,0
1631521870,114.41,114.41,114.41,114.41,114.41,0,0
1631521875,114.41,114.41,114.41,114.41,114.41,0,0
1631521880,114.41,114.41,114.41,114.41,114.41,0,0
1631521885,114.41,114.41,114.41,114.41,114.41,0,0
1631521890,114.41,114.41,114.41,114.41,114.41,0,0
1631521895,114.41,114.41,114.41,114.41,114.41,0,0
1631521900,114.41,114.41,114.41,114.41,114.41,0,0
1631521905,114.41,114.41,114.41,114.41,114.41,0,0
1631521910,114.41,114.41,114.41,114.41,114.41,0,0
1631521915,114.41,114.41,114.41,114.41,114.41,0,0
1631521920,114.41,114.41,114.41,114.41,114.41,0,0
1631521925,114.41,114.41,114.41,114.41,114.41,0,0
1631521930,114.41,114.41,114.41,114.41,114.41,0,0
1631521935,114.41,114.41,114.41,114.41,114.41,0,0
1631521940,114.41,114.41,114.41,114.41,114.41,0,0
1631521945,114.41,114.41,114.41,114.41,114.41,0,0
1631521950,114.41,114.41,114.41,114.41,114.41,0,0
1631521955,114.41,114.41,114.41,114.41,114.41,0,0
1631521960,114.41,114.41,114.41,114.41,114.41,0,0
1631521965,114.41,114.41,114.41,114.41,114.41,0,0
1631521970,114.41,114.41,114.41,114.41,114.41,0,0
1631521975,114.41,114.41,114.41,114.41,114.41,0,0
1631521980,114.41,114.41,114.41,114.41,114.41,0,0
1631521985,114.41,114.41,114.41,114.41,114.41,0,0
1631521990,114.41,114.41,114.41,114.41,114.41,0,0
1631521995,114.41,114.41,114.41,114.41,114.41,0,0
1631522000,114.41,114.41,114.41,114.41,114.41,0,0
1631522005,114.41,114.41,114.41,114.41,114.41,0,0
1631522010,114.41,114.41,114.41,114.41,114.41,0,0
1631522015,114.41,114.41,114.41,114.41,114.41,0,0
1631522020,114.41,114.41,114.41,114.41,114.41,0,0
1631522025,114.41,114.41,114.41,114.41,114.41,0,0
1631522030,114.41,114.41,114.41,114.41,114.41,0,0
1631522035,114.41,114.41,114.41,114.41,114.41,0,0
1631522040,114.41,114.41,114.41,114.41,114.41,0,0
1631522045,114.41,114.41,114.41,114.41,114.41,0,0
1631522050,114.41,114.41,114.41,114.41,114.41,0,0
1631522055,114.41,114.41,114.41,114.41,114.41,0,0
1631522060,114.41,114.41,114.41,114.41,114.41,0,0
1631522065,114.41,114.41,114.41,114.41,114.41,0,0
1631522070,114.41,114.41,114.41,114.41,114.41,0,0
1631522075,114.41,114.41,114.41,114.41,114.41,0,0
1631522080,114.41,114.41,114.41,114.41,114.41,0,0
1631522085,114.41,114.41,114.41,114.41,114.41,0,0
1631522090,114.41,114.41,114.41,114.41,114.41,0,0
1631522095,114.41,114.41,114.41,114.41,114.41,0,0
1631522100,114.41,114.41,114.41,114.41,114.41,0,0
1631522105,114.41,114.41,114.41,114.41,114.41,0,0
1631522110,114.41,114.41,114.41,114.41,114.41,0,0
1631522115,114.41,114.41,114.41,114.41,114.41,0,0
1631522120,114.41,114.41,114.41,114.41,114.41,0,0
1631522125,114.41,114.41,114.41,114.41,114.41,0,0
1631522130,114.41,114.41,114.41,114.41,114.41,0,0
1631522135,114.41,114.41,114.41,114.41,114.41,0,0
1631522140,114.41,114.41,114.41,114.41,114.41,0,0
1631522145,114.41,114.41,114.41,114.41,114.41,0,0
1631522150,114.41,114.41,114.41,114.41,114.41,0,0
1631522155,114.41,114.41,114.41,114.41,114.41,0,0
1631522160,114.41,114.41,114.41,114.41,114.41,0,0
1631522165,114.41,114.41,114.41,114.41,114.41,0,0
1631522170,114.41,114.41,114.41,114.41,114.41,0,0
1631522175,114.41,114.41,114.41,114.41,114.41,0,0
1631522180,114.41,114.41,114.41,114.41,114.41,0,0
1631522185,114.41,114.41,114.41,114.41,114.41,0,0
1631522190,114.41,114.41,114.41,114.41,114.41,0,0
1631522195,114.41,114.41,114.41,114.41,114.41,0,0
1631522200,114.41,114.41,114.41,114.41,114.41,0,0
1631522205,114.41,114.41,114.41,114.41,114.41,0,0
1631522210,114.41,114.41,114.41,114.41,114.41,0,0
1631522215,114.41,114.41,114.41,114.41,114.41,0,0
1631522220,114.41,114.41,114.41,114.41,114.41,0,0
1631522225,114.41,114.41,114.41,114.41,114.41,0,0
1631522230,114.41,114.41,114.41,114.41,114.41,0,0
1631522235,114.41,114.41,114.41,114.41,114.41,0,0
1631522240,114.41,114.41,114.41,114.41,114.41,0,0
1631522245,114.41,114.41,114.41,114.41,114.41,0,0
1631522250,114.41,114.41,114.41,114.41,114.41,0,0
1631522255,114.41,114.41,114.41,114.41,114.41,0,0
1631522260,114.41,114.41,114.41,114.41,114.41,0,0
1631522265,114.41,114.41,114.41,114.41,114.41,0,0
1631522270,114.41,114.41,114.41,114.41,114.41,0,0
1631522275,114.41,114.41,114.41,114.41,114.41,0,0
1631522280,114.41,114.41,114.41,114.41,114.41,0,0
1631522285,114.41,114.41,114.41,114.41,114.41,0,0
1631522290,114.41,114.41,114.41,114.41,114.41,0,0
1631522295,114.41,114.41,114.41,114.41,114.41,0,0
1631522300,114.41,114.41,114.41,114.41,114.41,0,0
1631522305,114.41,114.41,114.41,114.41,114.41,0,0
1631522310,114.41,114.41,114.41,114.41,114.41,0,0
1631522315,114.41,114.41,114.41,114.41,114.41,0,0
1631522320,114.41,114.41,114.41,114.41,114.41,0,0
1631522325,114.41,114.41,114.41,114.41,114.41,0,0
1631522330,114.41,114.41,114.41,114.41,114.41,0,0
1631522335,114.41,114.41,114.41,114.41,114.41,0,0
1631522340,114.41,114.41,114.41,114.41,114.41,0,0
1631522345,114.41,114.41,114.41,114.41,114.41,0,0
1631522350,114.41,114.41,114.41,114.41,114.41,0,0
1631522355,114.41,114.41,114.41,114.41,114.41,0,0
1631522360,114.41,114.41,114.41,114.41,114.41,0,0
1631522365,114.41,114.41,114.41,114.41,114.41,0,0
1631522370,114.41,114.41,114.41,114.41,114.41,0,0
1631522375,114.41,114.41,114.41,114.41,114.41,0,0
1631522380,114.41,114.41,114.41,114.41,114.41,0,0
1631522385,114.41,114.41,114.41,114.41,114.41,0,0
1631522390,114.41,114.41,114.41,114.41,114.41,0,0
1631522395,114.41,114.41,114.41,114.41,114.41,0,0
1631522400,114.41,114.41,114.41,114.41,114.41,0,0
1631522405,114.41,114.41,114.41,114.41,114.41,0,0
1631522410,114.41,114.41,114.41,114.41,114.41,0,0
1631522415,114.41,114.41,114.41,114.41,114.41,0,0
1631522420,114.41,114.41,114.41,114.41,114.41,0,0
1631522425,114.41,114.41,114.41,114.41,114.41,0,0
1631522430,114.41,114.41,114.41,114.41,114.41,0,0
1631522435,114.41,114.41,114.41,114.41,114.41,0,0
1631522440,114.41,114.41,114.41,114.41,114.41,0,0
1631522445,114.41,114.41,114.41,114.41,114.41,0,0
1631522450,114.41,114.41,114.41,114.41,114.41,0,0
1631522455,114.41,114.41,114.41,114.41,114.41,0,0
1631522460,114.41,114.41,114.41,114.41,114.41,0,0
1631522465,114.41,114.41,114.41,114.41,114.41,0,0
1631522470,114.41,114.41,114.41,114.41,114.41,0,0
1631522475,114.41,114.41,114.41,114.41,114.41,0,0
1631522480,114.41,114.41,114.41,114.41,114.41,0,0
1631522485,114.41,114.41,114.41,114.41,114.41,0,0
1631522490,114.41,114.41,114.41,114.41,114.41,0,0
1631522495,114.41,114.41,114.41,114.41,114.41,0,0
1631522500,114.41,114.41,114.41,114.41,114.41,0,0
1631522505,114.41,114.41,114.41,114.41,114.41,0,0
1631522510,114.41,114.41,114.41,114.41,114.41,0,0
1631522515,114.41,114.41,114.41,114.41,114.41,0,0
1631522520,114.41,114.41,114.41,114.41,114.41,0,0
1631522525,114.41,114.41,114.41,114.41,114.41,0,0
1631522530,114.41,114.41,114.41,114.41,114.41,0,0
1631522535,114.41,114.41,114.41,114.41,114.41,0,0
1631522540,114.41,114.41,114.41,114.41,114.41,0,0
1631522545,114.41,114.41,114.41,114.41,114.41,0,0
1631522550,114.41,114.41,114.41,114.41,114.41,0,0
1631522555,114.41,114.41,114.41,114.41,114.41,0,0
1631522560,114.41,114.41,114.41,114.41,114.41,0,0
1631522565,114.41,114.41,114.41,114.41,114.41,0,0
1631522570,114.41,114.41,114.41,114.41,114.41,0,0
1631522575,114.41,114.41,114.41,114.41,114.41,0,0
1631522580,114.41,114.41,114.41,114.41,114.41,0,0
1631522585,114.41,114.41,114.41,114.41,114.41,0,0
1631522590,114.41,114.41,114.41,114.41,114.41,0,0
1631522595,114.41,114.41,114.41,114.41,114.41,0,0
1631522600,114.41,114.41,114.41,114.41,114.41,0,0
1631522605,114.41,114.41,114.41,114.41,114.41,0,0
1631522610,114.41,114.41,114.41,114.41,114.41,0,0
1631522615,114.41,114.41,114.41,114.41,114.41,0,0
1631522620,114.41,114.41,114.41,114.41,114.41,0,0
1631522625,114.41,114.41,114.41,114.41,114.41,0,0
1631522630,114.41,114.41,114.41,114.41,114.41,0,0
1631522635,114.41,114.41,114.41,114.41,114.41,0,0
1631522640,114.41,114.41,114.41,114.41,114.41,0,0
1631522645,114.41,114.41,114.41,114.41,114.41,0,0
1631522650,114.41,114.41,114.41,114.41,114.41,0,0
1631522655,114.41,114.41,114.41,114.41,114.41,0,0
1631522660,114.41,114.41,114.41,114.41,114.41,0,0
1631522665,114.41,114.41,114.41,114.41,114.41,0,0
1631522670,114.41,114.41,114.41,114.41,114.41,0,0
1631522675,114.41,114.41,114.41,114.41,114.41,0,0
1631522680,114.41,114.41,114.41,114.41,114.41,0,0
1631522685,114.41,114.41,114.41,114.41,114.41,0,0
1631522690,114.41,114.41,114.41,114.41,114.41,0,0
1631522695,114.41,114.41,114.41,114.41,114.41,0,0
1631522700,114.41,114.41,114.41,114.41,114.41,0,0
1631522705,114.41,114.41,114.41,114.41,114.41,0,0
1631522710,114.41,114.41,114.41,114.41,114.41,0,0
1631522715,114.41,114.41,114.41,114.41,114.41,0,0
1631522720,114.41,114.41,114.41,114.41,114.41,0,0
1631522725,114.41,114.41,114.41,114.41,114.41,0,0
1631522730,114.41,114.41,114.41,114.41,114.41,0,0
1631522735,114.41,114.41,114.41,114.41,114.41,0,0
1631522740,114.41,114.41,114.41,114.41,114.41,0,0
1631522745,114.41,114.41,114.41,114.41,114.41,0,0
1631522750,114.41,114.41,114.41,114.41,114.41,0,0
1631522755,114.41,114.41,114.41,114.41,114.41,0,0
1631522760,114.41,114.41,114.41,114.41,114.41,0,0
1631522765,114.41,114.41,114.41,114.41,114.41,0,0
1631522770,114.41,114.41,114.41,114.41,114.41,0,0
1631522775,114.41,114.41,114.41,114.41,114.41,0,0
1631522780,114.41,114.41,114.41,114.41,114.41,0,0
1631522785,114.41,114.41,114.41,114.41,114.41,0,0
1631522790,114.41,114.41,114.41,114.41,114.41,0,0
1631522795,114.41,114.41,114.41,114.41,114.41,0,0
1631522800,114.41,114.41,114.41,114.41,114.41,0,0
1631522805,114.41,114.41,114.41,114.41,114.41,0,0
1631522810,114.41,114.41,114.41,114.41,114.41,0,0
1631522815,114.41,114.41,114.41,114.41,114.41,0,0
1631522820,114.45,114.45,114.45,114.45,114.45,1,1
1631522825,114.45,114.45,114.45,114.45,114.45,0,0
1631522830,114.45,114.45,114.45,114.45,114.45,0,0
1631522835,114.45,114.45,114.45,114.45,114.45,0,0
1631522840,114.45,114.45,114.45,114.45,114.45,0,0
1631522845,114.45,114.45,114.45,114.45,114.45,0,0
1631522850,114.45,114.45,114.45,114.45,114.45,0,0
1631522855,114.45,114.45,114.45,114.45,114.45,0,0
1631522860,114.45,114.45,114.45,114.45,114.45,0,0
1631522865,114.45,114.45,114.45,114.45,114.45,0,0
1631522870,114.45,114.45,114.45,114.45,114.45,0,0
1631522875,114.45,114.45,114.45,114.45,114.45,0,0
1631522880,114.45,114.45,114.45,114.45,114.45,0,0
1631522885,114.45,114.45,114.45,114.45,114.45,0,0
1631522890,114.45,114.45,114.45,114.45,114.45,0,0
1631522895,114.45,114.45,114.45,114.45,114.45,0,0
1631522900,114.45,114.45,114.45,114.45,114.45,0,0
1631522905,114.45,114.45,114.45,114.45,114.45,0,0
1631522910,114.45,114.45,114.45,114.45,114.45,0,0
1631522915,114.45,114.45,114.45,114.45,114.45,0,0
1631522920,114.45,114.45,114.45,114.45,114.45,0,0
1631522925,114.45,114.45,114.45,114.45,114.45,0,0
1631522930,114.45,114.45,114.45,114.45,114.45,0,0
1631522935,114.45,114.45,114.45,114.45,114.45,0,0
1631522940,114.45,114.45,114.45,114.45,114.45,0,0
1631522945,114.45,114.45,114.45,114.45,114.45,0,0
1631522950,114.45,114.45,114.45,114.45,114.45,0,0
1631522955,114.45,114.45,114.45,114.45,114.45,0,0
1631522960,114.45,114.45,114.45,114.45,114.45,0,0
1631522965,114.45,114.45,114.45,114.45,114.45,0,0
1631522970,114.45,114.45,114.45,114.45,114.45,0,0
1631522975,114.45,114.45,114.45,114.45,114.45,0,0
1631522980,114.45,114.45,114.45,114.45,114.45,0,0
1631522985,114.45,114.45,114.45,114.45,114.45,0,0
1631522990,114.45,114.45,114.45,114.45,114.45,0,0
1631522995,114.45,114.45,114.45,114.45,114.45,0,0
1631523000,114.45,114.45,114.45,114.45,114.45,0,0
1631523005,114.45,114.45,114.45,114.45,114.45,0,0
1631523010,114.45,114.45,114.45,114.45,114.45,0,0
1631523015,114.45,114.45,114.45,114.45,114.45,0,0
1631523020,114.45,114.45,114.45,114.45,114.45,0,0
1631523025,114.45,114.45,114.45,114.45,114.45,0,0
1631523030,114.45,114.45,114.45,114.45,114.45,0,0
1631523035,114.45,114.45,114.45,114.45,114.45,0,0
1631523040,114.45,114.45,114.45,114.45,114.45,0,0
1631523045,114.45,114.45,114.45,114.45,114.45,0,0
1631523050,114.45,114.45,114.45,114.45,114.45,0,0
1631523055,114.45,114.45,114.45,114.45,114.45,0,0
1631523060,114.45,114.45,114.45,114.45,114.45,0,0
1631523065,114.45,114.45,114.45,114.45,114.45,0,0
1631523070,114.45,114.45,114.45,114.45,114.45,0,0
1631523075,114.45,114.45,114.45,114.45,114.45,0,0
1631523080,114.45,114.45,114.45,114.45,114.45,0,0
1631523085,114.45,114.45,114.45,114.45,114.45,0,0
1631523090,114.45,114.45,114.45,114.45,114.45,0,0
1631523095,114.45,114.45,114.45,114.45,114.45,0,0
1631523100,114.45,114.45,114.45,114.45,114.45,0,0
1631523105,114.45,114.45,114.45,114.45,114.45,0,0
1631523110,114.45,114.45,114.45,114.45,114.45,0,0
1631523115,114.45,114.45,114.45,114.45,114.45,0,0
1631523120,114.45,114.45,114.45,114.45,114.45,0,0
1631523125,114.45,114.45,114.45,114.45,114.45,0,0
1631523130,114.45,114.45,114.45,114.45,114.45,0,0
1631523135,114.45,114.45,114.45,114.45,114.45,0,0
1631523140,114.45,114.45,114.45,114.45,114.45,0,0
1631523145,114.45,114.45,114.45,114.45,114.45,0,0
1631523150,114.45,114.45,114.45,114.45,114.45,0,0
1631523155,114.45,114.45,114.45,114.45,114.45,0,0
1631523160,114.45,114.45,114.45,114.45,114.45,0,0
1631523165,114.45,114.45,114.45,114.45,114.45,0,0
1631523170,114.45,114.45,114.45,114.45,114.45,0,0
1631523175,114.45,114.45,114.45,114.45,114.45,0,0
1631523180,114.45,114.45,114.45,114.45,114.45,0,0
1631523185,114.45,114.45,114.45,114.45,114.45,0,0
1631523190,114.45,114.45,114.45,114.45,114.45,0,0
1631523195,114.45,114.45,114.45,114.45,114.45,0,0
1631523200,114.45,114.45,114.45,114.45,114.45,0,0
1631523205,114.45,114.45,114.45,114.45,114.45,0,0
1631523210,114.45,114.45,114.45,114.45,114.45,0,0
1631523215,114.45,114.45,114.45,114.45,114.45,0,0
1631523220,114.45,114.45,114.45,114.45,114.45,0,0
1631523225,114.45,114.45,114.45,114.45,114.45,0,0
1631523230,114.45,114.45,114.45,114.45,114.45,0,0
1631523235,114.45,114.45,114.45,114.45,114.45,0,0
1631523240,114.45,114.45,114.45,114.45,114.45,0,0
1631523245,114.45,114.45,114.45,114.45,114.45,0,0
1631523250,114.45,114.45,114.45,114.45,114.45,0,0
1631523255,114.45,114.45,114.45,114.45,114.45,0,0
1631523260,114.45,114.45,114.45,114.45,114.45,0,0
1631523265,114.45,114.45,114.45,114.45,114.45,0,0
1631523270,114.45,114.45,114.45,114.45,114.45,0,0
1631523275,114.45,114.45,114.45,114.45,114.45,0,0
1631523280,114.45,114.45,114.45,114.45,114.45,0,0
1631523285,114.45,114.45,114.45,114.45,114.45,0,0
1631523290,114.45,114.45,114.45,114.45,114.45,0,0
1631523295,114.45,114.45,114.45,114.45,114.45,0,0
1631523300,114.45,114.45,114.45,114.45,114.45,0,0
1631523305,114.45,114.45,114.45,114.45,114.45,0,0
1631523310,114.45,114.45,114.45,114.45,114.45,0,0
1631523315,114.45,114.45,114.45,114.45,114.45,0,0
1631523320,114.45,114.45,114.45,114.45,114.45,0,0
1631523325,114.45,114.45,114.45,114.45,114.45,0,0
1631523330,114.45,114.45,114.45,114.45,114.45,0,0
1631523335,114.45,114.45,114.45,114.45,114.45,0,0
1631523340,114.45,114.45,114.45,114.45,114.45,0,0
1631523345,114.45,114.45,114.45,114.45,114.45,0,0
1631523350,114.45,114.45,114.45,114.45,114.45,0,0
1631523355,114.45,114.45,114.45,114.45,114.45,0,0
1631523360,114.45,114.45,114.45,114.45,114.45,0,0
1631523365,114.45,114.45,114.45,114.45,114.45,0,0
1631523370,114.45,114.45,114.45,114.45,114.45,0,0
1631523375,114.45,114.45,114.45,114.45,114.45,0,0
1631523380,114.45,114.45,114.45,114.45,114.45,0,0
1631523385,114.45,114.45,114.45,114.45,114.45,0,0
1631523390,114.45,114.45,114.45,114.45,114.45,0,0
1631523395,114.45,114.45,114.45,114.45,114.45,0,0
1631523400,114.45,114.45,114.45,114.45,114.45,0,0
1631523405,114.45,114.45,114.45,114.45,114.45,0,0
1631523410,114.45,114.45,114.45,114.45,114.45,0,0
1631523415,114.45,114.45,114.45,114.45,114.45,0,0
1631523420,114.45,114.45,114.45,114.45,114.45,0,0
1631523425,114.45,114.45,114.45,114.45,114.45,0,0
1631523430,114.45,114.45,114.45,114.45,114.45,0,0
1631523435,114.45,114.45,114.45,114.45,114.45,0,0
1631523440,114.45,114.45,114.45,114.45,114.45,0,0
1631523445,114.45,114.45,114.45,114.45,114.45,0,0
1631523450,114.45,114.45,114.45,114.45,114.45,0,0
1631523455,114.45,114.45,114.45,114.45,114.45,0,0
1631523460,114.45,114.45,114.45,114.45,114.45,0,0
1631523465,114.45,114.45,114.45,114.45,114.45,0,0
1631523470,114.45,114.45,114.45,114.45,114.45,0,0
1631523475,114.45,114.45,114.45,114.45,114.45,0,0
1631523480,114.45,114.45,114.45,114.45,114.45,0,0
1631523485,114.45,114.45,114.45,114.45,114.45,0,0
1631523490,114.45,114.45,114.45,114.45,114.45,0,0
1631523495,114.45,114.45,114.45,114.45,114.45,0,0
1631523500,114.45,114.45,114.45,114.45,114.45,0,0
1631523505,114.45,114.45,114.45,114.45,114.45,0,0
1631523510,114.45,114.45,114.45,114.45,114.45,0,0
1631523515,114.45,114.45,114.45,114.45,114.45,0,0
1631523520,114.45,114.45,114.45,114.45,114.45,0,0
1631523525,114.45,114.45,114.45,114.45,114.45,0,0
1631523530,114.45,114.45,114.45,114.45,114.45,0,0
1631523535,114.45,114.45,114.45,114.45,114.45,0,0
1631523540,114.45,114.45,114.45,114.45,114.45,0,0
1631523545,114.45,114.45,114.45,114.45,114.45,0,0
1631523550,114.45,114.45,114.45,114.45,114.45,0,0
1631523555,114.45,114.45,114.45,114.45,114.45,0,0
1631523560,114.45,114.45,114.45,114.45,114.45,0,0
1631523565,114.45,114.45,114.45,114.45,114.45,0,0
1631523570,114.45,114.45,114.45,114.45,114.45,0,0
1631523575,114.45,114.45,114.45,114.45,114.45,0,0
1631523580,114.45,114.45,114.45,114.45,114.45,0,0
1631523585,114.45,114.45,114.45,114.45,114.45,0,0
1631523590,114.45,114.45,114.45,114.45,114.45,0,0
1631523595,114.45,114.45,114.45,114.45,114.45,0,0
1631523600,114.45,114.45,114.45,114.45,114.45,0,0
1631523605,114.45,114.45,114.45,114.45,114.45,0,0
1631523610,114.45,114.45,114.45,114.45,114.45,0,0
1631523615,114.45,114.45,114.45,114.45,114.45,0,0
1631523620,114.45,114.45,114.45,114.45,114.45,0,0
1631523625,114.45,114.45,114.45,114.45,114.45,0,0
1631523630,114.45,114.45,114.45,114.45,114.45,0,0
1631523635,114.45,114.45,114.45,114.45,114.45,0,0
1631523640,114.45,114.45,114.45,114.45,114.45,0,0
1631523645,114.45,114.45,114.45,114.45,114.45,0,0
1631523650,114.45,114.45,114.45,114.45,114.45,0,0
1631523655,114.45,114.45,114.45,114.45,114.45,0,0
1631523660,114.45,114.45,114.45,114.45,114.45,0,0
1631523665,114.45,114.45,114.45,114.45,114.45,0,0
1631523670,114.45,114.45,114.45,114.45,114.45,0,0
1631523675,114.45,114.45,114.45,114.45,114.45,0,0
1631523680,114.45,114.45,114.45,114.45,114.45,0,0
1631523685,114.45,114.45,114.45,114.45,114.45,0,0
1631523690,114.45,114.45,114.45,114.45,114.45,0,0
1631523695,114.45,114.45,114.45,114.45,114.45,0,0
1631523700,114.45,114.45,114.45,114.45,114.45,0,0
1631523705,114.45,114.45,114.45,114.45,114.45,0,0
1631523710,114.45,114.45,114.45,114.45,114.45,0,0
1631523715,114.45,114.45,114.45,114.45,114.45,0,0
1631523720,114.45,114.45,114.45,114.45,114.45,0,0
1631523725,114.45,114.45,114.45,114.45,114.45,0,0
1631523730,114.45,114.45,114.45,114.45,114.45,0,0
1631523735,114.45,114.45,114.45,114.45,114.45,0,0
1631523740,114.45,114.45,114.45,114.45,114.45,0,0
1631523745,114.45,114.45,114.45,114.45,114.45,0,0
1631523750,114.45,114.45,114.45,114.45,114.45,0,0
1631523755,114.45,114.45,114.45,114.45,114.45,0,0
1631523760,114.45,114.45,114.45,114.45,114.45,0,0
1631523765,114.45,114.45,114.45,114.45,114.45,0,0
1631523770,114.45,114.45,114.45,114.45,114.45,0,0
1631523775,114.45,114.45,114.45,114.45,114.45,0,0
1631523780,114.45,114.45,114.45,114.45,114.45,0,0
1631523785,114.45,114.45,114.45,114.45,114.45,0,0
1631523790,114.45,114.45,114.45,114.45,114.45,0,0
1631523795,114.45,114.45,114.45,114.45,114.45,0,0
1631523800,114.45,114.45,114.45,114.45,114.45,0,0
1631523805,114.45,114.45,114.45,114.45,114.45,0,0
1631523810,114.45,114.45,114.45,114.45,114.45,0,0
1631523815,114.45,114.45,114.45,114.45,114.45,0,0
1631523820,114.45,114.45,114.45,114.45,114.45,0,0
1631523825,114.45,114.45,114.45,114.45,114.45,0,0
1631523830,114.45,114.45,114.45,114.45,114.45,0,0
1631523835,114.45,114.45,114.45,114.45,114.45,0,0
1631523840,114.45,114.45,114.45,114.45,114.45,0,0
1631523845,114.45,114.45,114.45,114.45,114.45,0,0
1631523850,114.45,114.45,114.45,114.45,114.45,0,0
1631523855,114.45,114.45,114.45,114.45,114.45,0,0
1631523860,114.45,114.45,114.45,114.45,114.45,0,0
1631523865,114.45,114.45,114.45,114.45,114.45,0,0
1631523870,114.45,114.45,114.45,114.45,114.45,0,0
1631523875,114.45,114.45,114.45,114.45,114.45,0,0
1631523880,114.45,114.45,114.45,114.45,114.45,0,0
1631523885,114.45,114.45,114.45,114.45,114.45,0,0
1631523890,114.45,114.45,114.45,114.45,114.45,0,0
1631523895,114.45,114.45,114.45,114.45,114.45,0,0
1631523900,114.45,114.45,114.45,114.45,114.45,0,0
1631523905,114.45,114.45,114.45,114.45,114.45,0,0
1631523910,114.45,114.45,114.45,114.45,114.45,0,0
1631523915,114.45,114.45,114.45,114.45,114.45,0,0
1631523920,114.45,114.45,114.45,114.45,114.45,0,0
1631523925,114.45,114.45,114.45,114.45,114.45,0,0
1631523930,114.45,114.45,114.45,114.45,114.45,0,0
1631523935,114.45,114.45,114.45,114.45,114.45,0,0
1631523940,114.45,114.45,114.45,114.45,114.45,0,0
1631523945,114.45,114.45,114.45,114.45,114.45,0,0
1631523950,114.45,114.45,114.45,114.45,114.45,0,0
1631523955,114.45,114.45,114.45,114.45,114.45,0,0
1631523960,114.45,114.45,114.45,114.45,114.45,0,0
1631523965,114.45,114.45,114.45,114.45,114.45,0,0
1631523970,114.45,114.45,114.45,114.45,114.45,0,0
1631523975,114.45,114.45,114.45,114.45,114.45,0,0
1631523980,114.45,114.45,114.45,114.45,114.45,0,0
1631523985,114.45,114.45,114.45,114.45,114.45,0,0
1631523990,114.45,114.45,114.45,114.45,114.45,0,0
1631523995,114.45,114.45,114.45,114.45,114.45,0,0
1631524000,114.45,114.45,114.45,114.45,114.45,0,0
1631524005,114.45,114.45,114.45,114.45,114.45,0,0
1631524010,114.45,114.45,114.45,114.45,114.45,0,0
1631524015,114.45,114.45,114.45,114.45,114.45,0,0
1631524020,114.45,114.45,114.45,114.45,114.45,0,0
1631524025,114.45,114.45,114.45,114.45,114.45,0,0
1631524030,114.45,114.45,114.45,114.45,114.45,0,0
1631524035,114.45,114.45,114.45,114.45,114.45,0,0
1631524040,114.45,114.45,114.45,114.45,114.45,0,0
1631524045,114.45,114.45,114.45,114.45,114.45,0,0
1631524050,114.45,114.45,114.45,114.45,114.45,0,0
1631524055,114.45,114.45,114.45,114.45,114.45,0,0
1631524060,114.45,114.45,114.45,114.45,114.45,0,0
1631524065,114.45,114.45,114.45,114.45,114.45,0,0
1631524070,114.45,114.45,114.45,114.45,114.45,0,0
1631524075,114.45,114.45,114.45,114.45,114.45,0,0
1631524080,114.45,114.45,114.45,114.45,114.45,0,0
1631524085,114.45,114.45,114.45,114.45,114.45,0,0
1631524090,114.45,114.45,114.45,114.45,114.45,0,0
1631524095,114.45,114.45,114.45,114.45,114.45,0,0
1631524100,114.45,114.45,114.45,114.45,114.45,0,0
1631524105,114.45,114.45,114.45,114.45,114.45,0,0
1631524110,114.45,114.45,114.45,114.45,114.45,0,0
1631524115,114.45,114.45,114.45,114.45,114.45,0,0
1631524120,114.45,114.45,114.45,114.45,114.45,0,0
1631524125,114.45,114.45,114.45,114.45,114.45,0,0
1631524130,114.45,114.45,114.45,114.45,114.45,0,0
1631524135,114.45,114.45,114.45,114.45,114.45,0,0
1631524140,114.45,114.45,114.45,114.45,114.45,0,0
1631524145,114.45,114.45,114.45,114.45,114.45,0,0
1631524150,114.45,114.45,114.45,114.45,114.45,0,0
1631524155,114.45,114.45,114.45,114.45,114.45,0,0
1631524160,114.45,114.45,114.45,114.45,114.45,0,0
1631524165,114.45,114.45,114.45,114.45,114.45,0,0
1631524170,114.45,114.45,114.45,114.45,114.45,0,0
1631524175,114.45,114.45,114.45,114.45,114.45,0,0
1631524180,114.45,114.45,114.45,114.45,114.45,0,0
1631524185,114.45,114.45,114.45,114.45,114.45,0,0
1631524190,114.45,114.45,114.45,114.45,114.45,0,0
1631524195,114.45,114.45,114.45,114.45,114.45,0,0
1631524200,114.45,114.45,114.45,114.45,114.45,0,0
1631524205,114.45,114.45,114.45,114.45,114.45,0,0
1631524210,114.45,114.45,114.45,114.45,114.45,0,0
1631524215,114.45,114.45,114.45,114.45,114.45,0,0
1631524220,114.45,114.45,114.45,114.45,114.45,0,0
1631524225,114.45,114.45,114.45,114.45,114.45,0,0
1631524230,114.45,114.45,114.45,114.45,114.45,0,0
1631524235,114.45,114.45,114.45,114.45,114.45,0,0
1631524240,114.45,114.45,114.45,114.45,114.45,0,0
1631524245,114.45,114.45,114.45,114.45,114.45,0,0
1631524250,114.45,114.45,114.45,114.45,114.45,0,0
1631524255,114.45,114.45,114.45,114.45,114.45,0,0
1631524260,114.45,114.45,114.45,114.45,114.45,0,0
1631524265,114.45,114.45,114.45,114.45,114.45,0,0
1631524270,114.45,114.45,114.45,114.45,114.45,0,0
1631524275,114.45,114.45,114.45,114.45,114.45,0,0
1631524280,114.45,114.45,114.45,114.45,114.45,0,0
1631524285,114.45,114.45,114.45,114.45,114.45,0,0
1631524290,114.45,114.45,114.45,114.45,114.45,0,0
1631524295,114.45,114.45,114.45,114.45,114.45,0,0
1631524300,114.45,114.45,114.45,114.45,114.45,0,0
1631524305,114.45,114.45,114.45,114.45,114.45,0,0
1631524310,114.45,114.45,114.45,114.45,114.45,0,0
1631524315,114.45,114.45,114.45,114.45,114.45,0,0
1631524320,114.45,114.45,114.45,114.45,114.45,0,0
1631524325,114.45,114.45,114.45,114.45,114.45,0,0
1631524330,114.45,114.45,114.45,114.45,114.45,0,0
1631524335,114.45,114.45,114.45,114.45,114.45,0,0
1631524340,114.45,114.45,114.45,114.45,114.45,0,0
1631524345,114.45,114.45,114.45,114.45,114.45,0,0
1631524350,114.45,114.45,114.45,114.45,114.45,0,0
1631524355,114.45,114.45,114.45,114.45,114.45,0,0
1631524360,114.45,114.45,114.45,114.45,114.45,0,0
1631524365,114.45,114.45,114.45,114.45,114.45,0,0
1631524370,114.45,114.45,114.45,114.45,114.45,0,0
1631524375,114.45,114.45,114.45,114.45,114.45,0,0
1631524380,114.45,114.45,114.45,114.45,114.45,0,0
1631524385,114.45,114.45,114.45,114.45,114.45,0,0
1631524390,114.45,114.45,114.45,114.45,114.45,0,0
1631524395,114.45,114.45,114.45,114.45,114.45,0,0
1631524400,114.45,114.45,114.45,114.45,114.45,0,0
1631524405,114.45,114.45,114.45,114.45,114.45,0,0
1631524410,114.45,114.45,114.45,114.45,114.45,0,0
1631524415,114.45,114.45,114.45,114.45,114.45,0,0
1631524420,114.45,114.45,114.45,114.45,114.45,0,0
1631524425,114.45,114.45,114.45,114.45,114.45,0,0
1631524430,114.45,114.45,114.45,114.45,114.45,0,0
1631524435,114.45,114.45,114.45,114.45,114.45,0,0
1631524440,114.45,114.45,114.45,114.45,114.45,0,0
1631524445,114.45,114.45,114.45,114.45,114.45,0,0
1631524450,114.45,114.45,114.45,114.45,114.45,0,0
1631524455,114.45,114.45,114.45,114.45,114.45,0,0
1631524460,114.45,114.45,114.45,114.45,114.45,0,0
1631524465,114.45,114.45,114.45,114.45,114.45,0,0
1631524470,114.45,114.45,114.45,114.45,114.45,0,0
1631524475,114.45,114.45,114.45,114.45,114.45,0,0
1631524480,114.45,114.45,114.45,114.45,114.45,0,0
1631524485,114.45,114.45,114.45,114.45,114.45,0,0
1631524490,114.45,114.45,114.45,114.45,114.45,0,0
1631524495,114.45,114.45,114.45,114.45,114.45,0,0
1631524500,114.45,114.45,114.45,114.45,114.45,0,0
1631524505,114.45,114.45,114.45,114.45,114.45,0,0
1631524510,114.45,114.45,114.45,114.45,114.45,0,0
1631524515,114.45,114.45,114.45,114.45,114.45,0,0
1631524520,114.45,114.45,114.45,114.45,114.45,0,0
1631524525,114.45,114.45,114.45,114.45,114.45,0,0
1631524530,114.45,114.45,114.45,114.45,114.45,0,0
1631524535,114.45,114.45,114.45,114.45,114.45,0,0
1631524540,114.45,114.45,114.45,114.45,114.45,0,0
1631524545,114.45,114.45,114.45,114.45,114.45,0,0
1631524550,114.45,114.45,114.45,114.45,114.45,0,0
1631524555,114.45,114.45,114.45,114.45,114.45,0,0
1631524560,114.45,114.45,114.45,114.45,114.45,0,0
1631524565,114.45,114.45,114.45,114.45,114.45,0,0
1631524570,114.45,114.45,114.45,114.45,114.45,0,0
1631524575,114.45,114.45,114.45,114.45,114.45,0,0
1631524580,114.45,114.45,114.45,114.45,114.45,0,0
1631524585,114.45,114.45,114.45,114.45,114.45,0,0
1631524590,114.45,114.45,114.45,114.45,114.45,0,0
1631524595,114.45,114.45,114.45,114.45,114.45,0,0
1631524600,114.45,114.45,114.45,114.45,114.45,0,0
1631524605,114.45,114.45,114.45,114.45,114.45,0,0
1631524610,114.45,114.45,114.45,114.45,114.45,0,0
1631524615,114.45,114.45,114.45,114.45,114.45,0,0
1631524620,114.45,114.45,114.45,114.45,114.45,0,0
1631524625,114.45,114.45,114.45,114.45,114.45,0,0
1631524630,114.45,114.45,114.45,114.45,114.45,0,0
1631524635,114.45,114.45,114.45,114.45,114.45,0,0
1631524640,114.45,114.45,114.45,114.45,114.45,0,0
1631524645,114.45,114.45,114.45,114.45,114.45,0,0
1631524650,114.45,114.45,114.45,114.45,114.45,0,0
1631524655,114.45,114.45,114.45,114.45,114.45,0,0
1631524660,114.45,114.45,114.45,114.45,114.45,0,0
1631524665,114.45,114.45,114.45,114.45,114.45,0,0
1631524670,114.45,114.45,114.45,114.45,114.45,0,0
1631524675,114.45,114.45,114.45,114.45,114.45,0,0
1631524680,114.45,114.45,114.45,114.45,114.45,0,0
1631524685,114.45,114.45,114.45,114.45,114.45,0,0
1631524690,114.45,114.45,114.45,114.45,114.45,0,0
1631524695,114.45,114.45,114.45,114.45,114.45,0,0
1631524700,114.45,114.45,114.45,114.45,114.45,0,0
1631524705,114.45,114.45,114.45,114.45,114.45,0,0
1631524710,114.45,114.45,114.45,114.45,114.45,0,0
1631524715,114.45,114.45,114.45,114.45,114.45,0,0
1631524720,114.45,114.45,114.45,114.45,114.45,0,0
1631524725,114.45,114.45,114.45,114.45,114.45,0,0
1631524730,114.45,114.45,114.45,114.45,114.45,0,0
1631524735,114.45,114.45,114.45,114.45,114.45,0,0
1631524740,114.45,114.45,114.45,114.45,114.45,0,0
1631524745,114.45,114.45,114.45,114.45,114.45,0,0
1631524750,114.45,114.45,114.45,114.45,114.45,0,0
1631524755,114.45,114.45,114.45,114.45,114.45,0,0
1631524760,114.45,114.45,114.45,114.45,114.45,0,0
1631524765,114.45,114.45,114.45,114.45,114.45,0,0
1631524770,114.45,114.45,114.45,114.45,114.45,0,0
1631524775,114.45,114.45,114.45,114.45,114.45,0,0
1631524780,114.45,114.45,114.45,114.45,114.45,0,0
1631524785,114.45,114.45,114.45,114.45,114.45,0,0
1631524790,114.45,114.45,114.45,114.45,114.45,0,0
1631524795,114.45,114.45,114.45,114.45,114.45,0,0
1631524800,114.45,114.45,114.45,114.45,114.45,0,0
1631524805,114.45,114.45,114.45,114.45,114.45,0,0
1631524810,114.45,114.45,114.45,114.45,114.45,0,0
1631524815,114.45,114.45,114.45,114.45,114.45,0,0
1631524820,114.45,114.45,114.45,114.45,114.45,0,0
1631524825,114.45,114.45,114.45,114.45,114.45,0,0
1631524830,114.45,114.45,114.45,114.45,114.45,0,0
1631524835,114.45,114.45,114.45,114.45,114.45,0,0
1631524840,114.45,114.45,114.45,114.45,114.45,0,0
1631524845,114.45,114.45,114.45,114.45,114.45,0,0
1631524850,114.45,114.45,114.45,114.45,114.45,0,0
1631524855,114.45,114.45,114.45,114.45,114.45,0,0
1631524860,114.45,114.45,114.45,114.45,114.45,0,0
1631524865,114.45,114.45,114.45,114.45,114.45,0,0
1631524870,114.45,114.45,114.45,114.45,114.45,0,0
1631524875,114.45,114.45,114.45,114.45,114.45,0,0
1631524880,114.45,114.45,114.45,114.45,114.45,0,0
1631524885,114.45,114.45,114.45,114.45,114.45,0,0
1631524890,114.45,114.45,114.45,114.45,114.45,0,0
1631524895,114.45,114.45,114.45,114.45,114.45,0,0
1631524900,114.45,114.45,114.45,114.45,114.45,0,0
1631524905,114.45,114.45,114.45,114.45,114.45,0,0
1631524910,114.45,114.45,114.45,114.45,114.45,0,0
1631524915,114.45,114.45,114.45,114.45,114.45,0,0
1631524920,114.45,114.45,114.45,114.45,114.45,0,0
1631524925,114.45,114.45,114.45,114.45,114.45,0,0
1631524930,114.45,114.45,114.45,114.45,114.45,0,0
1631524935,114.45,114.45,114.45,114.45,114.45,0,0
1631524940,114.45,114.45,114.45,114.45,114.45,0,0
1631524945,114.45,114.45,114.45,114.45,114.45,0,0
1631524950,114.45,114.45,114.45,114.45,114.45,0,0
1631524955,114.45,114.45,114.45,114.45,114.45,0,0
1631524960,114.45,114.45,114.45,114.45,114.45,0,0
1631524965,114.45,114.45,114.45,114.45,114.45,0,0
1631524970,114.45,114.45,114.45,114.45,114.45,0,0
1631524975,114.45,114.45,114.45,114.45,114.45,0,0
1631524980,114.45,114.45,114.45,114.45,114.45,0,0
1631524985,114.45,114.45,114.45,114.45,114.45,0,0
1631524990,114.45,114.45,114.45,114.45,114.45,0,0
1631524995,114.45,114.45,114.45,114.45,114.45,0,0
1631525000,114.45,114.45,114.45,114.45,114.45,0,0
1631525005,114.45,114.45,114.45,114.45,114.45,0,0
1631525010,114.45,114.45,114.45,114.45,114.45,0,0
1631525015,114.45,114.45,114.45,114.45,114.45,0,0
1631525020,114.45,114.45,114.45,114.45,114.45,0,0
1631525025,114.45,114.45,114.45,114.45,114.45,0,0
1631525030,114.45,114.45,114.45,114.45,114.45,0,0
1631525035,114.45,114.45,114.45,114.45,114.45,0,0
1631525040,114.45,114.45,114.45,114.45,114.45,0,0
1631525045,114.45,114.45,114.45,114.45,114.45,0,0
1631525050,114.45,114.45,114.45,114.45,114.45,0,0
1631525055,114.45,114.45,114.45,114.45,114.45,0,0
1631525060,114.45,114.45,114.45,114.45,114.45,0,0
1631525065,114.45,114.45,114.45,114.45,114.45,0,0
1631525070,114.45,114.45,114.45,114.45,114.45,0,0
1631525075,114.45,114.45,114.45,114.45,114.45,0,0
1631525080,114.45,114.45,114.45,114.45,114.45,0,0
1631525085,114.45,114.45,114.45,114.45,114.45,0,0
1631525090,114.45,114.45,114.45,114.45,114.45,0,0
1631525095,114.45,114.45,114.45,114.45,114.45,0,0
1631525100,114.45,114.45,114.45,114.45,114.45,0,0
1631525105,114.45,114.45,114.45,114.45,114.45,0,0
1631525110,114.45,114.45,114.45,114.45,114.45,0,0
1631525115,114.45,114.45,114.45,114.45,114.45,0,0
1631525120,114.45,114.45,114.45,114.45,114.45,0,0
1631525125,114.45,114.45,114.45,114.45,114.45,0,0
1631525130,114.45,114.45,114.45,114.45,114.45,0,0
1631525135,114.45,114.45,114.45,114.45,114.45,0,0
1631525140,114.45,114.45,114.45,114.45,114.45,0,0
1631525145,114.45,114.45,114.45,114.45,114.45,0,0
1631525150,114.45,114.45,114.45,114.45,114.45,0,0
1631525155,114.45,114.45,114.45,114.45,114.45,0,0
1631525160,114.45,114.45,114.45,114.45,114.45,0,0
1631525165,114.45,114.45,114.45,114.45,114.45,0,0
1631525170,114.45,114.45,114.45,114.45,114.45,0,0
1631525175,114.45,114.45,114.45,114.45,114.45,0,0
1631525180,114.45,114.45,114.45,114.45,114.45,0,0
1631525185,114.45,114.45,114.45,114.45,114.45,0,0
1631525190,114.45,114.45,114.45,114.45,114.45,0,0
1631525195,114.45,114.45,114.45,114.45,114.45,0,0
1631525200,114.45,114.45,114.45,114.45,114.45,0,0
1631525205,114.45,114.45,114.45,114.45,114.45,0,0
1631525210,114.45,114.45,114.45,114.45,114.45,0,0
1631525215,114.45,114.45,114.45,114.45,114.45,0,0
1631525220,114.45,114.45,114.45,114.45,114.45,0,0
1631525225,114.45,114.45,114.45,114.45,114.45,0,0
1631525230,114.45,114.45,114.45,114.45,114.45,0,0
1631525235,114.45,114.45,114.45,114.45,114.45,0,0
1631525240,114.45,114.45,114.45,114.45,114.45,0,0
1631525245,114.45,114.45,114.45,114.45,114.45,0,0
1631525250,114.45,114.45,114.45,114.45,114.45,0,0
1631525255,114.45,114.45,114.45,114.45,114.45,0,0
1631525260,114.45,114.45,114.45,114.45,114.45,0,0
1631525265,114.45,114.45,114.45,114.45,114.45,0,0
1631525270,114.45,114.45,114.45,114.45,114.45,0,0
1631525275,114.45,114.45,114.45,114.45,114.45,0,0
1631525280,114.45,114.45,114.45,114.45,114.45,0,0
1631525285,114.45,114.45,114.45,114.45,114.45,0,0
1631525290,114.45,114.45,114.45,114.45,114.45,0,0
1631525295,114.45,114.45,114.45,114.45,114.45,0,0
1631525300,114.45,114.45,114.45,114.45,114.45,0,0
1631525305,114.45,114.45,114.45,114.45,114.45,0,0
1631525310,114.45,114.45,114.45,114.45,114.45,0,0
1631525315,114.45,114.45,114.45,114.45,114.45,0,0
1631525320,114.45,114.45,114.45,114.45,114.45,0,0
1631525325,114.45,114.45,114.45,114.45,114.45,0,0
1631525330,114.45,114.45,114.45,114.45,114.45,0,0
1631525335,114.45,114.45,114.45,114.45,114.45,0,0
1631525340,114.45,114.45,114.45,114.45,114.45,0,0
1631525345,114.45,114.45,114.45,114.45,114.45,0,0
1631525350,114.45,114.45,114.45,114.45,114.45,0,0
1631525355,114.45,114.45,114.45,114.45,114.45,0,0
1631525360,114.45,114.45,114.45,114.45,114.45,0,0
1631525365,114.45,114.45,114.45,114.45,114.45,0,0
1631525370,114.45,114.45,114.45,114.45,114.45,0,0
1631525375,114.45,114.45,114.45,114.45,114.45,0,0
1631525380,114.45,114.45,114.45,114.45,114.45,0,0
1631525385,114.45,114.45,114.45,114.45,114.45,0,0
1631525390,114.45,114.45,114.45,114.45,114.45,0,0
1631525395,114.45,114.45,114.45,114.45,114.45,0,0
1631525400,114.45,114.45,114.45,114.45,114.45,0,0
1631525405,114.45,114.45,114.45,114.45,114.45,0,0
1631525410,114.45,114.45,114.45,114.45,114.45,0,0
1631525415,114.45,114.45,114.45,114.45,114.45,0,0
1631525420,114.45,114.45,114.45,114.45,114.45,0,0
1631525425,114.45,114.45,114.45,114.45,114.45,0,0
1631525430,114.45,114.45,114.45,114.45,114.45,0,0
1631525435,114.45,114.45,114.45,114.45,114.45,0,0
1631525440,114.45,114.45,114.45,114.45,114.45,0,0
1631525445,114.45,114.45,114.45,114.45,114.45,0,0
1631525450,114.45,114.45,114.45,114.45,114.45,0,0
1631525455,114.45,114.45,114.45,114.45,114.45,0,0
1631525460,114.45,114.45,114.45,114.45,114.45,0,0
1631525465,114.45,114.45,114.45,114.45,114.45,0,0
1631525470,114.45,114.45,114.45,114.45,114.45,0,0
1631525475,114.45,114.45,114.45,114.45,114.45,0,0
1631525480,114.45,114.45,114.45,114.45,114.45,0,0
1631525485,114.45,114.45,114.45,114.45,114.45,0,0
1631525490,114.45,114.45,114.45,114.45,114.45,0,0
1631525495,114.45,114.45,114.45,114.45,114.45,0,0
1631525500,114.45,114.45,114.45,114.45,114.45,0,0
1631525505,114.45,114.45,114.45,114.45,114.45,0,0
1631525510,114.45,114.45,114.45,114.45,114.45,0,0
1631525515,114.45,114.45,114.45,114.45,114.45,0,0
1631525520,114.45,114.45,114.45,114.45,114.45,0,0
1631525525,114.45,114.45,114.45,114.45,114.45,0,0
1631525530,114.45,114.45,114.45,114.45,114.45,0,0
1631525535,114.45,114.45,114.45,114.45,114.45,0,0
1631525540,114.45,114.45,114.45,114.45,114.45,0,0
1631525545,114.45,114.45,114.45,114.45,114.45,0,0
1631525550,114.45,114.45,114.45,114.45,114.45,0,0
1631525555,114.45,114.45,114.45,114.45,114.45,0,0
1631525560,114.45,114.45,114.45,114.45,114.45,0,0
1631525565,114.45,114.45,114.45,114.45,114.45,0,0
1631525570,114.45,114.45,114.45,114.45,114.45,0,0
1631525575,114.45,114.45,114.45,114.45,114.45,0,0
1631525580,114.45,114.45,114.45,114.45,114.45,0,0
1631525585,114.45,114.45,114.45,114.45,114.45,0,0
1631525590,114.45,114.45,114.45,114.45,114.45,0,0
1631525595,114.45,114.45,114.45,114.45,114.45,0,0
1631525600,114.45,114.45,114.45,114.45,114.45,0,0
1631525605,114.45,114.45,114.45,114.45,114.45,0,0
1631525610,114.45,114.45,114.45,114.45,114.45,0,0
1631525615,114.45,114.45,114.45,114.45,114.45,0,0
1631525620,114.45,114.45,114.45,114.45,114.45,0,0
1631525625,114.45,114.45,114.45,114.45,114.45,0,0
1631525630,114.45,114.45,114.45,114.45,114.45,0,0
1631525635,114.45,114.45,114.45,114.45,114.45,0,0
1631525640,114.45,114.45,114.45,114.45,114.45,0,0
1631525645,114.45,114.45,114.45,114.45,114.45,0,0
1631525650,114.45,114.45,114.45,114.45,114.45,0,0
1631525655,114.45,114.45,114.45,114.45,114.45,0,0
1631525660,114.45,114.45,114.45,114.45,114.45,0,0
1631525665,114.45,114.45,114.45,114.45,114.45,0,0
1631525670,114.45,114.45,114.45,114.45,114.45,0,0
1631525675,114.45,114.45,114.45,114.45,114.45,0,0
1631525680,114.45,114.45,114.45,114.45,114.45,0,0
1631525685,114.45,114.45,114.45,114.45,114.45,0,0
1631525690,114.45,114.45,114.45,114.45,114.45,0,0
1631525695,114.45,114.45,114.45,114.45,114.45,0,0
1631525700,114.45,114.45,114.45,114.45,114.45,0,0
1631525705,114.45,114.45,114.45,114.45,114.45,0,0
1631525710,114.45,114.45,114.45,114.45,114.45,0,0
1631525715,114.45,114.45,114.45,114.45,114.45,0,0
1631525720,114.45,114.45,114.45,114.45,114.45,0,0
1631525725,114.45,114.45,114.45,114.45,114.45,0,0
1631525730,114.45,114.45,114.45,114.45,114.45,0,0
1631525735,114.45,114.45,114.45,114.45,114.45,0,0
1631525740,114.45,114.45,114.45,114.45,114.45,0,0
1631525745,114.45,114.45,114.45,114.45,114.45,0,0
1631525750,114.45,114.45,114.45,114.45,114.45,0,0
1631525755,114.45,114.45,114.45,114.45,114.45,0,0
1631525760,114.45,114.45,114.45,114.45,114.45,0,0
1631525765,114.45,114.45,114.45,114.45,114.45,0,0
1631525770,114.45,114.45,114.45,114.45,114.45,0,0
1631525775,114.45,114.45,114.45,114.45,114.45,0,0
1631525780,114.45,114.45,114.45,114.45,114.45,0,0
1631525785,114.45,114.45,114.45,114.45,114.45,0,0
1631525790,114.45,114.45,114.45,114.45,114.45,0,0
1631525795,114.45,114.45,114.45,114.45,114.45,0,0
1631525800,114.45,114.45,114.45,114.45,114.45,0,0
1631525805,114.45,114.45,114.45,114.45,114.45,0,0
1631525810,114.45,114.45,114.45,114.45,114.45,0,0
1631525815,114.45,114.45,114.45,114.45,114.45,0,0
1631525820,114.45,114.45,114.45,114.45,114.45,0,0
1631525825,114.45,114.45,114.45,114.45,114.45,0,0
1631525830,114.45,114.45,114.45,114.45,114.45,0,0
1631525835,114.45,114.45,114.45,114.45,114.45,0,0
1631525840,114.45,114.45,114.45,114.45,114.45,0,0
1631525845,114.45,114.45,114.45,114.45,114.45,0,0
1631525850,114.45,114.45,114.45,114.45,114.45,0,0
1631525855,114.45,114.45,114.45,114.45,114.45,0,0
1631525860,114.45,114.45,114.45,114.45,114.45,0,0
1631525865,114.45,114.45,114.45,114.45,114.45,0,0
1631525870,114.45,114.45,114.45,114.45,114.45,0,0
1631525875,114.45,114.45,114.45,114.45,114.45,0,0
1631525880,114.45,114.45,114.45,114.45,114.45,0,0
1631525885,114.45,114.45,114.45,114.45,114.45,0,0
1631525890,114.45,114.45,114.45,114.45,114.45,0,0
1631525895,114.45,114.45,114.45,114.45,114.45,0,0
1631525900,114.45,114.45,114.45,114.45,114.45,0,0
1631525905,114.45,114.45,114.45,114.45,114.45,0,0
1631525910,114.45,114.45,114.45,114.45,114.45,0,0
1631525915,114.45,114.45,114.45,114.45,114.45,0,0
1631525920,114.45,114.45,114.45,114.45,114.45,0,0
1631525925,114.45,114.45,114.45,114.45,114.45,0,0
1631525930,114.45,114.45,114.45,114.45,114.45,0,0
1631525935,114.45,114.45,114.45,114.45,114.45,0,0
1631525940,114.45,114.45,114.45,114.45,114.45,0,0
1631525945,114.45,114.45,114.45,114.45,114.45,0,0
1631525950,114.45,114.45,114.45,114.45,114.45,0,0
1631525955,114.45,114.45,114.45,114.45,114.45,0,0
1631525960,114.45,114.45,114.45,114.45,114.45,0,0
1631525965,114.45,114.45,114.45,114.45,114.45,0,0
1631525970,114.45,114.45,114.45,114.45,114.45,0,0
1631525975,114.45,114.45,114.45,114.45,114.45,0,0
1631525980,114.45,114.45,114.45,114.45,114.45,0,0
1631525985,114.45,114.45,114.45,114.45,114.45,0,0
1631525990,114.45,114.45,114.45,114.45,114.45,0,0
1631525995,114.45,114.45,114.45,114.45,114.45,0,0
1631526000,114.45,114.45,114.45,114.45,114.45,0,0
1631526005,114.45,114.45,114.45,114.45,114.45,0,0
1631526010,114.45,114.45,114.45,114.45,114.45,0,0
1631526015,114.45,114.45,114.45,114.45,114.45,0,0
1631526020,114.45,114.45,114.45,114.45,114.45,0,0
1631526025,114.45,114.45,114.45,114.45,114.45,0,0
1631526030,114.45,114.45,114.45,114.45,114.45,0,0
1631526035,114.45,114.45,114.45,114.45,114.45,0,0
1631526040,114.45,114.45,114.45,114.45,114.45,0,0
1631526045,114.45,114.45,114.45,114.45,114.45,0,0
1631526050,114.45,114.45,114.45,114.45,114.45,0,0
1631526055,114.45,114.45,114.45,114.45,114.45,0,0
1631526060,114.45,114.45,114.45,114.45,114.45,0,0
1631526065,114.45,114.45,114.45,114.45,114.45,0,0
1631526070,114.45,114.45,114.45,114.45,114.45,0,0
1631526075,114.45,114.45,114.45,114.45,114.45,0,0
1631526080,114.45,114.45,114.45,114.45,114.45,0,0
1631526085,114.45,114.45,114.45,114.45,114.45,0,0
1631526090,114.45,114.45,114.45,114.45,114.45,0,0
1631526095,114.45,114.45,114.45,114.45,114.45,0,0
1631526100,114.45,114.45,114.45,114.45,114.45,0,0
1631526105,114.45,114.45,114.45,114.45,114.45,0,0
1631526110,114.45,114.45,114.45,114.45,114.45,0,0
1631526115,114.45,114.45,114.45,114.45,114.45,0,0
1631526120,114.45,114.45,114.45,114.45,114.45,0,0
1631526125,114.45,114.45,114.45,114.45,114.45,0,0
1631526130,114.45,114.45,114.45,114.45,114.45,0,0
1631526135,114.45,114.45,114.45,114.45,114.45,0,0
1631526140,114.45,114.45,114.45,114.45,114.45,0,0
1631526145,114.45,114.45,114.45,114.45,114.45,0,0
1631526150,114.45,114.45,114.45,114.45,114.45,0,0
1631526155,114.45,114.45,114.45,114.45,114.45,0,0
1631526160,114.45,114.45,114.45,114.45,114.45,0,0
1631526165,114.45,114.45,114.45,114.45,114.45,0,0
1631526170,114.45,114.45,114.45,114.45,114.45,0,0
1631526175,114.45,114.45,114.45,114.45,114.45,0,0
1631526180,114.45,114.45,114.45,114.45,114.45,0,0
1631526185,114.45,114.45,114.45,114.45,114.45,0,0
1631526190,114.45,114.45,114.45,114.45,114.45,0,0
1631526195,114.45,114.45,114.45,114.45,114.45,0,0
1631526200,114.45,114.45,114.45,114.45,114.45,0,0
1631526205,114.45,114.45,114.45,114.45,114.45,0,0
1631526210,114.45,114.45,114.45,114.45,114.45,0,0
1631526215,114.45,114.45,114.45,114.45,114.45,0,0
1631526220,114.45,114.45,114.45,114.45,114.45,0,0
1631526225,114.45,114.45,114.45,114.45,114.45,0,0
1631526230,114.45,114.45,114.45,114.45,114.45,0,0
1631526235,114.45,114.45,114.45,114.45,114.45,0,0
1631526240,114.45,114.45,114.45,114.45,114.45,0,0
1631526245,114.45,114.45,114.45,114.45,114.45,0,0
1631526250,114.45,114.45,114.45,114.45,114.45,0,0
1631526255,114.45,114.45,114.45,114.45,114.45,0,0
1631526260,114.45,114.45,114.45,114.45,114.45,0,0
1631526265,114.45,114.45,114.45,114.45,114.45,0,0
1631526270,114.45,114.45,114.45,114.45,114.45,0,0
1631526275,114.45,114.45,114.45,114.45,114.45,0,0
1631526280,114.45,114.45,114.45,114.45,114.45,0,0
1631526285,114.45,114.45,114.45,114.45,114.45,0,0
1631526290,114.45,114.45,114.45,114.45,114.45,0,0
1631526295,114.45,114.45,114.45,114.45,114.45,0,0
1631526300,114.45,114.45,114.45,114.45,114.45,0,0
1631526305,114.45,114.45,114.45,114.45,114.45,0,0
1631526310,114.45,114.45,114.45,114.45,114.45,0,0
1631526315,114.45,114.45,114.45,114.45,114.45,0,0
1631526320,114.45,114.45,114.45,114.45,114.45,0,0
1631526325,114.45,114.45,114.45,114.45,114.45,0,0
1631526330,114.45,114.45,114.45,114.45,114.45,0,0
1631526335,114.45,114.45,114.45,114.45,114.45,0,0
1631526340,114.45,114.45,114.45,114.45,114.45,0,0
1631526345,114.45,114.45,114.45,114.45,114.45,0,0
1631526350,114.45,114.45,114.45,114.45,114.45,0,0
1631526355,114.45,114.45,114.45,114.45,114.45,0,0
1631526360,114.45,114.45,114.45,114.45,114.45,0,0
1631526365,114.45,114.45,114.45,114.45,114.45,0,0
1631526370,114.45,114.45,114.45,114.45,114.45,0,0
1631526375,114.45,114.45,114.45,114.45,114.45,0,0
1631526380,114.45,114.45,114.45,114.45,114.45,0,0
1631526385,114.45,114.45,114.45,114.45,114.45,0,0
1631526390,114.45,114.45,114.45,114.45,114.45,0,0
1631526395,114.45,114.45,114.45,114.45,114.45,0,0
1631526400,114.45,114.45,114.45,114.45,114.45,0,0
1631526405,114.45,114.45,114.45,114.45,114.45,0,0
1631526410,114.45,114.45,114.45,114.45,114.45,0,0
1631526415,114.45,114.45,114.45,114.45,114.45,0,0
1631526420,114.45,114.45,114.45,114.45,114.45,0,0
1631526425,114.45,114.45,114.45,114.45,114.45,0,0
1631526430,114.45,114.45,114.45,114.45,114.45,0,0
1631526435,114.45,114.45,114.45,114.45,114.45,0,0
1631526440,114.45,114.45,114.45,114.45,114.45,0,0
1631526445,114.45,114.45,114.45,114.45,114.45,0,0
1631526450,114.45,114.45,114.45,114.45,114.45,0,0
1631526455,114.45,114.45,114.45,114.45,114.45,0,0
1631526460,114.45,114.45,114.45,114.45,114.45,0,0
1631526465,114.45,114.45,114.45,114.45,114.45,0,0
1631526470,114.45,114.45,114.45,114.45,114.45,0,0
1631526475,114.45,114.45,114.45,114.45,114.45,0,0
1631526480,114.45,114.45,114.45,114.45,114.45,0,0
1631526485,114.45,114.45,114.45,114.45,114.45,0,0
1631526490,114.45,114.45,114.45,114.45,114.45,0,0
1631526495,114.45,114.45,114.45,114.45,114.45,0,0
1631526500,114.45,114.45,114.45,114.45,114.45,0,0
1631526505,114.45,114.45,114.45,114.45,114.45,0,0
1631526510,114.45,114.45,114.45,114.45,114.45,0,0
1631526515,114.45,114.45,114.45,114.45,114.45,0,0
1631526520,114.45,114.45,114.45,114.45,114.45,0,0
1631526525,114.45,114.45,114.45,114.45,114.45,0,0
1631526530,114.45,114.45,114.45,114.45,114.45,0,0
1631526535,114.45,114.45,114.45,114.45,114.45,0,0
1631526540,114.45,114.45,114.45,114.45,114.45,0,0
1631526545,114.45,114.45,114.45,114.45,114.45,0,0
1631526550,114.45,114.45,114.45,114.45,114.45,0,0
1631526555,114.45,114.45,114.45,114.45,114.45,0,0
1631526560,114.45,114.45,114.45,114.45,114.45,0,0
1631526565,114.45,114.45,114.45,114.45,114.45,0,0
1631526570,114.45,114.45,114.45,114.45,114.45,0,0
1631526575,114.45,114.45,114.45,114.45,114.45,0,0
1631526580,114.45,114.45,114.45,114.45,114.45,0,0
1631526585,114.45,114.45,114.45,114.45,114.45,0,0
1631526590,114.45,114.45,114.45,114.45,114.45,0,0
1631526595,114.45,114.45,114.45,114.45,114.45,0,0
1631526600,114.45,114.45,114.45,114.45,114.45,0,0
1631526605,114.45,114.45,114.45,114.45,114.45,0,0
1631526610,114.45,114.45,114.45,114.45,114.45,0,0
1631526615,114.45,114.45,114.45,114.45,114.45,0,0
1631526620,114.45,114.45,114.45,114.45,114.45,0,0
1631526625,114.45,114.45,114.45,114.45,114.45,0,0
1631526630,114.45,114.45,114.45,114.45,114.45,0,0
1631526635,114.45,114.45,114.45,114.45,114.45,0,0
1631526640,114.45,114.45,114.45,114.45,114.45,0,0
1631526645,114.45,114.45,114.45,114.45,114.45,0,0
1631526650,114.45,114.45,114.45,114.45,114.45,0,0
1631526655,114.45,114.45,114.45,114.45,114.45,0,0
1631526660,114.45,114.45,114.45,114.45,114.45,0,0
1631526665,114.45,114.45,114.45,114.45,114.45,0,0
1631526670,114.45,114.45,114.45,114.45,114.45,0,0
1631526675,114.45,114.45,114.45,114.45,114.45,0,0
1631526680,114.45,114.45,114.45,114.45,114.45,0,0
1631526685,114.45,114.45,114.45,114.45,114.45,0,0
1631526690,114.45,114.45,114.45,114.45,114.45,0,0
1631526695,114.45,114.45,114.45,114.45,114.45,0,0
1631526700,114.45,114.45,114.45,114.45,114.45,0,0
1631526705,114.45,114.45,114.45,114.45,114.45,0,0
1631526710,114.45,114.45,114.45,114.45,114.45,0,0
1631526715,114.45,114.45,114.45,114.45,114.45,0,0
1631526720,114.45,114.45,114.45,114.45,114.45,0,0
1631526725,114.45,114.45,114.45,114.45,114.45,0,0
1631526730,114.45,114.45,114.45,114.45,114.45,0,0
1631526735,114.45,114.45,114.45,114.45,114.45,0,0
1631526740,114.45,114.45,114.45,114.45,114.45,0,0
1631526745,114.45,114.45,114.45,114.45,114.45,0,0
1631526750,114.45,114.45,114.45,114.45,114.45,0,0
1631526755,114.45,114.45,114.45,114.45,114.45,0,0
1631526760,114.45,114.45,114.45,114.45,114.45,0,0
1631526765,114.45,114.45,114.45,114.45,114.45,0,0
1631526770,114.45,114.45,114.45,114.45,114.45,0,0
1631526775,114.45,114.45,114.45,114.45,114.45,0,0
1631526780,114.45,114.45,114.45,114.45,114.45,0,0
1631526785,114.45,114.45,114.45,114.45,114.45,0,0
1631526790,114.45,114.45,114.45,114.45,114.45,0,0
1631526795,114.45,114.45,114.45,114.45,114.45,0,0
1631526800,114.45,114.45,114.45,114.45,114.45,0,0
1631526805,114.45,114.45,114.45,114.45,114.45,0,0
1631526810,114.45,114.45,114.45,114.45,114.45,0,0
1631526815,114.45,114.45,114.45,114.45,114.45,0,0
1631526820,114.45,114.45,114.45,114.45,114.45,0,0
1631526825,114.45,114.45,114.45,114.45,114.45,0,0
1631526830,114.45,114.45,114.45,114.45,114.45,0,0
1631526835,114.45,114.45,114.45,114.45,114.45,0,0
1631526840,114.45,114.45,114.45,114.45,114.45,0,0
1631526845,114.45,114.45,114.45,114.45,114.45,0,0
1631526850,114.45,114.45,114.45,114.45,114.45,0,0
1631526855,114.45,114.45,114.45,114.45,114.45,0,0
1631526860,114.45,114.45,114.45,114.45,114.45,0,0
1631526865,114.45,114.45,114.45,114.45,114.45,0,0
1631526870,114.45,114.45,114.45,114.45,114.45,0,0
1631526875,114.45,114.45,114.45,114.45,114.45,0,0
1631526880,114.45,114.45,114.45,114.45,114.45,0,0
1631526885,114.45,114.45,114.45,114.45,114.45,0,0
1631526890,114.45,114.45,114.45,114.45,114.45,0,0
1631526895,114.45,114.45,114.45,114.45,114.45,0,0
1631526900,114.45,114.45,114.45,114.45,114.45,0,0
1631526905,114.45,114.45,114.45,114.45,114.45,0,0
1631526910,114.45,114.45,114.45,114.45,114.45,0,0
1631526915,114.45,114.45,114.45,114.45,114.45,0,0
1631526920,114.45,114.45,114.45,114.45,114.45,0,0
1631526925,114.45,114.45,114.45,114.45,114.45,0,0
1631526930,114.45,114.45,114.45,114.45,114.45,0,0
1631526935,114.45,114.45,114.45,114.45,114.45,0,0
1631526940,114.45,114.45,114.45,114.45,114.45,0,0
1631526945,114.45,114.45,114.45,114.45,114.45,0,0
1631526950,114.45,114.45,114.45,114.45,114.45,0,0
1631526955,114.45,114.45,114.45,114.45,114.45,0,0
1631526960,114.45,114.45,114.45,114.45,114.45,0,0
1631526965,114.45,114.45,114.45,114.45,114.45,0,0
1631526970,114.45,114.45,114.45,114.45,114.45,0,0
1631526975,114.45,114.45,114.45,114.45,114.45,0,0
1631526980,114.45,114.45,114.45,114.45,114.45,0,0
1631526985,114.45,114.45,114.45,114.45,114.45,0,0
1631526990,114.45,114.45,114.45,114.45,114.45,0,0
1631526995,114.45,114.45,114.45,114.45,114.45,0,0
1631527000,114.45,114.45,114.45,114.45,114.45,0,0
1631527005,114.45,114.45,114.45,114.45,114.45,0,0
1631527010,114.45,114.45,114.45,114.45,114.45,0,0
1631527015,114.45,114.45,114.45,114.45,114.45,0,0
1631527020,114.45,114.45,114.45,114.45,114.45,0,0
1631527025,114.45,114.45,114.45,114.45,114.45,0,0
1631527030,114.45,114.45,114.45,114.45,114.45,0,0
1631527035,114.45,114.45,114.45,114.45,114.45,0,0
1631527040,114.45,114.45,114.45,114.45,114.45,0,0
1631527045,114.45,114.45,114.45,114.45,114.45,0,0
1631527050,114.45,114.45,114.45,114.45,114.45,0,0
1631527055,114.45,114.45,114.45,114.45,114.45,0,0
1631527060,114.45,114.45,114.45,114.45,114.45,0,0
1631527065,114.45,114.45,114.45,114.45,114.45,0,0
1631527070,114.45,114.45,114.45,114.45,114.45,0,0
1631527075,114.45,114.45,114.45,114.45,114.45,0,0
1631527080,114.45,114.45,114.45,114.45,114.45,0,0
1631527085,114.45,114.45,114.45,114.45,114.45,0,0
1631527090,114.45,114.45,114.45,114.45,114.45,0,0
1631527095,114.45,114.45,114.45,114.45,114.45,0,0
1631527100,114.45,114.45,114.45,114.45,114.45,0,0
1631527105,114.45,114.45,114.45,114.45,114.45,0,0
1631527110,114.45,114.45,114.45,114.45,114.45,0,0
1631527115,114.45,114.45,114.45,114.45,114.45,0,0
1631527120,114.45,114.45,114.45,114.45,114.45,0,0
1631527125,114.45,114.45,114.45,114.45,114.45,0,0
1631527130,114.45,114.45,114.45,114.45,114.45,0,0
1631527135,114.45,114.45,114.45,114.45,114.45,0,0
1631527140,114.45,114.45,114.45,114.45,114.45,0,0
1631527145,114.45,114.45,114.45,114.45,114.45,0,0
1631527150,114.45,114.45,114.45,114.45,114.45,0,0
1631527155,114.45,114.45,114.45,114.45,114.45,0,0
1631527160,114.45,114.45,114.45,114.45,114.45,0,0
1631527165,114.45,114.45,114.45,114.45,114.45,0,0
1631527170,114.45,114.45,114.45,114.45,114.45,0,0
1631527175,114.45,114.45,114.45,114.45,114.45,0,0
1631527180,114.45,114.45,114.45,114.45,114.45,0,0
1631527185,114.45,114.45,114.45,114.45,114.45,0,0
1631527190,114.45,114.45,114.45,114.45,114.45,0,0
1631527195,114.45,114.45,114.45,114.45,114.45,0,0
1631527200,114.45,114.45,114.45,114.45,114.45,0,0
1631527205,114.45,114.45,114.45,114.45,114.45,0,0
1631527210,114.45,114.45,114.45,114.45,114.45,0,0
1631527215,114.45,114.45,114.45,114.45,114.45,0,0
1631527220,114.45,114.45,114.45,114.45,114.45,0,0
1631527225,114.45,114.45,114.45,114.45,114.45,0,0
1631527230,114.45,114.45,114.45,114.45,114.45,0,0
1631527235,114.45,114.45,114.45,114.45,114.45,0,0
1631527240,114.45,114.45,114.45,114.45,114.45,0,0
1631527245,114.45,114.45,114.45,114.45,114.45,0,0
1631527250,114.45,114.45,114.45,114.45,114.45,0,0
1631527255,114.45,114.45,114.45,114.45,114.45,0,0
1631527260,114.45,114.45,114.45,114.45,114.45,0,0
1631527265,114.45,114.45,114.45,114.45,114.45,0,0
1631527270,114.45,114.45,114.45,114.45,114.45,0,0
1631527275,114.45,114.45,114.45,114.45,114.45,0,0
1631527280,114.45,114.45,114.45,114.45,114.45,0,0
1631527285,114.45,114.45,114.45,114.45,114.45,0,0
1631527290,114.45,114.45,114.45,114.45,114.45,0,0
1631527295,114.45,114.45,114.45,114.45,114.45,0,0
1631527300,114.45,114.45,114.45,114.45,114.45,0,0
1631527305,114.45,114.45,114.45,114.45,114.45,0,0
1631527310,114.45,114.45,114.45,114.45,114.45,0,0
1631527315,114.45,114.45,114.45,114.45,114.45,0,0
1631527320,114.45,114.45,114.45,114.45,114.45,0,0
1631527325,114.45,114.45,114.45,114.45,114.45,0,0
1631527330,114.45,114.45,114.45,114.45,114.45,0,0
1631527335,114.45,114.45,114.45,114.45,114.45,0,0
1631527340,114.45,114.45,114.45,114.45,114.45,0,0
1631527345,114.45,114.45,114.45,114.45,114.45,0,0
1631527350,114.45,114.45,114.45,114.45,114.45,0,0
1631527355,114.45,114.45,114.45,114.45,114.45,0,0
1631527360,114.45,114.45,114.45,114.45,114.45,0,0
1631527365,114.45,114.45,114.45,114.45,114.45,0,0
1631527370,114.45,114.45,114.45,114.45,114.45,0,0
1631527375,114.45,114.45,114.45,114.45,114.45,0,0
1631527380,114.45,114.45,114.45,114.45,114.45,0,0
1631527385,114.45,114.45,114.45,114.45,114.45,0,0
1631527390,114.45,114.45,114.45,114.45,114.45,0,0
1631527395,114.45,114.45,114.45,114.45,114.45,0,0
1631527400,114.45,114.45,114.45,114.45,114.45,0,0
1631527405,114.45,114.45,114.45,114.45,114.45,0,0
1631527410,114.45,114.45,114.45,114.45,114.45,0,0
1631527415,114.45,114.45,114.45,114.45,114.45,0,0
1631527420,114.45,114.45,114.45,114.45,114.45,0,0
1631527425,114.45,114.45,114.45,114.45,114.45,0,0
1631527430,114.45,114.45,114.45,114.45,114.45,0,0
1631527435,114.45,114.45,114.45,114.45,114.45,0,0
1631527440,114.45,114.45,114.45,114.45,114.45,0,0
1631527445,114.45,114.45,114.45,114.45,114.45,0,0
1631527450,114.45,114.45,114.45,114.45,114.45,0,0
1631527455,114.45,114.45,114.45,114.45,114.45,0,0
1631527460,114.45,114.45,114.45,114.45,114.45,0,0
1631527465,114.45,114.45,114.45,114.45,114.45,0,0
1631527470,114.45,114.45,114.45,114.45,114.45,0,0
1631527475,114.45,114.45,114.45,114.45,114.45,0,0
1631527480,114.45,114.45,114.45,114.45,114.45,0,0
1631527485,114.45,114.45,114.45,114.45,114.45,0,0
1631527490,114.45,114.45,114.45,114.45,114.45,0,0
1631527495,114.45,114.45,114.45,114.45,114.45,0,0
1631527500,114.45,114.45,114.45,114.45,114.45,0,0
1631527505,114.45,114.45,114.45,114.45,114.45,0,0
1631527510,114.45,114.45,114.45,114.45,114.45,0,0
1631527515,114.45,114.45,114.45,114.45,114.45,0,0
1631527520,114.45,114.45,114.45,114.45,114.45,0,0
1631527525,114.45,114.45,114.45,114.45,114.45,0,0
1631527530,114.45,114.45,114.45,114.45,114.45,0,0
1631527535,114.45,114.45,114.45,114.45,114.45,0,0
1631527540,114.45,114.45,114.45,114.45,114.45,0,0
1631527545,114.45,114.45,114.45,114.45,114.45,0,0
1631527550,114.45,114.45,114.45,114.45,114.45,0,0
1631527555,114.45,114.45,114.45,114.45,114.45,0,0
1631527560,114.45,114.45,114.45,114.45,114.45,0,0
1631527565,114.45,114.45,114.45,114.45,114.45,0,0
1631527570,114.45,114.45,114.45,114.45,114.45,0,0
1631527575,114.45,114.45,114.45,114.45,114.45,0,0
1631527580,114.45,114.45,114.45,114.45,114.45,0,0
1631527585,114.45,114.45,114.45,114.45,114.45,0,0
1631527590,114.45,114.45,114.45,114.45,114.45,0,0
1631527595,114.45,114.45,114.45,114.45,114.45,0,0
1631527600,114.45,114.45,114.45,114.45,114.45,0,0
1631527605,114.45,114.45,114.45,114.45,114.45,0,0
1631527610,114.45,114.45,114.45,114.45,114.45,0,0
1631527615,114.45,114.45,114.45,114.45,114.45,0,0
1631527620,114.45,114.45,114.45,114.45,114.45,0,0
1631527625,114.45,114.45,114.45,114.45,114.45,0,0
1631527630,114.45,114.45,114.45,114.45,114.45,0,0
1631527635,114.45,114.45,114.45,114.45,114.45,0,0
1631527640,114.45,114.45,114.45,114.45,114.45,0,0
1631527645,114.45,114.45,114.45,114.45,114.45,0,0
1631527650,114.45,114.45,114.45,114.45,114.45,0,0
1631527655,114.45,114.45,114.45,114.45,114.45,0,0
1631527660,114.45,114.45,114.45,114.45,114.45,0,0
1631527665,114.45,114.45,114.45,114.45,114.45,0,0
1631527670,114.45,114.45,114.45,114.45,114.45,0,0
1631527675,114.45,114.45,114.45,114.45,114.45,0,0
1631527680,114.45,114.45,114.45,114.45,114.45,0,0
1631527685,114.45,114.45,114.45,114.45,114.45,0,0
1631527690,114.45,114.45,114.45,114.45,114.45,0,0
1631527695,114.45,114.45,114.45,114.45,114.45,0,0
1631527700,114.45,114.45,114.45,114.45,114.45,0,0
1631527705,114.45,114.45,114.45,114.45,114.45,0,0
1631527710,114.45,114.45,114.45,114.45,114.45,0,0
1631527715,114.45,114.45,114.45,114.45,114.45,0,0
1631527720,114.45,114.45,114.45,114.45,114.45,0,0
1631527725,114.45,114.45,114.45,114.45,114.45,0,0
1631527730,114.45,114.45,114.45,114.45,114.45,0,0
1631527735,114.45,114.45,114.45,114.45,114.45,0,0
1631527740,114.45,114.45,114.45,114.45,114.45,0,0
1631527745,114.45,114.45,114.45,114.45,114.45,0,0
1631527750,114.45,114.45,114.45,114.45,114.45,0,0
1631527755,114.45,114.45,114.45,114.45,114.45,0,0
1631527760,114.45,114.45,114.45,114.45,114.45,0,0
1631527765,114.45,114.45,114.45,114.45,114.45,0,0
1631527770,114.45,114.45,114.45,114.45,114.45,0,0
1631527775,114.45,114.45,114.45,114.45,114.45,0,0
1631527780,114.45,114.45,114.45,114.45,114.45,0,0
1631527785,114.45,114.45,114.45,114.45,114.45,0,0
1631527790,114.45,114.45,114.45,114.45,114.45,0,0
1631527795,114.45,114.45,114.45,114.45,114.45,0,0
1631527800,114.45,114.45,114.45,114.45,114.45,0,0
1631527805,114.45,114.45,114.45,114.45,114.45,0,0
1631527810,114.45,114.45,114.45,114.45,114.45,0,0
1631527815,114.45,114.45,114.45,114.45,114.45,0,0
1631527820,114.45,114.45,114.45,114.45,114.45,0,0
1631527825,114.45,114.45,114.45,114.45,114.45,0,0
1631527830,114.45,114.45,114.45,114.45,114.45,0,0
1631527835,114.45,114.45,114.45,114.45,114.45,0,0
1631527840,114.45,114.45,114.45,114.45,114.45,0,0
1631527845,114.45,114.45,114.45,114.45,114.45,0,0
1631527850,114.45,114.45,114.45,114.45,114.45,0,0
1631527855,114.45,114.45,114.45,114.45,114.45,0,0
1631527860,114.45,114.45,114.45,114.45,114.45,0,0
1631527865,114.45,114.45,114.45,114.45,114.45,0,0
1631527870,114.45,114.45,114.45,114.45,114.45,0,0
1631527875,114.45,114.45,114.45,114.45,114.45,0,0
1631527880,114.45,114.45,114.45,114.45,114.45,0,0
1631527885,114.45,114.45,114.45,114.45,114.45,0,0
1631527890,114.45,114.45,114.45,114.45,114.45,0,0
1631527895,114.45,114.45,114.45,114.45,114.45,0,0
1631527900,114.45,114.45,114.45,114.45,114.45,0,0
1631527905,114.45,114.45,114.45,114.45,114.45,0,0
1631527910,114.45,114.45,114.45,114.45,114.45,0,0
1631527915,114.45,114.45,114.45,114.45,114.45,0,0
1631527920,114.45,114.45,114.45,114.45,114.45,0,0
1631527925,114.45,114.45,114.45,114.45,114.45,0,0
1631527930,114.45,114.45,114.45,114.45,114.45,0,0
1631527935,114.45,114.45,114.45,114.45,114.45,0,0
1631527940,114.45,114.45,114.45,114.45,114.45,0,0
1631527945,114.45,114.45,114.45,114.45,114.45,0,0
1631527950,114.45,114.45,114.45,114.45,114.45,0,0
1631527955,114.45,114.45,114.45,114.45,114.45,0,0
1631527960,114.45,114.45,114.45,114.45,114.45,0,0
1631527965,114.45,114.45,114.45,114.45,114.45,0,0
1631527970,114.45,114.45,114.45,114.45,114.45,0,0
1631527975,114.45,114.45,114.45,114.45,114.45,0,0
1631527980,114.5,114.6,114.5,114.6,114.561,3,3
1631527985,114.6,114.6,114.6,114.6,114.6,0,0
1631527990,114.6,114.6,114.6,114.6,114.6,0,0
1631527995,114.6,114.6,114.6,114.6,114.6,0,0
1631528000,114.6,114.6,114.6,114.6,114.6,0,0
1631528005,114.6,114.6,114.6,114.6,114.6,0,0
1631528010,114.6,114.6,114.6,114.6,114.6,0,0
1631528015,114.6,114.6,114.6,114.6,114.6,0,0
1631528020,114.6,114.6,114.6,114.6,114.6,0,0
1631528025,114.6,114.6,114.6,114.6,114.6,0,0
1631528030,114.6,114.6,114.6,114.6,114.6,0,0
1631528035,114.6,114.6,114.6,114.6,114.6,0,0
1631528040,114.6,114.6,114.6,114.6,114.6,0,0
1631528045,114.6,114.6,114.6,114.6,114.6,0,0
1631528050,114.6,114.6,114.6,114.6,114.6,0,0
1631528055,114.6,114.6,114.6,114.6,114.6,0,0
1631528060,114.6,114.6,114.6,114.6,114.6,0,0
1631528065,114.6,114.6,114.6,114.6,114.6,0,0
1631528070,114.6,114.6,114.6,114.6,114.6,0,0
1631528075,114.6,114.6,114.6,114.6,114.6,0,0
1631528080,114.6,114.6,114.6,114.6,114.6,0,0
1631528085,114.6,114.6,114.6,114.6,114.6,0,0
1631528090,114.6,114.6,114.6,114.6,114.6,0,0
1631528095,114.6,114.6,114.6,114.6,114.6,0,0
1631528100,114.6,114.6,114.6,114.6,114.6,0,0
1631528105,114.6,114.6,114.6,114.6,114.6,0,0
1631528110,114.6,114.6,114.6,114.6,114.6,0,0
1631528115,114.6,114.6,114.6,114.6,114.6,0,0
1631528120,114.6,114.6,114.6,114.6,114.6,0,0
1631528125,114.6,114.6,114.6,114.6,114.6,0,0
1631528130,114.6,114.6,114.6,114.6,114.6,0,0
1631528135,114.6,114.6,114.6,114.6,114.6,0,0
1631528140,114.6,114.6,114.6,114.6,114.6,0,0
1631528145,114.6,114.6,114.6,114.6,114.6,0,0
1631528150,114.6,114.6,114.6,114.6,114.6,0,0
1631528155,114.6,114.6,114.6,114.6,114.6,0,0
1631528160,114.6,114.6,114.6,114.6,114.6,0,0
1631528165,114.6,114.6,114.6,114.6,114.6,0,0
1631528170,114.6,114.6,114.6,114.6,114.6,0,0
1631528175,114.6,114.6,114.6,114.6,114.6,0,0
1631528180,114.6,114.6,114.6,114.6,114.6,0,0
1631528185,114.6,114.6,114.6,114.6,114.6,0,0
1631528190,114.6,114.6,114.6,114.6,114.6,0,0
1631528195,114.6,114.6,114.6,114.6,114.6,0,0
1631528200,114.6,114.6,114.6,114.6,114.6,0,0
1631528205,114.6,114.6,114.6,114.6,114.6,0,0
1631528210,114.6,114.6,114.6,114.6,114.6,0,0
1631528215,114.6,114.6,114.6,114.6,114.6,0,0
1631528220,114.6,114.6,114.6,114.6,114.6,0,0
1631528225,114.6,114.6,114.6,114.6,114.6,0,0
1631528230,114.6,114.6,114.6,114.6,114.6,0,0
1631528235,114.6,114.6,114.6,114.6,114.6,0,0
1631528240,114.6,114.6,114.6,114.6,114.6,0,0
1631528245,114.6,114.6,114.6,114.6,114.6,0,0
1631528250,114.6,114.6,114.6,114.6,114.6,0,0
1631528255,114.6,114.6,114.6,114.6,114.6,0,0
1631528260,114.6,114.6,114.6,114.6,114.6,0,0
1631528265,114.6,114.6,114.6,114.6,114.6,0,0
1631528270,114.6,114.6,114.6,114.6,114.6,0,0
1631528275,114.6,114.6,114.6,114.6,114.6,0,0
1631528280,114.6,114.6,114.6,114.6,114.6,0,0
1631528285,114.6,114.6,114.6,114.6,114.6,0,0
1631528290,114.6,114.6,114.6,114.6,114.6,0,0
1631528295,114.6,114.6,114.6,114.6,114.6,0,0
1631528300,114.6,114.6,114.6,114.6,114.6,0,0
1631528305,114.6,114.6,114.6,114.6,114.6,0,0
1631528310,114.6,114.6,114.6,114.6,114.6,0,0
1631528315,114.6,114.6,114.6,114.6,114.6,0,0
1631528320,114.6,114.6,114.6,114.6,114.6,0,0
1631528325,114.6,114.6,114.6,114.6,114.6,0,0
1631528330,114.6,114.6,114.6,114.6,114.6,0,0
1631528335,114.6,114.6,114.6,114.6,114.6,0,0
1631528340,114.6,114.6,114.6,114.6,114.6,0,0
1631528345,114.6,114.6,114.6,114.6,114.6,0,0
1631528350,114.6,114.6,114.6,114.6,114.6,0,0
1631528355,114.6,114.6,114.6,114.6,114.6,0,0
1631528360,114.6,114.6,114.6,114.6,114.6,0,0
1631528365,114.6,114.6,114.6,114.6,114.6,0,0
1631528370,114.6,114.6,114.6,114.6,114.6,0,0
1631528375,114.6,114.6,114.6,114.6,114.6,0,0
1631528380,114.6,114.6,114.6,114.6,114.6,0,0
1631528385,114.6,114.6,114.6,114.6,114.6,0,0
1631528390,114.6,114.6,114.6,114.6,114.6,0,0
1631528395,114.6,114.6,114.6,114.6,114.6,0,0
1631528400,114.6,114.6,114.6,114.6,114.6,0,0
1631528405,114.6,114.6,114.6,114.6,114.6,0,0
1631528410,114.6,114.6,114.6,114.6,114.6,0,0
1631528415,114.6,114.6,114.6,114.6,114.6,0,0
1631528420,114.6,114.6,114.6,114.6,114.6,0,0
1631528425,114.6,114.6,114.6,114.6,114.6,0,0
1631528430,114.6,114.6,114.6,114.6,114.6,0,0
1631528435,114.7,114.7,114.7,114.7,114.7,1,1
1631528440,114.7,114.7,114.7,114.7,114.7,0,0
1631528445,114.73,114.74,114.73,114.74,114.736,2,2
1631528450,114.74,114.74,114.74,114.74,114.74,0,0
1631528455,114.74,114.74,114.74,114.74,114.74,0,0
1631528460,114.74,114.74,114.74,114.74,114.74,0,0
1631528465,114.74,114.74,114.74,114.74,114.74,0,0
1631528470,114.74,114.74,114.74,114.74,114.74,0,0
1631528475,114.74,114.74,114.74,114.74,114.74,0,0
1631528480,114.74,114.74,114.74,114.74,114.74,0,0
1631528485,114.74,114.74,114.74,114.74,114.74,0,0
1631528490,114.74,114.74,114.74,114.74,114.74,0,0
1631528495,114.74,114.74,114.74,114.74,114.74,0,0
1631528500,114.74,114.74,114.74,114.74,114.74,0,0
1631528505,114.74,114.74,114.74,114.74,114.74,0,0
1631528510,114.74,114.74,114.74,114.74,114.74,0,0
1631528515,114.74,114.74,114.74,114.74,114.74,0,0
1631528520,114.74,114.74,114.74,114.74,114.74,0,0
1631528525,114.74,114.74,114.74,114.74,114.74,0,0
1631528530,114.74,114.74,114.74,114.74,114.74,0,0
1631528535,114.74,114.74,114.74,114.74,114.74,0,0
1631528540,114.74,114.74,114.74,114.74,114.74,0,0
1631528545,114.74,114.74,114.74,114.74,114.74,0,0
1631528550,114.74,114.74,114.74,114.74,114.74,0,0
1631528555,114.74,114.74,114.74,114.74,114.74,0,0
1631528560,114.74,114.74,114.74,114.74,114.74,0,0
1631528565,114.74,114.74,114.74,114.74,114.74,0,0
1631528570,114.74,114.74,114.74,114.74,114.74,0,0
1631528575,114.74,114.74,114.74,114.74,114.74,0,0
1631528580,114.74,114.74,114.74,114.74,114.74,0,0
1631528585,114.74,114.74,114.74,114.74,114.74,0,0
1631528590,114.74,114.74,114.74,114.74,114.74,0,0
1631528595,114.74,114.74,114.74,114.74,114.74,0,0
1631528600,114.74,114.74,114.74,114.74,114.74,0,0
1631528605,114.74,114.74,114.74,114.74,114.74,0,0
1631528610,114.74,114.74,114.74,114.74,114.74,0,0
1631528615,114.74,114.74,114.74,114.74,114.74,0,0
1631528620,114.74,114.74,114.74,114.74,114.74,0,0
1631528625,114.74,114.74,114.74,114.74,114.74,0,0
1631528630,114.74,114.74,114.74,114.74,114.74,0,0
1631528635,114.74,114.74,114.74,114.74,114.74,0,0
1631528640,114.74,114.74,114.74,114.74,114.74,0,0
1631528645,114.74,114.74,114.74,114.74,114.74,0,0
1631528650,114.74,114.74,114.74,114.74,114.74,0,0
1631528655,114.74,114.74,114.74,114.74,114.74,0,0
1631528660,114.74,114.74,114.74,114.74,114.74,0,0
1631528665,114.74,114.74,114.74,114.74,114.74,0,0
1631528670,114.74,114.74,114.74,114.74,114.74,0,0
1631528675,114.74,114.74,114.74,114.74,114.74,0,0
1631528680,114.74,114.74,114.74,114.74,114.74,0,0
1631528685,114.74,114.74,114.74,114.74,114.74,0,0
1631528690,114.74,114.74,114.74,114.74,114.74,0,0
1631528695,114.74,114.74,114.74,114.74,114.74,0,0
1631528700,114.74,114.74,114.74,114.74,114.74,0,0
1631528705,114.74,114.74,114.74,114.74,114.74,0,0
1631528710,114.74,114.74,114.74,114.74,114.74,0,0
1631528715,114.74,114.74,114.74,114.74,114.74,0,0
1631528720,114.74,114.74,114.74,114.74,114.74,0,0
1631528725,114.74,114.74,114.74,114.74,114.74,0,0
1631528730,114.74,114.74,114.74,114.74,114.74,0,0
1631528735,114.74,114.74,114.74,114.74,114.74,0,0
1631528740,114.74,114.74,114.74,114.74,114.74,0,0
1631528745,114.74,114.74,114.74,114.74,114.74,0,0
1631528750,114.74,114.74,114.74,114.74,114.74,0,0
1631528755,114.74,114.74,114.74,114.74,114.74,0,0
1631528760,114.74,114.74,114.74,114.74,114.74,0,0
1631528765,114.74,114.74,114.74,114.74,114.74,0,0
1631528770,114.9,114.9,114.9,114.9,114.9,3,2
1631528775,114.9,114.9,114.9,114.9,114.9,0,0
1631528780,114.9,114.9,114.9,114.9,114.9,0,0
1631528785,114.9,114.9,114.9,114.9,114.9,0,0
1631528790,114.9,114.9,114.9,114.9,114.9,0,0
1631528795,114.9,114.9,114.9,114.9,114.9,0,0
1631528800,114.9,114.9,114.9,114.9,114.9,0,0
1631528805,114.9,114.9,114.9,114.9,114.9,0,0
1631528810,114.9,114.9,114.9,114.9,114.9,0,0
1631528815,114.9,114.9,114.9,114.9,114.9,0,0
1631528820,114.9,114.9,114.9,114.9,114.9,0,0
1631528825,114.9,114.9,114.9,114.9,114.9,0,0
1631528830,114.9,114.9,114.9,114.9,114.9,0,0
1631528835,114.9,114.9,114.9,114.9,114.9,0,0
1631528840,114.9,114.9,114.9,114.9,114.9,0,0
1631528845,114.9,114.9,114.9,114.9,114.9,0,0
1631528850,114.9,114.9,114.9,114.9,114.9,0,0
1631528855,114.9,114.9,114.9,114.9,114.9,0,0
1631528860,114.9,114.9,114.9,114.9,114.9,0,0
1631528865,114.9,114.9,114.9,114.9,114.9,0,0
1631528870,114.9,114.9,114.9,114.9,114.9,0,0
1631528875,114.9,114.9,114.9,114.9,114.9,0,0
1631528880,114.9,114.9,114.9,114.9,114.9,0,0
1631528885,114.9,114.9,114.9,114.9,114.9,0,0
1631528890,114.9,114.9,114.9,114.9,114.9,0,0
1631528895,114.9,114.9,114.9,114.9,114.9,0,0
1631528900,114.9,114.9,114.9,114.9,114.9,0,0
1631528905,114.9,114.9,114.9,114.9,114.9,0,0
1631528910,114.9,114.9,114.9,114.9,114.9,0,0
1631528915,114.9,114.9,114.9,114.9,114.9,0,0
1631528920,114.9,114.9,114.9,114.9,114.9,0,0
1631528925,114.9,114.9,114.9,114.9,114.9,0,0
1631528930,114.9,114.9,114.9,114.9,114.9,0,0
1631528935,114.9,114.9,114.9,114.9,114.9,0,0
1631528940,114.9,114.9,114.9,114.9,114.9,0,0
1631528945,114.9,114.9,114.9,114.9,114.9,0,0
1631528950,114.9,114.9,114.9,114.9,114.9,0,0
1631528955,114.9,114.9,114.9,114.9,114.9,0,0
1631528960,114.9,114.9,114.9,114.9,114.9,0,0
1631528965,114.9,114.9,114.9,114.9,114.9,0,0
1631528970,114.9,114.9,114.9,114.9,114.9,0,0
1631528975,114.9,114.9,114.9,114.9,114.9,0,0
1631528980,114.9,114.9,114.9,114.9,114.9,0,0
1631528985,114.9,114.9,114.9,114.9,114.9,0,0
1631528990,114.9,114.9,114.9,114.9,114.9,0,0
1631528995,114.9,114.9,114.9,114.9,114.9,0,0
1631529000,114.9,114.9,114.9,114.9,114.9,0,0
1631529005,114.9,114.9,114.9,114.9,114.9,0,0
1631529010,114.9,114.9,114.9,114.9,114.9,0,0
1631529015,114.9,114.9,114.9,114.9,114.9,0,0
1631529020,114.9,114.9,114.9,114.9,114.9,0,0
1631529025,114.9,114.9,114.9,114.9,114.9,0,0
1631529030,114.9,114.9,114.9,114.9,114.9,0,0
1631529035,114.9,114.9,114.9,114.9,114.9,0,0
1631529040,114.9,114.9,114.9,114.9,114.9,0,0
1631529045,114.9,114.9,114.9,114.9,114.9,0,0
1631529050,114.9,114.9,114.9,114.9,114.9,0,0
1631529055,114.9,114.9,114.9,114.9,114.9,0,0
1631529060,114.9,114.9,114.9,114.9,114.9,0,0
1631529065,114.9,114.9,114.9,114.9,114.9,0,0
1631529070,114.9,114.9,114.9,114.9,114.9,0,0
1631529075,114.9,114.9,114.9,114.9,114.9,0,0
1631529080,114.9,114.9,114.9,114.9,114.9,0,0
1631529085,114.9,114.9,114.9,114.9,114.9,0,0
1631529090,114.9,114.9,114.9,114.9,114.9,0,0
1631529095,114.9,114.9,114.9,114.9,114.9,0,0
1631529100,114.9,114.9,114.9,114.9,114.9,0,0
1631529105,114.9,114.9,114.9,114.9,114.9,0,0
1631529110,114.9,114.9,114.9,114.9,114.9,0,0
1631529115,114.9,114.9,114.9,114.9,114.9,0,0
1631529120,114.9,114.9,114.9,114.9,114.9,0,0
1631529125,114.9,114.9,114.9,114.9,114.9,0,0
1631529130,114.9,114.9,114.9,114.9,114.9,0,0
1631529135,114.9,114.9,114.9,114.9,114.9,0,0
1631529140,114.9,114.9,114.9,114.9,114.9,0,0
1631529145,114.9,114.9,114.9,114.9,114.9,0,0
1631529150,114.9,114.9,114.9,114.9,114.9,0,0
1631529155,114.9,114.9,114.9,114.9,114.9,0,0
1631529160,114.9,114.9,114.9,114.9,114.9,0,0
1631529165,114.9,114.9,114.9,114.9,114.9,0,0
1631529170,114.9,114.9,114.9,114.9,114.9,0,0
1631529175,114.9,114.9,114.9,114.9,114.9,0,0
1631529180,114.9,114.9,114.9,114.9,114.9,0,0
1631529185,114.9,114.9,114.9,114.9,114.9,0,0
1631529190,114.9,114.9,114.9,114.9,114.9,0,0
1631529195,114.9,114.9,114.9,114.9,114.9,0,0
1631529200,114.9,114.9,114.9,114.9,114.9,0,0
1631529205,114.9,114.9,114.9,114.9,114.9,0,0
1631529210,114.9,114.9,114.9,114.9,114.9,0,0
1631529215,114.9,114.9,114.9,114.9,114.9,0,0
1631529220,114.9,114.9,114.9,114.9,114.9,0,0
1631529225,114.9,114.9,114.9,114.9,114.9,0,0
1631529230,114.9,114.9,114.9,114.9,114.9,0,0
1631529235,114.9,114.9,114.9,114.9,114.9,0,0
1631529240,114.9,114.9,114.9,114.9,114.9,0,0
1631529245,114.9,114.9,114.9,114.9,114.9,0,0
1631529250,114.9,114.9,114.9,114.9,114.9,0,0
1631529255,114.9,114.9,114.9,114.9,114.9,0,0
1631529260,114.9,114.9,114.9,114.9,114.9,0,0
1631529265,114.9,114.9,114.9,114.9,114.9,0,0
1631529270,114.9,114.9,114.9,114.9,114.9,0,0
1631529275,114.9,114.9,114.9,114.9,114.9,0,0
1631529280,114.9,114.9,114.9,114.9,114.9,0,0
1631529285,114.9,114.9,114.9,114.9,114.9,0,0
1631529290,114.9,114.9,114.9,114.9,114.9,0,0
1631529295,114.9,114.9,114.9,114.9,114.9,0,0
1631529300,114.9,114.9,114.9,114.9,114.9,0,0
1631529305,114.9,114.9,114.9,114.9,114.9,0,0
1631529310,114.9,114.9,114.9,114.9,114.9,0,0
1631529315,114.9,114.9,114.9,114.9,114.9,0,0
1631529320,114.9,114.9,114.9,114.9,114.9,0,0
1631529325,114.9,114.9,114.9,114.9,114.9,0,0
1631529330,114.9,114.9,114.9,114.9,114.9,0,0
1631529335,114.9,114.9,114.9,114.9,114.9,0,0
1631529340,114.9,114.9,114.9,114.9,114.9,0,0
1631529345,114.9,114.9,114.9,114.9,114.9,0,0
1631529350,114.9,114.9,114.9,114.9,114.9,0,0
1631529355,114.9,114.9,114.9,114.9,114.9,0,0
1631529360,114.9,114.9,114.9,114.9,114.9,0,0
1631529365,114.9,114.9,114.9,114.9,114.9,0,0
1631529370,114.9,114.9,114.9,114.9,114.9,0,0
1631529375,114.9,114.9,114.9,114.9,114.9,0,0
1631529380,114.9,114.9,114.9,114.9,114.9,0,0
1631529385,114.9,114.9,114.9,114.9,114.9,0,0
1631529390,114.9,114.9,114.9,114.9,114.9,0,0
1631529395,114.9,114.9,114.9,114.9,114.9,0,0
1631529400,114.9,114.9,114.9,114.9,114.9,0,0
1631529405,114.9,114.9,114.9,114.9,114.9,0,0
1631529410,114.9,114.9,114.9,114.9,114.9,0,0
1631529415,114.9,114.9,114.9,114.9,114.9,0,0
1631529420,114.9,114.9,114.9,114.9,114.9,0,0
1631529425,114.9,114.9,114.9,114.9,114.9,0,0
1631529430,114.9,114.9,114.9,114.9,114.9,0,0
1631529435,114.9,114.9,114.9,114.9,114.9,0,0
1631529440,114.9,114.9,114.9,114.9,114.9,0,0
1631529445,114.9,114.9,114.9,114.9,114.9,0,0
1631529450,114.9,114.9,114.9,114.9,114.9,0,0
1631529455,114.9,114.9,114.9,114.9,114.9,0,0
1631529460,114.9,114.9,114.9,114.9,114.9,0,0
1631529465,114.9,114.9,114.9,114.9,114.9,0,0
1631529470,114.9,114.9,114.9,114.9,114.9,0,0
1631529475,114.9,114.9,114.9,114.9,114.9,0,0
1631529480,114.9,114.9,114.9,114.9,114.9,0,0
1631529485,114.9,114.9,114.9,114.9,114.9,0,0
1631529490,114.9,114.9,114.9,114.9,114.9,0,0
1631529495,114.9,114.9,114.9,114.9,114.9,0,0
1631529500,114.9,114.9,114.9,114.9,114.9,0,0
1631529505,114.9,114.9,114.9,114.9,114.9,0,0
1631529510,114.9,114.9,114.9,114.9,114.9,0,0
1631529515,114.9,114.9,114.9,114.9,114.9,0,0
1631529520,114.9,114.9,114.9,114.9,114.9,0,0
1631529525,114.9,114.9,114.9,114.9,114.9,0,0
1631529530,114.9,114.9,114.9,114.9,114.9,0,0
1631529535,114.9,114.9,114.9,114.9,114.9,0,0
1631529540,114.9,114.9,114.9,114.9,114.9,0,0
1631529545,114.9,114.9,114.9,114.9,114.9,0,0
1631529550,114.9,114.9,114.9,114.9,114.9,0,0
1631529555,114.9,114.9,114.9,114.9,114.9,0,0
1631529560,114.9,114.9,114.9,114.9,114.9,0,0
1631529565,114.9,114.9,114.9,114.9,114.9,0,0
1631529570,114.9,114.9,114.9,114.9,114.9,0,0
1631529575,114.9,114.9,114.9,114.9,114.9,0,0
1631529580,114.9,114.9,114.9,114.9,114.9,0,0
1631529585,114.9,114.9,114.9,114.9,114.9,0,0
1631529590,114.9,114.9,114.9,114.9,114.9,0,0
1631529595,114.9,114.9,114.9,114.9,114.9,0,0
1631529600,114.9,114.9,114.9,114.9,114.9,0,0
1631529605,114.9,114.9,114.9,114.9,114.9,0,0
1631529610,114.9,114.9,114.9,114.9,114.9,0,0
1631529615,114.9,114.9,114.9,114.9,114.9,0,0
1631529620,114.9,114.9,114.9,114.9,114.9,0,0
1631529625,114.9,114.9,114.9,114.9,114.9,0,0
1631529630,114.9,114.9,114.9,114.9,114.9,0,0
1631529635,114.9,114.9,114.9,114.9,114.9,0,0
1631529640,114.9,114.9,114.9,114.9,114.9,0,0
1631529645,114.9,114.9,114.9,114.9,114.9,0,0
1631529650,114.9,114.9,114.9,114.9,114.9,0,0
1631529655,114.9,114.9,114.9,114.9,114.9,0,0
1631529660,114.9,114.9,114.9,114.9,114.9,0,0
1631529665,114.9,114.9,114.9,114.9,114.9,0,0
1631529670,114.9,114.9,114.9,114.9,114.9,0,0
1631529675,114.9,114.9,114.9,114.9,114.9,0,0
1631529680,114.9,114.9,114.9,114.9,114.9,0,0
1631529685,114.9,114.9,114.9,114.9,114.9,0,0
1631529690,114.9,114.9,114.9,114.9,114.9,0,0
1631529695,114.9,114.9,114.9,114.9,114.9,0,0
1631529700,114.9,114.9,114.9,114.9,114.9,0,0
1631529705,114.9,114.9,114.9,114.9,114.9,0,0
1631529710,114.9,114.9,114.9,114.9,114.9,0,0
1631529715,114.9,114.9,114.9,114.9,114.9,0,0
1631529720,114.9,114.9,114.9,114.9,114.9,0,0
1631529725,114.9,114.9,114.9,114.9,114.9,0,0
1631529730,114.9,114.9,114.9,114.9,114.9,0,0
1631529735,114.9,114.9,114.9,114.9,114.9,0,0
1631529740,114.9,114.9,114.9,114.9,114.9,0,0
1631529745,114.9,114.9,114.9,114.9,114.9,0,0
1631529750,114.9,114.9,114.9,114.9,114.9,0,0
1631529755,114.9,114.9,114.9,114.9,114.9,0,0
1631529760,114.9,114.9,114.9,114.9,114.9,0,0
1631529765,114.9,114.9,114.9,114.9,114.9,0,0
1631529770,114.9,114.9,114.9,114.9,114.9,0,0
1631529775,114.9,114.9,114.9,114.9,114.9,0,0
1631529780,114.9,114.9,114.9,114.9,114.9,0,0
1631529785,114.9,114.9,114.9,114.9,114.9,0,0
1631529790,114.9,114.9,114.9,114.9,114.9,0,0
1631529795,114.9,114.9,114.9,114.9,114.9,0,0
1631529800,114.9,114.9,114.9,114.9,114.9,0,0
1631529805,114.9,114.9,114.9,114.9,114.9,0,0
1631529810,114.9,114.9,114.9,114.9,114.9,0,0
1631529815,114.9,114.9,114.9,114.9,114.9,0,0
1631529820,114.9,114.9,114.9,114.9,114.9,0,0
1631529825,114.9,114.9,114.9,114.9,114.9,0,0
1631529830,114.9,114.9,114.9,114.9,114.9,0,0
1631529835,114.9,114.9,114.9,114.9,114.9,0,0
1631529840,114.9,114.9,114.9,114.9,114.9,0,0
1631529845,114.9,114.9,114.9,114.9,114.9,0,0
1631529850,114.9,114.9,114.9,114.9,114.9,0,0
1631529855,114.9,114.9,114.9,114.9,114.9,0,0
1631529860,114.9,114.9,114.9,114.9,114.9,0,0
1631529865,114.9,114.9,114.9,114.9,114.9,0,0
1631529870,114.9,114.9,114.9,114.9,114.9,0,0
1631529875,114.9,114.9,114.9,114.9,114.9,0,0
1631529880,114.9,114.9,114.9,114.9,114.9,0,0
1631529885,114.9,114.9,114.9,114.9,114.9,0,0
1631529890,114.9,114.9,114.9,114.9,114.9,0,0
1631529895,114.9,114.9,114.9,114.9,114.9,0,0
1631529900,114.9,114.9,114.9,114.9,114.9,0,0
1631529905,114.9,114.9,114.9,114.9,114.9,0,0
1631529910,114.9,114.9,114.9,114.9,114.9,0,0
1631529915,114.9,114.9,114.9,114.9,114.9,0,0
1631529920,114.9,114.9,114.9,114.9,114.9,0,0
1631529925,114.9,114.9,114.9,114.9,114.9,0,0
1631529930,114.9,114.9,114.9,114.9,114.9,0,0
1631529935,114.9,114.9,114.9,114.9,114.9,0,0
1631529940,114.9,114.9,114.9,114.9,114.9,0,0
1631529945,114.9,114.9,114.9,114.9,114.9,0,0
1631529950,114.9,114.9,114.9,114.9,114.9,0,0
1631529955,114.9,114.9,114.9,114.9,114.9,0,0
1631529960,114.9,114.9,114.9,114.9,114.9,0,0
1631529965,114.9,114.9,114.9,114.9,114.9,0,0
1631529970,114.9,114.9,114.9,114.9,114.9,0,0
1631529975,114.9,114.9,114.9,114.9,114.9,0,0
1631529980,114.9,114.9,114.9,114.9,114.9,0,0
1631529985,114.9,114.9,114.9,114.9,114.9,0,0
1631529990,114.9,114.9,114.9,114.9,114.9,0,0
1631529995,114.9,114.9,114.9,114.9,114.9,0,0
1631530000,114.9,114.9,114.9,114.9,114.9,0,0
1631530005,114.9,114.9,114.9,114.9,114.9,0,0
1631530010,114.9,114.9,114.9,114.9,114.9,0,0
1631530015,114.9,114.9,114.9,114.9,114.9,0,0
1631530020,114.9,114.9,114.9,114.9,114.9,0,0
1631530025,114.9,114.9,114.9,114.9,114.9,0,0
1631530030,114.9,114.9,114.9,114.9,114.9,0,0
1631530035,114.9,114.9,114.9,114.9,114.9,0,0
1631530040,114.9,114.9,114.9,114.9,114.9,0,0
1631530045,114.9,114.9,114.9,114.9,114.9,0,0
1631530050,114.9,114.9,114.9,114.9,114.9,0,0
1631530055,114.9,114.9,114.9,114.9,114.9,0,0
1631530060,114.9,114.9,114.9,114.9,114.9,0,0
1631530065,114.9,114.9,114.9,114.9,114.9,0,0
1631530070,114.9,114.9,114.9,114.9,114.9,0,0
1631530075,114.9,114.9,114.9,114.9,114.9,0,0
1631530080,114.9,114.9,114.9,114.9,114.9,0,0
1631530085,114.9,114.9,114.9,114.9,114.9,0,0
1631530090,114.9,114.9,114.9,114.9,114.9,0,0
1631530095,114.9,114.9,114.9,114.9,114.9,0,0
1631530100,114.9,114.9,114.9,114.9,114.9,0,0
1631530105,114.9,114.9,114.9,114.9,114.9,0,0
1631530110,114.9,114.9,114.9,114.9,114.9,0,0
1631530115,114.9,114.9,114.9,114.9,114.9,0,0
1631530120,114.9,114.9,114.9,114.9,114.9,0,0
1631530125,114.9,114.9,114.9,114.9,114.9,0,0
1631530130,114.9,114.9,114.9,114.9,114.9,0,0
1631530135,114.9,114.9,114.9,114.9,114.9,0,0
1631530140,114.9,114.9,114.9,114.9,114.9,0,0
1631530145,114.9,114.9,114.9,114.9,114.9,0,0
1631530150,114.9,114.9,114.9,114.9,114.9,0,0
1631530155,114.9,114.9,114.9,114.9,114.9,0,0
1631530160,114.9,114.9,114.9,114.9,114.9,0,0
1631530165,114.9,114.9,114.9,114.9,114.9,0,0
1631530170,114.9,114.9,114.9,114.9,114.9,0,0
1631530175,114.9,114.9,114.9,114.9,114.9,0,0
1631530180,114.9,114.9,114.9,114.9,114.9,0,0
1631530185,114.9,114.9,114.9,114.9,114.9,0,0
1631530190,114.9,114.9,114.9,114.9,114.9,0,0
1631530195,114.9,114.9,114.9,114.9,114.9,0,0
1631530200,114.9,114.9,114.9,114.9,114.9,0,0
1631530205,114.9,114.9,114.9,114.9,114.9,0,0
1631530210,114.9,114.9,114.9,114.9,114.9,0,0
1631530215,114.9,114.9,114.9,114.9,114.9,0,0
1631530220,114.9,114.9,114.9,114.9,114.9,0,0
1631530225,114.9,114.9,114.9,114.9,114.9,0,0
1631530230,114.9,114.9,114.9,114.9,114.9,0,0
1631530235,114.9,114.9,114.9,114.9,114.9,0,0
1631530240,114.9,114.9,114.9,114.9,114.9,0,0
1631530245,114.9,114.9,114.9,114.9,114.9,0,0
1631530250,114.9,114.9,114.9,114.9,114.9,0,0
1631530255,114.9,114.9,114.9,114.9,114.9,0,0
1631530260,114.9,114.9,114.9,114.9,114.9,0,0
1631530265,114.9,114.9,114.9,114.9,114.9,0,0
1631530270,114.9,114.9,114.9,114.9,114.9,0,0
1631530275,114.9,114.9,114.9,114.9,114.9,0,0
1631530280,114.9,114.9,114.9,114.9,114.9,0,0
1631530285,114.9,114.9,114.9,114.9,114.9,0,0
1631530290,114.9,114.9,114.9,114.9,114.9,0,0
1631530295,114.9,114.9,114.9,114.9,114.9,0,0
1631530300,114.9,114.9,114.9,114.9,114.9,0,0
1631530305,114.9,114.9,114.9,114.9,114.9,0,0
1631530310,114.9,114.9,114.9,114.9,114.9,0,0
1631530315,114.9,114.9,114.9,114.9,114.9,0,0
1631530320,114.9,114.9,114.9,114.9,114.9,0,0
1631530325,114.9,114.9,114.9,114.9,114.9,0,0
1631530330,114.9,114.9,114.9,114.9,114.9,0,0
1631530335,114.9,114.9,114.9,114.9,114.9,0,0
1631530340,114.9,114.9,114.9,114.9,114.9,0,0
1631530345,114.9,114.9,114.9,114.9,114.9,0,0
1631530350,114.9,114.9,114.9,114.9,114.9,0,0
1631530355,114.9,114.9,114.9,114.9,114.9,0,0
1631530360,114.9,114.9,114.9,114.9,114.9,0,0
1631530365,114.9,114.9,114.9,114.9,114.9,0,0
1631530370,114.9,114.9,114.9,114.9,114.9,0,0
1631530375,114.9,114.9,114.9,114.9,114.9,0,0
1631530380,114.9,114.9,114.9,114.9,114.9,0,0
1631530385,114.9,114.9,114.9,114.9,114.9,0,0
1631530390,114.9,114.9,114.9,114.9,114.9,0,0
1631530395,114.9,114.9,114.9,114.9,114.9,0,0
1631530400,114.9,114.9,114.9,114.9,114.9,0,0
1631530405,114.9,114.9,114.9,114.9,114.9,0,0
1631530410,114.9,114.9,114.9,114.9,114.9,0,0
1631530415,114.9,114.9,114.9,114.9,114.9,0,0
1631530420,114.9,114.9,114.9,114.9,114.9,0,0
1631530425,114.9,114.9,114.9,114.9,114.9,0,0
1631530430,114.9,114.9,114.9,114.9,114.9,0,0
1631530435,114.9,114.9,114.9,114.9,114.9,0,0
1631530440,114.9,114.9,114.9,114.9,114.9,0,0
1631530445,114.9,114.9,114.9,114.9,114.9,0,0
1631530450,114.9,114.9,114.9,114.9,114.9,0,0
1631530455,114.9,114.9,114.9,114.9,114.9,0,0
1631530460,114.9,114.9,114.9,114.9,114.9,0,0
1631530465,114.9,114.9,114.9,114.9,114.9,0,0
1631530470,114.9,114.9,114.9,114.9,114.9,0,0
1631530475,114.9,114.9,114.9,114.9,114.9,0,0
1631530480,114.9,114.9,114.9,114.9,114.9,0,0
1631530485,114.9,114.9,114.9,114.9,114.9,0,0
1631530490,114.9,114.9,114.9,114.9,114.9,0,0
1631530495,114.9,114.9,114.9,114.9,114.9,0,0
1631530500,114.9,114.9,114.9,114.9,114.9,0,0
1631530505,114.9,114.9,114.9,114.9,114.9,0,0
1631530510,114.9,114.9,114.9,114.9,114.9,0,0
1631530515,114.9,114.9,114.9,114.9,114.9,0,0
1631530520,114.9,114.9,114.9,114.9,114.9,0,0
1631530525,114.9,114.9,114.9,114.9,114.9,0,0
1631530530,114.9,114.9,114.9,114.9,114.9,0,0
1631530535,114.9,114.9,114.9,114.9,114.9,0,0
1631530540,114.9,114.9,114.9,114.9,114.9,0,0
1631530545,114.9,114.9,114.9,114.9,114.9,0,0
1631530550,114.9,114.9,114.9,114.9,114.9,0,0
1631530555,114.9,114.9,114.9,114.9,114.9,0,0
1631530560,114.9,114.9,114.9,114.9,114.9,0,0
1631530565,114.9,114.9,114.9,114.9,114.9,0,0
1631530570,114.9,114.9,114.9,114.9,114.9,0,0
1631530575,114.9,114.9,114.9,114.9,114.9,0,0
1631530580,114.9,114.9,114.9,114.9,114.9,0,0
1631530585,114.9,114.9,114.9,114.9,114.9,0,0
1631530590,114.9,114.9,114.9,114.9,114.9,0,0
1631530595,114.9,114.9,114.9,114.9,114.9,0,0
1631530600,114.9,114.9,114.9,114.9,114.9,0,0
1631530605,114.9,114.9,114.9,114.9,114.9,0,0
1631530610,114.9,114.9,114.9,114.9,114.9,0,0
1631530615,114.9,114.9,114.9,114.9,114.9,0,0
1631530620,114.9,114.9,114.9,114.9,114.9,0,0
1631530625,114.9,114.9,114.9,114.9,114.9,0,0
1631530630,114.9,114.9,114.9,114.9,114.9,0,0
1631530635,114.9,114.9,114.9,114.9,114.9,0,0
1631530640,114.9,114.9,114.9,114.9,114.9,0,0
1631530645,114.9,114.9,114.9,114.9,114.9,0,0
1631530650,114.9,114.9,114.9,114.9,114.9,0,0
1631530655,114.9,114.9,114.9,114.9,114.9,0,0
1631530660,114.9,114.9,114.9,114.9,114.9,0,0
1631530665,114.9,114.9,114.9,114.9,114.9,0,0
1631530670,114.9,114.9,114.9,114.9,114.9,0,0
1631530675,114.9,114.9,114.9,114.9,114.9,0,0
1631530680,114.9,114.9,114.9,114.9,114.9,0,0
1631530685,114.9,114.9,114.9,114.9,114.9,0,0
1631530690,114.9,114.9,114.9,114.9,114.9,0,0
1631530695,114.9,114.9,114.9,114.9,114.9,0,0
1631530700,114.9,114.9,114.9,114.9,114.9,0,0
1631530705,114.9,114.9,114.9,114.9,114.9,0,0
1631530710,114.9,114.9,114.9,114.9,114.9,0,0
1631530715,114.9,114.9,114.9,114.9,114.9,0,0
1631530720,114.9,114.9,114.9,114.9,114.9,0,0
1631530725,114.9,114.9,114.9,114.9,114.9,0,0
1631530730,114.9,114.9,114.9,114.9,114.9,0,0
1631530735,114.9,114.9,114.9,114.9,114.9,0,0
1631530740,114.9,114.9,114.9,114.9,114.9,0,0
1631530745,114.9,114.9,114.9,114.9,114.9,0,0
1631530750,114.9,114.9,114.9,114.9,114.9,0,0
1631530755,114.9,114.9,114.9,114.9,114.9,0,0
1631530760,114.9,114.9,114.9,114.9,114.9,0,0
1631530765,114.9,114.9,114.9,114.9,114.9,0,0
1631530770,114.9,114.9,114.9,114.9,114.9,0,0
1631530775,114.9,114.9,114.9,114.9,114.9,0,0
1631530780,114.9,114.9,114.9,114.9,114.9,0,0
1631530785,114.9,114.9,114.9,114.9,114.9,0,0
1631530790,114.9,114.9,114.9,114.9,114.9,0,0
1631530795,114.9,114.9,114.9,114.9,114.9,0,0
1631530800,114.69,114.99,114.25,114.25,114.595,14,9
1631530805,114.25,114.25,114.25,114.25,114.25,0,0
1631530810,114.25,114.25,114.25,114.25,114.25,0,0
1631530815,114.25,114.25,114.25,114.25,114.25,0,0
1631530820,114.25,114.25,114.25,114.25,114.25,0,0
1631530825,114.25,114.25,114.25,114.25,114.25,0,0
1631530830,114.25,114.25,114.25,114.25,114.25,0,0
1631530835,114.25,114.25,114.25,114.25,114.25,0,0
1631530840,114.25,114.25,114.25,114.25,114.25,0,0
1631530845,114.55,114.55,114.55,114.55,114.55,1,1
1631530850,114.55,114.55,114.55,114.55,114.55,0,0
1631530855,114.55,114.55,114.55,114.55,114.55,0,0
1631530860,114.55,114.55,114.55,114.55,114.55,0,0
1631530865,114.55,114.55,114.55,114.55,114.55,0,0
1631530870,114.55,114.55,114.55,114.55,114.55,0,0
1631530875,114.55,114.55,114.55,114.55,114.55,0,0
1631530880,114.55,114.55,114.55,114.55,114.55,0,0
1631530885,114.55,114.55,114.55,114.55,114.55,0,0
1631530890,114.55,114.55,114.55,114.55,114.55,0,0
1631530895,114.55,114.55,114.55,114.55,114.55,0,0
1631530900,114.55,114.55,114.55,114.55,114.55,0,0
1631530905,114.55,114.55,114.55,114.55,114.55,0,0
1631530910,114.55,114.55,114.55,114.55,114.55,0,0
1631530915,114.55,114.55,114.55,114.55,114.55,0,0
1631530920,114.55,114.55,114.55,114.55,114.55,0,0
1631530925,114.55,114.55,114.55,114.55,114.55,0,0
1631530930,114.55,114.55,114.55,114.55,114.55,0,0
1631530935,114.55,114.55,114.55,114.55,114.55,0,0
1631530940,114.55,114.55,114.55,114.55,114.55,0,0
1631530945,114.55,114.55,114.55,114.55,114.55,0,0
1631530950,114.55,114.55,114.55,114.55,114.55,0,0
1631530955,114.55,114.55,114.55,114.55,114.55,0,0
1631530960,114.55,114.55,114.55,114.55,114.55,0,0
1631530965,114.55,114.55,114.55,114.55,114.55,0,0
1631530970,114.55,114.55,114.55,114.55,114.55,0,0
1631530975,114.55,114.55,114.55,114.55,114.55,0,0
1631530980,114.55,114.55,114.55,114.55,114.55,0,0
1631530985,114.55,114.55,114.55,114.55,114.55,0,0
1631530990,114.55,114.55,114.55,114.55,114.55,0,0
1631530995,114.55,114.55,114.55,114.55,114.55,0,0
1631531000,114.4,114.4,114.4,114.4,114.4,8,1
1631531005,114.4,114.4,114.4,114.4,114.4,0,0
1631531010,114.4,114.4,114.4,114.4,114.4,0,0
1631531015,114.4,114.4,114.4,114.4,114.4,0,0
1631531020,114.4,114.4,114.4,114.4,114.4,0,0
1631531025,114.4,114.4,114.4,114.4,114.4,0,0
1631531030,114.4,114.4,114.4,114.4,114.4,0,0
1631531035,114.4,114.4,114.4,114.4,114.4,0,0
1631531040,114.4,114.4,114.4,114.4,114.4,0,0
1631531045,114.4,114.4,114.4,114.4,114.4,0,0
1631531050,114.4,114.4,114.4,114.4,114.4,0,0
1631531055,114.4,114.4,114.4,114.4,114.4,0,0
1631531060,114.4,114.4,114.4,114.4,114.4,0,0
1631531065,114.4,114.4,114.4,114.4,114.4,0,0
1631531070,114.4,114.4,114.4,114.4,114.4,0,0
1631531075,114.4,114.4,114.4,114.4,114.4,0,0
1631531080,114.4,114.4,114.4,114.4,114.4,0,0
1631531085,114.4,114.4,114.4,114.4,114.4,0,0
1631531090,114.4,114.4,114.4,114.4,114.4,0,0
1631531095,114.4,114.4,114.4,114.4,114.4,0,0
1631531100,114.4,114.4,114.4,114.4,114.4,0,0
1631531105,114.4,114.4,114.4,114.4,114.4,0,0
1631531110,114.4,114.4,114.4,114.4,114.4,0,0
1631531115,114.4,114.4,114.4,114.4,114.4,0,0
1631531120,114.4,114.4,114.4,114.4,114.4,0,0
1631531125,114.4,114.4,114.4,114.4,114.4,0,0
1631531130,114.4,114.4,114.4,114.4,114.4,0,0
1631531135,114.4,114.4,114.4,114.4,114.4,0,0
1631531140,114.4,114.4,114.4,114.4,114.4,0,0
1631531145,114.4,114.4,114.4,114.4,114.4,0,0
1631531150,114.4,114.4,114.4,114.4,114.4,0,0
1631531155,114.4,114.4,114.4,114.4,114.4,0,0
1631531160,114.4,114.4,114.4,114.4,114.4,0,0
1631531165,114.4,114.4,114.4,114.4,114.4,0,0
1631531170,114.4,114.4,114.4,114.4,114.4,0,0
1631531175,114.4,114.4,114.4,114.4,114.4,0,0
1631531180,114.4,114.4,114.4,114.4,114.4,0,0
1631531185,114.4,114.4,114.4,114.4,114.4,0,0
1631531190,114.4,114.4,114.4,114.4,114.4,0,0
1631531195,114.4,114.4,114.4,114.4,114.4,0,0
1631531200,114.4,114.4,114.4,114.4,114.4,0,0
1631531205,114.4,114.4,114.4,114.4,114.4,0,0
1631531210,114.4,114.4,114.4,114.4,114.4,0,0
1631531215,114.4,114.4,114.4,114.4,114.4,0,0
1631531220,114.4,114.4,114.4,114.4,114.4,0,0
1631531225,114.4,114.4,114.4,114.4,114.4,0,0
1631531230,114.4,114.4,114.4,114.4,114.4,0,0
1631531235,114.4,114.4,114.4,114.4,114.4,0,0
1631531240,114.4,114.4,114.4,114.4,114.4,0,0
1631531245,114.4,114.4,114.4,114.4,114.4,0,0
1631531250,114.4,114.4,114.4,114.4,114.4,0,0
1631531255,114.4,114.4,114.4,114.4,114.4,0,0
1631531260,114.4,114.4,114.4,114.4,114.4,0,0
1631531265,114.4,114.4,114.4,114.4,114.4,0,0
1631531270,114.4,114.4,114.4,114.4,114.4,0,0
1631531275,114.4,114.4,114.4,114.4,114.4,0,0
1631531280,114.4,114.4,114.4,114.4,114.4,0,0
1631531285,114.4,114.4,114.4,114.4,114.4,0,0
1631531290,114.4,114.4,114.4,114.4,114.4,0,0
1631531295,114.4,114.4,114.4,114.4,114.4,0,0
1631531300,114.4,114.4,114.4,114.4,114.4,0,0
1631531305,114.4,114.4,114.4,114.4,114.4,0,0
1631531310,114.4,114.4,114.4,114.4,114.4,0,0
1631531315,114.4,114.4,114.4,114.4,114.4,0,0
1631531320,114.4,114.4,114.4,114.4,114.4,0,0
1631531325,114.4,114.4,114.4,114.4,114.4,0,0
1631531330,114.4,114.4,114.4,114.4,114.4,0,0
1631531335,114.4,114.4,114.4,114.4,114.4,0,0
1631531340,114.4,114.4,114.4,114.4,114.4,0,0
1631531345,114.4,114.4,114.4,114.4,114.4,0,0
1631531350,114.4,114.4,114.4,114.4,114.4,0,0
1631531355,114.4,114.4,114.4,114.4,114.4,0,0
1631531360,114.4,114.4,114.4,114.4,114.4,0,0
1631531365,114.4,114.4,114.4,114.4,114.4,0,0
1631531370,114.4,114.4,114.4,114.4,114.4,0,0
1631531375,114.4,114.4,114.4,114.4,114.4,0,0
1631531380,114.4,114.4,114.4,114.4,114.4,0,0
1631531385,114.4,114.4,114.4,114.4,114.4,0,0
1631531390,114.4,114.4,114.4,114.4,114.4,0,0
1631531395,114.4,114.4,114.4,114.4,114.4,0,0
1631531400,114.4,114.4,114.4,114.4,114.4,0,0
1631531405,114.4,114.4,114.4,114.4,114.4,0,0
1631531410,114.4,114.4,114.4,114.4,114.4,0,0
1631531415,114.4,114.4,114.4,114.4,114.4,0,0
1631531420,114.4,114.4,114.4,114.4,114.4,0,0
1631531425,114.4,114.4,114.4,114.4,114.4,0,0
1631531430,114.4,114.4,114.4,114.4,114.4,0,0
1631531435,114.4,114.4,114.4,114.4,114.4,0,0
1631531440,114.4,114.4,114.4,114.4,114.4,0,0
1631531445,114.4,114.4,114.4,114.4,114.4,0,0
1631531450,114.4,114.4,114.4,114.4,114.4,0,0
1631531455,114.4,114.4,114.4,114.4,114.4,0,0
1631531460,114.4,114.4,114.4,114.4,114.4,0,0
1631531465,114.4,114.4,114.4,114.4,114.4,0,0
1631531470,114.4,114.4,114.4,114.4,114.4,0,0
1631531475,114.51,114.51,114.51,114.51,114.51,1,1
1631531480,114.51,114.51,114.51,114.51,114.51,0,0
1631531485,114.51,114.51,114.51,114.51,114.51,0,0
1631531490,114.51,114.51,114.51,114.51,114.51,0,0
1631531495,114.51,114.51,114.51,114.51,114.51,0,0
1631531500,114.51,114.51,114.51,114.51,114.51,0,0
1631531505,114.51,114.51,114.51,114.51,114.51,0,0
1631531510,114.51,114.51,114.51,114.51,114.51,0,0
1631531515,114.51,114.51,114.51,114.51,114.51,0,0
1631531520,114.51,114.51,114.51,114.51,114.51,0,0
1631531525,114.51,114.51,114.51,114.51,114.51,0,0
1631531530,114.51,114.51,114.51,114.51,114.51,0,0
1631531535,114.51,114.51,114.51,114.51,114.51,0,0
1631531540,114.51,114.51,114.51,114.51,114.51,0,0
1631531545,114.51,114.51,114.51,114.51,114.51,0,0
1631531550,114.51,114.51,114.51,114.51,114.51,0,0
1631531555,114.51,114.51,114.51,114.51,114.51,0,0
1631531560,114.51,114.51,114.51,114.51,114.51,0,0
1631531565,114.51,114.51,114.51,114.51,114.51,0,0
1631531570,114.51,114.51,114.51,114.51,114.51,0,0
1631531575,114.51,114.51,114.51,114.51,114.51,0,0
1631531580,114.51,114.51,114.51,114.51,114.51,0,0
1631531585,114.51,114.51,114.51,114.51,114.51,0,0
1631531590,114.51,114.51,114.51,114.51,114.51,0,0
1631531595,114.51,114.51,114.51,114.51,114.51,0,0
1631531600,114.51,114.51,114.51,114.51,114.51,0,0
1631531605,114.51,114.51,114.51,114.51,114.51,0,0
1631531610,114.51,114.51,114.51,114.51,114.51,0,0
1631531615,114.51,114.51,114.51,114.51,114.51,0,0
1631531620,114.51,114.51,114.51,114.51,114.51,0,0
1631531625,114.51,114.51,114.51,114.51,114.51,0,0
1631531630,114.51,114.51,114.51,114.51,114.51,0,0
1631531635,114.51,114.51,114.51,114.51,114.51,0,0
1631531640,114.51,114.51,114.51,114.51,114.51,0,0
1631531645,114.51,114.51,114.51,114.51,114.51,0,0
1631531650,114.51,114.51,114.51,114.51,114.51,0,0
1631531655,114.51,114.51,114.51,114.51,114.51,0,0
1631531660,114.51,114.51,114.51,114.51,114.51,0,0
1631531665,114.51,114.51,114.51,114.51,114.51,0,0
1631531670,114.51,114.51,114.51,114.51,114.51,0,0
1631531675,114.51,114.51,114.51,114.51,114.51,0,0
1631531680,114.51,114.51,114.51,114.51,114.51,0,0
1631531685,114.51,114.51,114.51,114.51,114.51,0,0
1631531690,114.51,114.51,114.51,114.51,114.51,0,0
1631531695,114.51,114.51,114.51,114.51,114.51,0,0
1631531700,114.51,114.51,114.51,114.51,114.51,0,0
1631531705,114.51,114.51,114.51,114.51,114.51,0,0
1631531710,114.51,114.51,114.51,114.51,114.51,0,0
1631531715,114.51,114.51,114.51,114.51,114.51,0,0
1631531720,114.51,114.51,114.51,114.51,114.51,0,0
1631531725,114.51,114.51,114.51,114.51,114.51,0,0
1631531730,114.51,114.51,114.51,114.51,114.51,0,0
1631531735,114.51,114.51,114.51,114.51,114.51,0,0
1631531740,114.51,114.51,114.51,114.51,114.51,0,0
1631531745,114.51,114.51,114.51,114.51,114.51,0,0
1631531750,114.51,114.51,114.51,114.51,114.51,0,0
1631531755,114.51,114.51,114.51,114.51,114.51,0,0
1631531760,114.51,114.51,114.51,114.51,114.51,0,0
1631531765,114.51,114.51,114.51,114.51,114.51,0,0
1631531770,114.51,114.51,114.51,114.51,114.51,0,0
1631531775,114.51,114.51,114.51,114.51,114.51,0,0
1631531780,114.51,114.51,114.51,114.51,114.51,0,0
1631531785,114.51,114.51,114.51,114.51,114.51,0,0
1631531790,114.51,114.51,114.51,114.51,114.51,0,0
1631531795,114.51,114.51,114.51,114.51,114.51,0,0
1631531800,114.51,114.51,114.51,114.51,114.51,0,0
1631531805,114.51,114.51,114.51,114.51,114.51,0,0
1631531810,114.51,114.51,114.51,114.51,114.51,0,0
1631531815,114.51,114.51,114.51,114.51,114.51,0,0
1631531820,114.51,114.51,114.51,114.51,114.51,0,0
1631531825,114.51,114.51,114.51,114.51,114.51,0,0
1631531830,114.51,114.51,114.51,114.51,114.51,0,0
1631531835,114.51,114.51,114.51,114.51,114.51,0,0
1631531840,114.51,114.51,114.51,114.51,114.51,0,0
1631531845,114.51,114.51,114.51,114.51,114.51,0,0
1631531850,114.51,114.51,114.51,114.51,114.51,0,0
1631531855,114.51,114.51,114.51,114.51,114.51,0,0
1631531860,114.51,114.51,114.51,114.51,114.51,0,0
1631531865,114.51,114.51,114.51,114.51,114.51,0,0
1631531870,114.51,114.51,114.51,114.51,114.51,0,0
1631531875,114.51,114.51,114.51,114.51,114.51,0,0
1631531880,114.51,114.51,114.51,114.51,114.51,0,0
1631531885,114.5,114.5,114.5,114.5,114.5,2,1
1631531890,114.5,114.5,114.5,114.5,114.5,0,0
1631531895,114.5,114.5,114.5,114.5,114.5,0,0
1631531900,114.5,114.5,114.5,114.5,114.5,0,0
1631531905,114.5,114.5,114.5,114.5,114.5,0,0
1631531910,114.5,114.5,114.5,114.5,114.5,0,0
1631531915,114.5,114.5,114.5,114.5,114.5,0,0
1631531920,114.5,114.5,114.5,114.5,114.5,0,0
1631531925,114.5,114.5,114.5,114.5,114.5,0,0
1631531930,114.5,114.5,114.5,114.5,114.5,0,0
1631531935,114.5,114.5,114.5,114.5,114.5,0,0
1631531940,114.5,114.5,114.5,114.5,114.5,0,0
1631531945,114.5,114.5,114.5,114.5,114.5,0,0
1631531950,114.5,114.5,114.5,114.5,114.5,0,0
1631531955,114.5,114.5,114.5,114.5,114.5,0,0
1631531960,114.5,114.5,114.5,114.5,114.5,0,0
1631531965,114.5,114.5,114.5,114.5,114.5,0,0
1631531970,114.5,114.5,114.5,114.5,114.5,0,0
1631531975,114.5,114.5,114.5,114.5,114.5,0,0
1631531980,114.5,114.5,114.5,114.5,114.5,0,0
1631531985,114.5,114.5,114.5,114.5,114.5,0,0
1631531990,114.5,114.5,114.5,114.5,114.5,0,0
1631531995,114.5,114.5,114.5,114.5,114.5,0,0
1631532000,114.5,114.5,114.5,114.5,114.5,0,0
1631532005,114.5,114.5,114.5,114.5,114.5,0,0
1631532010,114.5,114.5,114.5,114.5,114.5,0,0
1631532015,114.5,114.5,114.5,114.5,114.5,0,0
1631532020,114.5,114.5,114.5,114.5,114.5,0,0
1631532025,114.5,114.5,114.5,114.5,114.5,0,0
1631532030,114.5,114.5,114.5,114.5,114.5,0,0
1631532035,114.5,114.5,114.5,114.5,114.5,0,0
1631532040,114.5,114.5,114.5,114.5,114.5,0,0
1631532045,114.5,114.5,114.5,114.5,114.5,0,0
1631532050,114.5,114.5,114.5,114.5,114.5,0,0
1631532055,114.5,114.5,114.5,114.5,114.5,0,0
1631532060,114.5,114.5,114.5,114.5,114.5,0,0
1631532065,114.5,114.5,114.5,114.5,114.5,0,0
1631532070,114.5,114.5,114.5,114.5,114.5,0,0
1631532075,114.5,114.5,114.5,114.5,114.5,0,0
1631532080,114.5,114.5,114.5,114.5,114.5,0,0
1631532085,114.5,114.5,114.5,114.5,114.5,0,0
1631532090,114.5,114.5,114.5,114.5,114.5,0,0
1631532095,114.5,114.5,114.5,114.5,114.5,0,0
1631532100,114.5,114.5,114.5,114.5,114.5,0,0
1631532105,114.5,114.5,114.5,114.5,114.5,0,0
1631532110,114.5,114.5,114.5,114.5,114.5,0,0
1631532115,114.5,114.5,114.5,114.5,114.5,0,0
1631532120,114.5,114.5,114.5,114.5,114.5,0,0
1631532125,114.5,114.5,114.5,114.5,114.5,0,0
1631532130,114.5,114.5,114.5,114.5,114.5,0,0
1631532135,114.5,114.5,114.5,114.5,114.5,0,0
1631532140,114.5,114.5,114.5,114.5,114.5,0,0
1631532145,114.5,114.5,114.5,114.5,114.5,0,0
1631532150,114.5,114.5,114.5,114.5,114.5,0,0
1631532155,114.5,114.5,114.5,114.5,114.5,0,0
1631532160,114.5,114.5,114.5,114.5,114.5,0,0
1631532165,114.5,114.5,114.5,114.5,114.5,0,0
1631532170,114.5,114.5,114.5,114.5,114.5,0,0
1631532175,114.5,114.5,114.5,114.5,114.5,0,0
1631532180,114.5,114.5,114.5,114.5,114.5,0,0
1631532185,114.5,114.5,114.5,114.5,114.5,0,0
1631532190,114.5,114.5,114.5,114.5,114.5,0,0
1631532195,114.5,114.5,114.5,114.5,114.5,0,0
1631532200,114.5,114.5,114.5,114.5,114.5,0,0
1631532205,114.5,114.5,114.5,114.5,114.5,0,0
1631532210,114.5,114.5,114.5,114.5,114.5,0,0
1631532215,114.5,114.5,114.5,114.5,114.5,0,0
1631532220,114.5,114.5,114.5,114.5,114.5,0,0
1631532225,114.5,114.5,114.5,114.5,114.5,0,0
1631532230,114.5,114.5,114.5,114.5,114.5,0,0
1631532235,114.5,114.5,114.5,114.5,114.5,0,0
1631532240,114.5,114.5,114.5,114.5,114.5,0,0
1631532245,114.5,114.5,114.5,114.5,114.5,0,0
1631532250,114.5,114.5,114.5,114.5,114.5,0,0
1631532255,114.5,114.5,114.5,114.5,114.5,0,0
1631532260,114.5,114.5,114.5,114.5,114.5,0,0
1631532265,114.5,114.5,114.5,114.5,114.5,0,0
1631532270,114.5,114.5,114.5,114.5,114.5,0,0
1631532275,114.5,114.5,114.5,114.5,114.5,0,0
1631532280,114.5,114.5,114.5,114.5,114.5,0,0
1631532285,114.5,114.5,114.5,114.5,114.5,0,0
1631532290,114.5,114.5,114.5,114.5,114.5,0,0
1631532295,114.5,114.5,114.5,114.5,114.5,0,0
1631532300,114.5,114.5,114.5,114.5,114.5,0,0
1631532305,114.5,114.5,114.5,114.5,114.5,0,0
1631532310,114.5,114.5,114.5,114.5,114.5,0,0
1631532315,114.5,114.5,114.5,114.5,114.5,0,0
1631532320,114.5,114.5,114.5,114.5,114.5,0,0
1631532325,114.5,114.5,114.5,114.5,114.5,0,0
1631532330,114.5,114.5,114.5,114.5,114.5,0,0
1631532335,114.5,114.5,114.5,114.5,114.5,0,0
1631532340,114.5,114.5,114.5,114.5,114.5,0,0
1631532345,114.5,114.5,114.5,114.5,114.5,0,0
1631532350,114.5,114.5,114.5,114.5,114.5,0,0
1631532355,114.5,114.5,114.5,114.5,114.5,0,0
1631532360,114.5,114.5,114.5,114.5,114.5,0,0
1631532365,114.5,114.5,114.5,114.5,114.5,0,0
1631532370,114.5,114.5,114.5,114.5,114.5,0,0
1631532375,114.5,114.5,114.5,114.5,114.5,0,0
1631532380,114.5,114.5,114.5,114.5,114.5,0,0
1631532385,114.5,114.5,114.5,114.5,114.5,0,0
1631532390,114.5,114.5,114.5,114.5,114.5,0,0
1631532395,114.5,114.5,114.5,114.5,114.5,0,0
1631532400,114.5,114.5,114.5,114.5,114.5,0,0
1631532405,114.5,114.5,114.5,114.5,114.5,0,0
1631532410,114.5,114.5,114.5,114.5,114.5,0,0
1631532415,114.5,114.5,114.5,114.5,114.5,0,0
1631532420,114.5,114.5,114.5,114.5,114.5,0,0
1631532425,114.5,114.5,114.5,114.5,114.5,0,0
1631532430,114.5,114.5,114.5,114.5,114.5,0,0
1631532435,114.5,114.5,114.5,114.5,114.5,0,0
1631532440,114.5,114.5,114.5,114.5,114.5,0,0
1631532445,114.5,114.5,114.5,114.5,114.5,0,0
1631532450,114.5,114.5,114.5,114.5,114.5,0,0
1631532455,114.5,114.5,114.5,114.5,114.5,0,0
1631532460,114.5,114.5,114.5,114.5,114.5,0,0
1631532465,114.5,114.5,114.5,114.5,114.5,0,0
1631532470,114.5,114.5,114.5,114.5,114.5,0,0
1631532475,114.5,114.5,114.5,114.5,114.5,0,0
1631532480,114.5,114.5,114.5,114.5,114.5,0,0
1631532485,114.5,114.5,114.5,114.5,114.5,0,0
1631532490,114.5,114.5,114.5,114.5,114.5,0,0
1631532495,114.5,114.5,114.5,114.5,114.5,0,0
1631532500,114.5,114.5,114.5,114.5,114.5,0,0
1631532505,114.5,114.5,114.5,114.5,114.5,0,0
1631532510,114.5,114.5,114.5,114.5,114.5,0,0
1631532515,114.5,114.5,114.5,114.5,114.5,0,0
1631532520,114.5,114.5,114.5,114.5,114.5,0,0
1631532525,114.5,114.5,114.5,114.5,114.5,0,0
1631532530,114.5,114.5,114.5,114.5,114.5,0,0
1631532535,114.5,114.5,114.5,114.5,114.5,0,0
1631532540,114.5,114.5,114.5,114.5,114.5,0,0
1631532545,114.5,114.5,114.5,114.5,114.5,0,0
1631532550,114.5,114.5,114.5,114.5,114.5,0,0
1631532555,114.5,114.5,114.5,114.5,114.5,0,0
1631532560,114.5,114.5,114.5,114.5,114.5,0,0
1631532565,114.5,114.5,114.5,114.5,114.5,0,0
1631532570,114.5,114.5,114.5,114.5,114.5,0,0
1631532575,114.5,114.5,114.5,114.5,114.5,0,0
1631532580,114.5,114.5,114.5,114.5,114.5,0,0
1631532585,114.5,114.5,114.5,114.5,114.5,0,0
1631532590,114.5,114.5,114.5,114.5,114.5,0,0
1631532595,114.5,114.5,114.5,114.5,114.5,0,0
1631532600,114.5,114.5,114.5,114.5,114.5,0,0
1631532605,114.5,114.5,114.5,114.5,114.5,0,0
1631532610,114.5,114.5,114.5,114.5,114.5,0,0
1631532615,114.88,115.0,114.88,115.0,114.97,20,18
1631532620,115.0,115.0,115.0,115.0,115.0,0,0
1631532625,115.03,115.03,115.0,115.0,115.002,19,3
1631532630,115.0,115.0,115.0,115.0,115.0,0,0
1631532635,115.0,115.0,115.0,115.0,115.0,0,0
1631532640,115.0,115.0,115.0,115.0,115.0,0,0
1631532645,115.0,115.0,114.99,114.99,114.999,12,8
1631532650,114.99,114.99,114.99,114.99,114.99,0,0
1631532655,114.99,114.99,114.99,114.99,114.99,0,0
1631532660,114.99,114.99,114.99,114.99,114.99,0,0
1631532665,114.99,114.99,114.99,114.99,114.99,0,0
1631532670,114.99,114.99,114.99,114.99,114.99,0,0
1631532675,114.99,114.99,114.99,114.99,114.99,0,0
1631532680,114.99,114.99,114.99,114.99,114.99,0,0
1631532685,114.99,114.99,114.99,114.99,114.99,0,0
1631532690,114.99,114.99,114.99,114.99,114.99,0,0
1631532695,114.99,114.99,114.99,114.99,114.99,0,0
1631532700,114.99,114.99,114.99,114.99,114.99,0,0
1631532705,114.99,114.99,114.99,114.99,114.99,0,0
1631532710,114.99,114.99,114.99,114.99,114.99,0,0
1631532715,114.99,114.99,114.99,114.99,114.99,0,0
1631532720,114.99,114.99,114.99,114.99,114.99,0,0
1631532725,114.99,114.99,114.99,114.99,114.99,0,0
1631532730,114.99,114.99,114.99,114.99,114.99,0,0
1631532735,114.99,114.99,114.99,114.99,114.99,0,0
1631532740,114.99,114.99,114.99,114.99,114.99,0,0
1631532745,114.99,114.99,114.99,114.99,114.99,0,0
1631532750,114.99,114.99,114.99,114.99,114.99,0,0
1631532755,114.99,114.99,114.99,114.99,114.99,0,0
1631532760,114.99,114.99,114.99,114.99,114.99,0,0
1631532765,114.99,114.99,114.99,114.99,114.99,0,0
1631532770,114.99,114.99,114.99,114.99,114.99,0,0
1631532775,114.99,114.99,114.99,114.99,114.99,0,0
1631532780,114.99,114.99,114.99,114.99,114.99,0,0
1631532785,114.99,114.99,114.99,114.99,114.99,0,0
1631532790,114.99,114.99,114.99,114.99,114.99,0,0
1631532795,114.99,114.99,114.99,114.99,114.99,0,0
1631532800,114.99,114.99,114.99,114.99,114.99,0,0
1631532805,114.99,114.99,114.99,114.99,114.99,0,0
1631532810,114.99,114.99,114.99,114.99,114.99,0,0
1631532815,114.99,114.99,114.99,114.99,114.99,0,0
1631532820,114.99,114.99,114.99,114.99,114.99,0,0
1631532825,114.99,114.99,114.99,114.99,114.99,0,0
1631532830,114.99,114.99,114.99,114.99,114.99,0,0
1631532835,114.99,114.99,114.99,114.99,114.99,0,0
1631532840,114.99,114.99,114.99,114.99,114.99,0,0
1631532845,114.99,114.99,114.99,114.99,114.99,0,0
1631532850,114.99,114.99,114.99,114.99,114.99,0,0
1631532855,114.99,114.99,114.99,114.99,114.99,0,0
1631532860,114.99,114.99,114.99,114.99,114.99,0,0
1631532865,114.99,114.99,114.99,114.99,114.99,0,0
1631532870,114.99,114.99,114.99,114.99,114.99,0,0
1631532875,114.99,114.99,114.99,114.99,114.99,0,0
1631532880,114.99,114.99,114.99,114.99,114.99,0,0
1631532885,114.99,114.99,114.99,114.99,114.99,0,0
1631532890,114.99,114.99,114.99,114.99,114.99,0,0
1631532895,114.99,114.99,114.99,114.99,114.99,0,0
1631532900,114.99,114.99,114.99,114.99,114.99,0,0
1631532905,114.99,114.99,114.99,114.99,114.99,0,0
1631532910,114.99,114.99,114.99,114.99,114.99,0,0
1631532915,114.99,114.99,114.99,114.99,114.99,0,0
1631532920,114.99,114.99,114.99,114.99,114.99,0,0
1631532925,114.99,114.99,114.99,114.99,114.99,0,0
1631532930,114.99,114.99,114.99,114.99,114.99,0,0
1631532935,114.99,114.99,114.99,114.99,114.99,0,0
1631532940,114.99,114.99,114.99,114.99,114.99,0,0
1631532945,114.99,114.99,114.99,114.99,114.99,0,0
1631532950,114.99,114.99,114.99,114.99,114.99,0,0
1631532955,114.99,114.99,114.99,114.99,114.99,0,0
1631532960,114.99,114.99,114.99,114.99,114.99,0,0
1631532965,114.99,114.99,114.99,114.99,114.99,0,0
1631532970,114.99,114.99,114.99,114.99,114.99,0,0
1631532975,114.99,114.99,114.99,114.99,114.99,0,0
1631532980,114.99,114.99,114.99,114.99,114.99,0,0
1631532985,114.99,114.99,114.99,114.99,114.99,0,0
1631532990,114.99,114.99,114.99,114.99,114.99,0,0
1631532995,114.99,114.99,114.99,114.99,114.99,0,0
1631533000,114.99,114.99,114.99,114.99,114.99,0,0
1631533005,114.99,114.99,114.99,114.99,114.99,0,0
1631533010,114.99,114.99,114.99,114.99,114.99,0,0
1631533015,114.99,114.99,114.99,114.99,114.99,0,0
1631533020,114.99,114.99,114.99,114.99,114.99,0,0
1631533025,114.99,114.99,114.99,114.99,114.99,0,0
1631533030,114.99,114.99,114.99,114.99,114.99,0,0
1631533035,114.99,114.99,114.99,114.99,114.99,0,0
1631533040,114.99,114.99,114.99,114.99,114.99,0,0
1631533045,114.99,114.99,114.99,114.99,114.99,0,0
1631533050,114.99,114.99,114.99,114.99,114.99,0,0
1631533055,114.99,114.99,114.99,114.99,114.99,0,0
1631533060,114.99,114.99,114.99,114.99,114.99,0,0
1631533065,114.99,114.99,114.99,114.99,114.99,0,0
1631533070,114.99,114.99,114.99,114.99,114.99,0,0
1631533075,114.99,114.99,114.99,114.99,114.99,0,0
1631533080,114.99,114.99,114.99,114.99,114.99,0,0
1631533085,114.99,114.99,114.99,114.99,114.99,0,0
1631533090,114.99,114.99,114.99,114.99,114.99,0,0
1631533095,114.99,114.99,114.99,114.99,114.99,0,0
1631533100,114.99,114.99,114.99,114.99,114.99,0,0
1631533105,114.99,114.99,114.99,114.99,114.99,0,0
1631533110,114.99,114.99,114.99,114.99,114.99,0,0
1631533115,114.99,114.99,114.99,114.99,114.99,0,0
1631533120,114.99,114.99,114.99,114.99,114.99,0,0
1631533125,114.99,114.99,114.99,114.99,114.99,0,0
1631533130,114.99,114.99,114.99,114.99,114.99,0,0
1631533135,114.99,114.99,114.99,114.99,114.99,0,0
1631533140,114.99,114.99,114.99,114.99,114.99,0,0
1631533145,114.99,114.99,114.99,114.99,114.99,0,0
1631533150,114.99,114.99,114.99,114.99,114.99,0,0
1631533155,114.99,114.99,114.99,114.99,114.99,0,0
1631533160,114.99,114.99,114.99,114.99,114.99,0,0
1631533165,114.99,114.99,114.99,114.99,114.99,0,0
1631533170,114.99,114.99,114.99,114.99,114.99,0,0
1631533175,114.99,114.99,114.99,114.99,114.99,0,0
1631533180,114.99,114.99,114.99,114.99,114.99,0,0
1631533185,114.99,114.99,114.99,114.99,114.99,0,0
1631533190,114.99,114.99,114.99,114.99,114.99,0,0
1631533195,114.99,114.99,114.99,114.99,114.99,0,0
1631533200,114.99,114.99,114.99,114.99,114.99,0,0
1631533205,114.99,114.99,114.99,114.99,114.99,0,0
1631533210,114.99,114.99,114.99,114.99,114.99,0,0
1631533215,114.99,114.99,114.99,114.99,114.99,0,0
1631533220,114.99,114.99,114.99,114.99,114.99,0,0
1631533225,114.99,114.99,114.99,114.99,114.99,0,0
1631533230,114.99,114.99,114.99,114.99,114.99,0,0
1631533235,114.99,114.99,114.99,114.99,114.99,0,0
1631533240,114.99,114.99,114.99,114.99,114.99,0,0
1631533245,114.99,114.99,114.99,114.99,114.99,0,0
1631533250,114.99,114.99,114.99,114.99,114.99,0,0
1631533255,114.99,114.99,114.99,114.99,114.99,0,0
1631533260,114.99,114.99,114.99,114.99,114.99,0,0
1631533265,114.99,114.99,114.99,114.99,114.99,0,0
1631533270,114.99,114.99,114.99,114.99,114.99,0,0
1631533275,114.99,114.99,114.99,114.99,114.99,0,0
1631533280,114.99,114.99,114.99,114.99,114.99,0,0
1631533285,114.99,114.99,114.99,114.99,114.99,0,0
1631533290,114.99,114.99,114.99,114.99,114.99,0,0
1631533295,114.99,114.99,114.99,114.99,114.99,0,0
1631533300,114.99,114.99,114.99,114.99,114.99,0,0
1631533305,114.99,114.99,114.99,114.99,114.99,0,0
1631533310,114.99,114.99,114.99,114.99,114.99,0,0
1631533315,114.99,114.99,114.99,114.99,114.99,0,0
1631533320,114.99,114.99,114.99,114.99,114.99,0,0
1631533325,114.99,114.99,114.99,114.99,114.99,0,0
1631533330,114.99,114.99,114.99,114.99,114.99,0,0
1631533335,114.99,114.99,114.99,114.99,114.99,0,0
1631533340,114.99,114.99,114.99,114.99,114.99,0,0
1631533345,114.99,114.99,114.99,114.99,114.99,0,0
1631533350,114.99,114.99,114.99,114.99,114.99,0,0
1631533355,114.99,114.99,114.99,114.99,114.99,0,0
1631533360,114.99,114.99,114.99,114.99,114.99,0,0
1631533365,114.99,114.99,114.99,114.99,114.99,0,0
1631533370,114.99,114.99,114.99,114.99,114.99,0,0
1631533375,114.99,114.99,114.99,114.99,114.99,0,0
1631533380,114.99,114.99,114.99,114.99,114.99,0,0
1631533385,114.99,114.99,114.99,114.99,114.99,0,0
1631533390,114.99,114.99,114.99,114.99,114.99,0,0
1631533395,114.99,114.99,114.99,114.99,114.99,0,0
1631533400,114.99,114.99,114.99,114.99,114.99,0,0
1631533405,114.99,114.99,114.99,114.99,114.99,0,0
1631533410,114.99,114.99,114.99,114.99,114.99,0,0
1631533415,114.99,114.99,114.99,114.99,114.99,0,0
1631533420,115.24,115.24,115.24,115.24,115.24,2,2
1631533425,115.24,115.24,115.24,115.24,115.24,0,0
1631533430,115.24,115.24,115.24,115.24,115.24,0,0
1631533435,115.24,115.24,115.24,115.24,115.24,0,0
1631533440,115.24,115.24,115.24,115.24,115.24,0,0
1631533445,115.24,115.24,115.24,115.24,115.24,0,0
1631533450,115.24,115.24,115.24,115.24,115.24,0,0
1631533455,115.31,115.31,115.29,115.29,115.3,2,2
1631533460,115.29,115.29,115.29,115.29,115.29,0,0
1631533465,115.29,115.29,115.29,115.29,115.29,0,0
1631533470,115.29,115.29,115.29,115.29,115.29,0,0
1631533475,115.29,115.29,115.29,115.29,115.29,0,0
1631533480,115.29,115.29,115.29,115.29,115.29,0,0
1631533485,115.29,115.29,115.29,115.29,115.29,0,0
1631533490,115.29,115.29,115.29,115.29,115.29,0,0
1631533495,115.29,115.29,115.29,115.29,115.29,0,0
1631533500,115.29,115.29,115.29,115.29,115.29,0,0
1631533505,115.29,115.29,115.29,115.29,115.29,0,0
1631533510,115.29,115.29,115.29,115.29,115.29,0,0
1631533515,115.29,115.29,115.29,115.29,115.29,0,0
1631533520,115.29,115.29,115.29,115.29,115.29,0,0
1631533525,115.29,115.29,115.29,115.29,115.29,0,0
1631533530,115.29,115.29,115.29,115.29,115.29,0,0
1631533535,115.29,115.29,115.29,115.29,115.29,0,0
1631533540,115.29,115.29,115.29,115.29,115.29,0,0
1631533545,115.29,115.29,115.29,115.29,115.29,0,0
1631533550,115.29,115.29,115.29,115.29,115.29,0,0
1631533555,115.29,115.29,115.29,115.29,115.29,0,0
1631533560,115.29,115.29,115.29,115.29,115.29,0,0
1631533565,115.29,115.29,115.29,115.29,115.29,0,0
1631533570,115.29,115.29,115.29,115.29,115.29,0,0
1631533575,115.29,115.29,115.29,115.29,115.29,0,0
1631533580,115.29,115.29,115.29,115.29,115.29,0,0
1631533585,115.29,115.29,115.29,115.29,115.29,0,0
1631533590,115.29,115.29,115.29,115.29,115.29,0,0
1631533595,115.29,115.29,115.29,115.29,115.29,0,0
1631533600,115.29,115.29,115.29,115.29,115.29,0,0
1631533605,115.29,115.29,115.29,115.29,115.29,0,0
1631533610,115.29,115.29,115.29,115.29,115.29,0,0
1631533615,115.29,115.29,115.29,115.29,115.29,0,0
1631533620,115.29,115.29,115.29,115.29,115.29,0,0
1631533625,115.29,115.29,115.29,115.29,115.29,0,0
1631533630,115.29,115.29,115.29,115.29,115.29,0,0
1631533635,115.29,115.29,115.29,115.29,115.29,0,0
1631533640,115.29,115.29,115.29,115.29,115.29,0,0
1631533645,115.29,115.29,115.29,115.29,115.29,0,0
1631533650,115.29,115.29,115.29,115.29,115.29,0,0
1631533655,115.29,115.29,115.29,115.29,115.29,0,0
1631533660,115.29,115.29,115.29,115.29,115.29,0,0
1631533665,115.29,115.29,115.29,115.29,115.29,0,0
1631533670,115.29,115.29,115.29,115.29,115.29,0,0
1631533675,115.29,115.29,115.29,115.29,115.29,0,0
1631533680,115.29,115.29,115.29,115.29,115.29,0,0
1631533685,115.29,115.29,115.29,115.29,115.29,0,0
1631533690,115.29,115.29,115.29,115.29,115.29,0,0
1631533695,115.29,115.29,115.29,115.29,115.29,0,0
1631533700,115.29,115.29,115.29,115.29,115.29,0,0
1631533705,115.29,115.29,115.29,115.29,115.29,0,0
1631533710,115.29,115.29,115.29,115.29,115.29,0,0
1631533715,115.29,115.29,115.29,115.29,115.29,0,0
1631533720,115.29,115.29,115.29,115.29,115.29,0,0
1631533725,115.29,115.29,115.29,115.29,115.29,0,0
1631533730,115.29,115.29,115.29,115.29,115.29,0,0
1631533735,115.29,115.29,115.29,115.29,115.29,0,0
1631533740,115.29,115.29,115.29,115.29,115.29,0,0
1631533745,115.29,115.29,115.29,115.29,115.29,0,0
1631533750,115.29,115.29,115.29,115.29,115.29,0,0
1631533755,115.29,115.29,115.29,115.29,115.29,0,0
1631533760,115.29,115.29,115.29,115.29,115.29,0,0
1631533765,115.29,115.29,115.29,115.29,115.29,0,0
1631533770,115.29,115.29,115.29,115.29,115.29,0,0
1631533775,115.29,115.29,115.29,115.29,115.29,0,0
1631533780,114.88,114.88,114.82,114.82,114.846,3,2
1631533785,114.82,114.82,114.82,114.82,114.82,0,0
1631533790,114.82,114.82,114.82,114.82,114.82,0,0
1631533795,114.82,114.82,114.82,114.82,114.82,0,0
1631533800,114.82,114.82,114.82,114.82,114.82,0,0
1631533805,114.82,114.82,114.82,114.82,114.82,0,0
1631533810,114.82,114.82,114.82,114.82,114.82,0,0
1631533815,114.82,114.82,114.82,114.82,114.82,0,0
1631533820,114.82,114.82,114.82,114.82,114.82,0,0
1631533825,114.82,114.82,114.82,114.82,114.82,0,0
1631533830,114.82,114.82,114.82,114.82,114.82,0,0
1631533835,114.82,114.82,114.82,114.82,114.82,0,0
1631533840,114.82,114.82,114.82,114.82,114.82,0,0
1631533845,114.82,114.82,114.82,114.82,114.82,0,0
1631533850,114.82,114.82,114.82,114.82,114.82,0,0
1631533855,114.82,114.82,114.82,114.82,114.82,0,0
1631533860,114.82,114.82,114.82,114.82,114.82,0,0
1631533865,114.82,114.82,114.82,114.82,114.82,0,0
1631533870,114.82,114.82,114.82,114.82,114.82,0,0
1631533875,114.82,114.82,114.82,114.82,114.82,0,0
1631533880,114.82,114.82,114.82,114.82,114.82,0,0
1631533885,114.82,114.82,114.82,114.82,114.82,0,0
1631533890,114.82,114.82,114.82,114.82,114.82,0,0
1631533895,114.82,114.82,114.82,114.82,114.82,0,0
1631533900,114.82,114.82,114.82,114.82,114.82,0,0
1631533905,114.82,114.82,114.82,114.82,114.82,0,0
1631533910,114.82,114.82,114.82,114.82,114.82,0,0
1631533915,114.82,114.82,114.82,114.82,114.82,0,0
1631533920,114.82,114.82,114.82,114.82,114.82,0,0
1631533925,114.82,114.82,114.82,114.82,114.82,0,0
1631533930,114.82,114.82,114.82,114.82,114.82,0,0
1631533935,114.82,114.82,114.82,114.82,114.82,0,0
1631533940,114.82,114.82,114.82,114.82,114.82,0,0
1631533945,114.82,114.82,114.82,114.82,114.82,0,0
1631533950,114.82,114.82,114.82,114.82,114.82,0,0
1631533955,114.85,114.85,114.85,114.85,114.85,2,1
1631533960,114.85,114.85,114.85,114.85,114.85,0,0
1631533965,114.85,114.85,114.85,114.85,114.85,0,0
1631533970,114.85,114.85,114.85,114.85,114.85,0,0
1631533975,114.85,114.85,114.85,114.85,114.85,0,0
1631533980,114.85,114.85,114.85,114.85,114.85,0,0
1631533985,114.85,114.85,114.85,114.85,114.85,0,0
1631533990,114.85,114.85,114.85,114.85,114.85,0,0
1631533995,114.85,114.85,114.85,114.85,114.85,0,0
1631534000,114.85,114.85,114.85,114.85,114.85,0,0
1631534005,114.85,114.85,114.85,114.85,114.85,0,0
1631534010,114.85,114.85,114.85,114.85,114.85,0,0
1631534015,114.9,114.9,114.9,114.9,114.9,2,1
1631534020,114.9,114.9,114.9,114.9,114.9,0,0
1631534025,114.9,114.9,114.9,114.9,114.9,0,0
1631534030,114.9,114.9,114.9,114.9,114.9,0,0
1631534035,114.9,114.9,114.9,114.9,114.9,0,0
1631534040,114.9,114.9,114.9,114.9,114.9,0,0
1631534045,114.9,114.9,114.9,114.9,114.9,0,0
1631534050,114.9,114.9,114.9,114.9,114.9,0,0
1631534055,114.9,114.9,114.9,114.9,114.9,0,0
1631534060,115.0,115.0,115.0,115.0,115.0,2,1
1631534065,115.0,115.0,115.0,115.0,115.0,0,0
1631534070,115.0,115.0,115.0,115.0,115.0,0,0
1631534075,115.0,115.0,115.0,115.0,115.0,0,0
1631534080,115.0,115.0,115.0,115.0,115.0,0,0
1631534085,115.0,115.0,115.0,115.0,115.0,0,0
1631534090,115.0,115.0,115.0,115.0,115.0,0,0
1631534095,115.0,115.0,115.0,115.0,115.0,0,0
1631534100,115.0,115.0,115.0,115.0,115.0,0,0
1631534105,115.0,115.0,115.0,115.0,115.0,0,0
1631534110,115.0,115.0,115.0,115.0,115.0,0,0
1631534115,115.0,115.0,115.0,115.0,115.0,0,0
1631534120,115.0,115.0,115.0,115.0,115.0,0,0
1631534125,115.0,115.0,115.0,115.0,115.0,0,0
1631534130,115.0,115.0,115.0,115.0,115.0,0,0
1631534135,115.0,115.0,115.0,115.0,115.0,0,0
1631534140,115.0,115.0,115.0,115.0,115.0,0,0
1631534145,115.0,115.0,115.0,115.0,115.0,0,0
1631534150,115.0,115.0,115.0,115.0,115.0,0,0
1631534155,115.0,115.0,115.0,115.0,115.0,0,0
1631534160,115.0,115.0,115.0,115.0,115.0,0,0
1631534165,115.0,115.0,115.0,115.0,115.0,0,0
1631534170,115.0,115.0,115.0,115.0,115.0,0,0
1631534175,115.0,115.0,115.0,115.0,115.0,0,0
1631534180,115.0,115.0,115.0,115.0,115.0,0,0
1631534185,115.0,115.0,115.0,115.0,115.0,0,0
1631534190,115.0,115.0,115.0,115.0,115.0,0,0
1631534195,115.0,115.0,115.0,115.0,115.0,0,0
1631534200,115.0,115.0,115.0,115.0,115.0,0,0
1631534205,115.0,115.0,115.0,115.0,115.0,0,0
1631534210,115.0,115.0,115.0,115.0,115.0,0,0
1631534215,115.0,115.0,115.0,115.0,115.0,0,0
1631534220,115.0,115.0,115.0,115.0,115.0,0,0
1631534225,115.0,115.0,115.0,115.0,115.0,0,0
1631534230,115.0,115.0,115.0,115.0,115.0,0,0
1631534235,115.0,115.0,115.0,115.0,115.0,0,0
1631534240,115.0,115.0,115.0,115.0,115.0,0,0
1631534245,115.0,115.0,115.0,115.0,115.0,0,0
1631534250,115.0,115.0,115.0,115.0,115.0,0,0
1631534255,115.0,115.0,115.0,115.0,115.0,0,0
1631534260,115.0,115.0,115.0,115.0,115.0,0,0
1631534265,115.0,115.0,115.0,115.0,115.0,0,0
1631534270,115.0,115.0,115.0,115.0,115.0,0,0
1631534275,115.0,115.0,115.0,115.0,115.0,0,0
1631534280,115.0,115.0,115.0,115.0,115.0,0,0
1631534285,115.0,115.0,115.0,115.0,115.0,0,0
1631534290,115.0,115.0,115.0,115.0,115.0,0,0
1631534295,115.0,115.0,115.0,115.0,115.0,0,0
1631534300,115.0,115.0,115.0,115.0,115.0,0,0
1631534305,115.0,115.0,115.0,115.0,115.0,0,0
1631534310,115.0,115.0,115.0,115.0,115.0,0,0
1631534315,115.0,115.0,115.0,115.0,115.0,0,0
1631534320,115.0,115.0,115.0,115.0,115.0,0,0
1631534325,115.0,115.0,115.0,115.0,115.0,0,0
1631534330,115.0,115.0,115.0,115.0,115.0,0,0
1631534335,115.0,115.0,115.0,115.0,115.0,0,0
1631534340,115.0,115.0,115.0,115.0,115.0,0,0
1631534345,115.0,115.0,115.0,115.0,115.0,0,0
1631534350,115.0,115.0,115.0,115.0,115.0,0,0
1631534355,115.0,115.0,115.0,115.0,115.0,0,0
1631534360,115.0,115.0,115.0,115.0,115.0,0,0
1631534365,115.0,115.0,115.0,115.0,115.0,0,0
1631534370,115.0,115.0,115.0,115.0,115.0,0,0
1631534375,115.0,115.0,115.0,115.0,115.0,0,0
1631534380,115.0,115.0,115.0,115.0,115.0,0,0
1631534385,115.0,115.0,115.0,115.0,115.0,0,0
1631534390,115.0,115.0,115.0,115.0,115.0,0,0
1631534395,115.0,115.0,115.0,115.0,115.0,0,0
1631534400,114.75,115.25,114.75,115.0,114.856,32,9
1631534405,115.0,115.0,114.99,115.0,115.0,0,0
1631534410,115.0,115.0,114.99,115.0,115.0,0,0
1631534415,115.0,115.0,114.99,115.0,115.0,0,0
1631534420,115.0,115.0,114.99,115.0,115.0,0,0
1631534425,115.0,115.0,114.99,115.0,115.0,0,0
1631534430,115.0,115.0,114.99,115.0,115.0,0,0
1631534435,115.0,115.0,114.99,115.0,115.0,0,0
1631534440,115.0,115.0,114.99,115.0,115.0,0,0
1631534445,115.0,115.0,114.99,115.0,115.0,0,0
1631534450,115.0,115.0,114.99,115.0,115.0,0,0
1631534455,115.0,115.0,114.99,115.0,115.0,0,0
1631534460,115.0,115.0,114.99,115.0,115.0,0,0
1631534465,115.0,115.0,114.99,115.0,115.0,0,0
1631534470,115.0,115.0,114.99,115.0,115.0,0,0
1631534475,115.0,115.0,114.99,115.0,115.0,0,0
1631534480,115.0,115.0,114.99,115.0,115.0,0,0
1631534485,115.0,115.0,114.99,115.0,115.0,0,0
1631534490,115.0,115.0,114.99,115.0,115.0,0,0
1631534495,115.0,115.0,114.99,115.0,115.0,0,0
1631534500,115.0,115.0,114.99,115.0,115.0,0,0
1631534505,115.0,115.0,114.99,115.0,115.0,0,0
1631534510,115.0,115.0,114.99,115.0,115.0,0,0
1631534515,115.0,115.0,114.99,115.0,115.0,0,0
1631534520,115.0,115.0,114.99,115.0,115.0,0,0
1631534525,115.0,115.0,114.99,115.0,115.0,0,0
1631534530,115.0,115.0,114.99,115.0,115.0,0,0
1631534535,115.0,115.0,114.99,115.0,115.0,0,0
1631534540,115.0,115.0,114.99,115.0,115.0,0,0
1631534545,115.0,115.0,114.99,115.0,115.0,0,0
1631534550,115.0,115.0,114.99,115.0,115.0,0,0
1631534555,115.0,115.0,114.99,115.0,115.0,0,0
1631534560,115.0,115.0,114.99,115.0,115.0,0,0
1631534565,115.0,115.0,114.99,115.0,115.0,0,0
1631534570,115.0,115.0,114.99,115.0,115.0,0,0
1631534575,115.0,115.0,114.99,115.0,115.0,0,0
1631534580,115.0,115.0,114.99,115.0,115.0,0,0
1631534585,115.0,115.0,114.99,115.0,115.0,0,0
1631534590,115.0,115.0,114.99,115.0,115.0,0,0
1631534595,115.0,115.0,114.99,115.0,115.0,0,0
1631534600,115.0,115.0,114.99,115.0,115.0,0,0
1631534605,115.0,115.0,114.99,115.0,115.0,0,0
1631534610,115.0,115.0,114.99,115.0,115.0,0,0
1631534615,115.0,115.0,114.99,115.0,115.0,0,0
1631534620,115.0,115.0,114.99,115.0,115.0,0,0
1631534625,115.0,115.0,114.99,115.0,115.0,0,0
1631534630,115.0,115.0,114.99,115.0,115.0,0,0
1631534635,115.0,115.0,114.99,115.0,115.0,0,0
1631534640,115.0,115.0,114.99,115.0,115.0,0,0
1631534645,115.0,115.0,114.99,115.0,115.0,0,0
1631534650,115.0,115.0,114.99,115.0,115.0,0,0
1631534655,115.0,115.0,114.99,115.0,115.0,0,0
1631534660,115.0,115.0,114.99,115.0,115.0,0,0
1631534665,115.0,115.0,114.99,115.0,115.0,0,0
1631534670,115.0,115.0,114.99,115.0,115.0,0,0
1631534675,115.0,115.0,114.99,115.0,115.0,0,0
1631534680,115.0,115.0,114.99,115.0,115.0,0,0
1631534685,115.0,115.0,114.99,115.0,115.0,0,0
1631534690,115.0,115.0,114.99,115.0,115.0,0,0
1631534695,115.0,115.0,114.99,115.0,115.0,0,0
1631534700,115.08,115.09,115.08,115.08,115.085,1,1
1631534705,115.08,115.09,115.08,115.08,115.08,0,0
1631534710,115.08,115.09,115.08,115.08,115.08,0,0
1631534715,115.08,115.09,115.08,115.08,115.08,0,0
1631534720,115.08,115.09,115.08,115.08,115.08,0,0
1631534725,115.08,115.09,115.08,115.08,115.08,0,0
1631534730,115.08,115.09,115.08,115.08,115.08,0,0
1631534735,115.08,115.09,115.08,115.08,115.08,0,0
1631534740,115.08,115.09,115.08,115.08,115.08,0,0
1631534745,115.08,115.09,115.08,115.08,115.08,0,0
1631534750,115.08,115.09,115.08,115.08,115.08,0,0
1631534755,115.08,115.09,115.08,115.08,115.08,0,0
1631534760,115.08,115.09,115.08,115.08,115.08,0,0
1631534765,115.08,115.09,115.08,115.08,115.08,0,0
1631534770,115.08,115.09,115.08,115.08,115.08,0,0
1631534775,115.08,115.09,115.08,115.08,115.08,0,0
1631534780,115.08,115.09,115.08,115.08,115.08,0,0
1631534785,115.08,115.09,115.08,115.08,115.08,0,0
1631534790,115.08,115.09,115.08,115.08,115.08,0,0
1631534795,115.08,115.09,115.08,115.08,115.08,0,0
1631534800,115.08,115.09,115.08,115.08,115.08,0,0
1631534805,115.08,115.09,115.08,115.08,115.08,0,0
1631534810,115.08,115.09,115.08,115.08,115.08,0,0
1631534815,115.08,115.09,115.08,115.08,115.08,0,0
1631534820,115.08,115.09,115.08,115.08,115.08,0,0
1631534825,115.08,115.09,115.08,115.08,115.08,0,0
1631534830,115.08,115.09,115.08,115.08,115.08,0,0
1631534835,115.08,115.09,115.08,115.08,115.08,0,0
1631534840,115.08,115.09,115.08,115.08,115.08,0,0
1631534845,115.08,115.09,115.08,115.08,115.08,0,0
1631534850,115.08,115.09,115.08,115.08,115.08,0,0
1631534855,115.08,115.09,115.08,115.08,115.08,0,0
1631534860,115.08,115.09,115.08,115.08,115.08,0,0
1631534865,115.08,115.09,115.08,115.08,115.08,0,0
1631534870,115.08,115.09,115.08,115.08,115.08,0,0
1631534875,115.08,115.09,115.08,115.08,115.08,0,0
1631534880,115.08,115.09,115.08,115.08,115.08,0,0
1631534885,115.08,115.09,115.08,115.08,115.08,0,0
1631534890,115.12,115.12,115.12,115.12,115.12,1,1
1631534895,115.12,115.12,115.12,115.12,115.12,0,0
1631534900,115.12,115.12,115.12,115.12,115.12,0,0
1631534905,115.12,115.12,115.12,115.12,115.12,0,0
1631534910,115.12,115.12,115.12,115.12,115.12,0,0
1631534915,115.12,115.12,115.12,115.12,115.12,0,0
1631534920,115.12,115.12,115.12,115.12,115.12,0,0
1631534925,115.12,115.12,115.12,115.12,115.12,0,0
1631534930,115.12,115.12,115.12,115.12,115.12,0,0
1631534935,115.12,115.12,115.12,115.12,115.12,0,0
1631534940,115.12,115.12,115.12,115.12,115.12,0,0
1631534945,115.12,115.12,115.12,115.12,115.12,0,0
1631534950,115.12,115.12,115.12,115.12,115.12,0,0
1631534955,115.12,115.12,115.12,115.12,115.12,0,0
1631534960,114.78,114.78,114.77,114.78,114.776,2,1
1631534965,114.78,114.78,114.77,114.78,114.78,0,0
1631534970,114.78,114.78,114.77,114.78,114.78,0,0
1631534975,114.78,114.78,114.77,114.78,114.78,0,0
1631534980,114.78,114.78,114.77,114.78,114.78,0,0
1631534985,114.78,114.78,114.77,114.78,114.78,0,0
1631534990,114.78,114.78,114.77,114.78,114.78,0,0
1631534995,114.78,114.78,114.77,114.78,114.78,0,0
1631535000,114.78,114.78,114.77,114.78,114.78,0,0
1631535005,114.78,114.78,114.77,114.78,114.78,0,0
1631535010,114.78,114.78,114.77,114.78,114.78,0,0
1631535015,114.78,114.78,114.77,114.78,114.78,0,0
1631535020,114.78,114.78,114.77,114.78,114.78,0,0
1631535025,114.78,114.78,114.77,114.78,114.78,0,0
1631535030,114.78,114.78,114.77,114.78,114.78,0,0
1631535035,114.78,114.78,114.77,114.78,114.78,0,0
1631535040,114.78,114.78,114.77,114.78,114.78,0,0
1631535045,114.78,114.78,114.77,114.78,114.78,0,0
1631535050,114.76,114.76,114.76,114.76,114.76,3,1
1631535055,114.76,114.76,114.76,114.76,114.76,0,0
1631535060,114.76,114.76,114.76,114.76,114.76,0,0
1631535065,114.76,114.76,114.76,114.76,114.76,0,0
1631535070,114.76,114.76,114.76,114.76,114.76,0,0
1631535075,114.76,114.76,114.76,114.76,114.76,0,0
1631535080,114.76,114.76,114.76,114.76,114.76,0,0
1631535085,114.76,114.76,114.76,114.76,114.76,0,0
1631535090,114.76,114.76,114.76,114.76,114.76,0,0
1631535095,114.76,114.76,114.76,114.76,114.76,0,0
1631535100,114.76,114.76,114.76,114.76,114.76,0,0
1631535105,114.76,114.76,114.76,114.76,114.76,0,0
1631535110,114.76,114.76,114.76,114.76,114.76,0,0
1631535115,114.76,114.76,114.76,114.76,114.76,0,0
1631535120,114.76,114.76,114.76,114.76,114.76,0,0
1631535125,114.76,114.76,114.76,114.76,114.76,0,0
1631535130,114.76,114.76,114.76,114.76,114.76,0,0
1631535135,114.76,114.76,114.76,114.76,114.76,0,0
1631535140,114.76,114.76,114.76,114.76,114.76,0,0
1631535145,114.76,114.76,114.76,114.76,114.76,0,0
1631535150,114.76,114.76,114.76,114.76,114.76,0,0
1631535155,114.76,114.76,114.76,114.76,114.76,0,0
1631535160,114.76,114.76,114.76,114.76,114.76,0,0
1631535165,114.76,114.76,114.76,114.76,114.76,0,0
1631535170,114.76,114.76,114.76,114.76,114.76,0,0
1631535175,114.76,114.76,114.76,114.76,114.76,0,0
1631535180,114.76,114.76,114.76,114.76,114.76,0,0
1631535185,114.76,114.76,114.76,114.76,114.76,0,0
1631535190,114.76,114.76,114.76,114.76,114.76,0,0
1631535195,114.76,114.76,114.76,114.76,114.76,0,0
1631535200,114.76,114.76,114.76,114.76,114.76,0,0
1631535205,114.76,114.76,114.76,114.76,114.76,0,0
1631535210,114.76,114.76,114.76,114.76,114.76,0,0
1631535215,114.76,114.76,114.76,114.76,114.76,0,0
1631535220,114.76,114.76,114.76,114.76,114.76,0,0
1631535225,114.76,114.76,114.76,114.76,114.76,0,0
1631535230,114.76,114.76,114.76,114.76,114.76,0,0
1631535235,114.76,114.76,114.76,114.76,114.76,0,0
1631535240,114.76,114.76,114.76,114.76,114.76,0,0
1631535245,114.76,114.76,114.76,114.76,114.76,0,0
1631535250,114.76,114.76,114.76,114.76,114.76,0,0
1631535255,114.76,114.76,114.76,114.76,114.76,0,0
1631535260,114.76,114.76,114.76,114.76,114.76,0,0
1631535265,114.76,114.76,114.76,114.76,114.76,0,0
1631535270,114.76,114.76,114.76,114.76,114.76,0,0
1631535275,114.76,114.76,114.76,114.76,114.76,0,0
1631535280,114.76,114.76,114.76,114.76,114.76,0,0
1631535285,114.76,114.76,114.76,114.76,114.76,0,0
1631535290,114.76,114.76,114.76,114.76,114.76,0,0
1631535295,114.76,114.76,114.76,114.76,114.76,0,0
1631535300,114.76,114.76,114.76,114.76,114.76,0,0
1631535305,114.76,114.76,114.76,114.76,114.76,0,0
1631535310,114.76,114.76,114.76,114.76,114.76,0,0
1631535315,114.76,114.76,114.76,114.76,114.76,0,0
1631535320,114.76,114.76,114.76,114.76,114.76,0,0
1631535325,114.76,114.76,114.76,114.76,114.76,0,0
1631535330,114.76,114.76,114.76,114.76,114.76,0,0
1631535335,114.76,114.76,114.76,114.76,114.76,0,0
1631535340,114.76,114.76,114.76,114.76,114.76,0,0
1631535345,114.76,114.76,114.76,114.76,114.76,0,0
1631535350,114.76,114.76,114.76,114.76,114.76,0,0
1631535355,114.76,114.76,114.76,114.76,114.76,0,0
1631535360,114.76,114.76,114.76,114.76,114.76,0,0
1631535365,114.76,114.77,114.76,114.76,114.76,1,1
1631535370,114.76,114.77,114.76,114.76,114.76,0,0
1631535375,114.76,114.77,114.76,114.76,114.76,0,0
1631535380,114.76,114.77,114.76,114.76,114.76,0,0
1631535385,114.76,114.77,114.76,114.76,114.76,0,0
1631535390,114.76,114.77,114.76,114.76,114.76,0,0
1631535395,114.76,114.77,114.76,114.76,114.76,0,0
1631535400,114.76,114.77,114.76,114.76,114.76,0,0
1631535405,114.76,114.77,114.76,114.76,114.76,0,0
1631535410,114.76,114.77,114.76,114.76,114.76,0,0
1631535415,114.76,114.77,114.76,114.76,114.76,0,0
1631535420,114.76,114.77,114.76,114.76,114.76,0,0
1631535425,114.76,114.77,114.76,114.76,114.76,0,0
1631535430,114.76,114.77,114.76,114.76,114.76,0,0
1631535435,114.76,114.77,114.76,114.76,114.76,0,0
1631535440,114.76,114.77,114.76,114.76,114.76,0,0
1631535445,114.76,114.77,114.76,114.76,114.76,0,0
1631535450,114.76,114.77,114.76,114.76,114.76,0,0
1631535455,114.76,114.77,114.76,114.76,114.76,0,0
1631535460,114.76,114.77,114.76,114.76,114.76,0,0
1631535465,114.76,114.77,114.76,114.76,114.76,0,0
1631535470,114.76,114.77,114.76,114.76,114.76,0,0
1631535475,114.76,114.77,114.76,114.76,114.76,0,0
1631535480,114.76,114.77,114.76,114.76,114.76,0,0
1631535485,114.76,114.77,114.76,114.76,114.76,0,0
1631535490,114.76,114.77,114.76,114.76,114.76,0,0
1631535495,115.02,115.02,115.01,115.02,115.019,1,1
1631535500,115.02,115.02,115.01,115.02,115.02,0,0
1631535505,115.02,115.02,115.01,115.02,115.02,0,0
1631535510,115.02,115.02,115.01,115.02,115.02,0,0
1631535515,115.02,115.02,115.01,115.02,115.02,0,0
1631535520,115.02,115.02,115.01,115.02,115.02,0,0
1631535525,115.02,115.02,115.01,115.02,115.02,0,0
1631535530,115.02,115.02,115.01,115.02,115.02,0,0
1631535535,115.02,115.02,115.01,115.02,115.02,0,0
1631535540,115.02,115.02,115.01,115.02,115.02,0,0
1631535545,115.02,115.02,115.01,115.02,115.02,0,0
1631535550,115.02,115.02,115.01,115.02,115.02,0,0
1631535555,115.02,115.02,115.01,115.02,115.02,0,0
1631535560,115.02,115.02,115.01,115.02,115.02,0,0
1631535565,115.02,115.02,115.01,115.02,115.02,0,0
1631535570,115.02,115.02,115.01,115.02,115.02,0,0
1631535575,115.02,115.02,115.01,115.02,115.02,0,0
1631535580,114.77,114.77,114.77,114.77,114.77,1,1
1631535585,114.77,114.77,114.77,114.77,114.77,0,0
1631535590,114.77,114.77,114.77,114.77,114.77,0,0
1631535595,114.77,114.77,114.77,114.77,114.77,0,0
1631535600,114.77,114.77,114.77,114.77,114.77,0,0
1631535605,114.77,114.77,114.77,114.77,114.77,0,0
1631535610,114.77,114.77,114.77,114.77,114.77,0,0
1631535615,114.77,114.77,114.77,114.77,114.77,0,0
1631535620,114.77,114.77,114.77,114.77,114.77,0,0
1631535625,114.77,114.77,114.77,114.77,114.77,0,0
1631535630,114.77,114.77,114.77,114.77,114.77,0,0
1631535635,114.77,114.77,114.77,114.77,114.77,0,0
1631535640,114.77,114.77,114.77,114.77,114.77,0,0
1631535645,114.77,114.77,114.77,114.77,114.77,0,0
1631535650,114.77,114.77,114.77,114.77,114.77,0,0
1631535655,114.77,114.77,114.77,114.77,114.77,0,0
1631535660,114.77,114.77,114.77,114.77,114.77,0,0
1631535665,114.77,114.77,114.77,114.77,114.77,0,0
1631535670,114.77,114.77,114.77,114.77,114.77,0,0
1631535675,114.77,114.77,114.77,114.77,114.77,0,0
1631535680,114.77,114.77,114.77,114.77,114.77,0,0
1631535685,114.77,114.77,114.77,114.77,114.77,0,0
1631535690,114.77,114.77,114.77,114.77,114.77,0,0
1631535695,114.77,114.77,114.77,114.77,114.77,0,0
1631535700,114.77,114.77,114.77,114.77,114.77,0,0
1631535705,114.77,114.77,114.77,114.77,114.77,0,0
1631535710,114.77,114.77,114.77,114.77,114.77,0,0
1631535715,114.77,114.77,114.77,114.77,114.77,0,0
1631535720,114.77,114.77,114.77,114.77,114.77,0,0
1631535725,114.77,114.77,114.77,114.77,114.77,0,0
1631535730,114.77,114.77,114.77,114.77,114.77,0,0
1631535735,114.77,114.77,114.77,114.77,114.77,0,0
1631535740,114.77,114.77,114.77,114.77,114.77,0,0
1631535745,114.77,114.77,114.77,114.77,114.77,0,0
1631535750,114.77,114.77,114.77,114.77,114.77,0,0
1631535755,114.77,114.77,114.77,114.77,114.77,0,0
1631535760,114.77,114.77,114.77,114.77,114.77,0,0
1631535765,114.77,114.77,114.77,114.77,114.77,0,0
1631535770,114.77,114.77,114.77,114.77,114.77,0,0
1631535775,114.77,114.77,114.77,114.77,114.77,0,0
1631535780,114.77,114.77,114.77,114.77,114.77,0,0
1631535785,114.77,114.77,114.77,114.77,114.77,0,0
1631535790,114.77,114.77,114.77,114.77,114.77,0,0
1631535795,114.77,114.77,114.77,114.77,114.77,0,0
1631535800,114.77,114.77,114.77,114.77,114.77,0,0
1631535805,114.77,114.77,114.77,114.77,114.77,0,0
1631535810,114.77,114.77,114.77,114.77,114.77,0,0
1631535815,114.77,114.77,114.77,114.77,114.77,0,0
1631535820,114.77,114.77,114.77,114.77,114.77,0,0
1631535825,114.77,114.77,114.77,114.77,114.77,0,0
1631535830,114.77,114.77,114.77,114.77,114.77,0,0
1631535835,114.77,114.77,114.77,114.77,114.77,0,0
1631535840,114.77,114.77,114.77,114.77,114.77,0,0
1631535845,114.77,114.77,114.77,114.77,114.77,0,0
1631535850,114.77,114.77,114.77,114.77,114.77,0,0
1631535855,114.77,114.77,114.77,114.77,114.77,0,0
1631535860,114.77,114.77,114.77,114.77,114.77,0,0
1631535865,114.77,114.77,114.77,114.77,114.77,0,0
1631535870,114.77,114.77,114.77,114.77,114.77,0,0
1631535875,114.77,114.77,114.77,114.77,114.77,0,0
1631535880,114.77,114.77,114.77,114.77,114.77,0,0
1631535885,114.77,114.77,114.77,114.77,114.77,0,0
1631535890,114.77,114.77,114.77,114.77,114.77,0,0
1631535895,114.77,114.77,114.77,114.77,114.77,0,0
1631535900,114.77,114.77,114.77,114.77,114.77,0,0
1631535905,114.77,114.77,114.77,114.77,114.77,0,0
1631535910,114.77,114.77,114.77,114.77,114.77,0,0
1631535915,114.77,114.77,114.77,114.77,114.77,0,0
1631535920,114.77,114.77,114.77,114.77,114.77,0,0
1631535925,114.77,114.77,114.77,114.77,114.77,0,0
1631535930,114.77,114.77,114.77,114.77,114.77,0,0
1631535935,114.77,114.77,114.77,114.77,114.77,0,0
1631535940,114.77,114.77,114.77,114.77,114.77,0,0
1631535945,114.77,114.77,114.77,114.77,114.77,0,0
1631535950,114.77,114.77,114.77,114.77,114.77,0,0
1631535955,114.77,114.77,114.77,114.77,114.77,0,0
1631535960,114.77,114.77,114.77,114.77,114.77,0,0
1631535965,114.77,114.77,114.77,114.77,114.77,0,0
1631535970,114.77,114.77,114.77,114.77,114.77,0,0
1631535975,114.77,114.77,114.77,114.77,114.77,0,0
1631535980,114.77,114.77,114.77,114.77,114.77,0,0
1631535985,114.77,114.77,114.77,114.77,114.77,0,0
1631535990,114.77,114.77,114.77,114.77,114.77,0,0
1631535995,114.77,114.77,114.77,114.77,114.77,0,0
1631536000,114.77,114.77,114.77,114.77,114.77,0,0
1631536005,114.77,114.77,114.77,114.77,114.77,0,0
1631536010,114.77,114.77,114.77,114.77,114.77,0,0
1631536015,114.77,114.77,114.77,114.77,114.77,0,0
1631536020,114.77,114.77,114.77,114.77,114.77,0,0
1631536025,114.77,114.77,114.77,114.77,114.77,0,0
1631536030,114.77,114.77,114.77,114.77,114.77,0,0
1631536035,114.77,114.77,114.77,114.77,114.77,0,0
1631536040,114.77,114.77,114.77,114.77,114.77,0,0
1631536045,114.77,114.77,114.77,114.77,114.77,0,0
1631536050,114.76,114.77,114.76,114.76,114.762,2,1
1631536055,114.76,114.77,114.76,114.76,114.76,0,0
1631536060,114.76,114.77,114.76,114.76,114.76,0,0
1631536065,114.76,114.77,114.76,114.76,114.76,0,0
1631536070,114.76,114.77,114.76,114.76,114.76,0,0
1631536075,114.76,114.77,114.76,114.76,114.76,0,0
1631536080,114.76,114.77,114.76,114.76,114.76,0,0
1631536085,114.76,114.77,114.76,114.76,114.76,0,0
1631536090,114.76,114.77,114.76,114.76,114.76,0,0
1631536095,114.76,114.77,114.76,114.76,114.76,0,0
1631536100,114.76,114.77,114.76,114.76,114.76,0,0
1631536105,114.76,114.77,114.76,114.76,114.76,0,0
1631536110,114.76,114.77,114.76,114.76,114.76,0,0
1631536115,114.76,114.77,114.76,114.76,114.76,0,0
1631536120,114.76,114.77,114.76,114.76,114.76,0,0
1631536125,114.76,114.77,114.76,114.76,114.76,0,0
1631536130,114.76,114.77,114.76,114.76,114.76,0,0
1631536135,114.76,114.77,114.76,114.76,114.76,0,0
1631536140,114.76,114.77,114.76,114.76,114.76,0,0
1631536145,114.76,114.77,114.76,114.76,114.76,0,0
1631536150,114.76,114.77,114.76,114.76,114.76,0,0
1631536155,114.76,114.77,114.76,114.76,114.76,0,0
1631536160,114.77,114.77,114.77,114.77,114.77,1,1
1631536165,114.77,114.77,114.77,114.77,114.77,0,0
1631536170,114.76,114.76,114.76,114.76,114.76,5,1
1631536175,114.76,114.76,114.76,114.76,114.76,0,0
1631536180,114.76,114.76,114.76,114.76,114.76,0,0
1631536185,114.76,114.76,114.76,114.76,114.76,0,0
1631536190,114.76,114.76,114.76,114.76,114.76,0,0
1631536195,114.76,114.76,114.76,114.76,114.76,0,0
1631536200,114.76,114.76,114.76,114.76,114.76,0,0
1631536205,114.76,114.76,114.76,114.76,114.76,0,0
1631536210,114.76,114.76,114.76,114.76,114.76,0,0
1631536215,114.76,114.76,114.76,114.76,114.76,0,0
1631536220,114.76,114.76,114.76,114.76,114.76,0,0
1631536225,114.76,114.76,114.76,114.76,114.76,0,0
1631536230,114.76,114.76,114.76,114.76,114.76,0,0
1631536235,114.76,114.76,114.76,114.76,114.76,0,0
1631536240,114.76,114.76,114.76,114.76,114.76,0,0
1631536245,114.76,114.76,114.76,114.76,114.76,0,0
1631536250,114.76,114.76,114.76,114.76,114.76,0,0
1631536255,114.76,114.76,114.76,114.76,114.76,0,0
1631536260,114.76,114.76,114.76,114.76,114.76,0,0
1631536265,114.76,114.76,114.76,114.76,114.76,0,0
1631536270,114.76,114.76,114.76,114.76,114.76,0,0
1631536275,114.76,114.76,114.76,114.76,114.76,0,0
1631536280,114.76,114.76,114.76,114.76,114.76,0,0
1631536285,114.76,114.76,114.76,114.76,114.76,0,0
1631536290,114.76,114.76,114.76,114.76,114.76,0,0
1631536295,114.76,114.76,114.76,114.76,114.76,0,0
1631536300,114.76,114.76,114.76,114.76,114.76,0,0
1631536305,114.76,114.76,114.76,114.76,114.76,0,0
1631536310,114.76,114.76,114.76,114.76,114.76,0,0
1631536315,114.76,114.76,114.76,114.76,114.76,0,0
1631536320,114.76,114.76,114.76,114.76,114.76,0,0
1631536325,114.76,114.76,114.76,114.76,114.76,0,0
1631536330,114.76,114.76,114.76,114.76,114.76,0,0
1631536335,114.76,114.76,114.76,114.76,114.76,0,0
1631536340,114.76,114.76,114.76,114.76,114.76,0,0
1631536345,114.76,114.76,114.76,114.76,114.76,0,0
1631536350,114.76,114.76,114.76,114.76,114.76,0,0
1631536355,114.76,114.76,114.76,114.76,114.76,0,0
1631536360,114.76,114.76,114.76,114.76,114.76,0,0
1631536365,114.76,114.76,114.76,114.76,114.76,0,0
1631536370,114.76,114.76,114.76,114.76,114.76,0,0
1631536375,114.76,114.76,114.76,114.76,114.76,0,0
1631536380,114.76,114.76,114.76,114.76,114.76,0,0
1631536385,114.76,114.76,114.76,114.76,114.76,0,0
1631536390,114.76,114.76,114.76,114.76,114.76,0,0
1631536395,114.76,114.76,114.76,114.76,114.76,0,0
1631536400,114.76,114.76,114.76,114.76,114.76,0,0
1631536405,114.76,114.76,114.76,114.76,114.76,0,0
1631536410,114.76,114.76,114.76,114.76,114.76,0,0
1631536415,114.76,114.76,114.76,114.76,114.76,0,0
1631536420,114.76,114.76,114.76,114.76,114.76,0,0
1631536425,114.76,114.76,114.76,114.76,114.76,0,0
1631536430,114.76,114.76,114.76,114.76,114.76,0,0
1631536435,114.76,114.76,114.76,114.76,114.76,0,0
1631536440,114.76,114.76,114.76,114.76,114.76,0,0
1631536445,114.76,114.76,114.76,114.76,114.76,0,0
1631536450,114.76,114.76,114.76,114.76,114.76,0,0
1631536455,114.76,114.76,114.76,114.76,114.76,0,0
1631536460,114.76,114.76,114.76,114.76,114.76,0,0
1631536465,114.76,114.76,114.76,114.76,114.76,0,0
1631536470,114.76,114.76,114.76,114.76,114.76,0,0
1631536475,114.76,114.76,114.76,114.76,114.76,0,0
1631536480,114.76,114.76,114.76,114.76,114.76,0,0
1631536485,114.76,114.76,114.76,114.76,114.76,0,0
1631536490,114.76,114.76,114.76,114.76,114.76,0,0
1631536495,114.76,114.76,114.76,114.76,114.76,0,0
1631536500,114.76,114.76,114.76,114.76,114.76,0,0
1631536505,114.76,114.76,114.76,114.76,114.76,0,0
1631536510,114.76,114.76,114.76,114.76,114.76,0,0
1631536515,114.76,114.76,114.76,114.76,114.76,0,0
1631536520,114.76,114.76,114.76,114.76,114.76,0,0
1631536525,114.76,114.76,114.76,114.76,114.76,0,0
1631536530,114.79,114.79,114.78,114.78,114.787,3,3
1631536535,114.78,114.78,114.78,114.78,114.78,0,0
1631536540,114.78,114.78,114.78,114.78,114.78,0,0
1631536545,114.78,114.78,114.78,114.78,114.78,0,0
1631536550,114.78,114.78,114.78,114.78,114.78,0,0
1631536555,114.78,114.78,114.78,114.78,114.78,0,0
1631536560,114.78,114.78,114.78,114.78,114.78,0,0
1631536565,114.78,114.78,114.78,114.78,114.78,0,0
1631536570,114.78,114.78,114.78,114.78,114.78,0,0
1631536575,114.78,114.78,114.78,114.78,114.78,0,0
1631536580,114.78,114.78,114.78,114.78,114.78,0,0
1631536585,114.78,114.78,114.78,114.78,114.78,0,0
1631536590,114.78,114.78,114.78,114.78,114.78,0,0
1631536595,114.78,114.78,114.78,114.78,114.78,0,0
1631536600,114.78,114.78,114.78,114.78,114.78,0,0
1631536605,114.78,114.78,114.78,114.78,114.78,0,0
1631536610,114.78,114.78,114.78,114.78,114.78,0,0
1631536615,114.78,114.78,114.78,114.78,114.78,0,0
1631536620,114.78,114.78,114.78,114.78,114.78,0,0
1631536625,114.78,114.78,114.78,114.78,114.78,0,0
1631536630,114.78,114.78,114.78,114.78,114.78,0,0
1631536635,114.78,114.78,114.78,114.78,114.78,0,0
1631536640,114.78,114.78,114.78,114.78,114.78,0,0
1631536645,114.78,114.78,114.78,114.78,114.78,0,0
1631536650,114.78,114.78,114.78,114.78,114.78,0,0
1631536655,114.78,114.78,114.78,114.78,114.78,0,0
1631536660,114.78,114.78,114.78,114.78,114.78,0,0
1631536665,114.78,114.78,114.78,114.78,114.78,0,0
1631536670,114.78,114.78,114.78,114.78,114.78,0,0
1631536675,114.78,114.78,114.78,114.78,114.78,0,0
1631536680,114.78,114.78,114.78,114.78,114.78,0,0
1631536685,114.78,114.78,114.78,114.78,114.78,0,0
1631536690,114.78,114.78,114.78,114.78,114.78,0,0
1631536695,114.78,114.78,114.78,114.78,114.78,0,0
1631536700,114.78,114.78,114.78,114.78,114.78,0,0
1631536705,114.78,114.78,114.78,114.78,114.78,0,0
1631536710,114.78,114.78,114.78,114.78,114.78,0,0
1631536715,114.78,114.78,114.78,114.78,114.78,0,0
1631536720,114.78,114.78,114.78,114.78,114.78,0,0
1631536725,114.78,114.78,114.78,114.78,114.78,0,0
1631536730,114.76,114.76,114.76,114.76,114.76,4,2
1631536735,114.76,114.76,114.76,114.76,114.76,0,0
1631536740,114.76,114.76,114.76,114.76,114.76,0,0
1631536745,114.76,114.76,114.76,114.76,114.76,0,0
1631536750,114.76,114.76,114.76,114.76,114.76,0,0
1631536755,114.76,114.76,114.76,114.76,114.76,0,0
1631536760,114.76,114.76,114.76,114.76,114.76,0,0
1631536765,114.76,114.76,114.76,114.76,114.76,0,0
1631536770,114.76,114.76,114.76,114.76,114.76,0,0
1631536775,114.76,114.76,114.76,114.76,114.76,0,0
1631536780,114.76,114.76,114.76,114.76,114.76,0,0
1631536785,114.76,114.76,114.76,114.76,114.76,0,0
1631536790,114.76,114.76,114.76,114.76,114.76,0,0
1631536795,114.76,114.76,114.76,114.76,114.76,0,0
1631536800,114.76,114.76,114.76,114.76,114.76,0,0
1631536805,114.76,114.76,114.76,114.76,114.76,0,0
1631536810,114.76,114.76,114.76,114.76,114.76,0,0
1631536815,114.76,114.76,114.76,114.76,114.76,0,0
1631536820,114.76,114.76,114.76,114.76,114.76,0,0
1631536825,114.85,114.85,114.85,114.85,114.85,1,1
1631536830,114.85,114.85,114.85,114.85,114.85,0,0
1631536835,114.85,114.85,114.85,114.85,114.85,0,0
1631536840,114.85,114.85,114.85,114.85,114.85,0,0
1631536845,114.85,114.85,114.85,114.85,114.85,0,0
1631536850,114.85,114.85,114.85,114.85,114.85,0,0
1631536855,114.85,114.85,114.85,114.85,114.85,0,0
1631536860,114.85,114.85,114.85,114.85,114.85,0,0
1631536865,114.85,114.85,114.85,114.85,114.85,0,0
1631536870,114.85,114.85,114.85,114.85,114.85,0,0
1631536875,114.85,114.85,114.85,114.85,114.85,0,0
1631536880,114.85,114.85,114.85,114.85,114.85,0,0
1631536885,114.85,114.85,114.85,114.85,114.85,0,0
1631536890,114.85,114.85,114.85,114.85,114.85,0,0
1631536895,114.85,114.85,114.85,114.85,114.85,0,0
1631536900,114.85,114.85,114.85,114.85,114.85,0,0
1631536905,114.85,114.85,114.85,114.85,114.85,0,0
1631536910,114.85,114.85,114.85,114.85,114.85,0,0
1631536915,114.85,114.85,114.85,114.85,114.85,0,0
1631536920,114.85,114.85,114.85,114.85,114.85,0,0
1631536925,114.85,114.85,114.85,114.85,114.85,0,0
1631536930,114.85,114.85,114.85,114.85,114.85,0,0
1631536935,114.85,114.85,114.85,114.85,114.85,0,0
1631536940,114.85,114.85,114.85,114.85,114.85,0,0
1631536945,114.85,114.85,114.85,114.85,114.85,0,0
1631536950,114.85,114.85,114.85,114.85,114.85,0,0
1631536955,114.85,114.85,114.85,114.85,114.85,0,0
1631536960,114.85,114.85,114.85,114.85,114.85,0,0
1631536965,114.85,114.85,114.85,114.85,114.85,0,0
1631536970,114.85,114.85,114.85,114.85,114.85,0,0
1631536975,114.85,114.85,114.85,114.85,114.85,0,0
1631536980,114.85,114.85,114.85,114.85,114.85,0,0
1631536985,114.85,114.85,114.85,114.85,114.85,0,0
1631536990,114.85,114.85,114.85,114.85,114.85,0,0
1631536995,114.85,114.85,114.85,114.85,114.85,0,0
1631537000,114.85,114.85,114.85,114.85,114.85,0,0
1631537005,114.85,114.85,114.85,114.85,114.85,0,0
1631537010,114.85,114.85,114.85,114.85,114.85,0,0
1631537015,114.85,114.85,114.85,114.85,114.85,0,0
1631537020,114.85,114.85,114.85,114.85,114.85,0,0
1631537025,114.85,114.85,114.85,114.85,114.85,0,0
1631537030,114.85,114.85,114.85,114.85,114.85,0,0
1631537035,114.85,114.85,114.85,114.85,114.85,0,0
1631537040,114.85,114.85,114.85,114.85,114.85,0,0
1631537045,114.85,114.85,114.85,114.85,114.85,0,0
1631537050,114.85,114.85,114.85,114.85,114.85,0,0
1631537055,114.85,114.85,114.85,114.85,114.85,0,0
1631537060,114.85,114.85,114.85,114.85,114.85,0,0
1631537065,114.85,114.85,114.85,114.85,114.85,0,0
1631537070,114.85,114.85,114.85,114.85,114.85,0,0
1631537075,114.85,114.85,114.85,114.85,114.85,0,0
1631537080,114.85,114.85,114.85,114.85,114.85,0,0
1631537085,114.85,114.85,114.85,114.85,114.85,0,0
1631537090,114.85,114.85,114.85,114.85,114.85,0,0
1631537095,114.85,114.85,114.85,114.85,114.85,0,0
1631537100,114.85,114.85,114.85,114.85,114.85,0,0
1631537105,114.85,114.85,114.85,114.85,114.85,0,0
1631537110,114.85,114.85,114.85,114.85,114.85,0,0
1631537115,114.85,114.85,114.85,114.85,114.85,0,0
1631537120,114.85,114.85,114.85,114.85,114.85,0,0
1631537125,114.85,114.85,114.85,114.85,114.85,0,0
1631537130,114.85,114.85,114.85,114.85,114.85,0,0
1631537135,114.85,114.85,114.85,114.85,114.85,0,0
1631537140,114.85,114.85,114.85,114.85,114.85,0,0
1631537145,114.85,114.85,114.85,114.85,114.85,0,0
1631537150,114.85,114.85,114.85,114.85,114.85,0,0
1631537155,114.85,114.85,114.85,114.85,114.85,0,0
1631537160,114.85,114.85,114.85,114.85,114.85,0,0
1631537165,114.85,114.85,114.85,114.85,114.85,0,0
1631537170,114.85,114.85,114.85,114.85,114.85,0,0
1631537175,114.85,114.85,114.85,114.85,114.85,0,0
1631537180,114.85,114.85,114.85,114.85,114.85,0,0
1631537185,114.85,114.85,114.85,114.85,114.85,0,0
1631537190,114.85,114.85,114.85,114.85,114.85,0,0
1631537195,114.85,114.85,114.85,114.85,114.85,0,0
1631537200,114.85,114.85,114.85,114.85,114.85,0,0
1631537205,114.85,114.85,114.85,114.85,114.85,0,0
1631537210,114.85,114.85,114.85,114.85,114.85,0,0
1631537215,114.85,114.85,114.85,114.85,114.85,0,0
1631537220,114.85,114.85,114.85,114.85,114.85,0,0
1631537225,114.85,114.85,114.85,114.85,114.85,0,0
1631537230,114.85,114.85,114.85,114.85,114.85,0,0
1631537235,114.85,114.85,114.85,114.85,114.85,0,0
1631537240,114.7,114.7,114.7,114.7,114.7,4,1
1631537245,114.7,114.7,114.7,114.7,114.7,0,0
1631537250,114.7,114.7,114.7,114.7,114.7,0,0
1631537255,114.7,114.7,114.7,114.7,114.7,0,0
1631537260,114.7,114.7,114.7,114.7,114.7,0,0
1631537265,114.7,114.7,114.7,114.7,114.7,0,0
1631537270,114.7,114.7,114.7,114.7,114.7,0,0
1631537275,114.7,114.7,114.7,114.7,114.7,0,0
1631537280,114.7,114.7,114.7,114.7,114.7,2,1
1631537285,114.7,114.7,114.7,114.7,114.7,0,0
1631537290,114.7,114.7,114.7,114.7,114.7,0,0
1631537295,114.7,114.7,114.7,114.7,114.7,0,0
1631537300,114.7,114.7,114.7,114.7,114.7,0,0
1631537305,114.7,114.7,114.7,114.7,114.7,0,0
1631537310,114.7,114.7,114.7,114.7,114.7,0,0
1631537315,114.7,114.7,114.7,114.7,114.7,0,0
1631537320,114.7,114.7,114.7,114.7,114.7,0,0
1631537325,114.7,114.7,114.7,114.7,114.7,0,0
1631537330,114.7,114.7,114.7,114.7,114.7,0,0
1631537335,114.68,114.69,114.62,114.69,114.663,3,3
1631537340,114.69,114.69,114.69,114.69,114.69,0,0
1631537345,114.69,114.69,114.69,114.69,114.69,0,0
1631537350,114.69,114.69,114.69,114.69,114.69,0,0
1631537355,114.69,114.69,114.69,114.69,114.69,0,0
1631537360,114.69,114.69,114.69,114.69,114.69,0,0
1631537365,114.69,114.69,114.69,114.69,114.69,0,0
1631537370,114.69,114.69,114.69,114.69,114.69,0,0
1631537375,114.69,114.69,114.69,114.69,114.69,0,0
1631537380,114.69,114.69,114.69,114.69,114.69,0,0
1631537385,114.69,114.69,114.69,114.69,114.69,0,0
1631537390,114.69,114.69,114.69,114.69,114.69,0,0
1631537395,114.69,114.69,114.69,114.69,114.69,0,0
1631537400,114.6,114.6,114.6,114.6,114.6,10,1
1631537405,114.6,114.6,114.6,114.6,114.6,0,0
1631537410,114.62,114.62,114.62,114.62,114.62,1,1
1631537415,114.65,114.65,114.65,114.65,114.65,2,1
1631537420,114.65,114.65,114.65,114.65,114.65,0,0
1631537425,114.65,114.65,114.65,114.65,114.65,0,0
1631537430,114.65,114.65,114.65,114.65,114.65,0,0
1631537435,114.65,114.65,114.65,114.65,114.65,0,0
1631537440,114.6,114.6,114.6,114.6,114.6,1,1
1631537445,114.65,114.65,114.4,114.4,114.463,8,4
1631537450,114.4,114.4,114.4,114.4,114.4,0,0
1631537455,114.65,114.65,114.65,114.65,114.65,1,1
1631537460,114.65,114.65,114.65,114.65,114.65,0,0
1631537465,114.65,114.65,114.65,114.65,114.65,0,0
1631537470,114.65,114.65,114.65,114.65,114.65,0,0
1631537475,114.65,114.65,114.65,114.65,114.65,0,0
1631537480,114.65,114.65,114.65,114.65,114.65,0,0
1631537485,114.65,114.65,114.65,114.65,114.65,0,0
1631537490,114.65,114.65,114.65,114.65,114.65,0,0
1631537495,114.65,114.65,114.65,114.65,114.65,0,0
1631537500,114.65,114.65,114.65,114.65,114.65,0,0
1631537505,114.65,114.65,114.65,114.65,114.65,0,0
1631537510,114.65,114.65,114.65,114.65,114.65,0,0
1631537515,114.65,114.65,114.65,114.65,114.65,0,0
1631537520,114.65,114.65,114.65,114.65,114.65,0,0
1631537525,114.65,114.65,114.65,114.65,114.65,0,0
1631537530,114.65,114.65,114.65,114.65,114.65,1,1
1631537535,114.65,114.65,114.65,114.65,114.65,0,0
1631537540,114.65,114.65,114.65,114.65,114.65,0,0
1631537545,114.65,114.65,114.65,114.65,114.65,0,0
1631537550,114.65,114.65,114.65,114.65,114.65,0,0
1631537555,114.65,114.65,114.65,114.65,114.65,0,0
1631537560,114.65,114.65,114.65,114.65,114.65,0,0
1631537565,114.65,114.65,114.65,114.65,114.65,0,0
1631537570,114.65,114.65,114.65,114.65,114.65,0,0
1631537575,114.65,114.65,114.65,114.65,114.65,0,0
1631537580,114.65,114.65,114.65,114.65,114.65,0,0
1631537585,114.65,114.65,114.65,114.65,114.65,0,0
1631537590,114.65,114.65,114.65,114.65,114.65,0,0
1631537595,114.65,114.65,114.65,114.65,114.65,0,0
1631537600,114.65,114.65,114.65,114.65,114.65,0,0
1631537605,114.65,114.65,114.65,114.65,114.65,0,0
1631537610,114.65,114.65,114.65,114.65,114.65,0,0
1631537615,114.65,114.65,114.65,114.65,114.65,0,0
1631537620,114.65,114.65,114.65,114.65,114.65,0,0
1631537625,114.65,114.65,114.65,114.65,114.65,0,0
1631537630,114.65,114.65,114.65,114.65,114.65,0,0
1631537635,114.65,114.65,114.65,114.65,114.65,0,0
1631537640,114.65,114.65,114.65,114.65,114.65,0,0
1631537645,114.65,114.65,114.65,114.65,114.65,0,0
1631537650,114.65,114.65,114.65,114.65,114.65,0,0
1631537655,114.65,114.65,114.65,114.65,114.65,0,0
1631537660,114.65,114.65,114.65,114.65,114.65,0,0
1631537665,114.65,114.65,114.65,114.65,114.65,0,0
1631537670,114.65,114.65,114.65,114.65,114.65,0,0
1631537675,114.65,114.65,114.65,114.65,114.65,0,0
1631537680,114.65,114.65,114.65,114.65,114.65,0,0
1631537685,114.65,114.65,114.65,114.65,114.65,0,0
1631537690,114.65,114.65,114.65,114.65,114.65,0,0
1631537695,114.65,114.65,114.65,114.65,114.65,0,0
1631537700,114.65,114.65,114.65,114.65,114.65,0,0
1631537705,114.65,114.65,114.65,114.65,114.65,0,0
1631537710,114.65,114.65,114.65,114.65,114.65,0,0
1631537715,114.65,114.65,114.65,114.65,114.65,0,0
1631537720,114.65,114.65,114.65,114.65,114.65,0,0
1631537725,114.65,114.65,114.65,114.65,114.65,0,0
1631537730,114.65,114.65,114.65,114.65,114.65,0,0
1631537735,114.65,114.65,114.65,114.65,114.65,0,0
1631537740,114.65,114.65,114.65,114.65,114.65,0,0
1631537745,114.65,114.65,114.65,114.65,114.65,0,0
1631537750,114.65,114.65,114.65,114.65,114.65,0,0
1631537755,114.65,114.65,114.65,114.65,114.65,0,0
1631537760,114.65,114.65,114.65,114.65,114.65,0,0
1631537765,114.65,114.65,114.65,114.65,114.65,0,0
1631537770,114.65,114.65,114.65,114.65,114.65,0,0
1631537775,114.65,114.65,114.65,114.65,114.65,0,0
1631537780,114.65,114.65,114.65,114.65,114.65,0,0
1631537785,114.65,114.65,114.65,114.65,114.65,0,0
1631537790,114.65,114.65,114.65,114.65,114.65,0,0
1631537795,114.65,114.65,114.65,114.65,114.65,0,0
1631537800,114.65,114.65,114.65,114.65,114.65,0,0
1631537805,114.65,114.65,114.65,114.65,114.65,0,0
1631537810,114.65,114.65,114.65,114.65,114.65,0,0
1631537815,114.65,114.65,114.65,114.65,114.65,0,0
1631537820,114.65,114.65,114.65,114.65,114.65,0,0
1631537825,114.65,114.65,114.65,114.65,114.65,0,0
1631537830,114.65,114.65,114.65,114.65,114.65,0,0
1631537835,114.65,114.65,114.65,114.65,114.65,0,0
1631537840,114.65,114.65,114.65,114.65,114.65,0,0
1631537845,114.65,114.65,114.65,114.65,114.65,0,0
1631537850,114.65,114.65,114.65,114.65,114.65,0,0
1631537855,114.65,114.65,114.65,114.65,114.65,0,0
1631537860,114.65,114.65,114.65,114.65,114.65,0,0
1631537865,114.65,114.65,114.65,114.65,114.65,0,0
1631537870,114.65,114.65,114.65,114.65,114.65,0,0
1631537875,114.65,114.65,114.65,114.65,114.65,0,0
1631537880,114.5,114.5,114.5,114.5,114.5,1,1
1631537885,114.5,114.5,114.5,114.5,114.5,0,0
1631537890,114.5,114.5,114.5,114.5,114.5,0,0
1631537895,114.5,114.5,114.5,114.5,114.5,0,0
1631537900,114.5,114.5,114.5,114.5,114.5,0,0
1631537905,114.5,114.5,114.5,114.5,114.5,0,0
1631537910,114.5,114.5,114.5,114.5,114.5,0,0
1631537915,114.5,114.5,114.5,114.5,114.5,0,0
1631537920,114.5,114.5,114.5,114.5,114.5,0,0
1631537925,114.5,114.5,114.5,114.5,114.5,0,0
1631537930,114.5,114.5,114.5,114.5,114.5,0,0
1631537935,114.5,114.5,114.5,114.5,114.5,0,0
1631537940,114.5,114.5,114.5,114.5,114.5,0,0
1631537945,114.5,114.5,114.5,114.5,114.5,0,0
1631537950,114.5,114.5,114.5,114.5,114.5,0,0
1631537955,114.5,114.5,114.5,114.5,114.5,0,0
1631537960,114.5,114.5,114.5,114.5,114.5,0,0
1631537965,114.5,114.5,114.5,114.5,114.5,0,0
1631537970,114.5,114.5,114.5,114.5,114.5,0,0
1631537975,114.5,114.5,114.5,114.5,114.5,0,0
1631537980,114.5,114.5,114.5,114.5,114.5,0,0
1631537985,114.5,114.5,114.5,114.5,114.5,0,0
1631537990,114.5,114.5,114.5,114.5,114.5,0,0
1631537995,114.5,114.5,114.5,114.5,114.5,0,0
1631538000,114.5,114.5,114.5,114.5,114.5,0,0
1631538005,114.5,114.5,114.5,114.5,114.5,0,0
1631538010,114.5,114.5,114.5,114.5,114.5,0,0
1631538015,114.5,114.5,114.5,114.5,114.5,0,0
1631538020,114.5,114.5,114.5,114.5,114.5,0,0
1631538025,114.5,114.5,114.5,114.5,114.5,0,0
1631538030,114.5,114.5,114.5,114.5,114.5,0,0
1631538035,114.5,114.5,114.5,114.5,114.5,0,0
1631538040,114.5,114.5,114.5,114.5,114.5,0,0
1631538045,114.5,114.5,114.5,114.5,114.5,0,0
1631538050,114.5,114.5,114.5,114.5,114.5,0,0
1631538055,114.5,114.5,114.5,114.5,114.5,2,2
1631538060,114.5,114.5,114.5,114.5,114.5,0,0
1631538065,114.5,114.5,114.5,114.5,114.5,0,0
1631538070,114.5,114.5,114.5,114.5,114.5,0,0
1631538075,114.5,114.5,114.5,114.5,114.5,0,0
1631538080,114.5,114.5,114.5,114.5,114.5,0,0
1631538085,114.5,114.5,114.5,114.5,114.5,0,0
1631538090,114.5,114.5,114.5,114.5,114.5,0,0
1631538095,114.5,114.5,114.5,114.5,114.5,0,0
1631538100,114.25,114.26,114.25,114.25,114.25,1,1
1631538105,114.25,114.26,114.25,114.25,114.25,0,0
1631538110,114.25,114.26,114.25,114.25,114.25,0,0
1631538115,114.25,114.26,114.25,114.25,114.25,0,0
1631538120,114.25,114.26,114.25,114.25,114.25,0,0
1631538125,114.25,114.26,114.25,114.25,114.25,0,0
1631538130,114.25,114.26,114.25,114.25,114.25,0,0
1631538135,114.25,114.26,114.25,114.25,114.25,0,0
1631538140,114.25,114.26,114.25,114.25,114.25,0,0
1631538145,114.25,114.26,114.25,114.25,114.25,0,0
1631538150,114.25,114.26,114.25,114.25,114.25,0,0
1631538155,114.25,114.26,114.25,114.25,114.25,0,0
1631538160,114.25,114.26,114.25,114.25,114.25,0,0
1631538165,114.25,114.26,114.25,114.25,114.25,0,0
1631538170,114.25,114.26,114.25,114.25,114.25,0,0
1631538175,114.25,114.26,114.25,114.25,114.25,0,0
1631538180,114.25,114.26,114.25,114.25,114.25,0,0
1631538185,114.25,114.26,114.25,114.25,114.25,0,0
1631538190,114.25,114.26,114.25,114.25,114.25,0,0
1631538195,114.25,114.26,114.25,114.25,114.25,0,0
1631538200,114.25,114.26,114.25,114.25,114.25,0,0
1631538205,114.25,114.26,114.25,114.25,114.25,2,1
1631538210,114.25,114.26,114.25,114.25,114.25,0,0
1631538215,114.25,114.26,114.25,114.25,114.25,0,0
1631538220,114.25,114.26,114.25,114.25,114.25,0,0
1631538225,114.39,114.4,114.39,114.4,114.395,2,2
1631538230,114.25,114.25,114.25,114.25,114.25,5,1
1631538235,114.25,114.25,114.25,114.25,114.25,0,0
1631538240,114.25,114.25,114.25,114.25,114.25,0,0
1631538245,114.25,114.25,114.25,114.25,114.25,0,0
1631538250,114.25,114.25,114.25,114.25,114.25,0,0
1631538255,114.4,114.4,114.4,114.4,114.4,3,1
1631538260,114.4,114.4,114.4,114.4,114.4,0,0
1631538265,114.4,114.4,114.4,114.4,114.4,0,0
1631538270,114.47,114.47,114.47,114.47,114.47,1,1
1631538275,114.47,114.47,114.47,114.47,114.47,2,1
1631538280,114.47,114.47,114.47,114.47,114.47,0,0
1631538285,114.47,114.47,114.47,114.47,114.47,0,0
1631538290,114.47,114.47,114.47,114.47,114.47,0,0
1631538295,114.47,114.47,114.47,114.47,114.47,0,0
1631538300,114.47,114.47,114.47,114.47,114.47,0,0
1631538305,114.47,114.47,114.47,114.47,114.47,0,0
1631538310,114.47,114.47,114.47,114.47,114.47,0,0
1631538315,114.47,114.47,114.47,114.47,114.47,0,0
1631538320,114.47,114.47,114.47,114.47,114.47,0,0
1631538325,114.47,114.47,114.47,114.47,114.47,0,0
1631538330,114.47,114.47,114.47,114.47,114.47,0,0
1631538335,114.47,114.47,114.47,114.47,114.47,0,0
1631538340,114.47,114.47,114.47,114.47,114.47,0,0
1631538345,114.47,114.47,114.47,114.47,114.47,0,0
1631538350,114.47,114.47,114.47,114.47,114.47,0,0
1631538355,114.47,114.47,114.47,114.47,114.47,0,0
1631538360,114.47,114.47,114.47,114.47,114.47,0,0
1631538365,114.47,114.47,114.47,114.47,114.47,0,0
1631538370,114.47,114.47,114.47,114.47,114.47,0,0
1631538375,114.47,114.47,114.47,114.47,114.47,0,0
1631538380,114.47,114.47,114.47,114.47,114.47,0,0
1631538385,114.47,114.47,114.47,114.47,114.47,0,0
1631538390,114.47,114.47,114.47,114.47,114.47,0,0
1631538395,114.47,114.47,114.47,114.47,114.47,0,0
1631538400,114.47,114.47,114.47,114.47,114.47,0,0
1631538405,114.47,114.47,114.47,114.47,114.47,0,0
1631538410,114.47,114.47,114.47,114.47,114.47,0,0
1631538415,114.47,114.47,114.47,114.47,114.47,0,0
1631538420,114.47,114.47,114.47,114.47,114.47,0,0
1631538425,114.47,114.47,114.47,114.47,114.47,0,0
1631538430,114.47,114.47,114.47,114.47,114.47,0,0
1631538435,114.47,114.47,114.47,114.47,114.47,0,0
1631538440,114.47,114.47,114.47,114.47,114.47,0,0
1631538445,114.47,114.47,114.47,114.47,114.47,0,0
1631538450,114.47,114.47,114.47,114.47,114.47,0,0
1631538455,114.5,114.5,114.5,114.5,114.5,2,1
1631538460,114.5,114.5,114.5,114.5,114.5,0,0
1631538465,114.5,114.5,114.5,114.5,114.5,0,0
1631538470,114.5,114.5,114.5,114.5,114.5,0,0
1631538475,114.5,114.5,114.5,114.5,114.5,0,0
1631538480,114.5,114.5,114.5,114.5,114.5,0,0
1631538485,114.5,114.5,114.5,114.5,114.5,0,0
1631538490,114.5,114.5,114.5,114.5,114.5,0,0
1631538495,114.5,114.5,114.5,114.5,114.5,0,0
1631538500,114.5,114.5,114.5,114.5,114.5,0,0
1631538505,114.5,114.5,114.5,114.5,114.5,0,0
1631538510,114.5,114.5,114.5,114.5,114.5,0,0
1631538515,114.5,114.5,114.5,114.5,114.5,0,0
1631538520,114.5,114.5,114.5,114.5,114.5,0,0
1631538525,114.5,114.5,114.5,114.5,114.5,0,0
1631538530,114.5,114.5,114.5,114.5,114.5,0,0
1631538535,114.5,114.5,114.5,114.5,114.5,0,0
1631538540,114.5,114.5,114.5,114.5,114.5,0,0
1631538545,114.5,114.5,114.5,114.5,114.5,0,0
1631538550,114.5,114.5,114.5,114.5,114.5,0,0
1631538555,114.5,114.5,114.5,114.5,114.5,0,0
1631538560,114.5,114.5,114.5,114.5,114.5,0,0
1631538565,114.5,114.5,114.5,114.5,114.5,0,0
1631538570,114.5,114.5,114.5,114.5,114.5,0,0
1631538575,114.5,114.5,114.5,114.5,114.5,0,0
1631538580,114.5,114.5,114.5,114.5,114.5,0,0
1631538585,114.5,114.5,114.5,114.5,114.5,0,0
1631538590,114.5,114.5,114.5,114.5,114.5,0,0
1631538595,114.5,114.5,114.5,114.5,114.5,0,0
1631538600,114.5,114.5,114.5,114.5,114.5,0,0
1631538605,114.5,114.5,114.5,114.5,114.5,0,0
1631538610,114.5,114.5,114.5,114.5,114.5,0,0
1631538615,114.5,114.5,114.5,114.5,114.5,0,0
1631538620,114.5,114.5,114.5,114.5,114.5,0,0
1631538625,114.5,114.5,114.5,114.5,114.5,1,1
1631538630,114.64,114.64,114.64,114.64,114.64,1,1
1631538635,114.64,114.64,114.64,114.64,114.64,0,0
1631538640,114.64,114.64,114.64,114.64,114.64,0,0
1631538645,114.64,114.64,114.64,114.64,114.64,0,0
1631538650,114.64,114.64,114.64,114.64,114.64,0,0
1631538655,114.64,114.64,114.64,114.64,114.64,0,0
1631538660,114.6,114.61,114.6,114.6,114.6,1,1
1631538665,114.6,114.61,114.6,114.6,114.6,0,0
1631538670,114.6,114.61,114.6,114.6,114.6,0,0
1631538675,114.6,114.61,114.6,114.6,114.6,0,0
1631538680,114.6,114.61,114.6,114.6,114.6,0,0
1631538685,114.6,114.61,114.6,114.6,114.6,0,0
1631538690,114.6,114.61,114.6,114.6,114.6,0,0
1631538695,114.6,114.61,114.6,114.6,114.6,0,0
1631538700,114.6,114.61,114.6,114.6,114.6,0,0
1631538705,114.6,114.61,114.6,114.6,114.6,0,0
1631538710,114.6,114.61,114.6,114.6,114.6,0,0
1631538715,114.6,114.61,114.6,114.6,114.6,0,0
1631538720,114.65,114.65,114.65,114.65,114.65,1,1
1631538725,114.65,114.65,114.65,114.65,114.65,0,0
1631538730,114.65,114.65,114.65,114.65,114.65,0,0
1631538735,114.65,114.65,114.65,114.65,114.65,0,0
1631538740,114.65,114.65,114.65,114.65,114.65,0,0
1631538745,114.65,114.65,114.65,114.65,114.65,0,0
1631538750,114.65,114.65,114.65,114.65,114.65,0,0
1631538755,114.65,114.65,114.65,114.65,114.65,0,0
1631538760,114.65,114.65,114.65,114.65,114.65,0,0
1631538765,114.65,114.65,114.65,114.65,114.65,0,0
1631538770,114.65,114.65,114.65,114.65,114.65,0,0
1631538775,114.65,114.65,114.65,114.65,114.65,0,0
1631538780,114.65,114.65,114.65,114.65,114.65,0,0
1631538785,114.65,114.65,114.65,114.65,114.65,0,0
1631538790,114.65,114.65,114.65,114.65,114.65,0,0
1631538795,114.65,114.65,114.65,114.65,114.65,0,0
1631538800,114.63,114.63,114.62,114.63,114.625,1,1
1631538805,114.63,114.63,114.62,114.63,114.63,0,0
1631538810,114.63,114.63,114.62,114.63,114.63,0,0
1631538815,114.63,114.63,114.62,114.63,114.63,0,0
1631538820,114.7,114.7,114.7,114.7,114.7,4,1
1631538825,114.7,114.7,114.7,114.7,114.7,0,0
1631538830,114.7,114.7,114.7,114.7,114.7,0,0
1631538835,114.7,114.7,114.7,114.7,114.7,0,0
1631538840,114.7,114.7,114.7,114.7,114.7,0,0
1631538845,114.7,114.7,114.7,114.7,114.7,0,0
1631538850,114.7,114.7,114.7,114.7,114.7,0,0
1631538855,114.7,114.7,114.7,114.7,114.7,0,0
1631538860,114.7,114.7,114.7,114.7,114.7,2,1
1631538865,114.7,114.7,114.7,114.7,114.7,0,0
1631538870,114.7,114.7,114.7,114.7,114.7,0,0
1631538875,114.71,114.71,114.71,114.71,114.71,1,1
1631538880,114.71,114.71,114.71,114.71,114.71,0,0
1631538885,114.71,114.71,114.71,114.71,114.71,0,0
1631538890,114.71,114.71,114.71,114.71,114.71,0,0
1631538895,114.71,114.71,114.71,114.71,114.71,0,0
1631538900,114.71,114.71,114.71,114.71,114.71,0,0
1631538905,114.71,114.71,114.71,114.71,114.71,0,0
1631538910,114.71,114.85,114.71,114.85,114.807,3,3
1631538915,114.85,114.85,114.85,114.85,114.85,2,1
1631538920,114.85,114.85,114.85,114.85,114.85,0,0
1631538925,114.85,114.85,114.85,114.85,114.85,0,0
1631538930,114.85,114.85,114.85,114.85,114.85,0,0
1631538935,114.78,114.78,114.78,114.78,114.78,1,1
1631538940,114.85,114.85,114.85,114.85,114.85,30,1
1631538945,114.85,114.85,114.85,114.85,114.85,0,0
1631538950,114.85,114.85,114.85,114.85,114.85,0,0
1631538955,114.85,114.85,114.85,114.85,114.85,0,0
1631538960,114.85,114.85,114.85,114.85,114.85,0,0
1631538965,114.85,114.85,114.85,114.85,114.85,0,0
1631538970,114.85,114.85,114.84,114.85,114.849,17,1
1631538975,114.85,114.85,114.84,114.85,114.85,0,0
1631538980,114.85,114.85,114.84,114.85,114.85,0,0
1631538985,114.85,114.85,114.84,114.85,114.85,0,0
1631538990,114.85,114.85,114.84,114.85,114.85,0,0
1631538995,114.85,114.85,114.84,114.85,114.85,0,0
1631539000,114.85,114.85,114.84,114.85,114.85,0,0
1631539005,114.85,114.85,114.84,114.85,114.85,0,0
1631539010,114.85,114.85,114.84,114.85,114.85,0,0
1631539015,114.85,114.85,114.84,114.85,114.85,0,0
1631539020,114.85,114.85,114.84,114.85,114.85,0,0
1631539025,114.85,114.85,114.84,114.85,114.85,0,0
1631539030,114.85,114.85,114.84,114.85,114.85,0,0
1631539035,114.85,114.85,114.84,114.85,114.85,0,0
1631539040,114.85,114.85,114.84,114.85,114.85,0,0
1631539045,114.85,114.85,114.84,114.85,114.85,0,0
1631539050,114.85,114.85,114.84,114.85,114.85,0,0
1631539055,114.5,114.5,114.5,114.5,114.5,1,1
1631539060,114.5,114.5,114.5,114.5,114.5,0,0
1631539065,114.5,114.5,114.5,114.5,114.5,0,0
1631539070,114.5,114.5,114.5,114.5,114.5,0,0
1631539075,114.5,114.5,114.5,114.5,114.5,0,0
1631539080,114.5,114.5,114.5,114.5,114.5,0,0
1631539085,114.5,114.5,114.5,114.5,114.5,0,0
1631539090,114.5,114.5,114.5,114.5,114.5,1,1
1631539095,114.5,114.5,114.5,114.5,114.5,0,0
1631539100,114.49,114.49,114.49,114.49,114.49,2,2
1631539105,114.49,114.49,114.49,114.49,114.49,0,0
1631539110,114.49,114.49,114.49,114.49,114.49,0,0
1631539115,114.49,114.49,114.49,114.49,114.49,0,0
1631539120,114.49,114.49,114.49,114.49,114.49,0,0
1631539125,114.49,114.49,114.49,114.49,114.49,0,0
1631539130,114.49,114.49,114.49,114.49,114.49,0,0
1631539135,114.49,114.49,114.49,114.49,114.49,0,0
1631539140,114.49,114.49,114.49,114.49,114.49,0,0
1631539145,114.49,114.49,114.49,114.49,114.49,0,0
1631539150,114.45,114.45,114.4,114.4,114.406,19,3
1631539155,114.4,114.41,114.4,114.4,114.4,0,0
1631539160,114.4,114.4,114.4,114.4,114.4,16,1
1631539165,114.4,114.4,114.4,114.4,114.4,0,0
1631539170,114.4,114.4,114.4,114.4,114.4,0,0
1631539175,114.4,114.4,114.4,114.4,114.4,0,0
1631539180,114.4,114.4,114.4,114.4,114.4,0,0
1631539185,114.4,114.4,114.4,114.4,114.4,0,0
1631539190,114.4,114.4,114.4,114.4,114.4,0,0
1631539195,114.4,114.4,114.4,114.4,114.4,0,0
1631539200,114.4,114.4,114.4,114.4,114.4,0,0
1631539205,114.4,114.4,114.4,114.4,114.4,0,0
1631539210,114.4,114.4,114.4,114.4,114.4,0,0
1631539215,114.4,114.4,114.4,114.4,114.4,0,0
1631539220,114.4,114.4,114.4,114.4,114.4,0,0
1631539225,114.4,114.4,114.4,114.4,114.4,0,0
1631539230,114.4,114.4,114.4,114.4,114.4,0,0
1631539235,114.4,114.4,114.4,114.4,114.4,0,0
1631539240,114.4,114.4,114.4,114.4,114.4,0,0
1631539245,114.4,114.4,114.4,114.4,114.4,0,0
1631539250,114.4,114.41,114.4,114.4,114.4,4,1
1631539255,114.4,114.41,114.4,114.4,114.4,0,0
1631539260,114.4,114.41,114.4,114.4,114.4,0,0
1631539265,114.4,114.41,114.4,114.4,114.4,0,0
1631539270,114.4,114.41,114.4,114.4,114.4,0,0
1631539275,114.4,114.41,114.4,114.4,114.4,0,0
1631539280,114.4,114.41,114.4,114.4,114.4,0,0
1631539285,114.4,114.41,114.4,114.4,114.4,0,0
1631539290,114.4,114.41,114.4,114.4,114.4,0,0
1631539295,114.4,114.41,114.4,114.4,114.4,0,0
1631539300,114.4,114.41,114.4,114.4,114.4,0,0
1631539305,114.4,114.41,114.4,114.4,114.4,0,0
1631539310,114.4,114.41,114.4,114.4,114.4,0,0
1631539315,114.4,114.41,114.4,114.4,114.4,0,0
1631539320,114.4,114.41,114.4,114.4,114.4,0,0
1631539325,114.4,114.41,114.4,114.4,114.4,0,0
1631539330,114.4,114.41,114.4,114.4,114.4,0,0
1631539335,114.4,114.41,114.4,114.4,114.4,0,0
1631539340,114.4,114.41,114.4,114.4,114.4,0,0
1631539345,114.4,114.41,114.4,114.4,114.4,0,0
1631539350,114.4,114.41,114.4,114.4,114.4,0,0
1631539355,115.0,115.0,115.0,115.0,115.0,5,3
1631539360,115.0,115.0,115.0,115.0,115.0,0,0
1631539365,115.0,115.0,115.0,115.0,115.0,0,0
1631539370,115.0,115.0,115.0,115.0,115.0,0,0
1631539375,115.0,115.0,115.0,115.0,115.0,0,0
1631539380,115.0,115.0,115.0,115.0,115.0,0,0
1631539385,115.0,115.0,115.0,115.0,115.0,0,0
1631539390,115.0,115.0,115.0,115.0,115.0,0,0
1631539395,115.0,115.0,115.0,115.0,115.0,0,0
1631539400,115.0,115.0,115.0,115.0,115.0,0,0
1631539405,115.0,115.0,115.0,115.0,115.0,0,0
1631539410,115.0,115.0,115.0,115.0,115.0,0,0
1631539415,115.0,115.0,115.0,115.0,115.0,0,0
1631539420,115.0,115.0,115.0,115.0,115.0,0,0
1631539425,115.0,115.0,115.0,115.0,115.0,0,0
1631539430,115.0,115.0,115.0,115.0,115.0,0,0
1631539435,115.0,115.0,115.0,115.0,115.0,0,0
1631539440,115.0,115.0,115.0,115.0,115.0,0,0
1631539445,115.0,115.0,115.0,115.0,115.0,0,0
1631539450,115.0,115.0,115.0,115.0,115.0,0,0
1631539455,115.0,115.0,115.0,115.0,115.0,0,0
1631539460,115.0,115.0,115.0,115.0,115.0,0,0
1631539465,115.0,115.0,115.0,115.0,115.0,0,0
1631539470,115.0,115.0,115.0,115.0,115.0,0,0
1631539475,115.0,115.0,115.0,115.0,115.0,0,0
1631539480,115.0,115.0,115.0,115.0,115.0,0,0
1631539485,115.0,115.0,115.0,115.0,115.0,0,0
1631539490,115.0,115.0,115.0,115.0,115.0,0,0
1631539495,115.0,115.0,115.0,115.0,115.0,0,0
1631539500,115.0,115.0,115.0,115.0,115.0,0,0
1631539505,115.0,115.0,115.0,115.0,115.0,0,0
1631539510,115.0,115.0,115.0,115.0,115.0,0,0
1631539515,115.0,115.0,115.0,115.0,115.0,0,0
1631539520,115.0,115.0,115.0,115.0,115.0,0,0
1631539525,115.0,115.0,115.0,115.0,115.0,0,0
1631539530,115.0,115.0,115.0,115.0,115.0,0,0
1631539535,115.0,115.0,115.0,115.0,115.0,0,0
1631539540,115.0,115.0,115.0,115.0,115.0,0,0
1631539545,115.0,115.0,115.0,115.0,115.0,0,0
1631539550,115.0,115.0,115.0,115.0,115.0,0,0
1631539555,115.0,115.0,115.0,115.0,115.0,0,0
1631539560,115.0,115.0,115.0,115.0,115.0,0,0
1631539565,115.0,115.0,115.0,115.0,115.0,0,0
1631539570,115.0,115.0,115.0,115.0,115.0,0,0
1631539575,115.0,115.0,115.0,115.0,115.0,0,0
1631539580,115.0,115.0,115.0,115.0,115.0,0,0
1631539585,115.0,115.0,115.0,115.0,115.0,0,0
1631539590,115.0,115.0,115.0,115.0,115.0,0,0
1631539595,115.0,115.0,115.0,115.0,115.0,0,0
1631539600,115.0,115.0,115.0,115.0,115.0,0,0
1631539605,115.0,115.0,115.0,115.0,115.0,0,0
1631539610,115.0,115.0,115.0,115.0,115.0,0,0
1631539615,115.1,115.1,115.1,115.1,115.1,3,1
1631539620,115.1,115.1,115.1,115.1,115.1,0,0
1631539625,115.1,115.1,115.1,115.1,115.1,0,0
1631539630,115.1,115.1,115.1,115.1,115.1,0,0
1631539635,115.1,115.1,115.1,115.1,115.1,0,0
1631539640,115.1,115.1,115.1,115.1,115.1,0,0
1631539645,115.08,115.08,115.07,115.08,115.077,1,1
1631539650,115.08,115.08,115.07,115.08,115.08,0,0
1631539655,115.08,115.08,115.07,115.08,115.08,0,0
1631539660,114.35,114.47,114.25,114.25,114.364,36,13
1631539665,114.25,114.25,114.25,114.25,114.25,0,0
1631539670,114.01,114.05,114.0,114.0,114.01,14,5
1631539675,114.0,114.0,114.0,114.0,114.0,0,0
1631539680,114.0,114.0,114.0,114.0,114.0,0,0
1631539685,114.0,114.0,114.0,114.0,114.0,0,0
1631539690,114.0,114.0,114.0,114.0,114.0,0,0
1631539695,114.0,114.0,114.0,114.0,114.0,0,0
1631539700,114.0,114.0,114.0,114.0,114.0,0,0
1631539705,114.0,114.0,114.0,114.0,114.0,0,0
1631539710,114.0,114.0,114.0,114.0,114.0,0,0
1631539715,114.0,114.0,114.0,114.0,114.0,0,0
1631539720,114.0,114.0,114.0,114.0,114.0,0,0
1631539725,114.0,114.0,114.0,114.0,114.0,0,0
1631539730,114.0,114.0,114.0,114.0,114.0,0,0
1631539735,114.0,114.0,114.0,114.0,114.0,0,0
1631539740,114.0,114.0,114.0,114.0,114.0,0,0
1631539745,114.0,114.0,114.0,114.0,114.0,0,0
1631539750,114.0,114.0,114.0,114.0,114.0,0,0
1631539755,114.0,114.0,114.0,114.0,114.0,0,0
1631539760,114.0,114.0,114.0,114.0,114.0,0,0
1631539765,113.5,113.5,113.5,113.5,113.5,5,2
1631539770,113.5,113.5,113.5,113.5,113.5,0,0
1631539775,113.5,113.5,113.5,113.5,113.5,0,0
1631539780,113.5,113.5,113.5,113.5,113.5,0,0
1631539785,113.5,113.5,113.5,113.5,113.5,0,0
1631539790,113.5,113.5,113.5,113.5,113.5,0,0
1631539795,113.5,113.5,113.5,113.5,113.5,0,0
1631539800,113.67,113.94,113.55,113.67,113.673,928,55
1631539805,113.68,113.94,113.67,113.84,113.778,42,23
1631539810,113.84,114.26,113.83,114.05,114.001,114,71
1631539815,114.18,114.21,113.83,113.95,113.954,92,17
1631539820,114.12,114.12,114.11,114.12,114.118,1,1
1631539825,114.02,114.3,113.93,114.3,114.119,42,31
1631539830,114.43,114.47,114.22,114.25,114.319,82,59
1631539835,114.26,114.26,114.05,114.06,114.114,40,23
1631539840,114.24,114.37,114.23,114.27,114.25,204,93
1631539845,114.27,114.34,114.16,114.16,114.286,12,7
1631539850,114.26,114.26,113.83,113.94,114.082,75,40
1631539855,114.03,114.2,113.94,114.16,114.079,42,33
1631539860,114.24,114.29,114.09,114.09,114.207,78,30
1631539865,114.02,114.05,113.75,114.02,113.924,156,37
1631539870,113.89,113.89,113.5,113.66,113.665,154,41
1631539875,113.61,113.82,113.42,113.82,113.649,16,14
1631539880,113.83,113.85,113.46,113.46,113.677,38,23
1631539885,113.51,113.55,113.44,113.48,113.501,18,13
1631539890,113.48,114.05,113.48,113.78,113.619,58,25
1631539895,113.81,113.81,113.81,113.81,113.81,1,1
1631539900,113.72,114.13,113.72,113.8,113.821,35,23
1631539905,113.8,113.99,113.79,113.86,113.824,149,26
1631539910,113.88,114.04,113.85,113.85,113.924,165,41
1631539915,113.85,113.87,113.63,113.75,113.73,21,15
1631539920,113.75,113.8,113.54,113.66,113.565,86,21
1631539925,113.66,113.66,113.66,113.66,113.66,0,0
1631539930,113.57,113.57,113.5,113.5,113.503,95,80
1631539935,113.4,113.88,113.33,113.86,113.583,303,79
1631539940,113.76,113.78,113.4,113.4,113.549,9,7
1631539945,113.53,113.81,113.52,113.56,113.647,22,16
1631539950,113.7,113.76,113.7,113.7,113.746,44,16
1631539955,113.7,113.7,113.7,113.7,113.7,0,0
1631539960,113.65,113.65,113.2,113.21,113.576,192,27
1631539965,113.23,113.23,113.13,113.16,113.164,47,29
1631539970,113.13,113.32,113.13,113.23,113.239,61,41
1631539975,113.28,113.28,113.13,113.13,113.182,27,18
1631539980,113.16,113.16,112.55,112.79,112.94,173,67
1631539985,112.59,112.72,112.49,112.68,112.603,70,33
1631539990,112.7,113.12,112.7,113.02,112.912,64,27
1631539995,113.07,113.18,112.99,113.08,113.092,27,10
1631540000,113.01,113.02,112.94,113.02,112.984,7,6
1631540005,113.03,113.03,113.03,113.03,113.03,1,1
1631540010,113.02,113.03,113.02,113.03,113.028,5,4
1631540015,112.92,112.97,112.81,112.97,112.872,58,29
1631540020,112.86,112.9,112.72,112.72,112.793,19,15
1631540025,112.8,112.85,112.68,112.8,112.708,38,5
1631540030,112.77,112.9,112.75,112.82,112.837,27,19
1631540035,112.81,112.81,112.75,112.79,112.774,19,15
1631540040,112.72,112.8,112.54,112.67,112.674,118,42
1631540045,112.81,112.81,112.48,112.81,112.555,216,104
1631540050,112.58,112.66,112.47,112.48,112.547,47,15
1631540055,112.55,112.64,112.43,112.55,112.508,72,40
1631540060,112.59,112.64,112.45,112.46,112.516,72,31
1631540065,112.51,112.56,112.44,112.47,112.495,26,21
1631540070,112.56,112.65,112.45,112.58,112.567,41,22
1631540075,112.47,112.49,112.42,112.46,112.449,23,14
1631540080,112.48,112.48,112.25,112.25,112.388,35,24
1631540085,112.26,112.63,112.25,112.63,112.358,34,22
1631540090,112.64,112.66,112.57,112.58,112.618,88,15
1631540095,112.58,112.58,112.41,112.41,112.474,12,4
1631540100,112.4,112.95,112.4,112.92,112.662,82,37
1631540105,112.74,113.13,112.72,113.13,112.866,18,13
1631540110,113.14,113.33,113.11,113.2,113.222,120,32
1631540115,113.26,113.26,112.98,112.98,113.152,29,18
1631540120,113.06,113.32,113.0,113.31,113.151,41,35
1631540125,113.19,113.19,113.04,113.15,113.157,18,14
1631540130,113.15,113.25,113.13,113.22,113.173,9,5
1631540135,113.12,113.12,112.99,113.08,113.036,14,11
1631540140,112.94,113.0,112.9,112.9,112.95,7,6
1631540145,113.0,113.04,112.77,112.77,112.915,23,15
1631540150,112.73,112.78,112.65,112.65,112.713,21,20
1631540155,112.65,112.65,112.65,112.65,112.65,0,0
1631540160,112.6,112.7,112.59,112.62,112.637,8,6
1631540165,112.67,112.73,112.62,112.63,112.706,24,15
1631540170,112.65,112.65,112.6,112.64,112.615,11,6
1631540175,112.64,112.71,112.61,112.71,112.645,24,12
1631540180,112.7,112.9,112.7,112.85,112.79,22,17
1631540185,112.85,112.97,112.78,112.82,112.865,15,10
1631540190,112.89,112.89,112.76,112.85,112.823,21,16
1631540195,112.68,112.72,112.68,112.69,112.7,10,7
1631540200,112.6,112.73,112.56,112.57,112.605,13,7
1631540205,112.64,112.64,112.63,112.64,112.635,1,1
1631540210,112.56,112.7,112.35,112.56,112.501,107,44
1631540215,112.62,112.62,112.37,112.51,112.541,18,8
1631540220,112.51,112.51,112.5,112.51,112.505,1,1
1631540225,112.51,112.63,112.5,112.5,112.566,5,5
1631540230,112.37,112.48,112.37,112.48,112.394,4,2
1631540235,112.4,112.45,112.4,112.45,112.422,5,5
1631540240,112.4,112.54,112.38,112.47,112.394,94,46
1631540245,112.42,112.43,112.42,112.42,112.425,4,4
1631540250,112.43,112.5,112.35,112.5,112.396,34,27
1631540255,112.43,112.43,112.35,112.42,112.402,11,6
1631540260,112.41,112.47,112.36,112.43,112.42,29,20
1631540265,112.43,112.53,112.37,112.4,112.437,27,11
1631540270,112.45,112.45,112.44,112.45,112.445,4,2
1631540275,112.45,112.45,112.44,112.45,112.45,0,0
1631540280,112.42,112.49,112.13,112.15,112.285,65,39
1631540285,112.19,112.28,112.03,112.03,112.194,64,30
1631540290,112.14,112.14,111.77,111.85,111.912,321,96
1631540295,111.85,111.94,111.66,111.68,111.779,96,64
1631540300,111.74,111.82,111.7,111.79,111.79,66,11
1631540305,111.86,112.08,111.86,112.08,111.945,26,21
1631540310,111.97,112.11,111.86,112.08,112.056,33,19
1631540315,112.08,112.13,112.08,112.08,112.098,24,16
1631540320,112.1,112.11,111.84,111.89,112.018,43,30
1631540325,111.93,112.47,111.88,112.05,112.146,113,58
1631540330,112.04,112.04,111.8,112.03,112.005,25,16
1631540335,111.83,111.83,111.76,111.76,111.813,5,2
1631540340,111.79,111.87,111.75,111.81,111.789,19,14
1631540345,111.81,111.96,111.77,111.96,111.827,46,9
1631540350,111.78,111.86,111.78,111.82,111.823,6,4
1631540355,111.86,111.93,111.85,111.93,111.892,4,2
1631540360,111.85,111.88,111.75,111.86,111.804,32,24
1631540365,111.85,111.96,111.79,111.9,111.879,30,18
1631540370,111.95,111.98,111.85,111.86,111.889,9,5
1631540375,111.87,112.01,111.72,111.86,111.906,29,21
1631540380,111.93,111.95,111.86,111.93,111.933,16,8
1631540385,111.81,111.89,111.81,111.89,111.823,6,2
1631540390,111.81,111.91,111.81,111.81,111.839,11,11
1631540395,111.87,111.87,111.73,111.76,111.755,60,17
1631540400,111.78,111.86,111.78,111.86,111.818,14,9
1631540405,111.83,111.83,111.78,111.78,111.814,9,7
1631540410,111.82,111.99,111.75,111.99,111.879,26,20
1631540415,112.05,112.09,112.05,112.09,112.076,5,3
1631540420,112.07,112.23,112.06,112.06,112.139,84,26
1631540425,112.05,112.12,111.77,111.77,112.065,138,57
1631540430,111.9,112.0,111.77,111.77,111.871,35,23
1631540435,111.85,111.93,111.8,111.93,111.849,21,6
1631540440,111.81,111.94,111.79,111.85,111.865,18,11
1631540445,111.78,112.04,111.62,112.0,111.75,194,58
1631540450,111.9,111.9,111.9,111.9,111.9,2,2
1631540455,111.87,111.87,111.87,111.87,111.87,1,1
1631540460,111.92,111.92,111.9,111.91,111.907,13,4
1631540465,111.9,111.99,111.8,111.8,111.897,87,12
1631540470,111.81,111.81,111.75,111.76,111.797,44,26
1631540475,111.76,111.87,111.76,111.79,111.827,14,12
1631540480,111.81,111.81,111.8,111.81,111.808,1,1
1631540485,111.92,112.16,111.86,112.0,112.008,144,79
1631540490,112.0,112.0,111.66,111.79,111.812,133,53
1631540495,111.66,111.81,111.66,111.78,111.745,17,11
1631540500,111.8,111.8,111.8,111.8,111.8,2,2
1631540505,111.79,111.79,111.66,111.78,111.708,6,6
1631540510,111.71,111.72,111.71,111.71,111.714,1,1
1631540515,111.79,111.9,111.71,111.87,111.863,18,9
1631540520,111.8,111.86,111.74,111.75,111.802,3,3
1631540525,111.76,111.93,111.75,111.93,111.849,32,17
1631540530,111.87,111.99,111.87,111.92,111.917,59,8
1631540535,111.92,111.92,111.91,111.92,111.92,0,0
1631540540,111.93,112.06,111.92,112.06,112.014,11,6
1631540545,111.98,112.05,111.98,112.05,112.027,3,3
1631540550,112.03,112.19,111.93,111.93,112.095,143,29
1631540555,111.95,112.02,111.87,111.87,111.893,26,4
1631540560,111.88,112.01,111.88,111.94,111.954,7,7
1631540565,111.92,111.92,111.85,111.87,111.868,9,6
1631540570,111.9,111.9,111.75,111.76,111.789,9,9
1631540575,111.82,111.82,111.7,111.7,111.754,7,7
1631540580,111.68,111.74,111.6,111.63,111.675,76,23
1631540585,111.74,111.74,111.64,111.64,111.707,3,2
1631540590,111.69,111.69,111.6,111.62,111.63,41,20
1631540595,111.6,111.65,111.6,111.6,111.614,16,15
1631540600,111.6,111.76,111.6,111.73,111.661,34,19
1631540605,111.67,111.75,111.65,111.66,111.673,22,13
1631540610,111.73,111.74,111.66,111.66,111.683,10,8
1631540615,111.73,111.74,111.73,111.73,111.735,1,1
1631540620,111.73,111.74,111.67,111.7,111.7,3,3
1631540625,111.69,111.79,111.69,111.79,111.776,12,3
1631540630,111.69,111.8,111.69,111.8,111.785,20,11
1631540635,111.75,111.79,111.72,111.73,111.749,14,12
1631540640,111.75,111.8,111.72,111.79,111.761,8,7
1631540645,111.73,111.73,111.65,111.66,111.654,107,23
1631540650,111.6,111.64,111.6,111.61,111.616,21,17
1631540655,111.72,111.78,111.69,111.71,111.714,20,12
1631540660,111.79,111.87,111.74,111.78,111.786,25,13
1631540665,111.85,111.86,111.85,111.85,111.852,4,3
1631540670,111.9,111.9,111.72,111.72,111.78,18,17
1631540675,111.71,111.8,111.71,111.8,111.737,9,6
1631540680,111.78,111.83,111.71,111.75,111.783,24,10
1631540685,111.77,111.77,111.77,111.77,111.77,1,1
1631540690,111.77,111.77,111.72,111.73,111.743,3,2
1631540695,111.65,111.73,111.65,111.72,111.699,7,4
1631540700,111.67,111.82,111.67,111.78,111.726,9,6
1631540705,111.83,111.83,111.7,111.7,111.744,7,5
1631540710,111.7,111.7,111.7,111.7,111.7,0,0
1631540715,111.71,111.85,111.71,111.72,111.772,18,13
1631540720,111.73,111.84,111.72,111.84,111.778,27,10
1631540725,111.77,111.86,111.77,111.82,111.813,5,5
1631540730,111.85,111.89,111.84,111.86,111.869,17,8
1631540735,111.85,111.91,111.84,111.91,111.863,6,4
1631540740,111.84,111.85,111.72,111.75,111.769,26,20
1631540745,111.72,111.72,111.71,111.72,111.715,2,2
1631540750,111.72,111.77,111.61,111.72,111.656,84,29
1631540755,111.82,111.82,111.73,111.73,111.762,9,8
1631540760,111.73,111.73,111.63,111.63,111.673,7,6
1631540765,111.72,111.82,111.66,111.76,111.762,10,8
1631540770,111.78,111.87,111.77,111.83,111.85,21,11
1631540775,111.83,111.88,111.7,111.7,111.823,64,26
1631540780,111.66,111.74,111.59,111.59,111.659,22,20
1631540785,111.61,111.61,111.42,111.42,111.551,105,68
1631540790,111.43,111.56,111.43,111.47,111.473,40,32
1631540795,111.6,111.6,111.59,111.59,111.599,8,6
1631540800,111.52,111.55,111.36,111.36,111.472,106,46
1631540805,111.4,111.41,111.21,111.21,111.377,82,18
1631540810,111.29,111.41,111.23,111.32,111.31,60,33
1631540815,111.39,111.56,111.39,111.56,111.455,21,10
1631540820,111.53,111.53,111.31,111.43,111.425,37,20
1631540825,111.47,111.48,111.25,111.43,111.35,20,11
1631540830,111.38,111.53,111.38,111.49,111.445,36,20
1631540835,111.47,111.52,111.47,111.51,111.481,3,3
1631540840,111.41,111.48,111.4,111.43,111.434,9,9
1631540845,111.52,111.53,111.32,111.33,111.419,13,11
1631540850,111.32,111.36,111.27,111.27,111.327,5,4
1631540855,111.35,111.46,111.32,111.45,111.373,21,14
1631540860,111.39,111.46,111.35,111.46,111.384,30,12
1631540865,111.39,111.39,111.39,111.39,111.39,1,1
1631540870,111.45,111.52,111.44,111.48,111.478,13,12
1631540875,111.49,111.62,111.43,111.48,111.498,71,30
1631540880,111.62,111.65,111.49,111.49,111.62,61,28
1631540885,111.5,111.59,111.42,111.47,111.5,54,35
1631540890,111.57,111.57,111.57,111.57,111.57,353,4
1631540895,111.59,111.59,111.58,111.59,111.585,1,1
1631540900,111.58,111.64,111.55,111.64,111.614,47,13
1631540905,111.59,111.6,111.52,111.59,111.579,364,11
1631540910,111.64,111.64,111.61,111.61,111.625,2,2
1631540915,111.67,111.71,111.61,111.62,111.65,15,14
1631540920,111.55,111.64,111.55,111.57,111.572,12,4
1631540925,111.64,111.66,111.57,111.66,111.644,70,14
1631540930,111.64,111.66,111.59,111.62,111.634,64,22
1631540935,111.57,111.59,111.53,111.59,111.574,10,10
1631540940,111.57,111.6,111.46,111.6,111.532,45,31
1631540945,111.55,111.6,111.53,111.53,111.568,21,19
1631540950,111.53,111.62,111.46,111.52,111.541,13,13
1631540955,111.63,111.64,111.5,111.55,111.559,11,9
1631540960,111.55,111.67,111.54,111.62,111.601,18,6
1631540965,111.66,111.66,111.64,111.66,111.64,254,6
1631540970,111.64,111.67,111.53,111.55,111.612,50,39
1631540975,111.52,111.56,111.48,111.5,111.531,22,15
1631540980,111.58,111.65,111.56,111.64,111.625,85,15
1631540985,111.77,111.86,111.72,111.84,111.805,24,17
1631540990,111.82,111.94,111.81,111.83,111.852,36,9
1631540995,111.82,111.84,111.82,111.84,111.83,70,2
1631541000,111.97,111.97,111.86,111.93,111.908,62,13
1631541005,111.93,112.27,111.93,112.23,111.977,401,20
1631541010,112.18,112.2,112.08,112.11,112.111,326,14
1631541015,112.14,112.29,112.06,112.11,112.162,89,38
1631541020,112.19,112.27,112.11,112.24,112.141,203,28
1631541025,112.27,112.38,112.27,112.3,112.314,40,15
1631541030,112.34,112.34,112.25,112.34,112.308,42,19
1631541035,112.32,112.4,112.32,112.34,112.393,22,3
1631541040,112.33,112.33,112.27,112.28,112.31,52,16
1631541045,112.28,112.3,112.23,112.28,112.271,22,16
1631541050,112.28,112.31,112.26,112.26,112.274,19,15
1631541055,112.28,112.41,112.27,112.38,112.35,69,23
1631541060,112.41,112.41,112.26,112.26,112.324,33,16
1631541065,112.22,112.3,112.22,112.3,112.273,11,6
1631541070,112.27,112.3,112.13,112.14,112.209,22,18
1631541075,112.12,112.13,112.12,112.12,112.12,1,1
1631541080,112.13,112.14,111.95,111.96,112.048,49,30
1631541085,111.97,112.02,111.91,111.91,111.956,36,6
1631541090,111.98,111.98,111.85,111.85,111.925,22,11
1631541095,111.91,111.95,111.85,111.85,111.906,14,6
1631541100,111.92,111.92,111.91,111.92,111.915,1,1
1631541105,111.91,112.09,111.89,112.09,111.953,21,20
1631541110,112.05,112.05,111.98,111.98,112.015,2,2
1631541115,112.0,112.05,111.99,112.05,112.009,47,19
1631541120,112.04,112.14,112.04,112.06,112.063,15,8
1631541125,112.13,112.13,112.12,112.13,112.13,2,1
1631541130,112.06,112.1,111.98,111.98,112.028,83,36
1631541135,111.98,111.99,111.88,111.9,111.938,64,21
1631541140,111.85,112.02,111.85,112.01,111.906,16,14
1631541145,111.89,112.17,111.89,112.16,111.997,112,21
1631541150,112.18,112.28,112.17,112.23,112.212,12,12
1631541155,112.18,112.3,112.18,112.23,112.243,32,19
1631541160,112.24,112.59,112.21,112.47,112.352,632,137
1631541165,112.46,112.65,112.46,112.6,112.586,127,54
1631541170,112.7,112.78,112.55,112.68,112.698,54,35
1631541175,112.66,112.71,112.48,112.49,112.582,51,30
1631541180,112.46,112.51,112.4,112.41,112.465,22,13
1631541185,112.4,112.43,112.39,112.41,112.408,13,9
1631541190,112.41,112.42,112.4,112.41,112.41,12,7
1631541195,112.42,112.42,112.28,112.31,112.341,27,18
1631541200,112.31,112.32,112.27,112.32,112.3,11,4
1631541205,112.33,112.33,112.25,112.28,112.313,38,9
1631541210,112.27,112.35,112.27,112.34,112.312,13,12
1631541215,112.29,112.45,112.29,112.45,112.342,18,13
1631541220,112.4,112.52,112.34,112.5,112.458,37,24
1631541225,112.53,112.53,112.4,112.46,112.469,15,14
1631541230,112.51,112.51,112.4,112.4,112.44,75,21
1631541235,112.42,112.49,112.3,112.38,112.375,41,24
1631541240,112.34,112.34,112.24,112.28,112.3,22,19
1631541245,112.31,112.32,112.23,112.32,112.294,35,8
1631541250,112.31,112.46,112.26,112.46,112.358,54,20
1631541255,112.29,112.37,112.29,112.3,112.313,4,4
1631541260,112.44,112.44,112.3,112.43,112.389,32,9
1631541265,112.33,112.33,112.23,112.23,112.299,28,17
1631541270,112.22,112.28,112.22,112.25,112.245,8,5
1631541275,112.29,112.32,112.2,112.2,112.28,82,32
1631541280,112.24,112.24,112.18,112.23,112.204,184,30
1631541285,112.24,112.32,112.24,112.3,112.278,21,16
1631541290,112.31,112.33,112.0,112.06,112.196,105,57
1631541295,112.1,112.18,112.03,112.14,112.126,208,40
1631541300,112.2,112.24,112.09,112.18,112.133,33,20
1631541305,112.18,112.19,112.18,112.18,112.18,0,0
1631541310,112.18,112.19,112.18,112.18,112.18,0,0
1631541315,112.13,112.13,112.12,112.13,112.125,1,1
1631541320,112.13,112.13,111.9,111.99,112.02,44,20
1631541325,111.98,112.03,111.87,111.88,111.924,29,13
1631541330,111.91,111.91,111.69,111.76,111.771,36,21
1631541335,111.7,111.7,111.58,111.61,111.638,53,13
1631541340,111.62,111.63,111.51,111.58,111.539,17,11
1631541345,111.61,111.61,111.5,111.51,111.524,23,10
1631541350,111.51,111.51,111.3,111.36,111.394,26,16
1631541355,111.36,111.49,111.35,111.49,111.412,23,13
1631541360,111.46,111.48,111.4,111.48,111.447,14,9
1631541365,111.42,111.42,111.41,111.42,111.415,10,1
1631541370,111.42,111.42,111.34,111.4,111.383,3,3
1631541375,111.46,111.46,111.42,111.43,111.455,8,7
1631541380,111.39,111.39,111.37,111.38,111.389,11,3
1631541385,111.44,111.44,111.24,111.25,111.315,54,22
1631541390,111.25,111.29,111.12,111.29,111.245,35,13
1631541395,111.24,111.26,111.2,111.2,111.244,17,10
1631541400,111.19,111.19,111.19,111.19,111.19,4,2
1631541405,111.2,111.23,111.11,111.23,111.171,53,34
1631541410,111.23,111.46,111.23,111.43,111.276,155,28
1631541415,111.43,111.43,111.32,111.32,111.421,120,10
1631541420,111.42,111.45,111.37,111.45,111.41,221,14
1631541425,111.45,111.58,111.44,111.54,111.511,9,9
1631541430,111.57,111.57,111.48,111.53,111.501,11,10
1631541435,111.5,111.54,111.45,111.51,111.499,6,5
1631541440,111.58,111.58,111.49,111.54,111.527,27,18
1631541445,111.49,111.51,111.45,111.51,111.503,29,12
1631541450,111.52,111.58,111.51,111.58,111.537,7,7
1631541455,111.58,111.6,111.57,111.58,111.579,7,5
1631541460,111.58,111.58,111.57,111.58,111.578,8,7
1631541465,111.58,111.58,111.57,111.58,111.58,41,2
1631541470,111.55,111.57,111.55,111.57,111.56,18,9
1631541475,111.57,111.6,111.52,111.57,111.564,12,12
1631541480,111.6,111.6,111.57,111.57,111.572,13,4
1631541485,111.58,111.63,111.58,111.63,111.596,3,2
1631541490,111.64,111.73,111.64,111.73,111.696,14,9
1631541495,111.6,111.6,111.6,111.6,111.6,1,1
1631541500,111.6,111.65,111.57,111.65,111.619,15,11
1631541505,111.57,111.64,111.57,111.64,111.602,6,4
1631541510,111.6,111.64,111.6,111.6,111.613,12,10
1631541515,111.69,111.79,111.68,111.79,111.722,12,10
1631541520,111.79,111.79,111.79,111.79,111.79,0,0
1631541525,111.77,111.78,111.76,111.77,111.771,4,4
1631541530,111.8,111.86,111.76,111.86,111.826,20,13
1631541535,111.81,111.81,111.69,111.73,111.728,15,14
1631541540,111.68,111.68,111.65,111.67,111.664,9,9
1631541545,111.62,111.66,111.54,111.59,111.598,47,18
1631541550,111.59,111.59,111.54,111.57,111.57,22,4
1631541555,111.59,111.59,111.4,111.44,111.49,61,36
1631541560,111.44,111.48,111.39,111.47,111.459,16,14
1631541565,111.44,111.44,111.39,111.41,111.407,14,9
1631541570,111.43,111.48,111.43,111.44,111.451,4,4
1631541575,111.44,111.44,111.41,111.44,111.43,3,3
1631541580,111.4,111.7,111.4,111.67,111.63,54,28
1631541585,111.63,111.65,111.62,111.65,111.637,9,5
1631541590,111.65,111.65,111.64,111.65,111.65,0,0
1631541595,111.56,111.64,111.55,111.56,111.557,106,7
1631541600,111.56,111.56,111.47,111.52,111.551,114,11
1631541605,111.45,111.55,111.45,111.55,111.469,24,6
1631541610,111.59,111.65,111.55,111.61,111.605,15,14
1631541615,111.7,111.76,111.67,111.67,111.714,46,11
1631541620,111.76,111.76,111.75,111.76,111.756,9,4
1631541625,111.81,111.83,111.79,111.81,111.809,13,8
1631541630,111.79,111.79,111.67,111.68,111.745,38,18
1631541635,111.63,111.86,111.62,111.83,111.774,38,23
1631541640,111.87,111.9,111.81,111.9,111.847,79,14
1631541645,111.89,111.9,111.89,111.9,111.893,4,4
1631541650,111.9,112.11,111.9,112.04,111.98,18,14
1631541655,112.04,112.12,112.02,112.09,112.08,14,9
1631541660,112.05,112.09,111.98,112.01,112.027,60,34
1631541665,112.01,112.01,111.94,112.01,111.974,4,3
1631541670,111.95,112.01,111.93,111.93,111.979,8,7
1631541675,112.01,112.01,111.93,111.98,111.959,21,14
1631541680,111.92,111.95,111.84,111.85,111.927,42,11
1631541685,111.97,112.11,111.85,111.99,112.0,36,35
1631541690,112.0,112.05,112.0,112.03,112.034,16,12
1631541695,111.96,112.05,111.9,111.98,111.959,22,20
1631541700,111.98,111.99,111.98,111.98,111.985,2,2
1631541705,111.91,111.97,111.85,111.9,111.902,19,17
1631541710,111.83,111.94,111.82,111.91,111.878,6,6
1631541715,111.91,112.01,111.91,112.0,111.947,12,10
1631541720,111.91,112.2,111.91,112.2,112.096,22,17
1631541725,112.19,112.24,112.18,112.24,112.209,11,7
1631541730,112.3,112.35,112.3,112.34,112.329,13,4
1631541735,112.27,112.32,112.19,112.22,112.251,17,11
1631541740,112.23,112.3,112.23,112.3,112.271,4,4
1631541745,112.36,112.37,112.17,112.35,112.315,37,25
1631541750,112.33,112.43,112.25,112.27,112.353,25,6
1631541755,112.33,112.33,112.33,112.33,112.33,1,1
1631541760,112.27,112.31,112.2,112.21,112.261,19,16
1631541765,112.21,112.21,112.1,112.13,112.149,16,14
1631541770,112.1,112.1,111.99,111.99,112.038,8,8
1631541775,111.93,111.93,111.93,111.93,111.93,2,2
1631541780,111.9,111.96,111.79,111.92,111.88,26,17
1631541785,111.96,112.02,111.95,111.96,111.972,8,8
1631541790,111.98,111.98,111.89,111.89,111.948,3,3
1631541795,111.9,111.96,111.87,111.87,111.944,27,14
1631541800,111.77,111.9,111.7,111.73,111.817,89,25
1631541805,111.74,111.8,111.53,111.8,111.704,33,20
1631541810,111.6,111.77,111.6,111.68,111.635,17,10
1631541815,111.57,111.76,111.35,111.38,111.455,39,31
1631541820,111.36,111.56,111.36,111.5,111.512,24,23
1631541825,111.41,111.41,111.33,111.33,111.359,14,14
1631541830,111.34,111.53,111.34,111.35,111.394,7,7
1631541835,111.39,111.39,111.28,111.31,111.31,16,9
1631541840,111.39,111.39,111.26,111.26,111.294,9,8
1631541845,111.31,111.31,111.3,111.3,111.302,5,5
1631541850,111.36,111.43,111.35,111.43,111.387,7,4
1631541855,111.42,111.42,111.36,111.39,111.396,7,6
1631541860,111.44,111.44,111.35,111.43,111.397,8,8
1631541865,111.36,111.36,111.2,111.2,111.25,40,20
1631541870,111.2,111.2,111.1,111.13,111.121,26,17
1631541875,111.1,111.16,111.09,111.09,111.12,5,4
1631541880,111.09,111.13,110.83,111.01,110.978,110,51
1631541885,111.03,111.22,111.0,111.22,111.064,66,17
1631541890,111.28,111.29,111.15,111.16,111.204,10,10
1631541895,111.19,111.21,111.05,111.05,111.109,138,44
1631541900,111.22,111.24,111.03,111.03,111.155,17,12
1631541905,111.14,111.15,110.94,111.13,111.05,27,20
1631541910,111.1,111.1,111.0,111.0,111.031,24,16
1631541915,111.06,111.13,111.05,111.13,111.075,5,4
1631541920,111.16,111.2,111.04,111.04,111.131,13,12
1631541925,111.16,111.16,110.98,110.98,111.043,9,9
1631541930,111.0,111.03,110.98,111.03,110.999,8,7
1631541935,111.07,111.08,111.01,111.02,111.044,4,4
1631541940,111.08,111.08,110.97,110.97,111.008,54,7
1631541945,110.92,110.94,110.92,110.94,110.935,8,7
1631541950,110.99,111.08,110.99,111.07,111.026,12,11
1631541955,110.99,111.02,110.96,110.96,110.988,6,5
1631541960,111.05,111.11,111.03,111.03,111.093,14,8
1631541965,111.16,111.16,111.01,111.01,111.078,38,12
1631541970,111.01,111.04,110.95,110.95,110.988,9,8
1631541975,110.95,111.02,110.95,111.0,110.99,4,4
1631541980,111.03,111.18,111.02,111.11,111.109,21,14
1631541985,111.16,111.16,111.16,111.16,111.16,1,1
1631541990,111.11,111.18,111.04,111.08,111.112,18,12
1631541995,111.15,111.15,111.09,111.15,111.139,5,5
1631542000,111.15,111.15,111.15,111.15,111.15,0,0
1631542005,111.16,111.16,111.01,111.01,111.059,33,16
1631542010,111.09,111.09,111.09,111.09,111.09,1,1
1631542015,111.06,111.11,111.06,111.11,111.09,10,3
1631542020,111.11,111.11,110.98,110.98,111.031,9,7
1631542025,110.99,111.02,110.92,110.92,110.992,33,8
1631542030,110.98,110.98,110.87,110.9,110.908,64,30
1631542035,110.9,110.91,110.83,110.88,110.872,6,6
1631542040,110.83,110.88,110.83,110.88,110.868,6,2
1631542045,110.83,110.92,110.83,110.92,110.913,13,2
1631542050,110.88,110.88,110.75,110.78,110.79,50,20
1631542055,110.69,110.77,110.65,110.68,110.737,50,19
1631542060,110.76,110.76,110.64,110.66,110.694,6,3
1631542065,110.7,110.79,110.68,110.77,110.709,30,9
1631542070,110.76,110.76,110.68,110.71,110.735,18,16
1631542075,110.73,110.77,110.71,110.71,110.743,76,21
1631542080,110.69,110.73,110.66,110.69,110.694,18,7
1631542085,110.75,110.81,110.72,110.76,110.761,47,14
1631542090,110.75,110.76,110.65,110.65,110.677,52,17
1631542095,110.67,110.68,110.67,110.68,110.678,5,5
1631542100,110.64,110.76,110.64,110.76,110.698,11,5
1631542105,110.67,110.71,110.65,110.71,110.665,7,6
1631542110,110.71,110.73,110.67,110.73,110.702,59,14
1631542115,110.7,110.74,110.68,110.72,110.718,21,21
1631542120,110.73,110.73,110.64,110.66,110.673,34,24
1631542125,110.7,110.75,110.65,110.68,110.71,20,18
1631542130,110.69,110.76,110.65,110.75,110.707,30,27
1631542135,110.68,110.72,110.67,110.72,110.686,5,5
1631542140,110.72,110.72,110.68,110.71,110.711,10,9
1631542145,110.68,110.68,110.63,110.68,110.649,12,10
1631542150,110.76,110.8,110.72,110.76,110.763,24,16
1631542155,110.79,110.8,110.73,110.73,110.75,14,13
1631542160,110.75,110.8,110.66,110.67,110.72,12,12
1631542165,110.72,110.73,110.67,110.67,110.697,5,5
1631542170,110.71,110.71,110.6,110.69,110.651,15,13
1631542175,110.69,110.69,110.58,110.62,110.621,10,8
1631542180,110.61,110.65,110.58,110.59,110.613,12,8
1631542185,110.57,110.62,110.55,110.59,110.579,21,13
1631542190,110.56,110.61,110.55,110.55,110.588,12,7
1631542195,110.59,110.59,110.52,110.52,110.547,7,6
1631542200,110.5,110.5,110.4,110.43,110.486,45,25
1631542205,110.45,110.51,110.36,110.37,110.422,36,19
1631542210,110.4,110.4,110.33,110.39,110.387,20,10
1631542215,110.36,110.36,110.14,110.32,110.23,116,42
1631542220,110.29,110.29,110.13,110.13,110.238,20,12
1631542225,110.22,110.31,110.11,110.3,110.21,20,20
1631542230,110.32,110.42,110.27,110.31,110.358,20,16
1631542235,110.41,110.46,110.41,110.46,110.435,6,6
1631542240,110.54,110.54,110.36,110.36,110.43,4,4
1631542245,110.38,110.42,110.34,110.42,110.363,14,13
1631542250,110.45,110.45,110.38,110.38,110.415,5,4
1631542255,110.42,110.45,110.36,110.36,110.419,26,13
1631542260,110.36,110.36,110.22,110.23,110.246,14,14
1631542265,110.21,110.27,110.18,110.27,110.231,14,12
1631542270,110.32,110.43,110.31,110.43,110.353,18,9
1631542275,110.43,110.43,110.42,110.43,110.43,0,0
1631542280,110.37,110.42,110.33,110.33,110.354,9,6
1631542285,110.33,110.41,110.28,110.36,110.334,20,10
1631542290,110.39,110.42,110.39,110.42,110.403,11,8
1631542295,110.43,110.44,110.32,110.32,110.386,15,14
1631542300,110.3,110.32,110.3,110.31,110.311,9,6
1631542305,110.29,110.32,110.26,110.29,110.282,8,8
1631542310,110.26,110.27,110.26,110.26,110.26,1,1
1631542315,110.27,110.34,110.27,110.34,110.32,11,9
1631542320,110.37,110.38,110.3,110.3,110.338,56,25
1631542325,110.3,110.36,110.26,110.35,110.336,27,18
1631542330,110.28,110.3,110.27,110.28,110.281,7,7
1631542335,110.26,110.35,110.25,110.35,110.294,41,19
1631542340,110.34,110.35,110.34,110.34,110.345,1,1
1631542345,110.37,110.39,110.34,110.36,110.367,6,6
1631542350,110.4,110.49,110.38,110.46,110.446,14,9
1631542355,110.39,110.42,110.35,110.41,110.394,10,8
1631542360,110.36,110.48,110.36,110.48,110.411,9,6
1631542365,110.5,110.5,110.35,110.45,110.427,12,11
1631542370,110.42,110.44,110.41,110.41,110.418,6,5
1631542375,110.45,110.5,110.44,110.44,110.461,9,9
1631542380,110.52,110.58,110.52,110.58,110.569,65,25
1631542385,110.55,110.56,110.54,110.56,110.548,3,2
1631542390,110.55,110.59,110.55,110.56,110.571,6,6
1631542395,110.59,110.64,110.55,110.57,110.595,19,17
1631542400,110.55,110.56,110.44,110.53,110.525,25,15
1631542405,110.49,110.53,110.48,110.53,110.508,21,10
1631542410,110.46,110.5,110.46,110.5,110.483,3,2
1631542415,110.49,110.5,110.47,110.48,110.485,17,7
1631542420,110.51,110.51,110.51,110.51,110.51,1,1
1631542425,110.49,110.5,110.4,110.42,110.424,15,12
1631542430,110.39,110.39,110.32,110.38,110.376,18,9
1631542435,110.32,110.36,110.25,110.25,110.264,27,11
1631542440,110.29,110.3,110.27,110.3,110.288,6,6
1631542445,110.26,110.27,110.26,110.26,110.263,5,5
1631542450,110.28,110.31,110.28,110.31,110.307,11,2
1631542455,110.34,110.54,110.34,110.49,110.427,9,9
1631542460,110.49,110.63,110.49,110.57,110.567,31,29
1631542465,110.61,110.65,110.56,110.64,110.628,16,5
1631542470,110.65,110.65,110.55,110.61,110.613,17,17
1631542475,110.58,110.62,110.58,110.62,110.592,3,3
1631542480,110.62,110.62,110.61,110.62,110.615,1,1
1631542485,110.58,110.65,110.58,110.58,110.598,4,4
1631542490,110.57,110.63,110.57,110.63,110.589,3,3
1631542495,110.65,110.65,110.65,110.65,110.65,2,2
1631542500,110.59,110.7,110.59,110.61,110.633,79,48
1631542505,110.63,110.65,110.6,110.65,110.614,27,8
1631542510,110.62,110.68,110.55,110.55,110.595,147,41
1631542515,110.51,110.54,110.4,110.4,110.463,27,17
1631542520,110.31,110.43,110.31,110.36,110.386,27,9
1631542525,110.43,110.43,110.28,110.3,110.346,17,10
1631542530,110.31,110.31,110.2,110.28,110.253,48,31
1631542535,110.25,110.29,110.24,110.27,110.276,13,11
1631542540,110.3,110.37,110.3,110.33,110.339,42,28
1631542545,110.28,110.44,110.28,110.38,110.303,46,12
1631542550,110.45,110.52,110.34,110.52,110.444,11,11
1631542555,110.53,110.64,110.53,110.62,110.571,12,7
1631542560,110.56,110.67,110.56,110.57,110.647,17,9
1631542565,110.72,110.76,110.63,110.63,110.691,42,23
1631542570,110.75,110.75,110.68,110.68,110.703,3,3
1631542575,110.63,110.74,110.63,110.74,110.686,4,4
1631542580,110.68,110.68,110.62,110.62,110.66,3,3
1631542585,110.66,110.74,110.62,110.62,110.672,23,14
1631542590,110.6,110.72,110.55,110.61,110.606,35,22
1631542595,110.53,110.55,110.41,110.41,110.527,38,13
1631542600,110.34,110.34,110.32,110.32,110.331,4,3
1631542605,110.36,110.37,110.36,110.37,110.369,7,7
1631542610,110.38,110.42,110.37,110.42,110.388,6,6
1631542615,110.4,110.41,110.4,110.41,110.407,3,3
1631542620,110.44,110.49,110.44,110.49,110.469,8,6
1631542625,110.52,110.57,110.45,110.57,110.525,13,8
1631542630,110.57,110.57,110.57,110.57,110.57,0,0
1631542635,110.6,110.62,110.51,110.58,110.571,18,12
1631542640,110.52,110.53,110.51,110.53,110.52,5,5
1631542645,110.59,110.59,110.47,110.53,110.543,12,3
1631542650,110.57,110.64,110.52,110.64,110.576,39,15
1631542655,110.71,110.74,110.64,110.67,110.698,17,17
1631542660,110.69,110.7,110.69,110.7,110.691,4,3
1631542665,110.71,110.75,110.71,110.72,110.729,14,14
1631542670,110.72,110.72,110.6,110.6,110.642,21,14
1631542675,110.62,110.62,110.62,110.62,110.62,1,1
1631542680,110.67,110.68,110.67,110.67,110.673,6,6
1631542685,110.68,110.68,110.68,110.68,110.68,1,1
1631542690,110.67,110.67,110.59,110.61,110.603,19,9
1631542695,110.67,110.73,110.66,110.73,110.678,12,3
1631542700,110.73,110.73,110.72,110.73,110.73,0,0
1631542705,110.69,110.7,110.66,110.66,110.684,7,4
1631542710,110.66,110.68,110.54,110.54,110.604,12,11
1631542715,110.62,110.63,110.6,110.61,110.607,9,2
1631542720,110.64,110.67,110.57,110.62,110.627,16,15
1631542725,110.58,110.66,110.58,110.66,110.61,5,5
1631542730,110.58,110.61,110.58,110.59,110.593,6,5
1631542735,110.62,110.62,110.61,110.62,110.618,2,2
1631542740,110.62,110.67,110.6,110.6,110.626,18,16
1631542745,110.65,110.65,110.64,110.65,110.645,1,1
1631542750,110.65,110.69,110.64,110.66,110.664,39,29
1631542755,110.74,110.74,110.74,110.74,110.74,1,1
1631542760,110.66,110.72,110.64,110.66,110.656,40,16
1631542765,110.68,110.68,110.59,110.6,110.607,19,15
1631542770,110.59,110.62,110.55,110.6,110.588,11,9
1631542775,110.58,110.58,110.55,110.55,110.573,21,3
1631542780,110.61,110.61,110.58,110.58,110.606,8,4
1631542785,110.58,110.66,110.58,110.62,110.628,19,15
1631542790,110.59,110.65,110.58,110.65,110.626,44,16
1631542795,110.61,110.66,110.61,110.64,110.637,31,21
1631542800,110.67,110.67,110.62,110.65,110.658,27,8
1631542805,110.65,110.65,110.65,110.65,110.65,10,1
1631542810,110.69,110.75,110.65,110.68,110.695,18,18
1631542815,110.71,110.71,110.66,110.66,110.677,6,6
1631542820,110.71,110.71,110.66,110.67,110.676,11,4
1631542825,110.67,110.67,110.67,110.67,110.67,4,4
1631542830,110.66,110.68,110.63,110.63,110.659,8,8
1631542835,110.58,110.62,110.55,110.61,110.591,22,8
1631542840,110.61,110.62,110.61,110.62,110.615,2,2
1631542845,110.63,110.63,110.58,110.61,110.606,11,3
1631542850,110.58,110.59,110.57,110.57,110.578,6,6
1631542855,110.6,110.64,110.57,110.6,110.602,18,15
1631542860,110.6,110.72,110.6,110.7,110.659,22,17
1631542865,110.72,110.72,110.68,110.71,110.703,9,7
1631542870,110.69,110.74,110.69,110.72,110.719,12,9
1631542875,110.72,110.72,110.72,110.72,110.72,38,2
1631542880,110.72,110.76,110.71,110.75,110.737,55,41
1631542885,110.73,110.77,110.73,110.75,110.739,19,10
1631542890,110.77,110.77,110.74,110.77,110.758,11,11
1631542895,110.73,110.75,110.71,110.72,110.727,26,22
1631542900,110.73,110.74,110.61,110.61,110.672,36,28
1631542905,110.62,110.67,110.59,110.63,110.633,21,17
1631542910,110.63,110.66,110.63,110.66,110.638,4,2
1631542915,110.59,110.59,110.56,110.56,110.58,4,4
1631542920,110.59,110.59,110.56,110.57,110.573,9,7
1631542925,110.59,110.61,110.41,110.41,110.529,41,28
1631542930,110.41,110.47,110.4,110.46,110.443,21,7
1631542935,110.46,110.5,110.46,110.46,110.473,13,11
1631542940,110.51,110.56,110.51,110.56,110.538,11,11
1631542945,110.53,110.66,110.53,110.66,110.589,65,21
1631542950,110.63,110.63,110.6,110.61,110.604,9,9
1631542955,110.61,110.61,110.61,110.61,110.61,1,1
1631542960,110.62,110.64,110.61,110.62,110.623,6,5
1631542965,110.62,110.62,110.57,110.62,110.603,3,3
1631542970,110.54,110.55,110.47,110.49,110.49,44,12
1631542975,110.49,110.52,110.49,110.5,110.504,12,12
1631542980,110.53,110.58,110.49,110.54,110.537,77,25
1631542985,110.54,110.64,110.54,110.59,110.604,4,4
1631542990,110.6,110.64,110.59,110.64,110.596,10,3
1631542995,110.54,110.55,110.54,110.54,110.54,10,1
1631543000,110.59,110.65,110.59,110.62,110.617,23,14
1631543005,110.59,110.59,110.59,110.59,110.59,2,2
1631543010,110.62,110.67,110.61,110.62,110.622,16,8
1631543015,110.68,110.68,110.57,110.66,110.608,23,5
1631543020,110.63,110.68,110.62,110.66,110.651,19,17
1631543025,110.6,110.66,110.6,110.63,110.638,16,14
1631543030,110.64,110.7,110.64,110.7,110.679,15,15
1631543035,110.68,110.69,110.66,110.69,110.678,8,7
1631543040,110.69,110.69,110.69,110.69,110.69,1,1
1631543045,110.7,110.79,110.69,110.77,110.709,41,31
1631543050,110.77,110.85,110.76,110.84,110.803,20,18
1631543055,110.85,110.86,110.82,110.84,110.841,16,16
1631543060,110.89,110.89,110.85,110.85,110.876,3,3
1631543065,110.86,110.92,110.85,110.91,110.886,14,13
1631543070,110.95,110.95,110.74,110.82,110.908,91,16
1631543075,110.77,110.82,110.74,110.82,110.768,8,7
1631543080,110.76,110.88,110.75,110.81,110.845,18,5
1631543085,110.81,110.81,110.8,110.81,110.805,1,1
1631543090,110.8,110.88,110.8,110.87,110.844,12,9
1631543095,110.91,110.91,110.9,110.91,110.908,1,1
1631543100,110.91,110.92,110.85,110.87,110.89,26,19
1631543105,110.86,110.95,110.86,110.92,110.915,12,10
1631543110,110.92,110.98,110.91,110.98,110.949,27,13
1631543115,110.99,110.99,110.95,110.98,110.963,19,6
1631543120,110.93,110.97,110.91,110.95,110.949,82,48
1631543125,110.92,110.93,110.87,110.87,110.904,15,14
1631543130,110.91,110.96,110.87,110.89,110.942,13,4
1631543135,110.92,110.92,110.86,110.86,110.892,29,17
1631543140,110.88,110.91,110.88,110.91,110.903,6,2
1631543145,110.91,110.91,110.81,110.81,110.859,11,10
1631543150,110.77,110.77,110.77,110.77,110.77,2,2
1631543155,110.79,110.9,110.79,110.84,110.865,52,15
1631543160,110.87,110.87,110.77,110.77,110.799,4,4
1631543165,110.77,110.86,110.77,110.86,110.799,10,5
1631543170,110.82,110.86,110.81,110.83,110.834,7,7
1631543175,110.86,110.88,110.76,110.86,110.834,13,9
1631543180,110.85,110.85,110.84,110.84,110.843,4,4
1631543185,110.84,110.84,110.84,110.84,110.84,0,0
1631543190,110.84,110.91,110.83,110.88,110.88,15,13
1631543195,110.93,110.93,110.92,110.93,110.928,5,1
1631543200,110.9,110.9,110.89,110.9,110.895,1,1
1631543205,110.94,110.95,110.9,110.9,110.928,5,5
1631543210,110.95,110.98,110.89,110.97,110.954,15,12
1631543215,110.97,110.97,110.97,110.97,110.97,2,2
1631543220,110.91,111.0,110.88,110.91,110.952,31,20
1631543225,110.91,110.91,110.9,110.91,110.91,0,0
1631543230,110.85,110.85,110.85,110.85,110.85,1,1
1631543235,110.83,110.93,110.83,110.86,110.88,15,10
1631543240,110.9,110.9,110.85,110.85,110.868,6,6
1631543245,110.9,110.9,110.84,110.84,110.863,3,3
1631543250,110.84,110.84,110.77,110.79,110.804,14,14
1631543255,110.76,110.76,110.73,110.75,110.748,17,15
1631543260,110.75,110.77,110.74,110.74,110.76,8,8
1631543265,110.69,110.7,110.69,110.7,110.693,9,5
1631543270,110.7,110.7,110.7,110.7,110.7,1,1
1631543275,110.66,110.66,110.56,110.56,110.592,11,7
1631543280,110.6,110.64,110.6,110.6,110.609,13,4
1631543285,110.64,110.69,110.59,110.69,110.646,11,5
1631543290,110.66,110.66,110.55,110.55,110.578,13,5
1631543295,110.6,110.6,110.46,110.55,110.534,48,24
1631543300,110.54,110.64,110.54,110.62,110.588,34,21
1631543305,110.56,110.62,110.55,110.62,110.592,9,9
1631543310,110.61,110.62,110.61,110.62,110.615,4,4
1631543315,110.59,110.68,110.59,110.65,110.65,5,5
1631543320,110.67,110.8,110.66,110.8,110.758,11,5
1631543325,110.8,110.86,110.78,110.78,110.792,12,6
1631543330,110.86,110.98,110.85,110.98,110.916,8,8
1631543335,110.92,110.93,110.91,110.92,110.921,21,2
1631543340,110.9,110.9,110.88,110.88,110.885,13,3
1631543345,110.91,110.91,110.9,110.91,110.908,9,2
1631543350,110.89,110.89,110.84,110.84,110.853,6,5
1631543355,110.85,110.9,110.84,110.9,110.859,8,3
1631543360,110.9,110.9,110.89,110.9,110.895,5,4
1631543365,111.0,111.08,111.0,111.08,111.006,27,6
1631543370,111.08,111.21,111.06,111.14,111.112,114,44
1631543375,111.24,111.36,111.24,111.36,111.276,10,9
1631543380,111.4,111.43,111.27,111.34,111.346,59,21
1631543385,111.33,111.34,111.32,111.34,111.333,17,11
1631543390,111.34,111.34,111.21,111.23,111.227,40,12
1631543395,111.27,111.31,111.26,111.27,111.273,7,3
1631543400,111.22,111.25,111.2,111.25,111.217,27,12
1631543405,111.22,111.23,111.22,111.22,111.223,3,3
1631543410,111.14,111.14,111.06,111.06,111.113,4,4
1631543415,111.05,111.05,110.97,110.97,111.008,2,2
1631543420,110.98,110.98,110.91,110.97,110.949,16,10
1631543425,110.85,110.88,110.77,110.87,110.843,12,11
1631543430,110.87,111.0,110.87,110.92,110.914,21,16
1631543435,110.83,111.16,110.83,111.16,111.037,23,14
1631543440,111.14,111.14,111.14,111.14,111.14,2,1
1631543445,111.21,111.25,111.2,111.25,111.225,13,8
1631543450,111.23,111.23,111.22,111.23,111.225,1,1
1631543455,111.25,111.31,111.19,111.31,111.272,13,8
1631543460,111.41,111.53,111.41,111.53,111.487,43,22
1631543465,111.53,111.53,111.4,111.46,111.463,3,3
1631543470,111.41,111.5,111.41,111.48,111.473,12,5
1631543475,111.42,111.49,111.41,111.46,111.449,17,4
1631543480,111.53,111.53,111.47,111.47,111.493,4,4
1631543485,111.5,111.54,111.46,111.46,111.522,25,14
1631543490,111.53,111.54,111.47,111.5,111.509,16,11
1631543495,111.54,111.54,111.42,111.48,111.509,28,13
1631543500,111.43,111.43,111.42,111.42,111.423,6,4
1631543505,111.41,111.41,111.4,111.41,111.41,8,1
1631543510,111.39,111.4,111.33,111.4,111.375,18,6
1631543515,111.34,111.43,111.34,111.43,111.402,10,5
1631543520,111.43,111.43,111.43,111.43,111.43,0,0
1631543525,111.44,111.5,111.44,111.5,111.472,3,3
1631543530,111.53,111.6,111.53,111.55,111.565,27,18
1631543535,111.59,111.63,111.59,111.63,111.615,12,10
1631543540,111.64,111.7,111.6,111.6,111.672,37,14
1631543545,111.63,111.63,111.53,111.53,111.567,19,19
1631543550,111.58,111.6,111.54,111.54,111.582,15,7
1631543555,111.6,111.65,111.59,111.65,111.618,4,4
1631543560,111.59,111.66,111.59,111.66,111.619,9,7
1631543565,111.7,111.74,111.64,111.64,111.681,30,18
1631543570,111.75,111.75,111.7,111.7,111.725,2,2
1631543575,111.68,111.7,111.65,111.7,111.675,4,3
1631543580,111.7,111.7,111.59,111.63,111.611,30,12
1631543585,111.61,111.65,111.57,111.64,111.606,62,41
1631543590,111.6,111.62,111.6,111.62,111.617,7,6
1631543595,111.61,111.66,111.61,111.63,111.631,10,5
1631543600,111.6,111.6,111.58,111.58,111.592,5,5
1631543605,111.62,111.66,111.6,111.63,111.623,21,10
1631543610,111.64,111.64,111.6,111.6,111.617,5,5
1631543615,111.59,111.59,111.51,111.53,111.538,26,18
1631543620,111.54,111.54,111.53,111.54,111.535,1,1
1631543625,111.54,111.54,111.53,111.54,111.54,0,0
1631543630,111.54,111.54,111.53,111.54,111.54,0,0
1631543635,111.57,111.68,111.57,111.62,111.632,90,71
1631543640,111.62,111.65,111.54,111.54,111.603,25,19
1631543645,111.61,111.62,111.6,111.61,111.61,16,6
1631543650,111.61,111.67,111.61,111.61,111.638,63,45
1631543655,111.64,111.68,111.62,111.68,111.65,60,47
1631543660,111.68,111.68,111.68,111.68,111.68,1,1
1631543665,111.67,111.7,111.6,111.61,111.674,37,11
1631543670,111.54,111.59,111.53,111.59,111.553,6,5
1631543675,111.6,111.6,111.59,111.6,111.596,1,1
1631543680,111.6,111.6,111.57,111.57,111.597,9,2
1631543685,111.57,111.61,111.56,111.6,111.601,18,4
1631543690,111.56,111.58,111.52,111.58,111.552,10,9
1631543695,111.55,111.55,111.52,111.52,111.533,2,2
1631543700,111.51,111.51,111.42,111.45,111.47,16,15
1631543705,111.45,111.46,111.45,111.45,111.453,2,2
1631543710,111.49,111.61,111.49,111.61,111.542,10,10
1631543715,111.56,111.59,111.48,111.52,111.528,7,7
1631543720,111.58,111.58,111.53,111.53,111.547,3,2
1631543725,111.57,111.57,111.57,111.57,111.57,1,1
1631543730,111.54,111.55,111.54,111.55,111.543,2,2
1631543735,111.55,111.57,111.47,111.54,111.534,23,16
1631543740,111.59,111.59,111.49,111.55,111.543,4,4
1631543745,111.66,111.66,111.61,111.61,111.626,4,2
1631543750,111.61,111.64,111.55,111.64,111.586,13,4
1631543755,111.64,111.64,111.63,111.64,111.64,0,0
1631543760,111.65,111.65,111.58,111.63,111.609,5,4
1631543765,111.57,111.59,111.52,111.55,111.567,6,5
1631543770,111.57,111.63,111.57,111.63,111.581,106,7
1631543775,111.66,111.66,111.66,111.66,111.66,2,1
1631543780,111.65,111.66,111.65,111.65,111.652,44,6
1631543785,111.65,111.65,111.55,111.55,111.601,7,6
1631543790,111.57,111.67,111.53,111.66,111.595,12,7
1631543795,111.61,111.62,111.6,111.6,111.611,6,4
1631543800,111.6,111.6,111.6,111.6,111.6,0,0
1631543805,111.6,111.6,111.6,111.6,111.6,0,0
1631543810,111.56,111.57,111.55,111.57,111.558,12,2
1631543815,111.58,111.58,111.58,111.58,111.58,1,1
1631543820,111.56,111.6,111.56,111.6,111.591,9,9
1631543825,111.6,111.65,111.59,111.65,111.606,10,7
1631543830,111.63,111.72,111.63,111.72,111.695,40,18
1631543835,111.72,111.72,111.67,111.7,111.697,20,17
1631543840,111.67,111.67,111.59,111.59,111.621,11,10
1631543845,111.59,111.6,111.56,111.6,111.58,8,3
1631543850,111.63,111.66,111.63,111.66,111.643,10,7
1631543855,111.66,111.67,111.63,111.63,111.653,4,4
1631543860,111.66,111.7,111.64,111.7,111.659,8,5
1631543865,111.69,111.7,111.61,111.62,111.654,14,14
1631543870,111.66,111.67,111.64,111.66,111.659,21,7
1631543875,111.66,111.66,111.63,111.63,111.647,3,2
1631543880,111.66,111.67,111.59,111.65,111.626,64,25
1631543885,111.62,111.62,111.62,111.62,111.62,2,2
1631543890,111.62,111.62,111.61,111.62,111.615,3,2
1631543895,111.62,111.62,111.61,111.62,111.62,0,0
1631543900,111.62,111.62,111.61,111.62,111.62,0,0
1631543905,111.67,111.7,111.66,111.7,111.696,39,11
1631543910,111.7,111.77,111.69,111.76,111.709,26,10
1631543915,111.78,111.78,111.63,111.63,111.761,137,52
1631543920,111.67,111.67,111.65,111.65,111.66,2,2
1631543925,111.65,111.65,111.65,111.65,111.65,0,0
1631543930,111.66,111.66,111.66,111.66,111.66,11,4
1631543935,111.63,111.63,111.63,111.63,111.63,1,1
1631543940,111.68,111.68,111.63,111.63,111.667,20,8
1631543945,111.63,111.63,111.63,111.63,111.63,1,1
1631543950,111.67,111.67,111.67,111.67,111.67,2,1
1631543955,111.69,111.71,111.67,111.7,111.688,14,13
1631543960,111.68,111.68,111.6,111.64,111.631,16,15
1631543965,111.66,111.67,111.59,111.67,111.653,52,29
1631543970,111.67,111.68,111.65,111.65,111.659,23,15
1631543975,111.62,111.66,111.62,111.66,111.649,6,2
1631543980,111.62,111.62,111.59,111.61,111.603,31,14
1631543985,111.6,111.61,111.6,111.6,111.6,8,1
1631543990,111.6,111.68,111.6,111.68,111.647,8,5
1631543995,111.59,111.6,111.59,111.59,111.59,3,1
1631544000,111.64,111.64,111.55,111.57,111.591,16,12
1631544005,111.57,111.57,111.57,111.57,111.57,0,0
1631544010,111.62,111.63,111.62,111.63,111.622,6,3
1631544015,111.66,111.66,111.65,111.65,111.657,3,3
1631544020,111.63,111.67,111.63,111.67,111.65,5,3
1631544025,111.63,111.69,111.62,111.69,111.659,11,7
1631544030,111.65,111.65,111.63,111.65,111.647,10,6
1631544035,111.61,111.68,111.61,111.67,111.636,18,7
1631544040,111.69,111.71,111.65,111.68,111.687,89,37
1631544045,111.67,111.7,111.67,111.7,111.682,2,2
1631544050,111.67,111.77,111.67,111.77,111.722,40,23
1631544055,111.75,111.76,111.75,111.76,111.753,2,2
1631544060,111.71,111.71,111.67,111.69,111.694,10,7
1631544065,111.65,111.7,111.65,111.7,111.669,2,2
1631544070,111.7,111.7,111.7,111.7,111.7,0,0
1631544075,111.76,111.82,111.76,111.81,111.795,20,14
1631544080,111.79,111.89,111.77,111.8,111.823,9,9
1631544085,111.82,111.82,111.82,111.82,111.82,3,1
1631544090,111.88,111.88,111.82,111.83,111.87,11,4
1631544095,111.82,111.82,111.8,111.8,111.819,11,3
1631544100,111.82,111.82,111.8,111.8,111.81,3,3
1631544105,111.83,111.84,111.77,111.8,111.806,19,12
1631544110,111.76,111.87,111.76,111.87,111.823,25,7
1631544115,111.83,111.92,111.83,111.92,111.877,26,10
1631544120,111.92,111.92,111.87,111.89,111.894,10,6
1631544125,111.89,111.89,111.89,111.89,111.89,0,0
1631544130,111.89,111.94,111.88,111.89,111.902,8,7
1631544135,111.9,111.9,111.87,111.87,111.885,2,2
1631544140,111.82,111.86,111.82,111.85,111.84,7,5
1631544145,111.86,111.86,111.85,111.86,111.855,1,1
1631544150,111.86,111.89,111.85,111.89,111.876,5,4
1631544155,111.86,111.86,111.77,111.82,111.817,20,13
1631544160,111.82,111.82,111.81,111.82,111.82,0,0
1631544165,111.79,111.79,111.76,111.76,111.765,15,5
1631544170,111.76,111.76,111.76,111.76,111.76,0,0
1631544175,111.76,111.81,111.72,111.81,111.771,11,9
1631544180,111.81,111.82,111.78,111.82,111.79,9,6
1631544185,111.84,111.99,111.84,111.98,111.943,93,33
1631544190,112.0,112.29,112.0,112.24,112.163,111,41
1631544195,112.27,112.27,112.26,112.27,112.265,3,1
1631544200,112.24,112.29,112.21,112.29,112.233,31,27
1631544205,112.24,112.31,112.24,112.31,112.264,17,8
1631544210,112.28,112.37,112.28,112.36,112.332,6,5
1631544215,112.33,112.35,112.24,112.35,112.268,28,10
1631544220,112.31,112.31,112.25,112.25,112.253,21,2
1631544225,112.25,112.34,112.25,112.34,112.308,5,5
1631544230,112.36,112.43,112.35,112.39,112.403,26,14
1631544235,112.44,112.44,112.39,112.4,112.402,13,7
1631544240,112.4,112.43,112.37,112.37,112.389,9,4
1631544245,112.38,112.45,112.33,112.45,112.408,33,14
1631544250,112.44,112.46,112.43,112.44,112.447,8,4
1631544255,112.45,112.48,112.41,112.46,112.451,19,8
1631544260,112.46,112.46,112.33,112.4,112.419,21,18
1631544265,112.38,112.38,112.37,112.37,112.372,6,2
1631544270,112.34,112.34,112.33,112.34,112.336,3,1
1631544275,112.34,112.38,112.34,112.38,112.346,6,2
1631544280,112.38,112.41,112.35,112.41,112.379,20,10
1631544285,112.44,112.45,112.41,112.41,112.427,9,7
1631544290,112.4,112.4,112.38,112.38,112.388,7,6
1631544295,112.36,112.45,112.35,112.39,112.41,15,9
1631544300,112.42,112.44,112.28,112.4,112.348,25,24
1631544305,112.44,112.44,112.44,112.44,112.44,1,1
1631544310,112.4,112.66,112.35,112.62,112.505,133,53
1631544315,112.67,112.67,112.65,112.65,112.655,31,7
1631544320,112.67,112.8,112.67,112.69,112.729,74,20
1631544325,112.78,112.89,112.7,112.89,112.784,44,16
1631544330,112.89,112.92,112.89,112.92,112.901,7,7
1631544335,112.87,112.95,112.87,112.92,112.923,11,5
1631544340,112.99,113.07,112.94,112.94,112.989,45,23
1631544345,112.99,112.99,112.81,112.83,112.871,21,14
1631544350,112.88,112.88,112.79,112.79,112.851,10,6
1631544355,112.87,112.9,112.85,112.85,112.879,31,11
1631544360,112.84,112.87,112.75,112.76,112.791,19,11
1631544365,112.67,112.7,112.61,112.69,112.653,40,18
1631544370,112.69,112.69,112.69,112.69,112.69,0,0
1631544375,112.73,112.82,112.71,112.81,112.754,23,16
1631544380,112.78,112.78,112.71,112.71,112.759,4,3
1631544385,112.86,112.86,112.8,112.86,112.848,20,5
1631544390,112.83,112.85,112.77,112.85,112.842,12,3
1631544395,112.76,112.86,112.65,112.79,112.724,58,13
1631544400,112.71,112.8,112.65,112.8,112.714,35,5
1631544405,112.73,112.74,112.65,112.65,112.709,11,6
1631544410,112.69,112.69,112.58,112.65,112.643,18,6
1631544415,112.58,112.59,112.48,112.55,112.523,22,21
1631544420,112.52,112.64,112.52,112.64,112.588,12,12
1631544425,112.55,112.79,112.55,112.76,112.665,37,11
1631544430,112.71,112.8,112.71,112.8,112.785,6,2
1631544435,112.79,112.8,112.78,112.8,112.797,4,2
1631544440,112.84,112.84,112.74,112.75,112.825,6,4
1631544445,112.77,112.84,112.77,112.78,112.792,18,9
1631544450,112.82,112.86,112.8,112.8,112.825,13,6
1631544455,112.8,112.8,112.8,112.8,112.8,0,0
1631544460,112.76,112.86,112.69,112.69,112.796,56,27
1631544465,112.72,112.72,112.67,112.67,112.695,2,2
1631544470,112.67,112.67,112.67,112.67,112.67,0,0
1631544475,112.73,112.76,112.73,112.76,112.748,4,4
1631544480,112.76,112.84,112.76,112.8,112.8,17,7
1631544485,112.8,112.81,112.8,112.8,112.8,0,0
1631544490,112.78,112.84,112.77,112.84,112.806,11,6
1631544495,112.84,112.85,112.8,112.8,112.818,6,5
1631544500,112.79,112.79,112.67,112.67,112.706,5,5
1631544505,112.69,112.69,112.65,112.65,112.663,4,3
1631544510,112.63,112.63,112.62,112.63,112.625,1,1
1631544515,112.65,112.69,112.65,112.69,112.677,3,3
1631544520,112.67,112.74,112.67,112.74,112.7,3,3
1631544525,112.77,112.77,112.77,112.77,112.77,1,1
1631544530,112.73,112.73,112.72,112.73,112.725,2,1
1631544535,112.73,112.73,112.73,112.73,112.73,2,2
1631544540,112.75,112.75,112.69,112.69,112.712,12,5
1631544545,112.69,112.69,112.69,112.69,112.69,0,0
1631544550,112.69,112.69,112.69,112.69,112.69,0,0
1631544555,112.73,112.73,112.72,112.73,112.725,1,1
1631544560,112.73,112.73,112.72,112.73,112.73,0,0
1631544565,112.73,112.73,112.66,112.66,112.683,4,4
1631544570,112.71,112.74,112.7,112.74,112.711,6,2
1631544575,112.69,112.75,112.65,112.74,112.707,4,3
1631544580,112.76,112.79,112.76,112.79,112.775,8,8
1631544585,112.79,112.79,112.63,112.63,112.74,6,3
1631544590,112.66,112.7,112.66,112.7,112.667,5,5
1631544595,112.7,112.7,112.69,112.7,112.7,0,0
1631544600,112.7,112.7,112.69,112.7,112.7,0,0
1631544605,112.7,112.7,112.69,112.7,112.7,0,0
1631544610,112.7,112.7,112.69,112.7,112.7,0,0
1631544615,112.7,112.7,112.69,112.7,112.7,0,0
1631544620,112.66,112.66,112.66,112.66,112.66,2,1
1631544625,112.69,112.69,112.54,112.54,112.593,21,13
1631544630,112.57,112.61,112.57,112.58,112.599,8,3
1631544635,112.58,112.66,112.57,112.63,112.615,11,10
1631544640,112.63,112.63,112.62,112.63,112.63,0,0
1631544645,112.65,112.66,112.65,112.66,112.658,4,4
1631544650,112.61,112.61,112.53,112.53,112.566,10,8
1631544655,112.54,112.57,112.54,112.57,112.548,4,4
1631544660,112.55,112.55,112.45,112.45,112.486,10,10
1631544665,112.49,112.49,112.45,112.45,112.477,9,2
1631544670,112.49,112.49,112.48,112.49,112.49,3,1
1631544675,112.52,112.52,112.47,112.47,112.483,4,4
1631544680,112.52,112.63,112.52,112.63,112.577,18,11
1631544685,112.63,112.63,112.63,112.63,112.63,0,0
1631544690,112.64,112.68,112.6,112.68,112.649,7,6
1631544695,112.68,112.68,112.68,112.68,112.68,1,1
1631544700,112.75,112.82,112.75,112.81,112.811,20,9
1631544705,112.77,112.77,112.73,112.77,112.762,5,3
1631544710,112.78,112.8,112.77,112.8,112.788,2,2
1631544715,112.8,112.8,112.8,112.8,112.8,0,0
1631544720,112.77,112.81,112.71,112.79,112.789,11,6
1631544725,112.77,112.78,112.77,112.77,112.773,4,3
1631544730,112.77,112.81,112.77,112.81,112.772,24,5
1631544735,112.71,112.75,112.69,112.75,112.706,12,10
1631544740,112.63,112.63,112.63,112.63,112.63,1,1
1631544745,112.69,112.74,112.68,112.69,112.699,4,4
1631544750,112.74,112.74,112.73,112.74,112.74,2,2
1631544755,112.69,112.69,112.68,112.69,112.685,3,1
1631544760,112.69,112.69,112.68,112.69,112.69,0,0
1631544765,112.64,112.65,112.64,112.64,112.641,6,1
1631544770,112.71,112.72,112.6,112.65,112.653,37,19
1631544775,112.69,112.69,112.68,112.68,112.683,3,3
1631544780,112.68,112.68,112.67,112.67,112.673,3,2
1631544785,112.67,112.67,112.67,112.67,112.67,0,0
1631544790,112.69,112.7,112.64,112.66,112.677,21,3
1631544795,112.67,112.67,112.65,112.65,112.651,18,2
1631544800,112.62,112.63,112.59,112.6,112.606,7,3
1631544805,112.6,112.65,112.6,112.64,112.638,17,7
1631544810,112.7,112.7,112.69,112.7,112.7,19,1
1631544815,112.68,112.69,112.64,112.65,112.664,2,2
1631544820,112.59,112.59,112.48,112.53,112.522,19,16
1631544825,112.55,112.69,112.52,112.52,112.585,15,9
1631544830,112.61,112.61,112.61,112.61,112.61,1,1
1631544835,112.69,112.69,112.53,112.69,112.545,22,3
1631544840,112.7,112.7,112.7,112.7,112.7,1,1
1631544845,112.62,112.62,112.61,112.62,112.615,1,1
1631544850,112.67,112.67,112.67,112.67,112.67,1,1
1631544855,112.68,112.69,112.67,112.69,112.682,8,6
1631544860,112.59,112.67,112.58,112.63,112.643,6,5
1631544865,112.67,112.7,112.63,112.69,112.677,8,8
1631544870,112.63,112.74,112.62,112.67,112.661,41,14
1631544875,112.8,112.8,112.72,112.72,112.731,7,2
1631544880,112.72,112.72,112.7,112.72,112.706,13,8
1631544885,112.72,112.72,112.71,112.72,112.72,0,0
1631544890,112.7,112.7,112.7,112.7,112.7,3,1
1631544895,112.72,112.78,112.72,112.78,112.75,2,2
1631544900,112.67,112.72,112.67,112.72,112.71,9,2
1631544905,112.72,112.79,112.71,112.77,112.764,9,7
1631544910,112.79,112.85,112.79,112.83,112.822,7,6
1631544915,112.85,112.85,112.78,112.82,112.811,14,11
1631544920,112.78,112.82,112.78,112.82,112.807,3,3
1631544925,112.77,112.8,112.77,112.8,112.779,3,3
1631544930,112.83,112.83,112.8,112.83,112.822,6,4
1631544935,112.88,112.88,112.8,112.81,112.843,39,33
1631544940,112.81,112.83,112.81,112.83,112.815,31,9
1631544945,112.83,112.83,112.83,112.83,112.83,0,0
1631544950,112.85,112.86,112.81,112.82,112.833,2,2
1631544955,112.82,112.82,112.81,112.82,112.82,0,0
1631544960,112.85,112.85,112.77,112.77,112.811,22,11
1631544965,112.77,112.77,112.77,112.77,112.77,0,0
1631544970,112.81,112.84,112.8,112.84,112.81,8,6
1631544975,112.73,112.76,112.71,112.72,112.722,52,15
1631544980,112.73,112.74,112.73,112.73,112.735,2,1
1631544985,112.73,112.81,112.73,112.81,112.764,16,8
1631544990,112.84,112.85,112.8,112.81,112.825,4,4
1631544995,112.82,112.82,112.81,112.82,112.819,9,2
1631545000,112.82,112.82,112.81,112.82,112.815,1,1
1631545005,112.82,112.82,112.77,112.77,112.808,4,4
1631545010,112.77,112.77,112.74,112.74,112.753,9,7
1631545015,112.75,112.75,112.75,112.75,112.75,1,1
1631545020,112.75,112.75,112.75,112.75,112.75,0,0
1631545025,112.7,112.7,112.7,112.7,112.7,1,1
1631545030,112.75,112.75,112.75,112.75,112.75,1,1
1631545035,112.75,112.75,112.75,112.75,112.75,2,1
1631545040,112.74,112.75,112.71,112.71,112.719,11,3
1631545045,112.71,112.72,112.71,112.71,112.71,0,0
1631545050,112.72,112.8,112.72,112.72,112.751,5,5
1631545055,112.75,112.78,112.73,112.74,112.757,8,8
1631545060,112.75,112.75,112.75,112.75,112.75,1,1
1631545065,112.78,112.78,112.73,112.78,112.768,4,4
1631545070,112.8,112.8,112.76,112.8,112.791,13,11
1631545075,112.84,112.86,112.78,112.84,112.838,8,8
1631545080,112.9,113.03,112.9,113.02,112.984,78,34
1631545085,113.01,113.01,112.97,112.97,113.007,12,3
1631545090,112.98,113.05,112.92,112.92,112.96,14,13
1631545095,112.94,112.94,112.93,112.94,112.935,21,2
1631545100,112.9,112.9,112.87,112.87,112.879,8,7
1631545105,112.91,112.94,112.9,112.94,112.913,4,3
1631545110,112.94,112.94,112.93,112.94,112.94,0,0
1631545115,112.93,112.93,112.91,112.92,112.92,9,2
1631545120,112.92,112.92,112.91,112.92,112.92,0,0
1631545125,112.91,112.91,112.86,112.87,112.896,3,2
1631545130,112.91,113.05,112.91,112.99,112.989,35,18
1631545135,113.02,113.02,112.87,112.87,112.952,7,3
1631545140,112.96,112.96,112.96,112.96,112.96,1,1
1631545145,112.94,113.0,112.93,113.0,112.987,48,9
1631545150,112.96,112.99,112.91,112.99,112.946,5,5
1631545155,113.02,113.02,112.9,112.9,112.978,8,5
1631545160,112.9,113.02,112.9,113.01,112.969,5,5
1631545165,113.01,113.01,113.01,113.01,113.01,0,0
1631545170,112.91,112.94,112.89,112.9,112.902,17,9
1631545175,112.95,113.0,112.94,113.0,112.984,7,6
1631545180,113.03,113.14,113.03,113.14,113.105,17,13
1631545185,113.14,113.18,113.11,113.15,113.14,34,19
1631545190,113.19,113.25,113.15,113.25,113.195,20,9
1631545195,113.25,113.45,113.24,113.39,113.314,87,25
1631545200,113.4,113.5,113.35,113.37,113.453,63,32
1631545205,113.39,113.47,113.37,113.47,113.394,19,9
1631545210,113.4,113.42,113.36,113.36,113.394,11,7
1631545215,113.39,113.47,113.31,113.47,113.337,52,10
1631545220,113.45,113.47,113.39,113.4,113.434,7,7
1631545225,113.37,113.37,113.31,113.31,113.35,6,6
1631545230,113.36,113.36,113.31,113.36,113.322,8,3
1631545235,113.34,113.39,113.34,113.39,113.364,3,3
1631545240,113.34,113.34,113.34,113.34,113.34,1,1
1631545245,113.35,113.39,113.28,113.32,113.328,34,12
1631545250,113.29,113.35,113.28,113.32,113.334,16,6
1631545255,113.29,113.39,113.29,113.38,113.363,18,13
1631545260,113.38,113.38,113.29,113.32,113.331,43,24
1631545265,113.29,113.37,113.29,113.37,113.346,17,9
1631545270,113.36,113.37,113.35,113.37,113.366,7,4
1631545275,113.39,113.39,113.29,113.31,113.351,20,12
1631545280,113.33,113.35,113.29,113.31,113.321,12,7
1631545285,113.33,113.33,113.23,113.23,113.287,31,13
1631545290,113.26,113.36,113.21,113.34,113.319,535,39
1631545295,113.33,113.33,113.28,113.28,113.328,109,9
1631545300,113.28,113.32,113.25,113.32,113.288,30,11
1631545305,113.32,113.36,113.3,113.36,113.32,8,7
1631545310,113.36,113.36,113.36,113.36,113.36,0,0
1631545315,113.32,113.33,113.31,113.32,113.32,8,5
1631545320,113.32,113.32,113.27,113.27,113.302,12,10
1631545325,113.3,113.4,113.3,113.39,113.372,44,17
1631545330,113.36,113.43,113.36,113.37,113.403,33,5
1631545335,113.42,113.42,113.36,113.38,113.391,7,4
1631545340,113.35,113.43,113.34,113.39,113.383,7,5
1631545345,113.39,113.39,113.39,113.39,113.39,1,1
1631545350,113.43,113.43,113.38,113.38,113.425,9,2
1631545355,113.4,113.44,113.4,113.44,113.42,2,2
1631545360,113.42,113.42,113.39,113.42,113.41,3,3
1631545365,113.39,113.39,113.3,113.31,113.311,32,10
1631545370,113.35,113.35,113.35,113.35,113.35,6,3
1631545375,113.38,113.38,113.32,113.32,113.346,11,7
1631545380,113.32,113.4,113.3,113.4,113.334,15,14
1631545385,113.38,113.38,113.34,113.37,113.365,4,3
1631545390,113.37,113.37,113.37,113.37,113.37,0,0
1631545395,113.32,113.37,113.3,113.3,113.304,20,3
1631545400,113.35,113.36,113.3,113.35,113.34,7,6
1631545405,113.31,113.32,113.29,113.29,113.302,21,21
1631545410,113.28,113.29,113.26,113.29,113.281,23,11
1631545415,113.29,113.29,113.26,113.27,113.271,8,3
1631545420,113.27,113.27,113.26,113.27,113.27,0,0
1631545425,113.32,113.36,113.31,113.31,113.33,3,3
1631545430,113.3,113.33,113.3,113.33,113.326,7,4
1631545435,113.32,113.33,113.32,113.33,113.325,2,2
1631545440,113.32,113.32,113.27,113.27,113.311,14,4
1631545445,113.27,113.33,113.27,113.27,113.321,35,7
1631545450,113.3,113.31,113.17,113.24,113.261,369,104
1631545455,113.18,113.22,113.11,113.2,113.154,91,55
1631545460,113.13,113.15,113.1,113.11,113.118,19,11
1631545465,113.11,113.14,113.09,113.11,113.11,9,8
1631545470,113.09,113.1,113.09,113.09,113.093,3,3
1631545475,113.09,113.14,113.05,113.05,113.085,24,14
1631545480,113.04,113.06,112.91,113.04,112.961,97,22
1631545485,112.97,112.98,112.94,112.94,112.96,4,3
1631545490,113.0,113.02,112.98,112.98,112.997,11,10
1631545495,112.98,112.98,112.98,112.98,112.98,0,0
1631545500,112.96,113.02,112.93,112.94,112.981,21,11
1631545505,112.94,113.03,112.91,113.03,113.013,19,10
1631545510,113.03,113.07,113.01,113.01,113.036,7,7
1631545515,113.03,113.03,113.03,113.03,113.03,1,1
1631545520,113.03,113.03,113.03,113.03,113.03,0,0
1631545525,113.0,113.04,112.92,113.04,113.016,9,4
1631545530,113.04,113.04,113.04,113.04,113.04,0,0
1631545535,113.0,113.0,112.99,113.0,112.995,1,1
1631545540,112.94,112.95,112.91,112.91,112.931,10,2
1631545545,112.96,112.96,112.91,112.94,112.94,20,12
1631545550,112.91,112.96,112.91,112.96,112.945,3,2
1631545555,112.93,112.94,112.84,112.85,112.885,93,24
1631545560,112.84,112.91,112.82,112.91,112.88,13,13
1631545565,112.89,112.97,112.89,112.94,112.938,4,4
1631545570,112.94,112.94,112.94,112.94,112.94,0,0
1631545575,112.96,112.97,112.96,112.96,112.963,1,1
1631545580,113.05,113.14,112.99,113.14,113.071,11,8
1631545585,113.14,113.2,113.13,113.13,113.147,6,6
1631545590,113.13,113.13,113.13,113.13,113.13,0,0
1631545595,113.19,113.2,113.19,113.19,113.19,9,2
1631545600,113.19,113.19,113.13,113.13,113.16,2,2
1631545605,113.24,113.25,113.21,113.21,113.241,12,8
1631545610,113.28,113.29,113.21,113.29,113.265,4,3
1631545615,113.29,113.29,113.28,113.29,113.29,0,0
1631545620,113.22,113.22,113.22,113.22,113.22,1,1
1631545625,113.26,113.26,113.14,113.14,113.239,5,3
1631545630,113.17,113.28,113.16,113.26,113.258,7,7
1631545635,113.16,113.29,113.16,113.29,113.241,4,4
1631545640,113.29,113.29,113.29,113.29,113.29,0,0
1631545645,113.29,113.29,113.29,113.29,113.29,0,0
1631545650,113.29,113.29,113.29,113.29,113.29,0,0
1631545655,113.25,113.26,113.25,113.25,113.251,2,1
1631545660,113.25,113.26,113.25,113.25,113.25,0,0
1631545665,113.32,113.32,113.21,113.23,113.255,49,23
1631545670,113.23,113.24,113.05,113.07,113.176,39,26
1631545675,113.06,113.07,113.06,113.06,113.06,2,1
1631545680,113.06,113.07,113.06,113.06,113.06,0,0
1631545685,113.11,113.11,113.1,113.11,113.107,8,1
1631545690,113.11,113.11,113.1,113.11,113.11,0,0
1631545695,113.12,113.12,113.11,113.12,113.115,1,1
1631545700,113.17,113.17,113.09,113.09,113.126,5,4
1631545705,113.08,113.1,113.06,113.07,113.079,8,6
1631545710,113.07,113.11,112.99,113.11,113.076,15,14
1631545715,113.1,113.11,113.1,113.11,113.107,3,3
1631545720,113.19,113.23,113.19,113.23,113.205,6,5
1631545725,113.17,113.17,113.17,113.17,113.17,4,2
1631545730,113.17,113.17,113.06,113.12,113.13,5,5
1631545735,113.16,113.16,113.12,113.12,113.14,4,3
1631545740,113.12,113.12,113.07,113.11,113.095,4,4
1631545745,113.11,113.14,113.04,113.09,113.125,30,8
1631545750,113.12,113.12,113.12,113.12,113.12,2,1
1631545755,113.05,113.1,112.98,113.06,113.049,12,9
1631545760,112.97,112.97,112.95,112.95,112.96,2,2
1631545765,112.98,112.98,112.89,112.89,112.933,2,2
1631545770,112.93,112.93,112.87,112.88,112.901,4,4
1631545775,112.88,112.88,112.87,112.88,112.88,0,0
1631545780,112.87,112.96,112.87,112.89,112.927,6,5
1631545785,112.95,112.95,112.94,112.95,112.946,2,1
1631545790,112.92,112.92,112.88,112.89,112.901,2,2
1631545795,112.88,112.89,112.71,112.71,112.807,84,29
1631545800,112.75,112.76,112.75,112.76,112.757,4,3
1631545805,112.72,112.76,112.63,112.66,112.686,27,16
1631545810,112.66,112.67,112.59,112.59,112.627,60,16
1631545815,112.61,112.7,112.52,112.67,112.619,28,21
1631545820,112.7,112.76,112.67,112.76,112.715,21,7
1631545825,112.74,112.78,112.74,112.77,112.764,9,5
1631545830,112.77,112.78,112.77,112.77,112.77,0,0
1631545835,112.87,112.88,112.83,112.84,112.846,13,3
1631545840,112.78,112.83,112.74,112.83,112.784,44,12
1631545845,112.81,112.81,112.81,112.81,112.81,1,1
1631545850,112.92,112.93,112.92,112.93,112.925,4,4
1631545855,112.93,112.97,112.93,112.96,112.955,4,2
1631545860,112.96,112.96,112.95,112.96,112.957,2,1
1631545865,112.95,113.02,112.95,112.97,112.977,21,10
1631545870,112.92,112.97,112.92,112.95,112.953,5,3
1631545875,113.01,113.01,112.98,112.98,112.998,5,4
1631545880,113.0,113.01,112.97,112.98,112.999,21,4
1631545885,113.01,113.02,112.98,113.01,113.011,50,12
1631545890,112.96,113.01,112.96,113.01,112.973,6,5
1631545895,112.98,112.98,112.98,112.98,112.98,1,1
1631545900,112.96,112.96,112.93,112.94,112.945,10,6
1631545905,112.91,113.0,112.86,112.86,112.924,22,12
1631545910,112.87,112.96,112.87,112.87,112.895,22,7
1631545915,112.93,112.93,112.92,112.93,112.925,3,1
1631545920,112.93,112.93,112.92,112.93,112.93,0,0
1631545925,112.94,112.94,112.94,112.94,112.94,1,1
1631545930,112.86,112.93,112.85,112.87,112.905,11,10
1631545935,112.83,112.83,112.72,112.73,112.795,26,11
1631545940,112.73,112.73,112.72,112.73,112.73,0,0
1631545945,112.73,112.73,112.72,112.73,112.73,0,0
1631545950,112.75,112.75,112.74,112.75,112.745,1,1
1631545955,112.75,112.75,112.74,112.75,112.75,0,0
1631545960,112.75,112.75,112.74,112.75,112.75,0,0
1631545965,112.75,112.75,112.74,112.75,112.75,0,0
1631545970,112.68,112.72,112.66,112.67,112.683,10,8
1631545975,112.72,112.72,112.72,112.72,112.72,1,1
1631545980,112.66,112.67,112.64,112.67,112.662,9,7
1631545985,112.67,112.67,112.67,112.67,112.67,1,1
1631545990,112.57,112.63,112.57,112.63,112.585,11,2
1631545995,112.59,112.59,112.58,112.59,112.588,1,1
1631546000,112.68,112.7,112.68,112.7,112.685,4,4
1631546005,112.67,112.67,112.62,112.62,112.647,2,2
1631546010,112.68,112.68,112.57,112.63,112.634,7,4
1631546015,112.66,112.67,112.62,112.65,112.652,15,5
1631546020,112.65,112.66,112.65,112.65,112.65,0,0
1631546025,112.61,112.62,112.61,112.61,112.611,10,1
1631546030,112.61,112.67,112.58,112.66,112.63,9,7
1631546035,112.66,112.71,112.66,112.71,112.687,7,7
1631546040,112.67,112.67,112.65,112.65,112.657,3,2
1631546045,112.62,112.62,112.53,112.58,112.574,14,9
1631546050,112.55,112.59,112.54,112.59,112.585,64,3
1631546055,112.55,112.6,112.54,112.59,112.577,14,9
1631546060,112.59,112.66,112.57,112.65,112.628,11,10
1631546065,112.61,112.63,112.6,112.61,112.61,16,10
1631546070,112.53,112.58,112.53,112.55,112.537,23,4
1631546075,112.55,112.58,112.49,112.53,112.535,51,24
1631546080,112.49,112.54,112.49,112.54,112.498,12,3
1631546085,112.46,112.53,112.45,112.53,112.503,3,2
1631546090,112.44,112.45,112.42,112.42,112.439,32,3
1631546095,112.42,112.45,112.37,112.37,112.417,17,7
1631546100,112.37,112.42,112.3,112.3,112.357,35,19
1631546105,112.26,112.26,112.26,112.26,112.26,1,1
1631546110,112.32,112.32,112.13,112.13,112.187,147,13
1631546115,112.13,112.2,112.13,112.2,112.189,6,6
1631546120,112.27,112.27,112.26,112.27,112.27,4,1
1631546125,112.15,112.18,112.04,112.04,112.097,17,6
1631546130,112.15,112.15,112.09,112.15,112.123,18,5
1631546135,112.21,112.21,112.15,112.16,112.208,31,3
1631546140,112.15,112.15,112.07,112.07,112.127,12,10
1631546145,112.11,112.15,112.1,112.11,112.124,19,11
1631546150,112.15,112.17,112.12,112.12,112.143,11,9
1631546155,112.16,112.17,112.16,112.16,112.163,7,2
1631546160,112.08,112.08,112.02,112.02,112.044,20,9
1631546165,111.97,112.02,111.97,112.02,112.013,9,2
1631546170,111.96,111.97,111.93,111.97,111.957,13,5
1631546175,111.97,111.97,111.96,111.97,111.97,0,0
1631546180,112.02,112.13,112.02,112.08,112.069,14,13
1631546185,112.12,112.12,112.12,112.12,112.12,1,1
1631546190,112.17,112.21,112.13,112.21,112.173,11,8
1631546195,112.29,112.29,112.21,112.22,112.232,16,5
1631546200,112.22,112.22,112.21,112.22,112.22,0,0
1631546205,112.22,112.22,112.21,112.22,112.22,0,0
1631546210,112.22,112.22,112.21,112.22,112.215,8,1
1631546215,112.14,112.21,112.14,112.2,112.157,19,4
1631546220,112.2,112.2,112.19,112.2,112.2,0,0
1631546225,112.15,112.24,112.15,112.24,112.163,36,2
1631546230,112.14,112.4,112.14,112.39,112.274,84,39
1631546235,112.38,112.4,112.37,112.39,112.394,60,6
1631546240,112.38,112.38,112.34,112.34,112.36,2,2
1631546245,112.39,112.39,112.39,112.39,112.39,2,2
1631546250,112.4,112.51,112.36,112.49,112.464,11,7
1631546255,112.49,112.55,112.48,112.55,112.495,21,6
1631546260,112.44,112.45,112.44,112.44,112.44,1,1
1631546265,112.52,112.52,112.52,112.52,112.52,6,2
1631546270,112.46,112.47,112.46,112.46,112.46,8,1
1631546275,112.6,112.6,112.53,112.53,112.55,14,3
1631546280,112.52,112.52,112.52,112.52,112.52,5,1
1631546285,112.52,112.57,112.52,112.56,112.542,10,4
1631546290,112.52,112.69,112.52,112.54,112.586,5,5
1631546295,112.7,112.79,112.67,112.67,112.73,8,8
1631546300,112.83,112.83,112.81,112.82,112.827,4,2
1631546305,112.76,112.76,112.68,112.7,112.713,13,11
1631546310,112.72,112.78,112.69,112.69,112.772,41,7
1631546315,112.79,112.8,112.7,112.7,112.764,7,6
1631546320,112.7,112.71,112.7,112.7,112.7,2,1
1631546325,112.74,112.74,112.68,112.68,112.694,13,11
1631546330,112.69,112.69,112.6,112.61,112.64,12,11
1631546335,112.61,112.61,112.6,112.61,112.61,0,0
1631546340,112.63,112.69,112.62,112.65,112.647,16,5
1631546345,112.65,112.69,112.57,112.67,112.581,59,10
1631546350,112.64,112.64,112.63,112.64,112.635,1,1
1631546355,112.64,112.64,112.63,112.64,112.64,0,0
1631546360,112.63,112.64,112.57,112.58,112.633,30,9
1631546365,112.59,112.59,112.59,112.59,112.59,1,1
1631546370,112.59,112.59,112.59,112.59,112.59,0,0
1631546375,112.6,112.6,112.6,112.6,112.6,3,2
1631546380,112.6,112.6,112.6,112.6,112.6,0,0
1631546385,112.55,112.55,112.52,112.52,112.539,2,2
1631546390,112.57,112.57,112.57,112.57,112.57,1,1
1631546395,112.57,112.57,112.57,112.57,112.57,2,1
1631546400,112.51,112.52,112.49,112.51,112.506,5,5
1631546405,112.47,112.47,112.47,112.47,112.47,2,1
1631546410,112.46,112.53,112.46,112.53,112.519,7,7
1631546415,112.54,112.54,112.54,112.54,112.54,1,1
1631546420,112.54,112.54,112.54,112.54,112.54,0,0
1631546425,112.54,112.54,112.54,112.54,112.54,0,0
1631546430,112.57,112.6,112.56,112.59,112.591,6,6
1631546435,112.54,112.59,112.54,112.59,112.573,3,3
1631546440,112.55,112.55,112.54,112.55,112.549,1,1
1631546445,112.59,112.59,112.59,112.59,112.59,1,1
1631546450,112.59,112.59,112.59,112.59,112.59,1,1
1631546455,112.65,112.65,112.53,112.53,112.552,9,5
1631546460,112.53,112.67,112.53,112.67,112.631,14,13
1631546465,112.59,112.6,112.59,112.59,112.595,2,2
1631546470,112.59,112.67,112.59,112.67,112.655,6,2
1631546475,112.59,112.59,112.58,112.59,112.585,1,1
1631546480,112.51,112.52,112.51,112.51,112.51,10,1
1631546485,112.58,112.58,112.57,112.58,112.575,1,1
1631546490,112.58,112.58,112.57,112.58,112.58,0,0
1631546495,112.52,112.52,112.52,112.52,112.52,4,1
1631546500,112.52,112.52,112.51,112.52,112.515,10,1
1631546505,112.52,112.52,112.51,112.52,112.52,0,0
1631546510,112.62,112.63,112.55,112.56,112.608,9,9
1631546515,112.58,112.58,112.57,112.58,112.575,1,1
1631546520,112.58,112.58,112.57,112.58,112.58,0,0
1631546525,112.58,112.58,112.57,112.58,112.58,0,0
1631546530,112.53,112.54,112.53,112.53,112.53,1,1
1631546535,112.61,112.65,112.57,112.65,112.606,25,21
1631546540,112.6,112.65,112.6,112.65,112.643,7,5
1631546545,112.67,112.7,112.63,112.63,112.668,13,8
1631546550,112.67,112.67,112.61,112.62,112.653,14,7
1631546555,112.65,112.65,112.65,112.65,112.65,6,5
1631546560,112.68,112.7,112.64,112.7,112.672,11,8
1631546565,112.73,112.77,112.67,112.73,112.729,38,8
1631546570,112.69,112.73,112.69,112.73,112.711,2,2
1631546575,112.73,112.76,112.73,112.73,112.738,4,4
1631546580,112.72,112.72,112.71,112.72,112.719,8,1
1631546585,112.73,112.78,112.73,112.73,112.741,4,4
1631546590,112.73,112.73,112.73,112.73,112.73,0,0
1631546595,112.73,112.74,112.72,112.73,112.731,3,2
1631546600,112.74,112.74,112.74,112.74,112.74,4,3
1631546605,112.74,112.74,112.74,112.74,112.74,0,0
1631546610,112.74,112.74,112.74,112.74,112.74,0,0
1631546615,112.74,112.74,112.74,112.74,112.74,0,0
1631546620,112.75,112.75,112.75,112.75,112.75,2,2
1631546625,112.78,112.78,112.74,112.75,112.754,11,8
1631546630,112.75,112.78,112.71,112.74,112.749,69,20
1631546635,112.77,112.77,112.76,112.76,112.767,3,3
1631546640,112.75,112.75,112.71,112.71,112.728,3,3
1631546645,112.72,112.72,112.72,112.72,112.72,1,1
1631546650,112.72,112.72,112.72,112.72,112.72,0,0
1631546655,112.77,112.84,112.77,112.8,112.798,19,16
1631546660,112.84,112.94,112.83,112.91,112.905,58,18
1631546665,112.94,112.99,112.94,112.97,112.974,12,6
1631546670,112.97,112.97,112.96,112.97,112.97,0,0
1631546675,112.98,113.04,112.98,113.04,113.008,24,11
1631546680,113.04,113.04,113.03,113.04,113.04,0,0
1631546685,113.04,113.04,113.03,113.04,113.04,0,0
1631546690,113.05,113.05,113.05,113.05,113.05,1,1
1631546695,113.04,113.06,113.04,113.06,113.05,12,4
1631546700,113.04,113.04,113.03,113.04,113.038,4,4
1631546705,113.09,113.1,113.07,113.07,113.09,4,3
1631546710,113.09,113.09,113.05,113.07,113.079,16,9
1631546715,113.09,113.09,113.07,113.08,113.08,3,2
1631546720,113.05,113.08,112.97,113.06,112.991,34,10
1631546725,113.02,113.03,113.02,113.02,113.021,10,5
1631546730,113.02,113.02,113.02,113.02,113.02,1,1
1631546735,112.98,112.99,112.98,112.98,112.981,1,1
1631546740,112.98,112.99,112.98,112.98,112.98,0,0
1631546745,112.99,113.0,112.97,112.98,112.987,16,15
1631546750,112.98,113.06,112.98,113.06,113.023,54,23
1631546755,113.11,113.16,113.1,113.11,113.132,20,8
1631546760,113.13,113.13,113.12,113.13,113.125,1,1
1631546765,113.15,113.15,113.1,113.11,113.12,8,8
1631546770,113.12,113.12,113.09,113.09,113.106,3,3
1631546775,113.15,113.16,113.11,113.11,113.141,12,10
1631546780,113.14,113.14,113.07,113.09,113.094,7,7
1631546785,113.09,113.14,113.07,113.14,113.089,17,15
1631546790,113.08,113.12,113.07,113.12,113.1,3,3
1631546795,113.08,113.09,113.07,113.09,113.082,4,4
1631546800,113.08,113.08,112.99,113.02,113.04,67,31
1631546805,113.05,113.05,113.05,113.05,113.05,6,6
1631546810,113.02,113.03,113.02,113.02,113.02,1,1
1631546815,113.02,113.03,113.02,113.02,113.02,0,0
1631546820,113.02,113.03,113.02,113.02,113.02,0,0
1631546825,113.08,113.09,113.08,113.09,113.086,5,5
1631546830,113.09,113.09,113.09,113.09,113.09,0,0
1631546835,113.09,113.09,113.09,113.09,113.09,0,0
1631546840,113.12,113.13,113.11,113.11,113.114,3,2
1631546845,113.11,113.11,113.11,113.11,113.11,0,0
1631546850,113.11,113.19,113.11,113.19,113.154,22,10
1631546855,113.2,113.22,113.2,113.22,113.219,25,8
1631546860,113.18,113.24,113.16,113.22,113.208,42,27
1631546865,113.17,113.17,113.17,113.17,113.17,1,1
1631546870,113.2,113.2,113.17,113.18,113.178,8,8
1631546875,113.18,113.18,113.17,113.18,113.175,1,1
1631546880,113.2,113.21,113.2,113.21,113.203,4,4
1631546885,113.2,113.21,113.2,113.21,113.208,4,3
1631546890,113.21,113.21,113.21,113.21,113.21,0,0
1631546895,113.21,113.21,113.21,113.21,113.21,0,0
1631546900,113.21,113.24,113.21,113.23,113.232,19,7
1631546905,113.25,113.37,113.18,113.32,113.305,61,42
1631546910,113.32,113.32,113.31,113.31,113.314,7,3
1631546915,113.33,113.33,113.33,113.33,113.33,1,1
1631546920,113.33,113.33,113.33,113.33,113.33,1,1
1631546925,113.33,113.33,113.32,113.33,113.325,1,1
1631546930,113.33,113.33,113.32,113.33,113.325,1,1
1631546935,113.33,113.33,113.33,113.33,113.33,3,3
1631546940,113.33,113.33,113.32,113.32,113.323,3,3
1631546945,113.32,113.32,113.32,113.32,113.32,0,0
1631546950,113.31,113.34,113.3,113.32,113.311,31,17
1631546955,113.34,113.35,113.34,113.35,113.343,3,3
1631546960,113.29,113.33,113.28,113.33,113.303,31,13
1631546965,113.3,113.36,113.3,113.36,113.347,13,13
1631546970,113.36,113.36,113.35,113.36,113.36,0,0
1631546975,113.33,113.36,113.31,113.31,113.334,8,8
1631546980,113.33,113.34,113.25,113.25,113.301,22,18
1631546985,113.28,113.29,113.24,113.29,113.279,21,4
1631546990,113.28,113.29,113.24,113.24,113.26,43,11
1631546995,113.29,113.29,113.29,113.29,113.29,1,1
1631547000,113.28,113.33,113.28,113.33,113.297,34,15
1631547005,113.33,113.42,113.33,113.36,113.402,59,12
1631547010,113.4,113.5,113.4,113.49,113.46,56,33
1631547015,113.42,113.47,113.42,113.46,113.44,35,8
1631547020,113.43,113.46,113.43,113.46,113.457,55,2
1631547025,113.46,113.46,113.46,113.46,113.46,2,2
1631547030,113.43,113.49,113.43,113.49,113.455,17,15
1631547035,113.47,113.47,113.47,113.47,113.47,7,2
1631547040,113.46,113.47,113.46,113.47,113.468,6,3
1631547045,113.47,113.47,113.47,113.47,113.47,0,0
1631547050,113.47,113.47,113.43,113.44,113.451,42,18
1631547055,113.45,113.55,113.45,113.51,113.51,119,37
1631547060,113.51,113.55,113.45,113.46,113.493,36,27
1631547065,113.46,113.47,113.41,113.43,113.433,31,23
1631547070,113.43,113.48,113.42,113.48,113.445,11,8
1631547075,113.45,113.48,113.45,113.45,113.455,6,4
1631547080,113.44,113.48,113.43,113.48,113.445,38,28
1631547085,113.49,113.49,113.49,113.49,113.49,5,2
1631547090,113.46,113.49,113.46,113.49,113.482,17,2
1631547095,113.49,113.49,113.49,113.49,113.49,0,0
1631547100,113.49,113.49,113.49,113.49,113.49,0,0
1631547105,113.48,113.52,113.47,113.5,113.497,40,21
1631547110,113.51,113.51,113.5,113.5,113.503,3,2
1631547115,113.51,113.51,113.51,113.51,113.51,2,2
1631547120,113.5,113.5,113.49,113.5,113.495,7,3
1631547125,113.55,113.64,113.54,113.56,113.59,22,18
1631547130,113.58,113.58,113.55,113.56,113.576,5,3
1631547135,113.52,113.57,113.52,113.57,113.562,6,2
1631547140,113.57,113.57,113.57,113.57,113.57,0,0
1631547145,113.58,113.59,113.54,113.59,113.565,13,11
1631547150,113.61,113.61,113.61,113.61,113.61,1,1
1631547155,113.59,113.6,113.55,113.59,113.567,27,19
1631547160,113.56,113.56,113.55,113.56,113.557,5,5
1631547165,113.59,113.59,113.55,113.55,113.559,18,4
1631547170,113.59,113.59,113.52,113.56,113.549,30,11
1631547175,113.57,113.59,113.52,113.56,113.538,46,14
1631547180,113.54,113.6,113.52,113.59,113.562,38,37
1631547185,113.55,113.6,113.55,113.59,113.573,3,3
1631547190,113.63,113.64,113.6,113.61,113.634,22,12
1631547195,113.61,113.61,113.6,113.61,113.61,0,0
1631547200,113.61,113.65,113.59,113.65,113.611,20,13
1631547205,113.64,113.65,113.63,113.63,113.642,5,3
1631547210,113.62,113.62,113.61,113.61,113.612,12,11
1631547215,113.61,113.61,113.61,113.61,113.61,23,7
1631547220,113.61,113.65,113.55,113.55,113.592,26,26
1631547225,113.55,113.55,113.55,113.55,113.55,0,0
1631547230,113.6,113.6,113.57,113.6,113.59,18,11
1631547235,113.62,113.64,113.62,113.64,113.63,2,2
1631547240,113.64,113.64,113.64,113.64,113.64,0,0
1631547245,113.61,113.72,113.6,113.72,113.675,73,31
1631547250,113.73,113.74,113.67,113.71,113.707,5,5
1631547255,113.71,113.71,113.71,113.71,113.71,8,1
1631547260,113.67,113.71,113.67,113.71,113.7,7,4
1631547265,113.71,113.74,113.7,113.71,113.706,520,26
1631547270,113.71,113.71,113.7,113.71,113.71,0,0
1631547275,113.69,113.7,113.65,113.67,113.691,117,16
1631547280,113.65,113.68,113.65,113.68,113.65,101,2
1631547285,113.66,113.7,113.66,113.68,113.681,27,20
1631547290,113.72,113.72,113.72,113.72,113.72,1,1
1631547295,113.72,113.72,113.72,113.72,113.72,0,0
1631547300,113.64,113.72,113.64,113.71,113.694,31,13
1631547305,113.71,113.85,113.7,113.84,113.773,57,22
1631547310,113.79,113.82,113.79,113.81,113.792,22,4
1631547315,113.85,113.85,113.79,113.79,113.834,5,5
1631547320,113.85,113.85,113.81,113.85,113.824,26,5
1631547325,113.82,113.83,113.78,113.81,113.81,42,19
1631547330,113.83,113.83,113.79,113.8,113.806,34,14
1631547335,113.81,113.84,113.8,113.83,113.838,24,5
1631547340,113.8,113.83,113.8,113.83,113.815,4,4
1631547345,113.83,113.83,113.83,113.83,113.83,0,0
1631547350,113.8,113.82,113.76,113.76,113.795,361,4
1631547355,113.79,113.8,113.68,113.73,113.737,44,33
1631547360,113.73,113.73,113.7,113.72,113.717,20,20
1631547365,113.75,113.76,113.73,113.73,113.753,10,9
1631547370,113.75,113.75,113.75,113.75,113.75,1,1
1631547375,113.73,113.75,113.73,113.73,113.738,36,3
1631547380,113.71,113.73,113.7,113.72,113.72,10,9
1631547385,113.72,113.73,113.71,113.71,113.727,19,14
1631547390,113.74,113.74,113.64,113.64,113.669,12,10
1631547395,113.63,113.64,113.63,113.63,113.63,5,1
1631547400,113.66,113.66,113.65,113.66,113.655,3,1
1631547405,113.64,113.65,113.61,113.61,113.626,12,10
1631547410,113.63,113.63,113.57,113.62,113.613,34,28
1631547415,113.58,113.64,113.57,113.63,113.602,77,23
1631547420,113.64,113.66,113.63,113.64,113.649,24,12
1631547425,113.65,113.66,113.65,113.65,113.654,23,11
1631547430,113.67,113.68,113.62,113.68,113.658,39,12
1631547435,113.68,113.68,113.68,113.68,113.68,0,0
1631547440,113.68,113.69,113.65,113.65,113.667,12,4
1631547445,113.68,113.68,113.68,113.68,113.68,1,1
1631547450,113.72,113.72,113.65,113.68,113.677,6,5
1631547455,113.64,113.68,113.64,113.67,113.648,13,4
1631547460,113.67,113.7,113.67,113.7,113.692,10,2
1631547465,113.67,113.69,113.67,113.69,113.675,8,5
1631547470,113.66,113.68,113.65,113.68,113.662,10,10
1631547475,113.66,113.66,113.62,113.63,113.644,10,8
1631547480,113.68,113.7,113.65,113.7,113.68,12,12
1631547485,113.7,113.76,113.7,113.72,113.734,75,28
1631547490,113.72,113.72,113.71,113.72,113.72,0,0
1631547495,113.72,113.72,113.71,113.72,113.72,0,0
1631547500,113.72,113.72,113.72,113.72,113.72,1,1
1631547505,113.72,113.72,113.72,113.72,113.72,0,0
1631547510,113.79,113.79,113.78,113.79,113.79,1,1
1631547515,113.71,113.71,113.7,113.71,113.708,3,1
1631547520,113.75,113.75,113.75,113.75,113.75,1,1
1631547525,113.7,113.76,113.7,113.74,113.747,10,9
1631547530,113.75,113.79,113.75,113.79,113.768,3,3
1631547535,113.74,113.84,113.74,113.84,113.787,11,7
1631547540,113.78,113.78,113.78,113.78,113.78,1,1
1631547545,113.81,113.85,113.81,113.84,113.823,3,3
1631547550,113.85,113.88,113.79,113.84,113.851,20,9
1631547555,113.87,113.88,113.79,113.79,113.799,9,3
1631547560,113.83,113.84,113.83,113.84,113.83,22,5
1631547565,113.84,113.84,113.82,113.83,113.837,12,3
1631547570,113.8,113.8,113.79,113.8,113.795,1,1
1631547575,113.8,113.8,113.79,113.8,113.8,0,0
1631547580,113.8,113.8,113.79,113.8,113.8,0,0
1631547585,113.8,113.8,113.79,113.8,113.8,0,0
1631547590,113.8,113.8,113.79,113.8,113.8,0,0
1631547595,113.79,113.79,113.79,113.79,113.79,1,1
1631547600,113.8,113.8,113.75,113.8,113.779,20,12
1631547605,113.81,113.81,113.8,113.81,113.81,5,1
1631547610,113.75,113.75,113.61,113.61,113.691,52,18
1631547615,113.6,113.63,113.6,113.61,113.607,14,4
1631547620,113.71,113.71,113.71,113.71,113.71,1,1
1631547625,113.72,113.72,113.71,113.72,113.719,2,1
1631547630,113.72,113.72,113.65,113.68,113.703,23,10
1631547635,113.61,113.66,113.61,113.66,113.623,7,3
1631547640,113.66,113.66,113.65,113.66,113.66,0,0
1631547645,113.69,113.69,113.61,113.63,113.632,9,6
1631547650,113.63,113.63,113.63,113.63,113.63,0,0
1631547655,113.62,113.62,113.57,113.57,113.597,3,3
1631547660,113.58,113.59,113.57,113.58,113.582,4,2
1631547665,113.56,113.6,113.56,113.59,113.578,16,14
1631547670,113.54,113.57,113.53,113.54,113.543,7,4
1631547675,113.53,113.54,113.53,113.54,113.538,3,2
1631547680,113.57,113.57,113.57,113.57,113.57,10,1
1631547685,113.54,113.55,113.54,113.54,113.541,2,2
1631547690,113.47,113.48,113.41,113.47,113.452,58,16
1631547695,113.43,113.46,113.43,113.45,113.452,5,3
1631547700,113.48,113.48,113.35,113.35,113.387,26,14
1631547705,113.4,113.4,113.39,113.4,113.395,7,1
1631547710,113.36,113.37,113.28,113.28,113.346,10,7
1631547715,113.31,113.38,113.31,113.33,113.328,16,8
1631547720,113.32,113.37,113.32,113.35,113.329,9,4
1631547725,113.38,113.38,113.36,113.37,113.373,11,9
1631547730,113.38,113.43,113.38,113.43,113.4,15,14
1631547735,113.34,113.35,113.33,113.33,113.337,4,3
1631547740,113.31,113.33,113.31,113.33,113.318,2,2
1631547745,113.29,113.29,113.28,113.29,113.287,10,1
1631547750,113.27,113.28,113.25,113.28,113.261,9,7
1631547755,113.28,113.28,113.28,113.28,113.28,0,0
1631547760,113.23,113.24,113.2,113.2,113.224,5,5
1631547765,113.23,113.25,113.23,113.25,113.243,3,3
1631547770,113.21,113.4,113.2,113.39,113.259,25,12
1631547775,113.43,113.43,113.42,113.43,113.43,3,2
1631547780,113.41,113.57,113.37,113.48,113.438,55,22
1631547785,113.55,113.55,113.49,113.49,113.512,8,2
1631547790,113.57,113.57,113.48,113.48,113.565,37,4
1631547795,113.49,113.57,113.49,113.57,113.547,3,2
1631547800,113.41,113.42,113.41,113.41,113.41,3,1
1631547805,113.48,113.48,113.47,113.48,113.475,1,1
1631547810,113.48,113.48,113.47,113.48,113.48,0,0
1631547815,113.48,113.48,113.47,113.48,113.48,0,0
1631547820,113.5,113.5,113.46,113.46,113.478,5,2
1631547825,113.43,113.54,113.43,113.54,113.527,9,9
1631547830,113.5,113.5,113.5,113.5,113.5,2,2
1631547835,113.49,113.54,113.49,113.54,113.532,6,6
1631547840,113.52,113.56,113.51,113.56,113.528,26,14
1631547845,113.56,113.56,113.55,113.56,113.56,0,0
1631547850,113.59,113.6,113.58,113.59,113.587,10,3
1631547855,113.62,113.62,113.61,113.62,113.619,9,8
1631547860,113.58,113.58,113.55,113.55,113.559,19,9
1631547865,113.55,113.55,113.55,113.55,113.55,0,0
1631547870,113.59,113.59,113.59,113.59,113.59,10,1
1631547875,113.63,113.63,113.63,113.63,113.63,3,3
1631547880,113.63,113.63,113.63,113.63,113.63,3,3
1631547885,113.63,113.63,113.63,113.63,113.63,0,0
1631547890,113.63,113.63,113.63,113.63,113.63,0,0
1631547895,113.63,113.66,113.63,113.66,113.651,12,4
1631547900,113.64,113.65,113.64,113.65,113.641,9,8
1631547905,113.69,113.7,113.69,113.7,113.696,4,3
1631547910,113.67,113.68,113.67,113.67,113.671,5,1
1631547915,113.7,113.7,113.69,113.7,113.699,3,1
1631547920,113.7,113.75,113.67,113.75,113.707,35,20
1631547925,113.73,113.75,113.73,113.73,113.745,10,4
1631547930,113.79,113.79,113.74,113.74,113.768,10,10
1631547935,113.74,113.74,113.72,113.72,113.738,11,8
1631547940,113.77,113.82,113.77,113.77,113.792,5,5
1631547945,113.8,113.82,113.8,113.81,113.805,17,8
1631547950,113.78,113.9,113.77,113.86,113.804,161,45
1631547955,113.88,113.97,113.88,113.94,113.925,97,33
1631547960,113.94,113.94,113.89,113.89,113.922,6,2
1631547965,113.97,113.97,113.84,113.91,113.879,117,19
1631547970,113.84,113.9,113.84,113.85,113.859,32,12
1631547975,113.87,113.87,113.83,113.84,113.846,25,13
1631547980,113.84,113.85,113.81,113.81,113.838,5,2
1631547985,113.81,113.81,113.81,113.81,113.81,0,0
1631547990,113.84,113.88,113.82,113.86,113.86,15,13
1631547995,113.87,113.87,113.86,113.87,113.865,2,1
1631548000,113.85,113.88,113.81,113.81,113.822,50,25
1631548005,113.84,113.85,113.7,113.8,113.773,18,13
1631548010,113.8,113.8,113.8,113.8,113.8,0,0
1631548015,113.8,113.8,113.8,113.8,113.8,10,2
1631548020,113.8,113.8,113.8,113.8,113.8,0,0
1631548025,113.8,113.8,113.8,113.8,113.8,0,0
1631548030,113.8,113.8,113.8,113.8,113.8,0,0
1631548035,113.81,113.81,113.81,113.81,113.81,3,3
1631548040,113.81,113.81,113.8,113.8,113.805,2,2
1631548045,113.8,113.84,113.77,113.77,113.806,5,5
1631548050,113.77,113.82,113.75,113.75,113.768,8,7
1631548055,113.75,113.75,113.75,113.75,113.75,0,0
1631548060,113.75,113.76,113.75,113.75,113.75,1,1
1631548065,113.84,113.84,113.79,113.8,113.817,6,2
1631548070,113.76,113.77,113.76,113.76,113.762,2,1
1631548075,113.83,113.83,113.82,113.83,113.827,1,1
1631548080,113.8,113.8,113.79,113.8,113.795,1,1
1631548085,113.75,113.75,113.75,113.75,113.75,3,1
1631548090,113.75,113.77,113.66,113.66,113.704,10,9
1631548095,113.7,113.7,113.69,113.7,113.695,1,1
1631548100,113.6,113.64,113.59,113.59,113.606,7,5
1631548105,113.57,113.6,113.57,113.6,113.576,10,2
1631548110,113.58,113.58,113.55,113.58,113.57,6,6
1631548115,113.6,113.6,113.56,113.56,113.581,17,11
1631548120,113.6,113.6,113.56,113.57,113.597,48,12
1631548125,113.56,113.56,113.56,113.56,113.56,1,1
1631548130,113.56,113.56,113.56,113.56,113.56,0,0
1631548135,113.59,113.6,113.52,113.53,113.588,10,3
1631548140,113.52,113.52,113.52,113.52,113.52,1,1
1631548145,113.47,113.47,113.46,113.46,113.465,2,2
1631548150,113.45,113.56,113.44,113.56,113.48,16,8
1631548155,113.51,113.51,113.5,113.51,113.505,1,1
1631548160,113.5,113.5,113.49,113.49,113.494,5,2
1631548165,113.49,113.49,113.49,113.49,113.49,0,0
1631548170,113.49,113.49,113.49,113.49,113.49,0,0
1631548175,113.51,113.54,113.5,113.5,113.518,21,16
1631548180,113.56,113.56,113.49,113.49,113.538,16,7
1631548185,113.49,113.51,113.49,113.51,113.491,20,18
1631548190,113.48,113.52,113.48,113.52,113.493,4,2
1631548195,113.48,113.52,113.48,113.52,113.511,8,6
1631548200,113.52,113.52,113.52,113.52,113.52,1,1
1631548205,113.52,113.52,113.52,113.52,113.52,6,4
1631548210,113.55,113.55,113.51,113.51,113.534,5,4
1631548215,113.51,113.51,113.51,113.51,113.51,2,1
1631548220,113.51,113.51,113.42,113.42,113.458,13,9
1631548225,113.42,113.42,113.42,113.42,113.42,0,0
1631548230,113.46,113.46,113.45,113.46,113.455,13,3
1631548235,113.46,113.46,113.45,113.46,113.46,0,0
1631548240,113.42,113.44,113.42,113.44,113.43,3,3
1631548245,113.41,113.41,113.3,113.3,113.348,5,5
1631548250,113.32,113.41,113.32,113.41,113.339,12,3
1631548255,113.41,113.41,113.4,113.41,113.41,0,0
1631548260,113.34,113.34,113.29,113.32,113.315,8,7
1631548265,113.29,113.29,113.29,113.29,113.29,2,2
1631548270,113.25,113.3,113.24,113.3,113.277,16,9
1631548275,113.27,113.27,113.27,113.27,113.27,1,1
1631548280,113.22,113.22,113.22,113.22,113.22,3,1
1631548285,113.24,113.25,113.23,113.23,113.235,7,2
1631548290,113.23,113.31,113.23,113.31,113.272,44,33
1631548295,113.31,113.32,113.31,113.32,113.318,8,3
1631548300,113.29,113.29,113.28,113.29,113.285,4,3
1631548305,113.29,113.32,113.26,113.28,113.295,8,8
1631548310,113.31,113.32,113.25,113.25,113.289,6,4
1631548315,113.29,113.29,113.28,113.29,113.285,1,1
1631548320,113.27,113.29,113.25,113.25,113.258,8,8
1631548325,113.25,113.25,113.25,113.25,113.25,0,0
1631548330,113.25,113.25,113.25,113.25,113.25,0,0
1631548335,113.25,113.25,113.25,113.25,113.25,0,0
1631548340,113.28,113.28,113.25,113.25,113.272,12,4
1631548345,113.3,113.33,113.3,113.33,113.307,14,13
1631548350,113.31,113.33,113.3,113.33,113.318,16,9
1631548355,113.32,113.38,113.32,113.34,113.333,19,4
1631548360,113.34,113.34,113.34,113.34,113.34,0,0
1631548365,113.34,113.34,113.34,113.34,113.34,0,0
1631548370,113.32,113.33,113.31,113.33,113.325,3,3
1631548375,113.38,113.38,113.32,113.32,113.365,11,11
1631548380,113.35,113.35,113.3,113.31,113.326,17,17
1631548385,113.34,113.34,113.33,113.34,113.335,1,1
1631548390,113.34,113.34,113.33,113.34,113.34,0,0
1631548395,113.33,113.33,113.33,113.33,113.33,1,1
1631548400,113.35,113.35,113.2,113.26,113.274,75,36
1631548405,113.26,113.26,113.26,113.26,113.26,0,0
1631548410,113.3,113.3,113.24,113.24,113.273,6,3
1631548415,113.24,113.25,113.24,113.24,113.24,0,0
1631548420,113.25,113.26,113.25,113.26,113.255,2,2
1631548425,113.26,113.26,113.26,113.26,113.26,0,0
1631548430,113.24,113.24,113.23,113.23,113.236,5,4
1631548435,113.23,113.23,113.23,113.23,113.23,0,0
1631548440,113.18,113.18,113.14,113.18,113.171,16,5
1631548445,113.18,113.2,113.13,113.13,113.169,7,7
1631548450,113.13,113.14,113.07,113.12,113.087,135,32
1631548455,113.1,113.15,113.1,113.15,113.132,20,11
1631548460,113.17,113.17,113.14,113.15,113.165,24,16
1631548465,113.13,113.14,113.13,113.13,113.13,2,1
1631548470,113.21,113.24,113.2,113.22,113.224,22,12
1631548475,113.22,113.25,113.22,113.25,113.232,2,2
1631548480,113.29,113.29,113.24,113.24,113.279,6,4
1631548485,113.24,113.25,113.24,113.24,113.24,0,0
1631548490,113.24,113.25,113.24,113.24,113.24,0,0
1631548495,113.24,113.25,113.24,113.24,113.24,0,0
1631548500,113.29,113.29,113.29,113.29,113.29,4,4
1631548505,113.29,113.29,113.29,113.29,113.29,0,0
1631548510,113.32,113.35,113.32,113.34,113.342,8,4
1631548515,113.34,113.36,113.34,113.35,113.35,12,2
1631548520,113.35,113.36,113.35,113.35,113.35,0,0
1631548525,113.35,113.35,113.35,113.35,113.35,3,1
1631548530,113.31,113.31,113.31,113.31,113.31,2,2
1631548535,113.31,113.31,113.31,113.31,113.31,1,1
1631548540,113.31,113.31,113.31,113.31,113.31,0,0
1631548545,113.27,113.27,113.24,113.24,113.251,9,9
1631548550,113.24,113.24,113.24,113.24,113.24,0,0
1631548555,113.19,113.19,113.19,113.19,113.19,1,1
1631548560,113.16,113.21,113.13,113.19,113.147,20,12
1631548565,113.14,113.19,113.14,113.19,113.163,4,2
1631548570,113.13,113.13,113.13,113.13,113.13,8,1
1631548575,113.18,113.18,113.18,113.18,113.18,1,1
1631548580,113.18,113.18,113.18,113.18,113.18,0,0
1631548585,113.13,113.13,113.13,113.13,113.13,7,6
1631548590,113.13,113.13,113.13,113.13,113.13,0,0
1631548595,113.15,113.16,113.13,113.16,113.154,8,8
1631548600,113.2,113.21,113.16,113.17,113.174,11,5
1631548605,113.2,113.23,113.19,113.2,113.21,11,9
1631548610,113.17,113.17,113.16,113.16,113.165,6,6
1631548615,113.16,113.16,113.16,113.16,113.16,0,0
1631548620,113.13,113.13,113.05,113.09,113.109,12,8
1631548625,113.01,113.05,113.01,113.05,113.02,8,2
1631548630,113.05,113.05,113.05,113.05,113.05,8,2
1631548635,113.09,113.09,113.05,113.05,113.081,41,10
1631548640,113.06,113.15,113.05,113.11,113.109,19,12
1631548645,113.13,113.13,113.12,113.13,113.126,11,2
1631548650,113.17,113.18,113.17,113.18,113.177,23,15
1631548655,113.18,113.18,113.14,113.18,113.153,6,3
1631548660,113.18,113.18,113.18,113.18,113.18,0,0
1631548665,113.15,113.16,113.15,113.15,113.152,5,1
1631548670,113.22,113.22,113.15,113.16,113.199,15,4
1631548675,113.2,113.22,113.2,113.22,113.216,30,20
1631548680,113.17,113.17,113.06,113.06,113.095,52,15
1631548685,113.06,113.06,113.06,113.06,113.06,4,1
1631548690,113.0,113.06,112.93,113.04,112.999,49,13
1631548695,112.97,112.98,112.97,112.97,112.97,3,1
1631548700,112.98,112.99,112.98,112.98,112.98,3,1
1631548705,113.04,113.04,113.03,113.04,113.035,1,1
1631548710,113.01,113.01,113.0,113.0,113.001,4,2
1631548715,113.0,113.01,113.0,113.0,113.0,0,0
1631548720,112.95,112.96,112.95,112.95,112.95,6,2
1631548725,112.95,112.96,112.95,112.95,112.95,0,0
1631548730,112.98,112.98,112.94,112.95,112.961,16,11
1631548735,112.95,112.95,112.95,112.95,112.95,0,0
1631548740,112.98,112.98,112.97,112.98,112.977,8,1
1631548745,112.98,112.98,112.97,112.98,112.98,0,0
1631548750,113.01,113.01,112.94,112.94,112.946,11,2
1631548755,112.98,113.02,112.92,113.02,112.973,5,4
1631548760,112.98,112.99,112.93,112.93,112.953,19,12
1631548765,112.93,112.95,112.91,112.95,112.933,35,25
1631548770,112.9,112.9,112.81,112.81,112.858,16,11
1631548775,112.84,112.88,112.84,112.84,112.86,23,4
1631548780,112.88,112.88,112.84,112.87,112.859,22,7
1631548785,112.85,112.91,112.85,112.87,112.87,6,5
1631548790,112.87,112.87,112.86,112.87,112.87,0,0
1631548795,112.9,112.92,112.88,112.91,112.907,14,14
1631548800,112.91,112.91,112.88,112.88,112.895,20,5
1631548805,112.89,112.9,112.88,112.89,112.889,9,5
1631548810,112.89,112.89,112.85,112.87,112.868,7,7
1631548815,112.84,112.85,112.79,112.79,112.816,9,6
1631548820,112.81,112.82,112.81,112.82,112.81,21,2
1631548825,112.8,112.8,112.75,112.78,112.776,7,5
1631548830,112.79,112.8,112.74,112.74,112.786,11,2
1631548835,112.81,112.84,112.79,112.81,112.816,30,13
1631548840,112.82,112.82,112.77,112.77,112.783,11,7
1631548845,112.77,112.77,112.74,112.74,112.755,2,2
1631548850,112.8,112.84,112.8,112.84,112.834,11,11
1631548855,112.8,112.8,112.8,112.8,112.8,1,1
1631548860,112.78,112.92,112.78,112.92,112.871,23,12
1631548865,112.88,112.88,112.88,112.88,112.88,1,1
1631548870,112.88,112.9,112.87,112.9,112.898,22,3
1631548875,112.89,112.9,112.86,112.86,112.887,5,2
1631548880,112.86,112.86,112.86,112.86,112.86,0,0
1631548885,112.87,112.88,112.87,112.87,112.872,8,1
1631548890,112.88,112.88,112.87,112.88,112.875,1,1
1631548895,112.9,112.9,112.86,112.86,112.893,10,3
1631548900,112.83,112.83,112.83,112.83,112.83,1,1
1631548905,112.9,112.9,112.82,112.82,112.876,24,3
1631548910,112.82,112.82,112.82,112.82,112.82,0,0
1631548915,112.82,112.82,112.82,112.82,112.82,0,0
1631548920,112.9,112.92,112.86,112.9,112.897,6,6
1631548925,112.94,112.94,112.93,112.94,112.939,3,1
1631548930,112.94,112.94,112.93,112.94,112.94,0,0
1631548935,112.87,112.88,112.87,112.87,112.872,6,5
1631548940,112.86,112.86,112.86,112.86,112.86,1,1
1631548945,112.89,112.89,112.83,112.83,112.859,5,5
1631548950,112.84,112.85,112.84,112.84,112.845,5,1
1631548955,112.84,112.85,112.77,112.77,112.815,31,16
1631548960,112.76,112.76,112.72,112.74,112.735,13,6
1631548965,112.73,112.73,112.73,112.73,112.73,5,2
1631548970,112.7,112.7,112.66,112.7,112.692,17,11
1631548975,112.66,112.68,112.66,112.68,112.67,3,3
1631548980,112.66,112.68,112.66,112.67,112.675,7,3
1631548985,112.7,112.7,112.69,112.7,112.697,43,16
1631548990,112.7,112.7,112.7,112.7,112.7,0,0
1631548995,112.74,112.77,112.73,112.77,112.753,22,14
1631549000,112.8,112.81,112.8,112.8,112.8,8,1
1631549005,112.77,112.8,112.77,112.8,112.792,36,9
1631549010,112.8,112.87,112.8,112.87,112.823,9,9
1631549015,112.87,112.87,112.87,112.87,112.87,4,4
1631549020,112.91,113.08,112.91,113.0,113.028,30,9
1631549025,113.07,113.09,113.0,113.0,113.042,22,11
1631549030,113.02,113.06,113.01,113.02,113.022,8,4
1631549035,113.02,113.11,113.02,113.11,113.068,17,6
1631549040,113.12,113.12,113.11,113.12,113.12,2,2
1631549045,113.12,113.2,113.12,113.2,113.145,21,9
1631549050,113.17,113.17,113.1,113.1,113.127,8,2
1631549055,113.18,113.18,113.18,113.18,113.18,3,2
1631549060,113.17,113.17,113.16,113.17,113.165,8,1
1631549065,113.17,113.17,113.07,113.07,113.097,20,16
1631549070,113.06,113.06,113.06,113.06,113.06,1,1
1631549075,113.15,113.16,113.15,113.15,113.154,5,1
1631549080,113.04,113.16,113.04,113.09,113.095,4,4
1631549085,113.09,113.09,113.09,113.09,113.09,0,0
1631549090,113.1,113.11,113.1,113.11,113.103,4,2
1631549095,113.17,113.17,113.17,113.17,113.17,1,1
1631549100,113.17,113.17,113.17,113.17,113.17,0,0
1631549105,113.16,113.16,113.14,113.14,113.148,4,3
1631549110,113.19,113.19,113.19,113.19,113.19,5,5
1631549115,113.19,113.19,113.19,113.19,113.19,0,0
1631549120,113.15,113.19,113.15,113.19,113.167,7,3
1631549125,113.19,113.19,113.19,113.19,113.19,0,0
1631549130,113.23,113.23,113.22,113.22,113.225,2,2
1631549135,113.24,113.34,113.23,113.3,113.286,17,7
1631549140,113.25,113.3,113.25,113.3,113.282,13,4
1631549145,113.3,113.31,113.3,113.3,113.304,5,3
1631549150,113.3,113.3,113.3,113.3,113.3,22,3
1631549155,113.33,113.34,113.3,113.31,113.328,31,11
1631549160,113.31,113.31,113.31,113.31,113.31,0,0
1631549165,113.34,113.34,113.33,113.34,113.339,25,1
1631549170,113.36,113.44,113.34,113.4,113.389,25,18
1631549175,113.46,113.46,113.37,113.37,113.381,11,11
1631549180,113.4,113.4,113.27,113.34,113.328,44,17
1631549185,113.34,113.34,113.34,113.34,113.34,0,0
1631549190,113.38,113.38,113.34,113.34,113.368,3,3
1631549195,113.4,113.43,113.37,113.38,113.422,37,9
1631549200,113.38,113.38,113.38,113.38,113.38,0,0
1631549205,113.38,113.38,113.38,113.38,113.38,0,0
1631549210,113.38,113.38,113.37,113.38,113.377,3,3
1631549215,113.31,113.31,113.27,113.27,113.28,5,5
1631549220,113.27,113.27,113.27,113.27,113.27,0,0
1631549225,113.36,113.36,113.26,113.26,113.286,4,3
1631549230,113.26,113.26,113.25,113.26,113.257,2,1
1631549235,113.24,113.24,113.24,113.24,113.24,1,1
1631549240,113.24,113.24,113.24,113.24,113.24,0,0
1631549245,113.25,113.25,113.21,113.21,113.23,3,3
1631549250,113.21,113.21,113.21,113.21,113.21,0,0
1631549255,113.21,113.27,113.2,113.2,113.251,13,3
1631549260,113.2,113.21,113.2,113.2,113.2,0,0
1631549265,113.21,113.3,113.21,113.26,113.241,9,5
1631549270,113.26,113.26,113.25,113.26,113.26,0,0
1631549275,113.25,113.25,113.25,113.25,113.25,1,1
1631549280,113.26,113.3,113.2,113.2,113.249,24,3
1631549285,113.22,113.22,113.21,113.22,113.215,1,1
1631549290,113.26,113.26,113.22,113.22,113.235,6,5
1631549295,113.25,113.25,113.21,113.21,113.217,6,2
1631549300,113.21,113.21,113.21,113.21,113.21,1,1
1631549305,113.21,113.28,113.21,113.28,113.248,4,3
1631549310,113.23,113.24,113.23,113.23,113.234,1,1
1631549315,113.28,113.28,113.27,113.28,113.28,1,1
1631549320,113.28,113.28,113.27,113.28,113.28,0,0
1631549325,113.28,113.28,113.27,113.28,113.28,0,0
1631549330,113.28,113.28,113.27,113.28,113.28,0,0
1631549335,113.23,113.26,113.23,113.25,113.247,15,15
1631549340,113.22,113.22,113.22,113.22,113.22,9,2
1631549345,113.25,113.25,113.25,113.25,113.25,1,1
1631549350,113.26,113.26,113.26,113.26,113.26,2,2
1631549355,113.28,113.38,113.28,113.38,113.329,14,10
1631549360,113.43,113.54,113.42,113.51,113.47,49,17
1631549365,113.51,113.6,113.51,113.52,113.554,16,7
1631549370,113.57,113.57,113.56,113.57,113.565,13,4
1631549375,113.53,113.59,113.45,113.5,113.536,36,13
1631549380,113.52,113.58,113.46,113.58,113.507,4,3
1631549385,113.58,113.58,113.57,113.58,113.58,0,0
1631549390,113.52,113.57,113.52,113.52,113.523,28,4
1631549395,113.52,113.52,113.52,113.52,113.52,1,1
1631549400,113.57,113.58,113.51,113.58,113.567,28,10
1631549405,113.54,113.54,113.5,113.5,113.525,8,4
1631549410,113.5,113.5,113.5,113.5,113.5,0,0
1631549415,113.58,113.58,113.54,113.57,113.573,12,11
1631549420,113.61,113.68,113.61,113.68,113.65,75,17
1631549425,113.68,113.68,113.65,113.68,113.664,24,3
1631549430,113.7,113.71,113.7,113.7,113.706,5,4
1631549435,113.71,113.71,113.68,113.69,113.69,15,11
1631549440,113.71,113.75,113.7,113.72,113.715,78,19
1631549445,113.73,113.75,113.71,113.75,113.74,28,13
1631549450,113.75,113.81,113.72,113.77,113.755,23,11
1631549455,113.73,113.76,113.71,113.71,113.727,4,4
1631549460,113.81,113.81,113.74,113.74,113.775,2,2
1631549465,113.79,113.81,113.78,113.81,113.799,19,10
1631549470,113.84,113.9,113.84,113.9,113.869,10,9
1631549475,113.9,113.9,113.86,113.86,113.869,4,4
1631549480,113.88,113.88,113.88,113.88,113.88,2,2
1631549485,113.89,113.92,113.89,113.91,113.901,16,11
1631549490,113.89,113.94,113.89,113.94,113.907,3,3
1631549495,113.87,113.91,113.87,113.9,113.892,3,3
1631549500,113.87,113.87,113.78,113.8,113.802,96,25
1631549505,113.85,113.9,113.84,113.9,113.882,23,12
1631549510,113.86,113.86,113.85,113.86,113.855,1,1
1631549515,113.86,113.86,113.85,113.86,113.86,0,0
1631549520,113.9,114.15,113.9,114.13,113.972,141,96
1631549525,114.11,114.14,114.04,114.04,114.092,28,16
1631549530,113.98,113.98,113.89,113.95,113.946,35,31
1631549535,113.95,114.03,113.94,114.03,113.992,21,7
1631549540,114.08,114.11,114.02,114.02,114.069,9,5
1631549545,113.97,113.99,113.96,113.98,113.971,9,8
1631549550,113.93,113.94,113.92,113.92,113.931,6,3
1631549555,113.93,113.93,113.84,113.84,113.883,14,12
1631549560,113.89,113.89,113.82,113.82,113.851,9,3
1631549565,113.84,113.89,113.82,113.82,113.84,8,3
1631549570,113.89,113.89,113.79,113.82,113.853,20,10
1631549575,113.8,113.91,113.8,113.91,113.873,3,2
1631549580,113.87,113.88,113.85,113.86,113.861,16,2
1631549585,113.85,113.85,113.84,113.85,113.847,1,1
1631549590,113.85,113.85,113.84,113.85,113.85,0,0
1631549595,113.82,113.82,113.81,113.82,113.819,2,1
1631549600,113.82,113.82,113.81,113.82,113.82,0,0
1631549605,113.87,113.87,113.86,113.87,113.867,4,3
1631549610,113.91,113.95,113.86,113.86,113.914,44,26
1631549615,113.89,113.89,113.8,113.8,113.826,4,4
1631549620,113.85,113.85,113.85,113.85,113.85,5,1
1631549625,113.85,113.85,113.81,113.81,113.837,8,2
1631549630,113.81,113.82,113.81,113.81,113.81,0,0
1631549635,113.81,113.82,113.81,113.81,113.81,0,0
1631549640,113.81,113.82,113.81,113.81,113.81,0,0
1631549645,113.88,113.9,113.88,113.9,113.887,6,6
1631549650,113.9,113.9,113.9,113.9,113.9,2,2
1631549655,113.91,113.95,113.91,113.95,113.942,5,5
1631549660,113.95,113.95,113.95,113.95,113.95,25,1
1631549665,113.95,113.95,113.94,113.95,113.945,1,1
1631549670,113.9,113.92,113.9,113.92,113.919,85,12
1631549675,113.9,113.91,113.9,113.9,113.904,4,1
1631549680,113.9,113.9,113.82,113.82,113.88,36,9
1631549685,113.82,113.82,113.8,113.8,113.816,5,3
1631549690,113.8,113.8,113.8,113.8,113.8,0,0
1631549695,113.88,113.89,113.8,113.8,113.874,29,11
1631549700,113.8,113.8,113.8,113.8,113.8,0,0
1631549705,113.8,113.8,113.8,113.8,113.8,0,0
1631549710,113.81,113.81,113.8,113.8,113.805,4,3
1631549715,113.81,113.87,113.8,113.87,113.85,21,18
1631549720,113.85,113.85,113.85,113.85,113.85,5,1
1631549725,113.77,113.77,113.77,113.77,113.77,3,1
1631549730,113.81,113.81,113.79,113.79,113.8,2,2
1631549735,113.78,113.81,113.77,113.81,113.792,23,9
1631549740,113.8,113.8,113.8,113.8,113.8,1,1
1631549745,113.84,113.85,113.84,113.84,113.848,16,10
1631549750,113.82,113.84,113.82,113.84,113.828,6,3
1631549755,113.83,113.86,113.83,113.86,113.851,15,7
1631549760,113.86,113.86,113.85,113.86,113.855,1,1
1631549765,113.86,113.86,113.85,113.86,113.86,0,0
1631549770,113.86,113.86,113.85,113.86,113.855,3,1
1631549775,113.82,113.89,113.82,113.88,113.871,5,3
1631549780,113.89,113.95,113.89,113.91,113.925,29,20
1631549785,113.91,113.91,113.88,113.88,113.907,9,6
1631549790,113.92,113.93,113.91,113.91,113.914,24,9
1631549795,113.92,113.92,113.89,113.92,113.913,16,4
1631549800,113.94,113.94,113.84,113.87,113.869,29,21
1631549805,113.82,113.82,113.82,113.82,113.82,3,3
1631549810,113.87,113.87,113.87,113.87,113.87,1,1
1631549815,113.83,113.83,113.83,113.83,113.83,1,1
1631549820,113.9,113.91,113.86,113.91,113.907,19,12
1631549825,113.91,113.93,113.84,113.84,113.897,27,9
1631549830,113.84,113.85,113.84,113.84,113.84,0,0
1631549835,113.85,113.86,113.85,113.85,113.85,16,2
1631549840,113.84,113.85,113.78,113.85,113.823,9,9
1631549845,113.81,113.81,113.78,113.81,113.806,6,5
1631549850,113.81,113.81,113.78,113.78,113.796,4,3
1631549855,113.78,113.79,113.78,113.78,113.78,0,0
1631549860,113.78,113.79,113.78,113.78,113.78,0,0
1631549865,113.78,113.79,113.78,113.78,113.78,0,0
1631549870,113.84,113.84,113.79,113.79,113.824,4,2
1631549875,113.83,113.84,113.83,113.84,113.836,2,2
1631549880,113.84,113.84,113.84,113.84,113.84,0,0
1631549885,113.8,113.86,113.79,113.86,113.835,14,11
1631549890,113.85,113.86,113.85,113.86,113.851,14,3
1631549895,113.84,113.89,113.78,113.83,113.822,14,10
1631549900,113.83,113.83,113.83,113.83,113.83,0,0
1631549905,113.84,113.84,113.84,113.84,113.84,1,1
1631549910,113.84,113.84,113.84,113.84,113.84,0,0
1631549915,113.84,113.84,113.84,113.84,113.84,1,1
1631549920,113.84,113.84,113.84,113.84,113.84,0,0
1631549925,113.84,113.84,113.84,113.84,113.84,0,0
1631549930,113.84,113.84,113.83,113.84,113.839,6,1
1631549935,113.88,113.88,113.88,113.88,113.88,9,8
1631549940,113.92,113.95,113.92,113.94,113.937,3,3
1631549945,113.9,113.95,113.88,113.95,113.91,5,4
1631549950,113.94,113.96,113.92,113.93,113.936,4,4
1631549955,113.93,113.97,113.93,113.93,113.935,21,14
1631549960,113.89,113.9,113.89,113.89,113.894,24,15
1631549965,113.89,113.89,113.89,113.89,113.89,0,0
1631549970,113.94,113.94,113.89,113.91,113.905,9,8
1631549975,113.89,113.89,113.89,113.89,113.89,10,10
1631549980,113.89,113.92,113.84,113.84,113.893,9,4
1631549985,113.85,113.85,113.85,113.85,113.85,1,1
1631549990,113.84,113.84,113.84,113.84,113.84,1,1
1631549995,113.9,113.9,113.89,113.9,113.895,2,1
1631550000,113.91,113.95,113.91,113.93,113.93,23,16
1631550005,113.89,113.93,113.89,113.91,113.917,15,8
1631550010,113.94,113.94,113.88,113.91,113.926,8,4
1631550015,113.91,113.91,113.88,113.88,113.897,4,4
1631550020,113.91,113.94,113.85,113.85,113.908,25,16
1631550025,113.85,113.85,113.85,113.85,113.85,0,0
1631550030,113.84,113.85,113.84,113.84,113.845,4,4
1631550035,113.89,113.89,113.89,113.89,113.89,3,3
1631550040,113.89,113.89,113.89,113.89,113.89,4,2
1631550045,113.89,113.89,113.89,113.89,113.89,0,0
1631550050,113.89,113.89,113.89,113.89,113.89,0,0
1631550055,113.85,113.89,113.85,113.89,113.878,18,14
1631550060,113.91,113.94,113.91,113.92,113.917,8,8
1631550065,113.92,113.94,113.91,113.94,113.928,4,3
1631550070,113.94,113.94,113.94,113.94,113.94,0,0
1631550075,113.9,113.91,113.89,113.91,113.907,31,5
1631550080,113.91,113.91,113.87,113.87,113.898,3,2
1631550085,113.88,113.92,113.88,113.92,113.894,6,5
1631550090,113.89,113.89,113.8,113.81,113.839,6,5
1631550095,113.79,113.79,113.78,113.79,113.785,2,1
1631550100,113.74,113.78,113.73,113.78,113.748,5,3
1631550105,113.83,113.83,113.78,113.8,113.783,28,4
1631550110,113.76,113.77,113.76,113.76,113.76,1,1
1631550115,113.76,113.77,113.76,113.76,113.76,0,0
1631550120,113.83,113.84,113.76,113.76,113.818,20,12
1631550125,113.79,113.79,113.78,113.79,113.785,20,1
1631550130,113.79,113.79,113.78,113.79,113.79,0,0
1631550135,113.78,113.78,113.76,113.78,113.769,5,5
1631550140,113.81,113.87,113.81,113.83,113.823,9,9
1631550145,113.89,113.89,113.82,113.83,113.877,20,2
1631550150,113.83,113.83,113.82,113.83,113.83,0,0
1631550155,113.76,113.76,113.76,113.76,113.76,2,1
1631550160,113.85,113.95,113.85,113.9,113.902,27,23
1631550165,113.93,113.93,113.92,113.92,113.929,11,2
1631550170,113.92,113.92,113.92,113.92,113.92,0,0
1631550175,113.92,113.92,113.92,113.92,113.92,0,0
1631550180,113.92,113.92,113.92,113.92,113.92,0,0
1631550185,113.92,113.96,113.89,113.92,113.937,13,13
1631550190,113.94,113.95,113.91,113.92,113.925,11,11
1631550195,113.92,113.92,113.91,113.92,113.92,0,0
1631550200,113.91,113.91,113.89,113.89,113.9,2,2
1631550205,113.88,113.88,113.85,113.88,113.856,12,4
1631550210,113.83,113.84,113.83,113.83,113.831,1,1
1631550215,113.83,113.84,113.83,113.83,113.83,0,0
1631550220,113.84,113.88,113.84,113.88,113.866,7,5
1631550225,113.9,113.95,113.89,113.91,113.928,19,11
1631550230,113.91,113.91,113.91,113.91,113.91,0,0
1631550235,113.92,114.02,113.92,113.98,113.979,59,37
1631550240,113.99,114.0,113.99,114.0,113.993,2,2
1631550245,114.0,114.03,113.99,114.01,114.013,97,38
1631550250,113.99,114.0,113.96,114.0,113.993,12,5
1631550255,114.01,114.01,114.0,114.01,114.006,4,2
1631550260,114.01,114.03,114.0,114.02,114.019,12,9
1631550265,114.03,114.03,113.93,113.93,113.993,17,8
1631550270,113.93,113.93,113.88,113.92,113.91,19,4
1631550275,113.92,113.92,113.91,113.92,113.92,0,0
1631550280,113.91,113.94,113.85,113.85,113.89,9,6
1631550285,113.84,113.84,113.84,113.84,113.84,1,1
1631550290,113.8,113.84,113.8,113.84,113.832,5,3
1631550295,113.84,113.84,113.84,113.84,113.84,0,0
1631550300,113.83,113.83,113.82,113.82,113.821,8,8
1631550305,113.8,113.82,113.79,113.82,113.809,8,5
1631550310,113.8,113.85,113.77,113.82,113.796,18,11
1631550315,113.86,113.86,113.86,113.86,113.86,6,6
1631550320,113.86,113.86,113.86,113.86,113.86,6,6
1631550325,113.85,113.85,113.85,113.85,113.85,2,2
1631550330,113.87,113.87,113.85,113.85,113.857,3,3
1631550335,113.85,113.85,113.85,113.85,113.85,0,0
1631550340,113.95,113.95,113.95,113.95,113.95,1,1
1631550345,113.92,113.92,113.92,113.92,113.92,6,3
1631550350,113.95,113.95,113.92,113.93,113.933,5,5
1631550355,113.93,113.93,113.92,113.93,113.93,0,0
1631550360,113.94,113.94,113.93,113.94,113.935,1,1
1631550365,113.94,113.94,113.93,113.94,113.94,0,0
1631550370,113.94,113.94,113.84,113.84,113.868,15,14
1631550375,113.84,113.84,113.84,113.84,113.84,2,1
1631550380,113.84,113.84,113.84,113.84,113.84,0,0
1631550385,113.87,113.87,113.87,113.87,113.87,2,2
1631550390,113.87,113.87,113.87,113.87,113.87,0,0
1631550395,113.87,113.87,113.87,113.87,113.87,0,0
1631550400,113.86,113.86,113.81,113.81,113.821,5,3
1631550405,113.87,113.87,113.87,113.87,113.87,1,1
1631550410,113.87,113.87,113.87,113.87,113.87,1,1
1631550415,113.81,113.83,113.76,113.8,113.803,27,18
1631550420,113.87,113.96,113.87,113.93,113.925,19,15
1631550425,113.89,113.93,113.89,113.93,113.92,13,12
1631550430,113.93,113.93,113.93,113.93,113.93,0,0
1631550435,113.93,113.93,113.93,113.93,113.93,0,0
1631550440,113.93,113.93,113.93,113.93,113.93,0,0
1631550445,113.9,113.9,113.89,113.9,113.895,3,1
1631550450,113.9,113.9,113.89,113.9,113.9,0,0
1631550455,113.9,113.9,113.89,113.9,113.9,0,0
1631550460,113.96,113.96,113.95,113.96,113.959,1,1
1631550465,113.95,113.96,113.9,113.9,113.92,2,2
1631550470,113.9,113.91,113.9,113.9,113.9,0,0
1631550475,113.9,113.91,113.9,113.9,113.9,0,0
1631550480,113.9,113.91,113.9,113.9,113.9,0,0
1631550485,113.9,113.91,113.9,113.9,113.9,0,0
1631550490,113.93,113.95,113.89,113.95,113.913,5,5
1631550495,113.93,113.93,113.89,113.89,113.897,6,4
1631550500,113.89,113.89,113.89,113.89,113.89,0,0
1631550505,113.89,113.89,113.89,113.89,113.89,0,0
1631550510,113.93,113.93,113.92,113.93,113.925,1,1
1631550515,113.93,113.93,113.92,113.93,113.93,0,0
1631550520,113.9,113.91,113.89,113.9,113.896,4,4
1631550525,113.9,113.91,113.9,113.9,113.9,0,0
1631550530,113.92,113.92,113.92,113.92,113.92,3,1
1631550535,113.92,113.92,113.92,113.92,113.92,0,0
1631550540,113.86,113.9,113.86,113.9,113.89,4,4
1631550545,113.94,113.96,113.94,113.94,113.946,4,3
1631550550,113.93,113.93,113.93,113.93,113.93,1,1
1631550555,113.94,113.96,113.93,113.93,113.938,15,9
1631550560,113.91,113.91,113.91,113.91,113.91,1,1
1631550565,113.91,113.92,113.91,113.91,113.91,1,1
1631550570,113.91,113.92,113.91,113.91,113.91,0,0
1631550575,113.91,113.92,113.91,113.91,113.91,0,0
1631550580,113.94,113.94,113.9,113.92,113.919,8,6
1631550585,113.92,113.92,113.92,113.92,113.92,0,0
1631550590,113.88,113.89,113.87,113.89,113.883,7,6
1631550595,113.86,113.87,113.86,113.86,113.862,1,1
1631550600,113.87,113.92,113.84,113.91,113.884,14,12
1631550605,113.91,113.91,113.91,113.91,113.91,0,0
1631550610,113.95,113.95,113.9,113.93,113.92,23,14
1631550615,113.93,113.94,113.91,113.94,113.924,16,10
1631550620,113.93,114.05,113.92,113.95,113.971,122,59
1631550625,114.0,114.0,113.99,114.0,113.995,2,1
1631550630,114.01,114.05,113.98,114.05,114.008,5,5
1631550635,114.01,114.01,114.0,114.01,114.005,3,1
1631550640,114.05,114.05,113.99,113.99,114.02,11,11
1631550645,114.0,114.03,113.94,114.03,113.971,20,20
1631550650,114.01,114.02,114.0,114.01,114.01,6,4
1631550655,114.01,114.01,114.01,114.01,114.01,0,0
1631550660,114.01,114.01,113.97,113.98,113.993,38,25
1631550665,113.98,113.99,113.98,113.98,113.98,0,0
1631550670,113.98,113.99,113.98,113.98,113.985,2,2
1631550675,113.98,113.98,113.98,113.98,113.98,1,1
1631550680,113.95,113.99,113.94,113.99,113.962,20,12
1631550685,113.96,114.01,113.96,114.01,113.98,5,2
1631550690,113.96,113.96,113.95,113.95,113.955,2,2
1631550695,113.95,113.96,113.95,113.95,113.95,0,0
1631550700,113.95,113.96,113.95,113.95,113.95,0,0
1631550705,113.95,113.96,113.95,113.95,113.95,0,0
1631550710,113.95,113.96,113.95,113.95,113.95,0,0
1631550715,113.95,113.96,113.95,113.95,113.95,0,0
1631550720,113.97,113.97,113.92,113.92,113.928,8,8
1631550725,113.87,113.97,113.87,113.97,113.899,11,6
1631550730,113.98,113.98,113.93,113.96,113.952,6,6
1631550735,113.96,114.0,113.95,114.0,113.969,14,9
1631550740,114.0,114.01,113.98,113.98,113.992,6,5
1631550745,113.98,113.98,113.98,113.98,113.98,0,0
1631550750,113.96,113.96,113.94,113.94,113.942,17,3
1631550755,113.94,113.94,113.94,113.94,113.94,0,0
1631550760,114.01,114.01,114.01,114.01,114.01,1,1
1631550765,113.94,114.02,113.94,114.02,113.991,25,9
1631550770,114.04,114.04,114.01,114.01,114.011,34,26
1631550775,114.04,114.04,114.03,114.04,114.038,4,2
1631550780,114.04,114.04,114.03,114.04,114.035,1,1
1631550785,114.04,114.04,114.01,114.01,114.014,10,3
1631550790,114.06,114.12,114.05,114.09,114.073,11,11
1631550795,114.1,114.13,114.1,114.11,114.122,22,6
1631550800,114.09,114.09,114.09,114.09,114.09,2,1
1631550805,114.12,114.13,114.1,114.12,114.118,57,24
1631550810,114.14,114.14,114.02,114.07,114.055,14,9
1631550815,114.0,114.01,113.98,113.98,113.994,5,5
1631550820,113.98,113.98,113.98,113.98,113.98,0,0
1631550825,114.01,114.01,113.92,113.92,113.953,10,6
1631550830,113.95,113.98,113.94,113.98,113.968,15,6
1631550835,113.94,113.94,113.94,113.94,113.94,1,1
1631550840,113.96,114.0,113.95,113.99,113.99,20,14
1631550845,113.98,114.0,113.98,114.0,113.99,12,11
1631550850,113.97,113.97,113.97,113.97,113.97,1,1
1631550855,113.97,113.97,113.97,113.97,113.97,0,0
1631550860,113.97,113.97,113.96,113.97,113.965,1,1
1631550865,113.97,113.97,113.96,113.97,113.97,0,0
1631550870,113.97,113.97,113.96,113.97,113.97,0,0
1631550875,113.99,114.0,113.99,114.0,113.996,11,11
1631550880,113.97,113.97,113.96,113.97,113.965,9,1
1631550885,113.98,113.98,113.93,113.94,113.953,2,2
1631550890,113.93,113.94,113.93,113.93,113.93,3,1
1631550895,113.97,113.97,113.93,113.95,113.957,14,5
1631550900,113.96,113.96,113.95,113.96,113.955,1,1
1631550905,113.96,113.97,113.96,113.96,113.962,7,1
1631550910,113.95,113.95,113.92,113.92,113.935,2,2
1631550915,113.92,113.92,113.92,113.92,113.92,0,0
1631550920,113.92,113.92,113.92,113.92,113.92,0,0
1631550925,113.93,113.94,113.93,113.94,113.931,5,5
1631550930,113.94,113.94,113.94,113.94,113.94,1,1
1631550935,113.97,113.97,113.95,113.95,113.961,2,2
1631550940,113.95,114.04,113.95,114.02,113.998,32,20
1631550945,114.05,114.05,114.04,114.05,114.045,1,1
1631550950,114.03,114.06,114.01,114.06,114.025,19,10
1631550955,114.09,114.09,114.04,114.04,114.076,11,4
1631550960,114.03,114.03,114.03,114.03,114.03,4,3
1631550965,114.03,114.03,114.03,114.03,114.03,0,0
1631550970,114.03,114.03,114.03,114.03,114.03,0,0
1631550975,114.03,114.03,114.03,114.03,114.03,0,0
1631550980,114.03,114.03,114.03,114.03,114.03,0,0
1631550985,114.03,114.03,114.03,114.03,114.03,0,0
1631550990,113.95,114.0,113.95,114.0,113.968,2,2
1631550995,113.95,113.97,113.95,113.96,113.955,2,2
1631551000,113.98,113.98,113.98,113.98,113.98,1,1
1631551005,113.98,113.98,113.98,113.98,113.98,0,0
1631551010,113.95,113.95,113.95,113.95,113.95,1,1
1631551015,113.92,113.93,113.92,113.92,113.92,1,1
1631551020,113.92,113.93,113.92,113.92,113.92,0,0
1631551025,113.94,113.94,113.93,113.94,113.938,1,1
1631551030,113.96,113.98,113.92,113.92,113.946,17,16
1631551035,113.92,113.92,113.92,113.92,113.92,0,0
1631551040,113.92,113.92,113.92,113.92,113.92,0,0
1631551045,113.92,113.92,113.92,113.92,113.92,0,0
1631551050,113.98,113.99,113.98,113.98,113.985,3,3
1631551055,114.0,114.0,113.99,114.0,113.995,1,1
1631551060,113.98,114.03,113.98,114.02,114.008,8,8
1631551065,114.0,114.0,114.0,114.0,114.0,2,2
1631551070,113.96,113.96,113.96,113.96,113.96,1,1
1631551075,113.98,113.98,113.97,113.97,113.975,10,2
1631551080,114.01,114.03,113.93,113.93,113.979,19,12
1631551085,113.92,113.94,113.9,113.94,113.925,16,14
1631551090,113.94,113.94,113.93,113.94,113.94,0,0
1631551095,113.94,113.95,113.94,113.95,113.947,4,4
1631551100,113.93,113.93,113.89,113.9,113.906,31,22
1631551105,113.88,113.88,113.82,113.82,113.854,4,4
1631551110,113.82,113.82,113.82,113.82,113.82,0,0
1631551115,113.9,113.91,113.89,113.89,113.891,11,2
1631551120,113.89,113.89,113.89,113.89,113.89,0,0
1631551125,113.89,113.89,113.89,113.89,113.89,0,0
1631551130,113.89,113.89,113.89,113.89,113.89,0,0
1631551135,113.9,113.9,113.9,113.9,113.9,1,1
1631551140,113.94,113.94,113.89,113.89,113.928,6,4
1631551145,113.93,113.94,113.93,113.93,113.931,7,6
1631551150,113.94,113.96,113.93,113.93,113.952,6,5
1631551155,113.93,113.93,113.93,113.93,113.93,0,0
1631551160,114.0,114.0,113.98,113.98,113.992,8,8
1631551165,113.98,113.98,113.98,113.98,113.98,0,0
1631551170,113.98,113.98,113.98,113.98,113.98,0,0
1631551175,113.98,113.98,113.98,113.98,113.98,0,0
1631551180,113.98,113.98,113.98,113.98,113.98,0,0
1631551185,114.01,114.01,114.0,114.01,114.005,1,1
1631551190,114.01,114.01,113.95,113.95,113.974,5,4
1631551195,113.95,113.95,113.95,113.95,113.95,0,0
1631551200,113.95,113.95,113.95,113.95,113.95,0,0
1631551205,113.95,113.95,113.95,113.95,113.95,0,0
1631551210,113.95,113.95,113.95,113.95,113.95,0,0
1631551215,113.95,113.95,113.95,113.95,113.95,0,0
1631551220,113.98,113.98,113.97,113.98,113.975,2,2
1631551225,113.98,113.98,113.97,113.98,113.98,0,0
1631551230,113.94,113.94,113.94,113.94,113.94,1,1
1631551235,114.01,114.01,114.0,114.01,114.009,3,3
1631551240,113.98,113.99,113.98,113.98,113.985,1,1
1631551245,113.98,113.99,113.98,113.98,113.985,1,1
1631551250,113.98,113.99,113.98,113.98,113.985,1,1
1631551255,113.9,113.9,113.9,113.9,113.9,3,2
1631551260,113.9,113.9,113.9,113.9,113.9,0,0
1631551265,113.94,113.95,113.92,113.93,113.947,10,6
1631551270,114.0,114.0,113.92,113.96,113.951,15,6
1631551275,113.96,113.96,113.96,113.96,113.96,0,0
1631551280,113.97,113.97,113.97,113.97,113.97,4,1
1631551285,113.97,113.97,113.97,113.97,113.97,0,0
1631551290,113.97,113.97,113.96,113.97,113.965,1,1
1631551295,113.97,113.97,113.96,113.97,113.97,0,0
1631551300,113.93,113.93,113.92,113.92,113.925,2,2
1631551305,113.83,113.84,113.83,113.83,113.83,2,1
1631551310,113.89,113.89,113.88,113.89,113.885,1,1
1631551315,113.83,113.83,113.83,113.83,113.83,2,2
1631551320,113.83,113.83,113.83,113.83,113.83,0,0
1631551325,113.88,113.89,113.88,113.88,113.881,2,1
1631551330,113.88,113.89,113.88,113.88,113.88,0,0
1631551335,113.84,113.86,113.79,113.86,113.811,18,10
1631551340,113.84,113.84,113.84,113.84,113.84,1,1
1631551345,113.84,113.84,113.84,113.84,113.84,0,0
1631551350,113.86,113.86,113.85,113.85,113.853,6,3
1631551355,113.86,113.91,113.85,113.91,113.879,6,5
1631551360,113.93,113.93,113.91,113.91,113.922,6,6
1631551365,113.9,113.91,113.85,113.85,113.868,7,6
1631551370,113.9,113.91,113.9,113.9,113.903,9,1
1631551375,113.91,113.91,113.9,113.91,113.905,2,1
1631551380,113.95,114.02,113.95,114.0,113.986,31,21
1631551385,114.0,114.03,114.0,114.0,114.001,24,24
1631551390,114.0,114.0,114.0,114.0,114.0,2,2
1631551395,113.98,113.98,113.96,113.96,113.973,3,3
1631551400,113.99,114.0,113.99,114.0,113.999,7,6
1631551405,113.95,113.96,113.95,113.96,113.953,3,3
1631551410,113.97,114.0,113.97,114.0,113.999,52,7
1631551415,114.0,114.0,114.0,114.0,114.0,0,0
1631551420,114.0,114.0,114.0,114.0,114.0,0,0
1631551425,114.0,114.0,114.0,114.0,114.0,1,1
1631551430,113.97,113.97,113.96,113.96,113.965,2,2
1631551435,113.96,113.96,113.96,113.96,113.96,0,0
1631551440,113.96,113.96,113.96,113.96,113.96,0,0
1631551445,113.97,113.97,113.97,113.97,113.97,1,1
1631551450,113.97,113.97,113.97,113.97,113.97,0,0
1631551455,113.96,113.96,113.96,113.96,113.96,5,1
1631551460,113.96,113.96,113.96,113.96,113.96,0,0
1631551465,113.98,114.03,113.98,114.03,114.013,3,3
1631551470,114.03,114.04,114.03,114.04,114.037,3,3
1631551475,114.05,114.05,114.04,114.05,114.048,2,2
1631551480,114.07,114.08,114.06,114.07,114.071,4,4
1631551485,114.09,114.1,114.09,114.1,114.095,6,5
1631551490,114.08,114.09,114.07,114.09,114.079,9,2
1631551495,114.13,114.13,114.11,114.11,114.124,7,6
1631551500,114.11,114.11,114.07,114.1,114.091,16,6
1631551505,114.05,114.05,114.05,114.05,114.05,1,1
1631551510,114.02,114.02,113.98,113.98,114.009,7,6
1631551515,114.02,114.02,114.01,114.02,114.015,1,1
1631551520,114.02,114.02,114.01,114.02,114.02,0,0
1631551525,113.99,113.99,113.93,113.94,113.944,7,4
1631551530,113.95,113.95,113.95,113.95,113.95,3,1
1631551535,113.95,113.95,113.95,113.95,113.95,2,1
1631551540,113.92,113.92,113.91,113.91,113.916,5,2
1631551545,113.91,113.91,113.91,113.91,113.91,0,0
1631551550,113.91,113.91,113.91,113.91,113.91,0,0
1631551555,113.99,113.99,113.99,113.99,113.99,3,3
1631551560,114.0,114.0,113.96,113.96,113.99,7,2
1631551565,113.96,113.96,113.96,113.96,113.96,0,0
1631551570,113.96,113.97,113.9,113.93,113.93,5,5
1631551575,113.93,113.93,113.92,113.93,113.93,0,0
1631551580,113.93,113.93,113.92,113.93,113.93,0,0
1631551585,113.93,113.93,113.92,113.93,113.93,0,0
1631551590,113.93,113.93,113.92,113.93,113.93,0,0
1631551595,113.93,113.93,113.92,113.93,113.93,0,0
1631551600,113.93,113.93,113.92,113.93,113.93,0,0
1631551605,113.93,113.93,113.92,113.93,113.93,0,0
1631551610,113.93,113.93,113.92,113.93,113.93,0,0
1631551615,113.95,113.98,113.95,113.98,113.962,3,3
1631551620,113.99,114.03,113.99,114.03,113.999,11,10
1631551625,114.02,114.02,114.0,114.0,114.01,10,4
1631551630,114.02,114.02,114.01,114.02,114.015,1,1
1631551635,114.02,114.02,114.01,114.02,114.02,0,0
1631551640,114.02,114.02,114.01,114.02,114.02,0,0
1631551645,114.02,114.02,114.01,114.02,114.02,0,0
1631551650,114.02,114.02,114.01,114.02,114.02,0,0
1631551655,114.04,114.04,114.0,114.0,114.02,2,2
1631551660,114.04,114.04,114.0,114.01,114.028,3,3
1631551665,114.04,114.04,114.03,114.04,114.039,2,2
1631551670,114.04,114.04,114.03,114.04,114.04,0,0
1631551675,114.04,114.04,114.04,114.04,114.04,7,7
1631551680,114.0,114.0,113.97,113.97,113.978,4,4
1631551685,114.07,114.07,114.06,114.07,114.066,11,2
1631551690,114.07,114.07,114.07,114.07,114.07,0,0
1631551695,114.07,114.07,114.07,114.07,114.07,0,0
1631551700,114.01,114.01,113.97,113.97,113.983,6,2
1631551705,114.06,114.06,114.06,114.06,114.06,1,1
1631551710,114.06,114.06,114.06,114.06,114.06,0,0
1631551715,114.06,114.06,114.06,114.06,114.06,0,0
1631551720,114.03,114.03,114.02,114.03,114.025,3,2
1631551725,114.03,114.03,114.02,114.03,114.025,4,2
1631551730,114.03,114.03,114.02,114.03,114.03,0,0
1631551735,113.99,114.05,113.99,114.05,113.996,11,2
1631551740,114.05,114.05,114.05,114.05,114.05,1,1
1631551745,114.03,114.03,114.02,114.03,114.025,1,1
1631551750,114.03,114.03,114.02,114.03,114.03,0,0
1631551755,113.99,113.99,113.95,113.95,113.966,6,4
1631551760,113.95,113.96,113.95,113.95,113.95,0,0
1631551765,113.95,113.96,113.95,113.95,113.95,0,0
1631551770,113.95,113.95,113.94,113.94,113.945,2,2
1631551775,113.92,113.92,113.92,113.92,113.92,5,1
1631551780,113.92,113.93,113.92,113.93,113.921,8,6
1631551785,113.96,113.96,113.96,113.96,113.96,1,1
1631551790,113.95,113.96,113.92,113.96,113.936,8,4
1631551795,113.96,113.96,113.96,113.96,113.96,0,0
1631551800,113.96,113.99,113.96,113.99,113.968,8,7
1631551805,114.01,114.01,114.01,114.01,114.01,2,2
1631551810,114.01,114.01,114.01,114.01,114.01,0,0
1631551815,114.07,114.07,114.07,114.07,114.07,2,2
1631551820,114.05,114.05,114.05,114.05,114.05,2,2
1631551825,114.06,114.09,114.06,114.08,114.077,3,3
1631551830,114.1,114.1,114.08,114.08,114.093,3,3
1631551835,114.11,114.13,114.11,114.11,114.116,6,5
1631551840,114.13,114.15,114.1,114.1,114.133,53,39
1631551845,114.1,114.1,114.1,114.1,114.1,0,0
1631551850,114.16,114.16,114.13,114.13,114.142,73,40
1631551855,114.11,114.11,114.11,114.11,114.11,3,3
1631551860,114.13,114.13,114.13,114.13,114.13,3,1
1631551865,114.11,114.11,114.05,114.05,114.084,10,8
1631551870,114.01,114.07,114.0,114.07,114.03,4,4
1631551875,114.04,114.04,113.99,113.99,114.013,10,2
1631551880,114.0,114.0,113.99,114.0,113.999,7,1
1631551885,114.0,114.0,113.99,114.0,114.0,0,0
1631551890,114.0,114.0,113.99,114.0,114.0,0,0
1631551895,114.0,114.0,113.99,114.0,114.0,0,0
1631551900,114.0,114.0,113.99,114.0,114.0,0,0
1631551905,114.0,114.0,113.99,114.0,114.0,0,0
1631551910,114.0,114.0,113.99,114.0,114.0,0,0
1631551915,114.04,114.04,114.03,114.04,114.035,1,1
1631551920,114.06,114.06,114.06,114.06,114.06,1,1
1631551925,114.0,114.03,114.0,114.03,114.02,2,2
1631551930,114.05,114.07,113.99,113.99,114.032,13,12
1631551935,114.05,114.05,114.04,114.05,114.046,5,4
1631551940,114.05,114.05,114.05,114.05,114.05,0,0
1631551945,114.05,114.05,114.05,114.05,114.05,0,0
1631551950,114.06,114.09,114.05,114.09,114.074,8,6
1631551955,114.08,114.12,114.08,114.11,114.114,19,8
1631551960,114.09,114.1,114.04,114.1,114.068,9,9
1631551965,114.06,114.06,114.06,114.06,114.06,1,1
1631551970,114.06,114.06,114.06,114.06,114.06,0,0
1631551975,114.06,114.06,114.06,114.06,114.06,0,0
1631551980,114.06,114.07,114.0,114.02,114.04,7,4
1631551985,113.97,114.01,113.97,114.01,113.988,2,2
1631551990,114.01,114.01,114.0,114.01,114.01,0,0
1631551995,114.01,114.01,114.0,114.01,114.01,0,0
1631552000,114.01,114.02,114.01,114.01,114.013,3,1
1631552005,114.01,114.01,114.0,114.01,114.005,1,1
1631552010,114.01,114.01,114.0,114.01,114.01,0,0
1631552015,114.01,114.05,114.01,114.05,114.032,5,4
1631552020,114.05,114.05,114.04,114.05,114.049,6,2
1631552025,114.05,114.05,114.05,114.05,114.05,0,0
1631552030,114.1,114.1,114.1,114.1,114.1,1,1
1631552035,114.03,114.03,114.03,114.03,114.03,1,1
1631552040,114.03,114.03,114.03,114.03,114.03,0,0
1631552045,114.1,114.1,114.07,114.07,114.092,24,16
1631552050,114.09,114.1,114.09,114.1,114.097,3,2
1631552055,114.12,114.13,114.11,114.11,114.117,4,4
1631552060,114.12,114.12,114.12,114.12,114.12,6,3
1631552065,114.12,114.16,114.12,114.15,114.142,40,34
1631552070,114.11,114.15,114.1,114.15,114.134,12,5
1631552075,114.14,114.14,114.14,114.14,114.14,1,1
1631552080,114.14,114.14,114.14,114.14,114.14,0,0
1631552085,114.14,114.14,114.14,114.14,114.14,0,0
1631552090,114.14,114.14,114.14,114.14,114.14,0,0
1631552095,114.16,114.17,114.13,114.13,114.144,17,3
1631552100,114.13,114.13,114.13,114.13,114.13,1,1
1631552105,114.17,114.17,114.13,114.15,114.157,5,4
1631552110,114.2,114.23,114.16,114.23,114.194,42,24
1631552115,114.21,114.21,114.2,114.21,114.205,8,2
1631552120,114.25,114.25,114.21,114.22,114.233,23,20
1631552125,114.25,114.25,114.22,114.23,114.233,27,16
1631552130,114.26,114.27,114.25,114.27,114.263,4,4
1631552135,114.24,114.3,114.24,114.27,114.277,63,10
1631552140,114.27,114.28,114.26,114.28,114.269,8,4
1631552145,114.3,114.3,114.26,114.28,114.275,14,6
1631552150,114.3,114.34,114.27,114.33,114.307,67,33
1631552155,114.28,114.3,114.28,114.3,114.285,16,3
1631552160,114.28,114.35,114.28,114.32,114.296,16,8
1631552165,114.32,114.35,114.29,114.35,114.341,88,44
1631552170,114.33,114.37,114.3,114.34,114.341,28,21
1631552175,114.34,114.35,114.34,114.34,114.345,8,1
1631552180,114.34,114.35,114.34,114.34,114.34,0,0
1631552185,114.31,114.31,114.3,114.3,114.305,2,2
1631552190,114.33,114.33,114.3,114.3,114.313,18,2
1631552195,114.31,114.33,114.3,114.33,114.315,4,4
1631552200,114.35,114.35,114.32,114.35,114.341,34,13
1631552205,114.4,114.41,114.36,114.39,114.393,46,24
1631552210,114.35,114.35,114.35,114.35,114.35,11,2
1631552215,114.35,114.35,114.35,114.35,114.35,0,0
1631552220,114.39,114.39,114.38,114.39,114.385,1,1
1631552225,114.39,114.42,114.36,114.42,114.387,8,5
1631552230,114.41,114.42,114.35,114.36,114.373,25,9
1631552235,114.36,114.36,114.35,114.36,114.36,0,0
1631552240,114.36,114.36,114.35,114.36,114.36,0,0
1631552245,114.36,114.36,114.36,114.36,114.36,1,1
1631552250,114.32,114.32,114.31,114.31,114.315,2,2
1631552255,114.31,114.31,114.31,114.31,114.31,0,0
1631552260,114.39,114.4,114.34,114.36,114.388,57,30
1631552265,114.38,114.41,114.37,114.41,114.393,4,4
1631552270,114.41,114.41,114.41,114.41,114.41,0,0
1631552275,114.4,114.4,114.4,114.4,114.4,2,2
1631552280,114.4,114.4,114.4,114.4,114.4,3,1
1631552285,114.41,114.41,114.4,114.41,114.407,8,1
1631552290,114.4,114.4,114.37,114.37,114.382,5,3
1631552295,114.38,114.38,114.38,114.38,114.38,2,1
1631552300,114.4,114.44,114.36,114.43,114.408,11,8
1631552305,114.44,114.45,114.43,114.45,114.447,26,10
1631552310,114.44,114.44,114.43,114.44,114.435,3,2
1631552315,114.44,114.44,114.43,114.44,114.44,0,0
1631552320,114.43,114.43,114.4,114.41,114.416,2,2
1631552325,114.42,114.43,114.39,114.39,114.407,15,6
1631552330,114.37,114.41,114.26,114.32,114.317,29,20
1631552335,114.33,114.34,114.33,114.33,114.332,10,1
1631552340,114.29,114.29,114.29,114.29,114.29,1,1
1631552345,114.28,114.28,114.28,114.28,114.28,1,1
1631552350,114.28,114.28,114.28,114.28,114.28,0,0
1631552355,114.36,114.36,114.29,114.34,114.342,5,3
1631552360,114.34,114.34,114.34,114.34,114.34,0,0
1631552365,114.33,114.33,114.33,114.33,114.33,1,1
1631552370,114.29,114.3,114.29,114.29,114.291,1,1
1631552375,114.33,114.33,114.27,114.29,114.301,23,11
1631552380,114.29,114.29,114.29,114.29,114.29,2,1
1631552385,114.29,114.29,114.29,114.29,114.29,0,0
1631552390,114.25,114.26,114.23,114.23,114.249,12,6
1631552395,114.26,114.26,114.25,114.26,114.255,11,4
1631552400,114.3,114.3,114.23,114.24,114.255,26,20
1631552405,114.23,114.26,114.16,114.18,114.201,42,26
1631552410,114.16,114.18,114.15,114.18,114.159,18,8
1631552415,114.15,114.15,114.08,114.14,114.129,21,17
1631552420,114.12,114.15,114.12,114.14,114.134,7,5
1631552425,114.15,114.18,114.14,114.18,114.156,11,5
1631552430,114.19,114.19,114.13,114.13,114.162,3,3
1631552435,114.19,114.21,114.19,114.21,114.201,5,5
1631552440,114.24,114.24,114.2,114.21,114.216,15,2
1631552445,114.25,114.25,114.17,114.21,114.21,10,4
1631552450,114.24,114.25,114.21,114.23,114.235,6,6
1631552455,114.23,114.23,114.22,114.23,114.23,0,0
1631552460,114.23,114.25,114.23,114.25,114.24,2,2
1631552465,114.3,114.31,114.2,114.27,114.262,7,5
1631552470,114.34,114.34,114.34,114.34,114.34,1,1
1631552475,114.34,114.34,114.34,114.34,114.34,0,0
1631552480,114.33,114.33,114.33,114.33,114.33,1,1
1631552485,114.33,114.33,114.33,114.33,114.33,0,0
1631552490,114.39,114.39,114.39,114.39,114.39,1,1
1631552495,114.35,114.35,114.35,114.35,114.35,3,3
1631552500,114.35,114.35,114.34,114.34,114.345,2,2
1631552505,114.33,114.33,114.33,114.33,114.33,1,1
1631552510,114.41,114.41,114.4,114.41,114.406,3,1
1631552515,114.37,114.41,114.37,114.41,114.378,9,3
1631552520,114.41,114.41,114.41,114.41,114.41,0,0
1631552525,114.42,114.43,114.42,114.43,114.421,6,2
1631552530,114.45,114.45,114.44,114.44,114.445,2,2
1631552535,114.46,114.47,114.4,114.4,114.442,11,11
1631552540,114.44,114.46,114.43,114.44,114.437,12,3
1631552545,114.43,114.43,114.38,114.38,114.4,10,6
1631552550,114.38,114.38,114.38,114.38,114.38,0,0
1631552555,114.47,114.48,114.42,114.45,114.451,21,18
1631552560,114.45,114.45,114.45,114.45,114.45,0,0
1631552565,114.45,114.45,114.39,114.39,114.41,5,4
1631552570,114.39,114.39,114.39,114.39,114.39,0,0
1631552575,114.48,114.48,114.41,114.45,114.464,27,18
1631552580,114.42,114.45,114.41,114.45,114.428,13,12
1631552585,114.47,114.47,114.47,114.47,114.47,1,1
1631552590,114.43,114.47,114.43,114.47,114.449,2,2
1631552595,114.46,114.47,114.46,114.47,114.462,3,3
1631552600,114.46,114.46,114.45,114.46,114.458,5,4
1631552605,114.49,114.5,114.46,114.47,114.472,15,15
1631552610,114.48,114.49,114.42,114.42,114.435,8,8
1631552615,114.44,114.44,114.41,114.43,114.429,16,8
1631552620,114.44,114.44,114.42,114.44,114.432,4,4
1631552625,114.43,114.44,114.4,114.41,114.415,9,9
1631552630,114.38,114.41,114.37,114.41,114.382,6,6
1631552635,114.4,114.4,114.34,114.34,114.356,6,6
1631552640,114.37,114.4,114.34,114.34,114.361,14,5
1631552645,114.42,114.42,114.4,114.41,114.415,6,4
1631552650,114.44,114.45,114.42,114.44,114.43,19,10
1631552655,114.42,114.43,114.41,114.43,114.425,3,3
1631552660,114.43,114.45,114.41,114.42,114.435,4,4
1631552665,114.42,114.42,114.41,114.42,114.42,0,0
1631552670,114.45,114.45,114.4,114.45,114.423,10,5
1631552675,114.44,114.44,114.44,114.44,114.44,1,1
1631552680,114.43,114.43,114.43,114.43,114.43,1,1
1631552685,114.45,114.45,114.45,114.45,114.45,2,2
1631552690,114.43,114.43,114.42,114.43,114.43,6,1
1631552695,114.42,114.43,114.41,114.43,114.418,6,6
1631552700,114.43,114.44,114.42,114.44,114.435,2,2
1631552705,114.45,114.45,114.42,114.43,114.433,5,5
1631552710,114.43,114.45,114.42,114.45,114.431,4,2
1631552715,114.43,114.43,114.42,114.43,114.425,1,1
1631552720,114.4,114.4,114.35,114.37,114.387,20,12
1631552725,114.32,114.34,114.32,114.34,114.325,4,2
1631552730,114.37,114.37,114.36,114.37,114.365,2,2
1631552735,114.4,114.4,114.39,114.4,114.4,13,7
1631552740,114.4,114.4,114.4,114.4,114.4,0,0
1631552745,114.4,114.43,114.4,114.41,114.411,18,8
1631552750,114.42,114.42,114.41,114.41,114.413,11,2
1631552755,114.42,114.42,114.42,114.42,114.42,2,2
1631552760,114.39,114.39,114.38,114.38,114.385,2,2
1631552765,114.38,114.38,114.34,114.35,114.355,9,6
1631552770,114.34,114.34,114.33,114.34,114.336,5,4
1631552775,114.4,114.4,114.4,114.4,114.4,2,2
1631552780,114.35,114.35,114.35,114.35,114.35,1,1
1631552785,114.39,114.39,114.34,114.36,114.352,13,6
1631552790,114.33,114.33,114.33,114.33,114.33,2,2
1631552795,114.31,114.35,114.31,114.34,114.328,2,2
1631552800,114.34,114.35,114.34,114.34,114.34,0,0
1631552805,114.34,114.35,114.34,114.34,114.345,19,2
1631552810,114.34,114.35,114.34,114.34,114.34,0,0
1631552815,114.34,114.35,114.34,114.34,114.34,0,0
1631552820,114.37,114.38,114.35,114.36,114.368,9,7
1631552825,114.37,114.37,114.33,114.33,114.343,3,3
1631552830,114.33,114.33,114.33,114.33,114.33,0,0
1631552835,114.38,114.38,114.35,114.36,114.368,3,3
1631552840,114.38,114.41,114.38,114.41,114.386,31,11
1631552845,114.39,114.39,114.39,114.39,114.39,2,2
1631552850,114.43,114.43,114.41,114.42,114.421,5,3
1631552855,114.41,114.41,114.41,114.41,114.41,4,4
1631552860,114.44,114.49,114.41,114.46,114.447,21,20
1631552865,114.46,114.48,114.43,114.43,114.463,26,22
1631552870,114.43,114.43,114.43,114.43,114.43,0,0
1631552875,114.47,114.47,114.45,114.46,114.463,2,2
1631552880,114.48,114.48,114.47,114.48,114.48,7,1
1631552885,114.45,114.45,114.45,114.45,114.45,1,1
1631552890,114.46,114.46,114.42,114.42,114.452,12,3
1631552895,114.46,114.46,114.46,114.46,114.46,31,12
1631552900,114.42,114.42,114.42,114.42,114.42,5,4
1631552905,114.43,114.45,114.42,114.45,114.432,6,6
1631552910,114.45,114.45,114.45,114.45,114.45,0,0
1631552915,114.45,114.45,114.45,114.45,114.45,0,0
1631552920,114.38,114.38,114.37,114.38,114.376,5,2
1631552925,114.37,114.41,114.37,114.41,114.392,11,8
1631552930,114.35,114.35,114.35,114.35,114.35,1,1
1631552935,114.4,114.4,114.39,114.4,114.395,3,1
1631552940,114.39,114.39,114.39,114.39,114.39,1,1
1631552945,114.36,114.42,114.36,114.39,114.392,20,9
1631552950,114.4,114.41,114.39,114.41,114.403,4,4
1631552955,114.4,114.4,114.35,114.35,114.376,6,5
1631552960,114.38,114.38,114.37,114.38,114.379,9,1
1631552965,114.33,114.33,114.32,114.32,114.325,4,4
1631552970,114.32,114.33,114.29,114.33,114.314,9,8
1631552975,114.32,114.32,114.31,114.32,114.315,2,1
1631552980,114.3,114.33,114.29,114.3,114.31,10,4
1631552985,114.28,114.39,114.27,114.39,114.319,28,11
1631552990,114.44,114.44,114.41,114.44,114.432,3,3
1631552995,114.45,114.45,114.44,114.44,114.443,4,3
1631553000,114.44,114.44,114.4,114.44,114.432,17,6
1631553005,114.44,114.44,114.44,114.44,114.44,1,1
1631553010,114.4,114.4,114.4,114.4,114.4,1,1
1631553015,114.44,114.44,114.43,114.44,114.435,10,1
1631553020,114.44,114.44,114.39,114.4,114.415,18,10
1631553025,114.4,114.4,114.4,114.4,114.4,0,0
1631553030,114.34,114.35,114.34,114.34,114.343,12,2
1631553035,114.34,114.35,114.34,114.34,114.34,0,0
1631553040,114.34,114.35,114.34,114.34,114.345,12,2
1631553045,114.34,114.35,114.34,114.34,114.34,0,0
1631553050,114.34,114.35,114.34,114.34,114.345,2,1
1631553055,114.34,114.34,114.28,114.28,114.322,13,6
1631553060,114.28,114.28,114.28,114.28,114.28,0,0
1631553065,114.28,114.28,114.28,114.28,114.28,0,0
1631553070,114.28,114.3,114.27,114.28,114.292,11,9
1631553075,114.27,114.28,114.27,114.27,114.27,5,1
1631553080,114.35,114.35,114.31,114.31,114.318,7,5
1631553085,114.27,114.27,114.25,114.25,114.254,10,3
1631553090,114.21,114.33,114.21,114.33,114.291,16,3
1631553095,114.22,114.23,114.22,114.22,114.22,8,1
1631553100,114.24,114.24,114.23,114.24,114.238,1,1
1631553105,114.24,114.24,114.23,114.24,114.24,0,0
1631553110,114.24,114.24,114.23,114.24,114.24,0,0
1631553115,114.28,114.3,114.27,114.3,114.281,42,2
1631553120,114.32,114.32,114.29,114.32,114.315,9,8
1631553125,114.31,114.31,114.31,114.31,114.31,1,1
1631553130,114.31,114.31,114.31,114.31,114.31,0,0
1631553135,114.31,114.31,114.31,114.31,114.31,0,0
1631553140,114.31,114.31,114.3,114.3,114.302,4,4
1631553145,114.34,114.34,114.34,114.34,114.34,1,1
1631553150,114.27,114.27,114.27,114.27,114.27,1,1
1631553155,114.31,114.31,114.31,114.31,114.31,3,1
1631553160,114.27,114.27,114.27,114.27,114.27,1,1
1631553165,114.31,114.31,114.31,114.31,114.31,3,1
1631553170,114.27,114.35,114.27,114.32,114.319,5,5
1631553175,114.27,114.27,114.26,114.26,114.268,5,4
1631553180,114.3,114.33,114.26,114.3,114.275,24,17
1631553185,114.27,114.27,114.26,114.26,114.263,3,3
1631553190,114.27,114.27,114.27,114.27,114.27,1,1
1631553195,114.25,114.25,114.25,114.25,114.25,1,1
1631553200,114.21,114.22,114.11,114.15,114.158,15,13
1631553205,114.14,114.19,114.14,114.19,114.17,8,7
1631553210,114.21,114.21,114.18,114.21,114.197,8,6
1631553215,114.23,114.24,114.22,114.24,114.229,8,7
1631553220,114.24,114.27,114.21,114.22,114.224,31,13
1631553225,114.21,114.21,114.21,114.21,114.21,8,1
1631553230,114.16,114.18,114.16,114.18,114.168,7,7
1631553235,114.12,114.13,114.12,114.12,114.12,5,2
1631553240,114.13,114.19,114.09,114.13,114.122,102,17
1631553245,114.14,114.17,114.13,114.17,114.161,6,3
1631553250,114.11,114.17,114.11,114.11,114.116,34,8
1631553255,114.13,114.13,114.12,114.13,114.13,1,1
1631553260,114.15,114.15,114.03,114.07,114.1,65,15
1631553265,114.05,114.08,114.04,114.08,114.069,12,4
1631553270,114.05,114.05,114.05,114.05,114.05,1,1
1631553275,114.08,114.12,114.06,114.06,114.095,9,7
1631553280,114.14,114.14,114.14,114.14,114.14,1,1
1631553285,114.06,114.07,114.06,114.06,114.062,2,1
1631553290,114.06,114.06,113.99,113.99,114.001,67,30
1631553295,113.95,113.99,113.94,113.97,113.956,30,18
1631553300,114.0,114.0,113.94,113.95,113.99,71,33
1631553305,113.97,113.97,113.95,113.95,113.966,8,7
1631553310,113.98,114.02,113.98,113.99,113.996,29,24
1631553315,113.99,114.0,113.99,114.0,113.995,3,2
1631553320,114.01,114.01,114.01,114.01,114.01,1,1
1631553325,114.04,114.04,114.03,114.04,114.039,1,1
1631553330,113.99,114.04,113.98,114.02,114.003,21,15
1631553335,114.01,114.01,113.99,113.99,113.995,10,4
1631553340,113.99,114.0,113.99,113.99,113.99,0,0
1631553345,114.02,114.02,114.01,114.02,114.015,1,1
1631553350,113.99,113.99,113.95,113.95,113.961,7,5
1631553355,113.97,113.97,113.93,113.93,113.934,13,7
1631553360,113.93,113.94,113.89,113.89,113.919,7,7
1631553365,113.91,113.91,113.91,113.91,113.91,2,2
1631553370,113.91,113.91,113.91,113.91,113.91,0,0
1631553375,113.9,113.9,113.88,113.88,113.899,33,9
1631553380,113.88,113.9,113.88,113.88,113.892,5,3
1631553385,113.92,113.94,113.92,113.94,113.93,8,8
1631553390,113.94,113.96,113.94,113.96,113.953,3,3
1631553395,113.97,114.0,113.97,113.97,113.997,36,6
1631553400,113.97,113.97,113.97,113.97,113.97,0,0
1631553405,113.99,114.02,113.92,113.97,113.988,44,24
1631553410,113.97,113.97,113.97,113.97,113.97,0,0
1631553415,113.97,113.97,113.97,113.97,113.97,0,0
1631553420,113.97,113.97,113.96,113.97,113.965,1,1
1631553425,113.97,113.98,113.96,113.98,113.979,18,6
1631553430,113.98,113.98,113.97,113.98,113.975,2,1
1631553435,113.98,113.98,113.97,113.98,113.98,0,0
1631553440,113.92,113.92,113.92,113.92,113.92,1,1
1631553445,113.92,113.92,113.92,113.92,113.92,0,0
1631553450,113.92,113.92,113.92,113.92,113.92,0,0
1631553455,113.95,113.95,113.95,113.95,113.95,1,1
1631553460,113.96,113.96,113.96,113.96,113.96,1,1
1631553465,113.98,114.01,113.96,113.98,113.981,21,13
1631553470,113.98,113.98,113.98,113.98,113.98,4,2
1631553475,113.94,113.94,113.94,113.94,113.94,3,3
1631553480,113.9,113.91,113.9,113.9,113.9,40,13
1631553485,113.9,113.9,113.9,113.9,113.9,0,0
1631553490,113.91,113.94,113.9,113.91,113.917,11,5
1631553495,113.91,113.91,113.91,113.91,113.91,0,0
1631553500,113.91,113.91,113.91,113.91,113.91,1,1
1631553505,113.91,113.91,113.91,113.91,113.91,0,0
1631553510,113.91,113.91,113.91,113.91,113.91,1,1
1631553515,113.91,113.91,113.87,113.88,113.886,6,5
1631553520,113.9,113.9,113.85,113.85,113.881,8,6
1631553525,113.91,113.91,113.91,113.91,113.91,1,1
1631553530,113.91,113.91,113.91,113.91,113.91,0,0
1631553535,113.91,113.91,113.9,113.91,113.905,6,1
1631553540,113.88,113.89,113.88,113.89,113.888,4,4
1631553545,113.9,113.94,113.89,113.94,113.931,5,4
1631553550,113.96,113.98,113.95,113.96,113.958,19,6
1631553555,113.95,113.95,113.95,113.95,113.95,1,1
1631553560,113.95,113.95,113.95,113.95,113.95,0,0
1631553565,113.95,113.95,113.95,113.95,113.95,0,0
1631553570,113.96,113.97,113.96,113.96,113.962,5,1
1631553575,113.96,113.97,113.96,113.96,113.96,0,0
1631553580,114.0,114.04,114.0,114.04,114.003,28,9
1631553585,114.05,114.06,114.0,114.01,114.024,19,9
1631553590,114.01,114.01,114.01,114.01,114.01,0,0
1631553595,114.04,114.04,114.03,114.04,114.035,9,1
1631553600,114.0,114.0,114.0,114.0,114.0,17,2
1631553605,113.97,113.97,113.96,113.97,113.968,7,1
1631553610,113.96,114.01,113.96,114.01,114.0,9,2
1631553615,113.98,113.99,113.98,113.98,113.985,1,1
1631553620,113.98,113.99,113.98,113.98,113.98,0,0
1631553625,113.96,113.96,113.96,113.96,113.96,2,1
1631553630,113.96,113.96,113.96,113.96,113.96,0,0
1631553635,113.96,113.96,113.96,113.96,113.96,0,0
1631553640,113.96,113.96,113.96,113.96,113.96,0,0
1631553645,113.96,113.96,113.96,113.96,113.96,0,0
1631553650,114.0,114.0,113.99,114.0,113.995,1,1
1631553655,114.01,114.01,114.0,114.01,114.005,1,1
1631553660,113.97,113.99,113.97,113.99,113.975,6,6
1631553665,114.0,114.0,113.99,114.0,113.995,2,1
1631553670,114.0,114.0,114.0,114.0,114.0,1,1
1631553675,114.01,114.01,114.0,114.01,114.005,6,1
1631553680,114.01,114.01,114.0,114.01,114.01,0,0
1631553685,114.01,114.01,114.0,114.01,114.01,0,0
1631553690,114.01,114.01,114.0,114.01,114.01,0,0
1631553695,114.01,114.01,114.0,114.01,114.01,0,0
1631553700,113.99,114.03,113.97,114.0,113.992,20,14
1631553705,113.96,114.0,113.96,114.0,113.979,6,4
1631553710,113.98,113.98,113.97,113.98,113.979,1,1
1631553715,113.98,113.98,113.97,113.98,113.98,0,0
1631553720,113.97,113.98,113.88,113.89,113.927,17,16
1631553725,113.89,113.89,113.88,113.89,113.89,0,0
1631553730,113.85,113.87,113.79,113.8,113.809,20,13
1631553735,113.77,113.78,113.75,113.75,113.761,7,3
1631553740,113.75,113.75,113.72,113.72,113.743,6,5
1631553745,113.73,113.76,113.72,113.73,113.735,13,12
1631553750,113.73,113.77,113.7,113.76,113.739,25,16
1631553755,113.73,113.76,113.73,113.76,113.745,2,2
1631553760,113.79,113.79,113.79,113.79,113.79,1,1
1631553765,113.79,113.79,113.79,113.79,113.79,0,0
1631553770,113.79,113.79,113.79,113.79,113.79,0,0
1631553775,113.76,113.77,113.75,113.75,113.752,14,8
1631553780,113.75,113.77,113.74,113.74,113.763,55,3
1631553785,113.74,113.75,113.74,113.74,113.74,0,0
1631553790,113.75,113.76,113.73,113.75,113.743,14,8
1631553795,113.75,113.76,113.75,113.75,113.75,0,0
1631553800,113.75,113.76,113.75,113.75,113.75,0,0
1631553805,113.75,113.75,113.74,113.75,113.745,1,1
1631553810,113.7,113.71,113.68,113.68,113.698,22,12
1631553815,113.7,113.71,113.67,113.67,113.697,9,3
1631553820,113.66,113.66,113.6,113.62,113.621,9,7
1631553825,113.64,113.64,113.6,113.6,113.603,12,4
1631553830,113.58,113.62,113.57,113.57,113.581,7,6
1631553835,113.59,113.6,113.59,113.59,113.594,1,1
1631553840,113.59,113.6,113.58,113.58,113.59,18,8
1631553845,113.58,113.58,113.5,113.58,113.523,25,10
1631553850,113.55,113.58,113.55,113.58,113.574,21,2
1631553855,113.63,113.63,113.62,113.63,113.63,4,1
1631553860,113.63,113.63,113.62,113.63,113.63,1,1
1631553865,113.63,113.68,113.59,113.67,113.633,36,20
1631553870,113.61,113.61,113.61,113.61,113.61,1,1
1631553875,113.64,113.64,113.64,113.64,113.64,1,1
1631553880,113.67,113.68,113.66,113.68,113.664,15,9
1631553885,113.66,113.66,113.6,113.63,113.643,9,4
1631553890,113.63,113.63,113.62,113.63,113.625,1,1
1631553895,113.63,113.63,113.62,113.63,113.63,0,0
1631553900,113.67,113.69,113.65,113.68,113.671,9,8
1631553905,113.68,113.68,113.68,113.68,113.68,0,0
1631553910,113.66,113.66,113.59,113.59,113.633,8,5
1631553915,113.56,113.56,113.56,113.56,113.56,5,3
1631553920,113.56,113.56,113.56,113.56,113.56,0,0
1631553925,113.56,113.56,113.56,113.56,113.56,1,1
1631553930,113.57,113.61,113.57,113.61,113.586,7,4
1631553935,113.54,113.54,113.54,113.54,113.54,1,1
1631553940,113.57,113.62,113.57,113.58,113.594,11,9
1631553945,113.61,113.61,113.53,113.53,113.568,2,2
1631553950,113.53,113.53,113.53,113.53,113.53,0,0
1631553955,113.53,113.53,113.53,113.53,113.53,0,0
1631553960,113.57,113.58,113.57,113.57,113.571,2,1
1631553965,113.6,113.6,113.6,113.6,113.6,5,1
1631553970,113.64,113.64,113.61,113.61,113.633,4,3
1631553975,113.61,113.62,113.61,113.61,113.61,0,0
1631553980,113.61,113.62,113.61,113.61,113.61,0,0
1631553985,113.65,113.69,113.61,113.65,113.681,22,5
1631553990,113.62,113.69,113.61,113.69,113.641,16,6
1631553995,113.69,113.69,113.68,113.69,113.685,2,1
1631554000,113.7,113.83,113.7,113.81,113.766,59,29
1631554005,113.82,113.82,113.81,113.82,113.815,5,1
1631554010,113.85,113.98,113.85,113.97,113.877,22,11
1631554015,113.95,113.95,113.91,113.91,113.925,15,15
1631554020,113.92,113.95,113.91,113.95,113.932,10,2
1631554025,113.91,113.91,113.86,113.86,113.893,3,2
1631554030,113.86,113.87,113.86,113.86,113.86,3,3
1631554035,113.78,113.87,113.77,113.87,113.807,3,2
1631554040,113.76,113.77,113.76,113.76,113.76,1,1
1631554045,113.77,113.78,113.75,113.76,113.763,10,6
1631554050,113.8,113.8,113.75,113.75,113.769,12,2
1631554055,113.66,113.74,113.66,113.69,113.682,8,3
1631554060,113.7,113.7,113.68,113.69,113.694,8,4
1631554065,113.69,113.69,113.68,113.69,113.69,0,0
1631554070,113.72,113.76,113.7,113.7,113.749,25,5
1631554075,113.7,113.7,113.7,113.7,113.7,0,0
1631554080,113.69,113.72,113.69,113.72,113.712,7,6
1631554085,113.71,113.71,113.71,113.71,113.71,3,2
1631554090,113.71,113.71,113.71,113.71,113.71,0,0
1631554095,113.71,113.75,113.71,113.75,113.723,3,3
1631554100,113.73,113.77,113.72,113.77,113.736,4,4
1631554105,113.73,113.76,113.73,113.75,113.734,6,2
1631554110,113.68,113.68,113.67,113.67,113.677,5,2
1631554115,113.67,113.67,113.67,113.67,113.67,0,0
1631554120,113.67,113.67,113.67,113.67,113.67,0,0
1631554125,113.65,113.65,113.65,113.65,113.65,2,2
1631554130,113.65,113.65,113.65,113.65,113.65,0,0
1631554135,113.68,113.68,113.68,113.68,113.68,1,1
1631554140,113.68,113.68,113.68,113.68,113.68,0,0
1631554145,113.65,113.65,113.61,113.61,113.624,4,4
1631554150,113.61,113.61,113.61,113.61,113.61,0,0
1631554155,113.61,113.61,113.61,113.61,113.61,0,0
1631554160,113.62,113.62,113.57,113.57,113.579,8,4
1631554165,113.57,113.57,113.55,113.56,113.559,6,4
1631554170,113.59,113.62,113.56,113.57,113.594,12,8
1631554175,113.56,113.56,113.55,113.55,113.552,7,6
1631554180,113.57,113.58,113.46,113.46,113.519,23,12
1631554185,113.48,113.52,113.45,113.51,113.482,3,3
1631554190,113.49,113.58,113.48,113.58,113.531,13,12
1631554195,113.61,113.64,113.59,113.6,113.607,6,6
1631554200,113.6,113.6,113.6,113.6,113.6,0,0
1631554205,113.61,113.65,113.61,113.65,113.628,2,2
1631554210,113.64,113.64,113.64,113.64,113.64,1,1
1631554215,113.64,113.64,113.64,113.64,113.64,0,0
1631554220,113.61,113.61,113.55,113.55,113.577,3,3
1631554225,113.57,113.57,113.56,113.57,113.567,3,1
1631554230,113.57,113.57,113.56,113.57,113.57,0,0
1631554235,113.52,113.52,113.52,113.52,113.52,1,1
1631554240,113.51,113.51,113.51,113.51,113.51,1,1
1631554245,113.53,113.53,113.53,113.53,113.53,1,1
1631554250,113.56,113.57,113.5,113.52,113.553,19,15
1631554255,113.54,113.54,113.5,113.5,113.518,4,4
1631554260,113.54,113.54,113.54,113.54,113.54,2,2
1631554265,113.57,113.57,113.54,113.54,113.562,4,2
1631554270,113.54,113.54,113.54,113.54,113.54,0,0
1631554275,113.54,113.58,113.54,113.54,113.548,18,9
1631554280,113.55,113.55,113.46,113.46,113.504,27,15
1631554285,113.44,113.44,113.44,113.44,113.44,2,2
1631554290,113.43,113.51,113.43,113.5,113.476,11,9
1631554295,113.5,113.5,113.5,113.5,113.5,0,0
1631554300,113.48,113.48,113.38,113.46,113.466,52,12
1631554305,113.42,113.42,113.42,113.42,113.42,1,1
1631554310,113.42,113.42,113.42,113.42,113.42,0,0
1631554315,113.46,113.46,113.46,113.46,113.46,4,4
1631554320,113.46,113.46,113.46,113.46,113.46,0,0
1631554325,113.46,113.46,113.46,113.46,113.46,0,0
1631554330,113.48,113.48,113.48,113.48,113.48,2,2
1631554335,113.51,113.52,113.48,113.48,113.498,5,5
1631554340,113.46,113.46,113.44,113.44,113.446,8,5
1631554345,113.41,113.42,113.4,113.4,113.41,6,2
1631554350,113.39,113.41,113.38,113.38,113.383,12,6
1631554355,113.37,113.38,113.37,113.37,113.372,7,1
1631554360,113.35,113.35,113.35,113.35,113.35,1,1
1631554365,113.35,113.37,113.35,113.37,113.363,4,4
1631554370,113.37,113.46,113.36,113.43,113.405,15,15
1631554375,113.44,113.44,113.39,113.41,113.408,48,6
1631554380,113.42,113.45,113.4,113.43,113.43,23,8
1631554385,113.43,113.48,113.43,113.45,113.453,19,4
1631554390,113.41,113.41,113.41,113.41,113.41,1,1
1631554395,113.45,113.48,113.44,113.45,113.469,6,6
1631554400,113.44,113.44,113.44,113.44,113.44,1,1
1631554405,113.47,113.47,113.41,113.46,113.438,6,6
1631554410,113.46,113.46,113.46,113.46,113.46,0,0
1631554415,113.45,113.49,113.44,113.46,113.464,20,10
1631554420,113.46,113.46,113.46,113.46,113.46,0,0
1631554425,113.5,113.5,113.5,113.5,113.5,1,1
1631554430,113.5,113.52,113.47,113.48,113.495,27,17
1631554435,113.48,113.48,113.47,113.48,113.48,0,0
1631554440,113.45,113.45,113.44,113.45,113.449,10,10
1631554445,113.48,113.51,113.48,113.5,113.497,10,5
1631554450,113.5,113.5,113.49,113.5,113.5,0,0
1631554455,113.47,113.48,113.47,113.47,113.473,5,1
1631554460,113.47,113.48,113.47,113.47,113.47,0,0
1631554465,113.47,113.48,113.47,113.47,113.47,0,0
1631554470,113.47,113.48,113.47,113.47,113.47,0,0
1631554475,113.47,113.48,113.47,113.47,113.47,0,0
1631554480,113.51,113.51,113.5,113.51,113.505,1,1
1631554485,113.53,113.55,113.53,113.55,113.548,18,10
1631554490,113.55,113.55,113.55,113.55,113.55,0,0
1631554495,113.51,113.51,113.5,113.51,113.505,2,1
1631554500,113.51,113.51,113.49,113.5,113.5,9,6
1631554505,113.5,113.51,113.5,113.5,113.5,0,0
1631554510,113.5,113.51,113.5,113.5,113.5,0,0
1631554515,113.5,113.51,113.5,113.5,113.5,1,1
1631554520,113.5,113.51,113.5,113.5,113.5,0,0
1631554525,113.56,113.56,113.55,113.56,113.555,10,2
1631554530,113.56,113.56,113.55,113.56,113.555,1,1
1631554535,113.58,113.58,113.57,113.58,113.575,1,1
1631554540,113.58,113.58,113.57,113.58,113.58,0,0
1631554545,113.58,113.58,113.57,113.58,113.58,0,0
1631554550,113.58,113.58,113.57,113.58,113.58,0,0
1631554555,113.58,113.6,113.56,113.58,113.581,7,7
1631554560,113.56,113.56,113.51,113.51,113.544,7,7
1631554565,113.51,113.51,113.51,113.51,113.51,0,0
1631554570,113.51,113.51,113.51,113.51,113.51,0,0
1631554575,113.55,113.55,113.54,113.55,113.545,1,1
1631554580,113.55,113.55,113.54,113.55,113.545,1,1
1631554585,113.56,113.56,113.56,113.56,113.56,4,3
1631554590,113.6,113.6,113.56,113.57,113.568,12,2
1631554595,113.57,113.57,113.56,113.57,113.57,0,0
1631554600,113.61,113.65,113.61,113.65,113.643,6,4
1631554605,113.66,113.66,113.66,113.66,113.66,1,1
1631554610,113.66,113.66,113.65,113.66,113.658,3,1
1631554615,113.62,113.62,113.62,113.62,113.62,5,5
1631554620,113.64,113.65,113.62,113.62,113.638,16,13
1631554625,113.62,113.65,113.62,113.65,113.63,3,3
1631554630,113.62,113.62,113.62,113.62,113.62,3,3
1631554635,113.62,113.62,113.62,113.62,113.62,0,0
1631554640,113.63,113.63,113.62,113.63,113.625,6,1
1631554645,113.63,113.63,113.62,113.63,113.63,0,0
1631554650,113.67,113.67,113.66,113.67,113.67,1,1
1631554655,113.59,113.63,113.59,113.63,113.616,4,4
1631554660,113.67,113.67,113.66,113.67,113.67,2,1
1631554665,113.67,113.67,113.66,113.67,113.67,1,1
1631554670,113.66,113.67,113.66,113.66,113.662,10,1
1631554675,113.65,113.65,113.65,113.65,113.65,3,3
1631554680,113.59,113.63,113.59,113.63,113.608,2,2
1631554685,113.63,113.63,113.59,113.6,113.607,11,2
1631554690,113.6,113.6,113.59,113.6,113.6,0,0
1631554695,113.62,113.62,113.59,113.59,113.609,15,5
1631554700,113.59,113.59,113.59,113.59,113.59,0,0
1631554705,113.59,113.59,113.59,113.59,113.59,0,0
1631554710,113.58,113.58,113.58,113.58,113.58,2,2
1631554715,113.58,113.58,113.54,113.54,113.554,12,9
1631554720,113.54,113.54,113.53,113.54,113.534,6,6
1631554725,113.54,113.54,113.53,113.54,113.54,0,0
1631554730,113.54,113.54,113.53,113.54,113.54,0,0
1631554735,113.54,113.54,113.53,113.54,113.54,0,0
1631554740,113.53,113.53,113.49,113.51,113.512,10,10
1631554745,113.53,113.55,113.53,113.55,113.538,2,2
1631554750,113.55,113.55,113.54,113.55,113.55,0,0
1631554755,113.52,113.52,113.52,113.52,113.52,1,1
1631554760,113.52,113.52,113.52,113.52,113.52,6,2
1631554765,113.52,113.52,113.52,113.52,113.52,0,0
1631554770,113.52,113.52,113.52,113.52,113.52,0,0
1631554775,113.5,113.5,113.49,113.5,113.499,2,1
1631554780,113.5,113.5,113.49,113.5,113.5,0,0
1631554785,113.52,113.55,113.52,113.54,113.537,6,6
1631554790,113.52,113.52,113.51,113.52,113.515,1,1
1631554795,113.54,113.55,113.52,113.53,113.539,16,12
1631554800,113.53,113.53,113.39,113.45,113.467,21,15
1631554805,113.38,113.41,113.32,113.38,113.368,21,13
1631554810,113.35,113.38,113.35,113.36,113.362,6,6
1631554815,113.38,113.38,113.35,113.35,113.371,6,2
1631554820,113.4,113.4,113.37,113.4,113.396,7,7
1631554825,113.4,113.4,113.4,113.4,113.4,0,0
1631554830,113.43,113.43,113.43,113.43,113.43,1,1
1631554835,113.43,113.43,113.43,113.43,113.43,0,0
1631554840,113.5,113.5,113.45,113.48,113.467,7,7
1631554845,113.48,113.51,113.48,113.51,113.483,9,2
1631554850,113.51,113.51,113.51,113.51,113.51,0,0
1631554855,113.51,113.53,113.51,113.53,113.52,2,2
1631554860,113.49,113.53,113.49,113.49,113.507,7,7
1631554865,113.49,113.49,113.49,113.49,113.49,0,0
1631554870,113.49,113.49,113.49,113.49,113.49,0,0
1631554875,113.52,113.52,113.52,113.52,113.52,3,3
1631554880,113.56,113.57,113.53,113.54,113.543,10,2
1631554885,113.57,113.57,113.54,113.54,113.555,2,2
1631554890,113.55,113.58,113.54,113.58,113.556,11,6
1631554895,113.59,113.62,113.59,113.62,113.605,7,3
1631554900,113.62,113.62,113.61,113.62,113.62,0,0
1631554905,113.62,113.62,113.62,113.62,113.62,3,3
1631554910,113.6,113.6,113.6,113.6,113.6,1,1
1631554915,113.6,113.6,113.6,113.6,113.6,0,0
1631554920,113.63,113.63,113.62,113.63,113.625,1,1
1631554925,113.62,113.62,113.62,113.62,113.62,1,1
1631554930,113.62,113.62,113.62,113.62,113.62,0,0
1631554935,113.64,113.65,113.64,113.65,113.645,2,2
1631554940,113.59,113.59,113.59,113.59,113.59,4,4
1631554945,113.56,113.56,113.52,113.52,113.544,4,4
1631554950,113.52,113.52,113.52,113.52,113.52,0,0
1631554955,113.52,113.52,113.52,113.52,113.52,0,0
1631554960,113.52,113.52,113.52,113.52,113.52,0,0
1631554965,113.55,113.56,113.55,113.56,113.551,20,5
1631554970,113.56,113.56,113.56,113.56,113.56,0,0
1631554975,113.53,113.53,113.51,113.51,113.523,6,6
1631554980,113.51,113.51,113.51,113.51,113.51,0,0
1631554985,113.51,113.51,113.51,113.51,113.51,0,0
1631554990,113.51,113.51,113.5,113.5,113.505,2,2
1631554995,113.48,113.49,113.48,113.48,113.485,1,1
1631555000,113.52,113.52,113.46,113.46,113.492,2,2
1631555005,113.49,113.49,113.38,113.44,113.444,17,9
1631555010,113.38,113.38,113.38,113.38,113.38,1,1
1631555015,113.38,113.38,113.36,113.36,113.375,11,6
1631555020,113.41,113.41,113.36,113.36,113.382,12,2
1631555025,113.39,113.39,113.39,113.39,113.39,5,1
1631555030,113.38,113.42,113.38,113.42,113.404,5,4
1631555035,113.43,113.43,113.42,113.43,113.425,1,1
1631555040,113.39,113.44,113.38,113.44,113.412,3,2
1631555045,113.44,113.55,113.43,113.47,113.499,20,16
1631555050,113.47,113.47,113.47,113.47,113.47,0,0
1631555055,113.54,113.54,113.47,113.48,113.49,5,5
1631555060,113.52,113.52,113.46,113.46,113.473,23,22
1631555065,113.47,113.53,113.43,113.47,113.469,11,11
1631555070,113.53,113.53,113.52,113.53,113.529,1,1
1631555075,113.49,113.49,113.49,113.49,113.49,1,1
1631555080,113.51,113.53,113.48,113.53,113.512,5,5
1631555085,113.53,113.53,113.53,113.53,113.53,0,0
1631555090,113.53,113.53,113.53,113.53,113.53,0,0
1631555095,113.47,113.48,113.44,113.44,113.46,6,5
1631555100,113.44,113.44,113.44,113.44,113.44,0,0
1631555105,113.42,113.45,113.41,113.42,113.435,7,7
1631555110,113.42,113.42,113.41,113.42,113.42,0,0
1631555115,113.42,113.42,113.41,113.42,113.42,0,0
1631555120,113.37,113.38,113.37,113.38,113.375,2,2
1631555125,113.4,113.4,113.39,113.4,113.395,2,2
1631555130,113.4,113.4,113.39,113.4,113.4,0,0
1631555135,113.4,113.4,113.39,113.4,113.398,2,2
1631555140,113.4,113.4,113.39,113.4,113.395,7,3
1631555145,113.4,113.4,113.39,113.4,113.395,1,1
1631555150,113.41,113.41,113.4,113.41,113.405,1,1
1631555155,113.41,113.41,113.4,113.41,113.41,0,0
1631555160,113.41,113.41,113.4,113.41,113.41,0,0
1631555165,113.45,113.5,113.45,113.5,113.475,2,2
1631555170,113.5,113.5,113.5,113.5,113.5,0,0
1631555175,113.46,113.51,113.46,113.51,113.49,5,4
1631555180,113.5,113.52,113.5,113.51,113.506,10,8
1631555185,113.53,113.63,113.53,113.63,113.618,11,2
1631555190,113.63,113.63,113.62,113.63,113.63,7,2
1631555195,113.62,113.62,113.61,113.62,113.618,2,1
1631555200,113.55,113.56,113.55,113.55,113.55,2,1
1631555205,113.59,113.59,113.56,113.56,113.586,8,2
1631555210,113.62,113.62,113.62,113.62,113.62,1,1
1631555215,113.56,113.56,113.56,113.56,113.56,1,1
1631555220,113.59,113.62,113.59,113.62,113.605,2,2
1631555225,113.62,113.65,113.62,113.65,113.63,3,3
1631555230,113.66,113.66,113.6,113.6,113.62,7,6
1631555235,113.6,113.6,113.58,113.58,113.59,2,2
1631555240,113.58,113.58,113.58,113.58,113.58,0,0
1631555245,113.62,113.62,113.62,113.62,113.62,1,1
1631555250,113.59,113.6,113.51,113.51,113.534,7,7
1631555255,113.5,113.55,113.44,113.55,113.506,9,6
1631555260,113.55,113.55,113.54,113.55,113.55,0,0
1631555265,113.47,113.47,113.46,113.47,113.465,1,1
1631555270,113.43,113.43,113.43,113.43,113.43,1,1
1631555275,113.43,113.43,113.43,113.43,113.43,0,0
1631555280,113.49,113.5,113.49,113.5,113.497,3,3
1631555285,113.47,113.47,113.47,113.47,113.47,1,1
1631555290,113.5,113.5,113.5,113.5,113.5,2,2
1631555295,113.47,113.52,113.47,113.52,113.479,12,2
1631555300,113.52,113.52,113.51,113.52,113.515,1,1
1631555305,113.52,113.56,113.51,113.54,113.552,11,7
1631555310,113.54,113.54,113.54,113.54,113.54,0,0
1631555315,113.57,113.57,113.57,113.57,113.57,1,1
1631555320,113.57,113.57,113.57,113.57,113.57,0,0
1631555325,113.57,113.57,113.57,113.57,113.57,0,0
1631555330,113.57,113.57,113.57,113.57,113.57,0,0
1631555335,113.53,113.53,113.52,113.52,113.522,12,12
1631555340,113.52,113.52,113.52,113.52,113.52,0,0
1631555345,113.52,113.52,113.52,113.52,113.52,0,0
1631555350,113.52,113.52,113.52,113.52,113.52,0,0
1631555355,113.53,113.53,113.53,113.53,113.53,1,1
1631555360,113.62,113.62,113.6,113.6,113.618,12,5
1631555365,113.58,113.6,113.57,113.6,113.594,12,9
1631555370,113.63,113.66,113.58,113.58,113.636,21,11
1631555375,113.6,113.6,113.6,113.6,113.6,1,1
1631555380,113.63,113.66,113.63,113.66,113.645,2,2
1631555385,113.68,113.68,113.68,113.68,113.68,4,4
1631555390,113.68,113.68,113.68,113.68,113.68,0,0
1631555395,113.67,113.67,113.67,113.67,113.67,1,1
1631555400,113.67,113.67,113.67,113.67,113.67,0,0
1631555405,113.62,113.62,113.62,113.62,113.62,1,1
1631555410,113.62,113.62,113.62,113.62,113.62,0,0
1631555415,113.65,113.66,113.65,113.65,113.65,1,1
1631555420,113.65,113.66,113.65,113.65,113.65,0,0
1631555425,113.7,113.7,113.6,113.6,113.614,29,4
1631555430,113.61,113.61,113.6,113.61,113.605,1,1
1631555435,113.61,113.61,113.6,113.61,113.61,0,0
1631555440,113.64,113.64,113.62,113.63,113.634,2,2
1631555445,113.6,113.6,113.53,113.54,113.569,10,4
1631555450,113.54,113.54,113.53,113.54,113.54,0,0
1631555455,113.57,113.57,113.54,113.54,113.548,3,3
1631555460,113.55,113.55,113.55,113.55,113.55,1,1
1631555465,113.61,113.61,113.61,113.61,113.61,3,2
1631555470,113.61,113.61,113.61,113.61,113.61,1,1
1631555475,113.61,113.61,113.61,113.61,113.61,0,0
1631555480,113.66,113.69,113.66,113.69,113.675,2,2
1631555485,113.74,113.74,113.69,113.69,113.703,4,3
1631555490,113.74,113.8,113.74,113.8,113.781,13,11
1631555495,113.8,113.8,113.8,113.8,113.8,0,0
1631555500,113.85,113.85,113.84,113.85,113.85,4,1
1631555505,113.81,113.81,113.74,113.74,113.757,13,10
1631555510,113.76,113.76,113.74,113.74,113.753,6,5
1631555515,113.71,113.71,113.7,113.71,113.709,1,1
1631555520,113.71,113.71,113.7,113.71,113.71,0,0
1631555525,113.7,113.7,113.7,113.7,113.7,2,2
1631555530,113.68,113.69,113.68,113.68,113.681,1,1
1631555535,113.81,113.81,113.79,113.79,113.803,3,3
1631555540,113.81,113.81,113.79,113.79,113.794,6,3
1631555545,113.75,113.76,113.75,113.75,113.751,1,1
1631555550,113.8,113.8,113.8,113.8,113.8,3,3
1631555555,113.8,113.85,113.79,113.82,113.824,17,10
1631555560,113.82,113.82,113.81,113.82,113.82,0,0
1631555565,113.79,113.79,113.76,113.76,113.777,6,6
1631555570,113.75,113.78,113.74,113.77,113.774,19,5
1631555575,113.77,113.77,113.75,113.77,113.763,5,4
1631555580,113.77,113.77,113.76,113.77,113.77,0,0
1631555585,113.77,113.77,113.76,113.77,113.77,0,0
1631555590,113.75,113.75,113.75,113.75,113.75,3,1
1631555595,113.75,113.75,113.75,113.75,113.75,0,0
1631555600,113.75,113.75,113.75,113.75,113.75,0,0
1631555605,113.75,113.75,113.75,113.75,113.75,0,0
1631555610,113.75,113.75,113.75,113.75,113.75,0,0
1631555615,113.75,113.75,113.75,113.75,113.75,0,0
1631555620,113.75,113.75,113.75,113.75,113.75,0,0
1631555625,113.72,113.72,113.68,113.68,113.701,17,15
1631555630,113.69,113.69,113.69,113.69,113.69,1,1
1631555635,113.74,113.74,113.74,113.74,113.74,2,2
1631555640,113.7,113.73,113.7,113.73,113.712,5,5
1631555645,113.67,113.67,113.67,113.67,113.67,1,1
1631555650,113.7,113.7,113.69,113.7,113.7,2,1
1631555655,113.67,113.67,113.63,113.63,113.66,6,5
1631555660,113.63,113.63,113.63,113.63,113.63,0,0
1631555665,113.63,113.63,113.63,113.63,113.63,0,0
1631555670,113.65,113.65,113.61,113.62,113.621,16,9
1631555675,113.62,113.62,113.62,113.62,113.62,0,0
1631555680,113.67,113.67,113.67,113.67,113.67,3,3
1631555685,113.67,113.67,113.67,113.67,113.67,0,0
1631555690,113.69,113.73,113.69,113.73,113.709,5,5
1631555695,113.75,113.75,113.75,113.75,113.75,3,3
1631555700,113.75,113.75,113.75,113.75,113.75,0,0
1631555705,113.78,113.78,113.74,113.74,113.749,8,8
1631555710,113.71,113.72,113.71,113.71,113.71,5,1
1631555715,113.71,113.72,113.71,113.71,113.71,0,0
1631555720,113.71,113.72,113.71,113.71,113.71,0,0
1631555725,113.78,113.8,113.78,113.78,113.781,40,10
1631555730,113.78,113.78,113.78,113.78,113.78,0,0
1631555735,113.78,113.78,113.78,113.78,113.78,0,0
1631555740,113.78,113.78,113.78,113.78,113.78,0,0
1631555745,113.77,113.77,113.76,113.76,113.764,7,6
1631555750,113.74,113.74,113.71,113.71,113.739,40,2
1631555755,113.71,113.71,113.7,113.71,113.707,1,1
1631555760,113.72,113.72,113.71,113.71,113.712,15,10
1631555765,113.68,113.69,113.67,113.67,113.672,6,2
1631555770,113.76,113.76,113.76,113.76,113.76,6,3
1631555775,113.76,113.76,113.76,113.76,113.76,1,1
1631555780,113.76,113.76,113.76,113.76,113.76,0,0
1631555785,113.75,113.75,113.72,113.72,113.732,5,3
1631555790,113.73,113.73,113.72,113.73,113.725,3,1
1631555795,113.73,113.73,113.72,113.73,113.73,0,0
1631555800,113.7,113.7,113.7,113.7,113.7,2,2
1631555805,113.7,113.7,113.7,113.7,113.7,0,0
1631555810,113.75,113.75,113.75,113.75,113.75,6,3
1631555815,113.71,113.71,113.68,113.68,113.689,6,2
1631555820,113.68,113.68,113.68,113.68,113.68,0,0
1631555825,113.68,113.68,113.68,113.68,113.68,0,0
1631555830,113.68,113.68,113.68,113.68,113.68,0,0
1631555835,113.68,113.68,113.68,113.68,113.68,0,0
1631555840,113.68,113.68,113.68,113.68,113.68,0,0
1631555845,113.72,113.72,113.69,113.7,113.699,5,5
1631555850,113.74,113.75,113.74,113.75,113.741,18,12
1631555855,113.75,113.75,113.75,113.75,113.75,0,0
1631555860,113.75,113.75,113.75,113.75,113.75,0,0
1631555865,113.72,113.73,113.72,113.73,113.722,5,3
1631555870,113.73,113.73,113.73,113.73,113.73,2,2
1631555875,113.72,113.72,113.71,113.72,113.72,22,18
1631555880,113.78,113.78,113.73,113.77,113.773,9,9
1631555885,113.78,113.78,113.78,113.78,113.78,1,1
1631555890,113.78,113.78,113.78,113.78,113.78,0,0
1631555895,113.78,113.78,113.78,113.78,113.78,0,0
1631555900,113.77,113.81,113.76,113.76,113.766,18,15
1631555905,113.78,113.82,113.78,113.79,113.805,8,3
1631555910,113.79,113.79,113.79,113.79,113.79,4,2
1631555915,113.81,113.81,113.8,113.81,113.809,2,1
1631555920,113.76,113.76,113.76,113.76,113.76,2,2
1631555925,113.79,113.79,113.68,113.68,113.777,51,14
1631555930,113.65,113.71,113.65,113.67,113.666,29,14
1631555935,113.67,113.67,113.66,113.67,113.665,1,1
1631555940,113.63,113.66,113.63,113.66,113.64,6,6
1631555945,113.66,113.66,113.66,113.66,113.66,0,0
1631555950,113.66,113.66,113.66,113.66,113.66,8,1
1631555955,113.63,113.63,113.63,113.63,113.63,1,1
1631555960,113.63,113.63,113.63,113.63,113.63,0,0
1631555965,113.64,113.64,113.63,113.64,113.638,2,2
1631555970,113.64,113.64,113.64,113.64,113.64,0,0
1631555975,113.64,113.64,113.63,113.64,113.635,1,1
1631555980,113.64,113.64,113.62,113.63,113.632,2,2
1631555985,113.6,113.61,113.6,113.6,113.6,2,1
1631555990,113.6,113.6,113.5,113.54,113.519,27,12
1631555995,113.54,113.54,113.54,113.54,113.54,0,0
1631556000,113.6,113.62,113.57,113.59,113.604,13,13
1631556005,113.61,113.65,113.6,113.61,113.622,3,3
1631556010,113.61,113.61,113.61,113.61,113.61,0,0
1631556015,113.61,113.61,113.61,113.61,113.61,1,1
1631556020,113.61,113.61,113.61,113.61,113.61,2,2
1631556025,113.64,113.68,113.62,113.68,113.667,15,6
1631556030,113.68,113.68,113.67,113.68,113.68,0,0
1631556035,113.68,113.72,113.68,113.72,113.69,7,7
1631556040,113.72,113.72,113.72,113.72,113.72,0,0
1631556045,113.67,113.67,113.67,113.67,113.67,1,1
1631556050,113.67,113.67,113.67,113.67,113.67,0,0
1631556055,113.67,113.67,113.67,113.67,113.67,0,0
1631556060,113.67,113.67,113.67,113.67,113.67,0,0
1631556065,113.62,113.62,113.62,113.62,113.62,1,1
1631556070,113.62,113.62,113.62,113.62,113.62,0,0
1631556075,113.62,113.62,113.62,113.62,113.62,0,0
1631556080,113.67,113.72,113.67,113.72,113.677,14,3
1631556085,113.72,113.72,113.72,113.72,113.72,0,0
1631556090,113.72,113.72,113.72,113.72,113.72,0,0
1631556095,113.75,113.75,113.74,113.75,113.745,1,1
1631556100,113.76,113.76,113.76,113.76,113.76,3,2
1631556105,113.79,113.79,113.79,113.79,113.79,3,3
1631556110,113.81,113.81,113.8,113.81,113.807,5,5
1631556115,113.82,113.85,113.82,113.85,113.835,2,2
1631556120,113.86,113.96,113.86,113.9,113.931,105,42
1631556125,113.92,113.94,113.92,113.93,113.928,3,3
1631556130,113.94,113.94,113.93,113.94,113.936,1,1
1631556135,113.95,113.95,113.92,113.93,113.933,10,3
1631556140,113.94,113.95,113.9,113.9,113.91,13,7
1631556145,113.9,113.9,113.89,113.89,113.895,2,2
1631556150,113.9,113.9,113.89,113.9,113.895,1,1
1631556155,113.93,113.95,113.93,113.95,113.94,2,2
1631556160,113.93,113.96,113.92,113.95,113.94,9,5
1631556165,113.94,113.97,113.94,113.97,113.959,2,2
1631556170,113.97,113.97,113.97,113.97,113.97,0,0
1631556175,113.98,113.98,113.91,113.92,113.945,37,16
1631556180,113.88,113.89,113.86,113.89,113.871,4,3
1631556185,113.85,113.85,113.83,113.85,113.84,6,4
1631556190,113.85,113.85,113.85,113.85,113.85,0,0
1631556195,113.87,113.87,113.82,113.82,113.838,3,3
1631556200,113.82,113.82,113.82,113.82,113.82,0,0
1631556205,113.79,113.84,113.77,113.84,113.795,6,6
1631556210,113.81,113.81,113.8,113.81,113.805,1,1
1631556215,113.85,113.85,113.76,113.81,113.802,25,5
1631556220,113.81,113.81,113.81,113.81,113.81,0,0
1631556225,113.85,113.85,113.8,113.85,113.829,13,8
1631556230,113.85,113.85,113.85,113.85,113.85,2,2
1631556235,113.86,113.86,113.86,113.86,113.86,1,1
1631556240,113.9,113.9,113.86,113.86,113.878,5,5
1631556245,113.84,113.84,113.83,113.83,113.833,3,3
1631556250,113.78,113.79,113.78,113.78,113.781,1,1
1631556255,113.83,113.83,113.83,113.83,113.83,2,2
1631556260,113.83,113.83,113.83,113.83,113.83,0,0
1631556265,113.83,113.83,113.83,113.83,113.83,0,0
1631556270,113.83,113.83,113.83,113.83,113.83,0,0
1631556275,113.83,113.83,113.83,113.83,113.83,0,0
1631556280,113.83,113.83,113.81,113.83,113.823,3,3
1631556285,113.83,113.83,113.83,113.83,113.83,0,0
1631556290,113.85,113.85,113.85,113.85,113.85,4,1
1631556295,113.85,113.85,113.85,113.85,113.85,1,1
1631556300,113.86,113.88,113.86,113.88,113.871,12,4
1631556305,113.88,113.88,113.88,113.88,113.88,0,0
1631556310,113.84,113.87,113.84,113.86,113.861,11,9
1631556315,113.84,113.85,113.84,113.84,113.84,7,1
1631556320,113.84,113.85,113.84,113.84,113.84,0,0
1631556325,113.9,113.9,113.87,113.88,113.89,2,2
1631556330,113.87,113.87,113.86,113.86,113.862,5,4
1631556335,113.84,113.84,113.84,113.84,113.84,1,1
1631556340,113.88,113.88,113.87,113.88,113.875,1,1
1631556345,113.88,113.88,113.87,113.88,113.88,0,0
1631556350,113.88,113.88,113.87,113.88,113.88,0,0
1631556355,113.85,113.85,113.83,113.85,113.842,8,8
1631556360,113.86,113.86,113.85,113.86,113.855,1,1
1631556365,113.82,113.82,113.82,113.82,113.82,1,1
1631556370,113.82,113.82,113.82,113.82,113.82,0,0
1631556375,113.82,113.88,113.82,113.88,113.84,10,10
1631556380,113.86,113.86,113.85,113.86,113.855,6,2
1631556385,113.86,113.86,113.85,113.86,113.86,0,0
1631556390,113.82,113.82,113.82,113.82,113.82,1,1
1631556395,113.8,113.8,113.8,113.8,113.8,1,1
1631556400,113.84,113.84,113.8,113.8,113.811,16,5
1631556405,113.8,113.8,113.8,113.8,113.8,0,0
1631556410,113.8,113.8,113.8,113.8,113.8,0,0
1631556415,113.82,113.83,113.79,113.79,113.809,10,7
1631556420,113.8,113.8,113.79,113.8,113.795,1,1
1631556425,113.8,113.8,113.79,113.8,113.8,0,0
1631556430,113.8,113.83,113.8,113.83,113.818,6,5
1631556435,113.78,113.78,113.78,113.78,113.78,1,1
1631556440,113.78,113.78,113.78,113.78,113.78,0,0
1631556445,113.78,113.78,113.78,113.78,113.78,0,0
1631556450,113.85,113.85,113.85,113.85,113.85,1,1
1631556455,113.85,113.85,113.85,113.85,113.85,0,0
1631556460,113.88,113.9,113.86,113.86,113.884,7,4
1631556465,113.85,113.85,113.85,113.85,113.85,2,2
1631556470,113.85,113.85,113.85,113.85,113.85,0,0
1631556475,113.85,113.85,113.85,113.85,113.85,0,0
1631556480,113.85,113.85,113.85,113.85,113.85,0,0
1631556485,113.85,113.85,113.85,113.85,113.85,0,0
1631556490,113.9,113.96,113.9,113.95,113.929,51,18
1631556495,113.93,113.96,113.91,113.91,113.923,6,5
1631556500,113.91,113.91,113.91,113.91,113.91,10,9
1631556505,113.94,113.94,113.93,113.94,113.935,2,1
1631556510,113.96,113.96,113.96,113.96,113.96,3,3
1631556515,113.95,113.95,113.95,113.95,113.95,6,2
1631556520,113.98,114.0,113.92,113.98,113.955,10,8
1631556525,113.95,113.95,113.95,113.95,113.95,3,2
1631556530,113.95,113.98,113.94,113.98,113.96,17,9
1631556535,113.98,114.0,113.95,114.0,113.971,21,7
1631556540,113.95,113.95,113.92,113.92,113.937,3,3
1631556545,113.92,113.92,113.92,113.92,113.92,0,0
1631556550,113.95,113.95,113.95,113.95,113.95,1,1
1631556555,113.91,113.91,113.91,113.91,113.91,5,3
1631556560,113.94,113.94,113.94,113.94,113.94,1,1
1631556565,113.87,113.87,113.87,113.87,113.87,1,1
1631556570,113.87,113.87,113.83,113.83,113.847,62,4
1631556575,113.89,113.89,113.89,113.89,113.89,1,1
1631556580,113.89,113.89,113.81,113.81,113.835,8,4
1631556585,113.88,113.89,113.88,113.88,113.882,4,2
1631556590,113.91,113.94,113.91,113.94,113.93,3,3
1631556595,113.9,113.9,113.86,113.86,113.889,27,5
1631556600,113.88,113.89,113.83,113.89,113.861,8,8
1631556605,113.9,113.9,113.89,113.9,113.895,1,1
1631556610,113.89,113.89,113.89,113.89,113.89,1,1
1631556615,113.92,113.92,113.87,113.87,113.91,5,4
1631556620,113.87,113.87,113.87,113.87,113.87,0,0
1631556625,113.86,113.86,113.82,113.82,113.834,9,5
1631556630,113.83,113.83,113.83,113.83,113.83,1,1
1631556635,113.86,113.87,113.86,113.87,113.864,7,2
1631556640,113.87,113.87,113.86,113.87,113.87,0,0
1631556645,113.86,113.86,113.85,113.86,113.855,4,2
1631556650,113.86,113.86,113.85,113.86,113.855,1,1
1631556655,113.82,113.83,113.79,113.79,113.792,86,8
1631556660,113.79,113.79,113.77,113.78,113.782,6,6
1631556665,113.76,113.76,113.76,113.76,113.76,1,1
1631556670,113.75,113.75,113.74,113.74,113.745,2,2
1631556675,113.7,113.73,113.7,113.71,113.716,7,7
1631556680,113.71,113.71,113.71,113.71,113.71,0,0
1631556685,113.73,113.73,113.72,113.73,113.727,1,1
1631556690,113.73,113.73,113.72,113.73,113.73,0,0
1631556695,113.72,113.72,113.71,113.72,113.715,1,1
1631556700,113.69,113.7,113.69,113.69,113.691,1,1
1631556705,113.68,113.7,113.6,113.64,113.658,51,25
1631556710,113.66,113.71,113.66,113.7,113.684,11,4
1631556715,113.61,113.61,113.61,113.61,113.61,1,1
1631556720,113.7,113.76,113.7,113.71,113.731,28,12
1631556725,113.72,113.72,113.7,113.7,113.704,4,3
1631556730,113.76,113.76,113.76,113.76,113.76,2,2
1631556735,113.76,113.76,113.76,113.76,113.76,1,1
1631556740,113.76,113.76,113.76,113.76,113.76,0,0
1631556745,113.76,113.76,113.76,113.76,113.76,0,0
1631556750,113.72,113.8,113.72,113.72,113.726,23,21
1631556755,113.72,113.72,113.72,113.72,113.72,0,0
1631556760,113.72,113.72,113.72,113.72,113.72,1,1
1631556765,113.72,113.75,113.72,113.73,113.727,10,3
1631556770,113.75,113.76,113.75,113.75,113.751,5,1
1631556775,113.81,113.81,113.81,113.81,113.81,1,1
1631556780,113.81,113.81,113.81,113.81,113.81,0,0
1631556785,113.8,113.8,113.76,113.76,113.784,17,17
1631556790,113.76,113.76,113.76,113.76,113.76,0,0
1631556795,113.76,113.76,113.66,113.67,113.709,13,9
1631556800,113.67,113.67,113.66,113.67,113.67,0,0
1631556805,113.66,113.66,113.65,113.66,113.657,3,3
1631556810,113.69,113.69,113.68,113.69,113.688,1,1
1631556815,113.69,113.69,113.68,113.69,113.69,0,0
1631556820,113.7,113.7,113.65,113.65,113.675,9,5
1631556825,113.65,113.65,113.65,113.65,113.65,1,1
1631556830,113.65,113.65,113.65,113.65,113.65,0,0
1631556835,113.65,113.65,113.65,113.65,113.65,0,0
1631556840,113.66,113.67,113.66,113.66,113.664,1,1
1631556845,113.67,113.72,113.67,113.72,113.71,5,2
1631556850,113.68,113.78,113.66,113.77,113.705,8,4
1631556855,113.66,113.66,113.64,113.64,113.652,5,5
1631556860,113.73,113.73,113.73,113.73,113.73,2,2
1631556865,113.73,113.73,113.73,113.73,113.73,0,0
1631556870,113.73,113.73,113.73,113.73,113.73,0,0
1631556875,113.72,113.72,113.71,113.72,113.715,1,1
1631556880,113.72,113.72,113.71,113.72,113.715,1,1
1631556885,113.72,113.72,113.71,113.72,113.72,0,0
1631556890,113.74,113.74,113.74,113.74,113.74,1,1
1631556895,113.69,113.69,113.68,113.69,113.688,3,1
1631556900,113.68,113.72,113.68,113.7,113.69,6,6
1631556905,113.71,113.71,113.7,113.71,113.705,1,1
1631556910,113.69,113.73,113.69,113.73,113.71,2,2
1631556915,113.65,113.7,113.65,113.7,113.689,7,2
1631556920,113.7,113.7,113.69,113.7,113.7,0,0
1631556925,113.7,113.7,113.7,113.7,113.7,1,1
1631556930,113.67,113.67,113.58,113.65,113.617,16,15
1631556935,113.65,113.65,113.65,113.65,113.65,0,0
1631556940,113.55,113.55,113.54,113.55,113.548,6,5
1631556945,113.57,113.62,113.57,113.62,113.595,2,2
1631556950,113.54,113.54,113.54,113.54,113.54,4,1
1631556955,113.55,113.55,113.55,113.55,113.55,1,1
1631556960,113.59,113.59,113.59,113.59,113.59,1,1
1631556965,113.59,113.59,113.59,113.59,113.59,0,0
1631556970,113.58,113.58,113.54,113.57,113.551,11,9
1631556975,113.54,113.54,113.54,113.54,113.54,3,3
1631556980,113.53,113.53,113.45,113.45,113.487,6,5
1631556985,113.44,113.48,113.42,113.44,113.447,10,6
1631556990,113.47,113.47,113.43,113.43,113.437,7,6
1631556995,113.43,113.43,113.43,113.43,113.43,0,0
1631557000,113.42,113.46,113.42,113.46,113.438,2,2
1631557005,113.42,113.42,113.42,113.42,113.42,1,1
1631557010,113.42,113.42,113.42,113.42,113.42,0,0
1631557015,113.48,113.49,113.41,113.44,113.436,20,20
1631557020,113.43,113.47,113.4,113.46,113.442,29,9
1631557025,113.45,113.46,113.45,113.45,113.453,5,1
1631557030,113.41,113.42,113.41,113.42,113.415,2,2
1631557035,113.41,113.41,113.38,113.38,113.398,4,3
1631557040,113.39,113.44,113.39,113.44,113.413,2,2
1631557045,113.39,113.43,113.39,113.43,113.408,2,2
1631557050,113.4,113.46,113.4,113.41,113.438,5,4
1631557055,113.4,113.43,113.4,113.43,113.415,2,2
1631557060,113.41,113.41,113.37,113.37,113.39,22,5
1631557065,113.35,113.35,113.33,113.33,113.337,3,2
1631557070,113.3,113.31,113.25,113.28,113.285,22,11
1631557075,113.25,113.25,113.19,113.2,113.231,61,12
1631557080,113.21,113.21,113.17,113.2,113.196,21,10
1631557085,113.17,113.27,113.17,113.23,113.222,11,10
1631557090,113.25,113.3,113.25,113.28,113.263,26,11
1631557095,113.24,113.24,113.23,113.23,113.235,10,7
1631557100,113.23,113.24,113.23,113.23,113.23,0,0
1631557105,113.26,113.28,113.2,113.2,113.227,48,45
1631557110,113.2,113.2,113.2,113.2,113.2,6,6
1631557115,113.16,113.16,113.15,113.16,113.155,3,3
1631557120,113.16,113.16,113.15,113.16,113.16,0,0
1631557125,113.16,113.2,113.15,113.18,113.172,11,9
1631557130,113.18,113.18,113.17,113.18,113.18,0,0
1631557135,113.18,113.18,113.17,113.18,113.18,0,0
1631557140,113.18,113.18,113.17,113.18,113.18,0,0
1631557145,113.2,113.2,113.2,113.2,113.2,1,1
1631557150,113.21,113.24,113.2,113.24,113.236,15,11
1631557155,113.27,113.27,113.24,113.25,113.26,15,12
1631557160,113.28,113.28,113.24,113.25,113.265,15,7
1631557165,113.25,113.25,113.24,113.25,113.245,9,1
1631557170,113.22,113.22,113.21,113.22,113.215,5,1
1631557175,113.22,113.22,113.21,113.22,113.22,0,0
1631557180,113.25,113.25,113.24,113.25,113.245,2,1
1631557185,113.25,113.25,113.24,113.25,113.25,0,0
1631557190,113.23,113.26,113.23,113.26,113.251,5,5
1631557195,113.25,113.29,113.25,113.26,113.263,6,5
1631557200,113.28,113.29,113.28,113.28,113.281,2,2
1631557205,113.24,113.24,113.23,113.23,113.235,2,2
1631557210,113.24,113.24,113.2,113.2,113.212,11,8
1631557215,113.2,113.2,113.2,113.2,113.2,0,0
1631557220,113.2,113.2,113.2,113.2,113.2,0,0
1631557225,113.19,113.19,113.12,113.12,113.168,13,7
1631557230,113.15,113.15,113.11,113.14,113.14,19,6
1631557235,113.15,113.15,113.15,113.15,113.15,1,1
1631557240,113.11,113.17,113.11,113.17,113.149,16,12
1631557245,113.16,113.19,113.15,113.19,113.164,27,9
1631557250,113.16,113.16,113.16,113.16,113.16,8,1
1631557255,113.16,113.19,113.16,113.19,113.176,16,10
1631557260,113.22,113.22,113.19,113.21,113.2,8,8
1631557265,113.21,113.21,113.21,113.21,113.21,0,0
1631557270,113.21,113.21,113.21,113.21,113.21,0,0
1631557275,113.25,113.3,113.22,113.27,113.266,33,25
1631557280,113.25,113.26,113.25,113.25,113.253,3,3
1631557285,113.25,113.25,113.25,113.25,113.25,0,0
1631557290,113.26,113.26,113.26,113.26,113.26,1,1
1631557295,113.26,113.26,113.26,113.26,113.26,1,1
1631557300,113.26,113.26,113.26,113.26,113.26,0,0
1631557305,113.24,113.24,113.22,113.22,113.233,3,3
1631557310,113.25,113.25,113.24,113.24,113.244,6,2
1631557315,113.25,113.25,113.25,113.25,113.25,2,2
1631557320,113.25,113.25,113.25,113.25,113.25,0,0
1631557325,113.25,113.25,113.25,113.25,113.25,0,0
1631557330,113.25,113.25,113.25,113.25,113.25,0,0
1631557335,113.25,113.25,113.25,113.25,113.25,0,0
1631557340,113.3,113.3,113.28,113.28,113.296,5,4
1631557345,113.29,113.29,113.28,113.29,113.285,1,1
1631557350,113.25,113.25,113.25,113.25,113.25,1,1
1631557355,113.25,113.25,113.25,113.25,113.25,0,0
1631557360,113.25,113.25,113.25,113.25,113.25,0,0
1631557365,113.25,113.25,113.25,113.25,113.25,0,0
1631557370,113.25,113.25,113.25,113.25,113.25,0,0
1631557375,113.25,113.25,113.25,113.25,113.25,0,0
1631557380,113.31,113.31,113.29,113.29,113.3,2,2
1631557385,113.27,113.27,113.2,113.2,113.235,3,3
1631557390,113.18,113.18,113.13,113.13,113.155,17,7
1631557395,113.21,113.21,113.2,113.21,113.205,2,1
1631557400,113.14,113.21,113.14,113.21,113.173,2,2
1631557405,113.19,113.19,113.18,113.19,113.185,2,1
1631557410,113.18,113.18,113.18,113.18,113.18,1,1
1631557415,113.18,113.18,113.18,113.18,113.18,0,0
1631557420,113.18,113.18,113.18,113.18,113.18,0,0
1631557425,113.19,113.19,113.19,113.19,113.19,1,1
1631557430,113.18,113.21,113.18,113.21,113.195,2,2
1631557435,113.21,113.21,113.21,113.21,113.21,0,0
1631557440,113.18,113.18,113.18,113.18,113.18,1,1
1631557445,113.17,113.17,113.15,113.15,113.154,5,5
1631557450,113.14,113.16,113.14,113.15,113.146,9,6
1631557455,113.15,113.16,113.15,113.15,113.15,0,0
1631557460,113.15,113.16,113.15,113.15,113.15,0,0
1631557465,113.15,113.16,113.15,113.15,113.15,0,0
1631557470,113.15,113.16,113.15,113.15,113.15,0,0
1631557475,113.15,113.15,113.05,113.05,113.12,40,19
1631557480,113.11,113.11,113.11,113.11,113.11,1,1
1631557485,113.11,113.11,113.11,113.11,113.11,0,0
1631557490,113.08,113.08,113.08,113.08,113.08,7,3
1631557495,113.08,113.08,113.08,113.08,113.08,0,0
1631557500,113.08,113.08,113.08,113.08,113.08,0,0
1631557505,113.07,113.07,113.07,113.07,113.07,1,1
1631557510,113.03,113.03,112.97,112.98,112.989,15,9
1631557515,112.98,112.98,112.98,112.98,112.98,0,0
1631557520,113.04,113.04,113.03,113.03,113.039,7,7
1631557525,113.03,113.07,113.02,113.07,113.044,3,3
1631557530,113.07,113.1,113.07,113.1,113.08,3,3
1631557535,113.1,113.1,113.1,113.1,113.1,0,0
1631557540,113.1,113.1,113.08,113.09,113.093,4,4
1631557545,113.09,113.09,113.08,113.09,113.09,0,0
1631557550,113.05,113.05,113.05,113.05,113.05,1,1
1631557555,113.05,113.05,113.04,113.05,113.048,4,4
1631557560,113.0,113.03,113.0,113.03,113.022,15,3
1631557565,113.0,113.01,113.0,113.0,113.004,1,1
1631557570,113.04,113.04,113.03,113.04,113.035,14,2
1631557575,113.04,113.04,113.03,113.04,113.04,0,0
1631557580,113.04,113.04,113.03,113.04,113.04,0,0
1631557585,112.99,113.01,112.98,113.01,112.998,11,8
1631557590,113.01,113.01,113.0,113.01,113.005,3,1
1631557595,113.01,113.01,112.99,112.99,112.996,5,2
1631557600,113.01,113.01,113.01,113.01,113.01,2,1
1631557605,113.04,113.04,113.0,113.0,113.022,2,2
1631557610,113.0,113.01,113.0,113.0,113.0,0,0
1631557615,113.0,113.01,113.0,113.0,113.0,0,0
1631557620,113.0,113.01,113.0,113.0,113.0,0,0
1631557625,113.0,113.01,113.0,113.0,113.0,0,0
1631557630,113.0,113.01,113.0,113.0,113.0,0,0
1631557635,113.09,113.09,113.09,113.09,113.09,8,7
1631557640,113.1,113.11,113.08,113.11,113.105,39,9
1631557645,113.12,113.12,113.06,113.07,113.092,9,8
1631557650,113.07,113.07,113.06,113.07,113.07,0,0
1631557655,113.07,113.07,113.06,113.07,113.07,0,0
1631557660,113.1,113.15,113.1,113.14,113.134,11,3
1631557665,113.05,113.1,113.05,113.09,113.083,4,4
1631557670,113.09,113.09,113.09,113.09,113.09,0,0
1631557675,113.17,113.17,113.1,113.11,113.144,15,3
1631557680,113.11,113.11,113.1,113.11,113.11,0,0
1631557685,113.11,113.11,113.1,113.11,113.11,0,0
1631557690,113.05,113.05,113.05,113.05,113.05,5,1
1631557695,113.05,113.05,113.05,113.05,113.05,0,0
1631557700,113.07,113.07,113.06,113.07,113.068,4,4
1631557705,113.11,113.14,113.11,113.14,113.125,4,4
1631557710,113.15,113.15,113.14,113.14,113.145,3,3
1631557715,113.14,113.14,113.13,113.14,113.139,4,3
1631557720,113.14,113.14,113.13,113.14,113.14,0,0
1631557725,113.17,113.17,113.1,113.14,113.137,111,12
1631557730,113.14,113.14,113.13,113.14,113.14,0,0
1631557735,113.16,113.16,113.13,113.13,113.145,2,2
1631557740,113.12,113.15,113.1,113.15,113.133,54,11
1631557745,113.1,113.1,113.09,113.09,113.095,2,2
1631557750,113.07,113.07,113.07,113.07,113.07,1,1
1631557755,113.07,113.07,113.07,113.07,113.07,0,0
1631557760,113.07,113.07,113.07,113.07,113.07,0,0
1631557765,113.07,113.07,113.07,113.07,113.07,0,0
1631557770,113.03,113.03,113.03,113.03,113.03,7,1
1631557775,112.98,112.99,112.95,112.95,112.971,11,5
1631557780,112.92,112.92,112.92,112.92,112.92,3,3
1631557785,112.98,112.98,112.98,112.98,112.98,1,1
1631557790,112.95,112.96,112.95,112.95,112.95,6,2
1631557795,112.95,112.95,112.86,112.86,112.903,17,8
1631557800,112.9,112.9,112.86,112.9,112.893,13,13
1631557805,112.9,112.9,112.89,112.9,112.895,1,1
1631557810,112.9,112.9,112.81,112.81,112.864,20,8
1631557815,112.82,112.82,112.82,112.82,112.82,4,3
1631557820,112.81,112.81,112.81,112.81,112.81,7,6
1631557825,112.81,112.84,112.8,112.8,112.833,13,3
1631557830,112.84,112.85,112.81,112.81,112.839,24,4
1631557835,112.81,112.81,112.81,112.81,112.81,0,0
1631557840,112.81,112.81,112.81,112.81,112.81,0,0
1631557845,112.81,112.81,112.81,112.81,112.81,0,0
1631557850,112.84,112.85,112.81,112.81,112.833,7,4
1631557855,112.88,112.88,112.82,112.82,112.868,13,13
1631557860,112.85,112.88,112.85,112.87,112.87,14,11
1631557865,112.87,112.89,112.86,112.88,112.884,21,14
1631557870,112.91,112.94,112.9,112.94,112.92,10,8
1631557875,112.92,112.94,112.9,112.93,112.932,17,15
1631557880,112.96,112.96,112.89,112.94,112.927,12,8
1631557885,112.94,112.94,112.93,112.94,112.938,3,2
1631557890,112.94,112.97,112.91,112.91,112.95,12,9
1631557895,112.91,112.91,112.91,112.91,112.91,0,0
1631557900,112.95,112.95,112.85,112.85,112.885,64,21
1631557905,112.88,112.89,112.85,112.86,112.875,4,2
1631557910,112.82,112.84,112.63,112.74,112.743,112,46
1631557915,112.7,112.74,112.62,112.73,112.686,50,35
1631557920,112.72,112.77,112.71,112.77,112.741,17,14
1631557925,112.77,112.8,112.76,112.8,112.79,18,16
1631557930,112.79,112.84,112.79,112.84,112.831,10,3
1631557935,112.84,112.84,112.83,112.84,112.84,0,0
1631557940,112.81,112.81,112.8,112.81,112.805,1,1
1631557945,112.81,112.81,112.8,112.81,112.81,0,0
1631557950,112.81,112.81,112.81,112.81,112.81,1,1
1631557955,112.81,112.81,112.81,112.81,112.81,0,0
1631557960,112.81,112.81,112.81,112.81,112.81,0,0
1631557965,112.81,112.81,112.72,112.72,112.766,10,10
1631557970,112.72,112.72,112.72,112.72,112.72,0,0
1631557975,112.72,112.72,112.72,112.72,112.72,0,0
1631557980,112.73,112.73,112.69,112.69,112.699,12,3
1631557985,112.73,112.76,112.71,112.73,112.723,11,5
1631557990,112.73,112.73,112.73,112.73,112.73,0,0
1631557995,112.75,112.77,112.67,112.73,112.724,53,23
1631558000,112.73,112.73,112.73,112.73,112.73,0,0
1631558005,112.76,112.79,112.75,112.79,112.763,6,6
1631558010,112.78,112.8,112.78,112.8,112.791,7,6
1631558015,112.84,112.87,112.82,112.85,112.841,9,8
1631558020,112.81,112.82,112.81,112.81,112.81,2,1
1631558025,112.85,112.85,112.82,112.82,112.836,5,4
1631558030,112.82,112.82,112.82,112.82,112.82,2,2
1631558035,112.85,112.86,112.83,112.83,112.847,18,8
1631558040,112.84,112.84,112.83,112.84,112.839,3,3
1631558045,112.8,112.8,112.74,112.8,112.771,11,11
1631558050,112.8,112.8,112.8,112.8,112.8,0,0
1631558055,112.82,112.82,112.79,112.79,112.8,5,5
1631558060,112.79,112.82,112.79,112.82,112.792,11,3
1631558065,112.79,112.81,112.79,112.81,112.796,4,2
1631558070,112.81,112.81,112.8,112.81,112.805,1,1
1631558075,112.81,112.81,112.8,112.81,112.81,0,0
1631558080,112.79,112.79,112.79,112.79,112.79,1,1
1631558085,112.79,112.81,112.79,112.81,112.799,4,4
1631558090,112.8,112.81,112.79,112.81,112.806,7,6
1631558095,112.84,112.85,112.84,112.85,112.842,5,5
1631558100,112.82,112.82,112.76,112.8,112.798,31,12
1631558105,112.76,112.83,112.66,112.72,112.756,21,12
1631558110,112.67,112.67,112.67,112.67,112.67,1,1
1631558115,112.72,112.72,112.71,112.72,112.715,7,1
1631558120,112.67,112.71,112.67,112.67,112.678,5,5
1631558125,112.66,112.71,112.66,112.7,112.67,12,2
1631558130,112.71,112.71,112.71,112.71,112.71,1,1
1631558135,112.71,112.71,112.71,112.71,112.71,0,0
1631558140,112.71,112.71,112.71,112.71,112.71,0,0
1631558145,112.71,112.72,112.69,112.7,112.708,5,5
1631558150,112.74,112.74,112.7,112.7,112.725,4,3
1631558155,112.71,112.71,112.71,112.71,112.71,1,1
1631558160,112.71,112.75,112.66,112.75,112.708,13,13
1631558165,112.75,112.75,112.73,112.75,112.748,8,7
1631558170,112.75,112.75,112.72,112.74,112.736,20,10
1631558175,112.76,112.86,112.76,112.86,112.803,20,16
1631558180,112.85,112.86,112.82,112.82,112.843,3,3
1631558185,112.83,112.83,112.82,112.83,112.825,1,1
1631558190,112.83,112.83,112.83,112.83,112.83,1,1
1631558195,112.82,112.83,112.81,112.83,112.821,3,3
1631558200,112.83,112.83,112.83,112.83,112.83,0,0
1631558205,112.8,112.8,112.75,112.76,112.774,10,10
1631558210,112.76,112.76,112.76,112.76,112.76,1,1
1631558215,112.73,112.73,112.73,112.73,112.73,1,1
1631558220,112.74,112.74,112.74,112.74,112.74,1,1
1631558225,112.75,112.78,112.74,112.78,112.763,2,2
1631558230,112.74,112.74,112.74,112.74,112.74,1,1
1631558235,112.72,112.72,112.72,112.72,112.72,1,1
1631558240,112.72,112.72,112.72,112.72,112.72,0,0
1631558245,112.7,112.7,112.68,112.68,112.69,4,4
1631558250,112.7,112.7,112.69,112.7,112.695,1,1
1631558255,112.7,112.7,112.69,112.7,112.7,0,0
1631558260,112.7,112.7,112.69,112.7,112.695,1,1
1631558265,112.7,112.7,112.69,112.7,112.7,0,0
1631558270,112.74,112.74,112.74,112.74,112.74,1,1
1631558275,112.7,112.74,112.69,112.7,112.708,4,4
1631558280,112.71,112.71,112.7,112.7,112.705,4,4
1631558285,112.73,112.74,112.73,112.74,112.735,2,2
1631558290,112.71,112.73,112.7,112.72,112.718,3,3
1631558295,112.74,112.74,112.71,112.72,112.725,6,6
1631558300,112.72,112.72,112.71,112.72,112.715,1,1
1631558305,112.74,112.79,112.73,112.79,112.755,8,7
1631558310,112.79,112.81,112.79,112.81,112.793,6,6
1631558315,112.81,112.81,112.81,112.81,112.81,2,2
1631558320,112.82,112.84,112.82,112.84,112.838,10,2
1631558325,112.84,112.84,112.72,112.72,112.767,17,13
1631558330,112.73,112.74,112.73,112.73,112.735,1,1
1631558335,112.76,112.76,112.76,112.76,112.76,6,6
1631558340,112.77,112.77,112.76,112.77,112.765,1,1
1631558345,112.77,112.77,112.76,112.77,112.77,0,0
1631558350,112.77,112.77,112.76,112.77,112.765,1,1
1631558355,112.77,112.77,112.76,112.77,112.765,1,1
1631558360,112.77,112.77,112.76,112.77,112.765,1,1
1631558365,112.8,112.8,112.78,112.78,112.793,3,3
1631558370,112.75,112.78,112.75,112.78,112.772,11,9
1631558375,112.81,112.81,112.76,112.8,112.795,17,16
1631558380,112.8,112.8,112.79,112.8,112.8,0,0
1631558385,112.8,112.8,112.79,112.8,112.8,0,0
1631558390,112.8,112.8,112.79,112.8,112.8,0,0
1631558395,112.8,112.8,112.79,112.8,112.8,0,0
1631558400,112.8,112.8,112.8,112.8,112.8,2,2
1631558405,112.76,112.77,112.74,112.77,112.762,12,5
1631558410,112.77,112.77,112.77,112.77,112.77,0,0
1631558415,112.77,112.77,112.77,112.77,112.77,0,0
1631558420,112.72,112.72,112.72,112.72,112.72,1,1
1631558425,112.77,112.78,112.77,112.78,112.774,5,2
1631558430,112.78,112.79,112.78,112.79,112.783,8,5
1631558435,112.8,112.8,112.76,112.78,112.785,10,10
1631558440,112.78,112.78,112.78,112.78,112.78,0,0
1631558445,112.74,112.75,112.74,112.74,112.74,2,1
1631558450,112.74,112.75,112.74,112.74,112.74,0,0
1631558455,112.74,112.75,112.74,112.74,112.74,0,0
1631558460,112.82,112.82,112.78,112.8,112.792,57,45
1631558465,112.81,112.81,112.78,112.81,112.806,70,44
1631558470,112.81,112.82,112.8,112.8,112.81,5,4
1631558475,112.83,112.84,112.81,112.82,112.826,8,3
1631558480,112.82,112.82,112.81,112.82,112.82,0,0
1631558485,112.8,112.85,112.8,112.82,112.827,29,28
1631558490,112.83,112.83,112.78,112.8,112.802,14,10
1631558495,112.8,112.82,112.8,112.82,112.803,5,4
1631558500,112.83,112.83,112.74,112.74,112.783,4,3
1631558505,112.77,112.77,112.77,112.77,112.77,1,1
1631558510,112.77,112.77,112.77,112.77,112.77,0,0
1631558515,112.75,112.75,112.75,112.75,112.75,3,2
1631558520,112.75,112.76,112.75,112.75,112.75,12,4
1631558525,112.75,112.75,112.75,112.75,112.75,0,0
1631558530,112.75,112.75,112.75,112.75,112.75,1,1
1631558535,112.78,112.78,112.75,112.75,112.763,2,2
1631558540,112.76,112.76,112.75,112.76,112.755,1,1
1631558545,112.78,112.78,112.78,112.78,112.78,2,1
1631558550,112.78,112.78,112.78,112.78,112.78,0,0
1631558555,112.79,112.79,112.78,112.79,112.79,2,1
1631558560,112.79,112.79,112.79,112.79,112.79,7,7
1631558565,112.78,112.78,112.78,112.78,112.78,2,1
1631558570,112.74,112.74,112.69,112.69,112.718,7,6
1631558575,112.69,112.69,112.67,112.68,112.676,8,5
1631558580,112.7,112.71,112.66,112.68,112.688,12,12
1631558585,112.69,112.73,112.69,112.73,112.697,5,2
1631558590,112.73,112.73,112.71,112.72,112.724,8,7
1631558595,112.72,112.73,112.72,112.72,112.722,1,1
1631558600,112.69,112.69,112.69,112.69,112.69,1,1
1631558605,112.69,112.72,112.65,112.69,112.686,46,12
1631558610,112.72,112.72,112.67,112.67,112.698,7,4
1631558615,112.69,112.7,112.68,112.7,112.691,34,7
1631558620,112.68,112.69,112.56,112.58,112.629,38,14
1631558625,112.58,112.58,112.58,112.58,112.58,0,0
1631558630,112.63,112.63,112.62,112.63,112.625,30,1
1631558635,112.63,112.63,112.62,112.63,112.63,0,0
1631558640,112.63,112.63,112.61,112.62,112.623,2,2
1631558645,112.63,112.63,112.62,112.62,112.623,3,3
1631558650,112.62,112.64,112.62,112.64,112.62,51,2
1631558655,112.61,112.61,112.61,112.61,112.61,1,1
1631558660,112.59,112.6,112.59,112.59,112.595,3,2
1631558665,112.59,112.6,112.59,112.59,112.59,0,0
1631558670,112.59,112.6,112.59,112.59,112.59,0,0
1631558675,112.59,112.63,112.57,112.59,112.606,9,4
1631558680,112.6,112.61,112.59,112.59,112.602,11,2
1631558685,112.58,112.6,112.57,112.58,112.587,9,9
1631558690,112.58,112.58,112.58,112.58,112.58,1,1
1631558695,112.58,112.58,112.58,112.58,112.58,0,0
1631558700,112.56,112.58,112.56,112.58,112.574,3,3
1631558705,112.58,112.58,112.55,112.56,112.561,16,12
1631558710,112.55,112.55,112.52,112.55,112.534,52,31
1631558715,112.52,112.55,112.52,112.55,112.529,21,4
1631558720,112.52,112.53,112.41,112.51,112.474,60,34
1631558725,112.51,112.51,112.47,112.5,112.498,10,8
1631558730,112.5,112.5,112.5,112.5,112.5,1,1
1631558735,112.52,112.52,112.5,112.51,112.506,12,3
1631558740,112.52,112.52,112.51,112.51,112.511,17,6
1631558745,112.49,112.51,112.48,112.51,112.496,7,5
1631558750,112.51,112.51,112.5,112.51,112.505,1,1
1631558755,112.48,112.48,112.48,112.48,112.48,1,1
1631558760,112.5,112.5,112.48,112.5,112.493,3,3
1631558765,112.49,112.49,112.48,112.48,112.487,3,3
1631558770,112.48,112.48,112.45,112.45,112.464,4,3
1631558775,112.45,112.48,112.45,112.47,112.467,9,4
1631558780,112.48,112.48,112.47,112.48,112.475,1,1
1631558785,112.5,112.56,112.49,112.56,112.521,34,31
1631558790,112.59,112.59,112.53,112.56,112.566,39,5
1631558795,112.56,112.6,112.56,112.59,112.583,30,25
1631558800,112.59,112.62,112.59,112.62,112.614,6,2
1631558805,112.59,112.59,112.58,112.59,112.585,1,1
1631558810,112.59,112.59,112.58,112.59,112.585,1,1
1631558815,112.59,112.59,112.58,112.59,112.59,0,0
1631558820,112.59,112.59,112.58,112.59,112.59,0,0
1631558825,112.56,112.62,112.56,112.62,112.607,15,12
1631558830,112.64,112.64,112.63,112.64,112.636,1,1
1631558835,112.65,112.65,112.65,112.65,112.65,2,2
1631558840,112.64,112.65,112.57,112.57,112.607,4,2
1631558845,112.57,112.58,112.57,112.57,112.57,0,0
1631558850,112.57,112.58,112.57,112.57,112.57,0,0
1631558855,112.62,112.65,112.62,112.63,112.632,6,6
1631558860,112.64,112.66,112.63,112.66,112.649,9,9
1631558865,112.66,112.66,112.64,112.66,112.656,7,5
1631558870,112.69,112.74,112.68,112.71,112.711,28,14
1631558875,112.71,112.71,112.7,112.71,112.71,0,0
1631558880,112.71,112.75,112.7,112.7,112.729,21,8
1631558885,112.69,112.7,112.68,112.69,112.686,12,4
1631558890,112.66,112.69,112.63,112.63,112.631,105,6
1631558895,112.64,112.64,112.56,112.58,112.628,119,14
1631558900,112.6,112.6,112.6,112.6,112.6,2,1
1631558905,112.57,112.57,112.57,112.57,112.57,1,1
1631558910,112.54,112.55,112.54,112.54,112.54,5,1
1631558915,112.54,112.54,112.54,112.54,112.54,1,1
1631558920,112.58,112.58,112.56,112.58,112.572,13,4
1631558925,112.59,112.67,112.59,112.62,112.631,29,21
1631558930,112.61,112.61,112.61,112.61,112.61,1,1
1631558935,112.56,112.57,112.52,112.52,112.534,10,4
1631558940,112.53,112.53,112.53,112.53,112.53,1,1
1631558945,112.53,112.53,112.53,112.53,112.53,5,1
1631558950,112.53,112.53,112.5,112.52,112.508,8,6
1631558955,112.49,112.49,112.46,112.47,112.478,2,2
1631558960,112.48,112.49,112.46,112.47,112.484,7,4
1631558965,112.47,112.47,112.46,112.47,112.47,0,0
1631558970,112.51,112.53,112.5,112.53,112.513,3,3
1631558975,112.53,112.53,112.53,112.53,112.53,3,2
1631558980,112.51,112.51,112.5,112.51,112.505,2,1
1631558985,112.52,112.52,112.47,112.47,112.498,10,6
1631558990,112.47,112.47,112.47,112.47,112.47,0,0
1631558995,112.5,112.5,112.49,112.5,112.495,1,1
1631559000,112.48,112.49,112.48,112.48,112.485,1,1
1631559005,112.47,112.47,112.47,112.47,112.47,3,3
1631559010,112.42,112.44,112.42,112.44,112.428,15,9
1631559015,112.45,112.45,112.42,112.42,112.44,5,2
1631559020,112.42,112.43,112.33,112.33,112.376,30,12
1631559025,112.4,112.4,112.37,112.37,112.382,3,3
1631559030,112.36,112.4,112.36,112.4,112.37,13,5
1631559035,112.42,112.42,112.42,112.42,112.42,1,1
1631559040,112.4,112.4,112.39,112.39,112.395,2,2
1631559045,112.35,112.35,112.35,112.35,112.35,6,3
1631559050,112.35,112.35,112.35,112.35,112.35,0,0
1631559055,112.34,112.34,112.34,112.34,112.34,1,1
1631559060,112.38,112.38,112.35,112.36,112.377,29,10
1631559065,112.36,112.38,112.35,112.38,112.37,8,8
1631559070,112.33,112.34,112.32,112.34,112.33,3,3
1631559075,112.34,112.35,112.34,112.35,112.347,3,3
1631559080,112.35,112.35,112.35,112.35,112.35,3,2
1631559085,112.35,112.35,112.35,112.35,112.35,0,0
1631559090,112.36,112.37,112.29,112.29,112.317,116,17
1631559095,112.28,112.31,112.28,112.3,112.301,14,5
1631559100,112.28,112.34,112.28,112.34,112.311,7,4
1631559105,112.31,112.31,112.29,112.31,112.309,20,9
1631559110,112.31,112.31,112.31,112.31,112.31,0,0
1631559115,112.28,112.28,112.28,112.28,112.28,1,1
1631559120,112.29,112.29,112.29,112.29,112.29,5,1
1631559125,112.29,112.29,112.29,112.29,112.29,0,0
1631559130,112.29,112.29,112.29,112.29,112.29,0,0
1631559135,112.28,112.33,112.28,112.3,112.313,10,10
1631559140,112.3,112.32,112.3,112.32,112.31,2,2
1631559145,112.33,112.33,112.32,112.33,112.33,1,1
1631559150,112.33,112.33,112.31,112.31,112.325,24,21
1631559155,112.3,112.31,112.25,112.26,112.286,18,15
1631559160,112.26,112.26,112.25,112.26,112.26,0,0
1631559165,112.26,112.26,112.26,112.26,112.26,3,1
1631559170,112.26,112.26,112.26,112.26,112.26,1,1
1631559175,112.26,112.26,112.26,112.26,112.26,0,0
1631559180,112.26,112.26,112.26,112.26,112.26,0,0
1631559185,112.24,112.31,112.24,112.31,112.297,11,11
1631559190,112.31,112.31,112.31,112.31,112.31,2,2
1631559195,112.27,112.27,112.26,112.27,112.266,3,3
1631559200,112.27,112.27,112.27,112.27,112.27,0,0
1631559205,112.31,112.31,112.28,112.31,112.294,11,9
1631559210,112.3,112.3,112.3,112.3,112.3,1,1
1631559215,112.29,112.3,112.27,112.3,112.282,12,4
1631559220,112.3,112.49,112.3,112.46,112.388,38,32
1631559225,112.47,112.52,112.44,112.45,112.501,16,6
1631559230,112.45,112.49,112.45,112.49,112.485,28,3
1631559235,112.45,112.46,112.45,112.45,112.455,3,1
1631559240,112.46,112.49,112.46,112.49,112.481,10,10
1631559245,112.49,112.49,112.49,112.49,112.49,0,0
1631559250,112.51,112.54,112.51,112.54,112.518,15,5
1631559255,112.53,112.58,112.53,112.58,112.536,13,3
1631559260,112.57,112.57,112.53,112.54,112.553,44,5
1631559265,112.53,112.54,112.53,112.53,112.53,7,3
1631559270,112.52,112.54,112.51,112.53,112.52,4,2
1631559275,112.54,112.56,112.52,112.56,112.537,14,13
1631559280,112.54,112.57,112.54,112.55,112.556,16,11
1631559285,112.52,112.56,112.52,112.52,112.525,8,4
1631559290,112.57,112.57,112.52,112.52,112.538,7,3
1631559295,112.53,112.53,112.53,112.53,112.53,3,1
1631559300,112.53,112.53,112.53,112.53,112.53,0,0
1631559305,112.53,112.53,112.48,112.51,112.509,16,10
1631559310,112.47,112.48,112.46,112.46,112.466,6,4
1631559315,112.46,112.47,112.44,112.45,112.459,7,5
1631559320,112.47,112.5,112.47,112.5,112.481,6,6
1631559325,112.5,112.5,112.49,112.5,112.5,0,0
1631559330,112.5,112.5,112.49,112.5,112.5,0,0
1631559335,112.52,112.52,112.52,112.52,112.52,1,1
1631559340,112.52,112.55,112.52,112.54,112.538,15,13
1631559345,112.54,112.54,112.53,112.54,112.54,0,0
1631559350,112.54,112.54,112.53,112.54,112.54,0,0
1631559355,112.57,112.57,112.54,112.54,112.565,6,2
1631559360,112.54,112.54,112.54,112.54,112.54,4,2
1631559365,112.54,112.54,112.54,112.54,112.54,0,0
1631559370,112.57,112.66,112.57,112.65,112.581,35,27
1631559375,112.67,112.67,112.67,112.67,112.67,2,2
1631559380,112.67,112.69,112.64,112.69,112.662,10,5
1631559385,112.69,112.7,112.69,112.69,112.691,4,1
1631559390,112.7,112.71,112.64,112.68,112.68,56,41
1631559395,112.68,112.68,112.68,112.68,112.68,0,0
1631559400,112.72,112.72,112.68,112.69,112.71,36,7
1631559405,112.65,112.65,112.59,112.6,112.605,25,19
1631559410,112.6,112.6,112.6,112.6,112.6,0,0
1631559415,112.6,112.6,112.6,112.6,112.6,0,0
1631559420,112.6,112.6,112.6,112.6,112.6,0,0
1631559425,112.59,112.61,112.58,112.61,112.598,2,2
1631559430,112.6,112.61,112.59,112.61,112.607,15,12
1631559435,112.59,112.61,112.58,112.61,112.592,7,2
1631559440,112.61,112.64,112.6,112.62,112.616,30,18
1631559445,112.62,112.62,112.61,112.62,112.62,0,0
1631559450,112.62,112.62,112.61,112.62,112.62,0,0
1631559455,112.63,112.64,112.62,112.64,112.633,2,2
1631559460,112.64,112.64,112.64,112.64,112.64,0,0
1631559465,112.66,112.66,112.59,112.59,112.613,3,3
1631559470,112.59,112.59,112.59,112.59,112.59,0,0
1631559475,112.59,112.59,112.59,112.59,112.59,0,0
1631559480,112.59,112.59,112.55,112.56,112.567,18,10
1631559485,112.55,112.55,112.48,112.49,112.501,32,12
1631559490,112.52,112.52,112.48,112.52,112.507,19,4
1631559495,112.51,112.52,112.51,112.52,112.514,11,2
1631559500,112.52,112.52,112.52,112.52,112.52,0,0
1631559505,112.54,112.55,112.54,112.55,112.547,7,7
1631559510,112.55,112.55,112.55,112.55,112.55,3,3
1631559515,112.51,112.51,112.49,112.49,112.503,6,5
1631559520,112.48,112.49,112.48,112.48,112.485,10,2
1631559525,112.48,112.49,112.48,112.48,112.48,0,0
1631559530,112.48,112.49,112.48,112.48,112.48,0,0
1631559535,112.42,112.43,112.28,112.41,112.373,54,30
1631559540,112.34,112.37,112.34,112.36,112.353,10,8
1631559545,112.37,112.4,112.34,112.39,112.374,20,20
1631559550,112.4,112.4,112.39,112.4,112.398,14,6
1631559555,112.39,112.41,112.39,112.41,112.398,2,2
1631559560,112.41,112.41,112.29,112.33,112.354,43,33
1631559565,112.33,112.33,112.33,112.33,112.33,0,0
1631559570,112.36,112.37,112.36,112.36,112.362,1,1
1631559575,112.36,112.37,112.36,112.36,112.36,0,0
1631559580,112.43,112.43,112.39,112.4,112.412,2,2
1631559585,112.4,112.4,112.39,112.4,112.4,0,0
1631559590,112.4,112.4,112.36,112.36,112.371,5,5
1631559595,112.34,112.34,112.34,112.34,112.34,1,1
1631559600,112.34,112.34,112.34,112.34,112.34,11,2
1631559605,112.34,112.34,112.34,112.34,112.34,2,2
1631559610,112.34,112.34,112.34,112.34,112.34,1,1
1631559615,112.34,112.34,112.34,112.34,112.34,3,3
1631559620,112.34,112.34,112.34,112.34,112.34,1,1
1631559625,112.34,112.34,112.34,112.34,112.34,1,1
1631559630,112.34,112.34,112.34,112.34,112.34,3,2
1631559635,112.34,112.34,112.33,112.34,112.34,8,1
1631559640,112.31,112.31,112.3,112.31,112.306,11,2
1631559645,112.32,112.33,112.31,112.31,112.32,3,3
1631559650,112.31,112.31,112.28,112.28,112.286,12,5
1631559655,112.27,112.27,112.16,112.23,112.209,35,16
1631559660,112.2,112.21,112.16,112.17,112.181,12,5
1631559665,112.17,112.21,112.17,112.2,112.201,22,7
1631559670,112.21,112.21,112.2,112.21,112.209,10,1
1631559675,112.24,112.24,112.23,112.24,112.24,1,1
1631559680,112.19,112.21,112.12,112.12,112.145,42,21
1631559685,112.12,112.15,112.12,112.14,112.14,9,2
1631559690,112.1,112.14,112.1,112.14,112.126,15,4
1631559695,112.14,112.14,112.05,112.06,112.093,16,10
1631559700,112.03,112.04,112.02,112.03,112.024,5,3
1631559705,112.03,112.04,112.0,112.01,112.011,14,10
1631559710,112.02,112.02,112.01,112.01,112.012,5,3
1631559715,112.01,112.06,112.01,112.06,112.027,7,6
1631559720,112.03,112.03,111.95,111.98,111.988,26,14
1631559725,111.95,111.95,111.88,111.88,111.914,38,11
1631559730,111.88,111.9,111.88,111.89,111.89,12,12
1631559735,111.92,111.96,111.91,111.96,111.932,42,41
1631559740,111.95,112.05,111.95,112.05,111.981,22,16
1631559745,112.06,112.06,112.05,112.06,112.059,5,1
1631559750,112.08,112.1,112.05,112.08,112.084,34,23
1631559755,112.11,112.14,112.09,112.09,112.112,19,18
1631559760,112.08,112.08,112.07,112.08,112.076,3,1
1631559765,112.08,112.08,112.07,112.08,112.08,0,0
1631559770,112.08,112.08,112.07,112.08,112.08,0,0
1631559775,112.09,112.09,112.06,112.06,112.08,5,5
1631559780,112.07,112.07,112.03,112.03,112.055,4,4
1631559785,112.03,112.03,112.03,112.03,112.03,6,6
1631559790,112.01,112.01,112.01,112.01,112.01,1,1
1631559795,112.0,112.03,112.0,112.0,112.011,16,3
1631559800,112.03,112.03,112.03,112.03,112.03,1,1
1631559805,112.03,112.03,111.99,111.99,112.002,3,3
1631559810,112.0,112.03,111.96,111.97,111.983,6,3
1631559815,111.95,111.95,111.95,111.95,111.95,5,1
1631559820,111.95,112.0,111.95,111.98,111.988,17,8
1631559825,111.92,111.92,111.92,111.92,111.92,1,1
1631559830,111.92,111.92,111.92,111.92,111.92,0,0
1631559835,111.92,111.92,111.92,111.92,111.92,0,0
1631559840,112.0,112.0,111.96,112.0,111.989,17,16
1631559845,111.98,111.98,111.94,111.96,111.96,4,4
1631559850,111.93,111.95,111.93,111.95,111.94,2,2
1631559855,111.96,111.96,111.96,111.96,111.96,1,1
1631559860,111.94,111.96,111.94,111.96,111.947,3,3
1631559865,111.92,111.94,111.92,111.94,111.931,7,5
1631559870,111.92,111.97,111.9,111.95,111.934,10,7
1631559875,111.97,111.97,111.97,111.97,111.97,2,2
1631559880,111.95,111.95,111.93,111.93,111.938,6,6
1631559885,111.97,111.97,111.94,111.95,111.958,4,4
1631559890,111.97,111.97,111.95,111.95,111.963,3,2
1631559895,111.93,111.95,111.93,111.95,111.943,5,5
1631559900,111.95,111.95,111.94,111.94,111.949,9,9
1631559905,111.95,111.95,111.94,111.95,111.945,10,1
1631559910,111.95,111.95,111.94,111.95,111.95,0,0
1631559915,111.95,111.95,111.94,111.95,111.95,0,0
1631559920,111.9,111.9,111.87,111.9,111.889,20,10
1631559925,111.9,111.9,111.9,111.9,111.9,0,0
1631559930,111.87,111.87,111.87,111.87,111.87,4,4
1631559935,111.91,111.92,111.89,111.92,111.915,18,18
1631559940,111.89,111.92,111.88,111.89,111.901,28,7
1631559945,111.9,111.92,111.9,111.9,111.914,10,9
1631559950,111.92,111.98,111.92,111.94,111.954,21,17
1631559955,111.92,111.94,111.88,111.92,111.915,53,17
1631559960,111.94,111.96,111.92,111.94,111.946,16,13
1631559965,111.95,111.96,111.93,111.95,111.954,10,5
1631559970,111.94,111.96,111.94,111.96,111.953,3,3
1631559975,111.96,111.96,111.91,111.93,111.924,7,7
1631559980,111.9,111.96,111.9,111.96,111.952,15,15
1631559985,111.96,112.09,111.96,112.05,112.001,8,7
1631559990,112.09,112.09,112.09,112.09,112.09,3,3
1631559995,112.1,112.1,112.1,112.1,112.1,1,1
1631560000,112.1,112.1,112.1,112.1,112.1,0,0
1631560005,112.1,112.1,112.1,112.1,112.1,0,0
1631560010,112.1,112.1,112.1,112.1,112.1,0,0
1631560015,112.09,112.17,112.08,112.13,112.146,40,15
1631560020,112.1,112.13,112.1,112.13,112.12,3,3
1631560025,112.09,112.09,112.08,112.08,112.087,8,7
1631560030,112.06,112.09,112.06,112.09,112.07,3,3
1631560035,112.09,112.09,112.09,112.09,112.09,0,0
1631560040,112.13,112.15,112.11,112.12,112.129,8,8
1631560045,112.13,112.15,112.13,112.14,112.135,3,3
1631560050,112.14,112.15,112.14,112.14,112.14,0,0
1631560055,112.14,112.14,112.03,112.03,112.085,7,7
1631560060,112.04,112.05,112.04,112.05,112.043,11,2
1631560065,112.05,112.05,112.05,112.05,112.05,0,0
1631560070,112.06,112.07,112.06,112.06,112.061,10,1
1631560075,112.08,112.08,112.07,112.08,112.075,2,2
1631560080,112.08,112.08,112.07,112.08,112.075,2,2
1631560085,112.04,112.06,112.01,112.05,112.035,6,5
1631560090,112.06,112.06,112.01,112.01,112.051,11,2
1631560095,112.01,112.04,111.97,112.0,112.01,14,12
1631560100,112.02,112.02,112.02,112.02,112.02,3,3
1631560105,112.0,112.03,111.99,112.03,112.003,13,6
1631560110,112.02,112.11,112.02,112.09,112.063,91,37
1631560115,112.09,112.13,112.07,112.13,112.095,7,7
1631560120,112.2,112.2,112.2,112.2,112.2,2,2
1631560125,112.15,112.15,112.13,112.13,112.148,10,9
1631560130,112.16,112.16,112.15,112.16,112.157,3,1
1631560135,112.16,112.16,112.15,112.16,112.16,0,0
1631560140,112.17,112.17,112.17,112.17,112.17,1,1
1631560145,112.2,112.2,112.13,112.13,112.173,20,16
1631560150,112.13,112.13,112.13,112.13,112.13,0,0
1631560155,112.12,112.13,112.12,112.13,112.127,4,2
1631560160,112.13,112.13,112.13,112.13,112.13,0,0
1631560165,112.13,112.13,112.13,112.13,112.13,0,0
1631560170,112.12,112.12,112.09,112.09,112.108,10,9
1631560175,112.1,112.11,112.1,112.11,112.107,18,2
1631560180,112.11,112.11,112.11,112.11,112.11,0,0
1631560185,112.08,112.08,112.05,112.05,112.055,20,6
1631560190,112.05,112.05,112.05,112.05,112.05,3,3
1631560195,112.08,112.08,112.05,112.08,112.073,4,4
1631560200,112.08,112.13,112.08,112.13,112.105,36,16
1631560205,112.15,112.18,112.13,112.18,112.152,6,4
1631560210,112.16,112.24,112.15,112.24,112.203,21,19
1631560215,112.23,112.36,112.23,112.3,112.294,28,17
1631560220,112.23,112.31,112.23,112.31,112.303,43,8
1631560225,112.24,112.24,112.24,112.24,112.24,2,2
1631560230,112.22,112.25,112.19,112.21,112.217,9,6
1631560235,112.21,112.21,112.21,112.21,112.21,0,0
1631560240,112.17,112.17,112.16,112.17,112.169,2,1
1631560245,112.17,112.17,112.16,112.17,112.17,0,0
1631560250,112.21,112.25,112.19,112.24,112.215,10,6
1631560255,112.23,112.25,112.19,112.22,112.225,19,19
1631560260,112.22,112.22,112.2,112.2,112.213,3,3
1631560265,112.18,112.18,112.1,112.1,112.152,12,9
1631560270,112.14,112.14,112.09,112.09,112.102,46,16
1631560275,112.08,112.08,112.08,112.08,112.08,2,1
1631560280,112.08,112.11,112.06,112.1,112.086,11,10
1631560285,112.09,112.1,112.02,112.02,112.044,20,6
1631560290,112.09,112.09,112.08,112.09,112.085,1,1
1631560295,112.07,112.07,112.07,112.07,112.07,1,1
1631560300,112.07,112.07,112.07,112.07,112.07,1,1
1631560305,112.07,112.07,112.07,112.07,112.07,2,2
1631560310,112.03,112.03,112.03,112.03,112.03,1,1
1631560315,112.11,112.11,112.07,112.1,112.102,7,5
1631560320,112.11,112.11,112.06,112.06,112.074,12,12
1631560325,112.07,112.07,112.07,112.07,112.07,3,3
1631560330,112.07,112.07,112.06,112.07,112.065,1,1
1631560335,112.07,112.07,112.06,112.07,112.07,0,0
1631560340,112.07,112.07,112.06,112.07,112.07,0,0
1631560345,112.07,112.07,112.06,112.07,112.07,0,0
1631560350,112.05,112.05,112.05,112.05,112.05,1,1
1631560355,112.05,112.05,112.05,112.05,112.05,0,0
1631560360,112.07,112.07,111.95,111.95,111.973,67,18
1631560365,111.98,111.99,111.9,111.95,111.926,19,8
1631560370,111.92,111.97,111.92,111.93,111.93,23,14
1631560375,111.91,111.97,111.91,111.94,111.949,9,6
1631560380,111.92,111.93,111.9,111.9,111.909,5,5
1631560385,111.89,111.93,111.84,111.89,111.878,43,29
1631560390,111.88,111.89,111.85,111.86,111.872,10,9
1631560395,111.84,111.84,111.8,111.82,111.819,12,12
1631560400,111.82,111.82,111.81,111.82,111.818,2,2
1631560405,111.83,111.84,111.78,111.78,111.803,15,5
1631560410,111.79,111.79,111.78,111.79,111.785,10,1
1631560415,111.76,111.78,111.76,111.77,111.767,2,2
1631560420,111.78,111.81,111.75,111.76,111.768,19,14
1631560425,111.76,111.78,111.76,111.77,111.764,8,8
1631560430,111.74,111.78,111.69,111.7,111.735,46,25
1631560435,111.7,111.72,111.7,111.7,111.703,47,13
1631560440,111.7,111.72,111.7,111.7,111.711,4,4
1631560445,111.68,111.68,111.68,111.68,111.68,2,2
1631560450,111.66,111.66,111.66,111.66,111.66,1,1
1631560455,111.66,111.69,111.65,111.68,111.68,41,14
1631560460,111.68,111.77,111.67,111.77,111.685,77,18
1631560465,111.8,111.8,111.76,111.76,111.767,11,2
1631560470,111.76,111.77,111.76,111.76,111.76,0,0
1631560475,111.78,111.78,111.77,111.78,111.775,2,1
1631560480,111.78,111.78,111.77,111.78,111.775,4,3
1631560485,111.8,111.81,111.77,111.78,111.789,10,10
1631560490,111.75,111.76,111.75,111.76,111.751,5,5
1631560495,111.74,111.76,111.73,111.73,111.748,8,8
1631560500,111.73,111.74,111.73,111.73,111.73,0,0
1631560505,111.75,111.75,111.75,111.75,111.75,1,1
1631560510,111.75,111.75,111.75,111.75,111.75,0,0
1631560515,111.76,111.79,111.72,111.73,111.768,25,18
1631560520,111.73,111.73,111.73,111.73,111.73,0,0
1631560525,111.71,111.71,111.71,111.71,111.71,3,3
1631560530,111.7,111.72,111.69,111.69,111.701,7,4
1631560535,111.69,111.69,111.68,111.69,111.685,3,3
1631560540,111.7,111.7,111.64,111.65,111.672,32,19
1631560545,111.65,111.65,111.65,111.65,111.65,0,0
1631560550,111.66,111.66,111.65,111.66,111.652,13,4
1631560555,111.69,111.69,111.65,111.68,111.68,26,22
1631560560,111.7,111.73,111.69,111.7,111.707,15,14
1631560565,111.7,111.71,111.7,111.7,111.705,94,8
1631560570,111.71,111.81,111.71,111.81,111.749,18,12
1631560575,111.81,111.81,111.81,111.81,111.81,0,0
1631560580,111.82,111.83,111.82,111.83,111.828,6,5
1631560585,111.84,111.95,111.84,111.9,111.907,21,11
1631560590,111.9,111.94,111.86,111.86,111.894,15,10
1631560595,111.86,111.89,111.85,111.85,111.869,8,5
1631560600,111.83,111.83,111.74,111.74,111.792,14,14
1631560605,111.8,111.8,111.8,111.8,111.8,1,1
1631560610,111.82,111.82,111.76,111.77,111.786,12,10
1631560615,111.77,111.78,111.76,111.78,111.773,4,4
1631560620,111.79,111.79,111.76,111.76,111.778,2,2
1631560625,111.76,111.77,111.76,111.77,111.762,10,6
1631560630,111.8,111.8,111.8,111.8,111.8,1,1
1631560635,111.81,111.81,111.81,111.81,111.81,2,2
1631560640,111.76,111.79,111.68,111.75,111.75,23,11
1631560645,111.75,111.75,111.75,111.75,111.75,0,0
1631560650,111.78,111.79,111.78,111.79,111.785,2,2
1631560655,111.79,111.79,111.79,111.79,111.79,0,0
1631560660,111.79,111.79,111.79,111.79,111.79,0,0
1631560665,111.71,111.71,111.71,111.71,111.71,1,1
1631560670,111.73,111.73,111.72,111.73,111.729,5,1
1631560675,111.73,111.73,111.72,111.73,111.73,0,0
1631560680,111.72,111.75,111.71,111.75,111.723,4,4
1631560685,111.75,111.75,111.74,111.75,111.749,4,4
1631560690,111.75,111.75,111.74,111.75,111.75,0,0
1631560695,111.74,111.74,111.74,111.74,111.74,1,1
1631560700,111.75,111.75,111.71,111.72,111.715,9,9
1631560705,111.69,111.7,111.66,111.68,111.679,26,11
1631560710,111.7,111.7,111.62,111.62,111.639,5,5
1631560715,111.66,111.67,111.62,111.65,111.649,19,10
1631560720,111.65,111.65,111.64,111.65,111.65,0,0
1631560725,111.68,111.71,111.65,111.71,111.686,22,21
1631560730,111.68,111.7,111.68,111.7,111.69,2,2
1631560735,111.7,111.7,111.7,111.7,111.7,0,0
1631560740,111.7,111.7,111.7,111.7,111.7,0,0
1631560745,111.67,111.67,111.67,111.67,111.67,5,4
1631560750,111.67,111.67,111.67,111.67,111.67,0,0
1631560755,111.67,111.67,111.67,111.67,111.67,0,0
1631560760,111.63,111.63,111.6,111.61,111.605,15,7
1631560765,111.58,111.58,111.53,111.55,111.558,19,10
1631560770,111.52,111.59,111.52,111.54,111.565,16,4
1631560775,111.58,111.64,111.56,111.61,111.614,44,19
1631560780,111.6,111.64,111.59,111.64,111.614,17,7
1631560785,111.63,111.66,111.63,111.66,111.64,5,5
1631560790,111.64,111.68,111.64,111.68,111.665,11,10
1631560795,111.64,111.66,111.64,111.64,111.648,7,7
1631560800,111.64,111.64,111.64,111.64,111.64,0,0
1631560805,111.64,111.64,111.58,111.58,111.604,3,3
1631560810,111.64,111.64,111.63,111.64,111.64,1,1
1631560815,111.64,111.68,111.59,111.6,111.617,34,9
1631560820,111.63,111.63,111.63,111.63,111.63,3,2
1631560825,111.63,111.63,111.63,111.63,111.63,0,0
1631560830,111.64,111.67,111.61,111.67,111.643,8,6
1631560835,111.66,111.67,111.62,111.62,111.658,11,2
1631560840,111.66,111.66,111.66,111.66,111.66,1,1
1631560845,111.68,111.69,111.61,111.63,111.652,20,12
1631560850,111.6,111.6,111.54,111.56,111.566,25,9
1631560855,111.56,111.56,111.53,111.54,111.542,3,3
1631560860,111.56,111.58,111.53,111.55,111.554,29,19
1631560865,111.54,111.57,111.53,111.57,111.55,4,4
1631560870,111.57,111.57,111.57,111.57,111.57,0,0
1631560875,111.56,111.59,111.5,111.5,111.532,27,25
1631560880,111.54,111.58,111.53,111.56,111.548,9,6
1631560885,111.61,111.62,111.61,111.62,111.618,4,2
1631560890,111.6,111.6,111.6,111.6,111.6,1,1
1631560895,111.6,111.6,111.57,111.6,111.579,7,7
1631560900,111.54,111.59,111.53,111.59,111.56,4,3
1631560905,111.61,111.61,111.61,111.61,111.61,2,2
1631560910,111.62,111.69,111.61,111.69,111.655,30,20
1631560915,111.69,111.71,111.66,111.66,111.679,13,12
1631560920,111.66,111.66,111.57,111.59,111.609,18,16
1631560925,111.65,111.65,111.64,111.65,111.645,13,6
1631560930,111.65,111.65,111.64,111.65,111.65,0,0
1631560935,111.65,111.65,111.61,111.61,111.64,4,4
1631560940,111.65,111.65,111.65,111.65,111.65,2,1
1631560945,111.65,111.65,111.6,111.61,111.632,9,9
1631560950,111.61,111.61,111.59,111.59,111.597,3,3
1631560955,111.57,111.57,111.57,111.57,111.57,5,5
1631560960,111.58,111.6,111.54,111.6,111.573,22,21
1631560965,111.58,111.58,111.57,111.58,111.578,2,2
1631560970,111.58,111.58,111.57,111.58,111.58,0,0
1631560975,111.61,111.61,111.59,111.61,111.605,4,4
1631560980,111.62,111.62,111.57,111.6,111.578,52,15
1631560985,111.62,111.64,111.62,111.64,111.635,4,4
1631560990,111.61,111.65,111.61,111.63,111.629,5,3
1631560995,111.64,111.64,111.61,111.61,111.634,6,4
1631561000,111.62,111.68,111.62,111.68,111.645,19,15
1631561005,111.68,111.79,111.68,111.76,111.742,17,15
1631561010,111.75,111.79,111.75,111.79,111.77,53,11
1631561015,111.75,111.85,111.75,111.85,111.804,7,7
1631561020,111.82,111.82,111.82,111.82,111.82,3,3
1631561025,111.82,111.84,111.81,111.82,111.821,5,4
1631561030,111.82,111.82,111.81,111.82,111.816,4,1
1631561035,111.78,111.78,111.76,111.77,111.771,22,11
1631561040,111.78,111.78,111.78,111.78,111.78,2,2
1631561045,111.78,111.78,111.78,111.78,111.78,0,0
1631561050,111.78,111.78,111.78,111.78,111.78,0,0
1631561055,111.8,111.81,111.75,111.75,111.787,7,7
1631561060,111.78,111.83,111.78,111.83,111.783,57,7
1631561065,111.81,111.83,111.78,111.8,111.799,22,9
1631561070,111.81,111.81,111.74,111.78,111.779,5,5
1631561075,111.79,111.79,111.78,111.79,111.788,6,5
1631561080,111.79,111.79,111.79,111.79,111.79,0,0
1631561085,111.75,111.76,111.74,111.76,111.754,2,2
1631561090,111.76,111.76,111.76,111.76,111.76,0,0
1631561095,111.79,111.79,111.79,111.79,111.79,11,11
1631561100,111.77,111.81,111.74,111.74,111.771,8,8
1631561105,111.78,111.82,111.78,111.82,111.797,19,15
1631561110,111.82,111.82,111.76,111.76,111.778,6,5
1631561115,111.78,111.81,111.77,111.8,111.785,17,3
1631561120,111.78,111.78,111.75,111.77,111.753,36,11
1631561125,111.77,111.77,111.76,111.77,111.765,4,3
1631561130,111.77,111.77,111.76,111.77,111.77,0,0
1631561135,111.77,111.77,111.76,111.77,111.765,2,2
1631561140,111.77,111.77,111.68,111.68,111.729,42,8
1631561145,111.71,111.72,111.71,111.72,111.711,13,3
1631561150,111.74,111.74,111.74,111.74,111.74,2,2
1631561155,111.76,111.76,111.76,111.76,111.76,1,1
1631561160,111.75,111.79,111.74,111.77,111.777,19,13
1631561165,111.77,111.77,111.73,111.74,111.746,20,17
1631561170,111.75,111.78,111.74,111.78,111.758,4,4
1631561175,111.76,111.76,111.76,111.76,111.76,3,1
1631561180,111.76,111.76,111.76,111.76,111.76,0,0
1631561185,111.76,111.76,111.76,111.76,111.76,0,0
1631561190,111.74,111.79,111.74,111.75,111.759,12,12
1631561195,111.8,111.82,111.8,111.81,111.805,11,9
1631561200,111.81,111.81,111.81,111.81,111.81,1,1
1631561205,111.81,111.81,111.81,111.81,111.81,0,0
1631561210,111.81,111.81,111.81,111.81,111.81,0,0
1631561215,111.81,111.81,111.81,111.81,111.81,0,0
1631561220,111.75,111.75,111.71,111.71,111.723,8,8
1631561225,111.7,111.71,111.7,111.71,111.703,4,3
1631561230,111.71,111.71,111.7,111.71,111.71,0,0
1631561235,111.71,111.71,111.7,111.71,111.71,0,0
1631561240,111.68,111.68,111.68,111.68,111.68,7,4
1631561245,111.67,111.67,111.67,111.67,111.67,1,1
1631561250,111.72,111.72,111.71,111.72,111.715,1,1
1631561255,111.64,111.64,111.64,111.64,111.64,1,1
1631561260,111.64,111.64,111.64,111.64,111.64,0,0
1631561265,111.64,111.64,111.64,111.64,111.64,0,0
1631561270,111.69,111.69,111.69,111.69,111.69,2,1
1631561275,111.69,111.69,111.68,111.69,111.685,1,1
1631561280,111.69,111.69,111.68,111.69,111.685,1,1
1631561285,111.71,111.73,111.71,111.72,111.718,11,9
1631561290,111.68,111.69,111.68,111.68,111.683,2,1
1631561295,111.68,111.69,111.68,111.68,111.68,0,0
1631561300,111.72,111.72,111.72,111.72,111.72,1,1
1631561305,111.72,111.72,111.72,111.72,111.72,0,0
1631561310,111.73,111.73,111.72,111.73,111.725,1,1
1631561315,111.76,111.9,111.76,111.85,111.839,21,19
1631561320,111.87,111.91,111.87,111.91,111.906,10,2
1631561325,111.9,111.9,111.88,111.9,111.898,6,4
1631561330,111.91,111.91,111.9,111.9,111.905,4,4
1631561335,111.88,111.88,111.86,111.88,111.879,27,8
1631561340,111.88,111.88,111.87,111.88,111.875,1,1
1631561345,111.88,111.88,111.87,111.88,111.875,1,1
1631561350,111.88,111.88,111.87,111.88,111.88,0,0
1631561355,111.9,111.9,111.89,111.9,111.9,1,1
1631561360,111.87,111.87,111.87,111.87,111.87,4,3
1631561365,111.84,111.84,111.79,111.79,111.824,13,10
1631561370,111.82,111.82,111.76,111.76,111.81,7,6
1631561375,111.81,111.81,111.81,111.81,111.81,2,2
1631561380,111.83,111.83,111.83,111.83,111.83,1,1
1631561385,111.83,111.83,111.83,111.83,111.83,0,0
1631561390,111.85,111.89,111.84,111.87,111.864,16,16
1631561395,111.87,111.88,111.87,111.87,111.87,0,0
1631561400,111.88,111.89,111.87,111.87,111.883,6,5
1631561405,111.85,111.86,111.85,111.86,111.852,4,3
1631561410,111.82,111.84,111.82,111.84,111.833,3,3
1631561415,111.87,111.87,111.87,111.87,111.87,1,1
1631561420,111.85,111.85,111.84,111.84,111.848,5,4
1631561425,111.81,111.81,111.79,111.8,111.807,9,7
1631561430,111.8,111.83,111.8,111.8,111.811,17,7
1631561435,111.82,111.82,111.79,111.79,111.803,3,3
1631561440,111.81,111.81,111.81,111.81,111.81,2,2
1631561445,111.82,111.82,111.82,111.82,111.82,1,1
1631561450,111.78,111.78,111.77,111.78,111.779,1,1
1631561455,111.82,111.84,111.82,111.84,111.829,5,5
1631561460,111.85,111.87,111.85,111.87,111.862,5,5
1631561465,111.87,111.88,111.87,111.88,111.878,4,3
1631561470,111.9,111.93,111.89,111.89,111.899,8,4
1631561475,111.92,111.94,111.91,111.94,111.936,23,5
1631561480,111.92,111.93,111.92,111.92,111.922,9,1
1631561485,111.98,111.98,111.98,111.98,111.98,2,2
1631561490,111.96,111.98,111.96,111.98,111.971,10,9
1631561495,112.02,112.02,111.98,112.02,112.017,23,4
1631561500,112.02,112.02,112.01,112.02,112.02,0,0
1631561505,112.03,112.03,112.01,112.02,112.027,18,6
1631561510,112.02,112.05,112.02,112.05,112.044,5,2
1631561515,112.05,112.05,112.04,112.05,112.05,0,0
1631561520,112.02,112.02,112.01,112.02,112.012,7,6
1631561525,112.03,112.03,112.01,112.01,112.02,2,2
1631561530,111.99,112.01,111.94,111.94,111.98,38,21
1631561535,111.98,111.98,111.97,111.98,111.976,10,1
1631561540,112.02,112.02,112.02,112.02,112.02,1,1
1631561545,112.02,112.07,112.0,112.03,112.025,17,10
1631561550,112.03,112.03,112.03,112.03,112.03,0,0
1631561555,112.02,112.02,111.95,111.95,111.987,17,13
1631561560,111.97,111.97,111.88,111.93,111.922,47,42
1631561565,111.94,111.95,111.94,111.95,111.943,6,4
1631561570,111.95,111.96,111.95,111.95,111.955,1,1
1631561575,111.95,111.98,111.94,111.94,111.958,15,15
1631561580,111.96,111.97,111.94,111.97,111.955,14,9
1631561585,111.98,112.07,111.98,112.07,112.024,16,14
1631561590,112.07,112.07,112.06,112.07,112.07,0,0
1631561595,112.07,112.07,112.06,112.07,112.07,0,0
1631561600,111.99,111.99,111.9,111.9,111.933,36,21
1631561605,111.89,111.93,111.88,111.93,111.903,16,12
1631561610,111.89,111.89,111.87,111.89,111.886,5,5
1631561615,111.89,111.93,111.87,111.93,111.894,5,5
1631561620,111.92,111.92,111.92,111.92,111.92,2,1
1631561625,111.95,111.96,111.95,111.95,111.95,5,2
1631561630,111.89,111.89,111.87,111.87,111.885,4,3
1631561635,111.9,111.9,111.9,111.9,111.9,1,1
1631561640,111.9,111.94,111.9,111.91,111.905,14,6
1631561645,111.9,111.9,111.89,111.9,111.895,1,1
1631561650,111.9,111.9,111.89,111.9,111.9,0,0
1631561655,111.9,111.96,111.89,111.96,111.931,25,17
1631561660,111.93,111.95,111.93,111.95,111.945,4,4
1631561665,111.95,111.95,111.95,111.95,111.95,0,0
1631561670,111.95,111.95,111.95,111.95,111.95,0,0
1631561675,111.92,111.94,111.92,111.93,111.927,9,9
1631561680,111.93,111.93,111.9,111.93,111.919,12,5
1631561685,111.93,111.93,111.92,111.93,111.925,1,1
1631561690,111.93,111.94,111.89,111.94,111.915,14,13
1631561695,111.94,111.94,111.94,111.94,111.94,3,3
1631561700,111.94,111.94,111.94,111.94,111.94,0,0
1631561705,111.94,111.94,111.93,111.94,111.935,4,4
1631561710,111.91,111.93,111.91,111.92,111.918,5,5
1631561715,111.92,111.92,111.9,111.91,111.911,3,3
1631561720,111.91,111.91,111.91,111.91,111.91,2,2
1631561725,111.89,111.91,111.87,111.89,111.886,13,10
1631561730,111.89,111.89,111.89,111.89,111.89,1,1
1631561735,111.86,111.9,111.86,111.89,111.885,5,5
1631561740,111.89,111.89,111.89,111.89,111.89,0,0
1631561745,111.88,111.88,111.88,111.88,111.88,2,2
1631561750,111.89,111.96,111.89,111.95,111.932,26,22
1631561755,111.97,111.97,111.94,111.95,111.966,7,4
1631561760,111.95,111.95,111.89,111.95,111.913,18,18
1631561765,111.93,111.93,111.89,111.91,111.909,25,22
1631561770,111.95,111.97,111.95,111.97,111.959,9,9
1631561775,111.97,111.98,111.97,111.98,111.971,10,2
1631561780,111.95,111.95,111.95,111.95,111.95,4,2
1631561785,111.97,111.97,111.97,111.97,111.97,1,1
1631561790,111.96,111.97,111.94,111.94,111.946,13,9
1631561795,111.93,111.96,111.93,111.96,111.943,4,3
1631561800,111.95,111.96,111.94,111.95,111.947,3,3
1631561805,111.95,111.95,111.94,111.95,111.95,0,0
1631561810,111.96,111.97,111.95,111.95,111.962,13,13
1631561815,111.95,111.96,111.95,111.95,111.95,0,0
1631561820,111.95,111.96,111.95,111.95,111.955,1,1
1631561825,111.96,111.96,111.96,111.96,111.96,1,1
1631561830,111.95,111.97,111.95,111.95,111.955,17,8
1631561835,111.95,111.95,111.94,111.94,111.946,5,5
1631561840,111.94,111.94,111.94,111.94,111.94,0,0
1631561845,111.97,111.97,111.97,111.97,111.97,1,1
1631561850,111.97,111.97,111.97,111.97,111.97,0,0
1631561855,111.93,111.93,111.93,111.93,111.93,1,1
1631561860,111.94,111.94,111.91,111.92,111.928,14,14
1631561865,111.91,111.91,111.91,111.91,111.91,1,1
1631561870,111.9,111.9,111.86,111.87,111.88,19,14
1631561875,111.87,111.87,111.85,111.85,111.858,6,4
1631561880,111.84,111.86,111.83,111.85,111.841,8,5
1631561885,111.87,111.88,111.85,111.88,111.87,9,8
1631561890,111.9,111.91,111.9,111.91,111.907,3,3
1631561895,111.91,111.91,111.91,111.91,111.91,0,0
1631561900,111.92,111.92,111.89,111.89,111.905,2,2
1631561905,111.89,111.89,111.89,111.89,111.89,2,2
1631561910,111.91,111.92,111.91,111.92,111.914,5,5
1631561915,111.93,111.93,111.93,111.93,111.93,2,2
1631561920,111.9,111.9,111.88,111.88,111.888,12,7
1631561925,111.86,111.86,111.86,111.86,111.86,3,3
1631561930,111.86,111.86,111.86,111.86,111.86,0,0
1631561935,111.86,111.86,111.86,111.86,111.86,0,0
1631561940,111.86,111.86,111.86,111.86,111.86,2,2
1631561945,111.86,111.88,111.86,111.87,111.868,8,5
1631561950,111.88,111.88,111.79,111.81,111.839,27,22
1631561955,111.81,111.81,111.77,111.77,111.794,3,3
1631561960,111.78,111.82,111.77,111.78,111.777,14,5
1631561965,111.78,111.78,111.78,111.78,111.78,0,0
1631561970,111.78,111.78,111.78,111.78,111.78,1,1
1631561975,111.8,111.8,111.77,111.79,111.786,11,11
1631561980,111.77,111.78,111.77,111.78,111.778,4,4
1631561985,111.78,111.78,111.78,111.78,111.78,1,1
1631561990,111.78,111.78,111.78,111.78,111.78,0,0
1631561995,111.78,111.78,111.78,111.78,111.78,0,0
1631562000,111.75,111.75,111.71,111.73,111.74,22,13
1631562005,111.73,111.74,111.67,111.68,111.705,21,17
1631562010,111.68,111.68,111.64,111.66,111.666,20,9
1631562015,111.63,111.72,111.63,111.69,111.662,37,22
1631562020,111.65,111.69,111.65,111.69,111.68,12,3
1631562025,111.66,111.67,111.6,111.63,111.645,25,23
1631562030,111.61,111.61,111.61,111.61,111.61,1,1
1631562035,111.59,111.6,111.59,111.59,111.595,3,3
1631562040,111.59,111.6,111.59,111.59,111.591,1,1
1631562045,111.56,111.57,111.55,111.57,111.565,5,4
1631562050,111.57,111.6,111.57,111.58,111.589,41,11
1631562055,111.6,111.61,111.56,111.59,111.575,11,9
1631562060,111.61,111.64,111.61,111.63,111.624,14,12
1631562065,111.67,111.69,111.66,111.69,111.679,7,6
1631562070,111.71,111.71,111.67,111.7,111.702,6,4
1631562075,111.73,111.74,111.71,111.74,111.729,5,5
1631562080,111.75,111.75,111.68,111.68,111.715,10,10
1631562085,111.68,111.68,111.68,111.68,111.68,0,0
1631562090,111.69,111.71,111.63,111.63,111.672,16,14
1631562095,111.64,111.64,111.6,111.6,111.609,5,5
1631562100,111.61,111.61,111.6,111.6,111.6,11,2
1631562105,111.6,111.6,111.6,111.6,111.6,0,0
1631562110,111.61,111.64,111.61,111.64,111.636,8,5
1631562115,111.6,111.6,111.56,111.6,111.585,12,8
1631562120,111.6,111.62,111.55,111.59,111.595,11,5
1631562125,111.59,111.59,111.59,111.59,111.59,0,0
1631562130,111.59,111.59,111.57,111.59,111.588,9,5
1631562135,111.56,111.57,111.55,111.57,111.559,4,4
1631562140,111.57,111.57,111.55,111.55,111.562,5,5
1631562145,111.57,111.57,111.54,111.54,111.548,3,3
1631562150,111.54,111.56,111.54,111.55,111.544,36,18
1631562155,111.52,111.57,111.52,111.57,111.533,28,23
1631562160,111.57,111.58,111.56,111.58,111.572,29,18
1631562165,111.59,111.59,111.58,111.58,111.586,10,7
1631562170,111.58,111.59,111.55,111.56,111.572,17,14
1631562175,111.57,111.57,111.56,111.57,111.565,1,1
1631562180,111.58,111.58,111.56,111.57,111.574,23,4
1631562185,111.59,111.59,111.56,111.56,111.574,5,5
1631562190,111.57,111.57,111.56,111.57,111.565,2,1
1631562195,111.59,111.59,111.58,111.59,111.588,10,1
1631562200,111.58,111.59,111.48,111.51,111.505,43,24
1631562205,111.53,111.53,111.51,111.53,111.52,4,4
1631562210,111.52,111.53,111.52,111.52,111.525,6,4
1631562215,111.53,111.53,111.5,111.52,111.515,14,13
1631562220,111.52,111.52,111.5,111.51,111.516,4,4
1631562225,111.51,111.51,111.51,111.51,111.51,1,1
1631562230,111.53,111.53,111.52,111.52,111.525,4,4
1631562235,111.51,111.53,111.51,111.53,111.526,5,5
1631562240,111.54,111.54,111.52,111.54,111.527,11,3
1631562245,111.54,111.54,111.52,111.53,111.538,6,5
1631562250,111.53,111.53,111.5,111.53,111.519,5,5
1631562255,111.53,111.55,111.52,111.54,111.539,5,5
1631562260,111.55,111.55,111.52,111.52,111.533,3,3
1631562265,111.54,111.55,111.51,111.53,111.528,9,7
1631562270,111.52,111.53,111.48,111.49,111.502,30,17
1631562275,111.52,111.52,111.48,111.48,111.508,17,13
1631562280,111.47,111.47,111.45,111.45,111.466,18,8
1631562285,111.45,111.45,111.44,111.44,111.444,5,5
1631562290,111.46,111.46,111.46,111.46,111.46,8,6
1631562295,111.45,111.45,111.43,111.45,111.447,7,6
1631562300,111.46,111.49,111.45,111.48,111.473,12,11
1631562305,111.48,111.55,111.48,111.52,111.511,30,24
1631562310,111.54,111.54,111.53,111.54,111.535,2,2
1631562315,111.53,111.53,111.51,111.52,111.519,7,6
1631562320,111.52,111.52,111.51,111.52,111.52,0,0
1631562325,111.53,111.55,111.53,111.55,111.541,4,4
1631562330,111.53,111.54,111.5,111.52,111.518,53,12
1631562335,111.5,111.54,111.5,111.5,111.504,15,15
1631562340,111.49,111.5,111.47,111.5,111.487,50,20
1631562345,111.48,111.52,111.47,111.49,111.493,68,44
1631562350,111.51,111.51,111.46,111.47,111.484,30,24
1631562355,111.45,111.45,111.41,111.44,111.438,63,16
1631562360,111.44,111.47,111.43,111.46,111.447,9,5
1631562365,111.46,111.46,111.46,111.46,111.46,0,0
1631562370,111.47,111.49,111.47,111.49,111.478,7,7
1631562375,111.5,111.56,111.5,111.56,111.531,16,14
1631562380,111.54,111.54,111.54,111.54,111.54,1,1
1631562385,111.56,111.56,111.54,111.54,111.554,6,6
1631562390,111.54,111.57,111.54,111.57,111.561,9,9
1631562395,111.59,111.6,111.57,111.59,111.587,14,13
1631562400,111.6,111.62,111.57,111.57,111.576,21,7
1631562405,111.59,111.59,111.59,111.59,111.59,1,1
1631562410,111.58,111.58,111.53,111.54,111.555,17,15
1631562415,111.54,111.54,111.54,111.54,111.54,1,1
1631562420,111.56,111.56,111.52,111.52,111.557,16,2
1631562425,111.52,111.52,111.45,111.45,111.492,15,14
1631562430,111.45,111.47,111.41,111.41,111.441,18,15
1631562435,111.45,111.47,111.41,111.45,111.449,24,17
1631562440,111.46,111.47,111.45,111.45,111.463,5,4
1631562445,111.45,111.45,111.42,111.43,111.434,21,9
1631562450,111.42,111.43,111.38,111.39,111.399,38,19
1631562455,111.4,111.42,111.38,111.42,111.401,17,15
1631562460,111.42,111.42,111.4,111.41,111.412,7,3
1631562465,111.42,111.5,111.42,111.48,111.454,55,38
1631562470,111.48,111.5,111.48,111.48,111.484,3,3
1631562475,111.51,111.52,111.51,111.52,111.512,4,3
1631562480,111.52,111.53,111.49,111.49,111.514,8,6
1631562485,111.52,111.52,111.49,111.51,111.511,13,8
1631562490,111.53,111.54,111.5,111.53,111.526,26,8
1631562495,111.54,111.56,111.53,111.55,111.545,62,24
1631562500,111.54,111.58,111.54,111.58,111.565,12,10
1631562505,111.56,111.57,111.51,111.51,111.555,39,14
1631562510,111.52,111.52,111.51,111.51,111.512,5,3
1631562515,111.52,111.53,111.51,111.51,111.515,6,4
1631562520,111.51,111.51,111.51,111.51,111.51,0,0
1631562525,111.55,111.55,111.55,111.55,111.55,2,2
1631562530,111.54,111.54,111.5,111.5,111.518,11,11
1631562535,111.52,111.52,111.52,111.52,111.52,1,1
1631562540,111.52,111.52,111.5,111.51,111.507,5,3
1631562545,111.49,111.49,111.48,111.48,111.488,6,5
1631562550,111.47,111.5,111.47,111.47,111.488,6,6
1631562555,111.49,111.5,111.47,111.48,111.481,9,8
1631562560,111.49,111.49,111.47,111.48,111.48,15,5
1631562565,111.48,111.5,111.48,111.5,111.495,11,11
1631562570,111.51,111.52,111.51,111.52,111.512,5,5
1631562575,111.51,111.51,111.49,111.51,111.498,4,4
1631562580,111.51,111.52,111.5,111.52,111.515,11,9
1631562585,111.52,111.55,111.5,111.53,111.521,9,9
1631562590,111.53,111.53,111.51,111.52,111.518,5,5
1631562595,111.53,111.58,111.53,111.57,111.553,16,14
1631562600,111.59,111.67,111.59,111.62,111.634,62,41
1631562605,111.65,111.68,111.56,111.59,111.602,37,34
1631562610,111.58,111.58,111.55,111.55,111.559,6,6
1631562615,111.58,111.61,111.56,111.59,111.579,7,7
1631562620,111.58,111.6,111.58,111.59,111.586,4,4
1631562625,111.59,111.59,111.55,111.56,111.582,34,17
1631562630,111.58,111.59,111.56,111.59,111.578,12,12
1631562635,111.58,111.58,111.57,111.57,111.573,2,2
1631562640,111.55,111.55,111.52,111.54,111.536,4,4
1631562645,111.54,111.56,111.53,111.53,111.544,4,4
1631562650,111.53,111.59,111.53,111.59,111.57,14,12
1631562655,111.59,111.59,111.59,111.59,111.59,0,0
1631562660,111.59,111.59,111.58,111.59,111.587,3,3
1631562665,111.61,111.61,111.55,111.55,111.588,66,39
1631562670,111.55,111.55,111.55,111.55,111.55,0,0
1631562675,111.55,111.57,111.54,111.54,111.554,4,4
1631562680,111.55,111.55,111.55,111.55,111.55,4,3
1631562685,111.55,111.57,111.53,111.53,111.545,32,8
1631562690,111.55,111.55,111.53,111.55,111.537,6,6
1631562695,111.57,111.57,111.55,111.57,111.565,7,7
1631562700,111.57,111.58,111.55,111.58,111.568,39,26
1631562705,111.58,111.58,111.56,111.56,111.572,2,2
1631562710,111.6,111.62,111.58,111.59,111.594,29,21
1631562715,111.6,111.6,111.55,111.57,111.569,14,13
1631562720,111.57,111.57,111.57,111.57,111.57,0,0
1631562725,111.53,111.53,111.5,111.53,111.517,27,24
1631562730,111.51,111.51,111.47,111.47,111.489,21,17
1631562735,111.48,111.51,111.47,111.51,111.491,23,17
1631562740,111.48,111.51,111.48,111.51,111.495,2,2
1631562745,111.48,111.49,111.46,111.48,111.478,10,8
1631562750,111.48,111.51,111.46,111.51,111.495,9,9
1631562755,111.51,111.52,111.51,111.51,111.517,11,10
1631562760,111.51,111.53,111.48,111.48,111.508,25,20
1631562765,111.5,111.52,111.49,111.52,111.511,12,10
1631562770,111.54,111.55,111.52,111.55,111.542,17,16
1631562775,111.53,111.55,111.53,111.55,111.535,4,4
1631562780,111.54,111.63,111.54,111.63,111.603,71,35
1631562785,111.62,111.65,111.6,111.65,111.617,14,9
1631562790,111.63,111.63,111.61,111.63,111.623,6,5
1631562795,111.6,111.62,111.6,111.61,111.606,9,8
1631562800,111.61,111.61,111.6,111.6,111.602,3,3
1631562805,111.62,111.62,111.59,111.59,111.606,6,4
1631562810,111.61,111.61,111.59,111.59,111.6,8,7
1631562815,111.59,111.59,111.57,111.58,111.585,18,14
1631562820,111.59,111.59,111.57,111.57,111.583,6,4
1631562825,111.59,111.59,111.57,111.57,111.577,8,5
1631562830,111.58,111.6,111.58,111.6,111.59,57,23
1631562835,111.6,111.6,111.58,111.59,111.591,68,58
1631562840,111.59,111.6,111.58,111.6,111.59,10,7
1631562845,111.6,111.6,111.58,111.59,111.59,32,23
1631562850,111.57,111.57,111.53,111.55,111.56,27,23
1631562855,111.59,111.59,111.57,111.57,111.572,13,4
1631562860,111.55,111.58,111.55,111.57,111.563,19,15
1631562865,111.55,111.56,111.53,111.55,111.547,28,13
1631562870,111.53,111.55,111.52,111.55,111.537,28,22
1631562875,111.55,111.56,111.55,111.56,111.551,13,3
1631562880,111.57,111.59,111.56,111.59,111.581,17,14
1631562885,111.62,111.62,111.59,111.59,111.606,8,7
1631562890,111.59,111.61,111.58,111.58,111.585,13,12
1631562895,111.57,111.59,111.53,111.53,111.551,13,10
1631562900,111.53,111.56,111.52,111.52,111.531,59,19
1631562905,111.54,111.54,111.5,111.52,111.517,23,12
1631562910,111.51,111.54,111.51,111.54,111.53,26,16
1631562915,111.54,111.55,111.53,111.55,111.544,6,6
1631562920,111.55,111.62,111.54,111.61,111.572,43,28
1631562925,111.6,111.6,111.55,111.56,111.582,25,21
1631562930,111.59,111.59,111.55,111.56,111.585,31,6
1631562935,111.55,111.56,111.54,111.55,111.551,5,5
1631562940,111.54,111.57,111.53,111.54,111.549,39,29
1631562945,111.57,111.57,111.55,111.55,111.556,3,3
1631562950,111.55,111.57,111.55,111.56,111.56,11,11
1631562955,111.58,111.62,111.58,111.61,111.6,40,26
1631562960,111.61,111.61,111.55,111.56,111.583,28,23
1631562965,111.58,111.58,111.56,111.56,111.566,4,4
1631562970,111.56,111.58,111.55,111.56,111.568,10,6
1631562975,111.56,111.56,111.54,111.54,111.549,19,14
1631562980,111.54,111.55,111.5,111.53,111.53,32,23
1631562985,111.52,111.53,111.52,111.52,111.526,18,15
1631562990,111.54,111.54,111.51,111.52,111.526,24,15
1631562995,111.53,111.54,111.52,111.52,111.529,42,18
1631563000,111.51,111.54,111.5,111.51,111.516,33,23
1631563005,111.52,111.52,111.49,111.5,111.501,19,18
1631563010,111.49,111.5,111.48,111.49,111.486,36,26
1631563015,111.5,111.52,111.5,111.52,111.512,25,20
1631563020,111.51,111.52,111.49,111.51,111.499,108,29
1631563025,111.51,111.58,111.51,111.58,111.531,48,35
1631563030,111.55,111.59,111.55,111.59,111.573,30,20
1631563035,111.57,111.6,111.57,111.57,111.595,33,9
1631563040,111.6,111.62,111.58,111.58,111.603,92,26
1631563045,111.59,111.61,111.55,111.56,111.575,46,36
1631563050,111.56,111.58,111.55,111.56,111.562,6,6
1631563055,111.54,111.55,111.53,111.55,111.537,15,7
1631563060,111.55,111.56,111.53,111.55,111.543,9,6
1631563065,111.56,111.56,111.55,111.55,111.558,10,8
1631563070,111.55,111.56,111.53,111.55,111.542,58,23
1631563075,111.55,111.55,111.54,111.55,111.545,5,5
1631563080,111.56,111.56,111.54,111.56,111.555,53,41
1631563085,111.57,111.6,111.56,111.58,111.581,85,66
1631563090,111.57,111.61,111.57,111.59,111.596,14,10
1631563095,111.59,111.6,111.58,111.59,111.593,19,14
1631563100,111.59,111.61,111.58,111.58,111.588,13,8
1631563105,111.58,111.59,111.58,111.58,111.582,21,10
1631563110,111.58,111.59,111.57,111.58,111.581,45,26
1631563115,111.59,111.59,111.56,111.56,111.572,93,51
1631563120,111.58,111.58,111.55,111.57,111.56,18,15
1631563125,111.57,111.57,111.54,111.54,111.542,15,12
1631563130,111.53,111.57,111.53,111.55,111.554,29,19
1631563135,111.55,111.57,111.55,111.56,111.556,16,12
1631563140,111.56,111.58,111.56,111.57,111.568,47,31
1631563145,111.58,111.58,111.54,111.55,111.564,71,51
1631563150,111.55,111.55,111.54,111.55,111.543,7,6
1631563155,111.54,111.54,111.51,111.53,111.531,42,28
1631563160,111.51,111.54,111.51,111.53,111.537,25,16
1631563165,111.54,111.54,111.52,111.53,111.531,48,30
1631563170,111.53,111.54,111.51,111.53,111.521,30,22
1631563175,111.51,111.54,111.51,111.52,111.526,21,17
1631563180,111.52,111.53,111.51,111.53,111.527,56,36
1631563185,111.52,111.53,111.52,111.52,111.523,46,35
1631563190,111.51,111.54,111.51,111.52,111.517,65,38
1631563195,111.51,111.57,111.5,111.5,111.512,72,33
1631563200,111.51,111.51,111.51,111.51,111.51,2143,9
1631563205,111.51,111.51,111.51,111.51,111.51,8,2
1631563210,111.51,111.51,111.51,111.51,111.51,20,2
1631563215,111.27,111.51,111.25,111.51,111.323,6,4
1631563220,111.51,111.51,111.51,111.51,111.51,0,0
1631563225,111.51,111.51,111.51,111.51,111.51,0,0
1631563230,111.54,111.54,111.51,111.51,111.513,24,3
1631563235,111.54,111.54,111.54,111.54,111.54,2,2
1631563240,111.54,111.54,111.54,111.54,111.54,0,0
1631563245,111.54,111.54,111.54,111.54,111.54,0,0
1631563250,111.54,111.54,111.54,111.54,111.54,0,0
1631563255,111.54,111.54,111.54,111.54,111.54,0,0
1631563260,111.54,111.54,111.54,111.54,111.54,0,0
1631563265,111.51,111.51,111.51,111.51,111.51,1,1
1631563270,111.51,111.51,111.51,111.51,111.51,0,0
1631563275,111.51,111.51,111.51,111.51,111.51,0,0
1631563280,111.51,111.51,111.51,111.51,111.51,84,2
1631563285,111.51,111.51,111.51,111.51,111.51,0,0
1631563290,111.51,111.51,111.51,111.51,111.51,0,0
1631563295,111.51,111.51,111.51,111.51,111.51,0,0
1631563300,111.51,111.51,111.51,111.51,111.51,0,0
1631563305,111.51,111.51,111.51,111.51,111.51,0,0
1631563310,111.51,111.51,111.51,111.51,111.51,0,0
1631563315,111.51,111.51,111.51,111.51,111.51,0,0
1631563320,111.51,111.51,111.51,111.51,111.51,0,0
1631563325,111.51,111.51,111.51,111.51,111.51,0,0
1631563330,111.51,111.51,111.51,111.51,111.51,0,0
1631563335,111.51,111.51,111.51,111.51,111.51,0,0
1631563340,111.51,111.51,111.51,111.51,111.51,0,0
1631563345,111.51,111.51,111.51,111.51,111.51,0,0
1631563350,111.51,111.51,111.51,111.51,111.51,2,1
1631563355,111.51,111.51,111.51,111.51,111.51,0,0
1631563360,111.51,111.51,111.51,111.51,111.51,0,0
1631563365,111.51,111.51,111.51,111.51,111.51,0,0
1631563370,111.51,111.51,111.51,111.51,111.51,0,0
1631563375,111.51,111.51,111.51,111.51,111.51,0,0
1631563380,111.51,111.51,111.51,111.51,111.51,0,0
1631563385,111.51,111.51,111.51,111.51,111.51,0,0
1631563390,111.51,111.51,111.51,111.51,111.51,0,0
1631563395,111.51,111.51,111.51,111.51,111.51,0,0
1631563400,111.51,111.51,111.51,111.51,111.51,0,0
1631563405,111.51,111.51,111.51,111.51,111.51,0,0
1631563410,111.51,111.51,111.51,111.51,111.51,0,0
1631563415,111.51,111.51,111.51,111.51,111.51,0,0
1631563420,111.51,111.51,111.51,111.51,111.51,0,0
1631563425,111.51,111.51,111.51,111.51,111.51,0,0
1631563430,111.51,111.51,111.51,111.51,111.51,0,0
1631563435,111.51,111.51,111.51,111.51,111.51,0,0
1631563440,111.51,111.51,111.51,111.51,111.51,0,0
1631563445,111.51,111.51,111.51,111.51,111.51,0,0
1631563450,111.51,111.51,111.51,111.51,111.51,35,1
1631563455,111.51,111.51,111.51,111.51,111.51,0,0
1631563460,111.51,111.51,111.51,111.51,111.51,0,0
1631563465,111.51,111.51,111.51,111.51,111.51,0,0
1631563470,111.51,111.51,111.51,111.51,111.51,0,0
1631563475,111.51,111.51,111.51,111.51,111.51,0,0
1631563480,111.51,111.51,111.51,111.51,111.51,0,0
1631563485,111.51,111.51,111.51,111.51,111.51,0,0
1631563490,111.51,111.51,111.51,111.51,111.51,0,0
1631563495,111.51,111.51,111.51,111.51,111.51,0,0
1631563500,111.51,111.51,111.51,111.51,111.51,0,0
1631563505,111.51,111.51,111.51,111.51,111.51,0,0
1631563510,111.51,111.51,111.51,111.51,111.51,0,0
1631563515,111.51,111.51,111.51,111.51,111.51,0,0
1631563520,111.51,111.51,111.51,111.51,111.51,0,0
1631563525,111.51,111.51,111.51,111.51,111.51,0,0
1631563530,111.51,111.51,111.51,111.51,111.51,0,0
1631563535,111.51,111.51,111.51,111.51,111.51,0,0
1631563540,111.51,111.51,111.51,111.51,111.51,0,0
1631563545,111.51,111.51,111.51,111.51,111.51,0,0
1631563550,111.51,111.51,111.51,111.51,111.51,0,0
1631563555,111.51,111.51,111.51,111.51,111.51,0,0
1631563560,111.51,111.51,111.51,111.51,111.51,0,0
1631563565,111.51,111.51,111.51,111.51,111.51,0,0
1631563570,111.51,111.51,111.51,111.51,111.51,0,0
1631563575,111.51,111.51,111.51,111.51,111.51,0,0
1631563580,111.51,111.51,111.51,111.51,111.51,0,0
1631563585,111.51,111.51,111.51,111.51,111.51,0,0
1631563590,111.51,111.51,111.51,111.51,111.51,0,0
1631563595,111.51,111.51,111.51,111.51,111.51,0,0
1631563600,111.51,111.51,111.51,111.51,111.51,0,0
1631563605,111.51,111.51,111.51,111.51,111.51,0,0
1631563610,111.51,111.51,111.51,111.51,111.51,0,0
1631563615,111.51,111.51,111.51,111.51,111.51,0,0
1631563620,111.51,111.51,111.51,111.51,111.51,0,0
1631563625,111.51,111.51,111.51,111.51,111.51,0,0
1631563630,111.51,111.51,111.51,111.51,111.51,0,0
1631563635,111.51,111.51,111.51,111.51,111.51,0,0
1631563640,111.51,111.51,111.51,111.51,111.51,0,0
1631563645,111.51,111.51,111.51,111.51,111.51,0,0
1631563650,111.51,111.51,111.51,111.51,111.51,0,0
1631563655,111.51,111.51,111.51,111.51,111.51,0,0
1631563660,111.51,111.51,111.51,111.51,111.51,0,0
1631563665,111.51,111.51,111.51,111.51,111.51,0,0
1631563670,111.51,111.51,111.51,111.51,111.51,0,0
1631563675,111.51,111.51,111.51,111.51,111.51,0,0
1631563680,111.51,111.51,111.51,111.51,111.51,0,0
1631563685,111.51,111.51,111.51,111.51,111.51,0,0
1631563690,111.51,111.51,111.51,111.51,111.51,0,0
1631563695,111.51,111.51,111.51,111.51,111.51,0,0
1631563700,111.51,111.51,111.51,111.51,111.51,0,0
1631563705,111.51,111.51,111.51,111.51,111.51,0,0
1631563710,111.51,111.51,111.51,111.51,111.51,0,0
1631563715,111.51,111.51,111.51,111.51,111.51,0,0
1631563720,111.51,111.51,111.51,111.51,111.51,0,0
1631563725,111.51,111.51,111.51,111.51,111.51,0,0
1631563730,111.51,111.51,111.51,111.51,111.51,0,0
1631563735,111.51,111.51,111.51,111.51,111.51,0,0
1631563740,111.51,111.51,111.51,111.51,111.51,0,0
1631563745,111.51,111.51,111.51,111.51,111.51,0,0
1631563750,111.51,111.51,111.51,111.51,111.51,0,0
1631563755,111.51,111.51,111.51,111.51,111.51,0,0
1631563760,111.51,111.51,111.51,111.51,111.51,0,0
1631563765,111.51,111.51,111.51,111.51,111.51,0,0
1631563770,111.51,111.51,111.51,111.51,111.51,0,0
1631563775,111.51,111.51,111.51,111.51,111.51,0,0
1631563780,111.51,111.51,111.51,111.51,111.51,0,0
1631563785,111.51,111.51,111.51,111.51,111.51,0,0
1631563790,111.51,111.51,111.51,111.51,111.51,0,0
1631563795,111.51,111.51,111.51,111.51,111.51,0,0
1631563800,111.51,111.51,111.51,111.51,111.51,0,0
1631563805,111.51,111.51,111.51,111.51,111.51,0,0
1631563810,111.51,111.51,111.51,111.51,111.51,0,0
1631563815,111.51,111.51,111.51,111.51,111.51,0,0
1631563820,111.51,111.51,111.51,111.51,111.51,0,0
1631563825,111.51,111.51,111.51,111.51,111.51,0,0
1631563830,111.51,111.51,111.51,111.51,111.51,0,0
1631563835,111.51,111.51,111.51,111.51,111.51,0,0
1631563840,111.51,111.51,111.51,111.51,111.51,0,0
1631563845,111.51,111.51,111.51,111.51,111.51,0,0
1631563850,111.51,111.51,111.51,111.51,111.51,0,0
1631563855,111.51,111.51,111.51,111.51,111.51,0,0
1631563860,111.51,111.51,111.51,111.51,111.51,0,0
1631563865,111.51,111.51,111.51,111.51,111.51,0,0
1631563870,111.51,111.51,111.51,111.51,111.51,0,0
1631563875,111.51,111.51,111.51,111.51,111.51,0,0
1631563880,111.51,111.51,111.51,111.51,111.51,0,0
1631563885,111.51,111.51,111.51,111.51,111.51,0,0
1631563890,111.51,111.51,111.51,111.51,111.51,0,0
1631563895,111.51,111.51,111.51,111.51,111.51,0,0
1631563900,111.51,111.51,111.51,111.51,111.51,0,0
1631563905,111.51,111.51,111.51,111.51,111.51,0,0
1631563910,111.51,111.51,111.51,111.51,111.51,0,0
1631563915,111.51,111.51,111.51,111.51,111.51,0,0
1631563920,111.51,111.51,111.51,111.51,111.51,0,0
1631563925,111.51,111.51,111.51,111.51,111.51,0,0
1631563930,111.51,111.51,111.51,111.51,111.51,0,0
1631563935,111.51,111.51,111.51,111.51,111.51,0,0
1631563940,111.51,111.51,111.51,111.51,111.51,0,0
1631563945,111.51,111.51,111.51,111.51,111.51,0,0
1631563950,111.51,111.51,111.51,111.51,111.51,0,0
1631563955,111.51,111.51,111.51,111.51,111.51,0,0
1631563960,111.51,111.51,111.51,111.51,111.51,0,0
1631563965,111.51,111.51,111.51,111.51,111.51,0,0
1631563970,111.51,111.51,111.51,111.51,111.51,0,0
1631563975,111.51,111.51,111.51,111.51,111.51,0,0
1631563980,111.51,111.51,111.51,111.51,111.51,0,0
1631563985,111.51,111.51,111.51,111.51,111.51,0,0
1631563990,111.51,111.51,111.51,111.51,111.51,0,0
1631563995,111.51,111.51,111.51,111.51,111.51,0,0
1631564000,111.51,111.51,111.51,111.51,111.51,0,0
1631564005,111.51,111.51,111.51,111.51,111.51,0,0
1631564010,111.51,111.51,111.51,111.51,111.51,0,0
1631564015,111.51,111.51,111.51,111.51,111.51,0,0
1631564020,111.51,111.51,111.51,111.51,111.51,0,0
1631564025,111.51,111.51,111.51,111.51,111.51,0,0
1631564030,111.51,111.51,111.51,111.51,111.51,0,0
1631564035,111.51,111.51,111.51,111.51,111.51,0,0
1631564040,111.51,111.51,111.51,111.51,111.51,0,0
1631564045,111.51,111.51,111.51,111.51,111.51,0,0
1631564050,111.51,111.51,111.51,111.51,111.51,0,0
1631564055,111.51,111.51,111.51,111.51,111.51,0,0
1631564060,111.51,111.51,111.51,111.51,111.51,0,0
1631564065,111.51,111.51,111.51,111.51,111.51,0,0
1631564070,111.51,111.51,111.51,111.51,111.51,0,0
1631564075,111.51,111.51,111.51,111.51,111.51,0,0
1631564080,111.51,111.51,111.51,111.51,111.51,0,0
1631564085,111.51,111.51,111.51,111.51,111.51,0,0
1631564090,111.51,111.51,111.51,111.51,111.51,0,0
1631564095,111.51,111.51,111.51,111.51,111.51,0,0
1631564100,111.51,111.51,111.51,111.51,111.51,0,0
1631564105,111.51,111.51,111.51,111.51,111.51,0,0
1631564110,111.51,111.51,111.51,111.51,111.51,0,0
1631564115,111.51,111.51,111.51,111.51,111.51,0,0
1631564120,111.51,111.51,111.51,111.51,111.51,0,0
1631564125,111.51,111.51,111.51,111.51,111.51,0,0
1631564130,111.51,111.51,111.51,111.51,111.51,0,0
1631564135,111.51,111.51,111.51,111.51,111.51,0,0
1631564140,111.51,111.51,111.51,111.51,111.51,0,0
1631564145,111.51,111.51,111.51,111.51,111.51,0,0
1631564150,111.51,111.51,111.51,111.51,111.51,0,0
1631564155,111.51,111.51,111.51,111.51,111.51,0,0
1631564160,111.51,111.51,111.51,111.51,111.51,0,0
1631564165,111.51,111.51,111.51,111.51,111.51,0,0
1631564170,111.51,111.51,111.51,111.51,111.51,0,0
1631564175,111.51,111.51,111.51,111.51,111.51,0,0
1631564180,111.51,111.51,111.51,111.51,111.51,0,0
1631564185,111.51,111.51,111.51,111.51,111.51,0,0
1631564190,111.51,111.51,111.51,111.51,111.51,0,0
1631564195,111.51,111.51,111.51,111.51,111.51,0,0
1631564200,111.51,111.51,111.51,111.51,111.51,0,0
1631564205,111.51,111.51,111.51,111.51,111.51,0,0
1631564210,111.51,111.51,111.51,111.51,111.51,0,0
1631564215,111.51,111.51,111.51,111.51,111.51,0,0
1631564220,111.51,111.51,111.51,111.51,111.51,0,0
1631564225,111.51,111.51,111.51,111.51,111.51,0,0
1631564230,111.51,111.51,111.51,111.51,111.51,0,0
1631564235,111.51,111.51,111.51,111.51,111.51,0,0
1631564240,111.51,111.51,111.51,111.51,111.51,0,0
1631564245,111.51,111.51,111.51,111.51,111.51,0,0
1631564250,111.51,111.51,111.51,111.51,111.51,0,0
1631564255,111.51,111.51,111.51,111.51,111.51,0,0
1631564260,111.51,111.51,111.51,111.51,111.51,0,0
1631564265,111.51,111.51,111.51,111.51,111.51,0,0
1631564270,111.51,111.51,111.51,111.51,111.51,0,0
1631564275,111.51,111.51,111.51,111.51,111.51,0,0
1631564280,111.51,111.51,111.51,111.51,111.51,0,0
1631564285,111.51,111.51,111.51,111.51,111.51,0,0
1631564290,111.51,111.51,111.51,111.51,111.51,0,0
1631564295,111.51,111.51,111.51,111.51,111.51,0,0
1631564300,111.51,111.51,111.51,111.51,111.51,0,0
1631564305,111.51,111.51,111.51,111.51,111.51,0,0
1631564310,111.51,111.51,111.51,111.51,111.51,0,0
1631564315,111.51,111.51,111.51,111.51,111.51,0,0
1631564320,111.51,111.51,111.51,111.51,111.51,0,0
1631564325,111.51,111.51,111.51,111.51,111.51,0,0
1631564330,111.51,111.51,111.51,111.51,111.51,0,0
1631564335,111.51,111.51,111.51,111.51,111.51,0,0
1631564340,111.51,111.51,111.51,111.51,111.51,0,0
1631564345,111.51,111.51,111.51,111.51,111.51,0,0
1631564350,111.51,111.51,111.51,111.51,111.51,0,0
1631564355,111.51,111.51,111.51,111.51,111.51,0,0
1631564360,111.51,111.51,111.51,111.51,111.51,0,0
1631564365,111.51,111.51,111.51,111.51,111.51,0,0
1631564370,111.51,111.51,111.51,111.51,111.51,0,0
1631564375,111.51,111.51,111.51,111.51,111.51,0,0
1631564380,111.51,111.51,111.51,111.51,111.51,0,0
1631564385,111.51,111.51,111.51,111.51,111.51,0,0
1631564390,111.51,111.51,111.51,111.51,111.51,0,0
1631564395,111.51,111.51,111.51,111.51,111.51,0,0
1631564400,111.51,111.51,111.51,111.51,111.51,0,0
1631564405,111.51,111.51,111.51,111.51,111.51,0,0
1631564410,111.51,111.51,111.51,111.51,111.51,0,0
1631564415,111.51,111.51,111.51,111.51,111.51,0,0
1631564420,111.51,111.51,111.51,111.51,111.51,0,0
1631564425,111.51,111.51,111.51,111.51,111.51,0,0
1631564430,111.51,111.51,111.51,111.51,111.51,0,0
1631564435,111.51,111.51,111.51,111.51,111.51,0,0
1631564440,111.51,111.51,111.51,111.51,111.51,0,0
1631564445,111.51,111.51,111.51,111.51,111.51,0,0
1631564450,111.51,111.51,111.51,111.51,111.51,0,0
1631564455,111.51,111.51,111.51,111.51,111.51,0,0
1631564460,111.51,111.51,111.51,111.51,111.51,0,0
1631564465,111.51,111.51,111.51,111.51,111.51,0,0
1631564470,111.51,111.51,111.51,111.51,111.51,0,0
1631564475,111.51,111.51,111.51,111.51,111.51,0,0
1631564480,111.51,111.51,111.51,111.51,111.51,0,0
1631564485,111.51,111.51,111.51,111.51,111.51,0,0
1631564490,111.51,111.51,111.51,111.51,111.51,0,0
1631564495,111.51,111.51,111.51,111.51,111.51,0,0
1631564500,111.51,111.51,111.51,111.51,111.51,0,0
1631564505,111.51,111.51,111.51,111.51,111.51,0,0
1631564510,111.51,111.51,111.51,111.51,111.51,0,0
1631564515,111.51,111.51,111.51,111.51,111.51,0,0
1631564520,111.51,111.51,111.51,111.51,111.51,0,0
1631564525,111.51,111.51,111.51,111.51,111.51,0,0
1631564530,111.51,111.51,111.51,111.51,111.51,0,0
1631564535,111.51,111.51,111.51,111.51,111.51,0,0
1631564540,111.51,111.51,111.51,111.51,111.51,0,0
1631564545,111.51,111.51,111.51,111.51,111.51,0,0
1631564550,111.51,111.51,111.51,111.51,111.51,0,0
1631564555,111.51,111.51,111.51,111.51,111.51,0,0
1631564560,111.51,111.51,111.51,111.51,111.51,0,0
1631564565,111.51,111.51,111.51,111.51,111.51,0,0
1631564570,111.51,111.51,111.51,111.51,111.51,0,0
1631564575,111.51,111.51,111.51,111.51,111.51,0,0
1631564580,111.51,111.51,111.51,111.51,111.51,0,0
1631564585,111.51,111.51,111.51,111.51,111.51,0,0
1631564590,111.51,111.51,111.51,111.51,111.51,0,0
1631564595,111.51,111.51,111.51,111.51,111.51,0,0
1631564600,111.51,111.51,111.51,111.51,111.51,0,0
1631564605,111.51,111.51,111.51,111.51,111.51,0,0
1631564610,111.51,111.51,111.51,111.51,111.51,0,0
1631564615,111.51,111.51,111.51,111.51,111.51,0,0
1631564620,111.51,111.51,111.51,111.51,111.51,0,0
1631564625,111.51,111.51,111.51,111.51,111.51,0,0
1631564630,111.51,111.51,111.51,111.51,111.51,0,0
1631564635,111.51,111.51,111.51,111.51,111.51,0,0
1631564640,111.51,111.51,111.51,111.51,111.51,0,0
1631564645,111.51,111.51,111.51,111.51,111.51,0,0
1631564650,111.51,111.51,111.51,111.51,111.51,0,0
1631564655,111.51,111.51,111.51,111.51,111.51,0,0
1631564660,111.51,111.51,111.51,111.51,111.51,0,0
1631564665,111.51,111.51,111.51,111.51,111.51,0,0
1631564670,111.51,111.51,111.51,111.51,111.51,0,0
1631564675,111.51,111.51,111.51,111.51,111.51,0,0
1631564680,111.51,111.51,111.51,111.51,111.51,0,0
1631564685,111.51,111.51,111.51,111.51,111.51,0,0
1631564690,111.51,111.51,111.51,111.51,111.51,0,0
1631564695,111.51,111.51,111.51,111.51,111.51,0,0
1631564700,111.51,111.51,111.51,111.51,111.51,0,0
1631564705,111.51,111.51,111.51,111.51,111.51,0,0
1631564710,111.51,111.51,111.51,111.51,111.51,0,0
1631564715,111.51,111.51,111.51,111.51,111.51,0,0
1631564720,111.51,111.51,111.51,111.51,111.51,0,0
1631564725,111.51,111.51,111.51,111.51,111.51,0,0
1631564730,111.51,111.51,111.51,111.51,111.51,0,0
1631564735,111.51,111.51,111.51,111.51,111.51,0,0
1631564740,111.51,111.51,111.51,111.51,111.51,0,0
1631564745,111.51,111.51,111.51,111.51,111.51,0,0
1631564750,111.51,111.51,111.51,111.51,111.51,0,0
1631564755,111.51,111.51,111.51,111.51,111.51,0,0
1631564760,111.51,111.51,111.51,111.51,111.51,0,0
1631564765,111.51,111.51,111.51,111.51,111.51,0,0
1631564770,111.51,111.51,111.51,111.51,111.51,0,0
1631564775,111.51,111.51,111.51,111.51,111.51,0,0
1631564780,111.51,111.51,111.51,111.51,111.51,0,0
1631564785,111.51,111.51,111.51,111.51,111.51,0,0
1631564790,111.51,111.51,111.51,111.51,111.51,0,0
1631564795,111.51,111.51,111.51,111.51,111.51,0,0
1631564800,111.51,111.51,111.51,111.51,111.51,0,0
1631564805,111.51,111.51,111.51,111.51,111.51,0,0
1631564810,111.51,111.51,111.51,111.51,111.51,0,0
1631564815,111.51,111.51,111.51,111.51,111.51,0,0
1631564820,111.51,111.51,111.51,111.51,111.51,0,0
1631564825,111.51,111.51,111.51,111.51,111.51,0,0
1631564830,111.51,111.51,111.51,111.51,111.51,0,0
1631564835,111.51,111.51,111.51,111.51,111.51,0,0
1631564840,111.51,111.51,111.51,111.51,111.51,0,0
1631564845,111.51,111.51,111.51,111.51,111.51,0,0
1631564850,111.51,111.51,111.51,111.51,111.51,0,0
1631564855,111.51,111.51,111.51,111.51,111.51,0,0
1631564860,111.51,111.51,111.51,111.51,111.51,0,0
1631564865,111.51,111.51,111.51,111.51,111.51,0,0
1631564870,111.51,111.51,111.51,111.51,111.51,0,0
1631564875,111.69,111.7,111.69,111.69,111.694,5,3
1631564880,111.7,111.7,111.69,111.69,111.698,5,3
1631564885,111.69,111.69,111.69,111.69,111.69,0,0
1631564890,111.69,111.69,111.69,111.69,111.69,0,0
1631564895,111.69,111.69,111.69,111.69,111.69,0,0
1631564900,111.69,111.69,111.69,111.69,111.69,0,0
1631564905,111.69,111.69,111.69,111.69,111.69,0,0
1631564910,111.69,111.69,111.69,111.69,111.69,0,0
1631564915,111.69,111.69,111.69,111.69,111.69,0,0
1631564920,111.69,111.69,111.69,111.69,111.69,0,0
1631564925,111.69,111.69,111.69,111.69,111.69,0,0
1631564930,111.69,111.69,111.69,111.69,111.69,0,0
1631564935,111.69,111.69,111.69,111.69,111.69,0,0
1631564940,111.69,111.69,111.69,111.69,111.69,0,0
1631564945,111.69,111.69,111.69,111.69,111.69,0,0
1631564950,111.69,111.69,111.69,111.69,111.69,0,0
1631564955,111.7,111.7,111.7,111.7,111.7,1,1
1631564960,111.6,111.6,111.6,111.6,111.6,2,1
1631564965,111.6,111.6,111.6,111.6,111.6,0,0
1631564970,111.6,111.6,111.6,111.6,111.6,0,0
1631564975,111.6,111.6,111.6,111.6,111.6,0,0
1631564980,111.6,111.6,111.6,111.6,111.6,0,0
1631564985,111.6,111.6,111.6,111.6,111.6,0,0
1631564990,111.7,111.7,111.7,111.7,111.7,1,1
1631564995,111.7,111.7,111.7,111.7,111.7,0,0
1631565000,111.7,111.7,111.7,111.7,111.7,0,0
1631565005,111.7,111.7,111.7,111.7,111.7,0,0
1631565010,111.7,111.7,111.7,111.7,111.7,0,0
1631565015,111.7,111.7,111.7,111.7,111.7,0,0
1631565020,111.7,111.7,111.7,111.7,111.7,0,0
1631565025,111.7,111.7,111.7,111.7,111.7,0,0
1631565030,111.7,111.7,111.7,111.7,111.7,0,0
1631565035,111.7,111.7,111.7,111.7,111.7,0,0
1631565040,111.7,111.7,111.7,111.7,111.7,0,0
1631565045,111.7,111.7,111.7,111.7,111.7,0,0
1631565050,111.7,111.7,111.7,111.7,111.7,0,0
1631565055,111.7,111.7,111.7,111.7,111.7,0,0
1631565060,111.7,111.7,111.7,111.7,111.7,0,0
1631565065,111.7,111.7,111.7,111.7,111.7,0,0
1631565070,111.7,111.7,111.7,111.7,111.7,0,0
1631565075,111.7,111.7,111.7,111.7,111.7,0,0
1631565080,111.7,111.7,111.7,111.7,111.7,0,0
1631565085,111.7,111.7,111.7,111.7,111.7,0,0
1631565090,111.7,111.7,111.7,111.7,111.7,0,0
1631565095,111.7,111.7,111.7,111.7,111.7,0,0
1631565100,111.7,111.7,111.7,111.7,111.7,0,0
1631565105,111.7,111.7,111.7,111.7,111.7,0,0
1631565110,111.7,111.7,111.7,111.7,111.7,0,0
1631565115,111.7,111.7,111.7,111.7,111.7,0,0
1631565120,111.7,111.7,111.7,111.7,111.7,0,0
1631565125,111.7,111.7,111.7,111.7,111.7,0,0
1631565130,111.7,111.7,111.7,111.7,111.7,0,0
1631565135,111.7,111.7,111.7,111.7,111.7,0,0
1631565140,111.7,111.7,111.7,111.7,111.7,0,0
1631565145,111.7,111.7,111.7,111.7,111.7,0,0
1631565150,111.7,111.7,111.7,111.7,111.7,0,0
1631565155,111.7,111.7,111.7,111.7,111.7,0,0
1631565160,111.7,111.7,111.7,111.7,111.7,0,0
1631565165,111.7,111.7,111.7,111.7,111.7,0,0
1631565170,111.7,111.7,111.7,111.7,111.7,0,0
1631565175,111.7,111.7,111.7,111.7,111.7,0,0
1631565180,111.7,111.7,111.7,111.7,111.7,0,0
1631565185,111.7,111.7,111.7,111.7,111.7,0,0
1631565190,111.7,111.7,111.7,111.7,111.7,0,0
1631565195,111.7,111.7,111.7,111.7,111.7,0,0
1631565200,111.7,111.7,111.7,111.7,111.7,0,0
1631565205,111.7,111.7,111.7,111.7,111.7,0,0
1631565210,111.7,111.7,111.7,111.7,111.7,0,0
1631565215,111.7,111.7,111.7,111.7,111.7,0,0
1631565220,111.7,111.7,111.7,111.7,111.7,0,0
1631565225,111.7,111.7,111.7,111.7,111.7,0,0
1631565230,111.7,111.7,111.7,111.7,111.7,0,0
1631565235,111.51,111.51,111.51,111.51,111.51,142,1
1631565240,111.51,111.51,111.51,111.51,111.51,0,0
1631565245,111.51,111.51,111.51,111.51,111.51,0,0
1631565250,111.51,111.51,111.51,111.51,111.51,0,0
1631565255,111.51,111.51,111.51,111.51,111.51,0,0
1631565260,111.51,111.51,111.51,111.51,111.51,0,0
1631565265,111.51,111.51,111.51,111.51,111.51,0,0
1631565270,111.51,111.51,111.51,111.51,111.51,0,0
1631565275,111.51,111.51,111.51,111.51,111.51,0,0
1631565280,111.51,111.51,111.51,111.51,111.51,0,0
1631565285,111.51,111.51,111.51,111.51,111.51,0,0
1631565290,111.51,111.51,111.51,111.51,111.51,0,0
1631565295,111.51,111.51,111.51,111.51,111.51,0,0
1631565300,111.51,111.51,111.51,111.51,111.51,0,0
1631565305,111.51,111.51,111.51,111.51,111.51,0,0
1631565310,111.51,111.51,111.51,111.51,111.51,0,0
1631565315,111.51,111.51,111.51,111.51,111.51,0,0
1631565320,111.51,111.51,111.51,111.51,111.51,0,0
1631565325,111.51,111.51,111.51,111.51,111.51,0,0
1631565330,111.51,111.51,111.51,111.51,111.51,0,0
1631565335,111.51,111.51,111.51,111.51,111.51,0,0
1631565340,111.51,111.51,111.51,111.51,111.51,0,0
1631565345,111.51,111.51,111.51,111.51,111.51,0,0
1631565350,111.51,111.51,111.51,111.51,111.51,0,0
1631565355,111.51,111.51,111.51,111.51,111.51,0,0
1631565360,111.51,111.51,111.51,111.51,111.51,0,0
1631565365,111.51,111.51,111.51,111.51,111.51,0,0
1631565370,111.51,111.51,111.51,111.51,111.51,0,0
1631565375,111.51,111.51,111.51,111.51,111.51,0,0
1631565380,111.51,111.51,111.51,111.51,111.51,0,0
1631565385,111.51,111.51,111.51,111.51,111.51,0,0
1631565390,111.51,111.51,111.51,111.51,111.51,0,0
1631565395,111.51,111.51,111.51,111.51,111.51,0,0
1631565400,111.51,111.51,111.51,111.51,111.51,0,0
1631565405,111.51,111.51,111.51,111.51,111.51,0,0
1631565410,111.51,111.51,111.51,111.51,111.51,0,0
1631565415,111.51,111.51,111.51,111.51,111.51,0,0
1631565420,111.51,111.51,111.51,111.51,111.51,0,0
1631565425,111.51,111.51,111.51,111.51,111.51,0,0
1631565430,111.51,111.51,111.51,111.51,111.51,0,0
1631565435,111.51,111.51,111.51,111.51,111.51,0,0
1631565440,111.51,111.51,111.51,111.51,111.51,0,0
1631565445,111.51,111.51,111.51,111.51,111.51,0,0
1631565450,111.51,111.51,111.51,111.51,111.51,0,0
1631565455,111.51,111.51,111.51,111.51,111.51,0,0
1631565460,111.51,111.51,111.51,111.51,111.51,0,0
1631565465,111.51,111.51,111.51,111.51,111.51,0,0
1631565470,111.51,111.51,111.51,111.51,111.51,0,0
1631565475,111.51,111.51,111.51,111.51,111.51,0,0
1631565480,111.51,111.51,111.51,111.51,111.51,0,0
1631565485,111.51,111.51,111.51,111.51,111.51,0,0
1631565490,111.51,111.51,111.51,111.51,111.51,0,0
1631565495,111.51,111.51,111.51,111.51,111.51,0,0
1631565500,111.51,111.51,111.51,111.51,111.51,0,0
1631565505,111.51,111.51,111.51,111.51,111.51,0,0
1631565510,111.51,111.51,111.51,111.51,111.51,0,0
1631565515,111.51,111.51,111.51,111.51,111.51,0,0
1631565520,111.51,111.51,111.51,111.51,111.51,0,0
1631565525,111.51,111.51,111.51,111.51,111.51,0,0
1631565530,111.51,111.51,111.51,111.51,111.51,0,0
1631565535,111.51,111.51,111.51,111.51,111.51,0,0
1631565540,111.51,111.51,111.51,111.51,111.51,0,0
1631565545,111.51,111.51,111.51,111.51,111.51,0,0
1631565550,111.51,111.51,111.51,111.51,111.51,0,0
1631565555,111.51,111.51,111.51,111.51,111.51,0,0
1631565560,111.51,111.51,111.51,111.51,111.51,0,0
1631565565,111.51,111.51,111.51,111.51,111.51,0,0
1631565570,111.51,111.51,111.51,111.51,111.51,0,0
1631565575,111.51,111.51,111.51,111.51,111.51,0,0
1631565580,111.51,111.51,111.51,111.51,111.51,0,0
1631565585,111.51,111.51,111.51,111.51,111.51,0,0
1631565590,111.51,111.51,111.51,111.51,111.51,0,0
1631565595,111.51,111.51,111.51,111.51,111.51,0,0
1631565600,111.51,111.51,111.51,111.51,111.51,0,0
1631565605,111.51,111.51,111.51,111.51,111.51,0,0
1631565610,111.51,111.51,111.51,111.51,111.51,0,0
1631565615,111.51,111.51,111.51,111.51,111.51,0,0
1631565620,111.51,111.51,111.51,111.51,111.51,0,0
1631565625,111.51,111.51,111.51,111.51,111.51,0,0
1631565630,111.51,111.51,111.51,111.51,111.51,0,0
1631565635,111.51,111.51,111.51,111.51,111.51,0,0
1631565640,111.51,111.51,111.51,111.51,111.51,0,0
1631565645,111.51,111.51,111.51,111.51,111.51,0,0
1631565650,111.51,111.51,111.51,111.51,111.51,0,0
1631565655,111.51,111.51,111.51,111.51,111.51,0,0
1631565660,111.51,111.51,111.51,111.51,111.51,0,0
1631565665,111.51,111.51,111.51,111.51,111.51,0,0
1631565670,111.51,111.51,111.51,111.51,111.51,0,0
1631565675,111.51,111.51,111.51,111.51,111.51,0,0
1631565680,111.51,111.51,111.51,111.51,111.51,0,0
1631565685,111.51,111.51,111.51,111.51,111.51,0,0
1631565690,111.51,111.51,111.51,111.51,111.51,0,0
1631565695,111.51,111.51,111.51,111.51,111.51,0,0
1631565700,111.51,111.51,111.51,111.51,111.51,0,0
1631565705,111.51,111.51,111.51,111.51,111.51,0,0
1631565710,111.51,111.51,111.51,111.51,111.51,0,0
1631565715,111.51,111.51,111.51,111.51,111.51,0,0
1631565720,111.51,111.51,111.51,111.51,111.51,0,0
1631565725,111.51,111.51,111.51,111.51,111.51,0,0
1631565730,111.51,111.51,111.51,111.51,111.51,0,0
1631565735,111.51,111.51,111.51,111.51,111.51,0,0
1631565740,111.51,111.51,111.51,111.51,111.51,0,0
1631565745,111.51,111.51,111.51,111.51,111.51,0,0
1631565750,111.51,111.51,111.51,111.51,111.51,0,0
1631565755,111.51,111.51,111.51,111.51,111.51,0,0
1631565760,111.51,111.51,111.51,111.51,111.51,0,0
1631565765,111.51,111.51,111.51,111.51,111.51,0,0
1631565770,111.51,111.51,111.51,111.51,111.51,0,0
1631565775,111.51,111.51,111.51,111.51,111.51,0,0
1631565780,111.51,111.51,111.51,111.51,111.51,0,0
1631565785,111.51,111.51,111.51,111.51,111.51,0,0
1631565790,111.51,111.51,111.51,111.51,111.51,0,0
1631565795,111.51,111.51,111.51,111.51,111.51,0,0
1631565800,111.51,111.51,111.51,111.51,111.51,0,0
1631565805,111.51,111.51,111.51,111.51,111.51,0,0
1631565810,111.51,111.51,111.51,111.51,111.51,0,0
1631565815,111.51,111.51,111.51,111.51,111.51,0,0
1631565820,111.51,111.51,111.51,111.51,111.51,0,0
1631565825,111.51,111.51,111.51,111.51,111.51,0,0
1631565830,111.51,111.51,111.51,111.51,111.51,0,0
1631565835,111.51,111.51,111.51,111.51,111.51,0,0
1631565840,111.51,111.51,111.51,111.51,111.51,0,0
1631565845,111.51,111.51,111.51,111.51,111.51,0,0
1631565850,111.51,111.51,111.51,111.51,111.51,0,0
1631565855,111.51,111.51,111.51,111.51,111.51,0,0
1631565860,111.51,111.51,111.51,111.51,111.51,0,0
1631565865,111.51,111.51,111.51,111.51,111.51,0,0
1631565870,111.51,111.51,111.51,111.51,111.51,0,0
1631565875,111.51,111.51,111.51,111.51,111.51,0,0
1631565880,111.51,111.51,111.51,111.51,111.51,0,0
1631565885,111.51,111.51,111.51,111.51,111.51,0,0
1631565890,111.51,111.51,111.51,111.51,111.51,0,0
1631565895,111.51,111.51,111.51,111.51,111.51,0,0
1631565900,111.51,111.51,111.51,111.51,111.51,0,0
1631565905,111.51,111.51,111.51,111.51,111.51,0,0
1631565910,111.51,111.51,111.51,111.51,111.51,0,0
1631565915,111.51,111.51,111.51,111.51,111.51,0,0
1631565920,111.51,111.51,111.51,111.51,111.51,0,0
1631565925,111.6,111.6,111.6,111.6,111.6,1,1
1631565930,111.6,111.6,111.6,111.6,111.6,0,0
1631565935,111.6,111.6,111.6,111.6,111.6,0,0
1631565940,111.6,111.6,111.6,111.6,111.6,0,0
1631565945,111.6,111.6,111.6,111.6,111.6,0,0
1631565950,111.6,111.6,111.6,111.6,111.6,0,0
1631565955,111.6,111.6,111.6,111.6,111.6,0,0
1631565960,111.6,111.6,111.6,111.6,111.6,0,0
1631565965,111.6,111.6,111.6,111.6,111.6,0,0
1631565970,111.6,111.6,111.6,111.6,111.6,0,0
1631565975,111.6,111.6,111.6,111.6,111.6,0,0
1631565980,111.6,111.6,111.6,111.6,111.6,0,0
1631565985,111.6,111.6,111.6,111.6,111.6,0,0
1631565990,111.6,111.6,111.6,111.6,111.6,0,0
1631565995,111.6,111.6,111.6,111.6,111.6,0,0
1631566000,111.6,111.6,111.6,111.6,111.6,0,0
1631566005,111.6,111.6,111.6,111.6,111.6,0,0
1631566010,111.6,111.6,111.6,111.6,111.6,0,0
1631566015,111.6,111.6,111.6,111.6,111.6,0,0
1631566020,111.6,111.6,111.6,111.6,111.6,0,0
1631566025,111.6,111.6,111.6,111.6,111.6,0,0
1631566030,111.6,111.6,111.6,111.6,111.6,0,0
1631566035,111.6,111.6,111.6,111.6,111.6,0,0
1631566040,111.6,111.6,111.6,111.6,111.6,0,0
1631566045,111.6,111.6,111.6,111.6,111.6,0,0
1631566050,111.6,111.6,111.6,111.6,111.6,0,0
1631566055,111.6,111.6,111.6,111.6,111.6,0,0
1631566060,111.6,111.6,111.6,111.6,111.6,0,0
1631566065,111.6,111.6,111.6,111.6,111.6,0,0
1631566070,111.6,111.6,111.6,111.6,111.6,0,0
1631566075,111.6,111.6,111.6,111.6,111.6,0,0
1631566080,111.7,111.7,111.61,111.61,111.665,4,2
1631566085,111.61,111.61,111.61,111.61,111.61,0,0
1631566090,111.61,111.61,111.61,111.61,111.61,0,0
1631566095,111.61,111.61,111.61,111.61,111.61,0,0
1631566100,111.61,111.61,111.61,111.61,111.61,0,0
1631566105,111.61,111.61,111.61,111.61,111.61,0,0
1631566110,111.61,111.61,111.61,111.61,111.61,0,0
1631566115,111.61,111.61,111.61,111.61,111.61,0,0
1631566120,111.61,111.61,111.61,111.61,111.61,0,0
1631566125,111.61,111.61,111.61,111.61,111.61,0,0
1631566130,111.61,111.61,111.61,111.61,111.61,0,0
1631566135,111.61,111.61,111.61,111.61,111.61,0,0
1631566140,111.61,111.61,111.61,111.61,111.61,0,0
1631566145,111.61,111.61,111.61,111.61,111.61,0,0
1631566150,111.61,111.61,111.61,111.61,111.61,0,0
1631566155,111.61,111.61,111.61,111.61,111.61,0,0
1631566160,111.61,111.61,111.61,111.61,111.61,0,0
1631566165,111.61,111.61,111.61,111.61,111.61,0,0
1631566170,111.61,111.61,111.61,111.61,111.61,0,0
1631566175,111.61,111.61,111.61,111.61,111.61,0,0
1631566180,111.61,111.61,111.61,111.61,111.61,0,0
1631566185,111.61,111.61,111.61,111.61,111.61,0,0
1631566190,111.61,111.61,111.61,111.61,111.61,0,0
1631566195,111.61,111.61,111.61,111.61,111.61,0,0
1631566200,111.61,111.61,111.61,111.61,111.61,0,0
1631566205,111.61,111.61,111.61,111.61,111.61,0,0
1631566210,111.61,111.61,111.61,111.61,111.61,0,0
1631566215,111.61,111.61,111.61,111.61,111.61,0,0
1631566220,111.61,111.61,111.61,111.61,111.61,0,0
1631566225,111.61,111.61,111.61,111.61,111.61,0,0
1631566230,111.61,111.61,111.61,111.61,111.61,0,0
1631566235,111.61,111.61,111.61,111.61,111.61,0,0
1631566240,111.61,111.61,111.61,111.61,111.61,0,0
1631566245,111.61,111.61,111.61,111.61,111.61,0,0
1631566250,111.61,111.61,111.61,111.61,111.61,0,0
1631566255,111.61,111.61,111.61,111.61,111.61,0,0
1631566260,111.61,111.61,111.61,111.61,111.61,0,0
1631566265,111.61,111.61,111.61,111.61,111.61,0,0
1631566270,111.61,111.61,111.61,111.61,111.61,0,0
1631566275,111.61,111.61,111.61,111.61,111.61,0,0
1631566280,111.61,111.61,111.61,111.61,111.61,0,0
1631566285,111.61,111.61,111.61,111.61,111.61,0,0
1631566290,111.61,111.61,111.61,111.61,111.61,0,0
1631566295,111.61,111.61,111.61,111.61,111.61,0,0
1631566300,111.61,111.61,111.61,111.61,111.61,0,0
1631566305,111.61,111.61,111.61,111.61,111.61,0,0
1631566310,111.61,111.61,111.61,111.61,111.61,0,0
1631566315,111.61,111.61,111.61,111.61,111.61,0,0
1631566320,111.61,111.61,111.61,111.61,111.61,0,0
1631566325,111.61,111.61,111.61,111.61,111.61,0,0
1631566330,111.61,111.61,111.61,111.61,111.61,0,0
1631566335,111.61,111.61,111.61,111.61,111.61,0,0
1631566340,111.61,111.61,111.61,111.61,111.61,0,0
1631566345,111.61,111.61,111.61,111.61,111.61,0,0
1631566350,111.61,111.61,111.61,111.61,111.61,0,0
1631566355,111.61,111.61,111.61,111.61,111.61,0,0
1631566360,111.61,111.61,111.61,111.61,111.61,0,0
1631566365,111.61,111.61,111.61,111.61,111.61,0,0
1631566370,111.61,111.61,111.61,111.61,111.61,0,0
1631566375,111.61,111.61,111.61,111.61,111.61,0,0
1631566380,111.61,111.61,111.61,111.61,111.61,0,0
1631566385,111.61,111.61,111.61,111.61,111.61,0,0
1631566390,111.61,111.61,111.61,111.61,111.61,0,0
1631566395,111.61,111.61,111.61,111.61,111.61,0,0
1631566400,111.61,111.61,111.61,111.61,111.61,0,0
1631566405,111.61,111.61,111.61,111.61,111.61,0,0
1631566410,111.61,111.61,111.61,111.61,111.61,0,0
1631566415,111.61,111.61,111.61,111.61,111.61,0,0
1631566420,111.61,111.61,111.61,111.61,111.61,0,0
1631566425,111.61,111.61,111.61,111.61,111.61,0,0
1631566430,111.61,111.61,111.61,111.61,111.61,0,0
1631566435,111.61,111.61,111.61,111.61,111.61,0,0
1631566440,111.61,111.61,111.61,111.61,111.61,0,0
1631566445,111.61,111.61,111.61,111.61,111.61,0,0
1631566450,111.61,111.61,111.61,111.61,111.61,0,0
1631566455,111.61,111.61,111.61,111.61,111.61,0,0
1631566460,111.61,111.61,111.61,111.61,111.61,0,0
1631566465,111.61,111.61,111.61,111.61,111.61,0,0
1631566470,111.61,111.61,111.61,111.61,111.61,0,0
1631566475,111.61,111.61,111.61,111.61,111.61,0,0
1631566480,111.61,111.61,111.61,111.61,111.61,0,0
1631566485,111.61,111.61,111.61,111.61,111.61,0,0
1631566490,111.61,111.61,111.61,111.61,111.61,0,0
1631566495,111.61,111.61,111.61,111.61,111.61,0,0
1631566500,111.61,111.61,111.61,111.61,111.61,0,0
1631566505,111.61,111.61,111.61,111.61,111.61,0,0
1631566510,111.61,111.61,111.61,111.61,111.61,0,0
1631566515,111.61,111.61,111.61,111.61,111.61,0,0
1631566520,111.61,111.61,111.61,111.61,111.61,0,0
1631566525,111.61,111.61,111.61,111.61,111.61,0,0
1631566530,111.61,111.61,111.61,111.61,111.61,0,0
1631566535,111.61,111.61,111.61,111.61,111.61,0,0
1631566540,111.61,111.61,111.61,111.61,111.61,0,0
1631566545,111.61,111.61,111.61,111.61,111.61,0,0
1631566550,111.61,111.61,111.61,111.61,111.61,0,0
1631566555,111.61,111.61,111.61,111.61,111.61,0,0
1631566560,111.61,111.61,111.61,111.61,111.61,0,0
1631566565,111.61,111.61,111.61,111.61,111.61,0,0
1631566570,111.61,111.61,111.61,111.61,111.61,0,0
1631566575,111.61,111.61,111.61,111.61,111.61,0,0
1631566580,111.61,111.61,111.61,111.61,111.61,0,0
1631566585,111.61,111.61,111.61,111.61,111.61,0,0
1631566590,111.61,111.61,111.61,111.61,111.61,0,0
1631566595,111.61,111.61,111.61,111.61,111.61,0,0
1631566600,111.61,111.61,111.61,111.61,111.61,0,0
1631566605,111.61,111.61,111.61,111.61,111.61,0,0
1631566610,111.61,111.61,111.61,111.61,111.61,0,0
1631566615,111.61,111.61,111.61,111.61,111.61,0,0
1631566620,111.61,111.61,111.61,111.61,111.61,0,0
1631566625,111.61,111.61,111.61,111.61,111.61,0,0
1631566630,111.61,111.61,111.61,111.61,111.61,0,0
1631566635,111.61,111.61,111.61,111.61,111.61,0,0
1631566640,111.61,111.61,111.61,111.61,111.61,0,0
1631566645,111.61,111.61,111.61,111.61,111.61,0,0
1631566650,111.61,111.61,111.61,111.61,111.61,0,0
1631566655,111.61,111.61,111.61,111.61,111.61,0,0
1631566660,111.61,111.61,111.61,111.61,111.61,0,0
1631566665,111.61,111.61,111.61,111.61,111.61,0,0
1631566670,111.61,111.61,111.61,111.61,111.61,0,0
1631566675,111.61,111.61,111.61,111.61,111.61,0,0
1631566680,111.61,111.61,111.61,111.61,111.61,0,0
1631566685,111.61,111.61,111.61,111.61,111.61,0,0
1631566690,111.61,111.61,111.61,111.61,111.61,0,0
1631566695,111.61,111.61,111.61,111.61,111.61,0,0
1631566700,111.61,111.61,111.61,111.61,111.61,0,0
1631566705,111.61,111.61,111.61,111.61,111.61,0,0
1631566710,111.61,111.61,111.61,111.61,111.61,0,0
1631566715,111.61,111.61,111.61,111.61,111.61,0,0
1631566720,111.61,111.61,111.61,111.61,111.61,0,0
1631566725,111.61,111.61,111.61,111.61,111.61,0,0
1631566730,111.61,111.61,111.61,111.61,111.61,0,0
1631566735,111.61,111.61,111.61,111.61,111.61,0,0
1631566740,111.61,111.61,111.61,111.61,111.61,0,0
1631566745,111.61,111.61,111.61,111.61,111.61,0,0
1631566750,111.61,111.61,111.61,111.61,111.61,0,0
1631566755,111.61,111.61,111.61,111.61,111.61,0,0
1631566760,111.61,111.61,111.61,111.61,111.61,0,0
1631566765,111.61,111.61,111.61,111.61,111.61,0,0
1631566770,111.61,111.61,111.61,111.61,111.61,0,0
1631566775,111.61,111.61,111.61,111.61,111.61,0,0
1631566780,111.61,111.61,111.61,111.61,111.61,0,0
1631566785,111.61,111.61,111.61,111.61,111.61,0,0
1631566790,111.75,111.75,111.75,111.75,111.75,58,1
1631566795,111.75,111.75,111.75,111.75,111.75,0,0
1631566800,111.75,111.75,111.75,111.75,111.75,0,0
1631566805,111.75,111.75,111.75,111.75,111.75,0,0
1631566810,111.75,111.75,111.75,111.75,111.75,0,0
1631566815,111.75,111.75,111.75,111.75,111.75,0,0
1631566820,111.75,111.75,111.75,111.75,111.75,0,0
1631566825,111.75,111.75,111.75,111.75,111.75,0,0
1631566830,111.75,111.75,111.75,111.75,111.75,0,0
1631566835,111.75,111.75,111.75,111.75,111.75,0,0
1631566840,111.75,111.75,111.75,111.75,111.75,0,0
1631566845,111.74,111.74,111.74,111.74,111.74,2,1
1631566850,111.74,111.74,111.74,111.74,111.74,0,0
1631566855,111.74,111.74,111.74,111.74,111.74,0,0
1631566860,111.74,111.74,111.74,111.74,111.74,0,0
1631566865,111.74,111.74,111.74,111.74,111.74,0,0
1631566870,111.74,111.74,111.74,111.74,111.74,0,0
1631566875,111.74,111.74,111.74,111.74,111.74,0,0
1631566880,111.74,111.74,111.74,111.74,111.74,0,0
1631566885,111.74,111.74,111.74,111.74,111.74,0,0
1631566890,111.74,111.74,111.74,111.74,111.74,0,0
1631566895,111.74,111.74,111.74,111.74,111.74,0,0
1631566900,111.74,111.74,111.74,111.74,111.74,0,0
1631566905,111.74,111.74,111.74,111.74,111.74,0,0
1631566910,111.74,111.74,111.74,111.74,111.74,0,0
1631566915,111.74,111.74,111.74,111.74,111.74,0,0
1631566920,111.74,111.74,111.74,111.74,111.74,0,0
1631566925,111.74,111.74,111.74,111.74,111.74,0,0
1631566930,111.74,111.74,111.74,111.74,111.74,0,0
1631566935,111.74,111.74,111.74,111.74,111.74,0,0
1631566940,111.74,111.74,111.74,111.74,111.74,0,0
1631566945,111.74,111.74,111.74,111.74,111.74,0,0
1631566950,111.74,111.74,111.74,111.74,111.74,0,0
1631566955,111.74,111.74,111.74,111.74,111.74,0,0
1631566960,111.74,111.74,111.74,111.74,111.74,0,0
1631566965,111.74,111.74,111.74,111.74,111.74,0,0
1631566970,111.74,111.74,111.74,111.74,111.74,0,0
1631566975,111.74,111.74,111.74,111.74,111.74,0,0
1631566980,111.74,111.74,111.74,111.74,111.74,0,0
1631566985,111.74,111.74,111.74,111.74,111.74,0,0
1631566990,111.74,111.74,111.74,111.74,111.74,0,0
1631566995,111.74,111.74,111.74,111.74,111.74,0,0
1631567000,111.74,111.74,111.74,111.74,111.74,0,0
1631567005,111.74,111.74,111.74,111.74,111.74,0,0
1631567010,111.74,111.74,111.74,111.74,111.74,0,0
1631567015,111.74,111.74,111.74,111.74,111.74,0,0
1631567020,111.74,111.74,111.74,111.74,111.74,0,0
1631567025,111.74,111.74,111.74,111.74,111.74,0,0
1631567030,111.74,111.74,111.74,111.74,111.74,0,0
1631567035,111.74,111.74,111.74,111.74,111.74,0,0
1631567040,111.74,111.74,111.74,111.74,111.74,0,0
1631567045,111.74,111.74,111.74,111.74,111.74,0,0
1631567050,111.74,111.74,111.74,111.74,111.74,0,0
1631567055,111.74,111.74,111.74,111.74,111.74,0,0
1631567060,111.74,111.74,111.74,111.74,111.74,0,0
1631567065,111.74,111.74,111.74,111.74,111.74,0,0
1631567070,111.74,111.74,111.74,111.74,111.74,0,0
1631567075,111.74,111.74,111.74,111.74,111.74,0,0
1631567080,111.74,111.74,111.74,111.74,111.74,0,0
1631567085,111.74,111.74,111.74,111.74,111.74,0,0
1631567090,111.74,111.74,111.74,111.74,111.74,0,0
1631567095,111.74,111.74,111.74,111.74,111.74,0,0
1631567100,111.74,111.74,111.74,111.74,111.74,0,0
1631567105,111.74,111.74,111.74,111.74,111.74,0,0
1631567110,111.74,111.74,111.74,111.74,111.74,0,0
1631567115,111.74,111.74,111.74,111.74,111.74,0,0
1631567120,111.74,111.74,111.74,111.74,111.74,0,0
1631567125,111.74,111.74,111.74,111.74,111.74,0,0
1631567130,111.74,111.74,111.74,111.74,111.74,0,0
1631567135,111.74,111.74,111.74,111.74,111.74,0,0
1631567140,111.74,111.74,111.74,111.74,111.74,0,0
1631567145,111.74,111.74,111.74,111.74,111.74,0,0
1631567150,111.74,111.74,111.74,111.74,111.74,0,0
1631567155,111.74,111.74,111.74,111.74,111.74,0,0
1631567160,111.74,111.74,111.74,111.74,111.74,0,0
1631567165,111.74,111.74,111.74,111.74,111.74,0,0
1631567170,111.74,111.74,111.74,111.74,111.74,0,0
1631567175,111.74,111.74,111.74,111.74,111.74,0,0
1631567180,111.74,111.74,111.74,111.74,111.74,0,0
1631567185,111.74,111.74,111.74,111.74,111.74,0,0
1631567190,111.74,111.74,111.74,111.74,111.74,0,0
1631567195,111.74,111.74,111.74,111.74,111.74,0,0
1631567200,111.74,111.74,111.74,111.74,111.74,0,0
1631567205,111.74,111.74,111.74,111.74,111.74,0,0
1631567210,111.74,111.74,111.74,111.74,111.74,0,0
1631567215,111.74,111.74,111.74,111.74,111.74,0,0
1631567220,111.74,111.74,111.74,111.74,111.74,0,0
1631567225,111.74,111.74,111.74,111.74,111.74,0,0
1631567230,111.74,111.74,111.74,111.74,111.74,0,0
1631567235,111.74,111.74,111.74,111.74,111.74,0,0
1631567240,111.74,111.74,111.74,111.74,111.74,0,0
1631567245,111.74,111.74,111.74,111.74,111.74,0,0
1631567250,111.74,111.74,111.74,111.74,111.74,0,0
1631567255,111.74,111.74,111.74,111.74,111.74,0,0
1631567260,111.74,111.74,111.74,111.74,111.74,0,0
1631567265,111.74,111.74,111.74,111.74,111.74,0,0
1631567270,111.74,111.74,111.74,111.74,111.74,0,0
1631567275,111.74,111.74,111.74,111.74,111.74,0,0
1631567280,111.74,111.74,111.74,111.74,111.74,0,0
1631567285,111.74,111.74,111.74,111.74,111.74,0,0
1631567290,111.74,111.74,111.74,111.74,111.74,0,0
1631567295,111.74,111.74,111.74,111.74,111.74,0,0
1631567300,111.74,111.74,111.74,111.74,111.74,0,0
1631567305,111.74,111.74,111.74,111.74,111.74,0,0
1631567310,111.74,111.74,111.74,111.74,111.74,0,0
1631567315,111.74,111.74,111.74,111.74,111.74,0,0
1631567320,111.74,111.74,111.74,111.74,111.74,0,0
1631567325,111.74,111.74,111.74,111.74,111.74,0,0
1631567330,111.74,111.74,111.74,111.74,111.74,0,0
1631567335,111.74,111.74,111.74,111.74,111.74,0,0
1631567340,111.74,111.74,111.74,111.74,111.74,0,0
1631567345,111.74,111.74,111.74,111.74,111.74,0,0
1631567350,111.74,111.74,111.74,111.74,111.74,0,0
1631567355,111.74,111.74,111.74,111.74,111.74,0,0
1631567360,111.74,111.74,111.74,111.74,111.74,0,0
1631567365,111.74,111.74,111.74,111.74,111.74,0,0
1631567370,111.74,111.74,111.74,111.74,111.74,0,0
1631567375,111.74,111.74,111.74,111.74,111.74,0,0
1631567380,111.74,111.74,111.74,111.74,111.74,0,0
1631567385,111.74,111.74,111.74,111.74,111.74,0,0
1631567390,111.74,111.74,111.74,111.74,111.74,0,0
1631567395,111.74,111.74,111.74,111.74,111.74,0,0
1631567400,111.74,111.74,111.74,111.74,111.74,0,0
1631567405,111.74,111.74,111.74,111.74,111.74,0,0
1631567410,111.74,111.74,111.74,111.74,111.74,0,0
1631567415,111.74,111.74,111.74,111.74,111.74,0,0
1631567420,111.74,111.74,111.74,111.74,111.74,0,0
1631567425,111.61,111.61,111.61,111.61,111.61,3,2
1631567430,111.61,111.61,111.61,111.61,111.61,0,0
1631567435,111.61,111.61,111.61,111.61,111.61,0,0
1631567440,111.61,111.61,111.61,111.61,111.61,0,0
1631567445,111.61,111.61,111.61,111.61,111.61,0,0
1631567450,111.61,111.61,111.61,111.61,111.61,0,0
1631567455,111.61,111.61,111.61,111.61,111.61,0,0
1631567460,111.61,111.61,111.61,111.61,111.61,0,0
1631567465,111.61,111.61,111.61,111.61,111.61,0,0
1631567470,111.61,111.61,111.61,111.61,111.61,0,0
1631567475,111.61,111.61,111.61,111.61,111.61,0,0
1631567480,111.61,111.61,111.61,111.61,111.61,0,0
1631567485,111.61,111.61,111.61,111.61,111.61,0,0
1631567490,111.61,111.61,111.61,111.61,111.61,0,0
1631567495,111.61,111.61,111.61,111.61,111.61,0,0
1631567500,111.61,111.61,111.61,111.61,111.61,0,0
1631567505,111.61,111.61,111.61,111.61,111.61,0,0
1631567510,111.61,111.61,111.61,111.61,111.61,0,0
1631567515,111.61,111.61,111.61,111.61,111.61,0,0
1631567520,111.61,111.61,111.61,111.61,111.61,0,0
1631567525,111.61,111.61,111.61,111.61,111.61,0,0
1631567530,111.61,111.61,111.61,111.61,111.61,0,0
1631567535,111.61,111.61,111.61,111.61,111.61,0,0
1631567540,111.61,111.61,111.61,111.61,111.61,0,0
1631567545,111.61,111.61,111.61,111.61,111.61,0,0
1631567550,111.61,111.61,111.61,111.61,111.61,0,0
1631567555,111.61,111.61,111.61,111.61,111.61,0,0
1631567560,111.61,111.61,111.61,111.61,111.61,0,0
1631567565,111.61,111.61,111.61,111.61,111.61,0,0
1631567570,111.61,111.61,111.61,111.61,111.61,0,0
1631567575,111.61,111.61,111.61,111.61,111.61,0,0
1631567580,111.61,111.61,111.61,111.61,111.61,0,0
1631567585,111.61,111.61,111.61,111.61,111.61,0,0
1631567590,111.61,111.61,111.61,111.61,111.61,0,0
1631567595,111.61,111.61,111.61,111.61,111.61,0,0
1631567600,111.61,111.61,111.61,111.61,111.61,0,0
1631567605,111.61,111.61,111.61,111.61,111.61,0,0
1631567610,111.61,111.61,111.61,111.61,111.61,0,0
1631567615,111.61,111.61,111.61,111.61,111.61,0,0
1631567620,111.61,111.61,111.61,111.61,111.61,1,1
1631567625,111.61,111.61,111.61,111.61,111.61,0,0
1631567630,111.61,111.61,111.61,111.61,111.61,0,0
1631567635,111.61,111.61,111.61,111.61,111.61,0,0
1631567640,111.61,111.61,111.61,111.61,111.61,0,0
1631567645,111.61,111.61,111.61,111.61,111.61,0,0
1631567650,111.61,111.61,111.61,111.61,111.61,0,0
1631567655,111.61,111.61,111.61,111.61,111.61,0,0
1631567660,111.61,111.61,111.61,111.61,111.61,0,0
1631567665,111.61,111.61,111.61,111.61,111.61,0,0
1631567670,111.61,111.61,111.61,111.61,111.61,0,0
1631567675,111.61,111.61,111.61,111.61,111.61,0,0
1631567680,111.61,111.61,111.61,111.61,111.61,0,0
1631567685,111.61,111.61,111.61,111.61,111.61,0,0
1631567690,111.61,111.61,111.61,111.61,111.61,0,0
1631567695,111.61,111.61,111.61,111.61,111.61,0,0
1631567700,111.61,111.61,111.61,111.61,111.61,0,0
1631567705,111.61,111.61,111.61,111.61,111.61,0,0
1631567710,111.61,111.61,111.61,111.61,111.61,0,0
1631567715,111.61,111.61,111.61,111.61,111.61,0,0
1631567720,111.61,111.61,111.61,111.61,111.61,0,0
1631567725,111.61,111.61,111.61,111.61,111.61,0,0
1631567730,111.61,111.61,111.61,111.61,111.61,0,0
1631567735,111.61,111.61,111.61,111.61,111.61,0,0
1631567740,111.61,111.61,111.61,111.61,111.61,0,0
1631567745,111.61,111.61,111.61,111.61,111.61,0,0
1631567750,111.61,111.61,111.61,111.61,111.61,0,0
1631567755,111.61,111.61,111.61,111.61,111.61,0,0
1631567760,111.61,111.61,111.61,111.61,111.61,0,0
1631567765,111.61,111.61,111.61,111.61,111.61,0,0
1631567770,111.61,111.61,111.61,111.61,111.61,0,0
1631567775,111.61,111.61,111.61,111.61,111.61,0,0
1631567780,111.61,111.61,111.61,111.61,111.61,0,0
1631567785,111.61,111.61,111.61,111.61,111.61,0,0
1631567790,111.61,111.61,111.61,111.61,111.61,0,0
1631567795,111.61,111.61,111.61,111.61,111.61,0,0
1631567800,111.61,111.61,111.61,111.61,111.61,0,0
1631567805,111.61,111.61,111.61,111.61,111.61,0,0
1631567810,111.61,111.61,111.61,111.61,111.61,0,0
1631567815,111.61,111.61,111.61,111.61,111.61,0,0
1631567820,111.61,111.61,111.61,111.61,111.61,0,0
1631567825,111.61,111.61,111.61,111.61,111.61,0,0
1631567830,111.61,111.61,111.61,111.61,111.61,0,0
1631567835,111.61,111.61,111.61,111.61,111.61,0,0
1631567840,111.61,111.61,111.61,111.61,111.61,0,0
1631567845,111.61,111.61,111.61,111.61,111.61,0,0
1631567850,111.61,111.61,111.61,111.61,111.61,0,0
1631567855,111.61,111.61,111.61,111.61,111.61,0,0
1631567860,111.61,111.61,111.61,111.61,111.61,0,0
1631567865,111.61,111.61,111.61,111.61,111.61,0,0
1631567870,111.61,111.61,111.61,111.61,111.61,0,0
1631567875,111.61,111.61,111.61,111.61,111.61,0,0
1631567880,111.61,111.61,111.61,111.61,111.61,0,0
1631567885,111.61,111.61,111.61,111.61,111.61,0,0
1631567890,111.61,111.61,111.61,111.61,111.61,0,0
1631567895,111.61,111.61,111.61,111.61,111.61,0,0
1631567900,111.61,111.61,111.61,111.61,111.61,0,0
1631567905,111.61,111.61,111.61,111.61,111.61,0,0
1631567910,111.61,111.61,111.61,111.61,111.61,0,0
1631567915,111.61,111.61,111.61,111.61,111.61,0,0
1631567920,111.61,111.61,111.61,111.61,111.61,0,0
1631567925,111.61,111.61,111.61,111.61,111.61,0,0
1631567930,111.61,111.61,111.61,111.61,111.61,0,0
1631567935,111.61,111.61,111.61,111.61,111.61,0,0
1631567940,111.61,111.61,111.61,111.61,111.61,0,0
1631567945,111.61,111.61,111.61,111.61,111.61,0,0
1631567950,111.61,111.61,111.61,111.61,111.61,0,0
1631567955,111.61,111.61,111.61,111.61,111.61,0,0
1631567960,111.61,111.61,111.61,111.61,111.61,0,0
1631567965,111.61,111.61,111.61,111.61,111.61,0,0
1631567970,111.61,111.61,111.61,111.61,111.61,0,0
1631567975,111.61,111.61,111.61,111.61,111.61,0,0
1631567980,111.61,111.61,111.61,111.61,111.61,0,0
1631567985,111.61,111.61,111.61,111.61,111.61,0,0
1631567990,111.61,111.61,111.61,111.61,111.61,0,0
1631567995,111.61,111.61,111.61,111.61,111.61,0,0
1631568000,111.61,111.61,111.61,111.61,111.61,0,0
1631568005,111.61,111.61,111.61,111.61,111.61,0,0
1631568010,111.61,111.61,111.61,111.61,111.61,0,0
1631568015,111.61,111.61,111.61,111.61,111.61,0,0
1631568020,111.61,111.61,111.61,111.61,111.61,0,0
1631568025,111.61,111.61,111.61,111.61,111.61,0,0
1631568030,111.61,111.61,111.61,111.61,111.61,0,0
1631568035,111.61,111.61,111.61,111.61,111.61,0,0
1631568040,111.61,111.61,111.61,111.61,111.61,0,0
1631568045,111.61,111.61,111.61,111.61,111.61,0,0
1631568050,111.74,111.75,111.74,111.75,111.743,4,3
1631568055,111.75,111.75,111.75,111.75,111.75,0,0
1631568060,111.75,111.75,111.75,111.75,111.75,0,0
1631568065,111.75,111.75,111.75,111.75,111.75,0,0
1631568070,111.75,111.75,111.75,111.75,111.75,0,0
1631568075,111.75,111.75,111.75,111.75,111.75,0,0
1631568080,111.75,111.75,111.75,111.75,111.75,0,0
1631568085,111.75,111.75,111.75,111.75,111.75,0,0
1631568090,111.75,111.75,111.75,111.75,111.75,0,0
1631568095,111.75,111.75,111.75,111.75,111.75,0,0
1631568100,111.75,111.75,111.75,111.75,111.75,0,0
1631568105,111.75,111.75,111.75,111.75,111.75,0,0
1631568110,111.75,111.75,111.75,111.75,111.75,0,0
1631568115,111.75,111.75,111.75,111.75,111.75,0,0
1631568120,111.75,111.75,111.75,111.75,111.75,0,0
1631568125,111.75,111.75,111.75,111.75,111.75,0,0
1631568130,111.75,111.75,111.75,111.75,111.75,0,0
1631568135,111.75,111.75,111.75,111.75,111.75,0,0
1631568140,111.75,111.75,111.75,111.75,111.75,0,0
1631568145,111.75,111.75,111.75,111.75,111.75,0,0
1631568150,111.75,111.75,111.75,111.75,111.75,0,0
1631568155,111.75,111.75,111.75,111.75,111.75,0,0
1631568160,111.75,111.75,111.75,111.75,111.75,0,0
1631568165,111.75,111.75,111.75,111.75,111.75,0,0
1631568170,111.75,111.75,111.75,111.75,111.75,0,0
1631568175,111.75,111.75,111.75,111.75,111.75,0,0
1631568180,111.75,111.75,111.75,111.75,111.75,0,0
1631568185,111.75,111.75,111.75,111.75,111.75,0,0
1631568190,111.75,111.75,111.75,111.75,111.75,0,0
1631568195,111.75,111.75,111.75,111.75,111.75,0,0
1631568200,111.75,111.75,111.75,111.75,111.75,0,0
1631568205,111.75,111.75,111.75,111.75,111.75,0,0
1631568210,111.75,111.75,111.75,111.75,111.75,0,0
1631568215,111.75,111.75,111.75,111.75,111.75,0,0
1631568220,111.75,111.75,111.75,111.75,111.75,0,0
1631568225,111.75,111.75,111.75,111.75,111.75,0,0
1631568230,111.75,111.75,111.75,111.75,111.75,0,0
1631568235,111.75,111.75,111.75,111.75,111.75,0,0
1631568240,111.75,111.75,111.75,111.75,111.75,0,0
1631568245,111.75,111.75,111.75,111.75,111.75,0,0
1631568250,111.75,111.75,111.75,111.75,111.75,0,0
1631568255,111.75,111.75,111.75,111.75,111.75,0,0
1631568260,111.75,111.75,111.75,111.75,111.75,0,0
1631568265,111.75,111.75,111.75,111.75,111.75,0,0
1631568270,111.75,111.75,111.75,111.75,111.75,0,0
1631568275,111.75,111.75,111.75,111.75,111.75,0,0
1631568280,111.75,111.75,111.75,111.75,111.75,0,0
1631568285,111.75,111.75,111.75,111.75,111.75,0,0
1631568290,111.75,111.75,111.75,111.75,111.75,0,0
1631568295,111.75,111.75,111.75,111.75,111.75,0,0
1631568300,111.75,111.75,111.75,111.75,111.75,0,0
1631568305,111.75,111.75,111.75,111.75,111.75,0,0
1631568310,111.75,111.75,111.75,111.75,111.75,0,0
1631568315,111.75,111.75,111.75,111.75,111.75,0,0
1631568320,111.75,111.75,111.75,111.75,111.75,0,0
1631568325,111.75,111.75,111.75,111.75,111.75,0,0
1631568330,111.75,111.75,111.75,111.75,111.75,0,0
1631568335,111.75,111.75,111.75,111.75,111.75,0,0
1631568340,111.75,111.75,111.75,111.75,111.75,0,0
1631568345,111.75,111.75,111.75,111.75,111.75,0,0
1631568350,111.75,111.75,111.75,111.75,111.75,0,0
1631568355,111.75,111.75,111.75,111.75,111.75,0,0
1631568360,111.75,111.75,111.75,111.75,111.75,0,0
1631568365,111.75,111.75,111.75,111.75,111.75,0,0
1631568370,111.75,111.75,111.75,111.75,111.75,0,0
1631568375,111.75,111.75,111.75,111.75,111.75,0,0
1631568380,111.75,111.75,111.75,111.75,111.75,0,0
1631568385,111.75,111.75,111.75,111.75,111.75,0,0
1631568390,111.75,111.75,111.75,111.75,111.75,0,0
1631568395,111.75,111.75,111.75,111.75,111.75,0,0
1631568400,111.75,111.75,111.75,111.75,111.75,0,0
1631568405,111.75,111.75,111.75,111.75,111.75,0,0
1631568410,111.75,111.75,111.75,111.75,111.75,0,0
1631568415,111.75,111.75,111.75,111.75,111.75,0,0
1631568420,111.75,111.75,111.75,111.75,111.75,0,0
1631568425,111.75,111.75,111.75,111.75,111.75,0,0
1631568430,111.75,111.75,111.75,111.75,111.75,0,0
1631568435,111.75,111.75,111.75,111.75,111.75,0,0
1631568440,111.75,111.75,111.75,111.75,111.75,0,0
1631568445,111.75,111.75,111.75,111.75,111.75,0,0
1631568450,111.75,111.75,111.75,111.75,111.75,0,0
1631568455,111.75,111.75,111.75,111.75,111.75,0,0
1631568460,111.75,111.75,111.75,111.75,111.75,0,0
1631568465,111.75,111.75,111.75,111.75,111.75,0,0
1631568470,111.75,111.75,111.75,111.75,111.75,0,0
1631568475,111.75,111.75,111.75,111.75,111.75,0,0
1631568480,111.75,111.75,111.75,111.75,111.75,0,0
1631568485,111.75,111.75,111.75,111.75,111.75,0,0
1631568490,111.75,111.75,111.75,111.75,111.75,0,0
1631568495,111.75,111.75,111.75,111.75,111.75,0,0
1631568500,111.75,111.75,111.75,111.75,111.75,0,0
1631568505,111.75,111.75,111.75,111.75,111.75,0,0
1631568510,111.75,111.75,111.75,111.75,111.75,0,0
1631568515,111.75,111.75,111.75,111.75,111.75,0,0
1631568520,111.75,111.75,111.75,111.75,111.75,0,0
1631568525,111.75,111.75,111.75,111.75,111.75,0,0
1631568530,111.75,111.75,111.75,111.75,111.75,0,0
1631568535,111.75,111.75,111.75,111.75,111.75,0,0
1631568540,111.75,111.75,111.75,111.75,111.75,0,0
1631568545,111.75,111.75,111.75,111.75,111.75,0,0
1631568550,111.75,111.75,111.75,111.75,111.75,0,0
1631568555,111.75,111.75,111.75,111.75,111.75,0,0
1631568560,111.75,111.75,111.75,111.75,111.75,0,0
1631568565,111.75,111.75,111.75,111.75,111.75,0,0
1631568570,111.75,111.75,111.75,111.75,111.75,0,0
1631568575,111.75,111.75,111.75,111.75,111.75,0,0
1631568580,111.75,111.75,111.75,111.75,111.75,0,0
1631568585,111.75,111.75,111.75,111.75,111.75,0,0
1631568590,111.75,111.75,111.75,111.75,111.75,0,0
1631568595,111.75,111.75,111.75,111.75,111.75,0,0
1631568600,111.75,111.75,111.75,111.75,111.75,0,0
1631568605,111.75,111.75,111.75,111.75,111.75,0,0
1631568610,111.75,111.75,111.75,111.75,111.75,0,0
1631568615,111.75,111.75,111.75,111.75,111.75,0,0
1631568620,111.75,111.75,111.75,111.75,111.75,0,0
1631568625,111.75,111.75,111.75,111.75,111.75,0,0
1631568630,111.75,111.75,111.75,111.75,111.75,0,0
1631568635,111.75,111.75,111.75,111.75,111.75,0,0
1631568640,111.75,111.75,111.75,111.75,111.75,0,0
1631568645,111.75,111.75,111.75,111.75,111.75,0,0
1631568650,111.75,111.75,111.75,111.75,111.75,0,0
1631568655,111.75,111.75,111.75,111.75,111.75,0,0
1631568660,111.75,111.75,111.75,111.75,111.75,0,0
1631568665,111.75,111.75,111.75,111.75,111.75,0,0
1631568670,111.75,111.75,111.75,111.75,111.75,0,0
1631568675,111.75,111.75,111.75,111.75,111.75,0,0
1631568680,111.75,111.75,111.75,111.75,111.75,0,0
1631568685,111.75,111.75,111.75,111.75,111.75,0,0
1631568690,111.75,111.75,111.75,111.75,111.75,0,0
1631568695,111.75,111.75,111.75,111.75,111.75,0,0
1631568700,111.75,111.75,111.75,111.75,111.75,0,0
1631568705,111.75,111.75,111.75,111.75,111.75,0,0
1631568710,111.75,111.75,111.75,111.75,111.75,0,0
1631568715,111.75,111.75,111.75,111.75,111.75,0,0
1631568720,111.75,111.75,111.75,111.75,111.75,0,0
1631568725,111.75,111.75,111.75,111.75,111.75,0,0
1631568730,111.75,111.75,111.75,111.75,111.75,0,0
1631568735,111.75,111.75,111.75,111.75,111.75,0,0
1631568740,111.75,111.75,111.75,111.75,111.75,0,0
1631568745,111.75,111.75,111.75,111.75,111.75,0,0
1631568750,111.75,111.75,111.75,111.75,111.75,0,0
1631568755,111.75,111.75,111.75,111.75,111.75,0,0
1631568760,111.75,111.75,111.75,111.75,111.75,0,0
1631568765,111.75,111.75,111.75,111.75,111.75,0,0
1631568770,111.75,111.75,111.75,111.75,111.75,0,0
1631568775,111.75,111.75,111.75,111.75,111.75,0,0
1631568780,111.75,111.75,111.75,111.75,111.75,0,0
1631568785,111.75,111.75,111.75,111.75,111.75,0,0
1631568790,111.75,111.75,111.75,111.75,111.75,0,0
1631568795,111.75,111.75,111.75,111.75,111.75,0,0
1631568800,111.75,111.75,111.75,111.75,111.75,0,0
1631568805,111.75,111.75,111.75,111.75,111.75,0,0
1631568810,111.75,111.75,111.75,111.75,111.75,0,0
1631568815,111.75,111.75,111.75,111.75,111.75,0,0
1631568820,111.75,111.75,111.75,111.75,111.75,0,0
1631568825,111.75,111.75,111.75,111.75,111.75,0,0
1631568830,111.75,111.75,111.75,111.75,111.75,0,0
1631568835,111.75,111.75,111.75,111.75,111.75,0,0
1631568840,111.75,111.75,111.75,111.75,111.75,0,0
1631568845,111.75,111.75,111.75,111.75,111.75,0,0
1631568850,111.75,111.75,111.75,111.75,111.75,0,0
1631568855,111.75,111.75,111.75,111.75,111.75,0,0
1631568860,111.75,111.75,111.75,111.75,111.75,0,0
1631568865,111.75,111.75,111.75,111.75,111.75,0,0
1631568870,111.75,111.75,111.75,111.75,111.75,0,0
1631568875,111.75,111.75,111.75,111.75,111.75,0,0
1631568880,111.75,111.75,111.75,111.75,111.75,0,0
1631568885,111.75,111.75,111.75,111.75,111.75,0,0
1631568890,111.75,111.75,111.75,111.75,111.75,0,0
1631568895,111.75,111.75,111.75,111.75,111.75,0,0
1631568900,111.75,111.75,111.75,111.75,111.75,0,0
1631568905,111.75,111.75,111.75,111.75,111.75,0,0
1631568910,111.75,111.75,111.75,111.75,111.75,0,0
1631568915,111.75,111.75,111.75,111.75,111.75,0,0
1631568920,111.75,111.75,111.75,111.75,111.75,0,0
1631568925,111.75,111.75,111.75,111.75,111.75,0,0
1631568930,111.75,111.75,111.75,111.75,111.75,0,0
1631568935,111.75,111.75,111.75,111.75,111.75,0,0
1631568940,111.75,111.75,111.75,111.75,111.75,0,0
1631568945,111.75,111.75,111.75,111.75,111.75,0,0
1631568950,111.75,111.75,111.75,111.75,111.75,0,0
1631568955,111.75,111.75,111.75,111.75,111.75,0,0
1631568960,111.75,111.75,111.75,111.75,111.75,0,0
1631568965,111.75,111.75,111.75,111.75,111.75,0,0
1631568970,111.75,111.75,111.75,111.75,111.75,0,0
1631568975,111.75,111.75,111.75,111.75,111.75,0,0
1631568980,111.75,111.75,111.75,111.75,111.75,0,0
1631568985,111.75,111.75,111.75,111.75,111.75,0,0
1631568990,111.75,111.75,111.75,111.75,111.75,0,0
1631568995,111.75,111.75,111.75,111.75,111.75,0,0
1631569000,111.75,111.75,111.75,111.75,111.75,0,0
1631569005,111.75,111.75,111.75,111.75,111.75,0,0
1631569010,111.75,111.75,111.75,111.75,111.75,0,0
1631569015,111.75,111.75,111.75,111.75,111.75,0,0
1631569020,111.75,111.75,111.75,111.75,111.75,0,0
1631569025,111.75,111.75,111.75,111.75,111.75,0,0
1631569030,111.75,111.75,111.75,111.75,111.75,0,0
1631569035,111.75,111.75,111.75,111.75,111.75,0,0
1631569040,111.75,111.75,111.75,111.75,111.75,0,0
1631569045,111.75,111.75,111.75,111.75,111.75,0,0
1631569050,111.75,111.75,111.75,111.75,111.75,0,0
1631569055,111.75,111.75,111.75,111.75,111.75,0,0
1631569060,111.75,111.75,111.75,111.75,111.75,0,0
1631569065,111.75,111.75,111.75,111.75,111.75,0,0
1631569070,111.75,111.75,111.75,111.75,111.75,0,0
1631569075,111.75,111.75,111.75,111.75,111.75,0,0
1631569080,111.75,111.75,111.75,111.75,111.75,0,0
1631569085,111.75,111.75,111.75,111.75,111.75,0,0
1631569090,111.75,111.75,111.75,111.75,111.75,0,0
1631569095,111.75,111.75,111.75,111.75,111.75,0,0
1631569100,111.75,111.75,111.75,111.75,111.75,0,0
1631569105,111.75,111.75,111.75,111.75,111.75,0,0
1631569110,111.75,111.75,111.75,111.75,111.75,0,0
1631569115,111.75,111.75,111.75,111.75,111.75,0,0
1631569120,111.75,111.75,111.75,111.75,111.75,0,0
1631569125,111.75,111.75,111.75,111.75,111.75,0,0
1631569130,111.75,111.75,111.75,111.75,111.75,0,0
1631569135,111.75,111.75,111.75,111.75,111.75,0,0
1631569140,111.75,111.75,111.75,111.75,111.75,0,0
1631569145,111.75,111.75,111.75,111.75,111.75,0,0
1631569150,111.75,111.75,111.75,111.75,111.75,0,0
1631569155,111.75,111.75,111.75,111.75,111.75,0,0
1631569160,111.75,111.75,111.75,111.75,111.75,0,0
1631569165,111.75,111.75,111.75,111.75,111.75,0,0
1631569170,111.75,111.75,111.75,111.75,111.75,0,0
1631569175,111.75,111.75,111.75,111.75,111.75,0,0
1631569180,111.75,111.75,111.75,111.75,111.75,0,0
1631569185,111.75,111.75,111.75,111.75,111.75,0,0
1631569190,111.75,111.75,111.75,111.75,111.75,0,0
1631569195,111.75,111.75,111.75,111.75,111.75,0,0
1631569200,111.75,111.75,111.75,111.75,111.75,0,0
1631569205,111.75,111.75,111.75,111.75,111.75,0,0
1631569210,111.75,111.75,111.75,111.75,111.75,0,0
1631569215,111.75,111.75,111.75,111.75,111.75,0,0
1631569220,111.75,111.75,111.75,111.75,111.75,0,0
1631569225,111.75,111.75,111.75,111.75,111.75,0,0
1631569230,111.75,111.75,111.75,111.75,111.75,0,0
1631569235,111.75,111.75,111.75,111.75,111.75,0,0
1631569240,111.75,111.75,111.75,111.75,111.75,0,0
1631569245,111.75,111.75,111.75,111.75,111.75,0,0
1631569250,111.75,111.75,111.75,111.75,111.75,0,0
1631569255,111.75,111.75,111.75,111.75,111.75,0,0
1631569260,111.75,111.75,111.75,111.75,111.75,0,0
1631569265,111.75,111.75,111.75,111.75,111.75,0,0
1631569270,111.75,111.75,111.75,111.75,111.75,0,0
1631569275,111.75,111.75,111.75,111.75,111.75,0,0
1631569280,111.75,111.75,111.75,111.75,111.75,0,0
1631569285,111.75,111.75,111.75,111.75,111.75,0,0
1631569290,111.75,111.75,111.75,111.75,111.75,0,0
1631569295,111.75,111.75,111.75,111.75,111.75,0,0
1631569300,111.75,111.75,111.75,111.75,111.75,0,0
1631569305,111.75,111.75,111.75,111.75,111.75,0,0
1631569310,111.75,111.75,111.75,111.75,111.75,0,0
1631569315,111.75,111.75,111.75,111.75,111.75,0,0
1631569320,111.75,111.75,111.75,111.75,111.75,0,0
1631569325,111.75,111.75,111.75,111.75,111.75,0,0
1631569330,111.75,111.75,111.75,111.75,111.75,0,0
1631569335,111.75,111.75,111.75,111.75,111.75,0,0
1631569340,111.75,111.75,111.75,111.75,111.75,0,0
1631569345,111.75,111.75,111.75,111.75,111.75,0,0
1631569350,111.75,111.75,111.75,111.75,111.75,0,0
1631569355,111.75,111.75,111.75,111.75,111.75,0,0
1631569360,111.75,111.75,111.75,111.75,111.75,0,0
1631569365,111.75,111.75,111.75,111.75,111.75,0,0
1631569370,111.75,111.75,111.75,111.75,111.75,0,0
1631569375,111.75,111.75,111.75,111.75,111.75,0,0
1631569380,111.75,111.75,111.75,111.75,111.75,0,0
1631569385,111.75,111.75,111.75,111.75,111.75,0,0
1631569390,111.75,111.75,111.75,111.75,111.75,0,0
1631569395,111.75,111.75,111.75,111.75,111.75,0,0
1631569400,111.75,111.75,111.75,111.75,111.75,0,0
1631569405,111.75,111.75,111.75,111.75,111.75,0,0
1631569410,111.75,111.75,111.75,111.75,111.75,0,0
1631569415,111.75,111.75,111.75,111.75,111.75,0,0
1631569420,111.75,111.75,111.75,111.75,111.75,0,0
1631569425,111.75,111.75,111.75,111.75,111.75,0,0
1631569430,111.75,111.75,111.75,111.75,111.75,0,0
1631569435,111.75,111.75,111.75,111.75,111.75,0,0
1631569440,111.75,111.75,111.75,111.75,111.75,0,0
1631569445,111.75,111.75,111.75,111.75,111.75,0,0
1631569450,111.75,111.75,111.75,111.75,111.75,0,0
1631569455,111.75,111.75,111.75,111.75,111.75,0,0
1631569460,111.75,111.75,111.75,111.75,111.75,0,0
1631569465,111.75,111.75,111.75,111.75,111.75,0,0
1631569470,111.75,111.75,111.75,111.75,111.75,0,0
1631569475,111.75,111.75,111.75,111.75,111.75,0,0
1631569480,111.75,111.75,111.75,111.75,111.75,0,0
1631569485,111.75,111.75,111.75,111.75,111.75,0,0
1631569490,111.75,111.75,111.75,111.75,111.75,0,0
1631569495,111.75,111.75,111.75,111.75,111.75,0,0
1631569500,111.75,111.75,111.75,111.75,111.75,0,0
1631569505,111.75,111.75,111.75,111.75,111.75,0,0
1631569510,111.75,111.75,111.75,111.75,111.75,0,0
1631569515,111.75,111.75,111.75,111.75,111.75,0,0
1631569520,111.75,111.75,111.75,111.75,111.75,0,0
1631569525,111.75,111.75,111.75,111.75,111.75,0,0
1631569530,111.75,111.75,111.75,111.75,111.75,0,0
1631569535,111.75,111.75,111.75,111.75,111.75,0,0
1631569540,111.75,111.75,111.75,111.75,111.75,0,0
1631569545,111.75,111.75,111.75,111.75,111.75,0,0
1631569550,111.75,111.75,111.75,111.75,111.75,0,0
1631569555,111.75,111.75,111.75,111.75,111.75,0,0
1631569560,111.75,111.75,111.75,111.75,111.75,0,0
1631569565,111.75,111.75,111.75,111.75,111.75,0,0
1631569570,111.75,111.75,111.75,111.75,111.75,0,0
1631569575,111.75,111.75,111.75,111.75,111.75,0,0
1631569580,111.75,111.75,111.75,111.75,111.75,0,0
1631569585,111.75,111.75,111.75,111.75,111.75,0,0
1631569590,111.75,111.75,111.75,111.75,111.75,0,0
1631569595,111.75,111.75,111.75,111.75,111.75,0,0
1631569600,111.75,111.75,111.75,111.75,111.75,0,0
1631569605,111.75,111.75,111.75,111.75,111.75,0,0
1631569610,111.75,111.75,111.75,111.75,111.75,0,0
1631569615,111.75,111.75,111.75,111.75,111.75,0,0
1631569620,111.75,111.75,111.75,111.75,111.75,0,0
1631569625,111.75,111.75,111.75,111.75,111.75,0,0
1631569630,111.75,111.75,111.75,111.75,111.75,0,0
1631569635,111.75,111.75,111.75,111.75,111.75,0,0
1631569640,111.75,111.75,111.75,111.75,111.75,0,0
1631569645,111.75,111.75,111.75,111.75,111.75,0,0
1631569650,111.75,111.75,111.75,111.75,111.75,0,0
1631569655,111.75,111.75,111.75,111.75,111.75,0,0
1631569660,111.75,111.75,111.75,111.75,111.75,0,0
1631569665,111.75,111.75,111.75,111.75,111.75,0,0
1631569670,111.75,111.75,111.75,111.75,111.75,0,0
1631569675,111.75,111.75,111.75,111.75,111.75,0,0
1631569680,111.75,111.75,111.75,111.75,111.75,0,0
1631569685,111.75,111.75,111.75,111.75,111.75,0,0
1631569690,111.75,111.75,111.75,111.75,111.75,0,0
1631569695,111.75,111.75,111.75,111.75,111.75,0,0
1631569700,111.75,111.75,111.75,111.75,111.75,0,0
1631569705,111.75,111.75,111.75,111.75,111.75,0,0
1631569710,111.75,111.75,111.75,111.75,111.75,0,0
1631569715,111.75,111.75,111.75,111.75,111.75,0,0
1631569720,111.75,111.75,111.75,111.75,111.75,0,0
1631569725,111.75,111.75,111.75,111.75,111.75,0,0
1631569730,111.75,111.75,111.75,111.75,111.75,0,0
1631569735,111.75,111.75,111.75,111.75,111.75,0,0
1631569740,111.75,111.75,111.75,111.75,111.75,0,0
1631569745,111.75,111.75,111.75,111.75,111.75,0,0
1631569750,111.75,111.75,111.75,111.75,111.75,0,0
1631569755,111.75,111.75,111.75,111.75,111.75,0,0
1631569760,111.75,111.75,111.75,111.75,111.75,0,0
1631569765,111.75,111.75,111.75,111.75,111.75,0,0
1631569770,111.75,111.75,111.75,111.75,111.75,0,0
1631569775,111.75,111.75,111.75,111.75,111.75,0,0
1631569780,111.75,111.75,111.75,111.75,111.75,0,0
1631569785,111.75,111.75,111.75,111.75,111.75,0,0
1631569790,111.75,111.75,111.75,111.75,111.75,0,0
1631569795,111.75,111.75,111.75,111.75,111.75,0,0
1631569800,111.75,111.75,111.75,111.75,111.75,0,0
1631569805,111.75,111.75,111.75,111.75,111.75,0,0
1631569810,111.75,111.75,111.75,111.75,111.75,0,0
1631569815,111.75,111.75,111.75,111.75,111.75,0,0
1631569820,111.75,111.75,111.75,111.75,111.75,0,0
1631569825,111.75,111.75,111.75,111.75,111.75,0,0
1631569830,111.75,111.75,111.75,111.75,111.75,0,0
1631569835,111.75,111.75,111.75,111.75,111.75,0,0
1631569840,111.75,111.75,111.75,111.75,111.75,0,0
1631569845,111.75,111.75,111.75,111.75,111.75,0,0
1631569850,111.75,111.75,111.75,111.75,111.75,0,0
1631569855,111.75,111.75,111.75,111.75,111.75,0,0
1631569860,111.75,111.75,111.75,111.75,111.75,0,0
1631569865,111.75,111.75,111.75,111.75,111.75,0,0
1631569870,111.75,111.75,111.75,111.75,111.75,0,0
1631569875,111.75,111.75,111.75,111.75,111.75,0,0
1631569880,111.75,111.75,111.75,111.75,111.75,0,0
1631569885,111.75,111.75,111.75,111.75,111.75,0,0
1631569890,111.75,111.75,111.75,111.75,111.75,0,0
1631569895,111.75,111.75,111.75,111.75,111.75,0,0
1631569900,111.75,111.75,111.75,111.75,111.75,0,0
1631569905,111.75,111.75,111.75,111.75,111.75,0,0
1631569910,111.75,111.75,111.75,111.75,111.75,0,0
1631569915,111.75,111.75,111.75,111.75,111.75,0,0
1631569920,111.75,111.75,111.75,111.75,111.75,0,0
1631569925,111.75,111.75,111.75,111.75,111.75,0,0
1631569930,111.75,111.75,111.75,111.75,111.75,0,0
1631569935,111.75,111.75,111.75,111.75,111.75,0,0
1631569940,111.75,111.75,111.75,111.75,111.75,0,0
1631569945,111.75,111.75,111.75,111.75,111.75,0,0
1631569950,111.75,111.75,111.75,111.75,111.75,0,0
1631569955,111.75,111.75,111.75,111.75,111.75,0,0
1631569960,111.75,111.75,111.75,111.75,111.75,0,0
1631569965,111.75,111.75,111.75,111.75,111.75,0,0
1631569970,111.75,111.75,111.75,111.75,111.75,0,0
1631569975,111.75,111.75,111.75,111.75,111.75,0,0
1631569980,111.75,111.75,111.75,111.75,111.75,0,0
1631569985,111.75,111.75,111.75,111.75,111.75,0,0
1631569990,111.75,111.75,111.75,111.75,111.75,0,0
1631569995,111.75,111.75,111.75,111.75,111.75,0,0
1631570000,111.75,111.75,111.75,111.75,111.75,0,0
1631570005,111.75,111.75,111.75,111.75,111.75,0,0
1631570010,111.75,111.75,111.75,111.75,111.75,0,0
1631570015,111.75,111.75,111.75,111.75,111.75,0,0
1631570020,111.75,111.75,111.75,111.75,111.75,0,0
1631570025,111.75,111.75,111.75,111.75,111.75,0,0
1631570030,111.75,111.75,111.75,111.75,111.75,0,0
1631570035,111.75,111.75,111.75,111.75,111.75,0,0
1631570040,111.75,111.75,111.75,111.75,111.75,0,0
1631570045,111.75,111.75,111.75,111.75,111.75,0,0
1631570050,111.75,111.75,111.75,111.75,111.75,0,0
1631570055,111.75,111.75,111.75,111.75,111.75,0,0
1631570060,111.75,111.75,111.75,111.75,111.75,0,0
1631570065,111.75,111.75,111.75,111.75,111.75,0,0
1631570070,111.75,111.75,111.75,111.75,111.75,0,0
1631570075,111.75,111.75,111.75,111.75,111.75,0,0
1631570080,111.75,111.75,111.75,111.75,111.75,0,0
1631570085,111.75,111.75,111.75,111.75,111.75,0,0
1631570090,111.75,111.75,111.75,111.75,111.75,0,0
1631570095,111.75,111.75,111.75,111.75,111.75,0,0
1631570100,111.75,111.75,111.75,111.75,111.75,0,0
1631570105,111.75,111.75,111.75,111.75,111.75,0,0
1631570110,111.75,111.75,111.75,111.75,111.75,0,0
1631570115,111.75,111.75,111.75,111.75,111.75,0,0
1631570120,111.75,111.75,111.75,111.75,111.75,0,0
1631570125,111.75,111.75,111.75,111.75,111.75,0,0
1631570130,111.75,111.75,111.75,111.75,111.75,0,0
1631570135,111.75,111.75,111.75,111.75,111.75,0,0
1631570140,111.75,111.75,111.75,111.75,111.75,0,0
1631570145,111.75,111.75,111.75,111.75,111.75,0,0
1631570150,111.75,111.75,111.75,111.75,111.75,0,0
1631570155,111.75,111.75,111.75,111.75,111.75,0,0
1631570160,111.75,111.75,111.75,111.75,111.75,0,0
1631570165,111.75,111.75,111.75,111.75,111.75,0,0
1631570170,111.75,111.75,111.75,111.75,111.75,0,0
1631570175,111.75,111.75,111.75,111.75,111.75,0,0
1631570180,111.75,111.75,111.75,111.75,111.75,0,0
1631570185,111.75,111.75,111.75,111.75,111.75,0,0
1631570190,111.75,111.75,111.75,111.75,111.75,0,0
1631570195,111.75,111.75,111.75,111.75,111.75,0,0
1631570200,111.75,111.75,111.75,111.75,111.75,0,0
1631570205,111.75,111.75,111.75,111.75,111.75,0,0
1631570210,111.75,111.75,111.75,111.75,111.75,0,0
1631570215,111.75,111.75,111.75,111.75,111.75,0,0
1631570220,111.75,111.75,111.75,111.75,111.75,0,0
1631570225,111.75,111.75,111.75,111.75,111.75,0,0
1631570230,111.75,111.75,111.75,111.75,111.75,0,0
1631570235,111.75,111.75,111.75,111.75,111.75,0,0
1631570240,111.75,111.75,111.75,111.75,111.75,0,0
1631570245,111.75,111.75,111.75,111.75,111.75,0,0
1631570250,111.75,111.75,111.75,111.75,111.75,0,0
1631570255,111.75,111.75,111.75,111.75,111.75,0,0
1631570260,111.75,111.75,111.75,111.75,111.75,0,0
1631570265,111.75,111.75,111.75,111.75,111.75,0,0
1631570270,111.75,111.75,111.75,111.75,111.75,0,0
1631570275,111.75,111.75,111.75,111.75,111.75,0,0
1631570280,111.75,111.75,111.75,111.75,111.75,0,0
1631570285,111.75,111.75,111.75,111.75,111.75,0,0
1631570290,111.75,111.75,111.75,111.75,111.75,0,0
1631570295,111.75,111.75,111.75,111.75,111.75,0,0
1631570300,111.75,111.75,111.75,111.75,111.75,0,0
1631570305,111.75,111.75,111.75,111.75,111.75,0,0
1631570310,111.75,111.75,111.75,111.75,111.75,0,0
1631570315,111.75,111.75,111.75,111.75,111.75,0,0
1631570320,111.75,111.75,111.75,111.75,111.75,0,0
1631570325,111.75,111.75,111.75,111.75,111.75,0,0
1631570330,111.75,111.75,111.75,111.75,111.75,0,0
1631570335,111.75,111.75,111.75,111.75,111.75,0,0
1631570340,111.75,111.75,111.75,111.75,111.75,0,0
1631570345,111.75,111.75,111.75,111.75,111.75,0,0
1631570350,111.75,111.75,111.75,111.75,111.75,0,0
1631570355,111.75,111.75,111.75,111.75,111.75,0,0
1631570360,111.75,111.75,111.75,111.75,111.75,0,0
1631570365,111.75,111.75,111.75,111.75,111.75,0,0
1631570370,111.75,111.75,111.75,111.75,111.75,0,0
1631570375,111.75,111.75,111.75,111.75,111.75,0,0
1631570380,111.75,111.75,111.75,111.75,111.75,0,0
1631570385,111.75,111.75,111.75,111.75,111.75,0,0
1631570390,111.75,111.75,111.75,111.75,111.75,0,0
1631570395,111.75,111.75,111.75,111.75,111.75,0,0
1631570400,111.75,111.75,111.75,111.75,111.75,0,0
1631570405,111.75,111.75,111.75,111.75,111.75,0,0
1631570410,111.75,111.75,111.75,111.75,111.75,0,0
1631570415,111.75,111.75,111.75,111.75,111.75,0,0
1631570420,111.75,111.75,111.75,111.75,111.75,0,0
1631570425,111.75,111.75,111.75,111.75,111.75,0,0
1631570430,111.75,111.75,111.75,111.75,111.75,0,0
1631570435,111.75,111.75,111.75,111.75,111.75,0,0
1631570440,111.75,111.75,111.75,111.75,111.75,0,0
1631570445,111.75,111.75,111.75,111.75,111.75,0,0
1631570450,111.75,111.75,111.75,111.75,111.75,0,0
1631570455,111.75,111.75,111.75,111.75,111.75,0,0
1631570460,111.75,111.75,111.75,111.75,111.75,0,0
1631570465,111.75,111.75,111.75,111.75,111.75,0,0
1631570470,111.75,111.75,111.75,111.75,111.75,0,0
1631570475,111.75,111.75,111.75,111.75,111.75,0,0
1631570480,111.75,111.75,111.75,111.75,111.75,0,0
1631570485,111.75,111.75,111.75,111.75,111.75,0,0
1631570490,111.75,111.75,111.75,111.75,111.75,0,0
1631570495,111.75,111.75,111.75,111.75,111.75,0,0
1631570500,111.75,111.75,111.75,111.75,111.75,0,0
1631570505,111.75,111.75,111.75,111.75,111.75,0,0
1631570510,111.75,111.75,111.75,111.75,111.75,0,0
1631570515,111.75,111.75,111.75,111.75,111.75,0,0
1631570520,111.75,111.75,111.75,111.75,111.75,0,0
1631570525,111.75,111.75,111.75,111.75,111.75,0,0
1631570530,111.75,111.75,111.75,111.75,111.75,0,0
1631570535,111.75,111.75,111.75,111.75,111.75,0,0
1631570540,111.75,111.75,111.75,111.75,111.75,0,0
1631570545,111.75,111.75,111.75,111.75,111.75,0,0
1631570550,111.75,111.75,111.75,111.75,111.75,0,0
1631570555,111.75,111.75,111.75,111.75,111.75,0,0
1631570560,111.75,111.75,111.75,111.75,111.75,0,0
1631570565,111.75,111.75,111.75,111.75,111.75,0,0
1631570570,111.75,111.75,111.75,111.75,111.75,0,0
1631570575,111.62,111.62,111.62,111.62,111.62,2,1
1631570580,111.62,111.62,111.62,111.62,111.62,0,0
1631570585,111.62,111.62,111.62,111.62,111.62,0,0
1631570590,111.62,111.62,111.62,111.62,111.62,0,0
1631570595,111.62,111.62,111.62,111.62,111.62,0,0
1631570600,111.62,111.62,111.62,111.62,111.62,0,0
1631570605,111.62,111.62,111.62,111.62,111.62,0,0
1631570610,111.62,111.62,111.62,111.62,111.62,0,0
1631570615,111.62,111.62,111.62,111.62,111.62,0,0
1631570620,111.62,111.62,111.62,111.62,111.62,0,0
1631570625,111.62,111.62,111.62,111.62,111.62,0,0
1631570630,111.62,111.62,111.62,111.62,111.62,0,0
1631570635,111.62,111.62,111.62,111.62,111.62,0,0
1631570640,111.62,111.62,111.62,111.62,111.62,0,0
1631570645,111.62,111.62,111.62,111.62,111.62,0,0
1631570650,111.62,111.62,111.62,111.62,111.62,0,0
1631570655,111.62,111.62,111.62,111.62,111.62,0,0
1631570660,111.62,111.62,111.62,111.62,111.62,0,0
1631570665,111.62,111.62,111.62,111.62,111.62,0,0
1631570670,111.62,111.62,111.62,111.62,111.62,0,0
1631570675,111.62,111.62,111.62,111.62,111.62,0,0
1631570680,111.62,111.62,111.62,111.62,111.62,0,0
1631570685,111.62,111.62,111.62,111.62,111.62,0,0
1631570690,111.62,111.62,111.62,111.62,111.62,0,0
1631570695,111.62,111.62,111.62,111.62,111.62,0,0
1631570700,111.62,111.62,111.62,111.62,111.62,0,0
1631570705,111.62,111.62,111.62,111.62,111.62,0,0
1631570710,111.62,111.62,111.62,111.62,111.62,0,0
1631570715,111.62,111.62,111.62,111.62,111.62,0,0
1631570720,111.62,111.62,111.62,111.62,111.62,0,0
1631570725,111.62,111.62,111.62,111.62,111.62,0,0
1631570730,111.62,111.62,111.62,111.62,111.62,0,0
1631570735,111.62,111.62,111.62,111.62,111.62,0,0
1631570740,111.62,111.62,111.62,111.62,111.62,0,0
1631570745,111.62,111.62,111.62,111.62,111.62,0,0
1631570750,111.62,111.62,111.62,111.62,111.62,0,0
1631570755,111.62,111.62,111.62,111.62,111.62,0,0
1631570760,111.62,111.62,111.62,111.62,111.62,0,0
1631570765,111.62,111.62,111.62,111.62,111.62,0,0
1631570770,111.62,111.62,111.62,111.62,111.62,0,0
1631570775,111.62,111.62,111.62,111.62,111.62,0,0
1631570780,111.61,111.63,111.61,111.63,111.618,2,2
1631570785,111.63,111.63,111.63,111.63,111.63,0,0
1631570790,111.63,111.63,111.63,111.63,111.63,0,0
1631570795,111.63,111.63,111.63,111.63,111.63,0,0
1631570800,111.63,111.63,111.63,111.63,111.63,0,0
1631570805,111.63,111.63,111.63,111.63,111.63,0,0
1631570810,111.63,111.63,111.63,111.63,111.63,0,0
1631570815,111.63,111.63,111.63,111.63,111.63,0,0
1631570820,111.63,111.63,111.63,111.63,111.63,0,0
1631570825,111.63,111.63,111.63,111.63,111.63,0,0
1631570830,111.63,111.63,111.63,111.63,111.63,0,0
1631570835,111.63,111.63,111.63,111.63,111.63,0,0
1631570840,111.63,111.63,111.63,111.63,111.63,0,0
1631570845,111.63,111.63,111.63,111.63,111.63,0,0
1631570850,111.63,111.63,111.63,111.63,111.63,0,0
1631570855,111.63,111.63,111.63,111.63,111.63,0,0
1631570860,111.63,111.63,111.63,111.63,111.63,0,0
1631570865,111.63,111.63,111.63,111.63,111.63,0,0
1631570870,111.63,111.63,111.63,111.63,111.63,0,0
1631570875,111.63,111.63,111.63,111.63,111.63,0,0
1631570880,111.63,111.63,111.63,111.63,111.63,0,0
1631570885,111.63,111.63,111.63,111.63,111.63,0,0
1631570890,111.63,111.63,111.63,111.63,111.63,0,0
1631570895,111.6,111.6,111.6,111.6,111.6,2,2
1631570900,111.6,111.6,111.6,111.6,111.6,0,0
1631570905,111.6,111.6,111.6,111.6,111.6,0,0
1631570910,111.6,111.6,111.6,111.6,111.6,0,0
1631570915,111.6,111.6,111.6,111.6,111.6,0,0
1631570920,111.6,111.6,111.6,111.6,111.6,0,0
1631570925,111.61,111.61,111.61,111.61,111.61,5,1
1631570930,111.61,111.61,111.61,111.61,111.61,0,0
1631570935,111.61,111.61,111.61,111.61,111.61,0,0
1631570940,111.61,111.61,111.61,111.61,111.61,0,0
1631570945,111.61,111.61,111.61,111.61,111.61,0,0
1631570950,111.61,111.61,111.61,111.61,111.61,0,0
1631570955,111.61,111.61,111.61,111.61,111.61,0,0
1631570960,111.61,111.61,111.61,111.61,111.61,0,0
1631570965,111.61,111.61,111.61,111.61,111.61,0,0
1631570970,111.61,111.61,111.61,111.61,111.61,0,0
1631570975,111.61,111.61,111.61,111.61,111.61,0,0
1631570980,111.61,111.61,111.61,111.61,111.61,0,0
1631570985,111.61,111.61,111.61,111.61,111.61,0,0
1631570990,111.61,111.61,111.61,111.61,111.61,0,0
1631570995,111.61,111.61,111.61,111.61,111.61,0,0
1631571000,111.61,111.61,111.61,111.61,111.61,0,0
1631571005,111.61,111.61,111.61,111.61,111.61,0,0
1631571010,111.61,111.61,111.61,111.61,111.61,0,0
1631571015,111.61,111.61,111.61,111.61,111.61,0,0
1631571020,111.61,111.61,111.61,111.61,111.61,0,0
1631571025,111.61,111.61,111.61,111.61,111.61,0,0
1631571030,111.61,111.61,111.61,111.61,111.61,0,0
1631571035,111.61,111.61,111.61,111.61,111.61,0,0
1631571040,111.61,111.61,111.61,111.61,111.61,0,0
1631571045,111.61,111.61,111.61,111.61,111.61,0,0
1631571050,111.61,111.61,111.61,111.61,111.61,0,0
1631571055,111.61,111.61,111.61,111.61,111.61,0,0
1631571060,111.61,111.61,111.61,111.61,111.61,0,0
1631571065,111.61,111.61,111.61,111.61,111.61,0,0
1631571070,111.61,111.61,111.61,111.61,111.61,0,0
1631571075,111.61,111.61,111.61,111.61,111.61,0,0
1631571080,111.61,111.61,111.61,111.61,111.61,0,0
1631571085,111.61,111.61,111.61,111.61,111.61,0,0
1631571090,111.61,111.61,111.61,111.61,111.61,0,0
1631571095,111.61,111.61,111.61,111.61,111.61,0,0
1631571100,111.61,111.61,111.61,111.61,111.61,0,0
1631571105,111.61,111.61,111.61,111.61,111.61,0,0
1631571110,111.61,111.61,111.61,111.61,111.61,0,0
1631571115,111.61,111.61,111.61,111.61,111.61,0,0
1631571120,111.61,111.61,111.61,111.61,111.61,0,0
1631571125,111.61,111.61,111.61,111.61,111.61,0,0
1631571130,111.61,111.61,111.61,111.61,111.61,0,0
1631571135,111.61,111.61,111.61,111.61,111.61,0,0
1631571140,111.61,111.61,111.61,111.61,111.61,0,0
1631571145,111.61,111.61,111.61,111.61,111.61,0,0
1631571150,111.61,111.61,111.61,111.61,111.61,0,0
1631571155,111.61,111.61,111.61,111.61,111.61,0,0
1631571160,111.61,111.61,111.61,111.61,111.61,0,0
1631571165,111.61,111.61,111.61,111.61,111.61,0,0
1631571170,111.61,111.61,111.61,111.61,111.61,0,0
1631571175,111.61,111.61,111.61,111.61,111.61,0,0
1631571180,111.61,111.61,111.61,111.61,111.61,0,0
1631571185,111.61,111.61,111.61,111.61,111.61,0,0
1631571190,111.61,111.61,111.61,111.61,111.61,0,0
1631571195,111.61,111.61,111.61,111.61,111.61,0,0
1631571200,111.61,111.61,111.61,111.61,111.61,0,0
1631571205,111.61,111.61,111.61,111.61,111.61,0,0
1631571210,111.61,111.61,111.61,111.61,111.61,0,0
1631571215,111.61,111.61,111.61,111.61,111.61,0,0
1631571220,111.61,111.61,111.61,111.61,111.61,0,0
1631571225,111.61,111.61,111.61,111.61,111.61,0,0
1631571230,111.61,111.61,111.61,111.61,111.61,0,0
1631571235,111.61,111.61,111.61,111.61,111.61,0,0
1631571240,111.61,111.61,111.61,111.61,111.61,0,0
1631571245,111.61,111.61,111.61,111.61,111.61,0,0
1631571250,111.61,111.61,111.61,111.61,111.61,0,0
1631571255,111.61,111.61,111.61,111.61,111.61,0,0
1631571260,111.61,111.61,111.61,111.61,111.61,0,0
1631571265,111.61,111.61,111.61,111.61,111.61,0,0
1631571270,111.61,111.61,111.61,111.61,111.61,0,0
1631571275,111.61,111.61,111.61,111.61,111.61,0,0
1631571280,111.61,111.61,111.61,111.61,111.61,0,0
1631571285,111.61,111.61,111.61,111.61,111.61,0,0
1631571290,111.61,111.61,111.61,111.61,111.61,0,0
1631571295,111.61,111.61,111.61,111.61,111.61,0,0
1631571300,111.61,111.61,111.61,111.61,111.61,0,0
1631571305,111.61,111.61,111.61,111.61,111.61,0,0
1631571310,111.61,111.61,111.61,111.61,111.61,0,0
1631571315,111.61,111.61,111.61,111.61,111.61,0,0
1631571320,111.61,111.61,111.61,111.61,111.61,0,0
1631571325,111.61,111.61,111.61,111.61,111.61,0,0
1631571330,111.61,111.61,111.61,111.61,111.61,0,0
1631571335,111.61,111.61,111.61,111.61,111.61,0,0
1631571340,111.61,111.61,111.61,111.61,111.61,0,0
1631571345,111.61,111.61,111.61,111.61,111.61,0,0
1631571350,111.61,111.61,111.61,111.61,111.61,0,0
1631571355,111.61,111.61,111.61,111.61,111.61,0,0
1631571360,111.61,111.61,111.61,111.61,111.61,0,0
1631571365,111.61,111.61,111.61,111.61,111.61,0,0
1631571370,111.61,111.61,111.61,111.61,111.61,0,0
1631571375,111.61,111.61,111.61,111.61,111.61,0,0
1631571380,111.61,111.61,111.61,111.61,111.61,0,0
1631571385,111.61,111.61,111.61,111.61,111.61,0,0
1631571390,111.61,111.61,111.61,111.61,111.61,0,0
1631571395,111.61,111.61,111.61,111.61,111.61,0,0
1631571400,111.61,111.61,111.61,111.61,111.61,0,0
1631571405,111.61,111.61,111.61,111.61,111.61,0,0
1631571410,111.61,111.61,111.61,111.61,111.61,0,0
1631571415,111.61,111.61,111.61,111.61,111.61,0,0
1631571420,111.61,111.61,111.61,111.61,111.61,0,0
1631571425,111.61,111.61,111.61,111.61,111.61,0,0
1631571430,111.61,111.61,111.61,111.61,111.61,0,0
1631571435,111.61,111.61,111.61,111.61,111.61,0,0
1631571440,111.61,111.61,111.61,111.61,111.61,0,0
1631571445,111.61,111.61,111.61,111.61,111.61,0,0
1631571450,111.61,111.61,111.61,111.61,111.61,0,0
1631571455,111.61,111.61,111.61,111.61,111.61,0,0
1631571460,111.61,111.61,111.61,111.61,111.61,0,0
1631571465,111.61,111.61,111.61,111.61,111.61,0,0
1631571470,111.61,111.61,111.61,111.61,111.61,0,0
1631571475,111.61,111.61,111.61,111.61,111.61,0,0
1631571480,111.61,111.61,111.61,111.61,111.61,0,0
1631571485,111.61,111.61,111.61,111.61,111.61,0,0
1631571490,111.61,111.61,111.61,111.61,111.61,0,0
1631571495,111.61,111.61,111.61,111.61,111.61,0,0
1631571500,111.61,111.61,111.61,111.61,111.61,0,0
1631571505,111.61,111.61,111.61,111.61,111.61,0,0
1631571510,111.61,111.61,111.61,111.61,111.61,0,0
1631571515,111.61,111.61,111.61,111.61,111.61,0,0
1631571520,111.61,111.61,111.61,111.61,111.61,0,0
1631571525,111.61,111.61,111.61,111.61,111.61,0,0
1631571530,111.61,111.61,111.61,111.61,111.61,0,0
1631571535,111.61,111.61,111.61,111.61,111.61,0,0
1631571540,111.61,111.61,111.61,111.61,111.61,0,0
1631571545,111.61,111.61,111.61,111.61,111.61,0,0
1631571550,111.61,111.61,111.61,111.61,111.61,0,0
1631571555,111.61,111.61,111.61,111.61,111.61,0,0
1631571560,111.61,111.61,111.61,111.61,111.61,0,0
1631571565,111.61,111.61,111.61,111.61,111.61,0,0
1631571570,111.61,111.61,111.61,111.61,111.61,0,0
1631571575,111.61,111.61,111.61,111.61,111.61,0,0
1631571580,111.61,111.61,111.61,111.61,111.61,0,0
1631571585,111.61,111.61,111.61,111.61,111.61,0,0
1631571590,111.61,111.61,111.61,111.61,111.61,0,0
1631571595,111.61,111.61,111.61,111.61,111.61,0,0
1631571600,111.61,111.61,111.61,111.61,111.61,0,0
1631571605,111.61,111.61,111.61,111.61,111.61,0,0
1631571610,111.61,111.61,111.61,111.61,111.61,0,0
1631571615,111.61,111.61,111.61,111.61,111.61,0,0
1631571620,111.61,111.61,111.61,111.61,111.61,0,0
1631571625,111.61,111.61,111.61,111.61,111.61,0,0
1631571630,111.61,111.61,111.61,111.61,111.61,0,0
1631571635,111.61,111.61,111.61,111.61,111.61,0,0
1631571640,111.61,111.61,111.61,111.61,111.61,0,0
1631571645,111.61,111.61,111.61,111.61,111.61,0,0
1631571650,111.61,111.61,111.61,111.61,111.61,0,0
1631571655,111.61,111.61,111.61,111.61,111.61,0,0
1631571660,111.61,111.61,111.61,111.61,111.61,0,0
1631571665,111.61,111.61,111.61,111.61,111.61,0,0
1631571670,111.61,111.61,111.61,111.61,111.61,0,0
1631571675,111.61,111.61,111.61,111.61,111.61,0,0
1631571680,111.61,111.61,111.61,111.61,111.61,0,0
1631571685,111.61,111.61,111.61,111.61,111.61,0,0
1631571690,111.61,111.61,111.61,111.61,111.61,0,0
1631571695,111.61,111.61,111.61,111.61,111.61,0,0
1631571700,111.61,111.61,111.61,111.61,111.61,0,0
1631571705,111.61,111.61,111.61,111.61,111.61,0,0
1631571710,111.61,111.61,111.61,111.61,111.61,0,0
1631571715,111.61,111.61,111.61,111.61,111.61,0,0
1631571720,111.61,111.61,111.61,111.61,111.61,0,0
1631571725,111.61,111.61,111.61,111.61,111.61,0,0
1631571730,111.61,111.61,111.61,111.61,111.61,0,0
1631571735,111.61,111.61,111.61,111.61,111.61,0,0
1631571740,111.61,111.61,111.61,111.61,111.61,0,0
1631571745,111.61,111.61,111.61,111.61,111.61,0,0
1631571750,111.61,111.61,111.61,111.61,111.61,0,0
1631571755,111.61,111.61,111.61,111.61,111.61,0,0
1631571760,111.61,111.61,111.61,111.61,111.61,0,0
1631571765,111.61,111.61,111.61,111.61,111.61,0,0
1631571770,111.61,111.61,111.61,111.61,111.61,0,0
1631571775,111.61,111.61,111.61,111.61,111.61,0,0
1631571780,111.61,111.61,111.61,111.61,111.61,0,0
1631571785,111.61,111.61,111.61,111.61,111.61,0,0
1631571790,111.61,111.61,111.61,111.61,111.61,0,0
1631571795,111.61,111.61,111.61,111.61,111.61,0,0
1631571800,111.61,111.61,111.61,111.61,111.61,0,0
1631571805,111.61,111.61,111.61,111.61,111.61,0,0
1631571810,111.61,111.61,111.61,111.61,111.61,0,0
1631571815,111.61,111.61,111.61,111.61,111.61,0,0
1631571820,111.61,111.61,111.61,111.61,111.61,0,0
1631571825,111.61,111.61,111.61,111.61,111.61,0,0
1631571830,111.61,111.61,111.61,111.61,111.61,0,0
1631571835,111.61,111.61,111.61,111.61,111.61,0,0
1631571840,111.61,111.61,111.61,111.61,111.61,0,0
1631571845,111.61,111.61,111.61,111.61,111.61,0,0
1631571850,111.61,111.61,111.61,111.61,111.61,0,0
1631571855,111.61,111.61,111.61,111.61,111.61,0,0
1631571860,111.61,111.61,111.61,111.61,111.61,0,0
1631571865,111.61,111.61,111.61,111.61,111.61,0,0
1631571870,111.61,111.61,111.61,111.61,111.61,0,0
1631571875,111.61,111.61,111.61,111.61,111.61,0,0
1631571880,111.61,111.61,111.61,111.61,111.61,0,0
1631571885,111.61,111.61,111.61,111.61,111.61,0,0
1631571890,111.61,111.61,111.61,111.61,111.61,0,0
1631571895,111.61,111.61,111.61,111.61,111.61,0,0
1631571900,111.61,111.61,111.61,111.61,111.61,0,0
1631571905,111.61,111.61,111.61,111.61,111.61,0,0
1631571910,111.61,111.61,111.61,111.61,111.61,0,0
1631571915,111.61,111.61,111.61,111.61,111.61,0,0
1631571920,111.61,111.61,111.61,111.61,111.61,0,0
1631571925,111.61,111.61,111.61,111.61,111.61,0,0
1631571930,111.61,111.61,111.61,111.61,111.61,0,0
1631571935,111.61,111.61,111.61,111.61,111.61,0,0
1631571940,111.61,111.61,111.61,111.61,111.61,0,0
1631571945,111.61,111.61,111.61,111.61,111.61,0,0
1631571950,111.61,111.61,111.61,111.61,111.61,0,0
1631571955,111.61,111.61,111.61,111.61,111.61,0,0
1631571960,111.61,111.61,111.61,111.61,111.61,0,0
1631571965,111.61,111.61,111.61,111.61,111.61,0,0
1631571970,111.61,111.61,111.61,111.61,111.61,0,0
1631571975,111.61,111.61,111.61,111.61,111.61,0,0
1631571980,111.61,111.61,111.61,111.61,111.61,0,0
1631571985,111.61,111.61,111.61,111.61,111.61,0,0
1631571990,111.61,111.61,111.61,111.61,111.61,0,0
1631571995,111.61,111.61,111.61,111.61,111.61,0,0
1631572000,111.61,111.61,111.61,111.61,111.61,0,0
1631572005,111.61,111.61,111.61,111.61,111.61,0,0
1631572010,111.61,111.61,111.61,111.61,111.61,0,0
1631572015,111.61,111.61,111.61,111.61,111.61,0,0
1631572020,111.61,111.61,111.61,111.61,111.61,0,0
1631572025,111.61,111.61,111.61,111.61,111.61,0,0
1631572030,111.61,111.61,111.61,111.61,111.61,0,0
1631572035,111.61,111.61,111.61,111.61,111.61,0,0
1631572040,111.61,111.61,111.61,111.61,111.61,0,0
1631572045,111.61,111.61,111.61,111.61,111.61,0,0
1631572050,111.61,111.61,111.61,111.61,111.61,0,0
1631572055,111.61,111.61,111.61,111.61,111.61,0,0
1631572060,111.61,111.61,111.61,111.61,111.61,0,0
1631572065,111.61,111.61,111.61,111.61,111.61,0,0
1631572070,111.61,111.61,111.61,111.61,111.61,0,0
1631572075,111.61,111.61,111.61,111.61,111.61,0,0
1631572080,111.61,111.61,111.61,111.61,111.61,0,0
1631572085,111.61,111.61,111.61,111.61,111.61,0,0
1631572090,111.61,111.61,111.61,111.61,111.61,0,0
1631572095,111.61,111.61,111.61,111.61,111.61,0,0
1631572100,111.61,111.61,111.61,111.61,111.61,0,0
1631572105,111.61,111.61,111.61,111.61,111.61,0,0
1631572110,111.61,111.61,111.61,111.61,111.61,0,0
1631572115,111.61,111.61,111.61,111.61,111.61,0,0
1631572120,111.61,111.61,111.61,111.61,111.61,0,0
1631572125,111.61,111.61,111.61,111.61,111.61,0,0
1631572130,111.61,111.61,111.61,111.61,111.61,0,0
1631572135,111.61,111.61,111.61,111.61,111.61,0,0
1631572140,111.61,111.61,111.61,111.61,111.61,0,0
1631572145,111.61,111.61,111.61,111.61,111.61,0,0
1631572150,111.61,111.61,111.61,111.61,111.61,0,0
1631572155,111.61,111.61,111.61,111.61,111.61,0,0
1631572160,111.61,111.61,111.61,111.61,111.61,0,0
1631572165,111.61,111.61,111.61,111.61,111.61,0,0
1631572170,111.61,111.61,111.61,111.61,111.61,0,0
1631572175,111.61,111.61,111.61,111.61,111.61,0,0
1631572180,111.61,111.61,111.61,111.61,111.61,0,0
1631572185,111.61,111.61,111.61,111.61,111.61,0,0
1631572190,111.61,111.61,111.61,111.61,111.61,0,0
1631572195,111.61,111.61,111.61,111.61,111.61,0,0
1631572200,111.61,111.61,111.61,111.61,111.61,0,0
1631572205,111.61,111.61,111.61,111.61,111.61,0,0
1631572210,111.61,111.61,111.61,111.61,111.61,0,0
1631572215,111.61,111.61,111.61,111.61,111.61,0,0
1631572220,111.61,111.61,111.61,111.61,111.61,0,0
1631572225,111.61,111.61,111.61,111.61,111.61,0,0
1631572230,111.61,111.61,111.61,111.61,111.61,0,0
1631572235,111.61,111.61,111.61,111.61,111.61,0,0
1631572240,111.61,111.61,111.61,111.61,111.61,0,0
1631572245,111.61,111.61,111.61,111.61,111.61,0,0
1631572250,111.61,111.61,111.61,111.61,111.61,0,0
1631572255,111.61,111.61,111.61,111.61,111.61,0,0
1631572260,111.61,111.61,111.61,111.61,111.61,0,0
1631572265,111.61,111.61,111.61,111.61,111.61,0,0
1631572270,111.61,111.61,111.61,111.61,111.61,0,0
1631572275,111.61,111.61,111.61,111.61,111.61,0,0
1631572280,111.61,111.61,111.61,111.61,111.61,0,0
1631572285,111.61,111.61,111.61,111.61,111.61,0,0
1631572290,111.61,111.61,111.61,111.61,111.61,0,0
1631572295,111.61,111.61,111.61,111.61,111.61,0,0
1631572300,111.61,111.61,111.61,111.61,111.61,0,0
1631572305,111.61,111.61,111.61,111.61,111.61,0,0
1631572310,111.61,111.61,111.61,111.61,111.61,0,0
1631572315,111.61,111.61,111.61,111.61,111.61,0,0
1631572320,111.61,111.61,111.61,111.61,111.61,0,0
1631572325,111.61,111.61,111.61,111.61,111.61,0,0
1631572330,111.61,111.61,111.61,111.61,111.61,0,0
1631572335,111.61,111.61,111.61,111.61,111.61,0,0
1631572340,111.61,111.61,111.61,111.61,111.61,0,0
1631572345,111.61,111.61,111.61,111.61,111.61,0,0
1631572350,111.61,111.61,111.61,111.61,111.61,0,0
1631572355,111.61,111.61,111.61,111.61,111.61,0,0
1631572360,111.61,111.61,111.61,111.61,111.61,0,0
1631572365,111.61,111.61,111.61,111.61,111.61,0,0
1631572370,111.61,111.61,111.61,111.61,111.61,0,0
1631572375,111.61,111.61,111.61,111.61,111.61,0,0
1631572380,111.61,111.61,111.61,111.61,111.61,0,0
1631572385,111.61,111.61,111.61,111.61,111.61,0,0
1631572390,111.61,111.61,111.61,111.61,111.61,0,0
1631572395,111.61,111.61,111.61,111.61,111.61,0,0
1631572400,111.61,111.61,111.61,111.61,111.61,0,0
1631572405,111.61,111.61,111.61,111.61,111.61,0,0
1631572410,111.61,111.61,111.61,111.61,111.61,0,0
1631572415,111.61,111.61,111.61,111.61,111.61,0,0
1631572420,111.61,111.61,111.61,111.61,111.61,0,0
1631572425,111.61,111.61,111.61,111.61,111.61,0,0
1631572430,111.61,111.61,111.61,111.61,111.61,0,0
1631572435,111.61,111.61,111.61,111.61,111.61,0,0
1631572440,111.61,111.61,111.61,111.61,111.61,0,0
1631572445,111.61,111.61,111.61,111.61,111.61,0,0
1631572450,111.61,111.61,111.61,111.61,111.61,0,0
1631572455,111.61,111.61,111.61,111.61,111.61,0,0
1631572460,111.61,111.61,111.61,111.61,111.61,0,0
1631572465,111.61,111.61,111.61,111.61,111.61,0,0
1631572470,111.61,111.61,111.61,111.61,111.61,0,0
1631572475,111.61,111.61,111.61,111.61,111.61,0,0
1631572480,111.61,111.61,111.61,111.61,111.61,0,0
1631572485,111.61,111.61,111.61,111.61,111.61,0,0
1631572490,111.61,111.61,111.61,111.61,111.61,0,0
1631572495,111.61,111.61,111.61,111.61,111.61,0,0
1631572500,111.61,111.61,111.61,111.61,111.61,0,0
1631572505,111.61,111.61,111.61,111.61,111.61,0,0
1631572510,111.61,111.61,111.61,111.61,111.61,0,0
1631572515,111.61,111.61,111.61,111.61,111.61,0,0
1631572520,111.61,111.61,111.61,111.61,111.61,0,0
1631572525,111.61,111.61,111.61,111.61,111.61,0,0
1631572530,111.61,111.61,111.61,111.61,111.61,0,0
1631572535,111.61,111.61,111.61,111.61,111.61,0,0
1631572540,111.61,111.61,111.61,111.61,111.61,0,0
1631572545,111.61,111.61,111.61,111.61,111.61,0,0
1631572550,111.61,111.61,111.61,111.61,111.61,0,0
1631572555,111.61,111.61,111.61,111.61,111.61,0,0
1631572560,111.61,111.61,111.61,111.61,111.61,0,0
1631572565,111.61,111.61,111.61,111.61,111.61,0,0
1631572570,111.61,111.61,111.61,111.61,111.61,0,0
1631572575,111.61,111.61,111.61,111.61,111.61,0,0
1631572580,111.61,111.61,111.61,111.61,111.61,0,0
1631572585,111.61,111.61,111.61,111.61,111.61,0,0
1631572590,111.61,111.61,111.61,111.61,111.61,0,0
1631572595,111.61,111.61,111.61,111.61,111.61,0,0
1631572600,111.61,111.61,111.61,111.61,111.61,0,0
1631572605,111.61,111.61,111.61,111.61,111.61,0,0
1631572610,111.61,111.61,111.61,111.61,111.61,0,0
1631572615,111.61,111.61,111.61,111.61,111.61,0,0
1631572620,111.61,111.61,111.61,111.61,111.61,0,0
1631572625,111.61,111.61,111.61,111.61,111.61,0,0
1631572630,111.61,111.61,111.61,111.61,111.61,0,0
1631572635,111.61,111.61,111.61,111.61,111.61,0,0
1631572640,111.61,111.61,111.61,111.61,111.61,0,0
1631572645,111.61,111.61,111.61,111.61,111.61,0,0
1631572650,111.61,111.61,111.61,111.61,111.61,0,0
1631572655,111.61,111.61,111.61,111.61,111.61,0,0
1631572660,111.61,111.61,111.61,111.61,111.61,0,0
1631572665,111.61,111.61,111.61,111.61,111.61,0,0
1631572670,111.61,111.61,111.61,111.61,111.61,0,0
1631572675,111.61,111.61,111.61,111.61,111.61,0,0
1631572680,111.61,111.61,111.61,111.61,111.61,0,0
1631572685,111.61,111.61,111.61,111.61,111.61,0,0
1631572690,111.61,111.61,111.61,111.61,111.61,0,0
1631572695,111.61,111.61,111.61,111.61,111.61,0,0
1631572700,111.61,111.61,111.61,111.61,111.61,0,0
1631572705,111.61,111.61,111.61,111.61,111.61,0,0
1631572710,111.61,111.61,111.61,111.61,111.61,0,0
1631572715,111.61,111.61,111.61,111.61,111.61,0,0
1631572720,111.61,111.61,111.61,111.61,111.61,0,0
1631572725,111.61,111.61,111.61,111.61,111.61,0,0
1631572730,111.61,111.61,111.61,111.61,111.61,0,0
1631572735,111.61,111.61,111.61,111.61,111.61,0,0
1631572740,111.61,111.61,111.61,111.61,111.61,0,0
1631572745,111.61,111.61,111.61,111.61,111.61,0,0
1631572750,111.61,111.61,111.61,111.61,111.61,0,0
1631572755,111.61,111.61,111.61,111.61,111.61,0,0
1631572760,111.61,111.61,111.61,111.61,111.61,0,0
1631572765,111.61,111.61,111.61,111.61,111.61,0,0
1631572770,111.61,111.61,111.61,111.61,111.61,0,0
1631572775,111.61,111.61,111.61,111.61,111.61,0,0
1631572780,111.61,111.61,111.61,111.61,111.61,0,0
1631572785,111.61,111.61,111.61,111.61,111.61,0,0
1631572790,111.61,111.61,111.61,111.61,111.61,0,0
1631572795,111.61,111.61,111.61,111.61,111.61,0,0
1631572800,111.61,111.61,111.61,111.61,111.61,0,0
1631572805,111.61,111.61,111.61,111.61,111.61,0,0
1631572810,111.61,111.61,111.61,111.61,111.61,0,0
1631572815,111.61,111.61,111.61,111.61,111.61,0,0
1631572820,111.61,111.61,111.61,111.61,111.61,0,0
1631572825,111.61,111.61,111.61,111.61,111.61,0,0
1631572830,111.61,111.61,111.61,111.61,111.61,0,0
1631572835,111.61,111.61,111.61,111.61,111.61,0,0
1631572840,111.61,111.61,111.61,111.61,111.61,0,0
1631572845,111.61,111.61,111.61,111.61,111.61,0,0
1631572850,111.61,111.61,111.61,111.61,111.61,0,0
1631572855,111.61,111.61,111.61,111.61,111.61,0,0
1631572860,111.61,111.61,111.61,111.61,111.61,0,0
1631572865,111.61,111.61,111.61,111.61,111.61,0,0
1631572870,111.61,111.61,111.61,111.61,111.61,0,0
1631572875,111.61,111.61,111.61,111.61,111.61,0,0
1631572880,111.61,111.61,111.61,111.61,111.61,0,0
1631572885,111.61,111.61,111.61,111.61,111.61,0,0
1631572890,111.61,111.61,111.61,111.61,111.61,0,0
1631572895,111.61,111.61,111.61,111.61,111.61,0,0
1631572900,111.61,111.61,111.61,111.61,111.61,0,0
1631572905,111.61,111.61,111.61,111.61,111.61,0,0
1631572910,111.61,111.61,111.61,111.61,111.61,0,0
1631572915,111.61,111.61,111.61,111.61,111.61,0,0
1631572920,111.61,111.61,111.61,111.61,111.61,0,0
