date,open,high,low,close,average,volume,count
1648627200,370.2,370.2,369.64,369.64,369.813,3,2
1648627205,369.64,369.64,369.64,369.64,369.64,0,0
1648627210,369.64,369.64,369.64,369.64,369.64,0,0
1648627215,369.82,369.82,369.76,369.81,369.782,6,4
1648627220,369.81,369.81,369.81,369.81,369.81,0,0
1648627225,369.79,369.86,369.79,369.86,369.815,2,2
1648627230,369.88,369.88,369.83,369.87,369.852,8,4
1648627235,369.77,369.77,369.77,369.77,369.77,3,1
1648627240,369.76,369.76,369.76,369.76,369.76,1,1
1648627245,369.76,369.76,369.76,369.76,369.76,0,0
1648627250,369.76,369.76,369.76,369.76,369.76,0,0
1648627255,369.72,369.72,369.72,369.72,369.72,1,1
1648627260,369.72,369.72,369.72,369.72,369.72,0,0
1648627265,369.72,369.72,369.72,369.72,369.72,0,0
1648627270,369.7,369.71,369.7,369.71,369.702,8,3
1648627275,369.71,369.71,369.71,369.71,369.71,0,0
1648627280,369.67,369.67,369.67,369.67,369.67,6,1
1648627285,369.67,369.67,369.67,369.67,369.67,0,0
1648627290,369.67,369.67,369.67,369.67,369.67,0,0
1648627295,369.6,369.6,369.6,369.6,369.6,4,2
1648627300,369.6,369.6,369.6,369.6,369.6,0,0
1648627305,369.6,369.6,369.6,369.6,369.6,8,1
1648627310,369.58,369.58,369.58,369.58,369.58,2,1
1648627315,369.58,369.58,369.58,369.58,369.58,0,0
1648627320,369.58,369.58,369.58,369.58,369.58,0,0
1648627325,369.58,369.58,369.58,369.58,369.58,0,0
1648627330,369.58,369.58,369.58,369.58,369.58,0,0
1648627335,369.58,369.58,369.58,369.58,369.58,0,0
1648627340,369.58,369.58,369.58,369.58,369.58,0,0
1648627345,369.58,369.58,369.58,369.58,369.58,0,0
1648627350,369.59,369.59,369.59,369.59,369.59,3,1
1648627355,369.59,369.59,369.59,369.59,369.59,0,0
1648627360,369.59,369.59,369.59,369.59,369.59,0,0
1648627365,369.59,369.59,369.59,369.59,369.59,0,0
1648627370,369.55,369.55,369.55,369.55,369.55,1,1
1648627375,369.55,369.55,369.55,369.55,369.55,0,0
1648627380,369.55,369.55,369.55,369.55,369.55,0,0
1648627385,369.55,369.55,369.55,369.55,369.55,0,0
1648627390,369.49,369.49,369.49,369.49,369.49,1,1
1648627395,369.49,369.49,369.49,369.49,369.49,0,0
1648627400,369.49,369.49,369.49,369.49,369.49,0,0
1648627405,369.49,369.49,369.49,369.49,369.49,0,0
1648627410,369.49,369.49,369.49,369.49,369.49,0,0
1648627415,369.3,369.3,369.3,369.3,369.3,4,1
1648627420,369.3,369.3,369.3,369.3,369.3,0,0
1648627425,369.27,369.27,369.27,369.27,369.27,2,1
1648627430,369.27,369.27,369.27,369.27,369.27,0,0
1648627435,369.27,369.27,369.27,369.27,369.27,0,0
1648627440,369.3,369.3,369.3,369.3,369.3,28,5
1648627445,369.3,369.3,369.3,369.3,369.3,0,0
1648627450,369.3,369.3,369.3,369.3,369.3,0,0
1648627455,369.3,369.3,369.3,369.3,369.3,0,0
1648627460,369.3,369.3,369.3,369.3,369.3,0,0
1648627465,369.3,369.3,369.3,369.3,369.3,0,0
1648627470,369.3,369.3,369.3,369.3,369.3,0,0
1648627475,369.29,369.29,369.29,369.29,369.29,3,1
1648627480,369.29,369.29,369.29,369.29,369.29,0,0
1648627485,369.29,369.29,369.29,369.29,369.29,0,0
1648627490,369.5,369.5,369.5,369.5,369.5,3,1
1648627495,369.5,369.5,369.5,369.5,369.5,0,0
1648627500,369.5,369.5,369.5,369.5,369.5,0,0
1648627505,369.4,369.4,369.4,369.4,369.4,10,2
1648627510,369.4,369.4,369.37,369.4,369.386,22,5
1648627515,369.42,369.42,369.42,369.42,369.42,1,1
1648627520,369.41,369.43,369.4,369.43,369.406,51,11
1648627525,369.43,369.43,369.43,369.43,369.43,0,0
1648627530,369.43,369.43,369.43,369.43,369.43,0,0
1648627535,369.43,369.43,369.43,369.43,369.43,0,0
1648627540,369.38,369.38,369.34,369.34,369.348,19,6
1648627545,369.34,369.34,369.34,369.34,369.34,0,0
1648627550,369.4,369.4,369.4,369.4,369.4,30,7
1648627555,369.4,369.4,369.4,369.4,369.4,0,0
1648627560,369.4,369.4,369.4,369.4,369.4,0,0
1648627565,369.4,369.4,369.4,369.4,369.4,0,0
1648627570,369.44,369.44,369.44,369.44,369.44,19,5
1648627575,369.44,369.44,369.44,369.44,369.44,0,0
1648627580,369.39,369.39,369.39,369.39,369.39,5,2
1648627585,369.39,369.39,369.39,369.39,369.39,0,0
1648627590,369.39,369.39,369.39,369.39,369.39,0,0
1648627595,369.39,369.39,369.39,369.39,369.39,0,0
1648627600,369.39,369.39,369.39,369.39,369.39,0,0
1648627605,369.3,369.3,369.3,369.3,369.3,30,6
1648627610,369.3,369.3,369.3,369.3,369.3,0,0
1648627615,369.3,369.3,369.3,369.3,369.3,0,0
1648627620,369.3,369.3,369.3,369.3,369.3,0,0
1648627625,369.3,369.3,369.3,369.3,369.3,0,0
1648627630,369.3,369.3,369.3,369.3,369.3,0,0
1648627635,369.34,369.34,369.33,369.33,369.338,29,4
1648627640,369.33,369.33,369.33,369.33,369.33,0,0
1648627645,369.36,369.36,369.36,369.36,369.36,8,2
1648627650,369.36,369.36,369.36,369.36,369.36,3,1
1648627655,369.34,369.34,369.34,369.34,369.34,4,1
1648627660,369.36,369.36,369.36,369.36,369.36,8,3
1648627665,369.36,369.36,369.36,369.36,369.36,0,0
1648627670,369.36,369.36,369.36,369.36,369.36,0,0
1648627675,369.36,369.36,369.36,369.36,369.36,0,0
1648627680,369.36,369.36,369.36,369.36,369.36,0,0
1648627685,369.36,369.36,369.36,369.36,369.36,0,0
1648627690,369.36,369.36,369.36,369.36,369.36,0,0
1648627695,369.39,369.39,369.39,369.39,369.39,24,4
1648627700,369.39,369.39,369.39,369.39,369.39,25,6
1648627705,369.39,369.39,369.39,369.39,369.39,0,0
1648627710,369.39,369.39,369.39,369.39,369.39,0,0
1648627715,369.39,369.39,369.39,369.39,369.39,0,0
1648627720,369.39,369.39,369.39,369.39,369.39,0,0
1648627725,369.39,369.39,369.39,369.39,369.39,0,0
1648627730,369.39,369.39,369.39,369.39,369.39,0,0
1648627735,369.39,369.39,369.39,369.39,369.39,0,0
1648627740,369.39,369.39,369.39,369.39,369.39,0,0
1648627745,369.39,369.39,369.39,369.39,369.39,0,0
1648627750,369.39,369.39,369.39,369.39,369.39,0,0
1648627755,369.39,369.39,369.39,369.39,369.39,0,0
1648627760,369.39,369.39,369.39,369.39,369.39,0,0
1648627765,369.39,369.39,369.39,369.39,369.39,0,0
1648627770,369.39,369.39,369.39,369.39,369.39,0,0
1648627775,369.39,369.39,369.39,369.39,369.39,0,0
1648627780,369.39,369.39,369.39,369.39,369.39,0,0
1648627785,369.39,369.39,369.39,369.39,369.39,0,0
1648627790,369.39,369.39,369.39,369.39,369.39,0,0
1648627795,369.52,369.52,369.52,369.52,369.52,1,1
1648627800,369.52,369.52,369.52,369.52,369.52,0,0
1648627805,369.52,369.52,369.52,369.52,369.52,0,0
1648627810,369.52,369.52,369.52,369.52,369.52,0,0
1648627815,369.52,369.52,369.52,369.52,369.52,0,0
1648627820,369.52,369.52,369.52,369.52,369.52,0,0
1648627825,369.52,369.52,369.52,369.52,369.52,0,0
1648627830,369.52,369.52,369.52,369.52,369.52,0,0
1648627835,369.52,369.52,369.52,369.52,369.52,0,0
1648627840,369.52,369.52,369.52,369.52,369.52,0,0
1648627845,369.52,369.52,369.52,369.52,369.52,0,0
1648627850,369.52,369.52,369.52,369.52,369.52,0,0
1648627855,369.52,369.52,369.52,369.52,369.52,0,0
1648627860,369.52,369.52,369.52,369.52,369.52,0,0
1648627865,369.52,369.52,369.52,369.52,369.52,0,0
1648627870,369.41,369.41,369.41,369.41,369.41,4,1
1648627875,369.4,369.4,369.4,369.4,369.4,1,1
1648627880,369.4,369.4,369.4,369.4,369.4,0,0
1648627885,369.4,369.4,369.4,369.4,369.4,0,0
1648627890,369.4,369.4,369.4,369.4,369.4,0,0
1648627895,369.4,369.4,369.4,369.4,369.4,0,0
1648627900,369.4,369.4,369.4,369.4,369.4,0,0
1648627905,369.31,369.31,369.31,369.31,369.31,1,1
1648627910,369.31,369.31,369.31,369.31,369.31,0,0
1648627915,369.31,369.31,369.31,369.31,369.31,0,0
1648627920,369.31,369.31,369.31,369.31,369.31,0,0
1648627925,369.26,369.27,369.26,369.27,369.265,20,6
1648627930,369.27,369.27,369.27,369.27,369.27,0,0
1648627935,369.27,369.27,369.27,369.27,369.27,0,0
1648627940,369.2,369.2,369.19,369.19,369.197,3,2
1648627945,369.19,369.19,369.19,369.19,369.19,0,0
1648627950,369.19,369.19,369.19,369.19,369.19,0,0
1648627955,369.19,369.19,369.19,369.19,369.19,0,0
1648627960,369.12,369.12,369.12,369.12,369.12,1,1
1648627965,369.21,369.21,369.21,369.21,369.21,3,1
1648627970,369.21,369.21,369.21,369.21,369.21,0,0
1648627975,369.21,369.21,369.21,369.21,369.21,0,0
1648627980,369.21,369.21,369.21,369.21,369.21,0,0
1648627985,369.21,369.21,369.21,369.21,369.21,0,0
1648627990,369.21,369.21,369.21,369.21,369.21,0,0
1648627995,369.17,369.17,369.17,369.17,369.17,10,1
1648628000,369.17,369.17,369.17,369.17,369.17,0,0
1648628005,369.17,369.17,369.17,369.17,369.17,0,0
1648628010,369.17,369.17,369.17,369.17,369.17,0,0
1648628015,369.17,369.17,369.17,369.17,369.17,0,0
1648628020,369.17,369.17,369.17,369.17,369.17,0,0
1648628025,369.17,369.17,369.17,369.17,369.17,0,0
1648628030,369.17,369.17,369.17,369.17,369.17,0,0
1648628035,369.07,369.07,369.06,369.06,369.066,10,3
1648628040,369.08,369.08,369.08,369.08,369.08,9,2
1648628045,369.08,369.08,369.08,369.08,369.08,0,0
1648628050,369.08,369.08,369.08,369.08,369.08,0,0
1648628055,369.08,369.08,369.08,369.08,369.08,0,0
1648628060,369.08,369.08,369.08,369.08,369.08,3,1
1648628065,369.08,369.11,369.08,369.11,369.105,12,4
1648628070,369.11,369.11,369.11,369.11,369.11,0,0
1648628075,369.11,369.11,369.11,369.11,369.11,0,0
1648628080,369.11,369.11,369.11,369.11,369.11,2,1
1648628085,369.11,369.11,369.11,369.11,369.11,0,0
1648628090,369.11,369.11,369.11,369.11,369.11,0,0
1648628095,369.11,369.11,369.11,369.11,369.11,0,0
1648628100,369.11,369.11,369.11,369.11,369.11,0,0
1648628105,369.07,369.07,369.07,369.07,369.07,2,1
1648628110,369.07,369.07,369.07,369.07,369.07,0,0
1648628115,369.07,369.07,369.07,369.07,369.07,0,0
1648628120,369.07,369.07,369.07,369.07,369.07,0,0
1648628125,369.07,369.07,369.07,369.07,369.07,0,0
1648628130,369.07,369.07,369.07,369.07,369.07,0,0
1648628135,369.16,369.16,369.16,369.16,369.16,2,1
1648628140,369.16,369.16,369.16,369.16,369.16,0,0
1648628145,369.16,369.16,369.16,369.16,369.16,0,0
1648628150,369.16,369.16,369.16,369.16,369.16,0,0
1648628155,369.16,369.16,369.16,369.16,369.16,0,0
1648628160,369.16,369.16,369.16,369.16,369.16,0,0
1648628165,369.16,369.16,369.16,369.16,369.16,0,0
1648628170,369.16,369.16,369.16,369.16,369.16,0,0
1648628175,369.16,369.16,369.16,369.16,369.16,0,0
1648628180,369.16,369.16,369.16,369.16,369.16,0,0
1648628185,369.2,369.21,369.2,369.21,369.206,14,3
1648628190,369.21,369.21,369.21,369.21,369.21,0,0
1648628195,369.21,369.21,369.21,369.21,369.21,0,0
1648628200,369.21,369.21,369.21,369.21,369.21,0,0
1648628205,369.21,369.21,369.21,369.21,369.21,0,0
1648628210,369.21,369.21,369.21,369.21,369.21,0,0
1648628215,369.21,369.21,369.21,369.21,369.21,0,0
1648628220,369.21,369.21,369.21,369.21,369.21,0,0
1648628225,369.21,369.21,369.21,369.21,369.21,0,0
1648628230,369.21,369.21,369.21,369.21,369.21,0,0
1648628235,369.21,369.21,369.21,369.21,369.21,0,0
1648628240,369.21,369.21,369.21,369.21,369.21,0,0
1648628245,369.21,369.21,369.21,369.21,369.21,0,0
1648628250,369.21,369.21,369.21,369.21,369.21,0,0
1648628255,369.21,369.21,369.21,369.21,369.21,0,0
1648628260,369.21,369.21,369.21,369.21,369.21,0,0
1648628265,369.21,369.21,369.21,369.21,369.21,0,0
1648628270,369.21,369.21,369.21,369.21,369.21,0,0
1648628275,369.21,369.21,369.21,369.21,369.21,0,0
1648628280,369.21,369.21,369.21,369.21,369.21,0,0
1648628285,369.21,369.21,369.21,369.21,369.21,0,0
1648628290,369.23,369.23,369.23,369.23,369.23,1,1
1648628295,369.23,369.23,369.23,369.23,369.23,0,0
1648628300,369.19,369.19,369.19,369.19,369.19,1,1
1648628305,369.19,369.19,369.19,369.19,369.19,0,0
1648628310,369.19,369.19,369.19,369.19,369.19,0,0
1648628315,369.19,369.19,369.19,369.19,369.19,0,0
1648628320,369.19,369.19,369.19,369.19,369.19,0,0
1648628325,369.19,369.19,369.19,369.19,369.19,0,0
1648628330,369.19,369.19,369.19,369.19,369.19,0,0
1648628335,369.19,369.19,369.19,369.19,369.19,0,0
1648628340,369.19,369.19,369.19,369.19,369.19,0,0
1648628345,369.19,369.19,369.19,369.19,369.19,0,0
1648628350,369.19,369.19,369.19,369.19,369.19,0,0
1648628355,369.19,369.19,369.19,369.19,369.19,0,0
1648628360,369.19,369.19,369.19,369.19,369.19,0,0
1648628365,369.19,369.19,369.19,369.19,369.19,0,0
1648628370,369.19,369.19,369.19,369.19,369.19,0,0
1648628375,369.19,369.19,369.19,369.19,369.19,0,0
1648628380,369.19,369.19,369.19,369.19,369.19,0,0
1648628385,369.19,369.19,369.19,369.19,369.19,0,0
1648628390,369.19,369.19,369.19,369.19,369.19,0,0
1648628395,369.19,369.19,369.19,369.19,369.19,0,0
1648628400,369.19,369.19,369.19,369.19,369.19,0,0
1648628405,369.19,369.19,369.19,369.19,369.19,0,0
1648628410,369.19,369.19,369.19,369.19,369.19,0,0
1648628415,369.19,369.19,369.19,369.19,369.19,0,0
1648628420,369.19,369.19,369.19,369.19,369.19,0,0
1648628425,369.19,369.19,369.19,369.19,369.19,0,0
1648628430,369.19,369.19,369.19,369.19,369.19,0,0
1648628435,369.19,369.19,369.19,369.19,369.19,0,0
1648628440,369.19,369.19,369.19,369.19,369.19,0,0
1648628445,369.19,369.19,369.19,369.19,369.19,0,0
1648628450,369.19,369.19,369.19,369.19,369.19,0,0
1648628455,369.19,369.19,369.19,369.19,369.19,0,0
1648628460,369.19,369.19,369.19,369.19,369.19,0,0
1648628465,369.19,369.19,369.19,369.19,369.19,0,0
1648628470,369.19,369.19,369.19,369.19,369.19,0,0
1648628475,369.19,369.19,369.19,369.19,369.19,0,0
1648628480,369.19,369.19,369.19,369.19,369.19,0,0
1648628485,369.19,369.19,369.19,369.19,369.19,0,0
1648628490,369.19,369.19,369.19,369.19,369.19,0,0
1648628495,369.19,369.19,369.19,369.19,369.19,0,0
1648628500,369.19,369.19,369.19,369.19,369.19,0,0
1648628505,369.19,369.19,369.19,369.19,369.19,0,0
1648628510,369.19,369.19,369.19,369.19,369.19,0,0
1648628515,369.19,369.19,369.19,369.19,369.19,0,0
1648628520,369.3,369.3,369.3,369.3,369.3,6,1
1648628525,369.3,369.3,369.3,369.3,369.3,0,0
1648628530,369.3,369.3,369.3,369.3,369.3,0,0
1648628535,369.3,369.3,369.3,369.3,369.3,0,0
1648628540,369.3,369.3,369.3,369.3,369.3,0,0
1648628545,369.3,369.3,369.3,369.3,369.3,0,0
1648628550,369.3,369.3,369.3,369.3,369.3,0,0
1648628555,369.3,369.3,369.3,369.3,369.3,0,0
1648628560,369.3,369.3,369.3,369.3,369.3,0,0
1648628565,369.3,369.3,369.3,369.3,369.3,0,0
1648628570,369.3,369.3,369.3,369.3,369.3,0,0
1648628575,369.3,369.3,369.3,369.3,369.3,0,0
1648628580,369.3,369.3,369.3,369.3,369.3,0,0
1648628585,369.28,369.28,369.28,369.28,369.28,1,1
1648628590,369.28,369.28,369.28,369.28,369.28,0,0
1648628595,369.28,369.28,369.28,369.28,369.28,0,0
1648628600,369.28,369.28,369.28,369.28,369.28,0,0
1648628605,369.28,369.28,369.28,369.28,369.28,0,0
1648628610,369.28,369.28,369.28,369.28,369.28,0,0
1648628615,369.28,369.28,369.28,369.28,369.28,0,0
1648628620,369.32,369.32,369.32,369.32,369.32,8,1
1648628625,369.32,369.32,369.32,369.32,369.32,0,0
1648628630,369.32,369.32,369.32,369.32,369.32,0,0
1648628635,369.32,369.32,369.32,369.32,369.32,0,0
1648628640,369.32,369.32,369.32,369.32,369.32,0,0
1648628645,369.32,369.32,369.32,369.32,369.32,0,0
1648628650,369.32,369.32,369.32,369.32,369.32,0,0
1648628655,369.32,369.32,369.32,369.32,369.32,0,0
1648628660,369.32,369.32,369.32,369.32,369.32,0,0
1648628665,369.17,369.17,369.15,369.15,369.165,4,2
1648628670,369.15,369.15,369.15,369.15,369.15,0,0
1648628675,369.15,369.15,369.15,369.15,369.15,0,0
1648628680,369.15,369.15,369.15,369.15,369.15,0,0
1648628685,369.15,369.15,369.15,369.15,369.15,0,0
1648628690,369.15,369.15,369.15,369.15,369.15,0,0
1648628695,369.15,369.15,369.15,369.15,369.15,0,0
1648628700,369.15,369.15,369.15,369.15,369.15,0,0
1648628705,369.15,369.15,369.15,369.15,369.15,0,0
1648628710,369.15,369.15,369.15,369.15,369.15,0,0
1648628715,369.15,369.15,369.15,369.15,369.15,0,0
1648628720,369.15,369.15,369.15,369.15,369.15,0,0
1648628725,369.15,369.15,369.15,369.15,369.15,0,0
1648628730,369.04,369.04,369.04,369.04,369.04,9,1
1648628735,369.04,369.04,369.04,369.04,369.04,0,0
1648628740,369.04,369.04,369.04,369.04,369.04,0,0
1648628745,369.04,369.04,369.04,369.04,369.04,0,0
1648628750,369.05,369.05,369.05,369.05,369.05,1,1
1648628755,369.05,369.05,369.05,369.05,369.05,0,0
1648628760,369.05,369.05,369.05,369.05,369.05,0,0
1648628765,369.05,369.05,369.05,369.05,369.05,0,0
1648628770,369.05,369.05,369.05,369.05,369.05,0,0
1648628775,369.05,369.05,369.05,369.05,369.05,0,0
1648628780,369.05,369.05,369.05,369.05,369.05,0,0
1648628785,369.05,369.05,369.05,369.05,369.05,0,0
1648628790,369.05,369.05,369.05,369.05,369.05,0,0
1648628795,369.05,369.05,369.05,369.05,369.05,0,0
1648628800,369.05,369.05,369.05,369.05,369.05,0,0
1648628805,369.21,369.21,369.21,369.21,369.21,2,1
1648628810,369.21,369.21,369.21,369.21,369.21,8,1
1648628815,369.21,369.21,369.21,369.21,369.21,0,0
1648628820,369.21,369.21,369.21,369.21,369.21,0,0
1648628825,369.21,369.21,369.21,369.21,369.21,0,0
1648628830,369.21,369.21,369.21,369.21,369.21,0,0
1648628835,369.21,369.21,369.21,369.21,369.21,0,0
1648628840,369.21,369.21,369.21,369.21,369.21,0,0
1648628845,369.21,369.21,369.21,369.21,369.21,0,0
1648628850,369.21,369.21,369.21,369.21,369.21,0,0
1648628855,369.21,369.21,369.21,369.21,369.21,0,0
1648628860,369.21,369.21,369.21,369.21,369.21,0,0
1648628865,369.21,369.21,369.21,369.21,369.21,0,0
1648628870,369.21,369.21,369.21,369.21,369.21,0,0
1648628875,369.21,369.21,369.21,369.21,369.21,0,0
1648628880,369.21,369.21,369.21,369.21,369.21,0,0
1648628885,369.21,369.21,369.21,369.21,369.21,0,0
1648628890,369.21,369.21,369.21,369.21,369.21,0,0
1648628895,369.21,369.21,369.21,369.21,369.21,0,0
1648628900,369.21,369.21,369.21,369.21,369.21,0,0
1648628905,369.21,369.21,369.21,369.21,369.21,0,0
1648628910,369.21,369.21,369.21,369.21,369.21,0,0
1648628915,369.21,369.21,369.21,369.21,369.21,0,0
1648628920,369.21,369.21,369.21,369.21,369.21,0,0
1648628925,369.21,369.21,369.21,369.21,369.21,0,0
1648628930,369.21,369.21,369.21,369.21,369.21,0,0
1648628935,369.21,369.21,369.21,369.21,369.21,0,0
1648628940,369.21,369.21,369.21,369.21,369.21,0,0
1648628945,369.21,369.21,369.21,369.21,369.21,0,0
1648628950,369.21,369.21,369.21,369.21,369.21,0,0
1648628955,369.21,369.21,369.21,369.21,369.21,0,0
1648628960,369.21,369.21,369.21,369.21,369.21,0,0
1648628965,369.21,369.21,369.21,369.21,369.21,0,0
1648628970,369.27,369.29,369.27,369.29,369.281,18,2
1648628975,369.29,369.29,369.29,369.29,369.29,0,0
1648628980,369.29,369.29,369.29,369.29,369.29,0,0
1648628985,369.29,369.29,369.29,369.29,369.29,0,0
1648628990,369.29,369.29,369.29,369.29,369.29,0,0
1648628995,369.29,369.29,369.29,369.29,369.29,0,0
1648629000,369.29,369.29,369.29,369.29,369.29,0,0
1648629005,369.4,369.4,369.4,369.4,369.4,3,1
1648629010,369.41,369.41,369.41,369.41,369.41,2,1
1648629015,369.41,369.41,369.41,369.41,369.41,0,0
1648629020,369.41,369.41,369.41,369.41,369.41,0,0
1648629025,369.41,369.41,369.41,369.41,369.41,0,0
1648629030,369.41,369.41,369.41,369.41,369.41,0,0
1648629035,369.41,369.41,369.41,369.41,369.41,0,0
1648629040,369.43,369.43,369.43,369.43,369.43,6,2
1648629045,369.43,369.43,369.43,369.43,369.43,0,0
1648629050,369.45,369.45,369.45,369.45,369.45,1,1
1648629055,369.45,369.45,369.45,369.45,369.45,0,0
1648629060,369.45,369.45,369.45,369.45,369.45,0,0
1648629065,369.45,369.45,369.45,369.45,369.45,0,0
1648629070,369.45,369.45,369.45,369.45,369.45,0,0
1648629075,369.45,369.45,369.45,369.45,369.45,0,0
1648629080,369.45,369.45,369.45,369.45,369.45,0,0
1648629085,369.45,369.45,369.45,369.45,369.45,0,0
1648629090,369.45,369.45,369.45,369.45,369.45,0,0
1648629095,369.45,369.45,369.45,369.45,369.45,0,0
1648629100,369.45,369.45,369.45,369.45,369.45,0,0
1648629105,369.45,369.45,369.45,369.45,369.45,0,0
1648629110,369.45,369.45,369.45,369.45,369.45,0,0
1648629115,369.45,369.45,369.45,369.45,369.45,0,0
1648629120,369.45,369.45,369.45,369.45,369.45,0,0
1648629125,369.45,369.45,369.45,369.45,369.45,0,0
1648629130,369.45,369.45,369.45,369.45,369.45,0,0
1648629135,369.45,369.45,369.45,369.45,369.45,0,0
1648629140,369.45,369.45,369.45,369.45,369.45,0,0
1648629145,369.45,369.45,369.45,369.45,369.45,0,0
1648629150,369.45,369.45,369.45,369.45,369.45,0,0
1648629155,369.45,369.45,369.45,369.45,369.45,0,0
1648629160,369.45,369.45,369.45,369.45,369.45,0,0
1648629165,369.45,369.45,369.45,369.45,369.45,0,0
1648629170,369.45,369.45,369.45,369.45,369.45,0,0
1648629175,369.45,369.45,369.45,369.45,369.45,0,0
1648629180,369.45,369.45,369.45,369.45,369.45,0,0
1648629185,369.45,369.45,369.45,369.45,369.45,0,0
1648629190,369.45,369.45,369.45,369.45,369.45,0,0
1648629195,369.45,369.45,369.45,369.45,369.45,0,0
1648629200,369.45,369.45,369.45,369.45,369.45,0,0
1648629205,369.45,369.45,369.45,369.45,369.45,0,0
1648629210,369.45,369.45,369.45,369.45,369.45,0,0
1648629215,369.45,369.45,369.45,369.45,369.45,0,0
1648629220,369.45,369.45,369.45,369.45,369.45,0,0
1648629225,369.45,369.45,369.45,369.45,369.45,0,0
1648629230,369.45,369.45,369.45,369.45,369.45,0,0
1648629235,369.45,369.45,369.45,369.45,369.45,0,0
1648629240,369.45,369.45,369.45,369.45,369.45,0,0
1648629245,369.45,369.45,369.45,369.45,369.45,0,0
1648629250,369.45,369.45,369.45,369.45,369.45,0,0
1648629255,369.45,369.45,369.45,369.45,369.45,0,0
1648629260,369.45,369.45,369.45,369.45,369.45,0,0
1648629265,369.45,369.45,369.45,369.45,369.45,0,0
1648629270,369.39,369.39,369.39,369.39,369.39,19,3
1648629275,369.39,369.39,369.39,369.39,369.39,0,0
1648629280,369.39,369.39,369.39,369.39,369.39,0,0
1648629285,369.39,369.39,369.39,369.39,369.39,15,2
1648629290,369.39,369.39,369.39,369.39,369.39,0,0
1648629295,369.39,369.39,369.39,369.39,369.39,0,0
1648629300,369.39,369.39,369.39,369.39,369.39,0,0
1648629305,369.39,369.39,369.39,369.39,369.39,0,0
1648629310,369.39,369.39,369.39,369.39,369.39,0,0
1648629315,369.39,369.39,369.39,369.39,369.39,0,0
1648629320,369.39,369.39,369.39,369.39,369.39,0,0
1648629325,369.39,369.39,369.39,369.39,369.39,0,0
1648629330,369.39,369.39,369.39,369.39,369.39,0,0
1648629335,369.39,369.39,369.39,369.39,369.39,0,0
1648629340,369.39,369.39,369.39,369.39,369.39,0,0
1648629345,369.39,369.39,369.39,369.39,369.39,0,0
1648629350,369.39,369.39,369.39,369.39,369.39,0,0
1648629355,369.39,369.39,369.39,369.39,369.39,0,0
1648629360,369.39,369.39,369.39,369.39,369.39,0,0
1648629365,369.39,369.39,369.39,369.39,369.39,0,0
1648629370,369.39,369.39,369.39,369.39,369.39,0,0
1648629375,369.39,369.39,369.39,369.39,369.39,0,0
1648629380,369.39,369.39,369.39,369.39,369.39,0,0
1648629385,369.39,369.39,369.39,369.39,369.39,0,0
1648629390,369.39,369.39,369.39,369.39,369.39,0,0
1648629395,369.39,369.39,369.39,369.39,369.39,0,0
1648629400,369.39,369.39,369.39,369.39,369.39,0,0
1648629405,369.38,369.38,369.38,369.38,369.38,2,1
1648629410,369.38,369.38,369.38,369.38,369.38,0,0
1648629415,369.38,369.38,369.38,369.38,369.38,0,0
1648629420,369.38,369.38,369.38,369.38,369.38,0,0
1648629425,369.38,369.38,369.38,369.38,369.38,0,0
1648629430,369.38,369.38,369.38,369.38,369.38,0,0
1648629435,369.38,369.38,369.38,369.38,369.38,0,0
1648629440,369.38,369.38,369.38,369.38,369.38,0,0
1648629445,369.38,369.38,369.38,369.38,369.38,0,0
1648629450,369.38,369.38,369.38,369.38,369.38,0,0
1648629455,369.38,369.38,369.38,369.38,369.38,0,0
1648629460,369.38,369.38,369.38,369.38,369.38,0,0
1648629465,369.38,369.38,369.38,369.38,369.38,0,0
1648629470,369.38,369.38,369.38,369.38,369.38,0,0
1648629475,369.38,369.38,369.38,369.38,369.38,0,0
1648629480,369.38,369.38,369.38,369.38,369.38,0,0
1648629485,369.38,369.38,369.38,369.38,369.38,0,0
1648629490,369.38,369.38,369.38,369.38,369.38,0,0
1648629495,369.38,369.38,369.38,369.38,369.38,0,0
1648629500,369.38,369.38,369.38,369.38,369.38,0,0
1648629505,369.38,369.38,369.38,369.38,369.38,0,0
1648629510,369.38,369.38,369.38,369.38,369.38,0,0
1648629515,369.38,369.38,369.38,369.38,369.38,0,0
1648629520,369.38,369.38,369.38,369.38,369.38,0,0
1648629525,369.4,369.4,369.4,369.4,369.4,1,1
1648629530,369.4,369.4,369.4,369.4,369.4,0,0
1648629535,369.4,369.4,369.4,369.4,369.4,0,0
1648629540,369.4,369.4,369.4,369.4,369.4,0,0
1648629545,369.4,369.4,369.4,369.4,369.4,0,0
1648629550,369.4,369.4,369.4,369.4,369.4,0,0
1648629555,369.4,369.4,369.4,369.4,369.4,0,0
1648629560,369.4,369.4,369.4,369.4,369.4,0,0
1648629565,369.4,369.4,369.4,369.4,369.4,0,0
1648629570,369.4,369.4,369.4,369.4,369.4,0,0
1648629575,369.4,369.4,369.4,369.4,369.4,0,0
1648629580,369.4,369.4,369.4,369.4,369.4,0,0
1648629585,369.4,369.4,369.4,369.4,369.4,0,0
1648629590,369.4,369.4,369.4,369.4,369.4,0,0
1648629595,369.4,369.4,369.4,369.4,369.4,0,0
1648629600,369.37,369.37,369.37,369.37,369.37,1,1
1648629605,369.37,369.37,369.37,369.37,369.37,0,0
1648629610,369.37,369.37,369.37,369.37,369.37,0,0
1648629615,369.37,369.37,369.37,369.37,369.37,0,0
1648629620,369.36,369.36,369.36,369.36,369.36,3,1
1648629625,369.36,369.36,369.36,369.36,369.36,0,0
1648629630,369.4,369.4,369.4,369.4,369.4,2,1
1648629635,369.4,369.4,369.4,369.4,369.4,0,0
1648629640,369.4,369.4,369.4,369.4,369.4,0,0
1648629645,369.38,369.38,369.38,369.38,369.38,3,1
1648629650,369.38,369.38,369.38,369.38,369.38,1,1
1648629655,369.38,369.38,369.38,369.38,369.38,0,0
1648629660,369.38,369.38,369.38,369.38,369.38,0,0
1648629665,369.38,369.38,369.38,369.38,369.38,0,0
1648629670,369.38,369.38,369.38,369.38,369.38,0,0
1648629675,369.38,369.38,369.38,369.38,369.38,0,0
1648629680,369.38,369.38,369.38,369.38,369.38,0,0
1648629685,369.28,369.28,369.28,369.28,369.28,2,1
1648629690,369.28,369.28,369.28,369.28,369.28,0,0
1648629695,369.28,369.28,369.28,369.28,369.28,0,0
1648629700,369.25,369.25,369.25,369.25,369.25,1,1
1648629705,369.25,369.25,369.25,369.25,369.25,0,0
1648629710,369.25,369.25,369.25,369.25,369.25,0,0
1648629715,369.25,369.25,369.25,369.25,369.25,0,0
1648629720,369.25,369.25,369.25,369.25,369.25,0,0
1648629725,369.2,369.2,369.2,369.2,369.2,1,1
1648629730,369.2,369.2,369.2,369.2,369.2,0,0
1648629735,369.2,369.2,369.2,369.2,369.2,0,0
1648629740,369.2,369.2,369.2,369.2,369.2,0,0
1648629745,369.2,369.2,369.2,369.2,369.2,0,0
1648629750,369.2,369.2,369.2,369.2,369.2,0,0
1648629755,369.2,369.2,369.2,369.2,369.2,0,0
1648629760,369.16,369.16,369.16,369.16,369.16,35,3
1648629765,369.18,369.18,369.18,369.18,369.18,1,1
1648629770,369.18,369.18,369.18,369.18,369.18,0,0
1648629775,369.18,369.18,369.18,369.18,369.18,0,0
1648629780,369.14,369.14,369.14,369.14,369.14,1,1
1648629785,369.14,369.14,369.14,369.14,369.14,0,0
1648629790,369.15,369.16,369.15,369.16,369.154,50,7
1648629795,369.16,369.16,369.16,369.16,369.16,0,0
1648629800,369.16,369.16,369.16,369.16,369.16,0,0
1648629805,369.16,369.16,369.16,369.16,369.16,0,0
1648629810,369.16,369.16,369.16,369.16,369.16,0,0
1648629815,369.16,369.16,369.16,369.16,369.16,0,0
1648629820,369.12,369.12,369.12,369.12,369.12,1,1
1648629825,369.12,369.12,369.12,369.12,369.12,0,0
1648629830,369.12,369.12,369.12,369.12,369.12,0,0
1648629835,369.12,369.12,369.12,369.12,369.12,0,0
1648629840,369.12,369.12,369.12,369.12,369.12,0,0
1648629845,369.12,369.12,369.12,369.12,369.12,0,0
1648629850,369.12,369.12,369.12,369.12,369.12,0,0
1648629855,369.2,369.2,369.2,369.2,369.2,2,1
1648629860,369.2,369.2,369.2,369.2,369.2,1,1
1648629865,369.2,369.2,369.2,369.2,369.2,0,0
1648629870,369.2,369.2,369.2,369.2,369.2,0,0
1648629875,369.2,369.2,369.2,369.2,369.2,0,0
1648629880,369.2,369.2,369.2,369.2,369.2,0,0
1648629885,369.2,369.2,369.2,369.2,369.2,0,0
1648629890,369.2,369.2,369.2,369.2,369.2,0,0
1648629895,369.2,369.2,369.2,369.2,369.2,0,0
1648629900,369.2,369.2,369.2,369.2,369.2,0,0
1648629905,369.2,369.2,369.2,369.2,369.2,0,0
1648629910,369.2,369.2,369.2,369.2,369.2,0,0
1648629915,369.2,369.2,369.2,369.2,369.2,0,0
1648629920,369.13,369.13,369.13,369.13,369.13,1,1
1648629925,369.13,369.13,369.13,369.13,369.13,0,0
1648629930,369.13,369.13,369.13,369.13,369.13,0,0
1648629935,369.13,369.13,369.13,369.13,369.13,0,0
1648629940,369.13,369.13,369.13,369.13,369.13,0,0
1648629945,369.13,369.13,369.13,369.13,369.13,0,0
1648629950,369.13,369.13,369.13,369.13,369.13,0,0
1648629955,369.13,369.13,369.13,369.13,369.13,0,0
1648629960,369.13,369.13,369.13,369.13,369.13,0,0
1648629965,369.13,369.13,369.13,369.13,369.13,0,0
1648629970,369.13,369.13,369.13,369.13,369.13,0,0
1648629975,369.13,369.13,369.13,369.13,369.13,4,1
1648629980,369.11,369.11,369.11,369.11,369.11,8,1
1648629985,369.11,369.11,369.11,369.11,369.11,0,0
1648629990,369.11,369.11,369.11,369.11,369.11,0,0
1648629995,369.11,369.11,369.11,369.11,369.11,0,0
1648630000,369.11,369.11,369.11,369.11,369.11,0,0
1648630005,369.11,369.11,369.11,369.11,369.11,0,0
1648630010,369.09,369.09,369.09,369.09,369.09,1,1
1648630015,369.09,369.09,369.09,369.09,369.09,0,0
1648630020,369.09,369.09,369.09,369.09,369.09,0,0
1648630025,369.09,369.09,369.09,369.09,369.09,0,0
1648630030,369.09,369.09,369.09,369.09,369.09,0,0
1648630035,369.09,369.09,369.09,369.09,369.09,0,0
1648630040,369.09,369.09,369.09,369.09,369.09,0,0
1648630045,369.09,369.09,369.09,369.09,369.09,0,0
1648630050,369.09,369.09,369.09,369.09,369.09,0,0
1648630055,369.0,369.0,369.0,369.0,369.0,4,1
1648630060,369.0,369.0,369.0,369.0,369.0,0,0
1648630065,369.04,369.04,369.04,369.04,369.04,1,1
1648630070,369.04,369.04,369.04,369.04,369.04,0,0
1648630075,369.04,369.04,369.04,369.04,369.04,0,0
1648630080,369.04,369.04,369.04,369.04,369.04,0,0
1648630085,369.0,369.0,369.0,369.0,369.0,9,3
1648630090,369.0,369.0,369.0,369.0,369.0,0,0
1648630095,369.0,369.0,369.0,369.0,369.0,0,0
1648630100,369.0,369.0,369.0,369.0,369.0,0,0
1648630105,369.0,369.0,369.0,369.0,369.0,0,0
1648630110,369.0,369.0,369.0,369.0,369.0,0,0
1648630115,369.0,369.0,369.0,369.0,369.0,0,0
1648630120,369.0,369.0,369.0,369.0,369.0,0,0
1648630125,369.0,369.0,369.0,369.0,369.0,0,0
1648630130,369.0,369.0,369.0,369.0,369.0,0,0
1648630135,369.0,369.0,369.0,369.0,369.0,0,0
1648630140,369.0,369.0,369.0,369.0,369.0,0,0
1648630145,369.0,369.0,369.0,369.0,369.0,0,0
1648630150,369.0,369.0,369.0,369.0,369.0,0,0
1648630155,369.0,369.0,369.0,369.0,369.0,0,0
1648630160,369.0,369.0,369.0,369.0,369.0,0,0
1648630165,369.0,369.0,369.0,369.0,369.0,0,0
1648630170,369.0,369.0,369.0,369.0,369.0,0,0
1648630175,369.0,369.0,369.0,369.0,369.0,0,0
1648630180,369.0,369.0,369.0,369.0,369.0,0,0
1648630185,369.0,369.0,369.0,369.0,369.0,0,0
1648630190,369.0,369.0,369.0,369.0,369.0,0,0
1648630195,369.0,369.0,369.0,369.0,369.0,0,0
1648630200,369.0,369.0,369.0,369.0,369.0,0,0
1648630205,369.0,369.0,369.0,369.0,369.0,0,0
1648630210,369.0,369.0,369.0,369.0,369.0,0,0
1648630215,369.0,369.0,369.0,369.0,369.0,0,0
1648630220,369.0,369.0,369.0,369.0,369.0,0,0
1648630225,369.0,369.0,369.0,369.0,369.0,0,0
1648630230,369.0,369.0,369.0,369.0,369.0,0,0
1648630235,369.0,369.0,369.0,369.0,369.0,0,0
1648630240,369.0,369.0,369.0,369.0,369.0,0,0
1648630245,369.0,369.0,369.0,369.0,369.0,0,0
1648630250,369.0,369.0,369.0,369.0,369.0,0,0
1648630255,369.0,369.0,369.0,369.0,369.0,0,0
1648630260,369.0,369.0,369.0,369.0,369.0,0,0
1648630265,369.0,369.0,369.0,369.0,369.0,0,0
1648630270,369.0,369.0,369.0,369.0,369.0,0,0
1648630275,369.0,369.0,369.0,369.0,369.0,0,0
1648630280,368.92,368.92,368.92,368.92,368.92,5,2
1648630285,368.92,368.92,368.92,368.92,368.92,0,0
1648630290,368.92,368.92,368.92,368.92,368.92,0,0
1648630295,368.92,368.92,368.92,368.92,368.92,0,0
1648630300,368.94,368.94,368.94,368.94,368.94,1,1
1648630305,368.94,368.94,368.94,368.94,368.94,0,0
1648630310,368.94,368.94,368.94,368.94,368.94,0,0
1648630315,368.94,368.94,368.94,368.94,368.94,0,0
1648630320,368.94,368.94,368.94,368.94,368.94,0,0
1648630325,369.03,369.03,369.03,369.03,369.03,1,1
1648630330,369.03,369.03,369.03,369.03,369.03,0,0
1648630335,369.03,369.03,369.03,369.03,369.03,0,0
1648630340,369.03,369.03,369.03,369.03,369.03,0,0
1648630345,369.03,369.03,369.03,369.03,369.03,0,0
1648630350,369.07,369.07,369.07,369.07,369.07,1,1
1648630355,369.07,369.07,369.07,369.07,369.07,0,0
1648630360,369.07,369.07,369.07,369.07,369.07,0,0
1648630365,369.07,369.07,369.07,369.07,369.07,0,0
1648630370,369.08,369.08,369.08,369.08,369.08,2,1
1648630375,369.08,369.08,369.08,369.08,369.08,0,0
1648630380,369.08,369.08,369.08,369.08,369.08,0,0
1648630385,369.08,369.08,369.08,369.08,369.08,0,0
1648630390,369.08,369.08,369.08,369.08,369.08,0,0
1648630395,369.08,369.08,369.08,369.08,369.08,0,0
1648630400,369.08,369.08,369.08,369.08,369.08,0,0
1648630405,369.17,369.17,369.17,369.17,369.17,3,1
1648630410,369.17,369.17,369.17,369.17,369.17,0,0
1648630415,369.17,369.17,369.17,369.17,369.17,0,0
1648630420,369.17,369.17,369.17,369.17,369.17,0,0
1648630425,369.17,369.17,369.17,369.17,369.17,0,0
1648630430,369.17,369.17,369.17,369.17,369.17,0,0
1648630435,369.17,369.17,369.17,369.17,369.17,0,0
1648630440,369.17,369.17,369.17,369.17,369.17,0,0
1648630445,369.17,369.17,369.17,369.17,369.17,0,0
1648630450,369.17,369.17,369.17,369.17,369.17,0,0
1648630455,369.17,369.17,369.17,369.17,369.17,0,0
1648630460,369.17,369.17,369.17,369.17,369.17,0,0
1648630465,369.17,369.17,369.17,369.17,369.17,0,0
1648630470,369.17,369.17,369.17,369.17,369.17,0,0
1648630475,369.17,369.17,369.17,369.17,369.17,0,0
1648630480,369.17,369.17,369.17,369.17,369.17,0,0
1648630485,369.17,369.17,369.17,369.17,369.17,0,0
1648630490,369.17,369.17,369.17,369.17,369.17,0,0
1648630495,369.17,369.17,369.17,369.17,369.17,0,0
1648630500,369.17,369.17,369.17,369.17,369.17,0,0
1648630505,369.17,369.17,369.17,369.17,369.17,0,0
1648630510,369.17,369.17,369.17,369.17,369.17,0,0
1648630515,369.17,369.17,369.17,369.17,369.17,0,0
1648630520,369.17,369.17,369.17,369.17,369.17,0,0
1648630525,369.17,369.17,369.17,369.17,369.17,0,0
1648630530,369.17,369.17,369.17,369.17,369.17,0,0
1648630535,369.17,369.17,369.17,369.17,369.17,0,0
1648630540,369.17,369.17,369.17,369.17,369.17,0,0
1648630545,369.17,369.17,369.17,369.17,369.17,0,0
1648630550,369.17,369.17,369.17,369.17,369.17,0,0
1648630555,369.17,369.17,369.17,369.17,369.17,0,0
1648630560,369.17,369.17,369.17,369.17,369.17,0,0
1648630565,369.17,369.17,369.17,369.17,369.17,0,0
1648630570,369.17,369.17,369.17,369.17,369.17,0,0
1648630575,369.17,369.17,369.17,369.17,369.17,0,0
1648630580,369.17,369.17,369.17,369.17,369.17,0,0
1648630585,369.17,369.17,369.17,369.17,369.17,0,0
1648630590,369.17,369.17,369.17,369.17,369.17,0,0
1648630595,369.17,369.17,369.17,369.17,369.17,0,0
1648630600,369.17,369.17,369.17,369.17,369.17,0,0
1648630605,369.17,369.17,369.17,369.17,369.17,0,0
1648630610,369.17,369.17,369.17,369.17,369.17,0,0
1648630615,369.17,369.17,369.17,369.17,369.17,0,0
1648630620,369.17,369.17,369.17,369.17,369.17,0,0
1648630625,369.17,369.17,369.17,369.17,369.17,0,0
1648630630,369.17,369.17,369.17,369.17,369.17,0,0
1648630635,369.17,369.17,369.17,369.17,369.17,0,0
1648630640,369.17,369.17,369.17,369.17,369.17,0,0
1648630645,369.21,369.21,369.21,369.21,369.21,5,1
1648630650,369.21,369.21,369.21,369.21,369.21,0,0
1648630655,369.21,369.21,369.21,369.21,369.21,0,0
1648630660,369.21,369.21,369.21,369.21,369.21,0,0
1648630665,369.21,369.21,369.21,369.21,369.21,0,0
1648630670,369.21,369.21,369.21,369.21,369.21,0,0
1648630675,369.21,369.21,369.21,369.21,369.21,0,0
1648630680,369.21,369.21,369.21,369.21,369.21,0,0
1648630685,369.21,369.21,369.21,369.21,369.21,0,0
1648630690,369.21,369.21,369.21,369.21,369.21,0,0
1648630695,369.21,369.21,369.21,369.21,369.21,0,0
1648630700,369.21,369.21,369.21,369.21,369.21,0,0
1648630705,369.21,369.21,369.21,369.21,369.21,0,0
1648630710,369.21,369.21,369.21,369.21,369.21,0,0
1648630715,369.21,369.21,369.21,369.21,369.21,0,0
1648630720,369.21,369.21,369.21,369.21,369.21,0,0
1648630725,369.21,369.21,369.21,369.21,369.21,0,0
1648630730,369.21,369.21,369.21,369.21,369.21,0,0
1648630735,369.21,369.21,369.21,369.21,369.21,0,0
1648630740,369.21,369.21,369.21,369.21,369.21,0,0
1648630745,369.21,369.21,369.21,369.21,369.21,0,0
1648630750,369.21,369.21,369.21,369.21,369.21,0,0
1648630755,369.21,369.21,369.21,369.21,369.21,0,0
1648630760,369.21,369.21,369.21,369.21,369.21,0,0
1648630765,369.21,369.21,369.21,369.21,369.21,0,0
1648630770,369.21,369.21,369.21,369.21,369.21,0,0
1648630775,369.21,369.21,369.21,369.21,369.21,0,0
1648630780,369.21,369.21,369.21,369.21,369.21,0,0
1648630785,369.21,369.21,369.21,369.21,369.21,0,0
1648630790,369.21,369.21,369.21,369.21,369.21,0,0
1648630795,369.21,369.21,369.21,369.21,369.21,0,0
1648630800,369.21,369.21,369.21,369.21,369.21,0,0
1648630805,369.21,369.21,369.21,369.21,369.21,0,0
1648630810,369.21,369.21,369.21,369.21,369.21,0,0
1648630815,369.21,369.21,369.21,369.21,369.21,0,0
1648630820,369.21,369.21,369.21,369.21,369.21,0,0
1648630825,369.21,369.21,369.21,369.21,369.21,0,0
1648630830,369.21,369.21,369.21,369.21,369.21,0,0
1648630835,369.35,369.35,369.35,369.35,369.35,5,1
1648630840,369.35,369.35,369.35,369.35,369.35,0,0
1648630845,369.35,369.35,369.35,369.35,369.35,0,0
1648630850,369.3,369.3,369.3,369.3,369.3,3,1
1648630855,369.3,369.3,369.3,369.3,369.3,0,0
1648630860,369.3,369.3,369.3,369.3,369.3,0,0
1648630865,369.3,369.3,369.3,369.3,369.3,0,0
1648630870,369.3,369.3,369.3,369.3,369.3,0,0
1648630875,369.3,369.3,369.3,369.3,369.3,0,0
1648630880,369.3,369.3,369.3,369.3,369.3,0,0
1648630885,369.3,369.3,369.3,369.3,369.3,0,0
1648630890,369.3,369.3,369.3,369.3,369.3,0,0
1648630895,369.3,369.3,369.3,369.3,369.3,0,0
1648630900,369.3,369.3,369.3,369.3,369.3,0,0
1648630905,369.3,369.3,369.3,369.3,369.3,0,0
1648630910,369.3,369.3,369.3,369.3,369.3,0,0
1648630915,369.3,369.3,369.3,369.3,369.3,0,0
1648630920,369.3,369.3,369.3,369.3,369.3,0,0
1648630925,369.39,369.39,369.39,369.39,369.39,4,2
1648630930,369.39,369.39,369.39,369.39,369.39,0,0
1648630935,369.39,369.39,369.39,369.39,369.39,0,0
1648630940,369.39,369.39,369.39,369.39,369.39,0,0
1648630945,369.39,369.39,369.39,369.39,369.39,0,0
1648630950,369.39,369.39,369.39,369.39,369.39,0,0
1648630955,369.39,369.39,369.39,369.39,369.39,0,0
1648630960,369.39,369.39,369.39,369.39,369.39,0,0
1648630965,369.26,369.26,369.26,369.26,369.26,16,2
1648630970,369.26,369.26,369.26,369.26,369.26,0,0
1648630975,369.26,369.26,369.26,369.26,369.26,0,0
1648630980,369.26,369.26,369.26,369.26,369.26,0,0
1648630985,369.26,369.26,369.26,369.26,369.26,0,0
1648630990,369.23,369.23,369.23,369.23,369.23,2,1
1648630995,369.23,369.23,369.23,369.23,369.23,0,0
1648631000,369.23,369.23,369.23,369.23,369.23,0,0
1648631005,369.23,369.23,369.23,369.23,369.23,0,0
1648631010,369.23,369.23,369.23,369.23,369.23,0,0
1648631015,369.23,369.23,369.23,369.23,369.23,0,0
1648631020,369.23,369.23,369.23,369.23,369.23,0,0
1648631025,369.34,369.34,369.34,369.34,369.34,1,1
1648631030,369.34,369.34,369.34,369.34,369.34,0,0
1648631035,369.34,369.34,369.34,369.34,369.34,0,0
1648631040,369.34,369.34,369.34,369.34,369.34,0,0
1648631045,369.34,369.34,369.34,369.34,369.34,0,0
1648631050,369.34,369.34,369.34,369.34,369.34,0,0
1648631055,369.39,369.39,369.39,369.39,369.39,2,1
1648631060,369.37,369.37,369.37,369.37,369.37,1,1
1648631065,369.37,369.37,369.37,369.37,369.37,0,0
1648631070,369.37,369.37,369.37,369.37,369.37,0,0
1648631075,369.37,369.37,369.37,369.37,369.37,0,0
1648631080,369.38,369.38,369.38,369.38,369.38,3,1
1648631085,369.38,369.38,369.38,369.38,369.38,0,0
1648631090,369.38,369.38,369.38,369.38,369.38,0,0
1648631095,369.38,369.38,369.38,369.38,369.38,0,0
1648631100,369.38,369.38,369.38,369.38,369.38,0,0
1648631105,369.38,369.38,369.38,369.38,369.38,0,0
1648631110,369.38,369.38,369.38,369.38,369.38,0,0
1648631115,369.38,369.38,369.38,369.38,369.38,0,0
1648631120,369.38,369.38,369.38,369.38,369.38,0,0
1648631125,369.38,369.38,369.38,369.38,369.38,0,0
1648631130,369.38,369.38,369.38,369.38,369.38,0,0
1648631135,369.38,369.38,369.38,369.38,369.38,1,1
1648631140,369.38,369.38,369.38,369.38,369.38,0,0
1648631145,369.4,369.4,369.4,369.4,369.4,1,1
1648631150,369.4,369.4,369.4,369.4,369.4,4,1
1648631155,369.4,369.4,369.4,369.4,369.4,0,0
1648631160,369.4,369.4,369.4,369.4,369.4,0,0
1648631165,369.4,369.4,369.4,369.4,369.4,0,0
1648631170,369.39,369.44,369.39,369.44,369.397,7,3
1648631175,369.44,369.44,369.44,369.44,369.44,0,0
1648631180,369.44,369.44,369.44,369.44,369.44,0,0
1648631185,369.44,369.44,369.44,369.44,369.44,0,0
1648631190,369.44,369.44,369.44,369.44,369.44,0,0
1648631195,369.44,369.44,369.44,369.44,369.44,15,3
1648631200,369.44,369.44,369.44,369.44,369.44,0,0
1648631205,369.44,369.44,369.44,369.44,369.44,0,0
1648631210,369.44,369.44,369.44,369.44,369.44,0,0
1648631215,369.44,369.44,369.44,369.44,369.44,0,0
1648631220,369.44,369.44,369.44,369.44,369.44,0,0
1648631225,369.44,369.44,369.44,369.44,369.44,0,0
1648631230,369.44,369.44,369.44,369.44,369.44,0,0
1648631235,369.44,369.44,369.44,369.44,369.44,0,0
1648631240,369.44,369.44,369.44,369.44,369.44,0,0
1648631245,369.44,369.44,369.44,369.44,369.44,0,0
1648631250,369.44,369.44,369.44,369.44,369.44,0,0
1648631255,369.44,369.44,369.44,369.44,369.44,0,0
1648631260,369.44,369.44,369.44,369.44,369.44,0,0
1648631265,369.44,369.44,369.44,369.44,369.44,0,0
1648631270,369.44,369.44,369.44,369.44,369.44,0,0
1648631275,369.44,369.44,369.44,369.44,369.44,0,0
1648631280,369.44,369.44,369.44,369.44,369.44,0,0
1648631285,369.44,369.44,369.44,369.44,369.44,0,0
1648631290,369.44,369.44,369.44,369.44,369.44,0,0
1648631295,369.44,369.44,369.44,369.44,369.44,0,0
1648631300,369.44,369.44,369.44,369.44,369.44,0,0
1648631305,369.44,369.44,369.44,369.44,369.44,0,0
1648631310,369.44,369.44,369.44,369.44,369.44,0,0
1648631315,369.44,369.44,369.44,369.44,369.44,0,0
1648631320,369.44,369.44,369.44,369.44,369.44,0,0
1648631325,369.44,369.44,369.44,369.44,369.44,0,0
1648631330,369.44,369.44,369.44,369.44,369.44,0,0
1648631335,369.44,369.44,369.44,369.44,369.44,0,0
1648631340,369.44,369.44,369.44,369.44,369.44,0,0
1648631345,369.44,369.44,369.44,369.44,369.44,0,0
1648631350,369.44,369.44,369.44,369.44,369.44,0,0
1648631355,369.44,369.44,369.44,369.44,369.44,0,0
1648631360,369.44,369.44,369.44,369.44,369.44,0,0
1648631365,369.44,369.44,369.44,369.44,369.44,0,0
1648631370,369.44,369.44,369.44,369.44,369.44,0,0
1648631375,369.44,369.44,369.44,369.44,369.44,0,0
1648631380,369.44,369.44,369.44,369.44,369.44,0,0
1648631385,369.44,369.44,369.44,369.44,369.44,0,0
1648631390,369.44,369.44,369.44,369.44,369.44,0,0
1648631395,369.44,369.44,369.44,369.44,369.44,0,0
1648631400,369.44,369.44,369.44,369.44,369.44,0,0
1648631405,369.44,369.44,369.44,369.44,369.44,0,0
1648631410,369.44,369.44,369.44,369.44,369.44,0,0
1648631415,369.44,369.44,369.44,369.44,369.44,0,0
1648631420,369.35,369.35,369.35,369.35,369.35,3,1
1648631425,369.35,369.35,369.35,369.35,369.35,0,0
1648631430,369.35,369.35,369.35,369.35,369.35,2,1
1648631435,369.35,369.35,369.35,369.35,369.35,0,0
1648631440,369.35,369.35,369.35,369.35,369.35,0,0
1648631445,369.35,369.35,369.35,369.35,369.35,0,0
1648631450,369.35,369.35,369.35,369.35,369.35,0,0
1648631455,369.35,369.35,369.35,369.35,369.35,0,0
1648631460,369.35,369.35,369.35,369.35,369.35,0,0
1648631465,369.35,369.35,369.35,369.35,369.35,0,0
1648631470,369.35,369.35,369.35,369.35,369.35,0,0
1648631475,369.35,369.35,369.35,369.35,369.35,0,0
1648631480,369.35,369.35,369.35,369.35,369.35,0,0
1648631485,369.34,369.34,369.34,369.34,369.34,1,1
1648631490,369.34,369.34,369.34,369.34,369.34,0,0
1648631495,369.34,369.34,369.34,369.34,369.34,0,0
1648631500,369.34,369.34,369.34,369.34,369.34,0,0
1648631505,369.34,369.34,369.34,369.34,369.34,0,0
1648631510,369.34,369.34,369.34,369.34,369.34,0,0
1648631515,369.34,369.34,369.34,369.34,369.34,0,0
1648631520,369.34,369.34,369.34,369.34,369.34,0,0
1648631525,369.34,369.34,369.34,369.34,369.34,0,0
1648631530,369.34,369.34,369.34,369.34,369.34,0,0
1648631535,369.34,369.34,369.34,369.34,369.34,0,0
1648631540,369.34,369.34,369.34,369.34,369.34,0,0
1648631545,369.34,369.34,369.34,369.34,369.34,0,0
1648631550,369.34,369.34,369.34,369.34,369.34,0,0
1648631555,369.34,369.34,369.34,369.34,369.34,0,0
1648631560,369.34,369.34,369.34,369.34,369.34,0,0
1648631565,369.34,369.34,369.34,369.34,369.34,0,0
1648631570,369.34,369.34,369.34,369.34,369.34,0,0
1648631575,369.34,369.34,369.34,369.34,369.34,0,0
1648631580,369.34,369.34,369.34,369.34,369.34,0,0
1648631585,369.34,369.34,369.34,369.34,369.34,0,0
1648631590,369.34,369.34,369.34,369.34,369.34,0,0
1648631595,369.34,369.34,369.34,369.34,369.34,0,0
1648631600,369.36,369.36,369.36,369.36,369.36,17,3
1648631605,369.36,369.36,369.36,369.36,369.36,0,0
1648631610,369.36,369.36,369.36,369.36,369.36,0,0
1648631615,369.36,369.36,369.36,369.36,369.36,0,0
1648631620,369.36,369.36,369.36,369.36,369.36,0,0
1648631625,369.36,369.36,369.36,369.36,369.36,0,0
1648631630,369.36,369.36,369.36,369.36,369.36,0,0
1648631635,369.36,369.36,369.36,369.36,369.36,0,0
1648631640,369.36,369.36,369.36,369.36,369.36,0,0
1648631645,369.36,369.36,369.36,369.36,369.36,0,0
1648631650,369.36,369.36,369.36,369.36,369.36,0,0
1648631655,369.36,369.36,369.36,369.36,369.36,0,0
1648631660,369.36,369.36,369.36,369.36,369.36,0,0
1648631665,369.36,369.36,369.36,369.36,369.36,0,0
1648631670,369.36,369.36,369.36,369.36,369.36,0,0
1648631675,369.36,369.36,369.36,369.36,369.36,0,0
1648631680,369.36,369.36,369.36,369.36,369.36,0,0
1648631685,369.36,369.36,369.36,369.36,369.36,0,0
1648631690,369.36,369.36,369.36,369.36,369.36,0,0
1648631695,369.36,369.36,369.36,369.36,369.36,0,0
1648631700,369.36,369.36,369.36,369.36,369.36,0,0
1648631705,369.36,369.36,369.36,369.36,369.36,0,0
1648631710,369.37,369.37,369.37,369.37,369.37,1,1
1648631715,369.37,369.37,369.37,369.37,369.37,0,0
1648631720,369.37,369.37,369.37,369.37,369.37,0,0
1648631725,369.37,369.37,369.37,369.37,369.37,0,0
1648631730,369.37,369.37,369.37,369.37,369.37,0,0
1648631735,369.37,369.37,369.37,369.37,369.37,0,0
1648631740,369.37,369.37,369.37,369.37,369.37,0,0
1648631745,369.37,369.37,369.37,369.37,369.37,0,0
1648631750,369.37,369.37,369.37,369.37,369.37,0,0
1648631755,369.37,369.37,369.37,369.37,369.37,0,0
1648631760,369.37,369.37,369.37,369.37,369.37,0,0
1648631765,369.37,369.37,369.37,369.37,369.37,0,0
1648631770,369.37,369.37,369.37,369.37,369.37,0,0
1648631775,369.37,369.37,369.37,369.37,369.37,0,0
1648631780,369.37,369.37,369.37,369.37,369.37,0,0
1648631785,369.37,369.37,369.37,369.37,369.37,0,0
1648631790,369.37,369.37,369.37,369.37,369.37,0,0
1648631795,369.37,369.37,369.37,369.37,369.37,0,0
1648631800,369.36,369.36,369.36,369.36,369.36,28,5
1648631805,369.36,369.36,369.36,369.36,369.36,0,0
1648631810,369.4,369.4,369.4,369.4,369.4,27,5
1648631815,369.4,369.4,369.4,369.4,369.4,0,0
1648631820,369.4,369.4,369.4,369.4,369.4,0,0
1648631825,369.4,369.4,369.4,369.4,369.4,0,0
1648631830,369.4,369.4,369.4,369.4,369.4,0,0
1648631835,369.4,369.4,369.4,369.4,369.4,0,0
1648631840,369.4,369.4,369.4,369.4,369.4,0,0
1648631845,369.4,369.4,369.4,369.4,369.4,0,0
1648631850,369.4,369.4,369.4,369.4,369.4,0,0
1648631855,369.4,369.4,369.4,369.4,369.4,0,0
1648631860,369.4,369.4,369.4,369.4,369.4,0,0
1648631865,369.4,369.4,369.4,369.4,369.4,0,0
1648631870,369.4,369.4,369.4,369.4,369.4,0,0
1648631875,369.4,369.4,369.4,369.4,369.4,0,0
1648631880,369.4,369.4,369.4,369.4,369.4,0,0
1648631885,369.4,369.4,369.4,369.4,369.4,0,0
1648631890,369.4,369.4,369.4,369.4,369.4,0,0
1648631895,369.4,369.4,369.4,369.4,369.4,0,0
1648631900,369.4,369.4,369.4,369.4,369.4,0,0
1648631905,369.4,369.4,369.4,369.4,369.4,0,0
1648631910,369.4,369.4,369.4,369.4,369.4,0,0
1648631915,369.4,369.4,369.4,369.4,369.4,0,0
1648631920,369.4,369.4,369.4,369.4,369.4,0,0
1648631925,369.48,369.48,369.48,369.48,369.48,1,1
1648631930,369.48,369.48,369.48,369.48,369.48,0,0
1648631935,369.48,369.48,369.48,369.48,369.48,0,0
1648631940,369.48,369.48,369.48,369.48,369.48,0,0
1648631945,369.47,369.47,369.47,369.47,369.47,2,2
1648631950,369.47,369.47,369.47,369.47,369.47,0,0
1648631955,369.47,369.47,369.47,369.47,369.47,0,0
1648631960,369.47,369.47,369.47,369.47,369.47,0,0
1648631965,369.47,369.47,369.47,369.47,369.47,0,0
1648631970,369.47,369.47,369.47,369.47,369.47,0,0
1648631975,369.47,369.47,369.47,369.47,369.47,0,0
1648631980,369.47,369.47,369.47,369.47,369.47,0,0
1648631985,369.47,369.47,369.47,369.47,369.47,0,0
1648631990,369.47,369.47,369.47,369.47,369.47,0,0
1648631995,369.47,369.47,369.47,369.47,369.47,0,0
1648632000,369.47,369.47,369.47,369.47,369.47,0,0
1648632005,369.47,369.47,369.47,369.47,369.47,0,0
1648632010,369.47,369.47,369.47,369.47,369.47,0,0
1648632015,369.47,369.47,369.47,369.47,369.47,0,0
1648632020,369.47,369.47,369.47,369.47,369.47,0,0
1648632025,369.47,369.47,369.47,369.47,369.47,0,0
1648632030,369.47,369.47,369.47,369.47,369.47,0,0
1648632035,369.47,369.47,369.47,369.47,369.47,0,0
1648632040,369.47,369.47,369.47,369.47,369.47,0,0
1648632045,369.47,369.47,369.47,369.47,369.47,0,0
1648632050,369.47,369.47,369.47,369.47,369.47,0,0
1648632055,369.47,369.47,369.47,369.47,369.47,0,0
1648632060,369.63,369.63,369.63,369.63,369.63,5,2
1648632065,369.63,369.63,369.63,369.63,369.63,0,0
1648632070,369.63,369.63,369.63,369.63,369.63,1,1
1648632075,369.63,369.63,369.63,369.63,369.63,2,2
1648632080,369.64,369.64,369.64,369.64,369.64,3,3
1648632085,369.64,369.64,369.64,369.64,369.64,0,0
1648632090,369.61,369.61,369.61,369.61,369.61,1,1
1648632095,369.61,369.61,369.61,369.61,369.61,3,1
1648632100,369.61,369.61,369.61,369.61,369.61,0,0
1648632105,369.61,369.61,369.61,369.61,369.61,0,0
1648632110,369.61,369.61,369.61,369.61,369.61,0,0
1648632115,369.61,369.61,369.61,369.61,369.61,0,0
1648632120,369.61,369.61,369.61,369.61,369.61,0,0
1648632125,369.61,369.61,369.61,369.61,369.61,0,0
1648632130,369.61,369.61,369.61,369.61,369.61,0,0
1648632135,369.61,369.61,369.61,369.61,369.61,0,0
1648632140,369.61,369.61,369.61,369.61,369.61,0,0
1648632145,369.61,369.61,369.61,369.61,369.61,0,0
1648632150,369.61,369.61,369.61,369.61,369.61,0,0
1648632155,369.61,369.61,369.61,369.61,369.61,0,0
1648632160,369.61,369.61,369.61,369.61,369.61,0,0
1648632165,369.61,369.61,369.61,369.61,369.61,0,0
1648632170,369.61,369.61,369.61,369.61,369.61,0,0
1648632175,369.61,369.61,369.61,369.61,369.61,0,0
1648632180,369.61,369.61,369.61,369.61,369.61,0,0
1648632185,369.61,369.61,369.61,369.61,369.61,0,0
1648632190,369.61,369.63,369.61,369.63,369.62,2,2
1648632195,369.63,369.63,369.63,369.63,369.63,0,0
1648632200,369.63,369.63,369.63,369.63,369.63,0,0
1648632205,369.63,369.63,369.63,369.63,369.63,0,0
1648632210,369.57,369.57,369.57,369.57,369.57,1,1
1648632215,369.57,369.57,369.57,369.57,369.57,0,0
1648632220,369.57,369.57,369.57,369.57,369.57,0,0
1648632225,369.57,369.57,369.57,369.57,369.57,0,0
1648632230,369.57,369.57,369.57,369.57,369.57,0,0
1648632235,369.57,369.57,369.57,369.57,369.57,0,0
1648632240,369.57,369.57,369.57,369.57,369.57,0,0
1648632245,369.57,369.57,369.57,369.57,369.57,0,0
1648632250,369.57,369.57,369.57,369.57,369.57,0,0
1648632255,369.57,369.57,369.57,369.57,369.57,0,0
1648632260,369.57,369.57,369.57,369.57,369.57,0,0
1648632265,369.57,369.57,369.57,369.57,369.57,0,0
1648632270,369.57,369.57,369.57,369.57,369.57,0,0
1648632275,369.57,369.57,369.57,369.57,369.57,0,0
1648632280,369.57,369.57,369.57,369.57,369.57,0,0
1648632285,369.57,369.57,369.57,369.57,369.57,0,0
1648632290,369.57,369.57,369.57,369.57,369.57,0,0
1648632295,369.57,369.57,369.57,369.57,369.57,0,0
1648632300,369.57,369.57,369.57,369.57,369.57,0,0
1648632305,369.57,369.57,369.57,369.57,369.57,0,0
1648632310,369.62,369.62,369.62,369.62,369.62,1,1
1648632315,369.62,369.62,369.62,369.62,369.62,0,0
1648632320,369.62,369.62,369.62,369.62,369.62,0,0
1648632325,369.62,369.62,369.62,369.62,369.62,0,0
1648632330,369.53,369.53,369.53,369.53,369.53,2,1
1648632335,369.53,369.53,369.53,369.53,369.53,0,0
1648632340,369.53,369.53,369.53,369.53,369.53,0,0
1648632345,369.53,369.53,369.53,369.53,369.53,0,0
1648632350,369.52,369.52,369.52,369.52,369.52,1,1
1648632355,369.54,369.54,369.54,369.54,369.54,1,1
1648632360,369.54,369.54,369.54,369.54,369.54,0,0
1648632365,369.54,369.54,369.54,369.54,369.54,0,0
1648632370,369.55,369.55,369.55,369.55,369.55,7,2
1648632375,369.53,369.53,369.53,369.53,369.53,1,1
1648632380,369.53,369.53,369.53,369.53,369.53,0,0
1648632385,369.53,369.53,369.53,369.53,369.53,0,0
1648632390,369.53,369.53,369.53,369.53,369.53,0,0
1648632395,369.53,369.53,369.53,369.53,369.53,0,0
1648632400,369.53,369.53,369.53,369.53,369.53,0,0
1648632405,369.53,369.53,369.53,369.53,369.53,0,0
1648632410,369.53,369.53,369.53,369.53,369.53,0,0
1648632415,369.53,369.53,369.53,369.53,369.53,0,0
1648632420,369.53,369.53,369.53,369.53,369.53,0,0
1648632425,369.53,369.53,369.53,369.53,369.53,0,0
1648632430,369.53,369.53,369.53,369.53,369.53,0,0
1648632435,369.53,369.53,369.53,369.53,369.53,0,0
1648632440,369.53,369.53,369.53,369.53,369.53,0,0
1648632445,369.53,369.53,369.53,369.53,369.53,0,0
1648632450,369.54,369.54,369.54,369.54,369.54,1,1
1648632455,369.54,369.54,369.54,369.54,369.54,0,0
1648632460,369.54,369.54,369.54,369.54,369.54,0,0
1648632465,369.54,369.54,369.54,369.54,369.54,0,0
1648632470,369.54,369.54,369.54,369.54,369.54,0,0
1648632475,369.54,369.54,369.54,369.54,369.54,0,0
1648632480,369.54,369.54,369.54,369.54,369.54,0,0
1648632485,369.54,369.54,369.54,369.54,369.54,0,0
1648632490,369.54,369.54,369.54,369.54,369.54,0,0
1648632495,369.54,369.54,369.54,369.54,369.54,0,0
1648632500,369.54,369.54,369.54,369.54,369.54,0,0
1648632505,369.54,369.54,369.54,369.54,369.54,0,0
1648632510,369.54,369.54,369.54,369.54,369.54,0,0
1648632515,369.54,369.54,369.54,369.54,369.54,0,0
1648632520,369.53,369.53,369.53,369.53,369.53,1,1
1648632525,369.53,369.53,369.53,369.53,369.53,0,0
1648632530,369.53,369.53,369.53,369.53,369.53,0,0
1648632535,369.53,369.53,369.53,369.53,369.53,0,0
1648632540,369.53,369.53,369.53,369.53,369.53,0,0
1648632545,369.53,369.53,369.53,369.53,369.53,0,0
1648632550,369.53,369.53,369.53,369.53,369.53,0,0
1648632555,369.53,369.53,369.53,369.53,369.53,0,0
1648632560,369.53,369.53,369.53,369.53,369.53,0,0
1648632565,369.53,369.53,369.53,369.53,369.53,0,0
1648632570,369.53,369.53,369.53,369.53,369.53,0,0
1648632575,369.53,369.53,369.53,369.53,369.53,0,0
1648632580,369.53,369.53,369.53,369.53,369.53,0,0
1648632585,369.39,369.39,369.39,369.39,369.39,1,1
1648632590,369.39,369.39,369.39,369.39,369.39,0,0
1648632595,369.39,369.39,369.39,369.39,369.39,0,0
1648632600,369.39,369.39,369.39,369.39,369.39,0,0
1648632605,369.39,369.39,369.39,369.39,369.39,0,0
1648632610,369.39,369.39,369.39,369.39,369.39,0,0
1648632615,369.39,369.39,369.39,369.39,369.39,0,0
1648632620,369.44,369.44,369.44,369.44,369.44,3,1
1648632625,369.44,369.44,369.44,369.44,369.44,0,0
1648632630,369.44,369.44,369.44,369.44,369.44,0,0
1648632635,369.44,369.44,369.44,369.44,369.44,0,0
1648632640,369.44,369.44,369.44,369.44,369.44,0,0
1648632645,369.5,369.5,369.5,369.5,369.5,2,1
1648632650,369.5,369.5,369.5,369.5,369.5,0,0
1648632655,369.5,369.5,369.5,369.5,369.5,0,0
1648632660,369.5,369.5,369.5,369.5,369.5,0,0
1648632665,369.5,369.5,369.5,369.5,369.5,0,0
1648632670,369.5,369.5,369.5,369.5,369.5,0,0
1648632675,369.5,369.5,369.5,369.5,369.5,0,0
1648632680,369.5,369.5,369.5,369.5,369.5,0,0
1648632685,369.5,369.5,369.5,369.5,369.5,0,0
1648632690,369.5,369.5,369.5,369.5,369.5,0,0
1648632695,369.5,369.5,369.5,369.5,369.5,0,0
1648632700,369.5,369.5,369.5,369.5,369.5,0,0
1648632705,369.5,369.5,369.5,369.5,369.5,0,0
1648632710,369.5,369.5,369.5,369.5,369.5,0,0
1648632715,369.5,369.5,369.5,369.5,369.5,0,0
1648632720,369.5,369.5,369.5,369.5,369.5,0,0
1648632725,369.5,369.5,369.5,369.5,369.5,0,0
1648632730,369.53,369.53,369.53,369.53,369.53,1,1
1648632735,369.53,369.53,369.53,369.53,369.53,0,0
1648632740,369.53,369.53,369.53,369.53,369.53,0,0
1648632745,369.53,369.53,369.53,369.53,369.53,0,0
1648632750,369.53,369.53,369.53,369.53,369.53,0,0
1648632755,369.53,369.53,369.53,369.53,369.53,0,0
1648632760,369.53,369.53,369.53,369.53,369.53,0,0
1648632765,369.53,369.53,369.53,369.53,369.53,0,0
1648632770,369.53,369.53,369.53,369.53,369.53,0,0
1648632775,369.53,369.53,369.53,369.53,369.53,0,0
1648632780,369.53,369.53,369.53,369.53,369.53,0,0
1648632785,369.53,369.53,369.53,369.53,369.53,0,0
1648632790,369.53,369.53,369.53,369.53,369.53,0,0
1648632795,369.53,369.53,369.53,369.53,369.53,0,0
1648632800,369.53,369.53,369.53,369.53,369.53,0,0
1648632805,369.53,369.53,369.53,369.53,369.53,0,0
1648632810,369.53,369.53,369.53,369.53,369.53,0,0
1648632815,369.53,369.53,369.53,369.53,369.53,0,0
1648632820,369.53,369.53,369.53,369.53,369.53,0,0
1648632825,369.53,369.53,369.53,369.53,369.53,0,0
1648632830,369.53,369.53,369.53,369.53,369.53,0,0
1648632835,369.53,369.53,369.53,369.53,369.53,0,0
1648632840,369.53,369.53,369.53,369.53,369.53,0,0
1648632845,369.53,369.53,369.53,369.53,369.53,0,0
1648632850,369.53,369.53,369.53,369.53,369.53,0,0
1648632855,369.53,369.53,369.53,369.53,369.53,0,0
1648632860,369.53,369.53,369.53,369.53,369.53,0,0
1648632865,369.53,369.53,369.53,369.53,369.53,0,0
1648632870,369.53,369.53,369.53,369.53,369.53,0,0
1648632875,369.53,369.53,369.53,369.53,369.53,0,0
1648632880,369.53,369.53,369.53,369.53,369.53,0,0
1648632885,369.53,369.53,369.53,369.53,369.53,0,0
1648632890,369.53,369.53,369.53,369.53,369.53,0,0
1648632895,369.53,369.53,369.53,369.53,369.53,0,0
1648632900,369.53,369.53,369.53,369.53,369.53,0,0
1648632905,369.53,369.53,369.53,369.53,369.53,0,0
1648632910,369.53,369.53,369.53,369.53,369.53,0,0
1648632915,369.53,369.53,369.53,369.53,369.53,0,0
1648632920,369.53,369.53,369.53,369.53,369.53,0,0
1648632925,369.53,369.53,369.53,369.53,369.53,0,0
1648632930,369.53,369.53,369.53,369.53,369.53,0,0
1648632935,369.53,369.53,369.53,369.53,369.53,0,0
1648632940,369.53,369.53,369.53,369.53,369.53,0,0
1648632945,369.53,369.53,369.53,369.53,369.53,0,0
1648632950,369.53,369.53,369.53,369.53,369.53,0,0
1648632955,369.53,369.53,369.53,369.53,369.53,0,0
1648632960,369.53,369.53,369.53,369.53,369.53,0,0
1648632965,369.53,369.53,369.53,369.53,369.53,0,0
1648632970,369.53,369.53,369.53,369.53,369.53,0,0
1648632975,369.53,369.53,369.53,369.53,369.53,0,0
1648632980,369.53,369.53,369.53,369.53,369.53,0,0
1648632985,369.35,369.35,369.35,369.35,369.35,1,1
1648632990,369.35,369.35,369.35,369.35,369.35,0,0
1648632995,369.35,369.35,369.35,369.35,369.35,0,0
1648633000,369.35,369.35,369.35,369.35,369.35,0,0
1648633005,369.35,369.35,369.35,369.35,369.35,0,0
1648633010,369.35,369.35,369.35,369.35,369.35,0,0
1648633015,369.35,369.35,369.35,369.35,369.35,0,0
1648633020,369.35,369.35,369.35,369.35,369.35,0,0
1648633025,369.41,369.41,369.41,369.41,369.41,9,3
1648633030,369.41,369.41,369.41,369.41,369.41,0,0
1648633035,369.41,369.41,369.41,369.41,369.41,0,0
1648633040,369.41,369.41,369.41,369.41,369.41,0,0
1648633045,369.41,369.41,369.41,369.41,369.41,0,0
1648633050,369.41,369.41,369.41,369.41,369.41,0,0
1648633055,369.41,369.41,369.41,369.41,369.41,0,0
1648633060,369.41,369.41,369.41,369.41,369.41,0,0
1648633065,369.41,369.41,369.41,369.41,369.41,0,0
1648633070,369.41,369.41,369.41,369.41,369.41,0,0
1648633075,369.41,369.41,369.41,369.41,369.41,0,0
1648633080,369.42,369.42,369.42,369.42,369.42,2,1
1648633085,369.42,369.42,369.42,369.42,369.42,0,0
1648633090,369.42,369.42,369.42,369.42,369.42,0,0
1648633095,369.42,369.42,369.42,369.42,369.42,0,0
1648633100,369.42,369.42,369.42,369.42,369.42,0,0
1648633105,369.42,369.42,369.42,369.42,369.42,0,0
1648633110,369.42,369.42,369.42,369.42,369.42,0,0
1648633115,369.42,369.42,369.42,369.42,369.42,0,0
1648633120,369.42,369.42,369.42,369.42,369.42,0,0
1648633125,369.42,369.42,369.42,369.42,369.42,0,0
1648633130,369.42,369.42,369.42,369.42,369.42,0,0
1648633135,369.42,369.42,369.42,369.42,369.42,0,0
1648633140,369.42,369.42,369.42,369.42,369.42,0,0
1648633145,369.42,369.42,369.42,369.42,369.42,0,0
1648633150,369.42,369.42,369.42,369.42,369.42,0,0
1648633155,369.42,369.42,369.42,369.42,369.42,0,0
1648633160,369.42,369.42,369.42,369.42,369.42,0,0
1648633165,369.42,369.42,369.42,369.42,369.42,0,0
1648633170,369.42,369.42,369.42,369.42,369.42,0,0
1648633175,369.51,369.51,369.51,369.51,369.51,5,1
1648633180,369.51,369.51,369.51,369.51,369.51,0,0
1648633185,369.51,369.51,369.51,369.51,369.51,0,0
1648633190,369.51,369.51,369.51,369.51,369.51,0,0
1648633195,369.51,369.51,369.51,369.51,369.51,0,0
1648633200,369.51,369.51,369.51,369.51,369.51,0,0
1648633205,369.51,369.51,369.51,369.51,369.51,0,0
1648633210,369.51,369.51,369.51,369.51,369.51,0,0
1648633215,369.51,369.51,369.51,369.51,369.51,0,0
1648633220,369.51,369.51,369.51,369.51,369.51,0,0
1648633225,369.51,369.51,369.51,369.51,369.51,0,0
1648633230,369.51,369.51,369.51,369.51,369.51,0,0
1648633235,369.51,369.51,369.51,369.51,369.51,0,0
1648633240,369.51,369.51,369.51,369.51,369.51,0,0
1648633245,369.51,369.51,369.51,369.51,369.51,0,0
1648633250,369.51,369.51,369.51,369.51,369.51,0,0
1648633255,369.51,369.51,369.51,369.51,369.51,0,0
1648633260,369.51,369.51,369.51,369.51,369.51,0,0
1648633265,369.51,369.51,369.51,369.51,369.51,0,0
1648633270,369.51,369.51,369.51,369.51,369.51,0,0
1648633275,369.51,369.51,369.51,369.51,369.51,0,0
1648633280,369.51,369.51,369.51,369.51,369.51,0,0
1648633285,369.51,369.51,369.51,369.51,369.51,0,0
1648633290,369.51,369.51,369.51,369.51,369.51,0,0
1648633295,369.56,369.56,369.56,369.56,369.56,2,1
1648633300,369.56,369.56,369.56,369.56,369.56,0,0
1648633305,369.56,369.56,369.56,369.56,369.56,0,0
1648633310,369.56,369.56,369.56,369.56,369.56,0,0
1648633315,369.56,369.56,369.56,369.56,369.56,0,0
1648633320,369.56,369.56,369.56,369.56,369.56,0,0
1648633325,369.56,369.56,369.56,369.56,369.56,0,0
1648633330,369.56,369.56,369.56,369.56,369.56,0,0
1648633335,369.56,369.56,369.56,369.56,369.56,0,0
1648633340,369.56,369.56,369.56,369.56,369.56,0,0
1648633345,369.56,369.56,369.56,369.56,369.56,0,0
1648633350,369.56,369.56,369.56,369.56,369.56,0,0
1648633355,369.56,369.56,369.56,369.56,369.56,0,0
1648633360,369.56,369.56,369.56,369.56,369.56,0,0
1648633365,369.56,369.56,369.56,369.56,369.56,0,0
1648633370,369.56,369.56,369.56,369.56,369.56,0,0
1648633375,369.56,369.56,369.56,369.56,369.56,0,0
1648633380,369.56,369.56,369.56,369.56,369.56,0,0
1648633385,369.59,369.59,369.59,369.59,369.59,2,1
1648633390,369.59,369.59,369.59,369.59,369.59,0,0
1648633395,369.6,369.6,369.6,369.6,369.6,1,1
1648633400,369.6,369.6,369.6,369.6,369.6,0,0
1648633405,369.6,369.6,369.6,369.6,369.6,0,0
1648633410,369.6,369.6,369.6,369.6,369.6,0,0
1648633415,369.6,369.6,369.6,369.6,369.6,0,0
1648633420,369.6,369.6,369.6,369.6,369.6,0,0
1648633425,369.6,369.6,369.6,369.6,369.6,0,0
1648633430,369.64,369.64,369.64,369.64,369.64,6,1
1648633435,369.64,369.64,369.64,369.64,369.64,0,0
1648633440,369.64,369.64,369.64,369.64,369.64,0,0
1648633445,369.64,369.64,369.64,369.64,369.64,0,0
1648633450,369.64,369.64,369.64,369.64,369.64,0,0
1648633455,369.64,369.64,369.64,369.64,369.64,0,0
1648633460,369.64,369.64,369.64,369.64,369.64,0,0
1648633465,369.64,369.64,369.64,369.64,369.64,0,0
1648633470,369.64,369.64,369.64,369.64,369.64,0,0
1648633475,369.65,369.65,369.65,369.65,369.65,1,1
1648633480,369.65,369.65,369.65,369.65,369.65,0,0
1648633485,369.65,369.65,369.65,369.65,369.65,0,0
1648633490,369.65,369.65,369.65,369.65,369.65,0,0
1648633495,369.65,369.65,369.65,369.65,369.65,0,0
1648633500,369.65,369.65,369.65,369.65,369.65,0,0
1648633505,369.65,369.65,369.65,369.65,369.65,0,0
1648633510,369.65,369.65,369.65,369.65,369.65,0,0
1648633515,369.65,369.65,369.65,369.65,369.65,0,0
1648633520,369.65,369.65,369.65,369.65,369.65,0,0
1648633525,369.65,369.65,369.65,369.65,369.65,0,0
1648633530,369.65,369.65,369.65,369.65,369.65,0,0
1648633535,369.65,369.65,369.65,369.65,369.65,0,0
1648633540,369.64,369.64,369.64,369.64,369.64,7,1
1648633545,369.64,369.64,369.64,369.64,369.64,0,0
1648633550,369.64,369.64,369.64,369.64,369.64,0,0
1648633555,369.64,369.64,369.64,369.64,369.64,0,0
1648633560,369.64,369.64,369.64,369.64,369.64,0,0
1648633565,369.64,369.64,369.64,369.64,369.64,0,0
1648633570,369.64,369.64,369.64,369.64,369.64,0,0
1648633575,369.64,369.64,369.64,369.64,369.64,0,0
1648633580,369.64,369.64,369.64,369.64,369.64,0,0
1648633585,369.64,369.64,369.64,369.64,369.64,0,0
1648633590,369.64,369.64,369.64,369.64,369.64,0,0
1648633595,369.64,369.64,369.64,369.64,369.64,0,0
1648633600,369.64,369.64,369.64,369.64,369.64,0,0
1648633605,369.64,369.64,369.64,369.64,369.64,0,0
1648633610,369.64,369.64,369.64,369.64,369.64,0,0
1648633615,369.64,369.64,369.64,369.64,369.64,0,0
1648633620,369.64,369.64,369.64,369.64,369.64,0,0
1648633625,369.64,369.64,369.64,369.64,369.64,0,0
1648633630,369.64,369.64,369.64,369.64,369.64,0,0
1648633635,369.64,369.64,369.64,369.64,369.64,0,0
1648633640,369.64,369.64,369.64,369.64,369.64,0,0
1648633645,369.64,369.64,369.64,369.64,369.64,0,0
1648633650,369.64,369.64,369.64,369.64,369.64,0,0
1648633655,369.64,369.64,369.64,369.64,369.64,0,0
1648633660,369.64,369.64,369.64,369.64,369.64,0,0
1648633665,369.64,369.64,369.64,369.64,369.64,0,0
1648633670,369.64,369.64,369.64,369.64,369.64,0,0
1648633675,369.64,369.64,369.64,369.64,369.64,0,0
1648633680,369.64,369.64,369.64,369.64,369.64,0,0
1648633685,369.64,369.64,369.64,369.64,369.64,0,0
1648633690,369.63,369.63,369.61,369.61,369.621,22,8
1648633695,369.61,369.61,369.61,369.61,369.61,0,0
1648633700,369.61,369.61,369.61,369.61,369.61,0,0
1648633705,369.61,369.61,369.61,369.61,369.61,0,0
1648633710,369.61,369.61,369.61,369.61,369.61,0,0
1648633715,369.61,369.61,369.61,369.61,369.61,0,0
1648633720,369.61,369.61,369.61,369.61,369.61,0,0
1648633725,369.61,369.61,369.61,369.61,369.61,0,0
1648633730,369.61,369.61,369.61,369.61,369.61,0,0
1648633735,369.61,369.61,369.61,369.61,369.61,0,0
1648633740,369.61,369.61,369.61,369.61,369.61,0,0
1648633745,369.61,369.61,369.61,369.61,369.61,0,0
1648633750,369.61,369.61,369.61,369.61,369.61,0,0
1648633755,369.61,369.61,369.61,369.61,369.61,0,0
1648633760,369.61,369.61,369.61,369.61,369.61,0,0
1648633765,369.61,369.61,369.61,369.61,369.61,0,0
1648633770,369.61,369.61,369.61,369.61,369.61,0,0
1648633775,369.61,369.61,369.61,369.61,369.61,0,0
1648633780,369.61,369.61,369.61,369.61,369.61,0,0
1648633785,369.61,369.61,369.61,369.61,369.61,0,0
1648633790,369.61,369.61,369.61,369.61,369.61,0,0
1648633795,369.61,369.61,369.61,369.61,369.61,0,0
1648633800,369.61,369.61,369.61,369.61,369.61,0,0
1648633805,369.61,369.61,369.61,369.61,369.61,0,0
1648633810,369.61,369.61,369.61,369.61,369.61,0,0
1648633815,369.61,369.61,369.61,369.61,369.61,0,0
1648633820,369.61,369.61,369.61,369.61,369.61,0,0
1648633825,369.61,369.61,369.61,369.61,369.61,0,0
1648633830,369.61,369.61,369.61,369.61,369.61,0,0
1648633835,369.61,369.61,369.61,369.61,369.61,0,0
1648633840,369.61,369.61,369.61,369.61,369.61,0,0
1648633845,369.6,369.6,369.6,369.6,369.6,1,1
1648633850,369.6,369.6,369.6,369.6,369.6,0,0
1648633855,369.6,369.6,369.6,369.6,369.6,0,0
1648633860,369.6,369.6,369.6,369.6,369.6,0,0
1648633865,369.6,369.6,369.6,369.6,369.6,0,0
1648633870,369.6,369.6,369.6,369.6,369.6,0,0
1648633875,369.6,369.6,369.6,369.6,369.6,0,0
1648633880,369.6,369.6,369.6,369.6,369.6,0,0
1648633885,369.6,369.6,369.6,369.6,369.6,0,0
1648633890,369.6,369.6,369.6,369.6,369.6,0,0
1648633895,369.6,369.6,369.6,369.6,369.6,0,0
1648633900,369.6,369.6,369.6,369.6,369.6,0,0
1648633905,369.6,369.6,369.6,369.6,369.6,0,0
1648633910,369.6,369.6,369.6,369.6,369.6,0,0
1648633915,369.6,369.6,369.6,369.6,369.6,0,0
1648633920,369.6,369.6,369.6,369.6,369.6,0,0
1648633925,369.6,369.6,369.6,369.6,369.6,0,0
1648633930,369.6,369.6,369.6,369.6,369.6,0,0
1648633935,369.6,369.6,369.6,369.6,369.6,0,0
1648633940,369.6,369.6,369.6,369.6,369.6,0,0
1648633945,369.59,369.59,369.59,369.59,369.59,1,1
1648633950,369.59,369.59,369.59,369.59,369.59,0,0
1648633955,369.59,369.59,369.59,369.59,369.59,0,0
1648633960,369.59,369.59,369.59,369.59,369.59,0,0
1648633965,369.59,369.59,369.59,369.59,369.59,0,0
1648633970,369.59,369.59,369.59,369.59,369.59,0,0
1648633975,369.59,369.59,369.59,369.59,369.59,0,0
1648633980,369.59,369.59,369.59,369.59,369.59,0,0
1648633985,369.59,369.59,369.59,369.59,369.59,0,0
1648633990,369.59,369.59,369.59,369.59,369.59,0,0
1648633995,369.59,369.59,369.59,369.59,369.59,0,0
1648634000,369.59,369.59,369.59,369.59,369.59,0,0
1648634005,369.59,369.59,369.59,369.59,369.59,0,0
1648634010,369.59,369.59,369.59,369.59,369.59,0,0
1648634015,369.59,369.59,369.59,369.59,369.59,0,0
1648634020,369.59,369.59,369.59,369.59,369.59,0,0
1648634025,369.59,369.59,369.59,369.59,369.59,0,0
1648634030,369.59,369.59,369.59,369.59,369.59,0,0
1648634035,369.59,369.59,369.59,369.59,369.59,0,0
1648634040,369.59,369.59,369.59,369.59,369.59,0,0
1648634045,369.59,369.59,369.59,369.59,369.59,0,0
1648634050,369.59,369.59,369.59,369.59,369.59,0,0
1648634055,369.59,369.59,369.59,369.59,369.59,0,0
1648634060,369.59,369.59,369.59,369.59,369.59,0,0
1648634065,369.59,369.59,369.59,369.59,369.59,0,0
1648634070,369.59,369.59,369.59,369.59,369.59,0,0
1648634075,369.59,369.59,369.59,369.59,369.59,0,0
1648634080,369.59,369.59,369.59,369.59,369.59,0,0
1648634085,369.55,369.55,369.55,369.55,369.55,2,1
1648634090,369.55,369.55,369.55,369.55,369.55,0,0
1648634095,369.55,369.55,369.55,369.55,369.55,0,0
1648634100,369.55,369.55,369.55,369.55,369.55,0,0
1648634105,369.55,369.55,369.55,369.55,369.55,0,0
1648634110,369.55,369.55,369.55,369.55,369.55,0,0
1648634115,369.55,369.55,369.55,369.55,369.55,0,0
1648634120,369.55,369.55,369.55,369.55,369.55,0,0
1648634125,369.55,369.55,369.55,369.55,369.55,0,0
1648634130,369.55,369.55,369.55,369.55,369.55,0,0
1648634135,369.55,369.55,369.55,369.55,369.55,0,0
1648634140,369.55,369.55,369.55,369.55,369.55,0,0
1648634145,369.55,369.55,369.55,369.55,369.55,0,0
1648634150,369.55,369.55,369.55,369.55,369.55,0,0
1648634155,369.55,369.55,369.55,369.55,369.55,0,0
1648634160,369.55,369.55,369.55,369.55,369.55,0,0
1648634165,369.55,369.55,369.55,369.55,369.55,0,0
1648634170,369.55,369.55,369.55,369.55,369.55,0,0
1648634175,369.55,369.55,369.55,369.55,369.55,0,0
1648634180,369.55,369.55,369.55,369.55,369.55,0,0
1648634185,369.55,369.55,369.55,369.55,369.55,0,0
1648634190,369.55,369.55,369.55,369.55,369.55,0,0
1648634195,369.55,369.55,369.55,369.55,369.55,0,0
1648634200,369.55,369.55,369.55,369.55,369.55,0,0
1648634205,369.55,369.55,369.55,369.55,369.55,0,0
1648634210,369.55,369.55,369.55,369.55,369.55,0,0
1648634215,369.55,369.55,369.55,369.55,369.55,0,0
1648634220,369.55,369.55,369.55,369.55,369.55,0,0
1648634225,369.55,369.55,369.55,369.55,369.55,0,0
1648634230,369.55,369.55,369.55,369.55,369.55,0,0
1648634235,369.55,369.55,369.55,369.55,369.55,0,0
1648634240,369.55,369.55,369.55,369.55,369.55,0,0
1648634245,369.55,369.55,369.55,369.55,369.55,0,0
1648634250,369.55,369.55,369.55,369.55,369.55,0,0
1648634255,369.55,369.55,369.55,369.55,369.55,0,0
1648634260,369.55,369.55,369.55,369.55,369.55,0,0
1648634265,369.55,369.55,369.55,369.55,369.55,0,0
1648634270,369.55,369.55,369.55,369.55,369.55,0,0
1648634275,369.55,369.55,369.55,369.55,369.55,0,0
1648634280,369.55,369.55,369.55,369.55,369.55,0,0
1648634285,369.55,369.55,369.55,369.55,369.55,0,0
1648634290,369.55,369.55,369.55,369.55,369.55,0,0
1648634295,369.55,369.55,369.55,369.55,369.55,0,0
1648634300,369.61,369.61,369.61,369.61,369.61,1,1
1648634305,369.61,369.61,369.61,369.61,369.61,0,0
1648634310,369.61,369.61,369.61,369.61,369.61,0,0
1648634315,369.61,369.61,369.61,369.61,369.61,0,0
1648634320,369.61,369.61,369.61,369.61,369.61,0,0
1648634325,369.61,369.61,369.61,369.61,369.61,0,0
1648634330,369.61,369.61,369.61,369.61,369.61,0,0
1648634335,369.61,369.61,369.61,369.61,369.61,0,0
1648634340,369.61,369.61,369.61,369.61,369.61,0,0
1648634345,369.61,369.61,369.61,369.61,369.61,0,0
1648634350,369.61,369.61,369.61,369.61,369.61,0,0
1648634355,369.61,369.61,369.61,369.61,369.61,0,0
1648634360,369.61,369.61,369.61,369.61,369.61,0,0
1648634365,369.61,369.61,369.61,369.61,369.61,0,0
1648634370,369.61,369.61,369.61,369.61,369.61,0,0
1648634375,369.61,369.61,369.61,369.61,369.61,0,0
1648634380,369.61,369.61,369.61,369.61,369.61,0,0
1648634385,369.61,369.61,369.61,369.61,369.61,0,0
1648634390,369.61,369.61,369.61,369.61,369.61,0,0
1648634395,369.61,369.61,369.61,369.61,369.61,0,0
1648634400,369.67,369.67,369.31,369.31,369.4,42,8
1648634405,369.1,369.1,369.1,369.1,369.1,1,1
1648634410,369.1,369.1,369.1,369.1,369.1,0,0
1648634415,369.1,369.1,369.1,369.1,369.1,0,0
1648634420,369.28,369.32,369.28,369.32,369.298,13,3
1648634425,369.46,369.46,369.46,369.46,369.46,2,1
1648634430,369.46,369.46,369.46,369.46,369.46,0,0
1648634435,369.46,369.46,369.46,369.46,369.46,0,0
1648634440,369.46,369.46,369.46,369.46,369.46,0,0
1648634445,369.46,369.46,369.46,369.46,369.46,0,0
1648634450,369.46,369.46,369.46,369.46,369.46,0,0
1648634455,369.36,369.36,369.36,369.36,369.36,1,1
1648634460,369.36,369.36,369.36,369.36,369.36,0,0
1648634465,369.36,369.36,369.36,369.36,369.36,0,0
1648634470,369.36,369.36,369.36,369.36,369.36,0,0
1648634475,369.36,369.36,369.36,369.36,369.36,0,0
1648634480,369.36,369.36,369.36,369.36,369.36,0,0
1648634485,369.36,369.36,369.36,369.36,369.36,0,0
1648634490,369.36,369.36,369.36,369.36,369.36,0,0
1648634495,369.36,369.36,369.36,369.36,369.36,0,0
1648634500,369.36,369.36,369.36,369.36,369.36,0,0
1648634505,369.36,369.36,369.36,369.36,369.36,0,0
1648634510,369.36,369.36,369.36,369.36,369.36,0,0
1648634515,369.36,369.36,369.36,369.36,369.36,0,0
1648634520,369.36,369.36,369.36,369.36,369.36,0,0
1648634525,369.36,369.36,369.36,369.36,369.36,0,0
1648634530,369.36,369.36,369.36,369.36,369.36,0,0
1648634535,369.36,369.36,369.36,369.36,369.36,0,0
1648634540,369.36,369.36,369.36,369.36,369.36,0,0
1648634545,369.36,369.36,369.36,369.36,369.36,0,0
1648634550,369.36,369.36,369.36,369.36,369.36,0,0
1648634555,369.52,369.52,369.52,369.52,369.52,1,1
1648634560,369.52,369.52,369.52,369.52,369.52,0,0
1648634565,369.52,369.52,369.52,369.52,369.52,0,0
1648634570,369.52,369.52,369.52,369.52,369.52,0,0
1648634575,369.52,369.52,369.52,369.52,369.52,0,0
1648634580,369.52,369.52,369.52,369.52,369.52,0,0
1648634585,369.52,369.52,369.52,369.52,369.52,0,0
1648634590,369.52,369.52,369.52,369.52,369.52,0,0
1648634595,369.52,369.52,369.52,369.52,369.52,0,0
1648634600,369.52,369.52,369.52,369.52,369.52,0,0
1648634605,369.52,369.52,369.52,369.52,369.52,0,0
1648634610,369.52,369.52,369.52,369.52,369.52,0,0
1648634615,369.52,369.52,369.52,369.52,369.52,0,0
1648634620,369.52,369.52,369.52,369.52,369.52,0,0
1648634625,369.52,369.52,369.52,369.52,369.52,0,0
1648634630,369.52,369.52,369.52,369.52,369.52,0,0
1648634635,369.52,369.52,369.52,369.52,369.52,0,0
1648634640,369.52,369.52,369.52,369.52,369.52,0,0
1648634645,369.52,369.52,369.52,369.52,369.52,0,0
1648634650,369.52,369.52,369.52,369.52,369.52,0,0
1648634655,369.52,369.52,369.52,369.52,369.52,0,0
1648634660,369.52,369.52,369.52,369.52,369.52,0,0
1648634665,369.52,369.52,369.52,369.52,369.52,0,0
1648634670,369.52,369.52,369.52,369.52,369.52,0,0
1648634675,369.52,369.52,369.52,369.52,369.52,0,0
1648634680,369.52,369.52,369.52,369.52,369.52,0,0
1648634685,369.52,369.52,369.52,369.52,369.52,0,0
1648634690,369.52,369.52,369.52,369.52,369.52,0,0
1648634695,369.52,369.52,369.52,369.52,369.52,0,0
1648634700,369.52,369.52,369.52,369.52,369.52,0,0
1648634705,369.52,369.52,369.52,369.52,369.52,0,0
1648634710,369.52,369.52,369.52,369.52,369.52,0,0
1648634715,369.52,369.52,369.52,369.52,369.52,0,0
1648634720,369.52,369.52,369.52,369.52,369.52,0,0
1648634725,369.52,369.52,369.52,369.52,369.52,0,0
1648634730,369.52,369.52,369.52,369.52,369.52,0,0
1648634735,369.52,369.52,369.52,369.52,369.52,0,0
1648634740,369.52,369.52,369.52,369.52,369.52,0,0
1648634745,369.52,369.52,369.52,369.52,369.52,0,0
1648634750,369.47,369.47,369.47,369.47,369.47,3,1
1648634755,369.47,369.47,369.47,369.47,369.47,0,0
1648634760,369.47,369.47,369.47,369.47,369.47,0,0
1648634765,369.47,369.47,369.47,369.47,369.47,0,0
1648634770,369.47,369.47,369.47,369.47,369.47,0,0
1648634775,369.47,369.47,369.47,369.47,369.47,0,0
1648634780,369.47,369.47,369.47,369.47,369.47,0,0
1648634785,369.47,369.47,369.47,369.47,369.47,0,0
1648634790,369.47,369.47,369.47,369.47,369.47,0,0
1648634795,369.47,369.47,369.47,369.47,369.47,0,0
1648634800,369.47,369.47,369.47,369.47,369.47,0,0
1648634805,369.47,369.47,369.47,369.47,369.47,0,0
1648634810,369.47,369.47,369.47,369.47,369.47,0,0
1648634815,369.47,369.47,369.47,369.47,369.47,0,0
1648634820,369.47,369.47,369.47,369.47,369.47,0,0
1648634825,369.47,369.47,369.47,369.47,369.47,0,0
1648634830,369.47,369.47,369.47,369.47,369.47,0,0
1648634835,369.47,369.47,369.47,369.47,369.47,0,0
1648634840,369.47,369.47,369.47,369.47,369.47,0,0
1648634845,369.47,369.47,369.47,369.47,369.47,0,0
1648634850,369.47,369.47,369.47,369.47,369.47,0,0
1648634855,369.47,369.47,369.47,369.47,369.47,0,0
1648634860,369.47,369.47,369.47,369.47,369.47,0,0
1648634865,369.47,369.47,369.47,369.47,369.47,0,0
1648634870,369.47,369.47,369.47,369.47,369.47,0,0
1648634875,369.47,369.47,369.47,369.47,369.47,0,0
1648634880,369.2,369.2,369.2,369.2,369.2,1,1
1648634885,369.2,369.2,369.2,369.2,369.2,0,0
1648634890,369.2,369.2,369.2,369.2,369.2,0,0
1648634895,369.2,369.2,369.2,369.2,369.2,0,0
1648634900,369.15,369.15,369.15,369.15,369.15,2,1
1648634905,369.15,369.15,369.15,369.15,369.15,0,0
1648634910,369.15,369.15,369.15,369.15,369.15,0,0
1648634915,369.15,369.15,369.15,369.15,369.15,0,0
1648634920,369.15,369.15,369.15,369.15,369.15,0,0
1648634925,369.15,369.15,369.15,369.15,369.15,0,0
1648634930,369.15,369.15,369.15,369.15,369.15,0,0
1648634935,369.15,369.15,369.15,369.15,369.15,0,0
1648634940,369.15,369.15,369.15,369.15,369.15,0,0
1648634945,369.15,369.15,369.15,369.15,369.15,0,0
1648634950,369.15,369.15,369.15,369.15,369.15,0,0
1648634955,369.15,369.15,369.15,369.15,369.15,0,0
1648634960,369.15,369.15,369.15,369.15,369.15,0,0
1648634965,369.15,369.15,369.15,369.15,369.15,0,0
1648634970,369.15,369.15,369.15,369.15,369.15,0,0
1648634975,369.15,369.15,369.15,369.15,369.15,0,0
1648634980,369.12,369.12,369.12,369.12,369.12,2,2
1648634985,369.12,369.12,369.12,369.12,369.12,1,1
1648634990,369.12,369.12,369.12,369.12,369.12,0,0
1648634995,369.12,369.12,369.12,369.12,369.12,0,0
1648635000,369.12,369.12,369.12,369.12,369.12,0,0
1648635005,369.05,369.05,369.05,369.05,369.05,5,1
1648635010,369.05,369.05,369.05,369.05,369.05,0,0
1648635015,368.99,368.99,368.99,368.99,368.99,2,1
1648635020,368.99,368.99,368.99,368.99,368.99,2,1
1648635025,369.01,369.01,369.01,369.01,369.01,5,1
1648635030,369.01,369.01,369.01,369.01,369.01,0,0
1648635035,369.01,369.01,369.01,369.01,369.01,0,0
1648635040,369.01,369.01,369.01,369.01,369.01,0,0
1648635045,369.05,369.05,369.05,369.05,369.05,1,1
1648635050,369.05,369.05,369.05,369.05,369.05,0,0
1648635055,369.05,369.05,369.05,369.05,369.05,0,0
1648635060,369.05,369.05,369.05,369.05,369.05,0,0
1648635065,369.05,369.05,369.05,369.05,369.05,0,0
1648635070,369.03,369.03,369.03,369.03,369.03,2,1
1648635075,369.03,369.03,369.03,369.03,369.03,0,0
1648635080,369.03,369.03,369.03,369.03,369.03,0,0
1648635085,369.03,369.03,369.03,369.03,369.03,0,0
1648635090,369.03,369.03,369.03,369.03,369.03,0,0
1648635095,369.03,369.03,369.03,369.03,369.03,0,0
1648635100,369.03,369.03,369.03,369.03,369.03,0,0
1648635105,369.03,369.03,369.03,369.03,369.03,0,0
1648635110,369.19,369.19,369.19,369.19,369.19,1,1
1648635115,369.18,369.18,369.18,369.18,369.18,1,1
1648635120,369.18,369.18,369.18,369.18,369.18,0,0
1648635125,369.18,369.18,369.18,369.18,369.18,0,0
1648635130,369.18,369.18,369.18,369.18,369.18,0,0
1648635135,369.18,369.18,369.18,369.18,369.18,0,0
1648635140,369.13,369.13,369.13,369.13,369.13,1,1
1648635145,369.15,369.15,369.15,369.15,369.15,1,1
1648635150,369.09,369.09,369.09,369.09,369.09,1,1
1648635155,369.09,369.09,369.09,369.09,369.09,0,0
1648635160,369.04,369.04,369.04,369.04,369.04,2,1
1648635165,369.05,369.05,369.05,369.05,369.05,2,1
1648635170,369.05,369.05,369.05,369.05,369.05,0,0
1648635175,369.05,369.05,369.05,369.05,369.05,0,0
1648635180,369.05,369.05,369.05,369.05,369.05,0,0
1648635185,369.05,369.05,369.05,369.05,369.05,0,0
1648635190,369.05,369.05,369.05,369.05,369.05,0,0
1648635195,369.02,369.02,369.02,369.02,369.02,1,1
1648635200,369.02,369.02,369.02,369.02,369.02,0,0
1648635205,369.02,369.02,369.02,369.02,369.02,0,0
1648635210,369.0,369.0,369.0,369.0,369.0,1,1
1648635215,369.0,369.0,369.0,369.0,369.0,0,0
1648635220,369.0,369.02,369.0,369.02,369.018,10,3
1648635225,369.02,369.02,369.02,369.02,369.02,0,0
1648635230,369.07,369.07,369.07,369.07,369.07,1,1
1648635235,369.07,369.07,369.07,369.07,369.07,1,1
1648635240,369.07,369.07,369.07,369.07,369.07,0,0
1648635245,369.07,369.07,369.07,369.07,369.07,0,0
1648635250,369.07,369.07,369.07,369.07,369.07,0,0
1648635255,369.07,369.07,369.07,369.07,369.07,0,0
1648635260,369.02,369.02,369.02,369.02,369.02,1,1
1648635265,369.02,369.02,369.02,369.02,369.02,0,0
1648635270,369.02,369.02,369.02,369.02,369.02,0,0
1648635275,369.02,369.02,369.02,369.02,369.02,0,0
1648635280,369.02,369.02,369.02,369.02,369.02,0,0
1648635285,369.02,369.02,369.02,369.02,369.02,0,0
1648635290,369.02,369.02,369.02,369.02,369.02,0,0
1648635295,369.02,369.02,369.02,369.02,369.02,0,0
1648635300,369.02,369.02,369.02,369.02,369.02,0,0
1648635305,369.02,369.02,369.02,369.02,369.02,0,0
1648635310,369.02,369.02,369.02,369.02,369.02,0,0
1648635315,369.02,369.02,369.02,369.02,369.02,0,0
1648635320,369.02,369.02,369.02,369.02,369.02,0,0
1648635325,369.08,369.08,369.08,369.08,369.08,5,3
1648635330,369.08,369.08,369.08,369.08,369.08,0,0
1648635335,369.08,369.08,369.08,369.08,369.08,0,0
1648635340,369.08,369.08,369.08,369.08,369.08,0,0
1648635345,369.08,369.08,369.08,369.08,369.08,0,0
1648635350,369.08,369.08,369.08,369.08,369.08,0,0
1648635355,369.06,369.06,369.06,369.06,369.06,2,1
1648635360,369.06,369.06,369.06,369.06,369.06,0,0
1648635365,369.06,369.06,369.06,369.06,369.06,0,0
1648635370,369.06,369.06,369.06,369.06,369.06,0,0
1648635375,369.06,369.06,369.06,369.06,369.06,0,0
1648635380,369.02,369.02,369.02,369.02,369.02,5,1
1648635385,369.02,369.02,369.02,369.02,369.02,0,0
1648635390,369.02,369.02,369.02,369.02,369.02,0,0
1648635395,369.02,369.02,369.02,369.02,369.02,0,0
1648635400,369.02,369.02,369.02,369.02,369.02,0,0
1648635405,369.02,369.02,369.02,369.02,369.02,0,0
1648635410,368.9,368.9,368.9,368.9,368.9,1,1
1648635415,368.87,368.87,368.87,368.87,368.87,1,1
1648635420,368.84,368.84,368.84,368.84,368.84,1,1
1648635425,368.84,368.84,368.84,368.84,368.84,0,0
1648635430,368.84,368.84,368.84,368.84,368.84,0,0
1648635435,368.89,368.89,368.89,368.89,368.89,21,3
1648635440,368.82,368.82,368.82,368.82,368.82,1,1
1648635445,368.8,368.8,368.8,368.8,368.8,2,1
1648635450,368.8,368.8,368.8,368.8,368.8,0,0
1648635455,368.8,368.8,368.8,368.8,368.8,0,0
1648635460,368.77,368.78,368.77,368.78,368.777,9,3
1648635465,368.78,368.78,368.78,368.78,368.78,0,0
1648635470,368.78,368.78,368.78,368.78,368.78,0,0
1648635475,368.78,368.78,368.78,368.78,368.78,0,0
1648635480,368.78,368.78,368.78,368.78,368.78,0,0
1648635485,368.78,368.78,368.78,368.78,368.78,0,0
1648635490,368.78,368.78,368.78,368.78,368.78,0,0
1648635495,368.87,368.87,368.87,368.87,368.87,1,1
1648635500,368.88,368.88,368.88,368.88,368.88,2,1
1648635505,368.88,368.88,368.88,368.88,368.88,0,0
1648635510,368.91,368.91,368.91,368.91,368.91,2,1
1648635515,368.91,368.91,368.91,368.91,368.91,0,0
1648635520,368.91,368.91,368.91,368.91,368.91,0,0
1648635525,368.91,368.91,368.91,368.91,368.91,0,0
1648635530,368.91,368.91,368.91,368.91,368.91,0,0
1648635535,368.91,368.91,368.91,368.91,368.91,0,0
1648635540,368.91,368.91,368.91,368.91,368.91,2,1
1648635545,368.91,368.91,368.91,368.91,368.91,0,0
1648635550,368.91,368.91,368.91,368.91,368.91,0,0
1648635555,369.01,369.01,369.01,369.01,369.01,1,1
1648635560,368.97,368.97,368.97,368.97,368.97,1,1
1648635565,368.97,368.97,368.97,368.97,368.97,0,0
1648635570,369.02,369.02,369.02,369.02,369.02,2,1
1648635575,368.95,368.95,368.95,368.95,368.95,2,1
1648635580,368.95,368.95,368.95,368.95,368.95,0,0
1648635585,368.95,368.95,368.95,368.95,368.95,0,0
1648635590,368.95,368.95,368.95,368.95,368.95,48,3
1648635595,368.95,368.95,368.95,368.95,368.95,0,0
1648635600,368.95,368.95,368.95,368.95,368.95,0,0
1648635605,368.95,368.95,368.95,368.95,368.95,0,0
1648635610,368.95,368.95,368.95,368.95,368.95,0,0
1648635615,368.95,368.95,368.95,368.95,368.95,0,0
1648635620,369.06,369.08,369.06,369.08,369.078,9,2
1648635625,369.03,369.03,369.01,369.01,369.011,53,5
1648635630,369.01,369.01,369.01,369.01,369.01,0,0
1648635635,369.01,369.01,369.01,369.01,369.01,0,0
1648635640,369.01,369.01,369.01,369.01,369.01,0,0
1648635645,369.01,369.01,369.01,369.01,369.01,0,0
1648635650,369.01,369.01,369.01,369.01,369.01,0,0
1648635655,369.01,369.01,369.01,369.01,369.01,0,0
1648635660,369.01,369.01,369.01,369.01,369.01,0,0
1648635665,369.01,369.01,369.01,369.01,369.01,0,0
1648635670,369.04,369.04,369.04,369.04,369.04,10,2
1648635675,369.05,369.05,369.05,369.05,369.05,10,3
1648635680,369.05,369.05,369.05,369.05,369.05,0,0
1648635685,369.05,369.05,369.05,369.05,369.05,0,0
1648635690,369.08,369.09,369.08,369.09,369.086,16,3
1648635695,369.09,369.09,369.09,369.09,369.09,0,0
1648635700,369.09,369.09,369.09,369.09,369.09,0,0
1648635705,369.09,369.09,369.09,369.09,369.09,0,0
1648635710,369.09,369.09,369.09,369.09,369.09,0,0
1648635715,369.09,369.09,369.09,369.09,369.09,0,0
1648635720,369.09,369.09,369.09,369.09,369.09,0,0
1648635725,369.09,369.09,369.09,369.09,369.09,0,0
1648635730,369.09,369.09,369.09,369.09,369.09,0,0
1648635735,369.09,369.09,369.09,369.09,369.09,0,0
1648635740,369.09,369.09,369.09,369.09,369.09,0,0
1648635745,369.09,369.09,369.09,369.09,369.09,0,0
1648635750,369.09,369.09,369.09,369.09,369.09,0,0
1648635755,369.09,369.09,369.09,369.09,369.09,0,0
1648635760,369.09,369.09,369.09,369.09,369.09,0,0
1648635765,369.09,369.09,369.09,369.09,369.09,0,0
1648635770,369.09,369.09,369.09,369.09,369.09,0,0
1648635775,369.0,369.0,369.0,369.0,369.0,50,4
1648635780,369.0,369.0,369.0,369.0,369.0,0,0
1648635785,369.0,369.0,369.0,369.0,369.0,0,0
1648635790,369.0,369.0,369.0,369.0,369.0,0,0
1648635795,369.0,369.0,369.0,369.0,369.0,0,0
1648635800,369.0,369.0,369.0,369.0,369.0,0,0
1648635805,369.0,369.0,369.0,369.0,369.0,0,0
1648635810,369.0,369.0,369.0,369.0,369.0,0,0
1648635815,369.0,369.0,369.0,369.0,369.0,0,0
1648635820,369.0,369.0,369.0,369.0,369.0,0,0
1648635825,369.0,369.0,369.0,369.0,369.0,0,0
1648635830,369.0,369.0,369.0,369.0,369.0,0,0
1648635835,369.0,369.0,369.0,369.0,369.0,0,0
1648635840,369.0,369.0,369.0,369.0,369.0,0,0
1648635845,369.0,369.0,369.0,369.0,369.0,0,0
1648635850,369.1,369.1,369.1,369.1,369.1,1,1
1648635855,369.12,369.12,369.11,369.11,369.119,18,3
1648635860,369.11,369.11,369.11,369.11,369.11,0,0
1648635865,369.11,369.11,369.11,369.11,369.11,0,0
1648635870,369.11,369.11,369.11,369.11,369.11,0,0
1648635875,369.11,369.11,369.11,369.11,369.11,0,0
1648635880,369.11,369.11,369.11,369.11,369.11,0,0
1648635885,369.11,369.11,369.11,369.11,369.11,7,2
1648635890,369.11,369.11,369.11,369.11,369.11,0,0
1648635895,369.11,369.11,369.11,369.11,369.11,0,0
1648635900,369.11,369.11,369.11,369.11,369.11,0,0
1648635905,369.11,369.11,369.11,369.11,369.11,0,0
1648635910,369.11,369.11,369.11,369.11,369.11,0,0
1648635915,369.11,369.11,369.11,369.11,369.11,0,0
1648635920,369.11,369.11,369.11,369.11,369.11,0,0
1648635925,369.11,369.11,369.11,369.11,369.11,0,0
1648635930,369.13,369.13,369.13,369.13,369.13,1,1
1648635935,369.13,369.13,369.13,369.13,369.13,0,0
1648635940,369.13,369.13,369.13,369.13,369.13,0,0
1648635945,369.13,369.13,369.13,369.13,369.13,0,0
1648635950,369.13,369.13,369.13,369.13,369.13,0,0
1648635955,369.13,369.13,369.13,369.13,369.13,0,0
1648635960,369.13,369.13,369.13,369.13,369.13,0,0
1648635965,369.13,369.13,369.13,369.13,369.13,0,0
1648635970,369.13,369.13,369.13,369.13,369.13,0,0
1648635975,369.13,369.13,369.13,369.13,369.13,0,0
1648635980,369.13,369.13,369.13,369.13,369.13,0,0
1648635985,369.11,369.11,369.11,369.11,369.11,10,2
1648635990,369.11,369.11,369.11,369.11,369.11,0,0
1648635995,369.11,369.11,369.11,369.11,369.11,0,0
1648636000,369.11,369.11,369.11,369.11,369.11,0,0
1648636005,369.11,369.11,369.11,369.11,369.11,0,0
1648636010,369.11,369.11,369.11,369.11,369.11,0,0
1648636015,369.11,369.11,369.11,369.11,369.11,0,0
1648636020,369.22,369.22,369.22,369.22,369.22,8,1
1648636025,369.17,369.17,369.17,369.17,369.17,5,4
1648636030,369.16,369.16,369.14,369.14,369.15,50,9
1648636035,369.14,369.14,369.14,369.14,369.14,0,0
1648636040,369.14,369.14,369.14,369.14,369.14,0,0
1648636045,369.15,369.15,369.14,369.14,369.145,20,4
1648636050,369.14,369.14,369.14,369.14,369.14,0,0
1648636055,369.14,369.14,369.14,369.14,369.14,0,0
1648636060,369.14,369.14,369.14,369.14,369.14,0,0
1648636065,369.14,369.14,369.14,369.14,369.14,0,0
1648636070,369.14,369.14,369.14,369.14,369.14,0,0
1648636075,369.14,369.14,369.14,369.14,369.14,0,0
1648636080,369.14,369.14,369.14,369.14,369.14,0,0
1648636085,369.14,369.14,369.14,369.14,369.14,0,0
1648636090,369.14,369.14,369.14,369.14,369.14,0,0
1648636095,369.14,369.14,369.14,369.14,369.14,0,0
1648636100,369.14,369.14,369.14,369.14,369.14,0,0
1648636105,369.14,369.14,369.14,369.14,369.14,0,0
1648636110,369.14,369.14,369.14,369.14,369.14,0,0
1648636115,369.14,369.14,369.14,369.14,369.14,0,0
1648636120,369.14,369.14,369.14,369.14,369.14,0,0
1648636125,369.14,369.14,369.14,369.14,369.14,0,0
1648636130,369.14,369.14,369.14,369.14,369.14,0,0
1648636135,369.14,369.14,369.14,369.14,369.14,0,0
1648636140,369.14,369.14,369.14,369.14,369.14,0,0
1648636145,369.14,369.14,369.14,369.14,369.14,0,0
1648636150,369.14,369.14,369.14,369.14,369.14,0,0
1648636155,369.14,369.14,369.14,369.14,369.14,0,0
1648636160,369.14,369.14,369.14,369.14,369.14,0,0
1648636165,369.14,369.14,369.14,369.14,369.14,0,0
1648636170,369.14,369.14,369.14,369.14,369.14,0,0
1648636175,369.14,369.14,369.14,369.14,369.14,0,0
1648636180,369.14,369.14,369.14,369.14,369.14,0,0
1648636185,369.14,369.14,369.14,369.14,369.14,0,0
1648636190,369.14,369.14,369.14,369.14,369.14,0,0
1648636195,369.14,369.14,369.14,369.14,369.14,0,0
1648636200,369.14,369.14,369.14,369.14,369.14,0,0
1648636205,369.14,369.14,369.14,369.14,369.14,0,0
1648636210,369.14,369.14,369.14,369.14,369.14,0,0
1648636215,369.14,369.14,369.14,369.14,369.14,0,0
1648636220,369.14,369.14,369.14,369.14,369.14,0,0
1648636225,369.14,369.14,369.14,369.14,369.14,0,0
1648636230,369.14,369.14,369.14,369.14,369.14,0,0
1648636235,369.14,369.14,369.14,369.14,369.14,0,0
1648636240,369.14,369.14,369.14,369.14,369.14,0,0
1648636245,369.14,369.14,369.14,369.14,369.14,0,0
1648636250,369.14,369.14,369.14,369.14,369.14,0,0
1648636255,369.14,369.14,369.14,369.14,369.14,0,0
1648636260,369.14,369.14,369.14,369.14,369.14,0,0
1648636265,369.14,369.14,369.14,369.14,369.14,0,0
1648636270,369.14,369.14,369.14,369.14,369.14,0,0
1648636275,369.14,369.14,369.14,369.14,369.14,0,0
1648636280,369.14,369.14,369.14,369.14,369.14,0,0
1648636285,369.14,369.14,369.14,369.14,369.14,0,0
1648636290,369.14,369.14,369.14,369.14,369.14,0,0
1648636295,369.14,369.14,369.14,369.14,369.14,0,0
1648636300,369.14,369.14,369.14,369.14,369.14,0,0
1648636305,369.11,369.11,369.11,369.11,369.11,1,1
1648636310,369.11,369.11,369.11,369.11,369.11,0,0
1648636315,369.11,369.11,369.11,369.11,369.11,0,0
1648636320,369.11,369.11,369.11,369.11,369.11,0,0
1648636325,369.11,369.11,369.11,369.11,369.11,0,0
1648636330,369.11,369.11,369.11,369.11,369.11,0,0
1648636335,369.11,369.11,369.11,369.11,369.11,0,0
1648636340,369.11,369.11,369.11,369.11,369.11,0,0
1648636345,369.11,369.11,369.11,369.11,369.11,0,0
1648636350,369.11,369.11,369.11,369.11,369.11,0,0
1648636355,369.11,369.11,369.11,369.11,369.11,0,0
1648636360,369.11,369.11,369.11,369.11,369.11,0,0
1648636365,369.11,369.11,369.11,369.11,369.11,0,0
1648636370,369.11,369.11,369.11,369.11,369.11,0,0
1648636375,369.11,369.11,369.11,369.11,369.11,0,0
1648636380,369.11,369.11,369.11,369.11,369.11,0,0
1648636385,369.11,369.11,369.11,369.11,369.11,0,0
1648636390,369.14,369.14,369.14,369.14,369.14,1,1
1648636395,369.14,369.14,369.14,369.14,369.14,0,0
1648636400,369.14,369.14,369.14,369.14,369.14,0,0
1648636405,369.14,369.14,369.14,369.14,369.14,0,0
1648636410,369.14,369.14,369.14,369.14,369.14,0,0
1648636415,369.14,369.14,369.14,369.14,369.14,0,0
1648636420,369.16,369.16,369.16,369.16,369.16,5,1
1648636425,369.16,369.16,369.16,369.16,369.16,0,0
1648636430,369.16,369.16,369.16,369.16,369.16,0,0
1648636435,369.16,369.16,369.16,369.16,369.16,4,1
1648636440,369.16,369.16,369.16,369.16,369.16,0,0
1648636445,369.13,369.13,369.13,369.13,369.13,2,1
1648636450,369.13,369.13,369.13,369.13,369.13,0,0
1648636455,369.13,369.13,369.13,369.13,369.13,0,0
1648636460,369.08,369.08,369.08,369.08,369.08,4,1
1648636465,369.08,369.08,369.08,369.08,369.08,0,0
1648636470,369.08,369.08,369.08,369.08,369.08,0,0
1648636475,369.08,369.08,369.08,369.08,369.08,0,0
1648636480,369.08,369.08,369.08,369.08,369.08,0,0
1648636485,369.08,369.08,369.08,369.08,369.08,0,0
1648636490,369.08,369.08,369.08,369.08,369.08,0,0
1648636495,369.08,369.08,369.08,369.08,369.08,0,0
1648636500,369.08,369.08,369.08,369.08,369.08,0,0
1648636505,369.08,369.08,369.08,369.08,369.08,0,0
1648636510,369.08,369.08,369.08,369.08,369.08,0,0
1648636515,369.08,369.08,369.08,369.08,369.08,0,0
1648636520,369.08,369.08,369.08,369.08,369.08,0,0
1648636525,369.08,369.08,369.08,369.08,369.08,0,0
1648636530,369.08,369.08,369.08,369.08,369.08,0,0
1648636535,369.08,369.08,369.08,369.08,369.08,0,0
1648636540,369.08,369.08,369.08,369.08,369.08,0,0
1648636545,369.08,369.08,369.08,369.08,369.08,0,0
1648636550,369.08,369.08,369.08,369.08,369.08,0,0
1648636555,369.08,369.08,369.08,369.08,369.08,0,0
1648636560,369.08,369.08,369.08,369.08,369.08,0,0
1648636565,369.08,369.08,369.08,369.08,369.08,0,0
1648636570,369.08,369.08,369.08,369.08,369.08,0,0
1648636575,369.08,369.08,369.08,369.08,369.08,0,0
1648636580,369.08,369.08,369.08,369.08,369.08,0,0
1648636585,369.08,369.08,369.08,369.08,369.08,0,0
1648636590,369.08,369.08,369.08,369.08,369.08,0,0
1648636595,369.08,369.08,369.08,369.08,369.08,0,0
1648636600,369.08,369.08,369.08,369.08,369.08,0,0
1648636605,369.08,369.08,369.08,369.08,369.08,0,0
1648636610,369.13,369.13,369.13,369.13,369.13,1,1
1648636615,369.13,369.13,369.13,369.13,369.13,0,0
1648636620,369.13,369.13,369.13,369.13,369.13,0,0
1648636625,369.13,369.13,369.13,369.13,369.13,0,0
1648636630,369.13,369.13,369.13,369.13,369.13,0,0
1648636635,369.13,369.13,369.13,369.13,369.13,0,0
1648636640,369.17,369.17,369.17,369.17,369.17,2,1
1648636645,369.17,369.17,369.17,369.17,369.17,0,0
1648636650,369.17,369.17,369.17,369.17,369.17,0,0
1648636655,369.17,369.17,369.17,369.17,369.17,0,0
1648636660,369.17,369.17,369.17,369.17,369.17,0,0
1648636665,369.22,369.22,369.22,369.22,369.22,2,1
1648636670,369.2,369.2,369.2,369.2,369.2,4,1
1648636675,369.2,369.2,369.2,369.2,369.2,0,0
1648636680,369.2,369.2,369.2,369.2,369.2,0,0
1648636685,369.2,369.2,369.2,369.2,369.2,0,0
1648636690,369.2,369.2,369.2,369.2,369.2,0,0
1648636695,369.2,369.2,369.2,369.2,369.2,0,0
1648636700,369.17,369.17,369.17,369.17,369.17,4,1
1648636705,369.17,369.17,369.17,369.17,369.17,0,0
1648636710,369.17,369.17,369.17,369.17,369.17,0,0
1648636715,369.17,369.17,369.17,369.17,369.17,0,0
1648636720,369.17,369.17,369.17,369.17,369.17,0,0
1648636725,369.17,369.17,369.17,369.17,369.17,0,0
1648636730,369.17,369.17,369.17,369.17,369.17,0,0
1648636735,369.17,369.17,369.17,369.17,369.17,0,0
1648636740,369.17,369.17,369.17,369.17,369.17,0,0
1648636745,369.17,369.17,369.17,369.17,369.17,0,0
1648636750,369.17,369.17,369.17,369.17,369.17,0,0
1648636755,369.17,369.17,369.17,369.17,369.17,0,0
1648636760,369.17,369.17,369.17,369.17,369.17,0,0
1648636765,369.17,369.17,369.17,369.17,369.17,0,0
1648636770,369.28,369.28,369.28,369.28,369.28,1,1
1648636775,369.28,369.28,369.28,369.28,369.28,0,0
1648636780,369.28,369.28,369.28,369.28,369.28,0,0
1648636785,369.24,369.24,369.24,369.24,369.24,5,1
1648636790,369.3,369.3,369.3,369.3,369.3,10,2
1648636795,369.3,369.3,369.3,369.3,369.3,0,0
1648636800,369.3,369.3,369.3,369.3,369.3,0,0
1648636805,369.23,369.23,369.23,369.23,369.23,25,5
1648636810,369.23,369.23,369.23,369.23,369.23,0,0
1648636815,369.23,369.23,369.23,369.23,369.23,0,0
1648636820,369.23,369.23,369.23,369.23,369.23,0,0
1648636825,369.23,369.23,369.23,369.23,369.23,0,0
1648636830,369.23,369.23,369.23,369.23,369.23,0,0
1648636835,369.26,369.26,369.26,369.26,369.26,1,1
1648636840,369.26,369.26,369.26,369.26,369.26,0,0
1648636845,369.26,369.26,369.26,369.26,369.26,24,3
1648636850,369.27,369.27,369.27,369.27,369.27,38,8
1648636855,369.27,369.27,369.26,369.26,369.268,31,8
1648636860,369.26,369.26,369.26,369.26,369.26,0,0
1648636865,369.25,369.25,369.25,369.25,369.25,5,2
1648636870,369.25,369.25,369.25,369.25,369.25,0,0
1648636875,369.25,369.25,369.25,369.25,369.25,0,0
1648636880,369.27,369.27,369.27,369.27,369.27,4,1
1648636885,369.27,369.27,369.27,369.27,369.27,0,0
1648636890,369.27,369.27,369.27,369.27,369.27,0,0
1648636895,369.27,369.27,369.27,369.27,369.27,0,0
1648636900,369.27,369.27,369.27,369.27,369.27,0,0
1648636905,369.27,369.27,369.27,369.27,369.27,0,0
1648636910,369.27,369.27,369.27,369.27,369.27,0,0
1648636915,369.27,369.27,369.27,369.27,369.27,0,0
1648636920,369.27,369.27,369.27,369.27,369.27,0,0
1648636925,369.27,369.27,369.27,369.27,369.27,0,0
1648636930,369.27,369.27,369.27,369.27,369.27,0,0
1648636935,369.27,369.27,369.27,369.27,369.27,0,0
1648636940,369.37,369.37,369.37,369.37,369.37,3,1
1648636945,369.37,369.37,369.37,369.37,369.37,0,0
1648636950,369.32,369.32,369.32,369.32,369.32,1,1
1648636955,369.32,369.32,369.32,369.32,369.32,0,0
1648636960,369.32,369.32,369.32,369.32,369.32,0,0
1648636965,369.32,369.32,369.32,369.32,369.32,0,0
1648636970,369.32,369.32,369.32,369.32,369.32,0,0
1648636975,369.32,369.32,369.32,369.32,369.32,0,0
1648636980,369.32,369.32,369.32,369.32,369.32,0,0
1648636985,369.32,369.32,369.32,369.32,369.32,0,0
1648636990,369.32,369.32,369.32,369.32,369.32,0,0
1648636995,369.32,369.32,369.32,369.32,369.32,0,0
1648637000,369.32,369.32,369.32,369.32,369.32,0,0
1648637005,369.32,369.32,369.32,369.32,369.32,0,0
1648637010,369.32,369.32,369.32,369.32,369.32,0,0
1648637015,369.32,369.32,369.32,369.32,369.32,0,0
1648637020,369.32,369.32,369.32,369.32,369.32,0,0
1648637025,369.32,369.32,369.32,369.32,369.32,0,0
1648637030,369.32,369.32,369.32,369.32,369.32,0,0
1648637035,369.32,369.32,369.32,369.32,369.32,0,0
1648637040,369.32,369.32,369.32,369.32,369.32,0,0
1648637045,369.32,369.32,369.32,369.32,369.32,0,0
1648637050,369.32,369.32,369.32,369.32,369.32,0,0
1648637055,369.32,369.32,369.32,369.32,369.32,0,0
1648637060,369.32,369.32,369.32,369.32,369.32,0,0
1648637065,369.32,369.32,369.32,369.32,369.32,0,0
1648637070,369.32,369.32,369.32,369.32,369.32,0,0
1648637075,369.32,369.32,369.32,369.32,369.32,0,0
1648637080,369.32,369.32,369.32,369.32,369.32,0,0
1648637085,369.32,369.32,369.32,369.32,369.32,0,0
1648637090,369.32,369.32,369.32,369.32,369.32,0,0
1648637095,369.32,369.32,369.32,369.32,369.32,0,0
1648637100,369.32,369.32,369.32,369.32,369.32,0,0
1648637105,369.32,369.32,369.32,369.32,369.32,0,0
1648637110,369.32,369.32,369.32,369.32,369.32,0,0
1648637115,369.32,369.32,369.32,369.32,369.32,0,0
1648637120,369.32,369.32,369.32,369.32,369.32,0,0
1648637125,369.32,369.32,369.32,369.32,369.32,0,0
1648637130,369.32,369.32,369.32,369.32,369.32,0,0
1648637135,369.39,369.39,369.39,369.39,369.39,10,2
1648637140,369.39,369.39,369.39,369.39,369.39,0,0
1648637145,369.4,369.4,369.4,369.4,369.4,1,1
1648637150,369.4,369.4,369.4,369.4,369.4,0,0
1648637155,369.39,369.39,369.39,369.39,369.39,1,1
1648637160,369.4,369.4,369.4,369.4,369.4,1,1
1648637165,369.4,369.4,369.4,369.4,369.4,0,0
1648637170,369.4,369.4,369.4,369.4,369.4,0,0
1648637175,369.42,369.42,369.42,369.42,369.42,8,3
1648637180,369.42,369.42,369.42,369.42,369.42,0,0
1648637185,369.42,369.42,369.42,369.42,369.42,0,0
1648637190,369.42,369.42,369.42,369.42,369.42,0,0
1648637195,369.42,369.42,369.42,369.42,369.42,0,0
1648637200,369.42,369.42,369.42,369.42,369.42,0,0
1648637205,369.42,369.42,369.42,369.42,369.42,0,0
1648637210,369.42,369.42,369.42,369.42,369.42,0,0
1648637215,369.42,369.42,369.42,369.42,369.42,0,0
1648637220,369.42,369.42,369.42,369.42,369.42,0,0
1648637225,369.42,369.42,369.42,369.42,369.42,0,0
1648637230,369.42,369.42,369.42,369.42,369.42,0,0
1648637235,369.45,369.45,369.45,369.45,369.45,1,1
1648637240,369.45,369.45,369.45,369.45,369.45,0,0
1648637245,369.45,369.45,369.45,369.45,369.45,0,0
1648637250,369.45,369.45,369.45,369.45,369.45,0,0
1648637255,369.45,369.45,369.45,369.45,369.45,0,0
1648637260,369.45,369.45,369.45,369.45,369.45,0,0
1648637265,369.45,369.45,369.45,369.45,369.45,0,0
1648637270,369.57,369.57,369.57,369.57,369.57,4,2
1648637275,369.57,369.57,369.57,369.57,369.57,0,0
1648637280,369.57,369.57,369.57,369.57,369.57,0,0
1648637285,369.57,369.57,369.57,369.57,369.57,0,0
1648637290,369.55,369.55,369.55,369.55,369.55,1,1
1648637295,369.55,369.55,369.55,369.55,369.55,0,0
1648637300,369.55,369.55,369.55,369.55,369.55,0,0
1648637305,369.55,369.55,369.55,369.55,369.55,0,0
1648637310,369.59,369.59,369.59,369.59,369.59,3,1
1648637315,369.59,369.59,369.59,369.59,369.59,0,0
1648637320,369.59,369.59,369.59,369.59,369.59,0,0
1648637325,369.61,369.61,369.61,369.61,369.61,2,1
1648637330,369.61,369.61,369.61,369.61,369.61,0,0
1648637335,369.61,369.61,369.61,369.61,369.61,0,0
1648637340,369.61,369.61,369.61,369.61,369.61,0,0
1648637345,369.61,369.61,369.61,369.61,369.61,0,0
1648637350,369.61,369.61,369.61,369.61,369.61,0,0
1648637355,369.61,369.61,369.61,369.61,369.61,0,0
1648637360,369.61,369.61,369.61,369.61,369.61,0,0
1648637365,369.61,369.61,369.61,369.61,369.61,0,0
1648637370,369.61,369.61,369.61,369.61,369.61,0,0
1648637375,369.53,369.53,369.53,369.53,369.53,1,1
1648637380,369.53,369.53,369.53,369.53,369.53,0,0
1648637385,369.53,369.53,369.53,369.53,369.53,0,0
1648637390,369.53,369.53,369.53,369.53,369.53,0,0
1648637395,369.53,369.53,369.53,369.53,369.53,0,0
1648637400,369.51,369.51,369.51,369.51,369.51,4,1
1648637405,369.51,369.51,369.51,369.51,369.51,0,0
1648637410,369.51,369.51,369.51,369.51,369.51,0,0
1648637415,369.51,369.51,369.51,369.51,369.51,0,0
1648637420,369.51,369.51,369.51,369.51,369.51,0,0
1648637425,369.51,369.51,369.51,369.51,369.51,0,0
1648637430,369.51,369.51,369.51,369.51,369.51,0,0
1648637435,369.51,369.51,369.51,369.51,369.51,0,0
1648637440,369.53,369.53,369.53,369.53,369.53,2,1
1648637445,369.53,369.53,369.53,369.53,369.53,0,0
1648637450,369.53,369.53,369.53,369.53,369.53,0,0
1648637455,369.53,369.53,369.53,369.53,369.53,0,0
1648637460,369.53,369.53,369.53,369.53,369.53,0,0
1648637465,369.53,369.53,369.53,369.53,369.53,0,0
1648637470,369.53,369.53,369.53,369.53,369.53,0,0
1648637475,369.53,369.53,369.53,369.53,369.53,0,0
1648637480,369.53,369.53,369.53,369.53,369.53,0,0
1648637485,369.53,369.53,369.53,369.53,369.53,0,0
1648637490,369.53,369.53,369.53,369.53,369.53,0,0
1648637495,369.53,369.53,369.53,369.53,369.53,0,0
1648637500,369.53,369.53,369.53,369.53,369.53,0,0
1648637505,369.53,369.53,369.53,369.53,369.53,0,0
1648637510,369.53,369.53,369.53,369.53,369.53,0,0
1648637515,369.53,369.53,369.53,369.53,369.53,0,0
1648637520,369.53,369.53,369.53,369.53,369.53,0,0
1648637525,369.53,369.53,369.53,369.53,369.53,0,0
1648637530,369.53,369.53,369.53,369.53,369.53,0,0
1648637535,369.54,369.54,369.54,369.54,369.54,50,9
1648637540,369.54,369.54,369.54,369.54,369.54,0,0
1648637545,369.54,369.54,369.54,369.54,369.54,0,0
1648637550,369.54,369.54,369.54,369.54,369.54,0,0
1648637555,369.54,369.54,369.54,369.54,369.54,0,0
1648637560,369.54,369.54,369.54,369.54,369.54,0,0
1648637565,369.54,369.54,369.54,369.54,369.54,0,0
1648637570,369.54,369.54,369.54,369.54,369.54,0,0
1648637575,369.58,369.58,369.58,369.58,369.58,20,3
1648637580,369.58,369.58,369.58,369.58,369.58,0,0
1648637585,369.58,369.58,369.58,369.58,369.58,0,0
1648637590,369.58,369.58,369.58,369.58,369.58,0,0
1648637595,369.56,369.56,369.56,369.56,369.56,4,1
1648637600,369.56,369.56,369.56,369.56,369.56,0,0
1648637605,369.56,369.56,369.56,369.56,369.56,0,0
1648637610,369.56,369.56,369.56,369.56,369.56,0,0
1648637615,369.56,369.56,369.56,369.56,369.56,0,0
1648637620,369.56,369.56,369.56,369.56,369.56,0,0
1648637625,369.56,369.56,369.56,369.56,369.56,0,0
1648637630,369.56,369.56,369.56,369.56,369.56,0,0
1648637635,369.56,369.56,369.56,369.56,369.56,0,0
1648637640,369.56,369.56,369.56,369.56,369.56,0,0
1648637645,369.56,369.56,369.56,369.56,369.56,0,0
1648637650,369.6,369.6,369.6,369.6,369.6,8,1
1648637655,369.6,369.6,369.6,369.6,369.6,0,0
1648637660,369.55,369.55,369.55,369.55,369.55,25,5
1648637665,369.55,369.55,369.55,369.55,369.55,0,0
1648637670,369.55,369.55,369.55,369.55,369.55,0,0
1648637675,369.55,369.55,369.55,369.55,369.55,0,0
1648637680,369.55,369.55,369.55,369.55,369.55,0,0
1648637685,369.55,369.55,369.55,369.55,369.55,0,0
1648637690,369.55,369.55,369.55,369.55,369.55,0,0
1648637695,369.55,369.55,369.55,369.55,369.55,0,0
1648637700,369.57,369.57,369.57,369.57,369.57,9,1
1648637705,369.57,369.57,369.57,369.57,369.57,0,0
1648637710,369.57,369.57,369.57,369.57,369.57,0,0
1648637715,369.57,369.57,369.57,369.57,369.57,1,1
1648637720,369.57,369.57,369.57,369.57,369.57,0,0
1648637725,369.57,369.57,369.57,369.57,369.57,0,0
1648637730,369.57,369.57,369.57,369.57,369.57,0,0
1648637735,369.57,369.57,369.57,369.57,369.57,0,0
1648637740,369.5,369.5,369.5,369.5,369.5,3,2
1648637745,369.5,369.5,369.5,369.5,369.5,0,0
1648637750,369.5,369.5,369.5,369.5,369.5,0,0
1648637755,369.5,369.5,369.5,369.5,369.5,0,0
1648637760,369.5,369.5,369.5,369.5,369.5,0,0
1648637765,369.5,369.5,369.5,369.5,369.5,0,0
1648637770,369.5,369.5,369.5,369.5,369.5,0,0
1648637775,369.5,369.5,369.5,369.5,369.5,0,0
1648637780,369.5,369.5,369.5,369.5,369.5,0,0
1648637785,369.5,369.5,369.5,369.5,369.5,0,0
1648637790,369.46,369.46,369.46,369.46,369.46,5,2
1648637795,369.46,369.46,369.46,369.46,369.46,0,0
1648637800,369.46,369.46,369.46,369.46,369.46,0,0
1648637805,369.45,369.45,369.45,369.45,369.45,8,1
1648637810,369.45,369.45,369.45,369.45,369.45,0,0
1648637815,369.45,369.45,369.45,369.45,369.45,0,0
1648637820,369.45,369.45,369.45,369.45,369.45,0,0
1648637825,369.42,369.42,369.42,369.42,369.42,1,1
1648637830,369.42,369.42,369.42,369.42,369.42,0,0
1648637835,369.42,369.42,369.42,369.42,369.42,0,0
1648637840,369.4,369.4,369.4,369.4,369.4,1,1
1648637845,369.4,369.4,369.4,369.4,369.4,0,0
1648637850,369.43,369.43,369.41,369.41,369.423,50,13
1648637855,369.41,369.41,369.41,369.41,369.41,0,0
1648637860,369.41,369.41,369.41,369.41,369.41,0,0
1648637865,369.41,369.41,369.41,369.41,369.41,0,0
1648637870,369.41,369.41,369.41,369.41,369.41,0,0
1648637875,369.41,369.41,369.41,369.41,369.41,0,0
1648637880,369.44,369.44,369.44,369.44,369.44,2,1
1648637885,369.44,369.44,369.44,369.44,369.44,0,0
1648637890,369.44,369.44,369.44,369.44,369.44,0,0
1648637895,369.44,369.44,369.44,369.44,369.44,0,0
1648637900,369.44,369.44,369.44,369.44,369.44,0,0
1648637905,369.44,369.44,369.44,369.44,369.44,0,0
1648637910,369.44,369.44,369.44,369.44,369.44,0,0
1648637915,369.44,369.44,369.44,369.44,369.44,0,0
1648637920,369.44,369.44,369.44,369.44,369.44,0,0
1648637925,369.3,369.3,369.3,369.3,369.3,10,3
1648637930,369.3,369.3,369.3,369.3,369.3,0,0
1648637935,369.3,369.3,369.3,369.3,369.3,0,0
1648637940,369.3,369.3,369.3,369.3,369.3,0,0
1648637945,369.3,369.3,369.3,369.3,369.3,0,0
1648637950,369.3,369.3,369.3,369.3,369.3,0,0
1648637955,369.3,369.3,369.3,369.3,369.3,0,0
1648637960,369.3,369.3,369.3,369.3,369.3,0,0
1648637965,369.3,369.3,369.3,369.3,369.3,0,0
1648637970,369.3,369.3,369.3,369.3,369.3,0,0
1648637975,369.3,369.3,369.3,369.3,369.3,0,0
1648637980,369.3,369.3,369.3,369.3,369.3,0,0
1648637985,369.3,369.3,369.3,369.3,369.3,0,0
1648637990,369.3,369.3,369.3,369.3,369.3,0,0
1648637995,369.33,369.33,369.33,369.33,369.33,3,1
1648638000,369.41,369.41,369.33,369.36,369.363,11,6
1648638005,369.36,369.36,369.36,369.36,369.36,0,0
1648638010,369.4,369.4,369.4,369.4,369.4,8,1
1648638015,369.4,369.4,369.4,369.4,369.4,22,3
1648638020,369.4,369.4,369.4,369.4,369.4,0,0
1648638025,369.4,369.4,369.4,369.4,369.4,0,0
1648638030,369.47,369.5,369.47,369.5,369.482,31,8
1648638035,369.5,369.5,369.5,369.5,369.5,0,0
1648638040,369.5,369.5,369.5,369.5,369.5,0,0
1648638045,369.56,369.56,369.56,369.56,369.56,1,1
1648638050,369.51,369.51,369.51,369.51,369.51,2,1
1648638055,369.51,369.51,369.51,369.51,369.51,0,0
1648638060,369.48,369.48,369.44,369.44,369.472,5,3
1648638065,369.44,369.44,369.44,369.44,369.44,0,0
1648638070,369.44,369.44,369.44,369.44,369.44,6,1
1648638075,369.48,369.48,369.41,369.41,369.453,7,4
1648638080,369.41,369.41,369.41,369.41,369.41,14,3
1648638085,369.47,369.47,369.47,369.47,369.47,1,1
1648638090,369.47,369.47,369.47,369.47,369.47,0,0
1648638095,369.47,369.47,369.47,369.47,369.47,0,0
1648638100,369.47,369.47,369.47,369.47,369.47,0,0
1648638105,369.47,369.47,369.47,369.47,369.47,0,0
1648638110,369.47,369.47,369.47,369.47,369.47,0,0
1648638115,369.45,369.45,369.45,369.45,369.45,5,1
1648638120,369.48,369.48,369.48,369.48,369.48,1,1
1648638125,369.48,369.48,369.48,369.48,369.48,15,3
1648638130,369.52,369.52,369.52,369.52,369.52,3,1
1648638135,369.52,369.52,369.52,369.52,369.52,0,0
1648638140,369.62,369.62,369.62,369.62,369.62,4,1
1648638145,369.72,369.72,369.72,369.72,369.72,10,4
1648638150,369.72,369.72,369.72,369.72,369.72,0,0
1648638155,369.72,369.72,369.72,369.72,369.72,0,0
1648638160,369.7,369.7,369.7,369.7,369.7,4,2
1648638165,369.68,369.72,369.68,369.72,369.692,8,3
1648638170,369.72,369.72,369.72,369.72,369.72,0,0
1648638175,369.7,369.7,369.7,369.7,369.7,2,2
1648638180,369.71,369.71,369.71,369.71,369.71,1,1
1648638185,369.71,369.71,369.71,369.71,369.71,0,0
1648638190,369.68,369.68,369.68,369.68,369.68,2,1
1648638195,369.66,369.66,369.66,369.66,369.66,9,2
1648638200,369.71,369.72,369.71,369.72,369.713,19,6
1648638205,369.72,369.75,369.72,369.75,369.742,3,2
1648638210,369.82,369.82,369.81,369.82,369.819,1,1
1648638215,369.82,369.82,369.81,369.82,369.82,0,0
1648638220,369.82,369.82,369.81,369.82,369.82,0,0
1648638225,369.82,369.82,369.81,369.82,369.82,0,0
1648638230,369.72,369.72,369.72,369.72,369.72,5,1
1648638235,369.72,369.72,369.72,369.72,369.72,0,0
1648638240,369.72,369.72,369.72,369.72,369.72,0,0
1648638245,369.7,369.7,369.7,369.7,369.7,9,2
1648638250,369.7,369.7,369.7,369.7,369.7,0,0
1648638255,369.7,369.7,369.7,369.7,369.7,0,0
1648638260,369.7,369.7,369.7,369.7,369.7,0,0
1648638265,369.7,369.7,369.7,369.7,369.7,0,0
1648638270,369.7,369.7,369.7,369.7,369.7,0,0
1648638275,369.7,369.7,369.7,369.7,369.7,0,0
1648638280,369.7,369.7,369.7,369.7,369.7,0,0
1648638285,369.7,369.7,369.7,369.7,369.7,0,0
1648638290,369.7,369.7,369.7,369.7,369.7,0,0
1648638295,369.7,369.7,369.7,369.7,369.7,0,0
1648638300,369.66,369.66,369.66,369.66,369.66,5,1
1648638305,369.66,369.66,369.66,369.66,369.66,0,0
1648638310,369.66,369.66,369.66,369.66,369.66,0,0
1648638315,369.66,369.66,369.66,369.66,369.66,0,0
1648638320,369.66,369.66,369.66,369.66,369.66,0,0
1648638325,369.61,369.61,369.61,369.61,369.61,2,1
1648638330,369.61,369.61,369.61,369.61,369.61,0,0
1648638335,369.61,369.61,369.61,369.61,369.61,0,0
1648638340,369.61,369.61,369.61,369.61,369.61,0,0
1648638345,369.61,369.61,369.61,369.61,369.61,0,0
1648638350,369.61,369.61,369.61,369.61,369.61,0,0
1648638355,369.61,369.61,369.61,369.61,369.61,0,0
1648638360,369.61,369.61,369.61,369.61,369.61,0,0
1648638365,369.61,369.61,369.61,369.61,369.61,0,0
1648638370,369.61,369.61,369.61,369.61,369.61,0,0
1648638375,369.61,369.61,369.61,369.61,369.61,0,0
1648638380,369.61,369.61,369.61,369.61,369.61,0,0
1648638385,369.58,369.59,369.55,369.59,369.557,24,6
1648638390,369.6,369.61,369.6,369.61,369.603,25,7
1648638395,369.61,369.61,369.61,369.61,369.61,0,0
1648638400,369.61,369.61,369.61,369.61,369.61,0,0
1648638405,369.61,369.61,369.61,369.61,369.61,0,0
1648638410,369.61,369.61,369.61,369.61,369.61,0,0
1648638415,369.61,369.61,369.61,369.61,369.61,0,0
1648638420,369.6,369.6,369.58,369.58,369.592,5,2
1648638425,369.58,369.58,369.58,369.58,369.58,0,0
1648638430,369.53,369.53,369.53,369.53,369.53,4,2
1648638435,369.48,369.48,369.48,369.48,369.48,2,1
1648638440,369.49,369.54,369.49,369.54,369.515,2,2
1648638445,369.54,369.54,369.54,369.54,369.54,0,0
1648638450,369.54,369.54,369.54,369.54,369.54,0,0
1648638455,369.54,369.54,369.54,369.54,369.54,0,0
1648638460,369.51,369.51,369.5,369.5,369.504,40,12
1648638465,369.5,369.5,369.5,369.5,369.5,11,4
1648638470,369.5,369.5,369.5,369.5,369.5,0,0
1648638475,369.5,369.5,369.5,369.5,369.5,3,1
1648638480,369.5,369.5,369.5,369.5,369.5,10,2
1648638485,369.5,369.5,369.5,369.5,369.5,0,0
1648638490,369.52,369.52,369.52,369.52,369.52,5,2
1648638495,369.52,369.52,369.52,369.52,369.52,0,0
1648638500,369.62,369.62,369.62,369.62,369.62,10,2
1648638505,369.62,369.62,369.62,369.62,369.62,0,0
1648638510,369.55,369.55,369.55,369.55,369.55,1,1
1648638515,369.55,369.55,369.55,369.55,369.55,0,0
1648638520,369.55,369.55,369.55,369.55,369.55,0,0
1648638525,369.55,369.55,369.55,369.55,369.55,1,1
1648638530,369.53,369.53,369.53,369.53,369.53,1,1
1648638535,369.53,369.53,369.53,369.53,369.53,0,0
1648638540,369.53,369.53,369.53,369.53,369.53,0,0
1648638545,369.51,369.51,369.51,369.51,369.51,1,1
1648638550,369.51,369.51,369.51,369.51,369.51,0,0
1648638555,369.51,369.51,369.51,369.51,369.51,0,0
1648638560,369.51,369.51,369.51,369.51,369.51,0,0
1648638565,369.51,369.51,369.51,369.51,369.51,0,0
1648638570,369.52,369.52,369.52,369.52,369.52,4,1
1648638575,369.52,369.52,369.52,369.52,369.52,0,0
1648638580,369.55,369.56,369.55,369.56,369.554,26,9
1648638585,369.55,369.55,369.55,369.55,369.55,4,2
1648638590,369.55,369.55,369.55,369.55,369.55,2,1
1648638595,369.55,369.55,369.55,369.55,369.55,0,0
1648638600,369.55,369.55,369.55,369.55,369.55,1,1
1648638605,369.55,369.55,369.55,369.55,369.55,0,0
1648638610,369.51,369.55,369.51,369.55,369.52,4,2
1648638615,369.55,369.55,369.55,369.55,369.55,0,0
1648638620,369.55,369.55,369.55,369.55,369.55,0,0
1648638625,369.55,369.55,369.55,369.55,369.55,0,0
1648638630,369.55,369.55,369.55,369.55,369.55,0,0
1648638635,369.55,369.55,369.55,369.55,369.55,0,0
1648638640,369.55,369.55,369.55,369.55,369.55,0,0
1648638645,369.55,369.55,369.55,369.55,369.55,0,0
1648638650,369.55,369.55,369.55,369.55,369.55,0,0
1648638655,369.55,369.55,369.55,369.55,369.55,0,0
1648638660,369.55,369.55,369.55,369.55,369.55,0,0
1648638665,369.55,369.55,369.55,369.55,369.55,0,0
1648638670,369.55,369.55,369.55,369.55,369.55,0,0
1648638675,369.55,369.55,369.55,369.55,369.55,0,0
1648638680,369.55,369.55,369.55,369.55,369.55,0,0
1648638685,369.55,369.55,369.55,369.55,369.55,0,0
1648638690,369.59,369.59,369.59,369.59,369.59,1,1
1648638695,369.59,369.59,369.59,369.59,369.59,0,0
1648638700,369.59,369.59,369.59,369.59,369.59,0,0
1648638705,369.59,369.59,369.59,369.59,369.59,0,0
1648638710,369.59,369.59,369.59,369.59,369.59,0,0
1648638715,369.59,369.59,369.59,369.59,369.59,0,0
1648638720,369.59,369.59,369.59,369.59,369.59,0,0
1648638725,369.59,369.59,369.59,369.59,369.59,0,0
1648638730,369.52,369.52,369.52,369.52,369.52,2,1
1648638735,369.52,369.52,369.52,369.52,369.52,0,0
1648638740,369.52,369.52,369.52,369.52,369.52,0,0
1648638745,369.52,369.52,369.52,369.52,369.52,0,0
1648638750,369.52,369.52,369.52,369.52,369.52,0,0
1648638755,369.49,369.49,369.49,369.49,369.49,1,1
1648638760,369.49,369.49,369.49,369.49,369.49,0,0
1648638765,369.59,369.59,369.59,369.59,369.59,8,1
1648638770,369.59,369.59,369.59,369.59,369.59,0,0
1648638775,369.59,369.59,369.59,369.59,369.59,0,0
1648638780,369.59,369.59,369.59,369.59,369.59,0,0
1648638785,369.59,369.59,369.59,369.59,369.59,0,0
1648638790,369.61,369.61,369.61,369.61,369.61,1,1
1648638795,369.61,369.61,369.61,369.61,369.61,0,0
1648638800,369.61,369.61,369.61,369.61,369.61,0,0
1648638805,369.61,369.61,369.61,369.61,369.61,0,0
1648638810,369.61,369.61,369.61,369.61,369.61,0,0
1648638815,369.61,369.61,369.61,369.61,369.61,0,0
1648638820,369.61,369.61,369.61,369.61,369.61,0,0
1648638825,369.61,369.61,369.61,369.61,369.61,0,0
1648638830,369.64,369.64,369.63,369.64,369.639,1,1
1648638835,369.64,369.64,369.63,369.64,369.64,0,0
1648638840,369.64,369.64,369.63,369.64,369.64,0,0
1648638845,369.65,369.66,369.65,369.66,369.657,3,2
1648638850,369.66,369.66,369.66,369.66,369.66,0,0
1648638855,369.66,369.66,369.66,369.66,369.66,0,0
1648638860,369.66,369.66,369.66,369.66,369.66,0,0
1648638865,369.66,369.66,369.66,369.66,369.66,0,0
1648638870,369.58,369.6,369.58,369.6,369.59,100,26
1648638875,369.6,369.6,369.6,369.6,369.6,0,0
1648638880,369.6,369.6,369.6,369.6,369.6,0,0
1648638885,369.6,369.6,369.6,369.6,369.6,0,0
1648638890,369.55,369.55,369.55,369.55,369.55,5,1
1648638895,369.55,369.55,369.55,369.55,369.55,0,0
1648638900,369.55,369.55,369.55,369.55,369.55,0,0
1648638905,369.5,369.51,369.5,369.51,369.505,2,2
1648638910,369.51,369.51,369.51,369.51,369.51,0,0
1648638915,369.51,369.51,369.51,369.51,369.51,0,0
1648638920,369.51,369.51,369.51,369.51,369.51,0,0
1648638925,369.51,369.51,369.51,369.51,369.51,0,0
1648638930,369.51,369.51,369.51,369.51,369.51,0,0
1648638935,369.51,369.51,369.51,369.51,369.51,0,0
1648638940,369.51,369.51,369.51,369.51,369.51,0,0
1648638945,369.51,369.51,369.51,369.51,369.51,0,0
1648638950,369.51,369.51,369.51,369.51,369.51,0,0
1648638955,369.51,369.51,369.51,369.51,369.51,0,0
1648638960,369.53,369.53,369.53,369.53,369.53,2,2
1648638965,369.53,369.53,369.53,369.53,369.53,0,0
1648638970,369.53,369.53,369.53,369.53,369.53,0,0
1648638975,369.53,369.53,369.53,369.53,369.53,0,0
1648638980,369.53,369.53,369.53,369.53,369.53,0,0
1648638985,369.53,369.53,369.53,369.53,369.53,0,0
1648638990,369.53,369.53,369.53,369.53,369.53,0,0
1648638995,369.53,369.53,369.53,369.53,369.53,0,0
1648639000,369.53,369.53,369.53,369.53,369.53,0,0
1648639005,369.53,369.53,369.53,369.53,369.53,0,0
1648639010,369.54,369.68,369.53,369.67,369.568,65,19
1648639015,369.67,369.67,369.67,369.67,369.67,0,0
1648639020,369.67,369.67,369.67,369.67,369.67,0,0
1648639025,369.67,369.67,369.67,369.67,369.67,0,0
1648639030,369.67,369.67,369.67,369.67,369.67,0,0
1648639035,369.67,369.67,369.67,369.67,369.67,0,0
1648639040,369.67,369.67,369.67,369.67,369.67,0,0
1648639045,369.67,369.67,369.67,369.67,369.67,0,0
1648639050,369.67,369.67,369.67,369.67,369.67,0,0
1648639055,369.68,369.68,369.68,369.68,369.68,2,1
1648639060,369.68,369.68,369.68,369.68,369.68,0,0
1648639065,369.68,369.68,369.68,369.68,369.68,0,0
1648639070,369.68,369.68,369.68,369.68,369.68,0,0
1648639075,369.72,369.72,369.72,369.72,369.72,2,1
1648639080,369.73,369.73,369.73,369.73,369.73,1,1
1648639085,369.72,369.72,369.72,369.72,369.72,8,2
1648639090,369.72,369.72,369.72,369.72,369.72,0,0
1648639095,369.72,369.72,369.72,369.72,369.72,0,0
1648639100,369.72,369.72,369.72,369.72,369.72,0,0
1648639105,369.72,369.72,369.72,369.72,369.72,0,0
1648639110,369.72,369.72,369.72,369.72,369.72,0,0
1648639115,369.72,369.72,369.72,369.72,369.72,0,0
1648639120,369.72,369.72,369.72,369.72,369.72,0,0
1648639125,369.72,369.72,369.72,369.72,369.72,0,0
1648639130,369.72,369.72,369.72,369.72,369.72,0,0
1648639135,369.68,369.68,369.68,369.68,369.68,1,1
1648639140,369.68,369.68,369.68,369.68,369.68,0,0
1648639145,369.68,369.68,369.68,369.68,369.68,0,0
1648639150,369.68,369.68,369.68,369.68,369.68,0,0
1648639155,369.68,369.68,369.68,369.68,369.68,0,0
1648639160,369.68,369.68,369.68,369.68,369.68,0,0
1648639165,369.68,369.68,369.68,369.68,369.68,0,0
1648639170,369.68,369.68,369.68,369.68,369.68,0,0
1648639175,369.68,369.68,369.68,369.68,369.68,0,0
1648639180,369.68,369.68,369.68,369.68,369.68,0,0
1648639185,369.68,369.68,369.68,369.68,369.68,0,0
1648639190,369.68,369.68,369.68,369.68,369.68,0,0
1648639195,369.64,369.64,369.64,369.64,369.64,1,1
1648639200,369.64,369.64,369.64,369.64,369.64,0,0
1648639205,369.64,369.64,369.64,369.64,369.64,0,0
1648639210,369.64,369.64,369.64,369.64,369.64,0,0
1648639215,369.64,369.64,369.64,369.64,369.64,0,0
1648639220,369.64,369.64,369.64,369.64,369.64,0,0
1648639225,369.64,369.64,369.64,369.64,369.64,0,0
1648639230,369.64,369.64,369.64,369.64,369.64,0,0
1648639235,369.73,369.73,369.73,369.73,369.73,1,1
1648639240,369.73,369.73,369.73,369.73,369.73,0,0
1648639245,369.73,369.73,369.73,369.73,369.73,0,0
1648639250,369.79,369.79,369.79,369.79,369.79,3,1
1648639255,369.79,369.79,369.79,369.79,369.79,0,0
1648639260,369.81,369.81,369.79,369.79,369.796,9,9
1648639265,369.85,369.85,369.85,369.85,369.85,1,1
1648639270,369.85,369.85,369.85,369.85,369.85,0,0
1648639275,369.82,369.84,369.82,369.84,369.83,2,2
1648639280,369.82,369.82,369.79,369.79,369.801,11,6
1648639285,369.79,369.85,369.79,369.82,369.833,109,35
1648639290,369.82,369.82,369.82,369.82,369.82,0,0
1648639295,369.82,369.82,369.82,369.82,369.82,0,0
1648639300,369.83,369.83,369.83,369.83,369.83,2,2
1648639305,369.83,369.83,369.83,369.83,369.83,1,1
1648639310,369.83,369.83,369.83,369.83,369.83,0,0
1648639315,369.79,369.79,369.79,369.79,369.79,1,1
1648639320,369.79,369.79,369.79,369.79,369.79,0,0
1648639325,369.79,369.79,369.79,369.79,369.79,0,0
1648639330,369.79,369.79,369.79,369.79,369.79,0,0
1648639335,369.79,369.79,369.79,369.79,369.79,0,0
1648639340,369.79,369.79,369.79,369.79,369.79,0,0
1648639345,369.82,369.82,369.82,369.82,369.82,5,1
1648639350,369.82,369.82,369.82,369.82,369.82,0,0
1648639355,369.82,369.82,369.82,369.82,369.82,0,0
1648639360,369.82,369.82,369.82,369.82,369.82,0,0
1648639365,369.82,369.82,369.82,369.82,369.82,0,0
1648639370,369.78,369.78,369.78,369.78,369.78,1,1
1648639375,369.78,369.78,369.78,369.78,369.78,0,0
1648639380,369.78,369.78,369.78,369.78,369.78,0,0
1648639385,369.89,369.9,369.89,369.9,369.897,11,3
1648639390,369.9,369.9,369.88,369.88,369.899,18,6
1648639395,369.88,369.88,369.88,369.88,369.88,0,0
1648639400,369.81,369.81,369.79,369.79,369.801,20,9
1648639405,369.79,369.79,369.79,369.79,369.79,0,0
1648639410,369.79,369.79,369.79,369.79,369.79,0,0
1648639415,369.79,369.79,369.79,369.79,369.79,0,0
1648639420,369.79,369.79,369.79,369.79,369.79,0,0
1648639425,369.79,369.79,369.79,369.79,369.79,0,0
1648639430,369.79,369.79,369.79,369.79,369.79,0,0
1648639435,369.79,369.79,369.79,369.79,369.79,0,0
1648639440,369.83,369.83,369.83,369.83,369.83,1,1
1648639445,369.83,369.83,369.83,369.83,369.83,0,0
1648639450,369.83,369.83,369.83,369.83,369.83,0,0
1648639455,369.83,369.83,369.83,369.83,369.83,0,0
1648639460,369.83,369.83,369.83,369.83,369.83,0,0
1648639465,369.83,369.83,369.83,369.83,369.83,0,0
1648639470,369.83,369.83,369.83,369.83,369.83,0,0
1648639475,369.83,369.83,369.83,369.83,369.83,0,0
1648639480,369.83,369.83,369.83,369.83,369.83,0,0
1648639485,369.83,369.83,369.83,369.83,369.83,0,0
1648639490,369.83,369.83,369.83,369.83,369.83,0,0
1648639495,369.83,369.83,369.83,369.83,369.83,0,0
1648639500,369.83,369.83,369.83,369.83,369.83,0,0
1648639505,369.83,369.83,369.83,369.83,369.83,0,0
1648639510,369.83,369.83,369.83,369.83,369.83,0,0
1648639515,369.83,369.83,369.83,369.83,369.83,0,0
1648639520,369.83,369.83,369.83,369.83,369.83,0,0
1648639525,369.83,369.83,369.83,369.83,369.83,0,0
1648639530,369.83,369.83,369.83,369.83,369.83,0,0
1648639535,369.8,369.8,369.8,369.8,369.8,2,1
1648639540,369.8,369.8,369.8,369.8,369.8,0,0
1648639545,369.8,369.82,369.8,369.82,369.813,2,2
1648639550,369.82,369.82,369.82,369.82,369.82,0,0
1648639555,369.82,369.82,369.82,369.82,369.82,0,0
1648639560,369.82,369.82,369.82,369.82,369.82,0,0
1648639565,369.82,369.82,369.82,369.82,369.82,0,0
1648639570,369.82,369.82,369.82,369.82,369.82,0,0
1648639575,369.82,369.82,369.82,369.82,369.82,0,0
1648639580,369.82,369.82,369.82,369.82,369.82,0,0
1648639585,369.82,369.82,369.82,369.82,369.82,0,0
1648639590,369.82,369.82,369.82,369.82,369.82,0,0
1648639595,369.82,369.82,369.82,369.82,369.82,0,0
1648639600,369.82,369.82,369.82,369.82,369.82,0,0
1648639605,369.83,369.84,369.83,369.84,369.835,2,2
1648639610,369.84,369.84,369.84,369.84,369.84,0,0
1648639615,369.84,369.84,369.84,369.84,369.84,0,0
1648639620,369.84,369.84,369.84,369.84,369.84,0,0
1648639625,369.84,369.84,369.84,369.84,369.84,0,0
1648639630,369.84,369.84,369.84,369.84,369.84,0,0
1648639635,369.84,369.84,369.84,369.84,369.84,0,0
1648639640,369.84,369.84,369.84,369.84,369.84,0,0
1648639645,369.84,369.84,369.84,369.84,369.84,0,0
1648639650,369.84,369.84,369.84,369.84,369.84,0,0
1648639655,369.84,369.84,369.84,369.84,369.84,0,0
1648639660,369.84,369.84,369.84,369.84,369.84,0,0
1648639665,369.84,369.84,369.84,369.84,369.84,0,0
1648639670,369.84,369.84,369.84,369.84,369.84,0,0
1648639675,369.84,369.84,369.84,369.84,369.84,0,0
1648639680,369.84,369.84,369.84,369.84,369.84,0,0
1648639685,369.82,369.82,369.82,369.82,369.82,1,1
1648639690,369.82,369.82,369.82,369.82,369.82,0,0
1648639695,369.82,369.82,369.82,369.82,369.82,0,0
1648639700,369.82,369.82,369.82,369.82,369.82,0,0
1648639705,369.82,369.82,369.82,369.82,369.82,0,0
1648639710,369.89,369.89,369.89,369.89,369.89,1,1
1648639715,369.89,369.89,369.89,369.89,369.89,0,0
1648639720,369.89,369.89,369.89,369.89,369.89,0,0
1648639725,369.87,369.87,369.86,369.87,369.869,1,1
1648639730,369.84,369.84,369.84,369.84,369.84,1,1
1648639735,369.84,369.84,369.84,369.84,369.84,0,0
1648639740,369.84,369.84,369.84,369.84,369.84,0,0
1648639745,369.84,369.84,369.84,369.84,369.84,0,0
1648639750,369.84,369.84,369.84,369.84,369.84,0,0
1648639755,369.84,369.84,369.84,369.84,369.84,0,0
1648639760,369.84,369.84,369.84,369.84,369.84,0,0
1648639765,369.81,369.83,369.81,369.83,369.818,100,24
1648639770,369.83,369.83,369.83,369.83,369.83,0,0
1648639775,369.83,369.83,369.83,369.83,369.83,0,0
1648639780,369.83,369.83,369.83,369.83,369.83,0,0
1648639785,369.83,369.83,369.83,369.83,369.83,0,0
1648639790,369.83,369.83,369.83,369.83,369.83,0,0
1648639795,369.83,369.83,369.83,369.83,369.83,0,0
1648639800,369.8,369.81,369.78,369.81,369.793,15,15
1648639805,369.77,369.77,369.77,369.77,369.77,5,1
1648639810,369.77,369.77,369.77,369.77,369.77,0,0
1648639815,369.77,369.77,369.77,369.77,369.77,0,0
1648639820,369.77,369.77,369.77,369.77,369.77,0,0
1648639825,369.77,369.77,369.77,369.77,369.77,0,0
1648639830,369.74,369.74,369.74,369.74,369.74,1,1
1648639835,369.74,369.74,369.74,369.74,369.74,0,0
1648639840,369.74,369.74,369.74,369.74,369.74,0,0
1648639845,369.74,369.74,369.74,369.74,369.74,0,0
1648639850,369.74,369.74,369.74,369.74,369.74,0,0
1648639855,369.74,369.74,369.74,369.74,369.74,0,0
1648639860,369.74,369.74,369.74,369.74,369.74,0,0
1648639865,369.74,369.74,369.74,369.74,369.74,0,0
1648639870,369.74,369.74,369.74,369.74,369.74,1,1
1648639875,369.74,369.74,369.74,369.74,369.74,0,0
1648639880,369.74,369.74,369.74,369.74,369.74,0,0
1648639885,369.74,369.74,369.74,369.74,369.74,0,0
1648639890,369.74,369.74,369.74,369.74,369.74,0,0
1648639895,369.74,369.74,369.74,369.74,369.74,0,0
1648639900,369.73,369.73,369.73,369.73,369.73,2,2
1648639905,369.73,369.73,369.73,369.73,369.73,0,0
1648639910,369.73,369.73,369.73,369.73,369.73,0,0
1648639915,369.73,369.73,369.73,369.73,369.73,0,0
1648639920,369.73,369.73,369.73,369.73,369.73,0,0
1648639925,369.73,369.73,369.73,369.73,369.73,0,0
1648639930,369.73,369.73,369.73,369.73,369.73,0,0
1648639935,369.73,369.73,369.73,369.73,369.73,0,0
1648639940,369.73,369.73,369.73,369.73,369.73,0,0
1648639945,369.84,369.84,369.83,369.83,369.837,3,3
1648639950,369.83,369.83,369.83,369.83,369.83,0,0
1648639955,369.89,369.89,369.89,369.89,369.89,1,1
1648639960,369.89,369.89,369.89,369.89,369.89,0,0
1648639965,369.89,369.89,369.89,369.89,369.89,0,0
1648639970,369.89,369.89,369.89,369.89,369.89,0,0
1648639975,369.89,369.89,369.89,369.89,369.89,0,0
1648639980,369.89,369.89,369.89,369.89,369.89,0,0
1648639985,369.89,369.89,369.89,369.89,369.89,0,0
1648639990,369.89,369.89,369.89,369.89,369.89,0,0
1648639995,369.89,369.89,369.89,369.89,369.89,0,0
1648640000,369.89,369.89,369.89,369.89,369.89,0,0
1648640005,369.89,369.89,369.89,369.89,369.89,0,0
1648640010,369.92,369.92,369.92,369.92,369.92,8,1
1648640015,369.92,369.92,369.92,369.92,369.92,0,0
1648640020,369.93,369.93,369.93,369.93,369.93,1,1
1648640025,369.93,369.93,369.93,369.93,369.93,0,0
1648640030,369.93,369.93,369.93,369.93,369.93,0,0
1648640035,369.96,369.96,369.96,369.96,369.96,1,1
1648640040,369.98,369.98,369.98,369.98,369.98,1,1
1648640045,369.98,369.98,369.98,369.98,369.98,0,0
1648640050,369.99,369.99,369.99,369.99,369.99,2,1
1648640055,369.99,369.99,369.99,369.99,369.99,0,0
1648640060,369.99,369.99,369.99,369.99,369.99,0,0
1648640065,369.99,369.99,369.99,369.99,369.99,0,0
1648640070,369.99,369.99,369.99,369.99,369.99,0,0
1648640075,369.99,369.99,369.99,369.99,369.99,0,0
1648640080,370.0,370.0,370.0,370.0,370.0,2,2
1648640085,370.0,370.0,370.0,370.0,370.0,0,0
1648640090,370.0,370.0,370.0,370.0,370.0,0,0
1648640095,369.97,370.0,369.97,370.0,369.981,8,5
1648640100,370.03,370.03,370.03,370.03,370.03,5,2
1648640105,370.03,370.03,370.03,370.03,370.03,3,3
1648640110,370.03,370.03,370.03,370.03,370.03,0,0
1648640115,370.0,370.0,369.98,369.98,369.991,24,8
1648640120,369.98,369.98,369.98,369.98,369.98,0,0
1648640125,370.0,370.0,369.98,369.98,369.985,104,30
1648640130,369.96,369.96,369.96,369.96,369.96,4,2
1648640135,369.92,369.92,369.92,369.92,369.92,1,1
1648640140,369.92,369.92,369.92,369.92,369.92,0,0
1648640145,369.92,369.92,369.92,369.92,369.92,0,0
1648640150,369.92,369.92,369.92,369.92,369.92,0,0
1648640155,369.92,369.92,369.92,369.92,369.92,0,0
1648640160,369.9,369.9,369.9,369.9,369.9,1,1
1648640165,369.9,369.9,369.9,369.9,369.9,3,1
1648640170,369.9,369.9,369.9,369.9,369.9,0,0
1648640175,369.9,369.9,369.9,369.9,369.9,0,0
1648640180,369.98,369.98,369.98,369.98,369.98,1,1
1648640185,369.99,369.99,369.99,369.99,369.99,1,1
1648640190,369.99,369.99,369.99,369.99,369.99,0,0
1648640195,369.98,369.98,369.98,369.98,369.98,2,1
1648640200,369.98,369.98,369.98,369.98,369.98,0,0
1648640205,369.98,369.98,369.98,369.98,369.98,0,0
1648640210,369.93,369.95,369.93,369.95,369.936,7,7
1648640215,369.95,369.95,369.95,369.95,369.95,0,0
1648640220,369.95,369.95,369.95,369.95,369.95,0,0
1648640225,369.95,369.95,369.95,369.95,369.95,0,0
1648640230,369.95,369.95,369.95,369.95,369.95,0,0
1648640235,369.95,369.95,369.95,369.95,369.95,0,0
1648640240,369.95,369.95,369.95,369.95,369.95,0,0
1648640245,369.95,369.95,369.95,369.95,369.95,0,0
1648640250,369.95,369.95,369.95,369.95,369.95,0,0
1648640255,369.95,369.95,369.95,369.95,369.95,0,0
1648640260,369.95,369.95,369.95,369.95,369.95,0,0
1648640265,369.95,369.95,369.95,369.95,369.95,0,0
1648640270,369.93,369.93,369.9,369.9,369.901,62,22
1648640275,369.89,369.89,369.88,369.88,369.882,85,19
1648640280,369.88,369.88,369.88,369.88,369.88,0,0
1648640285,369.9,369.9,369.9,369.9,369.9,3,1
1648640290,369.9,369.9,369.9,369.9,369.9,0,0
1648640295,369.9,369.9,369.9,369.9,369.9,0,0
1648640300,369.9,369.9,369.9,369.9,369.9,0,0
1648640305,369.9,369.9,369.9,369.9,369.9,1,1
1648640310,369.89,369.89,369.89,369.89,369.89,3,3
1648640315,369.89,369.89,369.89,369.89,369.89,0,0
1648640320,369.89,369.89,369.89,369.89,369.89,0,0
1648640325,369.89,369.89,369.89,369.89,369.89,0,0
1648640330,369.89,369.89,369.89,369.89,369.89,0,0
1648640335,369.89,369.89,369.89,369.89,369.89,0,0
1648640340,369.89,369.89,369.89,369.89,369.89,0,0
1648640345,369.89,369.89,369.89,369.89,369.89,0,0
1648640350,369.86,369.86,369.86,369.86,369.86,1,1
1648640355,369.86,369.86,369.86,369.86,369.86,0,0
1648640360,369.86,369.86,369.86,369.86,369.86,0,0
1648640365,369.86,369.86,369.86,369.86,369.86,0,0
1648640370,369.86,369.86,369.86,369.86,369.86,0,0
1648640375,369.86,369.86,369.86,369.86,369.86,0,0
1648640380,369.86,369.86,369.86,369.86,369.86,0,0
1648640385,369.86,369.86,369.86,369.86,369.86,0,0
1648640390,369.86,369.86,369.86,369.86,369.86,0,0
1648640395,369.86,369.86,369.86,369.86,369.86,0,0
1648640400,369.86,369.86,369.86,369.86,369.86,0,0
1648640405,369.86,369.86,369.86,369.86,369.86,0,0
1648640410,369.9,369.9,369.9,369.9,369.9,1,1
1648640415,369.9,369.9,369.9,369.9,369.9,5,5
1648640420,369.9,369.9,369.9,369.9,369.9,0,0
1648640425,369.9,369.9,369.9,369.9,369.9,0,0
1648640430,369.91,369.91,369.91,369.91,369.91,4,1
1648640435,369.91,369.91,369.91,369.91,369.91,0,0
1648640440,369.91,369.91,369.91,369.91,369.91,0,0
1648640445,369.91,369.91,369.91,369.91,369.91,0,0
1648640450,369.91,369.91,369.91,369.91,369.91,0,0
1648640455,369.91,369.91,369.91,369.91,369.91,0,0
1648640460,369.91,369.91,369.91,369.91,369.91,0,0
1648640465,369.91,369.91,369.91,369.91,369.91,0,0
1648640470,369.91,369.91,369.91,369.91,369.91,0,0
1648640475,369.89,369.89,369.89,369.89,369.89,4,3
1648640480,369.89,369.89,369.89,369.89,369.89,0,0
1648640485,369.9,369.9,369.9,369.9,369.9,8,4
1648640490,369.88,369.88,369.88,369.88,369.88,1,1
1648640495,369.88,369.88,369.88,369.88,369.88,0,0
1648640500,369.88,369.88,369.88,369.88,369.88,0,0
1648640505,369.88,369.88,369.88,369.88,369.88,0,0
1648640510,369.87,369.87,369.87,369.87,369.87,10,2
1648640515,369.87,369.87,369.87,369.87,369.87,1,1
1648640520,369.87,369.87,369.87,369.87,369.87,0,0
1648640525,369.87,369.87,369.87,369.87,369.87,0,0
1648640530,369.87,369.87,369.87,369.87,369.87,0,0
1648640535,369.87,369.87,369.87,369.87,369.87,0,0
1648640540,369.87,369.87,369.87,369.87,369.87,0,0
1648640545,369.87,369.87,369.87,369.87,369.87,0,0
1648640550,369.87,369.87,369.87,369.87,369.87,0,0
1648640555,369.87,369.87,369.87,369.87,369.87,0,0
1648640560,369.9,369.9,369.9,369.9,369.9,1,1
1648640565,369.9,369.9,369.9,369.9,369.9,0,0
1648640570,369.9,369.9,369.9,369.9,369.9,0,0
1648640575,369.9,369.9,369.9,369.9,369.9,0,0
1648640580,369.9,369.9,369.9,369.9,369.9,0,0
1648640585,369.87,369.87,369.87,369.87,369.87,2,2
1648640590,369.87,369.87,369.87,369.87,369.87,0,0
1648640595,369.87,369.87,369.87,369.87,369.87,0,0
1648640600,369.87,369.87,369.87,369.87,369.87,0,0
1648640605,369.87,369.87,369.87,369.87,369.87,0,0
1648640610,369.87,369.87,369.87,369.87,369.87,0,0
1648640615,369.87,369.87,369.87,369.87,369.87,0,0
1648640620,369.87,369.87,369.87,369.87,369.87,0,0
1648640625,369.87,369.87,369.87,369.87,369.87,0,0
1648640630,369.87,369.87,369.87,369.87,369.87,0,0
1648640635,369.87,369.87,369.87,369.87,369.87,0,0
1648640640,369.92,369.92,369.92,369.92,369.92,2,1
1648640645,369.92,369.92,369.92,369.92,369.92,1,1
1648640650,369.92,369.92,369.92,369.92,369.92,0,0
1648640655,369.92,369.92,369.92,369.92,369.92,0,0
1648640660,369.92,369.92,369.92,369.92,369.92,0,0
1648640665,369.92,369.92,369.92,369.92,369.92,0,0
1648640670,369.92,369.92,369.92,369.92,369.92,0,0
1648640675,369.92,369.92,369.92,369.92,369.92,0,0
1648640680,369.92,369.92,369.92,369.92,369.92,0,0
1648640685,369.92,369.92,369.92,369.92,369.92,0,0
1648640690,369.81,369.81,369.81,369.81,369.81,26,4
1648640695,369.81,369.81,369.81,369.81,369.81,0,0
1648640700,369.81,369.81,369.81,369.81,369.81,0,0
1648640705,369.81,369.81,369.81,369.81,369.81,0,0
1648640710,369.81,369.81,369.81,369.81,369.81,0,0
1648640715,369.81,369.81,369.81,369.81,369.81,0,0
1648640720,369.81,369.81,369.81,369.81,369.81,0,0
1648640725,369.84,369.84,369.83,369.83,369.834,9,9
1648640730,369.84,369.84,369.83,369.83,369.832,5,3
1648640735,369.83,369.83,369.83,369.83,369.83,0,0
1648640740,369.83,369.83,369.83,369.83,369.83,0,0
1648640745,369.83,369.83,369.83,369.83,369.83,0,0
1648640750,369.83,369.83,369.83,369.83,369.83,0,0
1648640755,369.83,369.83,369.83,369.83,369.83,0,0
1648640760,369.83,369.83,369.83,369.83,369.83,0,0
1648640765,369.83,369.83,369.83,369.83,369.83,0,0
1648640770,369.83,369.83,369.83,369.83,369.83,0,0
1648640775,369.83,369.83,369.83,369.83,369.83,0,0
1648640780,369.83,369.83,369.83,369.83,369.83,0,0
1648640785,369.83,369.83,369.83,369.83,369.83,0,0
1648640790,369.83,369.83,369.83,369.83,369.83,0,0
1648640795,369.83,369.83,369.83,369.83,369.83,0,0
1648640800,369.83,369.83,369.83,369.83,369.83,0,0
1648640805,369.83,369.83,369.83,369.83,369.83,0,0
1648640810,369.83,369.83,369.83,369.83,369.83,0,0
1648640815,369.83,369.83,369.83,369.83,369.83,0,0
1648640820,369.81,369.81,369.81,369.81,369.81,2,1
1648640825,369.81,369.81,369.81,369.81,369.81,0,0
1648640830,369.81,369.81,369.81,369.81,369.81,0,0
1648640835,369.81,369.81,369.81,369.81,369.81,0,0
1648640840,369.8,369.8,369.8,369.8,369.8,2,2
1648640845,369.82,369.82,369.82,369.82,369.82,1,1
1648640850,369.82,369.82,369.82,369.82,369.82,0,0
1648640855,369.82,369.82,369.82,369.82,369.82,0,0
1648640860,369.85,369.85,369.85,369.85,369.85,2,1
1648640865,369.85,369.85,369.85,369.85,369.85,0,0
1648640870,369.85,369.85,369.85,369.85,369.85,0,0
1648640875,369.85,369.85,369.85,369.85,369.85,0,0
1648640880,369.85,369.85,369.85,369.85,369.85,0,0
1648640885,369.85,369.85,369.85,369.85,369.85,0,0
1648640890,369.85,369.85,369.85,369.85,369.85,0,0
1648640895,369.85,369.85,369.85,369.85,369.85,0,0
1648640900,369.85,369.85,369.85,369.85,369.85,0,0
1648640905,369.85,369.85,369.85,369.85,369.85,2,2
1648640910,369.85,369.85,369.85,369.85,369.85,0,0
1648640915,369.85,369.85,369.85,369.85,369.85,0,0
1648640920,369.85,369.85,369.85,369.85,369.85,0,0
1648640925,369.85,369.85,369.85,369.85,369.85,0,0
1648640930,369.86,369.86,369.86,369.86,369.86,1,1
1648640935,369.86,369.86,369.86,369.86,369.86,0,0
1648640940,369.86,369.86,369.86,369.86,369.86,0,0
1648640945,369.86,369.86,369.86,369.86,369.86,0,0
1648640950,369.86,369.86,369.86,369.86,369.86,0,0
1648640955,369.86,369.86,369.86,369.86,369.86,0,0
1648640960,369.86,369.86,369.86,369.86,369.86,0,0
1648640965,369.86,369.86,369.86,369.86,369.86,0,0
1648640970,369.86,369.86,369.86,369.86,369.86,0,0
1648640975,369.86,369.86,369.86,369.86,369.86,0,0
1648640980,369.86,369.86,369.86,369.86,369.86,0,0
1648640985,369.86,369.86,369.86,369.86,369.86,0,0
1648640990,369.86,369.86,369.86,369.86,369.86,0,0
1648640995,369.86,369.86,369.86,369.86,369.86,0,0
1648641000,369.86,369.86,369.86,369.86,369.86,0,0
1648641005,369.87,369.89,369.87,369.89,369.877,3,3
1648641010,369.93,369.93,369.93,369.93,369.93,1,1
1648641015,369.93,369.93,369.93,369.93,369.93,0,0
1648641020,369.97,369.97,369.97,369.97,369.97,1,1
1648641025,369.99,369.99,369.99,369.99,369.99,3,3
1648641030,369.99,369.99,369.99,369.99,369.99,1,1
1648641035,369.99,369.99,369.99,369.99,369.99,0,0
1648641040,369.99,369.99,369.99,369.99,369.99,0,0
1648641045,369.99,369.99,369.99,369.99,369.99,0,0
1648641050,369.99,369.99,369.99,369.99,369.99,0,0
1648641055,369.99,369.99,369.99,369.99,369.99,0,0
1648641060,369.97,369.97,369.97,369.97,369.97,2,1
1648641065,369.97,369.97,369.97,369.97,369.97,0,0
1648641070,369.97,369.97,369.97,369.97,369.97,0,0
1648641075,369.97,369.97,369.97,369.97,369.97,0,0
1648641080,369.97,369.97,369.97,369.97,369.97,0,0
1648641085,369.97,369.97,369.97,369.97,369.97,0,0
1648641090,369.98,369.98,369.98,369.98,369.98,1,1
1648641095,369.98,369.98,369.98,369.98,369.98,0,0
1648641100,369.98,369.98,369.98,369.98,369.98,0,0
1648641105,369.98,369.98,369.98,369.98,369.98,0,0
1648641110,370.0,370.0,370.0,370.0,370.0,7,6
1648641115,370.0,370.0,370.0,370.0,370.0,0,0
1648641120,370.0,370.0,370.0,370.0,370.0,0,0
1648641125,370.0,370.0,370.0,370.0,370.0,0,0
1648641130,370.0,370.0,370.0,370.0,370.0,0,0
1648641135,370.0,370.0,370.0,370.0,370.0,0,0
1648641140,370.0,370.0,370.0,370.0,370.0,0,0
1648641145,369.96,369.96,369.96,369.96,369.96,1,1
1648641150,369.96,369.96,369.96,369.96,369.96,0,0
1648641155,369.96,369.96,369.96,369.96,369.96,0,0
1648641160,369.96,369.96,369.96,369.96,369.96,0,0
1648641165,369.96,369.96,369.96,369.96,369.96,0,0
1648641170,369.96,369.96,369.96,369.96,369.96,0,0
1648641175,369.96,369.96,369.96,369.96,369.96,0,0
1648641180,369.96,369.96,369.96,369.96,369.96,0,0
1648641185,369.96,369.96,369.96,369.96,369.96,0,0
1648641190,369.96,369.96,369.96,369.96,369.96,0,0
1648641195,369.96,369.96,369.96,369.96,369.96,0,0
1648641200,369.96,369.96,369.96,369.96,369.96,0,0
1648641205,369.94,369.94,369.94,369.94,369.94,1,1
1648641210,369.94,369.94,369.94,369.94,369.94,0,0
1648641215,369.94,369.94,369.94,369.94,369.94,0,0
1648641220,369.94,369.94,369.94,369.94,369.94,0,0
1648641225,369.93,369.93,369.93,369.93,369.93,1,1
1648641230,369.93,369.93,369.93,369.93,369.93,0,0
1648641235,369.93,369.93,369.93,369.93,369.93,0,0
1648641240,369.93,369.93,369.93,369.93,369.93,0,0
1648641245,369.93,369.93,369.93,369.93,369.93,0,0
1648641250,369.96,369.96,369.96,369.96,369.96,1,1
1648641255,369.96,369.96,369.96,369.96,369.96,0,0
1648641260,369.95,369.95,369.95,369.95,369.95,2,2
1648641265,369.98,369.98,369.98,369.98,369.98,1,1
1648641270,369.98,369.98,369.98,369.98,369.98,0,0
1648641275,369.98,369.98,369.98,369.98,369.98,0,0
1648641280,369.98,369.98,369.98,369.98,369.98,0,0
1648641285,369.98,369.98,369.98,369.98,369.98,0,0
1648641290,369.98,369.98,369.98,369.98,369.98,0,0
1648641295,369.98,369.98,369.98,369.98,369.98,0,0
1648641300,369.98,369.98,369.98,369.98,369.98,0,0
1648641305,369.98,369.98,369.98,369.98,369.98,0,0
1648641310,369.98,369.98,369.98,369.98,369.98,0,0
1648641315,369.98,369.98,369.98,369.98,369.98,0,0
1648641320,369.98,369.98,369.98,369.98,369.98,0,0
1648641325,369.93,369.93,369.93,369.93,369.93,2,1
1648641330,369.93,369.93,369.93,369.93,369.93,0,0
1648641335,369.93,369.93,369.93,369.93,369.93,0,0
1648641340,369.93,369.93,369.93,369.93,369.93,0,0
1648641345,369.93,369.93,369.93,369.93,369.93,0,0
1648641350,369.93,369.93,369.93,369.93,369.93,0,0
1648641355,369.93,369.93,369.93,369.93,369.93,0,0
1648641360,369.93,369.93,369.93,369.93,369.93,0,0
1648641365,369.93,369.93,369.93,369.93,369.93,0,0
1648641370,369.85,369.85,369.85,369.85,369.85,9,2
1648641375,369.85,369.85,369.85,369.85,369.85,0,0
1648641380,369.85,369.85,369.85,369.85,369.85,0,0
1648641385,369.85,369.85,369.85,369.85,369.85,0,0
1648641390,369.85,369.85,369.85,369.85,369.85,0,0
1648641395,369.84,369.84,369.84,369.84,369.84,4,4
1648641400,369.83,369.83,369.83,369.83,369.83,2,2
1648641405,369.83,369.83,369.83,369.83,369.83,0,0
1648641410,369.83,369.83,369.83,369.83,369.83,0,0
1648641415,369.83,369.83,369.83,369.83,369.83,0,0
1648641420,369.8,369.8,369.8,369.8,369.8,2,1
1648641425,369.8,369.8,369.8,369.8,369.8,0,0
1648641430,369.8,369.8,369.8,369.8,369.8,0,0
1648641435,369.83,369.83,369.83,369.83,369.83,5,1
1648641440,369.83,369.83,369.83,369.83,369.83,0,0
1648641445,369.83,369.83,369.83,369.83,369.83,0,0
1648641450,369.83,369.83,369.83,369.83,369.83,0,0
1648641455,369.83,369.83,369.83,369.83,369.83,0,0
1648641460,369.83,369.83,369.83,369.83,369.83,0,0
1648641465,369.83,369.83,369.83,369.83,369.83,0,0
1648641470,369.83,369.83,369.83,369.83,369.83,0,0
1648641475,369.8,369.8,369.8,369.8,369.8,9,2
1648641480,369.8,369.8,369.8,369.8,369.8,0,0
1648641485,369.8,369.83,369.8,369.8,369.822,25,12
1648641490,369.8,369.8,369.8,369.8,369.8,0,0
1648641495,369.8,369.8,369.8,369.8,369.8,0,0
1648641500,369.82,369.82,369.82,369.82,369.82,1,1
1648641505,369.82,369.82,369.82,369.82,369.82,0,0
1648641510,369.81,369.81,369.81,369.81,369.81,1,1
1648641515,369.81,369.81,369.81,369.81,369.81,0,0
1648641520,369.81,369.81,369.81,369.81,369.81,0,0
1648641525,369.81,369.81,369.81,369.81,369.81,0,0
1648641530,369.81,369.81,369.81,369.81,369.81,0,0
1648641535,369.81,369.81,369.81,369.81,369.81,0,0
1648641540,369.81,369.81,369.81,369.81,369.81,0,0
1648641545,369.81,369.81,369.81,369.81,369.81,0,0
1648641550,369.81,369.81,369.81,369.81,369.81,0,0
1648641555,369.81,369.81,369.81,369.81,369.81,0,0
1648641560,369.81,369.81,369.81,369.81,369.81,0,0
1648641565,369.81,369.81,369.81,369.81,369.81,0,0
1648641570,369.81,369.81,369.81,369.81,369.81,0,0
1648641575,369.81,369.81,369.81,369.81,369.81,0,0
1648641580,369.82,369.82,369.82,369.82,369.82,5,5
1648641585,369.82,369.82,369.82,369.82,369.82,0,0
1648641590,369.81,369.81,369.81,369.81,369.81,1,1
1648641595,369.81,369.81,369.81,369.81,369.81,0,0
1648641600,369.58,370.0,369.42,369.82,369.724,139,44
1648641605,369.82,369.82,369.82,369.82,369.82,0,0
1648641610,369.82,369.82,369.82,369.82,369.82,0,0
1648641615,369.75,369.75,369.71,369.71,369.73,2,2
1648641620,369.71,369.71,369.71,369.71,369.71,11,2
1648641625,369.73,369.73,369.73,369.73,369.73,12,8
1648641630,369.73,369.73,369.73,369.73,369.73,0,0
1648641635,369.7,369.7,369.69,369.69,369.697,25,5
1648641640,369.68,369.68,369.65,369.65,369.665,2,2
1648641645,369.65,369.65,369.65,369.65,369.65,0,0
1648641650,369.65,369.68,369.65,369.68,369.677,27,18
1648641655,369.68,369.68,369.68,369.68,369.68,0,0
1648641660,369.68,369.68,369.68,369.68,369.68,0,0
1648641665,370.09,371.1,369.74,370.6,370.629,42,7
1648641670,370.1,371.1,369.7,370.51,370.561,38,7
1648641675,370.51,370.51,370.51,370.51,370.51,0,0
1648641680,369.66,369.66,369.66,369.66,369.66,1,1
1648641685,369.66,369.66,369.66,369.66,369.66,0,0
1648641690,369.64,369.64,369.64,369.64,369.64,1,1
1648641695,369.64,369.64,369.64,369.64,369.64,0,0
1648641700,369.64,369.64,369.64,369.64,369.64,0,0
1648641705,369.65,369.65,369.65,369.65,369.65,9,3
1648641710,369.65,369.65,369.65,369.65,369.65,0,0
1648641715,369.66,369.66,369.66,369.66,369.66,1,1
1648641720,369.65,369.65,369.65,369.65,369.65,5,2
1648641725,369.64,369.64,369.64,369.64,369.64,1,1
1648641730,369.64,369.64,369.64,369.64,369.64,0,0
1648641735,369.64,369.64,369.64,369.64,369.64,0,0
1648641740,369.62,369.62,369.62,369.62,369.62,15,3
1648641745,369.62,369.62,369.62,369.62,369.62,1,1
1648641750,369.6,369.6,369.6,369.6,369.6,1,1
1648641755,369.56,369.56,369.56,369.56,369.56,1,1
1648641760,369.6,369.6,369.59,369.59,369.6,54,21
1648641765,369.56,369.56,369.56,369.56,369.56,15,7
1648641770,369.55,369.55,369.55,369.55,369.55,3,2
1648641775,369.57,369.57,369.57,369.57,369.57,13,6
1648641780,369.56,369.56,369.55,369.55,369.556,10,6
1648641785,369.55,369.55,369.55,369.55,369.55,0,0
1648641790,369.55,369.55,369.55,369.55,369.55,0,0
1648641795,369.55,369.55,369.55,369.55,369.55,5,1
1648641800,369.52,369.52,369.52,369.52,369.52,6,6
1648641805,369.52,369.52,369.52,369.52,369.52,0,0
1648641810,369.52,369.52,369.52,369.52,369.52,0,0
1648641815,369.56,369.56,369.56,369.56,369.56,15,3
1648641820,369.57,369.57,369.57,369.57,369.57,16,4
1648641825,369.57,369.57,369.57,369.57,369.57,0,0
1648641830,369.6,369.61,369.6,369.61,369.605,10,10
1648641835,369.61,369.61,369.61,369.61,369.61,0,0
1648641840,369.64,369.64,369.64,369.64,369.64,6,4
1648641845,369.64,369.64,369.64,369.64,369.64,0,0
1648641850,369.64,369.64,369.64,369.64,369.64,0,0
1648641855,369.64,369.64,369.64,369.64,369.64,0,0
1648641860,369.64,369.64,369.64,369.64,369.64,0,0
1648641865,369.64,369.64,369.64,369.64,369.64,0,0
1648641870,369.64,369.64,369.64,369.64,369.64,0,0
1648641875,369.64,369.64,369.64,369.64,369.64,0,0
1648641880,369.64,369.64,369.64,369.64,369.64,0,0
1648641885,369.64,369.64,369.64,369.64,369.64,0,0
1648641890,369.64,369.64,369.64,369.64,369.64,0,0
1648641895,369.64,369.64,369.64,369.64,369.64,0,0
1648641900,369.64,369.64,369.64,369.64,369.64,0,0
1648641905,369.64,369.64,369.64,369.64,369.64,0,0
1648641910,369.64,369.64,369.64,369.64,369.64,1,1
1648641915,369.59,369.59,369.55,369.56,369.56,17,6
1648641920,369.56,369.56,369.56,369.56,369.56,0,0
1648641925,369.56,369.56,369.56,369.56,369.56,0,0
1648641930,369.56,369.56,369.56,369.56,369.56,0,0
1648641935,369.56,369.56,369.56,369.56,369.56,0,0
1648641940,369.56,369.56,369.56,369.56,369.56,0,0
1648641945,369.59,369.59,369.59,369.59,369.59,5,3
1648641950,369.59,369.59,369.59,369.59,369.59,0,0
1648641955,369.59,369.59,369.59,369.59,369.59,0,0
1648641960,369.59,369.59,369.59,369.59,369.59,0,0
1648641965,369.59,369.59,369.59,369.59,369.59,0,0
1648641970,369.54,369.54,369.54,369.54,369.54,1,1
1648641975,369.54,369.54,369.54,369.54,369.54,0,0
1648641980,369.54,369.54,369.54,369.54,369.54,0,0
1648641985,369.54,369.54,369.54,369.54,369.54,0,0
1648641990,369.54,369.54,369.54,369.54,369.54,0,0
1648641995,369.54,369.54,369.54,369.54,369.54,0,0
1648642000,369.54,369.54,369.54,369.54,369.54,1,1
1648642005,369.54,369.54,369.54,369.54,369.54,0,0
1648642010,369.54,369.54,369.54,369.54,369.54,0,0
1648642015,369.56,369.56,369.53,369.53,369.557,11,2
1648642020,369.53,369.53,369.53,369.53,369.53,0,0
1648642025,369.53,369.53,369.53,369.53,369.53,0,0
1648642030,369.51,369.51,369.51,369.51,369.51,1,1
1648642035,369.51,369.51,369.51,369.51,369.51,0,0
1648642040,369.49,369.49,369.49,369.49,369.49,4,1
1648642045,369.5,369.5,369.5,369.5,369.5,1,1
1648642050,369.49,369.49,369.48,369.48,369.483,3,2
1648642055,369.48,369.48,369.48,369.48,369.48,0,0
1648642060,369.48,369.48,369.48,369.48,369.48,0,0
1648642065,369.48,369.48,369.48,369.48,369.48,0,0
1648642070,369.49,369.49,369.47,369.47,369.481,8,8
1648642075,369.47,369.47,369.47,369.47,369.47,0,0
1648642080,369.5,369.5,369.5,369.5,369.5,4,4
1648642085,369.5,369.5,369.5,369.5,369.5,0,0
1648642090,369.5,369.5,369.5,369.5,369.5,0,0
1648642095,369.46,369.46,369.46,369.46,369.46,2,2
1648642100,369.46,369.46,369.46,369.46,369.46,0,0
1648642105,369.46,369.46,369.46,369.46,369.46,0,0
1648642110,369.46,369.46,369.46,369.46,369.46,0,0
1648642115,369.46,369.46,369.46,369.46,369.46,0,0
1648642120,369.46,369.46,369.46,369.46,369.46,0,0
1648642125,369.46,369.46,369.46,369.46,369.46,0,0
1648642130,369.5,369.5,369.5,369.5,369.5,10,7
1648642135,369.49,369.49,369.49,369.49,369.49,2,2
1648642140,369.5,369.5,369.5,369.5,369.5,1,1
1648642145,369.5,369.5,369.5,369.5,369.5,0,0
1648642150,369.51,369.51,369.51,369.51,369.51,1,1
1648642155,369.52,369.52,369.52,369.52,369.52,1,1
1648642160,369.52,369.52,369.52,369.52,369.52,0,0
1648642165,369.5,369.5,369.5,369.5,369.5,3,1
1648642170,369.5,369.5,369.5,369.5,369.5,0,0
1648642175,369.5,369.5,369.5,369.5,369.5,0,0
1648642180,369.56,369.56,369.56,369.56,369.56,3,3
1648642185,369.56,369.56,369.56,369.56,369.56,0,0
1648642190,369.56,369.56,369.56,369.56,369.56,0,0
1648642195,369.56,369.56,369.56,369.56,369.56,3,1
1648642200,369.56,369.56,369.56,369.56,369.56,0,0
1648642205,369.6,369.6,369.6,369.6,369.6,4,1
1648642210,369.63,369.67,369.63,369.67,369.648,8,4
1648642215,369.65,369.65,369.62,369.62,369.635,5,2
1648642220,369.55,369.55,369.49,369.52,369.534,14,7
1648642225,369.52,369.52,369.52,369.52,369.52,0,0
1648642230,369.52,369.52,369.52,369.52,369.52,0,0
1648642235,369.55,369.56,369.55,369.56,369.554,10,7
1648642240,369.56,369.56,369.56,369.56,369.56,0,0
1648642245,369.58,369.58,369.58,369.58,369.58,10,2
1648642250,369.58,369.6,369.58,369.6,369.594,10,5
1648642255,369.6,369.6,369.6,369.6,369.6,0,0
1648642260,369.6,369.6,369.6,369.6,369.6,0,0
1648642265,369.6,369.6,369.6,369.6,369.6,0,0
1648642270,369.66,369.66,369.66,369.66,369.66,1,1
1648642275,369.66,369.66,369.66,369.66,369.66,0,0
1648642280,369.66,369.66,369.66,369.66,369.66,0,0
1648642285,369.64,369.64,369.64,369.64,369.64,1,1
1648642290,369.6,369.61,369.6,369.6,369.601,85,37
1648642295,369.6,369.61,369.6,369.6,369.602,62,19
1648642300,369.6,369.6,369.6,369.6,369.6,0,0
1648642305,369.6,369.6,369.6,369.6,369.6,0,0
1648642310,369.6,369.6,369.6,369.6,369.6,0,0
1648642315,369.58,369.58,369.43,369.43,369.568,52,12
1648642320,369.49,369.51,369.48,369.49,369.492,38,7
1648642325,369.53,369.53,369.53,369.53,369.53,1,1
1648642330,369.4,369.4,369.38,369.38,369.392,3,3
1648642335,369.36,369.36,369.28,369.29,369.332,67,15
1648642340,369.27,369.28,369.27,369.28,369.271,20,11
1648642345,369.27,369.27,369.22,369.24,369.247,35,11
1648642350,369.21,369.26,369.21,369.25,369.232,12,10
1648642355,369.25,369.25,369.25,369.25,369.25,0,0
1648642360,369.25,369.25,369.25,369.25,369.25,0,0
1648642365,369.25,369.25,369.25,369.25,369.25,0,0
1648642370,369.24,369.24,369.24,369.24,369.24,14,3
1648642375,369.24,369.24,369.24,369.24,369.24,0,0
1648642380,369.21,369.22,369.11,369.11,369.191,277,61
1648642385,369.05,369.05,368.98,369.0,369.008,176,29
1648642390,369.0,369.01,368.99,369.01,369.0,223,25
1648642395,369.0,369.03,369.0,369.03,369.026,37,8
1648642400,369.03,369.03,368.99,368.99,369.015,103,13
1648642405,368.95,368.95,368.91,368.91,368.922,16,4
1648642410,368.91,368.91,368.91,368.91,368.91,0,0
1648642415,369.0,369.0,369.0,369.0,369.0,3,2
1648642420,369.05,369.06,369.05,369.06,369.057,3,2
1648642425,369.06,369.06,369.06,369.06,369.06,0,0
1648642430,369.04,369.04,369.04,369.04,369.04,7,1
1648642435,369.0,369.0,369.0,369.0,369.0,2,2
1648642440,368.97,368.97,368.94,368.94,368.961,11,5
1648642445,368.94,368.94,368.94,368.94,368.94,0,0
1648642450,369.02,369.02,369.02,369.02,369.02,8,1
1648642455,369.02,369.08,369.02,369.08,369.028,23,4
1648642460,369.05,369.05,369.0,369.0,369.024,12,4
1648642465,368.98,368.98,368.98,368.98,368.98,5,1
1648642470,368.99,368.99,368.99,368.99,368.99,4,2
1648642475,368.91,368.91,368.91,368.91,368.91,1,1
1648642480,368.91,368.91,368.91,368.91,368.91,0,0
1648642485,368.91,368.93,368.83,368.83,368.859,52,14
1648642490,368.99,369.02,368.97,369.02,369.005,32,23
1648642495,369.02,369.02,369.02,369.02,369.02,0,0
1648642500,368.9,368.9,368.9,368.9,368.9,1,1
1648642505,368.9,368.9,368.9,368.9,368.9,0,0
1648642510,368.9,368.9,368.9,368.9,368.9,0,0
1648642515,368.88,368.89,368.88,368.88,368.88,2,1
1648642520,368.94,368.99,368.94,368.99,368.965,12,5
1648642525,368.99,368.99,368.99,368.99,368.99,0,0
1648642530,369.01,369.02,369.01,369.02,369.015,6,3
1648642535,369.02,369.02,369.02,369.02,369.02,6,1
1648642540,369.09,369.11,369.09,369.11,369.105,4,3
1648642545,369.11,369.11,369.11,369.11,369.11,0,0
1648642550,369.11,369.11,369.11,369.11,369.11,0,0
1648642555,369.05,369.05,369.03,369.03,369.033,11,3
1648642560,368.99,368.99,368.98,368.98,368.99,26,3
1648642565,368.95,368.95,368.93,368.93,368.93,127,26
1648642570,368.93,368.98,368.93,368.98,368.938,6,2
1648642575,368.98,368.98,368.98,368.98,368.98,0,0
1648642580,368.95,368.95,368.95,368.95,368.95,1,1
1648642585,368.93,368.93,368.93,368.93,368.93,24,3
1648642590,368.97,368.97,368.97,368.97,368.97,7,2
1648642595,368.99,368.99,368.99,368.99,368.99,2,1
1648642600,369.03,369.03,369.03,369.03,369.03,9,3
1648642605,369.03,369.03,369.03,369.03,369.03,0,0
1648642610,368.99,369.0,368.99,369.0,368.992,30,10
1648642615,369.0,369.0,369.0,369.0,369.0,2,1
1648642620,369.0,369.0,369.0,369.0,369.0,0,0
1648642625,369.0,369.0,368.9,368.9,368.95,249,66
1648642630,368.9,368.9,368.9,368.9,368.9,0,0
1648642635,368.97,368.97,368.97,368.97,368.97,5,1
1648642640,368.93,368.97,368.93,368.97,368.963,14,11
1648642645,368.93,368.94,368.93,368.94,368.939,49,8
1648642650,368.89,368.9,368.86,368.86,368.878,14,5
1648642655,368.89,368.89,368.86,368.86,368.87,14,3
1648642660,368.85,368.85,368.82,368.85,368.829,14,10
1648642665,368.85,368.85,368.84,368.85,368.849,4,2
1648642670,368.84,368.84,368.84,368.84,368.84,10,3
1648642675,368.86,368.86,368.84,368.86,368.859,16,13
1648642680,368.82,368.84,368.82,368.84,368.832,21,14
1648642685,368.84,368.84,368.84,368.84,368.84,1,1
1648642690,368.84,368.91,368.84,368.91,368.907,26,3
1648642695,368.94,368.97,368.94,368.97,368.954,14,3
1648642700,368.97,368.97,368.95,368.97,368.965,8,6
1648642705,368.98,368.98,368.98,368.98,368.98,3,3
1648642710,369.04,369.04,369.03,369.04,369.04,5,1
1648642715,368.98,368.98,368.98,368.98,368.98,2,2
1648642720,368.97,368.97,368.97,368.97,368.97,1,1
1648642725,368.97,368.97,368.97,368.97,368.97,0,0
1648642730,368.96,368.96,368.95,368.96,368.96,5,1
1648642735,368.94,368.94,368.94,368.94,368.94,2,1
1648642740,368.96,368.96,368.96,368.96,368.96,2,1
1648642745,368.92,368.92,368.92,368.92,368.92,2,2
1648642750,368.85,368.85,368.85,368.85,368.85,2,2
1648642755,368.86,368.86,368.85,368.85,368.851,104,32
1648642760,368.88,368.88,368.88,368.88,368.88,2,2
1648642765,368.88,368.88,368.88,368.88,368.88,0,0
1648642770,368.82,368.82,368.82,368.82,368.82,3,1
1648642775,368.8,368.8,368.8,368.8,368.8,3,2
1648642780,368.8,368.8,368.8,368.8,368.8,35,3
1648642785,368.8,368.8,368.8,368.8,368.8,1,1
1648642790,368.79,368.83,368.79,368.83,368.814,8,6
1648642795,368.82,368.83,368.81,368.83,368.821,8,8
1648642800,368.79,368.79,368.74,368.75,368.763,3,3
1648642805,368.77,368.77,368.77,368.77,368.77,1,1
1648642810,368.86,368.86,368.8,368.81,368.823,28,7
1648642815,368.81,368.81,368.81,368.81,368.81,0,0
1648642820,368.77,368.78,368.77,368.77,368.773,3,3
1648642825,368.78,368.79,368.78,368.79,368.785,6,4
1648642830,368.8,368.8,368.8,368.8,368.8,1,1
1648642835,368.8,368.8,368.8,368.8,368.8,0,0
1648642840,368.7,368.7,368.68,368.68,368.686,8,4
1648642845,368.68,368.68,368.68,368.68,368.68,0,0
1648642850,368.79,368.8,368.79,368.8,368.792,11,4
1648642855,368.77,368.77,368.77,368.77,368.77,1,1
1648642860,368.77,368.77,368.77,368.77,368.77,0,0
1648642865,368.79,368.8,368.79,368.8,368.792,6,4
1648642870,368.8,368.8,368.8,368.8,368.8,0,0
1648642875,368.8,368.8,368.8,368.8,368.8,0,0
1648642880,368.8,368.8,368.8,368.8,368.8,0,0
1648642885,368.74,368.74,368.74,368.74,368.74,1,1
1648642890,368.74,368.74,368.74,368.74,368.74,0,0
1648642895,368.77,368.77,368.77,368.77,368.77,1,1
1648642900,368.78,368.79,368.78,368.79,368.787,8,8
1648642905,368.8,368.8,368.8,368.8,368.8,2,2
1648642910,368.79,368.79,368.79,368.79,368.79,1,1
1648642915,368.79,368.79,368.79,368.79,368.79,0,0
1648642920,368.79,368.79,368.79,368.79,368.79,0,0
1648642925,368.76,368.77,368.74,368.75,368.751,104,47
1648642930,368.74,368.76,368.74,368.74,368.751,101,27
1648642935,368.72,368.73,368.72,368.73,368.722,5,3
1648642940,368.73,368.73,368.73,368.73,368.73,0,0
1648642945,368.75,368.75,368.75,368.75,368.75,7,4
1648642950,368.75,368.75,368.75,368.75,368.75,43,14
1648642955,368.75,368.76,368.75,368.75,368.75,43,13
1648642960,368.75,368.75,368.74,368.74,368.749,9,4
1648642965,368.75,368.75,368.74,368.74,368.748,5,5
1648642970,368.71,368.71,368.71,368.71,368.71,3,1
1648642975,368.71,368.71,368.71,368.71,368.71,0,0
1648642980,368.7,368.7,368.69,368.69,368.698,13,6
1648642985,368.68,368.68,368.66,368.66,368.67,2,2
1648642990,368.66,368.66,368.66,368.66,368.66,0,0
1648642995,368.66,368.66,368.64,368.64,368.647,3,3
1648643000,368.63,368.63,368.55,368.55,368.608,108,38
1648643005,368.55,368.6,368.55,368.6,368.597,17,9
1648643010,368.62,368.62,368.6,368.61,368.611,29,12
1648643015,368.63,368.63,368.6,368.61,368.605,81,32
1648643020,368.61,368.61,368.61,368.61,368.61,0,0
1648643025,368.57,368.57,368.56,368.57,368.569,19,11
1648643030,368.55,368.55,368.55,368.55,368.55,20,6
1648643035,368.57,368.57,368.57,368.57,368.57,1,1
1648643040,368.55,368.55,368.55,368.55,368.55,1,1
1648643045,368.53,368.53,368.5,368.51,368.521,18,5
1648643050,368.51,368.51,368.48,368.48,368.504,12,5
1648643055,368.48,368.48,368.48,368.48,368.48,1,1
1648643060,368.5,368.5,368.49,368.49,368.498,12,5
1648643065,368.49,368.51,368.49,368.51,368.498,18,5
1648643070,368.49,368.49,368.49,368.49,368.49,1,1
1648643075,368.5,368.5,368.5,368.5,368.5,5,1
1648643080,368.5,368.5,368.5,368.5,368.5,1,1
1648643085,368.5,368.52,368.5,368.52,368.509,15,14
1648643090,368.51,368.51,368.48,368.48,368.503,64,29
1648643095,368.49,368.49,368.49,368.49,368.49,1,1
1648643100,368.5,368.5,368.46,368.46,368.493,58,19
1648643105,368.5,368.5,368.5,368.5,368.5,7,2
1648643110,368.5,368.53,368.5,368.5,368.503,106,43
1648643115,368.5,368.53,368.5,368.5,368.501,112,32
1648643120,368.41,368.41,368.41,368.41,368.41,16,2
1648643125,368.41,368.41,368.41,368.41,368.41,0,0
1648643130,368.41,368.41,368.41,368.41,368.41,0,0
1648643135,368.45,368.45,368.45,368.45,368.45,3,3
1648643140,368.45,368.45,368.45,368.45,368.45,0,0
1648643145,368.45,368.45,368.45,368.45,368.45,0,0
1648643150,368.55,368.55,368.55,368.55,368.55,3,2
1648643155,368.59,368.59,368.59,368.59,368.59,4,4
1648643160,368.59,368.61,368.57,368.61,368.578,56,25
1648643165,368.59,368.59,368.59,368.59,368.59,4,4
1648643170,368.62,368.63,368.59,368.61,368.611,11,10
1648643175,368.61,368.64,368.61,368.63,368.632,10,5
1648643180,368.63,368.65,368.63,368.65,368.645,50,13
1648643185,368.65,368.67,368.61,368.65,368.634,56,28
1648643190,368.65,368.65,368.61,368.61,368.631,14,10
1648643195,368.61,368.61,368.61,368.61,368.61,0,0
1648643200,368.66,368.66,368.65,368.66,368.655,39,13
1648643205,368.66,368.66,368.66,368.66,368.66,0,0
1648643210,368.66,368.66,368.66,368.66,368.66,0,0
1648643215,368.61,368.61,368.57,368.57,368.583,4,4
1648643220,368.58,368.58,368.58,368.58,368.58,1,1
1648643225,368.62,368.62,368.57,368.58,368.588,106,30
1648643230,368.58,368.67,368.58,368.67,368.596,9,4
1648643235,368.61,368.65,368.61,368.65,368.637,3,2
1648643240,368.65,368.65,368.65,368.65,368.65,0,0
1648643245,368.65,368.65,368.65,368.65,368.65,0,0
1648643250,368.65,368.65,368.65,368.65,368.65,0,0
1648643255,368.65,368.65,368.65,368.65,368.65,0,0
1648643260,368.69,368.69,368.69,368.69,368.69,25,1
1648643265,368.69,368.69,368.69,368.69,368.69,0,0
1648643270,368.64,368.66,368.64,368.66,368.644,11,3
1648643275,368.66,368.66,368.66,368.66,368.66,0,0
1648643280,368.68,368.68,368.67,368.67,368.672,12,4
1648643285,368.65,368.65,368.65,368.65,368.65,1,1
1648643290,368.58,368.58,368.58,368.58,368.58,1,1
1648643295,368.59,368.59,368.59,368.59,368.59,1,1
1648643300,368.59,368.59,368.59,368.59,368.59,0,0
1648643305,368.52,368.52,368.52,368.52,368.52,1,1
1648643310,368.52,368.52,368.52,368.52,368.52,0,0
1648643315,368.52,368.52,368.52,368.52,368.52,0,0
1648643320,368.57,368.57,368.56,368.56,368.561,11,2
1648643325,368.56,368.58,368.56,368.57,368.573,16,5
1648643330,368.6,368.61,368.47,368.47,368.525,109,28
1648643335,368.47,368.47,368.47,368.47,368.47,0,0
1648643340,368.47,368.47,368.47,368.47,368.47,0,0
1648643345,368.5,368.59,368.5,368.59,368.503,147,28
1648643350,368.58,368.58,368.56,368.56,368.57,2,2
1648643355,368.56,368.56,368.56,368.56,368.56,0,0
1648643360,368.56,368.56,368.56,368.56,368.56,0,0
1648643365,368.45,368.45,368.45,368.45,368.45,4,1
1648643370,368.51,368.51,368.51,368.51,368.51,7,1
1648643375,368.55,368.55,368.54,368.55,368.549,2,1
1648643380,368.42,368.42,368.42,368.42,368.42,3,3
1648643385,368.42,368.42,368.42,368.42,368.42,0,0
1648643390,368.42,368.42,368.42,368.42,368.42,0,0
1648643395,368.42,368.42,368.42,368.42,368.42,0,0
1648643400,368.42,368.42,368.42,368.42,368.42,0,0
1648643405,368.41,368.56,368.41,368.5,368.475,11,3
1648643410,368.63,368.63,368.63,368.63,368.63,24,1
1648643415,368.63,368.63,368.63,368.63,368.63,0,0
1648643420,368.63,368.63,368.63,368.63,368.63,0,0
1648643425,368.63,368.63,368.63,368.63,368.63,0,0
1648643430,368.63,368.63,368.63,368.63,368.63,0,0
1648643435,368.63,368.63,368.63,368.63,368.63,0,0
1648643440,368.6,368.6,368.6,368.6,368.6,2,1
1648643445,368.65,368.7,368.63,368.7,368.634,104,9
1648643450,368.7,368.7,368.7,368.7,368.7,6,3
1648643455,368.7,368.7,368.64,368.64,368.681,3,2
1648643460,368.79,368.79,368.79,368.79,368.79,5,1
1648643465,368.79,368.79,368.72,368.72,368.729,11,4
1648643470,368.78,368.78,368.78,368.78,368.78,1,1
1648643475,368.78,368.78,368.78,368.78,368.78,0,0
1648643480,368.78,368.78,368.78,368.78,368.78,0,0
1648643485,368.78,368.78,368.78,368.78,368.78,0,0
1648643490,368.73,368.77,368.73,368.77,368.75,2,2
1648643495,368.72,368.73,368.7,368.7,368.709,15,4
1648643500,368.7,368.7,368.7,368.7,368.7,0,0
1648643505,368.7,368.7,368.7,368.7,368.7,2,1
1648643510,368.7,368.7,368.7,368.7,368.7,0,0
1648643515,368.75,368.75,368.74,368.75,368.743,23,5
1648643520,368.75,368.75,368.75,368.75,368.75,0,0
1648643525,368.75,368.75,368.75,368.75,368.75,5,1
1648643530,368.75,368.75,368.75,368.75,368.75,0,0
1648643535,368.83,368.83,368.83,368.83,368.83,1,1
1648643540,368.81,368.86,368.81,368.84,368.822,21,12
1648643545,368.89,368.93,368.89,368.93,368.928,17,4
1648643550,368.95,368.96,368.95,368.96,368.955,2,2
1648643555,368.96,368.96,368.96,368.96,368.96,0,0
1648643560,368.88,368.88,368.88,368.88,368.88,2,2
1648643565,368.83,368.83,368.81,368.81,368.813,30,10
1648643570,368.82,368.82,368.82,368.82,368.82,1,1
1648643575,368.82,368.82,368.82,368.82,368.82,0,0
1648643580,368.82,368.82,368.82,368.82,368.82,0,0
1648643585,368.82,368.82,368.82,368.82,368.82,0,0
1648643590,368.82,368.82,368.82,368.82,368.82,0,0
1648643595,368.77,368.77,368.77,368.77,368.77,1,1
1648643600,368.75,368.77,368.75,368.77,368.757,3,3
1648643605,368.77,368.8,368.77,368.78,368.794,66,14
1648643610,368.78,368.78,368.78,368.78,368.78,1,1
1648643615,368.78,368.78,368.78,368.78,368.78,0,0
1648643620,368.79,368.8,368.77,368.8,368.797,62,21
1648643625,368.8,368.8,368.8,368.8,368.8,0,0
1648643630,368.8,368.8,368.8,368.8,368.8,0,0
1648643635,368.79,368.79,368.79,368.79,368.79,3,3
1648643640,368.79,368.79,368.79,368.79,368.79,0,0
1648643645,368.75,368.76,368.75,368.76,368.753,7,3
1648643650,368.76,368.76,368.76,368.76,368.76,0,0
1648643655,368.76,368.76,368.76,368.76,368.76,0,0
1648643660,368.76,368.76,368.76,368.76,368.76,0,0
1648643665,368.76,368.76,368.76,368.76,368.76,0,0
1648643670,368.76,368.76,368.76,368.76,368.76,0,0
1648643675,368.76,368.76,368.76,368.76,368.76,0,0
1648643680,368.76,368.76,368.76,368.76,368.76,0,0
1648643685,368.82,368.82,368.81,368.81,368.815,2,2
1648643690,368.82,368.83,368.82,368.83,368.828,4,4
1648643695,368.83,368.83,368.83,368.83,368.83,0,0
1648643700,368.83,368.83,368.83,368.83,368.83,0,0
1648643705,368.83,368.83,368.83,368.83,368.83,0,0
1648643710,368.83,368.83,368.83,368.83,368.83,0,0
1648643715,368.83,368.83,368.83,368.83,368.83,9,1
1648643720,368.83,368.83,368.83,368.83,368.83,1,1
1648643725,368.83,368.83,368.83,368.83,368.83,0,0
1648643730,368.88,368.88,368.88,368.88,368.88,1,1
1648643735,368.88,368.88,368.88,368.88,368.88,0,0
1648643740,368.87,368.87,368.86,368.87,368.87,11,4
1648643745,368.87,368.87,368.87,368.87,368.87,0,0
1648643750,368.85,368.86,368.81,368.81,368.827,7,7
1648643755,368.81,368.81,368.81,368.81,368.81,0,0
1648643760,368.81,368.81,368.81,368.81,368.81,0,0
1648643765,368.81,368.81,368.81,368.81,368.81,0,0
1648643770,368.81,368.81,368.81,368.81,368.81,0,0
1648643775,368.83,368.84,368.83,368.83,368.83,48,16
1648643780,368.83,368.83,368.83,368.83,368.83,0,0
1648643785,368.85,368.87,368.85,368.87,368.86,2,2
1648643790,368.87,368.87,368.85,368.85,368.86,2,2
1648643795,368.85,369.0,368.8,369.0,368.85,26,20
1648643800,368.96,368.96,368.93,368.93,368.941,7,4
1648643805,369.01,369.04,369.01,369.03,369.029,11,2
1648643810,369.07,369.18,369.06,369.15,369.155,63,26
1648643815,369.2,369.2,369.17,369.18,369.186,36,19
1648643820,369.29,369.29,369.23,369.23,369.286,76,9
1648643825,369.12,369.12,369.12,369.12,369.12,1,1
1648643830,369.16,369.16,369.13,369.13,369.136,6,6
1648643835,369.09,369.09,369.08,369.08,369.089,9,3
1648643840,369.07,369.08,369.07,369.08,369.078,6,4
1648643845,369.08,369.09,369.06,369.06,369.079,11,5
1648643850,369.06,369.06,369.06,369.06,369.06,0,0
1648643855,369.06,369.06,369.06,369.06,369.06,0,0
1648643860,369.06,369.06,369.06,369.06,369.06,0,0
1648643865,369.06,369.06,369.06,369.06,369.06,0,0
1648643870,369.08,369.08,369.08,369.08,369.08,1,1
1648643875,369.05,369.05,369.05,369.05,369.05,1,1
1648643880,369.03,369.04,369.03,369.04,369.038,6,2
1648643885,368.99,368.99,368.98,368.98,368.987,6,6
1648643890,368.97,368.97,368.95,368.95,368.958,14,8
1648643895,368.95,368.95,368.95,368.95,368.95,0,0
1648643900,368.95,368.98,368.95,368.95,368.954,7,7
1648643905,368.95,368.97,368.95,368.97,368.956,7,7
1648643910,368.94,368.97,368.94,368.97,368.943,11,11
1648643915,368.97,369.02,368.95,369.02,368.966,40,21
1648643920,369.03,369.03,369.02,369.02,369.027,3,3
1648643925,368.99,369.02,368.99,369.0,368.996,7,3
1648643930,369.0,369.0,369.0,369.0,369.0,0,0
1648643935,368.99,368.99,368.99,368.99,368.99,1,1
1648643940,368.97,368.97,368.97,368.97,368.97,1,1
1648643945,369.0,369.0,369.0,369.0,369.0,3,3
1648643950,369.0,369.0,369.0,369.0,369.0,0,0
1648643955,369.02,369.02,369.02,369.02,369.02,13,6
1648643960,369.01,369.03,369.01,369.03,369.02,6,3
1648643965,369.04,369.04,369.04,369.04,369.04,3,2
1648643970,369.05,369.08,369.05,369.08,369.057,4,4
1648643975,369.08,369.08,369.08,369.08,369.08,0,0
1648643980,369.08,369.08,369.08,369.08,369.08,0,0
1648643985,369.06,369.06,369.06,369.06,369.06,1,1
1648643990,369.06,369.06,369.06,369.06,369.06,0,0
1648643995,369.07,369.07,369.06,369.07,369.07,10,4
1648644000,369.04,369.04,369.04,369.04,369.04,4,4
1648644005,369.03,369.04,369.03,369.04,369.037,3,3
1648644010,369.06,369.06,369.06,369.06,369.06,2,2
1648644015,369.06,369.06,369.06,369.06,369.06,0,0
1648644020,369.06,369.06,369.06,369.06,369.06,3,2
1648644025,369.06,369.06,369.06,369.06,369.06,0,0
1648644030,369.06,369.06,369.06,369.06,369.06,0,0
1648644035,369.06,369.06,369.06,369.06,369.06,0,0
1648644040,369.06,369.06,369.06,369.06,369.06,0,0
1648644045,369.06,369.06,369.06,369.06,369.06,0,0
1648644050,369.1,369.1,369.09,369.09,369.095,2,2
1648644055,369.09,369.09,369.09,369.09,369.09,0,0
1648644060,369.08,369.08,369.07,369.07,369.079,9,2
1648644065,369.07,369.07,369.07,369.07,369.07,0,0
1648644070,369.05,369.05,369.03,369.05,369.047,6,3
1648644075,369.05,369.05,369.05,369.05,369.05,0,0
1648644080,369.07,369.07,369.07,369.07,369.07,5,2
1648644085,369.08,369.1,369.08,369.1,369.096,52,20
1648644090,369.1,369.1,369.1,369.1,369.1,9,4
1648644095,369.13,369.13,369.13,369.13,369.13,1,1
1648644100,369.14,369.16,369.14,369.14,369.16,122,27
1648644105,369.17,369.2,369.17,369.17,369.187,130,32
1648644110,369.14,369.14,369.14,369.14,369.14,3,2
1648644115,369.18,369.19,369.18,369.19,369.185,2,2
1648644120,369.21,369.28,369.19,369.28,369.226,65,12
1648644125,369.28,369.28,369.28,369.28,369.28,0,0
1648644130,369.28,369.28,369.28,369.28,369.28,0,0
1648644135,369.25,369.27,369.24,369.25,369.252,31,14
1648644140,369.25,369.25,369.25,369.25,369.25,0,0
1648644145,369.25,369.25,369.25,369.25,369.25,0,0
1648644150,369.25,369.25,369.25,369.25,369.25,0,0
1648644155,369.17,369.2,369.17,369.2,369.193,4,2
1648644160,369.2,369.2,369.2,369.2,369.2,0,0
1648644165,369.2,369.2,369.2,369.2,369.2,0,0
1648644170,369.2,369.2,369.2,369.2,369.2,0,0
1648644175,369.2,369.2,369.2,369.2,369.2,0,0
1648644180,369.19,369.19,369.19,369.19,369.19,3,3
1648644185,369.17,369.17,369.17,369.17,369.17,2,1
1648644190,369.16,369.17,369.16,369.16,369.161,5,4
1648644195,369.14,369.15,369.13,369.15,369.135,10,6
1648644200,369.15,369.15,369.15,369.15,369.15,4,1
1648644205,369.17,369.17,369.17,369.17,369.17,8,1
1648644210,369.17,369.17,369.17,369.17,369.17,0,0
1648644215,369.18,369.18,369.17,369.17,369.175,2,2
1648644220,369.17,369.17,369.17,369.17,369.17,0,0
1648644225,369.18,369.18,369.18,369.18,369.18,10,3
1648644230,369.18,369.18,369.18,369.18,369.18,0,0
1648644235,369.18,369.18,369.18,369.18,369.18,0,0
1648644240,369.18,369.18,369.18,369.18,369.18,0,0
1648644245,369.18,369.18,369.18,369.18,369.18,0,0
1648644250,369.18,369.18,369.18,369.18,369.18,0,0
1648644255,369.18,369.18,369.18,369.18,369.18,0,0
1648644260,369.11,369.11,369.1,369.11,369.109,12,4
1648644265,369.11,369.11,369.11,369.11,369.11,0,0
1648644270,369.11,369.11,369.11,369.11,369.11,1,1
1648644275,369.1,369.1,369.08,369.1,369.098,8,4
1648644280,369.1,369.1,369.09,369.09,369.098,22,12
1648644285,369.07,369.07,369.07,369.07,369.07,1,1
1648644290,369.07,369.07,369.07,369.07,369.07,0,0
1648644295,369.07,369.07,369.07,369.07,369.07,0,0
1648644300,369.07,369.07,369.07,369.07,369.07,0,0
1648644305,369.07,369.07,369.07,369.07,369.07,0,0
1648644310,369.07,369.07,369.07,369.07,369.07,0,0
1648644315,368.93,368.93,368.92,368.92,368.921,11,3
1648644320,368.92,368.92,368.92,368.92,368.92,0,0
1648644325,368.9,368.92,368.9,368.92,368.918,11,8
1648644330,368.9,368.9,368.9,368.9,368.9,3,3
1648644335,368.9,368.9,368.9,368.9,368.9,1,1
1648644340,368.91,368.91,368.91,368.91,368.91,35,15
1648644345,368.89,368.89,368.88,368.88,368.888,4,3
1648644350,368.85,368.85,368.85,368.85,368.85,4,4
1648644355,368.84,368.84,368.84,368.84,368.84,1,1
1648644360,368.84,368.84,368.84,368.84,368.84,0,0
1648644365,368.82,368.82,368.77,368.77,368.797,24,6
1648644370,368.77,368.77,368.76,368.77,368.769,1,1
1648644375,368.74,368.74,368.74,368.74,368.74,1,1
1648644380,368.75,368.75,368.75,368.75,368.75,4,4
1648644385,368.76,368.76,368.76,368.76,368.76,3,1
1648644390,368.76,368.76,368.76,368.76,368.76,10,1
1648644395,368.76,368.76,368.76,368.76,368.76,0,0
1648644400,368.76,368.76,368.76,368.76,368.76,0,0
1648644405,368.79,368.79,368.79,368.79,368.79,10,1
1648644410,368.79,368.79,368.79,368.79,368.79,0,0
1648644415,368.79,368.79,368.79,368.79,368.79,0,0
1648644420,368.79,368.79,368.79,368.79,368.79,0,0
1648644425,368.79,368.79,368.79,368.79,368.79,0,0
1648644430,368.79,368.79,368.79,368.79,368.79,14,9
1648644435,368.79,368.79,368.75,368.75,368.76,4,2
1648644440,368.76,368.76,368.76,368.76,368.76,1,1
1648644445,368.76,368.76,368.76,368.76,368.76,0,0
1648644450,368.76,368.76,368.76,368.76,368.76,0,0
1648644455,368.78,368.78,368.78,368.78,368.78,2,1
1648644460,368.78,368.78,368.78,368.78,368.78,0,0
1648644465,368.78,368.78,368.78,368.78,368.78,0,0
1648644470,368.8,368.8,368.8,368.8,368.8,20,6
1648644475,368.77,368.77,368.77,368.77,368.77,1,1
1648644480,368.82,368.82,368.82,368.82,368.82,2,1
1648644485,368.82,368.82,368.82,368.82,368.82,0,0
1648644490,368.82,368.82,368.82,368.82,368.82,0,0
1648644495,368.82,368.82,368.82,368.82,368.82,0,0
1648644500,368.82,368.82,368.82,368.82,368.82,0,0
1648644505,368.82,368.82,368.82,368.82,368.82,0,0
1648644510,368.82,368.82,368.82,368.82,368.82,0,0
1648644515,368.78,368.79,368.75,368.78,368.776,56,30
1648644520,368.74,368.74,368.71,368.71,368.723,15,11
1648644525,368.71,368.72,368.71,368.72,368.715,7,3
1648644530,368.72,368.72,368.72,368.72,368.72,0,0
1648644535,368.72,368.72,368.72,368.72,368.72,0,0
1648644540,368.71,368.74,368.71,368.74,368.736,22,9
1648644545,368.71,368.71,368.71,368.71,368.71,1,1
1648644550,368.7,368.7,368.7,368.7,368.7,5,3
1648644555,368.68,368.68,368.68,368.68,368.68,5,5
1648644560,368.67,368.67,368.67,368.67,368.67,11,7
1648644565,368.7,368.7,368.69,368.7,368.7,8,4
1648644570,368.7,368.71,368.7,368.7,368.702,94,24
1648644575,368.7,368.7,368.7,368.7,368.7,0,0
1648644580,368.7,368.7,368.7,368.7,368.7,0,0
1648644585,368.7,368.7,368.7,368.7,368.7,0,0
1648644590,368.7,368.7,368.7,368.7,368.7,8,1
1648644595,368.7,368.7,368.7,368.7,368.7,0,0
1648644600,368.7,368.7,368.7,368.7,368.7,0,0
1648644605,368.72,368.72,368.72,368.72,368.72,8,3
1648644610,368.72,368.72,368.72,368.72,368.72,0,0
1648644615,368.72,368.72,368.72,368.72,368.72,0,0
1648644620,368.71,368.75,368.71,368.75,368.719,4,3
1648644625,368.75,368.75,368.74,368.75,368.75,0,0
1648644630,368.75,368.75,368.74,368.75,368.75,0,0
1648644635,368.71,368.72,368.71,368.72,368.715,5,3
1648644640,368.74,368.75,368.74,368.75,368.748,10,5
1648644645,368.75,368.75,368.75,368.75,368.75,0,0
1648644650,368.69,368.69,368.66,368.66,368.68,8,5
1648644655,368.68,368.68,368.68,368.68,368.68,1,1
1648644660,368.69,368.7,368.69,368.7,368.696,10,6
1648644665,368.7,368.7,368.69,368.7,368.699,2,2
1648644670,368.7,368.7,368.7,368.7,368.7,3,3
1648644675,368.7,368.7,368.7,368.7,368.7,0,0
1648644680,368.7,368.7,368.7,368.7,368.7,0,0
1648644685,368.7,368.7,368.7,368.7,368.7,0,0
1648644690,368.7,368.7,368.7,368.7,368.7,0,0
1648644695,368.7,368.7,368.7,368.7,368.7,0,0
1648644700,368.75,368.75,368.74,368.74,368.745,5,3
1648644705,368.74,368.75,368.74,368.74,368.74,0,0
1648644710,368.77,368.83,368.77,368.83,368.799,7,4
1648644715,368.83,368.83,368.83,368.83,368.83,0,0
1648644720,368.83,368.83,368.82,368.82,368.827,3,2
1648644725,368.82,368.82,368.82,368.82,368.82,0,0
1648644730,368.88,368.88,368.86,368.87,368.876,34,21
1648644735,368.84,368.85,368.83,368.85,368.834,8,6
1648644740,368.87,368.87,368.86,368.87,368.868,12,9
1648644745,368.89,368.89,368.89,368.89,368.89,27,7
1648644750,368.9,368.9,368.9,368.9,368.9,1,1
1648644755,368.9,368.9,368.9,368.9,368.9,0,0
1648644760,368.9,368.9,368.9,368.9,368.9,0,0
1648644765,368.9,368.9,368.9,368.9,368.9,0,0
1648644770,368.87,368.89,368.87,368.89,368.872,11,2
1648644775,368.87,368.89,368.86,368.89,368.864,10,4
1648644780,368.89,368.89,368.89,368.89,368.89,0,0
1648644785,368.88,368.88,368.88,368.88,368.88,1,1
1648644790,368.88,368.88,368.88,368.88,368.88,0,0
1648644795,368.81,368.81,368.81,368.81,368.81,1,1
1648644800,368.81,368.81,368.81,368.81,368.81,0,0
1648644805,368.81,368.81,368.81,368.81,368.81,0,0
1648644810,368.82,368.82,368.79,368.79,368.81,6,6
1648644815,368.79,368.79,368.79,368.79,368.79,0,0
1648644820,368.78,368.78,368.78,368.78,368.78,1,1
1648644825,368.78,368.78,368.78,368.78,368.78,0,0
1648644830,368.78,368.78,368.78,368.78,368.78,0,0
1648644835,368.78,368.78,368.78,368.78,368.78,0,0
1648644840,368.78,368.78,368.78,368.78,368.78,0,0
1648644845,368.86,368.86,368.82,368.82,368.853,11,9
1648644850,368.82,368.82,368.82,368.82,368.82,0,0
1648644855,368.82,368.82,368.82,368.82,368.82,0,0
1648644860,368.82,368.82,368.82,368.82,368.82,0,0
1648644865,368.82,368.82,368.82,368.82,368.82,0,0
1648644870,368.87,368.87,368.87,368.87,368.87,1,1
1648644875,368.87,368.87,368.87,368.87,368.87,0,0
1648644880,368.87,368.87,368.87,368.87,368.87,0,0
1648644885,368.91,368.91,368.91,368.91,368.91,3,1
1648644890,368.88,368.88,368.88,368.88,368.88,1,1
1648644895,368.89,368.89,368.89,368.89,368.89,1,1
1648644900,368.89,368.89,368.89,368.89,368.89,0,0
1648644905,368.89,368.89,368.89,368.89,368.89,0,0
1648644910,368.9,368.9,368.9,368.9,368.9,2,2
1648644915,368.85,368.85,368.85,368.85,368.85,1,1
1648644920,368.85,368.85,368.85,368.85,368.85,0,0
1648644925,368.87,368.87,368.87,368.87,368.87,3,2
1648644930,368.87,368.87,368.87,368.87,368.87,0,0
1648644935,368.87,368.87,368.87,368.87,368.87,0,0
1648644940,368.89,368.89,368.89,368.89,368.89,2,1
1648644945,368.86,368.86,368.86,368.86,368.86,2,2
1648644950,368.86,368.86,368.86,368.86,368.86,0,0
1648644955,368.86,368.86,368.86,368.86,368.86,1,1
1648644960,368.86,368.86,368.86,368.86,368.86,0,0
1648644965,368.9,368.91,368.87,368.87,368.883,98,23
1648644970,368.87,368.87,368.87,368.87,368.87,0,0
1648644975,368.87,368.87,368.87,368.87,368.87,0,0
1648644980,368.89,368.89,368.89,368.89,368.89,1,1
1648644985,368.93,368.93,368.92,368.92,368.922,5,5
1648644990,368.92,368.92,368.92,368.92,368.92,0,0
1648644995,368.92,368.92,368.92,368.92,368.92,0,0
1648645000,368.92,368.92,368.92,368.92,368.92,1,1
1648645005,368.92,368.95,368.92,368.95,368.93,3,2
1648645010,368.93,368.93,368.92,368.93,368.93,30,3
1648645015,368.93,368.93,368.93,368.93,368.93,2,2
1648645020,368.93,368.93,368.93,368.93,368.93,0,0
1648645025,368.93,368.93,368.93,368.93,368.93,0,0
1648645030,368.93,368.93,368.93,368.93,368.93,0,0
1648645035,368.88,368.88,368.88,368.88,368.88,1,1
1648645040,368.88,368.88,368.88,368.88,368.88,0,0
1648645045,368.88,368.88,368.88,368.88,368.88,0,0
1648645050,368.88,368.88,368.88,368.88,368.88,0,0
1648645055,368.88,368.88,368.88,368.88,368.88,0,0
1648645060,368.88,368.88,368.88,368.88,368.88,0,0
1648645065,368.88,368.88,368.88,368.88,368.88,0,0
1648645070,368.88,368.88,368.88,368.88,368.88,0,0
1648645075,368.89,368.89,368.89,368.89,368.89,1,1
1648645080,368.89,368.89,368.89,368.89,368.89,0,0
1648645085,368.89,368.89,368.89,368.89,368.89,0,0
1648645090,368.89,368.89,368.89,368.89,368.89,0,0
1648645095,368.89,368.89,368.89,368.89,368.89,0,0
1648645100,368.9,368.9,368.9,368.9,368.9,3,3
1648645105,368.9,368.9,368.9,368.9,368.9,0,0
1648645110,368.9,368.9,368.9,368.9,368.9,0,0
1648645115,368.9,368.9,368.9,368.9,368.9,0,0
1648645120,368.9,368.9,368.9,368.9,368.9,0,0
1648645125,368.93,368.93,368.93,368.93,368.93,1,1
1648645130,368.93,368.93,368.93,368.93,368.93,0,0
1648645135,368.93,368.93,368.93,368.93,368.93,0,0
1648645140,368.93,368.93,368.93,368.93,368.93,0,0
1648645145,368.94,368.94,368.94,368.94,368.94,9,3
1648645150,368.94,368.94,368.94,368.94,368.94,0,0
1648645155,368.94,368.94,368.94,368.94,368.94,0,0
1648645160,369.07,369.08,369.07,369.08,369.074,9,9
1648645165,369.06,369.06,369.06,369.06,369.06,6,2
1648645170,369.04,369.04,369.04,369.04,369.04,2,1
1648645175,369.06,369.08,369.06,369.07,369.072,6,6
1648645180,369.07,369.08,369.07,369.07,369.07,0,0
1648645185,369.1,369.11,369.1,369.1,369.1,1,1
1648645190,369.1,369.1,369.1,369.1,369.1,6,3
1648645195,369.1,369.1,369.1,369.1,369.1,0,0
1648645200,369.13,369.13,369.13,369.13,369.13,2,2
1648645205,369.08,369.09,369.08,369.08,369.08,1,1
1648645210,369.08,369.09,369.08,369.08,369.08,0,0
1648645215,369.08,369.09,369.08,369.08,369.08,0,0
1648645220,369.08,369.09,369.08,369.08,369.08,0,0
1648645225,369.08,369.09,369.08,369.08,369.08,0,0
1648645230,369.08,369.09,369.08,369.08,369.08,0,0
1648645235,369.08,369.09,369.08,369.08,369.08,0,0
1648645240,369.03,369.03,369.03,369.03,369.03,1,1
1648645245,369.05,369.05,369.05,369.05,369.05,20,3
1648645250,369.05,369.05,369.05,369.05,369.05,9,2
1648645255,369.05,369.05,369.05,369.05,369.05,0,0
1648645260,369.05,369.05,369.05,369.05,369.05,0,0
1648645265,369.05,369.05,369.05,369.05,369.05,0,0
1648645270,369.02,369.02,369.02,369.02,369.02,3,1
1648645275,369.02,369.02,369.02,369.02,369.02,0,0
1648645280,369.02,369.02,369.02,369.02,369.02,2,2
1648645285,369.0,369.0,369.0,369.0,369.0,2,1
1648645290,368.95,368.95,368.95,368.95,368.95,1,1
1648645295,368.95,368.95,368.95,368.95,368.95,0,0
1648645300,368.94,368.94,368.93,368.93,368.938,12,10
1648645305,368.93,368.93,368.93,368.93,368.93,0,0
1648645310,368.94,368.94,368.94,368.94,368.94,2,2
1648645315,368.94,368.94,368.94,368.94,368.94,0,0
1648645320,368.94,368.94,368.94,368.94,368.94,0,0
1648645325,368.94,368.94,368.94,368.94,368.94,0,0
1648645330,368.94,368.94,368.94,368.94,368.94,0,0
1648645335,368.94,368.94,368.94,368.94,368.94,0,0
1648645340,368.94,368.94,368.94,368.94,368.94,0,0
1648645345,368.94,368.95,368.94,368.94,368.941,6,2
1648645350,368.94,368.94,368.94,368.94,368.94,2,2
1648645355,368.94,368.94,368.94,368.94,368.94,0,0
1648645360,368.94,368.94,368.94,368.94,368.94,0,0
1648645365,368.94,368.94,368.94,368.94,368.94,0,0
1648645370,368.98,369.01,368.98,369.01,368.989,7,5
1648645375,369.01,369.01,369.01,369.01,369.01,0,0
1648645380,369.01,369.01,369.01,369.01,369.01,2,2
1648645385,369.01,369.01,369.01,369.01,369.01,0,0
1648645390,369.01,369.01,369.01,369.01,369.01,0,0
1648645395,369.01,369.01,369.01,369.01,369.01,0,0
1648645400,369.01,369.01,369.01,369.01,369.01,0,0
1648645405,368.98,368.99,368.98,368.98,368.98,7,3
1648645410,368.98,368.99,368.98,368.98,368.98,0,0
1648645415,368.9,368.9,368.9,368.9,368.9,2,1
1648645420,368.9,368.9,368.9,368.9,368.9,0,0
1648645425,368.9,368.9,368.9,368.9,368.9,0,0
1648645430,368.9,368.9,368.9,368.9,368.9,0,0
1648645435,368.84,368.84,368.84,368.84,368.84,8,6
1648645440,368.84,368.84,368.84,368.84,368.84,0,0
1648645445,368.84,368.84,368.84,368.84,368.84,0,0
1648645450,368.84,368.84,368.84,368.84,368.84,0,0
1648645455,368.84,368.84,368.84,368.84,368.84,3,1
1648645460,368.84,368.84,368.83,368.83,368.835,2,2
1648645465,368.83,368.83,368.83,368.83,368.83,0,0
1648645470,368.83,368.83,368.83,368.83,368.83,0,0
1648645475,368.83,368.83,368.83,368.83,368.83,9,2
1648645480,368.83,368.83,368.83,368.83,368.83,0,0
1648645485,368.83,368.83,368.83,368.83,368.83,0,0
1648645490,368.83,368.83,368.83,368.83,368.83,0,0
1648645495,368.83,368.83,368.83,368.83,368.83,0,0
1648645500,368.83,368.83,368.83,368.83,368.83,0,0
1648645505,368.82,368.82,368.82,368.82,368.82,9,9
1648645510,368.82,368.82,368.82,368.82,368.82,0,0
1648645515,368.82,368.82,368.82,368.82,368.82,0,0
1648645520,368.86,368.86,368.84,368.84,368.847,29,15
1648645525,368.86,368.86,368.86,368.86,368.86,2,1
1648645530,368.88,368.88,368.88,368.88,368.88,1,1
1648645535,368.85,368.85,368.85,368.85,368.85,4,1
1648645540,368.86,368.87,368.86,368.87,368.866,4,2
1648645545,368.87,368.87,368.87,368.87,368.87,0,0
1648645550,368.87,368.87,368.87,368.87,368.87,0,0
1648645555,368.87,368.87,368.87,368.87,368.87,0,0
1648645560,368.87,368.87,368.87,368.87,368.87,0,0
1648645565,368.87,368.87,368.87,368.87,368.87,0,0
1648645570,368.87,368.87,368.87,368.87,368.87,0,0
1648645575,368.87,368.87,368.87,368.87,368.87,0,0
1648645580,368.88,368.88,368.87,368.87,368.877,3,3
1648645585,368.89,368.89,368.89,368.89,368.89,4,2
1648645590,368.89,368.89,368.89,368.89,368.89,0,0
1648645595,368.89,368.89,368.89,368.89,368.89,0,0
1648645600,368.89,368.89,368.87,368.89,368.885,10,10
1648645605,368.89,368.89,368.89,368.89,368.89,0,0
1648645610,368.89,368.89,368.89,368.89,368.89,0,0
1648645615,368.81,368.81,368.81,368.81,368.81,1,1
1648645620,368.81,368.81,368.81,368.81,368.81,0,0
1648645625,368.81,368.81,368.81,368.81,368.81,0,0
1648645630,368.73,368.73,368.72,368.73,368.728,11,9
1648645635,368.7,368.7,368.69,368.7,368.698,9,9
1648645640,368.71,368.71,368.69,368.69,368.695,4,4
1648645645,368.69,368.72,368.69,368.72,368.697,6,5
1648645650,368.7,368.72,368.7,368.72,368.711,15,14
1648645655,368.72,368.72,368.72,368.72,368.72,0,0
1648645660,368.72,368.72,368.72,368.72,368.72,0,0
1648645665,368.71,368.71,368.71,368.71,368.71,1,1
1648645670,368.71,368.71,368.71,368.71,368.71,0,0
1648645675,368.7,368.71,368.69,368.71,368.694,25,8
1648645680,368.71,368.71,368.71,368.71,368.71,0,0
1648645685,368.71,368.71,368.71,368.71,368.71,0,0
1648645690,368.74,368.74,368.74,368.74,368.74,2,1
1648645695,368.74,368.74,368.74,368.74,368.74,2,1
1648645700,368.74,368.74,368.74,368.74,368.74,0,0
1648645705,368.79,368.79,368.79,368.79,368.79,1,1
1648645710,368.79,368.79,368.79,368.79,368.79,0,0
1648645715,368.79,368.8,368.79,368.8,368.799,19,3
1648645720,368.81,368.81,368.81,368.81,368.81,3,3
1648645725,368.83,368.85,368.83,368.85,368.848,8,5
1648645730,368.85,368.87,368.85,368.87,368.854,5,3
1648645735,368.84,368.85,368.84,368.84,368.84,10,3
1648645740,368.84,368.85,368.84,368.84,368.84,0,0
1648645745,368.87,368.88,368.86,368.86,368.867,9,9
1648645750,368.86,368.86,368.86,368.86,368.86,0,0
1648645755,368.86,368.86,368.86,368.86,368.86,0,0
1648645760,368.85,368.85,368.85,368.85,368.85,5,1
1648645765,368.85,368.85,368.85,368.85,368.85,0,0
1648645770,368.84,368.84,368.84,368.84,368.84,1,1
1648645775,368.84,368.84,368.84,368.84,368.84,0,0
1648645780,368.84,368.84,368.84,368.84,368.84,0,0
1648645785,368.84,368.84,368.84,368.84,368.84,0,0
1648645790,368.8,368.8,368.8,368.8,368.8,1,1
1648645795,368.8,368.8,368.8,368.8,368.8,0,0
1648645800,368.81,368.82,368.81,368.82,368.814,10,7
1648645805,368.82,368.82,368.82,368.82,368.82,0,0
1648645810,368.82,368.82,368.82,368.82,368.82,0,0
1648645815,368.84,368.84,368.83,368.84,368.84,10,1
1648645820,368.84,368.84,368.83,368.84,368.84,0,0
1648645825,368.84,368.84,368.83,368.84,368.84,0,0
1648645830,368.85,368.85,368.85,368.85,368.85,1,1
1648645835,368.85,368.85,368.85,368.85,368.85,0,0
1648645840,368.85,368.85,368.85,368.85,368.85,0,0
1648645845,368.85,368.85,368.85,368.85,368.85,0,0
1648645850,368.83,368.83,368.82,368.83,368.83,2,1
1648645855,368.83,368.83,368.83,368.83,368.83,1,1
1648645860,368.83,368.83,368.83,368.83,368.83,5,1
1648645865,368.81,368.81,368.8,368.8,368.805,2,2
1648645870,368.8,368.8,368.79,368.79,368.8,41,19
1648645875,368.8,368.8,368.8,368.8,368.8,30,8
1648645880,368.8,368.8,368.8,368.8,368.8,0,0
1648645885,368.78,368.78,368.78,368.78,368.78,1,1
1648645890,368.79,368.79,368.79,368.79,368.79,4,1
1648645895,368.79,368.79,368.79,368.79,368.79,0,0
1648645900,368.75,368.75,368.75,368.75,368.75,1,1
1648645905,368.75,368.75,368.75,368.75,368.75,0,0
1648645910,368.75,368.75,368.75,368.75,368.75,0,0
1648645915,368.72,368.72,368.72,368.72,368.72,2,1
1648645920,368.72,368.72,368.72,368.72,368.72,10,1
1648645925,368.72,368.72,368.72,368.72,368.72,0,0
1648645930,368.71,368.71,368.71,368.71,368.71,2,2
1648645935,368.71,368.71,368.71,368.71,368.71,22,2
1648645940,368.73,368.73,368.73,368.73,368.73,9,5
1648645945,368.7,368.7,368.7,368.7,368.7,10,1
1648645950,368.7,368.7,368.7,368.7,368.7,1,1
1648645955,368.7,368.7,368.7,368.7,368.7,4,4
1648645960,368.71,368.71,368.71,368.71,368.71,15,2
1648645965,368.71,368.71,368.71,368.71,368.71,0,0
1648645970,368.71,368.71,368.71,368.71,368.71,0,0
1648645975,368.71,368.71,368.71,368.71,368.71,0,0
1648645980,368.71,368.71,368.71,368.71,368.71,0,0
1648645985,368.76,368.76,368.76,368.76,368.76,18,9
1648645990,368.74,368.76,368.74,368.76,368.742,21,5
1648645995,368.76,368.77,368.76,368.77,368.765,2,2
1648646000,368.77,368.77,368.77,368.77,368.77,0,0
1648646005,368.77,368.77,368.77,368.77,368.77,0,0
1648646010,368.77,368.77,368.77,368.77,368.77,0,0
1648646015,368.77,368.77,368.77,368.77,368.77,0,0
1648646020,368.77,368.77,368.77,368.77,368.77,0,0
1648646025,368.75,368.75,368.75,368.75,368.75,2,1
1648646030,368.75,368.75,368.75,368.75,368.75,0,0
1648646035,368.75,368.75,368.75,368.75,368.75,6,4
1648646040,368.75,368.82,368.75,368.82,368.777,52,16
1648646045,368.85,368.85,368.85,368.85,368.85,2,1
1648646050,368.85,368.85,368.85,368.85,368.85,0,0
1648646055,368.96,368.96,368.96,368.96,368.96,1,1
1648646060,368.99,368.99,368.99,368.99,368.99,1,1
1648646065,368.99,368.99,368.96,368.99,368.987,11,4
1648646070,368.99,368.99,368.99,368.99,368.99,1,1
1648646075,369.01,369.02,369.01,369.02,369.019,19,6
1648646080,369.02,369.02,369.02,369.02,369.02,0,0
1648646085,368.98,368.98,368.98,368.98,368.98,1,1
1648646090,369.0,369.0,369.0,369.0,369.0,1,1
1648646095,369.02,369.04,368.99,368.99,369.008,10,6
1648646100,369.0,369.0,369.0,369.0,369.0,2,2
1648646105,369.02,369.02,369.02,369.02,369.02,1,1
1648646110,369.02,369.02,369.02,369.02,369.02,0,0
1648646115,369.02,369.02,369.02,369.02,369.02,0,0
1648646120,369.02,369.02,369.02,369.02,369.02,0,0
1648646125,368.84,368.84,368.84,368.84,368.84,4,1
1648646130,368.84,368.84,368.84,368.84,368.84,0,0
1648646135,368.84,368.84,368.84,368.84,368.84,0,0
1648646140,368.84,368.84,368.84,368.84,368.84,0,0
1648646145,368.87,368.87,368.87,368.87,368.87,1,1
1648646150,368.88,368.88,368.88,368.88,368.88,1,1
1648646155,368.86,368.86,368.85,368.85,368.855,6,5
1648646160,368.85,368.85,368.85,368.85,368.85,0,0
1648646165,368.85,368.85,368.85,368.85,368.85,0,0
1648646170,368.85,368.85,368.85,368.85,368.85,0,0
1648646175,368.85,368.85,368.85,368.85,368.85,0,0
1648646180,368.85,368.85,368.85,368.85,368.85,0,0
1648646185,368.85,368.85,368.85,368.85,368.85,0,0
1648646190,368.85,368.85,368.85,368.85,368.85,0,0
1648646195,368.85,368.85,368.85,368.85,368.85,0,0
1648646200,368.89,368.89,368.89,368.89,368.89,2,1
1648646205,368.89,368.89,368.89,368.89,368.89,0,0
1648646210,368.89,368.89,368.89,368.89,368.89,3,1
1648646215,368.9,368.9,368.9,368.9,368.9,15,6
1648646220,368.9,368.9,368.9,368.9,368.9,0,0
1648646225,368.9,368.9,368.9,368.9,368.9,0,0
1648646230,368.9,368.9,368.9,368.9,368.9,0,0
1648646235,368.9,368.9,368.9,368.9,368.9,0,0
1648646240,368.9,368.9,368.9,368.9,368.9,0,0
1648646245,368.94,368.94,368.94,368.94,368.94,1,1
1648646250,368.94,368.94,368.94,368.94,368.94,0,0
1648646255,368.92,368.92,368.91,368.91,368.913,3,2
1648646260,368.91,368.91,368.91,368.91,368.91,0,0
1648646265,368.96,368.96,368.96,368.96,368.96,1,1
1648646270,368.96,368.96,368.96,368.96,368.96,0,0
1648646275,368.96,368.96,368.96,368.96,368.96,3,3
1648646280,368.9,368.9,368.9,368.9,368.9,1,1
1648646285,368.9,368.9,368.9,368.9,368.9,0,0
1648646290,368.89,368.89,368.89,368.89,368.89,20,11
1648646295,368.93,368.93,368.93,368.93,368.93,1,1
1648646300,368.93,368.93,368.93,368.93,368.93,0,0
1648646305,368.92,368.92,368.92,368.92,368.92,1,1
1648646310,368.94,368.94,368.94,368.94,368.94,1,1
1648646315,368.95,368.95,368.95,368.95,368.95,1,1
1648646320,368.95,368.95,368.95,368.95,368.95,0,0
1648646325,368.95,368.95,368.95,368.95,368.95,0,0
1648646330,368.95,368.95,368.95,368.95,368.95,0,0
1648646335,368.95,368.95,368.95,368.95,368.95,0,0
1648646340,368.95,368.95,368.95,368.95,368.95,0,0
1648646345,368.95,368.95,368.95,368.95,368.95,0,0
1648646350,368.91,368.91,368.91,368.91,368.91,9,6
1648646355,368.91,368.91,368.91,368.91,368.91,0,0
1648646360,368.91,368.91,368.91,368.91,368.91,0,0
1648646365,368.91,368.91,368.91,368.91,368.91,0,0
1648646370,368.94,368.94,368.94,368.94,368.94,5,3
1648646375,368.94,368.94,368.94,368.94,368.94,0,0
1648646380,368.98,368.98,368.98,368.98,368.98,1,1
1648646385,368.98,368.98,368.98,368.98,368.98,0,0
1648646390,368.98,368.98,368.98,368.98,368.98,0,0
1648646395,368.98,369.07,368.98,369.07,369.031,12,9
1648646400,369.04,369.31,369.04,369.31,369.1,22,17
1648646405,369.29,369.36,369.27,369.34,369.306,10,8
1648646410,369.34,369.34,369.27,369.27,369.317,3,3
1648646415,369.14,369.15,369.14,369.15,369.146,6,4
1648646420,369.16,369.17,369.16,369.17,369.165,12,5
1648646425,369.15,369.15,369.15,369.15,369.15,10,2
1648646430,369.15,369.15,369.15,369.15,369.15,0,0
1648646435,369.15,369.15,369.15,369.15,369.15,0,0
1648646440,369.15,369.15,369.15,369.15,369.15,0,0
1648646445,369.17,369.17,369.17,369.17,369.17,1,1
1648646450,369.19,369.19,369.19,369.19,369.19,1,1
1648646455,369.19,369.19,369.19,369.19,369.19,0,0
1648646460,369.19,369.19,369.19,369.19,369.19,0,0
1648646465,369.19,369.19,369.19,369.19,369.19,0,0
1648646470,369.11,369.11,369.07,369.07,369.088,7,5
1648646475,369.09,369.09,369.09,369.09,369.09,5,5
1648646480,369.08,369.08,369.05,369.05,369.07,8,4
1648646485,369.05,369.05,369.05,369.05,369.05,0,0
1648646490,369.05,369.05,369.05,369.05,369.05,0,0
1648646495,369.05,369.05,369.05,369.05,369.05,0,0
1648646500,369.05,369.05,369.05,369.05,369.05,0,0
1648646505,369.05,369.05,369.05,369.05,369.05,0,0
1648646510,369.05,369.05,369.05,369.05,369.05,0,0
1648646515,369.0,369.0,369.0,369.0,369.0,2,1
1648646520,369.0,369.0,369.0,369.0,369.0,0,0
1648646525,369.0,369.0,369.0,369.0,369.0,1,1
1648646530,369.0,369.0,369.0,369.0,369.0,0,0
1648646535,369.0,369.0,369.0,369.0,369.0,0,0
1648646540,369.0,369.0,369.0,369.0,369.0,0,0
1648646545,369.0,369.0,369.0,369.0,369.0,0,0
1648646550,369.04,369.04,369.04,369.04,369.04,15,1
1648646555,369.03,369.03,369.03,369.03,369.03,1,1
1648646560,369.03,369.03,369.03,369.03,369.03,0,0
1648646565,369.04,369.04,369.04,369.04,369.04,2,1
1648646570,369.01,369.01,369.01,369.01,369.01,2,2
1648646575,369.01,369.01,369.01,369.01,369.01,0,0
1648646580,369.01,369.01,369.0,369.0,369.004,10,5
1648646585,369.0,369.0,369.0,369.0,369.0,0,0
1648646590,369.0,369.0,369.0,369.0,369.0,0,0
1648646595,369.0,369.0,369.0,369.0,369.0,0,0
1648646600,369.0,369.0,369.0,369.0,369.0,0,0
1648646605,369.02,369.02,369.02,369.02,369.02,2,2
1648646610,369.02,369.02,369.02,369.02,369.02,0,0
1648646615,369.02,369.02,369.02,369.02,369.02,0,0
1648646620,369.01,369.01,369.01,369.01,369.01,2,2
1648646625,369.02,369.02,369.02,369.02,369.02,2,1
1648646630,369.05,369.05,369.05,369.05,369.05,1,1
1648646635,369.05,369.05,369.05,369.05,369.05,1,1
1648646640,369.05,369.05,369.05,369.05,369.05,0,0
1648646645,369.05,369.05,369.05,369.05,369.05,0,0
1648646650,369.05,369.05,369.05,369.05,369.05,0,0
1648646655,369.04,369.05,369.04,369.04,369.045,24,7
1648646660,369.04,369.04,369.04,369.04,369.04,0,0
1648646665,369.08,369.08,369.02,369.02,369.047,101,26
1648646670,369.02,369.02,369.02,369.02,369.02,0,0
1648646675,369.02,369.02,369.02,369.02,369.02,1,1
1648646680,369.03,369.03,369.03,369.03,369.03,1,1
1648646685,369.02,369.02,369.01,369.02,369.02,20,2
1648646690,369.04,369.04,369.04,369.04,369.04,11,2
1648646695,369.05,369.05,369.05,369.05,369.05,2,1
1648646700,369.04,369.04,369.04,369.04,369.04,5,2
1648646705,369.01,369.01,369.01,369.01,369.01,9,4
1648646710,369.03,369.04,369.02,369.04,369.038,30,5
1648646715,369.0,369.0,369.0,369.0,369.0,18,5
1648646720,369.01,369.01,369.01,369.01,369.01,2,2
1648646725,369.01,369.01,369.01,369.01,369.01,0,0
1648646730,369.02,369.02,369.02,369.02,369.02,5,1
1648646735,369.02,369.02,369.02,369.02,369.02,0,0
1648646740,369.02,369.02,369.02,369.02,369.02,23,4
1648646745,369.02,369.02,369.02,369.02,369.02,0,0
1648646750,369.02,369.02,369.02,369.02,369.02,0,0
1648646755,369.01,369.01,369.01,369.01,369.01,5,2
1648646760,369.06,369.07,369.06,369.07,369.068,19,9
1648646765,369.07,369.07,369.07,369.07,369.07,0,0
1648646770,369.08,369.08,369.08,369.08,369.08,6,3
1648646775,369.08,369.08,369.08,369.08,369.08,0,0
1648646780,369.06,369.06,369.05,369.05,369.055,6,2
1648646785,369.04,369.04,369.04,369.04,369.04,1,1
1648646790,369.04,369.04,369.04,369.04,369.04,1,1
1648646795,369.04,369.04,369.04,369.04,369.04,0,0
1648646800,369.04,369.04,369.0,369.04,369.01,112,19
1648646805,369.04,369.04,369.04,369.04,369.04,0,0
1648646810,369.04,369.04,369.04,369.04,369.04,16,5
1648646815,369.04,369.04,369.04,369.04,369.04,0,0
1648646820,369.04,369.04,369.04,369.04,369.04,0,0
1648646825,369.04,369.04,369.04,369.04,369.04,0,0
1648646830,369.04,369.04,369.04,369.04,369.04,0,0
1648646835,369.04,369.04,369.04,369.04,369.04,0,0
1648646840,369.04,369.04,369.04,369.04,369.04,0,0
1648646845,369.04,369.04,369.04,369.04,369.04,0,0
1648646850,369.04,369.04,369.04,369.04,369.04,0,0
1648646855,369.04,369.04,369.04,369.04,369.04,0,0
1648646860,369.04,369.04,369.04,369.04,369.04,0,0
1648646865,369.04,369.04,369.04,369.04,369.04,0,0
1648646870,369.16,369.16,369.16,369.16,369.16,4,1
1648646875,369.16,369.16,369.16,369.16,369.16,0,0
1648646880,369.26,369.3,369.26,369.29,369.266,5,4
1648646885,369.38,369.4,369.37,369.37,369.379,5,4
1648646890,369.35,369.36,369.35,369.36,369.355,50,14
1648646895,369.36,369.36,369.35,369.36,369.358,14,4
1648646900,369.36,369.36,369.35,369.36,369.36,73,27
1648646905,369.36,369.37,369.33,369.33,369.344,32,10
1648646910,369.34,369.35,369.34,369.35,369.348,5,3
1648646915,369.29,369.29,369.29,369.29,369.29,1,1
1648646920,369.29,369.29,369.29,369.29,369.29,0,0
1648646925,369.29,369.29,369.29,369.29,369.29,0,0
1648646930,369.31,369.33,369.31,369.33,369.324,25,9
1648646935,369.33,369.33,369.33,369.33,369.33,0,0
1648646940,369.33,369.33,369.33,369.33,369.33,0,0
1648646945,369.33,369.33,369.33,369.33,369.33,0,0
1648646950,369.3,369.31,369.3,369.31,369.304,7,2
1648646955,369.31,369.31,369.31,369.31,369.31,0,0
1648646960,369.31,369.31,369.31,369.31,369.31,0,0
1648646965,369.33,369.33,369.33,369.33,369.33,3,1
1648646970,369.35,369.35,369.35,369.35,369.35,24,7
1648646975,369.35,369.35,369.35,369.35,369.35,0,0
1648646980,369.35,369.35,369.35,369.35,369.35,0,0
1648646985,369.35,369.35,369.35,369.35,369.35,0,0
1648646990,369.29,369.29,369.29,369.29,369.29,1,1
1648646995,369.28,369.31,369.28,369.3,369.301,116,36
1648647000,369.28,369.62,369.27,369.48,369.481,2074,310
1648647005,369.47,369.61,369.36,369.54,369.479,811,292
1648647010,369.54,369.57,369.4,369.48,369.494,389,184
1648647015,369.53,369.81,369.46,369.79,369.721,568,253
1648647020,369.79,369.8,369.64,369.74,369.731,473,218
1648647025,369.75,369.79,369.7,369.71,369.746,323,120
1648647030,369.71,369.76,369.59,369.59,369.688,289,129
1648647035,369.58,369.66,369.49,369.52,369.555,237,123
1648647040,369.52,369.67,369.49,369.67,369.562,114,63
1648647045,369.67,369.72,369.58,369.58,369.655,209,105
1648647050,369.57,369.62,369.54,369.59,369.578,117,62
1648647055,369.6,369.67,369.57,369.66,369.62,301,132
1648647060,369.66,369.84,369.65,369.83,369.774,232,125
1648647065,369.8,369.8,369.65,369.77,369.747,164,42
1648647070,369.77,369.77,369.42,369.43,369.614,244,111
1648647075,369.42,369.44,369.34,369.39,369.415,207,73
1648647080,369.41,369.52,369.33,369.33,369.411,283,106
1648647085,369.32,369.38,369.31,369.36,369.35,189,34
1648647090,369.38,369.49,369.35,369.35,369.461,113,39
1648647095,369.36,369.49,369.31,369.47,369.378,98,50
1648647100,369.51,369.54,369.44,369.47,369.485,80,34
1648647105,369.43,369.45,369.38,369.44,369.416,50,26
1648647110,369.46,369.56,369.45,369.48,369.515,56,31
1648647115,369.47,369.56,369.46,369.54,369.51,45,22
1648647120,369.52,369.59,369.5,369.58,369.546,73,44
1648647125,369.59,369.77,369.59,369.74,369.673,79,48
1648647130,369.72,369.76,369.64,369.65,369.688,51,25
1648647135,369.62,369.64,369.43,369.44,369.519,120,87
1648647140,369.46,369.48,369.43,369.45,369.45,41,18
1648647145,369.48,369.51,369.43,369.44,369.469,110,62
1648647150,369.49,369.51,369.37,369.42,369.441,342,168
1648647155,369.44,369.49,369.41,369.49,369.432,45,18
1648647160,369.5,369.6,369.49,369.58,369.558,63,25
1648647165,369.59,369.65,369.59,369.62,369.621,47,30
1648647170,369.61,369.71,369.59,369.7,369.661,127,73
1648647175,369.71,369.72,369.65,369.69,369.685,92,42
1648647180,369.71,369.85,369.54,369.85,369.709,378,247
1648647185,369.84,369.85,369.71,369.78,369.803,441,137
1648647190,369.78,369.85,369.77,369.83,369.814,232,136
1648647195,369.83,369.91,369.82,369.91,369.871,363,251
1648647200,369.91,369.92,369.75,369.89,369.828,210,144
1648647205,369.88,369.92,369.83,369.87,369.86,90,51
1648647210,369.85,369.91,369.83,369.86,369.849,141,85
1648647215,369.85,369.95,369.84,369.95,369.891,124,80
1648647220,369.96,369.96,369.79,369.85,369.865,203,113
1648647225,369.87,369.92,369.87,369.87,369.905,101,50
1648647230,369.86,369.87,369.81,369.81,369.835,97,59
1648647235,369.78,369.85,369.68,369.83,369.72,808,395
1648647240,369.85,369.92,369.84,369.85,369.871,228,124
1648647245,369.85,369.85,369.67,369.67,369.758,143,79
1648647250,369.67,369.73,369.65,369.73,369.691,76,30
1648647255,369.71,369.78,369.7,369.73,369.743,38,18
1648647260,369.72,369.88,369.7,369.86,369.8,117,66
1648647265,369.87,369.89,369.78,369.78,369.843,78,47
1648647270,369.78,369.78,369.59,369.68,369.664,170,109
1648647275,369.7,369.74,369.64,369.71,369.694,74,49
1648647280,369.71,369.75,369.65,369.74,369.701,123,91
1648647285,369.77,369.81,369.71,369.74,369.763,123,95
1648647290,369.72,369.73,369.63,369.69,369.691,161,78
1648647295,369.7,369.98,369.7,369.98,369.886,345,148
1648647300,369.96,369.99,369.86,369.89,369.911,141,89
1648647305,369.89,369.95,369.82,369.92,369.888,132,88
1648647310,369.91,369.91,369.82,369.84,369.854,140,58
1648647315,369.86,369.9,369.77,369.79,369.847,169,74
1648647320,369.77,369.78,369.61,369.63,369.686,138,99
1648647325,369.63,369.89,369.62,369.89,369.713,357,174
1648647330,369.86,369.93,369.83,369.92,369.883,102,49
1648647335,369.9,369.95,369.75,369.76,369.88,345,227
1648647340,369.76,369.9,369.74,369.85,369.841,225,147
1648647345,369.88,369.98,369.84,369.84,369.926,223,142
1648647350,369.85,369.85,369.71,369.73,369.751,205,138
1648647355,369.75,369.81,369.74,369.8,369.781,70,46
1648647360,369.82,369.97,369.8,369.96,369.906,264,170
1648647365,369.97,370.08,369.93,369.96,370.022,312,192
1648647370,369.94,369.95,369.7,369.77,369.854,374,217
1648647375,369.76,369.92,369.74,369.74,369.805,111,70
1648647380,369.74,369.75,369.47,369.55,369.594,269,190
1648647385,369.54,369.55,369.42,369.49,369.476,452,281
1648647390,369.5,369.54,369.42,369.52,369.484,313,185
1648647395,369.52,369.61,369.5,369.57,369.551,245,144
1648647400,369.56,369.56,369.49,369.54,369.527,302,196
1648647405,369.53,369.59,369.48,369.48,369.547,202,94
1648647410,369.48,369.49,369.41,369.45,369.442,131,97
1648647415,369.44,369.55,369.42,369.54,369.487,167,93
1648647420,369.55,369.65,369.52,369.62,369.572,250,159
1648647425,369.62,369.64,369.54,369.55,369.598,147,67
1648647430,369.54,369.54,369.48,369.5,369.507,69,50
1648647435,369.49,369.52,369.44,369.46,369.476,49,39
1648647440,369.48,369.48,369.36,369.44,369.41,170,78
1648647445,369.48,369.5,369.45,369.46,369.472,50,32
1648647450,369.44,369.44,369.2,369.25,369.325,326,218
1648647455,369.24,369.25,369.2,369.21,369.223,122,79
1648647460,369.21,369.24,369.14,369.16,369.206,266,78
1648647465,369.18,369.25,369.16,369.17,369.209,164,99
1648647470,369.18,369.2,369.08,369.12,369.156,314,169
1648647475,369.12,369.14,369.09,369.13,369.117,108,74
1648647480,369.14,369.2,369.03,369.03,369.129,186,106
1648647485,369.01,369.03,368.84,368.85,368.94,223,142
1648647490,368.85,368.86,368.74,368.74,368.79,254,128
1648647495,368.73,368.93,368.71,368.91,368.842,263,156
1648647500,368.9,368.93,368.83,368.85,368.882,161,104
1648647505,368.88,368.94,368.86,368.92,368.901,129,60
1648647510,368.91,369.06,368.89,369.03,368.958,63,34
1648647515,369.03,369.18,369.03,369.04,369.14,210,137
1648647520,369.04,369.1,369.03,369.06,369.07,104,63
1648647525,369.05,369.15,368.92,369.01,369.015,315,211
1648647530,369.05,369.07,368.83,368.84,368.961,154,115
1648647535,368.86,368.89,368.76,368.77,368.837,63,56
1648647540,368.82,368.86,368.75,368.86,368.786,129,74
1648647545,368.88,369.04,368.88,369.02,368.978,202,116
1648647550,369.03,369.06,368.99,369.0,369.029,42,30
1648647555,368.99,369.12,368.99,369.03,369.064,96,57
1648647560,369.02,369.11,369.01,369.05,369.062,114,89
1648647565,369.04,369.04,368.83,368.85,368.928,202,142
1648647570,368.84,368.85,368.8,368.81,368.832,142,95
1648647575,368.82,368.91,368.76,368.85,368.847,315,95
1648647580,368.84,368.89,368.79,368.86,368.835,124,80
1648647585,368.85,368.95,368.84,368.93,368.906,67,50
1648647590,368.94,369.1,368.92,369.1,368.998,145,85
1648647595,369.11,369.13,368.96,368.96,369.029,230,98
1648647600,368.97,369.16,368.91,369.14,369.067,186,132
1648647605,369.14,369.15,369.11,369.11,369.129,297,171
1648647610,369.11,369.11,368.97,369.06,369.039,178,135
1648647615,369.07,369.1,369.02,369.05,369.067,128,64
1648647620,369.03,369.16,369.01,369.14,369.074,59,47
1648647625,369.17,369.22,369.13,369.13,369.18,148,72
1648647630,369.11,369.22,369.11,369.2,369.152,58,50
1648647635,369.21,369.23,369.16,369.21,369.202,69,55
1648647640,369.21,369.21,369.13,369.18,369.18,115,81
1648647645,369.18,369.24,369.18,369.24,369.212,99,80
1648647650,369.22,369.25,369.15,369.15,369.207,82,54
1648647655,369.15,369.17,369.08,369.14,369.14,164,65
1648647660,369.22,369.39,369.19,369.23,369.307,142,106
1648647665,369.21,369.3,369.21,369.25,369.252,52,31
1648647670,369.26,369.36,369.26,369.32,369.328,105,53
1648647675,369.33,369.38,369.31,369.37,369.345,110,40
1648647680,369.37,369.44,369.37,369.42,369.397,100,90
1648647685,369.41,369.45,369.34,369.38,369.403,156,115
1648647690,369.39,369.6,369.39,369.45,369.522,193,93
1648647695,369.43,369.46,369.29,369.37,369.369,208,160
1648647700,369.35,369.36,369.2,369.23,369.249,138,88
1648647705,369.25,369.34,369.23,369.24,369.295,55,43
1648647710,369.26,369.29,369.24,369.24,369.265,60,22
1648647715,369.2,369.21,369.12,369.12,369.166,46,29
1648647720,369.11,369.2,369.1,369.15,369.15,66,56
1648647725,369.16,369.19,369.03,369.04,369.096,133,112
1648647730,369.04,369.15,369.04,369.11,369.081,75,45
1648647735,369.18,369.19,369.12,369.18,369.165,59,26
1648647740,369.15,369.16,369.07,369.15,369.107,173,113
1648647745,369.16,369.17,369.08,369.08,369.14,71,41
1648647750,369.1,369.27,369.09,369.25,369.206,112,62
1648647755,369.25,369.38,369.24,369.35,369.311,77,60
1648647760,369.36,369.36,369.27,369.27,369.295,105,79
1648647765,369.28,369.28,369.16,369.2,369.216,74,58
1648647770,369.16,369.33,369.15,369.32,369.26,35,21
1648647775,369.31,369.35,369.25,369.25,369.305,40,33
1648647780,369.24,369.27,369.19,369.23,369.225,45,25
1648647785,369.27,369.36,369.26,369.3,369.335,100,50
1648647790,369.32,369.43,369.32,369.34,369.403,177,125
1648647795,369.32,369.38,369.3,369.33,369.331,50,43
1648647800,369.34,369.37,369.33,369.35,369.348,18,15
1648647805,369.33,369.48,369.33,369.48,369.422,48,40
1648647810,369.5,369.56,369.44,369.51,369.523,134,81
1648647815,369.51,369.57,369.5,369.55,369.549,92,60
1648647820,369.51,369.66,369.5,369.56,369.587,356,194
1648647825,369.57,369.61,369.4,369.47,369.486,292,128
1648647830,369.47,369.58,369.46,369.51,369.529,231,164
1648647835,369.52,369.59,369.5,369.52,369.548,118,62
1648647840,369.55,369.63,369.53,369.55,369.575,93,60
1648647845,369.55,369.58,369.53,369.58,369.537,192,141
1648647850,369.57,369.77,369.56,369.66,369.695,272,128
1648647855,369.69,369.69,369.64,369.68,369.678,44,27
1648647860,369.67,369.67,369.53,369.54,369.583,142,83
1648647865,369.54,369.66,369.54,369.63,369.595,48,33
1648647870,369.63,369.64,369.58,369.63,369.613,48,42
1648647875,369.63,369.67,369.59,369.6,369.63,72,56
1648647880,369.58,369.6,369.54,369.54,369.576,61,34
1648647885,369.54,369.63,369.48,369.57,369.53,175,112
1648647890,369.57,369.72,369.56,369.7,369.671,170,99
1648647895,369.68,369.7,369.65,369.67,369.673,82,53
1648647900,369.71,369.87,369.66,369.85,369.769,190,131
1648647905,369.84,369.85,369.79,369.81,369.827,95,62
1648647910,369.83,369.89,369.83,369.86,369.861,134,47
1648647915,369.86,369.9,369.85,369.89,369.879,50,32
1648647920,369.9,369.95,369.85,369.86,369.913,237,141
1648647925,369.89,369.92,369.79,369.82,369.851,92,62
1648647930,369.85,369.85,369.62,369.63,369.743,204,115
1648647935,369.64,369.69,369.54,369.58,369.609,212,133
1648647940,369.58,369.71,369.57,369.65,369.664,73,60
1648647945,369.63,369.63,369.59,369.61,369.607,79,48
1648647950,369.6,369.63,369.58,369.58,369.6,165,110
1648647955,369.58,369.59,369.48,369.51,369.547,172,104
1648647960,369.5,369.56,369.44,369.5,369.501,265,156
1648647965,369.51,369.58,369.46,369.48,369.514,92,62
1648647970,369.47,369.5,369.35,369.47,369.418,242,153
1648647975,369.47,369.48,369.38,369.43,369.423,109,92
1648647980,369.44,369.49,369.41,369.49,369.449,60,50
1648647985,369.51,369.55,369.47,369.53,369.506,93,61
1648647990,369.53,369.54,369.36,369.41,369.46,229,134
1648647995,369.4,369.42,369.35,369.37,369.393,94,64
1648648000,369.39,369.41,369.31,369.35,369.368,110,60
1648648005,369.34,369.35,369.26,369.27,369.298,126,71
1648648010,369.26,369.32,369.25,369.31,369.274,93,60
1648648015,369.36,369.4,369.33,369.36,369.371,68,36
1648648020,369.36,369.45,369.26,369.3,369.342,99,65
1648648025,369.28,369.32,369.25,369.3,369.284,42,29
1648648030,369.26,369.29,369.23,369.24,369.25,68,30
1648648035,369.28,369.32,369.26,369.26,369.286,28,23
1648648040,369.29,369.34,369.27,369.34,369.311,54,35
1648648045,369.32,369.41,369.32,369.38,369.387,190,117
1648648050,369.36,369.37,369.28,369.28,369.329,68,46
1648648055,369.3,369.47,369.29,369.46,369.378,86,60
1648648060,369.46,369.64,369.45,369.6,369.551,319,176
1648648065,369.61,369.62,369.53,369.6,369.565,154,94
1648648070,369.62,369.66,369.58,369.63,369.631,135,71
1648648075,369.63,369.64,369.59,369.6,369.608,86,23
1648648080,369.6,369.91,369.59,369.75,369.798,238,144
1648648085,369.76,369.93,369.75,369.93,369.857,63,33
1648648090,369.92,369.94,369.89,369.91,369.919,132,91
1648648095,369.94,370.14,369.94,370.14,370.066,232,136
1648648100,370.15,370.23,370.11,370.12,370.181,298,132
1648648105,370.12,370.23,370.07,370.22,370.152,198,82
1648648110,370.22,370.24,370.16,370.16,370.213,41,30
1648648115,370.15,370.19,370.07,370.19,370.106,101,56
1648648120,370.18,370.18,369.93,370.01,370.019,405,259
1648648125,370.03,370.06,370.02,370.03,370.042,48,25
1648648130,370.02,370.12,370.02,370.12,370.06,69,48
1648648135,370.13,370.13,370.04,370.1,370.072,77,46
1648648140,370.13,370.26,369.96,369.99,370.113,484,243
1648648145,370.02,370.07,370.01,370.04,370.052,36,27
1648648150,370.03,370.08,370.03,370.07,370.047,74,51
1648648155,370.07,370.07,370.01,370.02,370.029,138,77
1648648160,370.03,370.2,370.0,370.19,370.071,150,112
1648648165,370.2,370.25,370.13,370.17,370.2,106,62
1648648170,370.17,370.23,370.16,370.2,370.205,59,35
1648648175,370.18,370.19,370.14,370.16,370.156,59,38
1648648180,370.16,370.23,370.15,370.21,370.175,116,67
1648648185,370.2,370.24,370.12,370.24,370.159,166,87
1648648190,370.22,370.31,370.1,370.11,370.215,230,102
1648648195,370.14,370.22,370.09,370.22,370.151,96,64
1648648200,370.22,370.24,370.14,370.15,370.18,110,78
1648648205,370.17,370.26,370.14,370.26,370.202,136,102
1648648210,370.27,370.27,370.13,370.16,370.185,86,64
1648648215,370.15,370.3,370.14,370.28,370.242,116,68
1648648220,370.32,370.37,370.2,370.2,370.319,237,168
1648648225,370.21,370.24,370.2,370.2,370.215,125,38
1648648230,370.21,370.21,370.12,370.18,370.166,179,102
1648648235,370.19,370.22,370.03,370.03,370.108,103,73
1648648240,370.05,370.14,370.05,370.09,370.091,68,45
1648648245,370.1,370.12,369.96,369.99,370.04,94,67
1648648250,369.99,370.09,369.97,370.05,370.023,254,116
1648648255,370.03,370.05,369.98,369.98,369.998,169,100
1648648260,369.99,370.03,369.89,369.96,369.978,253,108
1648648265,369.95,370.14,369.92,370.09,370.057,194,124
1648648270,370.1,370.11,369.98,370.02,370.033,128,76
1648648275,370.03,370.14,370.01,370.09,370.08,82,47
1648648280,370.09,370.14,370.05,370.14,370.09,64,58
1648648285,370.15,370.25,370.11,370.13,370.18,122,99
1648648290,370.14,370.19,370.1,370.11,370.155,95,53
1648648295,370.11,370.18,370.11,370.16,370.147,78,53
1648648300,370.16,370.17,370.02,370.04,370.056,411,258
1648648305,370.04,370.07,369.99,370.03,370.04,309,210
1648648310,370.03,370.03,369.95,369.96,369.996,89,42
1648648315,369.97,370.09,369.97,370.06,370.051,60,41
1648648320,370.06,370.06,369.73,369.82,369.853,304,181
1648648325,369.81,369.88,369.76,369.88,369.842,96,43
1648648330,369.88,369.91,369.76,369.79,369.801,154,67
1648648335,369.79,369.83,369.76,369.8,369.784,100,36
1648648340,369.79,369.88,369.78,369.8,369.808,171,52
1648648345,369.79,369.8,369.69,369.71,369.73,104,64
1648648350,369.72,369.79,369.72,369.76,369.749,64,33
1648648355,369.77,369.79,369.56,369.56,369.687,163,105
1648648360,369.57,369.6,369.5,369.53,369.57,203,66
1648648365,369.54,369.6,369.52,369.55,369.547,145,50
1648648370,369.55,369.7,369.55,369.66,369.662,151,75
1648648375,369.68,369.68,369.62,369.62,369.664,39,17
1648648380,369.62,369.62,369.51,369.57,369.553,322,180
1648648385,369.54,369.75,369.5,369.71,369.587,725,477
1648648390,369.7,369.72,369.57,369.6,369.639,137,88
1648648395,369.61,369.68,369.59,369.61,369.635,122,110
1648648400,369.61,369.69,369.54,369.67,369.583,105,66
1648648405,369.68,369.78,369.68,369.71,369.735,84,52
1648648410,369.71,369.73,369.63,369.7,369.673,72,52
1648648415,369.71,369.75,369.67,369.67,369.702,40,23
1648648420,369.66,369.69,369.58,369.59,369.642,73,40
1648648425,369.59,369.62,369.56,369.62,369.587,79,44
1648648430,369.61,369.62,369.48,369.48,369.591,332,139
1648648435,369.48,369.55,369.39,369.54,369.473,159,89
1648648440,369.55,369.55,369.23,369.34,369.328,243,159
1648648445,369.32,369.34,369.21,369.22,369.271,163,97
1648648450,369.23,369.33,369.21,369.24,369.257,266,97
1648648455,369.22,369.38,369.22,369.33,369.306,85,47
1648648460,369.34,369.51,369.33,369.44,369.429,256,134
1648648465,369.45,369.6,369.43,369.52,369.531,114,57
1648648470,369.53,369.59,369.47,369.48,369.554,230,86
1648648475,369.48,369.57,369.47,369.57,369.532,39,30
1648648480,369.57,369.59,369.52,369.53,369.558,109,74
1648648485,369.5,369.53,369.48,369.53,369.495,35,17
1648648490,369.52,369.57,369.51,369.55,369.549,44,36
1648648495,369.55,369.56,369.46,369.56,369.515,49,43
1648648500,369.56,369.6,369.24,369.26,369.412,273,154
1648648505,369.28,369.46,369.26,369.33,369.338,124,79
1648648510,369.37,369.37,369.25,369.27,369.276,124,36
1648648515,369.28,369.39,369.27,369.38,369.333,71,40
1648648520,369.38,369.45,369.32,369.41,369.396,41,37
1648648525,369.4,369.41,369.34,369.4,369.37,32,24
1648648530,369.4,369.48,369.37,369.41,369.433,97,74
1648648535,369.39,369.41,369.32,369.34,369.355,94,59
1648648540,369.32,369.41,369.25,369.41,369.305,154,66
1648648545,369.44,369.46,369.38,369.39,369.401,142,57
1648648550,369.38,369.52,369.37,369.51,369.465,124,73
1648648555,369.51,369.51,369.41,369.42,369.469,85,68
1648648560,369.45,369.55,369.4,369.47,369.47,149,101
1648648565,369.48,369.5,369.32,369.32,369.426,133,90
1648648570,369.33,369.42,369.31,369.35,369.376,58,33
1648648575,369.34,369.48,369.34,369.46,369.417,90,63
1648648580,369.46,369.5,369.44,369.5,369.461,64,36
1648648585,369.48,369.68,369.48,369.68,369.575,115,71
1648648590,369.68,369.7,369.49,369.54,369.601,293,157
1648648595,369.54,369.63,369.53,369.6,369.592,32,29
1648648600,369.62,369.67,369.59,369.63,369.614,71,52
1648648605,369.64,369.64,369.55,369.6,369.597,62,50
1648648610,369.58,369.65,369.57,369.63,369.601,97,39
1648648615,369.63,369.68,369.59,369.66,369.62,109,48
1648648620,369.7,369.84,369.68,369.7,369.763,229,140
1648648625,369.71,369.85,369.71,369.79,369.793,150,54
1648648630,369.75,369.78,369.73,369.74,369.759,35,27
1648648635,369.73,369.82,369.73,369.8,369.769,62,47
1648648640,369.82,369.82,369.72,369.78,369.758,123,88
1648648645,369.8,369.83,369.72,369.79,369.769,73,59
1648648650,369.8,369.8,369.6,369.62,369.669,199,78
1648648655,369.64,369.64,369.59,369.59,369.623,42,23
1648648660,369.61,369.65,369.46,369.52,369.643,2895,127
1648648665,369.55,369.57,369.49,369.52,369.523,42,28
1648648670,369.55,369.56,369.5,369.55,369.543,44,36
1648648675,369.55,369.71,369.55,369.69,369.621,115,85
1648648680,369.7,369.73,369.58,369.59,369.649,95,66
1648648685,369.56,369.6,369.53,369.57,369.553,53,25
1648648690,369.6,369.67,369.6,369.63,369.64,43,40
1648648695,369.64,369.64,369.55,369.61,369.582,62,39
1648648700,369.56,369.59,369.5,369.54,369.546,119,71
1648648705,369.54,369.56,369.47,369.47,369.517,170,57
1648648710,369.49,369.53,369.48,369.53,369.507,39,28
1648648715,369.53,369.58,369.5,369.51,369.538,50,27
1648648720,369.49,369.53,369.45,369.53,369.475,53,33
1648648725,369.51,369.63,369.51,369.63,369.596,42,30
1648648730,369.62,369.64,369.55,369.62,369.59,91,64
1648648735,369.62,369.78,369.62,369.76,369.701,310,126
1648648740,369.77,369.82,369.75,369.81,369.788,193,115
1648648745,369.81,369.88,369.75,369.79,369.811,254,135
1648648750,369.78,369.81,369.73,369.73,369.769,160,54
1648648755,369.71,369.75,369.62,369.7,369.661,183,85
1648648760,369.73,369.8,369.73,369.77,369.755,75,22
1648648765,369.78,369.83,369.73,369.8,369.792,55,26
1648648770,369.79,370.01,369.79,369.95,369.932,218,126
1648648775,369.94,370.06,369.94,370.0,369.982,283,84
1648648780,370.0,370.03,369.81,369.82,369.927,135,108
1648648785,369.82,369.88,369.81,369.86,369.837,144,49
1648648790,369.86,369.87,369.8,369.87,369.836,67,28
1648648795,369.83,369.88,369.8,369.83,369.843,63,39
1648648800,369.85,369.94,369.81,369.85,369.87,113,76
1648648805,369.85,369.89,369.8,369.89,369.857,75,41
1648648810,369.85,369.93,369.84,369.88,369.893,61,44
1648648815,369.9,369.94,369.85,369.92,369.895,29,28
1648648820,369.94,370.02,369.92,369.99,369.98,168,73
1648648825,369.97,370.26,369.97,370.25,370.131,273,211
1648648830,370.23,370.25,370.16,370.18,370.21,144,76
1648648835,370.2,370.26,370.17,370.17,370.214,102,77
1648648840,370.18,370.18,370.05,370.06,370.122,114,96
1648648845,370.06,370.06,369.94,369.98,369.997,188,126
1648648850,369.99,370.01,369.84,369.85,369.909,167,116
1648648855,369.84,369.85,369.73,369.74,369.773,193,108
1648648860,369.74,369.8,369.69,369.74,369.745,145,100
1648648865,369.77,369.87,369.76,369.84,369.803,85,61
1648648870,369.83,369.83,369.72,369.75,369.764,101,64
1648648875,369.77,369.78,369.69,369.78,369.73,125,57
1648648880,369.78,369.97,369.78,369.9,369.913,136,97
1648648885,369.92,369.96,369.9,369.91,369.927,56,53
1648648890,369.92,370.0,369.89,369.98,369.956,118,76
1648648895,369.98,370.1,369.97,370.04,370.034,134,77
1648648900,370.03,370.05,369.99,370.0,370.033,75,42
1648648905,369.99,370.08,369.95,369.96,370.011,63,35
1648648910,369.94,369.98,369.87,369.97,369.92,125,71
1648648915,369.99,370.03,369.94,370.0,369.992,53,34
1648648920,370.05,370.14,370.02,370.14,370.099,91,71
1648648925,370.11,370.24,370.11,370.23,370.196,176,125
1648648930,370.25,370.26,370.05,370.1,370.13,162,101
1648648935,370.11,370.17,370.1,370.1,370.139,36,27
1648648940,370.13,370.14,370.01,370.05,370.045,131,94
1648648945,370.05,370.05,369.85,369.88,369.928,189,129
1648648950,369.88,369.91,369.82,369.82,369.88,74,32
1648648955,369.85,369.89,369.81,369.83,369.856,109,66
1648648960,369.84,369.87,369.8,369.84,369.824,72,53
1648648965,369.85,369.86,369.74,369.79,369.797,62,33
1648648970,369.79,369.82,369.59,369.65,369.731,175,125
1648648975,369.66,369.67,369.6,369.67,369.63,169,63
1648648980,369.67,369.67,369.46,369.49,369.541,94,56
1648648985,369.47,369.61,369.47,369.58,369.537,112,68
1648648990,369.59,369.65,369.55,369.61,369.601,55,36
1648648995,369.59,369.65,369.59,369.6,369.618,53,26
1648649000,369.57,369.7,369.57,369.65,369.668,76,30
1648649005,369.67,369.67,369.6,369.6,369.62,133,48
1648649010,369.61,369.68,369.59,369.67,369.634,32,27
1648649015,369.67,369.72,369.67,369.67,369.684,41,33
1648649020,369.66,369.68,369.62,369.66,369.642,74,39
1648649025,369.68,369.82,369.68,369.82,369.756,104,73
1648649030,369.8,369.82,369.73,369.75,369.755,105,60
1648649035,369.69,369.69,369.61,369.65,369.641,31,23
1648649040,369.66,369.67,369.6,369.66,369.635,45,39
1648649045,369.67,369.7,369.64,369.69,369.681,33,22
1648649050,369.69,369.74,369.65,369.74,369.677,22,21
1648649055,369.74,369.82,369.74,369.75,369.783,61,30
1648649060,369.7,369.77,369.68,369.77,369.725,46,33
1648649065,369.76,369.78,369.71,369.77,369.738,58,26
1648649070,369.77,369.81,369.72,369.74,369.769,46,35
1648649075,369.78,369.8,369.73,369.79,369.775,41,20
1648649080,369.77,369.79,369.74,369.76,369.765,29,24
1648649085,369.75,369.78,369.7,369.75,369.733,36,22
1648649090,369.75,369.79,369.75,369.75,369.763,23,14
1648649095,369.74,369.77,369.72,369.73,369.746,115,45
1648649100,369.74,369.88,369.74,369.84,369.821,183,118
1648649105,369.82,369.89,369.79,369.83,369.845,157,69
1648649110,369.83,369.9,369.78,369.84,369.857,90,53
1648649115,369.87,369.87,369.79,369.83,369.832,46,34
1648649120,369.82,369.84,369.71,369.71,369.768,48,38
1648649125,369.7,369.7,369.58,369.62,369.643,165,55
1648649130,369.61,369.65,369.55,369.59,369.578,88,51
1648649135,369.62,369.64,369.59,369.62,369.618,45,37
1648649140,369.59,369.61,369.54,369.56,369.561,172,86
1648649145,369.56,369.61,369.55,369.61,369.579,89,61
1648649150,369.62,369.62,369.56,369.61,369.578,86,63
1648649155,369.59,369.63,369.57,369.59,369.59,44,35
1648649160,369.58,369.58,369.36,369.47,369.437,260,148
1648649165,369.44,369.45,369.36,369.4,369.382,77,21
1648649170,369.37,369.4,369.35,369.37,369.373,62,42
1648649175,369.36,369.45,369.36,369.43,369.392,103,54
1648649180,369.4,369.6,369.39,369.6,369.485,83,61
1648649185,369.56,369.57,369.51,369.52,369.544,76,53
1648649190,369.5,369.57,369.49,369.5,369.537,44,31
1648649195,369.49,369.51,369.4,369.42,369.449,118,77
1648649200,369.4,369.43,369.29,369.31,369.358,122,63
1648649205,369.29,369.36,369.24,369.26,369.309,302,161
1648649210,369.26,369.32,369.22,369.23,369.281,93,64
1648649215,369.22,369.22,369.14,369.15,369.184,319,112
1648649220,369.14,369.15,369.09,369.11,369.113,134,107
1648649225,369.1,369.15,369.08,369.13,369.124,225,74
1648649230,369.13,369.2,369.07,369.11,369.145,184,126
1648649235,369.1,369.14,369.07,369.07,369.111,95,55
1648649240,369.09,369.25,369.06,369.24,369.171,180,111
1648649245,369.23,369.25,369.15,369.15,369.226,181,104
1648649250,369.14,369.22,369.11,369.21,369.152,240,176
1648649255,369.18,369.19,369.11,369.13,369.132,106,60
1648649260,369.14,369.17,369.05,369.08,369.127,192,115
1648649265,369.09,369.22,369.07,369.22,369.131,134,87
1648649270,369.19,369.2,369.05,369.07,369.106,399,208
1648649275,369.07,369.11,369.02,369.03,369.059,371,107
1648649280,369.01,369.09,368.97,369.05,369.03,646,245
1648649285,369.05,369.09,369.0,369.09,369.05,136,63
1648649290,369.08,369.19,369.07,369.13,369.133,148,92
1648649295,369.16,369.18,369.07,369.09,369.11,84,50
1648649300,369.1,369.1,369.03,369.03,369.05,64,45
1648649305,369.02,369.05,369.0,369.03,369.022,91,41
1648649310,369.02,369.05,369.0,369.05,369.025,118,49
1648649315,369.05,369.05,368.95,369.02,368.997,139,94
1648649320,369.03,369.1,369.0,369.08,369.04,117,90
1648649325,369.07,369.08,369.01,369.06,369.055,28,15
1648649330,369.04,369.05,369.01,369.02,369.034,40,28
1648649335,369.0,369.04,369.0,369.03,369.022,60,18
1648649340,369.04,369.27,369.04,369.23,369.193,172,104
1648649345,369.24,369.25,369.12,369.13,369.205,229,75
1648649350,369.13,369.15,369.05,369.13,369.087,270,163
1648649355,369.14,369.18,369.11,369.14,369.152,44,30
1648649360,369.15,369.22,369.15,369.22,369.174,120,87
1648649365,369.21,369.27,369.2,369.25,369.229,47,34
1648649370,369.25,369.27,369.2,369.2,369.255,99,53
1648649375,369.19,369.19,369.08,369.09,369.12,56,41
1648649380,369.08,369.21,369.07,369.17,369.146,92,55
1648649385,369.16,369.3,369.16,369.27,369.214,58,53
1648649390,369.27,369.29,369.23,369.28,369.262,77,40
1648649395,369.28,369.29,369.23,369.25,369.261,66,52
1648649400,369.26,369.55,369.26,369.44,369.455,321,221
1648649405,369.45,369.55,369.44,369.5,369.5,304,135
1648649410,369.52,369.74,369.52,369.71,369.641,261,176
1648649415,369.73,369.73,369.48,369.53,369.579,235,156
1648649420,369.54,369.56,369.49,369.54,369.525,48,34
1648649425,369.56,369.63,369.56,369.59,369.597,49,31
1648649430,369.61,369.66,369.52,369.6,369.578,162,90
1648649435,369.59,369.68,369.59,369.63,369.631,143,76
1648649440,369.63,369.67,369.62,369.66,369.634,61,22
1648649445,369.69,369.73,369.68,369.7,369.712,100,54
1648649450,369.67,369.69,369.64,369.66,369.663,57,34
1648649455,369.68,369.72,369.66,369.7,369.693,57,33
1648649460,369.69,369.98,369.69,369.96,369.869,342,223
1648649465,369.95,369.95,369.76,369.82,369.869,235,92
1648649470,369.84,369.86,369.76,369.81,369.815,95,48
1648649475,369.83,369.85,369.79,369.83,369.813,49,14
1648649480,369.8,369.91,369.78,369.91,369.849,233,116
1648649485,369.9,369.9,369.74,369.75,369.787,79,29
1648649490,369.78,369.85,369.75,369.78,369.796,39,29
1648649495,369.77,369.85,369.77,369.81,369.785,146,38
1648649500,369.81,369.81,369.68,369.71,369.735,124,85
1648649505,369.7,369.72,369.65,369.69,369.684,84,42
1648649510,369.69,369.74,369.65,369.66,369.689,54,30
1648649515,369.66,369.75,369.63,369.73,369.71,190,108
1648649520,369.75,369.79,369.69,369.71,369.744,129,93
1648649525,369.72,369.73,369.6,369.65,369.66,112,88
1648649530,369.63,369.7,369.63,369.67,369.677,99,42
1648649535,369.67,369.76,369.67,369.74,369.722,33,19
1648649540,369.75,369.87,369.73,369.86,369.819,140,100
1648649545,369.87,369.88,369.75,369.75,369.83,186,45
1648649550,369.75,369.82,369.75,369.76,369.798,48,28
1648649555,369.77,369.79,369.72,369.75,369.758,26,22
1648649560,369.71,369.75,369.71,369.75,369.731,49,28
1648649565,369.75,369.85,369.74,369.83,369.786,40,30
1648649570,369.81,369.86,369.78,369.79,369.806,35,21
1648649575,369.79,369.85,369.73,369.82,369.785,68,44
1648649580,369.83,369.84,369.77,369.84,369.811,23,18
1648649585,369.85,369.87,369.77,369.77,369.83,244,49
1648649590,369.77,369.77,369.71,369.71,369.74,88,43
1648649595,369.71,369.85,369.68,369.85,369.725,58,48
1648649600,369.84,369.96,369.84,369.92,369.907,97,69
1648649605,369.92,369.95,369.87,369.87,369.921,114,56
1648649610,369.9,369.95,369.83,369.94,369.927,79,35
1648649615,369.93,369.94,369.89,369.93,369.914,144,34
1648649620,369.91,369.94,369.9,369.93,369.92,72,41
1648649625,369.93,369.94,369.9,369.94,369.915,43,16
1648649630,369.97,369.98,369.93,369.94,369.961,187,51
1648649635,369.97,369.99,369.93,369.97,369.968,138,65
1648649640,369.99,370.16,369.96,370.14,370.078,297,164
1648649645,370.13,370.13,370.08,370.12,370.103,180,99
1648649650,370.12,370.31,370.12,370.22,370.219,331,170
1648649655,370.23,370.33,370.2,370.33,370.252,152,114
1648649660,370.33,370.55,370.32,370.51,370.482,743,326
1648649665,370.51,370.57,370.47,370.49,370.516,125,73
1648649670,370.5,370.58,370.5,370.57,370.544,73,48
1648649675,370.55,370.65,370.5,370.52,370.589,241,133
1648649680,370.51,370.54,370.5,370.53,370.512,207,88
1648649685,370.53,370.6,370.52,370.59,370.563,110,54
1648649690,370.61,370.62,370.56,370.57,370.589,108,57
1648649695,370.57,370.65,370.57,370.63,370.597,83,54
1648649700,370.63,370.82,370.62,370.8,370.729,290,175
1648649705,370.77,370.8,370.69,370.79,370.764,275,103
1648649710,370.82,370.86,370.78,370.82,370.823,184,115
1648649715,370.77,370.82,370.74,370.74,370.783,131,61
1648649720,370.77,370.84,370.76,370.83,370.797,77,25
1648649725,370.82,370.85,370.75,370.76,370.806,100,55
1648649730,370.76,370.8,370.67,370.69,370.753,102,68
1648649735,370.7,370.7,370.56,370.61,370.627,181,105
1648649740,370.6,370.62,370.55,370.59,370.586,276,149
1648649745,370.59,370.6,370.53,370.53,370.57,45,31
1648649750,370.53,370.58,370.51,370.51,370.525,800,347
1648649755,370.51,370.6,370.51,370.59,370.564,85,39
1648649760,370.6,370.62,370.49,370.5,370.526,112,65
1648649765,370.51,370.51,370.47,370.51,370.498,137,43
1648649770,370.49,370.52,370.47,370.48,370.495,82,50
1648649775,370.48,370.54,370.47,370.52,370.502,56,28
1648649780,370.52,370.54,370.45,370.54,370.479,153,89
1648649785,370.54,370.57,370.48,370.55,370.53,149,102
1648649790,370.55,370.64,370.55,370.62,370.61,215,75
1648649795,370.63,370.69,370.63,370.65,370.655,55,38
1648649800,370.67,370.67,370.57,370.62,370.64,40,26
1648649805,370.61,370.64,370.57,370.57,370.586,611,317
1648649810,370.57,370.58,370.53,370.56,370.561,276,106
1648649815,370.54,370.54,370.44,370.51,370.486,176,128
1648649820,370.52,370.54,370.46,370.51,370.5,93,71
1648649825,370.5,370.57,370.46,370.5,370.508,125,83
1648649830,370.5,370.5,370.39,370.44,370.451,216,145
1648649835,370.42,370.47,370.4,370.4,370.419,43,21
1648649840,370.42,370.44,370.37,370.44,370.404,67,15
1648649845,370.47,370.51,370.44,370.44,370.478,95,45
1648649850,370.45,370.49,370.45,370.49,370.456,101,33
1648649855,370.46,370.47,370.41,370.42,370.434,43,25
1648649860,370.43,370.54,370.43,370.5,370.48,40,25
1648649865,370.48,370.48,370.41,370.43,370.432,86,46
1648649870,370.42,370.48,370.41,370.48,370.449,71,38
1648649875,370.48,370.56,370.47,370.56,370.496,41,37
1648649880,370.58,370.59,370.33,370.36,370.416,201,148
1648649885,370.37,370.4,370.31,370.32,370.35,31,28
1648649890,370.33,370.33,370.23,370.25,370.274,230,110
1648649895,370.25,370.28,370.23,370.25,370.254,112,80
1648649900,370.23,370.27,370.21,370.27,370.234,41,27
1648649905,370.29,370.29,370.2,370.22,370.232,75,43
1648649910,370.23,370.25,370.21,370.23,370.229,170,66
1648649915,370.25,370.27,370.2,370.22,370.232,96,64
1648649920,370.19,370.21,370.13,370.15,370.151,98,60
1648649925,370.12,370.12,369.89,369.93,369.962,267,189
1648649930,369.95,370.06,369.92,370.01,369.971,351,170
1648649935,370.01,370.06,369.98,370.05,370.01,185,122
1648649940,370.04,370.19,370.02,370.17,370.106,180,115
1648649945,370.18,370.24,370.03,370.07,370.107,252,91
1648649950,370.06,370.11,370.05,370.05,370.077,97,74
1648649955,370.03,370.03,369.92,369.92,369.996,152,84
1648649960,369.93,370.07,369.93,370.01,370.01,142,82
1648649965,370.03,370.1,370.01,370.08,370.046,55,34
1648649970,370.09,370.11,370.03,370.06,370.061,97,44
1648649975,370.04,370.08,370.04,370.06,370.06,40,28
1648649980,370.06,370.15,370.03,370.13,370.089,67,45
1648649985,370.15,370.15,370.08,370.11,370.12,55,29
1648649990,370.12,370.13,370.06,370.11,370.086,35,26
1648649995,370.11,370.17,370.09,370.09,370.118,84,44
1648650000,370.1,370.3,370.09,370.29,370.196,316,186
1648650005,370.29,370.29,370.11,370.17,370.214,128,62
1648650010,370.17,370.17,370.06,370.08,370.111,65,41
1648650015,370.09,370.15,370.07,370.15,370.101,53,34
1648650020,370.13,370.18,370.09,370.09,370.131,87,61
1648650025,370.1,370.16,370.08,370.15,370.116,75,56
1648650030,370.16,370.27,370.14,370.26,370.197,78,53
1648650035,370.24,370.27,370.21,370.22,370.243,75,53
1648650040,370.23,370.34,370.23,370.23,370.286,134,60
1648650045,370.23,370.28,370.23,370.25,370.251,51,12
1648650050,370.24,370.26,370.15,370.19,370.193,98,37
1648650055,370.18,370.23,370.15,370.17,370.181,64,41
1648650060,370.18,370.27,370.13,370.13,370.18,113,78
1648650065,370.13,370.18,370.13,370.18,370.156,54,34
1648650070,370.18,370.18,370.11,370.11,370.135,28,21
1648650075,370.09,370.12,370.08,370.12,370.105,68,25
1648650080,370.13,370.13,369.98,369.98,370.058,154,84
1648650085,370.02,370.24,369.99,370.02,370.18,435,73
1648650090,370.05,370.07,369.98,370.06,370.034,71,30
1648650095,370.04,370.18,370.02,370.18,370.064,69,41
1648650100,370.17,370.33,370.14,370.3,370.215,91,64
1648650105,370.3,370.3,370.22,370.23,370.273,65,47
1648650110,370.23,370.25,370.19,370.24,370.225,51,34
1648650115,370.21,370.21,370.16,370.2,370.186,26,13
1648650120,370.21,370.26,370.21,370.25,370.237,13,13
1648650125,370.26,370.36,370.26,370.32,370.329,94,49
1648650130,370.3,370.33,370.27,370.27,370.295,126,58
1648650135,370.28,370.32,370.22,370.32,370.279,51,42
1648650140,370.32,370.36,370.29,370.34,370.33,31,23
1648650145,370.36,370.42,370.34,370.37,370.368,38,24
1648650150,370.36,370.45,370.36,370.41,370.427,49,36
1648650155,370.42,370.44,370.36,370.37,370.396,35,22
1648650160,370.36,370.39,370.35,370.36,370.367,35,21
1648650165,370.36,370.42,370.35,370.36,370.391,99,55
1648650170,370.38,370.46,370.38,370.43,370.423,166,72
1648650175,370.42,370.48,370.4,370.48,370.423,46,41
1648650180,370.47,370.59,370.45,370.55,370.497,116,60
1648650185,370.58,370.62,370.52,370.59,370.578,116,56
1648650190,370.58,370.6,370.53,370.59,370.567,85,35
1648650195,370.6,370.66,370.58,370.62,370.624,80,55
1648650200,370.63,370.65,370.53,370.54,370.588,146,106
1648650205,370.53,370.6,370.53,370.59,370.567,33,21
1648650210,370.61,370.64,370.57,370.59,370.598,84,28
1648650215,370.59,370.63,370.55,370.56,370.598,132,46
1648650220,370.57,370.59,370.54,370.56,370.568,40,17
1648650225,370.55,370.55,370.41,370.41,370.504,400,196
1648650230,370.41,370.47,370.39,370.46,370.411,85,35
1648650235,370.47,370.5,370.41,370.5,370.469,62,30
1648650240,370.5,370.55,370.45,370.48,370.499,63,46
1648650245,370.45,370.46,370.3,370.35,370.406,117,49
1648650250,370.35,370.38,370.31,370.37,370.353,52,30
1648650255,370.35,370.42,370.31,370.41,370.374,35,20
1648650260,370.41,370.49,370.4,370.45,370.443,61,36
1648650265,370.47,370.49,370.46,370.48,370.475,16,14
1648650270,370.46,370.49,370.41,370.48,370.445,31,22
1648650275,370.49,370.51,370.46,370.51,370.487,49,22
1648650280,370.52,370.52,370.43,370.46,370.482,34,28
1648650285,370.45,370.52,370.43,370.5,370.487,54,23
1648650290,370.52,370.53,370.45,370.49,370.49,196,125
1648650295,370.48,370.59,370.47,370.58,370.532,33,24
1648650300,370.59,370.78,370.56,370.76,370.707,229,126
1648650305,370.77,370.79,370.73,370.78,370.763,45,27
1648650310,370.78,370.81,370.68,370.68,370.775,248,82
1648650315,370.68,370.73,370.65,370.7,370.688,27,12
1648650320,370.7,370.7,370.67,370.67,370.691,37,26
1648650325,370.67,370.72,370.63,370.66,370.672,40,21
1648650330,370.62,370.65,370.61,370.63,370.624,43,31
1648650335,370.63,370.64,370.6,370.62,370.625,15,11
1648650340,370.61,370.68,370.61,370.67,370.658,61,40
1648650345,370.65,370.65,370.53,370.53,370.585,65,48
1648650350,370.54,370.6,370.53,370.6,370.554,137,70
1648650355,370.59,370.6,370.55,370.55,370.573,47,23
1648650360,370.56,370.66,370.55,370.56,370.594,83,72
1648650365,370.59,370.61,370.54,370.56,370.568,63,42
1648650370,370.57,370.6,370.52,370.54,370.561,79,53
1648650375,370.53,370.56,370.42,370.45,370.498,87,56
1648650380,370.44,370.48,370.43,370.44,370.447,74,27
1648650385,370.42,370.43,370.34,370.34,370.394,63,33
1648650390,370.34,370.41,370.32,370.4,370.359,60,28
1648650395,370.39,370.49,370.38,370.46,370.447,67,34
1648650400,370.46,370.46,370.4,370.4,370.454,128,14
1648650405,370.41,370.41,370.26,370.27,370.323,105,68
1648650410,370.28,370.39,370.23,370.39,370.275,102,66
1648650415,370.4,370.46,370.37,370.38,370.414,175,38
1648650420,370.34,370.5,370.34,370.46,370.439,55,37
1648650425,370.43,370.44,370.33,370.37,370.378,84,47
1648650430,370.4,370.41,370.36,370.39,370.387,116,37
1648650435,370.4,370.44,370.39,370.4,370.416,58,37
1648650440,370.41,370.47,370.4,370.47,370.413,149,35
1648650445,370.49,370.53,370.44,370.46,370.494,71,36
1648650450,370.46,370.46,370.39,370.44,370.442,59,23
1648650455,370.44,370.45,370.4,370.4,370.426,18,10
1648650460,370.39,370.43,370.39,370.42,370.416,18,11
1648650465,370.43,370.5,370.43,370.46,370.486,120,46
1648650470,370.42,370.43,370.39,370.4,370.413,13,7
1648650475,370.41,370.43,370.38,370.38,370.412,18,12
1648650480,370.41,370.54,370.39,370.54,370.483,81,49
1648650485,370.53,370.56,370.52,370.54,370.541,30,23
1648650490,370.55,370.62,370.55,370.61,370.591,43,27
1648650495,370.61,370.62,370.54,370.57,370.577,27,24
1648650500,370.53,370.55,370.5,370.55,370.531,32,19
1648650505,370.55,370.58,370.49,370.5,370.526,157,69
1648650510,370.5,370.54,370.48,370.53,370.503,46,27
1648650515,370.52,370.52,370.45,370.45,370.482,54,32
1648650520,370.45,370.5,370.42,370.44,370.456,74,54
1648650525,370.45,370.58,370.45,370.54,370.56,45,19
1648650530,370.54,370.58,370.53,370.55,370.557,33,23
1648650535,370.55,370.61,370.55,370.56,370.576,33,26
1648650540,370.6,370.6,370.48,370.52,370.525,73,37
1648650545,370.54,370.66,370.54,370.63,370.635,218,77
1648650550,370.65,370.66,370.59,370.61,370.638,33,27
1648650555,370.63,370.68,370.63,370.67,370.66,62,43
1648650560,370.69,370.71,370.57,370.57,370.64,227,65
1648650565,370.57,370.65,370.56,370.63,370.62,98,41
1648650570,370.61,370.67,370.61,370.67,370.639,34,19
1648650575,370.66,370.66,370.54,370.55,370.592,75,52
1648650580,370.56,370.61,370.55,370.57,370.576,74,41
1648650585,370.53,370.55,370.52,370.52,370.533,39,35
1648650590,370.52,370.53,370.43,370.49,370.482,37,30
1648650595,370.51,370.53,370.41,370.48,370.473,153,88
1648650600,370.55,370.57,370.47,370.47,370.517,22,21
1648650605,370.45,370.59,370.44,370.59,370.495,24,21
1648650610,370.59,370.64,370.53,370.63,370.569,87,63
1648650615,370.64,370.64,370.52,370.54,370.568,36,26
1648650620,370.54,370.59,370.53,370.53,370.56,35,23
1648650625,370.52,370.52,370.38,370.4,370.427,172,110
1648650630,370.4,370.41,370.32,370.32,370.376,69,45
1648650635,370.32,370.34,370.25,370.29,370.303,115,72
1648650640,370.31,370.32,370.18,370.19,370.254,82,49
1648650645,370.17,370.38,370.17,370.37,370.244,89,55
1648650650,370.39,370.47,370.31,370.31,370.378,84,60
1648650655,370.29,370.35,370.29,370.32,370.312,132,41
1648650660,370.33,370.36,370.31,370.32,370.337,36,34
1648650665,370.32,370.37,370.22,370.33,370.297,117,98
1648650670,370.31,370.32,370.28,370.29,370.3,34,27
1648650675,370.27,370.42,370.27,370.37,370.362,112,86
1648650680,370.36,370.41,370.35,370.38,370.372,33,20
1648650685,370.38,370.38,370.28,370.32,370.312,76,59
1648650690,370.33,370.35,370.32,370.33,370.336,66,24
1648650695,370.32,370.32,370.27,370.3,370.3,66,38
1648650700,370.3,370.31,370.27,370.28,370.289,49,39
1648650705,370.24,370.28,370.18,370.23,370.209,231,124
1648650710,370.23,370.26,370.17,370.19,370.21,25,20
1648650715,370.2,370.22,370.17,370.22,370.202,18,15
1648650720,370.25,370.31,370.23,370.23,370.26,41,24
1648650725,370.23,370.24,370.15,370.21,370.189,66,44
1648650730,370.23,370.32,370.21,370.29,370.275,46,28
1648650735,370.25,370.25,370.16,370.21,370.198,148,34
1648650740,370.21,370.21,370.06,370.07,370.101,133,83
1648650745,370.08,370.09,369.98,370.0,370.018,220,91
1648650750,369.99,370.05,369.97,370.05,370.003,203,42
1648650755,370.05,370.16,370.0,370.15,370.099,84,63
1648650760,370.16,370.2,370.1,370.2,370.148,61,26
1648650765,370.19,370.25,370.18,370.19,370.221,72,33
1648650770,370.16,370.16,370.05,370.09,370.109,144,58
1648650775,370.1,370.15,370.07,370.15,370.11,58,20
1648650780,370.16,370.21,370.14,370.16,370.15,57,33
1648650785,370.18,370.2,370.02,370.03,370.094,79,44
1648650790,370.06,370.18,370.02,370.18,370.055,168,147
1648650795,370.18,370.18,370.09,370.13,370.131,60,35
1648650800,370.12,370.18,370.07,370.09,370.115,135,76
1648650805,370.07,370.1,370.04,370.05,370.06,123,61
1648650810,370.06,370.09,370.03,370.04,370.059,67,41
1648650815,370.05,370.05,369.98,370.01,370.03,263,108
1648650820,370.01,370.03,369.98,370.03,370.015,63,37
1648650825,370.04,370.14,370.04,370.09,370.084,71,39
1648650830,370.1,370.11,370.06,370.1,370.081,37,35
1648650835,370.1,370.1,370.05,370.1,370.074,52,34
1648650840,370.12,370.27,370.11,370.25,370.185,118,72
1648650845,370.26,370.26,370.14,370.24,370.202,232,159
1648650850,370.24,370.28,370.23,370.28,370.253,214,86
1648650855,370.28,370.37,370.28,370.31,370.318,110,69
1648650860,370.32,370.4,370.32,370.37,370.361,81,56
1648650865,370.37,370.37,370.31,370.35,370.344,154,73
1648650870,370.33,370.37,370.28,370.34,370.335,80,45
1648650875,370.34,370.39,370.32,370.36,370.35,69,40
1648650880,370.36,370.36,370.29,370.3,370.31,16,12
1648650885,370.28,370.39,370.28,370.33,370.341,27,21
1648650890,370.33,370.37,370.31,370.37,370.345,38,22
1648650895,370.36,370.37,370.31,370.37,370.348,17,16
1648650900,370.37,370.4,370.2,370.2,370.269,227,177
1648650905,370.21,370.38,370.21,370.37,370.293,65,48
1648650910,370.37,370.38,370.32,370.38,370.359,66,44
1648650915,370.36,370.44,370.36,370.38,370.391,94,64
1648650920,370.35,370.37,370.3,370.3,370.335,23,19
1648650925,370.31,370.34,370.3,370.3,370.314,24,13
1648650930,370.29,370.29,370.25,370.29,370.268,27,14
1648650935,370.29,370.32,370.28,370.32,370.297,53,32
1648650940,370.32,370.32,370.21,370.23,370.245,122,48
1648650945,370.25,370.27,370.24,370.24,370.266,34,7
1648650950,370.27,370.28,370.2,370.23,370.235,27,25
1648650955,370.24,370.32,370.24,370.32,370.282,53,37
1648650960,370.27,370.36,370.21,370.29,370.291,123,80
1648650965,370.29,370.36,370.29,370.34,370.339,37,28
1648650970,370.35,370.44,370.35,370.44,370.389,22,17
1648650975,370.44,370.54,370.43,370.51,370.507,172,91
1648650980,370.51,370.72,370.48,370.71,370.601,150,80
1648650985,370.7,370.74,370.59,370.59,370.655,173,77
1648650990,370.61,370.65,370.58,370.65,370.625,143,66
1648650995,370.66,370.7,370.64,370.67,370.664,154,66
1648651000,370.65,370.82,370.65,370.81,370.758,68,48
1648651005,370.81,370.84,370.76,370.77,370.81,224,61
1648651010,370.77,370.93,370.73,370.92,370.834,178,124
1648651015,370.88,370.95,370.87,370.93,370.914,292,114
1648651020,370.95,370.97,370.91,370.92,370.951,137,83
1648651025,370.91,370.93,370.81,370.81,370.899,124,56
1648651030,370.84,370.85,370.8,370.85,370.826,76,44
1648651035,370.87,370.92,370.86,370.91,370.894,144,52
1648651040,370.92,370.95,370.9,370.95,370.921,53,24
1648651045,370.95,370.98,370.91,370.92,370.954,49,31
1648651050,370.92,370.98,370.9,370.94,370.923,70,50
1648651055,370.92,370.94,370.88,370.88,370.921,40,27
1648651060,370.87,370.89,370.83,370.86,370.862,48,36
1648651065,370.86,370.91,370.86,370.9,370.892,69,39
1648651070,370.91,370.91,370.85,370.86,370.861,141,45
1648651075,370.87,370.88,370.85,370.87,370.869,33,14
1648651080,370.87,370.88,370.72,370.78,370.788,205,125
1648651085,370.74,370.74,370.56,370.58,370.64,223,110
1648651090,370.58,370.75,370.55,370.74,370.608,238,105
1648651095,370.72,370.72,370.65,370.68,370.679,160,59
1648651100,370.68,370.74,370.68,370.74,370.706,32,22
1648651105,370.75,370.8,370.74,370.8,370.757,78,41
1648651110,370.8,370.87,370.8,370.83,370.838,44,33
1648651115,370.85,370.86,370.77,370.77,370.824,48,30
1648651120,370.82,370.84,370.77,370.78,370.787,23,7
1648651125,370.78,370.8,370.77,370.77,370.786,11,11
1648651130,370.79,370.83,370.78,370.79,370.806,107,54
1648651135,370.8,370.81,370.74,370.76,370.766,20,9
1648651140,370.78,370.78,370.7,370.7,370.762,88,60
1648651145,370.7,370.7,370.62,370.62,370.647,90,61
1648651150,370.62,370.66,370.62,370.65,370.638,150,84
1648651155,370.65,370.72,370.64,370.7,370.67,30,18
1648651160,370.7,370.76,370.69,370.71,370.732,29,23
1648651165,370.7,370.73,370.69,370.71,370.713,42,20
1648651170,370.73,370.73,370.67,370.71,370.693,130,46
1648651175,370.71,370.73,370.7,370.7,370.715,8,8
1648651180,370.72,370.75,370.71,370.74,370.742,24,13
1648651185,370.74,370.75,370.73,370.75,370.748,42,13
1648651190,370.76,370.82,370.76,370.82,370.801,66,39
1648651195,370.82,370.9,370.78,370.78,370.857,114,57
1648651200,370.79,370.89,370.79,370.85,370.843,68,44
1648651205,370.85,370.9,370.83,370.88,370.862,37,19
1648651210,370.88,370.88,370.81,370.81,370.869,50,24
1648651215,370.83,370.84,370.76,370.77,370.81,80,45
1648651220,370.77,370.88,370.77,370.82,370.82,65,38
1648651225,370.82,370.82,370.72,370.75,370.76,92,48
1648651230,370.76,370.76,370.64,370.7,370.672,70,39
1648651235,370.71,370.72,370.66,370.68,370.692,52,30
1648651240,370.71,370.73,370.65,370.67,370.698,35,25
1648651245,370.67,370.69,370.67,370.67,370.674,17,10
1648651250,370.66,370.71,370.64,370.68,370.681,93,54
1648651255,370.73,370.75,370.71,370.75,370.731,7,7
1648651260,370.8,370.8,370.7,370.75,370.753,71,34
1648651265,370.75,370.76,370.7,370.72,370.727,16,10
1648651270,370.72,370.72,370.67,370.67,370.688,74,46
1648651275,370.68,370.76,370.68,370.75,370.726,42,30
1648651280,370.76,370.8,370.75,370.75,370.773,59,25
1648651285,370.74,370.74,370.63,370.66,370.664,131,69
1648651290,370.67,370.67,370.61,370.63,370.638,59,40
1648651295,370.63,370.67,370.62,370.62,370.646,65,34
1648651300,370.64,370.64,370.59,370.61,370.598,107,25
1648651305,370.61,370.63,370.59,370.6,370.62,37,9
1648651310,370.6,370.74,370.6,370.72,370.662,115,45
1648651315,370.71,370.71,370.65,370.66,370.666,30,25
1648651320,370.68,370.69,370.49,370.57,370.565,206,101
1648651325,370.59,370.6,370.53,370.57,370.562,97,43
1648651330,370.59,370.61,370.57,370.6,370.586,65,23
1648651335,370.62,370.65,370.59,370.61,370.605,32,23
1648651340,370.6,370.62,370.58,370.62,370.601,11,8
1648651345,370.64,370.64,370.58,370.6,370.614,36,26
1648651350,370.6,370.61,370.58,370.61,370.588,11,10
1648651355,370.61,370.61,370.54,370.58,370.605,121,19
1648651360,370.61,370.61,370.48,370.54,370.53,80,48
1648651365,370.54,370.55,370.52,370.54,370.534,54,25
1648651370,370.55,370.55,370.47,370.49,370.499,35,31
1648651375,370.5,370.53,370.47,370.5,370.506,44,22
1648651380,370.5,370.54,370.43,370.46,370.466,170,50
1648651385,370.46,370.47,370.42,370.42,370.45,45,28
1648651390,370.42,370.45,370.39,370.43,370.41,195,49
1648651395,370.42,370.43,370.33,370.33,370.365,103,66
1648651400,370.34,370.39,370.34,370.37,370.365,22,22
1648651405,370.36,370.38,370.32,370.33,370.352,50,21
1648651410,370.36,370.48,370.33,370.43,370.395,124,76
1648651415,370.44,370.45,370.4,370.4,370.431,10,9
1648651420,370.4,370.42,370.37,370.41,370.392,39,19
1648651425,370.43,370.45,370.43,370.43,370.441,24,11
1648651430,370.4,370.49,370.4,370.46,370.453,21,16
1648651435,370.43,370.44,370.39,370.44,370.413,38,27
1648651440,370.45,370.47,370.39,370.41,370.428,26,23
1648651445,370.44,370.45,370.41,370.43,370.435,17,9
1648651450,370.43,370.47,370.42,370.44,370.45,49,31
1648651455,370.43,370.44,370.42,370.42,370.428,4,4
1648651460,370.42,370.51,370.41,370.45,370.468,112,55
1648651465,370.45,370.45,370.3,370.32,370.351,188,125
1648651470,370.31,370.34,370.3,370.32,370.32,185,95
1648651475,370.32,370.33,370.31,370.32,370.322,40,36
1648651480,370.33,370.37,370.33,370.36,370.356,24,14
1648651485,370.38,370.43,370.32,370.32,370.411,148,55
1648651490,370.3,370.38,370.29,370.36,370.318,64,41
1648651495,370.37,370.38,370.31,370.31,370.337,46,26
1648651500,370.29,370.32,370.26,370.3,370.287,68,41
1648651505,370.32,370.33,370.21,370.25,370.251,104,65
1648651510,370.24,370.27,370.17,370.26,370.204,200,91
1648651515,370.27,370.27,370.15,370.16,370.19,48,26
1648651520,370.17,370.22,370.17,370.22,370.184,79,48
1648651525,370.2,370.2,370.1,370.14,370.134,148,89
1648651530,370.13,370.17,370.13,370.14,370.14,25,17
1648651535,370.16,370.3,370.16,370.24,370.271,437,102
1648651540,370.26,370.27,370.23,370.27,370.265,172,42
1648651545,370.27,370.35,370.27,370.29,370.314,45,31
1648651550,370.29,370.38,370.28,370.33,370.343,68,46
1648651555,370.34,370.39,370.32,370.35,370.358,82,54
1648651560,370.34,370.34,370.28,370.29,370.296,36,27
1648651565,370.3,370.38,370.3,370.35,370.355,45,34
1648651570,370.34,370.44,370.32,370.41,370.378,73,47
1648651575,370.45,370.45,370.36,370.44,370.413,49,33
1648651580,370.45,370.45,370.35,370.42,370.391,42,22
1648651585,370.43,370.48,370.36,370.36,370.459,158,40
1648651590,370.39,370.4,370.3,370.32,370.323,110,50
1648651595,370.31,370.41,370.31,370.41,370.36,49,39
1648651600,370.43,370.43,370.3,370.31,370.347,43,36
1648651605,370.29,370.33,370.27,370.29,370.308,32,21
1648651610,370.3,370.3,370.21,370.21,370.255,81,40
1648651615,370.23,370.29,370.22,370.29,370.261,43,33
1648651620,370.3,370.31,370.22,370.23,370.28,68,49
1648651625,370.22,370.29,370.21,370.25,370.26,48,23
1648651630,370.26,370.37,370.25,370.35,370.298,63,52
1648651635,370.36,370.4,370.35,370.37,370.379,83,56
1648651640,370.39,370.41,370.34,370.36,370.374,41,31
1648651645,370.35,370.4,370.35,370.37,370.367,40,19
1648651650,370.36,370.39,370.34,370.36,370.365,64,36
1648651655,370.37,370.44,370.37,370.44,370.416,23,17
1648651660,370.41,370.44,370.37,370.4,370.404,76,54
1648651665,370.41,370.47,370.4,370.47,370.422,37,36
1648651670,370.45,370.51,370.44,370.51,370.464,84,42
1648651675,370.51,370.52,370.46,370.46,370.489,65,49
1648651680,370.51,370.58,370.49,370.56,370.522,198,73
1648651685,370.56,370.63,370.5,370.5,370.572,72,61
1648651690,370.52,370.56,370.48,370.5,370.536,69,48
1648651695,370.5,370.52,370.4,370.42,370.434,160,84
1648651700,370.42,370.45,370.42,370.42,370.425,88,54
1648651705,370.4,370.4,370.34,370.34,370.373,69,25
1648651710,370.36,370.37,370.35,370.35,370.364,11,11
1648651715,370.35,370.38,370.35,370.37,370.365,18,14
1648651720,370.35,370.37,370.29,370.31,370.328,70,31
1648651725,370.31,370.38,370.3,370.38,370.341,82,39
1648651730,370.39,370.4,370.37,370.38,370.389,48,30
1648651735,370.37,370.41,370.37,370.41,370.394,17,13
1648651740,370.42,370.42,370.31,370.31,370.328,173,64
1648651745,370.32,370.32,370.31,370.31,370.313,9,5
1648651750,370.31,370.31,370.28,370.31,370.296,44,27
1648651755,370.31,370.35,370.31,370.32,370.33,43,36
1648651760,370.33,370.33,370.23,370.24,370.264,39,25
1648651765,370.24,370.24,370.21,370.23,370.221,80,24
1648651770,370.26,370.33,370.26,370.33,370.294,34,29
1648651775,370.32,370.33,370.26,370.27,370.295,14,13
1648651780,370.27,370.29,370.25,370.28,370.272,16,11
1648651785,370.29,370.34,370.28,370.28,370.308,31,19
1648651790,370.31,370.31,370.23,370.24,370.25,43,31
1648651795,370.25,370.26,370.22,370.24,370.242,16,15
1648651800,370.24,370.25,370.21,370.21,370.23,47,26
1648651805,370.2,370.27,370.19,370.27,370.241,24,20
1648651810,370.27,370.27,370.22,370.24,370.234,64,21
1648651815,370.2,370.36,370.2,370.2,370.272,71,58
1648651820,370.21,370.22,370.18,370.19,370.192,39,29
1648651825,370.19,370.24,370.14,370.18,370.181,107,78
1648651830,370.18,370.19,370.17,370.17,370.179,176,20
1648651835,370.17,370.22,370.17,370.2,370.196,16,15
1648651840,370.2,370.28,370.2,370.25,370.247,24,16
1648651845,370.25,370.28,370.25,370.26,370.259,48,13
1648651850,370.26,370.37,370.26,370.32,370.311,102,69
1648651855,370.33,370.36,370.33,370.35,370.34,37,27
1648651860,370.36,370.52,370.36,370.45,370.447,525,310
1648651865,370.45,370.5,370.45,370.48,370.477,46,37
1648651870,370.47,370.48,370.43,370.47,370.457,70,56
1648651875,370.47,370.51,370.46,370.47,370.49,112,68
1648651880,370.48,370.49,370.38,370.4,370.404,152,18
1648651885,370.41,370.41,370.35,370.35,370.36,84,35
1648651890,370.31,370.31,370.24,370.26,370.255,81,43
1648651895,370.27,370.28,370.24,370.26,370.258,55,45
1648651900,370.27,370.3,370.25,370.27,370.273,67,28
1648651905,370.25,370.26,370.2,370.2,370.224,99,45
1648651910,370.18,370.19,370.14,370.17,370.16,152,55
1648651915,370.18,370.19,370.08,370.13,370.129,173,67
1648651920,370.13,370.14,369.98,369.99,370.02,358,146
1648651925,370.0,370.1,370.0,370.08,370.061,92,72
1648651930,370.06,370.1,370.06,370.1,370.093,41,20
1648651935,370.09,370.09,370.03,370.06,370.052,29,25
1648651940,370.07,370.11,370.06,370.09,370.094,15,12
1648651945,370.09,370.11,370.02,370.09,370.053,120,85
1648651950,370.06,370.07,370.03,370.03,370.058,12,8
1648651955,370.02,370.04,370.02,370.02,370.033,22,8
1648651960,370.03,370.13,370.03,370.13,370.075,113,84
1648651965,370.12,370.13,370.07,370.09,370.095,12,10
1648651970,370.08,370.09,370.05,370.05,370.072,17,16
1648651975,370.05,370.08,370.04,370.06,370.061,19,17
1648651980,370.06,370.07,369.97,370.01,370.029,180,75
1648651985,369.99,370.01,369.98,369.98,369.989,88,46
1648651990,369.97,369.99,369.94,369.98,369.961,219,91
1648651995,369.99,370.02,369.98,369.98,369.999,23,17
1648652000,369.99,370.03,369.99,370.01,370.009,24,20
1648652005,369.99,370.03,369.97,370.0,369.984,118,56
1648652010,369.99,370.0,369.92,369.92,369.987,261,41
1648652015,369.94,369.95,369.84,369.86,369.897,78,51
1648652020,369.85,369.88,369.82,369.87,369.856,97,59
1648652025,369.86,369.9,369.84,369.9,369.863,61,36
1648652030,369.9,369.9,369.82,369.83,369.844,159,35
1648652035,369.84,369.84,369.81,369.81,369.825,22,17
1648652040,369.8,369.82,369.76,369.8,369.8,93,73
1648652045,369.83,369.84,369.78,369.78,369.825,87,57
1648652050,369.77,369.78,369.73,369.74,369.752,33,29
1648652055,369.71,369.74,369.64,369.65,369.695,198,102
1648652060,369.64,369.68,369.63,369.66,369.657,80,54
1648652065,369.64,369.65,369.55,369.55,369.586,120,92
1648652070,369.55,369.6,369.54,369.59,369.567,228,106
1648652075,369.61,369.64,369.59,369.6,369.615,89,70
1648652080,369.6,369.61,369.58,369.61,369.601,37,31
1648652085,369.6,369.6,369.55,369.56,369.575,24,15
1648652090,369.57,369.57,369.5,369.5,369.548,151,84
1648652095,369.52,369.6,369.52,369.59,369.553,56,42
1648652100,369.6,369.66,369.57,369.57,369.61,44,39
1648652105,369.56,369.56,369.51,369.56,369.543,33,25
1648652110,369.55,369.55,369.51,369.53,369.53,33,19
1648652115,369.54,369.58,369.52,369.53,369.555,181,112
1648652120,369.53,369.59,369.49,369.53,369.534,579,348
1648652125,369.52,369.52,369.36,369.42,369.419,195,120
1648652130,369.44,369.49,369.44,369.48,369.471,61,40
1648652135,369.48,369.5,369.46,369.47,369.475,53,36
1648652140,369.46,369.58,369.46,369.55,369.521,173,73
1648652145,369.56,369.56,369.53,369.56,369.552,207,92
1648652150,369.57,369.57,369.52,369.55,369.546,26,22
1648652155,369.54,369.55,369.49,369.53,369.512,39,24
1648652160,369.54,369.54,369.42,369.48,369.461,53,36
1648652165,369.46,369.53,369.45,369.45,369.494,48,42
1648652170,369.48,369.49,369.45,369.48,369.475,84,53
1648652175,369.47,369.49,369.44,369.44,369.463,35,26
1648652180,369.46,369.46,369.35,369.41,369.41,172,61
1648652185,369.41,369.43,369.39,369.4,369.401,121,36
1648652190,369.37,369.37,369.3,369.3,369.346,31,21
1648652195,369.31,369.37,369.31,369.37,369.329,191,55
1648652200,369.37,369.38,369.34,369.34,369.366,75,46
1648652205,369.34,369.34,369.26,369.27,369.304,100,53
1648652210,369.27,369.3,369.24,369.27,369.27,208,98
1648652215,369.27,369.32,369.26,369.3,369.288,155,93
1648652220,369.29,369.3,369.23,369.27,369.268,174,115
1648652225,369.28,369.38,369.27,369.35,369.353,96,61
1648652230,369.34,369.34,369.3,369.31,369.325,46,21
1648652235,369.31,369.36,369.21,369.22,369.292,182,130
1648652240,369.23,369.3,369.13,369.29,369.207,275,197
1648652245,369.3,369.3,369.21,369.22,369.24,83,48
1648652250,369.22,369.22,369.17,369.21,369.195,126,57
1648652255,369.2,369.27,369.19,369.27,369.225,50,27
1648652260,369.28,369.29,369.25,369.28,369.266,70,39
1648652265,369.27,369.27,369.21,369.25,369.239,47,16
1648652270,369.22,369.26,369.2,369.26,369.23,10,8
1648652275,369.26,369.27,369.22,369.24,369.245,70,43
1648652280,369.24,369.26,369.16,369.17,369.2,237,90
1648652285,369.18,369.19,369.12,369.14,369.154,157,62
1648652290,369.12,369.14,369.07,369.07,369.111,208,85
1648652295,369.07,369.15,369.06,369.1,369.114,142,73
1648652300,369.1,369.16,369.08,369.15,369.118,197,115
1648652305,369.17,369.18,369.12,369.17,369.156,75,59
1648652310,369.16,369.19,369.13,369.14,369.165,92,61
1648652315,369.09,369.15,369.09,369.15,369.117,27,12
1648652320,369.16,369.2,369.15,369.18,369.181,58,35
1648652325,369.17,369.2,369.13,369.14,369.165,108,68
1648652330,369.13,369.16,369.11,369.15,369.129,77,35
1648652335,369.15,369.17,369.13,369.16,369.152,49,46
1648652340,369.16,369.17,369.1,369.17,369.127,401,230
1648652345,369.17,369.17,369.03,369.1,369.075,224,69
1648652350,369.09,369.11,369.08,369.1,369.093,141,50
1648652355,369.11,369.12,369.04,369.05,369.083,146,47
1648652360,369.05,369.08,369.03,369.08,369.046,48,29
1648652365,369.11,369.13,369.05,369.05,369.11,100,60
1648652370,369.05,369.1,369.03,369.04,369.06,239,114
1648652375,369.06,369.1,369.03,369.08,369.066,94,61
1648652380,369.06,369.08,369.04,369.08,369.059,150,61
1648652385,369.07,369.1,369.03,369.06,369.064,76,50
1648652390,369.06,369.07,369.05,369.05,369.061,49,36
1648652395,369.06,369.09,369.03,369.09,369.066,88,70
1648652400,369.1,369.1,368.94,368.94,369.002,181,102
1648652405,368.94,368.97,368.91,368.93,368.94,127,78
1648652410,368.93,368.93,368.85,368.89,368.886,233,116
1648652415,368.9,368.94,368.85,368.93,368.885,268,72
1648652420,368.94,369.04,368.93,369.0,369.005,102,69
1648652425,369.01,369.03,368.94,368.96,368.973,97,74
1648652430,368.96,369.0,368.96,368.99,368.991,80,30
1648652435,369.0,369.08,369.0,369.07,369.046,151,92
1648652440,369.06,369.06,369.0,369.02,369.042,193,55
1648652445,369.03,369.04,369.0,369.02,369.018,79,54
1648652450,369.01,369.04,368.97,368.99,369.004,86,39
1648652455,368.99,369.01,368.98,368.98,368.992,25,24
1648652460,368.98,369.04,368.87,369.04,368.979,188,122
1648652465,369.01,369.04,368.96,368.98,369.009,113,45
1648652470,368.99,369.02,368.97,369.02,368.991,148,52
1648652475,369.03,369.06,368.97,368.98,369.019,257,100
1648652480,368.98,369.06,368.97,369.04,369.02,166,73
1648652485,369.05,369.07,369.02,369.06,369.051,152,76
1648652490,369.06,369.08,369.03,369.08,369.05,283,55
1648652495,369.08,369.1,369.05,369.1,369.075,79,47
1648652500,369.12,369.15,369.06,369.08,369.092,256,116
1648652505,369.1,369.15,369.09,369.15,369.117,93,75
1648652510,369.15,369.19,369.13,369.16,369.173,205,113
1648652515,369.16,369.18,369.1,369.16,369.136,268,106
1648652520,369.17,369.23,369.16,369.19,369.194,181,110
1648652525,369.21,369.22,369.04,369.07,369.136,109,83
1648652530,369.07,369.14,369.06,369.12,369.088,96,62
1648652535,369.12,369.19,369.11,369.17,369.162,40,35
1648652540,369.16,369.18,369.1,369.11,369.155,28,17
1648652545,369.12,369.12,369.08,369.12,369.093,67,41
1648652550,369.1,369.1,369.03,369.04,369.072,91,28
1648652555,369.05,369.09,369.04,369.07,369.051,87,29
1648652560,369.05,369.07,369.03,369.04,369.051,89,25
1648652565,369.05,369.06,369.01,369.04,369.041,67,40
1648652570,369.05,369.16,369.04,369.11,369.101,142,90
1648652575,369.12,369.17,369.08,369.16,369.121,117,85
1648652580,369.16,369.19,369.13,369.13,369.156,106,82
1648652585,369.13,369.18,369.1,369.14,369.136,75,42
1648652590,369.13,369.22,369.13,369.13,369.169,144,78
1648652595,369.12,369.13,369.09,369.09,369.105,63,48
1648652600,369.12,369.12,369.05,369.05,369.073,107,34
1648652605,369.05,369.05,369.01,369.02,369.031,153,60
1648652610,369.01,369.03,369.0,369.01,369.009,94,44
1648652615,369.0,369.07,368.99,368.99,369.024,151,63
1648652620,368.99,368.99,368.95,368.95,368.96,143,58
1648652625,368.94,368.94,368.89,368.9,368.912,43,31
1648652630,368.91,368.96,368.91,368.94,368.944,133,41
1648652635,368.92,368.94,368.91,368.94,368.918,66,36
1648652640,368.91,368.91,368.71,368.72,368.783,251,132
1648652645,368.71,368.72,368.57,368.6,368.637,446,179
1648652650,368.6,368.72,368.6,368.7,368.654,232,92
1648652655,368.71,368.72,368.6,368.6,368.671,157,105
1648652660,368.61,368.62,368.56,368.59,368.593,51,37
1648652665,368.57,368.61,368.54,368.61,368.579,81,52
1648652670,368.61,368.64,368.61,368.62,368.627,47,26
1648652675,368.63,368.66,368.61,368.63,368.636,34,24
1648652680,368.64,368.67,368.6,368.61,368.644,67,45
1648652685,368.6,368.62,368.58,368.62,368.599,102,84
1648652690,368.64,368.77,368.64,368.76,368.693,98,64
1648652695,368.77,368.78,368.7,368.75,368.741,140,84
1648652700,368.75,368.8,368.73,368.77,368.773,135,62
1648652705,368.74,368.76,368.69,368.71,368.727,120,74
1648652710,368.76,368.79,368.67,368.71,368.729,62,43
1648652715,368.7,368.71,368.64,368.64,368.676,85,46
1648652720,368.64,368.67,368.62,368.62,368.644,30,20
1648652725,368.63,368.66,368.62,368.63,368.637,66,30
1648652730,368.63,368.64,368.61,368.61,368.622,84,41
1648652735,368.64,368.65,368.63,368.64,368.64,50,27
1648652740,368.65,368.69,368.64,368.65,368.653,86,51
1648652745,368.65,368.67,368.62,368.62,368.647,71,26
1648652750,368.62,368.62,368.59,368.61,368.607,59,22
1648652755,368.6,368.63,368.56,368.57,368.587,42,31
1648652760,368.57,368.64,368.57,368.59,368.597,149,50
1648652765,368.58,368.59,368.49,368.49,368.523,238,159
1648652770,368.5,368.55,368.49,368.55,368.533,157,60
1648652775,368.55,368.61,368.53,368.58,368.57,152,81
1648652780,368.59,368.63,368.55,368.57,368.592,775,193
1648652785,368.57,368.57,368.47,368.49,368.499,87,57
1648652790,368.49,368.5,368.44,368.47,368.467,85,39
1648652795,368.48,368.59,368.48,368.53,368.546,187,66
1648652800,368.53,368.53,368.46,368.5,368.493,148,55
1648652805,368.5,368.54,368.5,368.51,368.511,92,44
1648652810,368.51,368.51,368.44,368.45,368.477,25,11
1648652815,368.44,368.45,368.31,368.31,368.396,290,128
1648652820,368.31,368.34,368.23,368.23,368.286,116,68
1648652825,368.24,368.28,368.22,368.28,368.257,253,108
1648652830,368.29,368.31,368.23,368.25,368.265,165,68
1648652835,368.29,368.44,368.29,368.43,368.402,311,118
1648652840,368.42,368.47,368.4,368.44,368.438,131,77
1648652845,368.45,368.49,368.45,368.47,368.466,249,160
1648652850,368.48,368.51,368.43,368.43,368.482,201,182
1648652855,368.41,368.42,368.37,368.37,368.399,76,61
1648652860,368.36,368.38,368.33,368.35,368.349,33,29
1648652865,368.34,368.37,368.33,368.37,368.354,55,23
1648652870,368.37,368.37,368.29,368.31,368.343,139,64
1648652875,368.29,368.29,368.24,368.27,368.264,67,39
1648652880,368.27,368.29,368.23,368.24,368.253,231,87
1648652885,368.21,368.29,368.21,368.23,368.245,81,44
1648652890,368.21,368.21,368.14,368.15,368.175,132,92
1648652895,368.16,368.16,368.09,368.14,368.113,308,192
1648652900,368.13,368.14,368.08,368.09,368.11,67,34
1648652905,368.11,368.11,368.02,368.09,368.055,195,123
1648652910,368.1,368.21,368.09,368.13,368.153,132,66
1648652915,368.1,368.13,368.09,368.11,368.118,61,38
1648652920,368.12,368.13,368.08,368.12,368.106,104,49
1648652925,368.12,368.13,368.07,368.07,368.111,46,30
1648652930,368.08,368.1,368.04,368.05,368.059,118,46
1648652935,368.05,368.1,368.02,368.1,368.039,163,58
1648652940,368.08,368.12,368.07,368.07,368.083,101,67
1648652945,368.08,368.12,368.07,368.1,368.087,60,38
1648652950,368.08,368.08,368.03,368.05,368.054,111,57
1648652955,368.05,368.09,368.05,368.09,368.062,28,24
1648652960,368.09,368.09,368.05,368.08,368.074,18,14
1648652965,368.08,368.09,368.05,368.08,368.068,53,25
1648652970,368.07,368.07,368.06,368.06,368.068,8,8
1648652975,368.06,368.09,368.05,368.09,368.069,75,51
1648652980,368.09,368.13,368.06,368.13,368.09,190,71
1648652985,368.12,368.13,368.07,368.08,368.104,68,45
1648652990,368.07,368.07,368.05,368.05,368.062,111,32
1648652995,368.06,368.06,367.99,368.0,368.006,361,108
1648653000,367.99,368.07,367.98,368.06,368.022,208,130
1648653005,368.06,368.09,368.0,368.09,368.044,154,87
1648653010,368.09,368.1,367.97,368.03,368.027,134,79
1648653015,368.04,368.06,368.04,368.05,368.051,29,23
1648653020,368.07,368.12,368.07,368.09,368.093,53,39
1648653025,368.09,368.11,368.06,368.09,368.08,32,25
1648653030,368.08,368.1,368.06,368.1,368.08,44,28
1648653035,368.1,368.15,368.09,368.1,368.127,105,62
1648653040,368.09,368.09,368.05,368.08,368.069,70,33
1648653045,368.1,368.1,368.06,368.09,368.078,37,21
1648653050,368.11,368.11,368.05,368.05,368.09,14,13
1648653055,368.05,368.07,368.03,368.05,368.059,28,13
1648653060,368.04,368.05,367.92,367.98,367.974,153,115
1648653065,367.95,367.96,367.85,367.85,367.912,220,96
1648653070,367.87,367.88,367.75,367.76,367.802,137,65
1648653075,367.77,367.78,367.68,367.69,367.735,404,176
1648653080,367.72,367.77,367.68,367.7,367.721,136,55
1648653085,367.69,367.74,367.68,367.69,367.709,330,130
1648653090,367.69,367.7,367.65,367.67,367.677,144,40
1648653095,367.67,367.76,367.61,367.7,367.712,222,117
1648653100,367.7,367.79,367.68,367.74,367.702,212,78
1648653105,367.75,367.76,367.68,367.69,367.712,106,78
1648653110,367.72,367.75,367.71,367.75,367.728,47,29
1648653115,367.73,367.73,367.66,367.67,367.699,61,40
1648653120,367.65,367.82,367.62,367.81,367.754,108,65
1648653125,367.81,367.81,367.72,367.75,367.766,182,111
1648653130,367.75,367.83,367.75,367.83,367.789,301,97
1648653135,367.86,367.88,367.76,367.78,367.842,303,144
1648653140,367.78,367.84,367.77,367.84,367.799,70,43
1648653145,367.85,367.87,367.83,367.85,367.848,86,47
1648653150,367.86,367.88,367.84,367.86,367.861,81,37
1648653155,367.86,367.87,367.79,367.79,367.84,55,28
1648653160,367.81,367.82,367.8,367.81,367.812,82,41
1648653165,367.82,367.91,367.82,367.91,367.86,153,104
1648653170,367.9,367.91,367.86,367.89,367.89,59,29
1648653175,367.89,367.93,367.89,367.89,367.896,113,40
1648653180,367.9,367.94,367.88,367.92,367.914,107,78
1648653185,367.93,367.97,367.92,367.94,367.944,151,61
1648653190,367.95,367.98,367.91,367.94,367.934,79,65
1648653195,367.94,368.02,367.91,368.01,367.974,356,184
1648653200,368.0,368.1,368.0,368.07,368.051,99,47
1648653205,368.08,368.13,368.08,368.13,368.108,172,104
1648653210,368.13,368.19,368.13,368.17,368.161,135,62
1648653215,368.18,368.22,368.16,368.22,368.186,150,80
1648653220,368.23,368.23,368.19,368.19,368.202,97,61
1648653225,368.21,368.22,368.17,368.17,368.189,87,34
1648653230,368.17,368.17,368.06,368.07,368.126,157,59
1648653235,368.06,368.09,368.01,368.09,368.046,67,37
1648653240,368.13,368.19,368.1,368.17,368.158,78,39
1648653245,368.18,368.21,368.16,368.19,368.187,87,53
1648653250,368.19,368.22,368.18,368.2,368.201,64,44
1648653255,368.19,368.21,368.17,368.21,368.189,63,37
1648653260,368.23,368.26,368.22,368.24,368.23,186,83
1648653265,368.23,368.26,368.2,368.26,368.22,78,42
1648653270,368.26,368.31,368.19,368.2,368.252,214,60
1648653275,368.21,368.24,368.2,368.23,368.227,42,27
1648653280,368.24,368.25,368.23,368.24,368.241,77,53
1648653285,368.26,368.28,368.24,368.24,368.262,116,53
1648653290,368.26,368.3,368.26,368.28,368.279,141,42
1648653295,368.28,368.29,368.24,368.24,368.271,177,76
1648653300,368.25,368.27,368.19,368.27,368.208,143,70
1648653305,368.25,368.28,368.23,368.28,368.262,38,29
1648653310,368.28,368.28,368.2,368.24,368.215,209,104
1648653315,368.24,368.31,368.2,368.3,368.254,30,27
1648653320,368.3,368.33,368.27,368.31,368.287,610,66
1648653325,368.32,368.37,368.3,368.37,368.341,137,84
1648653330,368.37,368.42,368.37,368.38,368.399,202,119
1648653335,368.39,368.39,368.35,368.35,368.367,119,51
1648653340,368.34,368.38,368.33,368.37,368.348,113,63
1648653345,368.38,368.4,368.31,368.33,368.356,429,233
1648653350,368.33,368.38,368.33,368.37,368.347,89,53
1648653355,368.39,368.42,368.38,368.39,368.398,93,66
1648653360,368.41,368.41,368.35,368.38,368.388,193,87
1648653365,368.38,368.41,368.37,368.39,368.396,175,56
1648653370,368.39,368.44,368.39,368.42,368.416,60,45
1648653375,368.41,368.41,368.39,368.39,368.401,84,57
1648653380,368.39,368.41,368.33,368.33,368.371,77,46
1648653385,368.32,368.35,368.31,368.34,368.33,114,72
1648653390,368.35,368.37,368.3,368.37,368.333,40,38
1648653395,368.37,368.39,368.36,368.38,368.369,25,24
1648653400,368.37,368.39,368.33,368.36,368.364,66,42
1648653405,368.36,368.36,368.3,368.33,368.326,117,58
1648653410,368.31,368.33,368.28,368.33,368.301,47,30
1648653415,368.34,368.36,368.32,368.34,368.347,60,28
1648653420,368.32,368.35,368.3,368.32,368.324,110,41
1648653425,368.3,368.33,368.3,368.32,368.321,81,29
1648653430,368.32,368.33,368.3,368.31,368.321,68,24
1648653435,368.31,368.32,368.3,368.32,368.312,69,25
1648653440,368.33,368.35,368.32,368.35,368.341,90,27
1648653445,368.35,368.38,368.31,368.31,368.353,89,62
1648653450,368.31,368.32,368.3,368.31,368.309,30,20
1648653455,368.32,368.32,368.29,368.3,368.305,43,27
1648653460,368.28,368.32,368.27,368.29,368.298,83,29
1648653465,368.3,368.31,368.28,368.3,368.297,59,45
1648653470,368.31,368.31,368.29,368.3,368.306,19,18
1648653475,368.29,368.31,368.27,368.28,368.282,83,52
1648653480,368.3,368.3,368.25,368.27,368.263,88,51
1648653485,368.29,368.3,368.26,368.3,368.274,20,12
1648653490,368.31,368.32,368.29,368.31,368.308,33,26
1648653495,368.31,368.32,368.25,368.26,368.299,34,24
1648653500,368.27,368.28,368.2,368.22,368.242,86,39
1648653505,368.21,368.27,368.2,368.23,368.235,77,27
1648653510,368.24,368.3,368.24,368.26,368.27,86,27
1648653515,368.26,368.31,368.26,368.29,368.29,12,9
1648653520,368.31,368.31,368.27,368.28,368.292,16,14
1648653525,368.29,368.29,368.25,368.26,368.269,22,19
1648653530,368.26,368.27,368.24,368.24,368.258,25,16
1648653535,368.24,368.29,368.24,368.29,368.275,47,14
1648653540,368.28,368.4,368.27,368.38,368.368,142,89
1648653545,368.4,368.43,368.36,368.43,368.407,57,51
1648653550,368.44,368.51,368.43,368.47,368.48,141,69
1648653555,368.48,368.54,368.47,368.49,368.5,200,90
1648653560,368.48,368.51,368.48,368.5,368.499,80,46
1648653565,368.5,368.51,368.46,368.47,368.478,117,74
1648653570,368.47,368.52,368.46,368.51,368.514,195,79
1648653575,368.51,368.53,368.5,368.51,368.517,31,27
1648653580,368.52,368.53,368.45,368.49,368.49,63,36
1648653585,368.49,368.52,368.47,368.48,368.492,54,31
1648653590,368.5,368.52,368.49,368.51,368.501,35,18
1648653595,368.51,368.51,368.41,368.42,368.458,167,65
1648653600,368.43,368.5,368.42,368.47,368.457,149,62
1648653605,368.45,368.47,368.4,368.42,368.455,56,32
1648653610,368.42,368.45,368.41,368.42,368.428,36,28
1648653615,368.43,368.45,368.39,368.4,368.413,96,60
1648653620,368.39,368.4,368.36,368.36,368.375,58,19
1648653625,368.36,368.4,368.35,368.39,368.383,164,100
1648653630,368.37,368.44,368.35,368.44,368.387,138,96
1648653635,368.45,368.49,368.44,368.45,368.465,143,67
1648653640,368.45,368.52,368.44,368.52,368.491,219,48
1648653645,368.52,368.54,368.5,368.54,368.525,61,53
1648653650,368.53,368.54,368.5,368.54,368.521,183,86
1648653655,368.55,368.56,368.48,368.5,368.526,120,65
1648653660,368.51,368.53,368.42,368.43,368.467,69,34
1648653665,368.41,368.42,368.38,368.38,368.404,39,26
1648653670,368.38,368.39,368.32,368.32,368.365,96,42
1648653675,368.27,368.27,368.11,368.17,368.193,325,108
1648653680,368.16,368.18,368.11,368.17,368.141,137,70
1648653685,368.15,368.24,368.15,368.23,368.205,67,21
1648653690,368.22,368.23,368.19,368.2,368.207,155,59
1648653695,368.2,368.28,368.19,368.27,368.236,46,25
1648653700,368.31,368.34,368.27,368.29,368.311,39,22
1648653705,368.28,368.28,368.27,368.27,368.273,19,12
1648653710,368.25,368.29,368.25,368.29,368.279,8,4
1648653715,368.28,368.31,368.26,368.3,368.277,26,12
1648653720,368.29,368.33,368.28,368.29,368.302,56,37
1648653725,368.29,368.39,368.29,368.38,368.348,209,41
1648653730,368.39,368.39,368.33,368.35,368.37,29,26
1648653735,368.38,368.38,368.37,368.38,368.378,17,8
1648653740,368.38,368.39,368.32,368.32,368.347,20,13
1648653745,368.35,368.38,368.34,368.37,368.372,62,22
1648653750,368.37,368.37,368.3,368.3,368.343,29,19
1648653755,368.29,368.31,368.24,368.25,368.266,65,27
1648653760,368.25,368.26,368.19,368.19,368.222,46,29
1648653765,368.19,368.22,368.17,368.17,368.193,49,32
1648653770,368.18,368.24,368.18,368.23,368.217,36,21
1648653775,368.24,368.29,368.23,368.29,368.269,11,10
1648653780,368.29,368.33,368.29,368.31,368.316,34,28
1648653785,368.31,368.37,368.27,368.3,368.333,45,17
1648653790,368.31,368.31,368.25,368.31,368.28,116,40
1648653795,368.31,368.35,368.29,368.34,368.316,39,17
1648653800,368.35,368.39,368.34,368.37,368.367,35,20
1648653805,368.37,368.38,368.33,368.36,368.362,129,52
1648653810,368.36,368.4,368.36,368.38,368.392,31,18
1648653815,368.39,368.52,368.39,368.5,368.459,377,150
1648653820,368.5,368.55,368.49,368.54,368.52,70,35
1648653825,368.54,368.63,368.54,368.57,368.602,205,68
1648653830,368.56,368.57,368.54,368.55,368.56,21,13
1648653835,368.55,368.55,368.46,368.5,368.507,66,40
1648653840,368.52,368.6,368.51,368.57,368.539,81,44
1648653845,368.56,368.57,368.5,368.53,368.532,36,17
1648653850,368.53,368.53,368.49,368.5,368.501,116,16
1648653855,368.51,368.53,368.49,368.49,368.509,61,30
1648653860,368.5,368.51,368.48,368.48,368.488,52,23
1648653865,368.48,368.48,368.44,368.45,368.458,58,22
1648653870,368.43,368.44,368.4,368.41,368.417,49,29
1648653875,368.43,368.43,368.33,368.35,368.373,35,25
1648653880,368.36,368.38,368.33,368.33,368.359,159,29
1648653885,368.32,368.34,368.27,368.32,368.306,143,84
1648653890,368.33,368.33,368.22,368.25,368.269,87,44
1648653895,368.27,368.32,368.26,368.32,368.288,30,23
1648653900,368.3,368.3,368.24,368.25,368.278,21,19
1648653905,368.25,368.32,368.22,368.32,368.243,158,64
1648653910,368.37,368.37,368.3,368.33,368.326,60,39
1648653915,368.34,368.35,368.24,368.25,368.292,56,44
1648653920,368.25,368.25,368.2,368.21,368.229,27,23
1648653925,368.19,368.21,368.18,368.21,368.19,35,15
1648653930,368.23,368.23,368.18,368.19,368.2,46,19
1648653935,368.19,368.2,368.16,368.18,368.173,75,28
1648653940,368.17,368.22,368.17,368.22,368.197,69,26
1648653945,368.21,368.24,368.17,368.17,368.215,40,14
1648653950,368.17,368.19,368.13,368.16,368.158,51,32
1648653955,368.16,368.17,368.11,368.11,368.133,81,41
1648653960,368.09,368.13,368.05,368.09,368.089,254,68
1648653965,368.07,368.12,368.07,368.1,368.094,53,31
1648653970,368.09,368.11,368.02,368.04,368.07,195,101
1648653975,368.04,368.04,367.97,367.99,367.987,271,73
1648653980,368.0,368.04,367.99,368.02,368.013,174,65
1648653985,368.01,368.02,367.98,368.01,367.997,113,49
1648653990,367.99,368.02,367.99,368.0,368.0,56,39
1648653995,368.0,368.0,367.95,367.98,367.965,59,34
1648654000,367.98,368.04,367.97,367.99,367.997,69,43
1648654005,367.97,367.98,367.94,367.94,367.966,119,26
1648654010,367.95,367.97,367.94,367.96,367.953,24,11
1648654015,367.93,367.95,367.9,367.93,367.911,200,65
1648654020,367.92,367.93,367.87,367.88,367.894,257,81
1648654025,367.88,367.94,367.88,367.93,367.904,84,57
1648654030,367.92,367.95,367.91,367.94,367.935,37,35
1648654035,367.94,367.95,367.89,367.91,367.912,45,25
1648654040,367.91,367.91,367.85,367.88,367.895,140,40
1648654045,367.88,367.89,367.87,367.89,367.883,237,33
1648654050,367.87,367.94,367.87,367.91,367.916,163,73
1648654055,367.91,368.0,367.89,368.0,367.927,166,64
1648654060,368.01,368.06,367.95,367.98,368.01,204,74
1648654065,367.98,367.98,367.93,367.95,367.937,108,35
1648654070,367.93,367.94,367.88,367.88,367.914,23,18
1648654075,367.88,367.91,367.85,367.9,367.873,203,81
1648654080,367.92,367.93,367.88,367.9,367.894,123,33
1648654085,367.91,367.92,367.84,367.87,367.876,224,78
1648654090,367.87,367.87,367.82,367.83,367.838,278,61
1648654095,367.83,367.88,367.83,367.87,367.861,37,22
1648654100,367.87,368.0,367.85,368.0,367.911,171,51
1648654105,367.99,368.01,367.93,367.96,367.979,151,42
1648654110,367.96,368.02,367.93,368.01,367.984,246,86
1648654115,368.03,368.03,367.93,367.93,367.98,102,50
1648654120,367.95,367.96,367.84,367.86,367.872,63,26
1648654125,367.85,367.86,367.81,367.81,367.83,260,61
1648654130,367.81,367.84,367.79,367.84,367.817,97,45
1648654135,367.84,367.9,367.84,367.89,367.881,60,42
1648654140,367.89,368.1,367.89,367.97,368.017,366,139
1648654145,367.98,367.98,367.94,367.98,367.957,91,47
1648654150,367.98,368.13,367.97,368.09,368.065,43,28
1648654155,368.11,368.16,368.11,368.16,368.134,124,64
1648654160,368.16,368.17,368.06,368.08,368.087,214,82
1648654165,368.08,368.14,368.08,368.13,368.121,128,51
1648654170,368.12,368.13,368.08,368.1,368.1,56,33
1648654175,368.11,368.11,368.08,368.1,368.096,113,58
1648654180,368.12,368.17,368.06,368.07,368.117,123,53
1648654185,368.08,368.09,368.04,368.04,368.059,18,16
1648654190,368.05,368.06,368.01,368.04,368.038,29,18
1648654195,368.06,368.12,368.03,368.12,368.06,43,36
1648654200,368.15,368.24,368.14,368.22,368.203,272,96
1648654205,368.2,368.2,368.12,368.15,368.154,82,58
1648654210,368.15,368.15,368.07,368.12,368.102,114,63
1648654215,368.11,368.12,368.06,368.1,368.076,138,55
1648654220,368.13,368.15,368.02,368.03,368.081,68,26
1648654225,368.01,368.07,367.95,368.07,367.982,51,42
1648654230,368.03,368.09,368.02,368.06,368.055,59,19
1648654235,368.06,368.16,368.05,368.14,368.125,148,40
1648654240,368.16,368.22,368.15,368.2,368.189,103,51
1648654245,368.21,368.24,368.17,368.18,368.219,148,30
1648654250,368.19,368.22,368.14,368.14,368.197,164,74
1648654255,368.15,368.21,368.15,368.2,368.183,25,13
1648654260,368.21,368.38,368.2,368.34,368.337,308,132
1648654265,368.34,368.34,368.29,368.3,368.32,249,121
1648654270,368.29,368.3,368.18,368.19,368.221,126,50
1648654275,368.19,368.2,368.13,368.15,368.154,100,60
1648654280,368.15,368.16,368.11,368.12,368.139,120,66
1648654285,368.13,368.17,368.11,368.17,368.129,25,18
1648654290,368.15,368.17,368.1,368.11,368.152,12,10
1648654295,368.12,368.13,368.1,368.1,368.114,12,11
1648654300,368.07,368.13,368.07,368.12,368.118,229,105
1648654305,368.11,368.18,368.09,368.15,368.135,31,20
1648654310,368.15,368.15,368.12,368.12,368.134,9,4
1648654315,368.13,368.13,368.12,368.13,368.129,6,6
1648654320,368.12,368.22,368.04,368.22,368.14,64,46
1648654325,368.2,368.27,368.2,368.23,368.248,38,30
1648654330,368.23,368.29,368.21,368.28,368.257,69,26
1648654335,368.27,368.34,368.25,368.28,368.289,210,77
1648654340,368.28,368.31,368.24,368.24,368.296,46,12
1648654345,368.26,368.29,368.24,368.29,368.274,42,11
1648654350,368.3,368.32,368.27,368.27,368.297,74,40
1648654355,368.28,368.29,368.22,368.27,368.251,57,41
1648654360,368.25,368.26,368.21,368.25,368.245,133,37
1648654365,368.26,368.3,368.25,368.27,368.281,38,14
1648654370,368.27,368.32,368.27,368.31,368.309,16,6
1648654375,368.32,368.35,368.3,368.33,368.329,160,34
1648654380,368.35,368.35,368.26,368.26,368.311,87,33
1648654385,368.25,368.3,368.22,368.28,368.247,201,50
1648654390,368.28,368.32,368.27,368.31,368.298,33,22
1648654395,368.3,368.3,368.26,368.26,368.273,38,23
1648654400,368.25,368.35,368.25,368.3,368.284,437,180
1648654405,368.31,368.37,368.31,368.37,368.349,129,49
1648654410,368.37,368.43,368.35,368.43,368.366,178,54
1648654415,368.43,368.43,368.39,368.41,368.414,181,65
1648654420,368.42,368.46,368.41,368.41,368.427,87,53
1648654425,368.42,368.45,368.41,368.44,368.442,73,29
1648654430,368.45,368.49,368.4,368.41,368.449,134,73
1648654435,368.44,368.45,368.4,368.43,368.427,40,33
1648654440,368.46,368.49,368.44,368.47,368.47,59,24
1648654445,368.48,368.5,368.45,368.45,368.489,237,64
1648654450,368.45,368.47,368.43,368.46,368.455,20,15
1648654455,368.46,368.55,368.45,368.54,368.52,73,50
1648654460,368.54,368.55,368.52,368.55,368.542,58,32
1648654465,368.55,368.62,368.52,368.6,368.575,182,50
1648654470,368.59,368.66,368.57,368.62,368.6,123,61
1648654475,368.62,368.76,368.62,368.65,368.709,304,150
1648654480,368.66,368.68,368.63,368.67,368.665,145,51
1648654485,368.7,368.72,368.67,368.69,368.684,93,37
1648654490,368.7,368.7,368.63,368.67,368.682,164,79
1648654495,368.66,368.73,368.66,368.73,368.689,86,51
1648654500,368.73,368.75,368.58,368.6,368.672,198,105
1648654505,368.66,368.82,368.66,368.81,368.747,191,107
1648654510,368.8,368.91,368.8,368.86,368.843,203,86
1648654515,368.89,368.98,368.87,368.94,368.93,304,138
1648654520,368.94,368.99,368.9,368.97,368.948,283,159
1648654525,368.97,369.02,368.93,368.98,368.981,338,149
1648654530,368.98,369.0,368.94,368.95,368.974,123,63
1648654535,368.94,368.98,368.93,368.97,368.949,94,54
1648654540,368.98,368.99,368.96,368.98,368.976,23,11
1648654545,368.96,368.97,368.92,368.92,368.939,51,27
1648654550,368.95,368.96,368.92,368.94,368.942,114,41
1648654555,368.93,368.96,368.9,368.91,368.929,218,93
1648654560,368.94,369.05,368.94,369.04,368.986,176,77
1648654565,369.02,369.03,369.0,369.02,369.019,44,22
1648654570,368.98,368.98,368.91,368.91,368.951,47,26
1648654575,368.93,368.93,368.89,368.91,368.91,48,19
1648654580,368.9,368.91,368.86,368.9,368.877,27,23
1648654585,368.89,368.94,368.88,368.9,368.907,122,43
1648654590,368.92,368.94,368.91,368.92,368.919,70,37
1648654595,368.92,368.96,368.91,368.94,368.945,23,14
1648654600,368.95,368.97,368.91,368.92,368.938,64,20
1648654605,368.93,368.93,368.87,368.88,368.879,27,14
1648654610,368.86,368.88,368.83,368.83,368.838,70,28
1648654615,368.83,368.83,368.77,368.79,368.797,86,56
1648654620,368.79,368.8,368.75,368.76,368.769,61,30
1648654625,368.75,368.75,368.72,368.74,368.732,55,40
1648654630,368.73,368.79,368.73,368.79,368.755,56,28
1648654635,368.79,368.81,368.74,368.76,368.774,39,31
1648654640,368.77,368.79,368.76,368.77,368.773,12,12
1648654645,368.77,368.81,368.77,368.81,368.789,51,42
1648654650,368.81,368.81,368.74,368.75,368.761,53,34
1648654655,368.75,368.75,368.73,368.75,368.743,33,33
1648654660,368.75,368.78,368.75,368.75,368.767,42,21
1648654665,368.75,368.75,368.7,368.74,368.719,62,22
1648654670,368.72,368.73,368.68,368.68,368.694,73,34
1648654675,368.68,368.73,368.68,368.73,368.723,12,11
1648654680,368.71,368.71,368.67,368.68,368.691,97,40
1648654685,368.7,368.72,368.69,368.72,368.709,69,14
1648654690,368.7,368.7,368.65,368.67,368.668,21,21
1648654695,368.67,368.67,368.64,368.65,368.642,169,30
1648654700,368.66,368.74,368.62,368.71,368.674,327,204
1648654705,368.72,368.81,368.72,368.79,368.767,85,53
1648654710,368.79,368.82,368.75,368.78,368.794,215,77
1648654715,368.77,368.78,368.75,368.75,368.759,28,17
1648654720,368.75,368.75,368.73,368.73,368.746,21,15
1648654725,368.75,368.83,368.75,368.82,368.815,102,40
1648654730,368.81,368.85,368.81,368.85,368.829,16,14
1648654735,368.86,368.89,368.86,368.87,368.873,112,51
1648654740,368.86,368.87,368.75,368.75,368.811,100,44
1648654745,368.76,368.86,368.76,368.85,368.831,44,40
1648654750,368.87,368.93,368.86,368.92,368.911,141,51
1648654755,368.91,368.93,368.81,368.84,368.852,51,26
1648654760,368.83,368.83,368.79,368.79,368.811,29,14
1648654765,368.76,368.76,368.66,368.66,368.711,322,135
1648654770,368.67,368.78,368.66,368.78,368.702,80,39
1648654775,368.74,368.74,368.7,368.7,368.718,24,18
1648654780,368.7,368.74,368.7,368.73,368.715,18,14
1648654785,368.74,368.74,368.72,368.72,368.732,5,5
1648654790,368.7,368.75,368.69,368.75,368.71,11,11
1648654795,368.73,368.8,368.73,368.78,368.767,30,18
1648654800,368.77,368.82,368.74,368.77,368.801,355,204
1648654805,368.76,368.76,368.7,368.72,368.711,46,18
1648654810,368.72,368.72,368.6,368.6,368.652,181,113
1648654815,368.6,368.61,368.51,368.53,368.57,156,74
1648654820,368.53,368.54,368.45,368.46,368.508,127,67
1648654825,368.46,368.51,368.45,368.49,368.47,88,52
1648654830,368.49,368.55,368.44,368.44,368.5,241,82
1648654835,368.45,368.51,368.45,368.5,368.48,44,35
1648654840,368.5,368.54,368.5,368.53,368.521,157,57
1648654845,368.52,368.52,368.48,368.49,368.499,75,37
1648654850,368.49,368.55,368.46,368.55,368.469,588,98
1648654855,368.55,368.58,368.52,368.52,368.548,79,43
1648654860,368.5,368.61,368.5,368.57,368.56,61,47
1648654865,368.58,368.62,368.57,368.6,368.596,29,13
1648654870,368.6,368.62,368.57,368.57,368.591,48,31
1648654875,368.56,368.61,368.55,368.59,368.571,120,51
1648654880,368.64,368.72,368.6,368.72,368.682,63,39
1648654885,368.73,368.77,368.7,368.74,368.741,224,86
1648654890,368.76,368.81,368.72,368.81,368.776,118,57
1648654895,368.81,368.82,368.73,368.75,368.785,121,63
1648654900,368.73,368.74,368.67,368.71,368.691,47,29
1648654905,368.66,368.67,368.58,368.61,368.626,75,51
1648654910,368.61,368.64,368.58,368.63,368.609,71,46
1648654915,368.62,368.66,368.62,368.65,368.637,73,53
1648654920,368.66,368.66,368.53,368.54,368.56,109,47
1648654925,368.55,368.55,368.5,368.53,368.521,28,23
1648654930,368.53,368.53,368.5,368.5,368.515,10,8
1648654935,368.51,368.61,368.5,368.59,368.553,32,20
1648654940,368.61,368.63,368.6,368.63,368.612,16,9
1648654945,368.65,368.65,368.59,368.62,368.611,65,40
1648654950,368.63,368.68,368.62,368.68,368.652,25,20
1648654955,368.66,368.68,368.62,368.68,368.652,12,8
1648654960,368.68,368.68,368.6,368.61,368.645,18,12
1648654965,368.61,368.62,368.54,368.56,368.571,105,69
1648654970,368.56,368.57,368.5,368.52,368.525,35,15
1648654975,368.51,368.54,368.5,368.52,368.52,106,38
1648654980,368.48,368.52,368.43,368.44,368.467,210,100
1648654985,368.43,368.51,368.43,368.49,368.493,38,25
1648654990,368.5,368.64,368.5,368.64,368.582,87,41
1648654995,368.64,368.65,368.57,368.57,368.613,35,24
1648655000,368.58,368.58,368.52,368.54,368.546,12,10
1648655005,368.53,368.55,368.51,368.52,368.525,28,13
1648655010,368.54,368.62,368.53,368.6,368.564,43,21
1648655015,368.59,368.61,368.59,368.59,368.6,47,26
1648655020,368.6,368.65,368.58,368.65,368.637,60,14
1648655025,368.65,368.68,368.64,368.67,368.66,40,29
1648655030,368.67,368.67,368.61,368.61,368.639,14,8
1648655035,368.62,368.62,368.58,368.59,368.598,89,34
1648655040,368.59,368.6,368.53,368.54,368.576,73,38
1648655045,368.53,368.53,368.5,368.51,368.52,18,10
1648655050,368.52,368.56,368.52,368.56,368.545,62,23
1648655055,368.55,368.64,368.55,368.63,368.61,41,20
1648655060,368.65,368.68,368.63,368.63,368.667,49,31
1648655065,368.64,368.64,368.62,368.64,368.63,56,31
1648655070,368.64,368.66,368.63,368.66,368.644,103,44
1648655075,368.66,368.7,368.65,368.67,368.668,86,35
1648655080,368.68,368.68,368.63,368.63,368.655,32,16
1648655085,368.63,368.65,368.61,368.62,368.641,53,15
1648655090,368.63,368.68,368.63,368.64,368.665,57,30
1648655095,368.64,368.66,368.63,368.65,368.638,27,20
1648655100,368.66,368.67,368.6,368.67,368.644,52,40
1648655105,368.63,368.63,368.57,368.63,368.606,56,45
1648655110,368.63,368.66,368.63,368.65,368.642,26,23
1648655115,368.62,368.64,368.61,368.61,368.627,67,21
1648655120,368.6,368.61,368.58,368.6,368.605,63,42
1648655125,368.61,368.67,368.6,368.67,368.626,33,30
1648655130,368.68,368.68,368.65,368.66,368.661,57,29
1648655135,368.67,368.74,368.66,368.71,368.689,94,44
1648655140,368.71,368.73,368.69,368.71,368.71,55,27
1648655145,368.71,368.76,368.7,368.75,368.736,111,43
1648655150,368.74,368.78,368.74,368.75,368.763,36,16
1648655155,368.75,368.83,368.75,368.83,368.795,120,42
1648655160,368.85,368.96,368.85,368.92,368.912,186,99
1648655165,368.93,368.96,368.89,368.92,368.918,49,25
1648655170,368.94,368.95,368.91,368.95,368.939,42,23
1648655175,368.93,368.94,368.81,368.82,368.861,131,55
1648655180,368.82,368.87,368.82,368.87,368.842,99,27
1648655185,368.87,368.87,368.81,368.81,368.839,19,15
1648655190,368.82,368.86,368.81,368.84,368.826,19,13
1648655195,368.85,368.85,368.74,368.75,368.788,91,53
1648655200,368.74,368.78,368.73,368.73,368.764,102,48
1648655205,368.74,368.74,368.7,368.72,368.713,63,34
1648655210,368.72,368.72,368.66,368.69,368.685,62,27
1648655215,368.69,368.71,368.67,368.7,368.692,89,38
1648655220,368.7,368.72,368.66,368.66,368.699,37,19
1648655225,368.66,368.67,368.59,368.6,368.633,76,45
1648655230,368.59,368.59,368.55,368.56,368.568,136,51
1648655235,368.57,368.7,368.57,368.7,368.651,105,51
1648655240,368.69,368.7,368.64,368.65,368.683,43,24
1648655245,368.66,368.66,368.62,368.64,368.645,15,9
1648655250,368.65,368.65,368.61,368.61,368.643,28,14
1648655255,368.6,368.62,368.6,368.61,368.606,20,9
1648655260,368.59,368.6,368.58,368.6,368.59,17,10
1648655265,368.59,368.6,368.54,368.56,368.582,56,30
1648655270,368.55,368.6,368.54,368.59,368.575,64,37
1648655275,368.6,368.64,368.59,368.63,368.616,24,21
1648655280,368.58,368.58,368.56,368.58,368.571,39,19
1648655285,368.57,368.57,368.54,368.56,368.556,50,26
1648655290,368.57,368.64,368.57,368.6,368.597,42,24
1648655295,368.6,368.6,368.56,368.56,368.582,124,25
1648655300,368.57,368.6,368.57,368.59,368.597,26,9
1648655305,368.57,368.58,368.54,368.55,368.556,71,30
1648655310,368.56,368.58,368.54,368.56,368.554,87,38
1648655315,368.56,368.57,368.51,368.51,368.533,68,37
1648655320,368.51,368.53,368.5,368.53,368.517,25,18
1648655325,368.52,368.55,368.5,368.55,368.519,35,21
1648655330,368.52,368.6,368.51,368.6,368.565,57,39
1648655335,368.6,368.67,368.59,368.66,368.626,90,60
1648655340,368.66,368.66,368.63,368.64,368.645,37,22
1648655345,368.65,368.72,368.65,368.71,368.693,67,45
1648655350,368.7,368.74,368.69,368.73,368.723,45,32
1648655355,368.73,368.73,368.67,368.68,368.696,15,14
1648655360,368.69,368.73,368.68,368.69,368.696,18,13
1648655365,368.68,368.73,368.68,368.69,368.697,24,19
1648655370,368.7,368.7,368.6,368.61,368.638,52,36
1648655375,368.61,368.61,368.57,368.57,368.589,67,30
1648655380,368.57,368.58,368.54,368.55,368.563,57,42
1648655385,368.56,368.6,368.56,368.59,368.582,20,12
1648655390,368.58,368.59,368.55,368.59,368.578,29,20
1648655395,368.57,368.6,368.54,368.6,368.573,26,20
1648655400,368.6,368.62,368.57,368.57,368.601,27,21
1648655405,368.56,368.56,368.53,368.55,368.541,12,10
1648655410,368.55,368.55,368.47,368.49,368.498,114,73
1648655415,368.5,368.55,368.49,368.55,368.516,30,21
1648655420,368.56,368.61,368.56,368.58,368.583,67,46
1648655425,368.59,368.61,368.57,368.58,368.594,56,24
1648655430,368.6,368.6,368.57,368.59,368.588,19,17
1648655435,368.58,368.64,368.58,368.61,368.619,46,25
1648655440,368.59,368.59,368.54,368.55,368.558,60,21
1648655445,368.56,368.57,368.54,368.54,368.558,60,24
1648655450,368.52,368.57,368.52,368.53,368.544,21,14
1648655455,368.52,368.54,368.51,368.54,368.521,11,7
1648655460,368.54,368.65,368.54,368.65,368.604,62,34
1648655465,368.67,368.69,368.62,368.65,368.65,47,37
1648655470,368.64,368.66,368.62,368.65,368.644,17,13
1648655475,368.65,368.68,368.6,368.64,368.663,76,41
1648655480,368.65,368.74,368.65,368.72,368.689,87,44
1648655485,368.71,368.71,368.66,368.67,368.671,81,36
1648655490,368.67,368.69,368.65,368.65,368.672,13,10
1648655495,368.65,368.69,368.64,368.68,368.666,1086,35
1648655500,368.68,368.72,368.66,368.7,368.69,204,79
1648655505,368.71,368.71,368.68,368.69,368.691,172,63
1648655510,368.69,368.7,368.67,368.69,368.69,154,53
1648655515,368.7,368.71,368.68,368.68,368.696,90,40
1648655520,368.67,368.72,368.66,368.69,368.689,73,45
1648655525,368.71,368.79,368.71,368.75,368.759,50,36
1648655530,368.77,368.78,368.74,368.74,368.76,18,18
1648655535,368.74,368.77,368.73,368.77,368.751,9,9
1648655540,368.77,368.78,368.71,368.73,368.728,93,52
1648655545,368.72,368.72,368.69,368.7,368.71,92,32
1648655550,368.71,368.71,368.64,368.65,368.68,170,64
1648655555,368.66,368.7,368.66,368.7,368.668,51,18
1648655560,368.7,368.7,368.64,368.69,368.675,54,38
1648655565,368.69,368.69,368.67,368.69,368.678,12,11
1648655570,368.7,368.74,368.7,368.73,368.723,19,16
1648655575,368.73,368.78,368.73,368.78,368.749,69,23
1648655580,368.79,368.79,368.69,368.72,368.749,126,55
1648655585,368.71,368.71,368.64,368.65,368.69,24,15
1648655590,368.65,368.65,368.62,368.64,368.638,27,23
1648655595,368.64,368.65,368.62,368.62,368.64,44,30
1648655600,368.63,368.63,368.59,368.6,368.599,100,51
1648655605,368.64,368.67,368.62,368.62,368.651,14,12
1648655610,368.62,368.62,368.59,368.6,368.599,9,8
1648655615,368.59,368.61,368.54,368.54,368.564,79,32
1648655620,368.55,368.59,368.55,368.59,368.562,26,23
1648655625,368.55,368.57,368.55,368.57,368.563,4,4
1648655630,368.58,368.59,368.57,368.58,368.588,16,7
1648655635,368.59,368.64,368.59,368.64,368.617,65,30
1648655640,368.64,368.64,368.58,368.6,368.598,48,18
1648655645,368.63,368.63,368.61,368.63,368.627,81,19
1648655650,368.63,368.64,368.56,368.59,368.591,42,32
1648655655,368.6,368.6,368.59,368.6,368.593,27,5
1648655660,368.57,368.57,368.52,368.55,368.55,46,30
1648655665,368.55,368.63,368.54,368.61,368.599,34,20
1648655670,368.62,368.64,368.62,368.63,368.626,9,8
1648655675,368.62,368.67,368.62,368.66,368.658,55,37
1648655680,368.64,368.64,368.62,368.63,368.631,13,6
1648655685,368.64,368.67,368.64,368.67,368.655,24,22
1648655690,368.66,368.74,368.66,368.73,368.718,228,50
1648655695,368.72,368.72,368.66,368.69,368.688,111,42
1648655700,368.7,368.72,368.69,368.71,368.708,30,18
1648655705,368.7,368.74,368.7,368.7,368.724,22,16
1648655710,368.69,368.71,368.68,368.68,368.698,17,9
1648655715,368.68,368.73,368.68,368.73,368.704,9,5
1648655720,368.73,368.73,368.64,368.64,368.709,40,13
1648655725,368.61,368.62,368.6,368.61,368.607,14,10
1648655730,368.62,368.64,368.61,368.62,368.626,69,27
1648655735,368.62,368.65,368.61,368.65,368.634,117,34
1648655740,368.66,368.71,368.65,368.69,368.667,123,41
1648655745,368.69,368.71,368.66,368.66,368.694,68,32
1648655750,368.67,368.74,368.65,368.73,368.716,589,127
1648655755,368.73,368.73,368.66,368.67,368.694,113,50
1648655760,368.69,368.72,368.69,368.72,368.715,101,36
1648655765,368.72,368.74,368.7,368.74,368.721,77,37
1648655770,368.75,368.77,368.69,368.7,368.738,108,35
1648655775,368.69,368.74,368.69,368.73,368.728,25,16
1648655780,368.73,368.73,368.7,368.72,368.723,10,10
1648655785,368.72,368.77,368.72,368.76,368.756,56,20
1648655790,368.77,368.79,368.74,368.76,368.76,24,24
1648655795,368.77,368.78,368.75,368.75,368.762,23,23
1648655800,368.77,368.77,368.75,368.76,368.764,33,14
1648655805,368.77,368.86,368.76,368.85,368.818,106,73
1648655810,368.83,368.85,368.8,368.83,368.828,100,64
1648655815,368.85,368.89,368.84,368.86,368.863,84,43
1648655820,368.85,368.87,368.79,368.81,368.833,39,24
1648655825,368.83,368.86,368.81,368.85,368.825,82,34
1648655830,368.87,368.93,368.87,368.92,368.903,164,60
1648655835,368.91,369.01,368.91,369.01,368.973,139,76
1648655840,369.01,369.02,368.98,368.99,368.998,106,48
1648655845,368.98,368.98,368.95,368.98,368.972,71,44
1648655850,369.0,369.13,369.0,369.12,369.063,354,170
1648655855,369.11,369.11,369.08,369.1,369.099,78,48
1648655860,369.08,369.08,369.06,369.06,369.072,57,22
1648655865,369.06,369.06,368.96,368.98,369.009,78,46
1648655870,368.99,368.99,368.87,368.88,368.934,49,33
1648655875,368.88,368.91,368.87,368.88,368.89,123,55
1648655880,368.91,368.91,368.89,368.9,368.9,59,30
1648655885,368.94,368.94,368.77,368.82,368.816,174,115
1648655890,368.81,368.9,368.81,368.88,368.863,37,20
1648655895,368.9,368.96,368.9,368.96,368.92,135,49
1648655900,368.95,368.96,368.92,368.94,368.946,40,14
1648655905,368.94,368.95,368.89,368.89,368.919,19,16
1648655910,368.9,368.9,368.89,368.9,368.9,16,8
1648655915,368.9,368.91,368.88,368.89,368.886,20,17
1648655920,368.87,368.88,368.83,368.83,368.862,40,32
1648655925,368.8,368.81,368.78,368.79,368.797,39,11
1648655930,368.78,368.81,368.77,368.79,368.779,179,43
1648655935,368.79,368.82,368.78,368.79,368.807,142,75
1648655940,368.77,368.78,368.75,368.77,368.762,42,18
1648655945,368.77,368.78,368.73,368.76,368.762,49,25
1648655950,368.76,368.85,368.76,368.81,368.819,111,35
1648655955,368.82,368.87,368.8,368.87,368.829,139,46
1648655960,368.85,368.88,368.84,368.85,368.859,52,25
1648655965,368.85,368.87,368.85,368.86,368.861,33,21
1648655970,368.86,368.91,368.86,368.88,368.871,141,53
1648655975,368.88,368.98,368.88,368.97,368.95,119,37
1648655980,368.97,369.01,368.97,368.98,368.992,119,62
1648655985,368.98,368.98,368.95,368.97,368.969,100,40
1648655990,368.96,369.03,368.96,369.02,368.998,121,39
1648655995,369.03,369.04,369.01,369.04,369.029,61,27
1648656000,369.03,369.03,368.95,369.0,368.99,59,38
1648656005,369.01,369.04,368.96,368.99,369.011,113,49
1648656010,368.99,369.0,368.93,368.94,368.969,55,30
1648656015,368.94,368.97,368.93,368.93,368.941,40,33
1648656020,368.92,369.03,368.91,369.03,368.96,109,33
1648656025,369.02,369.11,369.02,369.09,369.079,162,64
1648656030,369.09,369.1,369.06,369.08,369.088,62,28
1648656035,369.09,369.09,369.03,369.05,369.059,89,33
1648656040,369.05,369.08,369.04,369.07,369.052,60,40
1648656045,369.08,369.12,369.06,369.12,369.087,53,25
1648656050,369.12,369.12,369.09,369.11,369.11,41,24
1648656055,369.1,369.1,369.03,369.04,369.053,179,64
1648656060,369.03,369.04,369.0,369.02,369.016,133,87
1648656065,369.03,369.05,369.01,369.05,369.031,102,53
1648656070,369.05,369.15,369.05,369.11,369.113,112,52
1648656075,369.12,369.15,369.09,369.09,369.136,114,46
1648656080,369.09,369.17,369.08,369.16,369.117,73,32
1648656085,369.16,369.18,369.11,369.14,369.156,86,44
1648656090,369.15,369.16,369.13,369.15,369.145,46,33
1648656095,369.15,369.19,369.15,369.18,369.18,50,25
1648656100,369.17,369.21,369.17,369.18,369.188,57,32
1648656105,369.2,369.24,369.19,369.23,369.221,186,83
1648656110,369.24,369.27,369.22,369.24,369.242,244,83
1648656115,369.24,369.26,369.21,369.23,369.238,130,43
1648656120,369.22,369.22,369.12,369.16,369.166,111,69
1648656125,369.19,369.24,369.15,369.17,369.184,248,153
1648656130,369.16,369.25,369.16,369.25,369.226,127,82
1648656135,369.27,369.36,369.23,369.35,369.278,207,74
1648656140,369.35,369.36,369.29,369.3,369.331,171,90
1648656145,369.34,369.35,369.29,369.35,369.313,50,41
1648656150,369.33,369.35,369.31,369.32,369.331,45,36
1648656155,369.32,369.45,369.31,369.45,369.358,225,112
1648656160,369.45,369.5,369.45,369.49,369.484,188,70
1648656165,369.49,369.49,369.45,369.47,369.471,78,37
1648656170,369.46,369.53,369.45,369.47,369.485,267,96
1648656175,369.48,369.49,369.44,369.49,369.47,85,50
1648656180,369.48,369.5,369.47,369.49,369.489,56,33
1648656185,369.49,369.49,369.39,369.39,369.44,170,83
1648656190,369.4,369.41,369.35,369.37,369.379,71,44
1648656195,369.36,369.4,369.36,369.39,369.378,98,37
1648656200,369.4,369.41,369.38,369.38,369.388,77,31
1648656205,369.38,369.39,369.36,369.37,369.375,163,44
1648656210,369.37,369.4,369.35,369.4,369.371,129,54
1648656215,369.37,369.38,369.3,369.32,369.325,105,53
1648656220,369.31,369.34,369.29,369.32,369.312,132,66
1648656225,369.31,369.32,369.3,369.31,369.308,45,15
1648656230,369.31,369.35,369.3,369.31,369.328,60,18
1648656235,369.32,369.36,369.32,369.35,369.335,67,46
1648656240,369.36,369.37,369.3,369.32,369.34,80,44
1648656245,369.3,369.31,369.23,369.26,369.274,190,68
1648656250,369.26,369.27,369.21,369.24,369.243,40,26
1648656255,369.25,369.28,369.24,369.27,369.257,69,40
1648656260,369.26,369.27,369.21,369.26,369.235,205,57
1648656265,369.27,369.27,369.25,369.27,369.261,38,22
1648656270,369.27,369.28,369.24,369.26,369.268,82,21
1648656275,369.24,369.31,369.22,369.3,369.277,114,34
1648656280,369.29,369.35,369.28,369.35,369.322,54,26
1648656285,369.35,369.37,369.31,369.33,369.339,161,28
1648656290,369.33,369.33,369.29,369.3,369.311,56,31
1648656295,369.28,369.29,369.25,369.29,369.275,41,18
1648656300,369.28,369.28,369.16,369.21,369.197,518,236
1648656305,369.2,369.2,369.04,369.07,369.11,198,107
1648656310,369.07,369.09,369.0,369.0,369.044,345,124
1648656315,369.0,369.06,368.98,369.06,369.02,117,69
1648656320,369.06,369.14,369.06,369.14,369.117,26,15
1648656325,369.13,369.13,369.11,369.13,369.123,62,18
1648656330,369.13,369.14,369.12,369.13,369.125,41,18
1648656335,369.13,369.13,368.98,368.99,369.036,85,57
1648656340,368.98,369.04,368.98,369.04,369.005,140,43
1648656345,369.03,369.03,368.98,368.99,369.02,150,33
1648656350,368.99,369.02,368.99,369.02,369.003,162,80
1648656355,369.03,369.07,369.02,369.06,369.046,60,45
1648656360,369.05,369.05,369.0,369.02,369.017,25,16
1648656365,369.02,369.03,368.97,368.99,369.006,81,31
1648656370,368.99,369.02,368.98,369.02,368.997,89,40
1648656375,369.01,369.03,368.99,369.03,369.01,24,13
1648656380,369.01,369.03,369.0,369.02,369.019,71,28
1648656385,369.0,369.05,368.99,369.04,369.017,47,26
1648656390,369.04,369.05,369.03,369.03,369.041,37,18
1648656395,369.03,369.03,368.96,368.98,368.987,100,50
1648656400,368.97,368.97,368.92,368.96,368.951,62,34
1648656405,368.95,368.95,368.92,368.95,368.935,55,31
1648656410,368.94,368.98,368.93,368.96,368.96,72,36
1648656415,368.95,368.98,368.95,368.95,368.958,34,25
1648656420,368.95,368.96,368.91,368.95,368.934,142,65
1648656425,368.95,368.97,368.92,368.93,368.935,42,25
1648656430,368.92,368.92,368.87,368.87,368.88,153,49
1648656435,368.87,368.88,368.86,368.88,368.877,57,27
1648656440,368.88,368.88,368.8,368.81,368.829,103,50
1648656445,368.81,368.81,368.76,368.76,368.786,88,38
1648656450,368.77,368.77,368.65,368.65,368.724,77,33
1648656455,368.67,368.73,368.64,368.73,368.668,231,65
1648656460,368.73,368.74,368.67,368.68,368.694,213,103
1648656465,368.66,368.66,368.58,368.58,368.608,200,97
1648656470,368.58,368.58,368.52,368.56,368.557,171,48
1648656475,368.55,368.56,368.51,368.53,368.53,273,77
1648656480,368.52,368.59,368.51,368.58,368.575,292,107
1648656485,368.57,368.59,368.55,368.58,368.574,139,65
1648656490,368.6,368.69,368.6,368.67,368.653,125,52
1648656495,368.66,368.66,368.63,368.64,368.647,96,36
1648656500,368.65,368.66,368.62,368.63,368.638,55,29
1648656505,368.64,368.65,368.62,368.63,368.635,19,7
1648656510,368.62,368.63,368.55,368.56,368.588,45,19
1648656515,368.56,368.6,368.55,368.6,368.581,50,21
1648656520,368.6,368.61,368.59,368.61,368.602,32,14
1648656525,368.62,368.67,368.61,368.66,368.65,86,36
1648656530,368.66,368.67,368.63,368.67,368.643,47,11
1648656535,368.68,368.68,368.67,368.67,368.675,48,18
1648656540,368.68,368.7,368.67,368.67,368.684,68,34
1648656545,368.67,368.72,368.66,368.72,368.7,52,35
1648656550,368.72,368.83,368.72,368.82,368.762,124,68
1648656555,368.83,368.84,368.8,368.84,368.817,142,51
1648656560,368.84,368.84,368.79,368.8,368.811,53,33
1648656565,368.79,368.86,368.79,368.86,368.824,75,34
1648656570,368.87,368.87,368.8,368.8,368.826,33,25
1648656575,368.81,368.85,368.8,368.85,368.834,161,37
1648656580,368.84,368.87,368.82,368.83,368.844,73,33
1648656585,368.85,368.85,368.77,368.77,368.812,175,87
1648656590,368.76,368.83,368.76,368.81,368.785,167,62
1648656595,368.82,368.82,368.77,368.8,368.795,67,31
1648656600,368.79,368.79,368.69,368.71,368.742,68,37
1648656605,368.71,368.74,368.7,368.74,368.717,20,16
1648656610,368.73,368.77,368.73,368.77,368.75,47,26
1648656615,368.75,368.82,368.75,368.8,368.793,132,56
1648656620,368.8,368.86,368.79,368.82,368.831,95,37
1648656625,368.81,368.84,368.8,368.81,368.826,63,24
1648656630,368.79,368.86,368.78,368.85,368.84,43,19
1648656635,368.86,368.87,368.83,368.85,368.845,26,16
1648656640,368.86,368.86,368.84,368.86,368.843,29,19
1648656645,368.86,368.89,368.84,368.87,368.862,116,27
1648656650,368.86,368.89,368.83,368.83,368.869,52,18
1648656655,368.84,368.86,368.83,368.83,368.844,16,12
1648656660,368.82,368.84,368.76,368.77,368.806,46,31
1648656665,368.76,368.79,368.76,368.77,368.771,46,20
1648656670,368.77,368.77,368.74,368.75,368.756,35,19
1648656675,368.76,368.76,368.74,368.75,368.741,29,5
1648656680,368.73,368.78,368.72,368.76,368.756,92,45
1648656685,368.75,368.76,368.72,368.73,368.727,277,91
1648656690,368.73,368.75,368.71,368.75,368.746,24,16
1648656695,368.75,368.79,368.75,368.77,368.764,108,20
1648656700,368.77,368.77,368.7,368.71,368.727,32,16
1648656705,368.71,368.73,368.67,368.68,368.704,13,10
1648656710,368.69,368.71,368.68,368.69,368.685,36,7
1648656715,368.68,368.69,368.67,368.67,368.675,83,25
1648656720,368.66,368.74,368.65,368.71,368.71,98,50
1648656725,368.72,368.72,368.69,368.69,368.713,35,9
1648656730,368.69,368.7,368.52,368.56,368.576,157,83
1648656735,368.56,368.56,368.52,368.52,368.536,240,39
1648656740,368.53,368.55,368.46,368.48,368.504,344,146
1648656745,368.5,368.51,368.48,368.5,368.487,338,113
1648656750,368.49,368.54,368.48,368.49,368.509,219,113
1648656755,368.5,368.5,368.46,368.49,368.472,87,32
1648656760,368.48,368.48,368.42,368.43,368.456,174,48
1648656765,368.44,368.5,368.44,368.49,368.469,164,70
1648656770,368.47,368.49,368.46,368.46,368.47,121,33
1648656775,368.47,368.51,368.46,368.49,368.483,106,34
1648656780,368.48,368.51,368.47,368.51,368.479,170,73
1648656785,368.52,368.52,368.44,368.45,368.481,82,43
1648656790,368.44,368.52,368.44,368.52,368.485,89,33
1648656795,368.52,368.63,368.51,368.6,368.568,127,64
1648656800,368.6,368.73,368.59,368.66,368.679,59,43
1648656805,368.67,368.68,368.65,368.65,368.671,45,16
1648656810,368.67,368.68,368.63,368.64,368.652,49,29
1648656815,368.63,368.65,368.61,368.65,368.625,82,48
1648656820,368.67,368.69,368.65,368.65,368.66,45,18
1648656825,368.68,368.69,368.66,368.68,368.685,22,12
1648656830,368.68,368.7,368.67,368.69,368.693,67,22
1648656835,368.69,368.74,368.69,368.73,368.721,79,25
1648656840,368.75,368.79,368.74,368.77,368.767,192,44
1648656845,368.78,368.82,368.77,368.79,368.789,123,46
1648656850,368.82,368.83,368.8,368.8,368.813,54,37
1648656855,368.8,368.83,368.8,368.83,368.826,104,22
1648656860,368.83,368.84,368.82,368.82,368.822,103,33
1648656865,368.82,368.84,368.76,368.79,368.811,215,41
1648656870,368.78,368.83,368.78,368.8,368.806,31,18
1648656875,368.81,368.82,368.81,368.81,368.811,18,14
1648656880,368.81,368.83,368.8,368.81,368.811,25,14
1648656885,368.83,368.83,368.81,368.81,368.815,33,9
1648656890,368.81,368.85,368.8,368.8,368.828,49,31
1648656895,368.78,368.8,368.77,368.78,368.782,52,21
1648656900,368.78,368.85,368.77,368.82,368.836,574,122
1648656905,368.82,368.84,368.78,368.79,368.798,25,16
1648656910,368.79,368.79,368.73,368.73,368.764,70,41
1648656915,368.73,368.74,368.65,368.65,368.709,310,114
1648656920,368.66,368.68,368.65,368.67,368.663,119,68
1648656925,368.71,368.72,368.7,368.72,368.715,6,6
1648656930,368.73,368.73,368.72,368.72,368.728,7,7
1648656935,368.73,368.73,368.71,368.71,368.714,7,4
1648656940,368.72,368.74,368.7,368.74,368.724,85,44
1648656945,368.75,368.78,368.74,368.78,368.764,40,25
1648656950,368.8,368.84,368.78,368.84,368.817,181,55
1648656955,368.84,368.93,368.83,368.9,368.89,458,129
1648656960,368.88,368.88,368.82,368.84,368.845,43,27
1648656965,368.82,368.82,368.8,368.82,368.81,4,3
1648656970,368.84,368.85,368.83,368.84,368.838,9,7
1648656975,368.88,368.88,368.82,368.83,368.871,143,50
1648656980,368.83,368.84,368.83,368.84,368.837,54,17
1648656985,368.87,368.88,368.84,368.84,368.866,20,16
1648656990,368.86,368.89,368.86,368.89,368.879,27,11
1648656995,368.88,368.89,368.86,368.87,368.874,18,12
1648657000,368.87,368.87,368.84,368.85,368.843,60,25
1648657005,368.86,368.87,368.86,368.87,368.866,5,4
1648657010,368.85,368.85,368.74,368.83,368.794,158,117
1648657015,368.83,368.83,368.81,368.82,368.818,12,10
1648657020,368.8,368.83,368.8,368.81,368.815,74,64
1648657025,368.85,368.91,368.85,368.91,368.871,42,33
1648657030,368.91,368.94,368.9,368.9,368.92,125,57
1648657035,368.9,368.91,368.88,368.88,368.898,16,7
1648657040,368.88,368.88,368.83,368.85,368.863,19,10
1648657045,368.87,368.91,368.86,368.9,368.873,53,14
1648657050,368.89,368.89,368.82,368.87,368.855,28,27
1648657055,368.86,368.86,368.83,368.84,368.844,58,13
1648657060,368.86,368.89,368.85,368.88,368.869,157,38
1648657065,368.9,368.91,368.86,368.87,368.895,19,12
1648657070,368.87,368.88,368.87,368.88,368.875,2,2
1648657075,368.88,368.89,368.87,368.87,368.881,8,8
1648657080,368.87,368.88,368.8,368.81,368.832,17,10
1648657085,368.8,368.82,368.78,368.81,368.8,14,12
1648657090,368.8,368.86,368.79,368.85,368.84,81,28
1648657095,368.86,368.88,368.83,368.83,368.855,20,16
1648657100,368.83,368.84,368.82,368.82,368.83,14,6
1648657105,368.82,368.85,368.81,368.84,368.833,36,24
1648657110,368.85,368.88,368.85,368.86,368.873,30,23
1648657115,368.86,368.86,368.79,368.81,368.816,14,11
1648657120,368.82,368.85,368.8,368.85,368.834,23,21
1648657125,368.85,368.88,368.84,368.85,368.853,117,34
1648657130,368.85,368.9,368.85,368.88,368.885,114,40
1648657135,368.92,368.92,368.88,368.88,368.9,24,20
1648657140,368.88,368.88,368.83,368.87,368.848,49,35
1648657145,368.88,368.91,368.87,368.91,368.883,32,26
1648657150,368.91,368.91,368.87,368.87,368.892,12,11
1648657155,368.88,368.91,368.87,368.91,368.887,30,23
1648657160,368.91,368.91,368.88,368.9,368.895,27,17
1648657165,368.9,368.96,368.9,368.95,368.936,95,46
1648657170,368.96,369.02,368.95,368.97,368.992,166,95
1648657175,368.96,369.01,368.95,369.01,368.966,71,38
1648657180,369.0,369.01,368.97,369.0,368.989,32,31
1648657185,368.99,368.99,368.98,368.98,368.982,15,6
1648657190,368.98,368.98,368.96,368.97,368.97,12,10
1648657195,368.95,368.96,368.92,368.94,368.94,23,20
1648657200,368.95,369.03,368.95,369.01,369.005,59,28
1648657205,369.0,369.03,368.98,369.02,369.001,17,15
1648657210,369.03,369.07,368.96,369.01,369.032,97,57
1648657215,369.02,369.04,369.0,369.01,369.019,82,36
1648657220,369.03,369.03,369.0,369.03,369.024,31,23
1648657225,369.03,369.12,369.02,369.11,369.087,155,83
1648657230,369.12,369.12,369.03,369.03,369.08,100,51
1648657235,369.03,369.07,369.03,369.06,369.06,45,17
1648657240,369.05,369.08,369.04,369.06,369.057,58,36
1648657245,369.06,369.08,369.02,369.04,369.057,104,32
1648657250,369.05,369.07,368.96,368.96,369.014,42,35
1648657255,368.97,368.98,368.93,368.94,368.965,61,24
1648657260,368.95,368.99,368.95,368.96,368.973,7,6
1648657265,368.95,368.98,368.94,368.96,368.958,25,21
1648657270,368.96,368.98,368.93,368.93,368.954,91,24
1648657275,368.93,368.94,368.87,368.9,368.909,160,77
1648657280,368.88,368.93,368.88,368.92,368.918,25,17
1648657285,368.93,368.98,368.92,368.96,368.964,43,37
1648657290,368.95,368.95,368.91,368.92,368.941,12,9
1648657295,368.91,368.91,368.86,368.87,368.885,26,25
1648657300,368.86,368.87,368.86,368.87,368.867,11,11
1648657305,368.91,368.93,368.9,368.93,368.919,9,7
1648657310,368.91,368.95,368.91,368.94,368.923,14,12
1648657315,368.94,368.94,368.89,368.89,368.902,37,17
1648657320,368.88,368.88,368.81,368.83,368.839,200,47
1648657325,368.82,368.87,368.82,368.83,368.841,47,35
1648657330,368.82,368.84,368.81,368.81,368.826,53,35
1648657335,368.81,368.83,368.77,368.81,368.787,81,52
1648657340,368.81,368.82,368.81,368.82,368.816,12,2
1648657345,368.79,368.88,368.78,368.87,368.809,88,29
1648657350,368.86,368.88,368.85,368.85,368.863,41,21
1648657355,368.81,368.82,368.81,368.81,368.811,29,6
1648657360,368.79,368.82,368.79,368.81,368.808,192,40
1648657365,368.81,368.85,368.78,368.85,368.808,19,19
1648657370,368.86,368.86,368.83,368.85,368.846,16,13
1648657375,368.88,368.88,368.86,368.87,368.871,8,7
1648657380,368.86,368.86,368.8,368.83,368.827,13,5
1648657385,368.84,368.84,368.77,368.77,368.813,85,27
1648657390,368.78,368.79,368.74,368.78,368.762,146,46
1648657395,368.78,368.82,368.76,368.82,368.783,24,19
1648657400,368.81,368.86,368.81,368.85,368.83,33,17
1648657405,368.85,368.93,368.84,368.93,368.897,203,56
1648657410,368.92,368.94,368.89,368.9,368.919,203,37
1648657415,368.89,368.91,368.87,368.91,368.889,12,8
1648657420,368.9,368.95,368.9,368.95,368.947,111,29
1648657425,368.96,368.96,368.94,368.95,368.954,71,33
1648657430,368.94,368.95,368.89,368.92,368.922,91,56
1648657435,368.91,368.98,368.89,368.96,368.946,33,23
1648657440,368.98,369.04,368.97,369.01,369.01,66,40
1648657445,369.01,369.01,368.96,368.99,368.995,48,25
1648657450,369.0,369.03,369.0,369.02,369.019,24,15
1648657455,369.03,369.05,368.95,368.96,369.0,123,36
1648657460,368.98,369.01,368.98,369.0,368.991,11,8
1648657465,368.99,369.0,368.98,369.0,368.99,53,8
1648657470,368.99,369.02,368.96,368.96,369.002,118,24
1648657475,368.98,369.0,368.98,368.98,368.985,8,8
1648657480,369.0,369.01,368.99,369.0,368.994,48,20
1648657485,369.01,369.07,369.01,369.01,369.052,104,32
1648657490,368.99,368.99,368.93,368.96,368.956,21,8
1648657495,368.96,368.97,368.94,368.94,368.958,12,8
1648657500,368.94,368.98,368.94,368.98,368.967,15,9
1648657505,369.0,369.05,369.0,369.01,369.022,18,14
1648657510,369.03,369.07,369.02,369.07,369.033,25,4
1648657515,369.06,369.1,369.05,369.07,369.066,136,24
1648657520,369.07,369.16,369.07,369.16,369.147,145,46
1648657525,369.16,369.19,369.14,369.15,369.181,152,58
1648657530,369.16,369.2,369.15,369.18,369.178,89,57
1648657535,369.19,369.2,369.15,369.16,369.182,24,15
1648657540,369.17,369.19,369.12,369.13,369.159,51,38
1648657545,369.13,369.14,369.12,369.13,369.133,100,26
1648657550,369.13,369.18,369.13,369.16,369.158,105,55
1648657555,369.16,369.2,369.16,369.19,369.18,25,23
1648657560,369.19,369.2,369.18,369.19,369.191,101,43
1648657565,369.18,369.19,369.12,369.12,369.146,51,37
1648657570,369.12,369.12,369.12,369.12,369.12,0,0
1648657575,369.18,369.19,369.15,369.16,369.17,36,34
1648657580,369.16,369.2,369.13,369.13,369.179,28,21
1648657585,369.11,369.12,369.02,369.02,369.088,77,36
1648657590,369.01,369.08,369.01,369.08,369.033,60,49
1648657595,369.09,369.12,369.09,369.1,369.107,26,21
1648657600,369.08,369.11,369.08,369.11,369.098,26,14
1648657605,369.1,369.12,369.07,369.09,369.102,17,12
1648657610,369.09,369.11,369.09,369.1,369.099,6,5
1648657615,369.09,369.09,369.06,369.06,369.068,39,28
1648657620,369.05,369.05,369.01,369.02,369.026,83,23
1648657625,369.01,369.02,368.97,368.97,368.993,112,48
1648657630,368.98,369.01,368.96,369.01,368.985,75,40
1648657635,368.99,369.07,368.99,369.05,369.046,7,6
1648657640,369.06,369.06,369.02,369.02,369.04,32,16
1648657645,368.98,368.98,368.96,368.98,368.969,22,20
1648657650,368.97,368.97,368.94,368.95,368.951,66,44
1648657655,368.96,368.96,368.92,368.92,368.943,50,31
1648657660,368.94,369.0,368.94,368.98,368.978,29,24
1648657665,368.99,369.02,368.98,369.02,369.01,13,6
1648657670,369.03,369.05,369.03,369.05,369.039,8,7
1648657675,369.01,369.02,368.99,369.01,369.006,19,14
1648657680,369.01,369.05,369.01,369.04,369.031,20,20
1648657685,369.03,369.03,369.02,369.03,369.03,2,2
1648657690,369.02,369.06,369.02,369.05,369.052,10,6
1648657695,369.02,369.04,369.02,369.04,369.031,3,3
1648657700,369.05,369.07,369.02,369.02,369.049,71,19
1648657705,369.04,369.07,369.03,369.06,369.048,6,6
1648657710,369.07,369.07,369.03,369.04,369.042,25,7
1648657715,369.05,369.09,369.05,369.06,369.071,40,13
1648657720,369.05,369.05,369.03,369.04,369.04,4,4
1648657725,369.05,369.06,369.05,369.05,369.059,37,18
1648657730,369.05,369.1,369.05,369.1,369.079,64,35
1648657735,369.1,369.13,369.1,369.12,369.108,20,18
1648657740,369.14,369.19,369.13,369.19,369.18,41,24
1648657745,369.19,369.23,369.19,369.22,369.213,31,20
1648657750,369.21,369.24,369.2,369.22,369.221,47,34
1648657755,369.2,369.2,369.15,369.18,369.174,32,24
1648657760,369.18,369.23,369.18,369.22,369.201,17,13
1648657765,369.22,369.25,369.21,369.22,369.221,98,44
1648657770,369.22,369.22,369.21,369.21,369.214,10,9
1648657775,369.2,369.21,369.19,369.21,369.207,23,13
1648657780,369.22,369.22,369.11,369.12,369.196,30,18
1648657785,369.12,369.13,369.1,369.12,369.11,32,28
1648657790,369.1,369.1,369.04,369.04,369.082,135,23
1648657795,369.03,369.13,369.03,369.13,369.049,37,22
1648657800,369.13,369.18,369.13,369.18,369.156,8,7
1648657805,369.17,369.18,369.16,369.16,369.169,10,6
1648657810,369.14,369.16,369.13,369.13,369.145,18,11
1648657815,369.14,369.14,369.11,369.11,369.128,8,6
1648657820,369.09,369.09,369.07,369.08,369.078,23,16
1648657825,369.08,369.09,369.06,369.06,369.065,71,26
1648657830,369.08,369.08,369.0,369.01,369.028,373,77
1648657835,369.0,369.07,369.0,369.07,369.036,41,29
1648657840,369.08,369.09,369.07,369.09,369.081,10,9
1648657845,369.08,369.09,369.07,369.07,369.081,22,17
1648657850,369.06,369.11,369.05,369.07,369.074,52,32
1648657855,369.06,369.07,369.04,369.04,369.049,45,17
1648657860,369.03,369.07,369.02,369.05,369.046,44,25
1648657865,369.05,369.09,369.0,369.02,369.058,91,48
1648657870,369.02,369.05,368.99,369.04,369.015,85,49
1648657875,369.05,369.09,369.04,369.08,369.066,20,13
1648657880,369.08,369.08,369.05,369.05,369.061,11,11
1648657885,369.05,369.05,368.98,369.0,369.029,350,58
1648657890,369.01,369.04,369.01,369.04,369.03,58,31
1648657895,369.03,369.04,369.03,369.04,369.038,11,10
1648657900,369.02,369.02,368.96,368.98,368.983,72,42
1648657905,368.97,368.99,368.95,368.95,368.967,38,15
1648657910,368.94,368.96,368.91,368.91,368.939,64,37
1648657915,368.92,368.94,368.91,368.94,368.923,35,22
1648657920,368.96,368.97,368.9,368.9,368.937,21,20
1648657925,368.91,368.93,368.9,368.92,368.914,66,23
1648657930,368.93,368.94,368.89,368.94,368.908,41,27
1648657935,368.95,369.0,368.95,368.96,368.965,67,23
1648657940,368.94,369.0,368.94,368.99,368.968,92,37
1648657945,368.98,368.99,368.94,368.94,368.974,128,40
1648657950,368.95,369.01,368.95,368.99,368.994,40,23
1648657955,368.96,368.96,368.92,368.92,368.929,67,18
1648657960,368.92,368.93,368.88,368.9,368.904,98,38
1648657965,368.91,368.95,368.85,368.94,368.894,231,133
1648657970,368.94,368.99,368.94,368.96,368.965,38,29
1648657975,368.97,368.98,368.94,368.98,368.96,108,38
1648657980,368.99,369.0,368.98,368.99,368.99,29,14
1648657985,368.99,369.06,368.99,369.06,369.038,53,18
1648657990,369.06,369.07,369.05,369.06,369.057,20,6
1648657995,369.06,369.08,369.03,369.03,369.046,20,11
1648658000,369.04,369.05,369.03,369.03,369.035,30,7
1648658005,369.05,369.08,369.05,369.08,369.065,40,10
1648658010,369.08,369.09,369.07,369.08,369.079,13,9
1648658015,369.06,369.07,369.06,369.06,369.067,4,4
1648658020,369.06,369.1,369.05,369.09,369.069,32,21
1648658025,369.1,369.1,369.06,369.07,369.085,54,33
1648658030,369.06,369.08,369.06,369.06,369.064,10,5
1648658035,369.07,369.07,369.02,369.06,369.052,56,22
1648658040,369.06,369.13,369.06,369.12,369.103,19,16
1648658045,369.11,369.12,369.1,369.12,369.105,151,32
1648658050,369.13,369.17,369.12,369.16,369.159,36,15
1648658055,369.17,369.18,369.14,369.18,369.168,34,18
1648658060,369.18,369.26,369.18,369.25,369.232,64,37
1648658065,369.24,369.25,369.2,369.2,369.219,48,35
1648658070,369.22,369.22,369.15,369.16,369.188,85,37
1648658075,369.16,369.17,369.14,369.15,369.151,45,16
1648658080,369.15,369.18,369.15,369.18,369.166,8,8
1648658085,369.17,369.17,369.13,369.14,369.146,8,7
1648658090,369.15,369.19,369.14,369.19,369.183,37,5
1648658095,369.22,369.26,369.21,369.26,369.231,26,16
1648658100,369.26,369.28,369.24,369.27,369.269,84,41
1648658105,369.27,369.29,369.25,369.29,369.269,24,12
1648658110,369.28,369.35,369.28,369.32,369.321,67,42
1648658115,369.33,369.37,369.31,369.37,369.345,31,21
1648658120,369.36,369.38,369.35,369.38,369.368,28,16
1648658125,369.37,369.4,369.34,369.34,369.361,27,14
1648658130,369.33,369.33,369.3,369.33,369.317,44,26
1648658135,369.31,369.33,369.31,369.32,369.316,29,15
1648658140,369.32,369.38,369.32,369.38,369.371,41,14
1648658145,369.37,369.38,369.34,369.34,369.362,35,25
1648658150,369.34,369.36,369.34,369.36,369.351,20,15
1648658155,369.38,369.4,369.37,369.4,369.395,19,12
1648658160,369.38,369.39,369.32,369.33,369.356,50,29
1648658165,369.33,369.34,369.31,369.33,369.322,34,15
1648658170,369.36,369.36,369.34,369.35,369.356,81,32
1648658175,369.35,369.42,369.35,369.37,369.392,87,39
1648658180,369.38,369.39,369.37,369.38,369.376,49,17
1648658185,369.36,369.38,369.36,369.38,369.372,32,9
1648658190,369.4,369.43,369.37,369.37,369.407,31,12
1648658195,369.39,369.39,369.35,369.36,369.372,31,14
1648658200,369.35,369.37,369.33,369.37,369.347,18,13
1648658205,369.38,369.39,369.37,369.38,369.384,49,12
1648658210,369.41,369.44,369.4,369.4,369.422,43,25
1648658215,369.41,369.42,369.35,369.35,369.399,72,24
1648658220,369.32,369.34,369.28,369.28,369.307,109,41
1648658225,369.27,369.28,369.24,369.25,369.254,55,42
1648658230,369.25,369.29,369.25,369.29,369.272,51,14
1648658235,369.31,369.34,369.31,369.33,369.33,35,17
1648658240,369.34,369.34,369.31,369.32,369.325,40,18
1648658245,369.32,369.4,369.32,369.38,369.364,38,31
1648658250,369.38,369.39,369.37,369.38,369.381,20,10
1648658255,369.35,369.37,369.34,369.37,369.356,32,19
1648658260,369.36,369.37,369.35,369.36,369.357,88,35
1648658265,369.35,369.38,369.34,369.35,369.356,14,6
1648658270,369.35,369.35,369.34,369.35,369.347,7,6
1648658275,369.34,369.39,369.33,369.38,369.376,13,10
1648658280,369.39,369.39,369.37,369.37,369.379,9,9
1648658285,369.38,369.38,369.35,369.37,369.362,16,11
1648658290,369.39,369.39,369.38,369.38,369.384,10,6
1648658295,369.37,369.37,369.36,369.37,369.366,3,2
1648658300,369.36,369.38,369.36,369.37,369.364,5,5
1648658305,369.38,369.39,369.36,369.39,369.38,58,11
1648658310,369.38,369.4,369.38,369.38,369.394,26,11
1648658315,369.38,369.39,369.37,369.38,369.384,38,11
1648658320,369.36,369.36,369.3,369.31,369.323,62,25
1648658325,369.31,369.34,369.29,369.34,369.31,33,19
1648658330,369.35,369.35,369.34,369.35,369.346,7,4
1648658335,369.37,369.42,369.36,369.39,369.41,561,111
1648658340,369.41,369.43,369.39,369.42,369.406,22,18
1648658345,369.42,369.43,369.41,369.43,369.422,60,30
1648658350,369.43,369.49,369.43,369.47,369.474,193,47
1648658355,369.48,369.65,369.48,369.59,369.546,263,106
1648658360,369.59,369.59,369.52,369.54,369.552,114,50
1648658365,369.55,369.57,369.54,369.55,369.553,26,20
1648658370,369.56,369.6,369.56,369.6,369.589,28,18
1648658375,369.59,369.68,369.55,369.63,369.63,355,205
1648658380,369.63,369.66,369.6,369.61,369.617,105,55
1648658385,369.61,369.61,369.59,369.6,369.597,16,13
1648658390,369.6,369.63,369.59,369.6,369.605,32,21
1648658395,369.61,369.63,369.61,369.62,369.62,3,3
1648658400,369.64,369.68,369.64,369.67,369.659,64,24
1648658405,369.69,369.75,369.69,369.69,369.72,145,69
1648658410,369.68,369.69,369.64,369.64,369.658,105,55
1648658415,369.65,369.66,369.64,369.66,369.651,165,37
1648658420,369.65,369.68,369.64,369.68,369.661,64,23
1648658425,369.67,369.7,369.67,369.69,369.692,27,12
1648658430,369.69,369.69,369.66,369.68,369.674,13,11
1648658435,369.69,369.7,369.64,369.64,369.658,20,13
1648658440,369.65,369.65,369.61,369.62,369.626,45,26
1648658445,369.63,369.65,369.59,369.6,369.614,91,39
1648658450,369.6,369.63,369.6,369.6,369.613,15,11
1648658455,369.62,369.62,369.57,369.6,369.592,18,10
1648658460,369.6,369.64,369.6,369.6,369.621,33,10
1648658465,369.6,369.6,369.56,369.56,369.582,32,17
1648658470,369.55,369.57,369.55,369.57,369.56,13,10
1648658475,369.54,369.55,369.53,369.55,369.541,5,4
1648658480,369.53,369.55,369.52,369.55,369.54,13,9
1648658485,369.54,369.56,369.54,369.55,369.543,12,9
1648658490,369.54,369.54,369.49,369.5,369.51,65,25
1648658495,369.5,369.52,369.5,369.52,369.505,26,10
1648658500,369.51,369.51,369.51,369.51,369.51,5,5
1648658505,369.5,369.51,369.49,369.5,369.507,11,9
1648658510,369.49,369.49,369.46,369.47,369.47,40,19
1648658515,369.49,369.54,369.48,369.52,369.517,17,12
1648658520,369.54,369.59,369.54,369.59,369.557,28,19
1648658525,369.59,369.6,369.56,369.56,369.582,17,13
1648658530,369.56,369.58,369.56,369.58,369.562,23,12
1648658535,369.58,369.6,369.58,369.6,369.59,8,7
1648658540,369.62,369.63,369.6,369.63,369.618,37,21
1648658545,369.64,369.65,369.62,369.63,369.637,24,19
1648658550,369.68,369.73,369.67,369.72,369.696,31,16
1648658555,369.74,369.77,369.73,369.77,369.744,23,20
1648658560,369.77,369.77,369.74,369.75,369.751,94,49
1648658565,369.75,369.75,369.69,369.72,369.74,180,78
1648658570,369.73,369.78,369.73,369.77,369.744,51,37
1648658575,369.8,369.81,369.77,369.78,369.79,66,41
1648658580,369.8,369.85,369.79,369.81,369.821,77,32
1648658585,369.81,369.83,369.8,369.81,369.812,24,13
1648658590,369.81,369.83,369.81,369.82,369.813,13,8
1648658595,369.83,369.83,369.8,369.8,369.811,26,16
1648658600,369.82,369.83,369.8,369.81,369.818,16,9
1648658605,369.81,369.82,369.78,369.78,369.806,16,10
1648658610,369.8,369.82,369.8,369.81,369.809,16,6
1648658615,369.8,369.82,369.8,369.81,369.808,11,5
1648658620,369.81,369.81,369.79,369.79,369.795,11,11
1648658625,369.79,369.79,369.76,369.76,369.773,43,11
1648658630,369.77,369.82,369.76,369.82,369.805,23,16
1648658635,369.8,369.83,369.78,369.83,369.813,21,20
1648658640,369.84,369.85,369.83,369.83,369.84,36,17
1648658645,369.82,369.85,369.81,369.84,369.829,25,10
1648658650,369.84,369.84,369.8,369.81,369.819,29,18
1648658655,369.81,369.81,369.8,369.81,369.804,7,4
1648658660,369.8,369.82,369.79,369.79,369.813,158,64
1648658665,369.78,369.83,369.78,369.82,369.811,85,44
1648658670,369.83,369.83,369.8,369.83,369.824,13,12
1648658675,369.85,369.89,369.85,369.87,369.874,68,33
1648658680,369.86,369.89,369.81,369.87,369.863,55,32
1648658685,369.88,369.89,369.87,369.87,369.876,26,14
1648658690,369.86,369.9,369.86,369.87,369.878,8,7
1648658695,369.87,369.87,369.85,369.87,369.861,16,9
1648658700,369.86,369.91,369.84,369.85,369.885,45,26
1648658705,369.86,369.87,369.84,369.86,369.859,33,26
1648658710,369.86,369.89,369.85,369.87,369.865,38,18
1648658715,369.88,369.89,369.86,369.88,369.877,29,18
1648658720,369.88,369.88,369.8,369.8,369.84,24,13
1648658725,369.82,369.85,369.81,369.85,369.833,15,11
1648658730,369.85,369.85,369.8,369.81,369.82,23,19
1648658735,369.8,369.8,369.71,369.73,369.744,113,61
1648658740,369.74,369.74,369.66,369.68,369.701,80,46
1648658745,369.68,369.69,369.67,369.69,369.677,22,16
1648658750,369.68,369.7,369.68,369.7,369.689,30,11
1648658755,369.71,369.73,369.67,369.67,369.688,629,221
1648658760,369.67,369.69,369.65,369.67,369.669,130,57
1648658765,369.67,369.68,369.63,369.67,369.659,34,30
1648658770,369.65,369.67,369.64,369.64,369.652,6,6
1648658775,369.64,369.66,369.64,369.64,369.645,27,20
1648658780,369.66,369.66,369.62,369.64,369.637,27,19
1648658785,369.66,369.7,369.66,369.67,369.68,16,7
1648658790,369.66,369.68,369.61,369.63,369.651,15,7
1648658795,369.62,369.63,369.6,369.63,369.604,21,10
1648658800,369.63,369.64,369.62,369.63,369.632,20,9
1648658805,369.63,369.64,369.63,369.64,369.631,31,12
1648658810,369.62,369.62,369.62,369.62,369.62,1,1
1648658815,369.6,369.61,369.59,369.59,369.595,15,3
1648658820,369.59,369.62,369.58,369.62,369.591,24,18
1648658825,369.6,369.62,369.6,369.62,369.608,11,7
1648658830,369.6,369.61,369.56,369.61,369.577,27,20
1648658835,369.64,369.64,369.59,369.59,369.605,56,28
1648658840,369.59,369.62,369.55,369.62,369.586,13,12
1648658845,369.62,369.62,369.59,369.59,369.61,6,5
1648658850,369.58,369.6,369.57,369.57,369.583,22,20
1648658855,369.57,369.64,369.57,369.64,369.596,82,68
1648658860,369.65,369.67,369.65,369.66,369.663,20,17
1648658865,369.66,369.71,369.65,369.71,369.676,23,14
1648658870,369.74,369.77,369.73,369.73,369.753,57,41
1648658875,369.74,369.75,369.73,369.75,369.735,8,7
1648658880,369.75,369.79,369.75,369.76,369.775,39,18
1648658885,369.77,369.77,369.73,369.73,369.757,4,3
1648658890,369.73,369.82,369.73,369.81,369.777,54,39
1648658895,369.81,369.84,369.81,369.84,369.817,15,8
1648658900,369.83,369.91,369.83,369.89,369.884,35,27
1648658905,369.92,369.97,369.91,369.92,369.931,68,31
1648658910,369.92,369.95,369.92,369.94,369.939,48,20
1648658915,369.97,369.97,369.94,369.95,369.964,29,10
1648658920,369.96,369.96,369.93,369.95,369.948,40,15
1648658925,369.95,369.96,369.93,369.94,369.952,31,16
1648658930,369.93,369.93,369.86,369.86,369.907,21,11
1648658935,369.86,369.88,369.86,369.88,369.87,21,7
1648658940,369.91,369.92,369.83,369.84,369.872,33,16
1648658945,369.83,369.83,369.78,369.8,369.799,57,10
1648658950,369.8,369.81,369.78,369.78,369.793,7,7
1648658955,369.76,369.77,369.74,369.75,369.761,15,11
1648658960,369.75,369.76,369.74,369.75,369.75,24,10
1648658965,369.76,369.76,369.73,369.73,369.755,73,41
1648658970,369.75,369.78,369.74,369.74,369.762,92,61
1648658975,369.75,369.79,369.75,369.78,369.768,48,14
1648658980,369.79,369.79,369.75,369.76,369.778,13,8
1648658985,369.75,369.8,369.75,369.8,369.767,128,48
1648658990,369.81,369.82,369.81,369.81,369.815,46,7
1648658995,369.81,369.81,369.77,369.78,369.786,20,14
1648659000,369.77,369.8,369.75,369.75,369.787,15,13
1648659005,369.74,369.74,369.68,369.68,369.702,49,26
1648659010,369.7,369.7,369.68,369.7,369.695,13,7
1648659015,369.72,369.72,369.71,369.71,369.712,13,5
1648659020,369.71,369.71,369.65,369.68,369.674,42,25
1648659025,369.67,369.69,369.67,369.69,369.68,4,3
1648659030,369.67,369.68,369.66,369.68,369.673,30,21
1648659035,369.72,369.73,369.72,369.72,369.724,5,4
1648659040,369.72,369.74,369.72,369.74,369.727,3,3
1648659045,369.72,369.73,369.69,369.69,369.726,25,14
1648659050,369.68,369.68,369.66,369.67,369.673,18,16
1648659055,369.67,369.68,369.66,369.68,369.671,20,11
1648659060,369.68,369.69,369.67,369.68,369.683,14,8
1648659065,369.7,369.72,369.69,369.71,369.703,30,16
1648659070,369.7,369.79,369.7,369.79,369.74,13,9
1648659075,369.81,369.82,369.79,369.82,369.803,20,17
1648659080,369.8,369.8,369.78,369.78,369.797,29,4
1648659085,369.79,369.82,369.79,369.81,369.809,49,19
1648659090,369.81,369.82,369.79,369.81,369.805,52,21
1648659095,369.81,369.83,369.8,369.83,369.81,37,18
1648659100,369.83,369.85,369.8,369.81,369.823,144,36
1648659105,369.81,369.81,369.77,369.79,369.798,58,19
1648659110,369.78,369.8,369.78,369.78,369.791,19,11
1648659115,369.79,369.79,369.79,369.79,369.79,7,3
1648659120,369.81,369.81,369.77,369.81,369.778,82,36
1648659125,369.8,369.8,369.78,369.8,369.788,13,6
1648659130,369.79,369.79,369.72,369.72,369.747,23,17
1648659135,369.73,369.75,369.73,369.75,369.739,11,5
1648659140,369.75,369.75,369.7,369.71,369.715,25,17
1648659145,369.71,369.76,369.69,369.74,369.737,52,29
1648659150,369.73,369.75,369.72,369.74,369.739,6,6
1648659155,369.74,369.74,369.73,369.73,369.734,3,2
1648659160,369.71,369.76,369.71,369.76,369.735,8,6
1648659165,369.74,369.75,369.74,369.74,369.744,4,3
1648659170,369.74,369.74,369.73,369.74,369.732,52,21
1648659175,369.75,369.79,369.75,369.79,369.763,10,9
1648659180,369.78,369.78,369.76,369.78,369.773,3,3
1648659185,369.75,369.76,369.74,369.74,369.749,11,7
1648659190,369.74,369.81,369.73,369.74,369.788,33,17
1648659195,369.71,369.71,369.7,369.7,369.705,2,2
1648659200,369.79,369.79,369.78,369.79,369.788,2,2
1648659205,369.78,369.78,369.76,369.77,369.766,32,11
1648659210,369.8,369.81,369.79,369.81,369.805,14,6
1648659215,369.8,369.83,369.8,369.83,369.815,5,5
1648659220,369.82,369.85,369.8,369.83,369.814,25,14
1648659225,369.84,369.91,369.83,369.9,369.885,43,19
1648659230,369.9,369.92,369.88,369.88,369.909,25,21
1648659235,369.88,369.89,369.87,369.87,369.886,56,16
1648659240,369.89,369.92,369.89,369.92,369.909,114,10
1648659245,369.93,369.93,369.89,369.9,369.926,77,30
1648659250,369.9,369.93,369.89,369.93,369.911,84,12
1648659255,369.93,369.93,369.85,369.9,369.875,102,38
1648659260,369.91,369.91,369.85,369.86,369.863,33,15
1648659265,369.85,369.86,369.85,369.86,369.851,8,7
1648659270,369.86,369.86,369.82,369.83,369.828,56,16
1648659275,369.82,369.82,369.81,369.82,369.813,92,25
1648659280,369.82,369.89,369.82,369.87,369.853,13,11
1648659285,369.88,369.89,369.87,369.88,369.881,41,19
1648659290,369.87,369.88,369.85,369.87,369.864,90,29
1648659295,369.88,369.88,369.87,369.87,369.875,9,3
1648659300,369.88,369.91,369.86,369.86,369.899,15,11
1648659305,369.85,369.86,369.84,369.85,369.852,12,7
1648659310,369.85,369.9,369.85,369.88,369.887,100,49
1648659315,369.88,369.89,369.87,369.88,369.881,9,5
1648659320,369.89,369.89,369.85,369.86,369.877,139,44
1648659325,369.85,369.85,369.84,369.84,369.847,3,3
1648659330,369.86,369.9,369.86,369.9,369.883,7,6
1648659335,369.91,369.91,369.89,369.91,369.908,27,8
1648659340,369.92,369.94,369.92,369.93,369.929,7,6
1648659345,369.93,369.99,369.92,369.99,369.944,23,19
1648659350,369.99,370.02,369.97,370.0,369.996,87,38
1648659355,369.99,370.02,369.97,369.98,369.989,69,23
1648659360,369.98,370.02,369.97,370.01,369.987,29,8
1648659365,370.0,370.0,369.97,369.97,369.981,16,14
1648659370,369.97,369.97,369.92,369.92,369.937,8,7
1648659375,369.92,369.94,369.89,369.89,369.916,10,10
1648659380,369.9,369.9,369.85,369.86,369.866,7,7
1648659385,369.85,369.85,369.82,369.82,369.831,84,28
1648659390,369.84,369.89,369.83,369.89,369.847,25,11
1648659395,369.89,369.92,369.88,369.92,369.904,55,20
1648659400,369.88,369.89,369.88,369.88,369.887,12,7
1648659405,369.86,369.89,369.83,369.89,369.857,25,11
1648659410,369.9,369.9,369.84,369.85,369.87,2,2
1648659415,369.88,369.88,369.88,369.88,369.88,1,1
1648659420,369.88,369.91,369.88,369.88,369.889,211,29
1648659425,369.89,369.99,369.89,369.98,369.949,223,52
1648659430,369.98,369.98,369.94,369.96,369.956,29,9
1648659435,369.96,370.01,369.96,370.0,369.976,70,27
1648659440,370.01,370.01,369.99,370.01,370.0,75,29
1648659445,370.02,370.02,369.98,369.98,369.994,53,13
1648659450,369.99,370.0,369.95,369.97,369.979,52,18
1648659455,369.97,369.97,369.94,369.94,369.955,17,12
1648659460,369.94,369.94,369.93,369.93,369.932,5,4
1648659465,369.95,369.97,369.95,369.95,369.957,9,9
1648659470,369.95,369.96,369.95,369.95,369.952,5,3
1648659475,369.99,369.99,369.97,369.97,369.98,3,3
1648659480,369.99,370.01,369.96,369.97,369.992,133,46
1648659485,369.98,370.05,369.98,370.05,370.007,58,17
1648659490,370.06,370.07,369.99,370.0,370.042,46,31
1648659495,369.99,370.0,369.96,369.97,369.984,9,5
1648659500,369.97,370.01,369.97,370.0,369.99,22,15
1648659505,370.0,370.0,369.98,369.98,369.993,10,7
1648659510,369.96,370.01,369.96,370.0,369.978,8,6
1648659515,370.02,370.03,370.0,370.0,370.016,20,13
1648659520,370.0,370.02,369.99,370.0,370.006,17,12
1648659525,369.99,370.0,369.99,370.0,369.993,6,6
1648659530,369.98,370.0,369.95,369.95,369.978,16,12
1648659535,369.96,370.01,369.96,370.0,369.997,70,20
1648659540,370.03,370.05,370.02,370.05,370.03,45,17
1648659545,370.05,370.05,370.03,370.04,370.042,15,11
1648659550,370.0,370.01,369.97,369.97,369.989,71,33
1648659555,370.02,370.03,370.01,370.02,370.02,14,9
1648659560,370.02,370.02,369.99,369.99,370.003,29,15
1648659565,369.98,370.02,369.98,370.02,369.991,26,14
1648659570,370.02,370.02,370.0,370.01,370.007,44,26
1648659575,370.02,370.03,369.99,370.0,370.011,32,19
1648659580,370.0,370.0,369.97,369.99,369.985,22,9
1648659585,369.99,370.0,369.99,370.0,369.995,34,13
1648659590,369.99,370.01,369.99,370.0,370.005,63,28
1648659595,370.0,370.01,369.98,369.99,369.994,126,24
1648659600,369.95,370.02,369.95,369.97,369.981,90,24
1648659605,369.96,369.96,369.94,369.95,369.954,81,18
1648659610,369.94,370.03,369.94,370.02,369.997,53,18
1648659615,370.01,370.03,369.96,370.02,370.006,156,46
1648659620,370.01,370.01,369.94,369.95,369.967,441,94
1648659625,369.96,369.96,369.93,369.93,369.947,61,20
1648659630,369.92,369.94,369.87,369.87,369.902,212,78
1648659635,369.87,369.89,369.86,369.89,369.867,166,74
1648659640,369.88,369.89,369.8,369.85,369.841,146,55
1648659645,369.86,369.87,369.83,369.84,369.848,190,67
1648659650,369.83,369.92,369.83,369.91,369.866,65,36
1648659655,369.91,369.95,369.9,369.94,369.906,37,14
1648659660,369.93,369.93,369.85,369.85,369.888,15,11
1648659665,369.84,369.85,369.8,369.82,369.824,284,68
1648659670,369.81,369.82,369.73,369.74,369.786,98,31
1648659675,369.74,369.78,369.73,369.77,369.75,56,26
1648659680,369.77,369.78,369.73,369.78,369.758,62,35
1648659685,369.79,369.81,369.76,369.78,369.786,32,21
1648659690,369.77,369.78,369.7,369.74,369.735,82,34
1648659695,369.74,369.76,369.72,369.72,369.746,24,12
1648659700,369.72,369.76,369.72,369.74,369.739,35,16
1648659705,369.73,369.75,369.71,369.73,369.728,15,12
1648659710,369.73,369.77,369.72,369.77,369.736,60,25
1648659715,369.77,369.77,369.73,369.75,369.762,25,13
1648659720,369.75,369.77,369.73,369.74,369.752,34,28
1648659725,369.75,369.76,369.71,369.71,369.727,25,19
1648659730,369.73,369.75,369.73,369.73,369.732,39,14
1648659735,369.73,369.76,369.73,369.76,369.737,28,18
1648659740,369.77,369.79,369.74,369.74,369.766,94,34
1648659745,369.75,369.75,369.74,369.75,369.747,30,20
1648659750,369.74,369.74,369.69,369.7,369.705,103,39
1648659755,369.7,369.72,369.69,369.69,369.7,80,48
1648659760,369.69,369.77,369.68,369.76,369.715,108,48
1648659765,369.76,369.84,369.75,369.83,369.803,85,36
1648659770,369.83,369.86,369.82,369.83,369.836,134,51
1648659775,369.83,369.86,369.83,369.85,369.842,119,35
1648659780,369.86,369.93,369.86,369.89,369.89,105,31
1648659785,369.9,369.9,369.85,369.86,369.861,71,22
1648659790,369.85,369.91,369.85,369.91,369.865,68,15
1648659795,369.9,369.91,369.88,369.89,369.89,17,13
1648659800,369.88,369.89,369.82,369.82,369.858,24,8
1648659805,369.83,369.85,369.82,369.85,369.841,14,12
1648659810,369.87,369.9,369.86,369.9,369.864,93,28
1648659815,369.88,369.9,369.88,369.9,369.896,4,3
1648659820,369.89,369.89,369.88,369.88,369.885,2,2
1648659825,369.9,369.9,369.87,369.87,369.89,19,13
1648659830,369.87,369.89,369.86,369.89,369.872,12,8
1648659835,369.9,369.94,369.89,369.92,369.911,26,8
1648659840,369.92,369.94,369.92,369.93,369.928,7,5
1648659845,369.93,369.96,369.91,369.96,369.924,35,14
1648659850,369.96,369.96,369.91,369.91,369.939,13,12
1648659855,369.91,369.91,369.88,369.89,369.898,19,15
1648659860,369.89,369.89,369.89,369.89,369.89,0,0
1648659865,369.88,369.92,369.87,369.89,369.884,52,21
1648659870,369.89,369.89,369.89,369.89,369.89,2,2
1648659875,369.88,369.88,369.78,369.8,369.826,59,36
1648659880,369.81,369.83,369.8,369.81,369.81,21,14
1648659885,369.82,369.82,369.81,369.81,369.817,7,3
1648659890,369.8,369.8,369.77,369.77,369.786,36,20
1648659895,369.76,369.82,369.75,369.82,369.768,81,14
1648659900,369.81,369.87,369.8,369.87,369.84,12,12
1648659905,369.85,369.87,369.8,369.8,369.857,34,14
1648659910,369.79,369.79,369.69,369.69,369.703,184,55
1648659915,369.69,369.73,369.69,369.71,369.707,20,11
1648659920,369.7,369.72,369.68,369.71,369.704,78,33
1648659925,369.71,369.74,369.71,369.74,369.727,40,14
1648659930,369.73,369.73,369.7,369.72,369.715,59,20
1648659935,369.75,369.75,369.71,369.73,369.74,14,10
1648659940,369.71,369.74,369.7,369.7,369.71,7,7
1648659945,369.7,369.71,369.69,369.71,369.693,53,8
1648659950,369.72,369.73,369.7,369.72,369.712,29,15
1648659955,369.71,369.71,369.69,369.69,369.699,11,9
1648659960,369.69,369.7,369.66,369.67,369.671,58,21
1648659965,369.67,369.69,369.63,369.69,369.651,53,36
1648659970,369.7,369.71,369.67,369.68,369.691,14,7
1648659975,369.68,369.69,369.68,369.69,369.681,6,4
1648659980,369.7,369.7,369.64,369.65,369.657,76,39
1648659985,369.65,369.68,369.64,369.65,369.652,40,16
1648659990,369.66,369.66,369.62,369.63,369.633,13,6
1648659995,369.63,369.66,369.62,369.63,369.64,12,9
1648660000,369.62,369.63,369.56,369.58,369.583,62,36
1648660005,369.58,369.59,369.57,369.57,369.583,30,12
1648660010,369.58,369.59,369.56,369.56,369.569,50,25
1648660015,369.55,369.55,369.49,369.55,369.518,100,55
1648660020,369.51,369.52,369.48,369.52,369.495,41,29
1648660025,369.54,369.55,369.5,369.5,369.526,21,15
1648660030,369.51,369.51,369.46,369.48,369.485,116,59
1648660035,369.49,369.49,369.41,369.42,369.444,45,36
1648660040,369.42,369.45,369.41,369.43,369.43,108,50
1648660045,369.44,369.46,369.43,369.45,369.438,43,19
1648660050,369.46,369.52,369.45,369.51,369.473,63,27
1648660055,369.52,369.52,369.47,369.49,369.5,50,36
1648660060,369.5,369.52,369.5,369.51,369.511,12,8
1648660065,369.53,369.54,369.49,369.49,369.522,162,18
1648660070,369.49,369.5,369.47,369.5,369.492,38,26
1648660075,369.5,369.5,369.47,369.49,369.482,48,30
1648660080,369.5,369.53,369.5,369.53,369.512,28,19
1648660085,369.53,369.54,369.48,369.52,369.52,81,43
1648660090,369.53,369.54,369.52,369.52,369.528,5,4
1648660095,369.5,369.51,369.45,369.46,369.477,36,33
1648660100,369.44,369.44,369.42,369.43,369.435,35,27
1648660105,369.43,369.43,369.39,369.4,369.403,62,39
1648660110,369.4,369.42,369.37,369.42,369.404,185,90
1648660115,369.41,369.41,369.38,369.39,369.385,116,42
1648660120,369.38,369.42,369.37,369.42,369.396,111,69
1648660125,369.42,369.42,369.37,369.39,369.402,69,37
1648660130,369.39,369.4,369.38,369.39,369.394,30,5
1648660135,369.39,369.42,369.38,369.42,369.406,60,16
1648660140,369.41,369.5,369.41,369.49,369.469,150,57
1648660145,369.49,369.51,369.47,369.49,369.494,120,33
1648660150,369.48,369.49,369.45,369.45,369.468,42,18
1648660155,369.47,369.48,369.44,369.45,369.462,16,7
1648660160,369.44,369.45,369.37,369.37,369.421,25,22
1648660165,369.37,369.37,369.36,369.37,369.364,20,18
1648660170,369.36,369.39,369.36,369.38,369.38,142,24
1648660175,369.37,369.38,369.36,369.37,369.369,49,17
1648660180,369.37,369.38,369.36,369.36,369.37,33,12
1648660185,369.37,369.37,369.36,369.37,369.369,12,11
1648660190,369.35,369.35,369.32,369.34,369.339,141,47
1648660195,369.35,369.41,369.33,369.41,369.374,97,45
1648660200,369.43,369.46,369.42,369.42,369.439,44,35
1648660205,369.4,369.44,369.39,369.44,369.43,27,14
1648660210,369.44,369.47,369.43,369.46,369.457,75,33
1648660215,369.46,369.47,369.45,369.45,369.455,17,10
1648660220,369.44,369.49,369.44,369.47,369.463,35,29
1648660225,369.47,369.47,369.45,369.47,369.465,122,38
1648660230,369.46,369.49,369.45,369.48,369.479,48,18
1648660235,369.48,369.53,369.47,369.53,369.504,170,33
1648660240,369.52,369.53,369.49,369.53,369.502,77,39
1648660245,369.53,369.54,369.49,369.51,369.507,99,42
1648660250,369.5,369.55,369.5,369.53,369.521,27,18
1648660255,369.52,369.56,369.52,369.56,369.539,270,71
1648660260,369.54,369.55,369.49,369.5,369.533,81,46
1648660265,369.51,369.51,369.45,369.48,369.486,85,52
1648660270,369.46,369.5,369.44,369.48,369.467,104,53
1648660275,369.48,369.5,369.47,369.5,369.482,53,29
1648660280,369.51,369.55,369.51,369.55,369.539,12,9
1648660285,369.54,369.62,369.52,369.59,369.573,195,112
1648660290,369.6,369.65,369.6,369.62,369.629,67,39
1648660295,369.63,369.63,369.58,369.6,369.6,35,16
1648660300,369.61,369.61,369.52,369.53,369.55,50,18
1648660305,369.51,369.52,369.47,369.5,369.488,95,40
1648660310,369.5,369.51,369.48,369.49,369.487,11,2
1648660315,369.5,369.51,369.49,369.5,369.501,7,7
1648660320,369.47,369.47,369.38,369.42,369.422,76,36
1648660325,369.43,369.43,369.4,369.4,369.408,18,7
1648660330,369.39,369.46,369.37,369.46,369.414,34,20
1648660335,369.46,369.46,369.43,369.45,369.446,16,15
1648660340,369.46,369.49,369.45,369.47,369.468,19,13
1648660345,369.47,369.48,369.47,369.47,369.472,11,9
1648660350,369.47,369.47,369.35,369.35,369.408,124,62
1648660355,369.35,369.41,369.35,369.41,369.389,36,29
1648660360,369.4,369.42,369.39,369.4,369.401,14,12
1648660365,369.39,369.41,369.38,369.41,369.399,86,49
1648660370,369.38,369.43,369.37,369.43,369.396,15,12
1648660375,369.42,369.42,369.4,369.41,369.412,11,9
1648660380,369.4,369.43,369.39,369.41,369.42,21,18
1648660385,369.42,369.48,369.42,369.44,369.461,36,27
1648660390,369.46,369.46,369.45,369.45,369.457,5,5
1648660395,369.42,369.43,369.4,369.41,369.415,48,40
1648660400,369.4,369.45,369.38,369.44,369.413,54,31
1648660405,369.46,369.49,369.46,369.49,369.484,6,5
1648660410,369.49,369.51,369.49,369.49,369.5,38,30
1648660415,369.49,369.52,369.49,369.5,369.501,21,16
1648660420,369.52,369.53,369.49,369.52,369.509,236,81
1648660425,369.54,369.55,369.52,369.55,369.531,18,13
1648660430,369.53,369.53,369.53,369.53,369.53,3,3
1648660435,369.51,369.54,369.51,369.54,369.534,43,18
1648660440,369.55,369.57,369.55,369.57,369.559,33,24
1648660445,369.59,369.61,369.59,369.61,369.594,88,35
1648660450,369.59,369.76,369.59,369.75,369.673,114,70
1648660455,369.73,369.75,369.71,369.75,369.724,31,20
1648660460,369.75,369.76,369.72,369.76,369.746,89,31
1648660465,369.75,369.76,369.69,369.72,369.722,40,18
1648660470,369.73,369.8,369.72,369.79,369.763,111,24
1648660475,369.78,369.8,369.76,369.77,369.783,71,29
1648660480,369.77,369.79,369.76,369.79,369.778,74,31
1648660485,369.79,369.79,369.77,369.77,369.781,20,13
1648660490,369.76,369.78,369.76,369.78,369.774,3,3
1648660495,369.79,369.95,369.79,369.93,369.854,316,130
1648660500,369.93,369.97,369.91,369.96,369.944,57,27
1648660505,369.97,369.98,369.91,369.96,369.951,156,47
1648660510,369.94,369.94,369.78,369.8,369.861,156,60
1648660515,369.8,369.81,369.78,369.81,369.802,45,27
1648660520,369.77,369.78,369.75,369.76,369.764,130,30
1648660525,369.78,369.81,369.78,369.8,369.8,63,25
1648660530,369.81,369.82,369.78,369.79,369.801,16,15
1648660535,369.78,369.78,369.77,369.77,369.775,2,2
1648660540,369.76,369.78,369.76,369.77,369.768,21,12
1648660545,369.8,369.84,369.79,369.8,369.8,70,34
1648660550,369.8,369.8,369.74,369.74,369.775,68,20
1648660555,369.74,369.76,369.71,369.71,369.722,19,15
1648660560,369.71,369.72,369.65,369.65,369.68,36,23
1648660565,369.65,369.65,369.49,369.53,369.576,154,58
1648660570,369.51,369.57,369.5,369.57,369.533,9,7
1648660575,369.56,369.56,369.51,369.53,369.527,39,26
1648660580,369.54,369.59,369.54,369.55,369.557,84,46
1648660585,369.55,369.56,369.54,369.55,369.549,24,19
1648660590,369.56,369.59,369.55,369.55,369.58,35,20
1648660595,369.57,369.61,369.57,369.61,369.588,32,16
1648660600,369.6,369.6,369.55,369.55,369.573,22,16
1648660605,369.55,369.56,369.51,369.51,369.529,48,35
1648660610,369.52,369.52,369.44,369.44,369.483,114,83
1648660615,369.44,369.46,369.43,369.46,369.44,133,54
1648660620,369.46,369.48,369.44,369.45,369.468,46,25
1648660625,369.48,369.48,369.45,369.45,369.471,107,36
1648660630,369.46,369.46,369.44,369.46,369.453,27,8
1648660635,369.46,369.46,369.42,369.43,369.447,27,8
1648660640,369.42,369.46,369.41,369.43,369.439,36,28
1648660645,369.43,369.43,369.39,369.41,369.397,34,15
1648660650,369.39,369.4,369.35,369.36,369.382,18,15
1648660655,369.39,369.39,369.36,369.38,369.376,24,10
1648660660,369.37,369.47,369.37,369.47,369.418,108,39
1648660665,369.47,369.48,369.45,369.48,369.466,27,10
1648660670,369.47,369.48,369.44,369.44,369.465,10,8
1648660675,369.44,369.48,369.44,369.48,369.453,6,6
1648660680,369.48,369.49,369.45,369.45,369.47,9,7
1648660685,369.44,369.44,369.41,369.42,369.419,11,4
1648660690,369.41,369.41,369.34,369.35,369.372,63,31
1648660695,369.35,369.36,369.21,369.27,369.255,203,92
1648660700,369.26,369.31,369.25,369.31,369.28,25,22
1648660705,369.29,369.31,369.29,369.31,369.299,9,9
1648660710,369.27,369.28,369.23,369.24,369.243,86,28
1648660715,369.22,369.24,369.22,369.23,369.232,16,10
1648660720,369.23,369.26,369.23,369.26,369.239,18,8
1648660725,369.26,369.27,369.21,369.22,369.249,22,17
1648660730,369.22,369.23,369.14,369.17,369.171,45,20
1648660735,369.17,369.28,369.14,369.25,369.176,327,89
1648660740,369.25,369.26,369.22,369.23,369.231,164,22
1648660745,369.23,369.26,369.22,369.25,369.233,13,12
1648660750,369.27,369.3,369.27,369.29,369.284,24,16
1648660755,369.3,369.33,369.28,369.3,369.295,54,24
1648660760,369.3,369.32,369.29,369.29,369.3,132,32
1648660765,369.3,369.39,369.29,369.36,369.351,37,24
1648660770,369.38,369.4,369.33,369.35,369.381,148,26
1648660775,369.35,369.35,369.33,369.34,369.332,11,10
1648660780,369.33,369.37,369.32,369.36,369.342,10,7
1648660785,369.36,369.37,369.36,369.36,369.361,16,13
1648660790,369.33,369.33,369.29,369.33,369.307,54,28
1648660795,369.34,369.35,369.32,369.32,369.344,156,33
1648660800,369.3,369.3,369.25,369.29,369.285,34,31
1648660805,369.28,369.29,369.19,369.19,369.222,53,36
1648660810,369.18,369.18,369.11,369.12,369.146,45,35
1648660815,369.13,369.14,369.1,369.1,369.11,422,105
1648660820,369.09,369.1,369.07,369.09,369.095,131,77
1648660825,369.08,369.08,369.03,369.05,369.065,25,17
1648660830,369.05,369.06,369.01,369.05,369.04,24,16
1648660835,369.06,369.1,369.06,369.09,369.086,43,18
1648660840,369.08,369.15,369.08,369.13,369.106,76,37
1648660845,369.13,369.17,369.13,369.17,369.161,14,11
1648660850,369.16,369.17,369.13,369.13,369.147,16,6
1648660855,369.14,369.17,369.12,369.15,369.147,4,4
1648660860,369.14,369.14,369.09,369.12,369.115,27,19
1648660865,369.1,369.16,369.08,369.15,369.107,29,21
1648660870,369.16,369.16,369.11,369.11,369.134,50,16
1648660875,369.13,369.13,369.11,369.13,369.127,32,7
1648660880,369.13,369.13,369.02,369.02,369.043,70,25
1648660885,369.03,369.03,368.99,369.0,369.007,69,33
1648660890,369.0,369.02,368.96,369.01,368.987,103,55
1648660895,368.99,368.99,368.94,368.94,368.973,51,21
1648660900,368.94,368.96,368.9,368.92,368.926,74,33
1648660905,368.91,368.95,368.88,368.93,368.927,118,56
1648660910,368.91,368.92,368.89,368.92,368.907,17,10
1648660915,368.89,368.93,368.89,368.91,368.907,12,10
1648660920,368.92,368.95,368.92,368.95,368.941,35,21
1648660925,368.94,368.96,368.92,368.92,368.935,55,39
1648660930,368.94,368.95,368.94,368.94,368.942,10,6
1648660935,368.95,368.96,368.93,368.94,368.945,82,34
1648660940,368.94,368.94,368.91,368.92,368.927,12,11
1648660945,368.94,368.95,368.93,368.95,368.941,5,5
1648660950,368.96,369.04,368.96,369.03,368.999,153,61
1648660955,369.03,369.04,369.01,369.02,369.017,35,20
1648660960,369.01,369.05,369.01,369.05,369.034,7,7
1648660965,369.01,369.01,368.96,368.96,368.981,9,8
1648660970,368.95,368.96,368.93,368.93,368.942,25,20
1648660975,368.92,368.97,368.92,368.97,368.924,111,12
1648660980,368.99,368.99,368.95,368.97,368.968,38,16
1648660985,369.0,369.01,368.98,369.0,369.006,39,18
1648660990,369.01,369.06,369.01,369.06,369.053,23,14
1648660995,369.07,369.09,369.06,369.08,369.078,80,23
1648661000,369.09,369.13,369.08,369.12,369.108,30,19
1648661005,369.13,369.23,369.12,369.22,369.165,195,78
1648661010,369.23,369.25,369.17,369.18,369.201,35,16
1648661015,369.18,369.22,369.17,369.2,369.203,35,24
1648661020,369.21,369.22,369.2,369.22,369.209,26,8
1648661025,369.2,369.22,369.19,369.22,369.209,114,13
1648661030,369.23,369.28,369.22,369.26,369.239,78,27
1648661035,369.22,369.26,369.2,369.22,369.221,76,37
1648661040,369.23,369.28,369.23,369.25,369.258,208,77
1648661045,369.26,369.27,369.24,369.26,369.251,54,27
1648661050,369.27,369.31,369.26,369.27,369.27,46,14
1648661055,369.27,369.28,369.24,369.26,369.259,62,16
1648661060,369.26,369.29,369.25,369.27,369.269,68,14
1648661065,369.28,369.28,369.24,369.25,369.253,75,27
1648661070,369.24,369.26,369.24,369.25,369.252,7,3
1648661075,369.27,369.27,369.23,369.24,369.256,17,6
1648661080,369.21,369.21,369.18,369.21,369.193,244,53
1648661085,369.2,369.26,369.18,369.18,369.209,38,27
1648661090,369.19,369.22,369.18,369.18,369.196,25,10
1648661095,369.18,369.23,369.18,369.21,369.203,59,16
1648661100,369.21,369.21,369.18,369.19,369.201,12,11
1648661105,369.17,369.18,369.13,369.13,369.142,169,60
1648661110,369.12,369.12,369.04,369.04,369.08,67,52
1648661115,369.03,369.05,369.0,369.04,369.024,51,42
1648661120,369.03,369.04,369.01,369.03,369.024,172,52
1648661125,369.02,369.06,369.01,369.04,369.045,59,24
1648661130,369.04,369.04,368.99,368.99,369.016,78,25
1648661135,368.98,369.0,368.98,369.0,368.991,28,15
1648661140,368.96,368.98,368.95,368.98,368.957,40,24
1648661145,368.98,369.07,368.97,369.05,369.014,182,55
1648661150,369.05,369.06,369.04,369.05,369.051,13,10
1648661155,369.05,369.06,369.05,369.05,369.05,2,2
1648661160,369.05,369.05,369.01,369.01,369.049,101,28
1648661165,369.02,369.02,368.95,368.97,368.984,13,10
1648661170,368.97,368.97,368.93,368.96,368.956,154,48
1648661175,368.95,369.02,368.94,369.01,368.963,30,15
1648661180,368.99,369.03,368.99,369.02,369.009,89,22
1648661185,369.02,369.08,369.02,369.06,369.058,171,77
1648661190,369.07,369.14,369.06,369.13,369.117,70,28
1648661195,369.15,369.15,369.14,369.14,369.144,14,7
1648661200,369.15,369.15,369.1,369.1,369.135,157,23
1648661205,369.09,369.13,369.08,369.13,369.102,6,5
1648661210,369.12,369.15,369.09,369.1,369.112,49,25
1648661215,369.09,369.11,369.08,369.08,369.081,65,34
1648661220,369.1,369.12,369.07,369.08,369.093,20,12
1648661225,369.03,369.05,369.03,369.05,369.038,10,10
1648661230,369.06,369.06,369.03,369.06,369.042,121,25
1648661235,369.06,369.07,369.03,369.04,369.053,12,10
1648661240,369.06,369.08,369.06,369.07,369.068,7,6
1648661245,369.06,369.13,369.05,369.12,369.098,144,29
1648661250,369.12,369.14,369.12,369.14,369.132,24,21
1648661255,369.14,369.14,369.1,369.11,369.117,13,11
1648661260,369.15,369.15,369.13,369.14,369.145,18,9
1648661265,369.13,369.18,369.13,369.18,369.156,18,11
1648661270,369.19,369.2,369.17,369.2,369.181,15,6
1648661275,369.2,369.21,369.18,369.18,369.192,17,15
1648661280,369.19,369.21,369.18,369.18,369.195,40,33
1648661285,369.19,369.19,369.14,369.14,369.159,39,19
1648661290,369.13,369.13,369.07,369.07,369.114,218,77
1648661295,369.07,369.08,369.05,369.08,369.065,9,5
1648661300,369.07,369.1,369.06,369.09,369.082,17,10
1648661305,369.08,369.1,369.04,369.06,369.079,111,9
1648661310,369.05,369.07,369.05,369.07,369.06,15,5
1648661315,369.06,369.12,369.06,369.12,369.089,56,28
1648661320,369.13,369.14,369.11,369.14,369.129,6,4
1648661325,369.15,369.17,369.15,369.17,369.163,24,22
1648661330,369.15,369.17,369.11,369.12,369.155,36,26
1648661335,369.13,369.13,369.1,369.12,369.114,8,7
1648661340,369.13,369.13,369.09,369.09,369.108,56,28
1648661345,369.07,369.1,369.07,369.1,369.085,14,13
1648661350,369.08,369.09,369.05,369.09,369.071,23,20
1648661355,369.1,369.1,369.05,369.08,369.067,33,23
1648661360,369.07,369.08,369.04,369.04,369.045,21,6
1648661365,369.07,369.07,369.04,369.04,369.053,6,5
1648661370,369.03,369.1,369.03,369.09,369.092,107,23
1648661375,369.09,369.1,369.08,369.1,369.092,9,6
1648661380,369.1,369.1,369.07,369.09,369.09,3,3
1648661385,369.09,369.1,369.07,369.08,369.081,114,27
1648661390,369.08,369.12,369.08,369.12,369.103,6,5
1648661395,369.13,369.14,369.11,369.12,369.135,68,15
1648661400,369.1,369.12,369.05,369.12,369.093,43,24
1648661405,369.14,369.14,369.1,369.13,369.129,16,11
1648661410,369.12,369.31,369.12,369.3,369.2,94,47
1648661415,369.31,369.34,369.29,369.31,369.319,263,81
1648661420,369.29,369.29,369.14,369.16,369.18,102,57
1648661425,369.16,369.16,369.1,369.11,369.131,33,22
1648661430,369.09,369.14,369.09,369.14,369.102,135,38
1648661435,369.18,369.21,369.14,369.15,369.189,49,24
1648661440,369.14,369.16,369.14,369.15,369.147,26,11
1648661445,369.15,369.17,369.13,369.13,369.162,90,32
1648661450,369.14,369.16,369.12,369.13,369.14,14,10
1648661455,369.13,369.17,369.12,369.17,369.159,41,22
1648661460,369.17,369.18,369.15,369.17,369.166,38,30
1648661465,369.16,369.16,369.11,369.12,369.131,42,18
1648661470,369.13,369.13,369.1,369.12,369.108,73,19
1648661475,369.11,369.11,369.06,369.07,369.069,37,29
1648661480,369.06,369.07,369.05,369.06,369.056,31,23
1648661485,369.07,369.14,369.07,369.14,369.099,88,46
1648661490,369.14,369.19,369.12,369.17,369.165,35,30
1648661495,369.17,369.18,369.16,369.17,369.178,29,24
1648661500,369.17,369.19,369.16,369.18,369.171,27,27
1648661505,369.23,369.25,369.23,369.24,369.238,61,31
1648661510,369.26,369.27,369.17,369.17,369.21,77,49
1648661515,369.18,369.21,369.18,369.21,369.189,22,15
1648661520,369.22,369.22,369.13,369.15,369.193,32,19
1648661525,369.16,369.16,369.13,369.14,369.153,11,7
1648661530,369.14,369.14,369.14,369.14,369.14,5,5
1648661535,369.12,369.14,369.1,369.11,369.117,35,17
1648661540,369.13,369.22,369.11,369.2,369.175,42,27
1648661545,369.19,369.27,369.19,369.26,369.245,17,12
1648661550,369.26,369.28,369.24,369.27,369.263,44,26
1648661555,369.26,369.27,369.23,369.25,369.25,73,18
1648661560,369.25,369.26,369.23,369.23,369.244,17,8
1648661565,369.24,369.26,369.23,369.23,369.247,14,13
1648661570,369.24,369.29,369.23,369.27,369.279,121,39
1648661575,369.27,369.28,369.22,369.24,369.248,30,9
1648661580,369.24,369.35,369.24,369.34,369.322,60,35
1648661585,369.34,369.34,369.31,369.31,369.33,31,20
1648661590,369.31,369.33,369.29,369.33,369.303,133,43
1648661595,369.32,369.36,369.32,369.34,369.348,96,32
1648661600,369.34,369.45,369.34,369.44,369.377,96,59
1648661605,369.43,369.44,369.36,369.4,369.39,88,53
1648661610,369.39,369.4,369.36,369.39,369.375,44,28
1648661615,369.4,369.44,369.39,369.42,369.423,146,39
1648661620,369.41,369.46,369.41,369.44,369.444,34,20
1648661625,369.42,369.44,369.38,369.42,369.407,86,51
1648661630,369.42,369.46,369.39,369.39,369.433,141,22
1648661635,369.39,369.41,369.37,369.4,369.391,140,46
1648661640,369.4,369.4,369.32,369.32,369.374,47,27
1648661645,369.33,369.33,369.24,369.26,369.307,184,92
1648661650,369.25,369.34,369.25,369.34,369.275,49,40
1648661655,369.33,369.33,369.29,369.31,369.316,33,26
1648661660,369.34,369.34,369.29,369.31,369.308,21,19
1648661665,369.32,369.36,369.32,369.36,369.343,20,17
1648661670,369.35,369.36,369.27,369.3,369.329,164,34
1648661675,369.28,369.29,369.28,369.28,369.284,28,9
1648661680,369.29,369.29,369.26,369.27,369.272,63,31
1648661685,369.28,369.3,369.28,369.28,369.291,49,33
1648661690,369.29,369.3,369.27,369.27,369.291,151,40
1648661695,369.28,369.28,369.22,369.22,369.26,35,24
1648661700,369.24,369.25,369.15,369.17,369.187,87,73
1648661705,369.17,369.17,369.11,369.12,369.149,57,24
1648661710,369.12,369.24,369.11,369.21,369.169,246,103
1648661715,369.21,369.25,369.21,369.22,369.234,24,19
1648661720,369.22,369.24,369.22,369.24,369.231,7,4
1648661725,369.25,369.27,369.22,369.27,369.253,22,11
1648661730,369.3,369.37,369.3,369.34,369.345,61,45
1648661735,369.34,369.36,369.34,369.35,369.345,23,12
1648661740,369.35,369.47,369.34,369.43,369.385,178,45
1648661745,369.43,369.44,369.35,369.42,369.381,55,31
1648661750,369.43,369.45,369.38,369.39,369.419,35,17
1648661755,369.38,369.4,369.35,369.36,369.373,28,21
1648661760,369.36,369.38,369.3,369.32,369.34,111,46
1648661765,369.33,369.37,369.32,369.37,369.338,28,24
1648661770,369.36,369.37,369.31,369.33,369.338,23,23
1648661775,369.32,369.34,369.31,369.34,369.335,166,36
1648661780,369.33,369.36,369.3,369.35,369.339,53,37
1648661785,369.33,369.33,369.27,369.3,369.279,39,19
1648661790,369.28,369.28,369.27,369.27,369.275,4,3
1648661795,369.26,369.29,369.22,369.24,369.269,185,59
1648661800,369.24,369.27,369.24,369.25,369.261,21,11
1648661805,369.24,369.26,369.23,369.23,369.246,17,7
1648661810,369.23,369.23,369.21,369.21,369.22,7,6
1648661815,369.23,369.25,369.21,369.24,369.233,27,15
1648661820,369.24,369.24,369.15,369.2,369.19,215,112
1648661825,369.2,369.24,369.18,369.22,369.21,30,22
1648661830,369.24,369.27,369.18,369.18,369.245,71,38
1648661835,369.18,369.21,369.17,369.17,369.184,33,23
1648661840,369.18,369.19,369.16,369.18,369.172,121,63
1648661845,369.16,369.19,369.16,369.19,369.175,5,5
1648661850,369.17,369.19,369.17,369.18,369.175,5,4
1648661855,369.17,369.19,369.16,369.18,369.17,28,15
1648661860,369.18,369.18,369.12,369.17,369.146,49,30
1648661865,369.18,369.21,369.18,369.21,369.204,9,2
1648661870,369.21,369.26,369.21,369.22,369.225,64,32
1648661875,369.21,369.23,369.21,369.23,369.216,9,5
1648661880,369.24,369.25,369.22,369.22,369.231,22,19
1648661885,369.25,369.25,369.2,369.2,369.237,42,17
1648661890,369.2,369.21,369.18,369.21,369.191,42,24
1648661895,369.18,369.19,369.14,369.19,369.161,92,43
1648661900,369.19,369.2,369.15,369.16,369.182,47,14
1648661905,369.16,369.22,369.16,369.21,369.204,58,31
1648661910,369.22,369.23,369.2,369.2,369.215,19,19
1648661915,369.18,369.19,369.16,369.16,369.176,12,12
1648661920,369.16,369.18,369.15,369.18,369.159,18,9
1648661925,369.18,369.19,369.17,369.19,369.181,11,11
1648661930,369.18,369.19,369.18,369.18,369.185,8,6
1648661935,369.19,369.19,369.1,369.1,369.139,117,68
1648661940,369.1,369.1,369.0,369.02,369.025,246,112
1648661945,369.02,369.11,369.0,369.11,369.054,98,57
1648661950,369.1,369.14,369.06,369.11,369.103,111,66
1648661955,369.06,369.32,369.06,369.2,369.172,1275,562
1648661960,369.21,369.24,369.16,369.22,369.207,59,31
1648661965,369.22,369.27,369.21,369.22,369.244,94,33
1648661970,369.21,369.21,369.04,369.06,369.15,99,44
1648661975,369.06,369.07,369.03,369.05,369.048,57,28
1648661980,369.05,369.1,369.05,369.09,369.083,28,18
1648661985,369.08,369.09,369.04,369.05,369.069,16,15
1648661990,369.04,369.06,369.02,369.02,369.035,36,23
1648661995,369.01,369.02,368.97,368.98,368.993,64,28
1648662000,368.97,368.97,368.84,368.88,368.92,214,112
1648662005,368.87,368.88,368.85,368.85,368.864,51,34
1648662010,368.85,368.94,368.84,368.91,368.911,160,39
1648662015,368.91,368.99,368.89,368.99,368.924,79,39
1648662020,368.99,369.02,368.97,368.97,368.996,42,26
1648662025,368.97,369.0,368.95,368.98,368.983,31,18
1648662030,368.98,369.0,368.93,368.94,368.97,65,19
1648662035,368.93,368.93,368.88,368.88,368.924,117,33
1648662040,368.88,368.91,368.86,368.88,368.896,120,34
1648662045,368.88,368.9,368.88,368.88,368.886,18,17
1648662050,368.91,368.96,368.9,368.9,368.932,56,27
1648662055,368.88,368.9,368.87,368.89,368.884,82,36
1648662060,368.88,368.88,368.75,368.78,368.831,139,82
1648662065,368.77,368.85,368.76,368.83,368.814,131,47
1648662070,368.83,368.84,368.78,368.78,368.815,94,59
1648662075,368.78,368.81,368.77,368.81,368.791,31,26
1648662080,368.82,368.87,368.81,368.85,368.839,113,28
1648662085,368.85,368.86,368.82,368.84,368.848,23,14
1648662090,368.84,368.87,368.83,368.87,368.852,129,24
1648662095,368.84,368.9,368.84,368.86,368.88,31,25
1648662100,368.87,368.9,368.87,368.89,368.89,18,15
1648662105,368.84,368.84,368.8,368.81,368.815,24,7
1648662110,368.83,368.93,368.82,368.93,368.869,39,18
1648662115,368.9,368.94,368.89,368.93,368.912,62,39
1648662120,368.95,369.03,368.95,369.02,368.989,69,55
1648662125,369.03,369.04,369.01,369.02,369.028,139,26
1648662130,369.02,369.03,368.94,368.94,368.992,34,24
1648662135,368.94,368.95,368.94,368.95,368.945,6,5
1648662140,368.96,368.96,368.89,368.9,368.937,123,31
1648662145,368.89,368.92,368.88,368.88,368.893,47,29
1648662150,368.87,368.87,368.81,368.83,368.836,29,19
1648662155,368.84,368.88,368.84,368.87,368.873,72,21
1648662160,368.86,368.87,368.84,368.85,368.865,30,16
1648662165,368.84,368.88,368.83,368.87,368.855,14,11
1648662170,368.84,368.87,368.84,368.87,368.853,10,8
1648662175,368.9,368.92,368.88,368.89,368.91,18,13
1648662180,368.91,368.97,368.91,368.96,368.932,52,37
1648662185,368.97,368.97,368.94,368.95,368.957,23,14
1648662190,368.96,369.06,368.96,369.03,369.036,86,46
1648662195,369.02,369.03,368.99,368.99,369.012,86,40
1648662200,369.01,369.01,368.98,369.0,368.999,41,8
1648662205,369.02,369.07,369.02,369.07,369.05,32,23
1648662210,369.07,369.08,369.04,369.08,369.054,147,33
1648662215,369.06,369.07,369.03,369.06,369.054,68,28
1648662220,369.06,369.06,369.04,369.04,369.048,12,12
1648662225,369.04,369.04,369.0,369.02,369.019,80,31
1648662230,369.01,369.03,369.01,369.03,369.024,38,9
1648662235,369.04,369.05,369.03,369.03,369.034,13,8
1648662240,369.03,369.08,369.0,369.0,369.038,84,39
1648662245,369.0,369.03,368.97,368.98,369.001,34,19
1648662250,368.97,368.97,368.9,368.92,368.935,92,58
1648662255,368.92,368.94,368.92,368.93,368.929,14,6
1648662260,368.94,368.94,368.88,368.91,368.895,121,44
1648662265,368.92,368.92,368.86,368.86,368.878,54,17
1648662270,368.86,368.93,368.84,368.93,368.888,49,15
1648662275,368.92,368.97,368.91,368.97,368.945,60,27
1648662280,368.94,368.95,368.89,368.9,368.915,191,64
1648662285,368.9,368.9,368.86,368.9,368.88,19,12
1648662290,368.88,368.89,368.87,368.88,368.88,17,8
1648662295,368.89,368.93,368.86,368.86,368.883,139,59
1648662300,368.86,368.86,368.76,368.81,368.794,76,61
1648662305,368.81,368.81,368.77,368.78,368.79,26,14
1648662310,368.78,368.78,368.66,368.68,368.723,465,160
1648662315,368.68,368.71,368.65,368.69,368.682,110,55
1648662320,368.67,368.69,368.67,368.68,368.684,26,7
1648662325,368.68,368.68,368.65,368.66,368.665,77,33
1648662330,368.64,368.69,368.64,368.67,368.674,156,49
1648662335,368.65,368.65,368.6,368.63,368.619,46,32
1648662340,368.62,368.71,368.62,368.7,368.654,111,45
1648662345,368.69,368.74,368.67,368.74,368.681,43,31
1648662350,368.72,368.77,368.72,368.76,368.749,41,23
1648662355,368.75,368.76,368.75,368.75,368.755,20,9
1648662360,368.75,368.78,368.73,368.78,368.752,64,33
1648662365,368.79,368.83,368.76,368.76,368.791,41,19
1648662370,368.75,368.75,368.72,368.75,368.73,57,24
1648662375,368.77,368.86,368.77,368.85,368.834,47,31
1648662380,368.85,368.91,368.82,368.89,368.878,132,52
1648662385,368.88,368.91,368.85,368.9,368.889,162,58
1648662390,368.88,368.89,368.87,368.88,368.88,8,8
1648662395,368.87,368.87,368.79,368.8,368.835,48,26
1648662400,368.8,368.89,368.8,368.86,368.872,148,66
1648662405,368.87,368.87,368.79,368.8,368.838,53,24
1648662410,368.79,368.81,368.76,368.77,368.786,14,14
1648662415,368.77,368.78,368.66,368.67,368.71,61,49
1648662420,368.66,368.69,368.64,368.65,368.654,132,34
1648662425,368.64,368.68,368.64,368.68,368.65,106,28
1648662430,368.67,368.67,368.62,368.63,368.642,18,10
1648662435,368.63,368.63,368.59,368.62,368.609,166,39
1648662440,368.62,368.69,368.62,368.68,368.68,120,46
1648662445,368.68,368.73,368.68,368.72,368.708,78,41
1648662450,368.72,368.74,368.72,368.72,368.728,13,12
1648662455,368.71,368.72,368.7,368.71,368.713,15,10
1648662460,368.72,368.72,368.64,368.64,368.685,18,13
1648662465,368.65,368.67,368.62,368.66,368.643,17,16
1648662470,368.67,368.68,368.63,368.64,368.661,39,14
1648662475,368.66,368.7,368.65,368.68,368.679,116,27
1648662480,368.69,368.74,368.69,368.7,368.721,34,21
1648662485,368.7,368.71,368.69,368.69,368.693,13,6
1648662490,368.69,368.72,368.66,368.72,368.687,17,10
1648662495,368.73,368.74,368.72,368.74,368.733,60,19
1648662500,368.74,368.78,368.73,368.78,368.756,28,14
1648662505,368.78,368.78,368.77,368.78,368.774,46,21
1648662510,368.77,368.78,368.77,368.78,368.779,12,8
1648662515,368.8,368.82,368.71,368.77,368.769,104,48
1648662520,368.77,368.79,368.75,368.77,368.768,18,14
1648662525,368.75,368.76,368.71,368.72,368.733,73,16
1648662530,368.73,368.73,368.72,368.73,368.725,3,3
1648662535,368.73,368.78,368.73,368.77,368.765,21,6
1648662540,368.77,368.83,368.76,368.83,368.795,119,47
1648662545,368.84,368.88,368.81,368.88,368.836,48,18
1648662550,368.87,368.91,368.86,368.87,368.879,175,61
1648662555,368.88,368.9,368.81,368.83,368.867,66,28
1648662560,368.82,368.82,368.78,368.79,368.809,51,26
1648662565,368.8,368.9,368.8,368.9,368.866,16,16
1648662570,368.89,368.89,368.82,368.85,368.845,106,30
1648662575,368.84,368.9,368.84,368.89,368.881,33,18
1648662580,368.9,369.01,368.89,368.97,368.979,107,65
1648662585,368.98,368.99,368.92,368.96,368.941,96,37
1648662590,368.96,368.96,368.94,368.95,368.945,21,8
1648662595,368.94,368.98,368.93,368.96,368.971,42,22
1648662600,368.95,368.98,368.93,368.97,368.953,74,34
1648662605,368.98,369.01,368.93,368.96,368.967,130,38
1648662610,368.97,369.06,368.97,369.06,369.028,217,67
1648662615,369.05,369.05,368.98,368.99,369.031,35,12
1648662620,369.0,369.04,368.99,368.99,369.02,52,19
1648662625,369.02,369.03,369.0,369.02,369.011,34,16
1648662630,369.04,369.04,368.98,368.98,369.034,60,30
1648662635,368.98,369.0,368.96,369.0,368.981,306,21
1648662640,368.99,369.05,368.97,368.98,369.007,67,45
1648662645,368.97,368.99,368.97,368.99,368.984,4,3
1648662650,368.98,369.05,368.98,369.0,369.012,54,23
1648662655,368.98,368.99,368.97,368.98,368.974,40,13
1648662660,368.98,368.98,368.95,368.96,368.965,12,10
1648662665,368.92,368.93,368.89,368.93,368.908,40,27
1648662670,368.92,368.96,368.92,368.94,368.937,42,22
1648662675,368.94,368.95,368.87,368.87,368.927,36,17
1648662680,368.89,368.9,368.88,368.89,368.892,40,11
1648662685,368.9,368.96,368.89,368.95,368.923,46,24
1648662690,368.94,369.0,368.94,369.0,368.972,28,11
1648662695,369.0,369.03,369.0,369.03,369.012,16,11
1648662700,369.01,369.03,369.0,369.01,369.014,54,16
1648662705,369.0,369.0,368.99,368.99,368.998,19,7
1648662710,368.98,368.98,368.94,368.95,368.948,14,6
1648662715,368.95,368.95,368.95,368.95,368.95,0,0
1648662720,368.91,368.93,368.79,368.8,368.88,100,44
1648662725,368.8,368.82,368.78,368.82,368.787,73,27
1648662730,368.78,368.78,368.76,368.78,368.769,11,8
1648662735,368.77,368.83,368.77,368.81,368.819,13,8
1648662740,368.88,368.93,368.88,368.93,368.917,23,10
1648662745,368.91,368.92,368.86,368.87,368.897,21,12
1648662750,368.87,368.88,368.86,368.88,368.867,3,3
1648662755,368.88,368.89,368.88,368.88,368.882,5,4
1648662760,368.86,368.86,368.83,368.83,368.841,7,6
1648662765,368.83,368.85,368.83,368.84,368.836,56,18
1648662770,368.83,368.83,368.77,368.77,368.794,31,14
1648662775,368.76,368.78,368.76,368.77,368.771,10,8
1648662780,368.8,368.8,368.72,368.72,368.763,23,11
1648662785,368.72,368.79,368.71,368.77,368.737,74,41
1648662790,368.76,368.82,368.75,368.81,368.779,22,15
1648662795,368.8,368.81,368.74,368.77,368.769,20,13
1648662800,368.78,368.78,368.78,368.78,368.78,5,2
1648662805,368.8,368.85,368.79,368.85,368.803,40,11
1648662810,368.86,368.86,368.83,368.86,368.846,30,9
1648662815,368.83,368.83,368.81,368.81,368.819,39,16
1648662820,368.85,368.85,368.82,368.82,368.824,7,4
1648662825,368.82,368.84,368.81,368.84,368.824,44,19
1648662830,368.83,368.84,368.78,368.78,368.792,5,4
1648662835,368.77,368.77,368.75,368.75,368.76,2,2
1648662840,368.77,368.8,368.74,368.77,368.783,22,12
1648662845,368.77,368.8,368.72,368.8,368.763,6,5
1648662850,368.79,368.79,368.77,368.77,368.777,101,23
1648662855,368.81,368.82,368.81,368.82,368.813,4,4
1648662860,368.82,368.85,368.82,368.83,368.842,22,6
1648662865,368.87,368.87,368.76,368.78,368.809,55,23
1648662870,368.79,368.79,368.75,368.78,368.779,17,13
1648662875,368.8,368.82,368.74,368.74,368.796,8,8
1648662880,368.74,368.77,368.74,368.76,368.761,126,28
1648662885,368.77,368.78,368.76,368.78,368.771,9,7
1648662890,368.79,368.83,368.79,368.83,368.818,11,5
1648662895,368.83,368.84,368.82,368.84,368.836,38,14
1648662900,368.8,368.84,368.77,368.84,368.822,32,17
1648662905,368.82,368.93,368.82,368.88,368.886,56,30
1648662910,368.89,368.89,368.81,368.82,368.846,32,20
1648662915,368.82,368.82,368.8,368.82,368.815,4,4
1648662920,368.82,368.92,368.82,368.88,368.879,202,92
1648662925,368.88,368.9,368.87,368.87,368.887,16,9
1648662930,368.84,368.85,368.81,368.84,368.832,15,10
1648662935,368.86,368.9,368.83,368.87,368.864,42,16
1648662940,368.89,368.89,368.89,368.89,368.89,4,3
1648662945,368.88,368.88,368.86,368.87,368.868,11,7
1648662950,368.81,368.81,368.74,368.74,368.791,62,25
1648662955,368.77,368.79,368.74,368.78,368.778,61,25
1648662960,368.74,368.74,368.66,368.67,368.69,199,93
1648662965,368.67,368.79,368.67,368.77,368.717,64,33
1648662970,368.75,368.78,368.74,368.76,368.761,59,34
1648662975,368.71,368.71,368.66,368.71,368.687,69,31
1648662980,368.68,368.72,368.68,368.71,368.699,74,36
1648662985,368.71,368.71,368.67,368.7,368.691,13,10
1648662990,368.68,368.7,368.66,368.68,368.676,54,28
1648662995,368.69,368.69,368.64,368.64,368.663,30,19
1648663000,368.65,368.7,368.64,368.66,368.672,139,40
1648663005,368.66,368.67,368.65,368.65,368.657,8,8
1648663010,368.65,368.69,368.65,368.68,368.655,136,55
1648663015,368.68,368.69,368.68,368.69,368.683,9,5
1648663020,368.67,368.69,368.67,368.68,368.683,42,17
1648663025,368.69,368.69,368.66,368.69,368.684,43,12
1648663030,368.69,368.7,368.68,368.69,368.686,40,18
1648663035,368.68,368.69,368.66,368.66,368.67,59,14
1648663040,368.66,368.66,368.62,368.65,368.649,43,17
1648663045,368.64,368.65,368.63,368.63,368.641,23,9
1648663050,368.63,368.65,368.62,368.64,368.636,89,21
1648663055,368.63,368.64,368.6,368.6,368.628,27,6
1648663060,368.61,368.61,368.55,368.57,368.58,150,71
1648663065,368.56,368.57,368.56,368.57,368.566,16,8
1648663070,368.52,368.56,368.49,368.5,368.519,160,76
1648663075,368.5,368.54,368.5,368.53,368.521,172,32
1648663080,368.5,368.52,368.49,368.5,368.507,164,63
1648663085,368.5,368.51,368.43,368.46,368.479,125,61
1648663090,368.45,368.46,368.42,368.44,368.438,140,48
1648663095,368.42,368.43,368.38,368.38,368.389,133,45
1648663100,368.38,368.46,368.38,368.46,368.417,27,25
1648663105,368.47,368.52,368.47,368.51,368.493,79,57
1648663110,368.5,368.57,368.5,368.57,368.511,214,71
1648663115,368.57,368.65,368.56,368.63,368.608,83,47
1648663120,368.63,368.67,368.6,368.62,368.648,130,29
1648663125,368.61,368.61,368.5,368.5,368.532,61,29
1648663130,368.45,368.46,368.26,368.33,368.333,196,107
1648663135,368.31,368.34,368.27,368.34,368.296,147,51
1648663140,368.35,368.5,368.35,368.42,368.446,148,68
1648663145,368.43,368.45,368.36,368.38,368.406,240,42
1648663150,368.39,368.43,368.36,368.4,368.377,102,13
1648663155,368.38,368.4,368.36,368.39,368.387,43,27
1648663160,368.4,368.42,368.37,368.4,368.404,197,39
1648663165,368.39,368.4,368.33,368.33,368.375,25,13
1648663170,368.33,368.37,368.32,368.37,368.342,33,18
1648663175,368.38,368.41,368.37,368.4,368.393,75,17
1648663180,368.39,368.44,368.39,368.4,368.407,38,21
1648663185,368.4,368.42,368.39,368.4,368.411,23,9
1648663190,368.41,368.46,368.4,368.4,368.432,53,38
1648663195,368.4,368.41,368.39,368.41,368.402,90,13
1648663200,368.39,368.39,368.3,368.39,368.332,137,68
1648663205,368.37,368.44,368.37,368.42,368.405,207,60
1648663210,368.43,368.44,368.36,368.37,368.402,135,46
1648663215,368.37,368.41,368.36,368.4,368.386,16,11
1648663220,368.4,368.52,368.37,368.5,368.483,219,83
1648663225,368.49,368.55,368.49,368.52,368.52,280,75
1648663230,368.51,368.6,368.51,368.6,368.531,80,38
1648663235,368.58,368.6,368.57,368.58,368.58,29,8
1648663240,368.58,368.59,368.56,368.59,368.575,44,14
1648663245,368.6,368.62,368.53,368.55,368.582,305,97
1648663250,368.54,368.57,368.53,368.55,368.55,46,24
1648663255,368.55,368.58,368.55,368.56,368.561,21,10
1648663260,368.55,368.55,368.48,368.48,368.507,163,66
1648663265,368.5,368.5,368.46,368.49,368.468,63,34
1648663270,368.49,368.51,368.49,368.5,368.499,109,21
1648663275,368.49,368.5,368.44,368.44,368.467,61,27
1648663280,368.46,368.56,368.45,368.53,368.499,281,84
1648663285,368.53,368.57,368.53,368.55,368.552,78,44
1648663290,368.52,368.54,368.51,368.53,368.529,82,31
1648663295,368.54,368.55,368.54,368.55,368.545,11,10
1648663300,368.54,368.54,368.45,368.48,368.493,215,78
1648663305,368.5,368.53,368.5,368.51,368.521,15,10
1648663310,368.52,368.52,368.51,368.51,368.515,65,7
1648663315,368.52,368.55,368.52,368.55,368.533,49,18
1648663320,368.51,368.51,368.48,368.51,368.5,26,19
1648663325,368.53,368.59,368.53,368.58,368.562,130,30
1648663330,368.57,368.59,368.54,368.54,368.571,25,23
1648663335,368.53,368.54,368.51,368.51,368.531,46,20
1648663340,368.54,368.57,368.54,368.57,368.555,20,10
1648663345,368.55,368.56,368.53,368.56,368.546,5,4
1648663350,368.55,368.55,368.52,368.54,368.54,6,6
1648663355,368.49,368.49,368.44,368.48,368.47,58,24
1648663360,368.47,368.47,368.38,368.4,368.407,129,57
1648663365,368.39,368.52,368.39,368.5,368.483,110,61
1648663370,368.48,368.49,368.48,368.48,368.483,50,27
1648663375,368.47,368.5,368.44,368.46,368.471,180,91
1648663380,368.47,368.65,368.47,368.65,368.567,305,155
1648663385,368.66,368.66,368.61,368.63,368.644,14,10
1648663390,368.64,368.64,368.54,368.55,368.599,39,22
1648663395,368.62,368.62,368.57,368.62,368.599,14,8
1648663400,368.62,368.63,368.56,368.63,368.596,142,31
1648663405,368.63,368.63,368.6,368.6,368.613,2,2
1648663410,368.61,368.71,368.6,368.69,368.65,94,44
1648663415,368.69,368.72,368.68,368.69,368.703,64,32
1648663420,368.71,368.78,368.71,368.74,368.755,200,94
1648663425,368.76,368.87,368.76,368.83,368.824,72,46
1648663430,368.85,368.85,368.8,368.83,368.828,36,17
1648663435,368.84,368.9,368.83,368.9,368.886,57,45
1648663440,368.9,368.94,368.86,368.9,368.909,195,35
1648663445,368.9,368.92,368.87,368.91,368.901,50,37
1648663450,368.92,369.05,368.92,369.0,369.005,326,145
1648663455,368.97,368.98,368.91,368.96,368.949,77,47
1648663460,368.93,368.95,368.92,368.93,368.934,60,18
1648663465,368.93,369.0,368.93,368.98,368.973,167,36
1648663470,368.96,368.96,368.9,368.94,368.924,32,18
1648663475,368.92,368.92,368.9,368.91,368.915,14,5
1648663480,368.88,368.88,368.81,368.81,368.845,29,21
1648663485,368.79,368.84,368.78,368.83,368.807,120,60
1648663490,368.82,368.82,368.75,368.75,368.781,25,16
1648663495,368.76,368.77,368.74,368.74,368.75,29,18
1648663500,368.71,368.75,368.7,368.72,368.72,134,31
1648663505,368.74,368.74,368.7,368.74,368.728,18,12
1648663510,368.73,368.77,368.71,368.73,368.74,49,28
1648663515,368.72,368.72,368.65,368.65,368.675,57,21
1648663520,368.66,368.66,368.56,368.59,368.582,43,26
1648663525,368.58,368.59,368.56,368.56,368.573,23,12
1648663530,368.55,368.56,368.52,368.53,368.532,149,39
1648663535,368.53,368.58,368.53,368.57,368.559,48,34
1648663540,368.56,368.58,368.54,368.58,368.568,74,18
1648663545,368.55,368.6,368.55,368.55,368.558,246,54
1648663550,368.54,368.55,368.51,368.52,368.524,7,7
1648663555,368.51,368.61,368.51,368.61,368.567,15,14
1648663560,368.55,368.55,368.45,368.49,368.481,49,35
1648663565,368.49,368.55,368.48,368.52,368.518,94,20
1648663570,368.53,368.55,368.52,368.53,368.536,24,18
1648663575,368.57,368.62,368.55,368.61,368.59,37,28
1648663580,368.63,368.63,368.6,368.61,368.619,52,29
1648663585,368.6,368.6,368.56,368.6,368.576,29,27
1648663590,368.58,368.58,368.53,368.54,368.553,40,14
1648663595,368.56,368.57,368.55,368.56,368.562,17,12
1648663600,368.57,368.62,368.55,368.61,368.59,37,18
1648663605,368.62,368.63,368.58,368.63,368.596,46,9
1648663610,368.64,368.65,368.62,368.62,368.632,29,22
1648663615,368.63,368.7,368.63,368.69,368.655,32,15
1648663620,368.68,368.68,368.63,368.66,368.648,21,11
1648663625,368.65,368.65,368.57,368.61,368.612,20,17
1648663630,368.6,368.62,368.6,368.62,368.605,8,5
1648663635,368.62,368.62,368.58,368.59,368.598,11,9
1648663640,368.58,368.61,368.58,368.6,368.588,26,4
1648663645,368.6,368.6,368.6,368.6,368.6,4,3
1648663650,368.57,368.57,368.51,368.51,368.548,26,12
1648663655,368.53,368.55,368.53,368.53,368.541,10,10
1648663660,368.53,368.53,368.53,368.53,368.53,2,2
1648663665,368.53,368.55,368.51,368.55,368.527,24,13
1648663670,368.52,368.58,368.52,368.58,368.537,26,7
1648663675,368.59,368.61,368.59,368.6,368.595,21,10
1648663680,368.6,368.67,368.59,368.63,368.633,42,21
1648663685,368.64,368.64,368.61,368.61,368.634,18,10
1648663690,368.62,368.62,368.55,368.55,368.574,24,11
1648663695,368.55,368.57,368.52,368.53,368.546,30,8
1648663700,368.54,368.55,368.52,368.55,368.537,7,6
1648663705,368.56,368.59,368.54,368.58,368.565,40,18
1648663710,368.61,368.64,368.61,368.62,368.623,15,13
1648663715,368.61,368.62,368.6,368.61,368.608,12,10
1648663720,368.57,368.58,368.56,368.56,368.569,36,19
1648663725,368.58,368.6,368.57,368.6,368.59,6,4
1648663730,368.61,368.61,368.61,368.61,368.61,12,2
1648663735,368.61,368.74,368.61,368.71,368.689,29,16
1648663740,368.72,368.78,368.72,368.77,368.744,28,16
1648663745,368.72,368.72,368.69,368.72,368.705,21,12
1648663750,368.74,368.76,368.73,368.74,368.745,10,7
1648663755,368.76,368.77,368.73,368.75,368.759,52,27
1648663760,368.76,368.78,368.76,368.76,368.769,26,14
1648663765,368.8,368.82,368.76,368.79,368.792,50,35
1648663770,368.76,368.79,368.74,368.78,368.76,7,6
1648663775,368.77,368.78,368.76,368.78,368.774,5,5
1648663780,368.81,368.81,368.69,368.69,368.758,46,27
1648663785,368.71,368.77,368.7,368.77,368.749,113,31
1648663790,368.75,368.76,368.73,368.76,368.757,58,16
1648663795,368.76,368.77,368.75,368.75,368.753,15,5
1648663800,368.74,368.76,368.65,368.66,368.702,46,29
1648663805,368.66,368.74,368.66,368.74,368.698,5,4
1648663810,368.77,368.8,368.75,368.76,368.774,21,10
1648663815,368.74,368.74,368.64,368.65,368.68,123,30
1648663820,368.68,368.71,368.66,368.7,368.687,12,10
1648663825,368.69,368.69,368.64,368.65,368.658,6,5
1648663830,368.67,368.69,368.65,368.69,368.684,101,50
1648663835,368.69,368.73,368.69,368.71,368.709,48,23
1648663840,368.7,368.75,368.7,368.72,368.733,7,5
1648663845,368.73,368.78,368.72,368.76,368.747,13,11
1648663850,368.74,368.75,368.73,368.73,368.736,9,6
1648663855,368.74,368.75,368.74,368.75,368.747,3,3
1648663860,368.74,368.74,368.67,368.67,368.706,9,7
1648663865,368.67,368.69,368.66,368.67,368.676,31,9
1648663870,368.68,368.71,368.67,368.68,368.684,43,16
1648663875,368.67,368.67,368.62,368.64,368.633,32,20
1648663880,368.61,368.65,368.61,368.63,368.626,16,9
1648663885,368.64,368.66,368.62,368.64,368.643,7,7
1648663890,368.64,368.64,368.58,368.59,368.607,28,14
1648663895,368.58,368.63,368.56,368.61,368.587,24,16
1648663900,368.6,368.63,368.58,368.58,368.605,17,12
1648663905,368.61,368.61,368.55,368.55,368.576,8,8
1648663910,368.56,368.58,368.55,368.57,368.568,22,16
1648663915,368.58,368.63,368.57,368.63,368.596,13,12
1648663920,368.64,368.7,368.64,368.65,368.656,79,24
1648663925,368.65,368.7,368.65,368.66,368.678,33,21
1648663930,368.65,368.65,368.59,368.59,368.614,30,21
1648663935,368.59,368.6,368.57,368.6,368.58,13,7
1648663940,368.62,368.62,368.59,368.6,368.606,5,3
1648663945,368.58,368.6,368.58,368.6,368.589,4,4
1648663950,368.59,368.65,368.59,368.65,368.62,10,10
1648663955,368.65,368.69,368.65,368.69,368.67,15,8
1648663960,368.68,368.7,368.66,368.66,368.689,27,10
1648663965,368.65,368.65,368.62,368.62,368.634,2,2
1648663970,368.6,368.63,368.6,368.63,368.62,12,5
1648663975,368.59,368.61,368.59,368.61,368.607,22,7
1648663980,368.59,368.59,368.54,368.55,368.562,35,19
1648663985,368.54,368.57,368.52,368.57,368.551,160,45
1648663990,368.56,368.57,368.54,368.55,368.561,11,10
1648663995,368.57,368.66,368.57,368.66,368.594,131,54
1648664000,368.65,368.7,368.64,368.7,368.671,45,27
1648664005,368.69,368.7,368.66,368.69,368.687,18,7
1648664010,368.65,368.67,368.64,368.66,368.659,139,16
1648664015,368.65,368.66,368.63,368.64,368.646,63,33
1648664020,368.65,368.67,368.65,368.67,368.663,3,3
1648664025,368.66,368.66,368.64,368.66,368.654,14,6
1648664030,368.65,368.66,368.65,368.66,368.658,6,5
1648664035,368.64,368.69,368.64,368.68,368.674,49,13
1648664040,368.68,368.72,368.68,368.71,368.705,110,23
1648664045,368.72,368.72,368.69,368.72,368.708,11,6
1648664050,368.7,368.7,368.62,368.65,368.637,25,14
1648664055,368.64,368.64,368.61,368.62,368.627,53,38
1648664060,368.61,368.62,368.59,368.61,368.605,108,27
1648664065,368.61,368.64,368.6,368.62,368.629,234,42
1648664070,368.65,368.66,368.63,368.63,368.651,24,7
1648664075,368.63,368.66,368.63,368.66,368.649,19,10
1648664080,368.66,368.71,368.66,368.71,368.68,18,15
1648664085,368.7,368.7,368.67,368.67,368.676,10,2
1648664090,368.67,368.68,368.66,368.67,368.668,23,7
1648664095,368.68,368.68,368.65,368.65,368.665,4,3
1648664100,368.64,368.66,368.6,368.63,368.629,34,24
1648664105,368.61,368.61,368.6,368.6,368.607,22,7
1648664110,368.59,368.59,368.55,368.56,368.569,42,17
1648664115,368.57,368.6,368.55,368.6,368.566,253,58
1648664120,368.61,368.62,368.58,368.58,368.602,33,12
1648664125,368.59,368.59,368.53,368.53,368.58,30,10
1648664130,368.56,368.56,368.54,368.56,368.549,16,12
1648664135,368.55,368.56,368.46,368.49,368.495,72,27
1648664140,368.47,368.5,368.47,368.49,368.479,25,15
1648664145,368.5,368.5,368.43,368.44,368.462,40,28
1648664150,368.46,368.51,368.46,368.48,368.492,19,15
1648664155,368.48,368.5,368.48,368.5,368.489,2,2
1648664160,368.5,368.51,368.43,368.47,368.457,19,17
1648664165,368.46,368.53,368.46,368.5,368.498,52,25
1648664170,368.49,368.5,368.45,368.45,368.478,20,14
1648664175,368.45,368.45,368.4,368.42,368.424,36,29
1648664180,368.41,368.42,368.39,368.41,368.405,18,9
1648664185,368.42,368.45,368.4,368.4,368.423,23,15
1648664190,368.4,368.41,368.34,368.41,368.366,57,36
1648664195,368.41,368.42,368.39,368.39,368.403,12,10
1648664200,368.37,368.38,368.36,368.36,368.374,100,19
1648664205,368.36,368.36,368.27,368.3,368.314,15,13
1648664210,368.33,368.35,368.32,368.34,368.338,57,15
1648664215,368.32,368.33,368.3,368.31,368.329,107,7
1648664220,368.32,368.37,368.3,368.35,368.33,35,27
1648664225,368.33,368.35,368.31,368.35,368.323,66,34
1648664230,368.35,368.36,368.34,368.36,368.356,30,24
1648664235,368.35,368.4,368.35,368.37,368.367,110,34
1648664240,368.35,368.35,368.32,368.35,368.338,19,16
1648664245,368.35,368.35,368.2,368.23,368.241,226,127
1648664250,368.23,368.26,368.14,368.17,368.193,49,37
1648664255,368.17,368.17,368.11,368.13,368.147,167,55
1648664260,368.11,368.18,368.11,368.18,368.153,60,39
1648664265,368.23,368.24,368.2,368.2,368.217,38,21
1648664270,368.19,368.2,368.17,368.18,368.19,5,5
1648664275,368.17,368.19,368.16,368.18,368.17,114,13
1648664280,368.14,368.15,368.13,368.13,368.143,17,12
1648664285,368.13,368.14,368.1,368.1,368.124,42,20
1648664290,368.07,368.08,368.04,368.07,368.06,78,32
1648664295,368.07,368.13,368.06,368.11,368.101,56,43
1648664300,368.12,368.13,368.09,368.1,368.101,110,70
1648664305,368.11,368.11,368.07,368.08,368.09,21,8
1648664310,368.08,368.08,368.04,368.04,368.047,36,8
1648664315,368.05,368.12,368.05,368.12,368.099,63,25
1648664320,368.11,368.14,368.11,368.11,368.136,102,48
1648664325,368.13,368.22,368.12,368.22,368.157,63,21
1648664330,368.21,368.26,368.21,368.24,368.248,54,35
1648664335,368.26,368.27,368.18,368.19,368.21,43,36
1648664340,368.2,368.21,368.17,368.21,368.201,18,9
1648664345,368.22,368.22,368.19,368.2,368.204,22,18
1648664350,368.23,368.25,368.19,368.25,368.21,68,35
1648664355,368.24,368.28,368.24,368.26,368.261,12,8
1648664360,368.27,368.32,368.27,368.29,368.307,125,41
1648664365,368.28,368.29,368.26,368.26,368.275,34,13
1648664370,368.29,368.3,368.28,368.28,368.287,50,15
1648664375,368.2,368.2,368.16,368.16,368.178,14,5
1648664380,368.17,368.18,368.15,368.16,368.169,39,27
1648664385,368.18,368.18,368.13,368.15,368.159,95,24
1648664390,368.14,368.17,368.09,368.17,368.13,37,24
1648664395,368.15,368.17,368.14,368.17,368.161,12,10
1648664400,368.18,368.19,368.14,368.15,368.154,143,53
1648664405,368.15,368.16,368.09,368.11,368.131,75,42
1648664410,368.1,368.13,368.06,368.13,368.099,46,23
1648664415,368.2,368.22,368.18,368.18,368.196,12,8
1648664420,368.18,368.19,368.15,368.15,368.174,4,3
1648664425,368.15,368.16,368.13,368.13,368.145,6,6
1648664430,368.12,368.12,368.05,368.07,368.071,24,15
1648664435,368.08,368.09,368.07,368.08,368.076,19,9
1648664440,368.07,368.14,368.07,368.14,368.107,51,15
1648664445,368.11,368.12,368.11,368.12,368.117,6,4
1648664450,368.12,368.14,368.12,368.12,368.13,29,17
1648664455,368.1,368.13,368.1,368.12,368.11,9,7
1648664460,368.11,368.14,368.08,368.08,368.112,60,20
1648664465,368.07,368.09,368.05,368.06,368.075,17,11
1648664470,368.06,368.06,368.01,368.02,368.034,85,33
1648664475,368.03,368.03,367.98,367.98,367.998,220,65
1648664480,368.0,368.03,367.98,368.03,368.008,190,41
1648664485,368.04,368.06,368.03,368.04,368.045,212,65
1648664490,368.05,368.12,368.03,368.1,368.076,139,70
1648664495,368.1,368.11,368.09,368.11,368.103,151,49
1648664500,368.1,368.11,368.06,368.11,368.076,125,37
1648664505,368.12,368.17,368.11,368.14,368.151,46,23
1648664510,368.15,368.19,368.14,368.17,368.168,82,39
1648664515,368.17,368.18,368.1,368.11,368.139,78,51
1648664520,368.11,368.14,368.11,368.13,368.121,52,33
1648664525,368.15,368.16,368.12,368.12,368.144,34,23
1648664530,368.12,368.15,368.09,368.09,368.115,34,26
1648664535,368.09,368.1,368.08,368.1,368.091,28,12
1648664540,368.11,368.12,368.09,368.09,368.107,37,13
1648664545,368.08,368.08,368.05,368.05,368.075,18,6
1648664550,368.06,368.1,368.06,368.07,368.085,61,32
1648664555,368.05,368.08,368.05,368.08,368.079,68,36
1648664560,368.07,368.07,368.07,368.07,368.07,1,1
1648664565,368.08,368.09,368.05,368.06,368.072,13,9
1648664570,368.04,368.08,368.02,368.05,368.044,37,26
1648664575,368.05,368.05,368.01,368.04,368.023,127,57
1648664580,368.02,368.08,368.0,368.0,368.029,27,23
1648664585,367.99,368.03,367.99,368.01,368.007,47,32
1648664590,368.01,368.01,367.97,367.99,367.985,112,43
1648664595,367.98,368.01,367.97,368.0,367.99,66,34
1648664600,368.01,368.01,368.0,368.01,368.006,94,60
1648664605,367.98,368.0,367.97,368.0,367.977,37,23
1648664610,367.98,368.04,367.98,368.03,368.019,29,16
1648664615,368.05,368.06,368.04,368.06,368.049,41,20
1648664620,368.09,368.13,368.09,368.1,368.111,102,49
1648664625,368.1,368.1,368.07,368.07,368.078,21,9
1648664630,368.09,368.11,368.07,368.11,368.089,17,8
1648664635,368.1,368.1,368.04,368.05,368.058,25,8
1648664640,368.04,368.04,367.95,367.95,367.983,57,40
1648664645,367.95,367.97,367.93,367.95,367.953,158,57
1648664650,367.93,367.94,367.92,367.94,367.93,21,10
1648664655,367.96,367.96,367.93,367.94,367.946,15,9
1648664660,367.95,367.96,367.92,367.94,367.941,19,13
1648664665,367.95,367.95,367.9,367.91,367.908,120,24
1648664670,367.9,367.95,367.89,367.94,367.928,31,18
1648664675,367.93,367.94,367.93,367.94,367.937,3,2
1648664680,367.94,367.96,367.93,367.96,367.95,21,14
1648664685,368.0,368.02,367.99,368.0,368.008,24,12
1648664690,368.0,368.1,368.0,368.08,368.081,51,35
1648664695,368.09,368.09,368.03,368.04,368.076,123,26
1648664700,368.06,368.09,367.98,368.06,368.056,61,36
1648664705,368.03,368.06,368.02,368.03,368.038,15,10
1648664710,368.01,368.02,367.98,368.01,368.006,26,10
1648664715,368.02,368.12,368.02,368.12,368.092,37,21
1648664720,368.12,368.16,368.12,368.12,368.138,43,18
1648664725,368.13,368.13,368.11,368.12,368.12,121,12
1648664730,368.12,368.14,368.1,368.14,368.124,36,20
1648664735,368.12,368.14,368.09,368.1,368.108,40,24
1648664740,368.13,368.15,368.11,368.14,368.126,31,22
1648664745,368.13,368.14,368.07,368.1,368.1,35,23
1648664750,368.09,368.11,368.07,368.1,368.085,77,28
1648664755,368.12,368.12,368.03,368.03,368.064,174,124
1648664760,368.02,368.02,367.98,367.99,368.003,33,27
1648664765,367.99,368.0,367.94,367.96,367.966,49,31
1648664770,367.94,368.0,367.94,368.0,367.948,152,37
1648664775,368.01,368.01,367.92,367.92,367.973,54,23
1648664780,367.93,367.93,367.89,367.89,367.894,110,16
1648664785,367.9,367.9,367.89,367.89,367.892,10,5
1648664790,367.92,367.99,367.92,367.97,367.96,38,19
1648664795,367.96,367.96,367.93,367.94,367.943,7,5
1648664800,367.9,367.92,367.82,367.84,367.854,642,371
1648664805,367.84,367.86,367.81,367.81,367.844,95,43
1648664810,367.8,367.85,367.77,367.84,367.809,91,41
1648664815,367.84,367.84,367.79,367.8,367.824,39,21
1648664820,367.81,367.81,367.77,367.77,367.778,48,21
1648664825,367.78,367.78,367.72,367.75,367.734,438,227
1648664830,367.74,367.76,367.74,367.75,367.75,197,106
1648664835,367.75,367.82,367.75,367.8,367.782,134,79
1648664840,367.8,367.81,367.78,367.78,367.793,113,57
1648664845,367.78,367.79,367.69,367.71,367.738,264,158
1648664850,367.69,367.72,367.67,367.68,367.691,325,148
1648664855,367.68,367.73,367.64,367.64,367.682,137,80
1648664860,367.66,367.75,367.65,367.73,367.692,25,18
1648664865,367.7,367.7,367.66,367.67,367.681,53,27
1648664870,367.68,367.68,367.65,367.68,367.659,31,14
1648664875,367.66,367.68,367.65,367.67,367.67,389,156
1648664880,367.68,367.68,367.56,367.57,367.59,265,145
1648664885,367.56,367.64,367.56,367.6,367.601,85,42
1648664890,367.61,367.61,367.56,367.57,367.595,224,98
1648664895,367.58,367.62,367.55,367.61,367.577,149,52
1648664900,367.63,367.74,367.63,367.71,367.666,174,99
1648664905,367.67,367.69,367.67,367.68,367.679,37,12
1648664910,367.68,367.75,367.68,367.69,367.709,31,19
1648664915,367.67,367.68,367.64,367.66,367.655,84,49
1648664920,367.65,367.69,367.65,367.68,367.669,13,8
1648664925,367.67,367.69,367.65,367.68,367.666,116,42
1648664930,367.71,367.73,367.7,367.71,367.705,40,11
1648664935,367.71,367.74,367.7,367.72,367.713,25,10
1648664940,367.73,367.76,367.72,367.72,367.75,37,24
1648664945,367.72,367.77,367.69,367.74,367.724,279,44
1648664950,367.75,367.78,367.74,367.75,367.753,10,7
1648664955,367.77,367.84,367.77,367.81,367.818,67,35
1648664960,367.8,367.82,367.78,367.78,367.81,40,18
1648664965,367.81,367.82,367.79,367.82,367.807,12,7
1648664970,367.81,367.83,367.78,367.83,367.801,123,53
1648664975,367.84,367.92,367.84,367.91,367.892,67,28
1648664980,367.91,367.91,367.85,367.85,367.885,15,11
1648664985,367.85,367.86,367.83,367.85,367.85,15,6
1648664990,367.86,367.86,367.82,367.84,367.831,36,19
1648664995,367.82,367.85,367.8,367.8,367.831,24,8
1648665000,367.8,367.81,367.75,367.78,367.777,121,37
1648665005,367.77,367.77,367.71,367.71,367.734,32,14
1648665010,367.72,367.75,367.72,367.72,367.738,15,9
1648665015,367.71,367.75,367.7,367.74,367.717,38,12
1648665020,367.74,367.81,367.74,367.8,367.786,17,16
1648665025,367.8,367.83,367.75,367.78,367.796,37,15
1648665030,367.83,367.88,367.82,367.87,367.84,41,23
1648665035,367.87,367.94,367.87,367.9,367.915,90,43
1648665040,367.92,367.99,367.91,367.97,367.968,167,31
1648665045,367.98,368.02,367.96,367.98,367.989,39,26
1648665050,367.98,368.07,367.97,368.07,368.026,37,23
1648665055,368.04,368.07,368.04,368.06,368.052,42,13
1648665060,368.07,368.13,368.07,368.13,368.104,78,33
1648665065,368.1,368.15,368.07,368.14,368.11,87,44
1648665070,368.12,368.16,368.11,368.12,368.145,59,34
1648665075,368.12,368.14,368.12,368.14,368.127,16,7
1648665080,368.15,368.19,368.14,368.18,368.167,204,80
1648665085,368.19,368.3,368.17,368.24,368.227,50,35
1648665090,368.24,368.26,368.22,368.22,368.243,214,112
1648665095,368.21,368.24,368.21,368.22,368.234,115,30
1648665100,368.23,368.24,368.17,368.17,368.215,48,23
1648665105,368.13,368.14,368.13,368.14,368.133,33,13
1648665110,368.14,368.17,368.13,368.17,368.146,21,18
1648665115,368.16,368.16,368.13,368.15,368.149,95,22
1648665120,368.15,368.16,368.1,368.1,368.138,54,23
1648665125,368.11,368.18,368.1,368.15,368.147,16,12
1648665130,368.12,368.13,368.11,368.13,368.127,26,11
1648665135,368.13,368.15,368.11,368.15,368.129,17,10
1648665140,368.15,368.19,368.14,368.17,368.17,24,13
1648665145,368.17,368.18,368.13,368.13,368.16,24,6
1648665150,368.14,368.15,368.14,368.15,368.147,18,5
1648665155,368.14,368.17,368.13,368.17,368.154,32,19
1648665160,368.18,368.18,368.13,368.13,368.144,55,28
1648665165,368.12,368.22,368.12,368.21,368.197,131,29
1648665170,368.21,368.21,368.19,368.19,368.201,11,9
1648665175,368.19,368.2,368.15,368.18,368.161,18,12
1648665180,368.19,368.19,368.17,368.18,368.175,5,4
1648665185,368.15,368.16,368.11,368.16,368.129,83,51
1648665190,368.16,368.21,368.16,368.19,368.194,53,11
1648665195,368.19,368.2,368.19,368.2,368.195,22,6
1648665200,368.19,368.19,368.16,368.16,368.181,82,14
1648665205,368.17,368.17,368.16,368.17,368.168,44,9
1648665210,368.15,368.16,368.15,368.16,368.158,24,4
1648665215,368.17,368.18,368.16,368.18,368.174,117,36
1648665220,368.19,368.19,368.17,368.18,368.182,22,7
1648665225,368.17,368.17,368.13,368.13,368.152,21,13
1648665230,368.14,368.15,368.14,368.14,368.145,27,11
1648665235,368.14,368.15,368.13,368.15,368.143,15,12
1648665240,368.17,368.2,368.16,368.18,368.184,164,63
1648665245,368.21,368.23,368.19,368.2,368.212,29,10
1648665250,368.17,368.21,368.17,368.21,368.204,21,7
1648665255,368.2,368.2,368.2,368.2,368.2,31,4
1648665260,368.19,368.2,368.17,368.18,368.184,70,13
1648665265,368.15,368.17,368.13,368.15,368.143,105,34
1648665270,368.13,368.17,368.13,368.16,368.145,87,22
1648665275,368.17,368.17,368.13,368.17,368.151,31,7
1648665280,368.17,368.18,368.15,368.17,368.163,46,15
1648665285,368.18,368.22,368.17,368.19,368.187,60,26
1648665290,368.21,368.23,368.21,368.23,368.216,46,11
1648665295,368.22,368.22,368.17,368.19,368.184,32,13
1648665300,368.19,368.21,368.19,368.21,368.198,206,52
1648665305,368.2,368.21,368.19,368.19,368.204,134,40
1648665310,368.21,368.29,368.19,368.29,368.259,81,27
1648665315,368.27,368.27,368.24,368.25,368.257,45,16
1648665320,368.23,368.25,368.19,368.19,368.229,306,62
1648665325,368.18,368.21,368.18,368.18,368.186,12,12
1648665330,368.18,368.2,368.18,368.19,368.189,26,6
1648665335,368.2,368.21,368.13,368.16,368.167,116,46
1648665340,368.16,368.27,368.16,368.27,368.207,155,65
1648665345,368.27,368.3,368.23,368.26,368.273,169,73
1648665350,368.24,368.25,368.23,368.25,368.24,8,7
1648665355,368.25,368.29,368.25,368.25,368.265,58,24
1648665360,368.28,368.32,368.25,368.29,368.285,146,38
1648665365,368.3,368.35,368.3,368.32,368.332,184,51
1648665370,368.33,368.36,368.33,368.35,368.343,51,18
1648665375,368.35,368.35,368.25,368.3,368.297,125,36
1648665380,368.29,368.3,368.28,368.3,368.295,50,17
1648665385,368.3,368.31,368.27,368.3,368.289,23,7
1648665390,368.3,368.3,368.28,368.29,368.288,66,15
1648665395,368.29,368.32,368.28,368.31,368.311,139,15
1648665400,368.28,368.3,368.28,368.3,368.293,3,3
1648665405,368.29,368.29,368.24,368.26,368.272,17,8
1648665410,368.25,368.32,368.25,368.29,368.254,107,8
1648665415,368.29,368.29,368.28,368.28,368.281,7,5
1648665420,368.3,368.36,368.3,368.35,368.341,43,21
1648665425,368.35,368.36,368.35,368.36,368.351,117,12
1648665430,368.32,368.35,368.27,368.34,368.317,63,18
1648665435,368.34,368.34,368.3,368.3,368.316,42,17
1648665440,368.32,368.33,368.29,368.31,368.314,21,10
1648665445,368.3,368.3,368.29,368.29,368.292,14,10
1648665450,368.27,368.29,368.26,368.28,368.272,13,7
1648665455,368.28,368.32,368.27,368.31,368.297,15,14
1648665460,368.32,368.36,368.32,368.35,368.349,13,9
1648665465,368.35,368.35,368.34,368.34,368.344,48,12
1648665470,368.35,368.37,368.35,368.37,368.369,64,10
1648665475,368.35,368.38,368.35,368.37,368.366,11,9
1648665480,368.37,368.42,368.36,368.41,368.391,48,21
1648665485,368.42,368.46,368.42,368.44,368.444,101,59
1648665490,368.44,368.49,368.44,368.46,368.461,212,79
1648665495,368.46,368.48,368.44,368.46,368.465,195,72
1648665500,368.45,368.48,368.45,368.46,368.465,52,16
1648665505,368.45,368.45,368.39,368.42,368.43,15,12
1648665510,368.44,368.45,368.42,368.44,368.433,60,30
1648665515,368.44,368.44,368.39,368.41,368.425,69,23
1648665520,368.41,368.42,368.4,368.42,368.41,11,8
1648665525,368.42,368.42,368.4,368.42,368.405,78,36
1648665530,368.42,368.45,368.4,368.45,368.422,56,28
1648665535,368.44,368.46,368.44,368.46,368.447,17,7
1648665540,368.47,368.47,368.41,368.41,368.451,39,15
1648665545,368.4,368.42,368.39,368.41,368.402,7,5
1648665550,368.41,368.42,368.36,368.36,368.402,15,10
1648665555,368.37,368.38,368.36,368.36,368.366,41,12
1648665560,368.37,368.42,368.37,368.42,368.391,9,7
1648665565,368.41,368.43,368.4,368.43,368.421,11,10
1648665570,368.42,368.42,368.41,368.41,368.415,3,3
1648665575,368.39,368.39,368.36,368.36,368.385,13,11
1648665580,368.38,368.38,368.37,368.38,368.372,11,5
1648665585,368.38,368.39,368.3,368.31,368.348,119,49
1648665590,368.31,368.32,368.28,368.31,368.308,14,7
1648665595,368.31,368.37,368.3,368.36,368.321,41,11
1648665600,368.36,368.36,368.34,368.35,368.351,45,16
1648665605,368.34,368.34,368.27,368.27,368.289,26,12
1648665610,368.27,368.29,368.25,368.26,368.271,42,21
1648665615,368.26,368.29,368.26,368.28,368.278,18,8
1648665620,368.33,368.35,368.25,368.25,368.293,21,13
1648665625,368.23,368.26,368.22,368.23,368.242,48,35
1648665630,368.25,368.25,368.22,368.22,368.233,2,2
1648665635,368.23,368.24,368.22,368.24,368.236,79,19
1648665640,368.24,368.25,368.22,368.24,368.247,97,36
1648665645,368.24,368.24,368.21,368.21,368.22,47,10
1648665650,368.21,368.22,368.2,368.2,368.208,128,27
1648665655,368.18,368.2,368.16,368.2,368.183,126,27
1648665660,368.19,368.19,368.1,368.12,368.15,80,40
1648665665,368.09,368.15,368.09,368.13,368.132,72,25
1648665670,368.13,368.15,368.13,368.15,368.144,46,8
1648665675,368.13,368.15,368.13,368.14,368.143,160,59
1648665680,368.12,368.12,368.0,368.03,368.053,264,84
1648665685,368.01,368.03,367.99,368.03,368.003,48,22
1648665690,368.0,368.06,367.99,368.01,368.017,21,19
1648665695,368.0,368.02,367.95,367.95,367.987,39,18
1648665700,367.95,367.96,367.91,367.91,367.936,58,21
1648665705,367.93,367.96,367.92,367.94,367.941,229,68
1648665710,367.95,367.95,367.91,367.94,367.936,101,19
1648665715,367.93,367.96,367.93,367.96,367.941,55,19
1648665720,367.96,367.97,367.92,367.93,367.957,139,48
1648665725,367.92,367.92,367.88,367.91,367.9,116,45
1648665730,367.88,367.89,367.85,367.86,367.873,52,15
1648665735,367.84,367.87,367.84,367.84,367.847,75,40
1648665740,367.84,367.86,367.83,367.86,367.838,154,39
1648665745,367.85,367.85,367.82,367.84,367.828,19,8
1648665750,367.83,367.83,367.75,367.76,367.77,82,30
1648665755,367.76,367.82,367.76,367.79,367.784,33,22
1648665760,367.8,367.8,367.75,367.75,367.776,32,15
1648665765,367.78,367.78,367.75,367.76,367.765,32,15
1648665770,367.76,367.77,367.73,367.74,367.748,38,18
1648665775,367.73,367.76,367.72,367.72,367.743,63,39
1648665780,367.73,367.79,367.73,367.74,367.778,103,22
1648665785,367.75,367.78,367.74,367.77,367.763,145,44
1648665790,367.77,367.77,367.74,367.77,367.757,79,25
1648665795,367.75,367.77,367.75,367.77,367.763,133,19
1648665800,367.75,367.75,367.73,367.74,367.742,39,15
1648665805,367.75,367.77,367.74,367.77,367.75,119,26
1648665810,367.78,367.8,367.77,367.8,367.791,208,48
1648665815,367.81,367.85,367.78,367.8,367.818,102,28
1648665820,367.81,367.81,367.79,367.8,367.795,38,6
1648665825,367.8,367.8,367.75,367.78,367.777,42,13
1648665830,367.77,367.83,367.76,367.82,367.804,69,12
1648665835,367.83,367.83,367.75,367.75,367.816,242,52
1648665840,367.74,367.78,367.7,367.78,367.737,75,51
1648665845,367.77,367.77,367.7,367.71,367.727,84,43
1648665850,367.71,367.71,367.67,367.67,367.693,161,83
1648665855,367.68,367.69,367.63,367.65,367.654,118,56
1648665860,367.65,367.66,367.61,367.63,367.64,215,95
1648665865,367.62,367.72,367.62,367.69,367.663,208,81
1648665870,367.71,367.73,367.69,367.71,367.711,159,72
1648665875,367.73,367.78,367.73,367.77,367.752,68,43
1648665880,367.78,367.8,367.77,367.77,367.791,67,41
1648665885,367.77,367.78,367.72,367.78,367.749,19,11
1648665890,367.78,367.8,367.77,367.8,367.78,7,6
1648665895,367.79,367.82,367.78,367.8,367.801,65,24
1648665900,367.8,367.82,367.78,367.79,367.802,161,38
1648665905,367.8,367.82,367.8,367.81,367.814,11,10
1648665910,367.82,367.82,367.78,367.79,367.799,60,12
1648665915,367.78,367.79,367.75,367.79,367.78,30,16
1648665920,367.78,367.8,367.78,367.78,367.784,57,9
1648665925,367.78,367.8,367.78,367.79,367.792,48,9
1648665930,367.79,367.79,367.78,367.79,367.789,8,3
1648665935,367.8,367.8,367.78,367.8,367.786,29,4
1648665940,367.76,367.76,367.68,367.68,367.726,165,30
1648665945,367.67,367.67,367.59,367.6,367.629,164,59
1648665950,367.61,367.63,367.59,367.61,367.602,121,43
1648665955,367.61,367.61,367.55,367.57,367.569,97,45
1648665960,367.56,367.71,367.56,367.69,367.633,149,57
1648665965,367.71,367.71,367.67,367.68,367.681,27,20
1648665970,367.69,367.71,367.62,367.64,367.65,31,17
1648665975,367.64,367.64,367.61,367.61,367.623,11,6
1648665980,367.6,367.62,367.6,367.61,367.609,51,16
1648665985,367.62,367.67,367.61,367.66,367.625,69,14
1648665990,367.66,367.68,367.66,367.67,367.667,29,17
1648665995,367.64,367.65,367.59,367.6,367.632,136,42
1648666000,367.61,367.63,367.6,367.62,367.627,46,14
1648666005,367.62,367.63,367.59,367.59,367.602,98,39
1648666010,367.6,367.64,367.6,367.63,367.627,32,17
1648666015,367.64,367.64,367.61,367.64,367.628,34,29
1648666020,367.62,367.63,367.58,367.62,367.612,141,61
1648666025,367.61,367.61,367.59,367.59,367.601,93,19
1648666030,367.58,367.63,367.57,367.6,367.589,32,18
1648666035,367.61,367.61,367.59,367.59,367.594,6,6
1648666040,367.57,367.59,367.53,367.53,367.548,32,24
1648666045,367.54,367.54,367.5,367.53,367.511,203,91
1648666050,367.52,367.53,367.5,367.51,367.512,84,27
1648666055,367.5,367.51,367.42,367.43,367.471,222,88
1648666060,367.42,367.48,367.42,367.46,367.437,76,41
1648666065,367.45,367.51,367.45,367.5,367.477,173,35
1648666070,367.49,367.52,367.48,367.52,367.51,62,20
1648666075,367.52,367.55,367.51,367.53,367.534,27,18
1648666080,367.54,367.62,367.53,367.61,367.586,92,48
1648666085,367.58,367.59,367.51,367.51,367.575,21,8
1648666090,367.51,367.54,367.48,367.54,367.514,52,19
1648666095,367.56,367.58,367.53,367.54,367.553,187,27
1648666100,367.53,367.54,367.51,367.54,367.519,128,32
1648666105,367.53,367.53,367.51,367.53,367.526,60,17
1648666110,367.51,367.54,367.49,367.54,367.523,67,19
1648666115,367.55,367.58,367.53,367.57,367.555,78,42
1648666120,367.58,367.61,367.58,367.6,367.601,55,13
1648666125,367.6,367.68,367.6,367.68,367.647,93,52
1648666130,367.65,367.65,367.61,367.65,367.634,76,16
1648666135,367.64,367.69,367.63,367.67,367.668,89,35
1648666140,367.66,367.67,367.64,367.65,367.661,65,35
1648666145,367.65,367.72,367.65,367.69,367.693,88,40
1648666150,367.68,367.68,367.64,367.68,367.66,28,19
1648666155,367.69,367.71,367.67,367.68,367.683,22,13
1648666160,367.67,367.71,367.67,367.7,367.69,54,29
1648666165,367.72,367.75,367.69,367.74,367.721,312,126
1648666170,367.73,367.75,367.72,367.73,367.731,126,30
1648666175,367.73,367.77,367.71,367.76,367.748,41,20
1648666180,367.76,367.76,367.67,367.67,367.714,211,36
1648666185,367.66,367.67,367.61,367.63,367.634,55,11
1648666190,367.64,367.64,367.62,367.64,367.638,140,19
1648666195,367.64,367.66,367.59,367.59,367.613,18,12
1648666200,367.6,367.62,367.56,367.56,367.588,18,12
1648666205,367.56,367.56,367.52,367.54,367.543,48,16
1648666210,367.53,367.53,367.51,367.53,367.52,127,14
1648666215,367.52,367.57,367.52,367.57,367.547,37,11
1648666220,367.57,367.63,367.57,367.63,367.611,7,5
1648666225,367.67,367.72,367.67,367.72,367.697,126,33
1648666230,367.69,367.72,367.68,367.71,367.709,71,14
1648666235,367.72,367.77,367.72,367.72,367.747,77,28
1648666240,367.74,367.76,367.71,367.71,367.757,116,11
1648666245,367.72,367.76,367.72,367.75,367.738,47,22
1648666250,367.75,367.77,367.74,367.76,367.755,55,17
1648666255,367.77,367.81,367.74,367.75,367.787,160,41
1648666260,367.78,367.78,367.75,367.77,367.767,15,10
1648666265,367.78,367.78,367.75,367.77,367.76,6,6
1648666270,367.77,367.78,367.72,367.73,367.749,66,27
1648666275,367.74,367.76,367.73,367.74,367.742,49,22
1648666280,367.75,367.75,367.67,367.67,367.687,70,34
1648666285,367.66,367.66,367.63,367.65,367.643,83,16
1648666290,367.65,367.66,367.64,367.66,367.651,12,7
1648666295,367.66,367.66,367.61,367.61,367.63,40,24
1648666300,367.6,367.6,367.45,367.45,367.505,219,84
1648666305,367.45,367.49,367.44,367.49,367.449,171,68
1648666310,367.49,367.57,367.49,367.56,367.533,101,26
1648666315,367.56,367.62,367.56,367.6,367.597,21,12
1648666320,367.61,367.61,367.5,367.51,367.53,66,36
1648666325,367.49,367.5,367.48,367.5,367.481,141,20
1648666330,367.46,367.46,367.43,367.44,367.441,99,27
1648666335,367.43,367.45,367.41,367.43,367.429,34,19
1648666340,367.43,367.44,367.42,367.43,367.426,11,8
1648666345,367.46,367.51,367.46,367.5,367.492,40,11
1648666350,367.49,367.56,367.49,367.54,367.529,78,36
1648666355,367.56,367.56,367.53,367.56,367.546,40,17
1648666360,367.55,367.6,367.55,367.57,367.57,31,13
1648666365,367.57,367.63,367.57,367.6,367.621,145,22
1648666370,367.6,367.6,367.57,367.58,367.589,11,6
1648666375,367.57,367.57,367.57,367.57,367.57,4,3
1648666380,367.58,367.58,367.52,367.52,367.559,38,14
1648666385,367.51,367.52,367.51,367.52,367.518,8,5
1648666390,367.55,367.56,367.51,367.51,367.531,13,11
1648666395,367.5,367.53,367.5,367.5,367.51,22,12
1648666400,367.49,367.5,367.49,367.49,367.491,13,8
1648666405,367.5,367.51,367.49,367.51,367.498,6,6
1648666410,367.5,367.52,367.48,367.48,367.491,25,13
1648666415,367.51,367.57,367.5,367.55,367.532,120,17
1648666420,367.54,367.54,367.53,367.54,367.538,70,9
1648666425,367.54,367.6,367.54,367.59,367.579,54,17
1648666430,367.58,367.58,367.56,367.56,367.57,4,4
1648666435,367.56,367.59,367.56,367.59,367.578,11,7
1648666440,367.57,367.57,367.55,367.55,367.569,74,10
1648666445,367.57,367.57,367.52,367.53,367.554,89,28
1648666450,367.53,367.53,367.47,367.48,367.489,90,29
1648666455,367.48,367.52,367.48,367.48,367.495,56,25
1648666460,367.49,367.54,367.49,367.53,367.52,51,21
1648666465,367.54,367.55,367.47,367.47,367.508,201,70
1648666470,367.5,367.51,367.5,367.5,367.501,5,4
1648666475,367.52,367.58,367.52,367.58,367.559,104,26
1648666480,367.58,367.59,367.55,367.55,367.584,115,34
1648666485,367.55,367.57,367.55,367.55,367.555,16,7
1648666490,367.55,367.55,367.52,367.53,367.525,28,10
1648666495,367.54,367.54,367.52,367.54,367.528,53,19
1648666500,367.54,367.55,367.51,367.53,367.534,45,24
1648666505,367.52,367.54,367.51,367.52,367.525,23,11
1648666510,367.52,367.56,367.52,367.55,367.552,46,18
1648666515,367.58,367.66,367.57,367.66,367.62,70,24
1648666520,367.66,367.67,367.62,367.64,367.655,50,27
1648666525,367.65,367.68,367.64,367.67,367.65,102,27
1648666530,367.69,367.76,367.67,367.76,367.714,231,69
1648666535,367.75,367.87,367.74,367.85,367.815,273,108
1648666540,367.86,367.88,367.84,367.86,367.868,258,72
1648666545,367.88,367.88,367.79,367.84,367.823,45,24
1648666550,367.83,367.86,367.82,367.86,367.833,161,72
1648666555,367.85,367.85,367.81,367.84,367.836,91,37
1648666560,367.86,367.87,367.83,367.87,367.856,59,26
1648666565,367.86,367.87,367.84,367.86,367.852,69,30
1648666570,367.85,367.91,367.84,367.91,367.881,466,133
1648666575,367.91,367.92,367.82,367.83,367.897,278,55
1648666580,367.84,367.85,367.74,367.76,367.799,123,40
1648666585,367.75,367.77,367.75,367.75,367.753,63,34
1648666590,367.76,367.82,367.75,367.82,367.789,80,12
1648666595,367.79,367.8,367.75,367.75,367.776,54,32
1648666600,367.74,367.75,367.72,367.75,367.734,146,47
1648666605,367.74,367.8,367.73,367.76,367.747,59,14
1648666610,367.74,367.74,367.72,367.74,367.736,15,10
1648666615,367.71,367.71,367.65,367.68,367.698,141,48
1648666620,367.67,367.74,367.67,367.69,367.699,120,50
1648666625,367.67,367.67,367.57,367.57,367.622,86,53
1648666630,367.57,367.59,367.54,367.55,367.558,45,37
1648666635,367.54,367.55,367.46,367.46,367.51,132,72
1648666640,367.48,367.52,367.47,367.51,367.49,220,45
1648666645,367.5,367.5,367.42,367.42,367.455,181,60
1648666650,367.44,367.45,367.34,367.38,367.392,436,151
1648666655,367.41,367.49,367.4,367.45,367.424,142,56
1648666660,367.44,367.45,367.42,367.43,367.433,44,23
1648666665,367.4,367.41,367.38,367.4,367.391,120,33
1648666670,367.38,367.4,367.36,367.4,367.385,94,29
1648666675,367.4,367.4,367.37,367.39,367.384,17,10
1648666680,367.37,367.37,367.27,367.28,367.308,292,108
1648666685,367.27,367.33,367.24,367.29,367.271,182,68
1648666690,367.27,367.35,367.27,367.33,367.324,206,35
1648666695,367.32,367.34,367.27,367.33,367.301,50,18
1648666700,367.36,367.36,367.29,367.29,367.319,108,30
1648666705,367.27,367.28,367.23,367.27,367.261,99,52
1648666710,367.24,367.25,367.18,367.24,367.211,165,62
1648666715,367.25,367.25,367.19,367.19,367.217,20,8
1648666720,367.18,367.21,367.17,367.21,367.175,73,31
1648666725,367.21,367.21,367.17,367.17,367.185,128,51
1648666730,367.17,367.2,367.17,367.17,367.182,145,53
1648666735,367.18,367.2,367.18,367.19,367.192,44,12
1648666740,367.17,367.18,367.13,367.16,367.154,253,91
1648666745,367.16,367.16,367.12,367.16,367.137,13,11
1648666750,367.17,367.17,367.14,367.16,367.156,81,16
1648666755,367.16,367.23,367.16,367.21,367.201,73,43
1648666760,367.21,367.21,367.2,367.2,367.204,63,14
1648666765,367.21,367.22,367.19,367.21,367.204,22,10
1648666770,367.21,367.28,367.21,367.28,367.242,280,39
1648666775,367.26,367.28,367.22,367.22,367.254,72,19
1648666780,367.23,367.24,367.22,367.24,367.233,10,6
1648666785,367.23,367.23,367.22,367.22,367.226,39,6
1648666790,367.23,367.25,367.22,367.25,367.241,12,7
1648666795,367.22,367.26,367.22,367.26,367.241,10,9
1648666800,367.29,367.29,367.13,367.14,367.158,97,26
1648666805,367.14,367.16,367.13,367.14,367.142,13,8
1648666810,367.13,367.22,367.13,367.2,367.197,20,12
1648666815,367.2,367.24,367.19,367.24,367.217,37,20
1648666820,367.21,367.21,367.19,367.19,367.199,4,4
1648666825,367.2,367.23,367.19,367.23,367.208,43,28
1648666830,367.24,367.31,367.24,367.31,367.262,68,42
1648666835,367.3,367.34,367.29,367.31,367.314,174,40
1648666840,367.31,367.33,367.29,367.29,367.308,85,41
1648666845,367.31,367.31,367.21,367.22,367.256,134,45
1648666850,367.25,367.25,367.19,367.19,367.214,89,27
1648666855,367.19,367.19,367.17,367.18,367.181,53,27
1648666860,367.19,367.19,367.09,367.1,367.108,190,89
1648666865,367.1,367.19,367.09,367.19,367.143,115,56
1648666870,367.19,367.21,367.13,367.14,367.17,45,27
1648666875,367.12,367.14,367.08,367.1,367.104,133,76
1648666880,367.09,367.1,367.07,367.08,367.084,69,40
1648666885,367.08,367.09,367.05,367.05,367.064,41,31
1648666890,367.06,367.14,367.05,367.14,367.1,117,49
1648666895,367.13,367.15,367.11,367.11,367.124,60,29
1648666900,367.11,367.15,367.09,367.1,367.113,25,16
1648666905,367.1,367.1,367.08,367.09,367.084,27,5
1648666910,367.07,367.15,367.07,367.14,367.117,51,34
1648666915,367.15,367.18,367.15,367.18,367.171,56,40
1648666920,367.15,367.16,367.11,367.11,367.147,63,21
1648666925,367.11,367.12,367.07,367.11,367.095,138,69
1648666930,367.1,367.11,367.08,367.08,367.096,130,38
1648666935,367.07,367.08,367.06,367.06,367.063,53,16
1648666940,367.05,367.06,367.03,367.05,367.045,28,20
1648666945,367.05,367.09,367.05,367.08,367.065,79,51
1648666950,367.08,367.15,367.08,367.13,367.127,1024,371
1648666955,367.13,367.14,367.11,367.13,367.132,72,26
1648666960,367.13,367.19,367.13,367.19,367.169,98,33
1648666965,367.19,367.22,367.16,367.17,367.187,60,37
1648666970,367.16,367.18,367.13,367.18,367.164,59,30
1648666975,367.18,367.2,367.18,367.19,367.19,53,20
1648666980,367.18,367.19,367.11,367.11,367.147,261,59
1648666985,367.11,367.14,367.08,367.14,367.103,70,26
1648666990,367.11,367.12,367.07,367.1,367.086,17,13
1648666995,367.12,367.14,367.09,367.1,367.103,101,39
1648667000,367.1,367.13,367.08,367.1,367.103,34,19
1648667005,367.09,367.1,367.05,367.05,367.07,36,13
1648667010,367.05,367.05,367.01,367.04,367.02,321,84
1648667015,367.04,367.05,367.01,367.03,367.026,109,41
1648667020,367.02,367.08,367.01,367.05,367.055,57,26
1648667025,367.08,367.12,367.07,367.07,367.091,107,40
1648667030,367.06,367.09,367.05,367.08,367.066,40,18
1648667035,367.08,367.09,367.02,367.03,367.058,21,11
1648667040,367.02,367.02,366.94,366.96,366.996,350,121
1648667045,366.96,366.99,366.93,366.93,366.951,67,32
1648667050,366.93,366.95,366.92,366.92,366.942,177,40
1648667055,366.93,366.94,366.87,366.91,366.904,199,84
1648667060,366.9,366.91,366.85,366.87,366.879,121,47
1648667065,366.88,366.95,366.87,366.94,366.913,316,78
1648667070,366.95,366.95,366.9,366.94,366.926,54,41
1648667075,366.93,366.95,366.86,366.87,366.913,141,49
1648667080,366.88,366.89,366.84,366.85,366.851,41,22
1648667085,366.85,366.86,366.84,366.86,366.854,36,29
1648667090,366.86,366.9,366.85,366.9,366.874,91,57
1648667095,366.9,366.91,366.86,366.86,366.881,73,14
1648667100,366.86,366.87,366.81,366.84,366.845,142,60
1648667105,366.81,366.82,366.77,366.77,366.8,96,37
1648667110,366.78,366.8,366.75,366.79,366.766,168,56
1648667115,366.79,366.85,366.79,366.82,366.819,52,24
1648667120,366.81,366.83,366.8,366.83,366.821,34,20
1648667125,366.82,366.84,366.72,366.72,366.813,206,52
1648667130,366.72,366.78,366.71,366.77,366.751,213,71
1648667135,366.77,366.79,366.76,366.78,366.774,126,24
1648667140,366.78,366.86,366.76,366.86,366.799,314,86
1648667145,366.87,366.91,366.82,366.9,366.856,88,41
1648667150,366.89,366.94,366.89,366.93,366.916,261,58
1648667155,366.93,366.96,366.93,366.93,366.938,96,22
1648667160,366.93,366.94,366.87,366.88,366.916,109,47
1648667165,366.9,366.97,366.9,366.96,366.961,128,36
1648667170,366.96,366.97,366.91,366.94,366.932,201,72
1648667175,366.94,366.96,366.88,366.93,366.927,133,49
1648667180,366.93,366.99,366.91,366.97,366.973,396,127
1648667185,366.98,366.98,366.95,366.97,366.964,27,13
1648667190,366.95,366.96,366.94,366.94,366.949,28,13
1648667195,366.95,366.96,366.94,366.95,366.951,30,15
1648667200,366.94,367.01,366.94,367.0,366.98,123,63
1648667205,367.03,367.04,367.01,367.03,367.03,112,46
1648667210,367.04,367.07,367.04,367.06,367.055,59,21
1648667215,367.05,367.07,366.97,366.97,367.033,50,16
1648667220,366.99,367.0,366.83,366.83,366.936,155,68
1648667225,366.84,366.88,366.81,366.86,366.836,123,30
1648667230,366.86,366.86,366.83,366.83,366.846,28,19
1648667235,366.85,366.86,366.81,366.83,366.824,54,16
1648667240,366.84,366.86,366.83,366.85,366.847,45,30
1648667245,366.84,366.88,366.84,366.88,366.859,17,11
1648667250,366.88,366.96,366.88,366.92,366.917,111,55
1648667255,366.93,366.94,366.9,366.91,366.923,113,44
1648667260,366.9,366.91,366.84,366.85,366.893,167,51
1648667265,366.84,366.84,366.8,366.8,366.825,167,33
1648667270,366.8,366.83,366.78,366.81,366.807,53,28
1648667275,366.8,366.85,366.8,366.85,366.834,80,23
1648667280,366.84,366.85,366.78,366.84,366.815,164,58
1648667285,366.85,366.87,366.84,366.86,366.849,55,20
1648667290,366.86,366.86,366.83,366.85,366.849,83,26
1648667295,366.83,366.84,366.79,366.79,366.807,55,24
1648667300,366.8,366.8,366.78,366.8,366.787,93,31
1648667305,366.8,366.81,366.71,366.72,366.779,132,40
1648667310,366.71,366.76,366.69,366.75,366.716,233,84
1648667315,366.76,366.84,366.75,366.8,366.793,438,146
1648667320,366.81,366.87,366.79,366.87,366.822,133,64
1648667325,366.86,366.87,366.77,366.77,366.851,59,22
1648667330,366.76,366.76,366.73,366.73,366.748,66,18
1648667335,366.72,366.72,366.69,366.69,366.712,46,20
1648667340,366.7,366.75,366.64,366.7,366.694,65,31
1648667345,366.68,366.73,366.64,366.69,366.683,114,53
1648667350,366.69,366.7,366.65,366.68,366.674,211,46
1648667355,366.67,366.74,366.66,366.74,366.699,84,45
1648667360,366.7,366.8,366.7,366.77,366.767,536,209
1648667365,366.77,366.77,366.71,366.72,366.723,62,11
1648667370,366.72,366.74,366.71,366.74,366.728,26,17
1648667375,366.72,366.72,366.68,366.68,366.706,83,28
1648667380,366.69,366.7,366.64,366.65,366.679,69,19
1648667385,366.65,366.71,366.65,366.69,366.682,86,35
1648667390,366.7,366.74,366.7,366.72,366.712,34,17
1648667395,366.7,366.73,366.69,366.7,366.699,83,29
1648667400,366.72,366.72,366.65,366.65,366.664,33,14
1648667405,366.63,366.65,366.61,366.63,366.627,89,30
1648667410,366.64,366.64,366.59,366.62,366.61,286,87
1648667415,366.6,366.64,366.59,366.6,366.616,125,55
1648667420,366.61,366.61,366.58,366.59,366.593,25,20
1648667425,366.59,366.59,366.57,366.59,366.586,139,25
1648667430,366.59,366.73,366.58,366.73,366.626,653,260
1648667435,366.73,366.79,366.68,366.76,366.746,150,49
1648667440,366.77,366.77,366.66,366.66,366.727,106,44
1648667445,366.66,366.67,366.64,366.65,366.648,157,61
1648667450,366.61,366.65,366.6,366.64,366.634,20,14
1648667455,366.66,366.68,366.65,366.67,366.668,12,6
1648667460,366.69,366.69,366.66,366.67,366.675,111,33
1648667465,366.66,366.68,366.65,366.68,366.666,48,22
1648667470,366.68,366.69,366.63,366.64,366.652,54,29
1648667475,366.65,366.72,366.65,366.65,366.679,108,48
1648667480,366.65,366.65,366.62,366.62,366.644,48,25
1648667485,366.64,366.66,366.64,366.66,366.651,68,28
1648667490,366.66,366.66,366.58,366.58,366.611,55,39
1648667495,366.58,366.6,366.56,366.57,366.575,142,60
1648667500,366.59,366.59,366.53,366.56,366.548,133,57
1648667505,366.54,366.57,366.53,366.53,366.558,66,32
1648667510,366.53,366.58,366.51,366.57,366.55,95,50
1648667515,366.55,366.62,366.55,366.57,366.598,152,43
1648667520,366.55,366.55,366.51,366.53,366.526,100,43
1648667525,366.52,366.57,366.51,366.56,366.554,176,59
1648667530,366.56,366.59,366.55,366.56,366.571,107,48
1648667535,366.57,366.65,366.57,366.64,366.613,95,54
1648667540,366.64,366.64,366.57,366.58,366.607,62,27
1648667545,366.57,366.57,366.53,366.56,366.553,49,15
1648667550,366.55,366.56,366.54,366.56,366.55,13,10
1648667555,366.56,366.58,366.55,366.56,366.567,130,44
1648667560,366.57,366.59,366.51,366.59,366.555,141,66
1648667565,366.58,366.61,366.58,366.59,366.597,89,36
1648667570,366.56,366.56,366.54,366.54,366.554,108,29
1648667575,366.57,366.61,366.56,366.59,366.59,117,32
1648667580,366.6,366.69,366.58,366.69,366.62,280,103
1648667585,366.69,366.79,366.68,366.79,366.735,258,79
1648667590,366.8,366.94,366.79,366.93,366.904,571,232
1648667595,366.93,366.95,366.87,366.87,366.918,873,219
1648667600,366.87,366.93,366.83,366.89,366.879,653,166
1648667605,366.89,366.91,366.83,366.85,366.879,113,51
1648667610,366.85,366.88,366.82,366.84,366.854,33,19
1648667615,366.87,366.87,366.75,366.8,366.787,358,110
1648667620,366.8,366.8,366.75,366.78,366.783,32,20
1648667625,366.77,366.85,366.77,366.83,366.82,88,47
1648667630,366.82,366.85,366.77,366.85,366.792,127,58
1648667635,366.82,366.85,366.82,366.85,366.831,58,28
1648667640,366.84,366.84,366.78,366.8,366.824,155,38
1648667645,366.78,366.8,366.77,366.78,366.786,144,26
1648667650,366.79,366.86,366.78,366.86,366.824,101,31
1648667655,366.86,366.86,366.8,366.82,366.835,20,10
1648667660,366.83,366.83,366.76,366.78,366.786,16,9
1648667665,366.8,366.8,366.77,366.77,366.783,30,15
1648667670,366.78,366.83,366.75,366.83,366.814,30,22
1648667675,366.82,366.88,366.82,366.87,366.842,129,62
1648667680,366.88,366.9,366.86,366.88,366.881,166,65
1648667685,366.9,366.95,366.9,366.95,366.937,458,123
1648667690,366.95,366.97,366.93,366.93,366.957,190,66
1648667695,366.96,366.96,366.88,366.93,366.92,191,62
1648667700,366.94,366.96,366.91,366.92,366.93,32,25
1648667705,366.92,366.93,366.83,366.86,366.86,264,85
1648667710,366.89,366.94,366.87,366.88,366.906,45,28
1648667715,366.92,366.99,366.92,366.99,366.957,180,76
1648667720,367.0,367.03,366.93,366.99,366.981,217,90
1648667725,366.97,367.01,366.95,366.97,366.98,148,27
1648667730,366.95,366.97,366.85,366.86,366.916,89,30
1648667735,366.87,366.92,366.87,366.9,366.9,144,52
1648667740,366.89,366.96,366.87,366.95,366.91,71,43
1648667745,366.95,366.95,366.86,366.88,366.895,115,43
1648667750,366.86,366.86,366.79,366.81,366.829,92,29
1648667755,366.8,366.84,366.8,366.83,366.818,151,66
1648667760,366.8,366.8,366.73,366.75,366.763,153,44
1648667765,366.72,366.76,366.71,366.72,366.728,169,52
1648667770,366.72,366.73,366.69,366.71,366.704,42,26
1648667775,366.67,366.71,366.65,366.67,366.673,143,42
1648667780,366.67,366.68,366.65,366.67,366.665,49,14
1648667785,366.67,366.69,366.62,366.63,366.663,27,10
1648667790,366.61,366.61,366.55,366.59,366.572,167,43
1648667795,366.58,366.63,366.54,366.61,366.572,141,62
1648667800,366.61,366.62,366.57,366.57,366.587,73,36
1648667805,366.54,366.59,366.53,366.58,366.566,47,38
1648667810,366.56,366.59,366.55,366.58,366.572,92,37
1648667815,366.57,366.59,366.55,366.59,366.57,68,29
1648667820,366.58,366.58,366.52,366.53,366.544,41,21
1648667825,366.52,366.54,366.51,366.52,366.526,51,17
1648667830,366.53,366.53,366.51,366.53,366.523,29,14
1648667835,366.52,366.52,366.5,366.51,366.507,54,21
1648667840,366.51,366.51,366.41,366.45,366.472,270,84
1648667845,366.44,366.48,366.42,366.48,366.436,53,24
1648667850,366.46,366.5,366.45,366.46,366.472,51,33
1648667855,366.46,366.47,366.45,366.47,366.46,27,19
1648667860,366.49,366.49,366.45,366.48,366.477,26,21
1648667865,366.48,366.48,366.44,366.46,366.462,53,29
1648667870,366.45,366.45,366.41,366.41,366.423,38,20
1648667875,366.42,366.43,366.39,366.43,366.403,345,112
1648667880,366.44,366.44,366.41,366.41,366.426,86,32
1648667885,366.42,366.42,366.34,366.35,366.381,179,73
1648667890,366.35,366.35,366.27,366.29,366.312,87,63
1648667895,366.28,366.3,366.25,366.25,366.277,169,71
1648667900,366.25,366.31,366.24,366.31,366.281,346,112
1648667905,366.31,366.32,366.27,366.27,366.287,73,34
1648667910,366.27,366.32,366.24,366.31,366.27,247,64
1648667915,366.31,366.33,366.29,366.31,366.309,59,37
1648667920,366.31,366.33,366.27,366.28,366.28,100,16
1648667925,366.26,366.27,366.24,366.25,366.251,62,35
1648667930,366.23,366.25,366.2,366.22,366.227,39,25
1648667935,366.22,366.24,366.21,366.23,366.224,69,34
1648667940,366.23,366.23,366.17,366.17,366.197,169,72
1648667945,366.2,366.22,366.18,366.2,366.204,325,114
1648667950,366.2,366.21,366.13,366.17,366.167,240,93
1648667955,366.18,366.18,366.14,366.14,366.157,48,32
1648667960,366.16,366.16,366.13,366.15,366.139,93,37
1648667965,366.13,366.2,366.1,366.2,366.133,113,49
1648667970,366.19,366.2,366.15,366.16,366.168,74,32
1648667975,366.16,366.27,366.15,366.26,366.207,253,111
1648667980,366.27,366.33,366.25,366.33,366.287,99,42
1648667985,366.32,366.35,366.3,366.35,366.314,144,42
1648667990,366.35,366.35,366.27,366.3,366.308,49,21
1648667995,366.28,366.28,366.23,366.23,366.258,115,55
1648668000,366.21,366.23,366.08,366.11,366.103,367,140
1648668005,366.11,366.11,366.05,366.07,366.089,165,73
1648668010,366.07,366.23,366.07,366.22,366.136,96,54
1648668015,366.21,366.24,366.16,366.18,366.205,63,39
1648668020,366.17,366.19,366.15,366.16,366.178,60,20
1648668025,366.11,366.12,366.09,366.1,366.113,62,29
1648668030,366.09,366.09,366.06,366.07,366.073,175,57
1648668035,366.07,366.07,366.05,366.06,366.065,69,35
1648668040,366.04,366.07,366.04,366.06,366.05,213,70
1648668045,366.07,366.07,366.03,366.03,366.043,316,92
1648668050,366.03,366.05,366.01,366.01,366.031,230,78
1648668055,366.02,366.02,365.98,366.0,365.996,331,124
1648668060,365.99,366.01,365.96,365.97,365.98,286,121
1648668065,365.99,366.01,365.97,366.0,365.996,57,42
1648668070,365.99,366.04,365.99,366.04,366.013,109,47
1648668075,366.04,366.05,366.02,366.02,366.036,82,30
1648668080,366.0,366.04,365.99,365.99,366.026,79,44
1648668085,365.99,366.03,365.99,366.02,366.023,118,55
1648668090,366.0,366.02,365.97,366.0,365.995,41,26
1648668095,366.0,366.0,365.96,365.99,365.975,103,46
1648668100,365.98,365.98,365.96,365.97,365.97,102,22
1648668105,365.98,366.02,365.97,366.02,365.978,89,35
1648668110,366.0,366.03,365.99,366.03,366.01,78,24
1648668115,366.02,366.11,366.0,366.11,366.07,1033,396
1648668120,366.11,366.11,366.03,366.05,366.062,199,62
1648668125,366.05,366.08,366.04,366.04,366.061,127,42
1648668130,366.05,366.05,366.03,366.05,366.047,35,9
1648668135,366.03,366.07,366.03,366.06,366.053,160,60
1648668140,366.07,366.1,366.05,366.05,366.083,208,81
1648668145,366.04,366.05,366.03,366.04,366.039,52,18
1648668150,366.04,366.07,366.03,366.05,366.052,17,15
1648668155,366.04,366.06,366.04,366.04,366.044,63,8
1648668160,366.05,366.05,365.97,366.0,365.998,46,29
1648668165,366.01,366.11,365.89,365.92,365.984,228,110
1648668170,365.9,365.98,365.86,365.94,365.904,318,96
1648668175,365.96,366.0,365.92,365.99,365.94,121,60
1648668180,365.95,365.96,365.83,365.85,365.886,136,55
1648668185,365.85,365.85,365.75,365.76,365.781,260,79
1648668190,365.77,365.78,365.71,365.71,365.74,259,98
1648668195,365.73,365.78,365.72,365.73,365.747,172,60
1648668200,365.73,365.77,365.73,365.75,365.742,176,58
1648668205,365.73,365.74,365.67,365.67,365.705,369,70
1648668210,365.67,365.7,365.63,365.65,365.666,274,91
1648668215,365.65,365.66,365.61,365.62,365.638,158,65
1648668220,365.63,365.65,365.59,365.62,365.617,161,72
1648668225,365.62,365.68,365.6,365.67,365.641,88,38
1648668230,365.67,365.72,365.65,365.71,365.693,509,180
1648668235,365.72,365.74,365.71,365.73,365.732,82,45
1648668240,365.69,365.71,365.65,365.68,365.688,162,85
1648668245,365.67,365.71,365.64,365.71,365.656,372,123
1648668250,365.72,365.76,365.7,365.71,365.728,279,89
1648668255,365.72,365.73,365.69,365.7,365.709,146,62
1648668260,365.71,365.73,365.71,365.73,365.723,61,27
1648668265,365.72,365.73,365.67,365.71,365.713,105,56
1648668270,365.73,365.75,365.72,365.73,365.743,164,48
1648668275,365.74,365.74,365.6,365.62,365.692,106,44
1648668280,365.61,365.62,365.57,365.59,365.583,112,52
1648668285,365.6,365.61,365.57,365.6,365.591,87,54
1648668290,365.59,365.63,365.58,365.63,365.607,91,45
1648668295,365.64,365.69,365.61,365.66,365.661,135,76
1648668300,365.66,365.67,365.57,365.58,365.6,92,43
1648668305,365.6,365.65,365.6,365.64,365.619,66,39
1648668310,365.62,365.62,365.57,365.59,365.594,133,53
1648668315,365.6,365.69,365.59,365.67,365.652,72,45
1648668320,365.69,365.69,365.63,365.63,365.663,81,37
1648668325,365.64,365.69,365.64,365.69,365.672,27,18
1648668330,365.67,365.75,365.67,365.74,365.715,116,47
1648668335,365.75,365.77,365.72,365.77,365.743,78,37
1648668340,365.77,365.81,365.75,365.8,365.788,406,94
1648668345,365.78,365.79,365.67,365.67,365.731,37,26
1648668350,365.69,365.73,365.68,365.72,365.694,49,13
1648668355,365.71,365.76,365.7,365.7,365.742,198,75
1648668360,365.69,365.73,365.68,365.72,365.707,129,39
1648668365,365.72,365.78,365.71,365.77,365.75,24,16
1648668370,365.75,365.78,365.75,365.76,365.754,42,10
1648668375,365.75,365.85,365.75,365.85,365.817,113,33
1648668380,365.84,365.85,365.8,365.82,365.825,305,97
1648668385,365.81,365.82,365.78,365.78,365.807,188,46
1648668390,365.8,365.82,365.79,365.81,365.805,60,36
1648668395,365.82,365.85,365.81,365.84,365.825,66,37
1648668400,365.85,365.91,365.84,365.89,365.876,138,42
1648668405,365.9,365.9,365.86,365.88,365.884,211,51
1648668410,365.89,365.93,365.86,365.93,365.888,358,105
1648668415,365.93,366.02,365.92,366.0,365.983,257,96
1648668420,366.03,366.06,365.94,366.05,366.0,205,97
1648668425,366.06,366.06,365.98,365.98,366.025,58,26
1648668430,365.99,366.07,365.99,366.05,366.019,93,32
1648668435,366.05,366.1,366.02,366.09,366.046,182,66
1648668440,366.1,366.11,366.05,366.05,366.086,199,68
1648668445,366.08,366.12,366.06,366.08,366.094,49,35
1648668450,366.09,366.11,366.07,366.08,366.095,211,57
1648668455,366.1,366.1,366.06,366.1,366.091,95,26
1648668460,366.1,366.16,366.09,366.09,366.116,135,62
1648668465,366.11,366.12,366.06,366.1,366.093,178,79
1648668470,366.09,366.11,366.04,366.08,366.082,107,51
1648668475,366.09,366.13,366.08,366.12,366.114,236,95
1648668480,366.12,366.13,366.02,366.06,366.095,191,116
1648668485,366.07,366.15,366.07,366.13,366.109,195,67
1648668490,366.12,366.22,366.11,366.22,366.161,172,79
1648668495,366.21,366.23,366.18,366.2,366.207,164,82
1648668500,366.21,366.29,366.2,366.2,366.255,195,116
1648668505,366.18,366.18,366.12,366.15,366.153,129,63
1648668510,366.16,366.18,366.12,366.13,366.153,120,64
1648668515,366.12,366.17,366.12,366.17,366.151,213,86
1648668520,366.17,366.2,366.13,366.18,366.162,101,62
1648668525,366.19,366.24,366.19,366.21,366.215,163,83
1648668530,366.21,366.23,366.16,366.18,366.197,47,31
1648668535,366.18,366.18,366.08,366.13,366.124,86,55
1648668540,366.12,366.13,366.03,366.04,366.073,134,70
1648668545,366.03,366.04,365.98,365.99,366.008,253,96
1648668550,366.0,366.04,365.98,366.03,366.009,158,77
1648668555,366.03,366.05,366.02,366.05,366.03,127,61
1648668560,366.04,366.08,366.0,366.01,366.019,129,45
1648668565,366.0,366.02,365.96,365.98,365.997,121,52
1648668570,366.0,366.0,365.97,366.0,365.991,62,30
1648668575,365.98,366.01,365.97,366.01,365.989,257,59
1648668580,365.99,366.07,365.96,366.04,365.989,45,24
1648668585,366.06,366.08,366.03,366.05,366.065,182,61
1648668590,366.05,366.14,366.05,366.1,366.102,95,32
1648668595,366.11,366.14,366.09,366.14,366.118,147,54
1648668600,366.14,366.14,366.0,366.02,366.053,147,60
1648668605,366.01,366.02,365.94,365.99,365.967,264,86
1648668610,365.98,366.12,365.97,366.12,366.036,58,41
1648668615,366.12,366.17,366.1,366.15,366.15,191,70
1648668620,366.13,366.14,366.11,366.11,366.128,45,11
1648668625,366.09,366.1,366.07,366.09,366.09,35,20
1648668630,366.07,366.08,365.94,366.0,365.984,86,47
1648668635,366.04,366.04,366.01,366.03,366.034,53,15
1648668640,366.04,366.13,366.04,366.11,366.102,97,50
1648668645,366.12,366.24,366.12,366.19,366.183,114,51
1648668650,366.19,366.22,366.18,366.2,366.21,122,28
1648668655,366.2,366.21,366.13,366.15,366.165,51,33
1648668660,366.13,366.16,366.12,366.13,366.132,149,25
1648668665,366.18,366.21,366.18,366.2,366.201,53,26
1648668670,366.21,366.25,366.2,366.22,366.225,204,55
1648668675,366.22,366.22,366.15,366.17,366.18,190,59
1648668680,366.18,366.23,366.18,366.23,366.209,34,28
1648668685,366.22,366.24,366.21,366.23,366.227,57,30
1648668690,366.24,366.37,366.24,366.34,366.314,383,153
1648668695,366.33,366.34,366.19,366.26,366.246,913,352
1648668700,366.24,366.36,366.23,366.33,366.311,110,43
1648668705,366.33,366.36,366.31,366.33,366.332,82,29
1648668710,366.33,366.35,366.31,366.34,366.321,222,88
1648668715,366.35,366.37,366.35,366.36,366.362,67,27
1648668720,366.37,366.44,366.36,366.36,366.399,230,89
1648668725,366.37,366.38,366.33,366.34,366.363,25,13
1648668730,366.35,366.42,366.35,366.4,366.391,27,17
1648668735,366.41,366.47,366.41,366.44,366.432,123,64
1648668740,366.44,366.46,366.44,366.46,366.446,86,33
1648668745,366.46,366.54,366.46,366.53,366.502,72,43
1648668750,366.53,366.58,366.5,366.57,366.525,109,61
1648668755,366.56,366.57,366.52,366.56,366.548,167,75
1648668760,366.56,366.59,366.53,366.55,366.561,61,29
1648668765,366.55,366.58,366.53,366.55,366.554,130,53
1648668770,366.55,366.56,366.52,366.53,366.54,269,79
1648668775,366.52,366.54,366.51,366.53,366.517,61,26
1648668780,366.54,366.56,366.47,366.48,366.528,75,27
1648668785,366.47,366.48,366.4,366.41,366.427,250,90
1648668790,366.42,366.46,366.42,366.46,366.442,50,20
1648668795,366.47,366.62,366.47,366.59,366.587,162,42
1648668800,366.59,366.65,366.58,366.63,366.62,134,40
1648668805,366.66,366.69,366.65,366.65,366.677,74,49
1648668810,366.65,366.69,366.64,366.67,366.67,41,21
1648668815,366.69,366.71,366.66,366.68,366.688,332,131
1648668820,366.68,366.69,366.65,366.66,366.674,140,105
1648668825,366.66,366.66,366.6,366.65,366.637,120,60
1648668830,366.64,366.65,366.61,366.65,366.639,106,30
1648668835,366.64,366.65,366.61,366.62,366.623,58,23
1648668840,366.61,366.67,366.58,366.63,366.625,161,75
1648668845,366.63,366.67,366.63,366.63,366.64,102,31
1648668850,366.63,366.65,366.56,366.56,366.584,138,28
1648668855,366.56,366.57,366.52,366.53,366.542,49,31
1648668860,366.52,366.53,366.51,366.52,366.524,151,37
1648668865,366.53,366.54,366.51,366.51,366.526,80,25
1648668870,366.51,366.53,366.39,366.42,366.448,172,61
1648668875,366.41,366.46,366.37,366.45,366.423,277,110
1648668880,366.45,366.49,366.45,366.47,366.463,31,23
1648668885,366.47,366.47,366.38,366.4,366.407,47,29
1648668890,366.41,366.44,366.41,366.43,366.426,31,21
1648668895,366.41,366.42,366.37,366.38,366.383,219,67
1648668900,366.36,366.56,366.36,366.43,366.485,103,57
1648668905,366.43,366.52,366.42,366.51,366.494,120,29
1648668910,366.44,366.46,366.41,366.41,366.435,23,15
1648668915,366.41,366.46,366.39,366.46,366.429,55,26
1648668920,366.46,366.46,366.42,366.42,366.44,45,24
1648668925,366.44,366.46,366.38,366.38,366.441,96,30
1648668930,366.38,366.47,366.36,366.46,366.416,47,35
1648668935,366.46,366.55,366.46,366.55,366.499,114,44
1648668940,366.53,366.57,366.49,366.49,366.528,151,56
1648668945,366.48,366.5,366.47,366.5,366.481,80,14
1648668950,366.48,366.55,366.46,366.52,366.51,112,60
1648668955,366.54,366.6,366.54,366.6,366.56,81,32
1648668960,366.6,366.61,366.52,366.59,366.584,85,38
1648668965,366.58,366.6,366.55,366.55,366.579,47,26
1648668970,366.58,366.66,366.57,366.65,366.638,87,17
1648668975,366.67,366.73,366.67,366.7,366.699,417,111
1648668980,366.7,366.75,366.69,366.72,366.719,245,42
1648668985,366.74,366.74,366.69,366.7,366.703,171,66
1648668990,366.68,366.68,366.61,366.63,366.642,81,48
1648668995,366.63,366.65,366.62,366.65,366.638,19,11
1648669000,366.62,366.62,366.57,366.59,366.588,70,29
1648669005,366.58,366.61,366.58,366.59,366.592,32,25
1648669010,366.57,366.71,366.57,366.69,366.63,179,50
1648669015,366.68,366.74,366.68,366.71,366.717,69,34
1648669020,366.7,366.77,366.68,366.76,366.735,118,57
1648669025,366.75,366.75,366.7,366.72,366.72,194,60
1648669030,366.74,366.74,366.64,366.64,366.701,124,49
1648669035,366.64,366.73,366.63,366.7,366.68,156,74
1648669040,366.7,366.71,366.69,366.71,366.699,32,6
1648669045,366.7,366.72,366.63,366.63,366.679,35,26
1648669050,366.64,366.7,366.63,366.69,366.657,37,25
1648669055,366.71,366.75,366.7,366.7,366.721,24,15
1648669060,366.71,366.72,366.7,366.71,366.709,17,8
1648669065,366.7,366.72,366.69,366.7,366.697,29,17
1648669070,366.68,366.69,366.66,366.68,366.679,18,13
1648669075,366.67,366.67,366.63,366.65,366.653,23,17
1648669080,366.63,366.63,366.53,366.57,366.578,210,83
1648669085,366.56,366.57,366.46,366.5,366.507,423,153
1648669090,366.49,366.49,366.41,366.43,366.437,395,148
1648669095,366.43,366.48,366.42,366.45,366.441,134,55
1648669100,366.45,366.46,366.39,366.43,366.427,329,126
1648669105,366.43,366.43,366.32,366.36,366.372,166,79
1648669110,366.36,366.37,366.27,366.29,366.331,204,110
1648669115,366.28,366.3,366.27,366.28,366.282,62,38
1648669120,366.27,366.3,366.24,366.24,366.277,207,98
1648669125,366.24,366.25,366.16,366.16,366.22,193,100
1648669130,366.16,366.18,366.15,366.15,366.164,123,94
1648669135,366.15,366.15,366.06,366.1,366.114,271,104
1648669140,366.1,366.18,366.06,366.17,366.12,341,138
1648669145,366.17,366.18,366.11,366.15,366.154,110,56
1648669150,366.15,366.18,366.14,366.18,366.159,38,23
1648669155,366.14,366.19,366.13,366.19,366.15,33,21
1648669160,366.17,366.18,366.16,366.17,366.166,57,24
1648669165,366.17,366.24,366.14,366.14,366.201,83,61
1648669170,366.13,366.22,366.12,366.15,366.163,119,54
1648669175,366.15,366.17,366.1,366.1,366.137,32,22
1648669180,366.12,366.13,366.07,366.07,366.102,84,42
1648669185,366.07,366.1,366.05,366.07,366.071,138,65
1648669190,366.08,366.16,366.08,366.12,366.131,188,76
1648669195,366.13,366.13,366.06,366.08,366.088,182,75
1648669200,366.07,366.12,366.05,366.05,366.092,240,110
1648669205,366.06,366.07,366.0,366.01,366.024,173,82
1648669210,366.01,366.01,365.88,365.96,365.926,241,105
1648669215,365.93,366.01,365.89,365.97,365.967,338,131
1648669220,365.98,365.98,365.87,365.88,365.92,77,38
1648669225,365.87,365.89,365.84,365.84,365.868,61,49
1648669230,365.83,365.85,365.77,365.78,365.794,172,73
1648669235,365.77,365.79,365.76,365.77,365.768,122,43
1648669240,365.77,365.87,365.77,365.87,365.807,90,60
1648669245,365.87,365.88,365.84,365.84,365.853,241,106
1648669250,365.85,365.86,365.82,365.82,365.833,41,23
1648669255,365.82,365.87,365.81,365.86,365.836,37,30
1648669260,365.86,365.97,365.83,365.91,365.904,119,56
1648669265,365.91,365.96,365.91,365.96,365.931,106,58
1648669270,365.96,365.98,365.83,365.83,365.902,111,47
1648669275,365.82,365.85,365.77,365.8,365.809,56,39
1648669280,365.81,365.84,365.8,365.84,365.825,65,43
1648669285,365.83,365.85,365.77,365.79,365.808,59,31
1648669290,365.78,365.8,365.74,365.8,365.773,98,37
1648669295,365.79,365.82,365.78,365.8,365.8,36,23
1648669300,365.79,365.8,365.76,365.78,365.785,58,32
1648669305,365.78,365.85,365.77,365.85,365.811,54,42
1648669310,365.85,365.94,365.85,365.94,365.899,92,63
1648669315,365.93,366.13,365.93,366.08,366.017,278,116
1648669320,366.1,366.27,366.03,366.21,366.136,300,141
1648669325,366.21,366.37,366.16,366.37,366.286,360,145
1648669330,366.34,366.38,366.33,366.38,366.361,186,94
1648669335,366.37,366.41,366.34,366.39,366.368,234,106
1648669340,366.38,366.44,366.37,366.41,366.407,117,84
1648669345,366.39,366.43,366.38,366.39,366.399,74,27
1648669350,366.39,366.41,366.38,366.39,366.388,48,29
1648669355,366.36,366.38,366.34,366.37,366.36,122,60
1648669360,366.36,366.44,366.34,366.43,366.381,233,122
1648669365,366.42,366.43,366.38,366.38,366.402,107,46
1648669370,366.37,366.43,366.37,366.43,366.402,39,28
1648669375,366.43,366.45,366.4,366.42,366.43,119,47
1648669380,366.45,366.52,366.29,366.37,366.378,282,130
1648669385,366.4,366.47,366.34,366.34,366.422,240,92
1648669390,366.36,366.36,366.29,366.34,366.324,162,54
1648669395,366.36,366.38,366.33,366.38,366.349,24,19
1648669400,366.37,366.42,366.37,366.38,366.379,38,13
1648669405,366.38,366.44,366.38,366.43,366.421,31,27
1648669410,366.42,366.45,366.38,366.38,366.424,44,41
1648669415,366.36,366.38,366.34,366.35,366.361,54,15
1648669420,366.35,366.35,366.26,366.26,366.284,67,40
1648669425,366.24,366.24,366.2,366.23,366.223,69,37
1648669430,366.22,366.24,366.19,366.21,366.216,58,24
1648669435,366.22,366.25,366.2,366.25,366.22,58,29
1648669440,366.25,366.26,366.16,366.23,366.193,115,66
1648669445,366.24,366.27,366.21,366.23,366.26,174,38
1648669450,366.23,366.3,366.23,366.29,366.274,74,42
1648669455,366.31,366.32,366.24,366.26,366.265,78,25
1648669460,366.25,366.27,366.23,366.25,366.263,71,29
1648669465,366.24,366.25,366.21,366.22,366.224,38,14
1648669470,366.2,366.22,366.17,366.17,366.192,53,24
1648669475,366.18,366.21,366.12,366.14,366.161,159,73
1648669480,366.15,366.17,366.13,366.16,366.148,155,51
1648669485,366.15,366.17,366.04,366.05,366.102,428,210
1648669490,366.06,366.09,366.03,366.09,366.058,95,54
1648669495,366.09,366.12,366.07,366.08,366.095,51,41
1648669500,366.11,366.27,366.11,366.24,366.198,121,72
1648669505,366.18,366.26,366.14,366.19,366.194,136,106
1648669510,366.22,366.31,366.2,366.28,366.26,226,99
1648669515,366.29,366.55,366.29,366.55,366.432,232,139
1648669520,366.56,366.63,366.54,366.6,366.582,122,97
1648669525,366.58,366.61,366.52,366.56,366.572,290,125
1648669530,366.57,366.58,366.45,366.48,366.515,123,81
1648669535,366.48,366.5,366.46,366.5,366.484,56,45
1648669540,366.5,366.51,366.46,366.46,366.488,190,64
1648669545,366.44,366.46,366.42,366.43,366.442,56,33
1648669550,366.43,366.51,366.43,366.5,366.487,44,29
1648669555,366.48,366.55,366.47,366.54,366.514,50,22
1648669560,366.52,366.53,366.44,366.44,366.502,24,18
1648669565,366.43,366.52,366.43,366.45,366.467,112,56
1648669570,366.44,366.59,366.44,366.57,366.526,62,43
1648669575,366.54,366.59,366.54,366.58,366.563,41,25
1648669580,366.57,366.79,366.57,366.79,366.706,276,141
1648669585,366.77,366.77,366.7,366.7,366.724,124,54
1648669590,366.7,366.76,366.68,366.72,366.714,103,61
1648669595,366.75,366.78,366.7,366.73,366.738,131,79
1648669600,366.69,366.74,366.68,366.72,366.706,317,104
1648669605,366.71,366.75,366.69,366.71,366.731,87,59
1648669610,366.72,366.76,366.71,366.75,366.732,70,55
1648669615,366.76,366.78,366.73,366.73,366.757,79,44
1648669620,366.72,366.74,366.66,366.73,366.695,179,95
1648669625,366.74,366.74,366.68,366.74,366.721,80,61
1648669630,366.73,366.74,366.68,366.71,366.703,47,38
1648669635,366.69,366.74,366.66,366.73,366.689,185,67
1648669640,366.74,366.93,366.74,366.91,366.843,392,234
1648669645,366.89,366.93,366.89,366.89,366.91,142,69
1648669650,366.92,366.95,366.88,366.89,366.922,319,148
1648669655,366.88,366.9,366.82,366.85,366.851,164,67
1648669660,366.83,366.9,366.83,366.89,366.868,63,36
1648669665,366.88,366.91,366.88,366.91,366.893,81,54
1648669670,366.91,366.93,366.89,366.92,366.917,80,53
1648669675,366.92,367.01,366.9,367.0,366.958,705,321
1648669680,367.03,367.07,367.0,367.05,367.031,359,202
1648669685,367.06,367.06,367.01,367.05,367.031,83,41
1648669690,367.05,367.13,367.04,367.04,367.084,178,98
1648669695,367.05,367.1,367.02,367.04,367.051,307,90
1648669700,367.04,367.05,366.96,366.98,367.006,581,226
1648669705,366.98,366.98,366.79,366.83,366.895,225,124
1648669710,366.83,366.88,366.79,366.86,366.834,97,72
1648669715,366.85,366.85,366.79,366.81,366.81,50,22
1648669720,366.8,366.92,366.8,366.9,366.84,279,124
1648669725,366.9,366.92,366.89,366.89,366.904,48,30
1648669730,366.88,367.0,366.88,367.0,366.924,219,97
1648669735,367.0,367.06,366.93,367.06,367.0,115,87
1648669740,367.04,367.04,366.95,366.98,367.0,43,25
1648669745,366.97,367.0,366.94,366.99,366.983,158,39
1648669750,366.98,367.0,366.86,366.86,366.917,143,51
1648669755,366.87,366.89,366.84,366.87,366.864,88,48
1648669760,366.86,366.88,366.82,366.84,366.854,224,118
1648669765,366.82,366.82,366.76,366.79,366.788,94,47
1648669770,366.79,366.82,366.78,366.78,366.801,46,31
1648669775,366.8,366.87,366.79,366.87,366.831,87,57
1648669780,366.87,366.91,366.84,366.86,366.882,100,58
1648669785,366.88,366.88,366.86,366.87,366.869,22,19
1648669790,366.88,366.88,366.81,366.84,366.838,65,43
1648669795,366.81,366.83,366.72,366.72,366.784,112,66
1648669800,366.73,366.77,366.19,366.38,366.43,1012,586
1648669805,366.36,366.52,366.32,366.49,366.382,523,199
1648669810,366.48,366.55,366.43,366.45,366.48,459,132
1648669815,366.47,366.47,366.36,366.39,366.426,54,38
1648669820,366.36,366.37,366.21,366.21,366.295,453,192
1648669825,366.21,366.36,366.19,366.25,366.261,402,262
1648669830,366.24,366.29,366.19,366.26,366.249,355,183
1648669835,366.26,366.31,366.23,366.29,366.27,151,99
1648669840,366.28,366.37,366.25,366.27,366.3,136,89
1648669845,366.27,366.4,366.22,366.4,366.291,115,81
1648669850,366.39,366.39,366.3,366.36,366.338,175,74
1648669855,366.38,366.41,366.27,366.33,366.321,260,123
1648669860,366.36,366.37,366.28,366.32,366.326,32,27
1648669865,366.29,366.36,366.28,366.33,366.318,153,67
1648669870,366.34,366.45,366.32,366.44,366.359,204,54
1648669875,366.4,366.41,366.29,366.31,366.327,302,116
1648669880,366.3,366.3,366.23,366.23,366.269,146,74
1648669885,366.25,366.25,366.19,366.21,366.218,74,36
1648669890,366.21,366.24,366.2,366.23,366.221,204,116
1648669895,366.22,366.26,366.04,366.07,366.151,455,167
1648669900,366.05,366.18,366.02,366.13,366.074,198,117
1648669905,366.14,366.14,366.05,366.06,366.086,132,58
1648669910,366.06,366.07,366.02,366.04,366.053,186,75
1648669915,366.01,366.05,366.0,366.02,366.014,81,44
1648669920,366.03,366.07,365.99,366.03,366.036,300,143
1648669925,366.04,366.11,366.02,366.03,366.067,64,41
1648669930,366.04,366.09,366.02,366.04,366.062,199,82
1648669935,366.03,366.04,365.97,366.04,366.002,161,81
1648669940,366.04,366.08,365.97,366.0,366.017,158,68
1648669945,366.0,366.02,365.97,365.99,365.992,62,36
1648669950,366.01,366.03,365.99,365.99,366.003,97,50
1648669955,366.0,366.01,365.96,366.0,365.986,111,68
1648669960,366.0,366.05,365.99,366.03,366.024,128,80
1648669965,366.01,366.18,366.01,366.08,366.109,189,106
1648669970,366.11,366.16,366.1,366.13,366.127,132,52
1648669975,366.13,366.15,366.09,366.11,366.117,134,76
1648669980,366.11,366.18,366.06,366.13,366.108,102,57
1648669985,366.12,366.14,365.97,366.05,366.039,292,134
1648669990,366.05,366.05,365.98,366.03,366.01,167,85
1648669995,366.03,366.1,366.03,366.06,366.054,233,121
1648670000,366.03,366.03,365.99,366.03,366.015,329,100
1648670005,366.0,366.07,366.0,366.04,366.03,68,44
1648670010,366.03,366.03,365.89,365.92,365.944,228,107
1648670015,365.91,365.92,365.88,365.91,365.895,71,47
1648670020,365.9,366.04,365.84,365.98,365.96,158,104
1648670025,365.98,366.01,365.91,365.97,365.976,178,106
1648670030,365.97,365.97,365.93,365.94,365.95,131,81
1648670035,365.96,366.0,365.94,365.98,365.969,85,62
1648670040,365.96,366.08,365.94,366.05,366.006,241,159
1648670045,366.06,366.08,366.01,366.06,366.063,148,73
1648670050,366.03,366.03,365.9,365.91,365.941,287,174
1648670055,365.93,365.96,365.9,365.96,365.939,278,96
1648670060,365.97,366.03,365.92,365.92,365.967,231,96
1648670065,365.91,365.92,365.88,365.91,365.902,54,33
1648670070,365.94,366.09,365.93,366.07,366.011,243,129
1648670075,366.07,366.11,366.04,366.09,366.075,149,98
1648670080,366.1,366.15,365.98,366.13,366.076,360,233
1648670085,366.13,366.13,366.09,366.12,366.116,106,64
1648670090,366.11,366.12,365.97,366.0,366.019,315,151
1648670095,365.97,365.97,365.91,365.94,365.948,181,79
1648670100,365.94,366.34,365.94,366.24,366.203,621,386
1648670105,366.23,366.33,366.21,366.27,366.264,359,209
1648670110,366.28,366.57,366.28,366.54,366.426,497,228
1648670115,366.55,366.65,366.53,366.62,366.599,268,149
1648670120,366.64,366.7,366.62,366.62,366.658,325,191
1648670125,366.62,366.65,366.52,366.52,366.579,291,135
1648670130,366.53,366.59,366.48,366.5,366.526,135,74
1648670135,366.5,366.59,366.49,366.57,366.534,127,53
1648670140,366.55,366.61,366.52,366.57,366.576,203,76
1648670145,366.55,366.56,366.52,366.54,366.541,134,50
1648670150,366.55,366.58,366.38,366.4,366.496,371,226
1648670155,366.42,366.5,366.4,366.42,366.457,104,79
1648670160,366.42,366.44,366.31,366.42,366.378,147,88
1648670165,366.44,366.55,366.43,366.44,366.509,154,90
1648670170,366.44,366.47,366.38,366.39,366.433,155,76
1648670175,366.39,366.49,366.38,366.46,366.437,139,89
1648670180,366.46,366.51,366.4,366.41,366.472,191,121
1648670185,366.4,366.46,366.38,366.41,366.408,105,66
1648670190,366.43,366.46,366.4,366.43,366.433,199,101
1648670195,366.42,366.51,366.41,366.43,366.459,350,176
1648670200,366.42,366.49,366.42,366.43,366.453,167,119
1648670205,366.45,366.46,366.42,366.44,366.446,191,97
1648670210,366.44,366.47,366.4,366.41,366.441,199,106
1648670215,366.42,366.51,366.41,366.5,366.475,1123,525
1648670220,366.49,366.55,366.49,366.54,366.515,211,151
1648670225,366.52,366.64,366.52,366.63,366.606,302,148
1648670230,366.63,366.69,366.61,366.61,366.653,445,177
1648670235,366.61,366.7,366.54,366.66,366.642,217,130
1648670240,366.66,366.74,366.65,366.69,366.703,208,113
1648670245,366.69,366.69,366.62,366.64,366.65,146,89
1648670250,366.65,366.69,366.6,366.68,366.637,803,288
1648670255,366.68,366.69,366.56,366.58,366.634,101,62
1648670260,366.58,366.62,366.5,366.51,366.585,249,100
1648670265,366.52,366.52,366.44,366.47,366.487,156,71
1648670270,366.47,366.56,366.47,366.53,366.526,194,77
1648670275,366.53,366.61,366.52,366.59,366.582,326,150
1648670280,366.59,366.75,366.58,366.66,366.675,809,403
1648670285,366.64,366.77,366.64,366.77,366.729,321,159
1648670290,366.77,366.8,366.7,366.7,366.759,270,137
1648670295,366.7,366.76,366.69,366.74,366.744,165,105
1648670300,366.76,366.79,366.73,366.74,366.77,156,92
1648670305,366.71,366.71,366.66,366.69,366.687,280,142
1648670310,366.68,366.7,366.58,366.58,366.676,297,107
1648670315,366.61,366.62,366.56,366.6,366.586,195,106
1648670320,366.62,366.66,366.61,366.65,366.629,202,102
1648670325,366.64,366.67,366.62,366.66,366.648,190,89
1648670330,366.67,366.76,366.67,366.73,366.7,328,159
1648670335,366.72,366.75,366.7,366.71,366.721,182,100
1648670340,366.71,366.79,366.71,366.76,366.76,330,141
1648670345,366.76,366.79,366.72,366.74,366.769,370,144
1648670350,366.74,366.86,366.74,366.85,366.79,390,193
1648670355,366.85,366.87,366.82,366.86,366.837,415,235
1648670360,366.86,366.91,366.86,366.89,366.891,329,218
1648670365,366.89,366.94,366.89,366.9,366.909,477,274
1648670370,366.9,366.91,366.7,366.71,366.818,405,272
1648670375,366.71,366.74,366.66,366.67,366.696,699,323
1648670380,366.69,366.86,366.68,366.83,366.805,711,337
1648670385,366.84,367.0,366.83,366.98,366.9,767,329
1648670390,366.98,367.05,366.97,366.99,367.022,971,371
1648670395,367.0,367.2,366.96,367.19,367.086,1231,549
1648670400,367.19,367.4,367.09,367.36,367.096,5101,40
1648670405,367.36,367.41,367.09,367.38,367.115,605,26
1648670410,367.35,367.42,367.35,367.4,367.392,65,20
1648670415,367.4,367.45,367.4,367.4,367.431,32,15
1648670420,367.4,367.4,367.32,367.35,367.351,20,10
1648670425,367.32,367.32,367.28,367.28,367.301,27,11
1648670430,367.25,367.29,367.09,367.26,367.166,63,12
1648670435,367.22,367.22,367.21,367.22,367.218,5,3
1648670440,367.2,367.21,367.2,367.2,367.205,14,9
1648670445,367.21,367.28,367.09,367.28,367.139,60,9
1648670450,367.26,367.4,367.26,367.39,367.374,60,16
1648670455,367.38,367.41,367.34,367.4,367.386,165,49
1648670460,367.4,367.41,367.39,367.39,367.397,36,16
1648670465,367.4,367.44,367.4,367.41,367.406,8,4
1648670470,367.41,367.41,367.37,367.37,367.377,30,6
1648670475,367.37,367.37,367.36,367.36,367.367,3,2
1648670480,367.31,367.31,367.28,367.28,367.301,16,5
1648670485,367.27,367.27,367.25,367.27,367.253,19,13
1648670490,367.24,367.3,367.24,367.3,367.263,21,11
1648670495,367.28,367.28,367.28,367.28,367.28,1,1
1648670500,367.26,367.28,367.25,367.27,367.26,205,27
1648670505,367.28,367.28,367.27,367.27,367.275,2,2
1648670510,367.26,367.27,367.25,367.26,367.26,299,56
1648670515,367.26,367.27,367.24,367.27,367.259,33,14
1648670520,367.26,367.26,367.25,367.25,367.255,7,4
1648670525,367.25,367.27,367.25,367.27,367.259,51,10
1648670530,367.07,367.07,367.06,367.07,367.069,4000,1
1648670535,367.25,367.25,367.25,367.25,367.25,37,8
1648670540,367.27,367.3,367.26,367.3,367.27,54,18
1648670545,367.27,367.27,367.27,367.27,367.27,15,4
1648670550,367.3,367.33,367.3,367.3,367.302,13,5
1648670555,367.3,367.31,367.3,367.3,367.3,0,0
1648670560,367.31,367.31,367.31,367.31,367.31,20,4
1648670565,367.34,367.35,367.34,367.35,367.347,6,3
1648670570,367.36,367.36,367.36,367.36,367.36,5,3
1648670575,367.35,367.35,367.35,367.35,367.35,3,3
1648670580,367.36,367.36,367.34,367.34,367.351,31,9
1648670585,367.34,367.34,367.34,367.34,367.34,2,2
1648670590,367.33,367.35,367.33,367.35,367.342,4,4
1648670595,367.38,367.38,367.38,367.38,367.38,5,4
1648670600,367.37,367.39,367.37,367.38,367.374,28,11
1648670605,367.39,367.39,367.38,367.38,367.385,20,10
1648670610,367.39,367.43,367.39,367.43,367.408,497,82
1648670615,367.42,367.47,367.42,367.47,367.465,68,19
1648670620,367.5,367.5,367.49,367.49,367.493,3,2
1648670625,367.49,367.52,367.49,367.52,367.501,57,15
1648670630,367.51,367.52,367.5,367.5,367.512,68,16
1648670635,367.48,367.48,367.47,367.48,367.475,20,6
1648670640,367.47,367.51,367.47,367.48,367.496,14,3
1648670645,367.47,367.47,367.47,367.47,367.47,39,6
1648670650,367.48,367.49,367.47,367.47,367.473,24,13
1648670655,367.48,367.49,367.47,367.49,367.483,15,8
1648670660,367.49,367.5,367.47,367.47,367.49,11,7
1648670665,367.49,367.49,367.47,367.47,367.488,22,5
1648670670,367.49,367.5,367.49,367.5,367.495,2,2
1648670675,367.52,367.52,367.52,367.52,367.52,8,3
1648670680,367.55,367.55,367.55,367.55,367.55,5,1
1648670685,367.59,367.59,367.55,367.57,367.579,19,7
1648670690,367.56,367.57,367.56,367.57,367.565,6,5
1648670695,367.6,367.6,367.59,367.59,367.596,10,5
1648670700,367.59,367.61,367.59,367.61,367.598,33,13
1648670705,367.59,367.61,367.59,367.59,367.604,33,8
1648670710,367.57,367.57,367.56,367.56,367.566,7,6
1648670715,367.57,367.6,367.56,367.6,367.581,438,79
1648670720,367.6,367.6,367.59,367.6,367.6,82,24
1648670725,367.57,367.57,367.54,367.54,367.562,25,5
1648670730,367.54,367.64,367.54,367.64,367.598,62,21
1648670735,367.64,367.7,367.64,367.7,367.669,11,6
1648670740,367.69,367.69,367.68,367.68,367.686,5,3
1648670745,367.72,367.72,367.68,367.71,367.689,83,21
1648670750,367.7,367.7,367.7,367.7,367.7,12,4
1648670755,367.71,367.71,367.68,367.68,367.691,19,7
1648670760,367.67,367.68,367.65,367.66,367.666,28,9
1648670765,367.65,367.65,367.63,367.63,367.645,34,18
1648670770,367.63,367.63,367.6,367.6,367.617,30,16
1648670775,367.6,367.6,367.6,367.6,367.6,0,0
1648670780,367.65,367.65,367.65,367.65,367.65,1,1
1648670785,367.63,367.63,367.62,367.62,367.621,6,2
1648670790,367.63,367.65,367.63,367.65,367.648,9,2
1648670795,367.63,367.65,367.63,367.63,367.645,13,6
1648670800,367.61,367.63,367.61,367.61,367.615,19,15
1648670805,367.6,367.61,367.6,367.61,367.6,197,56
1648670810,367.61,367.61,367.6,367.61,367.603,42,16
1648670815,367.6,367.6,367.6,367.6,367.6,25,12
1648670820,367.6,367.6,367.6,367.6,367.6,31,9
1648670825,367.6,367.62,367.59,367.62,367.598,64,16
1648670830,367.62,367.62,367.61,367.61,367.61,22,5
1648670835,367.62,367.62,367.61,367.61,367.619,29,10
1648670840,367.63,367.65,367.63,367.65,367.647,130,28
1648670845,367.65,367.67,367.64,367.67,367.653,309,50
1648670850,367.69,367.69,367.67,367.67,367.675,29,5
1648670855,367.68,367.7,367.68,367.7,367.691,94,25
1648670860,367.67,367.67,367.65,367.66,367.654,49,16
1648670865,367.66,367.66,367.66,367.66,367.66,9,3
1648670870,367.66,367.66,367.66,367.66,367.66,7,1
1648670875,367.66,367.66,367.66,367.66,367.66,8,1
1648670880,367.68,367.68,367.68,367.68,367.68,49,15
1648670885,367.68,367.68,367.68,367.68,367.68,0,0
1648670890,367.65,367.66,367.65,367.65,367.65,84,25
1648670895,367.66,367.66,367.63,367.63,367.647,35,13
1648670900,367.63,367.63,367.63,367.63,367.63,0,0
1648670905,367.62,367.62,367.58,367.58,367.606,18,8
1648670910,367.6,367.62,367.59,367.62,367.593,17,7
1648670915,367.63,367.64,367.62,367.62,367.637,20,5
1648670920,367.63,367.65,367.63,367.63,367.638,30,12
1648670925,367.64,367.64,367.64,367.64,367.64,1,1
1648670930,367.65,367.65,367.65,367.65,367.65,2,1
1648670935,367.63,367.64,367.6,367.6,367.616,46,18
1648670940,367.63,367.63,367.63,367.63,367.63,1,1
1648670945,367.59,367.59,367.59,367.59,367.59,1,1
1648670950,367.61,367.61,367.61,367.61,367.61,1,1
1648670955,367.6,367.6,367.58,367.58,367.581,138,34
1648670960,367.6,367.61,367.58,367.61,367.6,217,30
1648670965,367.6,367.6,367.6,367.6,367.6,209,35
1648670970,367.62,367.62,367.6,367.62,367.606,7,3
1648670975,367.63,367.63,367.63,367.63,367.63,146,36
1648670980,367.63,367.63,367.63,367.63,367.63,0,0
1648670985,367.63,367.63,367.63,367.63,367.63,0,0
1648670990,367.64,367.64,367.64,367.64,367.64,2,2
1648670995,367.63,367.63,367.63,367.63,367.63,1,1
1648671000,367.63,367.64,367.62,367.63,367.627,277,43
1648671005,367.66,367.66,367.64,367.64,367.65,11,3
1648671010,367.65,367.65,367.64,367.64,367.642,11,2
1648671015,367.64,367.64,367.63,367.63,367.638,6,2
1648671020,367.63,367.63,367.63,367.63,367.63,0,0
1648671025,367.63,367.64,367.63,367.64,367.631,30,12
1648671030,367.66,367.67,367.66,367.66,367.667,12,6
1648671035,367.67,367.67,367.67,367.67,367.67,5,1
1648671040,367.67,367.67,367.67,367.67,367.67,0,0
1648671045,367.66,367.69,367.66,367.69,367.673,123,27
1648671050,367.68,367.71,367.68,367.71,367.7,43,11
1648671055,367.7,367.7,367.7,367.7,367.7,1,1
1648671060,367.7,367.71,367.7,367.7,367.7,105,28
1648671065,367.7,367.71,367.7,367.71,367.7,88,19
1648671070,367.71,367.71,367.7,367.7,367.708,6,2
1648671075,367.7,367.7,367.7,367.7,367.7,0,0
1648671080,367.71,367.73,367.71,367.73,367.728,36,9
1648671085,367.73,367.73,367.73,367.73,367.73,0,0
1648671090,367.73,367.73,367.73,367.73,367.73,0,0
1648671095,367.7,367.7,367.7,367.7,367.7,5,1
1648671100,367.7,367.7,367.7,367.7,367.7,0,0
1648671105,367.74,367.74,367.74,367.74,367.74,2,2
1648671110,367.74,367.74,367.72,367.72,367.734,3,3
1648671115,367.74,367.74,367.74,367.74,367.74,5,4
1648671120,367.75,367.76,367.75,367.75,367.759,44,9
1648671125,367.73,367.73,367.73,367.73,367.73,2,1
1648671130,367.73,367.73,367.73,367.73,367.73,2,2
1648671135,367.73,367.73,367.73,367.73,367.73,0,0
1648671140,367.74,367.74,367.74,367.74,367.74,3,2
1648671145,367.76,367.76,367.76,367.76,367.76,4,2
1648671150,367.77,367.77,367.77,367.77,367.77,1,1
1648671155,367.76,367.76,367.76,367.76,367.76,3,2
1648671160,367.76,367.76,367.76,367.76,367.76,0,0
1648671165,367.76,367.76,367.76,367.76,367.76,0,0
1648671170,367.76,367.76,367.76,367.76,367.76,0,0
1648671175,367.74,367.74,367.74,367.74,367.74,4,2
1648671180,367.7,367.7,367.69,367.69,367.696,15,2
1648671185,367.7,367.7,367.7,367.7,367.7,1,1
1648671190,367.7,367.7,367.68,367.69,367.689,188,38
1648671195,367.65,367.67,367.63,367.67,367.642,33,9
1648671200,367.67,367.67,367.67,367.67,367.67,0,0
1648671205,367.69,367.7,367.69,367.7,367.692,6,2
1648671210,367.71,367.71,367.71,367.71,367.71,1,1
1648671215,367.71,367.71,367.71,367.71,367.71,0,0
1648671220,367.74,367.74,367.74,367.74,367.74,2,1
1648671225,367.74,367.75,367.72,367.75,367.745,56,12
1648671230,367.76,367.78,367.76,367.78,367.779,88,26
1648671235,367.78,367.8,367.78,367.8,367.781,52,7
1648671240,367.86,367.86,367.86,367.86,367.86,29,4
1648671245,367.87,367.89,367.87,367.88,367.881,71,12
1648671250,367.89,367.9,367.87,367.9,367.893,113,20
1648671255,367.82,367.82,367.82,367.82,367.82,5,1
1648671260,367.87,367.88,367.87,367.88,367.876,77,13
1648671265,367.85,367.85,367.85,367.85,367.85,25,3
1648671270,367.84,367.84,367.84,367.84,367.84,21,3
1648671275,367.83,367.85,367.83,367.85,367.833,6,2
1648671280,367.85,367.85,367.85,367.85,367.85,0,0
1648671285,367.85,367.85,367.85,367.85,367.85,3,1
1648671290,367.86,367.86,367.85,367.85,367.855,6,3
1648671295,367.85,367.85,367.85,367.85,367.85,0,0
1648671300,367.82,367.82,367.82,367.82,367.82,2,2
1648671305,367.81,367.81,367.81,367.81,367.81,5,1
1648671310,367.81,367.81,367.81,367.81,367.81,5,2
1648671315,367.81,367.81,367.81,367.81,367.81,0,0
1648671320,367.81,367.81,367.81,367.81,367.81,0,0
1648671325,367.8,367.8,367.78,367.78,367.79,20,3
1648671330,367.81,367.81,367.81,367.81,367.81,10,3
1648671335,367.81,367.81,367.81,367.81,367.81,1,1
1648671340,367.81,367.81,367.81,367.81,367.81,0,0
1648671345,367.77,367.78,367.77,367.78,367.77,51,2
1648671350,367.78,367.78,367.75,367.75,367.766,11,4
1648671355,367.75,367.75,367.74,367.74,367.743,10,2
1648671360,367.69,367.69,367.69,367.69,367.69,1,1
1648671365,367.67,367.67,367.67,367.67,367.67,3,1
1648671370,367.67,367.67,367.67,367.67,367.67,0,0
1648671375,367.66,367.66,367.66,367.66,367.66,1,1
1648671380,367.68,367.69,367.68,367.69,367.688,8,3
1648671385,367.68,367.69,367.68,367.69,367.683,3,3
1648671390,367.69,367.71,367.69,367.71,367.691,29,6
1648671395,367.7,367.7,367.7,367.7,367.7,4,4
1648671400,367.7,367.7,367.7,367.7,367.7,0,0
1648671405,367.7,367.7,367.7,367.7,367.7,0,0
1648671410,367.7,367.7,367.7,367.7,367.7,0,0
1648671415,367.7,367.7,367.7,367.7,367.7,0,0
1648671420,367.7,367.7,367.7,367.7,367.7,0,0
1648671425,367.69,367.69,367.69,367.69,367.69,8,2
1648671430,367.72,367.72,367.7,367.7,367.71,2,2
1648671435,367.7,367.7,367.7,367.7,367.7,4,1
1648671440,367.7,367.7,367.7,367.7,367.7,1,1
1648671445,367.7,367.7,367.7,367.7,367.7,0,0
1648671450,367.73,367.74,367.73,367.74,367.737,14,7
1648671455,367.75,367.76,367.75,367.76,367.757,3,2
1648671460,367.78,367.78,367.75,367.75,367.767,7,4
1648671465,367.75,367.75,367.75,367.75,367.75,0,0
1648671470,367.75,367.75,367.75,367.75,367.75,0,0
1648671475,367.73,367.73,367.73,367.73,367.73,3,2
1648671480,367.73,367.73,367.73,367.73,367.73,0,0
1648671485,367.73,367.73,367.73,367.73,367.73,0,0
1648671490,367.73,367.73,367.73,367.73,367.73,0,0
1648671495,367.73,367.73,367.73,367.73,367.73,0,0
1648671500,367.73,367.73,367.73,367.73,367.73,0,0
1648671505,367.73,367.73,367.73,367.73,367.73,0,0
1648671510,367.73,367.73,367.73,367.73,367.73,0,0
1648671515,367.78,367.8,367.7,367.7,367.734,341,80
1648671520,367.7,367.7,367.68,367.68,367.698,32,5
1648671525,367.66,367.66,367.66,367.66,367.66,1,1
1648671530,367.66,367.66,367.66,367.66,367.66,23,5
1648671535,367.69,367.69,367.68,367.68,367.682,6,4
1648671540,367.69,367.69,367.69,367.69,367.69,6,2
1648671545,367.69,367.69,367.68,367.68,367.688,6,3
1648671550,367.67,367.68,367.67,367.68,367.671,8,3
1648671555,367.68,367.68,367.68,367.68,367.68,0,0
1648671560,367.63,367.64,367.63,367.64,367.633,3,2
1648671565,367.62,367.63,367.62,367.63,367.626,18,3
1648671570,367.63,367.63,367.63,367.63,367.63,0,0
1648671575,367.63,367.63,367.63,367.63,367.63,0,0
1648671580,367.63,367.63,367.63,367.63,367.63,0,0
1648671585,367.63,367.63,367.63,367.63,367.63,8,3
1648671590,367.63,367.63,367.63,367.63,367.63,0,0
1648671595,367.63,367.63,367.63,367.63,367.63,0,0
1648671600,367.66,367.68,367.66,367.68,367.672,15,5
1648671605,367.68,367.73,367.68,367.73,367.689,115,21
1648671610,367.7,367.7,367.7,367.7,367.7,1,1
1648671615,367.7,367.7,367.7,367.7,367.7,4,4
1648671620,367.7,367.7,367.7,367.7,367.7,2,2
1648671625,367.72,367.72,367.66,367.66,367.673,28,15
1648671630,367.66,367.66,367.66,367.66,367.66,0,0
1648671635,367.72,367.72,367.72,367.72,367.72,3,3
1648671640,367.73,367.73,367.73,367.73,367.73,7,2
1648671645,367.73,367.73,367.73,367.73,367.73,0,0
1648671650,367.73,367.73,367.73,367.73,367.73,0,0
1648671655,367.73,367.73,367.73,367.73,367.73,0,0
1648671660,367.73,367.73,367.73,367.73,367.73,0,0
1648671665,367.73,367.73,367.73,367.73,367.73,0,0
1648671670,367.73,367.73,367.73,367.73,367.73,0,0
1648671675,367.73,367.73,367.73,367.73,367.73,0,0
1648671680,367.73,367.73,367.73,367.73,367.73,0,0
1648671685,367.73,367.73,367.73,367.73,367.73,0,0
1648671690,367.73,367.73,367.73,367.73,367.73,0,0
1648671695,367.68,367.68,367.68,367.68,367.68,4,3
1648671700,367.68,367.68,367.68,367.68,367.68,0,0
1648671705,367.68,367.68,367.68,367.68,367.68,0,0
1648671710,367.66,367.66,367.66,367.66,367.66,1,1
1648671715,367.66,367.66,367.66,367.66,367.66,0,0
1648671720,367.66,367.66,367.66,367.66,367.66,0,0
1648671725,367.72,367.72,367.72,367.72,367.72,1,1
1648671730,367.72,367.72,367.72,367.72,367.72,0,0
1648671735,367.72,367.72,367.72,367.72,367.72,0,0
1648671740,367.72,367.72,367.72,367.72,367.72,0,0
1648671745,367.72,367.72,367.72,367.72,367.72,0,0
1648671750,367.72,367.72,367.72,367.72,367.72,0,0
1648671755,367.69,367.69,367.69,367.69,367.69,1,1
1648671760,367.69,367.69,367.69,367.69,367.69,5,3
1648671765,367.69,367.69,367.69,367.69,367.69,0,0
1648671770,367.69,367.69,367.69,367.69,367.69,0,0
1648671775,367.69,367.69,367.69,367.69,367.69,0,0
1648671780,367.69,367.69,367.69,367.69,367.69,0,0
1648671785,367.69,367.69,367.69,367.69,367.69,10,2
1648671790,367.71,367.71,367.7,367.71,367.71,10,1
1648671795,367.71,367.71,367.7,367.71,367.71,0,0
1648671800,367.71,367.71,367.7,367.71,367.71,0,0
1648671805,367.71,367.71,367.7,367.71,367.71,0,0
1648671810,367.71,367.71,367.7,367.71,367.71,0,0
1648671815,367.71,367.71,367.7,367.71,367.71,0,0
1648671820,367.71,367.71,367.71,367.71,367.71,1,1
1648671825,367.71,367.71,367.71,367.71,367.71,0,0
1648671830,367.71,367.71,367.71,367.71,367.71,0,0
1648671835,367.71,367.71,367.71,367.71,367.71,0,0
1648671840,367.71,367.71,367.71,367.71,367.71,0,0
1648671845,367.71,367.71,367.71,367.71,367.71,0,0
1648671850,367.67,367.67,367.67,367.67,367.67,8,6
1648671855,367.67,367.67,367.67,367.67,367.67,0,0
1648671860,367.67,367.67,367.67,367.67,367.67,0,0
1648671865,367.67,367.67,367.67,367.67,367.67,0,0
1648671870,367.66,367.66,367.66,367.66,367.66,2,2
1648671875,367.65,367.65,367.65,367.65,367.65,8,1
1648671880,367.65,367.65,367.65,367.65,367.65,0,0
1648671885,367.65,367.65,367.65,367.65,367.65,0,0
1648671890,367.65,367.65,367.65,367.65,367.65,0,0
1648671895,367.65,367.65,367.65,367.65,367.65,0,0
1648671900,367.65,367.65,367.65,367.65,367.65,0,0
1648671905,367.65,367.65,367.65,367.65,367.65,0,0
1648671910,367.65,367.65,367.65,367.65,367.65,0,0
1648671915,367.65,367.65,367.65,367.65,367.65,0,0
1648671920,367.65,367.65,367.65,367.65,367.65,6,4
1648671925,367.65,367.65,367.65,367.65,367.65,0,0
1648671930,367.65,367.65,367.65,367.65,367.65,0,0
1648671935,367.65,367.65,367.65,367.65,367.65,0,0
1648671940,367.65,367.65,367.65,367.65,367.65,0,0
1648671945,367.65,367.65,367.65,367.65,367.65,0,0
1648671950,367.65,367.65,367.65,367.65,367.65,0,0
1648671955,367.65,367.65,367.65,367.65,367.65,0,0
1648671960,367.65,367.65,367.65,367.65,367.65,2,1
1648671965,367.65,367.65,367.65,367.65,367.65,0,0
1648671970,367.65,367.65,367.65,367.65,367.65,0,0
1648671975,367.66,367.67,367.66,367.66,367.661,50,4
1648671980,367.66,367.68,367.66,367.68,367.67,9,7
1648671985,367.69,367.69,367.69,367.69,367.69,7,2
1648671990,367.71,367.74,367.71,367.74,367.728,23,9
1648671995,367.74,367.76,367.74,367.76,367.75,4,3
1648672000,367.76,367.76,367.76,367.76,367.76,0,0
1648672005,367.76,367.76,367.76,367.76,367.76,0,0
1648672010,367.76,367.76,367.76,367.76,367.76,0,0
1648672015,367.76,367.76,367.76,367.76,367.76,0,0
1648672020,367.76,367.76,367.76,367.76,367.76,0,0
1648672025,367.76,367.76,367.76,367.76,367.76,0,0
1648672030,367.7,367.7,367.7,367.7,367.7,1,1
1648672035,367.7,367.7,367.7,367.7,367.7,0,0
1648672040,367.7,367.7,367.7,367.7,367.7,0,0
1648672045,367.7,367.7,367.7,367.7,367.7,0,0
1648672050,367.7,367.7,367.7,367.7,367.7,0,0
1648672055,367.7,367.7,367.7,367.7,367.7,0,0
1648672060,367.7,367.7,367.7,367.7,367.7,0,0
1648672065,367.09,367.09,367.09,367.09,367.09,3,1
1648672070,367.09,367.09,367.09,367.09,367.09,0,0
1648672075,367.09,367.09,367.09,367.09,367.09,0,0
1648672080,367.73,367.73,367.7,367.72,367.708,111,24
1648672085,367.74,367.74,367.74,367.74,367.74,2,1
1648672090,367.74,367.74,367.74,367.74,367.74,0,0
1648672095,367.75,367.75,367.75,367.75,367.75,1,1
1648672100,367.75,367.75,367.75,367.75,367.75,0,0
1648672105,367.75,367.75,367.75,367.75,367.75,0,0
1648672110,367.75,367.75,367.75,367.75,367.75,0,0
1648672115,367.75,367.75,367.75,367.75,367.75,0,0
1648672120,367.75,367.75,367.75,367.75,367.75,0,0
1648672125,367.75,367.75,367.75,367.75,367.75,0,0
1648672130,367.75,367.75,367.75,367.75,367.75,0,0
1648672135,367.72,367.73,367.72,367.72,367.72,10,2
1648672140,367.76,367.76,367.76,367.76,367.76,2,2
1648672145,367.76,367.76,367.76,367.76,367.76,0,0
1648672150,367.74,367.74,367.74,367.74,367.74,5,2
1648672155,367.73,367.74,367.73,367.74,367.733,3,2
1648672160,367.74,367.74,367.74,367.74,367.74,0,0
1648672165,367.74,367.74,367.74,367.74,367.74,0,0
1648672170,367.74,367.74,367.74,367.74,367.74,0,0
1648672175,367.74,367.74,367.74,367.74,367.74,0,0
1648672180,367.76,367.76,367.74,367.76,367.748,107,15
1648672185,367.76,367.76,367.76,367.76,367.76,27,6
1648672190,367.74,367.74,367.74,367.74,367.74,1,1
1648672195,367.74,367.74,367.74,367.74,367.74,0,0
1648672200,367.74,367.74,367.74,367.74,367.74,0,0
1648672205,367.74,367.74,367.74,367.74,367.74,0,0
1648672210,367.76,367.78,367.75,367.78,367.762,61,9
1648672215,367.78,367.78,367.78,367.78,367.78,0,0
1648672220,367.78,367.78,367.78,367.78,367.78,0,0
1648672225,367.78,367.78,367.78,367.78,367.78,5,3
1648672230,367.77,367.77,367.76,367.76,367.766,2,2
1648672235,367.79,367.79,367.79,367.79,367.79,2,1
1648672240,367.79,367.79,367.77,367.77,367.783,3,3
1648672245,367.77,367.77,367.77,367.77,367.77,7,3
1648672250,367.78,367.79,367.78,367.79,367.788,4,3
1648672255,367.79,367.79,367.79,367.79,367.79,0,0
1648672260,367.81,367.81,367.81,367.81,367.81,6,3
1648672265,367.81,367.81,367.81,367.81,367.81,0,0
1648672270,367.82,367.82,367.82,367.82,367.82,3,1
1648672275,367.82,367.82,367.82,367.82,367.82,0,0
1648672280,367.81,367.81,367.8,367.8,367.804,5,3
1648672285,367.83,367.83,367.83,367.83,367.83,2,2
1648672290,367.8,367.8,367.8,367.8,367.8,5,3
1648672295,367.81,367.81,367.81,367.81,367.81,1,1
1648672300,367.81,367.81,367.81,367.81,367.81,0,0
1648672305,367.81,367.81,367.81,367.81,367.81,0,0
1648672310,367.81,367.81,367.81,367.81,367.81,0,0
1648672315,367.09,367.09,367.09,367.09,367.09,429,1
1648672320,367.09,367.09,367.09,367.09,367.09,0,0
1648672325,367.09,367.09,367.09,367.09,367.09,0,0
1648672330,367.09,367.09,367.09,367.09,367.09,0,0
1648672335,367.09,367.09,367.09,367.09,367.09,0,0
1648672340,367.83,367.83,367.83,367.83,367.83,1,1
1648672345,367.83,367.83,367.83,367.83,367.83,0,0
1648672350,367.84,367.84,367.84,367.84,367.84,10,5
1648672355,367.84,367.84,367.84,367.84,367.84,0,0
1648672360,367.84,367.84,367.84,367.84,367.84,0,0
1648672365,367.84,367.84,367.84,367.84,367.84,0,0
1648672370,367.84,367.84,367.84,367.84,367.84,0,0
1648672375,367.84,367.84,367.84,367.84,367.84,0,0
1648672380,367.83,367.83,367.83,367.83,367.83,2,1
1648672385,367.83,367.83,367.83,367.83,367.83,0,0
1648672390,367.83,367.83,367.83,367.83,367.83,0,0
1648672395,367.83,367.83,367.83,367.83,367.83,1,1
1648672400,367.83,367.83,367.83,367.83,367.83,0,0
1648672405,367.83,367.83,367.83,367.83,367.83,3,2
1648672410,367.83,367.83,367.83,367.83,367.83,0,0
1648672415,367.83,367.83,367.83,367.83,367.83,0,0
1648672420,367.83,367.83,367.83,367.83,367.83,0,0
1648672425,367.85,367.85,367.85,367.85,367.85,3,2
1648672430,367.85,367.85,367.85,367.85,367.85,0,0
1648672435,367.85,367.85,367.85,367.85,367.85,0,0
1648672440,367.85,367.85,367.85,367.85,367.85,0,0
1648672445,367.83,367.83,367.83,367.83,367.83,3,3
1648672450,367.83,367.83,367.83,367.83,367.83,0,0
1648672455,367.83,367.83,367.83,367.83,367.83,0,0
1648672460,367.82,367.82,367.82,367.82,367.82,1,1
1648672465,367.82,367.82,367.82,367.82,367.82,0,0
1648672470,367.82,367.82,367.82,367.82,367.82,0,0
1648672475,367.82,367.82,367.82,367.82,367.82,0,0
1648672480,367.82,367.82,367.82,367.82,367.82,0,0
1648672485,367.82,367.82,367.82,367.82,367.82,0,0
1648672490,367.82,367.82,367.82,367.82,367.82,0,0
1648672495,367.82,367.82,367.82,367.82,367.82,0,0
1648672500,367.82,367.82,367.82,367.82,367.82,0,0
1648672505,367.82,367.82,367.82,367.82,367.82,0,0
1648672510,367.82,367.82,367.82,367.82,367.82,0,0
1648672515,367.82,367.82,367.82,367.82,367.82,0,0
1648672520,367.82,367.82,367.82,367.82,367.82,0,0
1648672525,367.82,367.82,367.82,367.82,367.82,0,0
1648672530,367.82,367.82,367.82,367.82,367.82,0,0
1648672535,367.82,367.82,367.82,367.82,367.82,0,0
1648672540,367.82,367.82,367.82,367.82,367.82,0,0
1648672545,367.82,367.82,367.82,367.82,367.82,0,0
1648672550,367.82,367.82,367.82,367.82,367.82,0,0
1648672555,367.82,367.82,367.82,367.82,367.82,2,1
1648672560,367.82,367.82,367.82,367.82,367.82,0,0
1648672565,367.82,367.82,367.82,367.82,367.82,0,0
1648672570,367.82,367.82,367.82,367.82,367.82,0,0
1648672575,367.82,367.82,367.82,367.82,367.82,0,0
1648672580,367.82,367.82,367.82,367.82,367.82,0,0
1648672585,367.82,367.82,367.82,367.82,367.82,0,0
1648672590,367.82,367.82,367.82,367.82,367.82,0,0
1648672595,367.82,367.82,367.82,367.82,367.82,0,0
1648672600,367.82,367.82,367.82,367.82,367.82,0,0
1648672605,367.82,367.82,367.82,367.82,367.82,0,0
1648672610,367.82,367.82,367.82,367.82,367.82,0,0
1648672615,367.82,367.82,367.82,367.82,367.82,0,0
1648672620,367.82,367.82,367.82,367.82,367.82,0,0
1648672625,367.82,367.82,367.82,367.82,367.82,0,0
1648672630,367.82,367.82,367.82,367.82,367.82,0,0
1648672635,367.82,367.82,367.82,367.82,367.82,0,0
1648672640,367.82,367.82,367.82,367.82,367.82,0,0
1648672645,367.82,367.82,367.82,367.82,367.82,0,0
1648672650,367.82,367.84,367.82,367.84,367.827,2,2
1648672655,367.84,367.84,367.84,367.84,367.84,0,0
1648672660,367.84,367.84,367.84,367.84,367.84,0,0
1648672665,367.82,367.83,367.82,367.82,367.82,24,11
1648672670,367.82,367.82,367.82,367.82,367.82,0,0
1648672675,367.82,367.83,367.82,367.83,367.82,35,26
1648672680,367.81,367.83,367.81,367.81,367.811,36,14
1648672685,367.81,367.81,367.81,367.81,367.81,0,0
1648672690,367.81,367.81,367.81,367.81,367.81,0,0
1648672695,367.81,367.81,367.81,367.81,367.81,0,0
1648672700,367.81,367.81,367.81,367.81,367.81,0,0
1648672705,367.81,367.81,367.81,367.81,367.81,0,0
1648672710,367.81,367.81,367.81,367.81,367.81,0,0
1648672715,367.81,367.81,367.81,367.81,367.81,0,0
1648672720,367.81,367.81,367.81,367.81,367.81,0,0
1648672725,367.8,367.82,367.8,367.82,367.802,8,6
1648672730,367.82,367.82,367.82,367.82,367.82,0,0
1648672735,367.82,367.82,367.82,367.82,367.82,0,0
1648672740,367.82,367.82,367.82,367.82,367.82,0,0
1648672745,367.82,367.82,367.82,367.82,367.82,0,0
1648672750,367.82,367.82,367.82,367.82,367.82,0,0
1648672755,367.8,367.81,367.8,367.81,367.802,14,5
1648672760,367.8,367.8,367.8,367.8,367.8,11,6
1648672765,367.8,367.8,367.8,367.8,367.8,0,0
1648672770,367.8,367.8,367.8,367.8,367.8,0,0
1648672775,367.8,367.8,367.8,367.8,367.8,0,0
1648672780,367.8,367.8,367.8,367.8,367.8,3,2
1648672785,367.77,367.77,367.77,367.77,367.77,5,2
1648672790,367.77,367.77,367.77,367.77,367.77,0,0
1648672795,367.77,367.77,367.77,367.77,367.77,0,0
1648672800,367.77,367.77,367.77,367.77,367.77,0,0
1648672805,367.77,367.77,367.77,367.77,367.77,0,0
1648672810,367.78,367.8,367.78,367.8,367.798,12,4
1648672815,367.8,367.8,367.8,367.8,367.8,0,0
1648672820,367.8,367.8,367.8,367.8,367.8,0,0
1648672825,367.8,367.8,367.8,367.8,367.8,0,0
1648672830,367.8,367.8,367.8,367.8,367.8,0,0
1648672835,367.79,367.8,367.79,367.79,367.795,13,6
1648672840,367.79,367.79,367.79,367.79,367.79,0,0
1648672845,367.79,367.79,367.79,367.79,367.79,19,9
1648672850,367.79,367.79,367.79,367.79,367.79,0,0
1648672855,367.79,367.79,367.79,367.79,367.79,0,0
1648672860,367.79,367.79,367.79,367.79,367.79,0,0
1648672865,367.79,367.79,367.79,367.79,367.79,0,0
1648672870,367.79,367.79,367.79,367.79,367.79,0,0
1648672875,367.79,367.79,367.79,367.79,367.79,0,0
1648672880,367.79,367.79,367.79,367.79,367.79,0,0
1648672885,367.79,367.79,367.79,367.79,367.79,0,0
1648672890,367.78,367.78,367.78,367.78,367.78,3,1
1648672895,367.79,367.79,367.79,367.79,367.79,5,3
1648672900,367.79,367.79,367.79,367.79,367.79,0,0
1648672905,367.81,367.83,367.81,367.83,367.818,2,2
1648672910,367.81,367.83,367.81,367.81,367.814,5,5
1648672915,367.81,367.81,367.81,367.81,367.81,0,0
1648672920,367.8,367.8,367.8,367.8,367.8,1,1
1648672925,367.8,367.8,367.8,367.8,367.8,0,0
1648672930,367.8,367.8,367.8,367.8,367.8,0,0
1648672935,367.8,367.8,367.8,367.8,367.8,0,0
1648672940,367.8,367.8,367.8,367.8,367.8,0,0
1648672945,367.85,367.85,367.85,367.85,367.85,14,5
1648672950,367.85,367.85,367.85,367.85,367.85,0,0
1648672955,367.85,367.85,367.85,367.85,367.85,1,1
1648672960,367.85,367.85,367.85,367.85,367.85,2,2
1648672965,367.85,367.85,367.85,367.85,367.85,0,0
1648672970,367.85,367.85,367.85,367.85,367.85,0,0
1648672975,367.85,367.85,367.85,367.85,367.85,0,0
1648672980,367.85,367.85,367.85,367.85,367.85,0,0
1648672985,367.82,367.82,367.82,367.82,367.82,10,5
1648672990,367.85,367.85,367.85,367.85,367.85,1,1
1648672995,367.85,367.85,367.85,367.85,367.85,0,0
1648673000,367.85,367.85,367.85,367.85,367.85,0,0
1648673005,367.85,367.85,367.85,367.85,367.85,0,0
1648673010,367.85,367.85,367.85,367.85,367.85,0,0
1648673015,367.85,367.85,367.85,367.85,367.85,0,0
1648673020,367.88,367.88,367.88,367.88,367.88,10,2
1648673025,367.85,367.85,367.85,367.85,367.85,1,1
1648673030,367.85,367.85,367.85,367.85,367.85,0,0
1648673035,367.85,367.85,367.85,367.85,367.85,0,0
1648673040,367.85,367.85,367.85,367.85,367.85,0,0
1648673045,367.85,367.85,367.85,367.85,367.85,0,0
1648673050,367.85,367.85,367.85,367.85,367.85,0,0
1648673055,367.85,367.85,367.85,367.85,367.85,0,0
1648673060,367.09,367.09,367.09,367.09,367.09,483,1
1648673065,367.09,367.09,367.09,367.09,367.09,0,0
1648673070,367.09,367.09,367.09,367.09,367.09,0,0
1648673075,367.09,367.09,367.09,367.09,367.09,0,0
1648673080,367.09,367.09,367.09,367.09,367.09,0,0
1648673085,367.09,367.09,367.09,367.09,367.09,0,0
1648673090,367.89,367.89,367.89,367.89,367.89,7,3
1648673095,367.89,367.89,367.89,367.89,367.89,0,0
1648673100,367.89,367.89,367.89,367.89,367.89,2,2
1648673105,367.93,367.95,367.93,367.95,367.935,18,6
1648673110,367.98,367.98,367.98,367.98,367.98,2,1
1648673115,368.0,368.0,368.0,368.0,368.0,4,1
1648673120,368.0,368.0,368.0,368.0,368.0,0,0
1648673125,367.96,367.96,367.96,367.96,367.96,5,2
1648673130,367.96,367.96,367.96,367.96,367.96,0,0
1648673135,367.96,367.96,367.96,367.96,367.96,0,0
1648673140,367.94,367.94,367.94,367.94,367.94,2,1
1648673145,367.94,367.94,367.94,367.94,367.94,0,0
1648673150,367.91,367.91,367.91,367.91,367.91,1,1
1648673155,367.9,367.9,367.9,367.9,367.9,7,3
1648673160,367.89,367.89,367.89,367.89,367.89,1,1
1648673165,367.89,367.89,367.89,367.89,367.89,1,1
1648673170,367.89,367.89,367.89,367.89,367.89,0,0
1648673175,367.85,367.85,367.85,367.85,367.85,5,3
1648673180,367.85,367.85,367.85,367.85,367.85,0,0
1648673185,367.85,367.85,367.85,367.85,367.85,0,0
1648673190,367.85,367.85,367.85,367.85,367.85,0,0
1648673195,367.85,367.85,367.85,367.85,367.85,0,0
1648673200,367.91,367.91,367.91,367.91,367.91,5,3
1648673205,367.89,367.89,367.89,367.89,367.89,1,1
1648673210,367.89,367.89,367.89,367.89,367.89,1,1
1648673215,367.89,367.89,367.89,367.89,367.89,0,0
1648673220,367.97,367.98,367.96,367.98,367.967,96,14
1648673225,367.98,367.98,367.98,367.98,367.98,0,0
1648673230,367.98,367.98,367.98,367.98,367.98,0,0
1648673235,367.97,367.97,367.97,367.97,367.97,2,1
1648673240,367.97,367.97,367.97,367.97,367.97,0,0
1648673245,367.97,367.97,367.97,367.97,367.97,0,0
1648673250,367.97,367.97,367.97,367.97,367.97,0,0
1648673255,367.97,367.97,367.97,367.97,367.97,0,0
1648673260,367.93,367.97,367.93,367.97,367.931,31,2
1648673265,367.97,367.97,367.97,367.97,367.97,0,0
1648673270,367.94,367.95,367.94,367.94,367.941,1,1
1648673275,367.94,367.95,367.94,367.94,367.94,0,0
1648673280,367.94,367.95,367.94,367.94,367.94,0,0
1648673285,367.98,367.98,367.98,367.98,367.98,2,1
1648673290,367.99,368.0,367.99,368.0,367.999,13,5
1648673295,368.01,368.03,368.01,368.02,368.022,6,5
1648673300,368.02,368.02,368.02,368.02,368.02,2,2
1648673305,368.02,368.02,368.02,368.02,368.02,0,0
1648673310,368.01,368.01,368.01,368.01,368.01,2,2
1648673315,368.01,368.01,368.01,368.01,368.01,0,0
1648673320,368.01,368.01,368.01,368.01,368.01,0,0
1648673325,367.94,367.94,367.94,367.94,367.94,1,1
1648673330,367.94,367.94,367.94,367.94,367.94,0,0
1648673335,367.89,367.91,367.89,367.91,367.893,7,3
1648673340,367.91,367.91,367.91,367.91,367.91,0,0
1648673345,367.91,367.91,367.91,367.91,367.91,0,0
1648673350,367.91,367.91,367.91,367.91,367.91,0,0
1648673355,367.91,367.91,367.91,367.91,367.91,0,0
1648673360,367.91,367.91,367.91,367.91,367.91,1,1
1648673365,367.91,367.91,367.91,367.91,367.91,0,0
1648673370,367.91,367.91,367.91,367.91,367.91,0,0
1648673375,368.0,368.0,368.0,368.0,368.0,5,1
1648673380,368.0,368.0,368.0,368.0,368.0,0,0
1648673385,368.03,368.03,368.03,368.03,368.03,23,5
1648673390,368.03,368.03,368.03,368.03,368.03,5,2
1648673395,368.01,368.01,368.01,368.01,368.01,52,3
1648673400,368.01,368.01,368.01,368.01,368.01,7,2
1648673405,368.01,368.01,368.01,368.01,368.01,0,0
1648673410,368.01,368.01,368.01,368.01,368.01,0,0
1648673415,368.01,368.01,368.01,368.01,368.01,0,0
1648673420,368.0,368.0,368.0,368.0,368.0,5,1
1648673425,368.0,368.0,368.0,368.0,368.0,0,0
1648673430,368.0,368.0,368.0,368.0,368.0,0,0
1648673435,368.0,368.0,368.0,368.0,368.0,0,0
1648673440,368.0,368.0,368.0,368.0,368.0,0,0
1648673445,368.0,368.0,368.0,368.0,368.0,0,0
1648673450,368.0,368.0,368.0,368.0,368.0,0,0
1648673455,368.0,368.0,368.0,368.0,368.0,0,0
1648673460,368.0,368.0,368.0,368.0,368.0,0,0
1648673465,367.96,367.97,367.92,367.94,367.941,200,44
1648673470,367.94,367.94,367.94,367.94,367.94,0,0
1648673475,367.94,367.94,367.94,367.94,367.94,0,0
1648673480,367.94,367.94,367.94,367.94,367.94,0,0
1648673485,367.94,367.94,367.94,367.94,367.94,0,0
1648673490,368.0,368.0,368.0,368.0,368.0,2,1
1648673495,368.0,368.0,368.0,368.0,368.0,10,2
1648673500,368.0,368.0,368.0,368.0,368.0,0,0
1648673505,368.0,368.0,368.0,368.0,368.0,0,0
1648673510,368.0,368.0,368.0,368.0,368.0,0,0
1648673515,368.0,368.0,368.0,368.0,368.0,0,0
1648673520,368.0,368.0,368.0,368.0,368.0,0,0
1648673525,368.0,368.0,368.0,368.0,368.0,1,1
1648673530,368.0,368.0,368.0,368.0,368.0,0,0
1648673535,368.01,368.01,368.01,368.01,368.01,1,1
1648673540,368.01,368.01,368.01,368.01,368.01,0,0
1648673545,368.01,368.01,368.01,368.01,368.01,0,0
1648673550,368.01,368.01,368.01,368.01,368.01,0,0
1648673555,368.01,368.01,368.01,368.01,368.01,0,0
1648673560,368.01,368.01,368.01,368.01,368.01,0,0
1648673565,368.01,368.01,368.01,368.01,368.01,0,0
1648673570,368.01,368.01,368.01,368.01,368.01,0,0
1648673575,368.01,368.01,368.01,368.01,368.01,0,0
1648673580,368.01,368.01,368.01,368.01,368.01,0,0
1648673585,368.01,368.01,368.01,368.01,368.01,0,0
1648673590,368.0,368.0,367.99,367.99,367.996,2,2
1648673595,367.99,367.99,367.99,367.99,367.99,0,0
1648673600,367.99,367.99,367.99,367.99,367.99,0,0
1648673605,367.99,367.99,367.99,367.99,367.99,0,0
1648673610,367.99,367.99,367.99,367.99,367.99,0,0
1648673615,367.99,367.99,367.99,367.99,367.99,0,0
1648673620,367.99,367.99,367.99,367.99,367.99,0,0
1648673625,367.99,367.99,367.99,367.99,367.99,0,0
1648673630,367.99,367.99,367.99,367.99,367.99,0,0
1648673635,367.99,367.99,367.99,367.99,367.99,0,0
1648673640,367.99,367.99,367.99,367.99,367.99,0,0
1648673645,367.99,367.99,367.99,367.99,367.99,0,0
1648673650,367.99,367.99,367.99,367.99,367.99,0,0
1648673655,367.99,367.99,367.99,367.99,367.99,0,0
1648673660,367.99,367.99,367.99,367.99,367.99,0,0
1648673665,367.98,367.98,367.98,367.98,367.98,36,5
1648673670,367.99,367.99,367.99,367.99,367.99,4,1
1648673675,368.0,368.0,368.0,368.0,368.0,2,1
1648673680,368.0,368.0,368.0,368.0,368.0,24,1
1648673685,368.0,368.0,368.0,368.0,368.0,0,0
1648673690,367.99,367.99,367.98,367.98,367.981,12,4
1648673695,367.98,367.98,367.98,367.98,367.98,0,0
1648673700,367.95,367.95,367.93,367.93,367.94,100,31
1648673705,367.93,367.93,367.93,367.93,367.93,0,0
1648673710,367.93,367.93,367.93,367.93,367.93,0,0
1648673715,367.93,367.93,367.93,367.93,367.93,8,3
1648673720,367.94,367.94,367.93,367.93,367.935,95,23
1648673725,367.92,367.92,367.92,367.92,367.92,20,10
1648673730,367.92,367.92,367.92,367.92,367.92,31,8
1648673735,367.94,367.95,367.94,367.95,367.945,51,13
1648673740,367.95,367.95,367.95,367.95,367.95,0,0
1648673745,367.95,367.95,367.95,367.95,367.95,0,0
1648673750,367.95,367.95,367.95,367.95,367.95,0,0
1648673755,367.95,367.95,367.95,367.95,367.95,0,0
1648673760,367.89,367.91,367.89,367.91,367.909,53,9
1648673765,367.91,367.91,367.91,367.91,367.91,1,1
1648673770,367.91,367.91,367.91,367.91,367.91,23,10
1648673775,367.91,367.91,367.91,367.91,367.91,0,0
1648673780,367.91,367.91,367.91,367.91,367.91,0,0
1648673785,367.91,367.91,367.91,367.91,367.91,0,0
1648673790,367.91,367.91,367.91,367.91,367.91,0,0
1648673795,367.93,367.93,367.93,367.93,367.93,1,1
1648673800,367.92,367.92,367.92,367.92,367.92,1,1
1648673805,367.91,367.91,367.91,367.91,367.91,36,9
1648673810,367.91,367.91,367.91,367.91,367.91,0,0
1648673815,367.94,367.94,367.94,367.94,367.94,10,3
1648673820,367.91,367.91,367.91,367.91,367.91,10,1
1648673825,367.91,367.91,367.91,367.91,367.91,1,1
1648673830,367.91,367.91,367.91,367.91,367.91,0,0
1648673835,367.91,367.91,367.91,367.91,367.91,0,0
1648673840,367.91,367.91,367.91,367.91,367.91,0,0
1648673845,367.91,367.91,367.91,367.91,367.91,0,0
1648673850,367.91,367.91,367.91,367.91,367.91,0,0
1648673855,367.93,367.93,367.93,367.93,367.93,4,1
1648673860,367.93,367.93,367.93,367.93,367.93,0,0
1648673865,367.93,367.93,367.93,367.93,367.93,0,0
1648673870,367.93,367.93,367.93,367.93,367.93,0,0
1648673875,367.93,367.93,367.93,367.93,367.93,0,0
1648673880,367.93,367.93,367.93,367.93,367.93,0,0
1648673885,367.93,367.93,367.93,367.93,367.93,0,0
1648673890,367.93,367.93,367.93,367.93,367.93,0,0
1648673895,367.93,367.93,367.93,367.93,367.93,0,0
1648673900,367.93,367.93,367.93,367.93,367.93,0,0
1648673905,367.93,367.93,367.93,367.93,367.93,0,0
1648673910,367.93,367.93,367.93,367.93,367.93,1,1
1648673915,367.91,367.91,367.91,367.91,367.91,18,4
1648673920,367.92,367.92,367.91,367.91,367.916,26,8
1648673925,367.91,367.91,367.91,367.91,367.91,0,0
1648673930,367.91,367.91,367.91,367.91,367.91,5,1
1648673935,367.91,367.91,367.91,367.91,367.91,0,0
1648673940,367.91,367.91,367.91,367.91,367.91,0,0
1648673945,367.91,367.91,367.91,367.91,367.91,0,0
1648673950,367.91,367.91,367.91,367.91,367.91,0,0
1648673955,367.91,367.91,367.91,367.91,367.91,0,0
1648673960,367.91,367.91,367.91,367.91,367.91,0,0
1648673965,367.91,367.91,367.91,367.91,367.91,0,0
1648673970,367.91,367.91,367.91,367.91,367.91,0,0
1648673975,367.91,367.91,367.91,367.91,367.91,0,0
1648673980,367.91,367.91,367.91,367.91,367.91,0,0
1648673985,367.91,367.91,367.91,367.91,367.91,0,0
1648673990,367.91,367.91,367.91,367.91,367.91,0,0
1648673995,367.9,367.9,367.9,367.9,367.9,8,1
1648674000,367.9,367.9,367.9,367.9,367.9,0,0
1648674005,367.9,367.9,367.9,367.9,367.9,0,0
1648674010,367.87,367.87,367.87,367.87,367.87,1,1
1648674015,367.87,367.87,367.87,367.87,367.87,0,0
1648674020,367.86,367.86,367.86,367.86,367.86,4,1
1648674025,367.86,367.86,367.86,367.86,367.86,0,0
1648674030,367.86,367.86,367.86,367.86,367.86,0,0
1648674035,367.86,367.86,367.86,367.86,367.86,0,0
1648674040,367.86,367.86,367.86,367.86,367.86,0,0
1648674045,367.86,367.86,367.86,367.86,367.86,0,0
1648674050,367.86,367.86,367.86,367.86,367.86,0,0
1648674055,367.86,367.86,367.86,367.86,367.86,0,0
1648674060,367.86,367.86,367.86,367.86,367.86,0,0
1648674065,367.86,367.86,367.86,367.86,367.86,0,0
1648674070,367.86,367.86,367.86,367.86,367.86,0,0
1648674075,367.86,367.86,367.86,367.86,367.86,0,0
1648674080,367.86,367.86,367.86,367.86,367.86,0,0
1648674085,367.86,367.86,367.86,367.86,367.86,0,0
1648674090,367.86,367.86,367.86,367.86,367.86,0,0
1648674095,367.87,367.87,367.87,367.87,367.87,2,1
1648674100,367.87,367.87,367.87,367.87,367.87,0,0
1648674105,367.87,367.87,367.87,367.87,367.87,0,0
1648674110,367.87,367.87,367.87,367.87,367.87,0,0
1648674115,367.87,367.87,367.87,367.87,367.87,0,0
1648674120,367.87,367.87,367.87,367.87,367.87,0,0
1648674125,367.87,367.87,367.87,367.87,367.87,0,0
1648674130,367.9,367.9,367.9,367.9,367.9,1,1
1648674135,367.9,367.9,367.9,367.9,367.9,0,0
1648674140,367.9,367.9,367.9,367.9,367.9,1,1
1648674145,367.9,367.9,367.9,367.9,367.9,0,0
1648674150,367.9,367.9,367.9,367.9,367.9,0,0
1648674155,367.9,367.9,367.9,367.9,367.9,0,0
1648674160,367.9,367.9,367.9,367.9,367.9,0,0
1648674165,367.93,367.93,367.93,367.93,367.93,4,2
1648674170,367.93,367.93,367.93,367.93,367.93,0,0
1648674175,367.93,367.93,367.93,367.93,367.93,0,0
1648674180,367.93,367.93,367.93,367.93,367.93,0,0
1648674185,367.93,367.93,367.93,367.93,367.93,0,0
1648674190,367.93,367.93,367.93,367.93,367.93,0,0
1648674195,367.93,367.93,367.93,367.93,367.93,0,0
1648674200,367.93,367.93,367.93,367.93,367.93,0,0
1648674205,367.93,367.93,367.93,367.93,367.93,0,0
1648674210,367.93,367.93,367.93,367.93,367.93,0,0
1648674215,367.93,367.93,367.93,367.93,367.93,0,0
1648674220,367.93,367.93,367.93,367.93,367.93,0,0
1648674225,367.93,367.93,367.93,367.93,367.93,0,0
1648674230,367.93,367.93,367.93,367.93,367.93,0,0
1648674235,367.93,367.93,367.93,367.93,367.93,0,0
1648674240,367.93,367.93,367.93,367.93,367.93,0,0
1648674245,367.88,367.88,367.88,367.88,367.88,1,1
1648674250,367.88,367.88,367.88,367.88,367.88,0,0
1648674255,367.88,367.88,367.88,367.88,367.88,0,0
1648674260,367.88,367.88,367.88,367.88,367.88,0,0
1648674265,367.87,367.88,367.87,367.87,367.874,11,3
1648674270,367.87,367.87,367.87,367.87,367.87,0,0
1648674275,367.87,367.87,367.87,367.87,367.87,0,0
1648674280,367.87,367.87,367.87,367.87,367.87,0,0
1648674285,367.87,367.87,367.87,367.87,367.87,0,0
1648674290,367.87,367.87,367.87,367.87,367.87,0,0
1648674295,367.87,367.87,367.87,367.87,367.87,0,0
1648674300,367.87,367.87,367.87,367.87,367.87,0,0
1648674305,367.87,367.87,367.87,367.87,367.87,0,0
1648674310,367.87,367.87,367.87,367.87,367.87,0,0
1648674315,367.87,367.87,367.87,367.87,367.87,0,0
1648674320,367.87,367.87,367.87,367.87,367.87,0,0
1648674325,367.87,367.87,367.87,367.87,367.87,0,0
1648674330,367.87,367.87,367.87,367.87,367.87,0,0
1648674335,367.87,367.87,367.87,367.87,367.87,0,0
1648674340,367.87,367.87,367.87,367.87,367.87,0,0
1648674345,367.87,367.87,367.87,367.87,367.87,0,0
1648674350,367.87,367.87,367.87,367.87,367.87,0,0
1648674355,367.87,367.87,367.87,367.87,367.87,0,0
1648674360,367.89,367.89,367.89,367.89,367.89,10,1
1648674365,367.89,367.89,367.89,367.89,367.89,0,0
1648674370,367.89,367.89,367.89,367.89,367.89,0,0
1648674375,367.9,367.9,367.9,367.9,367.9,4,1
1648674380,367.9,367.9,367.9,367.9,367.9,0,0
1648674385,367.9,367.9,367.9,367.9,367.9,0,0
1648674390,367.9,367.9,367.9,367.9,367.9,0,0
1648674395,367.9,367.9,367.9,367.9,367.9,0,0
1648674400,367.9,367.9,367.9,367.9,367.9,0,0
1648674405,367.9,367.9,367.9,367.9,367.9,0,0
1648674410,367.9,367.9,367.9,367.9,367.9,0,0
1648674415,367.9,367.9,367.9,367.9,367.9,0,0
1648674420,367.91,367.91,367.91,367.91,367.91,1,1
1648674425,367.91,367.91,367.91,367.91,367.91,0,0
1648674430,367.91,367.91,367.91,367.91,367.91,0,0
1648674435,367.93,367.93,367.92,367.92,367.922,24,2
1648674440,367.92,367.92,367.92,367.92,367.92,0,0
1648674445,367.92,367.92,367.92,367.92,367.92,1,1
1648674450,367.92,367.92,367.92,367.92,367.92,0,0
1648674455,367.91,367.93,367.09,367.09,367.092,8187,6
1648674460,367.09,367.09,367.09,367.09,367.09,0,0
1648674465,367.09,367.09,367.09,367.09,367.09,0,0
1648674470,367.09,367.09,367.09,367.09,367.09,0,0
1648674475,367.09,367.09,367.09,367.09,367.09,0,0
1648674480,367.09,367.09,367.09,367.09,367.09,0,0
1648674485,367.09,367.09,367.09,367.09,367.09,0,0
1648674490,367.91,367.93,367.9,367.93,367.924,15,2
1648674495,367.93,367.93,367.93,367.93,367.93,0,0
1648674500,367.93,367.93,367.93,367.93,367.93,0,0
1648674505,367.95,367.95,367.95,367.95,367.95,4,2
1648674510,367.95,367.95,367.95,367.95,367.95,1,1
1648674515,367.95,367.95,367.95,367.95,367.95,0,0
1648674520,367.95,367.95,367.95,367.95,367.95,5,1
1648674525,367.95,367.95,367.95,367.95,367.95,0,0
1648674530,367.97,367.97,367.93,367.93,367.945,13,3
1648674535,367.93,367.93,367.93,367.93,367.93,0,0
1648674540,367.93,367.93,367.93,367.93,367.93,0,0
1648674545,367.93,367.93,367.93,367.93,367.93,0,0
1648674550,367.93,367.93,367.93,367.93,367.93,0,0
1648674555,367.93,367.93,367.93,367.93,367.93,0,0
1648674560,367.93,367.93,367.93,367.93,367.93,0,0
1648674565,367.93,367.93,367.93,367.93,367.93,0,0
1648674570,367.93,367.93,367.93,367.93,367.93,0,0
1648674575,367.93,367.93,367.93,367.93,367.93,0,0
1648674580,367.93,367.93,367.93,367.93,367.93,0,0
1648674585,367.93,367.93,367.93,367.93,367.93,0,0
1648674590,367.93,367.93,367.93,367.93,367.93,2,1
1648674595,367.93,367.93,367.93,367.93,367.93,0,0
1648674600,367.95,367.95,367.95,367.95,367.95,1,1
1648674605,367.97,367.97,367.97,367.97,367.97,2,1
1648674610,367.97,367.97,367.97,367.97,367.97,0,0
1648674615,367.97,367.97,367.97,367.97,367.97,0,0
1648674620,367.97,367.97,367.97,367.97,367.97,0,0
1648674625,367.97,367.97,367.97,367.97,367.97,0,0
1648674630,367.97,367.97,367.97,367.97,367.97,0,0
1648674635,367.94,367.94,367.94,367.94,367.94,1,1
1648674640,367.94,367.94,367.94,367.94,367.94,0,0
1648674645,367.94,367.94,367.94,367.94,367.94,0,0
1648674650,367.94,367.94,367.94,367.94,367.94,0,0
1648674655,367.94,367.94,367.94,367.94,367.94,0,0
1648674660,367.94,367.94,367.94,367.94,367.94,0,0
1648674665,367.94,367.94,367.94,367.94,367.94,0,0
1648674670,367.95,367.95,367.95,367.95,367.95,5,1
1648674675,367.96,367.96,367.96,367.96,367.96,4,1
1648674680,367.96,367.96,367.96,367.96,367.96,0,0
1648674685,367.96,367.96,367.96,367.96,367.96,0,0
1648674690,367.96,367.96,367.96,367.96,367.96,0,0
1648674695,367.96,367.96,367.96,367.96,367.96,1,1
1648674700,367.96,367.96,367.96,367.96,367.96,0,0
1648674705,367.96,367.96,367.96,367.96,367.96,0,0
1648674710,367.96,367.96,367.96,367.96,367.96,0,0
1648674715,367.94,367.94,367.94,367.94,367.94,4,1
1648674720,367.94,367.94,367.94,367.94,367.94,0,0
1648674725,367.94,367.94,367.94,367.94,367.94,0,0
1648674730,367.94,367.94,367.94,367.94,367.94,1,1
1648674735,367.94,367.94,367.94,367.94,367.94,0,0
1648674740,367.94,367.94,367.94,367.94,367.94,0,0
1648674745,367.94,367.94,367.94,367.94,367.94,0,0
1648674750,367.94,367.94,367.94,367.94,367.94,0,0
1648674755,367.94,367.94,367.94,367.94,367.94,0,0
1648674760,367.94,367.94,367.94,367.94,367.94,0,0
1648674765,367.94,367.94,367.94,367.94,367.94,0,0
1648674770,367.94,367.94,367.94,367.94,367.94,0,0
1648674775,367.97,367.97,367.97,367.97,367.97,1,1
1648674780,367.97,367.97,367.97,367.97,367.97,0,0
1648674785,367.97,367.97,367.97,367.97,367.97,0,0
1648674790,367.96,367.97,367.96,367.97,367.967,19,5
1648674795,367.97,367.97,367.97,367.97,367.97,0,0
1648674800,367.97,367.97,367.97,367.97,367.97,0,0
1648674805,367.97,367.97,367.97,367.97,367.97,0,0
1648674810,367.97,367.97,367.97,367.97,367.97,0,0
1648674815,367.97,367.97,367.97,367.97,367.97,0,0
1648674820,367.97,367.97,367.97,367.97,367.97,0,0
1648674825,367.97,367.97,367.97,367.97,367.97,0,0
1648674830,367.97,367.97,367.97,367.97,367.97,0,0
1648674835,367.97,367.97,367.97,367.97,367.97,0,0
1648674840,367.97,367.97,367.97,367.97,367.97,0,0
1648674845,367.94,367.94,367.94,367.94,367.94,18,1
1648674850,367.94,367.94,367.94,367.94,367.94,0,0
1648674855,367.94,367.94,367.94,367.94,367.94,0,0
1648674860,367.94,367.94,367.94,367.94,367.94,0,0
1648674865,367.94,367.94,367.94,367.94,367.94,0,0
1648674870,367.94,367.94,367.94,367.94,367.94,0,0
1648674875,367.94,367.94,367.94,367.94,367.94,0,0
1648674880,367.94,367.94,367.94,367.94,367.94,0,0
1648674885,367.94,367.94,367.94,367.94,367.94,0,0
1648674890,367.94,367.94,367.94,367.94,367.94,0,0
1648674895,367.94,367.94,367.94,367.94,367.94,0,0
1648674900,367.96,367.96,367.96,367.96,367.96,3,1
1648674905,367.96,367.96,367.96,367.96,367.96,0,0
1648674910,367.96,367.96,367.96,367.96,367.96,0,0
1648674915,367.96,367.96,367.96,367.96,367.96,0,0
1648674920,367.96,367.96,367.96,367.96,367.96,0,0
1648674925,367.96,367.96,367.96,367.96,367.96,0,0
1648674930,367.96,367.96,367.96,367.96,367.96,0,0
1648674935,367.96,367.96,367.96,367.96,367.96,0,0
1648674940,367.96,367.96,367.96,367.96,367.96,0,0
1648674945,367.96,367.96,367.96,367.96,367.96,9,1
1648674950,367.96,367.96,367.96,367.96,367.96,0,0
1648674955,367.96,367.96,367.96,367.96,367.96,0,0
1648674960,367.96,367.96,367.96,367.96,367.96,0,0
1648674965,367.96,367.96,367.96,367.96,367.96,0,0
1648674970,367.96,367.96,367.96,367.96,367.96,0,0
1648674975,367.96,367.96,367.96,367.96,367.96,0,0
1648674980,367.96,367.96,367.96,367.96,367.96,0,0
1648674985,367.96,367.96,367.96,367.96,367.96,0,0
1648674990,367.96,367.96,367.96,367.96,367.96,0,0
1648674995,367.96,367.96,367.96,367.96,367.96,0,0
1648675000,367.92,367.92,367.92,367.92,367.92,1,1
1648675005,367.92,367.92,367.92,367.92,367.92,0,0
1648675010,367.92,367.92,367.92,367.92,367.92,0,0
1648675015,367.92,367.92,367.92,367.92,367.92,0,0
1648675020,367.92,367.92,367.92,367.92,367.92,1,1
1648675025,367.92,367.92,367.92,367.92,367.92,0,0
1648675030,367.92,367.92,367.92,367.92,367.92,0,0
1648675035,367.92,367.92,367.92,367.92,367.92,0,0
1648675040,367.92,367.92,367.92,367.92,367.92,0,0
1648675045,367.92,367.92,367.92,367.92,367.92,0,0
1648675050,367.92,367.92,367.92,367.92,367.92,0,0
1648675055,367.92,367.92,367.92,367.92,367.92,0,0
1648675060,367.92,367.92,367.92,367.92,367.92,0,0
1648675065,367.92,367.92,367.92,367.92,367.92,0,0
1648675070,367.92,367.92,367.92,367.92,367.92,0,0
1648675075,367.92,367.92,367.92,367.92,367.92,0,0
1648675080,367.92,367.92,367.92,367.92,367.92,0,0
1648675085,367.92,367.92,367.92,367.92,367.92,0,0
1648675090,367.92,367.92,367.92,367.92,367.92,0,0
1648675095,367.92,367.92,367.92,367.92,367.92,0,0
1648675100,367.92,367.92,367.92,367.92,367.92,0,0
1648675105,367.92,367.92,367.92,367.92,367.92,0,0
1648675110,367.92,367.92,367.92,367.92,367.92,0,0
1648675115,367.9,367.92,367.87,367.87,367.902,23,9
1648675120,367.87,367.87,367.87,367.87,367.87,0,0
1648675125,367.87,367.87,367.87,367.87,367.87,0,0
1648675130,367.87,367.87,367.87,367.87,367.87,0,0
1648675135,367.87,367.87,367.87,367.87,367.87,0,0
1648675140,367.87,367.87,367.87,367.87,367.87,0,0
1648675145,367.87,367.87,367.87,367.87,367.87,0,0
1648675150,367.87,367.87,367.87,367.87,367.87,0,0
1648675155,367.87,367.87,367.87,367.87,367.87,0,0
1648675160,367.87,367.87,367.87,367.87,367.87,0,0
1648675165,367.87,367.87,367.87,367.87,367.87,0,0
1648675170,367.87,367.87,367.87,367.87,367.87,0,0
1648675175,367.87,367.87,367.87,367.87,367.87,0,0
1648675180,367.87,367.87,367.87,367.87,367.87,0,0
1648675185,367.87,367.87,367.87,367.87,367.87,0,0
1648675190,367.87,367.87,367.87,367.87,367.87,0,0
1648675195,367.87,367.87,367.87,367.87,367.87,0,0
1648675200,367.87,367.87,367.87,367.87,367.87,0,0
1648675205,367.87,367.87,367.87,367.87,367.87,0,0
1648675210,367.87,367.87,367.87,367.87,367.87,0,0
1648675215,367.87,367.87,367.87,367.87,367.87,0,0
1648675220,367.87,367.87,367.87,367.87,367.87,0,0
1648675225,367.91,367.91,367.87,367.87,367.902,5,4
1648675230,367.87,367.87,367.87,367.87,367.87,0,0
1648675235,367.87,367.87,367.87,367.87,367.87,0,0
1648675240,367.87,367.87,367.87,367.87,367.87,0,0
1648675245,367.87,367.87,367.87,367.87,367.87,0,0
1648675250,367.87,367.87,367.87,367.87,367.87,0,0
1648675255,367.87,367.87,367.87,367.87,367.87,0,0
1648675260,367.87,367.87,367.87,367.87,367.87,0,0
1648675265,367.87,367.87,367.87,367.87,367.87,0,0
1648675270,367.87,367.87,367.87,367.87,367.87,0,0
1648675275,367.87,367.87,367.87,367.87,367.87,0,0
1648675280,367.87,367.87,367.87,367.87,367.87,0,0
1648675285,367.87,367.87,367.87,367.87,367.87,0,0
1648675290,367.87,367.87,367.87,367.87,367.87,0,0
1648675295,367.87,367.87,367.87,367.87,367.87,0,0
1648675300,367.87,367.87,367.87,367.87,367.87,0,0
1648675305,367.87,367.87,367.87,367.87,367.87,0,0
1648675310,367.87,367.87,367.87,367.87,367.87,0,0
1648675315,367.09,367.09,367.09,367.09,367.09,32,1
1648675320,367.09,367.09,367.09,367.09,367.09,0,0
1648675325,367.09,367.09,367.09,367.09,367.09,0,0
1648675330,367.09,367.09,367.09,367.09,367.09,0,0
1648675335,367.09,367.09,367.09,367.09,367.09,0,0
1648675340,367.09,367.09,367.09,367.09,367.09,0,0
1648675345,367.09,367.09,367.09,367.09,367.09,0,0
1648675350,367.09,367.09,367.09,367.09,367.09,0,0
1648675355,367.09,367.09,367.09,367.09,367.09,0,0
1648675360,367.09,367.09,367.09,367.09,367.09,0,0
1648675365,367.09,367.09,367.09,367.09,367.09,0,0
1648675370,367.09,367.09,367.09,367.09,367.09,0,0
1648675375,367.09,367.09,367.09,367.09,367.09,0,0
1648675380,367.09,367.09,367.09,367.09,367.09,0,0
1648675385,367.09,367.09,367.09,367.09,367.09,0,0
1648675390,367.09,367.09,367.09,367.09,367.09,0,0
1648675395,367.09,367.09,367.09,367.09,367.09,0,0
1648675400,367.09,367.09,367.09,367.09,367.09,0,0
1648675405,367.09,367.09,367.09,367.09,367.09,0,0
1648675410,367.09,367.09,367.09,367.09,367.09,0,0
1648675415,367.09,367.09,367.09,367.09,367.09,0,0
1648675420,367.09,367.09,367.09,367.09,367.09,0,0
1648675425,367.09,367.09,367.09,367.09,367.09,0,0
1648675430,367.09,367.09,367.09,367.09,367.09,0,0
1648675435,367.09,367.09,367.09,367.09,367.09,0,0
1648675440,367.09,367.09,367.09,367.09,367.09,0,0
1648675445,367.09,367.09,367.09,367.09,367.09,0,0
1648675450,367.09,367.09,367.09,367.09,367.09,0,0
1648675455,367.09,367.09,367.09,367.09,367.09,0,0
1648675460,367.09,367.09,367.09,367.09,367.09,0,0
1648675465,367.09,367.09,367.09,367.09,367.09,0,0
1648675470,367.09,367.09,367.09,367.09,367.09,0,0
1648675475,367.95,367.95,367.09,367.09,367.111,768,4
1648675480,367.09,367.09,367.09,367.09,367.09,0,0
1648675485,367.09,367.09,367.09,367.09,367.09,0,0
1648675490,367.09,367.09,367.09,367.09,367.09,0,0
1648675495,367.09,367.09,367.09,367.09,367.09,0,0
1648675500,367.09,367.09,367.09,367.09,367.09,0,0
1648675505,367.09,367.09,367.09,367.09,367.09,0,0
1648675510,367.09,367.09,367.09,367.09,367.09,0,0
1648675515,367.09,367.09,367.09,367.09,367.09,0,0
1648675520,367.09,367.09,367.09,367.09,367.09,0,0
1648675525,367.09,367.09,367.09,367.09,367.09,0,0
1648675530,367.09,367.09,367.09,367.09,367.09,0,0
1648675535,367.09,367.09,367.09,367.09,367.09,0,0
1648675540,367.09,367.09,367.09,367.09,367.09,0,0
1648675545,367.09,367.09,367.09,367.09,367.09,0,0
1648675550,367.09,367.09,367.09,367.09,367.09,0,0
1648675555,367.9,367.91,367.9,367.9,367.9,12,7
1648675560,367.9,367.9,367.9,367.9,367.9,0,0
1648675565,367.9,367.9,367.9,367.9,367.9,0,0
1648675570,367.9,367.9,367.9,367.9,367.9,0,0
1648675575,367.9,367.9,367.9,367.9,367.9,0,0
1648675580,367.9,367.9,367.9,367.9,367.9,0,0
1648675585,367.9,367.9,367.9,367.9,367.9,0,0
1648675590,367.9,367.9,367.9,367.9,367.9,0,0
1648675595,367.9,367.9,367.9,367.9,367.9,0,0
1648675600,367.9,367.9,367.9,367.9,367.9,0,0
1648675605,367.9,367.9,367.9,367.9,367.9,0,0
1648675610,367.9,367.9,367.9,367.9,367.9,0,0
1648675615,367.9,367.9,367.9,367.9,367.9,0,0
1648675620,367.9,367.9,367.9,367.9,367.9,0,0
1648675625,367.9,367.9,367.9,367.9,367.9,0,0
1648675630,367.9,367.9,367.9,367.9,367.9,0,0
1648675635,367.9,367.9,367.9,367.9,367.9,0,0
1648675640,367.95,367.95,367.95,367.95,367.95,3,2
1648675645,367.95,367.95,367.95,367.95,367.95,1,1
1648675650,367.95,367.95,367.95,367.95,367.95,0,0
1648675655,367.95,367.95,367.95,367.95,367.95,1,1
1648675660,367.95,367.95,367.95,367.95,367.95,0,0
1648675665,367.95,367.95,367.95,367.95,367.95,0,0
1648675670,367.95,367.95,367.95,367.95,367.95,0,0
1648675675,367.95,367.95,367.95,367.95,367.95,0,0
1648675680,367.96,367.97,367.96,367.97,367.968,4,3
1648675685,367.97,367.97,367.97,367.97,367.97,0,0
1648675690,367.97,367.97,367.97,367.97,367.97,0,0
1648675695,367.97,367.97,367.97,367.97,367.97,0,0
1648675700,367.97,367.97,367.97,367.97,367.97,0,0
1648675705,367.95,367.95,367.95,367.95,367.95,1,1
1648675710,367.95,367.95,367.95,367.95,367.95,0,0
1648675715,367.95,367.95,367.95,367.95,367.95,1,1
1648675720,367.95,367.95,367.95,367.95,367.95,0,0
1648675725,367.95,367.95,367.95,367.95,367.95,0,0
1648675730,367.95,367.95,367.95,367.95,367.95,1,1
1648675735,367.95,367.95,367.95,367.95,367.95,0,0
1648675740,367.95,367.95,367.95,367.95,367.95,0,0
1648675745,367.95,367.95,367.95,367.95,367.95,0,0
1648675750,367.95,367.95,367.95,367.95,367.95,0,0
1648675755,367.95,367.95,367.95,367.95,367.95,0,0
1648675760,367.95,367.95,367.95,367.95,367.95,0,0
1648675765,367.95,367.95,367.95,367.95,367.95,0,0
1648675770,367.95,367.95,367.95,367.95,367.95,0,0
1648675775,367.95,367.95,367.95,367.95,367.95,0,0
1648675780,367.95,367.95,367.95,367.95,367.95,0,0
1648675785,367.95,367.95,367.95,367.95,367.95,0,0
1648675790,367.95,367.95,367.95,367.95,367.95,0,0
1648675795,367.95,367.95,367.95,367.95,367.95,0,0
1648675800,367.95,367.95,367.95,367.95,367.95,0,0
1648675805,367.95,367.95,367.95,367.95,367.95,0,0
1648675810,367.95,367.95,367.95,367.95,367.95,0,0
1648675815,367.95,367.95,367.95,367.95,367.95,0,0
1648675820,367.95,367.95,367.95,367.95,367.95,0,0
1648675825,367.95,367.95,367.95,367.95,367.95,0,0
1648675830,367.9,367.9,367.9,367.9,367.9,12,3
1648675835,367.9,367.9,367.9,367.9,367.9,0,0
1648675840,367.9,367.9,367.9,367.9,367.9,0,0
1648675845,367.9,367.9,367.9,367.9,367.9,0,0
1648675850,367.9,367.9,367.9,367.9,367.9,0,0
1648675855,367.9,367.9,367.9,367.9,367.9,0,0
1648675860,367.9,367.9,367.9,367.9,367.9,0,0
1648675865,367.9,367.9,367.9,367.9,367.9,0,0
1648675870,367.9,367.9,367.9,367.9,367.9,0,0
1648675875,367.9,367.9,367.9,367.9,367.9,0,0
1648675880,367.9,367.9,367.9,367.9,367.9,0,0
1648675885,367.9,367.9,367.9,367.9,367.9,0,0
1648675890,367.9,367.9,367.9,367.9,367.9,0,0
1648675895,367.9,367.9,367.9,367.9,367.9,0,0
1648675900,367.9,367.9,367.9,367.9,367.9,0,0
1648675905,367.9,367.9,367.9,367.9,367.9,0,0
1648675910,367.9,367.9,367.9,367.9,367.9,0,0
1648675915,367.9,367.9,367.9,367.9,367.9,0,0
1648675920,367.9,367.9,367.9,367.9,367.9,0,0
1648675925,367.9,367.9,367.9,367.9,367.9,0,0
1648675930,367.9,367.9,367.9,367.9,367.9,0,0
1648675935,367.9,367.9,367.9,367.9,367.9,0,0
1648675940,367.9,367.9,367.9,367.9,367.9,0,0
1648675945,367.9,367.9,367.9,367.9,367.9,0,0
1648675950,367.9,367.9,367.9,367.9,367.9,0,0
1648675955,367.9,367.9,367.9,367.9,367.9,1,1
1648675960,367.9,367.9,367.9,367.9,367.9,0,0
1648675965,367.9,367.9,367.9,367.9,367.9,0,0
1648675970,367.9,367.9,367.9,367.9,367.9,0,0
1648675975,367.9,367.9,367.9,367.9,367.9,0,0
1648675980,367.9,367.9,367.9,367.9,367.9,0,0
1648675985,367.9,367.9,367.9,367.9,367.9,0,0
1648675990,367.9,367.9,367.9,367.9,367.9,0,0
1648675995,367.9,367.9,367.9,367.9,367.9,0,0
1648676000,367.9,367.9,367.9,367.9,367.9,0,0
1648676005,367.9,367.9,367.9,367.9,367.9,0,0
1648676010,367.9,367.9,367.9,367.9,367.9,0,0
1648676015,367.9,367.9,367.9,367.9,367.9,0,0
1648676020,367.9,367.9,367.9,367.9,367.9,0,0
1648676025,367.9,367.9,367.9,367.9,367.9,0,0
1648676030,367.9,367.9,367.9,367.9,367.9,0,0
1648676035,367.9,367.9,367.9,367.9,367.9,0,0
1648676040,367.9,367.9,367.9,367.9,367.9,0,0
1648676045,367.9,367.9,367.9,367.9,367.9,0,0
1648676050,367.9,367.9,367.9,367.9,367.9,1,1
1648676055,367.9,367.9,367.9,367.9,367.9,0,0
1648676060,367.9,367.9,367.9,367.9,367.9,0,0
1648676065,367.91,367.92,367.89,367.92,367.912,4,4
1648676070,367.92,367.92,367.92,367.92,367.92,0,0
1648676075,367.92,367.92,367.92,367.92,367.92,0,0
1648676080,367.9,367.9,367.9,367.9,367.9,1,1
1648676085,367.9,367.9,367.9,367.9,367.9,0,0
1648676090,367.9,367.9,367.9,367.9,367.9,0,0
1648676095,367.9,367.9,367.9,367.9,367.9,0,0
1648676100,367.9,367.9,367.9,367.9,367.9,0,0
1648676105,367.9,367.9,367.9,367.9,367.9,0,0
1648676110,367.9,367.9,367.9,367.9,367.9,0,0
1648676115,367.93,367.93,367.92,367.93,367.93,3,1
1648676120,367.93,367.93,367.92,367.93,367.93,0,0
1648676125,367.93,367.93,367.92,367.93,367.93,0,0
1648676130,367.93,367.93,367.92,367.93,367.93,0,0
1648676135,367.93,367.93,367.92,367.93,367.93,0,0
1648676140,367.93,367.93,367.92,367.93,367.93,0,0
1648676145,367.93,367.93,367.92,367.93,367.93,0,0
1648676150,367.93,367.93,367.92,367.93,367.93,0,0
1648676155,367.93,367.93,367.92,367.93,367.93,0,0
1648676160,367.93,367.93,367.92,367.93,367.93,0,0
1648676165,367.93,367.93,367.92,367.93,367.93,0,0
1648676170,367.93,367.93,367.92,367.93,367.93,0,0
1648676175,367.93,367.93,367.92,367.93,367.93,0,0
1648676180,367.93,367.93,367.92,367.93,367.93,0,0
1648676185,367.93,367.93,367.92,367.93,367.93,0,0
1648676190,367.93,367.93,367.92,367.93,367.93,0,0
1648676195,367.93,367.93,367.92,367.93,367.93,0,0
1648676200,367.93,367.93,367.92,367.93,367.93,0,0
1648676205,367.93,367.93,367.92,367.93,367.93,0,0
1648676210,367.93,367.93,367.92,367.93,367.93,0,0
1648676215,367.93,367.93,367.92,367.93,367.93,0,0
1648676220,367.93,367.93,367.92,367.93,367.93,0,0
1648676225,367.93,367.93,367.92,367.93,367.93,0,0
1648676230,367.93,367.93,367.92,367.93,367.93,0,0
1648676235,367.93,367.93,367.92,367.93,367.93,0,0
1648676240,367.93,367.93,367.92,367.93,367.93,0,0
1648676245,367.9,367.9,367.9,367.9,367.9,4,1
1648676250,367.9,367.9,367.9,367.9,367.9,0,0
1648676255,367.9,367.9,367.9,367.9,367.9,0,0
1648676260,367.9,367.9,367.9,367.9,367.9,0,0
1648676265,367.9,367.9,367.9,367.9,367.9,0,0
1648676270,367.9,367.9,367.9,367.9,367.9,0,0
1648676275,367.9,367.9,367.9,367.9,367.9,0,0
1648676280,367.9,367.9,367.9,367.9,367.9,0,0
1648676285,367.9,367.9,367.9,367.9,367.9,0,0
1648676290,367.9,367.9,367.9,367.9,367.9,0,0
1648676295,367.9,367.9,367.9,367.9,367.9,0,0
1648676300,367.9,367.9,367.9,367.9,367.9,0,0
1648676305,367.9,367.9,367.9,367.9,367.9,0,0
1648676310,367.9,367.9,367.9,367.9,367.9,0,0
1648676315,367.9,367.9,367.9,367.9,367.9,0,0
1648676320,367.9,367.9,367.9,367.9,367.9,0,0
1648676325,367.9,367.9,367.9,367.9,367.9,0,0
1648676330,367.9,367.9,367.9,367.9,367.9,0,0
1648676335,367.9,367.9,367.9,367.9,367.9,0,0
1648676340,367.9,367.9,367.9,367.9,367.9,0,0
1648676345,367.9,367.9,367.9,367.9,367.9,0,0
1648676350,367.9,367.9,367.9,367.9,367.9,1,1
1648676355,367.9,367.9,367.9,367.9,367.9,0,0
1648676360,367.9,367.9,367.9,367.9,367.9,0,0
1648676365,367.9,367.9,367.9,367.9,367.9,0,0
1648676370,367.9,367.9,367.9,367.9,367.9,0,0
1648676375,367.9,367.9,367.9,367.9,367.9,0,0
1648676380,367.9,367.9,367.9,367.9,367.9,0,0
1648676385,367.9,367.9,367.9,367.9,367.9,0,0
1648676390,367.9,367.9,367.9,367.9,367.9,0,0
1648676395,367.9,367.9,367.9,367.9,367.9,3,2
1648676400,367.9,367.9,367.9,367.9,367.9,1,1
1648676405,367.9,367.9,367.9,367.9,367.9,0,0
1648676410,367.9,367.9,367.9,367.9,367.9,0,0
1648676415,367.9,367.9,367.9,367.9,367.9,0,0
1648676420,367.9,367.9,367.9,367.9,367.9,0,0
1648676425,367.9,367.9,367.9,367.9,367.9,0,0
1648676430,367.9,367.9,367.9,367.9,367.9,0,0
1648676435,367.9,367.9,367.9,367.9,367.9,0,0
1648676440,367.9,367.9,367.9,367.9,367.9,0,0
1648676445,367.92,367.92,367.92,367.92,367.92,4,2
1648676450,367.92,367.92,367.92,367.92,367.92,0,0
1648676455,367.92,367.92,367.92,367.92,367.92,0,0
1648676460,367.92,367.92,367.92,367.92,367.92,0,0
1648676465,367.92,367.92,367.92,367.92,367.92,0,0
1648676470,367.92,367.92,367.92,367.92,367.92,0,0
1648676475,367.92,367.92,367.92,367.92,367.92,0,0
1648676480,367.92,367.92,367.92,367.92,367.92,0,0
1648676485,367.92,367.92,367.92,367.92,367.92,0,0
1648676490,367.92,367.92,367.92,367.92,367.92,0,0
1648676495,367.92,367.92,367.92,367.92,367.92,0,0
1648676500,367.92,367.92,367.92,367.92,367.92,0,0
1648676505,367.92,367.92,367.92,367.92,367.92,0,0
1648676510,367.92,367.92,367.92,367.92,367.92,3,1
1648676515,367.92,367.92,367.92,367.92,367.92,0,0
1648676520,367.92,367.92,367.92,367.92,367.92,0,0
1648676525,367.92,367.92,367.92,367.92,367.92,0,0
1648676530,367.92,367.92,367.92,367.92,367.92,0,0
1648676535,367.92,367.92,367.92,367.92,367.92,0,0
1648676540,367.92,367.92,367.92,367.92,367.92,0,0
1648676545,367.92,367.92,367.92,367.92,367.92,0,0
1648676550,367.92,367.92,367.92,367.92,367.92,1,1
1648676555,367.92,367.92,367.92,367.92,367.92,0,0
1648676560,367.92,367.92,367.92,367.92,367.92,0,0
1648676565,367.92,367.92,367.92,367.92,367.92,0,0
1648676570,367.92,367.92,367.92,367.92,367.92,0,0
1648676575,367.92,367.92,367.92,367.92,367.92,0,0
1648676580,367.92,367.92,367.92,367.92,367.92,0,0
1648676585,367.92,367.92,367.92,367.92,367.92,0,0
1648676590,367.89,367.91,367.89,367.9,367.898,18,4
1648676595,367.91,367.91,367.89,367.89,367.902,18,6
1648676600,367.89,367.89,367.89,367.89,367.89,0,0
1648676605,367.91,367.91,367.89,367.89,367.898,10,3
1648676610,367.89,367.89,367.89,367.89,367.89,0,0
1648676615,367.89,367.89,367.89,367.89,367.89,0,0
1648676620,367.89,367.89,367.89,367.89,367.89,0,0
1648676625,367.91,367.91,367.89,367.89,367.898,19,3
1648676630,367.89,367.89,367.89,367.89,367.89,0,0
1648676635,367.89,367.89,367.89,367.89,367.89,0,0
1648676640,367.89,367.89,367.89,367.89,367.89,0,0
1648676645,367.9,367.9,367.9,367.9,367.9,2,1
1648676650,367.9,367.9,367.9,367.9,367.9,0,0
1648676655,367.9,367.9,367.9,367.9,367.9,0,0
1648676660,367.9,367.9,367.9,367.9,367.9,0,0
1648676665,367.9,367.9,367.9,367.9,367.9,0,0
1648676670,367.9,367.9,367.9,367.9,367.9,0,0
1648676675,367.9,367.9,367.9,367.9,367.9,0,0
1648676680,367.9,367.9,367.9,367.9,367.9,0,0
1648676685,367.9,367.9,367.9,367.9,367.9,0,0
1648676690,367.9,367.9,367.9,367.9,367.9,0,0
1648676695,367.9,367.9,367.9,367.9,367.9,0,0
1648676700,367.9,367.9,367.9,367.9,367.9,0,0
1648676705,367.9,367.9,367.9,367.9,367.9,0,0
1648676710,367.87,367.87,367.87,367.87,367.87,1,1
1648676715,367.87,367.87,367.87,367.87,367.87,0,0
1648676720,367.87,367.87,367.87,367.87,367.87,0,0
1648676725,367.87,367.87,367.87,367.87,367.87,0,0
1648676730,367.87,367.87,367.87,367.87,367.87,0,0
1648676735,367.87,367.87,367.87,367.87,367.87,0,0
1648676740,367.87,367.87,367.87,367.87,367.87,0,0
1648676745,367.87,367.87,367.87,367.87,367.87,0,0
1648676750,367.87,367.87,367.87,367.87,367.87,0,0
1648676755,367.87,367.87,367.87,367.87,367.87,0,0
1648676760,367.87,367.87,367.87,367.87,367.87,0,0
1648676765,367.87,367.87,367.87,367.87,367.87,0,0
1648676770,367.87,367.87,367.87,367.87,367.87,0,0
1648676775,367.87,367.87,367.87,367.87,367.87,0,0
1648676780,367.87,367.87,367.87,367.87,367.87,0,0
1648676785,367.87,367.87,367.87,367.87,367.87,0,0
1648676790,367.87,367.87,367.87,367.87,367.87,0,0
1648676795,367.87,367.87,367.87,367.87,367.87,0,0
1648676800,367.87,367.87,367.87,367.87,367.87,0,0
1648676805,367.87,367.87,367.87,367.87,367.87,0,0
1648676810,367.87,367.87,367.87,367.87,367.87,0,0
1648676815,367.87,367.87,367.87,367.87,367.87,0,0
1648676820,367.87,367.87,367.87,367.87,367.87,0,0
1648676825,367.87,367.87,367.87,367.87,367.87,0,0
1648676830,367.87,367.87,367.87,367.87,367.87,0,0
1648676835,367.87,367.87,367.87,367.87,367.87,0,0
1648676840,367.87,367.87,367.87,367.87,367.87,0,0
1648676845,367.87,367.87,367.87,367.87,367.87,0,0
1648676850,367.87,367.87,367.87,367.87,367.87,0,0
1648676855,367.87,367.87,367.87,367.87,367.87,0,0
1648676860,367.87,367.87,367.87,367.87,367.87,0,0
1648676865,367.87,367.87,367.87,367.87,367.87,0,0
1648676870,367.87,367.87,367.87,367.87,367.87,0,0
1648676875,367.87,367.87,367.87,367.87,367.87,0,0
1648676880,367.87,367.87,367.87,367.87,367.87,0,0
1648676885,367.87,367.87,367.87,367.87,367.87,0,0
1648676890,367.87,367.87,367.87,367.87,367.87,0,0
1648676895,367.87,367.87,367.87,367.87,367.87,0,0
1648676900,367.87,367.87,367.87,367.87,367.87,0,0
1648676905,367.87,367.87,367.87,367.87,367.87,0,0
1648676910,367.87,367.87,367.87,367.87,367.87,0,0
1648676915,367.87,367.87,367.87,367.87,367.87,0,0
1648676920,367.87,367.87,367.87,367.87,367.87,0,0
1648676925,367.87,367.87,367.87,367.87,367.87,0,0
1648676930,367.87,367.87,367.87,367.87,367.87,0,0
1648676935,367.87,367.87,367.87,367.87,367.87,0,0
1648676940,367.87,367.87,367.87,367.87,367.87,0,0
1648676945,367.87,367.87,367.87,367.87,367.87,0,0
1648676950,367.87,367.87,367.87,367.87,367.87,0,0
1648676955,367.87,367.87,367.87,367.87,367.87,0,0
1648676960,367.91,367.91,367.91,367.91,367.91,1,1
1648676965,367.91,367.91,367.91,367.91,367.91,0,0
1648676970,367.91,367.91,367.91,367.91,367.91,0,0
1648676975,367.91,367.91,367.91,367.91,367.91,0,0
1648676980,367.91,367.91,367.91,367.91,367.91,0,0
1648676985,367.91,367.91,367.91,367.91,367.91,0,0
1648676990,367.91,367.91,367.91,367.91,367.91,3,2
1648676995,367.91,367.91,367.91,367.91,367.91,20,1
1648677000,367.91,367.91,367.91,367.91,367.91,1,1
1648677005,367.91,367.91,367.91,367.91,367.91,0,0
1648677010,367.91,367.91,367.91,367.91,367.91,0,0
1648677015,367.91,367.91,367.91,367.91,367.91,0,0
1648677020,367.91,367.91,367.91,367.91,367.91,0,0
1648677025,367.91,367.91,367.91,367.91,367.91,0,0
1648677030,367.91,367.91,367.91,367.91,367.91,0,0
1648677035,367.91,367.91,367.91,367.91,367.91,0,0
1648677040,367.89,367.89,367.89,367.89,367.89,17,1
1648677045,367.89,367.89,367.89,367.89,367.89,0,0
1648677050,367.89,367.89,367.89,367.89,367.89,0,0
1648677055,367.89,367.89,367.89,367.89,367.89,0,0
1648677060,367.89,367.89,367.89,367.89,367.89,0,0
1648677065,367.89,367.89,367.89,367.89,367.89,0,0
1648677070,367.89,367.89,367.89,367.89,367.89,0,0
1648677075,367.89,367.89,367.89,367.89,367.89,0,0
1648677080,367.89,367.89,367.89,367.89,367.89,0,0
1648677085,367.89,367.89,367.89,367.89,367.89,0,0
1648677090,367.89,367.89,367.89,367.89,367.89,0,0
1648677095,367.89,367.89,367.89,367.89,367.89,0,0
1648677100,367.92,367.92,367.92,367.92,367.92,1,1
1648677105,367.92,367.92,367.92,367.92,367.92,0,0
1648677110,367.92,367.92,367.92,367.92,367.92,0,0
1648677115,367.92,367.92,367.92,367.92,367.92,0,0
1648677120,367.92,367.92,367.92,367.92,367.92,0,0
1648677125,367.92,367.92,367.92,367.92,367.92,0,0
1648677130,367.92,367.92,367.92,367.92,367.92,0,0
1648677135,367.92,367.92,367.92,367.92,367.92,0,0
1648677140,367.92,367.92,367.92,367.92,367.92,0,0
1648677145,367.92,367.92,367.92,367.92,367.92,0,0
1648677150,367.92,367.92,367.92,367.92,367.92,0,0
1648677155,367.92,367.92,367.92,367.92,367.92,0,0
1648677160,367.94,367.94,367.94,367.94,367.94,11,5
1648677165,367.94,367.94,367.94,367.94,367.94,7,1
1648677170,367.94,367.94,367.94,367.94,367.94,0,0
1648677175,367.94,367.94,367.94,367.94,367.94,0,0
1648677180,367.94,367.94,367.94,367.94,367.94,0,0
1648677185,367.94,367.94,367.94,367.94,367.94,0,0
1648677190,367.94,367.94,367.94,367.94,367.94,0,0
1648677195,367.94,367.94,367.94,367.94,367.94,0,0
1648677200,367.94,367.94,367.94,367.94,367.94,0,0
1648677205,367.94,367.94,367.94,367.94,367.94,0,0
1648677210,367.94,367.94,367.94,367.94,367.94,0,0
1648677215,367.94,367.94,367.94,367.94,367.94,0,0
1648677220,367.94,367.94,367.94,367.94,367.94,0,0
1648677225,367.94,367.94,367.94,367.94,367.94,0,0
1648677230,367.94,367.94,367.94,367.94,367.94,0,0
1648677235,367.94,367.94,367.94,367.94,367.94,0,0
1648677240,367.94,367.94,367.94,367.94,367.94,0,0
1648677245,367.94,367.94,367.94,367.94,367.94,0,0
1648677250,367.94,367.94,367.94,367.94,367.94,0,0
1648677255,367.94,367.94,367.94,367.94,367.94,0,0
1648677260,367.94,367.94,367.94,367.94,367.94,0,0
1648677265,367.94,367.94,367.94,367.94,367.94,0,0
1648677270,367.94,367.94,367.94,367.94,367.94,0,0
1648677275,367.94,367.94,367.94,367.94,367.94,0,0
1648677280,367.94,367.94,367.94,367.94,367.94,0,0
1648677285,367.94,367.94,367.94,367.94,367.94,0,0
1648677290,367.94,367.94,367.94,367.94,367.94,0,0
1648677295,367.94,367.94,367.94,367.94,367.94,0,0
1648677300,367.93,367.93,367.88,367.88,367.897,15,3
1648677305,367.88,367.88,367.88,367.88,367.88,0,0
1648677310,367.88,367.88,367.88,367.88,367.88,0,0
1648677315,367.88,367.88,367.88,367.88,367.88,0,0
1648677320,367.88,367.88,367.88,367.88,367.88,0,0
1648677325,367.88,367.88,367.88,367.88,367.88,0,0
1648677330,367.88,367.88,367.88,367.88,367.88,0,0
1648677335,367.88,367.88,367.88,367.88,367.88,0,0
1648677340,367.88,367.88,367.88,367.88,367.88,0,0
1648677345,367.88,367.88,367.88,367.88,367.88,0,0
1648677350,367.88,367.88,367.88,367.88,367.88,0,0
1648677355,367.88,367.88,367.88,367.88,367.88,0,0
1648677360,367.88,367.88,367.88,367.88,367.88,0,0
1648677365,367.88,367.88,367.88,367.88,367.88,0,0
1648677370,367.88,367.88,367.88,367.88,367.88,0,0
1648677375,367.88,367.88,367.88,367.88,367.88,0,0
1648677380,367.88,367.88,367.88,367.88,367.88,0,0
1648677385,367.88,367.88,367.88,367.88,367.88,0,0
1648677390,367.88,367.88,367.88,367.88,367.88,0,0
1648677395,367.88,367.88,367.88,367.88,367.88,0,0
1648677400,367.88,367.88,367.88,367.88,367.88,0,0
1648677405,367.88,367.88,367.88,367.88,367.88,0,0
1648677410,367.88,367.88,367.88,367.88,367.88,0,0
1648677415,367.88,367.89,367.81,367.89,367.869,10,4
1648677420,367.89,367.89,367.89,367.89,367.89,0,0
1648677425,367.89,367.89,367.89,367.89,367.89,0,0
1648677430,367.89,367.89,367.89,367.89,367.89,0,0
1648677435,367.89,367.89,367.89,367.89,367.89,0,0
1648677440,367.89,367.89,367.89,367.89,367.89,0,0
1648677445,367.89,367.89,367.89,367.89,367.89,0,0
1648677450,367.89,367.89,367.89,367.89,367.89,0,0
1648677455,367.89,367.89,367.89,367.89,367.89,0,0
1648677460,367.89,367.89,367.89,367.89,367.89,0,0
1648677465,367.89,367.89,367.89,367.89,367.89,0,0
1648677470,367.89,367.89,367.89,367.89,367.89,0,0
1648677475,367.86,367.86,367.86,367.86,367.86,1,1
1648677480,367.86,367.86,367.86,367.86,367.86,0,0
1648677485,367.86,367.86,367.85,367.86,367.857,8,5
1648677490,367.85,367.85,367.85,367.85,367.85,2,2
1648677495,367.85,367.85,367.85,367.85,367.85,0,0
1648677500,367.85,367.85,367.85,367.85,367.85,0,0
1648677505,367.85,367.85,367.85,367.85,367.85,0,0
1648677510,367.85,367.85,367.85,367.85,367.85,0,0
1648677515,367.85,367.85,367.85,367.85,367.85,0,0
1648677520,367.9,367.9,367.9,367.9,367.9,4,1
1648677525,367.9,367.9,367.9,367.9,367.9,0,0
1648677530,367.9,367.9,367.9,367.9,367.9,0,0
1648677535,367.9,367.9,367.9,367.9,367.9,0,0
1648677540,367.9,367.9,367.9,367.9,367.9,0,0
1648677545,367.9,367.9,367.9,367.9,367.9,0,0
1648677550,367.9,367.9,367.9,367.9,367.9,0,0
1648677555,367.9,367.9,367.9,367.9,367.9,0,0
1648677560,367.9,367.9,367.9,367.9,367.9,0,0
1648677565,367.9,367.9,367.9,367.9,367.9,0,0
1648677570,367.9,367.9,367.9,367.9,367.9,0,0
1648677575,367.9,367.9,367.9,367.9,367.9,0,0
1648677580,367.86,367.86,367.86,367.86,367.86,9,5
1648677585,367.86,367.86,367.86,367.86,367.86,0,0
1648677590,367.86,367.86,367.86,367.86,367.86,0,0
1648677595,367.87,367.87,367.87,367.87,367.87,1,1
1648677600,367.86,367.86,367.78,367.79,367.821,29,9
1648677605,367.79,367.79,367.79,367.79,367.79,0,0
1648677610,367.79,367.79,367.79,367.79,367.79,0,0
1648677615,367.79,367.81,367.78,367.78,367.788,46,12
1648677620,367.78,367.78,367.78,367.78,367.78,0,0
1648677625,367.8,367.8,367.79,367.79,367.796,8,3
1648677630,367.79,367.79,367.79,367.79,367.79,0,0
1648677635,367.79,367.79,367.78,367.79,367.787,21,5
1648677640,367.79,367.79,367.79,367.79,367.79,0,0
1648677645,367.79,367.79,367.79,367.79,367.79,0,0
1648677650,367.8,367.8,367.8,367.8,367.8,8,2
1648677655,367.8,367.8,367.8,367.8,367.8,0,0
1648677660,367.8,367.8,367.8,367.8,367.8,1,1
1648677665,367.8,367.8,367.8,367.8,367.8,0,0
1648677670,367.81,367.82,367.8,367.8,367.806,32,7
1648677675,367.8,367.8,367.8,367.8,367.8,7,2
1648677680,367.8,367.8,367.8,367.8,367.8,0,0
1648677685,367.73,367.73,367.73,367.73,367.73,1,1
1648677690,367.73,367.73,367.73,367.73,367.73,0,0
1648677695,367.72,367.72,367.72,367.72,367.72,10,2
1648677700,367.72,367.72,367.72,367.72,367.72,0,0
1648677705,367.73,367.73,367.7,367.71,367.709,19,5
1648677710,367.71,367.71,367.71,367.71,367.71,0,0
1648677715,367.68,367.69,367.68,367.69,367.683,4,2
1648677720,367.68,367.7,367.68,367.7,367.685,16,4
1648677725,367.7,367.7,367.7,367.7,367.7,1,1
1648677730,367.7,367.7,367.7,367.7,367.7,0,0
1648677735,367.7,367.7,367.7,367.7,367.7,0,0
1648677740,367.7,367.7,367.7,367.7,367.7,0,0
1648677745,367.7,367.7,367.7,367.7,367.7,0,0
1648677750,367.7,367.7,367.7,367.7,367.7,2,1
1648677755,367.7,367.7,367.7,367.7,367.7,0,0
1648677760,367.7,367.7,367.7,367.7,367.7,0,0
1648677765,367.7,367.7,367.7,367.7,367.7,0,0
1648677770,367.7,367.7,367.7,367.7,367.7,0,0
1648677775,367.7,367.7,367.7,367.7,367.7,9,2
1648677780,367.7,367.7,367.7,367.7,367.7,0,0
1648677785,367.7,367.7,367.7,367.7,367.7,0,0
1648677790,367.7,367.7,367.7,367.7,367.7,0,0
1648677795,367.7,367.7,367.7,367.7,367.7,0,0
1648677800,367.7,367.7,367.7,367.7,367.7,0,0
1648677805,367.7,367.7,367.7,367.7,367.7,0,0
1648677810,367.7,367.7,367.7,367.7,367.7,0,0
1648677815,367.7,367.7,367.7,367.7,367.7,0,0
1648677820,367.7,367.7,367.7,367.7,367.7,0,0
1648677825,367.7,367.7,367.7,367.7,367.7,0,0
1648677830,367.73,367.73,367.73,367.73,367.73,3,2
1648677835,367.73,367.73,367.73,367.73,367.73,0,0
1648677840,367.73,367.73,367.73,367.73,367.73,0,0
1648677845,367.73,367.73,367.73,367.73,367.73,0,0
1648677850,367.73,367.73,367.73,367.73,367.73,0,0
1648677855,367.73,367.73,367.73,367.73,367.73,0,0
1648677860,367.73,367.73,367.73,367.73,367.73,0,0
1648677865,367.73,367.73,367.73,367.73,367.73,0,0
1648677870,367.73,367.73,367.73,367.73,367.73,0,0
1648677875,367.73,367.73,367.73,367.73,367.73,0,0
1648677880,367.73,367.73,367.73,367.73,367.73,0,0
1648677885,367.73,367.73,367.73,367.73,367.73,0,0
1648677890,367.73,367.73,367.73,367.73,367.73,0,0
1648677895,367.73,367.73,367.73,367.73,367.73,0,0
1648677900,367.73,367.73,367.73,367.73,367.73,0,0
1648677905,367.73,367.73,367.73,367.73,367.73,0,0
1648677910,367.73,367.73,367.73,367.73,367.73,0,0
1648677915,367.73,367.73,367.73,367.73,367.73,0,0
1648677920,367.73,367.73,367.73,367.73,367.73,0,0
1648677925,367.73,367.73,367.73,367.73,367.73,0,0
1648677930,367.73,367.73,367.73,367.73,367.73,0,0
1648677935,367.73,367.73,367.73,367.73,367.73,0,0
1648677940,367.73,367.73,367.73,367.73,367.73,0,0
1648677945,367.73,367.73,367.73,367.73,367.73,0,0
1648677950,367.75,367.75,367.75,367.75,367.75,3,1
1648677955,367.75,367.75,367.75,367.75,367.75,0,0
1648677960,367.75,367.75,367.75,367.75,367.75,0,0
1648677965,367.75,367.75,367.75,367.75,367.75,0,0
1648677970,367.75,367.75,367.75,367.75,367.75,2,1
1648677975,367.75,367.75,367.75,367.75,367.75,0,0
1648677980,367.75,367.75,367.75,367.75,367.75,0,0
1648677985,367.75,367.75,367.75,367.75,367.75,0,0
1648677990,367.75,367.75,367.75,367.75,367.75,0,0
1648677995,367.77,367.77,367.77,367.77,367.77,5,3
1648678000,367.77,367.77,367.77,367.77,367.77,0,0
1648678005,367.77,367.77,367.77,367.77,367.77,0,0
1648678010,367.77,367.77,367.77,367.77,367.77,0,0
1648678015,367.77,367.77,367.77,367.77,367.77,0,0
1648678020,367.77,367.77,367.77,367.77,367.77,0,0
1648678025,367.77,367.77,367.77,367.77,367.77,0,0
1648678030,367.77,367.77,367.77,367.77,367.77,0,0
1648678035,367.77,367.77,367.77,367.77,367.77,0,0
1648678040,367.86,367.86,367.86,367.86,367.86,1,1
1648678045,367.86,367.86,367.86,367.86,367.86,0,0
1648678050,367.86,367.86,367.86,367.86,367.86,0,0
1648678055,367.86,367.86,367.86,367.86,367.86,0,0
1648678060,367.86,367.86,367.86,367.86,367.86,0,0
1648678065,367.86,367.86,367.86,367.86,367.86,0,0
1648678070,367.86,367.86,367.86,367.86,367.86,0,0
1648678075,367.86,367.86,367.86,367.86,367.86,0,0
1648678080,367.86,367.86,367.86,367.86,367.86,0,0
1648678085,367.86,367.86,367.86,367.86,367.86,0,0
1648678090,367.86,367.86,367.86,367.86,367.86,0,0
1648678095,367.86,367.86,367.86,367.86,367.86,0,0
1648678100,367.86,367.86,367.86,367.86,367.86,0,0
1648678105,367.86,367.86,367.86,367.86,367.86,0,0
1648678110,367.86,367.86,367.86,367.86,367.86,0,0
1648678115,367.86,367.86,367.86,367.86,367.86,0,0
1648678120,367.86,367.86,367.86,367.86,367.86,0,0
1648678125,367.86,367.86,367.86,367.86,367.86,0,0
1648678130,367.86,367.86,367.86,367.86,367.86,0,0
1648678135,367.84,367.84,367.84,367.84,367.84,10,2
1648678140,367.84,367.84,367.84,367.84,367.84,0,0
1648678145,367.84,367.84,367.84,367.84,367.84,0,0
1648678150,367.84,367.84,367.84,367.84,367.84,0,0
1648678155,367.84,367.84,367.84,367.84,367.84,0,0
1648678160,367.84,367.84,367.84,367.84,367.84,0,0
1648678165,367.84,367.84,367.84,367.84,367.84,0,0
1648678170,367.84,367.84,367.84,367.84,367.84,0,0
1648678175,367.84,367.84,367.84,367.84,367.84,0,0
1648678180,367.84,367.84,367.84,367.84,367.84,0,0
1648678185,367.85,367.85,367.85,367.85,367.85,1,1
1648678190,367.85,367.85,367.85,367.85,367.85,0,0
1648678195,367.85,367.85,367.85,367.85,367.85,0,0
1648678200,367.85,367.85,367.85,367.85,367.85,0,0
1648678205,367.85,367.85,367.85,367.85,367.85,0,0
1648678210,367.85,367.85,367.85,367.85,367.85,0,0
1648678215,367.88,367.88,367.88,367.88,367.88,4,1
1648678220,367.88,367.88,367.88,367.88,367.88,0,0
1648678225,367.88,367.88,367.88,367.88,367.88,0,0
1648678230,367.88,367.88,367.88,367.88,367.88,0,0
1648678235,367.88,367.88,367.88,367.88,367.88,0,0
1648678240,367.88,367.88,367.88,367.88,367.88,0,0
1648678245,367.8,367.8,367.8,367.8,367.8,4,1
1648678250,367.8,367.8,367.8,367.8,367.8,0,0
1648678255,367.8,367.8,367.8,367.8,367.8,0,0
1648678260,367.81,367.81,367.81,367.81,367.81,2,1
1648678265,367.81,367.81,367.81,367.81,367.81,0,0
1648678270,367.81,367.81,367.81,367.81,367.81,0,0
1648678275,367.81,367.81,367.81,367.81,367.81,0,0
1648678280,367.81,367.81,367.81,367.81,367.81,0,0
1648678285,367.81,367.81,367.81,367.81,367.81,0,0
1648678290,367.81,367.81,367.81,367.81,367.81,0,0
1648678295,367.81,367.81,367.81,367.81,367.81,0,0
1648678300,367.81,367.81,367.81,367.81,367.81,0,0
1648678305,367.78,367.78,367.78,367.78,367.78,10,2
1648678310,367.75,367.75,367.75,367.75,367.75,1,1
1648678315,367.75,367.75,367.75,367.75,367.75,0,0
1648678320,367.75,367.75,367.75,367.75,367.75,0,0
1648678325,367.75,367.75,367.75,367.75,367.75,1,1
1648678330,367.75,367.75,367.75,367.75,367.75,0,0
1648678335,367.75,367.75,367.75,367.75,367.75,0,0
1648678340,367.75,367.75,367.75,367.75,367.75,0,0
1648678345,367.75,367.75,367.75,367.75,367.75,0,0
1648678350,367.75,367.75,367.75,367.75,367.75,0,0
1648678355,367.75,367.75,367.75,367.75,367.75,0,0
1648678360,367.75,367.75,367.75,367.75,367.75,0,0
1648678365,367.75,367.75,367.75,367.75,367.75,0,0
1648678370,367.75,367.75,367.75,367.75,367.75,0,0
1648678375,367.75,367.75,367.75,367.75,367.75,0,0
1648678380,367.75,367.75,367.75,367.75,367.75,0,0
1648678385,367.75,367.75,367.75,367.75,367.75,0,0
1648678390,367.75,367.75,367.75,367.75,367.75,0,0
1648678395,367.75,367.75,367.75,367.75,367.75,0,0
1648678400,367.75,367.75,367.75,367.75,367.75,0,0
1648678405,367.75,367.75,367.75,367.75,367.75,0,0
1648678410,367.75,367.75,367.75,367.75,367.75,0,0
1648678415,367.75,367.75,367.75,367.75,367.75,0,0
1648678420,367.75,367.75,367.75,367.75,367.75,0,0
1648678425,367.75,367.75,367.75,367.75,367.75,0,0
1648678430,367.75,367.75,367.75,367.75,367.75,0,0
1648678435,367.75,367.75,367.75,367.75,367.75,0,0
1648678440,367.75,367.75,367.75,367.75,367.75,0,0
1648678445,367.75,367.75,367.75,367.75,367.75,0,0
1648678450,367.75,367.75,367.75,367.75,367.75,0,0
1648678455,367.75,367.75,367.75,367.75,367.75,0,0
1648678460,367.75,367.75,367.75,367.75,367.75,0,0
1648678465,367.75,367.75,367.75,367.75,367.75,0,0
1648678470,367.75,367.75,367.75,367.75,367.75,0,0
1648678475,367.75,367.75,367.75,367.75,367.75,0,0
1648678480,367.75,367.75,367.75,367.75,367.75,0,0
1648678485,367.75,367.75,367.75,367.75,367.75,0,0
1648678490,367.75,367.75,367.75,367.75,367.75,0,0
1648678495,367.75,367.75,367.75,367.75,367.75,0,0
1648678500,367.75,367.75,367.75,367.75,367.75,0,0
1648678505,367.75,367.75,367.75,367.75,367.75,0,0
1648678510,367.75,367.75,367.75,367.75,367.75,0,0
1648678515,367.75,367.75,367.75,367.75,367.75,0,0
1648678520,367.75,367.75,367.75,367.75,367.75,0,0
1648678525,367.75,367.75,367.75,367.75,367.75,0,0
1648678530,367.75,367.75,367.75,367.75,367.75,0,0
1648678535,367.75,367.75,367.75,367.75,367.75,0,0
1648678540,367.75,367.75,367.75,367.75,367.75,0,0
1648678545,367.75,367.75,367.75,367.75,367.75,0,0
1648678550,367.75,367.75,367.75,367.75,367.75,0,0
1648678555,367.75,367.75,367.75,367.75,367.75,0,0
1648678560,367.75,367.75,367.75,367.75,367.75,0,0
1648678565,367.75,367.75,367.75,367.75,367.75,0,0
1648678570,367.75,367.75,367.75,367.75,367.75,0,0
1648678575,367.75,367.75,367.75,367.75,367.75,0,0
1648678580,367.75,367.75,367.75,367.75,367.75,0,0
1648678585,367.75,367.75,367.75,367.75,367.75,0,0
1648678590,367.75,367.75,367.75,367.75,367.75,0,0
1648678595,367.75,367.75,367.75,367.75,367.75,0,0
1648678600,367.75,367.75,367.75,367.75,367.75,0,0
1648678605,367.75,367.75,367.75,367.75,367.75,0,0
1648678610,367.75,367.75,367.75,367.75,367.75,0,0
1648678615,367.75,367.75,367.75,367.75,367.75,0,0
1648678620,367.8,367.8,367.8,367.8,367.8,9,3
1648678625,367.8,367.8,367.8,367.8,367.8,0,0
1648678630,367.8,367.8,367.8,367.8,367.8,0,0
1648678635,367.8,367.8,367.8,367.8,367.8,0,0
1648678640,367.8,367.8,367.8,367.8,367.8,0,0
1648678645,367.8,367.8,367.8,367.8,367.8,0,0
1648678650,367.8,367.8,367.8,367.8,367.8,0,0
1648678655,367.8,367.8,367.8,367.8,367.8,0,0
1648678660,367.8,367.8,367.8,367.8,367.8,0,0
1648678665,367.8,367.8,367.8,367.8,367.8,0,0
1648678670,367.75,367.75,367.75,367.75,367.75,7,1
1648678675,367.75,367.75,367.75,367.75,367.75,0,0
1648678680,367.75,367.75,367.75,367.75,367.75,0,0
1648678685,367.75,367.75,367.75,367.75,367.75,0,0
1648678690,367.75,367.75,367.75,367.75,367.75,0,0
1648678695,367.75,367.75,367.75,367.75,367.75,0,0
1648678700,367.75,367.75,367.75,367.75,367.75,0,0
1648678705,367.75,367.75,367.75,367.75,367.75,0,0
1648678710,367.75,367.75,367.75,367.75,367.75,0,0
1648678715,367.75,367.75,367.75,367.75,367.75,0,0
1648678720,367.75,367.75,367.75,367.75,367.75,0,0
1648678725,367.75,367.75,367.75,367.75,367.75,0,0
1648678730,367.75,367.75,367.75,367.75,367.75,0,0
1648678735,367.75,367.75,367.75,367.75,367.75,0,0
1648678740,367.75,367.75,367.75,367.75,367.75,0,0
1648678745,367.75,367.75,367.75,367.75,367.75,0,0
1648678750,367.75,367.75,367.75,367.75,367.75,0,0
1648678755,367.75,367.75,367.75,367.75,367.75,0,0
1648678760,367.75,367.75,367.75,367.75,367.75,0,0
1648678765,367.75,367.75,367.75,367.75,367.75,0,0
1648678770,367.75,367.75,367.75,367.75,367.75,0,0
1648678775,367.75,367.75,367.75,367.75,367.75,0,0
1648678780,367.75,367.75,367.75,367.75,367.75,0,0
1648678785,367.75,367.75,367.75,367.75,367.75,0,0
1648678790,367.75,367.75,367.75,367.75,367.75,0,0
1648678795,367.75,367.75,367.75,367.75,367.75,0,0
1648678800,367.75,367.75,367.75,367.75,367.75,0,0
1648678805,367.75,367.75,367.75,367.75,367.75,0,0
1648678810,367.75,367.75,367.75,367.75,367.75,0,0
1648678815,367.75,367.75,367.75,367.75,367.75,0,0
1648678820,367.75,367.75,367.75,367.75,367.75,0,0
1648678825,367.75,367.75,367.75,367.75,367.75,0,0
1648678830,367.8,367.8,367.8,367.8,367.8,5,1
1648678835,367.8,367.8,367.8,367.8,367.8,0,0
1648678840,367.8,367.8,367.8,367.8,367.8,0,0
1648678845,367.8,367.8,367.8,367.8,367.8,0,0
1648678850,367.8,367.8,367.8,367.8,367.8,0,0
1648678855,367.8,367.8,367.8,367.8,367.8,0,0
1648678860,367.8,367.8,367.8,367.8,367.8,0,0
1648678865,367.8,367.8,367.8,367.8,367.8,0,0
1648678870,367.8,367.8,367.8,367.8,367.8,0,0
1648678875,367.8,367.8,367.8,367.8,367.8,0,0
1648678880,367.8,367.8,367.8,367.8,367.8,0,0
1648678885,367.8,367.8,367.8,367.8,367.8,0,0
1648678890,367.8,367.8,367.8,367.8,367.8,0,0
1648678895,367.8,367.8,367.8,367.8,367.8,0,0
1648678900,367.8,367.8,367.8,367.8,367.8,0,0
1648678905,367.8,367.8,367.8,367.8,367.8,0,0
1648678910,367.8,367.8,367.8,367.8,367.8,0,0
1648678915,367.8,367.8,367.8,367.8,367.8,0,0
1648678920,367.8,367.8,367.8,367.8,367.8,0,0
1648678925,367.8,367.8,367.8,367.8,367.8,0,0
1648678930,367.8,367.8,367.8,367.8,367.8,0,0
1648678935,367.8,367.8,367.8,367.8,367.8,0,0
1648678940,367.8,367.8,367.8,367.8,367.8,0,0
1648678945,367.8,367.8,367.8,367.8,367.8,0,0
1648678950,367.8,367.8,367.8,367.8,367.8,0,0
1648678955,367.8,367.8,367.8,367.8,367.8,0,0
1648678960,367.8,367.8,367.8,367.8,367.8,0,0
1648678965,367.8,367.8,367.8,367.8,367.8,0,0
1648678970,367.8,367.8,367.8,367.8,367.8,0,0
1648678975,367.8,367.8,367.8,367.8,367.8,0,0
1648678980,367.8,367.8,367.8,367.8,367.8,0,0
1648678985,367.8,367.8,367.8,367.8,367.8,0,0
1648678990,367.8,367.8,367.8,367.8,367.8,0,0
1648678995,367.83,367.83,367.83,367.83,367.83,2,1
1648679000,367.88,367.88,367.88,367.88,367.88,5,1
1648679005,367.88,367.88,367.88,367.88,367.88,0,0
1648679010,367.89,367.89,367.88,367.89,367.888,30,5
1648679015,367.89,367.89,367.89,367.89,367.89,0,0
1648679020,367.89,367.89,367.89,367.89,367.89,0,0
1648679025,367.89,367.89,367.89,367.89,367.89,0,0
1648679030,367.89,367.89,367.89,367.89,367.89,0,0
1648679035,367.89,367.89,367.89,367.89,367.89,0,0
1648679040,367.89,367.89,367.89,367.89,367.89,0,0
1648679045,367.89,367.89,367.89,367.89,367.89,0,0
1648679050,367.89,367.89,367.89,367.89,367.89,0,0
1648679055,367.94,367.94,367.94,367.94,367.94,4,1
1648679060,367.94,367.94,367.94,367.94,367.94,0,0
1648679065,367.94,367.94,367.94,367.94,367.94,0,0
1648679070,367.94,367.94,367.94,367.94,367.94,0,0
1648679075,367.94,367.94,367.94,367.94,367.94,0,0
1648679080,367.94,367.94,367.94,367.94,367.94,0,0
1648679085,367.92,367.92,367.92,367.92,367.92,4,1
1648679090,367.92,367.92,367.92,367.92,367.92,0,0
1648679095,367.92,367.92,367.92,367.92,367.92,0,0
1648679100,367.92,367.92,367.92,367.92,367.92,0,0
1648679105,367.92,367.92,367.92,367.92,367.92,0,0
1648679110,367.88,367.88,367.88,367.88,367.88,15,1
1648679115,367.88,367.88,367.88,367.88,367.88,0,0
1648679120,367.88,367.88,367.88,367.88,367.88,0,0
1648679125,367.88,367.88,367.88,367.88,367.88,0,0
1648679130,367.88,367.88,367.88,367.88,367.88,0,0
1648679135,367.88,367.88,367.88,367.88,367.88,0,0
1648679140,367.88,367.88,367.88,367.88,367.88,0,0
1648679145,367.88,367.88,367.88,367.88,367.88,0,0
1648679150,367.88,367.88,367.88,367.88,367.88,0,0
1648679155,367.88,367.88,367.88,367.88,367.88,0,0
1648679160,367.88,367.88,367.88,367.88,367.88,0,0
1648679165,367.88,367.88,367.88,367.88,367.88,0,0
1648679170,367.88,367.88,367.88,367.88,367.88,0,0
1648679175,367.88,367.88,367.88,367.88,367.88,0,0
1648679180,367.88,367.88,367.88,367.88,367.88,0,0
1648679185,367.88,367.88,367.88,367.88,367.88,0,0
1648679190,367.88,367.88,367.88,367.88,367.88,0,0
1648679195,367.88,367.88,367.88,367.88,367.88,0,0
1648679200,367.88,367.88,367.88,367.88,367.88,0,0
1648679205,367.88,367.88,367.88,367.88,367.88,0,0
1648679210,367.88,367.88,367.88,367.88,367.88,0,0
1648679215,367.88,367.88,367.88,367.88,367.88,0,0
1648679220,367.88,367.88,367.88,367.88,367.88,0,0
1648679225,367.88,367.88,367.88,367.88,367.88,0,0
1648679230,367.88,367.88,367.88,367.88,367.88,0,0
1648679235,367.88,367.88,367.88,367.88,367.88,4,1
1648679240,367.88,367.88,367.88,367.88,367.88,0,0
1648679245,367.88,367.88,367.88,367.88,367.88,0,0
1648679250,367.88,367.88,367.88,367.88,367.88,0,0
1648679255,367.88,367.88,367.88,367.88,367.88,0,0
1648679260,367.88,367.88,367.88,367.88,367.88,0,0
1648679265,367.88,367.88,367.88,367.88,367.88,0,0
1648679270,367.88,367.88,367.88,367.88,367.88,0,0
1648679275,367.88,367.88,367.88,367.88,367.88,0,0
1648679280,367.88,367.88,367.88,367.88,367.88,0,0
1648679285,367.88,367.88,367.88,367.88,367.88,0,0
1648679290,367.88,367.88,367.88,367.88,367.88,0,0
1648679295,367.88,367.88,367.88,367.88,367.88,0,0
1648679300,367.88,367.88,367.88,367.88,367.88,0,0
1648679305,367.88,367.88,367.88,367.88,367.88,0,0
1648679310,367.86,367.86,367.86,367.86,367.86,4,1
1648679315,367.86,367.86,367.86,367.86,367.86,0,0
1648679320,367.86,367.86,367.86,367.86,367.86,0,0
1648679325,367.86,367.86,367.86,367.86,367.86,0,0
1648679330,367.86,367.86,367.86,367.86,367.86,0,0
1648679335,367.86,367.86,367.86,367.86,367.86,0,0
1648679340,367.86,367.86,367.86,367.86,367.86,0,0
1648679345,367.86,367.86,367.86,367.86,367.86,0,0
1648679350,367.86,367.86,367.86,367.86,367.86,0,0
1648679355,367.86,367.86,367.86,367.86,367.86,0,0
1648679360,367.86,367.86,367.86,367.86,367.86,0,0
1648679365,367.86,367.86,367.86,367.86,367.86,0,0
1648679370,367.86,367.86,367.86,367.86,367.86,0,0
1648679375,367.9,367.9,367.9,367.9,367.9,1,1
1648679380,367.9,367.9,367.9,367.9,367.9,0,0
1648679385,367.9,367.9,367.9,367.9,367.9,0,0
1648679390,367.9,367.9,367.9,367.9,367.9,0,0
1648679395,367.9,367.9,367.9,367.9,367.9,0,0
1648679400,367.9,367.9,367.9,367.9,367.9,1,1
1648679405,367.9,367.9,367.9,367.9,367.9,0,0
1648679410,367.9,367.9,367.9,367.9,367.9,0,0
1648679415,367.9,367.9,367.9,367.9,367.9,0,0
1648679420,367.9,367.9,367.9,367.9,367.9,0,0
1648679425,367.9,367.9,367.9,367.9,367.9,0,0
1648679430,367.9,367.9,367.9,367.9,367.9,0,0
1648679435,367.9,367.9,367.9,367.9,367.9,0,0
1648679440,367.9,367.9,367.9,367.9,367.9,0,0
1648679445,367.9,367.9,367.9,367.9,367.9,0,0
1648679450,367.9,367.9,367.9,367.9,367.9,0,0
1648679455,367.9,367.9,367.9,367.9,367.9,0,0
1648679460,367.9,367.9,367.9,367.9,367.9,0,0
1648679465,367.9,367.9,367.9,367.9,367.9,0,0
1648679470,367.9,367.9,367.9,367.9,367.9,0,0
1648679475,367.9,367.9,367.9,367.9,367.9,0,0
1648679480,367.9,367.9,367.9,367.9,367.9,0,0
1648679485,367.9,367.9,367.9,367.9,367.9,0,0
1648679490,367.9,367.9,367.9,367.9,367.9,0,0
1648679495,367.9,367.9,367.9,367.9,367.9,0,0
1648679500,367.9,367.9,367.9,367.9,367.9,0,0
1648679505,367.9,367.9,367.9,367.9,367.9,0,0
1648679510,367.9,367.9,367.9,367.9,367.9,0,0
1648679515,367.9,367.9,367.9,367.9,367.9,0,0
1648679520,367.9,367.9,367.9,367.9,367.9,0,0
1648679525,367.9,367.9,367.9,367.9,367.9,0,0
1648679530,367.9,367.9,367.9,367.9,367.9,0,0
1648679535,367.9,367.9,367.9,367.9,367.9,0,0
1648679540,367.9,367.9,367.9,367.9,367.9,0,0
1648679545,367.9,367.9,367.9,367.9,367.9,0,0
1648679550,367.9,367.9,367.9,367.9,367.9,0,0
1648679555,367.9,367.9,367.9,367.9,367.9,0,0
1648679560,367.9,367.9,367.9,367.9,367.9,0,0
1648679565,367.9,367.9,367.9,367.9,367.9,0,0
1648679570,367.9,367.9,367.9,367.9,367.9,0,0
1648679575,367.9,367.9,367.9,367.9,367.9,0,0
1648679580,367.9,367.9,367.9,367.9,367.9,0,0
1648679585,367.9,367.9,367.9,367.9,367.9,0,0
1648679590,367.9,367.9,367.9,367.9,367.9,0,0
1648679595,367.9,367.9,367.9,367.9,367.9,0,0
1648679600,367.9,367.9,367.9,367.9,367.9,0,0
1648679605,367.9,367.9,367.9,367.9,367.9,0,0
1648679610,367.9,367.9,367.9,367.9,367.9,0,0
1648679615,367.9,367.9,367.9,367.9,367.9,0,0
1648679620,367.88,367.9,367.88,367.9,367.895,48,13
1648679625,367.9,367.9,367.9,367.9,367.9,0,0
1648679630,367.9,367.9,367.9,367.9,367.9,0,0
1648679635,367.9,367.9,367.9,367.9,367.9,0,0
1648679640,367.9,367.9,367.9,367.9,367.9,0,0
1648679645,367.9,367.9,367.9,367.9,367.9,0,0
1648679650,367.9,367.9,367.9,367.9,367.9,0,0
1648679655,367.9,367.9,367.9,367.9,367.9,0,0
1648679660,367.9,367.9,367.9,367.9,367.9,0,0
1648679665,367.9,367.9,367.9,367.9,367.9,0,0
1648679670,367.9,367.9,367.9,367.9,367.9,0,0
1648679675,367.9,367.9,367.9,367.9,367.9,0,0
1648679680,367.9,367.9,367.9,367.9,367.9,0,0
1648679685,367.9,367.9,367.9,367.9,367.9,0,0
1648679690,367.9,367.9,367.9,367.9,367.9,0,0
1648679695,367.9,367.9,367.9,367.9,367.9,0,0
1648679700,367.9,367.9,367.9,367.9,367.9,0,0
1648679705,367.9,367.9,367.9,367.9,367.9,0,0
1648679710,367.9,367.9,367.9,367.9,367.9,0,0
1648679715,367.9,367.9,367.9,367.9,367.9,0,0
1648679720,367.9,367.9,367.9,367.9,367.9,0,0
1648679725,367.9,367.9,367.9,367.9,367.9,0,0
1648679730,367.9,367.9,367.9,367.9,367.9,0,0
1648679735,367.9,367.9,367.9,367.9,367.9,0,0
1648679740,367.9,367.9,367.9,367.9,367.9,0,0
1648679745,367.9,367.9,367.9,367.9,367.9,0,0
1648679750,367.9,367.9,367.9,367.9,367.9,0,0
1648679755,367.9,367.9,367.9,367.9,367.9,0,0
1648679760,367.9,367.9,367.9,367.9,367.9,0,0
1648679765,367.9,367.9,367.9,367.9,367.9,0,0
1648679770,367.9,367.9,367.9,367.9,367.9,0,0
1648679775,367.9,367.9,367.9,367.9,367.9,0,0
1648679780,367.9,367.9,367.9,367.9,367.9,0,0
1648679785,367.9,367.9,367.9,367.9,367.9,0,0
1648679790,367.9,367.9,367.9,367.9,367.9,0,0
1648679795,367.9,367.9,367.9,367.9,367.9,0,0
1648679800,367.84,367.84,367.84,367.84,367.84,4,1
1648679805,367.84,367.84,367.84,367.84,367.84,0,0
1648679810,367.84,367.84,367.84,367.84,367.84,0,0
1648679815,367.84,367.84,367.84,367.84,367.84,0,0
1648679820,367.84,367.84,367.84,367.84,367.84,1,1
1648679825,367.84,367.84,367.84,367.84,367.84,0,0
1648679830,367.84,367.84,367.84,367.84,367.84,0,0
1648679835,367.84,367.84,367.84,367.84,367.84,0,0
1648679840,367.84,367.84,367.84,367.84,367.84,0,0
1648679845,367.84,367.84,367.84,367.84,367.84,2,1
1648679850,367.84,367.84,367.84,367.84,367.84,0,0
1648679855,367.84,367.84,367.84,367.84,367.84,0,0
1648679860,367.84,367.84,367.84,367.84,367.84,0,0
1648679865,367.8,367.8,367.8,367.8,367.8,30,5
1648679870,367.8,367.8,367.8,367.8,367.8,0,0
1648679875,367.81,367.81,367.81,367.81,367.81,2,1
1648679880,367.81,367.81,367.81,367.81,367.81,0,0
1648679885,367.81,367.81,367.81,367.81,367.81,0,0
1648679890,367.81,367.81,367.81,367.81,367.81,0,0
1648679895,367.81,367.81,367.81,367.81,367.81,0,0
1648679900,367.81,367.81,367.81,367.81,367.81,0,0
1648679905,367.81,367.81,367.81,367.81,367.81,0,0
1648679910,367.81,367.81,367.81,367.81,367.81,0,0
1648679915,367.81,367.81,367.81,367.81,367.81,1,1
1648679920,367.81,367.81,367.81,367.81,367.81,0,0
1648679925,367.81,367.81,367.81,367.81,367.81,0,0
1648679930,367.81,367.81,367.81,367.81,367.81,0,0
1648679935,367.81,367.81,367.81,367.81,367.81,0,0
1648679940,367.81,367.81,367.81,367.81,367.81,0,0
1648679945,367.81,367.81,367.81,367.81,367.81,0,0
1648679950,367.81,367.81,367.81,367.81,367.81,0,0
1648679955,367.81,367.81,367.81,367.81,367.81,0,0
1648679960,367.81,367.81,367.81,367.81,367.81,0,0
1648679965,367.81,367.81,367.81,367.81,367.81,0,0
1648679970,367.81,367.81,367.81,367.81,367.81,0,0
1648679975,367.81,367.81,367.81,367.81,367.81,0,0
1648679980,367.81,367.81,367.81,367.81,367.81,0,0
1648679985,367.81,367.81,367.81,367.81,367.81,0,0
1648679990,367.81,367.81,367.81,367.81,367.81,0,0
1648679995,367.8,367.8,367.8,367.8,367.8,6,1
1648680000,367.8,367.8,367.8,367.8,367.8,29,7
1648680005,367.8,367.8,367.8,367.8,367.8,0,0
1648680010,367.8,367.8,367.8,367.8,367.8,0,0
1648680015,367.8,367.8,367.8,367.8,367.8,0,0
1648680020,367.8,367.8,367.8,367.8,367.8,0,0
1648680025,367.82,367.82,367.82,367.82,367.82,1,1
1648680030,367.82,367.82,367.82,367.82,367.82,0,0
1648680035,367.82,367.82,367.82,367.82,367.82,0,0
1648680040,367.82,367.82,367.82,367.82,367.82,0,0
1648680045,367.82,367.82,367.82,367.82,367.82,0,0
1648680050,367.82,367.82,367.82,367.82,367.82,0,0
1648680055,367.82,367.82,367.82,367.82,367.82,0,0
1648680060,367.82,367.82,367.82,367.82,367.82,0,0
1648680065,367.82,367.82,367.82,367.82,367.82,0,0
1648680070,367.82,367.82,367.82,367.82,367.82,0,0
1648680075,367.82,367.82,367.82,367.82,367.82,0,0
1648680080,367.82,367.82,367.82,367.82,367.82,0,0
1648680085,367.82,367.82,367.82,367.82,367.82,0,0
1648680090,367.82,367.82,367.82,367.82,367.82,0,0
1648680095,367.82,367.82,367.82,367.82,367.82,0,0
1648680100,367.82,367.82,367.82,367.82,367.82,0,0
1648680105,367.82,367.82,367.82,367.82,367.82,0,0
1648680110,367.82,367.82,367.82,367.82,367.82,0,0
1648680115,367.82,367.82,367.82,367.82,367.82,0,0
1648680120,367.82,367.82,367.82,367.82,367.82,0,0
1648680125,367.82,367.82,367.82,367.82,367.82,0,0
1648680130,367.82,367.82,367.82,367.82,367.82,0,0
1648680135,367.82,367.82,367.82,367.82,367.82,0,0
1648680140,367.82,367.82,367.82,367.82,367.82,0,0
1648680145,367.82,367.82,367.82,367.82,367.82,0,0
1648680150,367.82,367.82,367.82,367.82,367.82,0,0
1648680155,367.82,367.82,367.82,367.82,367.82,0,0
1648680160,367.82,367.82,367.82,367.82,367.82,0,0
1648680165,367.82,367.82,367.82,367.82,367.82,0,0
1648680170,367.82,367.82,367.82,367.82,367.82,0,0
1648680175,367.82,367.82,367.82,367.82,367.82,0,0
1648680180,367.82,367.82,367.82,367.82,367.82,0,0
1648680185,367.82,367.82,367.82,367.82,367.82,0,0
1648680190,367.82,367.82,367.82,367.82,367.82,0,0
1648680195,367.82,367.82,367.82,367.82,367.82,0,0
1648680200,367.82,367.82,367.82,367.82,367.82,0,0
1648680205,367.82,367.82,367.82,367.82,367.82,0,0
1648680210,367.82,367.82,367.82,367.82,367.82,0,0
1648680215,367.82,367.82,367.82,367.82,367.82,0,0
1648680220,367.82,367.82,367.82,367.82,367.82,0,0
1648680225,367.82,367.82,367.82,367.82,367.82,0,0
1648680230,367.82,367.82,367.82,367.82,367.82,0,0
1648680235,367.82,367.82,367.82,367.82,367.82,0,0
1648680240,367.82,367.82,367.82,367.82,367.82,0,0
1648680245,367.82,367.82,367.82,367.82,367.82,0,0
1648680250,367.82,367.82,367.82,367.82,367.82,0,0
1648680255,367.82,367.82,367.82,367.82,367.82,0,0
1648680260,367.82,367.82,367.82,367.82,367.82,0,0
1648680265,367.82,367.82,367.82,367.82,367.82,0,0
1648680270,367.82,367.82,367.82,367.82,367.82,0,0
1648680275,367.82,367.82,367.82,367.82,367.82,0,0
1648680280,367.82,367.82,367.82,367.82,367.82,0,0
1648680285,367.82,367.82,367.82,367.82,367.82,0,0
1648680290,367.82,367.82,367.82,367.82,367.82,0,0
1648680295,367.82,367.82,367.82,367.82,367.82,0,0
1648680300,367.82,367.82,367.82,367.82,367.82,0,0
1648680305,367.82,367.82,367.82,367.82,367.82,0,0
1648680310,367.82,367.82,367.82,367.82,367.82,0,0
1648680315,367.82,367.82,367.82,367.82,367.82,0,0
1648680320,367.82,367.82,367.82,367.82,367.82,0,0
1648680325,367.82,367.82,367.82,367.82,367.82,0,0
1648680330,367.82,367.82,367.82,367.82,367.82,0,0
1648680335,367.82,367.82,367.82,367.82,367.82,0,0
1648680340,367.82,367.82,367.82,367.82,367.82,0,0
1648680345,367.82,367.82,367.82,367.82,367.82,0,0
1648680350,367.82,367.82,367.82,367.82,367.82,0,0
1648680355,367.82,367.82,367.82,367.82,367.82,0,0
1648680360,367.82,367.82,367.82,367.82,367.82,0,0
1648680365,367.82,367.82,367.82,367.82,367.82,0,0
1648680370,367.82,367.82,367.82,367.82,367.82,0,0
1648680375,367.82,367.82,367.82,367.82,367.82,0,0
1648680380,367.82,367.82,367.82,367.82,367.82,0,0
1648680385,367.82,367.82,367.82,367.82,367.82,0,0
1648680390,367.82,367.82,367.82,367.82,367.82,0,0
1648680395,367.82,367.82,367.82,367.82,367.82,0,0
1648680400,367.82,367.82,367.82,367.82,367.82,0,0
1648680405,367.82,367.82,367.82,367.82,367.82,0,0
1648680410,367.82,367.82,367.82,367.82,367.82,0,0
1648680415,367.82,367.82,367.82,367.82,367.82,0,0
1648680420,367.82,367.82,367.82,367.82,367.82,0,0
1648680425,367.82,367.82,367.82,367.82,367.82,0,0
1648680430,367.82,367.82,367.82,367.82,367.82,0,0
1648680435,367.92,367.92,367.92,367.92,367.92,1,1
1648680440,367.92,367.92,367.92,367.92,367.92,0,0
1648680445,367.92,367.92,367.92,367.92,367.92,0,0
1648680450,367.92,367.92,367.92,367.92,367.92,0,0
1648680455,367.92,367.92,367.92,367.92,367.92,0,0
1648680460,367.92,367.92,367.92,367.92,367.92,0,0
1648680465,367.92,367.92,367.92,367.92,367.92,0,0
1648680470,367.92,367.92,367.92,367.92,367.92,0,0
1648680475,367.92,367.92,367.92,367.92,367.92,0,0
1648680480,367.92,367.92,367.92,367.92,367.92,0,0
1648680485,367.92,367.92,367.92,367.92,367.92,0,0
1648680490,367.92,367.92,367.92,367.92,367.92,0,0
1648680495,367.92,367.92,367.92,367.92,367.92,0,0
1648680500,367.92,367.92,367.92,367.92,367.92,0,0
1648680505,367.92,367.92,367.92,367.92,367.92,0,0
1648680510,367.92,367.92,367.92,367.92,367.92,0,0
1648680515,367.92,367.92,367.92,367.92,367.92,0,0
1648680520,367.92,367.92,367.92,367.92,367.92,0,0
1648680525,367.92,367.92,367.92,367.92,367.92,0,0
1648680530,367.92,367.92,367.92,367.92,367.92,0,0
1648680535,367.92,367.92,367.92,367.92,367.92,0,0
1648680540,367.92,367.92,367.92,367.92,367.92,0,0
1648680545,367.92,367.92,367.92,367.92,367.92,0,0
1648680550,367.92,367.92,367.92,367.92,367.92,0,0
1648680555,367.92,367.92,367.92,367.92,367.92,0,0
1648680560,367.92,367.92,367.92,367.92,367.92,0,0
1648680565,367.92,367.92,367.92,367.92,367.92,0,0
1648680570,367.92,367.92,367.92,367.92,367.92,0,0
1648680575,367.92,367.92,367.92,367.92,367.92,0,0
1648680580,367.92,367.92,367.92,367.92,367.92,0,0
1648680585,367.92,367.92,367.92,367.92,367.92,0,0
1648680590,367.92,367.92,367.92,367.92,367.92,0,0
1648680595,367.92,367.92,367.92,367.92,367.92,0,0
1648680600,367.9,367.9,367.9,367.9,367.9,1,1
1648680605,367.9,367.9,367.9,367.9,367.9,0,0
1648680610,367.9,367.9,367.9,367.9,367.9,0,0
1648680615,367.9,367.9,367.9,367.9,367.9,0,0
1648680620,367.9,367.9,367.9,367.9,367.9,0,0
1648680625,367.9,367.9,367.9,367.9,367.9,0,0
1648680630,367.9,367.9,367.9,367.9,367.9,0,0
1648680635,367.9,367.9,367.9,367.9,367.9,0,0
1648680640,367.9,367.9,367.9,367.9,367.9,0,0
1648680645,367.9,367.9,367.9,367.9,367.9,0,0
1648680650,367.9,367.9,367.9,367.9,367.9,0,0
1648680655,367.9,367.9,367.9,367.9,367.9,0,0
1648680660,367.9,367.9,367.9,367.9,367.9,0,0
1648680665,367.9,367.9,367.9,367.9,367.9,0,0
1648680670,367.9,367.9,367.9,367.9,367.9,0,0
1648680675,367.9,367.9,367.9,367.9,367.9,0,0
1648680680,367.9,367.9,367.9,367.9,367.9,0,0
1648680685,367.9,367.9,367.9,367.9,367.9,0,0
1648680690,367.9,367.9,367.9,367.9,367.9,0,0
1648680695,367.9,367.9,367.9,367.9,367.9,0,0
1648680700,367.9,367.9,367.9,367.9,367.9,0,0
1648680705,367.9,367.9,367.9,367.9,367.9,0,0
1648680710,367.9,367.9,367.9,367.9,367.9,10,1
1648680715,367.9,367.9,367.9,367.9,367.9,0,0
1648680720,367.9,367.9,367.9,367.9,367.9,0,0
1648680725,367.9,367.9,367.9,367.9,367.9,0,0
1648680730,367.9,367.9,367.9,367.9,367.9,0,0
1648680735,367.9,367.9,367.9,367.9,367.9,0,0
1648680740,367.9,367.9,367.9,367.9,367.9,0,0
1648680745,367.9,367.9,367.9,367.9,367.9,0,0
1648680750,367.9,367.9,367.9,367.9,367.9,0,0
1648680755,367.9,367.9,367.9,367.9,367.9,0,0
1648680760,367.9,367.9,367.9,367.9,367.9,0,0
1648680765,367.9,367.9,367.9,367.9,367.9,0,0
1648680770,367.9,367.9,367.9,367.9,367.9,0,0
1648680775,367.9,367.9,367.9,367.9,367.9,0,0
1648680780,367.9,367.9,367.9,367.9,367.9,0,0
1648680785,367.9,367.9,367.9,367.9,367.9,0,0
1648680790,367.9,367.9,367.9,367.9,367.9,0,0
1648680795,367.9,367.9,367.9,367.9,367.9,0,0
1648680800,367.9,367.9,367.9,367.9,367.9,0,0
1648680805,367.9,367.9,367.9,367.9,367.9,0,0
1648680810,367.9,367.9,367.9,367.9,367.9,0,0
1648680815,367.9,367.9,367.9,367.9,367.9,0,0
1648680820,367.9,367.9,367.9,367.9,367.9,0,0
1648680825,367.9,367.9,367.9,367.9,367.9,0,0
1648680830,367.9,367.9,367.9,367.9,367.9,0,0
1648680835,367.9,367.9,367.9,367.9,367.9,0,0
1648680840,367.9,367.9,367.9,367.9,367.9,0,0
1648680845,367.9,367.9,367.9,367.9,367.9,0,0
1648680850,367.9,367.9,367.9,367.9,367.9,0,0
1648680855,367.9,367.9,367.9,367.9,367.9,0,0
1648680860,367.9,367.9,367.9,367.9,367.9,0,0
1648680865,367.9,367.9,367.9,367.9,367.9,0,0
1648680870,367.9,367.9,367.9,367.9,367.9,0,0
1648680875,367.9,367.9,367.9,367.9,367.9,0,0
1648680880,367.9,367.9,367.9,367.9,367.9,0,0
1648680885,367.9,367.9,367.9,367.9,367.9,0,0
1648680890,367.9,367.9,367.9,367.9,367.9,0,0
1648680895,367.93,367.93,367.93,367.93,367.93,10,3
1648680900,367.93,367.93,367.93,367.93,367.93,0,0
1648680905,367.93,367.93,367.93,367.93,367.93,0,0
1648680910,367.93,367.93,367.93,367.93,367.93,0,0
1648680915,367.93,367.93,367.93,367.93,367.93,0,0
1648680920,367.93,367.93,367.93,367.93,367.93,0,0
1648680925,367.93,367.93,367.93,367.93,367.93,0,0
1648680930,367.93,367.93,367.93,367.93,367.93,0,0
1648680935,367.93,367.93,367.93,367.93,367.93,0,0
1648680940,367.93,367.93,367.93,367.93,367.93,0,0
1648680945,367.93,367.93,367.93,367.93,367.93,0,0
1648680950,367.93,367.93,367.93,367.93,367.93,0,0
1648680955,367.93,367.93,367.93,367.93,367.93,0,0
1648680960,367.93,367.93,367.93,367.93,367.93,0,0
1648680965,367.93,367.93,367.93,367.93,367.93,0,0
1648680970,367.93,367.93,367.93,367.93,367.93,0,0
1648680975,367.93,367.93,367.93,367.93,367.93,0,0
1648680980,367.93,367.93,367.93,367.93,367.93,0,0
1648680985,367.93,367.93,367.93,367.93,367.93,0,0
1648680990,367.93,367.93,367.93,367.93,367.93,0,0
1648680995,367.93,367.93,367.93,367.93,367.93,0,0
1648681000,367.93,367.93,367.93,367.93,367.93,0,0
1648681005,367.93,367.93,367.93,367.93,367.93,0,0
1648681010,367.93,367.93,367.93,367.93,367.93,0,0
1648681015,367.93,367.93,367.93,367.93,367.93,0,0
1648681020,367.93,367.93,367.93,367.93,367.93,0,0
1648681025,367.93,367.93,367.93,367.93,367.93,0,0
1648681030,367.93,367.93,367.93,367.93,367.93,0,0
1648681035,367.93,367.93,367.93,367.93,367.93,0,0
1648681040,367.93,367.93,367.93,367.93,367.93,0,0
1648681045,367.93,367.93,367.93,367.93,367.93,0,0
1648681050,367.93,367.93,367.93,367.93,367.93,0,0
1648681055,367.93,367.93,367.93,367.93,367.93,0,0
1648681060,367.9,367.9,367.9,367.9,367.9,2,1
1648681065,367.9,367.9,367.9,367.9,367.9,0,0
1648681070,367.9,367.9,367.9,367.9,367.9,0,0
1648681075,367.9,367.9,367.9,367.9,367.9,0,0
1648681080,367.9,367.9,367.9,367.9,367.9,0,0
1648681085,367.9,367.9,367.9,367.9,367.9,0,0
1648681090,367.9,367.9,367.9,367.9,367.9,0,0
1648681095,367.9,367.9,367.9,367.9,367.9,0,0
1648681100,367.9,367.9,367.9,367.9,367.9,0,0
1648681105,367.9,367.9,367.9,367.9,367.9,0,0
1648681110,367.9,367.9,367.9,367.9,367.9,0,0
1648681115,367.89,367.89,367.89,367.89,367.89,4,2
1648681120,367.89,367.89,367.89,367.89,367.89,0,0
1648681125,367.89,367.89,367.89,367.89,367.89,0,0
1648681130,367.89,367.89,367.89,367.89,367.89,0,0
1648681135,367.89,367.89,367.89,367.89,367.89,0,0
1648681140,367.89,367.89,367.89,367.89,367.89,0,0
1648681145,367.89,367.89,367.89,367.89,367.89,0,0
1648681150,367.89,367.89,367.89,367.89,367.89,0,0
1648681155,367.89,367.89,367.89,367.89,367.89,0,0
1648681160,367.89,367.89,367.89,367.89,367.89,0,0
1648681165,367.89,367.89,367.89,367.89,367.89,0,0
1648681170,367.89,367.89,367.89,367.89,367.89,0,0
1648681175,367.89,367.89,367.89,367.89,367.89,0,0
1648681180,367.89,367.89,367.89,367.89,367.89,0,0
1648681185,367.93,367.93,367.92,367.92,367.928,8,2
1648681190,367.92,367.92,367.92,367.92,367.92,0,0
1648681195,367.92,367.92,367.92,367.92,367.92,0,0
1648681200,367.92,367.92,367.92,367.92,367.92,0,0
1648681205,367.92,367.92,367.92,367.92,367.92,0,0
1648681210,367.92,367.92,367.92,367.92,367.92,0,0
1648681215,367.92,367.92,367.92,367.92,367.92,2,1
1648681220,367.92,367.92,367.92,367.92,367.92,0,0
1648681225,367.92,367.92,367.92,367.92,367.92,0,0
1648681230,367.92,367.92,367.92,367.92,367.92,0,0
1648681235,367.92,367.92,367.92,367.92,367.92,0,0
1648681240,367.92,367.92,367.92,367.92,367.92,0,0
1648681245,367.92,367.92,367.92,367.92,367.92,0,0
1648681250,367.92,367.92,367.92,367.92,367.92,0,0
1648681255,367.92,367.92,367.92,367.92,367.92,0,0
1648681260,367.92,367.92,367.92,367.92,367.92,0,0
1648681265,367.92,367.92,367.92,367.92,367.92,0,0
1648681270,367.92,367.92,367.92,367.92,367.92,0,0
1648681275,367.92,367.92,367.92,367.92,367.92,0,0
1648681280,367.92,367.92,367.92,367.92,367.92,0,0
1648681285,367.92,367.92,367.92,367.92,367.92,0,0
1648681290,367.92,367.92,367.92,367.92,367.92,0,0
1648681295,367.92,367.92,367.92,367.92,367.92,0,0
1648681300,367.92,367.92,367.92,367.92,367.92,0,0
1648681305,367.92,367.92,367.92,367.92,367.92,0,0
1648681310,367.92,367.92,367.92,367.92,367.92,0,0
1648681315,367.92,367.92,367.92,367.92,367.92,0,0
1648681320,367.92,367.92,367.92,367.92,367.92,0,0
1648681325,367.92,367.92,367.92,367.92,367.92,0,0
1648681330,367.92,367.92,367.92,367.92,367.92,0,0
1648681335,367.97,367.97,367.97,367.97,367.97,1,1
1648681340,367.97,367.97,367.97,367.97,367.97,0,0
1648681345,367.97,367.97,367.97,367.97,367.97,0,0
1648681350,367.97,367.97,367.97,367.97,367.97,0,0
1648681355,367.97,367.97,367.97,367.97,367.97,0,0
1648681360,367.97,367.97,367.97,367.97,367.97,0,0
1648681365,367.98,367.98,367.98,367.98,367.98,2,2
1648681370,367.98,367.98,367.98,367.98,367.98,0,0
1648681375,367.98,367.98,367.98,367.98,367.98,0,0
1648681380,367.98,367.98,367.98,367.98,367.98,0,0
1648681385,368.0,368.0,368.0,368.0,368.0,15,4
1648681390,368.0,368.0,368.0,368.0,368.0,0,0
1648681395,368.0,368.0,368.0,368.0,368.0,0,0
1648681400,368.0,368.0,368.0,368.0,368.0,0,0
1648681405,368.0,368.0,368.0,368.0,368.0,0,0
1648681410,368.0,368.0,368.0,368.0,368.0,0,0
1648681415,368.0,368.0,368.0,368.0,368.0,0,0
1648681420,368.0,368.0,368.0,368.0,368.0,0,0
1648681425,368.0,368.0,368.0,368.0,368.0,0,0
1648681430,367.92,367.92,367.92,367.92,367.92,1,1
1648681435,367.92,367.92,367.92,367.92,367.92,0,0
1648681440,367.92,367.92,367.92,367.92,367.92,0,0
1648681445,367.92,367.92,367.92,367.92,367.92,0,0
1648681450,367.92,367.92,367.92,367.92,367.92,0,0
1648681455,367.92,367.92,367.92,367.92,367.92,0,0
1648681460,367.92,367.92,367.92,367.92,367.92,0,0
1648681465,367.92,367.92,367.92,367.92,367.92,0,0
1648681470,367.92,367.92,367.92,367.92,367.92,0,0
1648681475,367.92,367.92,367.92,367.92,367.92,0,0
1648681480,367.92,367.92,367.92,367.92,367.92,0,0
1648681485,367.92,367.92,367.92,367.92,367.92,0,0
1648681490,367.96,367.96,367.96,367.96,367.96,3,1
1648681495,367.96,367.96,367.96,367.96,367.96,0,0
1648681500,367.96,367.96,367.96,367.96,367.96,0,0
1648681505,367.96,367.96,367.96,367.96,367.96,0,0
1648681510,367.96,367.96,367.96,367.96,367.96,0,0
1648681515,367.96,367.96,367.96,367.96,367.96,0,0
1648681520,367.96,367.96,367.96,367.96,367.96,0,0
1648681525,367.96,367.96,367.96,367.96,367.96,0,0
1648681530,367.96,367.96,367.96,367.96,367.96,0,0
1648681535,367.96,367.96,367.96,367.96,367.96,0,0
1648681540,367.96,367.96,367.96,367.96,367.96,0,0
1648681545,367.96,367.96,367.96,367.96,367.96,0,0
1648681550,367.96,367.96,367.96,367.96,367.96,0,0
1648681555,367.96,367.96,367.96,367.96,367.96,0,0
1648681560,367.96,367.96,367.96,367.96,367.96,0,0
1648681565,367.96,367.96,367.96,367.96,367.96,0,0
1648681570,367.96,367.96,367.96,367.96,367.96,0,0
1648681575,367.96,367.96,367.96,367.96,367.96,0,0
1648681580,367.96,367.96,367.96,367.96,367.96,0,0
1648681585,367.96,367.96,367.96,367.96,367.96,0,0
1648681590,367.96,367.96,367.96,367.96,367.96,0,0
1648681595,367.96,367.96,367.96,367.96,367.96,0,0
1648681600,367.96,367.96,367.96,367.96,367.96,0,0
1648681605,367.96,367.96,367.96,367.96,367.96,0,0
1648681610,367.99,367.99,367.99,367.99,367.99,4,2
1648681615,367.99,367.99,367.99,367.99,367.99,13,3
1648681620,367.99,367.99,367.99,367.99,367.99,0,0
1648681625,367.99,367.99,367.99,367.99,367.99,0,0
1648681630,367.99,367.99,367.99,367.99,367.99,0,0
1648681635,368.0,368.0,368.0,368.0,368.0,12,2
1648681640,368.0,368.0,368.0,368.0,368.0,0,0
1648681645,368.0,368.0,368.0,368.0,368.0,0,0
1648681650,368.0,368.0,368.0,368.0,368.0,0,0
1648681655,368.0,368.0,368.0,368.0,368.0,0,0
1648681660,368.0,368.0,368.0,368.0,368.0,0,0
1648681665,368.0,368.0,368.0,368.0,368.0,0,0
1648681670,368.0,368.0,368.0,368.0,368.0,0,0
1648681675,368.0,368.0,368.0,368.0,368.0,0,0
1648681680,368.0,368.0,368.0,368.0,368.0,0,0
1648681685,368.0,368.0,368.0,368.0,368.0,0,0
1648681690,368.0,368.0,368.0,368.0,368.0,0,0
1648681695,368.0,368.0,368.0,368.0,368.0,0,0
1648681700,368.0,368.0,368.0,368.0,368.0,0,0
1648681705,367.98,367.98,367.97,367.98,367.98,3,3
1648681710,367.98,367.98,367.97,367.98,367.98,0,0
1648681715,367.98,367.98,367.97,367.98,367.98,0,0
1648681720,367.99,367.99,367.98,367.99,367.99,3,3
1648681725,367.99,367.99,367.98,367.99,367.99,0,0
1648681730,367.99,367.99,367.98,367.99,367.99,0,0
1648681735,367.99,367.99,367.98,367.99,367.99,0,0
1648681740,367.99,367.99,367.98,367.99,367.99,0,0
1648681745,367.99,367.99,367.98,367.99,367.99,0,0
1648681750,368.02,368.02,368.02,368.02,368.02,6,2
1648681755,368.02,368.02,368.02,368.02,368.02,0,0
1648681760,368.02,368.02,368.02,368.02,368.02,0,0
1648681765,368.02,368.02,368.02,368.02,368.02,0,0
1648681770,367.97,367.97,367.97,367.97,367.97,2,1
1648681775,367.97,367.97,367.97,367.97,367.97,0,0
1648681780,367.97,367.97,367.97,367.97,367.97,0,0
1648681785,367.97,367.97,367.97,367.97,367.97,0,0
1648681790,367.97,367.97,367.97,367.97,367.97,0,0
1648681795,367.97,367.97,367.97,367.97,367.97,0,0
1648681800,367.97,367.97,367.97,367.97,367.97,0,0
1648681805,367.97,367.97,367.97,367.97,367.97,0,0
1648681810,367.97,367.97,367.97,367.97,367.97,0,0
1648681815,367.97,367.97,367.97,367.97,367.97,0,0
1648681820,367.97,367.97,367.97,367.97,367.97,0,0
1648681825,367.97,367.97,367.97,367.97,367.97,0,0
1648681830,367.97,367.97,367.97,367.97,367.97,0,0
1648681835,367.97,367.97,367.97,367.97,367.97,0,0
1648681840,367.97,367.97,367.97,367.97,367.97,0,0
1648681845,367.97,367.97,367.97,367.97,367.97,0,0
1648681850,367.97,367.97,367.97,367.97,367.97,0,0
1648681855,367.97,367.97,367.97,367.97,367.97,0,0
1648681860,367.97,367.97,367.97,367.97,367.97,0,0
1648681865,367.97,367.97,367.97,367.97,367.97,0,0
1648681870,367.97,367.97,367.97,367.97,367.97,0,0
1648681875,367.97,367.97,367.97,367.97,367.97,0,0
1648681880,367.97,367.97,367.97,367.97,367.97,0,0
1648681885,367.97,367.97,367.97,367.97,367.97,0,0
1648681890,367.97,367.97,367.97,367.97,367.97,0,0
1648681895,367.97,367.97,367.97,367.97,367.97,0,0
1648681900,367.97,367.97,367.97,367.97,367.97,0,0
1648681905,367.97,367.97,367.97,367.97,367.97,0,0
1648681910,367.97,367.97,367.97,367.97,367.97,0,0
1648681915,367.97,367.97,367.97,367.97,367.97,0,0
1648681920,367.97,367.97,367.97,367.97,367.97,0,0
1648681925,367.97,367.97,367.97,367.97,367.97,0,0
1648681930,367.97,367.97,367.97,367.97,367.97,0,0
1648681935,367.97,367.97,367.97,367.97,367.97,0,0
1648681940,367.97,367.97,367.97,367.97,367.97,0,0
1648681945,367.97,367.97,367.97,367.97,367.97,0,0
1648681950,367.97,367.97,367.97,367.97,367.97,0,0
1648681955,367.97,367.97,367.97,367.97,367.97,0,0
1648681960,367.97,367.97,367.97,367.97,367.97,0,0
1648681965,367.97,367.97,367.97,367.97,367.97,0,0
1648681970,367.97,367.97,367.97,367.97,367.97,0,0
1648681975,367.97,367.97,367.97,367.97,367.97,0,0
1648681980,367.97,367.97,367.97,367.97,367.97,0,0
1648681985,367.97,367.97,367.97,367.97,367.97,0,0
1648681990,367.97,367.97,367.97,367.97,367.97,0,0
1648681995,367.97,367.97,367.97,367.97,367.97,0,0
1648682000,367.97,367.97,367.97,367.97,367.97,0,0
1648682005,367.97,367.97,367.97,367.97,367.97,0,0
1648682010,367.97,367.97,367.97,367.97,367.97,0,0
1648682015,367.97,367.97,367.97,367.97,367.97,0,0
1648682020,367.97,367.97,367.97,367.97,367.97,0,0
1648682025,367.97,367.97,367.97,367.97,367.97,0,0
1648682030,367.97,367.97,367.97,367.97,367.97,0,0
1648682035,367.97,367.97,367.97,367.97,367.97,0,0
1648682040,367.97,367.97,367.97,367.97,367.97,0,0
1648682045,367.97,367.97,367.97,367.97,367.97,0,0
1648682050,367.97,367.97,367.97,367.97,367.97,0,0
1648682055,367.97,367.97,367.97,367.97,367.97,0,0
1648682060,367.97,367.97,367.97,367.97,367.97,0,0
1648682065,367.97,367.97,367.97,367.97,367.97,0,0
1648682070,367.97,367.97,367.97,367.97,367.97,0,0
1648682075,367.97,367.97,367.97,367.97,367.97,0,0
1648682080,367.97,367.97,367.97,367.97,367.97,0,0
1648682085,367.91,367.91,367.91,367.91,367.91,2,1
1648682090,367.91,367.91,367.91,367.91,367.91,0,0
1648682095,367.91,367.91,367.91,367.91,367.91,0,0
1648682100,367.91,367.91,367.91,367.91,367.91,0,0
1648682105,368.02,368.04,368.02,368.04,368.03,4,2
1648682110,368.04,368.04,368.04,368.04,368.04,0,0
1648682115,368.04,368.04,368.04,368.04,368.04,0,0
1648682120,368.04,368.04,368.04,368.04,368.04,0,0
1648682125,368.04,368.04,368.04,368.04,368.04,0,0
1648682130,368.04,368.04,368.04,368.04,368.04,0,0
1648682135,368.04,368.04,368.04,368.04,368.04,0,0
1648682140,368.04,368.04,368.04,368.04,368.04,0,0
1648682145,368.04,368.04,368.04,368.04,368.04,0,0
1648682150,368.04,368.04,368.04,368.04,368.04,0,0
1648682155,368.04,368.04,368.04,368.04,368.04,0,0
1648682160,368.04,368.04,368.04,368.04,368.04,0,0
1648682165,368.04,368.04,368.04,368.04,368.04,0,0
1648682170,368.04,368.04,368.04,368.04,368.04,0,0
1648682175,368.04,368.04,368.04,368.04,368.04,0,0
1648682180,368.04,368.04,368.04,368.04,368.04,0,0
1648682185,368.04,368.04,368.04,368.04,368.04,0,0
1648682190,368.04,368.04,368.04,368.04,368.04,0,0
1648682195,368.04,368.04,368.04,368.04,368.04,0,0
1648682200,368.04,368.04,368.04,368.04,368.04,0,0
1648682205,368.04,368.04,368.04,368.04,368.04,0,0
1648682210,368.04,368.04,368.04,368.04,368.04,0,0
1648682215,368.04,368.04,368.04,368.04,368.04,0,0
1648682220,368.04,368.04,368.04,368.04,368.04,0,0
1648682225,368.04,368.04,368.04,368.04,368.04,0,0
1648682230,368.04,368.04,368.04,368.04,368.04,0,0
1648682235,368.04,368.04,368.04,368.04,368.04,0,0
1648682240,368.04,368.04,368.04,368.04,368.04,0,0
1648682245,368.04,368.04,368.04,368.04,368.04,0,0
1648682250,368.04,368.04,368.04,368.04,368.04,0,0
1648682255,368.0,368.0,368.0,368.0,368.0,1,1
1648682260,368.0,368.0,368.0,368.0,368.0,0,0
1648682265,368.03,368.03,368.03,368.03,368.03,1,1
1648682270,368.03,368.03,368.03,368.03,368.03,0,0
1648682275,368.03,368.03,368.03,368.03,368.03,0,0
1648682280,367.95,367.95,367.95,367.95,367.95,11,3
1648682285,367.95,367.95,367.95,367.95,367.95,0,0
1648682290,367.95,367.95,367.95,367.95,367.95,0,0
1648682295,367.95,367.95,367.95,367.95,367.95,0,0
1648682300,367.95,367.95,367.95,367.95,367.95,0,0
1648682305,367.95,367.95,367.95,367.95,367.95,0,0
1648682310,367.95,367.95,367.95,367.95,367.95,0,0
1648682315,367.95,367.95,367.95,367.95,367.95,0,0
1648682320,367.95,367.95,367.95,367.95,367.95,0,0
1648682325,367.95,367.95,367.95,367.95,367.95,0,0
1648682330,367.95,367.95,367.95,367.95,367.95,0,0
1648682335,367.95,367.95,367.95,367.95,367.95,0,0
1648682340,367.95,367.95,367.95,367.95,367.95,0,0
1648682345,367.95,367.95,367.95,367.95,367.95,0,0
1648682350,367.95,367.95,367.95,367.95,367.95,0,0
1648682355,367.95,367.95,367.95,367.95,367.95,0,0
1648682360,367.95,367.95,367.95,367.95,367.95,0,0
1648682365,367.95,367.95,367.95,367.95,367.95,0,0
1648682370,367.95,367.95,367.95,367.95,367.95,0,0
1648682375,367.96,367.96,367.96,367.96,367.96,2,1
1648682380,367.96,367.96,367.96,367.96,367.96,0,0
1648682385,367.96,367.96,367.96,367.96,367.96,0,0
1648682390,367.96,367.96,367.96,367.96,367.96,0,0
1648682395,367.96,367.96,367.96,367.96,367.96,0,0
1648682400,367.96,367.96,367.96,367.96,367.96,0,0
1648682405,367.96,367.96,367.96,367.96,367.96,0,0
1648682410,367.96,367.96,367.96,367.96,367.96,0,0
1648682415,367.96,367.96,367.96,367.96,367.96,0,0
1648682420,367.96,367.96,367.96,367.96,367.96,0,0
1648682425,367.96,367.96,367.96,367.96,367.96,0,0
1648682430,367.96,367.96,367.96,367.96,367.96,0,0
1648682435,367.96,367.96,367.96,367.96,367.96,0,0
1648682440,367.96,367.96,367.96,367.96,367.96,0,0
1648682445,367.96,367.96,367.96,367.96,367.96,0,0
1648682450,367.96,367.96,367.96,367.96,367.96,0,0
1648682455,367.96,367.96,367.96,367.96,367.96,0,0
1648682460,367.96,367.96,367.96,367.96,367.96,0,0
1648682465,367.96,367.96,367.96,367.96,367.96,0,0
1648682470,367.96,367.96,367.96,367.96,367.96,0,0
1648682475,367.96,367.96,367.96,367.96,367.96,0,0
1648682480,367.96,367.96,367.96,367.96,367.96,0,0
1648682485,367.96,367.96,367.96,367.96,367.96,0,0
1648682490,367.96,367.96,367.96,367.96,367.96,0,0
1648682495,367.96,367.96,367.96,367.96,367.96,0,0
1648682500,367.96,367.96,367.96,367.96,367.96,0,0
1648682505,367.96,367.96,367.96,367.96,367.96,0,0
1648682510,367.96,367.96,367.96,367.96,367.96,0,0
1648682515,367.96,367.96,367.96,367.96,367.96,0,0
1648682520,367.96,367.96,367.96,367.96,367.96,0,0
1648682525,367.96,367.96,367.96,367.96,367.96,0,0
1648682530,367.96,367.96,367.96,367.96,367.96,0,0
1648682535,367.96,367.96,367.96,367.96,367.96,0,0
1648682540,367.96,367.96,367.96,367.96,367.96,0,0
1648682545,367.96,367.96,367.96,367.96,367.96,0,0
1648682550,367.96,367.96,367.96,367.96,367.96,0,0
1648682555,367.96,367.96,367.96,367.96,367.96,0,0
1648682560,367.96,367.96,367.96,367.96,367.96,0,0
1648682565,367.96,367.96,367.96,367.96,367.96,0,0
1648682570,367.96,367.96,367.96,367.96,367.96,0,0
1648682575,367.96,367.96,367.96,367.96,367.96,0,0
1648682580,367.96,367.96,367.96,367.96,367.96,0,0
1648682585,367.96,367.96,367.96,367.96,367.96,0,0
1648682590,367.96,367.96,367.96,367.96,367.96,0,0
1648682595,367.96,367.96,367.96,367.96,367.96,0,0
1648682600,367.96,367.96,367.96,367.96,367.96,0,0
1648682605,367.96,367.96,367.96,367.96,367.96,0,0
1648682610,367.96,367.96,367.96,367.96,367.96,0,0
1648682615,367.96,367.96,367.96,367.96,367.96,0,0
1648682620,367.96,367.96,367.96,367.96,367.96,0,0
1648682625,367.96,367.96,367.96,367.96,367.96,0,0
1648682630,367.96,367.96,367.96,367.96,367.96,0,0
1648682635,367.96,367.96,367.96,367.96,367.96,0,0
1648682640,367.96,367.96,367.96,367.96,367.96,0,0
1648682645,367.96,367.96,367.96,367.96,367.96,0,0
1648682650,367.96,367.96,367.96,367.96,367.96,0,0
1648682655,367.96,367.96,367.96,367.96,367.96,0,0
1648682660,367.96,367.96,367.96,367.96,367.96,0,0
1648682665,367.96,367.96,367.96,367.96,367.96,0,0
1648682670,367.96,367.96,367.96,367.96,367.96,0,0
1648682675,367.96,367.96,367.96,367.96,367.96,0,0
1648682680,367.96,367.96,367.96,367.96,367.96,0,0
1648682685,367.96,367.96,367.96,367.96,367.96,0,0
1648682690,367.96,367.96,367.96,367.96,367.96,0,0
1648682695,367.96,367.96,367.96,367.96,367.96,0,0
1648682700,367.96,367.96,367.96,367.96,367.96,0,0
1648682705,367.93,367.93,367.93,367.93,367.93,1,1
1648682710,367.93,367.93,367.93,367.93,367.93,0,0
1648682715,367.93,367.93,367.93,367.93,367.93,0,0
1648682720,367.93,367.93,367.93,367.93,367.93,0,0
1648682725,367.93,367.93,367.93,367.93,367.93,0,0
1648682730,367.93,367.93,367.93,367.93,367.93,0,0
1648682735,367.95,367.95,367.95,367.95,367.95,3,1
1648682740,367.95,367.95,367.95,367.95,367.95,20,6
1648682745,367.95,367.95,367.95,367.95,367.95,0,0
1648682750,367.95,367.95,367.95,367.95,367.95,0,0
1648682755,367.95,367.95,367.95,367.95,367.95,0,0
1648682760,367.95,367.95,367.95,367.95,367.95,0,0
