date,open,high,low,close,average,volume,count
1643619600,442.0,442.28,442.0,442.28,442.052,5,3
1643619605,442.28,442.28,442.28,442.28,442.28,0,0
1643619610,442.28,442.28,442.28,442.28,442.28,0,0
1643619615,442.28,442.28,442.28,442.28,442.28,0,0
1643619620,442.28,442.28,442.28,442.28,442.28,0,0
1643619625,442.28,442.28,442.28,442.28,442.28,0,0
1643619630,442.62,442.62,442.62,442.62,442.62,5,1
1643619635,442.62,442.62,442.62,442.62,442.62,0,0
1643619640,442.62,442.62,442.62,442.62,442.62,0,0
1643619645,442.62,442.62,442.62,442.62,442.62,0,0
1643619650,442.76,442.76,442.76,442.76,442.76,1,1
1643619655,442.76,442.76,442.76,442.76,442.76,0,0
1643619660,442.76,442.76,442.76,442.76,442.76,0,0
1643619665,442.76,442.76,442.76,442.76,442.76,0,0
1643619670,442.76,442.76,442.76,442.76,442.76,0,0
1643619675,442.76,442.76,442.76,442.76,442.76,0,0
1643619680,442.76,442.76,442.76,442.76,442.76,0,0
1643619685,442.9,442.9,442.9,442.9,442.9,1,1
1643619690,442.9,442.9,442.9,442.9,442.9,0,0
1643619695,442.9,442.9,442.9,442.9,442.9,0,0
1643619700,442.9,442.9,442.9,442.9,442.9,0,0
1643619705,442.9,442.9,442.9,442.9,442.9,0,0
1643619710,442.9,442.9,442.9,442.9,442.9,0,0
1643619715,442.9,442.9,442.9,442.9,442.9,0,0
1643619720,442.9,442.9,442.9,442.9,442.9,0,0
1643619725,442.9,442.9,442.9,442.9,442.9,0,0
1643619730,442.9,442.9,442.9,442.9,442.9,0,0
1643619735,442.9,442.9,442.9,442.9,442.9,0,0
1643619740,442.9,442.9,442.9,442.9,442.9,0,0
1643619745,442.9,442.9,442.9,442.9,442.9,0,0
1643619750,442.9,442.9,442.9,442.9,442.9,0,0
1643619755,442.9,442.92,442.85,442.85,442.878,10,5
1643619760,442.85,442.85,442.85,442.85,442.85,0,0
1643619765,442.85,442.85,442.85,442.85,442.85,0,0
1643619770,442.85,442.85,442.85,442.85,442.85,0,0
1643619775,443.0,443.0,443.0,443.0,443.0,8,2
1643619780,443.0,443.0,443.0,443.0,443.0,0,0
1643619785,443.0,443.0,443.0,443.0,443.0,0,0
1643619790,443.0,443.0,443.0,443.0,443.0,0,0
1643619795,443.0,443.0,442.96,442.96,442.985,3,2
1643619800,442.96,442.96,442.96,442.96,442.96,0,0
1643619805,442.96,442.96,442.96,442.96,442.96,0,0
1643619810,443.08,443.08,443.0,443.0,443.04,2,2
1643619815,443.0,443.0,443.0,443.0,443.0,0,0
1643619820,443.0,443.0,443.0,443.0,443.0,0,0
1643619825,443.0,443.0,443.0,443.0,443.0,0,0
1643619830,442.96,442.96,442.96,442.96,442.96,1,1
1643619835,442.97,442.97,442.97,442.97,442.97,2,1
1643619840,442.97,442.97,442.97,442.97,442.97,0,0
1643619845,442.97,442.97,442.97,442.97,442.97,0,0
1643619850,442.97,442.97,442.97,442.97,442.97,0,0
1643619855,442.97,442.97,442.97,442.97,442.97,0,0
1643619860,442.97,442.97,442.97,442.97,442.97,0,0
1643619865,442.97,442.97,442.97,442.97,442.97,0,0
1643619870,442.97,442.97,442.97,442.97,442.97,0,0
1643619875,442.97,442.97,442.97,442.97,442.97,0,0
1643619880,442.97,442.97,442.97,442.97,442.97,0,0
1643619885,443.0,443.0,443.0,443.0,443.0,8,1
1643619890,443.0,443.0,443.0,443.0,443.0,0,0
1643619895,443.0,443.0,443.0,443.0,443.0,0,0
1643619900,443.0,443.0,443.0,443.0,443.0,0,0
1643619905,443.0,443.0,443.0,443.0,443.0,0,0
1643619910,443.0,443.0,443.0,443.0,443.0,0,0
1643619915,442.92,442.92,442.92,442.92,442.92,11,2
1643619920,442.92,442.92,442.92,442.92,442.92,0,0
1643619925,442.8,442.8,442.8,442.8,442.8,1,1
1643619930,442.8,442.8,442.8,442.8,442.8,0,0
1643619935,442.76,442.76,442.76,442.76,442.76,1,1
1643619940,442.76,442.76,442.76,442.76,442.76,0,0
1643619945,442.76,442.76,442.76,442.76,442.76,0,0
1643619950,442.76,442.76,442.76,442.76,442.76,0,0
1643619955,442.59,442.59,442.57,442.57,442.572,9,3
1643619960,442.57,442.57,442.57,442.57,442.57,0,0
1643619965,442.57,442.57,442.57,442.57,442.57,0,0
1643619970,442.57,442.57,442.57,442.57,442.57,0,0
1643619975,442.64,442.64,442.64,442.64,442.64,2,1
1643619980,442.64,442.64,442.64,442.64,442.64,0,0
1643619985,442.64,442.64,442.64,442.64,442.64,0,0
1643619990,442.61,442.61,442.61,442.61,442.61,1,1
1643619995,442.61,442.61,442.61,442.61,442.61,0,0
1643620000,442.59,442.59,442.59,442.59,442.59,2,1
1643620005,442.59,442.59,442.59,442.59,442.59,0,0
1643620010,442.59,442.59,442.59,442.59,442.59,0,0
1643620015,442.59,442.59,442.59,442.59,442.59,0,0
1643620020,442.59,442.59,442.59,442.59,442.59,0,0
1643620025,442.59,442.59,442.59,442.59,442.59,0,0
1643620030,442.65,442.65,442.65,442.65,442.65,2,1
1643620035,442.66,442.66,442.66,442.66,442.66,3,1
1643620040,442.66,442.66,442.66,442.66,442.66,0,0
1643620045,442.66,442.66,442.66,442.66,442.66,0,0
1643620050,442.66,442.66,442.66,442.66,442.66,0,0
1643620055,442.66,442.66,442.66,442.66,442.66,0,0
1643620060,442.66,442.66,442.66,442.66,442.66,0,0
1643620065,442.66,442.66,442.66,442.66,442.66,0,0
1643620070,442.69,442.71,442.69,442.71,442.701,27,7
1643620075,442.71,442.71,442.71,442.71,442.71,0,0
1643620080,442.71,442.71,442.71,442.71,442.71,0,0
1643620085,442.71,442.71,442.71,442.71,442.71,0,0
1643620090,442.73,442.73,442.73,442.73,442.73,98,14
1643620095,442.73,442.73,442.73,442.73,442.73,23,5
1643620100,442.73,442.73,442.73,442.73,442.73,0,0
1643620105,442.73,442.73,442.73,442.73,442.73,0,0
1643620110,442.73,442.73,442.73,442.73,442.73,0,0
1643620115,442.84,442.84,442.84,442.84,442.84,1,1
1643620120,442.84,442.84,442.84,442.84,442.84,0,0
1643620125,442.84,442.84,442.84,442.84,442.84,0,0
1643620130,442.84,442.84,442.84,442.84,442.84,0,0
1643620135,442.84,442.84,442.84,442.84,442.84,0,0
1643620140,442.84,442.84,442.84,442.84,442.84,0,0
1643620145,442.84,442.84,442.84,442.84,442.84,0,0
1643620150,442.84,442.84,442.84,442.84,442.84,0,0
1643620155,442.84,442.84,442.84,442.84,442.84,0,0
1643620160,442.83,442.83,442.83,442.83,442.83,4,1
1643620165,442.83,442.83,442.83,442.83,442.83,0,0
1643620170,442.89,442.89,442.89,442.89,442.89,10,2
1643620175,442.89,442.89,442.89,442.89,442.89,0,0
1643620180,442.89,442.89,442.89,442.89,442.89,0,0
1643620185,442.89,442.89,442.89,442.89,442.89,0,0
1643620190,442.89,442.89,442.89,442.89,442.89,0,0
1643620195,442.89,442.89,442.89,442.89,442.89,0,0
1643620200,442.89,442.89,442.89,442.89,442.89,0,0
1643620205,442.89,442.89,442.89,442.89,442.89,0,0
1643620210,442.89,442.89,442.89,442.89,442.89,0,0
1643620215,442.89,442.89,442.89,442.89,442.89,0,0
1643620220,442.89,442.89,442.89,442.89,442.89,0,0
1643620225,442.89,442.89,442.89,442.89,442.89,0,0
1643620230,442.89,442.89,442.89,442.89,442.89,0,0
1643620235,442.89,442.89,442.89,442.89,442.89,0,0
1643620240,442.89,442.89,442.89,442.89,442.89,0,0
1643620245,442.89,442.89,442.89,442.89,442.89,0,0
1643620250,442.89,442.89,442.89,442.89,442.89,0,0
1643620255,442.89,442.89,442.89,442.89,442.89,0,0
1643620260,442.73,442.73,442.73,442.73,442.73,1,1
1643620265,442.73,442.73,442.73,442.73,442.73,0,0
1643620270,442.73,442.73,442.73,442.73,442.73,0,0
1643620275,442.73,442.73,442.73,442.73,442.73,0,0
1643620280,442.73,442.73,442.73,442.73,442.73,0,0
1643620285,442.73,442.73,442.73,442.73,442.73,0,0
1643620290,442.73,442.73,442.73,442.73,442.73,0,0
1643620295,442.73,442.73,442.73,442.73,442.73,0,0
1643620300,442.74,442.74,442.74,442.74,442.74,1,1
1643620305,442.74,442.74,442.74,442.74,442.74,0,0
1643620310,442.74,442.74,442.74,442.74,442.74,0,0
1643620315,442.74,442.74,442.74,442.74,442.74,0,0
1643620320,442.74,442.74,442.74,442.74,442.74,0,0
1643620325,442.74,442.74,442.74,442.74,442.74,0,0
1643620330,442.74,442.74,442.74,442.74,442.74,0,0
1643620335,442.74,442.74,442.74,442.74,442.74,0,0
1643620340,442.74,442.74,442.74,442.74,442.74,0,0
1643620345,442.74,442.74,442.74,442.74,442.74,0,0
1643620350,442.93,442.93,442.93,442.93,442.93,1,1
1643620355,442.93,442.93,442.93,442.93,442.93,0,0
1643620360,442.93,442.93,442.93,442.93,442.93,0,0
1643620365,442.93,442.93,442.93,442.93,442.93,0,0
1643620370,442.93,442.93,442.93,442.93,442.93,0,0
1643620375,442.93,442.93,442.93,442.93,442.93,0,0
1643620380,442.84,442.84,442.84,442.84,442.84,20,4
1643620385,442.84,442.84,442.84,442.84,442.84,0,0
1643620390,442.84,442.84,442.84,442.84,442.84,0,0
1643620395,442.84,442.84,442.84,442.84,442.84,0,0
1643620400,442.84,442.84,442.84,442.84,442.84,0,0
1643620405,442.84,442.84,442.84,442.84,442.84,0,0
1643620410,442.84,442.84,442.84,442.84,442.84,0,0
1643620415,442.84,442.84,442.84,442.84,442.84,0,0
1643620420,443.03,443.03,443.03,443.03,443.03,1,1
1643620425,443.03,443.03,443.03,443.03,443.03,0,0
1643620430,443.03,443.03,443.03,443.03,443.03,0,0
1643620435,443.03,443.03,443.03,443.03,443.03,0,0
1643620440,443.03,443.03,443.03,443.03,443.03,0,0
1643620445,443.03,443.03,443.03,443.03,443.03,0,0
1643620450,443.03,443.03,443.03,443.03,443.03,0,0
1643620455,442.97,442.97,442.97,442.97,442.97,1,1
1643620460,442.97,442.97,442.97,442.97,442.97,0,0
1643620465,442.97,442.97,442.97,442.97,442.97,0,0
1643620470,442.97,442.97,442.97,442.97,442.97,0,0
1643620475,442.97,442.97,442.97,442.97,442.97,0,0
1643620480,442.97,442.97,442.97,442.97,442.97,0,0
1643620485,442.97,442.97,442.97,442.97,442.97,0,0
1643620490,442.97,442.97,442.97,442.97,442.97,0,0
1643620495,442.97,442.97,442.97,442.97,442.97,0,0
1643620500,442.97,442.97,442.97,442.97,442.97,0,0
1643620505,442.97,442.97,442.97,442.97,442.97,0,0
1643620510,442.97,442.97,442.97,442.97,442.97,0,0
1643620515,442.97,442.97,442.97,442.97,442.97,0,0
1643620520,442.97,442.97,442.97,442.97,442.97,0,0
1643620525,442.97,442.97,442.97,442.97,442.97,0,0
1643620530,442.95,442.95,442.95,442.95,442.95,1,1
1643620535,442.95,442.95,442.95,442.95,442.95,0,0
1643620540,442.99,442.99,442.99,442.99,442.99,1,1
1643620545,442.99,442.99,442.99,442.99,442.99,0,0
1643620550,442.96,442.96,442.96,442.96,442.96,1,1
1643620555,442.96,442.96,442.96,442.96,442.96,0,0
1643620560,442.96,442.96,442.96,442.96,442.96,0,0
1643620565,442.96,442.96,442.96,442.96,442.96,0,0
1643620570,442.96,442.96,442.96,442.96,442.96,0,0
1643620575,442.96,442.96,442.96,442.96,442.96,0,0
1643620580,443.01,443.01,443.01,443.01,443.01,1,1
1643620585,443.01,443.01,443.01,443.01,443.01,0,0
1643620590,443.01,443.01,443.01,443.01,443.01,0,0
1643620595,443.01,443.01,443.01,443.01,443.01,0,0
1643620600,443.01,443.01,443.01,443.01,443.01,0,0
1643620605,443.01,443.01,443.01,443.01,443.01,0,0
1643620610,443.01,443.01,443.01,443.01,443.01,0,0
1643620615,443.01,443.01,443.01,443.01,443.01,0,0
1643620620,443.01,443.01,443.01,443.01,443.01,0,0
1643620625,443.01,443.01,443.01,443.01,443.01,0,0
1643620630,443.01,443.01,443.01,443.01,443.01,0,0
1643620635,443.01,443.01,443.01,443.01,443.01,0,0
1643620640,442.81,442.81,442.81,442.81,442.81,1,1
1643620645,442.81,442.81,442.81,442.81,442.81,0,0
1643620650,442.81,442.81,442.81,442.81,442.81,0,0
1643620655,442.81,442.81,442.81,442.81,442.81,0,0
1643620660,442.81,442.81,442.81,442.81,442.81,0,0
1643620665,442.81,442.81,442.81,442.81,442.81,0,0
1643620670,442.81,442.81,442.81,442.81,442.81,0,0
1643620675,442.81,442.81,442.81,442.81,442.81,0,0
1643620680,442.62,442.62,442.62,442.62,442.62,1,1
1643620685,442.62,442.62,442.62,442.62,442.62,0,0
1643620690,442.62,442.62,442.62,442.62,442.62,0,0
1643620695,442.62,442.62,442.62,442.62,442.62,0,0
1643620700,442.62,442.62,442.62,442.62,442.62,0,0
1643620705,442.62,442.62,442.62,442.62,442.62,0,0
1643620710,442.62,442.62,442.62,442.62,442.62,0,0
1643620715,442.62,442.62,442.62,442.62,442.62,0,0
1643620720,442.62,442.62,442.62,442.62,442.62,0,0
1643620725,442.62,442.62,442.62,442.62,442.62,0,0
1643620730,442.62,442.62,442.62,442.62,442.62,0,0
1643620735,442.62,442.62,442.62,442.62,442.62,0,0
1643620740,442.62,442.62,442.62,442.62,442.62,0,0
1643620745,442.62,442.62,442.62,442.62,442.62,0,0
1643620750,442.62,442.62,442.62,442.62,442.62,0,0
1643620755,442.61,442.61,442.61,442.61,442.61,5,1
1643620760,442.61,442.61,442.61,442.61,442.61,0,0
1643620765,442.61,442.61,442.61,442.61,442.61,0,0
1643620770,442.77,442.77,442.77,442.77,442.77,1,1
1643620775,442.77,442.77,442.77,442.77,442.77,0,0
1643620780,442.77,442.77,442.77,442.77,442.77,0,0
1643620785,442.77,442.77,442.77,442.77,442.77,0,0
1643620790,442.77,442.77,442.77,442.77,442.77,0,0
1643620795,442.77,442.77,442.77,442.77,442.77,0,0
1643620800,442.77,442.77,442.77,442.77,442.77,0,0
1643620805,442.77,442.77,442.77,442.77,442.77,0,0
1643620810,442.77,442.77,442.77,442.77,442.77,0,0
1643620815,442.77,442.77,442.77,442.77,442.77,0,0
1643620820,442.77,442.77,442.77,442.77,442.77,0,0
1643620825,442.77,442.77,442.77,442.77,442.77,0,0
1643620830,442.77,442.77,442.77,442.77,442.77,0,0
1643620835,442.77,442.77,442.77,442.77,442.77,0,0
1643620840,442.77,442.77,442.77,442.77,442.77,0,0
1643620845,442.77,442.77,442.77,442.77,442.77,0,0
1643620850,442.77,442.77,442.77,442.77,442.77,0,0
1643620855,442.77,442.77,442.77,442.77,442.77,0,0
1643620860,442.77,442.77,442.77,442.77,442.77,0,0
1643620865,442.77,442.77,442.77,442.77,442.77,0,0
1643620870,442.77,442.77,442.77,442.77,442.77,0,0
1643620875,442.77,442.77,442.77,442.77,442.77,0,0
1643620880,442.77,442.77,442.77,442.77,442.77,0,0
1643620885,442.89,442.89,442.89,442.89,442.89,1,1
1643620890,442.89,442.89,442.89,442.89,442.89,3,1
1643620895,442.89,442.89,442.89,442.89,442.89,0,0
1643620900,442.89,442.89,442.89,442.89,442.89,0,0
1643620905,442.73,442.73,442.73,442.73,442.73,8,2
1643620910,442.73,442.73,442.73,442.73,442.73,0,0
1643620915,442.73,442.73,442.73,442.73,442.73,0,0
1643620920,442.73,442.73,442.73,442.73,442.73,0,0
1643620925,442.73,442.73,442.73,442.73,442.73,0,0
1643620930,442.73,442.73,442.73,442.73,442.73,0,0
1643620935,442.73,442.73,442.73,442.73,442.73,0,0
1643620940,442.73,442.73,442.73,442.73,442.73,0,0
1643620945,442.73,442.73,442.73,442.73,442.73,0,0
1643620950,442.73,442.73,442.73,442.73,442.73,0,0
1643620955,442.73,442.73,442.73,442.73,442.73,0,0
1643620960,442.73,442.73,442.73,442.73,442.73,0,0
1643620965,442.73,442.73,442.73,442.73,442.73,0,0
1643620970,442.73,442.73,442.73,442.73,442.73,0,0
1643620975,442.73,442.73,442.73,442.73,442.73,0,0
1643620980,442.73,442.73,442.73,442.73,442.73,0,0
1643620985,442.73,442.73,442.73,442.73,442.73,0,0
1643620990,442.73,442.73,442.73,442.73,442.73,0,0
1643620995,442.73,442.73,442.73,442.73,442.73,0,0
1643621000,442.72,442.72,442.72,442.72,442.72,1,1
1643621005,442.72,442.72,442.72,442.72,442.72,0,0
1643621010,442.72,442.72,442.72,442.72,442.72,0,0
1643621015,442.72,442.72,442.72,442.72,442.72,0,0
1643621020,442.72,442.72,442.72,442.72,442.72,0,0
1643621025,442.72,442.72,442.72,442.72,442.72,0,0
1643621030,442.72,442.72,442.72,442.72,442.72,0,0
1643621035,442.72,442.72,442.72,442.72,442.72,0,0
1643621040,442.72,442.72,442.72,442.72,442.72,0,0
1643621045,442.72,442.72,442.72,442.72,442.72,0,0
1643621050,442.72,442.72,442.72,442.72,442.72,0,0
1643621055,442.72,442.72,442.72,442.72,442.72,0,0
1643621060,442.72,442.72,442.72,442.72,442.72,0,0
1643621065,442.72,442.72,442.72,442.72,442.72,0,0
1643621070,442.72,442.72,442.72,442.72,442.72,0,0
1643621075,442.72,442.72,442.72,442.72,442.72,0,0
1643621080,442.72,442.72,442.72,442.72,442.72,0,0
1643621085,442.72,442.72,442.72,442.72,442.72,0,0
1643621090,442.72,442.72,442.72,442.72,442.72,0,0
1643621095,442.72,442.72,442.72,442.72,442.72,0,0
1643621100,442.72,442.72,442.72,442.72,442.72,0,0
1643621105,442.72,442.72,442.72,442.72,442.72,0,0
1643621110,442.72,442.72,442.72,442.72,442.72,0,0
1643621115,442.72,442.72,442.72,442.72,442.72,0,0
1643621120,442.72,442.72,442.72,442.72,442.72,0,0
1643621125,442.72,442.72,442.72,442.72,442.72,0,0
1643621130,442.57,442.59,442.57,442.59,442.582,65,13
1643621135,442.59,442.59,442.59,442.59,442.59,1,1
1643621140,442.6,442.6,442.6,442.6,442.6,30,6
1643621145,442.6,442.6,442.6,442.6,442.6,0,0
1643621150,442.6,442.6,442.6,442.6,442.6,0,0
1643621155,442.6,442.6,442.6,442.6,442.6,0,0
1643621160,442.6,442.6,442.6,442.6,442.6,0,0
1643621165,442.6,442.6,442.6,442.6,442.6,0,0
1643621170,442.6,442.6,442.6,442.6,442.6,0,0
1643621175,442.6,442.6,442.6,442.6,442.6,0,0
1643621180,442.6,442.6,442.6,442.6,442.6,0,0
1643621185,442.6,442.6,442.6,442.6,442.6,0,0
1643621190,442.6,442.6,442.6,442.6,442.6,0,0
1643621195,442.6,442.6,442.6,442.6,442.6,0,0
1643621200,442.6,442.6,442.6,442.6,442.6,4,2
1643621205,442.6,442.6,442.6,442.6,442.6,0,0
1643621210,442.6,442.6,442.6,442.6,442.6,0,0
1643621215,442.6,442.6,442.6,442.6,442.6,0,0
1643621220,442.6,442.6,442.6,442.6,442.6,0,0
1643621225,442.6,442.6,442.6,442.6,442.6,0,0
1643621230,442.6,442.6,442.6,442.6,442.6,0,0
1643621235,442.6,442.6,442.6,442.6,442.6,0,0
1643621240,442.6,442.6,442.6,442.6,442.6,0,0
1643621245,442.6,442.6,442.6,442.6,442.6,0,0
1643621250,442.6,442.6,442.6,442.6,442.6,0,0
1643621255,442.6,442.6,442.6,442.6,442.6,0,0
1643621260,442.6,442.6,442.6,442.6,442.6,0,0
1643621265,442.6,442.6,442.6,442.6,442.6,0,0
1643621270,442.6,442.6,442.6,442.6,442.6,0,0
1643621275,442.6,442.6,442.6,442.6,442.6,0,0
1643621280,442.6,442.6,442.6,442.6,442.6,0,0
1643621285,442.6,442.6,442.6,442.6,442.6,0,0
1643621290,442.6,442.6,442.6,442.6,442.6,0,0
1643621295,442.6,442.6,442.6,442.6,442.6,0,0
1643621300,442.6,442.6,442.6,442.6,442.6,0,0
1643621305,442.6,442.6,442.6,442.6,442.6,0,0
1643621310,442.6,442.6,442.6,442.6,442.6,0,0
1643621315,442.6,442.6,442.6,442.6,442.6,0,0
1643621320,442.7,442.7,442.7,442.7,442.7,2,1
1643621325,442.7,442.7,442.7,442.7,442.7,0,0
1643621330,442.7,442.7,442.7,442.7,442.7,0,0
1643621335,442.7,442.7,442.7,442.7,442.7,0,0
1643621340,442.7,442.7,442.7,442.7,442.7,0,0
1643621345,442.7,442.7,442.7,442.7,442.7,0,0
1643621350,442.7,442.7,442.7,442.7,442.7,0,0
1643621355,442.7,442.7,442.7,442.7,442.7,0,0
1643621360,442.7,442.7,442.7,442.7,442.7,0,0
1643621365,442.7,442.7,442.7,442.7,442.7,0,0
1643621370,442.7,442.7,442.7,442.7,442.7,0,0
1643621375,442.7,442.7,442.7,442.7,442.7,0,0
1643621380,442.63,442.63,442.63,442.63,442.63,1,1
1643621385,442.63,442.63,442.63,442.63,442.63,0,0
1643621390,442.63,442.63,442.63,442.63,442.63,0,0
1643621395,442.63,442.63,442.63,442.63,442.63,0,0
1643621400,442.63,442.63,442.63,442.63,442.63,0,0
1643621405,442.63,442.63,442.63,442.63,442.63,0,0
1643621410,442.63,442.63,442.63,442.63,442.63,0,0
1643621415,442.63,442.63,442.63,442.63,442.63,0,0
1643621420,442.63,442.63,442.63,442.63,442.63,0,0
1643621425,442.63,442.63,442.63,442.63,442.63,0,0
1643621430,442.63,442.63,442.63,442.63,442.63,0,0
1643621435,442.63,442.63,442.63,442.63,442.63,0,0
1643621440,442.63,442.63,442.63,442.63,442.63,0,0
1643621445,442.63,442.63,442.63,442.63,442.63,0,0
1643621450,442.63,442.63,442.63,442.63,442.63,0,0
1643621455,442.63,442.63,442.63,442.63,442.63,0,0
1643621460,442.63,442.63,442.63,442.63,442.63,0,0
1643621465,442.63,442.63,442.63,442.63,442.63,0,0
1643621470,442.63,442.63,442.63,442.63,442.63,0,0
1643621475,442.63,442.63,442.63,442.63,442.63,0,0
1643621480,442.63,442.63,442.63,442.63,442.63,0,0
1643621485,442.63,442.63,442.63,442.63,442.63,0,0
1643621490,442.63,442.63,442.63,442.63,442.63,0,0
1643621495,442.63,442.63,442.63,442.63,442.63,0,0
1643621500,442.63,442.63,442.63,442.63,442.63,0,0
1643621505,442.63,442.63,442.63,442.63,442.63,0,0
1643621510,442.63,442.63,442.63,442.63,442.63,0,0
1643621515,442.63,442.63,442.63,442.63,442.63,0,0
1643621520,442.63,442.63,442.63,442.63,442.63,0,0
1643621525,442.63,442.63,442.63,442.63,442.63,0,0
1643621530,442.63,442.63,442.63,442.63,442.63,0,0
1643621535,442.63,442.63,442.63,442.63,442.63,0,0
1643621540,442.63,442.63,442.63,442.63,442.63,0,0
1643621545,442.63,442.63,442.63,442.63,442.63,0,0
1643621550,442.63,442.63,442.63,442.63,442.63,0,0
1643621555,442.63,442.63,442.63,442.63,442.63,0,0
1643621560,442.63,442.63,442.63,442.63,442.63,0,0
1643621565,442.63,442.63,442.63,442.63,442.63,0,0
1643621570,442.63,442.63,442.63,442.63,442.63,0,0
1643621575,442.63,442.63,442.63,442.63,442.63,0,0
1643621580,442.63,442.63,442.63,442.63,442.63,0,0
1643621585,442.63,442.63,442.63,442.63,442.63,0,0
1643621590,442.63,442.63,442.63,442.63,442.63,0,0
1643621595,442.63,442.63,442.63,442.63,442.63,0,0
1643621600,442.63,442.63,442.63,442.63,442.63,0,0
1643621605,442.63,442.63,442.63,442.63,442.63,0,0
1643621610,442.63,442.63,442.63,442.63,442.63,0,0
1643621615,442.63,442.63,442.63,442.63,442.63,0,0
1643621620,442.63,442.63,442.63,442.63,442.63,0,0
1643621625,442.63,442.63,442.63,442.63,442.63,0,0
1643621630,442.63,442.63,442.63,442.63,442.63,0,0
1643621635,442.63,442.63,442.63,442.63,442.63,0,0
1643621640,442.63,442.63,442.63,442.63,442.63,0,0
1643621645,442.63,442.63,442.63,442.63,442.63,0,0
1643621650,442.63,442.63,442.63,442.63,442.63,0,0
1643621655,442.63,442.63,442.63,442.63,442.63,0,0
1643621660,442.63,442.63,442.63,442.63,442.63,0,0
1643621665,442.63,442.63,442.63,442.63,442.63,0,0
1643621670,442.63,442.63,442.63,442.63,442.63,0,0
1643621675,442.58,442.58,442.58,442.58,442.58,2,1
1643621680,442.58,442.58,442.58,442.58,442.58,0,0
1643621685,442.58,442.58,442.58,442.58,442.58,0,0
1643621690,442.58,442.58,442.58,442.58,442.58,0,0
1643621695,442.58,442.58,442.58,442.58,442.58,0,0
1643621700,442.58,442.58,442.58,442.58,442.58,0,0
1643621705,442.58,442.58,442.58,442.58,442.58,0,0
1643621710,442.58,442.58,442.58,442.58,442.58,0,0
1643621715,442.58,442.58,442.58,442.58,442.58,0,0
1643621720,442.58,442.58,442.58,442.58,442.58,0,0
1643621725,442.58,442.58,442.58,442.58,442.58,0,0
1643621730,442.58,442.58,442.58,442.58,442.58,0,0
1643621735,442.58,442.58,442.58,442.58,442.58,0,0
1643621740,442.58,442.58,442.58,442.58,442.58,0,0
1643621745,442.58,442.58,442.58,442.58,442.58,0,0
1643621750,442.58,442.58,442.58,442.58,442.58,0,0
1643621755,442.58,442.58,442.58,442.58,442.58,0,0
1643621760,442.58,442.58,442.58,442.58,442.58,0,0
1643621765,442.58,442.58,442.58,442.58,442.58,0,0
1643621770,442.58,442.58,442.58,442.58,442.58,0,0
1643621775,442.83,442.83,442.83,442.83,442.83,3,1
1643621780,442.89,442.89,442.89,442.89,442.89,4,1
1643621785,442.95,442.95,442.95,442.95,442.95,10,2
1643621790,442.95,442.95,442.95,442.95,442.95,0,0
1643621795,442.97,442.97,442.97,442.97,442.97,1,1
1643621800,442.97,442.97,442.97,442.97,442.97,0,0
1643621805,442.97,442.97,442.97,442.97,442.97,0,0
1643621810,442.8,442.8,442.8,442.8,442.8,1,1
1643621815,442.8,442.8,442.8,442.8,442.8,0,0
1643621820,442.8,442.8,442.8,442.8,442.8,0,0
1643621825,442.8,442.8,442.8,442.8,442.8,0,0
1643621830,442.8,442.8,442.8,442.8,442.8,0,0
1643621835,442.8,442.8,442.8,442.8,442.8,0,0
1643621840,442.8,442.8,442.8,442.8,442.8,0,0
1643621845,442.8,442.8,442.8,442.8,442.8,0,0
1643621850,442.8,442.8,442.8,442.8,442.8,0,0
1643621855,442.8,442.8,442.8,442.8,442.8,0,0
1643621860,442.8,442.8,442.8,442.8,442.8,0,0
1643621865,442.8,442.8,442.8,442.8,442.8,0,0
1643621870,442.8,442.8,442.8,442.8,442.8,0,0
1643621875,442.8,442.8,442.8,442.8,442.8,3,2
1643621880,442.8,442.8,442.8,442.8,442.8,0,0
1643621885,442.8,442.8,442.8,442.8,442.8,0,0
1643621890,442.8,442.8,442.8,442.8,442.8,0,0
1643621895,442.8,442.8,442.8,442.8,442.8,0,0
1643621900,442.8,442.8,442.8,442.8,442.8,0,0
1643621905,442.8,442.8,442.8,442.8,442.8,0,0
1643621910,442.8,442.8,442.8,442.8,442.8,0,0
1643621915,442.8,442.8,442.8,442.8,442.8,0,0
1643621920,442.8,442.8,442.8,442.8,442.8,0,0
1643621925,442.8,442.8,442.8,442.8,442.8,0,0
1643621930,442.8,442.8,442.8,442.8,442.8,0,0
1643621935,442.8,442.8,442.8,442.8,442.8,0,0
1643621940,442.76,442.76,442.76,442.76,442.76,2,1
1643621945,442.76,442.76,442.76,442.76,442.76,0,0
1643621950,442.76,442.76,442.76,442.76,442.76,0,0
1643621955,442.76,442.76,442.76,442.76,442.76,0,0
1643621960,442.76,442.76,442.76,442.76,442.76,0,0
1643621965,442.76,442.76,442.76,442.76,442.76,0,0
1643621970,442.76,442.76,442.76,442.76,442.76,0,0
1643621975,442.76,442.76,442.76,442.76,442.76,0,0
1643621980,442.76,442.76,442.76,442.76,442.76,0,0
1643621985,442.76,442.76,442.76,442.76,442.76,0,0
1643621990,442.76,442.76,442.76,442.76,442.76,0,0
1643621995,442.76,442.76,442.76,442.76,442.76,0,0
1643622000,442.76,442.76,442.76,442.76,442.76,0,0
1643622005,442.76,442.76,442.76,442.76,442.76,0,0
1643622010,442.76,442.76,442.76,442.76,442.76,0,0
1643622015,442.76,442.76,442.76,442.76,442.76,0,0
1643622020,442.76,442.76,442.76,442.76,442.76,0,0
1643622025,442.76,442.76,442.76,442.76,442.76,0,0
1643622030,442.76,442.76,442.76,442.76,442.76,0,0
1643622035,442.76,442.76,442.76,442.76,442.76,0,0
1643622040,442.76,442.76,442.76,442.76,442.76,0,0
1643622045,442.76,442.76,442.76,442.76,442.76,0,0
1643622050,442.76,442.76,442.76,442.76,442.76,0,0
1643622055,442.76,442.76,442.76,442.76,442.76,0,0
1643622060,442.76,442.76,442.76,442.76,442.76,0,0
1643622065,442.76,442.76,442.76,442.76,442.76,0,0
1643622070,442.7,442.7,442.7,442.7,442.7,1,1
1643622075,442.7,442.7,442.7,442.7,442.7,0,0
1643622080,442.7,442.7,442.7,442.7,442.7,0,0
1643622085,442.7,442.7,442.7,442.7,442.7,0,0
1643622090,442.7,442.7,442.7,442.7,442.7,0,0
1643622095,442.7,442.7,442.7,442.7,442.7,0,0
1643622100,442.7,442.7,442.7,442.7,442.7,0,0
1643622105,442.7,442.7,442.7,442.7,442.7,0,0
1643622110,442.7,442.7,442.7,442.7,442.7,0,0
1643622115,442.7,442.7,442.7,442.7,442.7,0,0
1643622120,442.7,442.7,442.7,442.7,442.7,0,0
1643622125,442.7,442.7,442.7,442.7,442.7,0,0
1643622130,442.7,442.7,442.7,442.7,442.7,0,0
1643622135,442.7,442.7,442.7,442.7,442.7,0,0
1643622140,442.7,442.7,442.7,442.7,442.7,0,0
1643622145,442.7,442.7,442.7,442.7,442.7,0,0
1643622150,442.7,442.7,442.7,442.7,442.7,0,0
1643622155,442.7,442.7,442.7,442.7,442.7,0,0
1643622160,442.76,442.76,442.76,442.76,442.76,1,1
1643622165,442.76,442.76,442.76,442.76,442.76,0,0
1643622170,442.76,442.76,442.76,442.76,442.76,0,0
1643622175,442.76,442.76,442.76,442.76,442.76,0,0
1643622180,442.76,442.76,442.76,442.76,442.76,0,0
1643622185,442.76,442.76,442.76,442.76,442.76,0,0
1643622190,442.76,442.76,442.76,442.76,442.76,0,0
1643622195,442.76,442.76,442.76,442.76,442.76,0,0
1643622200,442.76,442.76,442.76,442.76,442.76,0,0
1643622205,442.95,442.95,442.95,442.95,442.95,4,1
1643622210,442.95,442.95,442.95,442.95,442.95,0,0
1643622215,442.95,442.95,442.95,442.95,442.95,0,0
1643622220,442.95,442.95,442.95,442.95,442.95,0,0
1643622225,442.95,442.95,442.95,442.95,442.95,0,0
1643622230,442.95,442.95,442.95,442.95,442.95,0,0
1643622235,442.95,442.95,442.95,442.95,442.95,0,0
1643622240,442.95,442.95,442.95,442.95,442.95,0,0
1643622245,442.95,442.95,442.95,442.95,442.95,0,0
1643622250,442.95,442.95,442.95,442.95,442.95,0,0
1643622255,442.95,442.95,442.95,442.95,442.95,0,0
1643622260,442.6,442.6,442.6,442.6,442.6,9,4
1643622265,442.6,442.6,442.55,442.55,442.569,2,2
1643622270,442.55,442.55,442.55,442.55,442.55,0,0
1643622275,442.55,442.55,442.55,442.55,442.55,0,0
1643622280,442.5,442.5,442.5,442.5,442.5,5,1
1643622285,442.5,442.5,442.5,442.5,442.5,0,0
1643622290,442.5,442.5,442.5,442.5,442.5,0,0
1643622295,442.5,442.5,442.5,442.5,442.5,0,0
1643622300,442.5,442.5,442.5,442.5,442.5,0,0
1643622305,442.5,442.5,442.5,442.5,442.5,0,0
1643622310,442.5,442.5,442.5,442.5,442.5,0,0
1643622315,442.54,442.56,442.54,442.55,442.55,20,4
1643622320,442.55,442.55,442.55,442.55,442.55,0,0
1643622325,442.55,442.55,442.55,442.55,442.55,0,0
1643622330,442.55,442.55,442.55,442.55,442.55,0,0
1643622335,442.55,442.55,442.55,442.55,442.55,0,0
1643622340,442.55,442.55,442.55,442.55,442.55,0,0
1643622345,442.55,442.55,442.55,442.55,442.55,0,0
1643622350,442.55,442.55,442.55,442.55,442.55,0,0
1643622355,442.55,442.55,442.55,442.55,442.55,0,0
1643622360,442.55,442.55,442.55,442.55,442.55,0,0
1643622365,442.55,442.55,442.55,442.55,442.55,0,0
1643622370,442.55,442.55,442.55,442.55,442.55,0,0
1643622375,442.55,442.55,442.55,442.55,442.55,0,0
1643622380,442.55,442.55,442.55,442.55,442.55,0,0
1643622385,442.55,442.55,442.55,442.55,442.55,0,0
1643622390,442.55,442.55,442.55,442.55,442.55,0,0
1643622395,442.55,442.55,442.55,442.55,442.55,0,0
1643622400,442.55,442.55,442.55,442.55,442.55,0,0
1643622405,442.55,442.55,442.55,442.55,442.55,0,0
1643622410,442.55,442.55,442.55,442.55,442.55,0,0
1643622415,442.55,442.55,442.55,442.55,442.55,20,4
1643622420,442.55,442.55,442.55,442.55,442.55,0,0
1643622425,442.55,442.55,442.55,442.55,442.55,0,0
1643622430,442.55,442.55,442.55,442.55,442.55,0,0
1643622435,442.55,442.55,442.55,442.55,442.55,0,0
1643622440,442.55,442.55,442.55,442.55,442.55,0,0
1643622445,442.55,442.55,442.55,442.55,442.55,0,0
1643622450,442.55,442.55,442.55,442.55,442.55,0,0
1643622455,442.55,442.55,442.55,442.55,442.55,0,0
1643622460,442.55,442.55,442.55,442.55,442.55,0,0
1643622465,442.55,442.55,442.55,442.55,442.55,0,0
1643622470,442.55,442.55,442.55,442.55,442.55,0,0
1643622475,442.55,442.55,442.55,442.55,442.55,0,0
1643622480,442.55,442.55,442.55,442.55,442.55,0,0
1643622485,442.55,442.55,442.55,442.55,442.55,0,0
1643622490,442.55,442.55,442.55,442.55,442.55,0,0
1643622495,442.55,442.55,442.55,442.55,442.55,0,0
1643622500,442.55,442.55,442.55,442.55,442.55,0,0
1643622505,442.55,442.55,442.55,442.55,442.55,0,0
1643622510,442.55,442.55,442.55,442.55,442.55,0,0
1643622515,442.55,442.55,442.55,442.55,442.55,0,0
1643622520,442.55,442.55,442.55,442.55,442.55,0,0
1643622525,442.55,442.55,442.55,442.55,442.55,0,0
1643622530,442.55,442.55,442.55,442.55,442.55,0,0
1643622535,442.55,442.55,442.55,442.55,442.55,0,0
1643622540,442.55,442.55,442.55,442.55,442.55,0,0
1643622545,442.55,442.55,442.55,442.55,442.55,0,0
1643622550,442.55,442.55,442.55,442.55,442.55,0,0
1643622555,442.55,442.55,442.55,442.55,442.55,0,0
1643622560,442.6,442.6,442.6,442.6,442.6,3,1
1643622565,442.6,442.6,442.6,442.6,442.6,0,0
1643622570,442.6,442.6,442.6,442.6,442.6,0,0
1643622575,442.6,442.6,442.6,442.6,442.6,0,0
1643622580,442.6,442.6,442.6,442.6,442.6,0,0
1643622585,442.6,442.6,442.6,442.6,442.6,0,0
1643622590,442.6,442.6,442.6,442.6,442.6,0,0
1643622595,442.6,442.6,442.6,442.6,442.6,0,0
1643622600,442.6,442.6,442.6,442.6,442.6,0,0
1643622605,442.6,442.6,442.6,442.6,442.6,0,0
1643622610,442.6,442.6,442.6,442.6,442.6,0,0
1643622615,442.6,442.6,442.6,442.6,442.6,0,0
1643622620,442.6,442.6,442.6,442.6,442.6,0,0
1643622625,442.6,442.6,442.6,442.6,442.6,0,0
1643622630,442.6,442.6,442.6,442.6,442.6,0,0
1643622635,442.6,442.6,442.6,442.6,442.6,0,0
1643622640,442.6,442.6,442.6,442.6,442.6,0,0
1643622645,442.6,442.6,442.6,442.6,442.6,0,0
1643622650,442.6,442.6,442.6,442.6,442.6,0,0
1643622655,442.6,442.6,442.6,442.6,442.6,0,0
1643622660,442.45,442.46,442.45,442.46,442.452,12,4
1643622665,442.46,442.46,442.46,442.46,442.46,0,0
1643622670,442.35,442.35,442.35,442.35,442.35,1,1
1643622675,442.35,442.35,442.35,442.35,442.35,0,0
1643622680,442.35,442.35,442.35,442.35,442.35,0,0
1643622685,442.35,442.35,442.35,442.35,442.35,0,0
1643622690,442.35,442.35,442.35,442.35,442.35,0,0
1643622695,442.35,442.35,442.35,442.35,442.35,0,0
1643622700,442.35,442.35,442.35,442.35,442.35,0,0
1643622705,442.35,442.35,442.35,442.35,442.35,0,0
1643622710,442.35,442.35,442.35,442.35,442.35,0,0
1643622715,442.35,442.35,442.35,442.35,442.35,0,0
1643622720,442.35,442.35,442.35,442.35,442.35,0,0
1643622725,442.35,442.35,442.35,442.35,442.35,0,0
1643622730,442.35,442.35,442.35,442.35,442.35,0,0
1643622735,442.35,442.35,442.35,442.35,442.35,0,0
1643622740,442.26,442.26,442.26,442.26,442.26,9,1
1643622745,442.26,442.26,442.26,442.26,442.26,0,0
1643622750,442.1,442.1,442.1,442.1,442.1,8,5
1643622755,442.1,442.1,442.1,442.1,442.1,0,0
1643622760,442.1,442.1,442.1,442.1,442.1,0,0
1643622765,442.1,442.1,442.1,442.1,442.1,0,0
1643622770,442.1,442.1,442.1,442.1,442.1,0,0
1643622775,442.1,442.1,442.1,442.1,442.1,0,0
1643622780,442.06,442.06,442.04,442.04,442.059,80,19
1643622785,442.06,442.06,442.05,442.06,442.058,20,6
1643622790,442.06,442.06,442.06,442.06,442.06,0,0
1643622795,442.06,442.06,442.06,442.06,442.06,0,0
1643622800,442.06,442.06,442.06,442.06,442.06,0,0
1643622805,442.06,442.06,442.06,442.06,442.06,0,0
1643622810,441.91,441.91,441.91,441.91,441.91,5,1
1643622815,441.91,441.91,441.91,441.91,441.91,0,0
1643622820,441.93,441.98,441.93,441.98,441.947,3,3
1643622825,441.98,441.98,441.98,441.98,441.98,0,0
1643622830,441.98,441.98,441.98,441.98,441.98,0,0
1643622835,441.98,441.98,441.98,441.98,441.98,0,0
1643622840,441.98,441.98,441.98,441.98,441.98,0,0
1643622845,441.98,441.98,441.98,441.98,441.98,0,0
1643622850,441.98,441.98,441.98,441.98,441.98,0,0
1643622855,441.98,441.98,441.98,441.98,441.98,0,0
1643622860,441.98,441.98,441.98,441.98,441.98,0,0
1643622865,441.98,441.98,441.98,441.98,441.98,0,0
1643622870,441.98,441.98,441.98,441.98,441.98,0,0
1643622875,441.91,441.91,441.91,441.91,441.91,1,1
1643622880,441.91,441.91,441.91,441.91,441.91,0,0
1643622885,441.91,441.91,441.91,441.91,441.91,0,0
1643622890,441.91,441.91,441.91,441.91,441.91,0,0
1643622895,441.91,441.91,441.91,441.91,441.91,0,0
1643622900,441.91,441.91,441.91,441.91,441.91,0,0
1643622905,441.91,441.91,441.91,441.91,441.91,0,0
1643622910,441.71,441.71,441.71,441.71,441.71,1,1
1643622915,441.71,441.71,441.71,441.71,441.71,9,2
1643622920,441.8,441.83,441.8,441.83,441.816,24,8
1643622925,441.83,441.83,441.83,441.83,441.83,0,0
1643622930,441.83,441.83,441.83,441.83,441.83,0,0
1643622935,441.85,441.85,441.85,441.85,441.85,10,2
1643622940,441.83,441.83,441.83,441.83,441.83,7,4
1643622945,441.83,441.83,441.83,441.83,441.83,0,0
1643622950,441.83,441.83,441.83,441.83,441.83,0,0
1643622955,441.83,441.83,441.83,441.83,441.83,0,0
1643622960,441.83,441.83,441.83,441.83,441.83,0,0
1643622965,441.83,441.83,441.83,441.83,441.83,0,0
1643622970,441.83,441.83,441.83,441.83,441.83,0,0
1643622975,441.83,441.83,441.83,441.83,441.83,0,0
1643622980,441.83,441.83,441.83,441.83,441.83,0,0
1643622985,441.83,441.83,441.83,441.83,441.83,0,0
1643622990,441.83,441.83,441.83,441.83,441.83,0,0
1643622995,441.83,441.83,441.83,441.83,441.83,0,0
1643623000,441.83,441.83,441.83,441.83,441.83,0,0
1643623005,442.03,442.03,442.03,442.03,442.03,5,4
1643623010,442.03,442.03,442.03,442.03,442.03,0,0
1643623015,442.03,442.03,442.03,442.03,442.03,0,0
1643623020,442.03,442.03,442.03,442.03,442.03,0,0
1643623025,442.03,442.03,442.03,442.03,442.03,0,0
1643623030,442.03,442.03,442.03,442.03,442.03,0,0
1643623035,442.03,442.03,442.03,442.03,442.03,0,0
1643623040,442.03,442.03,442.03,442.03,442.03,0,0
1643623045,442.03,442.03,442.03,442.03,442.03,0,0
1643623050,442.03,442.03,442.03,442.03,442.03,0,0
1643623055,442.03,442.03,442.03,442.03,442.03,0,0
1643623060,442.03,442.03,442.03,442.03,442.03,0,0
1643623065,442.0,442.0,442.0,442.0,442.0,9,4
1643623070,442.0,442.0,442.0,442.0,442.0,0,0
1643623075,442.0,442.0,442.0,442.0,442.0,0,0
1643623080,441.95,441.95,441.95,441.95,441.95,10,1
1643623085,441.95,441.95,441.95,441.95,441.95,0,0
1643623090,441.95,441.95,441.95,441.95,441.95,0,0
1643623095,442.03,442.03,442.03,442.03,442.03,1,1
1643623100,442.03,442.03,442.03,442.03,442.03,0,0
1643623105,442.03,442.03,442.03,442.03,442.03,0,0
1643623110,442.03,442.03,442.03,442.03,442.03,0,0
1643623115,442.03,442.03,442.03,442.03,442.03,0,0
1643623120,442.03,442.03,442.03,442.03,442.03,0,0
1643623125,442.03,442.03,442.03,442.03,442.03,0,0
1643623130,442.03,442.03,442.03,442.03,442.03,0,0
1643623135,442.03,442.03,442.03,442.03,442.03,0,0
1643623140,442.03,442.03,442.03,442.03,442.03,0,0
1643623145,442.03,442.03,442.03,442.03,442.03,0,0
1643623150,442.03,442.03,442.03,442.03,442.03,0,0
1643623155,442.03,442.03,442.03,442.03,442.03,0,0
1643623160,442.03,442.03,442.03,442.03,442.03,0,0
1643623165,442.03,442.03,442.03,442.03,442.03,0,0
1643623170,442.03,442.03,442.03,442.03,442.03,0,0
1643623175,442.03,442.03,442.03,442.03,442.03,0,0
1643623180,442.03,442.03,442.03,442.03,442.03,0,0
1643623185,442.03,442.03,442.03,442.03,442.03,0,0
1643623190,442.03,442.03,442.03,442.03,442.03,0,0
1643623195,442.03,442.03,442.03,442.03,442.03,0,0
1643623200,442.03,442.03,442.03,442.03,442.03,0,0
1643623205,442.03,442.03,442.03,442.03,442.03,0,0
1643623210,442.03,442.03,442.03,442.03,442.03,0,0
1643623215,442.03,442.03,442.03,442.03,442.03,0,0
1643623220,442.03,442.03,442.03,442.03,442.03,0,0
1643623225,442.03,442.03,442.03,442.03,442.03,0,0
1643623230,442.03,442.03,442.03,442.03,442.03,0,0
1643623235,442.03,442.03,442.03,442.03,442.03,0,0
1643623240,442.03,442.03,442.03,442.03,442.03,0,0
1643623245,442.03,442.03,442.03,442.03,442.03,0,0
1643623250,442.03,442.03,442.03,442.03,442.03,0,0
1643623255,442.03,442.03,442.03,442.03,442.03,0,0
1643623260,442.03,442.03,442.03,442.03,442.03,0,0
1643623265,442.03,442.03,442.03,442.03,442.03,0,0
1643623270,442.03,442.03,442.03,442.03,442.03,0,0
1643623275,442.03,442.03,442.03,442.03,442.03,0,0
1643623280,442.03,442.03,442.03,442.03,442.03,0,0
1643623285,442.03,442.03,442.03,442.03,442.03,0,0
1643623290,442.03,442.03,442.03,442.03,442.03,0,0
1643623295,442.03,442.03,442.03,442.03,442.03,0,0
1643623300,442.03,442.03,442.03,442.03,442.03,0,0
1643623305,442.03,442.03,442.03,442.03,442.03,0,0
1643623310,442.03,442.03,442.03,442.03,442.03,0,0
1643623315,442.03,442.03,442.03,442.03,442.03,0,0
1643623320,442.03,442.03,442.03,442.03,442.03,0,0
1643623325,442.03,442.03,442.03,442.03,442.03,0,0
1643623330,442.03,442.03,442.03,442.03,442.03,0,0
1643623335,442.03,442.03,442.03,442.03,442.03,0,0
1643623340,442.03,442.03,442.03,442.03,442.03,0,0
1643623345,442.03,442.03,442.03,442.03,442.03,0,0
1643623350,442.03,442.03,442.03,442.03,442.03,0,0
1643623355,442.03,442.03,442.03,442.03,442.03,0,0
1643623360,442.03,442.03,442.03,442.03,442.03,0,0
1643623365,442.03,442.03,442.03,442.03,442.03,0,0
1643623370,442.03,442.03,442.03,442.03,442.03,0,0
1643623375,442.03,442.03,442.03,442.03,442.03,0,0
1643623380,442.03,442.03,442.03,442.03,442.03,0,0
1643623385,442.03,442.03,442.03,442.03,442.03,0,0
1643623390,442.03,442.03,442.03,442.03,442.03,0,0
1643623395,442.03,442.03,442.03,442.03,442.03,0,0
1643623400,442.03,442.03,442.03,442.03,442.03,0,0
1643623405,442.03,442.03,442.03,442.03,442.03,0,0
1643623410,442.03,442.03,442.03,442.03,442.03,0,0
1643623415,442.03,442.03,442.03,442.03,442.03,0,0
1643623420,442.03,442.03,442.03,442.03,442.03,0,0
1643623425,442.03,442.03,442.03,442.03,442.03,0,0
1643623430,442.03,442.03,442.03,442.03,442.03,0,0
1643623435,442.03,442.03,442.03,442.03,442.03,0,0
1643623440,442.03,442.03,442.03,442.03,442.03,0,0
1643623445,442.03,442.03,442.03,442.03,442.03,0,0
1643623450,442.03,442.03,442.03,442.03,442.03,0,0
1643623455,442.03,442.03,442.03,442.03,442.03,0,0
1643623460,442.03,442.03,442.03,442.03,442.03,0,0
1643623465,442.03,442.03,442.03,442.03,442.03,0,0
1643623470,442.03,442.03,442.03,442.03,442.03,0,0
1643623475,442.03,442.03,442.03,442.03,442.03,0,0
1643623480,442.03,442.03,442.03,442.03,442.03,0,0
1643623485,442.03,442.03,442.03,442.03,442.03,0,0
1643623490,442.03,442.03,442.03,442.03,442.03,0,0
1643623495,442.03,442.03,442.03,442.03,442.03,0,0
1643623500,442.03,442.03,442.03,442.03,442.03,0,0
1643623505,442.03,442.03,442.03,442.03,442.03,0,0
1643623510,442.03,442.03,442.03,442.03,442.03,0,0
1643623515,442.03,442.03,442.03,442.03,442.03,0,0
1643623520,442.33,442.33,442.33,442.33,442.33,1,1
1643623525,442.33,442.33,442.33,442.33,442.33,0,0
1643623530,442.33,442.33,442.33,442.33,442.33,0,0
1643623535,442.33,442.33,442.33,442.33,442.33,0,0
1643623540,442.33,442.33,442.33,442.33,442.33,0,0
1643623545,442.33,442.33,442.33,442.33,442.33,0,0
1643623550,442.33,442.33,442.33,442.33,442.33,0,0
1643623555,442.33,442.33,442.33,442.33,442.33,0,0
1643623560,442.33,442.33,442.33,442.33,442.33,0,0
1643623565,442.33,442.33,442.33,442.33,442.33,0,0
1643623570,442.28,442.28,442.28,442.28,442.28,1,1
1643623575,442.26,442.26,442.26,442.26,442.26,1,1
1643623580,442.26,442.26,442.26,442.26,442.26,0,0
1643623585,442.26,442.26,442.26,442.26,442.26,0,0
1643623590,442.26,442.26,442.26,442.26,442.26,0,0
1643623595,442.26,442.26,442.26,442.26,442.26,0,0
1643623600,442.26,442.26,442.26,442.26,442.26,0,0
1643623605,442.26,442.26,442.26,442.26,442.26,0,0
1643623610,442.26,442.26,442.26,442.26,442.26,0,0
1643623615,442.26,442.26,442.26,442.26,442.26,0,0
1643623620,442.27,442.27,442.27,442.27,442.27,10,2
1643623625,442.27,442.27,442.27,442.27,442.27,0,0
1643623630,442.27,442.27,442.27,442.27,442.27,0,0
1643623635,442.27,442.27,442.27,442.27,442.27,0,0
1643623640,442.27,442.27,442.27,442.27,442.27,0,0
1643623645,442.27,442.27,442.27,442.27,442.27,0,0
1643623650,442.27,442.27,442.27,442.27,442.27,0,0
1643623655,442.27,442.27,442.27,442.27,442.27,0,0
1643623660,442.27,442.27,442.27,442.27,442.27,0,0
1643623665,442.27,442.27,442.27,442.27,442.27,0,0
1643623670,442.27,442.27,442.27,442.27,442.27,0,0
1643623675,442.27,442.27,442.27,442.27,442.27,0,0
1643623680,442.27,442.27,442.27,442.27,442.27,0,0
1643623685,442.27,442.27,442.27,442.27,442.27,0,0
1643623690,442.27,442.27,442.27,442.27,442.27,0,0
1643623695,442.27,442.27,442.27,442.27,442.27,0,0
1643623700,442.27,442.27,442.27,442.27,442.27,0,0
1643623705,442.05,442.05,442.05,442.05,442.05,5,1
1643623710,442.05,442.05,442.05,442.05,442.05,0,0
1643623715,442.05,442.05,442.05,442.05,442.05,0,0
1643623720,442.05,442.05,442.05,442.05,442.05,0,0
1643623725,442.05,442.05,442.05,442.05,442.05,0,0
1643623730,442.05,442.05,442.05,442.05,442.05,0,0
1643623735,442.05,442.05,442.05,442.05,442.05,0,0
1643623740,442.05,442.05,442.05,442.05,442.05,0,0
1643623745,442.05,442.05,442.05,442.05,442.05,0,0
1643623750,442.05,442.05,442.05,442.05,442.05,0,0
1643623755,442.05,442.05,442.05,442.05,442.05,0,0
1643623760,442.05,442.05,442.05,442.05,442.05,0,0
1643623765,442.05,442.05,442.05,442.05,442.05,0,0
1643623770,442.05,442.05,442.05,442.05,442.05,0,0
1643623775,442.05,442.05,442.05,442.05,442.05,0,0
1643623780,442.05,442.05,442.05,442.05,442.05,0,0
1643623785,442.05,442.05,442.05,442.05,442.05,0,0
1643623790,442.05,442.05,442.05,442.05,442.05,0,0
1643623795,442.05,442.05,442.05,442.05,442.05,0,0
1643623800,442.05,442.05,442.05,442.05,442.05,0,0
1643623805,442.05,442.05,442.05,442.05,442.05,0,0
1643623810,442.05,442.05,442.05,442.05,442.05,0,0
1643623815,442.05,442.05,442.05,442.05,442.05,0,0
1643623820,442.05,442.05,442.05,442.05,442.05,0,0
1643623825,442.05,442.05,442.05,442.05,442.05,0,0
1643623830,442.05,442.05,442.05,442.05,442.05,0,0
1643623835,442.05,442.05,442.05,442.05,442.05,0,0
1643623840,442.05,442.05,442.05,442.05,442.05,0,0
1643623845,442.05,442.05,442.05,442.05,442.05,0,0
1643623850,442.05,442.05,442.05,442.05,442.05,0,0
1643623855,442.05,442.05,442.05,442.05,442.05,0,0
1643623860,442.05,442.05,442.05,442.05,442.05,0,0
1643623865,442.05,442.05,442.05,442.05,442.05,0,0
1643623870,442.05,442.05,442.05,442.05,442.05,0,0
1643623875,442.05,442.05,442.05,442.05,442.05,0,0
1643623880,442.05,442.05,442.05,442.05,442.05,0,0
1643623885,442.05,442.05,442.05,442.05,442.05,0,0
1643623890,442.05,442.05,442.05,442.05,442.05,0,0
1643623895,441.68,441.68,441.68,441.68,441.68,10,2
1643623900,441.68,441.68,441.68,441.68,441.68,0,0
1643623905,441.68,441.68,441.68,441.68,441.68,0,0
1643623910,441.68,441.68,441.68,441.68,441.68,0,0
1643623915,441.61,441.61,441.61,441.61,441.61,15,3
1643623920,441.61,441.61,441.61,441.61,441.61,0,0
1643623925,441.61,441.61,441.61,441.61,441.61,0,0
1643623930,441.61,441.61,441.61,441.61,441.61,0,0
1643623935,441.61,441.61,441.61,441.61,441.61,0,0
1643623940,441.61,441.61,441.61,441.61,441.61,0,0
1643623945,441.61,441.61,441.61,441.61,441.61,0,0
1643623950,441.65,441.65,441.65,441.65,441.65,4,1
1643623955,441.67,441.67,441.67,441.67,441.67,2,1
1643623960,441.67,441.67,441.67,441.67,441.67,0,0
1643623965,441.67,441.67,441.67,441.67,441.67,0,0
1643623970,441.67,441.67,441.67,441.67,441.67,0,0
1643623975,441.67,441.67,441.67,441.67,441.67,0,0
1643623980,441.67,441.67,441.67,441.67,441.67,0,0
1643623985,441.67,441.67,441.67,441.67,441.67,0,0
1643623990,441.67,441.67,441.67,441.67,441.67,0,0
1643623995,441.66,441.66,441.66,441.66,441.66,10,2
1643624000,441.66,441.66,441.66,441.66,441.66,0,0
1643624005,441.66,441.66,441.66,441.66,441.66,0,0
1643624010,441.66,441.66,441.66,441.66,441.66,0,0
1643624015,441.52,441.52,441.52,441.52,441.52,9,1
1643624020,441.52,441.52,441.52,441.52,441.52,0,0
1643624025,441.52,441.52,441.52,441.52,441.52,0,0
1643624030,441.52,441.52,441.52,441.52,441.52,0,0
1643624035,441.52,441.52,441.52,441.52,441.52,0,0
1643624040,441.52,441.52,441.52,441.52,441.52,0,0
1643624045,441.52,441.52,441.52,441.52,441.52,0,0
1643624050,441.52,441.52,441.52,441.52,441.52,0,0
1643624055,441.52,441.52,441.52,441.52,441.52,0,0
1643624060,441.52,441.52,441.52,441.52,441.52,0,0
1643624065,441.52,441.52,441.52,441.52,441.52,0,0
1643624070,441.52,441.52,441.52,441.52,441.52,0,0
1643624075,441.88,441.88,441.88,441.88,441.88,1,1
1643624080,441.88,441.88,441.88,441.88,441.88,0,0
1643624085,441.88,441.88,441.88,441.88,441.88,0,0
1643624090,441.88,441.88,441.88,441.88,441.88,0,0
1643624095,441.88,441.88,441.88,441.88,441.88,0,0
1643624100,441.88,441.88,441.88,441.88,441.88,0,0
1643624105,441.88,441.88,441.88,441.88,441.88,0,0
1643624110,441.88,441.88,441.88,441.88,441.88,0,0
1643624115,441.88,441.88,441.88,441.88,441.88,0,0
1643624120,441.88,441.88,441.88,441.88,441.88,0,0
1643624125,441.88,441.88,441.88,441.88,441.88,0,0
1643624130,441.88,441.88,441.88,441.88,441.88,0,0
1643624135,441.88,441.88,441.88,441.88,441.88,0,0
1643624140,441.88,441.88,441.88,441.88,441.88,0,0
1643624145,441.88,441.88,441.88,441.88,441.88,0,0
1643624150,441.88,441.88,441.88,441.88,441.88,0,0
1643624155,441.88,441.88,441.88,441.88,441.88,0,0
1643624160,441.88,441.88,441.88,441.88,441.88,0,0
1643624165,441.88,441.88,441.88,441.88,441.88,0,0
1643624170,441.88,441.88,441.88,441.88,441.88,0,0
1643624175,441.88,441.88,441.88,441.88,441.88,0,0
1643624180,441.88,441.88,441.88,441.88,441.88,0,0
1643624185,441.88,441.88,441.88,441.88,441.88,0,0
1643624190,441.88,441.88,441.88,441.88,441.88,0,0
1643624195,441.88,441.88,441.88,441.88,441.88,0,0
1643624200,441.88,441.88,441.88,441.88,441.88,0,0
1643624205,441.88,441.88,441.88,441.88,441.88,0,0
1643624210,441.88,441.88,441.88,441.88,441.88,0,0
1643624215,441.88,441.88,441.88,441.88,441.88,0,0
1643624220,441.88,441.88,441.88,441.88,441.88,0,0
1643624225,441.88,441.88,441.88,441.88,441.88,0,0
1643624230,441.88,441.88,441.88,441.88,441.88,0,0
1643624235,441.88,441.88,441.88,441.88,441.88,0,0
1643624240,441.88,441.88,441.88,441.88,441.88,0,0
1643624245,441.88,441.88,441.88,441.88,441.88,0,0
1643624250,441.88,441.88,441.88,441.88,441.88,0,0
1643624255,441.88,441.88,441.88,441.88,441.88,0,0
1643624260,441.88,441.88,441.88,441.88,441.88,0,0
1643624265,441.88,441.88,441.88,441.88,441.88,0,0
1643624270,441.88,441.88,441.88,441.88,441.88,0,0
1643624275,441.88,441.88,441.88,441.88,441.88,0,0
1643624280,441.88,441.88,441.88,441.88,441.88,0,0
1643624285,441.88,441.88,441.88,441.88,441.88,0,0
1643624290,441.88,441.88,441.88,441.88,441.88,0,0
1643624295,441.88,441.88,441.88,441.88,441.88,0,0
1643624300,441.88,441.88,441.88,441.88,441.88,0,0
1643624305,441.88,441.88,441.88,441.88,441.88,0,0
1643624310,441.88,441.88,441.88,441.88,441.88,0,0
1643624315,441.88,441.88,441.88,441.88,441.88,0,0
1643624320,441.88,441.88,441.88,441.88,441.88,0,0
1643624325,441.88,441.88,441.88,441.88,441.88,0,0
1643624330,441.88,441.88,441.88,441.88,441.88,0,0
1643624335,441.88,441.88,441.88,441.88,441.88,0,0
1643624340,441.88,441.88,441.88,441.88,441.88,0,0
1643624345,441.88,441.88,441.88,441.88,441.88,0,0
1643624350,441.88,441.88,441.88,441.88,441.88,0,0
1643624355,441.88,441.88,441.88,441.88,441.88,0,0
1643624360,441.88,441.88,441.88,441.88,441.88,0,0
1643624365,441.88,441.88,441.88,441.88,441.88,0,0
1643624370,441.88,441.88,441.88,441.88,441.88,0,0
1643624375,441.88,441.88,441.88,441.88,441.88,0,0
1643624380,441.88,441.88,441.88,441.88,441.88,0,0
1643624385,441.88,441.88,441.88,441.88,441.88,0,0
1643624390,441.88,441.88,441.88,441.88,441.88,0,0
1643624395,441.88,441.88,441.88,441.88,441.88,0,0
1643624400,441.88,441.88,441.88,441.88,441.88,0,0
1643624405,441.88,441.88,441.88,441.88,441.88,0,0
1643624410,441.88,441.88,441.88,441.88,441.88,0,0
1643624415,441.88,441.88,441.88,441.88,441.88,0,0
1643624420,441.88,441.88,441.88,441.88,441.88,0,0
1643624425,441.88,441.88,441.88,441.88,441.88,0,0
1643624430,441.88,441.88,441.88,441.88,441.88,0,0
1643624435,441.88,441.88,441.88,441.88,441.88,0,0
1643624440,441.88,441.88,441.88,441.88,441.88,0,0
1643624445,442.01,442.01,442.01,442.01,442.01,4,1
1643624450,442.01,442.01,442.01,442.01,442.01,0,0
1643624455,442.01,442.01,442.01,442.01,442.01,0,0
1643624460,442.01,442.01,442.01,442.01,442.01,0,0
1643624465,442.01,442.01,442.01,442.01,442.01,0,0
1643624470,442.01,442.01,442.01,442.01,442.01,0,0
1643624475,442.01,442.01,442.01,442.01,442.01,0,0
1643624480,442.01,442.01,442.01,442.01,442.01,0,0
1643624485,442.01,442.01,442.01,442.01,442.01,0,0
1643624490,442.01,442.01,442.01,442.01,442.01,0,0
1643624495,442.01,442.01,442.01,442.01,442.01,0,0
1643624500,442.01,442.01,442.01,442.01,442.01,0,0
1643624505,442.01,442.01,442.01,442.01,442.01,0,0
1643624510,442.01,442.01,442.01,442.01,442.01,0,0
1643624515,442.01,442.01,442.01,442.01,442.01,0,0
1643624520,442.01,442.01,442.01,442.01,442.01,0,0
1643624525,442.01,442.01,442.01,442.01,442.01,0,0
1643624530,442.01,442.01,442.01,442.01,442.01,0,0
1643624535,442.01,442.01,442.01,442.01,442.01,0,0
1643624540,442.01,442.01,442.01,442.01,442.01,0,0
1643624545,442.01,442.01,442.01,442.01,442.01,0,0
1643624550,441.7,441.7,441.63,441.69,441.68,46,8
1643624555,441.69,441.69,441.69,441.69,441.69,0,0
1643624560,441.69,441.69,441.69,441.69,441.69,0,0
1643624565,441.63,441.63,441.63,441.63,441.63,2,1
1643624570,441.63,441.63,441.63,441.63,441.63,0,0
1643624575,441.63,441.63,441.63,441.63,441.63,0,0
1643624580,441.64,441.64,441.64,441.64,441.64,1,1
1643624585,441.64,441.64,441.64,441.64,441.64,0,0
1643624590,441.64,441.64,441.64,441.64,441.64,0,0
1643624595,441.64,441.64,441.64,441.64,441.64,0,0
1643624600,441.64,441.64,441.64,441.64,441.64,0,0
1643624605,441.64,441.64,441.64,441.64,441.64,0,0
1643624610,441.64,441.64,441.64,441.64,441.64,0,0
1643624615,441.72,441.72,441.72,441.72,441.72,1,1
1643624620,441.72,441.72,441.72,441.72,441.72,0,0
1643624625,441.72,441.72,441.72,441.72,441.72,0,0
1643624630,441.72,441.72,441.72,441.72,441.72,0,0
1643624635,441.72,441.72,441.72,441.72,441.72,0,0
1643624640,441.72,441.72,441.72,441.72,441.72,0,0
1643624645,441.72,441.72,441.72,441.72,441.72,0,0
1643624650,441.72,441.72,441.72,441.72,441.72,0,0
1643624655,441.72,441.72,441.72,441.72,441.72,0,0
1643624660,441.72,441.72,441.72,441.72,441.72,0,0
1643624665,441.72,441.72,441.72,441.72,441.72,0,0
1643624670,441.72,441.72,441.72,441.72,441.72,0,0
1643624675,441.72,441.72,441.72,441.72,441.72,0,0
1643624680,441.75,441.75,441.75,441.75,441.75,5,1
1643624685,441.75,441.75,441.75,441.75,441.75,0,0
1643624690,441.75,441.75,441.75,441.75,441.75,0,0
1643624695,441.75,441.75,441.75,441.75,441.75,0,0
1643624700,441.75,441.75,441.75,441.75,441.75,0,0
1643624705,441.75,441.75,441.75,441.75,441.75,0,0
1643624710,441.75,441.75,441.75,441.75,441.75,0,0
1643624715,441.75,441.75,441.75,441.75,441.75,0,0
1643624720,441.75,441.75,441.75,441.75,441.75,0,0
1643624725,441.75,441.75,441.75,441.75,441.75,0,0
1643624730,441.75,441.75,441.75,441.75,441.75,0,0
1643624735,441.75,441.75,441.75,441.75,441.75,0,0
1643624740,441.75,441.75,441.75,441.75,441.75,0,0
1643624745,441.75,441.75,441.75,441.75,441.75,0,0
1643624750,441.75,441.75,441.75,441.75,441.75,0,0
1643624755,441.75,441.75,441.75,441.75,441.75,0,0
1643624760,441.75,441.75,441.75,441.75,441.75,0,0
1643624765,441.75,441.75,441.75,441.75,441.75,0,0
1643624770,441.75,441.75,441.75,441.75,441.75,0,0
1643624775,441.75,441.75,441.75,441.75,441.75,0,0
1643624780,441.75,441.75,441.75,441.75,441.75,0,0
1643624785,441.75,441.75,441.75,441.75,441.75,0,0
1643624790,441.75,441.75,441.75,441.75,441.75,0,0
1643624795,441.75,441.75,441.75,441.75,441.75,0,0
1643624800,441.75,441.75,441.75,441.75,441.75,0,0
1643624805,441.75,441.75,441.75,441.75,441.75,0,0
1643624810,441.75,441.75,441.75,441.75,441.75,0,0
1643624815,441.75,441.75,441.75,441.75,441.75,0,0
1643624820,441.75,441.75,441.75,441.75,441.75,0,0
1643624825,441.75,441.75,441.75,441.75,441.75,0,0
1643624830,441.75,441.75,441.75,441.75,441.75,0,0
1643624835,441.75,441.75,441.75,441.75,441.75,0,0
1643624840,441.75,441.75,441.75,441.75,441.75,0,0
1643624845,441.75,441.75,441.75,441.75,441.75,0,0
1643624850,441.75,441.75,441.75,441.75,441.75,0,0
1643624855,441.75,441.75,441.75,441.75,441.75,0,0
1643624860,441.75,441.75,441.75,441.75,441.75,0,0
1643624865,442.03,442.03,442.03,442.03,442.03,1,1
1643624870,442.03,442.03,442.03,442.03,442.03,0,0
1643624875,442.03,442.03,442.03,442.03,442.03,0,0
1643624880,442.03,442.03,442.03,442.03,442.03,0,0
1643624885,442.03,442.03,442.03,442.03,442.03,0,0
1643624890,442.03,442.03,442.03,442.03,442.03,0,0
1643624895,442.03,442.03,442.03,442.03,442.03,0,0
1643624900,442.03,442.03,442.03,442.03,442.03,0,0
1643624905,442.03,442.03,442.03,442.03,442.03,0,0
1643624910,442.03,442.03,442.03,442.03,442.03,0,0
1643624915,442.03,442.03,442.03,442.03,442.03,0,0
1643624920,442.03,442.03,442.03,442.03,442.03,0,0
1643624925,442.03,442.03,442.03,442.03,442.03,0,0
1643624930,442.03,442.03,442.03,442.03,442.03,0,0
1643624935,442.03,442.03,442.03,442.03,442.03,0,0
1643624940,442.03,442.03,442.03,442.03,442.03,0,0
1643624945,442.03,442.03,442.03,442.03,442.03,0,0
1643624950,442.03,442.03,442.03,442.03,442.03,0,0
1643624955,442.03,442.03,442.03,442.03,442.03,0,0
1643624960,442.03,442.03,442.03,442.03,442.03,0,0
1643624965,442.03,442.03,442.03,442.03,442.03,0,0
1643624970,442.03,442.03,442.03,442.03,442.03,0,0
1643624975,442.03,442.03,442.03,442.03,442.03,0,0
1643624980,442.03,442.03,442.03,442.03,442.03,0,0
1643624985,442.03,442.03,442.03,442.03,442.03,0,0
1643624990,442.03,442.03,442.03,442.03,442.03,0,0
1643624995,442.03,442.03,442.03,442.03,442.03,0,0
1643625000,442.03,442.03,442.03,442.03,442.03,0,0
1643625005,442.03,442.03,442.03,442.03,442.03,0,0
1643625010,442.03,442.03,442.03,442.03,442.03,0,0
1643625015,442.03,442.03,442.03,442.03,442.03,0,0
1643625020,442.03,442.03,442.03,442.03,442.03,0,0
1643625025,442.03,442.03,442.03,442.03,442.03,0,0
1643625030,442.03,442.03,442.03,442.03,442.03,0,0
1643625035,442.03,442.03,442.03,442.03,442.03,0,0
1643625040,442.03,442.03,442.03,442.03,442.03,0,0
1643625045,442.03,442.03,442.03,442.03,442.03,0,0
1643625050,442.03,442.03,442.03,442.03,442.03,0,0
1643625055,442.03,442.03,442.03,442.03,442.03,0,0
1643625060,442.03,442.03,442.03,442.03,442.03,0,0
1643625065,442.03,442.03,442.03,442.03,442.03,0,0
1643625070,442.03,442.03,442.03,442.03,442.03,0,0
1643625075,442.03,442.03,442.03,442.03,442.03,0,0
1643625080,442.03,442.03,442.03,442.03,442.03,0,0
1643625085,442.03,442.03,442.03,442.03,442.03,0,0
1643625090,442.03,442.03,442.03,442.03,442.03,0,0
1643625095,442.03,442.03,442.03,442.03,442.03,0,0
1643625100,442.03,442.03,442.03,442.03,442.03,0,0
1643625105,442.03,442.03,442.03,442.03,442.03,0,0
1643625110,442.03,442.03,442.03,442.03,442.03,0,0
1643625115,442.03,442.03,442.03,442.03,442.03,0,0
1643625120,442.03,442.03,442.03,442.03,442.03,0,0
1643625125,442.03,442.03,442.03,442.03,442.03,0,0
1643625130,442.03,442.03,442.03,442.03,442.03,0,0
1643625135,442.03,442.03,442.03,442.03,442.03,0,0
1643625140,442.03,442.03,442.03,442.03,442.03,0,0
1643625145,442.03,442.03,442.03,442.03,442.03,0,0
1643625150,442.03,442.03,442.03,442.03,442.03,0,0
1643625155,442.03,442.03,442.03,442.03,442.03,0,0
1643625160,442.03,442.03,442.03,442.03,442.03,0,0
1643625165,442.03,442.03,442.03,442.03,442.03,0,0
1643625170,442.03,442.03,442.03,442.03,442.03,0,0
1643625175,441.53,441.53,441.53,441.53,441.53,50,8
1643625180,441.53,441.53,441.53,441.53,441.53,0,0
1643625185,441.53,441.53,441.53,441.53,441.53,0,0
1643625190,441.41,441.41,441.41,441.41,441.41,10,1
1643625195,441.41,441.41,441.41,441.41,441.41,0,0
1643625200,441.41,441.41,441.41,441.41,441.41,0,0
1643625205,441.41,441.41,441.41,441.41,441.41,0,0
1643625210,441.41,441.41,441.41,441.41,441.41,0,0
1643625215,441.41,441.41,441.41,441.41,441.41,0,0
1643625220,441.41,441.41,441.41,441.41,441.41,0,0
1643625225,441.41,441.41,441.41,441.41,441.41,0,0
1643625230,441.41,441.41,441.41,441.41,441.41,0,0
1643625235,441.41,441.41,441.41,441.41,441.41,0,0
1643625240,441.41,441.41,441.41,441.41,441.41,0,0
1643625245,441.41,441.41,441.41,441.41,441.41,0,0
1643625250,441.51,441.51,441.51,441.51,441.51,1,1
1643625255,441.51,441.51,441.51,441.51,441.51,0,0
1643625260,441.51,441.51,441.51,441.51,441.51,0,0
1643625265,441.51,441.51,441.51,441.51,441.51,0,0
1643625270,441.51,441.51,441.51,441.51,441.51,0,0
1643625275,441.51,441.51,441.51,441.51,441.51,0,0
1643625280,441.51,441.51,441.51,441.51,441.51,0,0
1643625285,441.51,441.51,441.51,441.51,441.51,0,0
1643625290,441.51,441.51,441.51,441.51,441.51,0,0
1643625295,441.51,441.51,441.51,441.51,441.51,0,0
1643625300,441.51,441.51,441.51,441.51,441.51,0,0
1643625305,441.51,441.51,441.51,441.51,441.51,0,0
1643625310,441.51,441.51,441.51,441.51,441.51,0,0
1643625315,441.51,441.51,441.51,441.51,441.51,0,0
1643625320,441.51,441.51,441.51,441.51,441.51,0,0
1643625325,441.51,441.51,441.51,441.51,441.51,0,0
1643625330,441.51,441.51,441.51,441.51,441.51,0,0
1643625335,441.51,441.51,441.51,441.51,441.51,0,0
1643625340,441.51,441.51,441.51,441.51,441.51,0,0
1643625345,441.51,441.51,441.51,441.51,441.51,0,0
1643625350,441.51,441.51,441.51,441.51,441.51,0,0
1643625355,441.51,441.51,441.51,441.51,441.51,0,0
1643625360,441.51,441.51,441.51,441.51,441.51,0,0
1643625365,441.51,441.51,441.51,441.51,441.51,0,0
1643625370,441.51,441.51,441.51,441.51,441.51,0,0
1643625375,441.51,441.51,441.51,441.51,441.51,0,0
1643625380,441.51,441.51,441.51,441.51,441.51,0,0
1643625385,441.51,441.51,441.51,441.51,441.51,0,0
1643625390,441.51,441.51,441.51,441.51,441.51,0,0
1643625395,441.51,441.51,441.51,441.51,441.51,0,0
1643625400,441.51,441.51,441.51,441.51,441.51,0,0
1643625405,441.51,441.51,441.51,441.51,441.51,0,0
1643625410,441.51,441.51,441.51,441.51,441.51,0,0
1643625415,441.26,441.26,441.26,441.26,441.26,4,1
1643625420,441.26,441.26,441.26,441.26,441.26,45,6
1643625425,441.26,441.26,441.26,441.26,441.26,0,0
1643625430,441.26,441.26,441.26,441.26,441.26,0,0
1643625435,441.26,441.26,441.26,441.26,441.26,0,0
1643625440,441.26,441.26,441.26,441.26,441.26,0,0
1643625445,441.26,441.26,441.26,441.26,441.26,0,0
1643625450,441.26,441.26,441.26,441.26,441.26,0,0
1643625455,441.26,441.26,441.26,441.26,441.26,0,0
1643625460,441.26,441.26,441.26,441.26,441.26,0,0
1643625465,441.26,441.26,441.26,441.26,441.26,0,0
1643625470,441.26,441.26,441.26,441.26,441.26,0,0
1643625475,441.26,441.26,441.26,441.26,441.26,0,0
1643625480,441.26,441.26,441.26,441.26,441.26,0,0
1643625485,441.26,441.26,441.26,441.26,441.26,0,0
1643625490,441.26,441.26,441.26,441.26,441.26,0,0
1643625495,441.26,441.26,441.26,441.26,441.26,0,0
1643625500,441.26,441.26,441.26,441.26,441.26,0,0
1643625505,441.26,441.26,441.26,441.26,441.26,0,0
1643625510,441.26,441.26,441.26,441.26,441.26,0,0
1643625515,441.26,441.26,441.26,441.26,441.26,0,0
1643625520,441.26,441.26,441.26,441.26,441.26,0,0
1643625525,441.26,441.26,441.26,441.26,441.26,0,0
1643625530,441.26,441.26,441.26,441.26,441.26,0,0
1643625535,441.26,441.26,441.26,441.26,441.26,0,0
1643625540,441.26,441.26,441.26,441.26,441.26,0,0
1643625545,441.26,441.26,441.26,441.26,441.26,0,0
1643625550,441.26,441.26,441.26,441.26,441.26,0,0
1643625555,441.26,441.26,441.26,441.26,441.26,0,0
1643625560,441.26,441.26,441.26,441.26,441.26,0,0
1643625565,441.26,441.26,441.26,441.26,441.26,0,0
1643625570,441.26,441.26,441.26,441.26,441.26,0,0
1643625575,441.26,441.26,441.26,441.26,441.26,0,0
1643625580,441.26,441.26,441.26,441.26,441.26,0,0
1643625585,441.26,441.26,441.26,441.26,441.26,0,0
1643625590,441.15,441.15,441.15,441.15,441.15,2,1
1643625595,441.15,441.15,441.15,441.15,441.15,0,0
1643625600,441.15,441.15,441.15,441.15,441.15,0,0
1643625605,441.14,441.14,441.14,441.14,441.14,1,1
1643625610,441.14,441.14,441.14,441.14,441.14,0,0
1643625615,441.14,441.14,441.14,441.14,441.14,0,0
1643625620,441.14,441.14,441.14,441.14,441.14,0,0
1643625625,441.14,441.14,441.14,441.14,441.14,1,1
1643625630,441.14,441.14,441.14,441.14,441.14,0,0
1643625635,441.14,441.14,441.14,441.14,441.14,0,0
1643625640,441.14,441.14,441.14,441.14,441.14,0,0
1643625645,441.14,441.14,441.14,441.14,441.14,0,0
1643625650,441.16,441.16,441.16,441.16,441.16,2,1
1643625655,441.16,441.16,441.16,441.16,441.16,0,0
1643625660,441.16,441.16,441.16,441.16,441.16,0,0
1643625665,441.16,441.16,441.16,441.16,441.16,0,0
1643625670,441.16,441.16,441.16,441.16,441.16,0,0
1643625675,441.16,441.16,441.16,441.16,441.16,0,0
1643625680,441.16,441.16,441.16,441.16,441.16,0,0
1643625685,441.16,441.16,441.16,441.16,441.16,0,0
1643625690,441.16,441.16,441.16,441.16,441.16,0,0
1643625695,441.16,441.16,441.16,441.16,441.16,0,0
1643625700,441.16,441.16,441.16,441.16,441.16,0,0
1643625705,441.16,441.16,441.16,441.16,441.16,0,0
1643625710,441.16,441.16,441.16,441.16,441.16,0,0
1643625715,441.16,441.16,441.16,441.16,441.16,0,0
1643625720,441.16,441.16,441.16,441.16,441.16,0,0
1643625725,441.16,441.16,441.16,441.16,441.16,0,0
1643625730,441.16,441.16,441.16,441.16,441.16,0,0
1643625735,441.16,441.16,441.16,441.16,441.16,0,0
1643625740,441.16,441.16,441.16,441.16,441.16,0,0
1643625745,441.16,441.16,441.16,441.16,441.16,0,0
1643625750,441.16,441.16,441.16,441.16,441.16,0,0
1643625755,441.16,441.16,441.16,441.16,441.16,0,0
1643625760,441.54,441.54,441.51,441.52,441.527,50,12
1643625765,441.52,441.52,441.52,441.52,441.52,0,0
1643625770,441.52,441.52,441.52,441.52,441.52,0,0
1643625775,441.52,441.52,441.52,441.52,441.52,0,0
1643625780,441.6,441.6,441.6,441.6,441.6,27,8
1643625785,441.6,441.6,441.6,441.6,441.6,22,6
1643625790,441.6,441.6,441.6,441.6,441.6,0,0
1643625795,441.6,441.6,441.6,441.6,441.6,0,0
1643625800,441.7,441.7,441.7,441.7,441.7,50,21
1643625805,441.7,441.7,441.7,441.7,441.7,0,0
1643625810,441.7,441.7,441.7,441.7,441.7,0,0
1643625815,441.7,441.7,441.7,441.7,441.7,0,0
1643625820,441.7,441.7,441.7,441.7,441.7,0,0
1643625825,441.7,441.7,441.7,441.7,441.7,0,0
1643625830,441.7,441.7,441.7,441.7,441.7,0,0
1643625835,441.7,441.7,441.7,441.7,441.7,0,0
1643625840,441.7,441.7,441.7,441.7,441.7,0,0
1643625845,441.7,441.7,441.7,441.7,441.7,0,0
1643625850,441.7,441.7,441.7,441.7,441.7,0,0
1643625855,441.7,441.7,441.7,441.7,441.7,0,0
1643625860,441.7,441.7,441.7,441.7,441.7,0,0
1643625865,441.7,441.7,441.7,441.7,441.7,0,0
1643625870,441.7,441.7,441.7,441.7,441.7,0,0
1643625875,441.7,441.7,441.7,441.7,441.7,0,0
1643625880,441.7,441.7,441.7,441.7,441.7,0,0
1643625885,441.7,441.7,441.7,441.7,441.7,0,0
1643625890,441.7,441.7,441.7,441.7,441.7,0,0
1643625895,441.7,441.7,441.7,441.7,441.7,0,0
1643625900,441.7,441.7,441.7,441.7,441.7,0,0
1643625905,441.7,441.7,441.7,441.7,441.7,0,0
1643625910,441.7,441.7,441.69,441.69,441.695,10,2
1643625915,441.69,441.69,441.69,441.69,441.69,0,0
1643625920,441.69,441.69,441.69,441.69,441.69,0,0
1643625925,441.69,441.69,441.69,441.69,441.69,0,0
1643625930,441.69,441.69,441.69,441.69,441.69,0,0
1643625935,441.69,441.69,441.69,441.69,441.69,0,0
1643625940,441.69,441.69,441.69,441.69,441.69,0,0
1643625945,441.69,441.69,441.69,441.69,441.69,0,0
1643625950,441.69,441.69,441.69,441.69,441.69,0,0
1643625955,441.69,441.69,441.69,441.69,441.69,0,0
1643625960,441.69,441.69,441.69,441.69,441.69,0,0
1643625965,441.69,441.69,441.69,441.69,441.69,0,0
1643625970,441.69,441.69,441.69,441.69,441.69,0,0
1643625975,441.69,441.69,441.69,441.69,441.69,0,0
1643625980,441.69,441.69,441.69,441.69,441.69,0,0
1643625985,441.69,441.69,441.69,441.69,441.69,0,0
1643625990,441.69,441.69,441.69,441.69,441.69,0,0
1643625995,441.69,441.69,441.69,441.69,441.69,0,0
1643626000,441.69,441.69,441.69,441.69,441.69,0,0
1643626005,441.69,441.69,441.69,441.69,441.69,0,0
1643626010,441.8,441.8,441.8,441.8,441.8,10,1
1643626015,441.8,441.8,441.8,441.8,441.8,0,0
1643626020,441.8,441.8,441.8,441.8,441.8,0,0
1643626025,441.8,441.8,441.8,441.8,441.8,0,0
1643626030,441.8,441.8,441.8,441.8,441.8,0,0
1643626035,441.8,441.8,441.8,441.8,441.8,0,0
1643626040,441.8,441.8,441.8,441.8,441.8,0,0
1643626045,441.8,441.8,441.8,441.8,441.8,0,0
1643626050,441.8,441.8,441.8,441.8,441.8,0,0
1643626055,441.8,441.8,441.8,441.8,441.8,0,0
1643626060,441.8,441.8,441.8,441.8,441.8,0,0
1643626065,441.8,441.8,441.8,441.8,441.8,0,0
1643626070,441.8,441.8,441.8,441.8,441.8,0,0
1643626075,441.8,441.8,441.8,441.8,441.8,0,0
1643626080,441.8,441.8,441.8,441.8,441.8,0,0
1643626085,441.8,441.8,441.8,441.8,441.8,0,0
1643626090,441.58,441.58,441.58,441.58,441.58,10,2
1643626095,441.58,441.58,441.58,441.58,441.58,0,0
1643626100,441.58,441.58,441.58,441.58,441.58,0,0
1643626105,441.58,441.58,441.58,441.58,441.58,0,0
1643626110,441.58,441.58,441.58,441.58,441.58,1,1
1643626115,441.58,441.58,441.58,441.58,441.58,0,0
1643626120,441.58,441.58,441.58,441.58,441.58,0,0
1643626125,441.58,441.58,441.58,441.58,441.58,0,0
1643626130,441.58,441.58,441.58,441.58,441.58,0,0
1643626135,441.58,441.58,441.58,441.58,441.58,0,0
1643626140,441.58,441.58,441.58,441.58,441.58,0,0
1643626145,441.58,441.58,441.58,441.58,441.58,0,0
1643626150,441.58,441.58,441.58,441.58,441.58,0,0
1643626155,441.58,441.58,441.58,441.58,441.58,0,0
1643626160,441.58,441.58,441.58,441.58,441.58,0,0
1643626165,441.58,441.58,441.58,441.58,441.58,0,0
1643626170,441.58,441.58,441.58,441.58,441.58,0,0
1643626175,441.58,441.58,441.58,441.58,441.58,0,0
1643626180,441.58,441.58,441.58,441.58,441.58,0,0
1643626185,441.58,441.58,441.58,441.58,441.58,0,0
1643626190,441.58,441.58,441.58,441.58,441.58,0,0
1643626195,441.58,441.58,441.58,441.58,441.58,0,0
1643626200,441.58,441.58,441.58,441.58,441.58,0,0
1643626205,441.58,441.58,441.58,441.58,441.58,0,0
1643626210,441.58,441.58,441.58,441.58,441.58,0,0
1643626215,441.58,441.58,441.58,441.58,441.58,0,0
1643626220,441.58,441.58,441.58,441.58,441.58,0,0
1643626225,441.58,441.58,441.58,441.58,441.58,0,0
1643626230,441.58,441.58,441.58,441.58,441.58,0,0
1643626235,441.58,441.58,441.58,441.58,441.58,0,0
1643626240,441.58,441.58,441.58,441.58,441.58,0,0
1643626245,441.58,441.58,441.58,441.58,441.58,0,0
1643626250,441.58,441.58,441.58,441.58,441.58,0,0
1643626255,441.58,441.58,441.58,441.58,441.58,0,0
1643626260,441.58,441.58,441.58,441.58,441.58,0,0
1643626265,441.58,441.58,441.58,441.58,441.58,0,0
1643626270,441.58,441.58,441.58,441.58,441.58,0,0
1643626275,441.58,441.58,441.58,441.58,441.58,0,0
1643626280,441.58,441.58,441.58,441.58,441.58,0,0
1643626285,441.65,441.75,441.65,441.75,441.671,32,9
1643626290,441.75,441.75,441.75,441.75,441.75,0,0
1643626295,441.75,441.75,441.75,441.75,441.75,0,0
1643626300,441.75,441.75,441.75,441.75,441.75,0,0
1643626305,441.75,441.75,441.75,441.75,441.75,0,0
1643626310,441.75,441.75,441.75,441.75,441.75,0,0
1643626315,441.75,441.75,441.75,441.75,441.75,0,0
1643626320,441.75,441.75,441.75,441.75,441.75,0,0
1643626325,441.75,441.75,441.75,441.75,441.75,0,0
1643626330,441.75,441.75,441.75,441.75,441.75,0,0
1643626335,441.75,441.75,441.75,441.75,441.75,0,0
1643626340,441.75,441.75,441.75,441.75,441.75,0,0
1643626345,441.43,441.43,441.43,441.43,441.43,10,2
1643626350,441.43,441.43,441.43,441.43,441.43,0,0
1643626355,441.43,441.43,441.43,441.43,441.43,0,0
1643626360,441.43,441.43,441.43,441.43,441.43,0,0
1643626365,441.43,441.43,441.43,441.43,441.43,0,0
1643626370,441.43,441.43,441.43,441.43,441.43,0,0
1643626375,441.32,441.32,441.32,441.32,441.32,10,2
1643626380,441.32,441.32,441.32,441.32,441.32,0,0
1643626385,441.32,441.32,441.32,441.32,441.32,0,0
1643626390,441.32,441.32,441.32,441.32,441.32,0,0
1643626395,441.27,441.27,441.27,441.27,441.27,1,1
1643626400,441.27,441.27,441.27,441.27,441.27,0,0
1643626405,441.27,441.27,441.27,441.27,441.27,0,0
1643626410,441.27,441.27,441.27,441.27,441.27,0,0
1643626415,441.27,441.27,441.27,441.27,441.27,0,0
1643626420,441.27,441.27,441.27,441.27,441.27,0,0
1643626425,441.27,441.27,441.27,441.27,441.27,0,0
1643626430,441.43,441.43,441.43,441.43,441.43,2,1
1643626435,441.46,441.46,441.46,441.46,441.46,2,1
1643626440,441.46,441.46,441.46,441.46,441.46,0,0
1643626445,441.46,441.46,441.46,441.46,441.46,0,0
1643626450,441.46,441.46,441.46,441.46,441.46,0,0
1643626455,441.46,441.46,441.46,441.46,441.46,0,0
1643626460,441.46,441.46,441.46,441.46,441.46,0,0
1643626465,441.46,441.46,441.46,441.46,441.46,0,0
1643626470,441.46,441.46,441.46,441.46,441.46,0,0
1643626475,441.46,441.46,441.46,441.46,441.46,0,0
1643626480,441.46,441.46,441.46,441.46,441.46,0,0
1643626485,441.46,441.46,441.46,441.46,441.46,0,0
1643626490,441.46,441.46,441.46,441.46,441.46,0,0
1643626495,441.46,441.46,441.46,441.46,441.46,0,0
1643626500,441.46,441.46,441.46,441.46,441.46,0,0
1643626505,441.46,441.46,441.46,441.46,441.46,0,0
1643626510,441.51,441.51,441.51,441.51,441.51,1,1
1643626515,441.51,441.51,441.51,441.51,441.51,0,0
1643626520,441.51,441.51,441.51,441.51,441.51,0,0
1643626525,441.51,441.51,441.51,441.51,441.51,0,0
1643626530,441.51,441.51,441.51,441.51,441.51,0,0
1643626535,441.51,441.51,441.51,441.51,441.51,0,0
1643626540,441.51,441.51,441.51,441.51,441.51,0,0
1643626545,441.51,441.51,441.51,441.51,441.51,0,0
1643626550,441.51,441.51,441.51,441.51,441.51,0,0
1643626555,441.51,441.51,441.51,441.51,441.51,0,0
1643626560,441.51,441.51,441.51,441.51,441.51,0,0
1643626565,441.51,441.51,441.51,441.51,441.51,0,0
1643626570,441.51,441.51,441.51,441.51,441.51,0,0
1643626575,441.51,441.51,441.51,441.51,441.51,0,0
1643626580,441.51,441.51,441.51,441.51,441.51,0,0
1643626585,441.51,441.51,441.51,441.51,441.51,0,0
1643626590,441.51,441.51,441.51,441.51,441.51,0,0
1643626595,441.51,441.51,441.51,441.51,441.51,0,0
1643626600,441.51,441.51,441.51,441.51,441.51,0,0
1643626605,441.51,441.51,441.51,441.51,441.51,0,0
1643626610,441.51,441.51,441.51,441.51,441.51,0,0
1643626615,441.51,441.51,441.51,441.51,441.51,0,0
1643626620,441.51,441.51,441.51,441.51,441.51,0,0
1643626625,441.51,441.51,441.51,441.51,441.51,0,0
1643626630,441.51,441.51,441.51,441.51,441.51,0,0
1643626635,441.35,441.35,441.35,441.35,441.35,4,1
1643626640,441.35,441.35,441.35,441.35,441.35,0,0
1643626645,441.35,441.35,441.35,441.35,441.35,0,0
1643626650,441.35,441.35,441.35,441.35,441.35,0,0
1643626655,441.35,441.35,441.35,441.35,441.35,0,0
1643626660,441.35,441.35,441.35,441.35,441.35,0,0
1643626665,441.35,441.35,441.35,441.35,441.35,0,0
1643626670,441.35,441.35,441.35,441.35,441.35,0,0
1643626675,441.35,441.35,441.35,441.35,441.35,0,0
1643626680,441.35,441.35,441.35,441.35,441.35,0,0
1643626685,441.35,441.35,441.35,441.35,441.35,0,0
1643626690,441.35,441.35,441.35,441.35,441.35,0,0
1643626695,441.35,441.35,441.35,441.35,441.35,0,0
1643626700,441.35,441.35,441.35,441.35,441.35,0,0
1643626705,441.35,441.35,441.35,441.35,441.35,0,0
1643626710,441.35,441.35,441.35,441.35,441.35,0,0
1643626715,441.35,441.35,441.35,441.35,441.35,0,0
1643626720,441.35,441.35,441.35,441.35,441.35,0,0
1643626725,441.35,441.35,441.35,441.35,441.35,0,0
1643626730,441.35,441.35,441.35,441.35,441.35,0,0
1643626735,441.35,441.35,441.35,441.35,441.35,0,0
1643626740,441.35,441.35,441.35,441.35,441.35,0,0
1643626745,441.35,441.35,441.35,441.35,441.35,0,0
1643626750,441.35,441.35,441.35,441.35,441.35,0,0
1643626755,441.35,441.35,441.35,441.35,441.35,0,0
1643626760,441.35,441.35,441.35,441.35,441.35,0,0
1643626765,441.35,441.35,441.35,441.35,441.35,0,0
1643626770,441.35,441.35,441.35,441.35,441.35,0,0
1643626775,441.35,441.35,441.35,441.35,441.35,0,0
1643626780,441.35,441.35,441.35,441.35,441.35,0,0
1643626785,441.35,441.35,441.35,441.35,441.35,0,0
1643626790,441.35,441.35,441.35,441.35,441.35,0,0
1643626795,441.35,441.35,441.35,441.35,441.35,0,0
1643626800,441.35,441.35,441.35,441.35,441.35,0,0
1643626805,441.35,441.35,441.35,441.35,441.35,0,0
1643626810,441.35,441.35,441.35,441.35,441.35,0,0
1643626815,441.34,441.34,441.34,441.34,441.34,1,1
1643626820,441.34,441.34,441.34,441.34,441.34,0,0
1643626825,441.34,441.34,441.34,441.34,441.34,0,0
1643626830,441.34,441.34,441.34,441.34,441.34,0,0
1643626835,441.34,441.34,441.34,441.34,441.34,0,0
1643626840,441.34,441.34,441.34,441.34,441.34,0,0
1643626845,441.34,441.34,441.34,441.34,441.34,0,0
1643626850,441.34,441.34,441.34,441.34,441.34,0,0
1643626855,441.34,441.34,441.34,441.34,441.34,0,0
1643626860,441.34,441.34,441.34,441.34,441.34,0,0
1643626865,441.34,441.34,441.34,441.34,441.34,0,0
1643626870,441.34,441.34,441.34,441.34,441.34,0,0
1643626875,441.34,441.34,441.34,441.34,441.34,0,0
1643626880,441.34,441.34,441.34,441.34,441.34,0,0
1643626885,441.34,441.34,441.34,441.34,441.34,0,0
1643626890,441.34,441.34,441.34,441.34,441.34,0,0
1643626895,441.34,441.34,441.34,441.34,441.34,0,0
1643626900,441.69,441.7,441.6,441.6,441.675,42,8
1643626905,441.29,441.29,441.29,441.29,441.29,1,1
1643626910,441.29,441.29,441.29,441.29,441.29,0,0
1643626915,441.29,441.29,441.29,441.29,441.29,0,0
1643626920,441.29,441.29,441.29,441.29,441.29,0,0
1643626925,441.29,441.29,441.29,441.29,441.29,0,0
1643626930,441.31,441.31,441.3,441.31,441.305,19,5
1643626935,441.31,441.31,441.31,441.31,441.31,0,0
1643626940,441.31,441.31,441.31,441.31,441.31,0,0
1643626945,441.31,441.31,441.31,441.31,441.31,0,0
1643626950,441.12,441.12,441.12,441.12,441.12,11,3
1643626955,441.12,441.12,441.12,441.12,441.12,0,0
1643626960,441.12,441.12,441.12,441.12,441.12,0,0
1643626965,441.12,441.12,441.12,441.12,441.12,0,0
1643626970,441.12,441.12,441.12,441.12,441.12,0,0
1643626975,441.12,441.12,441.12,441.12,441.12,0,0
1643626980,441.12,441.12,441.12,441.12,441.12,0,0
1643626985,441.12,441.12,441.12,441.12,441.12,0,0
1643626990,441.12,441.12,441.12,441.12,441.12,0,0
1643626995,441.12,441.12,441.12,441.12,441.12,0,0
1643627000,441.12,441.12,441.12,441.12,441.12,0,0
1643627005,441.12,441.12,441.12,441.12,441.12,0,0
1643627010,441.12,441.12,441.12,441.12,441.12,0,0
1643627015,441.12,441.12,441.12,441.12,441.12,0,0
1643627020,441.12,441.12,441.12,441.12,441.12,0,0
1643627025,441.16,441.18,441.15,441.17,441.164,26,6
1643627030,441.17,441.17,441.17,441.17,441.17,0,0
1643627035,441.17,441.17,441.17,441.17,441.17,0,0
1643627040,441.17,441.17,441.17,441.17,441.17,0,0
1643627045,441.17,441.17,441.17,441.17,441.17,0,0
1643627050,441.17,441.17,441.17,441.17,441.17,0,0
1643627055,441.17,441.17,441.17,441.17,441.17,0,0
1643627060,441.17,441.17,441.17,441.17,441.17,1,1
1643627065,441.17,441.17,441.17,441.17,441.17,0,0
1643627070,441.28,441.28,441.28,441.28,441.28,1,1
1643627075,441.28,441.28,441.28,441.28,441.28,0,0
1643627080,441.28,441.28,441.28,441.28,441.28,0,0
1643627085,441.28,441.28,441.28,441.28,441.28,0,0
1643627090,441.28,441.28,441.28,441.28,441.28,0,0
1643627095,441.28,441.28,441.28,441.28,441.28,0,0
1643627100,441.28,441.28,441.28,441.28,441.28,0,0
1643627105,441.28,441.28,441.28,441.28,441.28,0,0
1643627110,441.28,441.28,441.28,441.28,441.28,0,0
1643627115,441.28,441.28,441.28,441.28,441.28,0,0
1643627120,441.28,441.28,441.28,441.28,441.28,0,0
1643627125,441.28,441.28,441.28,441.28,441.28,0,0
1643627130,441.28,441.28,441.28,441.28,441.28,0,0
1643627135,441.28,441.28,441.28,441.28,441.28,0,0
1643627140,441.28,441.28,441.28,441.28,441.28,0,0
1643627145,441.28,441.28,441.28,441.28,441.28,0,0
1643627150,441.28,441.28,441.28,441.28,441.28,0,0
1643627155,441.28,441.28,441.28,441.28,441.28,0,0
1643627160,441.28,441.28,441.28,441.28,441.28,0,0
1643627165,441.28,441.28,441.28,441.28,441.28,0,0
1643627170,441.28,441.28,441.28,441.28,441.28,0,0
1643627175,441.28,441.28,441.28,441.28,441.28,0,0
1643627180,441.28,441.28,441.28,441.28,441.28,0,0
1643627185,441.28,441.28,441.28,441.28,441.28,0,0
1643627190,441.28,441.28,441.28,441.28,441.28,0,0
1643627195,441.28,441.28,441.28,441.28,441.28,0,0
1643627200,441.28,441.28,441.28,441.28,441.28,0,0
1643627205,441.28,441.28,441.28,441.28,441.28,0,0
1643627210,441.28,441.28,441.28,441.28,441.28,0,0
1643627215,441.28,441.28,441.28,441.28,441.28,0,0
1643627220,441.28,441.28,441.28,441.28,441.28,0,0
1643627225,441.28,441.28,441.28,441.28,441.28,0,0
1643627230,441.28,441.28,441.28,441.28,441.28,0,0
1643627235,441.28,441.28,441.28,441.28,441.28,0,0
1643627240,441.28,441.28,441.28,441.28,441.28,0,0
1643627245,441.28,441.28,441.28,441.28,441.28,0,0
1643627250,441.28,441.28,441.28,441.28,441.28,0,0
1643627255,441.28,441.28,441.28,441.28,441.28,0,0
1643627260,441.28,441.28,441.28,441.28,441.28,0,0
1643627265,441.28,441.28,441.28,441.28,441.28,0,0
1643627270,441.28,441.28,441.28,441.28,441.28,0,0
1643627275,441.28,441.28,441.28,441.28,441.28,0,0
1643627280,441.28,441.28,441.28,441.28,441.28,0,0
1643627285,441.49,441.49,441.49,441.49,441.49,5,1
1643627290,441.45,441.45,441.45,441.45,441.45,5,1
1643627295,441.45,441.45,441.45,441.45,441.45,0,0
1643627300,441.45,441.45,441.45,441.45,441.45,0,0
1643627305,441.45,441.45,441.45,441.45,441.45,0,0
1643627310,441.45,441.45,441.45,441.45,441.45,0,0
1643627315,441.45,441.45,441.45,441.45,441.45,0,0
1643627320,441.45,441.45,441.45,441.45,441.45,0,0
1643627325,441.45,441.45,441.45,441.45,441.45,0,0
1643627330,441.45,441.45,441.45,441.45,441.45,0,0
1643627335,441.45,441.45,441.45,441.45,441.45,0,0
1643627340,441.45,441.45,441.45,441.45,441.45,0,0
1643627345,441.45,441.45,441.45,441.45,441.45,0,0
1643627350,441.45,441.45,441.45,441.45,441.45,0,0
1643627355,441.45,441.45,441.45,441.45,441.45,0,0
1643627360,441.45,441.45,441.45,441.45,441.45,0,0
1643627365,441.45,441.45,441.45,441.45,441.45,0,0
1643627370,441.45,441.45,441.45,441.45,441.45,0,0
1643627375,441.45,441.45,441.45,441.45,441.45,0,0
1643627380,441.45,441.45,441.45,441.45,441.45,0,0
1643627385,441.45,441.45,441.45,441.45,441.45,0,0
1643627390,441.45,441.45,441.45,441.45,441.45,0,0
1643627395,441.45,441.45,441.45,441.45,441.45,0,0
1643627400,441.45,441.45,441.45,441.45,441.45,0,0
1643627405,441.45,441.45,441.45,441.45,441.45,0,0
1643627410,441.45,441.45,441.45,441.45,441.45,0,0
1643627415,441.45,441.45,441.45,441.45,441.45,0,0
1643627420,441.45,441.45,441.45,441.45,441.45,0,0
1643627425,441.45,441.45,441.45,441.45,441.45,0,0
1643627430,441.45,441.45,441.45,441.45,441.45,0,0
1643627435,441.45,441.45,441.45,441.45,441.45,0,0
1643627440,441.45,441.45,441.45,441.45,441.45,0,0
1643627445,441.45,441.45,441.45,441.45,441.45,0,0
1643627450,441.45,441.45,441.45,441.45,441.45,0,0
1643627455,441.45,441.45,441.45,441.45,441.45,0,0
1643627460,441.45,441.45,441.45,441.45,441.45,0,0
1643627465,441.45,441.45,441.45,441.45,441.45,0,0
1643627470,441.45,441.45,441.45,441.45,441.45,0,0
1643627475,441.45,441.45,441.45,441.45,441.45,0,0
1643627480,441.45,441.45,441.45,441.45,441.45,0,0
1643627485,441.45,441.45,441.45,441.45,441.45,0,0
1643627490,441.45,441.45,441.45,441.45,441.45,0,0
1643627495,441.45,441.45,441.45,441.45,441.45,0,0
1643627500,441.45,441.45,441.45,441.45,441.45,0,0
1643627505,441.53,441.53,441.53,441.53,441.53,1,1
1643627510,441.53,441.53,441.53,441.53,441.53,0,0
1643627515,441.53,441.53,441.53,441.53,441.53,0,0
1643627520,441.53,441.53,441.53,441.53,441.53,0,0
1643627525,441.53,441.53,441.53,441.53,441.53,0,0
1643627530,441.53,441.53,441.53,441.53,441.53,0,0
1643627535,441.53,441.53,441.53,441.53,441.53,0,0
1643627540,441.53,441.53,441.53,441.53,441.53,0,0
1643627545,441.53,441.53,441.53,441.53,441.53,0,0
1643627550,441.53,441.53,441.53,441.53,441.53,0,0
1643627555,441.53,441.53,441.53,441.53,441.53,0,0
1643627560,441.53,441.53,441.53,441.53,441.53,0,0
1643627565,441.53,441.53,441.53,441.53,441.53,0,0
1643627570,441.05,441.05,441.0,441.0,441.025,2,2
1643627575,441.0,441.0,441.0,441.0,441.0,0,0
1643627580,441.0,441.0,441.0,441.0,441.0,0,0
1643627585,441.0,441.0,441.0,441.0,441.0,0,0
1643627590,441.0,441.0,441.0,441.0,441.0,0,0
1643627595,441.0,441.0,441.0,441.0,441.0,0,0
1643627600,441.0,441.0,441.0,441.0,441.0,0,0
1643627605,441.0,441.0,441.0,441.0,441.0,0,0
1643627610,441.0,441.0,441.0,441.0,441.0,0,0
1643627615,441.0,441.0,441.0,441.0,441.0,0,0
1643627620,441.0,441.0,441.0,441.0,441.0,0,0
1643627625,441.0,441.0,441.0,441.0,441.0,0,0
1643627630,441.0,441.0,441.0,441.0,441.0,0,0
1643627635,441.0,441.0,441.0,441.0,441.0,0,0
1643627640,441.0,441.0,441.0,441.0,441.0,0,0
1643627645,441.0,441.0,441.0,441.0,441.0,3,1
1643627650,441.0,441.0,441.0,441.0,441.0,0,0
1643627655,441.0,441.0,441.0,441.0,441.0,0,0
1643627660,441.0,441.0,441.0,441.0,441.0,0,0
1643627665,440.97,440.97,440.97,440.97,440.97,1,1
1643627670,440.97,440.97,440.97,440.97,440.97,0,0
1643627675,440.97,440.97,440.97,440.97,440.97,0,0
1643627680,440.97,440.97,440.97,440.97,440.97,0,0
1643627685,440.97,440.97,440.97,440.97,440.97,0,0
1643627690,440.97,440.97,440.97,440.97,440.97,0,0
1643627695,440.97,440.97,440.97,440.97,440.97,0,0
1643627700,440.97,440.97,440.97,440.97,440.97,0,0
1643627705,440.97,440.97,440.97,440.97,440.97,0,0
1643627710,440.97,440.97,440.97,440.97,440.97,0,0
1643627715,440.97,440.97,440.97,440.97,440.97,0,0
1643627720,440.97,440.97,440.97,440.97,440.97,0,0
1643627725,440.97,440.97,440.97,440.97,440.97,0,0
1643627730,440.97,440.97,440.97,440.97,440.97,0,0
1643627735,440.97,440.97,440.97,440.97,440.97,0,0
1643627740,440.97,440.97,440.97,440.97,440.97,0,0
1643627745,440.97,440.97,440.97,440.97,440.97,0,0
1643627750,440.97,440.97,440.97,440.97,440.97,0,0
1643627755,440.97,440.97,440.97,440.97,440.97,0,0
1643627760,441.0,441.0,441.0,441.0,441.0,6,1
1643627765,441.0,441.0,441.0,441.0,441.0,0,0
1643627770,441.0,441.0,441.0,441.0,441.0,0,0
1643627775,441.0,441.0,441.0,441.0,441.0,0,0
1643627780,441.0,441.0,441.0,441.0,441.0,0,0
1643627785,441.0,441.0,441.0,441.0,441.0,0,0
1643627790,441.0,441.0,441.0,441.0,441.0,0,0
1643627795,441.0,441.0,441.0,441.0,441.0,0,0
1643627800,441.0,441.0,441.0,441.0,441.0,0,0
1643627805,441.0,441.0,441.0,441.0,441.0,0,0
1643627810,441.0,441.0,441.0,441.0,441.0,0,0
1643627815,441.0,441.0,441.0,441.0,441.0,0,0
1643627820,441.0,441.0,441.0,441.0,441.0,0,0
1643627825,441.0,441.0,441.0,441.0,441.0,0,0
1643627830,441.0,441.0,441.0,441.0,441.0,0,0
1643627835,441.0,441.0,441.0,441.0,441.0,0,0
1643627840,441.27,441.27,441.27,441.27,441.27,7,2
1643627845,441.27,441.27,441.27,441.27,441.27,0,0
1643627850,441.27,441.27,441.27,441.27,441.27,0,0
1643627855,441.27,441.27,441.27,441.27,441.27,0,0
1643627860,441.27,441.27,441.27,441.27,441.27,0,0
1643627865,441.27,441.27,441.27,441.27,441.27,0,0
1643627870,441.27,441.27,441.27,441.27,441.27,0,0
1643627875,441.27,441.27,441.27,441.27,441.27,0,0
1643627880,441.27,441.27,441.27,441.27,441.27,0,0
1643627885,441.27,441.27,441.27,441.27,441.27,0,0
1643627890,441.27,441.27,441.27,441.27,441.27,0,0
1643627895,441.27,441.27,441.27,441.27,441.27,0,0
1643627900,441.27,441.27,441.27,441.27,441.27,0,0
1643627905,441.27,441.27,441.27,441.27,441.27,0,0
1643627910,441.27,441.27,441.27,441.27,441.27,0,0
1643627915,441.27,441.27,441.27,441.27,441.27,0,0
1643627920,441.27,441.27,441.27,441.27,441.27,0,0
1643627925,441.27,441.27,441.27,441.27,441.27,0,0
1643627930,441.27,441.27,441.27,441.27,441.27,0,0
1643627935,441.27,441.27,441.27,441.27,441.27,0,0
1643627940,441.27,441.27,441.27,441.27,441.27,0,0
1643627945,441.27,441.27,441.27,441.27,441.27,0,0
1643627950,441.27,441.27,441.27,441.27,441.27,0,0
1643627955,441.27,441.27,441.27,441.27,441.27,0,0
1643627960,441.27,441.27,441.27,441.27,441.27,0,0
1643627965,441.27,441.27,441.27,441.27,441.27,0,0
1643627970,441.27,441.27,441.27,441.27,441.27,0,0
1643627975,441.27,441.27,441.27,441.27,441.27,0,0
1643627980,441.27,441.27,441.27,441.27,441.27,0,0
1643627985,441.27,441.27,441.27,441.27,441.27,0,0
1643627990,441.29,441.29,441.29,441.29,441.29,1,1
1643627995,441.29,441.29,441.29,441.29,441.29,0,0
1643628000,441.15,441.15,441.15,441.15,441.15,1,1
1643628005,441.15,441.15,441.15,441.15,441.15,0,0
1643628010,441.15,441.15,441.15,441.15,441.15,0,0
1643628015,441.15,441.15,441.15,441.15,441.15,0,0
1643628020,441.15,441.15,441.15,441.15,441.15,0,0
1643628025,441.15,441.15,441.15,441.15,441.15,0,0
1643628030,441.15,441.15,441.15,441.15,441.15,0,0
1643628035,441.15,441.15,441.15,441.15,441.15,0,0
1643628040,441.15,441.15,441.15,441.15,441.15,0,0
1643628045,441.15,441.15,441.15,441.15,441.15,0,0
1643628050,441.15,441.15,441.15,441.15,441.15,0,0
1643628055,441.15,441.15,441.15,441.15,441.15,0,0
1643628060,441.15,441.15,441.15,441.15,441.15,0,0
1643628065,441.15,441.15,441.15,441.15,441.15,0,0
1643628070,441.15,441.15,441.15,441.15,441.15,0,0
1643628075,441.15,441.15,441.15,441.15,441.15,0,0
1643628080,441.15,441.15,441.15,441.15,441.15,0,0
1643628085,441.15,441.15,441.15,441.15,441.15,0,0
1643628090,441.15,441.15,441.15,441.15,441.15,0,0
1643628095,441.15,441.15,441.15,441.15,441.15,0,0
1643628100,441.15,441.15,441.15,441.15,441.15,0,0
1643628105,441.15,441.15,441.15,441.15,441.15,0,0
1643628110,441.15,441.15,441.15,441.15,441.15,0,0
1643628115,441.15,441.15,441.15,441.15,441.15,0,0
1643628120,441.15,441.15,441.15,441.15,441.15,0,0
1643628125,441.15,441.15,441.15,441.15,441.15,0,0
1643628130,441.15,441.15,441.15,441.15,441.15,0,0
1643628135,441.4,441.4,441.4,441.4,441.4,16,6
1643628140,441.37,441.37,441.37,441.37,441.37,1,1
1643628145,441.4,441.4,441.4,441.4,441.4,20,5
1643628150,441.4,441.4,441.4,441.4,441.4,0,0
1643628155,441.4,441.4,441.4,441.4,441.4,0,0
1643628160,441.4,441.4,441.4,441.4,441.4,0,0
1643628165,441.4,441.4,441.4,441.4,441.4,0,0
1643628170,441.4,441.4,441.4,441.4,441.4,0,0
1643628175,441.4,441.4,441.4,441.4,441.4,0,0
1643628180,441.4,441.4,441.4,441.4,441.4,0,0
1643628185,441.4,441.4,441.4,441.4,441.4,0,0
1643628190,441.4,441.4,441.4,441.4,441.4,0,0
1643628195,441.4,441.4,441.4,441.4,441.4,0,0
1643628200,441.4,441.4,441.4,441.4,441.4,0,0
1643628205,441.4,441.4,441.4,441.4,441.4,0,0
1643628210,441.4,441.4,441.4,441.4,441.4,0,0
1643628215,441.4,441.4,441.4,441.4,441.4,0,0
1643628220,441.4,441.4,441.4,441.4,441.4,0,0
1643628225,441.4,441.4,441.4,441.4,441.4,0,0
1643628230,441.4,441.4,441.4,441.4,441.4,0,0
1643628235,441.4,441.4,441.4,441.4,441.4,0,0
1643628240,441.4,441.4,441.4,441.4,441.4,0,0
1643628245,441.4,441.4,441.4,441.4,441.4,0,0
1643628250,441.04,441.04,441.04,441.04,441.04,1,1
1643628255,441.04,441.04,441.04,441.04,441.04,0,0
1643628260,441.04,441.04,441.04,441.04,441.04,0,0
1643628265,441.04,441.04,441.04,441.04,441.04,0,0
1643628270,441.04,441.04,441.04,441.04,441.04,0,0
1643628275,441.05,441.05,441.0,441.0,441.017,3,3
1643628280,441.0,441.0,441.0,441.0,441.0,0,0
1643628285,441.0,441.0,441.0,441.0,441.0,0,0
1643628290,441.0,441.0,441.0,441.0,441.0,0,0
1643628295,441.0,441.0,441.0,441.0,441.0,0,0
1643628300,440.93,440.93,440.92,440.92,440.921,12,4
1643628305,440.92,440.92,440.92,440.92,440.92,0,0
1643628310,440.92,440.92,440.92,440.92,440.92,0,0
1643628315,440.73,440.74,440.7,440.74,440.72,3,3
1643628320,440.74,440.74,440.74,440.74,440.74,0,0
1643628325,440.74,440.74,440.74,440.74,440.74,0,0
1643628330,440.74,440.74,440.74,440.74,440.74,0,0
1643628335,441.0,441.0,441.0,441.0,441.0,1,1
1643628340,440.94,440.94,440.94,440.94,440.94,5,1
1643628345,440.94,440.94,440.94,440.94,440.94,0,0
1643628350,440.94,440.94,440.94,440.94,440.94,0,0
1643628355,440.94,440.94,440.94,440.94,440.94,0,0
1643628360,440.94,440.94,440.94,440.94,440.94,0,0
1643628365,440.94,440.94,440.94,440.94,440.94,0,0
1643628370,440.94,440.94,440.94,440.94,440.94,0,0
1643628375,440.94,440.94,440.94,440.94,440.94,0,0
1643628380,440.94,440.94,440.94,440.94,440.94,0,0
1643628385,440.94,440.94,440.94,440.94,440.94,0,0
1643628390,440.94,440.94,440.94,440.94,440.94,0,0
1643628395,441.08,441.08,441.08,441.08,441.08,1,1
1643628400,441.08,441.08,441.08,441.08,441.08,0,0
1643628405,441.08,441.08,441.08,441.08,441.08,0,0
1643628410,441.08,441.08,441.08,441.08,441.08,0,0
1643628415,441.08,441.08,441.08,441.08,441.08,0,0
1643628420,441.08,441.08,441.08,441.08,441.08,0,0
1643628425,441.08,441.08,441.08,441.08,441.08,0,0
1643628430,441.08,441.08,441.08,441.08,441.08,0,0
1643628435,441.08,441.08,441.08,441.08,441.08,0,0
1643628440,441.08,441.08,441.08,441.08,441.08,0,0
1643628445,441.08,441.08,441.08,441.08,441.08,0,0
1643628450,441.08,441.08,441.08,441.08,441.08,0,0
1643628455,441.08,441.08,441.08,441.08,441.08,0,0
1643628460,441.08,441.08,441.08,441.08,441.08,0,0
1643628465,441.08,441.08,441.08,441.08,441.08,0,0
1643628470,441.08,441.08,441.08,441.08,441.08,0,0
1643628475,441.08,441.08,441.08,441.08,441.08,0,0
1643628480,441.08,441.08,441.08,441.08,441.08,0,0
1643628485,440.77,440.77,440.71,440.74,440.728,12,4
1643628490,440.74,440.74,440.74,440.74,440.74,0,0
1643628495,440.74,440.74,440.74,440.74,440.74,0,0
1643628500,440.66,440.66,440.66,440.66,440.66,1,1
1643628505,440.7,440.7,440.69,440.69,440.697,15,5
1643628510,440.69,440.69,440.69,440.69,440.69,0,0
1643628515,440.66,440.66,440.65,440.65,440.658,11,3
1643628520,440.67,440.67,440.62,440.62,440.668,23,7
1643628525,440.67,440.67,440.67,440.67,440.67,1,1
1643628530,440.67,440.67,440.67,440.67,440.67,0,0
1643628535,440.66,440.66,440.66,440.66,440.66,1,1
1643628540,440.66,440.66,440.66,440.66,440.66,0,0
1643628545,440.66,440.66,440.66,440.66,440.66,0,0
1643628550,440.66,440.66,440.66,440.66,440.66,0,0
1643628555,440.66,440.66,440.66,440.66,440.66,0,0
1643628560,440.66,440.66,440.66,440.66,440.66,0,0
1643628565,440.66,440.66,440.66,440.66,440.66,0,0
1643628570,440.66,440.66,440.66,440.66,440.66,0,0
1643628575,440.66,440.66,440.66,440.66,440.66,0,0
1643628580,440.66,440.66,440.66,440.66,440.66,0,0
1643628585,440.66,440.66,440.66,440.66,440.66,0,0
1643628590,440.66,440.66,440.66,440.66,440.66,0,0
1643628595,440.66,440.66,440.66,440.66,440.66,0,0
1643628600,440.66,440.66,440.66,440.66,440.66,0,0
1643628605,440.66,440.66,440.66,440.66,440.66,0,0
1643628610,440.66,440.66,440.66,440.66,440.66,0,0
1643628615,440.66,440.66,440.66,440.66,440.66,0,0
1643628620,440.66,440.66,440.66,440.66,440.66,0,0
1643628625,441.0,441.0,441.0,441.0,441.0,2,1
1643628630,441.0,441.0,441.0,441.0,441.0,0,0
1643628635,441.0,441.0,441.0,441.0,441.0,0,0
1643628640,441.0,441.0,441.0,441.0,441.0,1,1
1643628645,441.0,441.0,441.0,441.0,441.0,1,1
1643628650,441.0,441.0,441.0,441.0,441.0,0,0
1643628655,441.0,441.0,441.0,441.0,441.0,0,0
1643628660,441.0,441.0,441.0,441.0,441.0,0,0
1643628665,441.05,441.05,441.05,441.05,441.05,10,2
1643628670,440.99,440.99,440.99,440.99,440.99,1,1
1643628675,440.99,440.99,440.99,440.99,440.99,0,0
1643628680,440.99,440.99,440.99,440.99,440.99,0,0
1643628685,440.99,440.99,440.99,440.99,440.99,0,0
1643628690,440.99,440.99,440.99,440.99,440.99,0,0
1643628695,440.99,440.99,440.99,440.99,440.99,0,0
1643628700,440.99,440.99,440.99,440.99,440.99,0,0
1643628705,440.99,440.99,440.99,440.99,440.99,0,0
1643628710,440.99,440.99,440.99,440.99,440.99,0,0
1643628715,440.99,440.99,440.99,440.99,440.99,0,0
1643628720,440.99,440.99,440.99,440.99,440.99,0,0
1643628725,440.99,440.99,440.99,440.99,440.99,0,0
1643628730,440.99,440.99,440.99,440.99,440.99,0,0
1643628735,440.99,440.99,440.99,440.99,440.99,0,0
1643628740,440.99,440.99,440.99,440.99,440.99,0,0
1643628745,440.99,440.99,440.99,440.99,440.99,0,0
1643628750,440.99,440.99,440.99,440.99,440.99,0,0
1643628755,440.99,440.99,440.99,440.99,440.99,0,0
1643628760,440.99,440.99,440.99,440.99,440.99,0,0
1643628765,440.87,440.87,440.87,440.87,440.87,11,3
1643628770,440.87,440.87,440.87,440.87,440.87,0,0
1643628775,440.87,440.87,440.87,440.87,440.87,0,0
1643628780,440.87,440.87,440.87,440.87,440.87,0,0
1643628785,440.72,440.72,440.72,440.72,440.72,41,9
1643628790,440.72,440.72,440.72,440.72,440.72,0,0
1643628795,440.72,440.72,440.72,440.72,440.72,0,0
1643628800,440.72,440.72,440.72,440.72,440.72,0,0
1643628805,440.72,440.72,440.72,440.72,440.72,0,0
1643628810,440.72,440.72,440.72,440.72,440.72,0,0
1643628815,440.72,440.72,440.72,440.72,440.72,0,0
1643628820,440.72,440.72,440.72,440.72,440.72,0,0
1643628825,440.72,440.72,440.72,440.72,440.72,0,0
1643628830,440.72,440.72,440.72,440.72,440.72,0,0
1643628835,440.72,440.72,440.72,440.72,440.72,0,0
1643628840,440.72,440.72,440.72,440.72,440.72,0,0
1643628845,440.72,440.72,440.72,440.72,440.72,0,0
1643628850,440.72,440.72,440.72,440.72,440.72,0,0
1643628855,440.72,440.72,440.72,440.72,440.72,0,0
1643628860,440.72,440.72,440.72,440.72,440.72,0,0
1643628865,440.72,440.72,440.72,440.72,440.72,0,0
1643628870,440.72,440.72,440.72,440.72,440.72,0,0
1643628875,440.72,440.72,440.72,440.72,440.72,0,0
1643628880,440.72,440.72,440.72,440.72,440.72,0,0
1643628885,440.72,440.72,440.72,440.72,440.72,0,0
1643628890,440.72,440.72,440.72,440.72,440.72,0,0
1643628895,440.72,440.72,440.72,440.72,440.72,0,0
1643628900,440.72,440.72,440.72,440.72,440.72,0,0
1643628905,440.72,440.72,440.72,440.72,440.72,0,0
1643628910,440.72,440.72,440.72,440.72,440.72,0,0
1643628915,440.72,440.72,440.72,440.72,440.72,0,0
1643628920,440.72,440.72,440.72,440.72,440.72,0,0
1643628925,440.72,440.72,440.72,440.72,440.72,0,0
1643628930,440.72,440.72,440.72,440.72,440.72,0,0
1643628935,440.72,440.72,440.72,440.72,440.72,0,0
1643628940,440.72,440.72,440.72,440.72,440.72,0,0
1643628945,440.72,440.72,440.72,440.72,440.72,0,0
1643628950,441.01,441.01,441.01,441.01,441.01,3,1
1643628955,441.01,441.01,441.01,441.01,441.01,0,0
1643628960,441.01,441.01,441.01,441.01,441.01,0,0
1643628965,441.01,441.01,441.01,441.01,441.01,0,0
1643628970,441.01,441.01,441.01,441.01,441.01,0,0
1643628975,441.01,441.01,441.01,441.01,441.01,0,0
1643628980,441.01,441.01,441.01,441.01,441.01,0,0
1643628985,441.01,441.01,441.01,441.01,441.01,0,0
1643628990,441.01,441.01,441.01,441.01,441.01,0,0
1643628995,441.01,441.01,441.01,441.01,441.01,0,0
1643629000,441.01,441.01,441.01,441.01,441.01,0,0
1643629005,441.01,441.01,441.01,441.01,441.01,0,0
1643629010,441.01,441.01,441.01,441.01,441.01,0,0
1643629015,441.01,441.01,441.01,441.01,441.01,0,0
1643629020,441.01,441.01,441.01,441.01,441.01,0,0
1643629025,441.01,441.01,441.01,441.01,441.01,0,0
1643629030,441.01,441.06,441.01,441.05,441.032,45,9
1643629035,441.05,441.05,441.05,441.05,441.05,0,0
1643629040,441.05,441.05,441.05,441.05,441.05,0,0
1643629045,441.05,441.05,441.05,441.05,441.05,0,0
1643629050,441.05,441.05,441.05,441.05,441.05,0,0
1643629055,441.05,441.05,441.05,441.05,441.05,0,0
1643629060,441.05,441.05,441.05,441.05,441.05,0,0
1643629065,441.05,441.05,441.05,441.05,441.05,0,0
1643629070,441.05,441.05,441.05,441.05,441.05,0,0
1643629075,441.05,441.05,441.05,441.05,441.05,0,0
1643629080,441.05,441.05,441.05,441.05,441.05,0,0
1643629085,441.05,441.05,441.05,441.05,441.05,0,0
1643629090,441.05,441.05,441.05,441.05,441.05,0,0
1643629095,441.05,441.05,441.05,441.05,441.05,0,0
1643629100,441.05,441.05,441.05,441.05,441.05,0,0
1643629105,441.05,441.05,441.05,441.05,441.05,0,0
1643629110,441.05,441.05,441.05,441.05,441.05,0,0
1643629115,441.05,441.05,441.05,441.05,441.05,0,0
1643629120,441.05,441.05,441.05,441.05,441.05,0,0
1643629125,441.05,441.05,441.05,441.05,441.05,0,0
1643629130,441.05,441.05,441.05,441.05,441.05,0,0
1643629135,441.05,441.05,441.05,441.05,441.05,0,0
1643629140,441.05,441.05,441.05,441.05,441.05,0,0
1643629145,441.05,441.05,441.05,441.05,441.05,0,0
1643629150,441.05,441.05,441.05,441.05,441.05,0,0
1643629155,441.05,441.05,441.05,441.05,441.05,0,0
1643629160,441.05,441.05,441.05,441.05,441.05,0,0
1643629165,441.05,441.05,441.05,441.05,441.05,0,0
1643629170,441.05,441.05,441.05,441.05,441.05,0,0
1643629175,441.05,441.05,441.05,441.05,441.05,0,0
1643629180,441.05,441.05,441.05,441.05,441.05,0,0
1643629185,441.05,441.05,441.05,441.05,441.05,0,0
1643629190,441.05,441.05,441.05,441.05,441.05,0,0
1643629195,441.05,441.05,441.05,441.05,441.05,0,0
1643629200,441.05,441.05,441.05,441.05,441.05,0,0
1643629205,441.05,441.05,441.05,441.05,441.05,0,0
1643629210,441.05,441.05,441.05,441.05,441.05,0,0
1643629215,441.05,441.05,441.05,441.05,441.05,0,0
1643629220,441.05,441.05,441.05,441.05,441.05,0,0
1643629225,441.05,441.05,441.05,441.05,441.05,0,0
1643629230,441.05,441.05,441.05,441.05,441.05,0,0
1643629235,441.05,441.05,441.05,441.05,441.05,0,0
1643629240,441.05,441.05,441.05,441.05,441.05,0,0
1643629245,440.82,440.84,440.82,440.84,440.83,22,6
1643629250,440.84,440.84,440.84,440.84,440.84,0,0
1643629255,440.84,440.84,440.84,440.84,440.84,0,0
1643629260,440.85,440.85,440.85,440.85,440.85,6,2
1643629265,440.85,440.85,440.85,440.85,440.85,0,0
1643629270,440.85,440.85,440.85,440.85,440.85,0,0
1643629275,440.85,440.85,440.85,440.85,440.85,0,0
1643629280,440.85,440.85,440.85,440.85,440.85,0,0
1643629285,440.85,440.85,440.85,440.85,440.85,0,0
1643629290,440.85,440.85,440.85,440.85,440.85,0,0
1643629295,440.85,440.85,440.85,440.85,440.85,0,0
1643629300,440.85,440.85,440.85,440.85,440.85,0,0
1643629305,440.85,440.85,440.85,440.85,440.85,0,0
1643629310,440.85,440.85,440.85,440.85,440.85,0,0
1643629315,440.85,440.85,440.85,440.85,440.85,0,0
1643629320,440.85,440.85,440.85,440.85,440.85,0,0
1643629325,440.85,440.85,440.85,440.85,440.85,0,0
1643629330,440.85,440.85,440.85,440.85,440.85,0,0
1643629335,440.85,440.85,440.85,440.85,440.85,0,0
1643629340,440.85,440.85,440.85,440.85,440.85,0,0
1643629345,440.85,440.85,440.85,440.85,440.85,0,0
1643629350,440.85,440.85,440.85,440.85,440.85,0,0
1643629355,440.85,440.85,440.85,440.85,440.85,0,0
1643629360,440.85,440.85,440.85,440.85,440.85,0,0
1643629365,440.85,440.85,440.85,440.85,440.85,0,0
1643629370,440.85,440.85,440.85,440.85,440.85,0,0
1643629375,440.85,440.85,440.85,440.85,440.85,0,0
1643629380,440.85,440.85,440.85,440.85,440.85,0,0
1643629385,440.85,440.85,440.85,440.85,440.85,0,0
1643629390,440.81,440.81,440.81,440.81,440.81,1,1
1643629395,440.81,440.81,440.81,440.81,440.81,0,0
1643629400,440.81,440.81,440.81,440.81,440.81,0,0
1643629405,440.81,440.81,440.81,440.81,440.81,0,0
1643629410,440.81,440.81,440.81,440.81,440.81,0,0
1643629415,440.81,440.81,440.81,440.81,440.81,0,0
1643629420,440.85,440.85,440.85,440.85,440.85,1,1
1643629425,440.85,440.85,440.85,440.85,440.85,0,0
1643629430,440.85,440.85,440.85,440.85,440.85,0,0
1643629435,440.85,440.85,440.85,440.85,440.85,0,0
1643629440,440.85,440.85,440.85,440.85,440.85,0,0
1643629445,440.95,440.95,440.95,440.95,440.95,1,1
1643629450,440.95,440.95,440.95,440.95,440.95,0,0
1643629455,440.95,440.95,440.95,440.95,440.95,0,0
1643629460,440.95,440.95,440.95,440.95,440.95,0,0
1643629465,440.95,440.95,440.95,440.95,440.95,0,0
1643629470,440.95,440.95,440.95,440.95,440.95,0,0
1643629475,440.95,440.95,440.95,440.95,440.95,0,0
1643629480,440.95,440.95,440.95,440.95,440.95,0,0
1643629485,440.95,440.95,440.95,440.95,440.95,0,0
1643629490,440.95,440.95,440.95,440.95,440.95,0,0
1643629495,440.95,440.95,440.95,440.95,440.95,0,0
1643629500,440.66,440.66,440.66,440.66,440.66,1,1
1643629505,440.66,440.66,440.66,440.66,440.66,0,0
1643629510,440.66,440.66,440.66,440.66,440.66,0,0
1643629515,440.66,440.66,440.66,440.66,440.66,0,0
1643629520,440.66,440.66,440.66,440.66,440.66,0,0
1643629525,440.66,440.66,440.66,440.66,440.66,0,0
1643629530,440.66,440.66,440.66,440.66,440.66,0,0
1643629535,440.66,440.66,440.66,440.66,440.66,0,0
1643629540,440.86,440.86,440.86,440.86,440.86,1,1
1643629545,440.86,440.86,440.86,440.86,440.86,0,0
1643629550,440.86,440.86,440.86,440.86,440.86,0,0
1643629555,440.86,440.86,440.86,440.86,440.86,0,0
1643629560,440.86,440.86,440.86,440.86,440.86,0,0
1643629565,440.86,440.86,440.86,440.86,440.86,0,0
1643629570,440.86,440.86,440.86,440.86,440.86,0,0
1643629575,440.86,440.86,440.86,440.86,440.86,0,0
1643629580,440.86,440.86,440.86,440.86,440.86,0,0
1643629585,440.86,440.86,440.86,440.86,440.86,0,0
1643629590,440.86,440.86,440.86,440.86,440.86,0,0
1643629595,440.85,440.86,440.84,440.86,440.846,13,4
1643629600,440.79,440.79,440.79,440.79,440.79,16,1
1643629605,440.79,440.79,440.79,440.79,440.79,0,0
1643629610,440.79,440.79,440.79,440.79,440.79,0,0
1643629615,440.71,440.71,440.71,440.71,440.71,4,1
1643629620,440.77,440.77,440.77,440.77,440.77,74,10
1643629625,440.77,440.77,440.77,440.77,440.77,0,0
1643629630,440.79,440.79,440.79,440.79,440.79,9,3
1643629635,440.79,440.79,440.79,440.79,440.79,0,0
1643629640,440.79,440.79,440.79,440.79,440.79,0,0
1643629645,440.79,440.79,440.79,440.79,440.79,0,0
1643629650,440.79,440.79,440.79,440.79,440.79,0,0
1643629655,440.79,440.79,440.79,440.79,440.79,0,0
1643629660,440.79,440.79,440.79,440.79,440.79,0,0
1643629665,440.79,440.79,440.79,440.79,440.79,0,0
1643629670,440.79,440.79,440.79,440.79,440.79,0,0
1643629675,440.79,440.79,440.79,440.79,440.79,0,0
1643629680,440.79,440.79,440.79,440.79,440.79,0,0
1643629685,440.79,440.79,440.79,440.79,440.79,0,0
1643629690,440.79,440.79,440.79,440.79,440.79,0,0
1643629695,440.79,440.79,440.79,440.79,440.79,0,0
1643629700,440.78,440.8,440.78,440.8,440.791,11,3
1643629705,440.8,440.8,440.8,440.8,440.8,0,0
1643629710,440.8,440.8,440.8,440.8,440.8,0,0
1643629715,440.8,440.8,440.8,440.8,440.8,0,0
1643629720,440.8,440.8,440.8,440.8,440.8,0,0
1643629725,440.8,440.8,440.8,440.8,440.8,0,0
1643629730,440.8,440.8,440.8,440.8,440.8,0,0
1643629735,440.8,440.8,440.8,440.8,440.8,0,0
1643629740,440.8,440.8,440.8,440.8,440.8,0,0
1643629745,440.8,440.8,440.8,440.8,440.8,0,0
1643629750,440.8,440.8,440.8,440.8,440.8,0,0
1643629755,440.8,440.8,440.8,440.8,440.8,0,0
1643629760,440.8,440.8,440.8,440.8,440.8,0,0
1643629765,440.8,440.8,440.8,440.8,440.8,0,0
1643629770,440.8,440.8,440.8,440.8,440.8,0,0
1643629775,440.8,440.8,440.8,440.8,440.8,0,0
1643629780,440.8,440.8,440.8,440.8,440.8,0,0
1643629785,440.8,440.8,440.8,440.8,440.8,0,0
1643629790,440.8,440.8,440.8,440.8,440.8,0,0
1643629795,440.8,440.8,440.8,440.8,440.8,0,0
1643629800,440.8,440.8,440.8,440.8,440.8,0,0
1643629805,440.8,440.8,440.8,440.8,440.8,0,0
1643629810,440.8,440.8,440.8,440.8,440.8,0,0
1643629815,440.8,440.8,440.8,440.8,440.8,0,0
1643629820,440.8,440.8,440.8,440.8,440.8,0,0
1643629825,440.8,440.8,440.8,440.8,440.8,0,0
1643629830,440.8,440.8,440.8,440.8,440.8,0,0
1643629835,440.8,440.8,440.8,440.8,440.8,0,0
1643629840,440.8,440.8,440.8,440.8,440.8,0,0
1643629845,440.8,440.8,440.8,440.8,440.8,0,0
1643629850,440.8,440.8,440.8,440.8,440.8,0,0
1643629855,440.8,440.8,440.8,440.8,440.8,0,0
1643629860,440.8,440.8,440.8,440.8,440.8,0,0
1643629865,440.8,440.8,440.8,440.8,440.8,0,0
1643629870,440.8,440.8,440.8,440.8,440.8,0,0
1643629875,440.8,440.8,440.8,440.8,440.8,0,0
1643629880,440.8,440.8,440.8,440.8,440.8,0,0
1643629885,440.8,440.8,440.8,440.8,440.8,0,0
1643629890,440.8,440.8,440.8,440.8,440.8,0,0
1643629895,440.8,440.8,440.8,440.8,440.8,0,0
1643629900,440.8,440.8,440.8,440.8,440.8,0,0
1643629905,440.8,440.8,440.8,440.8,440.8,0,0
1643629910,440.8,440.8,440.8,440.8,440.8,0,0
1643629915,440.8,440.8,440.8,440.8,440.8,0,0
1643629920,440.8,440.8,440.8,440.8,440.8,0,0
1643629925,440.8,440.8,440.8,440.8,440.8,0,0
1643629930,440.8,440.8,440.8,440.8,440.8,0,0
1643629935,440.8,440.8,440.8,440.8,440.8,0,0
1643629940,440.8,440.8,440.8,440.8,440.8,0,0
1643629945,440.8,440.8,440.8,440.8,440.8,0,0
1643629950,440.8,440.8,440.8,440.8,440.8,0,0
1643629955,441.03,441.03,441.03,441.03,441.03,30,3
1643629960,441.03,441.03,441.03,441.03,441.03,0,0
1643629965,441.03,441.03,441.03,441.03,441.03,0,0
1643629970,441.03,441.03,441.03,441.03,441.03,0,0
1643629975,441.03,441.03,441.03,441.03,441.03,0,0
1643629980,441.03,441.03,441.03,441.03,441.03,0,0
1643629985,441.03,441.03,441.03,441.03,441.03,0,0
1643629990,441.18,441.18,441.18,441.18,441.18,2,1
1643629995,441.18,441.18,441.18,441.18,441.18,0,0
1643630000,441.18,441.18,441.18,441.18,441.18,0,0
1643630005,441.18,441.18,441.18,441.18,441.18,0,0
1643630010,441.18,441.18,441.18,441.18,441.18,0,0
1643630015,441.18,441.18,441.18,441.18,441.18,0,0
1643630020,441.18,441.18,441.18,441.18,441.18,0,0
1643630025,441.18,441.18,441.18,441.18,441.18,0,0
1643630030,441.18,441.18,441.18,441.18,441.18,0,0
1643630035,441.18,441.18,441.18,441.18,441.18,0,0
1643630040,441.18,441.18,441.18,441.18,441.18,0,0
1643630045,441.18,441.18,441.18,441.18,441.18,0,0
1643630050,441.18,441.18,441.18,441.18,441.18,0,0
1643630055,441.18,441.18,441.18,441.18,441.18,0,0
1643630060,441.18,441.18,441.18,441.18,441.18,0,0
1643630065,441.18,441.18,441.18,441.18,441.18,0,0
1643630070,441.18,441.18,441.18,441.18,441.18,0,0
1643630075,441.18,441.18,441.18,441.18,441.18,0,0
1643630080,441.18,441.18,441.18,441.18,441.18,0,0
1643630085,441.18,441.18,441.18,441.18,441.18,0,0
1643630090,441.18,441.18,441.18,441.18,441.18,0,0
1643630095,441.18,441.18,441.18,441.18,441.18,0,0
1643630100,441.18,441.18,441.18,441.18,441.18,0,0
1643630105,441.18,441.18,441.18,441.18,441.18,0,0
1643630110,441.18,441.18,441.18,441.18,441.18,0,0
1643630115,441.18,441.18,441.18,441.18,441.18,0,0
1643630120,441.18,441.18,441.18,441.18,441.18,0,0
1643630125,441.18,441.18,441.18,441.18,441.18,0,0
1643630130,441.18,441.18,441.18,441.18,441.18,0,0
1643630135,441.18,441.18,441.18,441.18,441.18,0,0
1643630140,441.18,441.18,441.18,441.18,441.18,0,0
1643630145,441.18,441.18,441.18,441.18,441.18,0,0
1643630150,441.18,441.18,441.18,441.18,441.18,0,0
1643630155,441.18,441.18,441.18,441.18,441.18,0,0
1643630160,441.18,441.18,441.18,441.18,441.18,0,0
1643630165,441.18,441.18,441.18,441.18,441.18,0,0
1643630170,441.18,441.18,441.18,441.18,441.18,0,0
1643630175,441.18,441.18,441.18,441.18,441.18,0,0
1643630180,441.18,441.18,441.18,441.18,441.18,0,0
1643630185,441.18,441.18,441.18,441.18,441.18,0,0
1643630190,441.18,441.18,441.18,441.18,441.18,0,0
1643630195,441.18,441.18,441.18,441.18,441.18,0,0
1643630200,441.18,441.18,441.18,441.18,441.18,0,0
1643630205,441.18,441.18,441.18,441.18,441.18,0,0
1643630210,441.18,441.18,441.18,441.18,441.18,0,0
1643630215,441.25,441.25,441.25,441.25,441.25,5,1
1643630220,441.25,441.25,441.25,441.25,441.25,0,0
1643630225,441.25,441.25,441.25,441.25,441.25,0,0
1643630230,441.25,441.25,441.25,441.25,441.25,0,0
1643630235,441.25,441.25,441.25,441.25,441.25,0,0
1643630240,441.22,441.22,441.22,441.22,441.22,2,1
1643630245,441.22,441.22,441.22,441.22,441.22,0,0
1643630250,441.22,441.24,441.22,441.24,441.23,6,2
1643630255,441.24,441.24,441.24,441.24,441.24,0,0
1643630260,441.24,441.24,441.24,441.24,441.24,0,0
1643630265,441.24,441.24,441.24,441.24,441.24,0,0
1643630270,441.24,441.24,441.24,441.24,441.24,0,0
1643630275,441.24,441.24,441.24,441.24,441.24,0,0
1643630280,441.24,441.24,441.24,441.24,441.24,0,0
1643630285,441.24,441.24,441.24,441.24,441.24,0,0
1643630290,441.24,441.24,441.24,441.24,441.24,0,0
1643630295,441.24,441.24,441.24,441.24,441.24,0,0
1643630300,441.24,441.24,441.24,441.24,441.24,0,0
1643630305,441.24,441.24,441.24,441.24,441.24,0,0
1643630310,441.24,441.24,441.24,441.24,441.24,0,0
1643630315,441.24,441.24,441.24,441.24,441.24,0,0
1643630320,441.24,441.24,441.24,441.24,441.24,0,0
1643630325,441.24,441.24,441.24,441.24,441.24,0,0
1643630330,441.24,441.24,441.24,441.24,441.24,0,0
1643630335,441.24,441.24,441.24,441.24,441.24,0,0
1643630340,441.24,441.24,441.24,441.24,441.24,0,0
1643630345,441.24,441.24,441.24,441.24,441.24,0,0
1643630350,440.94,440.94,440.93,440.93,440.932,12,3
1643630355,440.93,440.93,440.93,440.93,440.93,0,0
1643630360,440.93,440.93,440.93,440.93,440.93,0,0
1643630365,440.93,440.93,440.93,440.93,440.93,0,0
1643630370,440.93,440.93,440.93,440.93,440.93,0,0
1643630375,440.93,440.93,440.93,440.93,440.93,0,0
1643630380,440.93,440.93,440.93,440.93,440.93,0,0
1643630385,440.93,440.93,440.93,440.93,440.93,0,0
1643630390,440.93,440.93,440.93,440.93,440.93,0,0
1643630395,440.93,440.93,440.93,440.93,440.93,0,0
1643630400,440.99,441.09,440.94,440.94,440.995,22,9
1643630405,440.94,440.94,440.94,440.94,440.94,0,0
1643630410,441.13,441.13,441.13,441.13,441.13,10,2
1643630415,441.22,441.22,441.22,441.22,441.22,5,1
1643630420,441.22,441.23,441.22,441.23,441.223,21,4
1643630425,441.14,441.14,441.11,441.11,441.125,9,2
1643630430,441.05,441.05,441.05,441.05,441.05,4,2
1643630435,441.0,441.0,441.0,441.0,441.0,2,1
1643630440,441.0,441.0,441.0,441.0,441.0,0,0
1643630445,441.0,441.0,441.0,441.0,441.0,0,0
1643630450,441.0,441.0,441.0,441.0,441.0,30,3
1643630455,441.0,441.0,441.0,441.0,441.0,0,0
1643630460,441.0,441.0,440.99,440.99,440.997,29,7
1643630465,441.1,441.1,441.1,441.1,441.1,10,3
1643630470,441.1,441.1,441.1,441.1,441.1,12,4
1643630475,440.98,441.02,440.95,440.95,440.974,10,4
1643630480,440.95,440.95,440.95,440.95,440.95,0,0
1643630485,440.95,440.95,440.95,440.95,440.95,0,0
1643630490,440.95,440.95,440.95,440.95,440.95,0,0
1643630495,441.02,441.02,441.0,441.0,441.004,9,4
1643630500,441.0,441.0,441.0,441.0,441.0,0,0
1643630505,441.05,441.05,441.05,441.05,441.05,11,2
1643630510,441.05,441.05,441.05,441.05,441.05,1,1
1643630515,441.05,441.05,441.05,441.05,441.05,1,1
1643630520,441.05,441.05,441.05,441.05,441.05,2,1
1643630525,441.05,441.05,441.0,441.0,441.049,39,6
1643630530,441.0,441.0,441.0,441.0,441.0,0,0
1643630535,441.05,441.05,441.05,441.05,441.05,1,1
1643630540,441.05,441.05,441.05,441.05,441.05,9,2
1643630545,441.0,441.0,440.99,440.99,440.998,4,2
1643630550,440.95,440.96,440.95,440.96,440.953,3,2
1643630555,440.98,440.98,440.98,440.98,440.98,3,2
1643630560,440.98,440.98,440.98,440.98,440.98,0,0
1643630565,440.9,440.9,440.9,440.9,440.9,8,2
1643630570,440.9,440.9,440.9,440.9,440.9,0,0
1643630575,440.9,440.9,440.9,440.9,440.9,0,0
1643630580,440.9,440.9,440.9,440.9,440.9,9,2
1643630585,440.9,440.9,440.9,440.9,440.9,5,3
1643630590,440.9,440.95,440.9,440.95,440.91,5,3
1643630595,440.95,440.95,440.95,440.95,440.95,0,0
1643630600,440.95,440.95,440.95,440.95,440.95,0,0
1643630605,440.86,440.86,440.86,440.86,440.86,19,11
1643630610,440.83,440.83,440.76,440.76,440.783,5,3
1643630615,440.76,440.76,440.76,440.76,440.76,0,0
1643630620,440.76,440.76,440.76,440.76,440.76,0,0
1643630625,440.77,440.77,440.77,440.77,440.77,10,2
1643630630,440.77,440.77,440.77,440.77,440.77,0,0
1643630635,440.77,440.77,440.77,440.77,440.77,0,0
1643630640,440.77,440.77,440.77,440.77,440.77,0,0
1643630645,440.77,440.77,440.77,440.77,440.77,0,0
1643630650,440.72,440.74,440.72,440.74,440.726,13,5
1643630655,440.71,440.71,440.71,440.71,440.71,4,1
1643630660,440.7,440.7,440.7,440.7,440.7,9,2
1643630665,440.7,440.7,440.7,440.7,440.7,0,0
1643630670,440.7,440.7,440.7,440.7,440.7,9,4
1643630675,440.75,440.75,440.75,440.75,440.75,1,1
1643630680,440.7,440.7,440.7,440.7,440.7,1,1
1643630685,440.66,440.66,440.66,440.66,440.66,2,2
1643630690,440.63,440.63,440.48,440.48,440.591,99,29
1643630695,440.45,440.45,440.45,440.45,440.45,2,1
1643630700,440.37,440.37,440.22,440.31,440.312,34,19
1643630705,440.33,440.33,440.23,440.23,440.304,5,3
1643630710,440.24,440.24,440.23,440.23,440.235,6,2
1643630715,440.33,440.33,440.33,440.33,440.33,10,2
1643630720,440.33,440.33,440.33,440.33,440.33,0,0
1643630725,440.33,440.33,440.33,440.33,440.33,0,0
1643630730,440.33,440.33,440.33,440.33,440.33,0,0
1643630735,440.33,440.33,440.33,440.33,440.33,0,0
1643630740,440.33,440.33,440.33,440.33,440.33,0,0
1643630745,440.33,440.33,440.33,440.33,440.33,0,0
1643630750,440.33,440.33,440.33,440.33,440.33,0,0
1643630755,440.33,440.33,440.33,440.33,440.33,0,0
1643630760,440.33,440.33,440.33,440.33,440.33,0,0
1643630765,440.36,440.36,440.34,440.34,440.35,20,20
1643630770,440.34,440.34,440.34,440.34,440.34,0,0
1643630775,440.34,440.34,440.34,440.34,440.34,0,0
1643630780,440.3,440.3,440.3,440.3,440.3,7,7
1643630785,440.3,440.3,440.3,440.3,440.3,0,0
1643630790,440.3,440.3,440.3,440.3,440.3,0,0
1643630795,440.3,440.3,440.3,440.3,440.3,2,2
1643630800,440.3,440.3,440.3,440.3,440.3,0,0
1643630805,440.3,440.3,440.3,440.3,440.3,0,0
1643630810,440.25,440.25,440.23,440.23,440.24,2,2
1643630815,440.23,440.23,440.23,440.23,440.23,0,0
1643630820,440.23,440.23,440.23,440.23,440.23,0,0
1643630825,440.23,440.23,440.23,440.23,440.23,0,0
1643630830,440.23,440.23,440.23,440.23,440.23,0,0
1643630835,440.11,440.11,440.06,440.06,440.076,28,9
1643630840,440.06,440.06,440.06,440.06,440.06,0,0
1643630845,440.08,440.08,440.0,440.0,440.073,90,25
1643630850,440.0,440.03,440.0,440.03,440.02,15,7
1643630855,440.03,440.03,440.03,440.03,440.03,0,0
1643630860,440.0,440.0,440.0,440.0,440.0,10,2
1643630865,440.0,440.0,440.0,440.0,440.0,0,0
1643630870,440.0,440.0,440.0,440.0,440.0,11,6
1643630875,439.98,440.01,439.98,440.01,439.993,11,5
1643630880,439.96,439.96,439.9,439.9,439.945,4,4
1643630885,439.9,439.9,439.9,439.9,439.9,0,0
1643630890,439.9,439.9,439.9,439.9,439.9,0,0
1643630895,439.94,439.94,439.93,439.93,439.936,7,5
1643630900,439.9,439.9,439.87,439.87,439.893,18,17
1643630905,439.88,439.89,439.88,439.89,439.886,2,2
1643630910,439.89,439.89,439.89,439.89,439.89,0,0
1643630915,439.89,439.89,439.89,439.89,439.89,0,0
1643630920,439.93,439.93,439.93,439.93,439.93,1,1
1643630925,439.93,439.93,439.93,439.93,439.93,0,0
1643630930,439.93,439.93,439.93,439.93,439.93,0,0
1643630935,439.93,439.93,439.93,439.93,439.93,0,0
1643630940,439.9,439.9,439.9,439.9,439.9,10,2
1643630945,439.89,439.89,439.89,439.89,439.89,3,2
1643630950,439.89,439.89,439.89,439.89,439.89,0,0
1643630955,439.84,439.84,439.84,439.84,439.84,1,1
1643630960,439.88,439.88,439.88,439.88,439.88,2,1
1643630965,439.9,439.9,439.9,439.9,439.9,9,2
1643630970,440.0,440.0,440.0,440.0,440.0,9,3
1643630975,440.04,440.05,440.03,440.05,440.04,3,3
1643630980,440.05,440.05,440.05,440.05,440.05,0,0
1643630985,440.03,440.03,440.03,440.03,440.03,3,2
1643630990,440.0,440.0,440.0,440.0,440.0,8,2
1643630995,440.03,440.03,440.0,440.0,440.008,9,4
1643631000,440.0,440.0,440.0,440.0,440.0,0,0
1643631005,440.0,440.0,440.0,440.0,440.0,0,0
1643631010,440.0,440.0,440.0,440.0,440.0,0,0
1643631015,440.01,440.01,440.0,440.0,440.002,9,5
1643631020,440.05,440.05,440.05,440.05,440.05,3,2
1643631025,440.15,440.15,440.15,440.15,440.15,3,1
1643631030,440.17,440.17,440.17,440.17,440.17,1,1
1643631035,440.2,440.2,440.2,440.2,440.2,9,2
1643631040,440.2,440.2,440.2,440.2,440.2,0,0
1643631045,440.19,440.19,440.03,440.04,440.112,5,4
1643631050,440.04,440.04,440.04,440.04,440.04,0,0
1643631055,440.1,440.1,440.1,440.1,440.1,1,1
1643631060,440.08,440.08,440.08,440.08,440.08,1,1
1643631065,440.08,440.08,440.08,440.08,440.08,0,0
1643631070,440.08,440.08,440.08,440.08,440.08,0,0
1643631075,440.08,440.08,440.08,440.08,440.08,0,0
1643631080,440.29,440.29,440.12,440.27,440.184,103,47
1643631085,440.33,440.33,440.31,440.33,440.328,10,5
1643631090,440.33,440.33,440.33,440.33,440.33,0,0
1643631095,440.33,440.33,440.33,440.33,440.33,0,0
1643631100,440.32,440.32,440.32,440.32,440.32,3,1
1643631105,440.32,440.32,440.32,440.32,440.32,0,0
1643631110,440.28,440.28,440.28,440.28,440.28,1,1
1643631115,440.23,440.24,440.23,440.24,440.233,8,3
1643631120,440.24,440.24,440.24,440.24,440.24,0,0
1643631125,440.26,440.26,440.26,440.26,440.26,1,1
1643631130,440.23,440.26,440.23,440.26,440.238,4,4
1643631135,440.26,440.26,440.26,440.26,440.26,0,0
1643631140,440.26,440.26,440.26,440.26,440.26,0,0
1643631145,440.26,440.26,440.26,440.26,440.26,0,0
1643631150,440.17,440.17,440.17,440.17,440.17,8,7
1643631155,440.17,440.17,440.17,440.17,440.17,0,0
1643631160,440.17,440.17,440.17,440.17,440.17,0,0
1643631165,440.17,440.17,440.17,440.17,440.17,0,0
1643631170,440.17,440.17,440.17,440.17,440.17,0,0
1643631175,440.17,440.17,440.17,440.17,440.17,0,0
1643631180,440.17,440.17,440.17,440.17,440.17,0,0
1643631185,440.17,440.17,440.17,440.17,440.17,0,0
1643631190,440.17,440.17,440.17,440.17,440.17,0,0
1643631195,440.17,440.17,440.17,440.17,440.17,0,0
1643631200,440.17,440.17,440.17,440.17,440.17,0,0
1643631205,440.15,440.19,440.15,440.19,440.166,15,4
1643631210,440.15,440.15,440.09,440.09,440.134,35,13
1643631215,440.1,440.1,440.1,440.1,440.1,31,4
1643631220,440.05,440.05,440.05,440.05,440.05,31,5
1643631225,440.05,440.05,440.05,440.05,440.05,0,0
1643631230,440.0,440.03,440.0,440.03,440.009,58,23
1643631235,440.03,440.03,440.03,440.03,440.03,0,0
1643631240,440.1,440.1,440.1,440.1,440.1,30,3
1643631245,440.04,440.04,440.04,440.04,440.04,5,1
1643631250,440.04,440.1,440.04,440.1,440.057,56,15
1643631255,440.0,440.0,440.0,440.0,440.0,2,1
1643631260,440.0,440.0,440.0,440.0,440.0,1,1
1643631265,440.0,440.0,440.0,440.0,440.0,0,0
1643631270,440.0,440.0,440.0,440.0,440.0,0,0
1643631275,440.0,440.0,440.0,440.0,440.0,0,0
1643631280,440.0,440.0,440.0,440.0,440.0,0,0
1643631285,440.0,440.0,440.0,440.0,440.0,0,0
1643631290,439.9,439.9,439.9,439.9,439.9,10,10
1643631295,439.9,439.9,439.9,439.9,439.9,0,0
1643631300,439.9,439.9,439.9,439.9,439.9,0,0
1643631305,439.8,439.8,439.79,439.79,439.793,4,4
1643631310,439.79,439.79,439.79,439.79,439.79,8,8
1643631315,439.79,439.79,439.79,439.79,439.79,0,0
1643631320,439.79,439.79,439.79,439.79,439.79,0,0
1643631325,439.79,439.79,439.77,439.77,439.78,62,7
1643631330,439.71,439.71,439.71,439.71,439.71,1,1
1643631335,439.75,439.75,439.75,439.75,439.75,9,2
1643631340,439.75,439.75,439.75,439.75,439.75,0,0
1643631345,439.8,439.8,439.76,439.76,439.764,11,4
1643631350,439.76,439.76,439.76,439.76,439.76,0,0
1643631355,439.76,439.76,439.76,439.76,439.76,0,0
1643631360,439.76,439.76,439.76,439.76,439.76,0,0
1643631365,439.92,439.92,439.92,439.92,439.92,2,2
1643631370,439.86,439.86,439.86,439.86,439.86,1,1
1643631375,439.84,439.84,439.84,439.84,439.84,1,1
1643631380,439.84,439.84,439.84,439.84,439.84,0,0
1643631385,439.8,439.8,439.8,439.8,439.8,8,6
1643631390,439.8,439.8,439.8,439.8,439.8,2,1
1643631395,439.8,439.8,439.8,439.8,439.8,0,0
1643631400,439.8,439.8,439.8,439.8,439.8,0,0
1643631405,439.8,439.8,439.8,439.8,439.8,0,0
1643631410,439.8,439.8,439.8,439.8,439.8,0,0
1643631415,439.8,439.8,439.8,439.8,439.8,0,0
1643631420,439.76,439.76,439.76,439.76,439.76,20,7
1643631425,439.76,439.76,439.73,439.73,439.751,25,6
1643631430,439.73,439.73,439.73,439.73,439.73,0,0
1643631435,439.73,439.73,439.73,439.73,439.73,0,0
1643631440,439.71,439.71,439.71,439.71,439.71,4,1
1643631445,439.71,439.71,439.71,439.71,439.71,0,0
1643631450,439.71,439.71,439.71,439.71,439.71,0,0
1643631455,439.71,439.71,439.71,439.71,439.71,0,0
1643631460,439.9,439.94,439.9,439.94,439.939,203,31
1643631465,439.94,439.94,439.94,439.94,439.94,52,12
1643631470,439.97,439.97,439.97,439.97,439.97,14,6
1643631475,439.91,439.95,439.91,439.95,439.937,3,2
1643631480,439.84,439.9,439.84,439.9,439.87,2,2
1643631485,439.9,439.9,439.9,439.9,439.9,0,0
1643631490,439.9,439.9,439.9,439.9,439.9,0,0
1643631495,439.9,439.9,439.9,439.9,439.9,0,0
1643631500,439.9,439.9,439.9,439.9,439.9,0,0
1643631505,439.9,439.9,439.9,439.9,439.9,0,0
1643631510,439.9,439.9,439.9,439.9,439.9,0,0
1643631515,439.9,439.9,439.9,439.9,439.9,0,0
1643631520,439.9,439.9,439.9,439.9,439.9,0,0
1643631525,439.75,439.75,439.75,439.75,439.75,2,2
1643631530,439.77,439.77,439.77,439.77,439.77,1,1
1643631535,439.77,439.77,439.77,439.77,439.77,0,0
1643631540,439.77,439.77,439.77,439.77,439.77,0,0
1643631545,439.77,439.77,439.77,439.77,439.77,0,0
1643631550,439.77,439.77,439.77,439.77,439.77,0,0
1643631555,439.77,439.77,439.77,439.77,439.77,0,0
1643631560,439.77,439.77,439.77,439.77,439.77,0,0
1643631565,439.77,439.77,439.77,439.77,439.77,0,0
1643631570,439.77,439.77,439.77,439.77,439.77,0,0
1643631575,439.9,439.9,439.86,439.86,439.886,6,5
1643631580,439.85,439.85,439.85,439.85,439.85,40,7
1643631585,439.85,439.85,439.85,439.85,439.85,0,0
1643631590,439.85,439.85,439.85,439.85,439.85,0,0
1643631595,439.92,440.0,439.9,440.0,439.917,16,15
1643631600,440.0,440.0,440.0,440.0,440.0,11,4
1643631605,439.86,439.86,439.86,439.86,439.86,1,1
1643631610,439.82,439.84,439.82,439.84,439.825,10,3
1643631615,439.82,439.82,439.75,439.75,439.766,13,2
1643631620,439.75,439.75,439.75,439.75,439.75,0,0
1643631625,439.75,439.75,439.75,439.75,439.75,0,0
1643631630,439.75,439.75,439.75,439.75,439.75,0,0
1643631635,439.68,439.68,439.68,439.68,439.68,1,1
1643631640,439.67,439.67,439.67,439.67,439.67,2,2
1643631645,439.67,439.67,439.67,439.67,439.67,0,0
1643631650,439.67,439.67,439.67,439.67,439.67,0,0
1643631655,439.67,439.67,439.67,439.67,439.67,0,0
1643631660,439.67,439.67,439.67,439.67,439.67,0,0
1643631665,439.58,439.62,439.53,439.53,439.568,22,12
1643631670,439.53,439.53,439.53,439.53,439.53,0,0
1643631675,439.53,439.53,439.53,439.53,439.53,0,0
1643631680,439.58,439.58,439.58,439.58,439.58,1,1
1643631685,439.58,439.58,439.58,439.58,439.58,0,0
1643631690,439.58,439.58,439.58,439.58,439.58,0,0
1643631695,439.58,439.58,439.58,439.58,439.58,0,0
1643631700,439.62,439.62,439.62,439.62,439.62,1,1
1643631705,439.58,439.58,439.56,439.56,439.564,8,4
1643631710,439.56,439.56,439.56,439.56,439.56,0,0
1643631715,439.67,439.67,439.67,439.67,439.67,4,1
1643631720,439.67,439.67,439.67,439.67,439.67,0,0
1643631725,439.58,439.58,439.58,439.58,439.58,1,1
1643631730,439.5,439.55,439.43,439.49,439.49,15,9
1643631735,439.45,439.45,439.42,439.42,439.423,22,5
1643631740,439.4,439.4,439.37,439.39,439.374,25,8
1643631745,439.39,439.39,439.39,439.39,439.39,0,0
1643631750,439.39,439.39,439.39,439.39,439.39,0,0
1643631755,439.4,439.4,439.4,439.4,439.4,2,2
1643631760,439.38,439.4,439.38,439.4,439.392,11,8
1643631765,439.34,439.34,439.34,439.34,439.34,1,1
1643631770,439.34,439.34,439.34,439.34,439.34,0,0
1643631775,439.4,439.4,439.4,439.4,439.4,6,2
1643631780,439.4,439.4,439.4,439.4,439.4,0,0
1643631785,439.34,439.34,439.34,439.34,439.34,2,1
1643631790,439.32,439.32,439.32,439.32,439.32,1,1
1643631795,439.34,439.35,439.34,439.35,439.343,3,3
1643631800,439.37,439.37,439.37,439.37,439.37,1,1
1643631805,439.35,439.35,439.35,439.35,439.35,14,3
1643631810,439.35,439.35,439.35,439.35,439.35,0,0
1643631815,439.35,439.35,439.35,439.35,439.35,0,0
1643631820,439.3,439.3,439.25,439.25,439.283,5,4
1643631825,439.23,439.23,439.2,439.21,439.213,11,7
1643631830,439.21,439.21,439.21,439.21,439.21,0,0
1643631835,439.16,439.16,439.16,439.16,439.16,2,2
1643631840,439.16,439.16,439.16,439.16,439.16,4,2
1643631845,439.16,439.16,439.16,439.16,439.16,0,0
1643631850,439.16,439.16,439.16,439.16,439.16,0,0
1643631855,439.2,439.2,439.2,439.2,439.2,9,7
1643631860,439.17,439.17,439.17,439.17,439.17,1,1
1643631865,439.15,439.15,439.15,439.15,439.15,2,1
1643631870,439.15,439.15,439.15,439.15,439.15,0,0
1643631875,439.15,439.15,439.15,439.15,439.15,0,0
1643631880,439.15,439.15,439.15,439.15,439.15,0,0
1643631885,439.33,439.39,439.33,439.38,439.379,46,22
1643631890,439.38,439.38,439.38,439.38,439.38,0,0
1643631895,439.4,439.4,439.4,439.4,439.4,9,4
1643631900,439.39,439.39,439.39,439.39,439.39,2,1
1643631905,439.39,439.39,439.39,439.39,439.39,0,0
1643631910,439.42,439.42,439.42,439.42,439.42,2,1
1643631915,439.42,439.42,439.42,439.42,439.42,0,0
1643631920,439.45,439.45,439.43,439.45,439.444,12,6
1643631925,439.45,439.45,439.45,439.45,439.45,0,0
1643631930,439.45,439.45,439.45,439.45,439.45,0,0
1643631935,439.45,439.45,439.45,439.45,439.45,0,0
1643631940,439.45,439.45,439.45,439.45,439.45,0,0
1643631945,439.44,439.5,439.44,439.5,439.49,13,6
1643631950,439.49,439.49,439.49,439.49,439.49,1,1
1643631955,439.52,439.52,439.52,439.52,439.52,1,1
1643631960,439.56,439.56,439.56,439.56,439.56,1,1
1643631965,439.63,439.63,439.54,439.54,439.578,125,35
1643631970,439.54,439.54,439.54,439.54,439.54,0,0
1643631975,439.7,439.7,439.7,439.7,439.7,2,1
1643631980,439.7,439.7,439.7,439.7,439.7,0,0
1643631985,439.75,439.77,439.75,439.77,439.753,10,10
1643631990,439.75,439.75,439.75,439.75,439.75,1,1
1643631995,439.75,439.75,439.75,439.75,439.75,0,0
1643632000,439.72,439.73,439.72,439.72,439.723,70,11
1643632005,439.72,439.72,439.72,439.72,439.72,0,0
1643632010,439.65,439.67,439.65,439.67,439.66,2,2
1643632015,439.62,439.62,439.62,439.62,439.62,21,3
1643632020,439.62,439.62,439.62,439.62,439.62,0,0
1643632025,439.62,439.62,439.62,439.62,439.62,0,0
1643632030,439.62,439.62,439.62,439.62,439.62,0,0
1643632035,439.78,439.94,439.78,439.85,439.86,320,193
1643632040,439.85,439.85,439.85,439.85,439.85,0,0
1643632045,439.87,439.87,439.87,439.87,439.87,1,1
1643632050,439.88,439.88,439.88,439.88,439.88,1,1
1643632055,439.88,439.88,439.88,439.88,439.88,0,0
1643632060,439.88,439.88,439.88,439.88,439.88,0,0
1643632065,439.88,439.88,439.88,439.88,439.88,0,0
1643632070,439.88,439.88,439.88,439.88,439.88,0,0
1643632075,439.88,439.88,439.88,439.88,439.88,0,0
1643632080,439.8,439.8,439.73,439.73,439.783,15,7
1643632085,439.47,439.5,439.47,439.5,439.485,2,2
1643632090,439.51,439.52,439.5,439.5,439.507,29,7
1643632095,439.5,439.5,439.5,439.5,439.5,0,0
1643632100,439.5,439.5,439.5,439.5,439.5,0,0
1643632105,439.5,439.5,439.5,439.5,439.5,0,0
1643632110,439.54,439.54,439.54,439.54,439.54,1,1
1643632115,439.54,439.54,439.54,439.54,439.54,0,0
1643632120,439.54,439.54,439.54,439.54,439.54,0,0
1643632125,439.54,439.54,439.54,439.54,439.54,0,0
1643632130,439.54,439.54,439.54,439.54,439.54,0,0
1643632135,439.73,439.73,439.73,439.73,439.73,2,1
1643632140,439.73,439.73,439.73,439.73,439.73,0,0
1643632145,439.85,439.85,439.85,439.85,439.85,14,3
1643632150,439.84,439.84,439.84,439.84,439.84,6,2
1643632155,439.84,439.84,439.84,439.84,439.84,0,0
1643632160,439.84,439.84,439.84,439.84,439.84,0,0
1643632165,439.83,439.83,439.83,439.83,439.83,1,1
1643632170,439.83,439.83,439.83,439.83,439.83,0,0
1643632175,439.83,439.83,439.83,439.83,439.83,0,0
1643632180,439.74,439.74,439.71,439.73,439.73,23,8
1643632185,439.72,439.72,439.72,439.72,439.72,1,1
1643632190,439.72,439.72,439.72,439.72,439.72,0,0
1643632195,439.72,439.72,439.72,439.72,439.72,0,0
1643632200,439.7,439.71,439.7,439.71,439.703,3,3
1643632205,439.6,439.6,439.6,439.6,439.6,3,1
1643632210,439.6,439.6,439.6,439.6,439.6,0,0
1643632215,439.6,439.6,439.6,439.6,439.6,0,0
1643632220,439.6,439.6,439.6,439.6,439.6,0,0
1643632225,439.6,439.6,439.6,439.6,439.6,0,0
1643632230,439.69,439.69,439.69,439.69,439.69,10,2
1643632235,439.61,439.61,439.61,439.61,439.61,5,1
1643632240,439.57,439.57,439.57,439.57,439.57,6,3
1643632245,439.57,439.57,439.57,439.57,439.57,0,0
1643632250,439.57,439.57,439.57,439.57,439.57,0,0
1643632255,439.57,439.57,439.57,439.57,439.57,0,0
1643632260,439.57,439.57,439.57,439.57,439.57,0,0
1643632265,439.57,439.57,439.57,439.57,439.57,0,0
1643632270,439.71,439.71,439.71,439.71,439.71,1,1
1643632275,439.71,439.77,439.71,439.77,439.719,14,5
1643632280,439.71,439.71,439.6,439.6,439.695,23,5
1643632285,439.6,439.6,439.6,439.6,439.6,0,0
1643632290,439.61,439.61,439.61,439.61,439.61,5,1
1643632295,439.61,439.61,439.61,439.61,439.61,0,0
1643632300,439.61,439.61,439.61,439.61,439.61,0,0
1643632305,439.61,439.61,439.61,439.61,439.61,0,0
1643632310,439.7,439.73,439.7,439.73,439.729,49,16
1643632315,439.71,439.72,439.71,439.72,439.719,15,4
1643632320,439.72,439.72,439.72,439.72,439.72,0,0
1643632325,439.72,439.72,439.72,439.72,439.72,0,0
1643632330,439.72,439.72,439.72,439.72,439.72,0,0
1643632335,439.76,439.76,439.74,439.74,439.745,38,12
1643632340,439.69,439.69,439.69,439.69,439.69,1,1
1643632345,439.65,439.65,439.65,439.65,439.65,1,1
1643632350,439.64,439.64,439.64,439.64,439.64,5,1
1643632355,439.7,439.7,439.7,439.7,439.7,1,1
1643632360,439.7,439.7,439.7,439.7,439.7,0,0
1643632365,439.75,439.77,439.75,439.77,439.757,30,10
1643632370,439.77,439.77,439.77,439.77,439.77,0,0
1643632375,439.77,439.77,439.77,439.77,439.77,0,0
1643632380,439.71,439.72,439.71,439.72,439.716,50,6
1643632385,439.7,439.7,439.7,439.7,439.7,6,2
1643632390,439.7,439.7,439.7,439.7,439.7,0,0
1643632395,439.72,439.72,439.71,439.71,439.719,14,3
1643632400,439.68,439.68,439.68,439.68,439.68,3,1
1643632405,439.68,439.68,439.68,439.68,439.68,0,0
1643632410,439.7,439.7,439.7,439.7,439.7,19,2
1643632415,439.68,439.72,439.68,439.72,439.69,40,7
1643632420,439.71,439.71,439.71,439.71,439.71,1,1
1643632425,439.71,439.71,439.71,439.71,439.71,0,0
1643632430,439.71,439.71,439.71,439.71,439.71,0,0
1643632435,439.67,439.76,439.67,439.76,439.745,6,2
1643632440,439.74,439.75,439.74,439.75,439.745,19,3
1643632445,439.79,439.79,439.79,439.79,439.79,1,1
1643632450,439.79,439.79,439.79,439.79,439.79,0,0
1643632455,439.79,439.79,439.79,439.79,439.79,0,0
1643632460,439.87,439.9,439.87,439.9,439.883,3,3
1643632465,440.0,440.06,440.0,440.05,440.017,17,4
1643632470,440.05,440.05,440.05,440.05,440.05,0,0
1643632475,440.1,440.1,440.06,440.06,440.096,10,2
1643632480,440.04,440.04,440.0,440.0,440.012,8,4
1643632485,440.0,440.0,440.0,440.0,440.0,0,0
1643632490,440.05,440.05,440.05,440.05,440.05,5,1
1643632495,440.11,440.11,440.09,440.09,440.1,2,2
1643632500,440.09,440.09,440.09,440.09,440.09,0,0
1643632505,440.08,440.08,440.08,440.08,440.08,5,1
1643632510,440.11,440.13,440.11,440.13,440.127,6,2
1643632515,440.08,440.08,440.08,440.08,440.08,1,1
1643632520,440.08,440.08,440.08,440.08,440.08,0,0
1643632525,440.08,440.08,440.08,440.08,440.08,0,0
1643632530,440.2,440.21,440.2,440.21,440.206,15,3
1643632535,440.21,440.21,440.21,440.21,440.21,0,0
1643632540,440.26,440.26,440.26,440.26,440.26,2,1
1643632545,440.23,440.23,440.19,440.19,440.2,4,2
1643632550,440.19,440.19,440.19,440.19,440.19,0,0
1643632555,440.18,440.19,440.18,440.19,440.189,15,4
1643632560,440.13,440.13,440.13,440.13,440.13,2,2
1643632565,440.2,440.2,440.2,440.2,440.2,7,1
1643632570,440.2,440.2,440.2,440.2,440.2,0,0
1643632575,440.21,440.22,440.16,440.22,440.178,29,8
1643632580,440.19,440.19,440.19,440.19,440.19,3,1
1643632585,440.2,440.2,440.2,440.2,440.2,8,1
1643632590,440.2,440.2,440.2,440.2,440.2,78,5
1643632595,440.2,440.24,440.2,440.24,440.201,32,4
1643632600,440.24,440.24,440.23,440.24,440.24,0,0
1643632605,440.24,440.24,440.23,440.24,440.24,0,0
1643632610,440.21,440.26,440.21,440.26,440.255,12,3
1643632615,440.26,440.26,440.26,440.26,440.26,0,0
1643632620,440.25,440.25,440.21,440.22,440.224,80,10
1643632625,440.26,440.26,440.25,440.25,440.25,22,4
1643632630,440.25,440.25,440.25,440.25,440.25,0,0
1643632635,440.2,440.2,440.18,440.18,440.199,16,3
1643632640,440.13,440.13,440.13,440.13,440.13,19,3
1643632645,440.13,440.13,440.13,440.13,440.13,0,0
1643632650,440.13,440.13,440.13,440.13,440.13,0,0
1643632655,440.13,440.13,440.13,440.13,440.13,0,0
1643632660,440.13,440.13,440.13,440.13,440.13,0,0
1643632665,440.13,440.13,440.13,440.13,440.13,0,0
1643632670,440.13,440.13,440.13,440.13,440.13,0,0
1643632675,440.13,440.13,440.13,440.13,440.13,0,0
1643632680,440.13,440.13,440.13,440.13,440.13,0,0
1643632685,440.17,440.18,440.17,440.17,440.172,24,5
1643632690,440.17,440.17,440.17,440.17,440.17,0,0
1643632695,440.17,440.17,440.17,440.17,440.17,0,0
1643632700,440.17,440.17,440.17,440.17,440.17,0,0
1643632705,440.1,440.15,440.1,440.15,440.118,15,3
1643632710,440.03,440.03,440.03,440.03,440.03,1,1
1643632715,440.03,440.03,440.03,440.03,440.03,0,0
1643632720,440.03,440.03,440.03,440.03,440.03,0,0
1643632725,440.0,440.0,439.99,439.99,439.992,5,2
1643632730,439.95,439.95,439.95,439.95,439.95,1,1
1643632735,439.98,439.98,439.98,439.98,439.98,1,1
1643632740,439.98,439.98,439.98,439.98,439.98,1,1
1643632745,439.98,439.98,439.98,439.98,439.98,0,0
1643632750,439.96,439.96,439.96,439.96,439.96,10,1
1643632755,439.96,439.96,439.96,439.96,439.96,0,0
1643632760,439.96,439.96,439.96,439.96,439.96,0,0
1643632765,439.96,439.96,439.96,439.96,439.96,0,0
1643632770,439.97,439.97,439.97,439.97,439.97,3,2
1643632775,439.97,439.97,439.97,439.97,439.97,0,0
1643632780,439.97,439.97,439.97,439.97,439.97,0,0
1643632785,439.97,439.97,439.97,439.97,439.97,0,0
1643632790,439.97,439.97,439.97,439.97,439.97,0,0
1643632795,439.95,439.95,439.95,439.95,439.95,1,1
1643632800,439.95,439.95,439.95,439.95,439.95,0,0
1643632805,439.95,439.95,439.95,439.95,439.95,0,0
1643632810,439.9,439.99,439.9,439.99,439.927,55,16
1643632815,439.99,439.99,439.99,439.99,439.99,0,0
1643632820,439.99,439.99,439.99,439.99,439.99,0,0
1643632825,439.99,439.99,439.99,439.99,439.99,0,0
1643632830,439.99,439.99,439.99,439.99,439.99,0,0
1643632835,439.87,439.87,439.87,439.87,439.87,30,4
1643632840,439.87,439.87,439.87,439.87,439.87,1,1
1643632845,439.87,439.87,439.87,439.87,439.87,0,0
1643632850,439.87,439.87,439.87,439.87,439.87,0,0
1643632855,439.87,439.87,439.87,439.87,439.87,0,0
1643632860,439.73,439.73,439.7,439.7,439.706,18,2
1643632865,439.63,439.63,439.63,439.63,439.63,10,2
1643632870,439.63,439.63,439.63,439.63,439.63,0,0
1643632875,439.62,439.62,439.62,439.62,439.62,1,1
1643632880,439.62,439.62,439.62,439.62,439.62,0,0
1643632885,439.7,439.7,439.7,439.7,439.7,10,1
1643632890,439.7,439.7,439.7,439.7,439.7,0,0
1643632895,439.7,439.7,439.7,439.7,439.7,0,0
1643632900,439.68,439.68,439.68,439.68,439.68,2,2
1643632905,439.68,439.68,439.68,439.68,439.68,0,0
1643632910,439.68,439.68,439.68,439.68,439.68,0,0
1643632915,439.68,439.68,439.68,439.68,439.68,0,0
1643632920,439.68,439.68,439.68,439.68,439.68,0,0
1643632925,439.96,439.96,439.96,439.96,439.96,1,1
1643632930,439.91,439.91,439.9,439.9,439.902,4,2
1643632935,439.9,439.9,439.9,439.9,439.9,0,0
1643632940,439.9,439.9,439.9,439.9,439.9,0,0
1643632945,439.9,439.9,439.9,439.9,439.9,0,0
1643632950,439.9,439.9,439.9,439.9,439.9,0,0
1643632955,439.9,439.9,439.9,439.9,439.9,0,0
1643632960,439.88,439.88,439.88,439.88,439.88,5,2
1643632965,439.83,439.83,439.75,439.75,439.796,7,3
1643632970,439.71,439.71,439.71,439.71,439.71,1,1
1643632975,439.71,439.71,439.71,439.71,439.71,0,0
1643632980,439.67,439.68,439.67,439.67,439.67,27,5
1643632985,439.67,439.67,439.67,439.67,439.67,0,0
1643632990,439.67,439.67,439.67,439.67,439.67,0,0
1643632995,439.67,439.67,439.67,439.67,439.67,0,0
1643633000,439.81,439.81,439.81,439.81,439.81,1,1
1643633005,439.81,439.81,439.81,439.81,439.81,0,0
1643633010,439.86,439.86,439.86,439.86,439.86,1,1
1643633015,439.86,439.86,439.86,439.86,439.86,1,1
1643633020,439.86,439.86,439.86,439.86,439.86,0,0
1643633025,439.87,439.87,439.86,439.86,439.868,4,2
1643633030,439.86,439.86,439.86,439.86,439.86,0,0
1643633035,439.86,439.86,439.86,439.86,439.86,0,0
1643633040,439.86,439.86,439.86,439.86,439.86,0,0
1643633045,439.86,439.86,439.86,439.86,439.86,0,0
1643633050,439.86,439.86,439.86,439.86,439.86,0,0
1643633055,439.86,439.86,439.86,439.86,439.86,0,0
1643633060,439.86,439.86,439.86,439.86,439.86,0,0
1643633065,439.86,439.86,439.86,439.86,439.86,0,0
1643633070,439.86,439.86,439.86,439.86,439.86,0,0
1643633075,439.86,439.86,439.86,439.86,439.86,0,0
1643633080,440.0,440.0,440.0,440.0,440.0,1,1
1643633085,440.0,440.0,440.0,440.0,440.0,0,0
1643633090,440.0,440.0,440.0,440.0,440.0,0,0
1643633095,440.0,440.0,440.0,440.0,440.0,0,0
1643633100,440.04,440.04,440.04,440.04,440.04,1,1
1643633105,439.98,439.98,439.95,439.95,439.965,2,2
1643633110,440.05,440.05,440.05,440.05,440.05,1,1
1643633115,440.03,440.03,440.03,440.03,440.03,1,1
1643633120,440.04,440.04,440.04,440.04,440.04,2,1
1643633125,440.04,440.04,440.04,440.04,440.04,0,0
1643633130,440.06,440.06,440.06,440.06,440.06,1,1
1643633135,440.06,440.06,440.06,440.06,440.06,0,0
1643633140,440.06,440.06,440.06,440.06,440.06,0,0
1643633145,440.06,440.06,440.06,440.06,440.06,0,0
1643633150,440.06,440.06,440.06,440.06,440.06,0,0
1643633155,440.18,440.2,440.18,440.2,440.196,31,6
1643633160,440.21,440.21,440.19,440.19,440.2,2,2
1643633165,440.16,440.16,440.12,440.12,440.131,3,2
1643633170,440.12,440.12,440.12,440.12,440.12,0,0
1643633175,440.12,440.12,440.12,440.12,440.12,0,0
1643633180,440.12,440.12,440.12,440.12,440.12,0,0
1643633185,440.23,440.27,440.2,440.2,440.237,25,5
1643633190,440.23,440.24,440.23,440.24,440.238,12,2
1643633195,440.38,440.38,440.38,440.38,440.38,10,1
1643633200,440.3,440.3,440.28,440.28,440.283,6,2
1643633205,440.28,440.28,440.28,440.28,440.28,1,1
1643633210,440.3,440.3,440.3,440.3,440.3,10,3
1643633215,440.3,440.3,440.3,440.3,440.3,0,0
1643633220,440.35,440.35,440.35,440.35,440.35,5,1
1643633225,440.39,440.41,440.38,440.41,440.394,4,3
1643633230,440.41,440.41,440.41,440.41,440.41,0,0
1643633235,440.42,440.42,440.42,440.42,440.42,2,2
1643633240,440.4,440.4,440.4,440.4,440.4,1,1
1643633245,440.4,440.4,440.4,440.4,440.4,0,0
1643633250,440.4,440.4,440.4,440.4,440.4,0,0
1643633255,440.4,440.4,440.4,440.4,440.4,0,0
1643633260,440.43,440.43,440.43,440.43,440.43,1,1
1643633265,440.43,440.43,440.43,440.43,440.43,0,0
1643633270,440.4,440.4,440.4,440.4,440.4,1,1
1643633275,440.38,440.43,440.38,440.43,440.41,10,5
1643633280,440.43,440.43,440.43,440.43,440.43,0,0
1643633285,440.43,440.43,440.43,440.43,440.43,0,0
1643633290,440.43,440.44,440.36,440.4,440.425,27,10
1643633295,440.39,440.48,440.39,440.48,440.435,24,10
1643633300,440.48,440.48,440.48,440.48,440.48,0,0
1643633305,440.39,440.39,440.38,440.38,440.383,6,3
1643633310,440.38,440.38,440.38,440.38,440.38,0,0
1643633315,440.38,440.38,440.38,440.38,440.38,0,0
1643633320,440.38,440.38,440.38,440.38,440.38,0,0
1643633325,440.49,440.56,440.49,440.56,440.525,2,2
1643633330,440.56,440.56,440.56,440.56,440.56,0,0
1643633335,440.56,440.56,440.56,440.56,440.56,0,0
1643633340,440.56,440.56,440.56,440.56,440.56,0,0
1643633345,440.56,440.56,440.56,440.56,440.56,0,0
1643633350,440.46,440.46,440.42,440.42,440.457,26,4
1643633355,440.42,440.42,440.42,440.42,440.42,0,0
1643633360,440.37,440.37,440.34,440.34,440.349,35,12
1643633365,440.39,440.39,440.39,440.39,440.39,8,1
1643633370,440.42,440.42,440.42,440.42,440.42,1,1
1643633375,440.42,440.42,440.42,440.42,440.42,0,0
1643633380,440.42,440.42,440.41,440.42,440.419,8,4
1643633385,440.42,440.42,440.41,440.42,440.42,0,0
1643633390,440.38,440.38,440.35,440.38,440.373,27,6
1643633395,440.38,440.38,440.38,440.38,440.38,0,0
1643633400,440.35,440.35,440.27,440.27,440.31,2,2
1643633405,440.27,440.32,440.27,440.3,440.28,71,12
1643633410,440.3,440.3,440.3,440.3,440.3,0,0
1643633415,440.3,440.3,440.3,440.3,440.3,0,0
1643633420,440.3,440.3,440.3,440.3,440.3,0,0
1643633425,440.3,440.3,440.3,440.3,440.3,0,0
1643633430,440.2,440.2,440.17,440.17,440.179,3,2
1643633435,440.14,440.14,440.14,440.14,440.14,6,1
1643633440,440.14,440.14,440.14,440.14,440.14,0,0
1643633445,440.13,440.13,440.13,440.13,440.13,13,5
1643633450,440.13,440.13,440.13,440.13,440.13,0,0
1643633455,440.18,440.18,440.18,440.18,440.18,10,1
1643633460,440.18,440.18,440.18,440.18,440.18,0,0
1643633465,440.18,440.18,440.18,440.18,440.18,0,0
1643633470,440.18,440.18,440.18,440.18,440.18,0,0
1643633475,440.18,440.18,440.18,440.18,440.18,0,0
1643633480,440.18,440.18,440.18,440.18,440.18,0,0
1643633485,440.27,440.27,440.27,440.27,440.27,20,2
1643633490,440.27,440.27,440.27,440.27,440.27,0,0
1643633495,440.27,440.27,440.27,440.27,440.27,0,0
1643633500,440.3,440.35,440.3,440.32,440.321,47,12
1643633505,440.32,440.32,440.32,440.32,440.32,0,0
1643633510,440.32,440.33,440.32,440.33,440.321,34,6
1643633515,440.28,440.28,440.28,440.28,440.28,3,3
1643633520,440.27,440.27,440.27,440.27,440.27,20,2
1643633525,440.33,440.39,440.33,440.33,440.368,38,15
1643633530,440.37,440.37,440.37,440.37,440.37,3,1
1643633535,440.42,440.42,440.42,440.42,440.42,10,5
1643633540,440.42,440.42,440.42,440.42,440.42,0,0
1643633545,440.47,440.48,440.47,440.48,440.475,11,3
1643633550,440.48,440.48,440.48,440.48,440.48,0,0
1643633555,440.5,440.53,440.5,440.53,440.505,5,2
1643633560,440.5,440.5,440.44,440.44,440.457,37,9
1643633565,440.44,440.44,440.44,440.44,440.44,0,0
1643633570,440.35,440.44,440.35,440.44,440.383,34,13
1643633575,440.44,440.44,440.44,440.44,440.44,9,2
1643633580,440.42,440.42,440.4,440.4,440.405,4,4
1643633585,440.3,440.3,440.3,440.3,440.3,10,1
1643633590,440.36,440.36,440.36,440.36,440.36,1,1
1643633595,440.36,440.36,440.36,440.36,440.36,0,0
1643633600,440.24,440.24,440.24,440.24,440.24,19,3
1643633605,440.22,440.22,440.2,440.2,440.203,5,4
1643633610,440.19,440.19,440.19,440.19,440.19,12,3
1643633615,440.2,440.2,440.13,440.13,440.165,2,2
1643633620,440.13,440.13,440.13,440.13,440.13,0,0
1643633625,440.1,440.1,440.1,440.1,440.1,1,1
1643633630,440.2,440.2,440.2,440.2,440.2,3,1
1643633635,440.2,440.2,440.2,440.2,440.2,0,0
1643633640,440.2,440.2,440.2,440.2,440.2,0,0
1643633645,440.2,440.2,440.2,440.2,440.2,0,0
1643633650,440.2,440.2,440.2,440.2,440.2,0,0
1643633655,440.2,440.2,440.2,440.2,440.2,0,0
1643633660,440.2,440.2,440.2,440.2,440.2,0,0
1643633665,440.2,440.2,440.2,440.2,440.2,0,0
1643633670,440.29,440.29,440.27,440.27,440.28,5,4
1643633675,440.27,440.27,440.27,440.27,440.27,0,0
1643633680,440.27,440.27,440.27,440.27,440.27,0,0
1643633685,440.27,440.27,440.27,440.27,440.27,0,0
1643633690,440.27,440.27,440.27,440.27,440.27,0,0
1643633695,440.27,440.27,440.27,440.27,440.27,3,1
1643633700,440.32,440.32,440.32,440.32,440.32,1,1
1643633705,440.32,440.32,440.32,440.32,440.32,0,0
1643633710,440.32,440.32,440.32,440.32,440.32,0,0
1643633715,440.32,440.32,440.32,440.32,440.32,0,0
1643633720,440.32,440.32,440.32,440.32,440.32,0,0
1643633725,440.32,440.32,440.32,440.32,440.32,0,0
1643633730,440.43,440.48,440.43,440.48,440.438,43,5
1643633735,440.48,440.48,440.48,440.48,440.48,0,0
1643633740,440.47,440.48,440.44,440.48,440.458,53,12
1643633745,440.48,440.48,440.48,440.48,440.48,0,0
1643633750,440.52,440.53,440.51,440.51,440.526,11,4
1643633755,440.52,440.52,440.47,440.47,440.501,6,5
1643633760,440.47,440.47,440.47,440.47,440.47,0,0
1643633765,440.47,440.47,440.47,440.47,440.47,0,0
1643633770,440.47,440.47,440.47,440.47,440.47,0,0
1643633775,440.37,440.37,440.37,440.37,440.37,1,1
1643633780,440.37,440.37,440.37,440.37,440.37,0,0
1643633785,440.37,440.37,440.37,440.37,440.37,0,0
1643633790,440.37,440.37,440.37,440.37,440.37,0,0
1643633795,440.37,440.37,440.37,440.37,440.37,0,0
1643633800,440.4,440.41,440.4,440.41,440.401,17,2
1643633805,440.41,440.41,440.41,440.41,440.41,0,0
1643633810,440.39,440.39,440.39,440.39,440.39,1,1
1643633815,440.39,440.39,440.39,440.39,440.39,0,0
1643633820,440.34,440.34,440.34,440.34,440.34,2,1
1643633825,440.35,440.42,440.35,440.42,440.361,62,10
1643633830,440.34,440.34,440.34,440.34,440.34,9,4
1643633835,440.3,440.3,440.3,440.3,440.3,10,2
1643633840,440.3,440.3,440.3,440.3,440.3,0,0
1643633845,440.3,440.3,440.3,440.3,440.3,0,0
1643633850,440.25,440.25,440.25,440.25,440.25,10,1
1643633855,440.25,440.25,440.25,440.25,440.25,0,0
1643633860,440.25,440.25,440.25,440.25,440.25,0,0
1643633865,440.25,440.25,440.25,440.25,440.25,0,0
1643633870,440.25,440.25,440.25,440.25,440.25,0,0
1643633875,440.25,440.25,440.25,440.25,440.25,0,0
1643633880,440.25,440.25,440.25,440.25,440.25,0,0
1643633885,440.25,440.25,440.25,440.25,440.25,0,0
1643633890,440.25,440.25,440.25,440.25,440.25,0,0
1643633895,440.45,440.45,440.45,440.45,440.45,1,1
1643633900,440.45,440.45,440.45,440.45,440.45,0,0
1643633905,440.46,440.46,440.46,440.46,440.46,1,1
1643633910,440.47,440.48,440.47,440.48,440.479,11,2
1643633915,440.46,440.46,440.46,440.46,440.46,9,1
1643633920,440.47,440.47,440.47,440.47,440.47,10,1
1643633925,440.47,440.47,440.47,440.47,440.47,0,0
1643633930,440.5,440.5,440.48,440.5,440.49,34,8
1643633935,440.5,440.5,440.5,440.5,440.5,2,1
1643633940,440.5,440.5,440.49,440.49,440.494,3,2
1643633945,440.5,440.5,440.5,440.5,440.5,2,1
1643633950,440.49,440.53,440.49,440.53,440.523,6,2
1643633955,440.53,440.53,440.53,440.53,440.53,0,0
1643633960,440.47,440.47,440.47,440.47,440.47,1,1
1643633965,440.47,440.47,440.47,440.47,440.47,9,9
1643633970,440.47,440.52,440.45,440.45,440.488,21,6
1643633975,440.45,440.45,440.45,440.45,440.45,0,0
1643633980,440.45,440.45,440.45,440.45,440.45,0,0
1643633985,440.51,440.59,440.51,440.57,440.545,26,10
1643633990,440.57,440.57,440.57,440.57,440.57,2,2
1643633995,440.57,440.57,440.57,440.57,440.57,0,0
1643634000,440.59,442.76,439.3,439.94,440.34,393,154
1643634005,440.75,440.76,440.74,440.74,440.749,36,11
1643634010,440.74,440.74,440.74,440.74,440.74,0,0
1643634015,440.74,440.74,440.74,440.74,440.74,0,0
1643634020,440.66,440.67,440.66,440.67,440.667,3,2
1643634025,440.68,440.68,440.68,440.68,440.68,8,4
1643634030,440.66,442.29,440.66,442.28,441.126,21,4
1643634035,442.28,442.29,442.28,442.28,442.28,0,0
1643634040,440.71,440.74,440.71,440.74,440.725,2,2
1643634045,440.74,440.74,440.74,440.74,440.74,0,0
1643634050,440.74,440.74,440.74,440.74,440.74,0,0
1643634055,440.74,440.74,440.74,440.74,440.74,0,0
1643634060,440.75,440.75,440.75,440.75,440.75,1,1
1643634065,440.77,443.0,440.73,442.7,442.263,63,24
1643634070,440.75,440.75,440.74,440.74,440.749,15,3
1643634075,440.79,440.79,440.79,440.79,440.79,2,1
1643634080,440.73,440.73,440.71,440.71,440.711,19,6
1643634085,440.71,440.71,440.71,440.71,440.71,5,4
1643634090,440.66,440.66,440.61,440.61,440.651,14,5
1643634095,440.61,440.61,440.61,440.61,440.61,0,0
1643634100,440.61,440.61,440.61,440.61,440.61,0,0
1643634105,440.61,440.61,440.61,440.61,440.61,0,0
1643634110,440.51,440.52,440.5,440.5,440.508,4,3
1643634115,440.44,440.44,440.38,440.4,440.4,76,10
1643634120,440.4,440.4,440.4,440.4,440.4,7,3
1643634125,440.42,440.42,440.4,440.4,440.412,3,3
1643634130,440.41,440.42,440.4,440.41,440.41,4,3
1643634135,440.38,440.38,440.38,440.38,440.38,3,2
1643634140,440.38,440.38,440.38,440.38,440.38,0,0
1643634145,440.41,440.41,440.38,440.38,440.39,3,3
1643634150,440.38,440.38,440.38,440.38,440.38,0,0
1643634155,440.39,440.39,440.39,440.39,440.39,2,1
1643634160,440.39,440.39,440.39,440.39,440.39,0,0
1643634165,440.41,440.43,440.41,440.43,440.413,14,6
1643634170,440.43,440.43,440.43,440.43,440.43,0,0
1643634175,440.43,440.43,440.43,440.43,440.43,0,0
1643634180,440.43,440.43,440.43,440.43,440.43,0,0
1643634185,440.43,440.43,440.43,440.43,440.43,0,0
1643634190,440.43,440.43,440.43,440.43,440.43,0,0
1643634195,440.43,440.43,440.43,440.43,440.43,0,0
1643634200,440.39,440.39,440.39,440.39,440.39,1,1
1643634205,440.37,440.37,440.37,440.37,440.37,10,1
1643634210,440.37,440.37,440.37,440.37,440.37,0,0
1643634215,440.33,440.33,440.33,440.33,440.33,4,4
1643634220,440.31,440.31,440.31,440.31,440.31,2,2
1643634225,440.3,440.3,440.25,440.25,440.275,2,2
1643634230,440.2,440.21,440.2,440.2,440.201,11,4
1643634235,440.2,440.2,440.2,440.2,440.2,0,0
1643634240,440.2,440.21,440.2,440.2,440.209,20,5
1643634245,440.26,440.26,440.21,440.21,440.229,30,11
1643634250,440.31,440.31,440.31,440.31,440.31,20,4
1643634255,440.31,440.31,440.31,440.31,440.31,0,0
1643634260,440.3,440.31,440.3,440.3,440.302,12,7
1643634265,440.23,440.23,440.23,440.23,440.23,1,1
1643634270,440.23,440.23,440.23,440.23,440.23,0,0
1643634275,440.27,440.27,440.25,440.25,440.26,6,4
1643634280,440.25,440.25,440.25,440.25,440.25,0,0
1643634285,440.16,440.16,440.16,440.16,440.16,1,1
1643634290,440.16,440.16,440.16,440.16,440.16,0,0
1643634295,440.16,440.16,440.16,440.16,440.16,0,0
1643634300,440.16,440.16,440.16,440.16,440.16,0,0
1643634305,440.08,440.08,440.08,440.08,440.08,7,3
1643634310,440.09,440.09,440.09,440.09,440.09,2,1
1643634315,440.06,440.06,440.0,440.0,440.011,12,9
1643634320,440.0,440.0,440.0,440.0,440.0,0,0
1643634325,439.95,439.95,439.91,439.91,439.93,2,2
1643634330,439.91,439.91,439.91,439.91,439.91,0,0
1643634335,439.9,439.9,439.9,439.9,439.9,2,2
1643634340,439.92,439.92,439.92,439.92,439.92,1,1
1643634345,439.93,439.93,439.93,439.93,439.93,2,1
1643634350,439.95,439.96,439.95,439.96,439.953,15,4
1643634355,439.96,439.96,439.96,439.96,439.96,0,0
1643634360,439.95,439.95,439.95,439.95,439.95,6,2
1643634365,439.95,439.95,439.95,439.95,439.95,0,0
1643634370,439.95,439.95,439.95,439.95,439.95,0,0
1643634375,439.95,439.95,439.95,439.95,439.95,0,0
1643634380,439.88,439.88,439.87,439.87,439.879,19,6
1643634385,439.87,439.87,439.87,439.87,439.87,0,0
1643634390,439.87,439.87,439.87,439.87,439.87,0,0
1643634395,439.87,439.87,439.78,439.78,439.828,6,6
1643634400,439.78,439.78,439.78,439.78,439.78,0,0
1643634405,439.8,439.8,439.8,439.8,439.8,21,3
1643634410,439.8,439.8,439.76,439.77,439.796,44,15
1643634415,439.76,439.76,439.76,439.76,439.76,2,2
1643634420,439.8,439.8,439.8,439.8,439.8,1,1
1643634425,439.82,439.82,439.82,439.82,439.82,1,1
1643634430,439.82,439.82,439.82,439.82,439.82,0,0
1643634435,439.86,439.86,439.86,439.86,439.86,1,1
1643634440,439.75,439.75,439.75,439.75,439.75,2,1
1643634445,439.74,439.74,439.73,439.73,439.734,3,2
1643634450,439.73,439.73,439.71,439.71,439.722,5,4
1643634455,439.72,439.72,439.71,439.71,439.716,3,3
1643634460,439.73,439.73,439.71,439.71,439.72,3,3
1643634465,439.71,439.71,439.71,439.71,439.71,0,0
1643634470,439.71,439.71,439.71,439.71,439.71,0,0
1643634475,439.71,439.71,439.71,439.71,439.71,0,0
1643634480,439.8,439.82,439.8,439.82,439.803,13,3
1643634485,439.82,439.82,439.82,439.82,439.82,0,0
1643634490,439.89,439.89,439.89,439.89,439.89,2,1
1643634495,439.9,439.9,439.9,439.9,439.9,10,2
1643634500,439.9,439.9,439.9,439.9,439.9,0,0
1643634505,439.9,439.9,439.9,439.9,439.9,0,0
1643634510,439.97,439.97,439.97,439.97,439.97,5,5
1643634515,439.97,439.97,439.97,439.97,439.97,0,0
1643634520,439.9,439.9,439.89,439.9,439.899,2,2
1643634525,439.9,439.9,439.89,439.9,439.9,0,0
1643634530,439.98,439.98,439.98,439.98,439.98,1,1
1643634535,439.93,439.93,439.93,439.93,439.93,1,1
1643634540,439.93,439.93,439.93,439.93,439.93,0,0
1643634545,439.9,439.9,439.9,439.9,439.9,9,2
1643634550,439.9,439.9,439.9,439.9,439.9,0,0
1643634555,439.9,439.9,439.9,439.9,439.9,0,0
1643634560,439.9,439.9,439.9,439.9,439.9,3,1
1643634565,439.98,439.98,439.98,439.98,439.98,1,1
1643634570,439.98,439.98,439.98,439.98,439.98,0,0
1643634575,439.98,439.98,439.98,439.98,439.98,0,0
1643634580,439.98,439.98,439.98,439.98,439.98,0,0
1643634585,439.98,439.98,439.98,439.98,439.98,0,0
1643634590,439.98,439.98,439.98,439.98,439.98,0,0
1643634595,439.93,439.93,439.93,439.93,439.93,1,1
1643634600,439.93,439.93,439.93,439.93,439.93,0,0
1643634605,439.93,439.93,439.93,439.93,439.93,0,0
1643634610,440.08,440.08,440.08,440.08,440.08,3,3
1643634615,440.08,440.08,440.08,440.08,440.08,0,0
1643634620,440.08,440.08,440.08,440.08,440.08,0,0
1643634625,440.08,440.08,440.08,440.08,440.08,6,2
1643634630,440.08,440.08,440.08,440.08,440.08,0,0
1643634635,440.08,440.08,440.08,440.08,440.08,0,0
1643634640,440.17,440.17,440.17,440.17,440.17,1,1
1643634645,440.17,440.17,440.17,440.17,440.17,0,0
1643634650,440.17,440.17,440.17,440.17,440.17,0,0
1643634655,440.17,440.17,440.17,440.17,440.17,0,0
1643634660,440.2,440.2,440.2,440.2,440.2,3,1
1643634665,440.13,440.13,440.13,440.13,440.13,1,1
1643634670,440.09,440.09,440.09,440.09,440.09,1,1
1643634675,440.14,440.14,440.14,440.14,440.14,1,1
1643634680,440.14,440.14,440.14,440.14,440.14,0,0
1643634685,440.14,440.14,440.14,440.14,440.14,0,0
1643634690,440.14,440.14,440.14,440.14,440.14,0,0
1643634695,440.14,440.14,440.14,440.14,440.14,0,0
1643634700,440.14,440.14,440.14,440.14,440.14,0,0
1643634705,440.14,440.14,440.14,440.14,440.14,0,0
1643634710,440.14,440.14,440.14,440.14,440.14,0,0
1643634715,440.14,440.14,440.14,440.14,440.14,0,0
1643634720,440.27,440.28,440.27,440.28,440.274,2,2
1643634725,440.28,440.28,440.28,440.28,440.28,0,0
1643634730,440.21,440.22,440.2,440.21,440.211,18,6
1643634735,440.21,440.21,440.21,440.21,440.21,0,0
1643634740,440.14,440.2,440.14,440.18,440.152,29,13
1643634745,440.18,440.18,440.18,440.18,440.18,0,0
1643634750,440.15,440.15,440.15,440.15,440.15,4,2
1643634755,440.15,440.15,440.15,440.15,440.15,0,0
1643634760,440.15,440.15,440.15,440.15,440.15,0,0
1643634765,440.15,440.15,440.15,440.15,440.15,0,0
1643634770,440.15,440.15,440.15,440.15,440.15,0,0
1643634775,440.16,440.16,440.16,440.16,440.16,1,1
1643634780,440.25,440.25,440.25,440.25,440.25,2,2
1643634785,440.36,440.36,440.36,440.36,440.36,1,1
1643634790,440.44,440.45,440.44,440.45,440.447,13,5
1643634795,440.45,440.45,440.45,440.45,440.45,1,1
1643634800,440.45,440.45,440.45,440.45,440.45,0,0
1643634805,440.43,440.43,440.4,440.4,440.42,3,3
1643634810,440.4,440.4,440.4,440.4,440.4,0,0
1643634815,440.4,440.45,440.4,440.45,440.406,13,4
1643634820,440.45,440.45,440.45,440.45,440.45,0,0
1643634825,440.45,440.45,440.45,440.45,440.45,0,0
1643634830,440.45,440.45,440.45,440.45,440.45,0,0
1643634835,440.41,440.41,440.41,440.41,440.41,2,1
1643634840,440.41,440.41,440.41,440.41,440.41,0,0
1643634845,440.4,440.45,440.35,440.45,440.387,27,10
1643634850,440.44,440.46,440.4,440.4,440.432,13,7
1643634855,440.4,440.4,440.4,440.4,440.4,0,0
1643634860,440.35,440.36,440.35,440.36,440.355,3,2
1643634865,440.45,440.45,440.45,440.45,440.45,5,4
1643634870,440.45,440.45,440.45,440.45,440.45,0,0
1643634875,440.37,440.37,440.37,440.37,440.37,2,1
1643634880,440.37,440.37,440.37,440.37,440.37,0,0
1643634885,440.39,440.42,440.38,440.42,440.396,25,13
1643634890,440.42,440.42,440.42,440.42,440.42,19,2
1643634895,440.42,440.42,440.42,440.42,440.42,18,5
1643634900,440.44,440.44,440.4,440.41,440.415,44,8
1643634905,440.42,440.46,440.41,440.46,440.44,21,8
1643634910,440.46,440.46,440.46,440.46,440.46,0,0
1643634915,440.38,440.38,440.38,440.38,440.38,2,1
1643634920,440.49,440.55,440.49,440.55,440.528,21,9
1643634925,440.56,440.56,440.53,440.53,440.543,3,3
1643634930,440.54,440.54,440.54,440.54,440.54,1,1
1643634935,440.52,440.53,440.5,440.5,440.512,29,7
1643634940,440.46,440.46,440.44,440.44,440.452,5,2
1643634945,440.47,440.47,440.33,440.33,440.403,4,4
1643634950,440.36,440.36,440.36,440.36,440.36,2,1
1643634955,440.33,440.35,440.3,440.3,440.317,17,7
1643634960,440.3,440.3,440.3,440.3,440.3,11,4
1643634965,440.3,440.3,440.3,440.3,440.3,0,0
1643634970,440.21,440.21,440.21,440.21,440.21,1,1
1643634975,440.21,440.21,440.21,440.21,440.21,0,0
1643634980,440.2,440.2,440.17,440.2,440.184,4,3
1643634985,440.24,440.24,440.24,440.24,440.24,1,1
1643634990,440.24,440.24,440.24,440.24,440.24,0,0
1643634995,440.24,440.24,440.24,440.24,440.24,0,0
1643635000,440.19,440.19,440.19,440.19,440.19,5,1
1643635005,440.18,440.2,440.18,440.2,440.193,5,4
1643635010,440.19,440.19,440.19,440.19,440.19,1,1
1643635015,440.19,440.19,440.19,440.19,440.19,0,0
1643635020,440.27,440.27,440.27,440.27,440.27,1,1
1643635025,440.21,440.27,440.21,440.27,440.254,14,5
1643635030,440.27,440.27,440.27,440.27,440.27,0,0
1643635035,440.27,440.27,440.27,440.27,440.27,0,0
1643635040,440.27,440.27,440.27,440.27,440.27,0,0
1643635045,440.27,440.27,440.27,440.27,440.27,0,0
1643635050,440.16,440.16,440.16,440.16,440.16,1,1
1643635055,440.16,440.16,440.16,440.16,440.16,0,0
1643635060,440.16,440.16,440.16,440.16,440.16,0,0
1643635065,440.11,440.11,440.11,440.11,440.11,1,1
1643635070,440.08,440.11,440.08,440.11,440.09,4,3
1643635075,440.11,440.11,440.11,440.11,440.11,0,0
1643635080,440.09,440.09,440.09,440.09,440.09,3,1
1643635085,440.09,440.09,440.09,440.09,440.09,0,0
1643635090,440.09,440.09,440.09,440.09,440.09,0,0
1643635095,440.09,440.09,440.09,440.09,440.09,0,0
1643635100,440.17,440.2,440.17,440.2,440.185,2,2
1643635105,440.25,440.25,440.23,440.23,440.243,3,3
1643635110,440.23,440.23,440.23,440.23,440.23,0,0
1643635115,440.18,440.18,440.17,440.17,440.175,4,4
1643635120,440.17,440.17,440.17,440.17,440.17,0,0
1643635125,440.16,440.16,440.16,440.16,440.16,2,1
1643635130,440.16,440.16,440.16,440.16,440.16,0,0
1643635135,440.16,440.16,440.16,440.16,440.16,0,0
1643635140,440.16,440.16,440.16,440.16,440.16,0,0
1643635145,440.21,440.23,440.21,440.23,440.226,16,4
1643635150,440.24,440.24,440.24,440.24,440.24,11,3
1643635155,440.15,440.15,440.13,440.13,440.15,106,15
1643635160,440.13,440.13,440.13,440.13,440.13,19,5
1643635165,440.1,440.1,440.09,440.09,440.092,15,6
1643635170,440.05,440.08,440.05,440.08,440.07,7,3
1643635175,440.08,440.08,440.08,440.08,440.08,0,0
1643635180,440.1,440.1,440.08,440.08,440.093,3,3
1643635185,440.08,440.08,440.08,440.08,440.08,0,0
1643635190,440.08,440.08,440.05,440.05,440.066,2,2
1643635195,440.09,440.09,440.07,440.07,440.08,2,2
1643635200,440.08,440.08,440.05,440.05,440.056,5,2
1643635205,440.05,440.05,440.05,440.05,440.05,9,2
1643635210,440.01,440.01,440.0,440.0,440.002,32,8
1643635215,440.03,440.03,440.0,440.02,440.008,6,6
1643635220,440.02,440.02,440.02,440.02,440.02,0,0
1643635225,440.02,440.02,440.02,440.02,440.02,0,0
1643635230,440.06,440.06,440.06,440.06,440.06,2,2
1643635235,440.06,440.06,440.06,440.06,440.06,0,0
1643635240,440.08,440.08,440.08,440.08,440.08,4,1
1643635245,440.08,440.08,440.08,440.08,440.08,0,0
1643635250,440.08,440.08,440.08,440.08,440.08,0,0
1643635255,440.0,440.04,440.0,440.04,440.021,2,2
1643635260,440.04,440.04,440.04,440.04,440.04,0,0
1643635265,440.04,440.04,440.04,440.04,440.04,0,0
1643635270,440.04,440.04,440.04,440.04,440.04,0,0
1643635275,440.01,440.01,440.0,440.0,440.003,4,4
1643635280,440.25,440.25,440.25,440.25,440.25,1,1
1643635285,440.25,440.25,440.25,440.25,440.25,0,0
1643635290,440.25,440.25,440.25,440.25,440.25,0,0
1643635295,440.25,440.25,440.25,440.25,440.25,0,0
1643635300,440.26,440.26,440.26,440.26,440.26,10,4
1643635305,440.24,440.24,440.22,440.22,440.231,7,6
1643635310,440.22,440.22,440.22,440.22,440.22,0,0
1643635315,440.22,440.22,440.2,440.2,440.208,14,5
1643635320,440.26,440.26,440.26,440.26,440.26,1,1
1643635325,440.26,440.26,440.26,440.26,440.26,0,0
1643635330,440.28,440.28,440.18,440.18,440.224,10,4
1643635335,440.18,440.18,440.18,440.18,440.18,0,0
1643635340,440.1,440.1,440.1,440.1,440.1,1,1
1643635345,440.1,440.1,440.1,440.1,440.1,1,1
1643635350,440.1,440.1,440.1,440.1,440.1,0,0
1643635355,440.08,440.08,440.08,440.08,440.08,2,1
1643635360,440.08,440.08,440.08,440.08,440.08,0,0
1643635365,440.08,440.08,440.08,440.08,440.08,0,0
1643635370,440.14,440.16,440.12,440.12,440.15,6,4
1643635375,440.15,440.15,440.15,440.15,440.15,1,1
1643635380,440.15,440.15,440.15,440.15,440.15,0,0
1643635385,440.15,440.15,440.15,440.15,440.15,0,0
1643635390,440.16,440.16,440.16,440.16,440.16,1,1
1643635395,440.16,440.16,440.16,440.16,440.16,0,0
1643635400,440.15,440.15,440.12,440.12,440.133,3,3
1643635405,440.12,440.12,440.12,440.12,440.12,0,0
1643635410,440.11,440.13,440.11,440.13,440.112,11,3
1643635415,440.1,440.1,440.1,440.1,440.1,2,2
1643635420,440.1,440.1,440.1,440.1,440.1,0,0
1643635425,440.1,440.1,440.1,440.1,440.1,0,0
1643635430,440.1,440.1,440.1,440.1,440.1,9,2
1643635435,440.05,440.05,440.05,440.05,440.05,1,1
1643635440,440.12,440.2,440.11,440.12,440.123,118,31
1643635445,440.12,440.12,440.12,440.12,440.12,0,0
1643635450,440.12,440.12,440.12,440.12,440.12,0,0
1643635455,440.09,440.09,440.09,440.09,440.09,1,1
1643635460,440.03,440.03,440.03,440.03,440.03,4,3
1643635465,440.03,440.03,440.03,440.03,440.03,0,0
1643635470,440.09,440.09,440.09,440.09,440.09,2,1
1643635475,440.09,440.09,440.09,440.09,440.09,0,0
1643635480,440.12,440.16,440.11,440.16,440.124,126,21
1643635485,440.16,440.16,440.16,440.16,440.16,0,0
1643635490,440.12,440.12,440.12,440.12,440.12,2,1
1643635495,440.12,440.12,440.12,440.12,440.12,0,0
1643635500,440.11,440.11,440.06,440.06,440.103,10,7
1643635505,440.01,440.01,440.01,440.01,440.01,9,1
1643635510,440.07,440.07,440.07,440.07,440.07,1,1
1643635515,440.06,440.06,440.05,440.05,440.058,4,4
1643635520,440.04,440.04,440.04,440.04,440.04,1,1
1643635525,440.06,440.06,440.06,440.06,440.06,1,1
1643635530,440.06,440.06,440.06,440.06,440.06,0,0
1643635535,440.14,440.14,440.14,440.14,440.14,1,1
1643635540,440.1,440.1,440.1,440.1,440.1,1,1
1643635545,440.1,440.14,440.1,440.14,440.107,12,3
1643635550,440.13,440.13,440.13,440.13,440.13,2,1
1643635555,440.13,440.13,440.13,440.13,440.13,0,0
1643635560,440.1,440.13,440.08,440.1,440.113,17,7
1643635565,440.09,440.1,440.08,440.1,440.087,5,4
1643635570,440.1,440.1,440.1,440.1,440.1,0,0
1643635575,440.17,440.25,440.14,440.16,440.21,155,38
1643635580,440.16,440.16,440.09,440.09,440.136,12,5
1643635585,440.09,440.09,440.09,440.09,440.09,0,0
1643635590,440.09,440.09,440.09,440.09,440.09,0,0
1643635595,440.13,440.13,440.13,440.13,440.13,1,1
1643635600,440.13,440.13,440.13,440.13,440.13,0,0
1643635605,440.13,440.13,440.13,440.13,440.13,1,1
1643635610,440.13,440.13,440.13,440.13,440.13,10,2
1643635615,440.13,440.13,440.13,440.13,440.13,10,1
1643635620,440.13,440.13,440.13,440.13,440.13,2,1
1643635625,440.12,440.15,440.12,440.14,440.145,13,5
1643635630,440.13,440.13,440.13,440.13,440.13,10,1
1643635635,440.13,440.13,440.13,440.13,440.13,0,0
1643635640,440.1,440.1,440.01,440.01,440.033,10,5
1643635645,440.13,440.14,440.13,440.14,440.132,5,2
1643635650,440.18,440.18,440.08,440.08,440.141,9,9
1643635655,440.08,440.08,440.08,440.08,440.08,0,0
1643635660,440.0,440.0,439.98,439.98,439.985,6,2
1643635665,440.01,440.03,440.01,440.03,440.017,3,2
1643635670,440.03,440.03,440.03,440.03,440.03,0,0
1643635675,439.96,439.96,439.96,439.96,439.96,1,1
1643635680,439.96,439.97,439.96,439.97,439.967,3,3
1643635685,439.97,439.97,439.97,439.97,439.97,0,0
1643635690,440.02,440.07,440.02,440.07,440.033,4,2
1643635695,440.07,440.09,440.07,440.09,440.08,2,2
1643635700,440.09,440.09,440.09,440.09,440.09,0,0
1643635705,440.09,440.09,440.09,440.09,440.09,0,0
1643635710,440.09,440.09,440.09,440.09,440.09,0,0
1643635715,440.09,440.09,440.09,440.09,440.09,0,0
1643635720,440.08,440.08,440.08,440.08,440.08,2,1
1643635725,440.08,440.08,440.08,440.08,440.08,0,0
1643635730,440.12,440.15,440.12,440.15,440.135,4,3
1643635735,440.14,440.14,440.14,440.14,440.14,3,3
1643635740,440.1,440.11,440.05,440.05,440.101,13,5
1643635745,440.05,440.05,440.05,440.05,440.05,0,0
1643635750,440.11,440.11,440.11,440.11,440.11,2,1
1643635755,440.11,440.11,440.11,440.11,440.11,0,0
1643635760,440.11,440.11,440.11,440.11,440.11,0,0
1643635765,440.08,440.08,440.06,440.07,440.07,6,5
1643635770,440.07,440.07,440.07,440.07,440.07,0,0
1643635775,440.07,440.07,440.07,440.07,440.07,0,0
1643635780,440.07,440.07,440.07,440.07,440.07,0,0
1643635785,440.07,440.07,440.07,440.07,440.07,0,0
1643635790,440.13,440.13,440.13,440.13,440.13,1,1
1643635795,440.15,440.15,440.15,440.15,440.15,2,1
1643635800,440.28,440.48,440.28,440.46,440.384,130,42
1643635805,440.42,440.42,440.37,440.37,440.377,14,4
1643635810,440.37,440.37,440.37,440.37,440.37,0,0
1643635815,440.37,440.37,440.37,440.37,440.37,0,0
1643635820,440.37,440.37,440.37,440.37,440.37,0,0
1643635825,440.5,440.51,440.5,440.51,440.505,10,3
1643635830,440.53,440.53,440.53,440.53,440.53,2,1
1643635835,440.55,440.55,440.49,440.5,440.508,15,10
1643635840,440.55,440.55,440.47,440.47,440.493,20,6
1643635845,440.44,440.45,440.44,440.45,440.446,4,3
1643635850,440.45,440.48,440.45,440.48,440.462,16,3
1643635855,440.48,440.48,440.48,440.48,440.48,0,0
1643635860,440.48,440.48,440.48,440.48,440.48,0,0
1643635865,440.5,440.54,440.5,440.54,440.528,15,8
1643635870,440.54,440.54,440.54,440.54,440.54,0,0
1643635875,440.49,440.49,440.49,440.49,440.49,3,3
1643635880,440.44,440.44,440.44,440.44,440.44,3,3
1643635885,440.44,440.44,440.44,440.44,440.44,0,0
1643635890,440.28,440.28,440.28,440.28,440.28,3,1
1643635895,440.28,440.28,440.28,440.28,440.28,0,0
1643635900,440.28,440.28,440.28,440.28,440.28,0,0
1643635905,440.24,440.24,440.24,440.24,440.24,1,1
1643635910,440.19,440.19,440.19,440.19,440.19,1,1
1643635915,440.17,440.17,440.17,440.17,440.17,1,1
1643635920,440.32,440.32,440.32,440.32,440.32,1,1
1643635925,440.32,440.32,440.32,440.32,440.32,0,0
1643635930,440.36,440.39,440.36,440.36,440.38,61,9
1643635935,440.36,440.42,440.36,440.41,440.396,25,6
1643635940,440.37,440.37,440.37,440.37,440.37,2,1
1643635945,440.37,440.37,440.37,440.37,440.37,0,0
1643635950,440.37,440.37,440.37,440.37,440.37,0,0
1643635955,440.61,440.63,440.61,440.63,440.623,11,2
1643635960,440.6,440.62,440.6,440.62,440.616,10,4
1643635965,440.63,440.69,440.62,440.69,440.65,64,16
1643635970,440.69,440.69,440.69,440.69,440.69,0,0
1643635975,440.66,440.66,440.66,440.66,440.66,5,1
1643635980,440.69,440.7,440.69,440.7,440.695,2,2
1643635985,440.75,440.75,440.75,440.75,440.75,1,1
1643635990,440.88,440.93,440.88,440.88,440.892,74,18
1643635995,440.92,440.96,440.92,440.96,440.95,9,5
1643636000,440.97,440.97,440.96,440.97,440.961,55,9
1643636005,440.97,441.06,440.97,441.0,441.015,38,12
1643636010,441.0,441.0,440.95,441.0,440.975,142,23
1643636015,441.04,441.09,441.04,441.09,441.07,6,3
1643636020,441.09,441.09,441.09,441.09,441.09,0,0
1643636025,441.06,441.1,441.04,441.1,441.067,24,6
1643636030,441.1,441.15,441.08,441.15,441.111,62,16
1643636035,441.13,441.18,441.1,441.14,441.155,25,9
1643636040,441.14,441.14,441.05,441.05,441.069,34,11
1643636045,441.05,441.05,441.03,441.03,441.049,76,25
1643636050,441.02,441.03,441.0,441.03,441.016,5,3
1643636055,441.03,441.03,441.03,441.03,441.03,0,0
1643636060,441.05,441.09,441.05,441.09,441.062,15,5
1643636065,441.05,441.05,441.05,441.05,441.05,1,1
1643636070,441.05,441.05,441.05,441.05,441.05,0,0
1643636075,441.08,441.09,441.08,441.09,441.085,2,2
1643636080,441.06,441.06,441.06,441.06,441.06,2,2
1643636085,441.04,441.04,441.04,441.04,441.04,3,1
1643636090,441.04,441.04,441.04,441.04,441.04,0,0
1643636095,441.13,441.13,441.13,441.13,441.13,1,1
1643636100,441.09,441.12,441.04,441.04,441.078,12,4
1643636105,441.04,441.04,441.04,441.04,441.04,1,1
1643636110,440.98,440.98,440.98,440.98,440.98,6,3
1643636115,440.99,440.99,440.96,440.96,440.98,3,3
1643636120,441.0,441.0,441.0,441.0,441.0,2,1
1643636125,441.0,441.0,441.0,441.0,441.0,0,0
1643636130,441.0,441.0,441.0,441.0,441.0,0,0
1643636135,440.91,440.91,440.88,440.88,440.895,2,2
1643636140,440.88,440.88,440.88,440.88,440.88,0,0
1643636145,440.92,440.92,440.92,440.92,440.92,10,1
1643636150,440.95,440.95,440.94,440.94,440.949,17,7
1643636155,440.93,440.93,440.93,440.93,440.93,18,2
1643636160,441.13,441.13,441.09,441.09,441.116,11,5
1643636165,441.09,441.09,441.09,441.09,441.09,0,0
1643636170,440.98,440.98,440.97,440.97,440.975,2,2
1643636175,441.08,441.11,441.08,441.11,441.098,12,7
1643636180,441.11,441.11,441.11,441.11,441.11,1,1
1643636185,441.11,441.11,441.11,441.11,441.11,0,0
1643636190,441.11,441.19,441.11,441.19,441.182,11,4
1643636195,441.2,441.2,441.19,441.19,441.198,13,5
1643636200,441.16,441.16,441.16,441.16,441.16,9,6
1643636205,441.16,441.16,441.16,441.16,441.16,0,0
1643636210,441.16,441.16,441.16,441.16,441.16,0,0
1643636215,441.22,441.22,441.22,441.22,441.22,2,1
1643636220,441.17,441.21,441.17,441.21,441.189,2,2
1643636225,441.17,441.17,441.17,441.17,441.17,1,1
1643636230,441.17,441.17,441.15,441.15,441.169,13,5
1643636235,441.15,441.15,441.15,441.15,441.15,0,0
1643636240,441.15,441.15,441.15,441.15,441.15,0,0
1643636245,441.15,441.15,441.15,441.15,441.15,0,0
1643636250,441.15,441.15,441.15,441.15,441.15,0,0
1643636255,441.15,441.15,441.15,441.15,441.15,0,0
1643636260,441.19,441.19,441.18,441.18,441.182,9,5
1643636265,441.18,441.18,441.18,441.18,441.18,0,0
1643636270,441.18,441.18,441.18,441.18,441.18,0,0
1643636275,441.18,441.18,441.18,441.18,441.18,0,0
1643636280,441.22,441.25,441.22,441.25,441.235,2,2
1643636285,441.25,441.25,441.25,441.25,441.25,0,0
1643636290,441.28,441.28,441.2,441.2,441.241,32,11
1643636295,441.15,441.15,441.15,441.15,441.15,3,2
1643636300,441.15,441.15,441.15,441.15,441.15,0,0
1643636305,441.12,441.12,441.12,441.12,441.12,1,1
1643636310,441.12,441.12,441.12,441.12,441.12,0,0
1643636315,441.07,441.07,441.07,441.07,441.07,1,1
1643636320,441.07,441.07,441.07,441.07,441.07,0,0
1643636325,441.1,441.1,441.1,441.1,441.1,1,1
1643636330,441.1,441.1,441.1,441.1,441.1,0,0
1643636335,441.1,441.1,441.1,441.1,441.1,0,0
1643636340,441.05,441.05,441.05,441.05,441.05,1,1
1643636345,441.05,441.05,441.05,441.05,441.05,0,0
1643636350,441.08,441.08,441.08,441.08,441.08,1,1
1643636355,441.08,441.08,441.08,441.08,441.08,0,0
1643636360,441.08,441.08,441.08,441.08,441.08,1,1
1643636365,441.08,441.08,441.08,441.08,441.08,0,0
1643636370,441.08,441.08,441.08,441.08,441.08,0,0
1643636375,441.01,441.01,440.98,441.0,440.99,32,11
1643636380,441.04,441.06,441.04,441.06,441.056,11,7
1643636385,440.99,441.0,440.99,441.0,441.0,23,3
1643636390,441.0,441.0,441.0,441.0,441.0,0,0
1643636395,441.0,441.0,441.0,441.0,441.0,0,0
1643636400,441.01,441.11,441.01,441.11,441.06,2,2
1643636405,441.1,441.1,441.1,441.1,441.1,8,6
1643636410,441.1,441.1,441.1,441.1,441.1,0,0
1643636415,441.04,441.04,441.04,441.04,441.04,1,1
1643636420,441.07,441.07,441.07,441.07,441.07,1,1
1643636425,441.07,441.07,441.07,441.07,441.07,0,0
1643636430,441.19,441.2,441.19,441.2,441.195,2,2
1643636435,441.2,441.2,441.2,441.2,441.2,0,0
1643636440,441.11,441.19,441.11,441.19,441.163,60,15
1643636445,441.19,441.19,441.19,441.19,441.19,0,0
1643636450,441.14,441.14,441.14,441.14,441.14,10,6
1643636455,441.14,441.14,441.1,441.1,441.136,11,3
1643636460,441.09,441.09,441.09,441.09,441.09,1,1
1643636465,441.09,441.09,441.09,441.09,441.09,0,0
1643636470,441.14,441.14,441.14,441.14,441.14,10,1
1643636475,441.14,441.14,441.14,441.14,441.14,0,0
1643636480,441.14,441.14,441.14,441.14,441.14,0,0
1643636485,441.06,441.06,441.05,441.05,441.055,2,2
1643636490,441.05,441.05,441.05,441.05,441.05,0,0
1643636495,441.03,441.03,440.97,440.97,440.989,53,22
1643636500,440.94,440.94,440.94,440.94,440.94,5,2
1643636505,440.96,440.96,440.88,440.88,440.907,52,13
1643636510,440.9,440.9,440.9,440.9,440.9,7,3
1643636515,440.9,440.9,440.9,440.9,440.9,0,0
1643636520,440.91,440.91,440.9,440.9,440.905,2,2
1643636525,440.93,440.93,440.93,440.93,440.93,3,2
1643636530,440.93,440.93,440.83,440.91,440.874,255,55
1643636535,440.91,440.91,440.91,440.91,440.91,15,4
1643636540,440.91,440.91,440.91,440.91,440.91,6,2
1643636545,440.91,440.91,440.91,440.91,440.91,2,2
1643636550,440.85,440.85,440.85,440.85,440.85,9,2
1643636555,440.85,440.85,440.85,440.85,440.85,0,0
1643636560,440.83,440.86,440.78,440.78,440.806,10,5
1643636565,440.74,440.74,440.74,440.74,440.74,11,3
1643636570,440.8,440.81,440.8,440.81,440.805,2,2
1643636575,440.76,440.77,440.75,440.77,440.757,26,10
1643636580,440.75,440.76,440.75,440.76,440.751,7,3
1643636585,440.77,440.77,440.77,440.77,440.77,1,1
1643636590,440.77,440.77,440.77,440.77,440.77,0,0
1643636595,440.77,440.77,440.77,440.77,440.77,0,0
1643636600,440.86,440.94,440.86,440.89,440.9,68,27
1643636605,440.89,440.89,440.89,440.89,440.89,0,0
1643636610,440.89,440.89,440.89,440.89,440.89,0,0
1643636615,440.89,440.9,440.89,440.9,440.895,10,3
1643636620,440.91,440.94,440.91,440.94,440.925,29,7
1643636625,440.89,440.89,440.85,440.85,440.887,14,6
1643636630,440.83,440.87,440.82,440.87,440.833,35,10
1643636635,440.87,440.87,440.87,440.87,440.87,0,0
1643636640,440.88,440.88,440.88,440.88,440.88,1,1
1643636645,440.91,440.91,440.91,440.91,440.91,30,1
1643636650,440.91,440.91,440.91,440.91,440.91,0,0
1643636655,440.91,440.91,440.91,440.91,440.91,0,0
1643636660,440.91,440.91,440.91,440.91,440.91,0,0
1643636665,440.94,440.94,440.9,440.9,440.935,8,3
1643636670,440.9,440.9,440.9,440.9,440.9,0,0
1643636675,440.96,440.96,440.96,440.96,440.96,1,1
1643636680,440.96,440.96,440.96,440.96,440.96,0,0
1643636685,440.96,440.96,440.96,440.96,440.96,0,0
1643636690,440.91,440.91,440.91,440.91,440.91,1,1
1643636695,440.91,440.91,440.91,440.91,440.91,0,0
1643636700,440.91,440.91,440.91,440.91,440.91,0,0
1643636705,441.01,441.01,441.01,441.01,441.01,2,1
1643636710,441.02,441.02,441.02,441.02,441.02,6,5
1643636715,441.0,441.01,441.0,441.01,441.004,18,6
1643636720,441.0,441.0,441.0,441.0,441.0,4,1
1643636725,441.0,441.0,441.0,441.0,441.0,0,0
1643636730,441.0,441.0,441.0,441.0,441.0,0,0
1643636735,441.0,441.0,441.0,441.0,441.0,0,0
1643636740,441.0,441.0,441.0,441.0,441.0,0,0
1643636745,440.92,440.92,440.92,440.92,440.92,10,2
1643636750,440.91,440.91,440.88,440.88,440.899,4,3
1643636755,440.91,440.91,440.91,440.91,440.91,12,1
1643636760,440.87,440.87,440.87,440.87,440.87,3,2
1643636765,440.84,440.84,440.81,440.81,440.813,12,4
1643636770,440.81,440.81,440.81,440.81,440.81,0,0
1643636775,440.81,440.81,440.81,440.81,440.81,0,0
1643636780,440.87,440.87,440.87,440.87,440.87,7,2
1643636785,440.89,440.91,440.89,440.91,440.903,5,4
1643636790,440.91,440.91,440.91,440.91,440.91,0,0
1643636795,440.91,440.91,440.91,440.91,440.91,0,0
1643636800,440.91,440.91,440.91,440.91,440.91,0,0
1643636805,440.91,440.91,440.91,440.91,440.91,0,0
1643636810,440.91,440.91,440.91,440.91,440.91,0,0
1643636815,440.83,440.83,440.83,440.83,440.83,2,2
1643636820,440.79,440.79,440.79,440.79,440.79,1,1
1643636825,440.79,440.79,440.79,440.79,440.79,0,0
1643636830,440.79,440.79,440.79,440.79,440.79,0,0
1643636835,440.75,440.75,440.74,440.74,440.748,6,3
1643636840,440.74,440.74,440.74,440.74,440.74,3,2
1643636845,440.74,440.74,440.74,440.74,440.74,0,0
1643636850,440.72,440.72,440.72,440.72,440.72,1,1
1643636855,440.74,440.74,440.7,440.7,440.729,24,8
1643636860,440.65,440.65,440.65,440.65,440.65,1,1
1643636865,440.64,440.65,440.58,440.59,440.618,33,11
1643636870,440.56,440.56,440.5,440.51,440.524,15,9
1643636875,440.47,440.51,440.47,440.5,440.482,29,10
1643636880,440.5,440.5,440.5,440.5,440.5,0,0
1643636885,440.56,440.61,440.56,440.61,440.573,6,5
1643636890,440.61,440.61,440.61,440.61,440.61,0,0
1643636895,440.66,440.66,440.66,440.66,440.66,5,1
1643636900,440.66,440.66,440.66,440.66,440.66,0,0
1643636905,440.69,440.69,440.69,440.69,440.69,25,6
1643636910,440.69,440.69,440.69,440.69,440.69,0,0
1643636915,440.69,440.69,440.69,440.69,440.69,0,0
1643636920,440.66,440.66,440.66,440.66,440.66,1,1
1643636925,440.67,440.68,440.67,440.67,440.67,2,1
1643636930,440.67,440.68,440.67,440.67,440.67,0,0
1643636935,440.7,440.7,440.66,440.66,440.683,16,11
1643636940,440.62,440.69,440.62,440.69,440.638,6,3
1643636945,440.69,440.69,440.69,440.69,440.69,0,0
1643636950,440.71,440.71,440.71,440.71,440.71,1,1
1643636955,440.74,440.76,440.74,440.76,440.742,40,11
1643636960,440.73,440.73,440.73,440.73,440.73,1,1
1643636965,440.73,440.73,440.73,440.73,440.73,0,0
1643636970,440.73,440.73,440.73,440.73,440.73,0,0
1643636975,440.76,440.76,440.73,440.73,440.753,4,2
1643636980,440.73,440.73,440.73,440.73,440.73,0,0
1643636985,440.71,440.74,440.71,440.74,440.726,21,7
1643636990,440.78,440.82,440.78,440.82,440.797,11,4
1643636995,440.82,440.82,440.82,440.82,440.82,0,0
1643637000,440.88,440.88,440.88,440.88,440.88,2,1
1643637005,440.9,440.92,440.88,440.92,440.899,4,3
1643637010,440.92,440.92,440.92,440.92,440.92,0,0
1643637015,440.94,440.94,440.94,440.94,440.94,1,1
1643637020,440.94,440.94,440.94,440.94,440.94,0,0
1643637025,440.92,440.92,440.92,440.92,440.92,3,1
1643637030,440.92,440.92,440.92,440.92,440.92,0,0
1643637035,440.99,441.0,440.99,441.0,440.997,14,3
1643637040,441.0,441.0,441.0,441.0,441.0,0,0
1643637045,440.97,440.97,440.94,440.94,440.942,16,6
1643637050,440.96,440.96,440.95,440.96,440.96,1,1
1643637055,440.96,440.96,440.95,440.96,440.96,0,0
1643637060,441.0,441.0,441.0,441.0,441.0,1,1
1643637065,441.0,441.0,441.0,441.0,441.0,0,0
1643637070,441.0,441.0,441.0,441.0,441.0,0,0
1643637075,441.02,441.02,441.0,441.0,441.005,4,2
1643637080,441.0,441.0,441.0,441.0,441.0,0,0
1643637085,440.93,440.95,440.93,440.94,440.947,13,4
1643637090,440.94,440.94,440.94,440.94,440.94,0,0
1643637095,440.96,441.0,440.96,441.0,440.988,6,3
1643637100,441.0,441.0,441.0,441.0,441.0,8,3
1643637105,441.01,441.04,441.01,441.04,441.015,5,3
1643637110,441.04,441.04,441.04,441.04,441.04,0,0
1643637115,441.04,441.04,441.04,441.04,441.04,0,0
1643637120,441.06,441.06,441.06,441.06,441.06,1,1
1643637125,441.06,441.06,441.06,441.06,441.06,0,0
1643637130,441.06,441.06,441.06,441.06,441.06,0,0
1643637135,441.06,441.06,441.06,441.06,441.06,1,1
1643637140,441.06,441.08,441.06,441.08,441.078,40,7
1643637145,441.06,441.06,441.04,441.04,441.046,25,8
1643637150,441.08,441.09,441.08,441.09,441.088,10,6
1643637155,441.05,441.05,441.05,441.05,441.05,2,1
1643637160,441.05,441.05,441.05,441.05,441.05,0,0
1643637165,441.05,441.05,441.05,441.05,441.05,0,0
1643637170,441.05,441.05,441.05,441.05,441.05,0,0
1643637175,441.05,441.05,441.05,441.05,441.05,0,0
1643637180,441.02,441.02,440.98,440.99,441.009,14,9
1643637185,441.07,441.07,441.07,441.07,441.07,41,7
1643637190,441.07,441.07,441.07,441.07,441.07,0,0
1643637195,441.14,441.14,441.14,441.14,441.14,7,2
1643637200,441.13,441.13,441.13,441.13,441.13,5,3
1643637205,441.15,441.16,441.13,441.16,441.141,32,13
1643637210,441.16,441.16,441.14,441.14,441.143,12,8
1643637215,441.11,441.11,441.11,441.11,441.11,1,1
1643637220,441.14,441.14,441.14,441.14,441.14,1,1
1643637225,441.12,441.12,441.11,441.11,441.117,3,3
1643637230,441.11,441.11,441.11,441.11,441.11,0,0
1643637235,441.06,441.06,441.06,441.06,441.06,1,1
1643637240,441.06,441.06,441.06,441.06,441.06,0,0
1643637245,441.06,441.06,441.06,441.06,441.06,0,0
1643637250,441.06,441.06,441.06,441.06,441.06,0,0
1643637255,441.06,441.06,441.06,441.06,441.06,0,0
1643637260,441.06,441.06,441.06,441.06,441.06,0,0
1643637265,440.92,440.92,440.92,440.92,440.92,1,1
1643637270,440.93,440.94,440.93,440.94,440.939,20,5
1643637275,440.89,440.89,440.89,440.89,440.89,3,1
1643637280,440.89,440.89,440.89,440.89,440.89,2,2
1643637285,440.83,440.83,440.83,440.83,440.83,1,1
1643637290,440.87,440.87,440.87,440.87,440.87,2,2
1643637295,440.88,440.88,440.88,440.88,440.88,1,1
1643637300,440.88,440.88,440.88,440.88,440.88,0,0
1643637305,440.9,440.9,440.85,440.85,440.86,9,4
1643637310,440.84,440.84,440.84,440.84,440.84,1,1
1643637315,440.83,440.83,440.81,440.81,440.817,3,3
1643637320,440.81,440.81,440.81,440.81,440.81,0,0
1643637325,440.82,440.82,440.82,440.82,440.82,1,1
1643637330,440.81,440.81,440.8,440.8,440.802,6,2
1643637335,440.84,440.85,440.84,440.85,440.845,2,2
1643637340,440.84,440.84,440.84,440.84,440.84,2,2
1643637345,440.84,440.84,440.84,440.84,440.84,0,0
1643637350,440.84,440.84,440.84,440.84,440.84,0,0
1643637355,440.83,440.83,440.83,440.83,440.83,1,1
1643637360,440.83,440.83,440.83,440.83,440.83,0,0
1643637365,440.83,440.83,440.83,440.83,440.83,0,0
1643637370,441.08,441.09,441.04,441.04,441.08,7,4
1643637375,441.1,441.1,441.1,441.1,441.1,4,1
1643637380,441.1,441.1,441.1,441.1,441.1,0,0
1643637385,441.1,441.1,441.1,441.1,441.1,0,0
1643637390,441.1,441.1,441.1,441.1,441.1,0,0
1643637395,441.1,441.1,441.1,441.1,441.1,0,0
1643637400,441.05,441.05,441.05,441.05,441.05,6,1
1643637405,441.06,441.06,441.06,441.06,441.06,1,1
1643637410,441.08,441.08,441.08,441.08,441.08,2,1
1643637415,441.1,441.11,441.06,441.06,441.103,59,21
1643637420,441.03,441.08,441.03,441.08,441.045,51,16
1643637425,441.08,441.08,441.08,441.08,441.08,0,0
1643637430,440.97,440.99,440.97,440.99,440.978,17,6
1643637435,440.99,440.99,440.97,440.99,440.982,26,6
1643637440,440.99,440.99,440.99,440.99,440.99,0,0
1643637445,440.99,440.99,440.99,440.99,440.99,0,0
1643637450,440.99,440.99,440.99,440.99,440.99,0,0
1643637455,440.98,440.98,440.98,440.98,440.98,1,1
1643637460,441.04,441.04,441.04,441.04,441.04,1,1
1643637465,441.04,441.04,441.04,441.04,441.04,0,0
1643637470,441.04,441.04,441.04,441.04,441.04,0,0
1643637475,441.04,441.04,440.99,440.99,441.03,4,3
1643637480,440.99,440.99,440.99,440.99,440.99,1,1
1643637485,440.99,440.99,440.99,440.99,440.99,0,0
1643637490,440.99,440.99,440.99,440.99,440.99,0,0
1643637495,440.99,440.99,440.99,440.99,440.99,0,0
1643637500,441.01,441.04,441.01,441.04,441.035,52,9
1643637505,441.04,441.04,441.04,441.04,441.04,0,0
1643637510,440.99,440.99,440.99,440.99,440.99,6,2
1643637515,440.99,440.99,440.99,440.99,440.99,0,0
1643637520,440.93,440.93,440.93,440.93,440.93,5,2
1643637525,440.93,440.93,440.93,440.93,440.93,0,0
1643637530,440.93,440.93,440.93,440.93,440.93,0,0
1643637535,440.99,440.99,440.99,440.99,440.99,1,1
1643637540,440.92,440.92,440.92,440.92,440.92,10,2
1643637545,440.92,440.92,440.92,440.92,440.92,0,0
1643637550,440.94,440.94,440.94,440.94,440.94,1,1
1643637555,440.94,440.94,440.94,440.94,440.94,0,0
1643637560,440.94,440.94,440.94,440.94,440.94,0,0
1643637565,440.94,440.94,440.94,440.94,440.94,0,0
1643637570,440.88,440.89,440.88,440.89,440.881,14,5
1643637575,440.89,440.89,440.89,440.89,440.89,0,0
1643637580,440.95,440.95,440.95,440.95,440.95,1,1
1643637585,440.92,440.92,440.9,440.92,440.918,11,6
1643637590,440.92,440.96,440.92,440.96,440.943,5,3
1643637595,440.96,440.96,440.96,440.96,440.96,0,0
1643637600,440.94,440.94,440.94,440.94,440.94,1,1
1643637605,440.94,440.94,440.94,440.94,440.94,0,0
1643637610,440.84,440.84,440.83,440.83,440.835,2,2
1643637615,440.83,440.83,440.83,440.83,440.83,0,0
1643637620,440.83,440.83,440.83,440.83,440.83,0,0
1643637625,440.7,440.7,440.68,440.68,440.696,13,3
1643637630,440.71,440.71,440.69,440.69,440.696,3,2
1643637635,440.68,440.68,440.68,440.68,440.68,10,1
1643637640,440.68,440.68,440.68,440.68,440.68,0,0
1643637645,440.72,440.72,440.72,440.72,440.72,3,3
1643637650,440.72,440.72,440.71,440.71,440.72,28,6
1643637655,440.71,440.71,440.71,440.71,440.71,0,0
1643637660,440.74,440.74,440.74,440.74,440.74,1,1
1643637665,440.74,440.76,440.73,440.73,440.742,6,6
1643637670,440.72,440.72,440.72,440.72,440.72,2,2
1643637675,440.72,440.72,440.72,440.72,440.72,0,0
1643637680,440.62,440.63,440.62,440.62,440.622,9,5
1643637685,440.62,440.62,440.62,440.62,440.62,0,0
1643637690,440.62,440.62,440.62,440.62,440.62,0,0
1643637695,440.75,440.75,440.68,440.68,440.712,32,3
1643637700,440.68,440.68,440.68,440.68,440.68,0,0
1643637705,440.68,440.68,440.68,440.68,440.68,0,0
1643637710,440.68,440.68,440.68,440.68,440.68,0,0
1643637715,440.68,440.68,440.68,440.68,440.68,0,0
1643637720,440.71,440.76,440.71,440.76,440.735,4,3
1643637725,440.81,440.82,440.78,440.82,440.791,12,7
1643637730,440.75,440.75,440.75,440.75,440.75,1,1
1643637735,440.75,440.75,440.75,440.75,440.75,0,0
1643637740,440.8,440.8,440.8,440.8,440.8,29,6
1643637745,440.8,440.81,440.76,440.76,440.799,11,5
1643637750,440.74,440.76,440.74,440.76,440.751,12,3
1643637755,440.75,440.75,440.75,440.75,440.75,26,6
1643637760,440.75,440.76,440.75,440.75,440.758,25,5
1643637765,440.75,440.76,440.75,440.76,440.75,193,30
1643637770,440.76,440.76,440.76,440.76,440.76,0,0
1643637775,440.76,440.76,440.76,440.76,440.76,0,0
1643637780,440.76,440.76,440.76,440.76,440.76,0,0
1643637785,440.76,440.76,440.76,440.76,440.76,0,0
1643637790,440.76,440.76,440.76,440.76,440.76,0,0
1643637795,440.76,440.76,440.76,440.76,440.76,0,0
1643637800,440.89,440.89,440.89,440.89,440.89,1,1
1643637805,440.89,440.89,440.89,440.89,440.89,0,0
1643637810,440.89,440.89,440.89,440.89,440.89,0,0
1643637815,440.89,440.89,440.89,440.89,440.89,0,0
1643637820,440.89,440.89,440.89,440.89,440.89,0,0
1643637825,440.89,440.89,440.89,440.89,440.89,0,0
1643637830,440.89,440.89,440.89,440.89,440.89,0,0
1643637835,440.89,440.89,440.89,440.89,440.89,0,0
1643637840,440.95,440.95,440.95,440.95,440.95,19,5
1643637845,440.95,440.95,440.95,440.95,440.95,0,0
1643637850,440.98,440.99,440.98,440.98,440.981,14,5
1643637855,441.02,441.02,441.02,441.02,441.02,5,1
1643637860,441.04,441.06,441.04,441.04,441.052,52,14
1643637865,441.02,441.02,441.02,441.02,441.02,2,1
1643637870,441.03,441.04,441.02,441.04,441.032,17,6
1643637875,441.03,441.04,441.03,441.03,441.03,3,1
1643637880,441.03,441.03,441.03,441.03,441.03,10,6
1643637885,440.95,440.98,440.95,440.97,440.964,18,5
1643637890,440.97,440.97,440.97,440.97,440.97,0,0
1643637895,441.0,441.0,441.0,441.0,441.0,5,1
1643637900,441.01,441.01,441.01,441.01,441.01,1,1
1643637905,441.01,441.01,441.01,441.01,441.01,6,4
1643637910,441.04,441.04,441.04,441.04,441.04,2,1
1643637915,441.03,441.03,441.03,441.03,441.03,1,1
1643637920,441.04,441.04,441.04,441.04,441.04,2,1
1643637925,441.04,441.04,441.04,441.04,441.04,9,4
1643637930,441.04,441.04,441.04,441.04,441.04,1,1
1643637935,441.04,441.04,441.04,441.04,441.04,0,0
1643637940,441.04,441.04,441.04,441.04,441.04,0,0
1643637945,441.04,441.04,441.04,441.04,441.04,0,0
1643637950,441.04,441.04,441.04,441.04,441.04,0,0
1643637955,441.01,441.01,441.01,441.01,441.01,5,1
1643637960,441.1,441.11,441.1,441.11,441.107,3,2
1643637965,441.12,441.12,441.12,441.12,441.12,2,2
1643637970,441.12,441.12,441.12,441.12,441.12,0,0
1643637975,441.12,441.12,441.12,441.12,441.12,0,0
1643637980,441.12,441.12,441.12,441.12,441.12,0,0
1643637985,441.16,441.17,441.11,441.14,441.147,241,53
1643637990,441.14,441.14,441.14,441.14,441.14,0,0
1643637995,441.15,441.15,441.15,441.15,441.15,3,1
1643638000,441.15,441.15,441.15,441.15,441.15,0,0
1643638005,441.15,441.15,441.15,441.15,441.15,0,0
1643638010,441.15,441.15,441.15,441.15,441.15,86,34
1643638015,441.15,441.15,441.15,441.15,441.15,0,0
1643638020,441.15,441.15,441.12,441.12,441.13,22,8
1643638025,441.12,441.14,441.12,441.14,441.13,4,2
1643638030,441.16,441.16,441.16,441.16,441.16,2,1
1643638035,441.19,441.19,441.19,441.19,441.19,1,1
1643638040,441.19,441.19,441.19,441.19,441.19,0,0
1643638045,441.19,441.19,441.19,441.19,441.19,1,1
1643638050,441.19,441.19,441.19,441.19,441.19,0,0
1643638055,441.19,441.19,441.19,441.19,441.19,10,5
1643638060,441.19,441.19,441.19,441.19,441.19,0,0
1643638065,441.17,441.2,441.17,441.2,441.189,7,5
1643638070,441.2,441.2,441.2,441.2,441.2,0,0
1643638075,441.2,441.2,441.2,441.2,441.2,0,0
1643638080,441.18,441.18,441.18,441.18,441.18,3,2
1643638085,441.19,441.2,441.19,441.19,441.195,30,11
1643638090,441.19,441.19,441.19,441.19,441.19,0,0
1643638095,441.22,441.29,441.22,441.26,441.271,65,19
1643638100,441.26,441.26,441.26,441.26,441.26,6,2
1643638105,441.25,441.25,441.23,441.23,441.242,2,2
1643638110,441.22,441.22,441.22,441.22,441.22,21,4
1643638115,441.22,441.22,441.22,441.22,441.22,1,1
1643638120,441.24,441.24,441.24,441.24,441.24,1,1
1643638125,441.25,441.25,441.25,441.25,441.25,19,2
1643638130,441.26,441.26,441.26,441.26,441.26,1,1
1643638135,441.26,441.26,441.26,441.26,441.26,1,1
1643638140,441.24,441.24,441.24,441.24,441.24,1,1
1643638145,441.27,441.27,441.27,441.27,441.27,1,1
1643638150,441.28,441.3,441.28,441.3,441.288,10,4
1643638155,441.33,441.34,441.33,441.33,441.332,7,4
1643638160,441.31,441.31,441.3,441.3,441.308,4,2
1643638165,441.3,441.3,441.29,441.29,441.298,6,4
1643638170,441.28,441.28,441.28,441.28,441.28,27,3
1643638175,441.28,441.28,441.28,441.28,441.28,0,0
1643638180,441.28,441.28,441.28,441.28,441.28,0,0
1643638185,441.22,441.22,441.18,441.18,441.192,10,5
1643638190,441.18,441.18,441.18,441.18,441.18,0,0
1643638195,441.18,441.18,441.18,441.18,441.18,0,0
1643638200,441.2,441.2,441.2,441.2,441.2,1,1
1643638205,441.19,441.19,441.19,441.19,441.19,1,1
1643638210,441.19,441.19,441.19,441.19,441.19,0,0
1643638215,441.16,441.16,441.15,441.15,441.157,3,3
1643638220,441.15,441.15,441.15,441.15,441.15,0,0
1643638225,441.15,441.15,441.15,441.15,441.15,0,0
1643638230,441.15,441.15,441.15,441.15,441.15,0,0
1643638235,441.15,441.15,441.15,441.15,441.15,0,0
1643638240,441.15,441.15,441.15,441.15,441.15,1,1
1643638245,441.15,441.15,441.15,441.15,441.15,0,0
1643638250,441.15,441.15,441.15,441.15,441.15,0,0
1643638255,441.15,441.15,441.15,441.15,441.15,0,0
1643638260,441.12,441.12,441.12,441.12,441.12,1,1
1643638265,441.19,441.19,441.19,441.19,441.19,1,1
1643638270,441.19,441.19,441.19,441.19,441.19,0,0
1643638275,441.14,441.14,441.14,441.14,441.14,1,1
1643638280,441.14,441.14,441.14,441.14,441.14,0,0
1643638285,441.14,441.14,441.14,441.14,441.14,0,0
1643638290,441.16,441.16,441.16,441.16,441.16,4,3
1643638295,441.15,441.15,441.15,441.15,441.15,2,1
1643638300,441.15,441.15,441.13,441.14,441.146,3,2
1643638305,441.14,441.14,441.13,441.14,441.14,0,0
1643638310,441.15,441.17,441.15,441.16,441.166,29,9
1643638315,441.16,441.16,441.16,441.16,441.16,0,0
1643638320,441.11,441.11,441.11,441.11,441.11,21,5
1643638325,441.11,441.11,441.11,441.11,441.11,0,0
1643638330,441.11,441.11,441.11,441.11,441.11,0,0
1643638335,441.11,441.11,441.11,441.11,441.11,2,2
1643638340,441.09,441.1,441.08,441.08,441.095,8,5
1643638345,441.08,441.08,441.08,441.08,441.08,0,0
1643638350,441.08,441.08,441.08,441.08,441.08,0,0
1643638355,441.04,441.04,441.02,441.02,441.027,3,2
1643638360,441.02,441.02,441.02,441.02,441.02,0,0
1643638365,441.02,441.02,441.02,441.02,441.02,0,0
1643638370,441.1,441.1,441.1,441.1,441.1,2,2
1643638375,441.1,441.1,441.1,441.1,441.1,0,0
1643638380,441.1,441.1,441.1,441.1,441.1,0,0
1643638385,441.1,441.1,441.1,441.1,441.1,0,0
1643638390,441.07,441.07,441.07,441.07,441.07,2,2
1643638395,441.04,441.04,441.02,441.02,441.037,13,4
1643638400,441.04,441.04,441.03,441.03,441.034,5,2
1643638405,441.03,441.03,441.03,441.03,441.03,1,1
1643638410,441.0,441.0,441.0,441.0,441.0,3,2
1643638415,440.98,440.98,440.98,440.98,440.98,1,1
1643638420,440.98,440.98,440.98,440.98,440.98,0,0
1643638425,440.94,440.94,440.89,440.89,440.913,10,5
1643638430,440.85,440.89,440.85,440.86,440.865,6,3
1643638435,440.86,440.86,440.86,440.86,440.86,0,0
1643638440,440.9,440.9,440.9,440.9,440.9,19,2
1643638445,440.9,440.9,440.9,440.9,440.9,0,0
1643638450,440.89,440.89,440.89,440.89,440.89,3,2
1643638455,440.87,440.87,440.87,440.87,440.87,3,3
1643638460,440.86,440.86,440.86,440.86,440.86,15,5
1643638465,440.86,440.86,440.86,440.86,440.86,0,0
1643638470,440.86,440.86,440.86,440.86,440.86,0,0
1643638475,440.94,440.94,440.94,440.94,440.94,1,1
1643638480,440.94,440.94,440.94,440.94,440.94,0,0
1643638485,440.9,440.9,440.9,440.9,440.9,5,4
1643638490,440.9,440.9,440.9,440.9,440.9,0,0
1643638495,440.83,440.83,440.82,440.82,440.822,12,12
1643638500,440.82,440.82,440.82,440.82,440.82,0,0
1643638505,440.82,440.82,440.82,440.82,440.82,0,0
1643638510,440.9,440.9,440.9,440.9,440.9,4,1
1643638515,440.84,440.84,440.79,440.79,440.817,10,7
1643638520,440.8,440.8,440.76,440.76,440.77,6,6
1643638525,440.76,440.76,440.76,440.76,440.76,0,0
1643638530,440.76,440.76,440.76,440.76,440.76,0,0
1643638535,440.76,440.76,440.76,440.76,440.76,0,0
1643638540,440.76,440.76,440.76,440.76,440.76,0,0
1643638545,440.8,440.81,440.8,440.81,440.804,10,5
1643638550,440.83,440.83,440.83,440.83,440.83,20,1
1643638555,440.76,440.76,440.76,440.76,440.76,4,4
1643638560,440.76,440.76,440.76,440.76,440.76,0,0
1643638565,440.77,440.77,440.76,440.76,440.769,22,5
1643638570,440.72,440.73,440.72,440.72,440.72,12,3
1643638575,440.73,440.74,440.73,440.74,440.735,11,3
1643638580,440.74,440.74,440.74,440.74,440.74,0,0
1643638585,440.7,440.7,440.7,440.7,440.7,2,2
1643638590,440.7,440.7,440.7,440.7,440.7,0,0
1643638595,440.7,440.7,440.7,440.7,440.7,0,0
1643638600,440.85,440.85,440.83,440.84,440.84,23,7
1643638605,440.84,440.84,440.84,440.84,440.84,0,0
1643638610,440.87,440.87,440.87,440.87,440.87,10,4
1643638615,440.86,440.86,440.86,440.86,440.86,10,6
1643638620,440.86,440.86,440.86,440.86,440.86,0,0
1643638625,440.86,440.86,440.83,440.83,440.832,15,6
1643638630,440.83,440.83,440.83,440.83,440.83,0,0
1643638635,440.89,440.89,440.89,440.89,440.89,27,6
1643638640,440.89,440.89,440.89,440.89,440.89,1,1
1643638645,440.89,440.89,440.89,440.89,440.89,0,0
1643638650,440.89,440.89,440.89,440.89,440.89,0,0
1643638655,440.89,440.89,440.89,440.89,440.89,0,0
1643638660,440.89,440.89,440.89,440.89,440.89,0,0
1643638665,441.0,441.0,441.0,441.0,441.0,2,2
1643638670,441.0,441.0,440.98,440.98,440.99,13,9
1643638675,440.98,440.98,440.98,440.98,440.98,0,0
1643638680,440.96,441.0,440.96,440.96,440.964,19,14
1643638685,440.96,440.97,440.94,440.94,440.962,24,9
1643638690,440.94,440.94,440.94,440.94,440.94,0,0
1643638695,440.94,440.94,440.94,440.94,440.94,0,0
1643638700,440.93,440.93,440.93,440.93,440.93,1,1
1643638705,440.92,440.96,440.92,440.96,440.95,22,9
1643638710,440.99,441.0,440.99,441.0,440.997,4,2
1643638715,440.97,440.97,440.97,440.97,440.97,5,3
1643638720,440.97,440.97,440.97,440.97,440.97,0,0
1643638725,440.97,440.97,440.97,440.97,440.97,0,0
1643638730,440.97,440.97,440.97,440.97,440.97,0,0
1643638735,440.94,440.94,440.93,440.93,440.937,3,2
1643638740,440.9,440.9,440.89,440.89,440.896,5,5
1643638745,440.9,440.9,440.86,440.86,440.888,20,14
1643638750,440.83,440.83,440.83,440.83,440.83,2,2
1643638755,440.8,440.8,440.8,440.8,440.8,1,1
1643638760,440.76,440.76,440.74,440.74,440.746,3,2
1643638765,440.77,440.77,440.76,440.76,440.768,11,2
1643638770,440.74,440.74,440.74,440.74,440.74,10,7
1643638775,440.72,440.72,440.72,440.72,440.72,1,1
1643638780,440.72,440.76,440.72,440.76,440.735,5,2
1643638785,440.76,440.76,440.75,440.75,440.757,11,9
1643638790,440.75,440.75,440.75,440.75,440.75,0,0
1643638795,440.74,440.74,440.74,440.74,440.74,1,1
1643638800,440.72,440.73,440.72,440.72,440.722,14,14
1643638805,440.72,440.72,440.72,440.72,440.72,0,0
1643638810,440.75,440.75,440.74,440.74,440.745,2,2
1643638815,440.77,440.77,440.77,440.77,440.77,1,1
1643638820,440.77,440.77,440.77,440.77,440.77,1,1
1643638825,440.82,440.82,440.82,440.82,440.82,1,1
1643638830,440.82,440.82,440.82,440.82,440.82,0,0
1643638835,440.79,440.79,440.71,440.71,440.718,17,10
1643638840,440.7,440.7,440.7,440.7,440.7,9,1
1643638845,440.65,440.65,440.65,440.65,440.65,69,19
1643638850,440.65,440.65,440.65,440.65,440.65,0,0
1643638855,440.63,440.63,440.6,440.6,440.624,10,10
1643638860,440.56,440.56,440.56,440.56,440.56,5,5
1643638865,440.56,440.58,440.51,440.51,440.529,75,24
1643638870,440.51,440.51,440.51,440.51,440.51,5,3
1643638875,440.5,440.54,440.5,440.54,440.51,14,4
1643638880,440.54,440.54,440.54,440.54,440.54,0,0
1643638885,440.55,440.55,440.5,440.51,440.515,6,4
1643638890,440.5,440.5,440.5,440.5,440.5,15,4
1643638895,440.51,440.51,440.49,440.49,440.495,4,3
1643638900,440.49,440.49,440.49,440.49,440.49,0,0
1643638905,440.51,440.51,440.51,440.51,440.51,2,2
1643638910,440.49,440.49,440.49,440.49,440.49,39,12
1643638915,440.49,440.49,440.48,440.49,440.488,56,20
1643638920,440.48,440.48,440.48,440.48,440.48,1,1
1643638925,440.54,440.54,440.54,440.54,440.54,4,1
1643638930,440.54,440.54,440.54,440.54,440.54,0,0
1643638935,440.57,440.62,440.56,440.62,440.603,22,4
1643638940,440.6,440.6,440.57,440.57,440.585,12,6
1643638945,440.54,440.54,440.45,440.47,440.485,41,38
1643638950,440.47,440.47,440.47,440.47,440.47,0,0
1643638955,440.48,440.49,440.48,440.48,440.485,19,8
1643638960,440.48,440.48,440.48,440.48,440.48,0,0
1643638965,440.57,440.57,440.57,440.57,440.57,2,1
1643638970,440.54,440.54,440.54,440.54,440.54,4,1
1643638975,440.54,440.54,440.5,440.52,440.512,25,9
1643638980,440.52,440.52,440.52,440.52,440.52,0,0
1643638985,440.52,440.52,440.52,440.52,440.52,0,0
1643638990,440.52,440.52,440.52,440.52,440.52,0,0
1643638995,440.52,440.52,440.52,440.52,440.52,0,0
1643639000,440.58,440.58,440.57,440.57,440.579,11,5
1643639005,440.57,440.59,440.57,440.59,440.589,15,4
1643639010,440.57,440.57,440.57,440.57,440.57,8,6
1643639015,440.57,440.57,440.57,440.57,440.57,0,0
1643639020,440.57,440.57,440.57,440.57,440.57,0,0
1643639025,440.6,440.64,440.6,440.64,440.631,19,3
1643639030,440.64,440.64,440.64,440.64,440.64,0,0
1643639035,440.64,440.64,440.61,440.61,440.619,10,5
1643639040,440.61,440.61,440.61,440.61,440.61,0,0
1643639045,440.61,440.61,440.61,440.61,440.61,0,0
1643639050,440.66,440.66,440.66,440.66,440.66,3,1
1643639055,440.65,440.67,440.64,440.66,440.66,26,6
1643639060,440.61,440.62,440.6,440.6,440.608,8,4
1643639065,440.6,440.6,440.6,440.6,440.6,0,0
1643639070,440.6,440.61,440.6,440.61,440.602,14,6
1643639075,440.62,440.62,440.61,440.61,440.619,11,2
1643639080,440.61,440.61,440.61,440.61,440.61,0,0
1643639085,440.61,440.61,440.61,440.61,440.61,0,0
1643639090,440.65,440.65,440.65,440.65,440.65,1,1
1643639095,440.72,440.72,440.72,440.72,440.72,3,3
1643639100,440.69,440.69,440.69,440.69,440.69,6,3
1643639105,440.72,440.72,440.72,440.72,440.72,3,1
1643639110,440.73,440.73,440.73,440.73,440.73,2,2
1643639115,440.8,440.8,440.8,440.8,440.8,20,3
1643639120,440.79,440.8,440.79,440.79,440.795,47,12
1643639125,440.77,440.8,440.77,440.77,440.781,20,6
1643639130,440.79,440.81,440.79,440.8,440.798,46,16
1643639135,440.8,440.8,440.8,440.8,440.8,24,6
1643639140,440.83,440.83,440.83,440.83,440.83,2,1
1643639145,440.8,440.82,440.79,440.82,440.801,10,4
1643639150,440.83,440.83,440.79,440.8,440.808,37,7
1643639155,440.8,440.8,440.8,440.8,440.8,0,0
1643639160,440.79,440.82,440.79,440.82,440.803,47,10
1643639165,440.78,440.79,440.78,440.78,440.78,2,1
1643639170,440.8,440.8,440.8,440.8,440.8,11,4
1643639175,440.92,440.94,440.92,440.94,440.928,4,3
1643639180,440.94,440.94,440.94,440.94,440.94,0,0
1643639185,440.92,440.92,440.89,440.89,440.908,12,4
1643639190,440.84,440.87,440.84,440.86,440.847,14,5
1643639195,440.84,440.89,440.84,440.89,440.887,16,5
1643639200,440.91,440.91,440.91,440.91,440.91,1,1
1643639205,440.91,440.91,440.91,440.91,440.91,0,0
1643639210,440.92,440.92,440.92,440.92,440.92,1,1
1643639215,440.92,440.94,440.92,440.93,440.939,24,10
1643639220,440.92,440.92,440.92,440.92,440.92,1,1
1643639225,440.92,440.92,440.92,440.92,440.92,0,0
1643639230,441.0,441.0,440.99,440.99,440.998,12,4
1643639235,440.96,440.96,440.96,440.96,440.96,12,5
1643639240,440.91,440.91,440.85,440.9,440.904,25,11
1643639245,440.86,440.86,440.85,440.85,440.852,12,6
1643639250,440.85,440.85,440.82,440.82,440.825,66,13
1643639255,440.82,440.82,440.82,440.82,440.82,0,0
1643639260,440.87,440.87,440.87,440.87,440.87,10,2
1643639265,440.88,440.88,440.88,440.88,440.88,10,3
1643639270,440.92,440.92,440.92,440.92,440.92,5,1
1643639275,440.99,440.99,440.98,440.98,440.986,4,2
1643639280,440.97,441.04,440.97,441.04,440.997,54,12
1643639285,441.07,441.08,441.04,441.08,441.05,18,7
1643639290,441.08,441.13,441.08,441.13,441.118,44,12
1643639295,441.09,441.09,441.08,441.08,441.083,40,24
1643639300,441.08,441.08,441.08,441.08,441.08,0,0
1643639305,441.07,441.1,441.07,441.09,441.088,25,9
1643639310,441.09,441.17,441.09,441.17,441.147,54,16
1643639315,441.17,441.17,441.17,441.17,441.17,3,2
1643639320,441.16,441.17,441.11,441.14,441.153,70,21
1643639325,441.11,441.11,441.08,441.08,441.098,38,11
1643639330,441.08,441.1,441.06,441.1,441.075,52,15
1643639335,441.07,441.07,441.03,441.03,441.032,18,8
1643639340,441.04,441.09,441.04,441.09,441.077,38,12
1643639345,441.08,441.08,441.05,441.05,441.076,30,15
1643639350,441.06,441.06,441.06,441.06,441.06,5,1
1643639355,441.08,441.08,441.06,441.06,441.066,35,13
1643639360,441.06,441.07,441.06,441.07,441.068,19,5
1643639365,441.06,441.07,441.05,441.06,441.056,10,6
1643639370,441.06,441.06,440.99,441.03,441.007,86,19
1643639375,441.03,441.04,440.91,440.91,441.007,22,6
1643639380,440.94,440.95,440.91,440.91,440.922,35,13
1643639385,441.06,441.17,441.05,441.17,441.099,42,9
1643639390,441.2,441.22,441.11,441.12,441.139,56,15
1643639395,441.08,441.27,441.08,441.27,441.153,178,37
1643639400,441.24,441.44,440.87,441.09,441.284,4287,833
1643639405,441.14,441.16,440.9,440.97,441.057,580,276
1643639410,440.96,441.0,440.75,440.79,440.844,958,376
1643639415,440.78,440.87,440.74,440.87,440.808,909,272
1643639420,440.83,441.04,440.83,441.0,440.929,383,190
1643639425,441.01,441.05,440.74,440.85,440.894,531,261
1643639430,440.86,440.86,440.67,440.75,440.741,659,187
1643639435,440.76,440.81,440.57,440.76,440.696,398,244
1643639440,440.77,441.09,440.75,440.95,440.965,410,217
1643639445,440.96,441.04,440.94,441.0,440.998,123,68
1643639450,441.02,441.14,440.98,441.14,441.058,163,70
1643639455,441.15,441.18,441.05,441.15,441.104,142,110
1643639460,441.16,441.26,441.05,441.17,441.187,631,385
1643639465,441.17,441.2,440.97,441.1,441.105,407,254
1643639470,441.1,441.14,440.89,440.9,441.034,716,399
1643639475,440.9,440.92,440.7,440.89,440.833,937,449
1643639480,440.9,440.93,440.66,440.67,440.792,553,292
1643639485,440.66,440.71,440.51,440.59,440.624,504,318
1643639490,440.59,440.64,440.44,440.52,440.537,379,255
1643639495,440.52,440.61,440.28,440.35,440.451,1035,691
1643639500,440.36,440.36,440.16,440.18,440.255,398,289
1643639505,440.19,440.3,440.14,440.14,440.203,371,246
1643639510,440.15,440.27,440.03,440.21,440.148,572,367
1643639515,440.21,440.32,440.16,440.26,440.251,224,154
1643639520,440.28,440.29,440.06,440.09,440.216,601,422
1643639525,440.09,440.11,439.92,439.99,440.002,485,351
1643639530,440.0,440.03,439.84,439.96,439.915,475,349
1643639535,439.94,439.96,439.83,439.87,439.901,374,250
1643639540,439.9,440.02,439.81,439.89,439.935,324,252
1643639545,439.89,440.04,439.89,439.99,439.973,245,190
1643639550,440.0,440.12,439.86,439.89,439.957,580,323
1643639555,439.88,440.03,439.85,439.99,439.922,255,177
1643639560,440.01,440.16,439.97,440.08,440.093,326,228
1643639565,440.12,440.16,440.02,440.08,440.093,289,165
1643639570,440.1,440.17,440.05,440.06,440.124,387,232
1643639575,440.07,440.09,440.01,440.04,440.039,209,100
1643639580,440.03,440.41,440.03,440.29,440.233,860,598
1643639585,440.28,440.49,440.25,440.4,440.411,956,486
1643639590,440.39,440.43,440.32,440.39,440.388,506,384
1643639595,440.4,440.4,440.2,440.2,440.311,287,213
1643639600,440.2,440.43,440.18,440.4,440.288,343,261
1643639605,440.39,440.53,440.37,440.49,440.444,291,242
1643639610,440.48,440.53,440.36,440.4,440.469,322,256
1643639615,440.38,440.45,440.32,440.34,440.402,410,295
1643639620,440.3,440.39,440.23,440.33,440.327,494,312
1643639625,440.33,440.42,440.26,440.31,440.345,186,147
1643639630,440.32,440.42,440.32,440.37,440.38,134,106
1643639635,440.4,440.6,440.4,440.6,440.49,179,135
1643639640,440.59,440.85,440.59,440.82,440.73,482,264
1643639645,440.84,441.0,440.84,440.97,440.923,242,171
1643639650,440.95,441.08,440.9,440.93,440.995,604,379
1643639655,440.93,441.05,440.83,441.02,440.911,303,244
1643639660,441.03,441.04,440.85,440.94,440.932,299,204
1643639665,440.95,441.11,440.94,441.11,441.002,290,174
1643639670,441.11,441.35,441.11,441.33,441.248,294,219
1643639675,441.35,441.4,441.28,441.39,441.343,209,171
1643639680,441.4,441.42,441.27,441.38,441.363,299,212
1643639685,441.37,441.41,441.3,441.33,441.356,275,200
1643639690,441.34,441.59,441.27,441.56,441.43,895,683
1643639695,441.57,441.68,441.55,441.66,441.635,323,229
1643639700,441.66,441.78,441.6,441.74,441.694,584,375
1643639705,441.75,441.76,441.46,441.47,441.645,598,347
1643639710,441.46,441.62,441.45,441.59,441.547,341,257
1643639715,441.62,441.64,441.5,441.54,441.555,278,199
1643639720,441.56,441.73,441.54,441.73,441.6,663,470
1643639725,441.73,441.88,441.73,441.87,441.824,565,312
1643639730,441.86,441.91,441.77,441.91,441.866,453,253
1643639735,441.91,441.93,441.85,441.88,441.904,495,319
1643639740,441.86,441.92,441.79,441.9,441.878,277,212
1643639745,441.91,442.01,441.87,441.96,441.952,414,270
1643639750,441.96,441.97,441.84,441.94,441.923,339,211
1643639755,441.95,441.96,441.89,441.94,441.921,125,101
1643639760,441.93,441.94,441.65,441.7,441.798,384,275
1643639765,441.71,441.84,441.66,441.83,441.732,325,252
1643639770,441.81,441.82,441.65,441.71,441.717,319,217
1643639775,441.7,441.8,441.68,441.69,441.726,246,183
1643639780,441.73,441.75,441.61,441.73,441.673,395,267
1643639785,441.73,442.01,441.73,441.99,441.906,330,223
1643639790,441.98,442.03,441.82,441.94,441.98,366,258
1643639795,441.95,442.03,441.83,441.99,441.957,279,150
1643639800,442.01,442.02,441.94,442.0,441.996,264,159
1643639805,442.0,442.02,441.91,441.98,441.974,180,132
1643639810,441.98,442.04,441.95,442.0,441.981,405,238
1643639815,442.0,442.11,441.84,441.88,442.026,375,241
1643639820,441.88,441.96,441.83,441.84,441.916,272,218
1643639825,441.88,442.01,441.87,441.91,441.955,233,182
1643639830,441.95,442.02,441.91,441.95,441.984,176,159
1643639835,441.97,442.09,441.9,441.92,442.022,402,226
1643639840,441.92,441.99,441.81,441.88,441.917,153,121
1643639845,441.9,441.94,441.63,441.71,441.757,269,192
1643639850,441.71,441.79,441.65,441.71,441.705,309,242
1643639855,441.69,441.84,441.64,441.67,441.73,262,185
1643639860,441.68,441.69,441.44,441.45,441.606,346,232
1643639865,441.56,441.57,441.43,441.52,441.496,884,753
1643639870,441.51,441.62,441.49,441.59,441.567,354,278
1643639875,441.6,441.71,441.56,441.65,441.63,202,144
1643639880,441.65,441.78,441.56,441.63,441.645,324,260
1643639885,441.62,441.78,441.62,441.7,441.702,357,226
1643639890,441.7,441.85,441.69,441.85,441.753,387,335
1643639895,441.84,441.84,441.61,441.66,441.707,294,257
1643639900,441.66,441.69,441.51,441.53,441.612,264,169
1643639905,441.57,441.66,441.55,441.61,441.591,235,157
1643639910,441.62,441.75,441.61,441.73,441.681,186,137
1643639915,441.75,441.77,441.65,441.69,441.705,282,251
1643639920,441.69,441.7,441.57,441.63,441.616,297,218
1643639925,441.61,441.61,441.46,441.54,441.525,195,148
1643639930,441.54,441.57,441.39,441.5,441.471,243,179
1643639935,441.51,441.68,441.47,441.68,441.589,231,139
1643639940,441.69,441.92,441.68,441.89,441.801,565,422
1643639945,441.9,442.21,441.87,441.96,441.955,545,348
1643639950,441.96,441.96,441.67,441.71,441.834,336,251
1643639955,441.71,441.86,441.68,441.68,441.781,220,158
1643639960,441.68,441.73,441.6,441.7,441.673,185,155
1643639965,441.72,441.8,441.66,441.67,441.734,141,103
1643639970,441.67,441.75,441.6,441.68,441.682,162,109
1643639975,441.67,441.79,441.6,441.75,441.674,153,102
1643639980,441.75,441.76,441.7,441.75,441.737,127,84
1643639985,441.79,441.9,441.78,441.89,441.828,136,98
1643639990,441.88,441.96,441.87,441.95,441.91,105,81
1643639995,441.96,442.0,441.89,441.99,441.971,300,201
1643640000,442.01,442.06,441.93,441.97,442.008,410,303
1643640005,442.0,442.03,441.91,442.01,441.982,200,162
1643640010,442.01,442.07,441.98,442.04,442.026,172,138
1643640015,442.05,442.11,442.03,442.1,442.061,261,144
1643640020,442.09,442.11,442.06,442.1,442.091,177,130
1643640025,442.1,442.17,442.04,442.16,442.114,237,202
1643640030,442.18,442.25,442.16,442.24,442.194,166,138
1643640035,442.23,442.24,442.16,442.24,442.203,139,129
1643640040,442.24,442.29,442.18,442.27,442.232,177,124
1643640045,442.28,442.31,442.23,442.23,442.273,183,115
1643640050,442.24,442.32,442.13,442.2,442.244,290,233
1643640055,442.2,442.21,442.15,442.21,442.179,49,38
1643640060,442.22,442.35,442.2,442.34,442.287,490,295
1643640065,442.34,442.4,442.25,442.3,442.353,271,196
1643640070,442.29,442.37,442.24,442.34,442.322,281,228
1643640075,442.35,442.4,442.29,442.37,442.348,447,249
1643640080,442.37,442.4,441.88,442.16,442.129,1432,997
1643640085,442.16,442.22,441.9,441.94,442.122,511,393
1643640090,441.94,442.24,441.93,442.16,442.136,656,562
1643640095,442.16,442.28,442.12,442.22,442.183,146,70
1643640100,442.23,442.28,442.19,442.23,442.23,153,105
1643640105,442.21,442.29,442.19,442.28,442.224,149,103
1643640110,442.29,442.37,442.27,442.36,442.324,181,141
1643640115,442.32,442.38,442.3,442.37,442.343,299,164
1643640120,442.35,442.42,442.32,442.38,442.369,321,223
1643640125,442.4,442.42,442.28,442.29,442.381,378,231
1643640130,442.31,442.4,442.23,442.34,442.32,342,226
1643640135,442.33,442.44,442.32,442.41,442.391,224,162
1643640140,442.41,442.48,442.39,442.46,442.441,233,153
1643640145,442.47,442.5,442.06,442.25,442.299,1333,708
1643640150,442.25,442.27,442.06,442.22,442.159,198,158
1643640155,442.21,442.34,442.18,442.21,442.238,160,112
1643640160,442.19,442.28,442.14,442.28,442.219,143,110
1643640165,442.26,442.27,442.15,442.17,442.227,181,121
1643640170,442.19,442.32,442.19,442.23,442.262,228,145
1643640175,442.21,442.22,442.11,442.17,442.184,139,103
1643640180,442.19,442.28,442.16,442.23,442.223,280,196
1643640185,442.24,442.32,442.24,442.28,442.275,228,144
1643640190,442.29,442.34,442.27,442.28,442.31,121,90
1643640195,442.28,442.28,442.1,442.13,442.172,183,140
1643640200,442.13,442.23,442.11,442.17,442.179,176,141
1643640205,442.16,442.29,442.13,442.22,442.215,292,236
1643640210,442.23,442.3,442.2,442.22,442.241,158,79
1643640215,442.23,442.26,442.08,442.13,442.155,197,155
1643640220,442.12,442.19,442.11,442.13,442.141,220,122
1643640225,442.14,442.16,442.04,442.12,442.098,248,190
1643640230,442.12,442.14,442.01,442.06,442.061,208,136
1643640235,442.07,442.19,442.05,442.17,442.111,171,108
1643640240,442.2,442.27,442.18,442.18,442.229,228,150
1643640245,442.19,442.24,442.16,442.22,442.21,163,101
1643640250,442.23,442.29,442.2,442.24,442.25,136,114
1643640255,442.23,442.31,442.2,442.26,442.268,282,185
1643640260,442.25,442.26,442.17,442.24,442.218,110,80
1643640265,442.24,442.38,442.23,442.35,442.312,253,185
1643640270,442.34,442.34,442.16,442.19,442.209,162,104
1643640275,442.21,442.25,442.13,442.19,442.184,125,72
1643640280,442.17,442.18,442.11,442.16,442.153,232,117
1643640285,442.16,442.17,442.07,442.07,442.107,103,55
1643640290,442.09,442.21,442.08,442.14,442.161,229,114
1643640295,442.16,442.17,442.07,442.13,442.122,163,91
1643640300,442.14,442.34,442.14,442.26,442.272,338,227
1643640305,442.27,442.44,442.27,442.32,442.36,543,416
1643640310,442.3,442.31,442.06,442.09,442.212,543,374
1643640315,442.05,442.29,442.0,442.23,442.117,340,239
1643640320,442.23,442.24,441.98,442.18,442.07,282,168
1643640325,442.19,442.38,442.15,442.25,442.292,466,330
1643640330,442.26,442.36,442.24,442.36,442.294,178,127
1643640335,442.34,442.41,442.29,442.35,442.36,231,145
1643640340,442.34,442.41,442.14,442.17,442.282,290,185
1643640345,442.19,442.38,442.19,442.37,442.314,129,77
1643640350,442.35,442.35,442.24,442.31,442.304,92,79
1643640355,442.3,442.3,442.16,442.22,442.226,130,98
1643640360,442.2,442.26,442.13,442.25,442.217,208,127
1643640365,442.26,442.32,442.18,442.2,442.263,97,87
1643640370,442.22,442.23,442.02,442.03,442.119,272,209
1643640375,442.02,442.13,441.93,441.94,442.035,552,360
1643640380,441.94,442.02,441.86,442.01,441.915,293,195
1643640385,442.02,442.06,441.9,441.93,442.0,234,167
1643640390,441.93,441.97,441.87,441.9,441.925,246,186
1643640395,441.91,442.01,441.9,442.01,441.952,106,88
1643640400,442.01,442.02,441.94,441.96,441.989,190,139
1643640405,441.98,442.02,441.91,441.93,441.963,200,123
1643640410,441.93,441.96,441.82,441.88,441.872,249,182
1643640415,441.91,442.06,441.91,442.05,441.96,191,148
1643640420,442.06,442.18,442.06,442.12,442.126,265,200
1643640425,442.15,442.17,442.07,442.12,442.116,272,133
1643640430,442.11,442.23,442.11,442.21,442.189,300,213
1643640435,442.21,442.33,442.18,442.29,442.26,275,169
1643640440,442.28,442.28,442.09,442.15,442.18,272,216
1643640445,442.15,442.15,442.07,442.11,442.122,199,152
1643640450,442.13,442.26,442.09,442.19,442.17,164,119
1643640455,442.19,442.21,442.1,442.1,442.173,87,75
1643640460,442.1,442.16,441.98,441.98,442.073,169,111
1643640465,442.0,442.04,441.88,441.92,441.94,194,130
1643640470,441.91,441.97,441.86,441.92,441.924,178,133
1643640475,441.92,442.06,441.91,442.0,441.977,165,127
1643640480,442.03,442.12,442.0,442.05,442.058,169,139
1643640485,442.04,442.07,442.0,442.0,442.033,108,97
1643640490,442.04,442.05,441.94,441.97,441.974,147,113
1643640495,441.97,442.11,441.97,442.0,442.033,204,142
1643640500,442.02,442.07,442.0,442.01,442.021,371,86
1643640505,442.03,442.04,441.88,441.88,441.971,94,80
1643640510,441.87,441.92,441.68,441.7,441.755,281,209
1643640515,441.69,441.85,441.65,441.83,441.742,313,192
1643640520,441.82,441.93,441.81,441.91,441.868,138,98
1643640525,441.92,441.92,441.77,441.77,441.843,80,55
1643640530,441.75,441.78,441.63,441.77,441.693,178,105
1643640535,441.77,441.82,441.73,441.73,441.779,71,48
1643640540,441.74,441.87,441.74,441.82,441.82,150,112
1643640545,441.83,441.86,441.73,441.76,441.789,531,333
1643640550,441.79,441.8,441.63,441.71,441.726,448,280
1643640555,441.72,441.79,441.71,441.72,441.746,171,146
1643640560,441.74,441.78,441.65,441.68,441.726,163,144
1643640565,441.69,441.71,441.57,441.57,441.614,335,219
1643640570,441.56,441.67,441.54,441.54,441.608,222,177
1643640575,441.54,441.61,441.53,441.53,441.564,183,152
1643640580,441.55,441.66,441.53,441.56,441.564,292,200
1643640585,441.57,441.64,441.54,441.59,441.596,128,93
1643640590,441.61,441.66,441.57,441.61,441.618,108,95
1643640595,441.6,441.66,441.57,441.61,441.612,160,137
1643640600,441.63,441.71,441.57,441.67,441.639,354,237
1643640605,441.67,441.72,441.55,441.55,441.639,234,127
1643640610,441.56,441.62,441.53,441.55,441.567,148,124
1643640615,441.54,441.71,441.51,441.68,441.542,333,240
1643640620,441.67,441.76,441.66,441.73,441.723,163,135
1643640625,441.71,441.71,441.55,441.63,441.629,144,108
1643640630,441.63,441.66,441.58,441.6,441.622,69,59
1643640635,441.6,441.7,441.6,441.66,441.639,100,76
1643640640,441.64,441.7,441.62,441.68,441.655,267,161
1643640645,441.66,441.73,441.66,441.7,441.708,82,66
1643640650,441.69,441.75,441.67,441.68,441.706,81,70
1643640655,441.7,441.7,441.47,441.61,441.539,355,257
1643640660,441.6,441.8,441.59,441.8,441.703,199,135
1643640665,441.8,441.86,441.74,441.79,441.818,149,94
1643640670,441.8,441.81,441.73,441.73,441.766,66,61
1643640675,441.74,441.78,441.65,441.72,441.722,95,82
1643640680,441.71,441.71,441.58,441.59,441.634,123,92
1643640685,441.58,441.63,441.57,441.61,441.601,65,47
1643640690,441.62,441.66,441.6,441.64,441.626,161,113
1643640695,441.64,441.74,441.63,441.74,441.673,57,51
1643640700,441.76,441.81,441.68,441.76,441.746,177,120
1643640705,441.75,441.97,441.73,441.97,441.852,196,156
1643640710,441.96,442.09,441.94,442.04,442.019,636,386
1643640715,442.03,442.11,442.0,442.11,442.058,372,164
1643640720,442.11,442.24,442.06,442.23,442.157,369,251
1643640725,442.23,442.34,442.21,442.33,442.287,409,262
1643640730,442.34,442.41,442.33,442.36,442.37,462,275
1643640735,442.36,442.52,442.34,442.5,442.464,805,567
1643640740,442.5,442.51,442.45,442.5,442.495,280,214
1643640745,442.49,442.62,442.47,442.59,442.581,849,598
1643640750,442.59,442.72,442.59,442.71,442.661,452,280
1643640755,442.73,442.74,442.64,442.67,442.683,201,167
1643640760,442.67,442.74,442.66,442.72,442.714,262,153
1643640765,442.72,442.73,442.7,442.73,442.72,119,91
1643640770,442.72,442.81,442.71,442.77,442.769,319,201
1643640775,442.8,442.84,442.77,442.84,442.813,157,104
1643640780,442.84,442.9,442.83,442.86,442.861,263,177
1643640785,442.87,442.9,442.77,442.84,442.856,366,238
1643640790,442.84,442.87,442.78,442.84,442.83,227,129
1643640795,442.84,442.91,442.83,442.91,442.876,159,131
1643640800,442.9,442.97,442.9,442.93,442.949,502,280
1643640805,442.93,442.99,442.92,442.94,442.964,293,195
1643640810,442.93,442.96,442.89,442.91,442.926,205,122
1643640815,442.93,442.96,442.88,442.95,442.921,377,134
1643640820,442.96,442.97,442.92,442.94,442.947,246,171
1643640825,442.94,442.94,442.86,442.91,442.894,133,122
1643640830,442.91,442.93,442.88,442.92,442.907,188,99
1643640835,442.91,442.94,442.88,442.9,442.909,263,169
1643640840,442.9,442.92,442.85,442.88,442.889,253,161
1643640845,442.89,442.9,442.81,442.81,442.846,218,118
1643640850,442.82,442.85,442.79,442.8,442.822,131,101
1643640855,442.81,442.88,442.81,442.84,442.853,108,68
1643640860,442.88,442.9,442.77,442.77,442.814,323,211
1643640865,442.77,442.85,442.75,442.83,442.812,137,106
1643640870,442.82,442.86,442.75,442.81,442.808,452,287
1643640875,442.8,442.8,442.59,442.7,442.681,470,299
1643640880,442.73,442.8,442.71,442.78,442.741,96,74
1643640885,442.78,442.8,442.74,442.79,442.775,36,31
1643640890,442.8,442.8,442.76,442.76,442.788,96,61
1643640895,442.75,442.79,442.75,442.79,442.77,87,62
1643640900,442.77,442.9,442.76,442.84,442.845,327,190
1643640905,442.84,442.86,442.71,442.71,442.783,189,166
1643640910,442.71,442.81,442.7,442.8,442.758,112,88
1643640915,442.79,442.92,442.7,442.89,442.837,385,329
1643640920,442.89,442.92,442.84,442.87,442.885,152,128
1643640925,442.87,442.88,442.84,442.86,442.86,157,133
1643640930,442.85,442.96,442.85,442.96,442.933,187,128
1643640935,442.95,442.99,442.94,442.95,442.967,172,122
1643640940,442.95,442.98,442.93,442.95,442.958,212,197
1643640945,442.95,442.98,442.94,442.97,442.96,62,47
1643640950,442.97,442.99,442.94,442.98,442.961,57,54
1643640955,442.96,442.98,442.9,442.93,442.924,241,211
1643640960,442.92,443.01,442.91,442.94,442.985,399,244
1643640965,442.94,442.96,442.89,442.96,442.928,99,97
1643640970,442.97,443.04,442.96,443.0,443.016,244,166
1643640975,442.99,443.0,442.92,442.94,442.976,112,84
1643640980,442.94,442.97,442.92,442.96,442.946,212,136
1643640985,442.96,443.02,442.94,443.01,442.987,86,73
1643640990,443.01,443.04,442.98,443.0,443.019,328,238
1643640995,442.99,443.03,442.99,443.01,443.01,124,89
1643641000,443.01,443.02,442.99,443.0,443.003,144,71
1643641005,443.0,443.0,442.92,442.92,442.958,160,116
1643641010,442.93,442.94,442.86,442.87,442.887,239,201
1643641015,442.87,442.97,442.77,442.89,442.874,722,550
1643641020,442.89,442.96,442.76,442.76,442.869,285,236
1643641025,442.77,442.83,442.76,442.78,442.8,309,244
1643641030,442.78,442.78,442.6,442.63,442.703,301,245
1643641035,442.64,442.78,442.56,442.75,442.66,333,234
1643641040,442.74,442.8,442.71,442.75,442.747,276,198
1643641045,442.76,442.79,442.7,442.74,442.747,183,125
1643641050,442.74,442.76,442.67,442.67,442.716,103,86
1643641055,442.67,442.75,442.64,442.75,442.687,146,120
1643641060,442.75,442.77,442.66,442.66,442.725,73,56
1643641065,442.65,442.7,442.57,442.57,442.638,192,94
1643641070,442.57,442.67,442.57,442.66,442.64,133,96
1643641075,442.66,442.7,442.66,442.66,442.68,30,25
1643641080,442.75,442.85,442.74,442.82,442.785,210,133
1643641085,442.83,442.87,442.78,442.78,442.838,272,193
1643641090,442.77,442.85,442.77,442.82,442.804,76,64
1643641095,442.83,442.89,442.79,442.81,442.84,253,102
1643641100,442.81,442.88,442.8,442.85,442.839,201,134
1643641105,442.84,442.87,442.79,442.84,442.845,247,151
1643641110,442.83,442.91,442.83,442.84,442.874,158,110
1643641115,442.84,442.95,442.83,442.95,442.898,169,92
1643641120,442.96,442.97,442.91,442.97,442.934,223,184
1643641125,442.98,443.0,442.95,442.96,442.988,588,182
1643641130,442.96,443.0,442.92,442.92,442.964,70,58
1643641135,442.91,442.95,442.84,442.94,442.913,146,115
1643641140,442.93,442.96,442.91,442.92,442.934,169,132
1643641145,442.91,443.03,442.9,443.03,442.976,228,158
1643641150,443.02,443.06,442.93,442.95,443.021,550,405
1643641155,442.97,443.04,442.97,443.03,443.012,149,116
1643641160,443.03,443.04,442.98,443.02,443.014,142,104
1643641165,443.01,443.06,442.99,443.03,443.03,155,112
1643641170,443.04,443.18,443.04,443.16,443.133,1003,638
1643641175,443.18,443.21,443.13,443.2,443.182,357,262
1643641180,443.2,443.23,443.15,443.16,443.202,242,141
1643641185,443.16,443.25,443.14,443.24,443.212,150,124
1643641190,443.24,443.31,443.23,443.31,443.274,183,143
1643641195,443.32,443.36,443.31,443.33,443.324,868,210
1643641200,443.33,443.44,443.32,443.41,443.396,402,230
1643641205,443.41,443.45,443.28,443.37,443.367,196,146
1643641210,443.37,443.44,443.33,443.4,443.396,168,138
1643641215,443.43,443.48,443.37,443.46,443.417,262,147
1643641220,443.47,443.49,443.45,443.48,443.468,180,110
1643641225,443.46,443.65,443.46,443.58,443.568,566,319
1643641230,443.58,443.63,443.55,443.61,443.59,240,153
1643641235,443.61,443.64,443.6,443.62,443.614,105,79
1643641240,443.62,443.73,443.62,443.72,443.664,172,132
1643641245,443.72,443.87,443.72,443.87,443.774,529,401
1643641250,443.87,443.93,443.85,443.88,443.879,547,382
1643641255,443.87,443.94,443.84,443.9,443.882,529,408
1643641260,443.9,443.95,443.79,443.82,443.867,391,277
1643641265,443.81,443.9,443.76,443.89,443.83,271,235
1643641270,443.89,443.92,443.84,443.92,443.869,202,176
1643641275,443.93,443.96,443.88,443.94,443.927,234,158
1643641280,443.94,443.98,443.9,443.96,443.939,242,168
1643641285,443.96,444.0,443.91,443.92,443.962,374,265
1643641290,443.93,443.99,443.91,443.95,443.949,237,171
1643641295,443.95,444.05,443.91,444.03,443.983,395,247
1643641300,444.04,444.05,443.96,444.05,444.02,423,251
1643641305,444.06,444.08,443.99,444.0,444.024,394,229
1643641310,444.01,444.02,443.98,443.99,443.994,90,55
1643641315,443.99,444.02,443.94,443.95,443.965,352,238
1643641320,443.96,443.97,443.81,443.87,443.879,328,250
1643641325,443.87,443.98,443.85,443.95,443.895,286,215
1643641330,443.96,444.14,443.95,444.13,444.066,624,448
1643641335,444.14,444.16,444.07,444.07,444.12,373,271
1643641340,444.05,444.08,444.0,444.08,444.041,103,83
1643641345,444.07,444.13,444.03,444.04,444.094,243,198
1643641350,444.04,444.12,444.04,444.11,444.067,161,122
1643641355,444.12,444.18,444.09,444.09,444.133,176,134
1643641360,444.09,444.14,444.08,444.1,444.104,105,87
1643641365,444.1,444.11,444.04,444.08,444.085,216,134
1643641370,444.08,444.14,444.08,444.13,444.107,63,55
1643641375,444.14,444.14,444.06,444.12,444.104,86,56
1643641380,444.12,444.17,444.09,444.1,444.138,99,99
1643641385,444.1,444.25,444.06,444.14,444.169,696,459
1643641390,444.14,444.19,444.09,444.16,444.131,335,282
1643641395,444.19,444.23,444.16,444.22,444.2,96,69
1643641400,444.22,444.24,443.96,443.96,444.054,830,621
1643641405,443.95,444.03,443.94,444.01,443.999,121,84
1643641410,444.01,444.07,443.96,443.96,444.013,298,200
1643641415,443.95,443.96,443.91,443.93,443.927,289,218
1643641420,443.96,443.99,443.92,443.99,443.957,61,56
1643641425,443.99,444.03,443.97,443.98,444.002,177,97
1643641430,443.97,443.97,443.94,443.96,443.957,83,67
1643641435,443.97,443.99,443.93,443.94,443.97,85,65
1643641440,443.93,444.02,443.89,444.02,443.953,310,243
1643641445,444.02,444.04,443.99,444.0,444.008,180,149
1643641450,444.0,444.05,443.96,443.96,444.001,362,227
1643641455,443.98,444.0,443.95,443.97,443.983,245,162
1643641460,443.95,444.0,443.92,443.99,443.96,267,144
1643641465,443.99,444.03,443.97,444.01,443.996,116,94
1643641470,444.01,444.07,443.99,444.06,444.026,113,86
1643641475,444.06,444.13,444.06,444.07,444.104,249,173
1643641480,444.09,444.11,444.06,444.1,444.089,111,103
1643641485,444.12,444.16,444.09,444.09,444.125,217,181
1643641490,444.09,444.11,443.98,444.02,444.048,115,99
1643641495,444.02,444.04,443.95,443.98,444.005,619,420
1643641500,443.99,444.01,443.85,443.89,443.93,315,253
1643641505,443.89,443.99,443.84,443.85,443.904,265,208
1643641510,443.84,443.84,443.66,443.69,443.721,427,325
1643641515,443.7,443.84,443.65,443.84,443.712,578,419
1643641520,443.84,443.87,443.8,443.84,443.839,196,150
1643641525,443.83,443.83,443.72,443.73,443.789,164,122
1643641530,443.74,443.78,443.71,443.71,443.75,168,135
1643641535,443.7,443.75,443.68,443.75,443.726,203,114
1643641540,443.74,443.82,443.71,443.81,443.752,186,122
1643641545,443.83,443.85,443.77,443.78,443.811,168,144
1643641550,443.78,443.91,443.76,443.87,443.849,125,100
1643641555,443.88,443.93,443.85,443.86,443.899,312,196
1643641560,443.89,443.99,443.88,443.96,443.913,325,228
1643641565,443.96,444.07,443.95,444.06,444.015,210,124
1643641570,444.07,444.07,443.92,443.93,443.987,355,309
1643641575,443.93,443.94,443.87,443.87,443.905,272,182
1643641580,443.88,443.9,443.84,443.84,443.866,310,220
1643641585,443.83,443.88,443.8,443.86,443.84,384,314
1643641590,443.86,443.96,443.85,443.94,443.905,154,102
1643641595,443.94,443.94,443.85,443.88,443.885,95,84
1643641600,443.86,443.89,443.82,443.84,443.861,96,77
1643641605,443.83,443.85,443.78,443.84,443.816,126,85
1643641610,443.84,443.9,443.82,443.85,443.862,129,80
1643641615,443.84,443.86,443.78,443.83,443.82,170,140
1643641620,443.84,443.98,443.84,443.93,443.907,390,260
1643641625,443.93,443.97,443.92,443.94,443.948,91,75
1643641630,443.96,444.11,443.96,444.09,444.071,372,251
1643641635,444.1,444.21,444.1,444.12,444.15,467,367
1643641640,444.12,444.16,444.06,444.14,444.12,163,149
1643641645,444.14,444.21,444.14,444.2,444.187,206,133
1643641650,444.2,444.23,444.18,444.22,444.209,221,197
1643641655,444.23,444.23,444.19,444.21,444.211,117,95
1643641660,444.21,444.21,444.08,444.12,444.146,138,127
1643641665,444.12,444.16,444.12,444.16,444.142,196,139
1643641670,444.16,444.23,444.16,444.19,444.199,218,164
1643641675,444.2,444.23,444.18,444.21,444.203,165,112
1643641680,444.21,444.37,444.21,444.36,444.316,560,351
1643641685,444.36,444.45,444.35,444.41,444.401,293,150
1643641690,444.41,444.45,444.38,444.45,444.414,128,104
1643641695,444.45,444.51,444.45,444.51,444.486,286,172
1643641700,444.51,444.52,444.41,444.44,444.476,163,116
1643641705,444.42,444.48,444.4,444.43,444.433,124,110
1643641710,444.44,444.48,444.43,444.47,444.456,178,98
1643641715,444.48,444.52,444.46,444.51,444.488,132,85
1643641720,444.5,444.58,444.5,444.53,444.536,280,198
1643641725,444.53,444.53,444.41,444.44,444.454,214,179
1643641730,444.44,444.44,444.34,444.39,444.381,239,176
1643641735,444.41,444.56,444.4,444.54,444.508,495,261
1643641740,444.56,444.75,444.51,444.68,444.631,598,413
1643641745,444.68,444.83,444.67,444.8,444.748,318,283
1643641750,444.79,444.84,444.75,444.83,444.797,193,162
1643641755,444.82,444.86,444.82,444.85,444.844,196,168
1643641760,444.85,444.85,444.74,444.79,444.771,147,108
1643641765,444.78,444.79,444.68,444.69,444.746,145,117
1643641770,444.73,444.82,444.71,444.81,444.772,77,73
1643641775,444.81,444.81,444.76,444.78,444.788,90,75
1643641780,444.78,444.82,444.75,444.82,444.8,143,115
1643641785,444.81,444.85,444.8,444.82,444.819,220,158
1643641790,444.84,444.88,444.8,444.85,444.832,242,165
1643641795,444.85,444.93,444.85,444.92,444.89,245,105
1643641800,444.93,445.07,444.91,444.95,445.004,881,488
1643641805,444.96,445.02,444.95,444.99,444.988,200,147
1643641810,444.98,445.06,444.87,444.97,444.982,592,450
1643641815,444.97,445.15,444.92,444.99,445.027,823,596
1643641820,444.99,445.0,444.9,444.93,444.947,368,218
1643641825,444.93,444.95,444.79,444.82,444.896,594,326
1643641830,444.83,445.0,444.82,444.94,444.919,410,303
1643641835,444.95,444.95,444.86,444.87,444.902,230,187
1643641840,444.86,444.89,444.73,444.74,444.818,287,189
1643641845,444.75,444.86,444.73,444.85,444.788,344,214
1643641850,444.86,444.87,444.39,444.42,444.571,1746,977
1643641855,444.42,444.55,444.4,444.55,444.463,296,238
1643641860,444.55,444.57,444.49,444.56,444.527,138,103
1643641865,444.57,444.71,444.56,444.68,444.628,198,166
1643641870,444.68,444.71,444.63,444.67,444.677,82,62
1643641875,444.66,444.72,444.66,444.69,444.685,155,92
1643641880,444.69,444.69,444.61,444.65,444.657,123,48
1643641885,444.64,444.66,444.58,444.65,444.641,204,86
1643641890,444.65,444.71,444.64,444.66,444.68,50,42
1643641895,444.65,444.69,444.63,444.66,444.655,63,54
1643641900,444.66,444.68,444.64,444.66,444.66,71,47
1643641905,444.68,444.69,444.63,444.65,444.664,78,54
1643641910,444.67,444.68,444.59,444.62,444.627,78,62
1643641915,444.59,444.66,444.59,444.64,444.636,119,89
1643641920,444.63,444.74,444.63,444.73,444.68,193,141
1643641925,444.72,444.75,444.62,444.66,444.692,236,132
1643641930,444.68,444.71,444.67,444.68,444.694,205,127
1643641935,444.69,444.76,444.69,444.74,444.727,171,120
1643641940,444.76,444.9,444.74,444.85,444.82,534,352
1643641945,444.85,444.85,444.79,444.81,444.816,157,118
1643641950,444.81,444.94,444.8,444.94,444.882,341,203
1643641955,444.94,444.95,444.87,444.93,444.919,278,214
1643641960,444.92,445.01,444.91,444.99,444.959,256,208
1643641965,445.0,445.04,444.97,445.03,445.008,276,244
1643641970,445.03,445.07,444.95,445.01,445.012,245,162
1643641975,445.01,445.02,444.96,444.96,444.996,159,94
1643641980,444.97,444.98,444.85,444.88,444.9,208,171
1643641985,444.88,444.89,444.74,444.75,444.815,226,165
1643641990,444.74,444.86,444.74,444.84,444.811,121,92
1643641995,444.84,444.92,444.79,444.83,444.856,113,84
1643642000,444.81,444.83,444.73,444.78,444.778,291,150
1643642005,444.78,444.79,444.67,444.76,444.717,512,238
1643642010,444.76,444.8,444.62,444.62,444.737,153,132
1643642015,444.63,444.69,444.62,444.69,444.657,206,134
1643642020,444.7,444.74,444.67,444.71,444.705,244,155
1643642025,444.72,444.74,444.69,444.71,444.713,183,143
1643642030,444.71,444.75,444.7,444.72,444.726,113,92
1643642035,444.73,444.76,444.62,444.62,444.702,160,115
1643642040,444.64,444.73,444.62,444.72,444.685,131,118
1643642045,444.74,444.79,444.74,444.77,444.768,173,107
1643642050,444.78,444.78,444.7,444.7,444.742,120,86
1643642055,444.71,444.73,444.61,444.67,444.67,116,94
1643642060,444.66,444.75,444.65,444.74,444.708,132,110
1643642065,444.73,444.85,444.73,444.83,444.776,213,111
1643642070,444.84,444.86,444.82,444.84,444.842,127,101
1643642075,444.85,444.87,444.81,444.87,444.852,165,104
1643642080,444.88,444.89,444.82,444.87,444.843,247,102
1643642085,444.88,444.91,444.81,444.84,444.846,415,287
1643642090,444.83,444.83,444.67,444.73,444.735,277,221
1643642095,444.73,444.76,444.71,444.76,444.73,53,47
1643642100,444.75,444.85,444.75,444.85,444.784,158,125
1643642105,444.86,444.89,444.67,444.74,444.821,273,184
1643642110,444.73,444.83,444.73,444.77,444.793,202,138
1643642115,444.78,444.84,444.76,444.78,444.805,170,135
1643642120,444.8,444.84,444.69,444.84,444.767,213,131
1643642125,444.84,444.86,444.68,444.74,444.783,290,224
1643642130,444.75,444.81,444.75,444.8,444.783,173,131
1643642135,444.8,444.95,444.78,444.89,444.878,210,149
1643642140,444.9,444.92,444.83,444.89,444.887,182,137
1643642145,444.89,444.91,444.85,444.86,444.887,154,125
1643642150,444.87,444.96,444.86,444.93,444.924,222,167
1643642155,444.93,445.08,444.93,445.04,445.024,556,343
1643642160,445.04,445.06,444.92,444.92,444.981,335,219
1643642165,444.92,444.94,444.81,444.85,444.888,341,260
1643642170,444.85,444.95,444.84,444.92,444.902,144,109
1643642175,444.92,445.0,444.9,444.92,444.952,164,132
1643642180,444.92,444.99,444.92,444.93,444.957,169,114
1643642185,444.94,444.98,444.89,444.97,444.939,125,91
1643642190,444.94,445.01,444.94,445.0,444.976,246,201
1643642195,445.01,445.06,444.97,445.02,445.012,530,276
1643642200,445.0,445.01,444.94,445.0,444.975,109,88
1643642205,445.01,445.03,444.97,444.98,444.999,134,111
1643642210,445.01,445.06,445.01,445.03,445.035,289,182
1643642215,445.04,445.05,444.89,444.91,444.982,287,121
1643642220,444.92,444.94,444.85,444.93,444.914,490,308
1643642225,444.95,445.06,444.93,445.04,444.991,137,106
1643642230,445.05,445.1,445.04,445.09,445.072,128,106
1643642235,445.09,445.1,445.02,445.03,445.059,253,148
1643642240,445.02,445.08,444.97,445.08,445.03,272,204
1643642245,445.07,445.08,444.99,445.03,445.042,217,167
1643642250,445.02,445.07,445.0,445.0,445.043,129,97
1643642255,444.97,445.04,444.96,445.03,445.005,69,61
1643642260,445.05,445.05,444.95,445.01,445.002,433,253
1643642265,445.01,445.06,445.0,445.04,445.027,95,77
1643642270,445.03,445.05,444.99,445.01,445.015,98,90
1643642275,445.0,445.02,444.94,444.97,444.971,162,144
1643642280,444.97,445.0,444.88,444.89,444.949,231,211
1643642285,444.88,444.88,444.77,444.87,444.833,293,214
1643642290,444.87,444.96,444.87,444.94,444.931,114,96
1643642295,444.95,444.98,444.92,444.96,444.956,113,87
1643642300,444.96,445.14,444.94,445.14,445.063,476,344
1643642305,445.13,445.19,445.12,445.16,445.15,473,345
1643642310,445.15,445.18,445.12,445.16,445.154,153,141
1643642315,445.14,445.29,445.13,445.27,445.237,522,368
1643642320,445.29,445.32,445.19,445.19,445.282,337,241
1643642325,445.19,445.27,445.19,445.21,445.227,165,148
1643642330,445.21,445.23,445.08,445.1,445.154,294,251
1643642335,445.11,445.11,444.99,445.0,445.047,296,187
1643642340,445.0,445.02,444.77,444.77,444.885,416,303
1643642345,444.78,444.8,444.54,444.55,444.634,391,254
1643642350,444.55,444.69,444.52,444.61,444.626,554,363
1643642355,444.63,444.71,444.59,444.64,444.658,325,225
1643642360,444.65,444.77,444.62,444.72,444.708,239,220
1643642365,444.71,444.72,444.62,444.62,444.675,129,101
1643642370,444.64,444.72,444.61,444.62,444.653,176,158
1643642375,444.62,444.72,444.62,444.72,444.659,160,141
1643642380,444.72,444.74,444.68,444.72,444.712,125,119
1643642385,444.72,444.78,444.7,444.74,444.737,205,136
1643642390,444.73,444.74,444.66,444.67,444.697,150,121
1643642395,444.66,444.77,444.57,444.76,444.67,210,165
1643642400,444.76,444.84,444.75,444.77,444.795,142,128
1643642405,444.79,444.82,444.7,444.71,444.773,96,81
1643642410,444.69,444.75,444.64,444.74,444.706,115,99
1643642415,444.75,444.85,444.71,444.81,444.765,124,117
1643642420,444.85,444.89,444.78,444.82,444.835,163,117
1643642425,444.84,444.87,444.81,444.87,444.84,59,47
1643642430,444.88,444.89,444.79,444.81,444.857,166,136
1643642435,444.81,444.84,444.79,444.83,444.824,214,113
1643642440,444.83,444.83,444.72,444.72,444.763,341,230
1643642445,444.72,444.8,444.71,444.8,444.748,179,129
1643642450,444.83,444.83,444.72,444.74,444.772,145,108
1643642455,444.77,444.82,444.66,444.67,444.748,203,129
1643642460,444.69,444.92,444.69,444.91,444.841,257,188
1643642465,444.91,444.99,444.91,444.97,444.949,251,181
1643642470,444.98,445.02,444.83,444.85,444.967,180,118
1643642475,444.85,444.88,444.8,444.8,444.854,137,104
1643642480,444.8,444.91,444.67,444.91,444.781,290,220
1643642485,444.91,444.94,444.85,444.9,444.88,389,320
1643642490,444.87,444.98,444.87,444.97,444.929,137,122
1643642495,445.01,445.02,444.91,444.91,444.979,137,120
1643642500,444.92,444.92,444.82,444.87,444.87,152,147
1643642505,444.88,444.98,444.87,444.93,444.951,120,100
1643642510,444.94,445.01,444.93,444.99,444.967,72,39
1643642515,444.99,445.1,444.97,445.06,445.063,290,211
1643642520,445.07,445.21,445.06,445.2,445.167,437,317
1643642525,445.19,445.21,445.14,445.21,445.185,205,129
1643642530,445.21,445.28,445.2,445.27,445.241,218,175
1643642535,445.25,445.31,445.22,445.28,445.267,165,132
1643642540,445.29,445.41,445.29,445.38,445.362,803,531
1643642545,445.38,445.4,445.32,445.36,445.349,193,136
1643642550,445.36,445.72,445.35,445.67,445.541,1015,616
1643642555,445.69,445.74,445.65,445.66,445.686,419,298
1643642560,445.65,445.72,445.64,445.69,445.67,254,206
1643642565,445.69,445.75,445.69,445.71,445.724,150,117
1643642570,445.7,445.72,445.67,445.68,445.712,180,111
1643642575,445.66,445.72,445.62,445.62,445.665,104,79
1643642580,445.64,445.65,445.53,445.58,445.583,228,171
1643642585,445.58,445.65,445.55,445.65,445.607,173,99
1643642590,445.65,445.71,445.64,445.7,445.686,129,89
1643642595,445.7,445.77,445.67,445.76,445.715,425,278
1643642600,445.75,445.79,445.7,445.72,445.757,496,199
1643642605,445.74,445.74,445.6,445.61,445.673,148,110
1643642610,445.64,445.75,445.64,445.69,445.696,269,218
1643642615,445.68,445.69,445.59,445.62,445.641,288,249
1643642620,445.61,445.64,445.51,445.55,445.563,222,194
1643642625,445.56,445.63,445.54,445.57,445.58,163,131
1643642630,445.57,445.65,445.56,445.59,445.603,286,167
1643642635,445.58,445.59,445.53,445.56,445.565,271,171
1643642640,445.57,445.59,445.44,445.52,445.497,271,190
1643642645,445.52,445.53,445.35,445.41,445.404,612,446
1643642650,445.41,445.42,445.3,445.32,445.347,353,157
1643642655,445.34,445.43,445.32,445.37,445.392,94,73
1643642660,445.39,445.4,445.32,445.33,445.364,104,87
1643642665,445.35,445.36,445.28,445.33,445.305,330,168
1643642670,445.32,445.38,445.3,445.32,445.335,79,44
1643642675,445.3,445.43,445.3,445.39,445.368,477,295
1643642680,445.39,445.39,445.34,445.37,445.365,145,126
1643642685,445.37,445.48,445.36,445.46,445.451,168,105
1643642690,445.46,445.49,445.41,445.44,445.449,62,55
1643642695,445.45,445.48,445.39,445.4,445.434,129,89
1643642700,445.41,445.54,445.41,445.51,445.477,139,119
1643642705,445.5,445.54,445.49,445.49,445.513,207,160
1643642710,445.5,445.58,445.48,445.54,445.533,173,132
1643642715,445.55,445.57,445.48,445.52,445.513,233,163
1643642720,445.53,445.58,445.5,445.51,445.55,220,178
1643642725,445.5,445.5,445.37,445.42,445.417,256,217
1643642730,445.42,445.47,445.39,445.41,445.441,507,409
1643642735,445.41,445.41,445.35,445.38,445.381,197,177
1643642740,445.39,445.42,445.32,445.33,445.38,159,121
1643642745,445.34,445.39,445.26,445.26,445.335,531,287
1643642750,445.27,445.33,445.14,445.18,445.26,370,195
1643642755,445.18,445.29,445.17,445.25,445.226,233,161
1643642760,445.26,445.29,445.17,445.2,445.225,327,274
1643642765,445.2,445.26,445.19,445.19,445.217,166,136
1643642770,445.18,445.28,445.17,445.26,445.229,180,122
1643642775,445.27,445.34,445.26,445.33,445.301,117,87
1643642780,445.33,445.35,445.26,445.28,445.302,453,296
1643642785,445.28,445.31,445.22,445.22,445.256,236,192
1643642790,445.22,445.26,445.17,445.17,445.219,501,393
1643642795,445.18,445.19,445.08,445.12,445.124,310,282
1643642800,445.1,445.11,445.02,445.07,445.067,249,187
1643642805,445.08,445.19,445.07,445.18,445.128,292,258
1643642810,445.19,445.23,445.08,445.09,445.139,230,182
1643642815,445.09,445.13,445.03,445.06,445.073,270,252
1643642820,445.06,445.13,445.04,445.1,445.071,351,243
1643642825,445.1,445.16,445.1,445.11,445.13,82,80
1643642830,445.13,445.17,445.1,445.13,445.134,152,117
1643642835,445.13,445.21,445.13,445.2,445.173,112,106
1643642840,445.2,445.23,445.13,445.14,445.177,158,133
1643642845,445.13,445.21,445.12,445.19,445.187,143,132
1643642850,445.2,445.21,445.1,445.13,445.149,114,97
1643642855,445.12,445.12,445.01,445.05,445.056,307,214
1643642860,445.07,445.1,444.99,445.01,445.018,319,199
1643642865,445.02,445.06,444.99,445.03,445.016,130,104
1643642870,445.02,445.08,445.01,445.06,445.041,223,176
1643642875,445.06,445.14,445.06,445.12,445.111,220,197
1643642880,445.13,445.21,445.11,445.13,445.167,255,216
1643642885,445.14,445.16,445.06,445.07,445.105,182,156
1643642890,445.04,445.05,444.84,444.87,444.938,376,274
1643642895,444.88,444.9,444.73,444.81,444.789,276,219
1643642900,444.78,444.91,444.78,444.89,444.852,156,105
1643642905,444.89,444.9,444.83,444.86,444.858,167,128
1643642910,444.87,444.92,444.81,444.82,444.86,151,130
1643642915,444.82,444.83,444.73,444.74,444.774,216,174
1643642920,444.75,444.77,444.7,444.71,444.736,190,168
1643642925,444.71,444.74,444.62,444.62,444.688,336,207
1643642930,444.63,444.71,444.62,444.68,444.66,341,273
1643642935,444.68,444.73,444.66,444.67,444.691,165,143
1643642940,444.67,444.83,444.67,444.82,444.76,365,266
1643642945,444.82,444.84,444.68,444.68,444.78,202,169
1643642950,444.7,444.76,444.64,444.73,444.704,163,149
1643642955,444.73,444.86,444.66,444.69,444.792,392,135
1643642960,444.7,444.81,444.69,444.73,444.757,174,148
1643642965,444.73,444.74,444.67,444.69,444.708,162,117
1643642970,444.67,444.71,444.47,444.48,444.6,328,246
1643642975,444.48,444.51,444.4,444.44,444.451,335,276
1643642980,444.43,444.47,444.41,444.42,444.437,130,118
1643642985,444.41,444.46,444.39,444.43,444.416,226,172
1643642990,444.41,444.41,444.35,444.38,444.376,377,247
1643642995,444.37,444.41,444.35,444.37,444.375,196,167
1643643000,444.37,444.48,444.36,444.42,444.433,335,299
1643643005,444.42,444.59,444.37,444.59,444.478,271,232
1643643010,444.58,444.66,444.51,444.61,444.58,367,262
1643643015,444.62,444.7,444.59,444.65,444.654,383,309
1643643020,444.65,444.76,444.62,444.74,444.671,207,114
1643643025,444.75,444.81,444.73,444.77,444.772,191,115
1643643030,444.77,444.77,444.7,444.73,444.735,104,63
1643643035,444.75,444.77,444.64,444.66,444.692,335,138
1643643040,444.66,444.68,444.55,444.57,444.617,147,110
1643643045,444.58,444.62,444.44,444.45,444.553,215,169
1643643050,444.46,444.48,444.3,444.32,444.374,222,197
1643643055,444.32,444.35,444.17,444.22,444.262,364,267
1643643060,444.21,444.25,444.08,444.11,444.119,533,391
1643643065,444.09,444.3,444.09,444.28,444.182,559,384
1643643070,444.28,444.35,444.24,444.24,444.289,159,135
1643643075,444.25,444.34,444.21,444.34,444.262,102,95
1643643080,444.33,444.34,444.28,444.32,444.322,117,100
1643643085,444.31,444.47,444.31,444.43,444.357,92,80
1643643090,444.42,444.42,444.3,444.34,444.356,118,72
1643643095,444.34,444.41,444.31,444.41,444.342,101,73
1643643100,444.4,444.53,444.4,444.52,444.48,173,117
1643643105,444.54,444.65,444.52,444.59,444.583,165,122
1643643110,444.59,444.7,444.59,444.69,444.639,112,89
1643643115,444.7,444.73,444.67,444.69,444.702,291,175
1643643120,444.69,444.72,444.61,444.68,444.664,228,178
1643643125,444.68,444.73,444.63,444.71,444.673,143,114
1643643130,444.68,444.76,444.62,444.64,444.701,205,147
1643643135,444.64,444.71,444.55,444.6,444.612,164,112
1643643140,444.59,444.59,444.48,444.5,444.526,88,72
1643643145,444.52,444.58,444.47,444.54,444.525,195,144
1643643150,444.55,444.58,444.53,444.58,444.554,115,97
1643643155,444.56,444.62,444.44,444.44,444.538,197,148
1643643160,444.45,444.52,444.44,444.48,444.477,164,78
1643643165,444.45,444.56,444.42,444.55,444.485,169,136
1643643170,444.55,444.65,444.5,444.53,444.582,114,99
1643643175,444.54,444.63,444.54,444.59,444.593,45,38
1643643180,444.6,444.64,444.56,444.58,444.603,82,72
1643643185,444.58,444.6,444.46,444.53,444.538,126,113
1643643190,444.53,444.64,444.51,444.63,444.577,150,109
1643643195,444.62,444.69,444.58,444.6,444.648,92,75
1643643200,444.61,444.66,444.6,444.64,444.636,93,75
1643643205,444.65,444.66,444.62,444.63,444.636,44,41
1643643210,444.65,444.72,444.65,444.69,444.694,56,40
1643643215,444.7,444.88,444.69,444.88,444.815,330,213
1643643220,444.88,444.97,444.88,444.91,444.927,164,118
1643643225,444.94,444.95,444.85,444.86,444.892,92,69
1643643230,444.87,444.89,444.76,444.76,444.834,145,113
1643643235,444.81,444.83,444.78,444.8,444.808,76,55
1643643240,444.79,444.84,444.67,444.67,444.776,172,126
1643643245,444.68,444.82,444.68,444.78,444.769,65,47
1643643250,444.78,444.81,444.72,444.78,444.768,85,62
1643643255,444.79,444.88,444.78,444.83,444.825,129,100
1643643260,444.83,444.88,444.79,444.81,444.824,257,157
1643643265,444.81,444.87,444.72,444.85,444.801,254,193
1643643270,444.87,444.87,444.72,444.81,444.806,119,95
1643643275,444.82,444.83,444.7,444.71,444.764,90,77
1643643280,444.7,444.72,444.54,444.63,444.623,200,150
1643643285,444.63,444.67,444.62,444.66,444.648,100,80
1643643290,444.66,444.78,444.65,444.76,444.728,313,166
1643643295,444.79,444.82,444.75,444.78,444.79,82,50
1643643300,444.77,444.81,444.69,444.74,444.757,161,122
1643643305,444.7,444.85,444.68,444.83,444.745,91,85
1643643310,444.84,444.88,444.77,444.77,444.821,172,136
1643643315,444.79,444.8,444.7,444.7,444.733,114,92
1643643320,444.7,444.79,444.7,444.75,444.762,62,55
1643643325,444.8,444.94,444.77,444.93,444.834,187,117
1643643330,444.94,445.04,444.94,445.0,444.991,156,109
1643643335,445.02,445.05,445.01,445.04,445.033,92,75
1643643340,445.01,445.07,445.0,445.06,445.041,205,150
1643643345,445.04,445.04,444.91,444.92,444.981,150,110
1643643350,444.89,445.03,444.89,445.03,444.949,72,64
1643643355,445.02,445.07,445.01,445.05,445.049,103,51
1643643360,445.06,445.12,445.06,445.1,445.094,160,76
1643643365,445.11,445.12,445.09,445.1,445.098,55,36
1643643370,445.12,445.12,444.92,445.0,444.995,80,74
1643643375,445.0,445.0,444.77,444.79,444.852,179,134
1643643380,444.78,444.94,444.76,444.92,444.856,178,98
1643643385,444.91,444.92,444.86,444.86,444.885,54,51
1643643390,444.87,444.91,444.85,444.9,444.879,51,47
1643643395,444.89,444.91,444.86,444.86,444.892,40,36
1643643400,444.87,444.9,444.84,444.9,444.864,89,73
1643643405,444.9,444.95,444.87,444.88,444.909,57,46
1643643410,444.87,444.87,444.69,444.71,444.765,174,143
1643643415,444.71,444.73,444.62,444.67,444.683,213,132
1643643420,444.7,444.75,444.54,444.57,444.632,255,210
1643643425,444.57,444.74,444.54,444.54,444.657,278,240
1643643430,444.53,444.53,444.38,444.42,444.426,371,251
1643643435,444.43,444.52,444.4,444.5,444.477,166,138
1643643440,444.52,444.7,444.5,444.69,444.607,132,107
1643643445,444.7,444.71,444.64,444.65,444.677,104,66
1643643450,444.67,444.7,444.42,444.45,444.531,192,138
1643643455,444.45,444.45,444.32,444.35,444.401,174,136
1643643460,444.36,444.41,444.32,444.36,444.364,330,209
1643643465,444.39,444.44,444.38,444.42,444.411,87,74
1643643470,444.4,444.47,444.39,444.43,444.435,124,103
1643643475,444.44,444.48,444.4,444.45,444.434,47,34
1643643480,444.45,444.51,444.41,444.47,444.461,131,111
1643643485,444.48,444.57,444.47,444.53,444.527,38,37
1643643490,444.51,444.53,444.45,444.51,444.497,100,91
1643643495,444.5,444.57,444.5,444.54,444.541,41,38
1643643500,444.55,444.59,444.49,444.49,444.537,39,38
1643643505,444.49,444.51,444.44,444.47,444.482,63,47
1643643510,444.5,444.56,444.5,444.53,444.521,26,26
1643643515,444.5,444.56,444.5,444.51,444.532,55,44
1643643520,444.55,444.6,444.52,444.56,444.557,100,72
1643643525,444.54,444.62,444.51,444.58,444.587,58,36
1643643530,444.56,444.58,444.43,444.44,444.531,132,105
1643643535,444.45,444.54,444.45,444.48,444.505,78,61
1643643540,444.49,444.6,444.49,444.51,444.528,127,77
1643643545,444.51,444.55,444.36,444.37,444.47,89,71
1643643550,444.37,444.48,444.36,444.41,444.431,184,122
1643643555,444.43,444.64,444.43,444.59,444.54,101,93
1643643560,444.6,444.62,444.54,444.55,444.574,205,141
1643643565,444.54,444.54,444.32,444.35,444.413,116,109
1643643570,444.35,444.43,444.34,444.38,444.377,106,80
1643643575,444.39,444.47,444.39,444.42,444.43,72,61
1643643580,444.41,444.5,444.37,444.49,444.424,113,52
1643643585,444.51,444.52,444.46,444.46,444.485,72,69
1643643590,444.44,444.51,444.36,444.39,444.44,98,86
1643643595,444.37,444.44,444.35,444.37,444.401,136,93
1643643600,444.36,444.41,444.28,444.29,444.328,146,111
1643643605,444.28,444.31,444.08,444.16,444.19,186,140
1643643610,444.18,444.31,444.16,444.24,444.24,276,203
1643643615,444.25,444.33,444.22,444.26,444.265,148,101
1643643620,444.22,444.24,444.17,444.2,444.206,114,99
1643643625,444.21,444.29,444.19,444.25,444.255,103,75
1643643630,444.26,444.29,444.12,444.2,444.202,109,87
1643643635,444.18,444.25,444.16,444.25,444.212,32,31
1643643640,444.24,444.33,444.14,444.14,444.247,341,268
1643643645,444.16,444.16,444.03,444.05,444.069,232,156
1643643650,444.05,444.07,444.01,444.04,444.039,216,157
1643643655,444.03,444.08,443.98,444.04,444.028,551,345
1643643660,444.06,444.06,444.02,444.03,444.043,77,63
1643643665,444.03,444.07,443.99,444.03,444.021,202,130
1643643670,444.04,444.09,444.01,444.06,444.046,203,167
1643643675,444.06,444.15,444.06,444.11,444.114,116,106
1643643680,444.12,444.12,444.0,444.05,444.055,107,82
1643643685,444.07,444.12,444.04,444.12,444.078,137,106
1643643690,444.14,444.31,444.14,444.24,444.218,237,158
1643643695,444.28,444.31,444.21,444.23,444.257,93,91
1643643700,444.23,444.24,444.16,444.18,444.202,100,90
1643643705,444.18,444.25,444.12,444.16,444.181,151,140
1643643710,444.16,444.18,444.08,444.1,444.126,105,93
1643643715,444.11,444.13,444.01,444.05,444.067,178,131
1643643720,444.07,444.11,444.0,444.1,444.057,146,132
1643643725,444.09,444.09,444.01,444.01,444.044,116,112
1643643730,444.0,444.06,443.99,444.03,444.028,107,97
1643643735,444.05,444.12,444.05,444.1,444.084,87,73
1643643740,444.06,444.08,444.0,444.07,444.03,233,161
1643643745,444.09,444.15,444.0,444.04,444.07,168,128
1643643750,444.03,444.09,444.03,444.09,444.061,122,100
1643643755,444.08,444.18,444.06,444.18,444.122,89,64
1643643760,444.18,444.19,444.1,444.11,444.135,100,77
1643643765,444.12,444.12,444.04,444.04,444.055,74,66
1643643770,444.07,444.16,444.06,444.16,444.111,94,73
1643643775,444.16,444.18,444.1,444.11,444.143,104,62
1643643780,444.1,444.12,444.01,444.04,444.077,173,116
1643643785,444.04,444.13,444.01,444.13,444.068,201,129
1643643790,444.12,444.17,444.1,444.13,444.118,210,114
1643643795,444.12,444.24,444.09,444.24,444.129,109,78
1643643800,444.23,444.38,444.23,444.37,444.317,130,102
1643643805,444.34,444.42,444.32,444.39,444.373,138,104
1643643810,444.39,444.46,444.37,444.44,444.429,233,108
1643643815,444.46,444.49,444.39,444.45,444.445,293,177
1643643820,444.47,444.59,444.47,444.57,444.536,233,169
1643643825,444.58,444.67,444.54,444.63,444.616,133,87
1643643830,444.64,444.66,444.55,444.58,444.574,170,62
1643643835,444.57,444.61,444.47,444.48,444.538,55,50
1643643840,444.47,444.53,444.44,444.48,444.476,239,117
1643643845,444.45,444.65,444.43,444.61,444.559,337,188
1643643850,444.63,444.71,444.62,444.71,444.668,204,132
1643643855,444.72,444.74,444.58,444.59,444.696,149,119
1643643860,444.59,444.63,444.56,444.63,444.585,34,25
1643643865,444.61,444.68,444.61,444.66,444.648,97,39
1643643870,444.65,444.66,444.6,444.61,444.639,52,27
1643643875,444.64,444.73,444.63,444.7,444.673,240,133
1643643880,444.69,444.74,444.66,444.67,444.705,326,179
1643643885,444.67,444.68,444.64,444.65,444.658,53,45
1643643890,444.63,444.67,444.56,444.65,444.608,259,122
1643643895,444.67,444.74,444.66,444.68,444.7,88,64
1643643900,444.67,444.69,444.56,444.62,444.616,94,79
1643643905,444.61,444.65,444.51,444.56,444.579,201,119
1643643910,444.57,444.58,444.48,444.54,444.529,155,113
1643643915,444.55,444.66,444.52,444.55,444.598,229,120
1643643920,444.54,444.54,444.41,444.46,444.46,60,54
1643643925,444.46,444.54,444.45,444.52,444.502,73,57
1643643930,444.51,444.58,444.4,444.43,444.488,140,80
1643643935,444.44,444.5,444.38,444.41,444.453,126,88
1643643940,444.41,444.42,444.24,444.25,444.307,93,73
1643643945,444.26,444.32,444.26,444.28,444.281,89,68
1643643950,444.29,444.3,444.24,444.28,444.269,62,52
1643643955,444.27,444.3,444.2,444.21,444.237,120,76
1643643960,444.21,444.32,444.18,444.31,444.221,148,99
1643643965,444.31,444.32,444.02,444.05,444.144,149,103
1643643970,444.06,444.12,443.99,444.08,444.044,378,247
1643643975,444.08,444.09,444.02,444.06,444.058,267,214
1643643980,444.04,444.09,444.02,444.04,444.05,146,102
1643643985,444.02,444.06,443.99,444.05,444.01,278,157
1643643990,444.06,444.06,443.98,444.01,444.015,320,171
1643643995,444.0,444.07,443.99,444.0,444.019,295,191
1643644000,444.0,444.14,444.0,444.09,444.074,229,188
1643644005,444.08,444.1,444.02,444.1,444.077,182,126
1643644010,444.09,444.16,444.09,444.11,444.124,133,106
1643644015,444.1,444.1,444.06,444.07,444.083,90,81
1643644020,444.08,444.12,443.99,444.01,444.023,232,156
1643644025,444.0,444.04,443.86,443.89,443.955,645,405
1643644030,443.88,444.07,443.86,444.04,443.973,190,157
1643644035,444.04,444.1,443.98,444.02,444.042,341,263
1643644040,444.03,444.03,443.92,443.97,443.98,298,169
1643644045,443.97,443.99,443.92,443.98,443.951,368,256
1643644050,443.98,443.99,443.92,443.93,443.961,100,66
1643644055,443.92,443.94,443.89,443.92,443.909,214,130
1643644060,443.92,443.94,443.89,443.91,443.919,86,64
1643644065,443.91,443.94,443.86,443.88,443.889,192,120
1643644070,443.89,443.98,443.88,443.91,443.919,163,137
1643644075,443.92,443.96,443.88,443.92,443.909,103,72
1643644080,443.92,444.02,443.89,444.0,443.969,77,54
1643644085,444.0,444.01,443.89,443.96,443.952,172,127
1643644090,443.96,443.99,443.95,443.96,443.967,49,33
1643644095,443.96,444.04,443.95,443.99,443.991,114,96
1643644100,444.0,444.07,443.95,443.97,443.993,151,94
1643644105,443.96,444.09,443.94,444.08,444.009,72,63
1643644110,444.09,444.15,444.06,444.06,444.101,156,132
1643644115,444.05,444.09,444.02,444.07,444.054,128,84
1643644120,444.09,444.15,444.07,444.15,444.106,121,93
1643644125,444.16,444.2,444.11,444.13,444.156,103,72
1643644130,444.11,444.22,444.11,444.18,444.167,122,102
1643644135,444.2,444.27,444.17,444.23,444.231,165,119
1643644140,444.23,444.37,444.23,444.35,444.311,126,95
1643644145,444.35,444.41,444.32,444.36,444.377,117,91
1643644150,444.36,444.45,444.35,444.45,444.402,173,85
1643644155,444.44,444.45,444.41,444.44,444.425,322,141
1643644160,444.45,444.48,444.41,444.45,444.45,206,135
1643644165,444.45,444.51,444.33,444.36,444.454,232,156
1643644170,444.34,444.44,444.34,444.4,444.375,76,65
1643644175,444.38,444.44,444.34,444.42,444.394,94,72
1643644180,444.4,444.41,444.33,444.35,444.376,177,149
1643644185,444.31,444.33,444.27,444.3,444.304,86,67
1643644190,444.31,444.34,444.3,444.32,444.326,105,77
1643644195,444.33,444.39,444.3,444.35,444.336,145,110
1643644200,444.35,444.46,444.31,444.46,444.374,146,134
1643644205,444.47,444.47,444.28,444.28,444.373,142,116
1643644210,444.3,444.36,444.25,444.34,444.294,93,79
1643644215,444.35,444.42,444.34,444.41,444.377,48,28
1643644220,444.4,444.61,444.4,444.59,444.555,166,111
1643644225,444.57,444.72,444.57,444.71,444.658,277,197
1643644230,444.72,444.9,444.72,444.8,444.801,297,188
1643644235,444.82,444.87,444.79,444.85,444.82,95,87
1643644240,444.85,444.9,444.83,444.89,444.869,333,235
1643644245,444.89,444.9,444.82,444.83,444.866,100,88
1643644250,444.81,444.88,444.71,444.85,444.754,192,117
1643644255,444.85,444.86,444.81,444.85,444.836,75,64
1643644260,444.84,445.11,444.83,445.09,444.958,381,254
1643644265,445.11,445.16,445.05,445.1,445.115,388,250
1643644270,445.09,445.17,445.09,445.16,445.134,242,155
1643644275,445.17,445.2,445.13,445.18,445.168,219,197
1643644280,445.17,445.2,444.98,445.01,445.109,400,332
1643644285,445.0,445.22,444.96,445.18,445.09,232,182
1643644290,445.18,445.18,445.12,445.14,445.147,61,45
1643644295,445.1,445.14,445.07,445.1,445.09,79,66
1643644300,445.1,445.15,445.08,445.12,445.112,89,66
1643644305,445.12,445.15,445.09,445.15,445.112,120,103
1643644310,445.17,445.19,445.13,445.19,445.165,58,49
1643644315,445.19,445.23,445.14,445.17,445.187,150,120
1643644320,445.18,445.22,445.12,445.17,445.173,142,81
1643644325,445.17,445.17,445.01,445.05,445.077,174,103
1643644330,445.05,445.11,445.04,445.06,445.077,70,49
1643644335,445.08,445.12,445.06,445.1,445.085,90,66
1643644340,445.1,445.17,445.08,445.17,445.108,61,47
1643644345,445.17,445.18,445.05,445.05,445.095,191,139
1643644350,445.05,445.13,445.05,445.1,445.105,78,68
1643644355,445.1,445.12,445.05,445.08,445.094,60,51
1643644360,445.06,445.06,445.0,445.0,445.029,191,101
1643644365,444.99,445.09,444.98,445.09,445.028,158,95
1643644370,445.08,445.13,445.08,445.13,445.103,124,102
1643644375,445.15,445.17,445.11,445.17,445.147,124,90
1643644380,445.17,445.26,445.13,445.26,445.192,196,130
1643644385,445.27,445.29,445.24,445.27,445.264,161,138
1643644390,445.27,445.28,445.19,445.21,445.226,196,122
1643644395,445.22,445.25,445.15,445.23,445.211,134,110
1643644400,445.23,445.28,445.22,445.25,445.246,81,64
1643644405,445.27,445.31,445.27,445.3,445.286,172,127
1643644410,445.32,445.36,445.25,445.28,445.313,280,203
1643644415,445.3,445.34,445.29,445.33,445.316,110,89
1643644420,445.33,445.37,445.3,445.35,445.332,292,229
1643644425,445.35,445.35,445.3,445.31,445.332,112,90
1643644430,445.3,445.32,445.28,445.3,445.297,60,40
1643644435,445.31,445.31,445.2,445.22,445.246,96,69
1643644440,445.23,445.29,445.23,445.28,445.265,125,92
1643644445,445.28,445.38,445.27,445.38,445.336,84,71
1643644450,445.38,445.4,445.36,445.37,445.379,181,151
1643644455,445.37,445.37,445.25,445.29,445.311,102,93
1643644460,445.29,445.29,445.22,445.22,445.266,40,36
1643644465,445.2,445.21,445.1,445.14,445.142,259,189
1643644470,445.14,445.24,445.14,445.2,445.204,60,43
1643644475,445.19,445.25,445.19,445.24,445.223,66,46
1643644480,445.25,445.27,445.18,445.19,445.225,88,83
1643644485,445.19,445.22,445.17,445.21,445.192,55,52
1643644490,445.22,445.26,445.17,445.18,445.2,142,73
1643644495,445.17,445.2,445.16,445.2,445.18,145,95
1643644500,445.21,445.27,445.21,445.22,445.248,150,102
1643644505,445.21,445.27,445.18,445.26,445.229,64,49
1643644510,445.26,445.26,445.2,445.21,445.23,54,46
1643644515,445.24,445.25,445.2,445.21,445.225,25,20
1643644520,445.21,445.24,445.13,445.19,445.198,82,60
1643644525,445.2,445.2,445.11,445.12,445.168,88,63
1643644530,445.11,445.22,445.11,445.2,445.179,100,73
1643644535,445.2,445.22,445.18,445.21,445.204,51,44
1643644540,445.21,445.29,445.2,445.24,445.248,106,76
1643644545,445.26,445.3,445.24,445.27,445.272,72,60
1643644550,445.3,445.31,445.26,445.3,445.29,199,133
1643644555,445.3,445.34,445.24,445.26,445.302,265,184
1643644560,445.26,445.27,445.15,445.21,445.198,106,98
1643644565,445.17,445.23,445.02,445.03,445.131,134,106
1643644570,445.01,445.02,444.92,444.98,444.965,218,136
1643644575,444.99,445.08,444.94,445.06,445.007,211,178
1643644580,445.1,445.24,445.09,445.23,445.178,139,114
1643644585,445.23,445.23,445.14,445.14,445.193,187,177
1643644590,445.15,445.15,445.09,445.11,445.124,60,48
1643644595,445.13,445.15,445.04,445.05,445.105,72,64
1643644600,445.06,445.06,445.0,445.02,445.027,133,87
1643644605,445.01,445.02,444.84,444.84,444.91,195,123
1643644610,444.84,444.87,444.78,444.83,444.826,163,130
1643644615,444.81,444.99,444.8,444.99,444.947,128,119
1643644620,445.01,445.06,445.0,445.02,445.022,104,77
1643644625,445.04,445.09,445.0,445.06,445.056,137,97
1643644630,445.06,445.07,445.01,445.03,445.049,125,91
1643644635,445.06,445.08,445.03,445.06,445.053,52,48
1643644640,445.07,445.13,444.97,445.08,445.044,122,94
1643644645,445.07,445.12,445.04,445.06,445.057,89,44
1643644650,445.07,445.08,445.01,445.06,445.051,43,33
1643644655,445.07,445.1,445.03,445.07,445.081,44,33
1643644660,445.06,445.15,445.04,445.05,445.113,108,85
1643644665,445.04,445.07,445.04,445.07,445.052,40,36
1643644670,445.06,445.13,445.06,445.1,445.105,67,46
1643644675,445.09,445.12,445.06,445.07,445.076,89,43
1643644680,445.07,445.08,445.02,445.04,445.051,59,52
1643644685,445.05,445.05,444.92,444.93,444.982,163,50
1643644690,444.99,445.09,444.98,445.09,445.045,92,78
1643644695,445.1,445.15,445.08,445.1,445.127,169,113
1643644700,445.1,445.1,444.98,444.99,445.027,68,64
1643644705,444.99,444.99,444.86,444.95,444.929,199,188
1643644710,444.95,445.0,444.71,444.71,444.855,189,153
1643644715,444.72,444.77,444.63,444.75,444.711,240,206
1643644720,444.74,444.78,444.58,444.58,444.707,211,174
1643644725,444.59,444.61,444.52,444.54,444.561,100,88
1643644730,444.55,444.68,444.54,444.67,444.628,125,109
1643644735,444.67,444.77,444.67,444.76,444.712,109,66
1643644740,444.78,444.86,444.73,444.85,444.784,131,110
1643644745,444.86,444.92,444.83,444.85,444.871,233,169
1643644750,444.85,444.91,444.85,444.85,444.879,99,68
1643644755,444.86,444.95,444.85,444.87,444.899,155,134
1643644760,444.88,444.89,444.79,444.87,444.819,151,77
1643644765,444.88,444.93,444.85,444.9,444.896,66,56
1643644770,444.88,444.93,444.83,444.87,444.883,60,58
1643644775,444.87,444.9,444.83,444.89,444.87,36,32
1643644780,444.89,444.98,444.89,444.98,444.946,195,127
1643644785,444.97,445.08,444.97,445.05,445.043,181,150
1643644790,445.05,445.11,445.02,445.07,445.068,60,49
1643644795,445.09,445.22,445.08,445.18,445.153,221,120
1643644800,445.17,445.24,445.13,445.17,445.181,307,203
1643644805,445.2,445.29,445.2,445.28,445.268,315,274
1643644810,445.28,445.33,445.23,445.28,445.276,132,110
1643644815,445.3,445.49,445.3,445.47,445.425,836,527
1643644820,445.47,445.51,445.46,445.48,445.486,384,254
1643644825,445.48,445.5,445.39,445.4,445.466,236,160
1643644830,445.4,445.43,445.37,445.41,445.399,139,127
1643644835,445.4,445.42,445.36,445.4,445.39,125,101
1643644840,445.41,445.42,445.32,445.42,445.374,175,118
1643644845,445.42,445.43,445.35,445.38,445.384,57,56
1643644850,445.38,445.44,445.37,445.38,445.41,157,121
1643644855,445.39,445.39,445.35,445.37,445.367,96,59
1643644860,445.37,445.4,445.34,445.38,445.37,73,64
1643644865,445.39,445.47,445.39,445.39,445.431,119,106
1643644870,445.38,445.42,445.37,445.41,445.387,62,55
1643644875,445.37,445.39,445.28,445.29,445.336,152,122
1643644880,445.28,445.35,445.25,445.35,445.287,169,119
1643644885,445.36,445.38,445.28,445.3,445.335,107,97
1643644890,445.29,445.29,445.11,445.25,445.186,238,197
1643644895,445.24,445.34,445.24,445.32,445.302,90,62
1643644900,445.32,445.36,445.24,445.25,445.311,90,74
1643644905,445.25,445.3,445.2,445.27,445.268,91,61
1643644910,445.27,445.27,445.18,445.22,445.21,113,106
1643644915,445.22,445.32,445.21,445.26,445.255,136,113
1643644920,445.27,445.37,445.26,445.34,445.314,136,134
1643644925,445.34,445.42,445.31,445.37,445.378,231,184
1643644930,445.36,445.39,445.32,445.32,445.364,96,89
1643644935,445.32,445.35,445.24,445.34,445.293,90,69
1643644940,445.35,445.35,445.29,445.34,445.323,24,24
1643644945,445.33,445.38,445.32,445.35,445.352,69,64
1643644950,445.36,445.38,445.28,445.37,445.343,152,139
1643644955,445.39,445.4,445.35,445.37,445.382,62,60
1643644960,445.39,445.42,445.35,445.35,445.395,183,169
1643644965,445.35,445.39,445.34,445.37,445.365,119,77
1643644970,445.36,445.38,445.31,445.32,445.338,29,25
1643644975,445.35,445.44,445.34,445.4,445.401,93,71
1643644980,445.42,445.49,445.41,445.46,445.467,135,111
1643644985,445.45,445.5,445.4,445.43,445.478,134,120
1643644990,445.43,445.46,445.4,445.41,445.427,53,51
1643644995,445.41,445.46,445.32,445.4,445.375,425,242
1643645000,445.39,445.41,445.29,445.35,445.33,379,216
1643645005,445.36,445.36,445.3,445.34,445.334,112,92
1643645010,445.35,445.39,445.32,445.36,445.347,97,71
1643645015,445.34,445.38,445.29,445.37,445.339,79,71
1643645020,445.34,445.38,445.29,445.3,445.325,78,51
1643645025,445.29,445.34,445.28,445.3,445.299,101,87
1643645030,445.31,445.33,445.28,445.3,445.304,59,37
1643645035,445.3,445.32,445.27,445.28,445.29,32,29
1643645040,445.28,445.37,445.27,445.35,445.319,142,118
1643645045,445.36,445.48,445.36,445.45,445.437,597,171
1643645050,445.45,445.48,445.33,445.38,445.454,184,141
1643645055,445.38,445.38,445.29,445.32,445.353,96,73
1643645060,445.31,445.36,445.26,445.27,445.326,80,58
1643645065,445.27,445.28,445.22,445.25,445.24,236,166
1643645070,445.26,445.27,445.16,445.23,445.204,291,213
1643645075,445.22,445.23,445.19,445.21,445.208,77,66
1643645080,445.23,445.24,445.17,445.19,445.203,111,83
1643645085,445.19,445.24,445.17,445.22,445.201,96,86
1643645090,445.23,445.28,445.22,445.27,445.245,69,56
1643645095,445.26,445.3,445.25,445.3,445.272,37,36
1643645100,445.31,445.34,445.27,445.31,445.316,73,67
1643645105,445.29,445.29,445.13,445.16,445.189,103,83
1643645110,445.16,445.3,445.15,445.29,445.232,116,95
1643645115,445.29,445.35,445.29,445.32,445.32,135,94
1643645120,445.33,445.37,445.32,445.34,445.337,105,63
1643645125,445.34,445.36,445.25,445.26,445.308,92,81
1643645130,445.25,445.25,445.14,445.22,445.185,129,106
1643645135,445.22,445.3,445.21,445.27,445.249,272,92
1643645140,445.28,445.32,445.24,445.25,445.286,54,48
1643645145,445.28,445.28,445.16,445.25,445.221,92,89
1643645150,445.24,445.25,445.08,445.1,445.201,140,126
1643645155,445.11,445.19,445.11,445.17,445.151,29,29
1643645160,445.18,445.29,445.18,445.29,445.244,106,60
1643645165,445.3,445.32,445.24,445.25,445.27,42,29
1643645170,445.28,445.3,445.23,445.28,445.27,62,47
1643645175,445.27,445.36,445.25,445.25,445.296,53,35
1643645180,445.24,445.24,445.1,445.12,445.155,71,54
1643645185,445.1,445.1,444.97,444.97,445.024,214,148
1643645190,444.98,445.11,444.98,445.06,445.055,166,135
1643645195,445.06,445.06,444.99,445.02,445.035,70,43
1643645200,445.02,445.08,445.0,445.03,445.035,68,59
1643645205,445.04,445.08,445.03,445.05,445.055,35,34
1643645210,445.04,445.14,445.03,445.13,445.089,84,79
1643645215,445.13,445.21,445.13,445.17,445.163,124,84
1643645220,445.17,445.2,445.14,445.14,445.17,78,63
1643645225,445.14,445.17,445.02,445.14,445.088,107,84
1643645230,445.13,445.18,445.11,445.15,445.145,93,61
1643645235,445.15,445.15,445.05,445.06,445.081,158,78
1643645240,445.05,445.13,445.02,445.13,445.074,101,87
1643645245,445.14,445.17,445.1,445.14,445.141,121,91
1643645250,445.15,445.18,445.13,445.18,445.157,108,80
1643645255,445.16,445.16,445.05,445.07,445.111,83,63
1643645260,445.08,445.1,445.06,445.1,445.08,132,97
1643645265,445.1,445.14,445.06,445.08,445.103,43,39
1643645270,445.07,445.19,445.04,445.18,445.113,115,78
1643645275,445.19,445.19,445.11,445.11,445.151,48,35
1643645280,445.11,445.11,445.05,445.07,445.071,43,34
1643645285,445.07,445.16,445.06,445.15,445.088,48,41
1643645290,445.17,445.21,445.15,445.17,445.18,72,59
1643645295,445.18,445.19,445.03,445.11,445.108,87,85
1643645300,445.09,445.12,445.05,445.1,445.085,94,88
1643645305,445.12,445.22,445.11,445.2,445.157,61,55
1643645310,445.2,445.21,445.12,445.19,445.169,62,52
1643645315,445.18,445.18,445.15,445.17,445.165,15,11
1643645320,445.17,445.17,445.11,445.14,445.137,54,37
1643645325,445.12,445.13,445.09,445.12,445.121,29,28
1643645330,445.15,445.17,445.06,445.09,445.106,50,42
1643645335,445.1,445.12,445.04,445.12,445.077,28,24
1643645340,445.14,445.15,445.03,445.1,445.108,65,63
1643645345,445.09,445.09,444.86,445.01,444.953,263,191
1643645350,445.0,445.04,444.96,445.02,445.01,78,71
1643645355,445.0,445.0,444.94,444.94,444.974,38,31
1643645360,444.94,445.02,444.94,444.99,444.989,70,53
1643645365,444.99,445.02,444.92,444.93,444.962,99,87
1643645370,444.96,444.99,444.92,444.97,444.96,111,86
1643645375,444.98,444.98,444.95,444.96,444.965,158,86
1643645380,444.96,444.98,444.92,444.93,444.965,386,164
1643645385,444.92,444.95,444.91,444.95,444.935,46,26
1643645390,444.93,444.93,444.78,444.86,444.841,188,130
1643645395,444.87,444.88,444.76,444.77,444.811,177,101
1643645400,444.8,444.84,444.78,444.83,444.816,101,85
1643645405,444.81,444.83,444.76,444.8,444.805,128,98
1643645410,444.79,444.8,444.57,444.6,444.657,277,190
1643645415,444.59,444.59,444.41,444.44,444.491,264,219
1643645420,444.45,444.63,444.43,444.63,444.505,219,184
1643645425,444.64,444.7,444.58,444.6,444.638,118,100
1643645430,444.61,444.64,444.45,444.52,444.584,197,84
1643645435,444.53,444.57,444.5,444.54,444.535,164,122
1643645440,444.53,444.59,444.5,444.56,444.537,200,152
1643645445,444.57,444.57,444.49,444.57,444.536,95,80
1643645450,444.56,444.61,444.53,444.61,444.566,147,134
1643645455,444.6,444.65,444.56,444.57,444.599,102,94
1643645460,444.57,444.58,444.29,444.33,444.408,288,194
1643645465,444.32,444.36,444.22,444.23,444.29,210,169
1643645470,444.22,444.25,444.15,444.15,444.179,554,326
1643645475,444.15,444.19,444.14,444.15,444.159,343,225
1643645480,444.16,444.3,444.14,444.25,444.19,257,161
1643645485,444.24,444.29,444.22,444.29,444.253,140,114
1643645490,444.29,444.29,444.21,444.27,444.254,129,84
1643645495,444.29,444.38,444.23,444.38,444.32,134,107
1643645500,444.38,444.49,444.38,444.46,444.435,146,121
1643645505,444.44,444.45,444.41,444.41,444.423,115,84
1643645510,444.42,444.53,444.39,444.5,444.462,85,69
1643645515,444.49,444.51,444.43,444.45,444.47,65,51
1643645520,444.47,444.61,444.45,444.61,444.493,111,101
1643645525,444.61,444.63,444.49,444.5,444.597,130,101
1643645530,444.49,444.55,444.48,444.5,444.517,174,158
1643645535,444.5,444.58,444.5,444.55,444.536,73,69
1643645540,444.56,444.58,444.55,444.58,444.56,87,40
1643645545,444.59,444.76,444.54,444.76,444.655,149,117
1643645550,444.75,444.82,444.73,444.8,444.78,223,152
1643645555,444.81,444.85,444.78,444.82,444.815,117,100
1643645560,444.83,444.83,444.73,444.78,444.766,173,131
1643645565,444.79,444.8,444.72,444.73,444.745,133,89
1643645570,444.72,444.75,444.71,444.74,444.728,104,74
1643645575,444.75,444.78,444.72,444.76,444.746,277,182
1643645580,444.77,444.83,444.74,444.8,444.78,46,42
1643645585,444.81,444.85,444.79,444.85,444.82,65,52
1643645590,444.85,444.87,444.75,444.79,444.827,189,54
1643645595,444.78,444.82,444.71,444.73,444.78,108,85
1643645600,444.72,444.81,444.72,444.72,444.756,34,34
1643645605,444.72,444.73,444.65,444.7,444.688,119,79
1643645610,444.7,444.82,444.7,444.8,444.771,530,296
1643645615,444.81,444.87,444.7,444.73,444.781,251,159
1643645620,444.72,444.76,444.7,444.71,444.727,86,33
1643645625,444.69,444.82,444.69,444.82,444.763,311,198
1643645630,444.81,444.83,444.78,444.81,444.805,164,103
1643645635,444.8,444.84,444.73,444.73,444.782,31,30
1643645640,444.78,444.83,444.77,444.8,444.805,103,62
1643645645,444.8,444.84,444.8,444.83,444.821,63,46
1643645650,444.81,444.88,444.81,444.84,444.855,73,60
1643645655,444.84,444.9,444.84,444.85,444.862,33,28
1643645660,444.86,444.97,444.86,444.95,444.915,137,106
1643645665,444.97,445.0,444.95,445.0,444.993,460,143
1643645670,445.0,445.0,444.95,444.97,444.98,72,53
1643645675,444.98,445.0,444.94,444.97,444.989,160,59
1643645680,444.95,444.95,444.87,444.87,444.905,70,46
1643645685,444.88,444.9,444.84,444.9,444.874,188,113
1643645690,444.9,444.96,444.88,444.96,444.918,38,34
1643645695,444.96,444.97,444.86,444.86,444.918,31,29
1643645700,444.87,444.95,444.84,444.94,444.883,57,47
1643645705,444.94,444.98,444.9,444.92,444.939,83,38
1643645710,444.92,444.96,444.91,444.95,444.936,52,45
1643645715,444.96,444.96,444.79,444.81,444.846,94,61
1643645720,444.8,444.82,444.7,444.82,444.749,118,101
1643645725,444.83,444.84,444.79,444.79,444.813,107,99
1643645730,444.79,444.82,444.78,444.82,444.806,46,25
1643645735,444.83,444.85,444.78,444.81,444.823,63,44
1643645740,444.82,444.86,444.77,444.82,444.817,54,52
1643645745,444.84,444.93,444.84,444.89,444.886,69,54
1643645750,444.89,444.93,444.85,444.87,444.893,137,92
1643645755,444.84,444.9,444.83,444.88,444.861,88,31
1643645760,444.87,444.93,444.83,444.93,444.916,95,80
1643645765,444.93,444.96,444.9,444.9,444.94,183,117
1643645770,444.89,444.89,444.79,444.82,444.844,62,58
1643645775,444.83,444.86,444.77,444.83,444.822,58,55
1643645780,444.84,444.86,444.8,444.82,444.824,109,82
1643645785,444.83,444.84,444.7,444.7,444.773,105,69
1643645790,444.68,444.71,444.63,444.64,444.667,104,75
1643645795,444.64,444.67,444.63,444.65,444.652,91,71
1643645800,444.68,444.68,444.56,444.59,444.6,222,96
1643645805,444.6,444.68,444.6,444.65,444.649,89,77
1643645810,444.65,444.65,444.59,444.6,444.617,59,50
1643645815,444.6,444.67,444.59,444.66,444.626,137,74
1643645820,444.65,444.65,444.47,444.52,444.552,290,203
1643645825,444.51,444.54,444.34,444.34,444.451,193,159
1643645830,444.36,444.38,444.24,444.3,444.289,240,161
1643645835,444.31,444.37,444.24,444.28,444.319,205,160
1643645840,444.29,444.43,444.28,444.4,444.339,180,141
1643645845,444.4,444.56,444.38,444.49,444.46,144,111
1643645850,444.51,444.56,444.49,444.51,444.522,61,43
1643645855,444.5,444.53,444.47,444.52,444.503,66,55
1643645860,444.48,444.53,444.43,444.52,444.489,94,74
1643645865,444.53,444.62,444.52,444.62,444.58,138,84
1643645870,444.64,444.68,444.58,444.67,444.642,102,88
1643645875,444.67,444.7,444.6,444.61,444.652,184,132
1643645880,444.62,444.68,444.59,444.66,444.646,210,178
1643645885,444.66,444.68,444.5,444.5,444.614,218,194
1643645890,444.49,444.49,444.4,444.4,444.451,354,317
1643645895,444.4,444.58,444.38,444.57,444.488,183,155
1643645900,444.58,444.58,444.47,444.51,444.521,92,72
1643645905,444.5,444.5,444.41,444.48,444.463,115,92
1643645910,444.48,444.48,444.31,444.31,444.392,87,76
1643645915,444.31,444.38,444.29,444.35,444.334,110,71
1643645920,444.36,444.41,444.34,444.39,444.381,67,52
1643645925,444.4,444.43,444.37,444.41,444.388,44,38
1643645930,444.41,444.47,444.4,444.44,444.43,92,76
1643645935,444.42,444.43,444.34,444.38,444.399,124,72
1643645940,444.39,444.42,444.38,444.4,444.398,49,47
1643645945,444.41,444.62,444.41,444.56,444.499,168,108
1643645950,444.54,444.62,444.53,444.53,444.567,44,39
1643645955,444.54,444.55,444.48,444.5,444.496,51,48
1643645960,444.52,444.53,444.48,444.49,444.498,44,38
1643645965,444.5,444.51,444.36,444.37,444.435,57,55
1643645970,444.38,444.41,444.32,444.34,444.364,173,130
1643645975,444.35,444.37,444.27,444.33,444.333,108,95
1643645980,444.33,444.38,444.33,444.35,444.355,124,91
1643645985,444.34,444.43,444.33,444.42,444.379,86,60
1643645990,444.42,444.43,444.37,444.37,444.397,81,63
1643645995,444.39,444.41,444.37,444.38,444.39,95,65
1643646000,444.4,444.45,444.38,444.43,444.408,180,113
1643646005,444.41,444.58,444.41,444.53,444.494,171,123
1643646010,444.53,444.6,444.53,444.56,444.574,150,105
1643646015,444.56,444.79,444.55,444.72,444.653,246,159
1643646020,444.72,444.72,444.62,444.66,444.688,145,128
1643646025,444.65,444.69,444.59,444.65,444.664,222,124
1643646030,444.65,444.69,444.51,444.51,444.636,169,109
1643646035,444.54,444.55,444.43,444.43,444.512,183,137
1643646040,444.44,444.53,444.44,444.51,444.499,167,99
1643646045,444.5,444.59,444.48,444.55,444.515,103,77
1643646050,444.56,444.61,444.51,444.51,444.577,47,43
1643646055,444.49,444.51,444.43,444.51,444.466,59,50
1643646060,444.48,444.5,444.41,444.44,444.462,122,98
1643646065,444.43,444.57,444.43,444.51,444.507,133,112
1643646070,444.5,444.59,444.49,444.56,444.557,58,47
1643646075,444.59,444.74,444.58,444.65,444.691,303,231
1643646080,444.66,444.73,444.65,444.65,444.68,123,89
1643646085,444.64,444.66,444.61,444.63,444.643,101,55
1643646090,444.63,444.64,444.5,444.56,444.543,133,117
1643646095,444.53,444.6,444.53,444.55,444.559,51,51
1643646100,444.55,444.59,444.53,444.54,444.56,99,68
1643646105,444.51,444.57,444.45,444.57,444.513,81,64
1643646110,444.53,444.53,444.49,444.51,444.513,38,29
1643646115,444.51,444.54,444.5,444.54,444.52,118,69
1643646120,444.51,444.51,444.4,444.42,444.425,230,185
1643646125,444.41,444.42,444.25,444.31,444.32,256,162
1643646130,444.31,444.31,444.21,444.21,444.236,115,77
1643646135,444.21,444.22,444.14,444.18,444.179,165,118
1643646140,444.19,444.22,444.1,444.13,444.137,233,173
1643646145,444.13,444.18,444.02,444.04,444.093,383,218
1643646150,444.05,444.08,443.97,444.07,444.032,306,227
1643646155,444.08,444.08,444.0,444.03,444.019,240,111
1643646160,444.03,444.06,443.99,444.04,444.015,74,54
1643646165,444.02,444.16,444.01,444.13,444.113,89,60
1643646170,444.12,444.18,444.11,444.13,444.139,75,59
1643646175,444.15,444.15,444.11,444.12,444.134,73,40
1643646180,444.11,444.16,444.11,444.13,444.138,33,25
1643646185,444.15,444.18,444.12,444.17,444.153,57,42
1643646190,444.17,444.18,444.1,444.15,444.14,93,67
1643646195,444.16,444.16,444.09,444.09,444.132,52,40
1643646200,444.1,444.17,444.07,444.15,444.124,64,57
1643646205,444.14,444.16,444.07,444.08,444.125,39,37
1643646210,444.09,444.11,444.08,444.11,444.098,96,52
1643646215,444.12,444.26,444.12,444.18,444.186,117,101
1643646220,444.19,444.26,444.19,444.23,444.23,86,57
1643646225,444.22,444.25,444.21,444.23,444.234,52,32
1643646230,444.21,444.21,444.02,444.1,444.099,98,67
1643646235,444.11,444.16,444.07,444.13,444.108,61,54
1643646240,444.14,444.22,444.14,444.22,444.204,75,59
1643646245,444.21,444.22,444.16,444.21,444.201,55,42
1643646250,444.2,444.2,444.11,444.11,444.143,43,28
1643646255,444.12,444.12,444.04,444.05,444.071,98,72
1643646260,444.07,444.14,444.07,444.07,444.109,61,52
1643646265,444.07,444.11,444.06,444.07,444.072,49,28
1643646270,444.07,444.07,444.0,444.02,444.026,117,103
1643646275,444.02,444.14,444.0,444.1,444.072,297,236
1643646280,444.1,444.18,444.09,444.18,444.108,91,50
1643646285,444.15,444.18,444.14,444.16,444.16,30,27
1643646290,444.16,444.21,444.15,444.19,444.18,59,47
1643646295,444.17,444.18,444.14,444.15,444.154,45,36
1643646300,444.13,444.16,444.11,444.15,444.128,58,28
1643646305,444.15,444.29,444.14,444.29,444.222,126,88
1643646310,444.31,444.48,444.31,444.46,444.413,211,156
1643646315,444.46,444.49,444.39,444.43,444.436,69,50
1643646320,444.41,444.46,444.41,444.45,444.43,101,86
1643646325,444.43,444.47,444.39,444.44,444.431,45,32
1643646330,444.44,444.47,444.42,444.43,444.434,135,70
1643646335,444.41,444.41,444.37,444.37,444.382,26,15
1643646340,444.38,444.39,444.26,444.28,444.303,87,68
1643646345,444.3,444.35,444.27,444.29,444.315,140,91
1643646350,444.27,444.32,444.26,444.28,444.296,88,76
1643646355,444.29,444.29,444.18,444.2,444.234,79,56
1643646360,444.2,444.28,444.18,444.24,444.235,86,61
1643646365,444.26,444.26,444.21,444.26,444.224,29,17
1643646370,444.28,444.51,444.28,444.49,444.401,144,105
1643646375,444.48,444.51,444.37,444.41,444.432,68,57
1643646380,444.43,444.51,444.4,444.5,444.443,157,106
1643646385,444.51,444.57,444.51,444.53,444.55,123,85
1643646390,444.54,444.55,444.48,444.5,444.516,132,71
1643646395,444.48,444.51,444.44,444.46,444.481,84,56
1643646400,444.45,444.47,444.4,444.47,444.434,55,49
1643646405,444.49,444.49,444.41,444.41,444.455,105,80
1643646410,444.44,444.44,444.4,444.43,444.425,88,66
1643646415,444.42,444.43,444.37,444.4,444.4,47,36
1643646420,444.39,444.5,444.37,444.44,444.44,167,123
1643646425,444.44,444.46,444.29,444.32,444.358,142,122
1643646430,444.32,444.44,444.26,444.43,444.366,183,146
1643646435,444.44,444.48,444.37,444.38,444.428,69,50
1643646440,444.4,444.45,444.39,444.45,444.422,71,58
1643646445,444.44,444.58,444.41,444.58,444.519,122,98
1643646450,444.57,444.6,444.41,444.54,444.514,476,398
1643646455,444.54,444.59,444.53,444.53,444.555,118,84
1643646460,444.54,444.55,444.42,444.46,444.472,155,136
1643646465,444.47,444.54,444.44,444.45,444.478,261,115
1643646470,444.43,444.45,444.37,444.44,444.42,197,83
1643646475,444.44,444.51,444.43,444.43,444.473,80,50
1643646480,444.44,444.51,444.44,444.5,444.467,35,30
1643646485,444.48,444.52,444.4,444.4,444.471,85,69
1643646490,444.39,444.44,444.33,444.36,444.373,129,41
1643646495,444.38,444.48,444.34,444.47,444.39,230,120
1643646500,444.47,444.51,444.46,444.5,444.486,74,58
1643646505,444.51,444.58,444.51,444.56,444.544,107,92
1643646510,444.54,444.55,444.4,444.41,444.441,153,61
1643646515,444.4,444.43,444.38,444.41,444.412,110,87
1643646520,444.42,444.46,444.34,444.34,444.392,86,61
1643646525,444.35,444.42,444.31,444.4,444.363,144,118
1643646530,444.39,444.42,444.37,444.39,444.395,118,69
1643646535,444.38,444.61,444.36,444.56,444.534,420,347
1643646540,444.55,444.57,444.49,444.54,444.522,82,76
1643646545,444.55,444.59,444.49,444.51,444.548,77,56
1643646550,444.51,444.51,444.27,444.27,444.39,95,77
1643646555,444.27,444.3,444.19,444.19,444.252,173,129
1643646560,444.2,444.22,444.13,444.14,444.168,185,136
1643646565,444.14,444.17,444.08,444.16,444.12,241,157
1643646570,444.15,444.17,444.09,444.12,444.119,98,82
1643646575,444.11,444.11,444.02,444.07,444.073,115,90
1643646580,444.06,444.06,443.93,443.97,443.963,198,123
1643646585,443.97,444.13,443.96,444.1,444.007,416,200
1643646590,444.1,444.19,444.1,444.16,444.148,86,70
1643646595,444.15,444.2,444.14,444.18,444.173,54,40
1643646600,444.17,444.44,444.17,444.42,444.349,243,193
1643646605,444.44,444.44,444.38,444.43,444.41,91,69
1643646610,444.4,444.49,444.3,444.46,444.394,171,151
1643646615,444.48,444.52,444.44,444.48,444.483,93,75
1643646620,444.51,444.54,444.37,444.44,444.438,222,131
1643646625,444.4,444.45,444.38,444.41,444.407,52,48
1643646630,444.41,444.44,444.35,444.38,444.393,164,98
1643646635,444.36,444.47,444.32,444.41,444.402,80,77
1643646640,444.39,444.45,444.38,444.44,444.412,31,20
1643646645,444.45,444.45,444.2,444.22,444.357,284,152
1643646650,444.22,444.24,444.14,444.22,444.171,151,108
1643646655,444.23,444.23,443.96,443.98,444.054,189,128
1643646660,443.99,444.05,443.95,443.96,443.993,130,94
1643646665,443.96,443.98,443.89,443.95,443.926,331,186
1643646670,443.95,444.0,443.92,443.98,443.947,72,47
1643646675,443.94,444.11,443.93,444.08,444.039,152,104
1643646680,444.08,444.11,444.0,444.09,444.043,121,94
1643646685,444.12,444.28,444.12,444.25,444.228,146,107
1643646690,444.24,444.3,444.2,444.24,444.252,49,37
1643646695,444.27,444.27,444.18,444.22,444.217,90,50
1643646700,444.24,444.29,444.17,444.23,444.219,78,58
1643646705,444.23,444.23,444.19,444.2,444.217,61,43
1643646710,444.22,444.31,444.2,444.23,444.26,103,94
1643646715,444.24,444.39,444.23,444.37,444.344,82,60
1643646720,444.41,444.49,444.36,444.49,444.409,98,86
1643646725,444.49,444.62,444.47,444.61,444.558,279,161
1643646730,444.62,444.64,444.55,444.56,444.608,131,101
1643646735,444.55,444.58,444.44,444.48,444.549,160,61
1643646740,444.48,444.56,444.47,444.48,444.516,101,64
1643646745,444.47,444.49,444.4,444.47,444.45,112,104
1643646750,444.47,444.59,444.45,444.56,444.528,119,100
1643646755,444.56,444.57,444.51,444.55,444.55,49,30
1643646760,444.58,444.78,444.58,444.78,444.724,237,145
1643646765,444.78,444.83,444.74,444.78,444.783,155,96
1643646770,444.78,444.83,444.78,444.81,444.801,106,73
1643646775,444.81,444.86,444.77,444.86,444.826,104,86
1643646780,444.86,444.94,444.85,444.86,444.895,188,155
1643646785,444.89,444.94,444.82,444.86,444.879,389,279
1643646790,444.84,444.9,444.82,444.9,444.877,155,96
1643646795,444.91,445.14,444.91,445.1,445.002,555,404
1643646800,445.1,445.17,445.08,445.1,445.127,335,234
1643646805,445.12,445.18,445.06,445.15,445.116,523,367
1643646810,445.16,445.17,445.1,445.12,445.137,56,53
1643646815,445.12,445.16,445.11,445.15,445.133,65,51
1643646820,445.14,445.14,445.09,445.12,445.111,80,68
1643646825,445.13,445.14,445.09,445.13,445.127,44,43
1643646830,445.13,445.24,445.13,445.24,445.212,297,249
1643646835,445.24,445.27,445.17,445.2,445.237,123,97
1643646840,445.19,445.19,445.09,445.12,445.132,168,96
1643646845,445.13,445.24,445.13,445.24,445.198,71,54
1643646850,445.22,445.22,445.05,445.09,445.103,96,72
1643646855,445.09,445.14,445.09,445.14,445.108,72,59
1643646860,445.14,445.23,445.13,445.23,445.179,74,62
1643646865,445.24,445.33,445.24,445.31,445.307,87,59
1643646870,445.31,445.32,445.22,445.26,445.27,105,84
1643646875,445.25,445.28,445.21,445.23,445.244,48,45
1643646880,445.22,445.28,445.15,445.16,445.215,140,102
1643646885,445.16,445.19,445.11,445.16,445.151,114,95
1643646890,445.14,445.16,445.11,445.13,445.141,38,32
1643646895,445.12,445.21,445.11,445.15,445.155,89,60
1643646900,445.18,445.2,445.1,445.15,445.139,137,121
1643646905,445.2,445.25,445.18,445.22,445.214,84,70
1643646910,445.24,445.32,445.24,445.26,445.288,69,53
1643646915,445.3,445.31,445.2,445.25,445.253,112,81
1643646920,445.26,445.38,445.22,445.31,445.295,178,150
1643646925,445.33,445.33,445.04,445.09,445.16,219,160
1643646930,445.1,445.15,445.09,445.13,445.119,251,172
1643646935,445.15,445.15,445.05,445.09,445.089,107,71
1643646940,445.05,445.06,444.96,444.99,445.001,212,105
1643646945,445.0,445.05,444.95,444.97,444.999,200,143
1643646950,444.95,445.0,444.92,444.97,444.958,140,113
1643646955,444.97,444.97,444.92,444.95,444.949,42,30
1643646960,444.96,445.03,444.83,444.86,444.915,242,191
1643646965,444.87,444.89,444.8,444.81,444.836,203,124
1643646970,444.83,445.04,444.82,445.0,444.933,227,167
1643646975,445.0,445.03,444.93,444.98,444.978,339,273
1643646980,444.97,444.99,444.93,444.93,444.965,107,86
1643646985,444.93,444.93,444.86,444.92,444.896,82,60
1643646990,444.91,444.94,444.87,444.94,444.897,98,80
1643646995,444.94,445.0,444.92,444.97,444.962,81,63
1643647000,444.96,444.97,444.92,444.95,444.948,39,33
1643647005,444.94,444.95,444.89,444.89,444.927,64,41
1643647010,444.92,445.0,444.92,444.98,444.973,96,75
1643647015,444.98,444.98,444.87,444.91,444.916,75,71
1643647020,444.89,445.0,444.78,444.99,444.862,128,112
1643647025,445.0,445.0,444.92,444.96,444.95,88,69
1643647030,444.96,444.97,444.93,444.96,444.955,79,64
1643647035,444.95,444.95,444.87,444.93,444.909,92,82
1643647040,444.92,444.93,444.87,444.88,444.904,50,42
1643647045,444.89,444.92,444.86,444.86,444.899,42,32
1643647050,444.88,444.92,444.88,444.92,444.897,38,32
1643647055,444.9,444.9,444.85,444.86,444.872,40,35
1643647060,444.88,444.97,444.88,444.94,444.936,38,36
1643647065,444.94,444.96,444.93,444.95,444.94,43,34
1643647070,444.97,444.97,444.87,444.93,444.93,138,77
1643647075,444.92,444.94,444.91,444.91,444.926,42,24
1643647080,444.92,444.98,444.79,444.8,444.921,486,165
1643647085,444.8,444.98,444.79,444.98,444.909,83,74
1643647090,444.99,445.03,444.94,444.94,445.0,101,78
1643647095,444.94,444.98,444.85,444.86,444.935,74,58
1643647100,444.87,444.95,444.87,444.91,444.911,112,67
1643647105,444.9,444.95,444.89,444.92,444.922,56,52
1643647110,444.93,444.96,444.92,444.95,444.938,50,35
1643647115,444.94,444.96,444.86,444.9,444.916,53,53
1643647120,444.9,444.94,444.82,444.91,444.877,64,61
1643647125,444.92,444.92,444.85,444.87,444.882,46,43
1643647130,444.89,444.9,444.79,444.85,444.842,88,79
1643647135,444.84,444.9,444.83,444.9,444.855,37,28
1643647140,444.89,444.89,444.78,444.81,444.823,73,66
1643647145,444.83,444.89,444.81,444.85,444.845,91,38
1643647150,444.87,444.89,444.85,444.88,444.865,35,32
1643647155,444.88,444.88,444.82,444.83,444.861,60,44
1643647160,444.85,444.98,444.85,444.98,444.911,43,41
1643647165,444.98,444.99,444.96,444.98,444.983,72,36
1643647170,444.98,445.01,444.97,445.01,444.991,71,56
1643647175,445.0,445.01,444.93,444.93,444.985,49,40
1643647180,444.94,444.95,444.89,444.95,444.917,53,47
1643647185,444.96,444.98,444.94,444.98,444.962,78,64
1643647190,444.98,445.01,444.94,444.95,444.971,84,78
1643647195,444.95,444.97,444.91,444.92,444.946,40,30
1643647200,444.95,445.11,444.95,445.06,445.066,272,182
1643647205,445.06,445.26,445.06,445.22,445.181,495,343
1643647210,445.23,445.27,445.19,445.21,445.232,207,154
1643647215,445.22,445.24,445.09,445.12,445.174,91,78
1643647220,445.13,445.15,445.1,445.13,445.126,133,116
1643647225,445.14,445.15,445.1,445.12,445.125,58,48
1643647230,445.12,445.13,444.97,444.97,445.013,186,167
1643647235,444.99,444.99,444.91,444.95,444.94,152,109
1643647240,444.96,445.08,444.96,445.07,445.027,46,41
1643647245,445.07,445.07,445.03,445.04,445.049,42,31
1643647250,445.05,445.1,445.04,445.04,445.067,113,102
1643647255,445.06,445.07,445.02,445.06,445.047,144,137
1643647260,445.06,445.07,444.91,444.92,444.985,87,76
1643647265,444.89,444.92,444.87,444.88,444.891,69,57
1643647270,444.9,444.91,444.79,444.79,444.846,140,119
1643647275,444.79,444.88,444.79,444.86,444.838,138,96
1643647280,444.88,444.92,444.84,444.86,444.871,77,68
1643647285,444.88,444.89,444.83,444.87,444.86,32,30
1643647290,444.9,444.91,444.84,444.87,444.879,66,49
1643647295,444.86,444.9,444.86,444.89,444.873,52,40
1643647300,444.9,444.96,444.9,444.92,444.923,55,51
1643647305,444.91,444.92,444.83,444.9,444.883,123,107
1643647310,444.91,444.92,444.86,444.86,444.892,71,59
1643647315,444.86,445.0,444.86,445.0,444.915,85,55
1643647320,445.02,445.06,445.01,445.03,445.034,73,61
1643647325,445.07,445.08,444.99,445.0,445.046,107,73
1643647330,445.01,445.02,444.97,445.01,444.993,43,36
1643647335,445.03,445.1,445.01,445.1,445.06,45,32
1643647340,445.09,445.15,445.05,445.05,445.121,259,193
1643647345,445.04,445.09,445.03,445.05,445.067,94,89
1643647350,445.06,445.1,445.04,445.07,445.062,81,70
1643647355,445.08,445.08,444.94,444.95,445.029,122,68
1643647360,444.96,444.98,444.94,444.95,444.961,87,64
1643647365,444.96,445.03,444.95,445.03,444.986,46,39
1643647370,445.04,445.08,445.01,445.03,445.044,302,191
1643647375,445.02,445.08,445.02,445.07,445.036,67,57
1643647380,445.09,445.12,445.04,445.08,445.072,139,112
1643647385,445.09,445.14,445.07,445.11,445.096,142,125
1643647390,445.1,445.13,445.07,445.12,445.094,67,56
1643647395,445.13,445.22,445.13,445.2,445.189,181,107
1643647400,445.2,445.26,445.2,445.22,445.218,121,76
1643647405,445.23,445.24,445.19,445.19,445.215,100,61
1643647410,445.2,445.26,445.19,445.21,445.216,173,142
1643647415,445.21,445.24,445.19,445.19,445.215,83,74
1643647420,445.2,445.32,445.2,445.31,445.274,217,149
1643647425,445.31,445.36,445.25,445.26,445.302,189,116
1643647430,445.27,445.3,445.22,445.26,445.267,257,201
1643647435,445.27,445.29,445.25,445.26,445.272,194,103
1643647440,445.27,445.32,445.24,445.24,445.274,132,85
1643647445,445.23,445.27,445.23,445.23,445.243,124,100
1643647450,445.24,445.25,445.2,445.23,445.218,114,70
1643647455,445.23,445.25,445.14,445.17,445.195,163,106
1643647460,445.17,445.27,445.17,445.26,445.208,154,86
1643647465,445.25,445.27,445.19,445.19,445.238,88,66
1643647470,445.2,445.23,445.17,445.21,445.194,153,128
1643647475,445.21,445.27,445.21,445.25,445.239,100,66
1643647480,445.26,445.26,445.2,445.2,445.239,27,23
1643647485,445.19,445.26,445.19,445.25,445.235,26,19
1643647490,445.24,445.29,445.23,445.29,445.258,36,29
1643647495,445.3,445.36,445.21,445.25,445.283,186,146
1643647500,445.25,445.37,445.23,445.34,445.299,174,147
1643647505,445.35,445.35,445.11,445.13,445.21,205,151
1643647510,445.13,445.27,445.13,445.24,445.216,162,144
1643647515,445.24,445.24,445.2,445.21,445.215,68,66
1643647520,445.2,445.23,445.18,445.22,445.199,89,64
1643647525,445.22,445.3,445.22,445.29,445.268,69,37
1643647530,445.28,445.3,445.23,445.26,445.268,162,125
1643647535,445.25,445.27,445.25,445.25,445.259,69,58
1643647540,445.27,445.27,445.18,445.19,445.244,50,44
1643647545,445.19,445.25,445.19,445.25,445.218,23,17
1643647550,445.23,445.24,445.09,445.09,445.143,259,211
1643647555,445.1,445.11,445.04,445.11,445.076,200,154
1643647560,445.12,445.24,445.12,445.24,445.161,39,36
1643647565,445.23,445.26,445.22,445.26,445.248,157,86
1643647570,445.25,445.3,445.22,445.28,445.259,182,142
1643647575,445.3,445.4,445.3,445.38,445.349,436,227
1643647580,445.4,445.42,445.39,445.42,445.409,148,94
1643647585,445.4,445.43,445.34,445.4,445.391,339,266
1643647590,445.4,445.41,445.31,445.38,445.353,127,113
1643647595,445.38,445.43,445.38,445.41,445.396,178,120
1643647600,445.4,445.41,445.35,445.36,445.388,78,64
1643647605,445.37,445.41,445.35,445.37,445.389,203,138
1643647610,445.37,445.41,445.36,445.39,445.389,129,96
1643647615,445.39,445.41,445.38,445.4,445.394,100,68
1643647620,445.4,445.45,445.39,445.43,445.422,182,129
1643647625,445.44,445.44,445.34,445.35,445.385,173,121
1643647630,445.35,445.35,445.29,445.32,445.32,85,81
1643647635,445.34,445.38,445.33,445.35,445.35,239,113
1643647640,445.36,445.42,445.33,445.4,445.364,143,99
1643647645,445.4,445.4,445.35,445.39,445.374,90,84
1643647650,445.4,445.42,445.39,445.41,445.405,91,67
1643647655,445.43,445.43,445.37,445.37,445.389,69,59
1643647660,445.37,445.44,445.36,445.44,445.414,138,71
1643647665,445.44,445.46,445.41,445.44,445.438,148,106
1643647670,445.43,445.44,445.38,445.38,445.416,83,47
1643647675,445.37,445.38,445.25,445.36,445.31,117,93
1643647680,445.36,445.37,445.34,445.36,445.349,46,35
1643647685,445.36,445.37,445.33,445.37,445.349,61,48
1643647690,445.37,445.41,445.34,445.41,445.377,67,55
1643647695,445.42,445.46,445.4,445.45,445.42,117,75
1643647700,445.45,445.69,445.45,445.65,445.596,1142,729
1643647705,445.65,445.67,445.58,445.59,445.651,389,220
1643647710,445.6,445.63,445.59,445.62,445.606,346,185
1643647715,445.63,445.64,445.59,445.6,445.611,93,54
1643647720,445.6,445.63,445.59,445.62,445.603,78,46
1643647725,445.61,445.62,445.59,445.59,445.605,59,48
1643647730,445.61,445.65,445.59,445.64,445.607,177,124
1643647735,445.64,445.65,445.61,445.64,445.63,247,122
1643647740,445.62,445.64,445.6,445.63,445.619,103,53
1643647745,445.62,445.65,445.56,445.62,445.608,201,132
1643647750,445.62,445.63,445.56,445.56,445.595,93,80
1643647755,445.55,445.62,445.55,445.6,445.588,94,74
1643647760,445.61,445.66,445.61,445.62,445.633,145,66
1643647765,445.64,445.78,445.64,445.75,445.732,332,227
1643647770,445.75,445.85,445.74,445.82,445.787,354,215
1643647775,445.81,445.82,445.73,445.74,445.79,328,203
1643647780,445.74,445.77,445.73,445.74,445.741,140,105
1643647785,445.75,445.8,445.73,445.77,445.764,201,137
1643647790,445.75,445.83,445.73,445.81,445.787,261,167
1643647795,445.82,445.84,445.78,445.8,445.808,220,185
1643647800,445.8,445.82,445.75,445.76,445.793,112,86
1643647805,445.77,445.77,445.68,445.68,445.723,173,100
1643647810,445.68,445.72,445.68,445.71,445.697,156,126
1643647815,445.7,445.78,445.67,445.72,445.745,141,117
1643647820,445.72,445.76,445.71,445.76,445.738,99,67
1643647825,445.76,445.76,445.71,445.72,445.74,50,40
1643647830,445.73,445.77,445.72,445.75,445.745,153,125
1643647835,445.76,445.78,445.76,445.77,445.774,26,16
1643647840,445.78,445.79,445.76,445.76,445.775,135,94
1643647845,445.76,445.81,445.76,445.81,445.782,58,29
1643647850,445.82,445.91,445.82,445.91,445.857,369,243
1643647855,445.91,445.99,445.89,445.97,445.94,290,219
1643647860,445.97,446.04,445.96,446.0,446.006,531,297
1643647865,446.01,446.06,445.97,446.05,446.012,275,150
1643647870,446.06,446.17,446.05,446.15,446.114,432,296
1643647875,446.15,446.25,446.11,446.22,446.178,516,334
1643647880,446.23,446.23,446.16,446.17,446.188,271,214
1643647885,446.17,446.25,446.17,446.24,446.215,132,93
1643647890,446.24,446.24,446.19,446.19,446.213,317,148
1643647895,446.19,446.28,446.19,446.25,446.25,203,137
1643647900,446.26,446.28,446.24,446.24,446.262,234,160
1643647905,446.25,446.3,446.25,446.27,446.275,217,124
1643647910,446.27,446.31,446.27,446.29,446.287,134,77
1643647915,446.29,446.31,446.27,446.3,446.283,139,84
1643647920,446.29,446.4,446.29,446.38,446.352,284,213
1643647925,446.37,446.41,446.36,446.4,446.383,184,121
1643647930,446.4,446.43,446.37,446.39,446.4,383,238
1643647935,446.4,446.41,446.38,446.4,446.393,203,95
1643647940,446.4,446.42,446.37,446.38,446.401,231,115
1643647945,446.38,446.38,446.33,446.34,446.354,116,87
1643647950,446.36,446.43,446.36,446.39,446.386,135,110
1643647955,446.4,446.42,446.37,446.4,446.386,116,79
1643647960,446.4,446.42,446.38,446.41,446.399,186,139
1643647965,446.41,446.46,446.41,446.45,446.433,116,71
1643647970,446.44,446.47,446.43,446.45,446.446,189,138
1643647975,446.44,446.47,446.43,446.46,446.44,93,59
1643647980,446.46,446.57,446.46,446.54,446.51,298,169
1643647985,446.54,446.55,446.46,446.49,446.519,245,135
1643647990,446.48,446.51,446.46,446.48,446.482,119,84
1643647995,446.49,446.55,446.49,446.54,446.521,84,70
1643648000,446.55,446.57,446.52,446.53,446.544,329,205
1643648005,446.54,446.58,446.49,446.56,446.525,519,389
1643648010,446.55,446.56,446.5,446.54,446.531,184,133
1643648015,446.55,446.57,446.53,446.57,446.544,119,68
1643648020,446.58,446.58,446.55,446.56,446.559,130,81
1643648025,446.55,446.61,446.55,446.59,446.585,167,116
1643648030,446.6,446.62,446.56,446.58,446.586,422,240
1643648035,446.59,446.66,446.58,446.63,446.618,433,256
1643648040,446.63,446.65,446.54,446.55,446.575,213,165
1643648045,446.55,446.6,446.53,446.58,446.58,284,162
1643648050,446.58,446.59,446.55,446.58,446.57,146,104
1643648055,446.57,446.57,446.5,446.52,446.521,214,148
1643648060,446.52,446.54,446.5,446.54,446.514,77,52
1643648065,446.55,446.57,446.53,446.53,446.544,111,63
1643648070,446.54,446.66,446.54,446.66,446.583,172,107
1643648075,446.65,446.72,446.61,446.69,446.662,169,119
1643648080,446.7,446.7,446.64,446.64,446.68,142,105
1643648085,446.65,446.66,446.61,446.64,446.633,119,74
1643648090,446.65,446.67,446.65,446.66,446.66,79,50
1643648095,446.66,446.71,446.66,446.7,446.684,78,61
1643648100,446.7,446.71,446.66,446.69,446.683,231,178
1643648105,446.69,446.74,446.66,446.69,446.699,227,160
1643648110,446.68,446.72,446.67,446.67,446.692,133,105
1643648115,446.68,446.72,446.67,446.71,446.694,59,38
1643648120,446.72,446.8,446.71,446.75,446.771,387,223
1643648125,446.76,446.77,446.73,446.76,446.751,133,75
1643648130,446.75,446.77,446.74,446.76,446.752,235,131
1643648135,446.78,446.79,446.76,446.78,446.772,157,85
1643648140,446.78,446.78,446.74,446.77,446.763,131,99
1643648145,446.77,446.77,446.72,446.73,446.745,132,96
1643648150,446.71,446.77,446.7,446.74,446.736,116,89
1643648155,446.74,446.74,446.68,446.7,446.701,155,110
1643648160,446.7,446.75,446.7,446.73,446.728,228,139
1643648165,446.74,446.77,446.71,446.71,446.744,91,85
1643648170,446.72,446.73,446.71,446.72,446.718,70,54
1643648175,446.73,446.74,446.7,446.7,446.722,112,69
1643648180,446.7,446.73,446.67,446.71,446.705,338,215
1643648185,446.71,446.73,446.63,446.64,446.675,182,140
1643648190,446.64,446.66,446.63,446.65,446.638,78,53
1643648195,446.66,446.68,446.64,446.67,446.664,177,96
1643648200,446.68,446.77,446.64,446.67,446.707,495,316
1643648205,446.67,446.7,446.66,446.69,446.683,112,88
1643648210,446.69,446.73,446.68,446.71,446.699,142,86
1643648215,446.71,446.73,446.69,446.71,446.712,96,69
1643648220,446.71,446.75,446.7,446.71,446.732,128,107
1643648225,446.73,446.75,446.7,446.75,446.72,97,64
1643648230,446.76,446.77,446.74,446.75,446.752,143,75
1643648235,446.77,446.78,446.75,446.75,446.763,131,105
1643648240,446.75,446.75,446.71,446.71,446.728,106,87
1643648245,446.71,446.72,446.65,446.66,446.674,191,155
1643648250,446.66,446.72,446.66,446.71,446.698,86,71
1643648255,446.73,446.75,446.72,446.74,446.733,85,52
1643648260,446.74,446.76,446.72,446.73,446.734,66,39
1643648265,446.72,446.76,446.72,446.76,446.737,50,31
1643648270,446.76,446.76,446.75,446.76,446.755,31,26
1643648275,446.76,446.76,446.69,446.69,446.736,98,87
1643648280,446.69,446.71,446.67,446.69,446.689,216,91
1643648285,446.69,446.73,446.67,446.68,446.69,183,144
1643648290,446.68,446.75,446.66,446.74,446.71,66,58
1643648295,446.74,446.75,446.64,446.65,446.71,174,76
1643648300,446.65,446.73,446.65,446.69,446.684,88,58
1643648305,446.69,446.69,446.64,446.67,446.663,130,65
1643648310,446.67,446.69,446.66,446.66,446.667,47,25
1643648315,446.65,446.66,446.59,446.64,446.631,195,134
1643648320,446.63,446.7,446.63,446.68,446.656,123,95
1643648325,446.7,446.7,446.66,446.66,446.679,147,112
1643648330,446.65,446.66,446.59,446.59,446.61,176,122
1643648335,446.59,446.68,446.59,446.68,446.63,71,42
1643648340,446.67,446.68,446.62,446.66,446.651,163,102
1643648345,446.65,446.69,446.62,446.64,446.651,136,105
1643648350,446.64,446.69,446.64,446.65,446.662,82,60
1643648355,446.65,446.7,446.62,446.67,446.677,191,107
1643648360,446.68,446.73,446.68,446.71,446.714,79,53
1643648365,446.71,446.73,446.7,446.73,446.72,90,44
1643648370,446.74,446.77,446.67,446.68,446.744,261,79
1643648375,446.7,446.7,446.68,446.68,446.688,95,74
1643648380,446.69,446.71,446.66,446.69,446.688,131,98
1643648385,446.68,446.72,446.68,446.72,446.699,105,78
1643648390,446.72,446.73,446.71,446.72,446.719,87,52
1643648395,446.72,446.72,446.71,446.71,446.714,106,80
1643648400,446.71,446.78,446.7,446.74,446.748,353,221
1643648405,446.74,446.74,446.62,446.63,446.686,243,177
1643648410,446.64,446.67,446.62,446.64,446.633,82,65
1643648415,446.64,446.71,446.64,446.7,446.685,63,34
1643648420,446.73,446.73,446.68,446.7,446.701,71,54
1643648425,446.69,446.69,446.58,446.58,446.63,76,53
1643648430,446.58,446.63,446.54,446.63,446.566,174,138
1643648435,446.63,446.69,446.62,446.66,446.661,37,34
1643648440,446.65,446.66,446.63,446.66,446.651,149,106
1643648445,446.65,446.67,446.61,446.62,446.638,74,69
1643648450,446.63,446.63,446.57,446.59,446.599,167,108
1643648455,446.59,446.62,446.59,446.59,446.603,52,39
1643648460,446.6,446.66,446.6,446.63,446.63,52,37
1643648465,446.62,446.67,446.56,446.56,446.616,194,134
1643648470,446.57,446.62,446.56,446.6,446.592,45,35
1643648475,446.6,446.62,446.59,446.62,446.606,75,63
1643648480,446.62,446.72,446.61,446.67,446.689,180,149
1643648485,446.69,446.69,446.63,446.65,446.664,134,105
1643648490,446.65,446.67,446.62,446.66,446.64,47,33
1643648495,446.66,446.69,446.63,446.64,446.66,113,103
1643648500,446.64,446.64,446.54,446.55,446.576,112,89
1643648505,446.56,446.58,446.53,446.55,446.547,171,131
1643648510,446.55,446.55,446.46,446.46,446.504,143,101
1643648515,446.47,446.56,446.46,446.53,446.521,69,56
1643648520,446.54,446.55,446.52,446.54,446.536,54,35
1643648525,446.52,446.54,446.51,446.54,446.527,159,102
1643648530,446.55,446.55,446.51,446.51,446.528,45,33
1643648535,446.52,446.53,446.48,446.52,446.509,52,40
1643648540,446.52,446.52,446.49,446.51,446.507,150,91
1643648545,446.51,446.54,446.49,446.5,446.51,53,42
1643648550,446.48,446.49,446.43,446.45,446.45,69,55
1643648555,446.47,446.48,446.44,446.46,446.447,319,150
1643648560,446.45,446.47,446.4,446.47,446.418,142,113
1643648565,446.44,446.44,446.4,446.41,446.423,46,21
1643648570,446.42,446.46,446.4,446.46,446.425,106,61
1643648575,446.46,446.47,446.38,446.39,446.411,374,181
1643648580,446.39,446.43,446.36,446.41,446.398,169,93
1643648585,446.41,446.42,446.4,446.41,446.408,43,33
1643648590,446.42,446.47,446.41,446.46,446.435,105,86
1643648595,446.46,446.46,446.36,446.37,446.403,112,76
1643648600,446.38,446.4,446.37,446.38,446.386,70,31
1643648605,446.37,446.37,446.34,446.35,446.352,343,112
1643648610,446.35,446.36,446.34,446.35,446.351,60,34
1643648615,446.35,446.36,446.31,446.31,446.324,289,122
1643648620,446.31,446.35,446.26,446.34,446.31,158,115
1643648625,446.35,446.35,446.24,446.34,446.289,240,192
1643648630,446.35,446.36,446.31,446.32,446.34,84,56
1643648635,446.34,446.34,446.29,446.31,446.309,97,90
1643648640,446.31,446.33,446.28,446.29,446.313,114,96
1643648645,446.29,446.32,446.27,446.3,446.301,59,47
1643648650,446.29,446.32,446.27,446.32,446.303,247,82
1643648655,446.32,446.34,446.32,446.34,446.329,70,49
1643648660,446.34,446.38,446.33,446.38,446.355,79,60
1643648665,446.37,446.39,446.33,446.36,446.357,127,55
1643648670,446.37,446.41,446.37,446.4,446.399,71,44
1643648675,446.4,446.46,446.4,446.43,446.425,296,178
1643648680,446.44,446.46,446.42,446.45,446.442,103,72
1643648685,446.45,446.49,446.44,446.49,446.466,86,60
1643648690,446.48,446.5,446.48,446.5,446.483,45,25
1643648695,446.5,446.52,446.48,446.5,446.505,149,89
1643648700,446.5,446.61,446.5,446.6,446.554,251,165
1643648705,446.6,446.62,446.53,446.62,446.581,200,130
1643648710,446.62,446.62,446.55,446.57,446.594,141,94
1643648715,446.57,446.6,446.56,446.57,446.581,72,54
1643648720,446.55,446.59,446.54,446.55,446.565,196,130
1643648725,446.55,446.56,446.53,446.56,446.548,28,15
1643648730,446.56,446.6,446.56,446.58,446.582,114,87
1643648735,446.59,446.7,446.59,446.65,446.643,251,163
1643648740,446.65,446.67,446.64,446.64,446.655,137,94
1643648745,446.64,446.7,446.64,446.7,446.684,147,105
1643648750,446.7,446.71,446.68,446.71,446.693,72,52
1643648755,446.71,446.74,446.68,446.68,446.714,290,155
1643648760,446.68,446.72,446.66,446.7,446.689,132,86
1643648765,446.71,446.72,446.67,446.68,446.698,92,73
1643648770,446.68,446.68,446.63,446.67,446.663,106,79
1643648775,446.66,446.66,446.61,446.61,446.633,64,44
1643648780,446.62,446.64,446.59,446.6,446.608,150,82
1643648785,446.6,446.61,446.53,446.57,446.588,167,85
1643648790,446.56,446.59,446.56,446.59,446.575,38,20
1643648795,446.58,446.6,446.57,446.59,446.581,67,55
1643648800,446.59,446.62,446.55,446.62,446.575,87,68
1643648805,446.61,446.61,446.52,446.54,446.548,99,67
1643648810,446.57,446.6,446.57,446.59,446.591,27,18
1643648815,446.59,446.62,446.59,446.62,446.6,40,32
1643648820,446.6,446.62,446.58,446.6,446.594,146,76
1643648825,446.6,446.6,446.58,446.6,446.593,35,27
1643648830,446.6,446.6,446.56,446.56,446.567,43,41
1643648835,446.56,446.57,446.47,446.47,446.523,146,71
1643648840,446.48,446.56,446.47,446.56,446.523,70,52
1643648845,446.56,446.6,446.56,446.6,446.586,53,30
1643648850,446.59,446.61,446.55,446.61,446.574,112,57
1643648855,446.64,446.68,446.61,446.63,446.659,113,74
1643648860,446.64,446.67,446.64,446.65,446.649,50,23
1643648865,446.64,446.65,446.61,446.62,446.629,86,41
1643648870,446.62,446.64,446.61,446.63,446.629,43,27
1643648875,446.62,446.62,446.52,446.52,446.555,180,127
1643648880,446.52,446.53,446.49,446.5,446.517,99,61
1643648885,446.51,446.52,446.45,446.46,446.485,108,88
1643648890,446.47,446.48,446.43,446.44,446.452,70,48
1643648895,446.45,446.48,446.42,446.46,446.461,115,86
1643648900,446.47,446.48,446.44,446.45,446.456,43,34
1643648905,446.45,446.47,446.45,446.47,446.461,46,25
1643648910,446.47,446.47,446.42,446.42,446.435,134,43
1643648915,446.42,446.44,446.37,446.44,446.416,118,44
1643648920,446.43,446.43,446.32,446.33,446.367,60,46
1643648925,446.33,446.34,446.27,446.3,446.296,129,104
1643648930,446.31,446.32,446.25,446.3,446.28,107,59
1643648935,446.29,446.38,446.29,446.37,446.344,70,47
1643648940,446.4,446.46,446.4,446.42,446.427,71,58
1643648945,446.44,446.46,446.4,446.44,446.426,44,34
1643648950,446.43,446.44,446.38,446.38,446.413,29,27
1643648955,446.37,446.38,446.3,446.3,446.336,64,48
1643648960,446.3,446.3,446.17,446.19,446.23,158,130
1643648965,446.18,446.23,446.15,446.19,446.182,92,70
1643648970,446.22,446.27,446.11,446.22,446.179,886,450
1643648975,446.22,446.22,446.11,446.11,446.158,69,59
1643648980,446.11,446.15,446.08,446.14,446.113,156,131
1643648985,446.13,446.18,446.11,446.11,446.137,136,95
1643648990,446.11,446.11,446.04,446.06,446.068,179,116
1643648995,446.05,446.06,446.0,446.05,446.019,135,79
1643649000,446.06,446.2,446.05,446.19,446.136,282,136
1643649005,446.2,446.23,446.17,446.18,446.2,78,47
1643649010,446.19,446.2,446.16,446.18,446.176,72,58
1643649015,446.18,446.29,446.16,446.24,446.227,264,167
1643649020,446.25,446.25,446.22,446.23,446.231,33,23
1643649025,446.22,446.23,446.11,446.15,446.183,168,121
1643649030,446.15,446.15,446.1,446.11,446.117,48,28
1643649035,446.1,446.16,446.09,446.14,446.121,86,78
1643649040,446.16,446.2,446.11,446.2,446.158,158,85
1643649045,446.21,446.23,446.19,446.23,446.208,36,27
1643649050,446.22,446.24,446.21,446.22,446.225,56,46
1643649055,446.22,446.23,446.16,446.17,446.21,97,66
1643649060,446.2,446.21,446.16,446.19,446.179,65,36
1643649065,446.21,446.28,446.21,446.25,446.239,39,26
1643649070,446.26,446.28,446.24,446.28,446.268,78,35
1643649075,446.28,446.31,446.26,446.27,446.265,303,83
1643649080,446.27,446.35,446.26,446.32,446.316,100,59
1643649085,446.33,446.34,446.31,446.32,446.319,27,15
1643649090,446.31,446.32,446.24,446.27,446.265,115,76
1643649095,446.25,446.3,446.24,446.29,446.262,191,91
1643649100,446.3,446.34,446.27,446.28,446.3,184,134
1643649105,446.26,446.29,446.22,446.25,446.261,74,58
1643649110,446.25,446.25,446.22,446.22,446.237,31,27
1643649115,446.23,446.25,446.16,446.16,446.21,64,57
1643649120,446.17,446.23,446.16,446.19,446.204,71,42
1643649125,446.2,446.23,446.2,446.2,446.213,33,30
1643649130,446.22,446.22,446.13,446.17,446.187,149,109
1643649135,446.17,446.22,446.16,446.22,446.179,26,22
1643649140,446.22,446.25,446.22,446.23,446.233,16,11
1643649145,446.24,446.28,446.23,446.28,446.265,35,26
1643649150,446.29,446.3,446.23,446.24,446.261,34,30
1643649155,446.24,446.33,446.2,446.32,446.267,263,107
1643649160,446.33,446.41,446.33,446.41,446.373,262,178
1643649165,446.41,446.43,446.37,446.43,446.401,140,96
1643649170,446.42,446.44,446.4,446.41,446.425,77,60
1643649175,446.41,446.42,446.39,446.41,446.405,49,25
1643649180,446.41,446.46,446.4,446.46,446.437,109,78
1643649185,446.44,446.45,446.42,446.42,446.434,75,56
1643649190,446.43,446.44,446.36,446.36,446.402,81,62
1643649195,446.37,446.4,446.37,446.39,446.386,54,29
1643649200,446.41,446.44,446.41,446.43,446.425,50,35
1643649205,446.43,446.44,446.38,446.41,446.412,124,82
1643649210,446.41,446.43,446.4,446.42,446.419,28,13
1643649215,446.4,446.42,446.36,446.42,446.38,31,25
1643649220,446.4,446.4,446.24,446.24,446.294,258,149
1643649225,446.25,446.25,446.18,446.19,446.215,139,78
1643649230,446.19,446.21,446.15,446.17,446.167,83,39
1643649235,446.18,446.26,446.18,446.24,446.22,60,43
1643649240,446.24,446.24,446.14,446.16,446.209,58,53
1643649245,446.13,446.14,446.07,446.12,446.11,176,119
1643649250,446.11,446.13,446.01,446.01,446.063,237,132
1643649255,446.0,446.03,445.94,446.03,445.988,161,94
1643649260,446.01,446.05,446.0,446.0,446.031,116,70
1643649265,446.0,446.02,445.97,446.0,446.003,56,35
1643649270,445.99,446.04,445.99,446.0,446.01,43,24
1643649275,446.0,446.03,445.97,445.98,445.994,89,43
1643649280,445.99,446.07,445.98,446.03,446.033,186,75
1643649285,446.05,446.14,446.04,446.1,446.111,264,129
1643649290,446.1,446.12,446.07,446.08,446.096,214,75
1643649295,446.08,446.12,446.05,446.12,446.079,37,24
1643649300,446.14,446.15,446.08,446.14,446.103,54,47
1643649305,446.19,446.23,446.17,446.17,446.204,58,39
1643649310,446.19,446.19,446.01,446.02,446.099,60,52
1643649315,446.0,446.02,445.98,446.01,445.996,80,47
1643649320,446.0,446.11,446.0,446.11,446.042,250,175
1643649325,446.12,446.14,446.08,446.11,446.118,47,28
1643649330,446.11,446.11,446.06,446.06,446.085,45,23
1643649335,446.06,446.07,446.02,446.02,446.036,25,18
1643649340,446.06,446.06,446.03,446.03,446.045,26,15
1643649345,446.04,446.11,446.04,446.1,446.092,57,44
1643649350,446.11,446.12,446.06,446.09,446.086,70,50
1643649355,446.1,446.13,446.09,446.09,446.106,40,31
1643649360,446.11,446.22,446.1,446.22,446.144,226,180
1643649365,446.22,446.22,446.14,446.16,446.186,162,144
1643649370,446.15,446.25,446.15,446.25,446.215,111,70
1643649375,446.27,446.28,446.16,446.18,446.243,100,69
1643649380,446.18,446.22,446.16,446.22,446.187,44,28
1643649385,446.21,446.24,446.2,446.21,446.216,21,19
1643649390,446.22,446.29,446.22,446.28,446.264,61,34
1643649395,446.26,446.3,446.23,446.28,446.268,187,125
1643649400,446.29,446.34,446.28,446.33,446.311,344,212
1643649405,446.31,446.35,446.31,446.34,446.326,42,33
1643649410,446.37,446.37,446.32,446.33,446.349,159,108
1643649415,446.32,446.37,446.32,446.35,446.35,116,50
1643649420,446.37,446.44,446.37,446.43,446.396,94,69
1643649425,446.42,446.49,446.42,446.47,446.451,121,70
1643649430,446.47,446.47,446.45,446.46,446.46,66,55
1643649435,446.47,446.61,446.47,446.52,446.557,431,310
1643649440,446.51,446.55,446.5,446.51,446.533,178,164
1643649445,446.51,446.54,446.49,446.52,446.517,147,101
1643649450,446.52,446.57,446.52,446.55,446.542,113,102
1643649455,446.56,446.69,446.56,446.63,446.643,319,228
1643649460,446.64,446.65,446.55,446.65,446.598,172,143
1643649465,446.62,446.62,446.58,446.61,446.608,61,44
1643649470,446.63,446.63,446.59,446.6,446.612,38,31
1643649475,446.6,446.64,446.59,446.63,446.602,84,54
1643649480,446.63,446.67,446.62,446.64,446.638,63,49
1643649485,446.65,446.72,446.65,446.7,446.695,162,112
1643649490,446.7,446.86,446.69,446.86,446.774,310,192
1643649495,446.86,446.93,446.84,446.87,446.88,348,238
1643649500,446.88,446.92,446.88,446.91,446.899,178,115
1643649505,446.92,446.97,446.9,446.96,446.941,140,82
1643649510,446.96,446.96,446.87,446.89,446.905,78,63
1643649515,446.89,446.89,446.82,446.82,446.858,51,42
1643649520,446.83,446.86,446.83,446.83,446.844,59,44
1643649525,446.85,446.85,446.81,446.82,446.823,104,57
1643649530,446.82,446.84,446.79,446.81,446.814,58,47
1643649535,446.8,446.82,446.78,446.82,446.804,155,60
1643649540,446.8,446.81,446.74,446.74,446.775,66,50
1643649545,446.74,446.76,446.69,446.69,446.717,186,78
1643649550,446.68,446.75,446.68,446.74,446.709,122,101
1643649555,446.73,446.77,446.73,446.77,446.753,50,48
1643649560,446.76,446.77,446.75,446.75,446.758,37,26
1643649565,446.77,446.77,446.75,446.75,446.764,57,49
1643649570,446.77,446.79,446.76,446.78,446.773,31,29
1643649575,446.79,446.81,446.77,446.8,446.798,588,110
1643649580,446.81,446.83,446.8,446.83,446.819,158,121
1643649585,446.82,446.82,446.8,446.81,446.809,54,41
1643649590,446.81,446.82,446.81,446.82,446.816,19,16
1643649595,446.83,446.84,446.78,446.79,446.807,53,45
1643649600,446.8,446.8,446.7,446.71,446.739,98,71
1643649605,446.72,446.79,446.71,446.74,446.746,127,106
1643649610,446.77,446.78,446.7,446.7,446.748,79,63
1643649615,446.71,446.72,446.61,446.62,446.65,242,185
1643649620,446.63,446.72,446.62,446.72,446.678,77,43
1643649625,446.71,446.75,446.67,446.74,446.706,38,35
1643649630,446.73,446.76,446.73,446.75,446.747,56,47
1643649635,446.73,446.73,446.69,446.7,446.708,52,50
1643649640,446.7,446.73,446.7,446.73,446.708,28,28
1643649645,446.75,446.77,446.73,446.75,446.754,37,30
1643649650,446.73,446.74,446.64,446.65,446.69,56,47
1643649655,446.64,446.7,446.64,446.69,446.656,147,129
1643649660,446.7,446.73,446.66,446.69,446.689,41,32
1643649665,446.71,446.78,446.71,446.75,446.743,138,120
1643649670,446.75,446.76,446.71,446.71,446.742,68,47
1643649675,446.75,446.78,446.73,446.78,446.751,19,15
1643649680,446.79,446.79,446.75,446.77,446.766,64,50
1643649685,446.76,446.78,446.7,446.71,446.739,339,245
1643649690,446.71,446.71,446.54,446.55,446.607,391,262
1643649695,446.55,446.57,446.48,446.52,446.526,478,345
1643649700,446.51,446.55,446.51,446.54,446.536,71,58
1643649705,446.55,446.55,446.51,446.52,446.524,191,112
1643649710,446.57,446.61,446.56,446.58,446.583,92,73
1643649715,446.59,446.64,446.59,446.61,446.62,63,48
1643649720,446.61,446.62,446.56,446.59,446.592,154,108
1643649725,446.6,446.62,446.57,446.58,446.594,26,24
1643649730,446.58,446.61,446.57,446.59,446.593,60,32
1643649735,446.58,446.61,446.56,446.6,446.583,78,67
1643649740,446.59,446.59,446.38,446.48,446.462,294,172
1643649745,446.48,446.49,446.42,446.44,446.448,97,57
1643649750,446.45,446.45,446.4,446.41,446.423,97,64
1643649755,446.42,446.53,446.42,446.48,446.486,126,92
1643649760,446.51,446.52,446.47,446.49,446.497,149,121
1643649765,446.48,446.49,446.45,446.49,446.474,25,19
1643649770,446.49,446.55,446.49,446.52,446.52,39,27
1643649775,446.52,446.56,446.5,446.53,446.525,43,38
1643649780,446.55,446.57,446.49,446.51,446.526,47,38
1643649785,446.51,446.54,446.48,446.54,446.501,54,48
1643649790,446.54,446.54,446.46,446.49,446.488,35,26
1643649795,446.49,446.49,446.46,446.49,446.47,79,52
1643649800,446.49,446.52,446.49,446.49,446.498,61,56
1643649805,446.48,446.48,446.42,446.42,446.452,34,31
1643649810,446.47,446.5,446.41,446.44,446.446,76,63
1643649815,446.44,446.45,446.4,446.41,446.434,36,28
1643649820,446.41,446.43,446.38,446.4,446.4,54,50
1643649825,446.39,446.45,446.39,446.43,446.417,26,20
1643649830,446.44,446.46,446.37,446.39,446.422,58,46
1643649835,446.38,446.39,446.33,446.35,446.366,62,51
1643649840,446.33,446.4,446.31,446.33,446.349,168,91
1643649845,446.34,446.36,446.3,446.3,446.324,86,52
1643649850,446.29,446.31,446.28,446.29,446.295,36,31
1643649855,446.26,446.3,446.22,446.28,446.254,103,64
1643649860,446.26,446.26,446.08,446.08,446.153,191,131
1643649865,446.1,446.11,445.97,445.97,446.016,285,249
1643649870,445.98,446.0,445.75,445.79,445.874,341,280
1643649875,445.8,445.93,445.8,445.87,445.845,238,159
1643649880,445.88,446.02,445.88,446.0,445.963,118,78
1643649885,445.99,446.04,445.95,445.97,445.986,86,78
1643649890,445.98,446.04,445.96,446.02,446.016,184,110
1643649895,446.01,446.06,445.99,446.03,446.022,85,57
1643649900,446.04,446.05,445.99,446.02,446.028,65,56
1643649905,446.02,446.02,445.9,445.9,445.976,166,131
1643649910,445.9,445.9,445.82,445.83,445.854,114,106
1643649915,445.83,445.89,445.8,445.87,445.844,90,60
1643649920,445.86,445.87,445.73,445.74,445.811,115,96
1643649925,445.73,445.74,445.66,445.69,445.69,497,213
1643649930,445.7,445.81,445.7,445.78,445.756,155,110
1643649935,445.77,445.79,445.74,445.79,445.76,54,45
1643649940,445.79,445.85,445.79,445.83,445.82,67,51
1643649945,445.84,445.84,445.78,445.81,445.807,59,35
1643649950,445.81,445.86,445.81,445.84,445.845,43,33
1643649955,445.83,445.89,445.83,445.89,445.871,50,43
1643649960,445.89,445.9,445.87,445.89,445.887,16,16
1643649965,445.89,446.04,445.88,445.99,445.976,73,60
1643649970,446.0,446.01,445.98,446.0,445.994,36,33
1643649975,445.99,446.0,445.97,445.99,445.985,32,30
1643649980,446.0,446.02,445.96,445.99,445.989,21,20
1643649985,445.99,446.01,445.96,445.99,445.981,85,68
1643649990,445.99,446.0,445.98,446.0,445.994,40,35
1643649995,446.0,446.02,445.96,446.02,445.984,204,101
1643650000,446.02,446.06,446.0,446.03,446.026,77,51
1643650005,446.04,446.09,446.03,446.07,446.06,91,62
1643650010,446.07,446.14,446.07,446.14,446.128,85,48
1643650015,446.15,446.16,446.1,446.15,446.134,93,63
1643650020,446.17,446.18,446.09,446.13,446.136,116,81
1643650025,446.15,446.23,446.14,446.2,446.197,154,118
1643650030,446.2,446.22,446.17,446.19,446.189,120,50
1643650035,446.2,446.24,446.19,446.19,446.214,26,26
1643650040,446.19,446.21,446.18,446.21,446.193,37,25
1643650045,446.19,446.26,446.19,446.23,446.235,40,25
1643650050,446.21,446.25,446.21,446.23,446.234,42,32
1643650055,446.22,446.24,446.22,446.23,446.224,127,45
1643650060,446.24,446.24,446.22,446.23,446.224,20,20
1643650065,446.23,446.23,446.22,446.23,446.228,11,10
1643650070,446.22,446.23,446.19,446.21,446.211,51,44
1643650075,446.21,446.31,446.21,446.27,446.277,145,72
1643650080,446.25,446.28,446.24,446.24,446.261,56,45
1643650085,446.27,446.27,446.15,446.17,446.196,81,59
1643650090,446.16,446.24,446.16,446.22,446.203,34,29
1643650095,446.23,446.29,446.23,446.26,446.264,24,14
1643650100,446.25,446.32,446.25,446.29,446.28,120,81
1643650105,446.29,446.29,446.25,446.28,446.272,17,12
1643650110,446.29,446.3,446.27,446.27,446.288,22,21
1643650115,446.28,446.29,446.25,446.26,446.266,112,20
1643650120,446.27,446.37,446.27,446.36,446.323,36,29
1643650125,446.36,446.42,446.35,446.37,446.385,118,74
1643650130,446.38,446.4,446.37,446.38,446.385,28,26
1643650135,446.38,446.38,446.35,446.37,446.368,10,10
1643650140,446.36,446.39,446.3,446.31,446.349,55,42
1643650145,446.32,446.38,446.31,446.38,446.342,114,60
1643650150,446.38,446.42,446.35,446.36,446.382,34,28
1643650155,446.34,446.34,446.28,446.31,446.303,48,27
1643650160,446.31,446.39,446.29,446.39,446.336,109,98
1643650165,446.39,446.42,446.38,446.39,446.401,49,46
1643650170,446.38,446.4,446.37,446.4,446.388,45,31
1643650175,446.39,446.4,446.36,446.38,446.384,101,45
1643650180,446.37,446.41,446.36,446.38,446.389,134,70
1643650185,446.39,446.4,446.38,446.39,446.389,21,21
1643650190,446.4,446.4,446.35,446.37,446.378,81,50
1643650195,446.36,446.36,446.31,446.32,446.341,72,31
1643650200,446.33,446.45,446.33,446.45,446.4,66,54
1643650205,446.44,446.46,446.39,446.41,446.421,52,43
1643650210,446.42,446.42,446.37,446.4,446.393,28,23
1643650215,446.4,446.51,446.4,446.5,446.48,119,105
1643650220,446.51,446.51,446.47,446.49,446.482,87,56
1643650225,446.49,446.5,446.45,446.45,446.482,40,33
1643650230,446.45,446.48,446.44,446.48,446.455,44,35
1643650235,446.48,446.53,446.48,446.53,446.519,81,49
1643650240,446.53,446.55,446.51,446.54,446.53,79,60
1643650245,446.55,446.55,446.5,446.54,446.527,136,89
1643650250,446.53,446.53,446.46,446.47,446.507,48,44
1643650255,446.46,446.5,446.45,446.48,446.471,35,28
1643650260,446.47,446.49,446.45,446.45,446.47,66,55
1643650265,446.45,446.52,446.45,446.52,446.478,40,29
1643650270,446.5,446.53,446.49,446.5,446.51,39,32
1643650275,446.49,446.52,446.47,446.5,446.494,23,19
1643650280,446.49,446.5,446.49,446.5,446.495,27,26
1643650285,446.49,446.49,446.44,446.47,446.471,93,48
1643650290,446.47,446.51,446.47,446.51,446.491,57,35
1643650295,446.51,446.53,446.51,446.52,446.513,57,35
1643650300,446.53,446.6,446.52,446.59,446.561,92,65
1643650305,446.6,446.61,446.53,446.53,446.581,262,216
1643650310,446.54,446.55,446.51,446.54,446.539,130,87
1643650315,446.52,446.53,446.5,446.52,446.513,59,34
1643650320,446.52,446.53,446.45,446.46,446.501,182,87
1643650325,446.46,446.48,446.44,446.45,446.465,80,67
1643650330,446.45,446.47,446.43,446.46,446.447,93,60
1643650335,446.47,446.54,446.47,446.49,446.505,284,175
1643650340,446.48,446.5,446.45,446.47,446.478,67,48
1643650345,446.47,446.53,446.47,446.53,446.513,134,89
1643650350,446.52,446.55,446.5,446.54,446.53,203,125
1643650355,446.54,446.54,446.5,446.52,446.527,112,41
1643650360,446.51,446.51,446.32,446.34,446.403,224,160
1643650365,446.34,446.35,446.2,446.23,446.24,451,293
1643650370,446.22,446.26,446.21,446.26,446.231,59,56
1643650375,446.26,446.3,446.25,446.29,446.275,196,150
1643650380,446.3,446.31,446.12,446.14,446.177,231,171
1643650385,446.14,446.16,446.09,446.16,446.117,90,63
1643650390,446.15,446.18,446.13,446.15,446.158,48,39
1643650395,446.17,446.21,446.15,446.19,446.176,36,34
1643650400,446.19,446.24,446.18,446.22,446.214,49,44
1643650405,446.22,446.22,446.13,446.14,446.162,74,45
1643650410,446.14,446.18,446.12,446.15,446.151,57,51
1643650415,446.12,446.13,446.03,446.09,446.08,173,115
1643650420,446.1,446.13,446.04,446.04,446.087,34,33
1643650425,446.04,446.05,445.98,445.99,446.017,97,72
1643650430,446.0,446.05,445.87,445.89,445.964,173,104
1643650435,445.9,445.96,445.86,445.96,445.907,109,59
1643650440,445.96,446.03,445.96,445.96,446.006,186,109
1643650445,445.98,446.01,445.94,445.98,445.977,207,122
1643650450,445.99,446.01,445.97,446.01,445.988,48,40
1643650455,445.98,446.02,445.96,446.02,445.981,41,31
1643650460,445.99,445.99,445.89,445.9,445.955,70,60
1643650465,445.91,445.96,445.87,445.96,445.9,56,45
1643650470,445.98,446.01,445.97,446.0,445.994,25,25
1643650475,446.0,446.03,445.97,445.98,446.002,46,32
1643650480,445.98,445.98,445.96,445.96,445.967,19,14
1643650485,445.96,445.97,445.92,445.93,445.943,23,23
1643650490,445.94,445.99,445.93,445.98,445.964,51,44
1643650495,445.97,446.02,445.97,445.98,445.991,19,14
1643650500,445.99,446.09,445.99,446.08,446.061,43,34
1643650505,446.09,446.17,446.09,446.14,446.138,92,60
1643650510,446.13,446.18,446.08,446.08,446.14,80,50
1643650515,446.06,446.07,445.92,445.93,446.008,65,51
1643650520,445.93,445.94,445.87,445.9,445.895,103,82
1643650525,445.91,446.03,445.91,446.03,445.979,64,51
1643650530,446.04,446.07,446.03,446.07,446.047,17,16
1643650535,446.05,446.19,446.03,446.15,446.111,55,39
1643650540,446.13,446.18,446.13,446.17,446.155,84,50
1643650545,446.18,446.21,446.17,446.2,446.195,33,26
1643650550,446.2,446.23,446.19,446.21,446.212,140,83
1643650555,446.22,446.28,446.21,446.23,446.25,140,81
1643650560,446.23,446.26,446.2,446.21,446.232,61,48
1643650565,446.19,446.19,446.06,446.13,446.119,126,107
1643650570,446.09,446.12,446.06,446.06,446.091,37,32
1643650575,446.08,446.16,446.08,446.12,446.14,75,53
1643650580,446.14,446.17,446.13,446.17,446.148,55,50
1643650585,446.15,446.22,446.14,446.19,446.199,75,44
1643650590,446.2,446.21,446.17,446.17,446.181,35,32
1643650595,446.17,446.18,446.13,446.14,446.143,90,61
1643650600,446.14,446.14,446.08,446.13,446.1,67,35
1643650605,446.13,446.14,446.11,446.14,446.125,27,24
1643650610,446.14,446.15,446.11,446.15,446.139,59,45
1643650615,446.15,446.15,446.06,446.12,446.114,71,63
1643650620,446.12,446.23,446.12,446.2,446.152,24,21
1643650625,446.2,446.21,446.17,446.18,446.192,20,17
1643650630,446.2,446.24,446.17,446.23,446.206,41,21
1643650635,446.23,446.25,446.2,446.23,446.232,24,21
1643650640,446.22,446.23,446.21,446.22,446.215,33,29
1643650645,446.22,446.26,446.21,446.23,446.225,40,21
1643650650,446.25,446.31,446.25,446.28,446.285,99,65
1643650655,446.29,446.3,446.26,446.27,446.281,47,44
1643650660,446.28,446.3,446.26,446.3,446.288,22,19
1643650665,446.29,446.34,446.27,446.28,446.302,56,46
1643650670,446.28,446.31,446.22,446.28,446.27,74,44
1643650675,446.27,446.3,446.27,446.29,446.29,43,36
1643650680,446.29,446.3,446.21,446.23,446.262,36,25
1643650685,446.23,446.26,446.22,446.25,446.244,29,21
1643650690,446.23,446.24,446.17,446.19,446.203,70,50
1643650695,446.19,446.28,446.17,446.28,446.199,76,64
1643650700,446.27,446.3,446.27,446.29,446.283,24,18
1643650705,446.29,446.3,446.24,446.25,446.268,38,28
1643650710,446.24,446.25,446.22,446.25,446.24,20,17
1643650715,446.28,446.29,446.24,446.25,446.282,22,11
1643650720,446.25,446.29,446.24,446.29,446.27,18,13
1643650725,446.3,446.35,446.28,446.33,446.325,398,196
1643650730,446.35,446.35,446.27,446.27,446.311,72,63
1643650735,446.27,446.29,446.27,446.28,446.272,54,24
1643650740,446.27,446.35,446.27,446.34,446.32,94,80
1643650745,446.35,446.48,446.35,446.45,446.432,205,137
1643650750,446.45,446.46,446.4,446.42,446.431,114,81
1643650755,446.42,446.44,446.41,446.41,446.424,44,38
1643650760,446.42,446.47,446.42,446.46,446.449,172,77
1643650765,446.45,446.45,446.39,446.43,446.426,81,65
1643650770,446.43,446.49,446.42,446.43,446.44,40,38
1643650775,446.42,446.45,446.4,446.41,446.424,45,17
1643650780,446.45,446.45,446.41,446.42,446.428,9,7
1643650785,446.42,446.43,446.36,446.38,446.396,35,26
1643650790,446.4,446.45,446.4,446.45,446.429,54,20
1643650795,446.45,446.46,446.42,446.43,446.447,30,30
1643650800,446.44,446.46,446.35,446.36,446.416,128,110
1643650805,446.36,446.37,446.25,446.31,446.306,247,210
1643650810,446.32,446.42,446.32,446.34,446.365,112,105
1643650815,446.33,446.39,446.3,446.39,446.34,44,38
1643650820,446.39,446.41,446.37,446.38,446.388,50,36
1643650825,446.33,446.38,446.3,446.38,446.324,47,45
1643650830,446.39,446.39,446.33,446.34,446.352,31,27
1643650835,446.33,446.39,446.31,446.37,446.36,53,46
1643650840,446.37,446.43,446.37,446.43,446.41,22,19
1643650845,446.43,446.44,446.4,446.42,446.422,49,44
1643650850,446.42,446.45,446.41,446.45,446.43,82,62
1643650855,446.46,446.51,446.45,446.49,446.482,167,145
1643650860,446.49,446.52,446.46,446.5,446.497,152,117
1643650865,446.5,446.5,446.48,446.49,446.493,42,28
1643650870,446.48,446.48,446.43,446.46,446.461,255,143
1643650875,446.48,446.51,446.48,446.49,446.489,50,32
1643650880,446.5,446.56,446.5,446.54,446.535,265,163
1643650885,446.55,446.62,446.54,446.61,446.596,359,228
1643650890,446.6,446.62,446.58,446.59,446.6,107,62
1643650895,446.59,446.62,446.54,446.56,446.576,176,134
1643650900,446.56,446.58,446.55,446.58,446.568,112,78
1643650905,446.58,446.6,446.55,446.56,446.575,72,44
1643650910,446.56,446.57,446.52,446.56,446.541,83,55
1643650915,446.56,446.58,446.47,446.5,446.509,85,67
1643650920,446.5,446.51,446.47,446.48,446.485,227,173
1643650925,446.48,446.48,446.43,446.45,446.456,83,72
1643650930,446.44,446.46,446.35,446.35,446.399,165,95
1643650935,446.35,446.38,446.31,446.37,446.333,247,166
1643650940,446.38,446.42,446.37,446.39,446.398,98,56
1643650945,446.39,446.46,446.38,446.46,446.409,32,32
1643650950,446.45,446.49,446.43,446.43,446.455,44,35
1643650955,446.42,446.44,446.4,446.42,446.416,72,30
1643650960,446.43,446.5,446.43,446.47,446.476,133,124
1643650965,446.48,446.54,446.48,446.54,446.513,10,7
1643650970,446.51,446.52,446.5,446.51,446.512,60,37
1643650975,446.53,446.56,446.53,446.55,446.543,122,66
1643650980,446.54,446.55,446.52,446.52,446.538,16,14
1643650985,446.49,446.51,446.46,446.46,446.486,27,20
1643650990,446.45,446.46,446.38,446.41,446.422,191,170
1643650995,446.41,446.49,446.4,446.49,446.427,44,40
1643651000,446.5,446.5,446.46,446.49,446.486,30,23
1643651005,446.52,446.54,446.51,446.53,446.529,93,71
1643651010,446.53,446.55,446.51,446.52,446.531,93,55
1643651015,446.52,446.57,446.51,446.57,446.548,63,43
1643651020,446.57,446.58,446.5,446.52,446.546,78,68
1643651025,446.52,446.53,446.45,446.47,446.496,32,24
1643651030,446.48,446.49,446.46,446.46,446.473,10,9
1643651035,446.46,446.5,446.44,446.48,446.47,171,133
1643651040,446.5,446.56,446.49,446.54,446.534,55,41
1643651045,446.55,446.58,446.51,446.57,446.55,98,50
1643651050,446.58,446.72,446.58,446.7,446.652,1053,682
1643651055,446.67,446.67,446.54,446.55,446.613,40,39
1643651060,446.56,446.59,446.51,446.52,446.559,47,37
1643651065,446.53,446.53,446.39,446.41,446.428,162,157
1643651070,446.41,446.41,446.34,446.38,446.374,194,155
1643651075,446.38,446.42,446.34,446.35,446.375,118,93
1643651080,446.38,446.42,446.36,446.37,446.382,39,25
1643651085,446.38,446.38,446.34,446.34,446.353,78,59
1643651090,446.34,446.37,446.33,446.36,446.348,132,45
1643651095,446.35,446.44,446.33,446.41,446.386,27,25
1643651100,446.43,446.5,446.43,446.47,446.457,41,34
1643651105,446.48,446.52,446.47,446.51,446.507,149,67
1643651110,446.5,446.53,446.5,446.5,446.514,40,22
1643651115,446.51,446.56,446.47,446.56,446.501,58,40
1643651120,446.54,446.56,446.51,446.52,446.538,14,9
1643651125,446.55,446.56,446.54,446.56,446.551,52,50
1643651130,446.55,446.64,446.54,446.64,446.607,94,77
1643651135,446.65,446.68,446.6,446.61,446.648,86,70
1643651140,446.59,446.67,446.57,446.67,446.633,59,40
1643651145,446.67,446.72,446.66,446.71,446.704,246,168
1643651150,446.73,446.73,446.7,446.73,446.713,103,63
1643651155,446.74,446.78,446.72,446.74,446.753,280,113
1643651160,446.74,446.75,446.67,446.67,446.713,136,78
1643651165,446.67,446.7,446.63,446.65,446.662,119,95
1643651170,446.66,446.68,446.6,446.67,446.639,61,50
1643651175,446.68,446.69,446.66,446.67,446.673,51,46
1643651180,446.66,446.7,446.65,446.65,446.677,52,18
1643651185,446.67,446.67,446.64,446.64,446.659,37,29
1643651190,446.65,446.68,446.64,446.68,446.653,21,16
1643651195,446.69,446.79,446.69,446.78,446.754,73,45
1643651200,446.78,446.8,446.75,446.76,446.768,62,51
1643651205,446.76,446.78,446.74,446.76,446.756,91,57
1643651210,446.75,446.81,446.74,446.8,446.791,31,18
1643651215,446.81,446.81,446.77,446.77,446.786,55,42
1643651220,446.78,446.79,446.71,446.77,446.755,108,98
1643651225,446.77,446.81,446.72,446.75,446.78,72,54
1643651230,446.75,446.76,446.72,446.73,446.739,25,22
1643651235,446.74,446.78,446.74,446.76,446.76,42,33
1643651240,446.77,446.85,446.76,446.82,446.822,197,105
1643651245,446.82,446.89,446.82,446.87,446.864,120,92
1643651250,446.88,446.93,446.88,446.92,446.909,137,91
1643651255,446.9,446.93,446.89,446.92,446.911,94,48
1643651260,446.9,446.91,446.87,446.91,446.89,45,25
1643651265,446.92,446.94,446.89,446.9,446.908,38,29
1643651270,446.9,446.92,446.88,446.91,446.907,27,26
1643651275,446.91,446.92,446.89,446.9,446.908,57,39
1643651280,446.91,446.92,446.89,446.91,446.903,33,28
1643651285,446.91,446.97,446.9,446.97,446.942,113,73
1643651290,446.97,447.06,446.96,447.06,447.002,1083,416
1643651295,447.06,447.11,447.01,447.05,447.046,276,181
1643651300,447.06,447.11,447.06,447.08,447.082,191,90
1643651305,447.07,447.1,447.03,447.06,447.055,354,201
1643651310,447.06,447.08,447.04,447.05,447.056,72,40
1643651315,447.06,447.07,447.04,447.05,447.06,88,54
1643651320,447.06,447.07,447.03,447.04,447.048,102,62
1643651325,447.06,447.08,447.03,447.08,447.064,81,61
1643651330,447.08,447.08,447.04,447.06,447.071,137,83
1643651335,447.06,447.11,447.06,447.08,447.084,259,103
1643651340,447.09,447.09,447.0,447.02,447.053,331,176
1643651345,447.02,447.08,447.02,447.06,447.045,254,143
1643651350,447.06,447.08,447.05,447.06,447.065,64,29
1643651355,447.07,447.11,447.06,447.11,447.103,85,28
1643651360,447.12,447.14,447.1,447.12,447.123,176,118
1643651365,447.14,447.14,447.07,447.12,447.102,75,56
1643651370,447.11,447.13,447.08,447.1,447.098,66,49
1643651375,447.11,447.11,447.08,447.09,447.1,64,41
1643651380,447.07,447.1,447.04,447.08,447.065,90,51
1643651385,447.08,447.11,447.07,447.1,447.092,50,30
1643651390,447.1,447.16,447.1,447.15,447.136,58,42
1643651395,447.16,447.2,447.15,447.16,447.18,333,93
1643651400,447.15,447.16,447.01,447.03,447.081,97,57
1643651405,447.02,447.09,447.02,447.05,447.067,102,50
1643651410,447.05,447.06,447.02,447.03,447.044,46,39
1643651415,447.03,447.06,447.03,447.05,447.042,38,24
1643651420,447.03,447.06,447.01,447.05,447.026,131,80
1643651425,447.04,447.06,446.96,446.98,447.007,96,50
1643651430,446.98,446.99,446.97,446.98,446.977,28,21
1643651435,446.97,446.98,446.93,446.94,446.946,78,37
1643651440,446.94,446.99,446.93,446.97,446.953,140,53
1643651445,446.98,446.99,446.97,446.98,446.982,21,18
1643651450,446.98,447.04,446.98,447.04,447.023,58,43
1643651455,447.04,447.05,447.02,447.04,447.037,36,20
1643651460,447.04,447.11,447.02,447.05,447.073,83,69
1643651465,447.05,447.05,447.02,447.03,447.032,20,15
1643651470,447.03,447.08,447.03,447.05,447.059,20,17
1643651475,447.06,447.08,447.04,447.08,447.063,64,52
1643651480,447.06,447.06,447.02,447.02,447.032,33,22
1643651485,447.03,447.07,447.03,447.06,447.054,73,42
1643651490,447.06,447.08,447.04,447.06,447.06,49,33
1643651495,447.06,447.06,446.99,447.02,447.01,154,99
1643651500,447.01,447.06,447.01,447.02,447.034,115,61
1643651505,447.03,447.04,447.01,447.02,447.027,42,22
1643651510,447.02,447.02,446.89,446.91,446.945,201,157
1643651515,446.89,446.98,446.86,446.98,446.887,277,159
1643651520,446.98,447.02,446.97,446.99,446.991,161,114
1643651525,446.99,446.99,446.93,446.94,446.956,20,16
1643651530,446.95,446.97,446.95,446.97,446.961,13,13
1643651535,446.97,446.99,446.97,446.97,446.977,11,11
1643651540,447.01,447.06,447.01,447.06,447.035,30,22
1643651545,447.07,447.09,447.06,447.08,447.081,64,45
1643651550,447.07,447.09,447.04,447.06,447.064,58,47
1643651555,447.05,447.11,447.05,447.1,447.084,35,18
1643651560,447.1,447.11,447.08,447.09,447.095,33,23
1643651565,447.09,447.09,447.05,447.07,447.071,45,34
1643651570,447.06,447.11,447.06,447.1,447.07,52,21
1643651575,447.1,447.11,447.07,447.09,447.093,65,44
1643651580,447.09,447.14,447.08,447.11,447.117,44,30
1643651585,447.12,447.19,447.12,447.18,447.168,69,47
1643651590,447.18,447.26,447.18,447.25,447.236,248,118
1643651595,447.25,447.3,447.24,447.24,447.274,184,113
1643651600,447.26,447.26,447.2,447.24,447.231,169,124
1643651605,447.23,447.24,447.14,447.16,447.169,149,87
1643651610,447.15,447.22,447.15,447.22,447.176,47,46
1643651615,447.21,447.23,447.19,447.19,447.21,37,27
1643651620,447.2,447.21,447.15,447.16,447.184,37,29
1643651625,447.18,447.19,447.1,447.19,447.158,48,46
1643651630,447.2,447.2,447.16,447.17,447.178,33,23
1643651635,447.17,447.19,447.17,447.18,447.184,28,24
1643651640,447.17,447.17,447.15,447.15,447.157,35,31
1643651645,447.16,447.25,447.16,447.25,447.225,131,65
1643651650,447.25,447.25,447.2,447.2,447.23,53,39
1643651655,447.21,447.23,447.2,447.22,447.209,28,12
1643651660,447.23,447.24,447.21,447.22,447.223,38,26
1643651665,447.23,447.23,447.21,447.23,447.225,14,11
1643651670,447.24,447.26,447.22,447.25,447.242,33,28
1643651675,447.25,447.26,447.24,447.26,447.255,62,29
1643651680,447.25,447.26,447.24,447.25,447.247,50,37
1643651685,447.25,447.28,447.25,447.28,447.26,46,27
1643651690,447.28,447.28,447.21,447.22,447.242,96,76
1643651695,447.21,447.24,447.2,447.23,447.217,75,51
1643651700,447.25,447.28,447.24,447.28,447.259,50,41
1643651705,447.27,447.3,447.24,447.26,447.28,124,83
1643651710,447.26,447.28,447.26,447.27,447.273,9,8
1643651715,447.28,447.29,447.27,447.27,447.278,39,30
1643651720,447.29,447.3,447.26,447.3,447.267,63,32
1643651725,447.3,447.34,447.29,447.33,447.319,223,100
1643651730,447.33,447.36,447.29,447.32,447.337,301,151
1643651735,447.33,447.34,447.3,447.31,447.32,168,102
1643651740,447.31,447.32,447.29,447.31,447.305,241,89
1643651745,447.32,447.34,447.31,447.34,447.326,289,81
1643651750,447.33,447.34,447.31,447.33,447.32,129,77
1643651755,447.34,447.35,447.33,447.35,447.342,89,53
1643651760,447.34,447.36,447.34,447.34,447.35,122,82
1643651765,447.33,447.34,447.29,447.31,447.313,276,83
1643651770,447.29,447.29,447.25,447.26,447.268,90,48
1643651775,447.27,447.35,447.26,447.34,447.3,21,19
1643651780,447.34,447.37,447.33,447.35,447.359,41,35
1643651785,447.35,447.37,447.35,447.37,447.361,49,27
1643651790,447.39,447.4,447.34,447.38,447.364,63,51
1643651795,447.38,447.41,447.37,447.38,447.396,85,58
1643651800,447.37,447.41,447.36,447.41,447.382,73,63
1643651805,447.42,447.49,447.42,447.49,447.448,277,111
1643651810,447.5,447.53,447.47,447.49,447.502,297,175
1643651815,447.49,447.5,447.46,447.46,447.48,80,63
1643651820,447.45,447.49,447.45,447.47,447.476,137,94
1643651825,447.47,447.48,447.45,447.47,447.465,115,92
1643651830,447.46,447.46,447.38,447.42,447.402,114,78
1643651835,447.42,447.44,447.39,447.39,447.411,75,42
1643651840,447.38,447.45,447.38,447.42,447.416,30,28
1643651845,447.43,447.44,447.32,447.32,447.359,209,160
1643651850,447.32,447.37,447.29,447.37,447.329,94,82
1643651855,447.37,447.37,447.3,447.32,447.328,59,33
1643651860,447.33,447.35,447.3,447.3,447.329,88,62
1643651865,447.3,447.34,447.28,447.32,447.321,60,34
1643651870,447.35,447.35,447.31,447.34,447.332,59,40
1643651875,447.33,447.35,447.32,447.35,447.329,59,26
1643651880,447.36,447.41,447.35,447.39,447.392,28,24
1643651885,447.4,447.41,447.38,447.4,447.393,131,96
1643651890,447.39,447.4,447.32,447.33,447.38,69,35
1643651895,447.32,447.33,447.28,447.33,447.307,65,43
1643651900,447.31,447.31,447.26,447.27,447.28,27,22
1643651905,447.26,447.27,447.18,447.19,447.225,125,75
1643651910,447.21,447.24,447.21,447.23,447.226,45,42
1643651915,447.25,447.25,447.2,447.2,447.231,30,27
1643651920,447.21,447.29,447.21,447.27,447.261,48,39
1643651925,447.27,447.32,447.25,447.31,447.287,67,55
1643651930,447.29,447.34,447.28,447.31,447.308,215,145
1643651935,447.31,447.35,447.3,447.34,447.319,67,53
1643651940,447.35,447.38,447.35,447.38,447.367,81,53
1643651945,447.37,447.44,447.36,447.41,447.405,140,99
1643651950,447.4,447.41,447.34,447.36,447.373,39,33
1643651955,447.36,447.39,447.36,447.39,447.372,51,34
1643651960,447.4,447.4,447.38,447.39,447.39,39,27
1643651965,447.4,447.4,447.35,447.35,447.38,38,22
1643651970,447.33,447.35,447.33,447.34,447.344,17,13
1643651975,447.35,447.39,447.35,447.35,447.374,192,107
1643651980,447.35,447.35,447.31,447.34,447.332,74,57
1643651985,447.34,447.38,447.34,447.38,447.365,24,19
1643651990,447.38,447.39,447.37,447.38,447.376,22,18
1643651995,447.38,447.38,447.31,447.32,447.34,40,32
1643652000,447.32,447.35,447.24,447.24,447.305,98,90
1643652005,447.24,447.24,447.1,447.12,447.144,171,145
1643652010,447.12,447.13,447.07,447.11,447.098,91,67
1643652015,447.12,447.2,447.09,447.18,447.168,228,166
1643652020,447.17,447.19,447.15,447.15,447.165,76,71
1643652025,447.13,447.14,447.07,447.12,447.11,54,49
1643652030,447.12,447.12,447.06,447.07,447.088,112,73
1643652035,447.06,447.07,446.97,447.02,447.005,311,234
1643652040,447.01,447.09,446.99,447.07,447.043,216,120
1643652045,447.09,447.11,447.03,447.04,447.078,152,98
1643652050,447.02,447.02,446.96,446.98,446.99,610,230
1643652055,446.98,447.04,446.96,447.04,446.984,362,175
1643652060,447.05,447.1,447.02,447.03,447.054,141,81
1643652065,447.04,447.04,446.96,446.96,446.984,104,86
1643652070,446.95,446.95,446.84,446.93,446.872,263,131
1643652075,446.94,446.95,446.89,446.89,446.925,146,95
1643652080,446.91,446.93,446.87,446.89,446.898,84,73
1643652085,446.91,447.02,446.89,447.0,446.959,241,151
1643652090,447.01,447.04,447.0,447.01,447.015,141,86
1643652095,447.02,447.02,446.99,447.01,447.001,103,53
1643652100,447.01,447.02,446.99,447.01,447.012,119,41
1643652105,447.02,447.04,446.99,447.04,447.006,331,126
1643652110,447.04,447.04,446.96,446.99,446.994,297,170
1643652115,446.98,446.98,446.93,446.96,446.966,110,55
1643652120,446.96,447.04,446.94,446.97,447.023,758,152
1643652125,446.96,446.96,446.93,446.94,446.949,32,29
1643652130,446.95,446.95,446.8,446.83,446.889,93,69
1643652135,446.83,446.83,446.77,446.82,446.788,94,82
1643652140,446.81,446.86,446.8,446.86,446.82,20,20
1643652145,446.87,446.97,446.87,446.94,446.931,85,68
1643652150,446.93,446.97,446.93,446.95,446.957,55,36
1643652155,446.95,447.01,446.95,446.99,446.979,286,202
1643652160,446.99,447.03,446.98,446.98,447.002,139,72
1643652165,447.0,447.02,446.97,446.98,447.001,53,41
1643652170,446.97,446.98,446.94,446.95,446.96,49,32
1643652175,446.96,447.01,446.94,447.0,446.97,135,70
1643652180,446.99,447.03,446.98,447.0,447.004,79,52
1643652185,447.01,447.06,447.01,447.02,447.024,65,53
1643652190,447.01,447.05,447.0,447.01,447.016,83,62
1643652195,447.01,447.02,446.91,446.92,446.956,148,95
1643652200,446.93,446.98,446.91,446.91,446.933,90,59
1643652205,446.92,446.92,446.88,446.89,446.894,57,35
1643652210,446.93,447.0,446.9,446.99,446.963,142,93
1643652215,446.99,446.99,446.96,446.99,446.982,41,30
1643652220,447.0,447.0,446.97,446.97,446.98,88,54
1643652225,446.97,446.99,446.97,446.98,446.979,48,39
1643652230,446.98,446.98,446.93,446.96,446.956,84,57
1643652235,446.97,446.99,446.95,446.95,446.975,44,29
1643652240,446.94,447.01,446.94,446.97,446.978,183,111
1643652245,446.96,447.01,446.95,447.01,446.985,225,146
1643652250,447.0,447.02,446.98,446.98,446.997,195,78
1643652255,446.99,446.99,446.95,446.96,446.972,101,89
1643652260,446.97,446.98,446.94,446.94,446.956,67,58
1643652265,446.94,446.97,446.89,446.91,446.92,65,38
1643652270,446.92,446.93,446.86,446.93,446.898,124,86
1643652275,446.94,446.94,446.91,446.91,446.922,20,16
1643652280,446.91,446.93,446.88,446.92,446.908,138,105
1643652285,446.93,446.94,446.89,446.93,446.908,134,94
1643652290,446.92,446.92,446.87,446.9,446.891,52,39
1643652295,446.91,446.99,446.91,446.97,446.964,103,96
1643652300,446.97,446.97,446.87,446.88,446.935,43,42
1643652305,446.88,446.88,446.82,446.85,446.852,60,46
1643652310,446.82,446.9,446.81,446.88,446.879,720,330
1643652315,446.89,446.94,446.88,446.92,446.92,88,79
1643652320,446.93,446.96,446.93,446.96,446.948,38,32
1643652325,446.95,446.95,446.92,446.94,446.932,51,33
1643652330,446.93,446.94,446.89,446.91,446.914,33,26
1643652335,446.92,446.94,446.91,446.94,446.924,32,28
1643652340,446.95,446.96,446.92,446.93,446.95,81,44
1643652345,446.91,446.92,446.88,446.88,446.885,24,24
1643652350,446.89,446.93,446.89,446.91,446.904,36,33
1643652355,446.9,446.93,446.9,446.9,446.924,16,14
1643652360,446.88,446.94,446.87,446.9,446.905,78,63
1643652365,446.88,446.91,446.88,446.91,446.904,48,38
1643652370,446.9,446.9,446.86,446.86,446.883,27,19
1643652375,446.86,446.91,446.85,446.91,446.892,58,45
1643652380,446.91,446.95,446.89,446.94,446.911,41,32
1643652385,446.95,447.11,446.95,447.08,447.045,546,307
1643652390,447.07,447.11,447.05,447.07,447.07,154,119
1643652395,447.09,447.16,447.07,447.16,447.125,390,233
1643652400,447.16,447.23,447.15,447.21,447.197,244,151
1643652405,447.2,447.23,447.16,447.2,447.201,208,146
1643652410,447.19,447.2,447.11,447.11,447.151,83,70
1643652415,447.11,447.13,447.08,447.13,447.112,139,79
1643652420,447.12,447.13,447.1,447.13,447.11,47,33
1643652425,447.13,447.13,447.05,447.05,447.095,83,64
1643652430,447.07,447.13,447.07,447.12,447.1,81,48
1643652435,447.12,447.16,447.12,447.16,447.145,136,54
1643652440,447.15,447.17,447.07,447.08,447.143,105,69
1643652445,447.08,447.12,447.07,447.12,447.107,145,80
1643652450,447.11,447.13,447.01,447.06,447.082,123,97
1643652455,447.06,447.09,447.05,447.09,447.076,72,40
1643652460,447.09,447.1,447.09,447.1,447.097,15,14
1643652465,447.11,447.13,447.08,447.08,447.103,31,24
1643652470,447.09,447.13,447.08,447.13,447.102,65,57
1643652475,447.14,447.17,447.13,447.14,447.146,40,33
1643652480,447.13,447.13,447.07,447.09,447.105,57,45
1643652485,447.08,447.11,447.05,447.06,447.079,69,50
1643652490,447.05,447.08,447.04,447.06,447.065,45,30
1643652495,447.06,447.07,446.95,446.99,447.001,219,186
1643652500,446.99,447.01,446.96,447.0,446.986,204,168
1643652505,446.98,447.08,446.98,447.07,447.041,57,44
1643652510,447.08,447.08,447.02,447.03,447.046,51,47
1643652515,447.05,447.08,447.04,447.06,447.065,13,9
1643652520,447.06,447.06,447.04,447.04,447.051,19,15
1643652525,447.02,447.03,447.0,447.01,447.012,53,44
1643652530,447.02,447.03,447.01,447.02,447.022,10,8
1643652535,447.02,447.05,447.02,447.04,447.042,67,43
1643652540,447.03,447.08,447.03,447.07,447.052,36,33
1643652545,447.07,447.11,447.06,447.1,447.084,54,24
1643652550,447.09,447.09,447.05,447.06,447.077,42,35
1643652555,447.05,447.09,447.05,447.05,447.083,147,79
1643652560,447.05,447.05,447.01,447.03,447.026,106,95
1643652565,447.03,447.1,447.03,447.07,447.058,28,19
1643652570,447.08,447.08,447.04,447.06,447.059,83,14
1643652575,447.06,447.08,447.06,447.08,447.077,40,33
1643652580,447.08,447.13,447.07,447.07,447.105,89,63
1643652585,447.08,447.1,447.06,447.08,447.089,101,53
1643652590,447.06,447.07,447.04,447.06,447.056,16,13
1643652595,447.05,447.1,447.05,447.1,447.078,21,16
1643652600,447.07,447.14,447.05,447.13,447.104,72,53
1643652605,447.12,447.17,447.12,447.15,447.149,245,141
1643652610,447.15,447.16,447.07,447.07,447.119,121,77
1643652615,447.05,447.05,446.97,446.99,446.992,81,73
1643652620,446.97,446.98,446.91,446.94,446.937,131,87
1643652625,446.94,446.95,446.91,446.93,446.92,189,161
1643652630,446.93,446.93,446.87,446.91,446.894,186,112
1643652635,446.91,446.91,446.85,446.85,446.88,109,68
1643652640,446.87,446.88,446.82,446.86,446.858,150,95
1643652645,446.84,446.88,446.84,446.86,446.86,88,60
1643652650,446.87,446.87,446.82,446.83,446.836,239,105
1643652655,446.83,446.85,446.82,446.82,446.836,88,43
1643652660,446.81,446.82,446.77,446.82,446.796,128,84
1643652665,446.81,446.83,446.8,446.81,446.816,43,35
1643652670,446.81,446.81,446.68,446.71,446.753,173,108
1643652675,446.69,446.7,446.63,446.68,446.666,125,102
1643652680,446.67,446.77,446.67,446.77,446.721,151,133
1643652685,446.78,446.91,446.74,446.91,446.812,119,109
1643652690,446.9,446.95,446.89,446.93,446.924,108,93
1643652695,446.91,446.91,446.84,446.84,446.887,70,46
1643652700,446.85,446.85,446.76,446.82,446.823,67,57
1643652705,446.82,446.88,446.82,446.88,446.847,61,49
1643652710,446.89,446.89,446.86,446.87,446.878,32,31
1643652715,446.88,446.9,446.86,446.88,446.872,43,19
1643652720,446.89,446.92,446.89,446.9,446.904,50,31
1643652725,446.89,446.89,446.78,446.8,446.826,98,78
1643652730,446.81,446.89,446.81,446.88,446.871,43,24
1643652735,446.87,446.9,446.87,446.9,446.886,35,24
1643652740,446.89,446.96,446.89,446.96,446.945,64,55
1643652745,446.95,446.97,446.93,446.93,446.951,37,28
1643652750,446.94,446.94,446.87,446.87,446.92,33,26
1643652755,446.88,446.89,446.86,446.87,446.874,27,21
1643652760,446.87,446.92,446.87,446.88,446.901,19,17
1643652765,446.87,446.91,446.87,446.91,446.899,22,14
1643652770,446.9,446.92,446.89,446.92,446.908,11,11
1643652775,446.93,446.96,446.93,446.96,446.952,37,22
1643652780,446.95,446.97,446.94,446.96,446.958,84,53
1643652785,446.97,447.07,446.96,447.04,447.016,236,111
1643652790,447.04,447.13,447.03,447.11,447.097,281,217
1643652795,447.1,447.1,447.04,447.07,447.078,194,154
1643652800,447.07,447.08,447.03,447.03,447.052,25,25
1643652805,447.02,447.02,446.89,446.91,446.934,176,109
1643652810,446.91,446.93,446.9,446.93,446.915,52,34
1643652815,446.94,446.94,446.92,446.93,446.932,40,19
1643652820,446.93,446.93,446.9,446.91,446.915,131,91
1643652825,446.92,446.95,446.9,446.94,446.923,105,74
1643652830,446.94,446.95,446.91,446.93,446.928,66,54
1643652835,446.94,446.94,446.9,446.94,446.922,38,21
1643652840,446.94,446.95,446.85,446.85,446.908,53,33
1643652845,446.86,446.87,446.82,446.84,446.843,96,77
1643652850,446.83,446.9,446.83,446.87,446.87,51,47
1643652855,446.87,446.87,446.82,446.85,446.839,43,36
1643652860,446.84,446.91,446.83,446.9,446.891,39,24
1643652865,446.89,446.89,446.84,446.85,446.854,42,21
1643652870,446.85,446.86,446.83,446.83,446.847,56,44
1643652875,446.84,446.87,446.83,446.83,446.852,18,15
1643652880,446.84,446.86,446.83,446.84,446.842,20,15
1643652885,446.84,446.89,446.84,446.89,446.858,36,32
1643652890,446.9,446.97,446.89,446.96,446.925,28,24
1643652895,446.94,447.23,446.93,447.13,447.113,974,608
1643652900,447.13,447.23,447.12,447.15,447.183,677,368
1643652905,447.15,447.15,447.06,447.06,447.112,77,66
1643652910,447.06,447.08,446.95,446.97,447.024,88,60
1643652915,446.99,447.02,446.94,447.02,446.977,27,27
1643652920,447.01,447.02,447.0,447.01,447.01,20,16
1643652925,446.98,447.05,446.98,447.05,447.02,42,37
1643652930,447.05,447.05,447.01,447.02,447.027,47,37
1643652935,447.03,447.04,446.95,446.96,446.989,51,41
1643652940,446.94,446.94,446.85,446.94,446.876,96,65
1643652945,446.91,446.92,446.82,446.82,446.886,163,152
1643652950,446.82,446.89,446.78,446.89,446.809,353,225
1643652955,446.9,446.91,446.85,446.89,446.884,72,41
1643652960,446.92,446.99,446.92,446.94,446.948,81,65
1643652965,446.96,446.97,446.95,446.96,446.958,22,14
1643652970,446.94,447.0,446.94,447.0,446.985,55,37
1643652975,446.99,447.01,446.96,446.98,446.989,51,37
1643652980,446.99,447.05,446.97,447.05,447.01,82,61
1643652985,447.05,447.07,447.02,447.05,447.033,74,27
1643652990,447.06,447.07,447.04,447.07,447.056,318,97
1643652995,447.06,447.09,447.06,447.09,447.077,52,42
1643653000,447.08,447.09,447.08,447.08,447.084,58,51
1643653005,447.1,447.14,447.1,447.14,447.123,70,38
1643653010,447.15,447.18,447.15,447.15,447.169,68,35
1643653015,447.15,447.15,447.13,447.14,447.141,24,23
1643653020,447.12,447.15,447.12,447.13,447.134,16,15
1643653025,447.15,447.18,447.14,447.15,447.159,48,31
1643653030,447.16,447.23,447.16,447.23,447.193,86,53
1643653035,447.23,447.29,447.22,447.29,447.256,139,72
1643653040,447.3,447.33,447.28,447.32,447.305,166,106
1643653045,447.33,447.33,447.26,447.31,447.291,260,172
1643653050,447.32,447.32,447.26,447.28,447.301,120,82
1643653055,447.28,447.33,447.26,447.32,447.298,121,81
1643653060,447.33,447.36,447.32,447.34,447.342,122,85
1643653065,447.33,447.36,447.31,447.33,447.333,72,40
1643653070,447.33,447.38,447.33,447.37,447.355,131,57
1643653075,447.37,447.37,447.32,447.35,447.343,73,50
1643653080,447.34,447.34,447.28,447.32,447.306,95,74
1643653085,447.33,447.36,447.3,447.31,447.332,59,35
1643653090,447.28,447.3,447.24,447.24,447.275,40,34
1643653095,447.23,447.23,447.17,447.17,447.19,63,55
1643653100,447.17,447.23,447.14,447.22,447.195,90,70
1643653105,447.24,447.25,447.2,447.2,447.231,93,46
1643653110,447.18,447.23,447.17,447.23,447.204,20,16
1643653115,447.22,447.23,447.19,447.23,447.208,39,30
1643653120,447.22,447.29,447.22,447.27,447.279,111,87
1643653125,447.27,447.29,447.26,447.26,447.274,125,47
1643653130,447.25,447.25,447.2,447.22,447.228,144,90
1643653135,447.23,447.25,447.15,447.2,447.19,4955,379
1643653140,447.19,447.24,447.19,447.23,447.21,56,52
1643653145,447.23,447.24,447.21,447.21,447.233,89,74
1643653150,447.22,447.22,447.2,447.22,447.206,11,11
1643653155,447.22,447.28,447.19,447.26,447.243,58,51
1643653160,447.27,447.31,447.26,447.31,447.281,101,58
1643653165,447.32,447.35,447.32,447.34,447.338,43,36
1643653170,447.34,447.35,447.32,447.35,447.341,41,32
1643653175,447.33,447.35,447.3,447.35,447.335,83,28
1643653180,447.37,447.38,447.31,447.31,447.36,24,19
1643653185,447.32,447.34,447.3,447.34,447.325,35,27
1643653190,447.33,447.35,447.31,447.33,447.327,160,52
1643653195,447.32,447.39,447.32,447.38,447.37,142,84
1643653200,447.38,447.4,447.31,447.33,447.369,224,104
1643653205,447.31,447.31,447.23,447.27,447.256,110,67
1643653210,447.27,447.37,447.26,447.35,447.326,256,146
1643653215,447.35,447.39,447.35,447.37,447.37,49,36
1643653220,447.39,447.39,447.31,447.32,447.354,148,64
1643653225,447.31,447.36,447.31,447.35,447.327,34,31
1643653230,447.33,447.38,447.33,447.36,447.343,46,39
1643653235,447.35,447.39,447.34,447.34,447.374,25,22
1643653240,447.33,447.33,447.31,447.32,447.319,35,27
1643653245,447.31,447.36,447.31,447.35,447.34,30,26
1643653250,447.37,447.38,447.35,447.38,447.363,44,36
1643653255,447.38,447.39,447.3,447.34,447.361,68,43
1643653260,447.35,447.37,447.32,447.36,447.346,79,73
1643653265,447.36,447.41,447.35,447.38,447.382,133,71
1643653270,447.38,447.4,447.37,447.38,447.384,41,27
1643653275,447.38,447.41,447.38,447.39,447.393,90,54
1643653280,447.39,447.39,447.37,447.38,447.38,147,58
1643653285,447.37,447.4,447.37,447.4,447.38,158,93
1643653290,447.4,447.44,447.39,447.42,447.418,73,64
1643653295,447.43,447.44,447.41,447.41,447.422,163,62
1643653300,447.42,447.42,447.4,447.4,447.414,149,65
1643653305,447.4,447.41,447.39,447.4,447.399,46,29
1643653310,447.4,447.43,447.39,447.42,447.415,23,21
1643653315,447.43,447.47,447.43,447.44,447.445,139,57
1643653320,447.45,447.45,447.39,447.41,447.414,92,84
1643653325,447.41,447.44,447.41,447.44,447.426,40,27
1643653330,447.45,447.53,447.45,447.49,447.502,282,172
1643653335,447.49,447.53,447.48,447.51,447.505,107,86
1643653340,447.52,447.53,447.5,447.5,447.508,206,116
1643653345,447.49,447.51,447.47,447.48,447.49,80,54
1643653350,447.48,447.52,447.47,447.48,447.495,109,68
1643653355,447.48,447.51,447.47,447.5,447.493,105,51
1643653360,447.48,447.49,447.44,447.45,447.471,90,60
1643653365,447.45,447.47,447.44,447.47,447.457,55,24
1643653370,447.47,447.47,447.4,447.43,447.431,94,68
1643653375,447.43,447.46,447.42,447.45,447.438,79,41
1643653380,447.45,447.46,447.31,447.31,447.384,218,138
1643653385,447.3,447.34,447.27,447.29,447.299,120,87
1643653390,447.29,447.32,447.26,447.32,447.29,123,94
1643653395,447.32,447.32,447.2,447.21,447.233,108,77
1643653400,447.22,447.27,447.21,447.25,447.246,58,42
1643653405,447.26,447.27,447.24,447.25,447.254,36,30
1643653410,447.24,447.35,447.24,447.33,447.297,45,40
1643653415,447.33,447.36,447.33,447.36,447.35,20,19
1643653420,447.37,447.44,447.36,447.36,447.398,48,43
1643653425,447.36,447.38,447.34,447.38,447.361,24,18
1643653430,447.39,447.41,447.38,447.41,447.395,32,29
1643653435,447.42,447.43,447.39,447.4,447.408,33,24
1643653440,447.4,447.43,447.35,447.43,447.382,56,46
1643653445,447.42,447.43,447.4,447.41,447.412,110,75
1643653450,447.42,447.46,447.42,447.43,447.437,49,44
1643653455,447.43,447.44,447.38,447.4,447.403,83,37
1643653460,447.41,447.42,447.41,447.41,447.41,19,14
1643653465,447.43,447.46,447.42,447.44,447.449,30,24
1643653470,447.43,447.48,447.43,447.48,447.453,33,24
1643653475,447.48,447.48,447.46,447.47,447.466,12,7
1643653480,447.46,447.47,447.43,447.44,447.454,97,56
1643653485,447.44,447.49,447.44,447.49,447.475,86,24
1643653490,447.49,447.5,447.45,447.46,447.475,45,42
1643653495,447.46,447.46,447.43,447.46,447.447,30,18
1643653500,447.46,447.47,447.34,447.39,447.414,57,55
1643653505,447.4,447.41,447.36,447.4,447.39,44,23
1643653510,447.39,447.44,447.39,447.43,447.421,129,84
1643653515,447.43,447.46,447.43,447.44,447.442,107,80
1643653520,447.44,447.49,447.44,447.48,447.468,102,47
1643653525,447.49,447.62,447.49,447.57,447.566,519,227
1643653530,447.58,447.58,447.5,447.52,447.53,166,121
1643653535,447.52,447.54,447.44,447.45,447.503,65,44
1643653540,447.45,447.46,447.41,447.43,447.436,92,86
1643653545,447.45,447.45,447.37,447.38,447.408,273,241
1643653550,447.37,447.39,447.32,447.36,447.359,196,154
1643653555,447.35,447.35,447.23,447.27,447.278,335,236
1643653560,447.28,447.36,447.28,447.33,447.321,101,89
1643653565,447.32,447.32,447.23,447.23,447.261,169,133
1643653570,447.24,447.27,447.23,447.24,447.234,123,38
1643653575,447.24,447.26,447.19,447.22,447.228,279,120
1643653580,447.24,447.25,447.2,447.22,447.223,42,23
1643653585,447.22,447.24,447.19,447.22,447.222,140,86
1643653590,447.23,447.26,447.17,447.18,447.228,111,77
1643653595,447.18,447.2,447.17,447.17,447.183,33,28
1643653600,447.16,447.17,447.1,447.1,447.14,184,91
1643653605,447.1,447.14,447.09,447.13,447.117,221,166
1643653610,447.16,447.17,447.09,447.12,447.115,175,128
1643653615,447.13,447.15,447.12,447.13,447.127,153,97
1643653620,447.12,447.16,447.12,447.12,447.136,118,103
1643653625,447.14,447.22,447.1,447.18,447.168,551,405
1643653630,447.18,447.19,447.13,447.14,447.17,79,60
1643653635,447.15,447.21,447.13,447.2,447.165,69,60
1643653640,447.2,447.2,447.17,447.18,447.186,32,28
1643653645,447.18,447.25,447.17,447.22,447.213,394,245
1643653650,447.23,447.28,447.21,447.24,447.239,294,163
1643653655,447.28,447.31,447.28,447.29,447.293,103,90
1643653660,447.29,447.3,447.27,447.27,447.285,148,71
1643653665,447.27,447.27,447.25,447.25,447.258,79,65
1643653670,447.26,447.26,447.19,447.2,447.214,192,121
1643653675,447.2,447.22,447.18,447.18,447.203,125,81
1643653680,447.18,447.18,447.1,447.12,447.132,196,148
1643653685,447.11,447.13,447.1,447.13,447.119,73,51
1643653690,447.13,447.13,447.0,447.03,447.05,278,109
1643653695,447.03,447.07,447.03,447.04,447.051,62,41
1643653700,447.04,447.11,447.04,447.11,447.093,107,65
1643653705,447.11,447.16,447.11,447.13,447.144,99,57
1643653710,447.12,447.14,447.08,447.08,447.107,188,146
1643653715,447.05,447.07,447.02,447.04,447.041,58,44
1643653720,447.04,447.08,447.03,447.04,447.053,50,34
1643653725,447.03,447.04,446.96,446.98,446.994,118,95
1643653730,446.97,446.98,446.94,446.97,446.968,58,40
1643653735,446.96,447.08,446.96,447.05,447.038,104,85
1643653740,447.05,447.08,447.02,447.02,447.052,24,22
1643653745,447.01,447.08,447.01,447.08,447.061,79,34
1643653750,447.06,447.13,447.06,447.09,447.104,55,52
1643653755,447.08,447.12,447.08,447.09,447.093,114,101
1643653760,447.1,447.16,447.1,447.14,447.124,58,49
1643653765,447.14,447.14,447.08,447.1,447.117,36,23
1643653770,447.1,447.1,447.0,447.0,447.044,98,62
1643653775,446.99,447.0,446.89,446.9,446.949,183,122
1643653780,446.88,446.91,446.82,446.91,446.855,282,115
1643653785,446.9,446.91,446.85,446.86,446.879,152,115
1643653790,446.85,446.87,446.83,446.85,446.847,121,93
1643653795,446.85,446.9,446.84,446.9,446.851,202,86
1643653800,446.91,447.01,446.91,446.98,446.968,176,146
1643653805,446.98,446.98,446.94,446.96,446.959,7,7
1643653810,446.95,446.96,446.92,446.96,446.953,82,47
1643653815,446.96,447.0,446.94,446.99,446.968,111,98
1643653820,447.0,447.03,446.99,447.02,447.013,137,108
1643653825,447.03,447.04,446.99,447.0,447.021,30,29
1643653830,447.01,447.05,446.97,446.98,447.017,69,58
1643653835,446.99,446.99,446.96,446.96,446.975,31,24
1643653840,446.97,447.0,446.96,447.0,446.985,36,28
1643653845,446.99,447.01,446.96,446.96,446.993,194,123
1643653850,446.98,447.0,446.97,446.97,446.985,35,27
1643653855,446.99,446.99,446.82,446.83,446.903,119,88
1643653860,446.83,446.85,446.69,446.72,446.749,236,173
1643653865,446.72,446.79,446.71,446.75,446.764,179,134
1643653870,446.74,446.75,446.69,446.7,446.716,401,162
1643653875,446.68,446.72,446.66,446.67,446.689,102,78
1643653880,446.67,446.68,446.58,446.61,446.643,292,202
1643653885,446.61,446.66,446.6,446.64,446.632,99,81
1643653890,446.64,446.64,446.57,446.59,446.586,148,96
1643653895,446.6,446.62,446.58,446.58,446.602,139,61
1643653900,446.62,446.67,446.62,446.64,446.649,75,54
1643653905,446.65,446.68,446.62,446.67,446.646,25,15
1643653910,446.65,446.69,446.65,446.69,446.664,61,36
1643653915,446.69,446.73,446.66,446.67,446.696,188,85
1643653920,446.68,446.71,446.67,446.71,446.693,42,21
1643653925,446.7,446.71,446.64,446.69,446.68,40,31
1643653930,446.7,446.71,446.69,446.7,446.705,32,25
1643653935,446.69,446.76,446.66,446.72,446.727,324,242
1643653940,446.72,446.74,446.71,446.72,446.718,44,37
1643653945,446.73,446.74,446.71,446.73,446.73,28,26
1643653950,446.74,446.84,446.74,446.83,446.772,117,82
1643653955,446.84,446.89,446.83,446.87,446.867,123,82
1643653960,446.87,446.89,446.84,446.86,446.871,127,57
1643653965,446.85,446.86,446.81,446.84,446.83,85,67
1643653970,446.85,446.88,446.84,446.88,446.859,142,95
1643653975,446.87,446.93,446.87,446.9,446.898,96,38
1643653980,446.89,446.94,446.89,446.93,446.923,80,73
1643653985,446.93,446.94,446.9,446.9,446.92,44,30
1643653990,446.9,446.95,446.9,446.91,446.925,62,40
1643653995,446.9,446.9,446.87,446.88,446.881,59,48
1643654000,446.88,446.91,446.87,446.91,446.893,41,26
1643654005,446.91,446.93,446.9,446.92,446.915,62,38
1643654010,446.92,446.93,446.88,446.91,446.904,36,35
1643654015,446.91,446.92,446.9,446.92,446.915,60,48
1643654020,446.92,446.93,446.91,446.92,446.923,27,24
1643654025,446.92,446.96,446.86,446.9,446.917,115,103
1643654030,446.9,446.94,446.89,446.92,446.921,68,62
1643654035,446.9,446.97,446.9,446.96,446.932,88,68
1643654040,446.97,446.97,446.93,446.93,446.951,55,43
1643654045,446.93,446.93,446.82,446.84,446.858,81,70
1643654050,446.85,446.93,446.85,446.89,446.881,93,69
1643654055,446.9,446.94,446.89,446.92,446.913,45,32
1643654060,446.93,446.94,446.89,446.89,446.918,24,22
1643654065,446.89,446.89,446.87,446.87,446.887,22,19
1643654070,446.87,446.88,446.85,446.87,446.864,31,27
1643654075,446.86,446.87,446.67,446.69,446.807,181,160
1643654080,446.7,446.8,446.7,446.8,446.762,212,161
1643654085,446.78,446.8,446.67,446.67,446.716,166,112
1643654090,446.66,446.73,446.66,446.72,446.685,83,70
1643654095,446.73,446.74,446.72,446.73,446.729,47,39
1643654100,446.74,446.78,446.72,446.77,446.764,121,89
1643654105,446.76,446.76,446.69,446.71,446.716,131,93
1643654110,446.72,446.74,446.67,446.68,446.702,68,51
1643654115,446.68,446.72,446.67,446.72,446.691,26,25
1643654120,446.73,446.74,446.7,446.71,446.726,78,61
1643654125,446.7,446.7,446.65,446.65,446.669,94,81
1643654130,446.65,446.66,446.61,446.66,446.64,39,36
1643654135,446.63,446.67,446.6,446.67,446.642,116,82
1643654140,446.67,446.67,446.61,446.62,446.639,90,72
1643654145,446.63,446.63,446.54,446.54,446.576,149,117
1643654150,446.54,446.66,446.53,446.65,446.572,130,105
1643654155,446.66,446.71,446.63,446.71,446.682,113,100
1643654160,446.72,446.78,446.71,446.73,446.758,301,227
1643654165,446.73,446.76,446.72,446.74,446.748,142,97
1643654170,446.73,446.8,446.72,446.76,446.765,150,127
1643654175,446.76,446.85,446.74,446.82,446.772,104,69
1643654180,446.81,446.83,446.79,446.8,446.811,121,92
1643654185,446.8,446.8,446.73,446.76,446.771,155,90
1643654190,446.77,446.79,446.74,446.74,446.77,113,85
1643654195,446.73,446.78,446.72,446.72,446.761,135,86
1643654200,446.72,446.75,446.71,446.73,446.728,50,31
1643654205,446.76,446.8,446.74,446.8,446.766,113,106
1643654210,446.78,446.86,446.77,446.86,446.815,79,71
1643654215,446.87,446.96,446.86,446.91,446.917,304,188
1643654220,446.9,446.96,446.9,446.95,446.933,80,71
1643654225,446.94,446.97,446.92,446.95,446.937,77,57
1643654230,446.95,446.98,446.93,446.97,446.956,47,41
1643654235,446.98,447.02,446.97,446.97,446.994,162,121
1643654240,446.97,447.04,446.97,447.01,447.0,198,75
1643654245,447.0,447.06,446.98,447.06,447.027,120,95
1643654250,447.05,447.07,447.04,447.06,447.052,82,37
1643654255,447.07,447.15,447.06,447.12,447.118,442,234
1643654260,447.11,447.13,447.09,447.1,447.104,115,104
1643654265,447.11,447.16,447.1,447.13,447.139,246,179
1643654270,447.12,447.13,447.08,447.13,447.108,111,81
1643654275,447.13,447.13,447.08,447.1,447.11,184,132
1643654280,447.1,447.19,447.1,447.18,447.144,421,207
1643654285,447.18,447.28,447.17,447.26,447.225,280,143
1643654290,447.27,447.36,447.25,447.33,447.291,374,289
1643654295,447.33,447.34,447.29,447.33,447.32,89,73
1643654300,447.33,447.33,447.28,447.3,447.312,155,119
1643654305,447.3,447.31,447.28,447.3,447.294,107,65
1643654310,447.3,447.34,447.28,447.32,447.313,102,67
1643654315,447.32,447.42,447.31,447.41,447.386,225,117
1643654320,447.41,447.45,447.39,447.45,447.422,109,84
1643654325,447.44,447.46,447.4,447.43,447.426,111,77
1643654330,447.43,447.43,447.37,447.38,447.395,184,115
1643654335,447.38,447.38,447.29,447.32,447.33,65,39
1643654340,447.32,447.32,447.3,447.32,447.311,71,56
1643654345,447.3,447.32,447.26,447.28,447.295,87,58
1643654350,447.3,447.3,447.28,447.29,447.294,66,33
1643654355,447.29,447.31,447.27,447.27,447.29,46,27
1643654360,447.28,447.28,447.21,447.23,447.244,112,76
1643654365,447.23,447.25,447.16,447.16,447.215,53,46
1643654370,447.16,447.2,447.13,447.17,447.172,179,114
1643654375,447.17,447.18,447.14,447.18,447.157,63,52
1643654380,447.18,447.18,447.16,447.16,447.17,22,21
1643654385,447.16,447.17,447.11,447.13,447.148,56,42
1643654390,447.12,447.15,447.11,447.15,447.127,28,21
1643654395,447.14,447.18,447.14,447.17,447.162,29,23
1643654400,447.17,447.18,447.13,447.15,447.167,66,42
1643654405,447.15,447.16,447.12,447.12,447.14,60,46
1643654410,447.11,447.12,447.0,447.02,447.043,190,122
1643654415,447.02,447.04,446.99,446.99,447.008,83,75
1643654420,446.98,447.02,446.96,447.02,446.985,107,97
1643654425,447.0,447.14,447.0,447.13,447.072,168,129
1643654430,447.13,447.22,447.13,447.19,447.181,133,93
1643654435,447.2,447.24,447.19,447.24,447.214,83,44
1643654440,447.23,447.26,447.22,447.24,447.238,94,80
1643654445,447.24,447.25,447.21,447.25,447.228,137,108
1643654450,447.24,447.26,447.21,447.21,447.232,139,96
1643654455,447.21,447.26,447.21,447.26,447.239,70,62
1643654460,447.27,447.29,447.24,447.25,447.271,87,55
1643654465,447.26,447.41,447.25,447.38,447.344,165,137
1643654470,447.39,447.43,447.36,447.43,447.421,398,215
1643654475,447.44,447.54,447.44,447.52,447.501,390,320
1643654480,447.51,447.52,447.46,447.46,447.499,121,65
1643654485,447.47,447.51,447.46,447.5,447.495,186,105
1643654490,447.5,447.53,447.49,447.52,447.515,156,130
1643654495,447.51,447.52,447.46,447.47,447.499,104,77
1643654500,447.47,447.49,447.4,447.46,447.441,179,85
1643654505,447.45,447.48,447.44,447.46,447.474,97,61
1643654510,447.45,447.48,447.45,447.46,447.463,31,28
1643654515,447.46,447.49,447.45,447.47,447.46,121,60
1643654520,447.48,447.48,447.45,447.48,447.468,61,55
1643654525,447.48,447.49,447.46,447.46,447.469,31,20
1643654530,447.45,447.54,447.41,447.53,447.479,77,58
1643654535,447.53,447.57,447.53,447.57,447.54,69,40
1643654540,447.58,447.59,447.53,447.53,447.556,122,105
1643654545,447.54,447.55,447.48,447.49,447.523,188,131
1643654550,447.48,447.55,447.47,447.54,447.505,108,93
1643654555,447.54,447.58,447.49,447.5,447.545,138,115
1643654560,447.51,447.51,447.47,447.49,447.492,25,24
1643654565,447.5,447.51,447.47,447.48,447.487,82,67
1643654570,447.48,447.49,447.48,447.49,447.487,22,19
1643654575,447.5,447.51,447.46,447.49,447.492,79,65
1643654580,447.48,447.5,447.46,447.47,447.475,68,50
1643654585,447.46,447.48,447.44,447.48,447.453,57,43
1643654590,447.5,447.54,447.49,447.52,447.52,45,31
1643654595,447.52,447.53,447.51,447.52,447.52,25,18
1643654600,447.52,447.54,447.51,447.53,447.527,35,22
1643654605,447.54,447.59,447.53,447.54,447.561,124,94
1643654610,447.54,447.54,447.52,447.52,447.527,25,24
1643654615,447.54,447.54,447.51,447.52,447.529,47,32
1643654620,447.51,447.52,447.41,447.44,447.473,214,141
1643654625,447.44,447.45,447.4,447.41,447.423,118,55
1643654630,447.4,447.41,447.3,447.3,447.344,298,236
1643654635,447.29,447.29,447.16,447.2,447.203,474,332
1643654640,447.21,447.28,447.2,447.25,447.235,108,104
1643654645,447.25,447.26,447.17,447.25,447.223,118,81
1643654650,447.26,447.27,446.96,446.98,447.073,468,305
1643654655,446.97,447.03,446.9,447.01,446.978,213,163
1643654660,447.01,447.13,447.01,447.1,447.086,193,158
1643654665,447.1,447.11,447.02,447.03,447.064,160,121
1643654670,447.03,447.05,446.99,447.01,447.018,137,91
1643654675,447.01,447.09,447.0,447.02,447.049,97,75
1643654680,447.01,447.07,446.99,447.01,447.009,120,67
1643654685,447.02,447.05,446.99,447.05,447.029,37,34
1643654690,447.06,447.07,447.0,447.0,447.054,56,20
1643654695,446.98,446.99,446.83,446.84,446.886,157,108
1643654700,446.84,446.96,446.82,446.95,446.9,92,75
1643654705,446.96,447.0,446.96,446.99,446.989,76,67
1643654710,446.99,447.07,446.99,447.04,447.041,102,88
1643654715,447.05,447.05,447.02,447.03,447.033,70,45
1643654720,447.03,447.16,447.01,447.14,447.1,100,84
1643654725,447.13,447.16,447.11,447.11,447.126,109,62
1643654730,447.12,447.15,447.09,447.13,447.117,49,48
1643654735,447.13,447.13,447.01,447.08,447.083,77,66
1643654740,447.07,447.11,447.06,447.11,447.089,39,28
1643654745,447.12,447.12,447.09,447.11,447.106,19,17
1643654750,447.11,447.13,447.09,447.11,447.116,58,50
1643654755,447.13,447.15,447.08,447.1,447.111,49,43
1643654760,447.11,447.15,447.08,447.12,447.111,44,40
1643654765,447.11,447.16,447.11,447.15,447.134,88,82
1643654770,447.14,447.14,447.1,447.13,447.128,77,65
1643654775,447.15,447.21,447.14,447.19,447.184,118,93
1643654780,447.21,447.21,447.16,447.17,447.186,129,87
1643654785,447.17,447.18,447.12,447.12,447.159,107,77
1643654790,447.13,447.2,447.13,447.16,447.161,75,47
1643654795,447.16,447.18,447.06,447.08,447.109,345,241
1643654800,447.08,447.1,446.99,447.01,447.071,163,105
1643654805,447.01,447.02,446.98,446.99,446.998,93,70
1643654810,446.99,447.0,446.97,446.98,446.981,36,24
1643654815,446.97,447.01,446.95,446.96,446.987,75,52
1643654820,446.97,447.06,446.97,447.02,447.033,132,102
1643654825,447.04,447.06,447.01,447.01,447.038,49,20
1643654830,447.02,447.03,447.0,447.01,447.006,95,12
1643654835,447.03,447.1,447.01,447.1,447.051,114,55
1643654840,447.08,447.08,447.04,447.04,447.047,13,9
1643654845,447.05,447.08,447.05,447.08,447.063,42,28
1643654850,447.08,447.17,447.08,447.11,447.119,147,30
1643654855,447.1,447.1,446.97,447.01,447.025,77,65
1643654860,447.02,447.03,446.99,447.0,447.005,28,28
1643654865,447.0,447.02,446.99,447.02,447.013,54,21
1643654870,447.02,447.08,447.02,447.06,447.047,17,13
1643654875,447.05,447.05,446.94,446.94,447.01,53,41
1643654880,446.95,447.05,446.95,447.05,447.009,30,28
1643654885,447.07,447.11,447.05,447.07,447.088,32,26
1643654890,447.07,447.08,447.06,447.07,447.069,20,16
1643654895,447.06,447.06,446.95,446.96,447.007,53,39
1643654900,446.95,446.97,446.89,446.96,446.909,58,38
1643654905,446.97,446.99,446.91,446.91,446.936,452,165
1643654910,446.94,446.94,446.9,446.94,446.913,73,48
1643654915,446.93,447.03,446.92,447.03,446.993,53,47
1643654920,447.02,447.04,447.0,447.01,447.019,48,24
1643654925,447.03,447.07,447.01,447.05,447.041,40,30
1643654930,447.04,447.08,447.04,447.08,447.056,34,16
1643654935,447.08,447.08,446.94,447.06,446.997,54,24
1643654940,447.06,447.08,447.06,447.07,447.066,72,38
1643654945,447.08,447.14,447.07,447.14,447.089,59,29
1643654950,447.14,447.17,447.12,447.16,447.153,76,48
1643654955,447.15,447.15,447.08,447.09,447.116,111,82
1643654960,447.09,447.12,447.09,447.12,447.107,13,10
1643654965,447.12,447.17,447.12,447.16,447.146,36,33
1643654970,447.16,447.18,447.16,447.18,447.172,32,26
1643654975,447.19,447.24,447.19,447.24,447.212,164,121
1643654980,447.23,447.24,447.21,447.23,447.237,61,24
1643654985,447.22,447.28,447.22,447.27,447.26,439,245
1643654990,447.26,447.26,447.18,447.2,447.226,53,49
1643654995,447.2,447.22,447.2,447.21,447.213,22,13
1643655000,447.19,447.2,447.16,447.18,447.176,32,23
1643655005,447.2,447.22,447.17,447.22,447.209,108,45
1643655010,447.22,447.31,447.2,447.29,447.251,55,49
1643655015,447.31,447.35,447.3,447.31,447.326,66,48
1643655020,447.31,447.33,447.28,447.31,447.314,92,56
1643655025,447.31,447.32,447.25,447.29,447.286,130,90
1643655030,447.32,447.32,447.25,447.27,447.268,25,18
1643655035,447.25,447.26,447.22,447.23,447.24,73,48
1643655040,447.23,447.24,447.13,447.13,447.181,78,63
1643655045,447.13,447.14,447.09,447.09,447.112,35,21
1643655050,447.1,447.19,447.1,447.16,447.128,120,68
1643655055,447.17,447.19,447.17,447.17,447.177,35,23
1643655060,447.15,447.17,447.14,447.16,447.156,20,15
1643655065,447.17,447.2,447.14,447.15,447.163,91,57
1643655070,447.14,447.14,447.11,447.13,447.127,69,31
1643655075,447.13,447.13,447.09,447.12,447.113,134,73
1643655080,447.11,447.11,447.03,447.04,447.06,200,107
1643655085,447.05,447.09,447.04,447.06,447.073,60,57
1643655090,447.08,447.11,447.08,447.1,447.093,154,65
1643655095,447.11,447.14,447.11,447.12,447.131,26,19
1643655100,447.12,447.2,447.12,447.19,447.17,106,60
1643655105,447.19,447.19,447.14,447.16,447.16,104,70
1643655110,447.16,447.17,447.13,447.13,447.148,45,29
1643655115,447.12,447.14,447.09,447.13,447.12,30,21
1643655120,447.12,447.16,447.12,447.15,447.14,160,141
1643655125,447.17,447.17,447.12,447.13,447.143,130,80
1643655130,447.12,447.17,447.12,447.14,447.146,20,17
1643655135,447.12,447.14,447.04,447.06,447.081,30,29
1643655140,447.07,447.07,446.91,446.95,446.971,461,339
1643655145,446.95,447.03,446.89,447.01,446.96,158,128
1643655150,447.02,447.05,447.02,447.04,447.032,22,17
1643655155,447.04,447.04,446.92,446.92,447.004,57,54
1643655160,446.94,446.95,446.91,446.95,446.928,33,16
1643655165,446.96,446.96,446.94,446.94,446.953,20,19
1643655170,446.95,446.95,446.93,446.93,446.937,38,38
1643655175,446.94,446.98,446.93,446.98,446.952,26,20
1643655180,446.97,447.05,446.97,447.04,447.019,56,44
1643655185,447.04,447.09,447.03,447.07,447.071,41,36
1643655190,447.09,447.14,447.09,447.14,447.114,89,76
1643655195,447.15,447.22,447.14,447.17,447.193,318,214
1643655200,447.15,447.16,447.01,447.05,447.092,148,117
1643655205,447.05,447.06,447.02,447.02,447.043,39,31
1643655210,447.02,447.03,447.0,447.02,447.016,30,23
1643655215,447.02,447.02,446.98,447.01,447.01,26,11
1643655220,447.02,447.04,447.02,447.04,447.028,26,16
1643655225,447.03,447.04,447.02,447.02,447.029,76,43
1643655230,447.03,447.16,447.03,447.16,447.069,28,21
1643655235,447.16,447.16,447.11,447.14,447.14,48,33
1643655240,447.15,447.18,447.14,447.18,447.159,85,63
1643655245,447.17,447.23,447.17,447.19,447.196,109,59
1643655250,447.18,447.21,447.17,447.18,447.184,63,36
1643655255,447.17,447.18,447.09,447.1,447.159,50,23
1643655260,447.05,447.08,447.03,447.08,447.052,75,43
1643655265,447.07,447.07,447.04,447.04,447.058,8,8
1643655270,447.05,447.11,447.05,447.06,447.074,25,18
1643655275,447.07,447.08,447.05,447.05,447.062,22,18
1643655280,447.03,447.11,447.03,447.11,447.053,23,20
1643655285,447.1,447.1,447.06,447.08,447.078,33,26
1643655290,447.07,447.08,447.03,447.06,447.062,84,41
1643655295,447.07,447.09,447.06,447.07,447.071,16,15
1643655300,447.08,447.19,447.08,447.15,447.16,164,142
1643655305,447.15,447.18,447.1,447.1,447.155,63,53
1643655310,447.11,447.13,447.09,447.13,447.121,35,24
1643655315,447.14,447.17,447.12,447.16,447.147,117,89
1643655320,447.18,447.18,447.16,447.16,447.167,36,25
1643655325,447.16,447.17,447.15,447.17,447.158,9,9
1643655330,447.17,447.22,447.16,447.2,447.199,22,22
1643655335,447.21,447.21,447.18,447.18,447.19,16,13
1643655340,447.18,447.24,447.17,447.23,447.215,121,62
1643655345,447.24,447.24,447.2,447.22,447.223,37,31
1643655350,447.22,447.22,447.14,447.15,447.166,43,29
1643655355,447.2,447.21,447.19,447.21,447.204,22,18
1643655360,447.22,447.23,447.21,447.23,447.217,32,28
1643655365,447.22,447.22,447.19,447.19,447.212,50,17
1643655370,447.19,447.22,447.19,447.22,447.2,12,8
1643655375,447.22,447.22,447.18,447.21,447.19,58,49
1643655380,447.21,447.28,447.21,447.26,447.254,43,38
1643655385,447.26,447.26,447.24,447.24,447.248,22,12
1643655390,447.22,447.27,447.21,447.25,447.233,82,63
1643655395,447.24,447.27,447.24,447.27,447.258,24,17
1643655400,447.29,447.3,447.22,447.22,447.261,53,50
1643655405,447.23,447.26,447.2,447.26,447.241,54,39
1643655410,447.24,447.24,447.24,447.24,447.24,2,2
1643655415,447.25,447.26,447.22,447.25,447.242,35,29
1643655420,447.25,447.31,447.23,447.31,447.259,77,67
1643655425,447.3,447.35,447.29,447.3,447.323,46,40
1643655430,447.33,447.33,447.14,447.16,447.219,72,63
1643655435,447.16,447.28,447.16,447.25,447.23,48,44
1643655440,447.24,447.24,447.15,447.15,447.195,19,15
1643655445,447.18,447.18,447.1,447.12,447.137,62,35
1643655450,447.1,447.13,447.08,447.12,447.107,16,14
1643655455,447.1,447.16,447.1,447.11,447.115,47,41
1643655460,447.07,447.07,446.98,447.03,447.033,106,67
1643655465,447.04,447.08,447.04,447.04,447.062,90,64
1643655470,447.06,447.08,447.05,447.06,447.064,55,42
1643655475,447.06,447.07,447.02,447.06,447.035,31,25
1643655480,447.06,447.14,447.06,447.13,447.102,127,78
1643655485,447.13,447.15,447.13,447.13,447.136,24,16
1643655490,447.12,447.13,447.08,447.12,447.104,28,21
1643655495,447.11,447.16,447.11,447.12,447.135,27,24
1643655500,447.13,447.17,447.13,447.17,447.153,18,15
1643655505,447.17,447.18,447.15,447.15,447.165,12,11
1643655510,447.18,447.2,447.17,447.18,447.181,32,22
1643655515,447.17,447.17,447.12,447.15,447.153,35,27
1643655520,447.17,447.2,447.17,447.19,447.187,20,17
1643655525,447.2,447.22,447.17,447.19,447.184,115,82
1643655530,447.19,447.21,447.18,447.21,447.204,29,18
1643655535,447.21,447.21,447.17,447.18,447.183,117,34
1643655540,447.18,447.19,447.11,447.16,447.153,310,235
1643655545,447.16,447.22,447.13,447.22,447.176,88,73
1643655550,447.21,447.21,447.17,447.2,447.182,51,43
1643655555,447.21,447.23,447.2,447.23,447.218,126,97
1643655560,447.22,447.25,447.22,447.24,447.228,30,22
1643655565,447.24,447.25,447.23,447.25,447.249,58,23
1643655570,447.23,447.24,447.2,447.21,447.22,66,63
1643655575,447.21,447.22,447.2,447.2,447.215,56,36
1643655580,447.2,447.22,447.19,447.21,447.201,94,71
1643655585,447.21,447.27,447.21,447.23,447.247,34,33
1643655590,447.24,447.42,447.23,447.29,447.285,271,182
1643655595,447.28,447.38,447.28,447.38,447.341,80,51
1643655600,447.38,447.42,447.29,447.3,447.38,154,139
1643655605,447.31,447.32,447.25,447.32,447.291,207,158
1643655610,447.31,447.33,447.28,447.29,447.305,18,17
1643655615,447.28,447.31,447.21,447.31,447.258,161,128
1643655620,447.31,447.39,447.28,447.36,447.344,238,201
1643655625,447.35,447.36,447.33,447.33,447.344,40,38
1643655630,447.34,447.34,447.27,447.27,447.306,27,26
1643655635,447.27,447.27,447.25,447.27,447.266,17,14
1643655640,447.28,447.35,447.28,447.31,447.301,52,23
1643655645,447.31,447.34,447.26,447.26,447.306,45,39
1643655650,447.26,447.36,447.25,447.36,447.302,59,49
1643655655,447.36,447.38,447.35,447.38,447.368,51,38
1643655660,447.36,447.37,447.34,447.35,447.358,34,26
1643655665,447.36,447.4,447.35,447.39,447.358,78,38
1643655670,447.4,447.4,447.38,447.38,447.396,150,61
1643655675,447.4,447.5,447.4,447.47,447.464,243,160
1643655680,447.48,447.52,447.47,447.51,447.501,147,112
1643655685,447.51,447.51,447.49,447.51,447.496,87,71
1643655690,447.51,447.52,447.46,447.48,447.498,108,77
1643655695,447.48,447.5,447.47,447.49,447.487,139,30
1643655700,447.5,447.52,447.48,447.51,447.503,74,62
1643655705,447.51,447.53,447.46,447.5,447.504,482,298
1643655710,447.5,447.54,447.5,447.52,447.521,101,71
1643655715,447.52,447.56,447.48,447.55,447.534,541,344
1643655720,447.53,447.59,447.5,447.53,447.547,775,473
1643655725,447.53,447.54,447.5,447.51,447.524,79,62
1643655730,447.51,447.51,447.42,447.42,447.448,98,72
1643655735,447.43,447.48,447.4,447.47,447.439,163,95
1643655740,447.47,447.48,447.46,447.46,447.467,44,34
1643655745,447.46,447.49,447.46,447.47,447.467,53,41
1643655750,447.46,447.47,447.32,447.33,447.401,82,49
1643655755,447.32,447.34,447.26,447.34,447.292,222,96
1643655760,447.34,447.35,447.29,447.31,447.322,58,43
1643655765,447.3,447.38,447.3,447.38,447.334,216,146
1643655770,447.38,447.38,447.35,447.36,447.368,38,33
1643655775,447.35,447.35,447.33,447.35,447.339,61,36
1643655780,447.35,447.38,447.31,447.35,447.347,119,105
1643655785,447.35,447.36,447.24,447.24,447.304,70,60
1643655790,447.25,447.27,447.19,447.2,447.228,95,75
1643655795,447.22,447.26,447.2,447.25,447.234,55,46
1643655800,447.23,447.25,447.22,447.23,447.237,138,87
1643655805,447.23,447.25,447.21,447.24,447.235,82,53
1643655810,447.24,447.32,447.24,447.3,447.292,60,39
1643655815,447.31,447.32,447.28,447.32,447.296,50,45
1643655820,447.32,447.32,447.26,447.28,447.3,55,46
1643655825,447.28,447.29,447.23,447.28,447.273,27,24
1643655830,447.29,447.32,447.28,447.32,447.299,36,33
1643655835,447.27,447.3,447.26,447.29,447.283,9,4
1643655840,447.29,447.43,447.29,447.42,447.346,90,78
1643655845,447.43,447.44,447.4,447.41,447.431,97,45
1643655850,447.41,447.43,447.39,447.41,447.411,94,65
1643655855,447.42,447.45,447.4,447.44,447.424,97,71
1643655860,447.45,447.5,447.44,447.45,447.459,82,62
1643655865,447.46,447.49,447.46,447.46,447.462,66,19
1643655870,447.47,447.49,447.44,447.47,447.458,59,40
1643655875,447.46,447.46,447.43,447.44,447.44,9,9
1643655880,447.44,447.46,447.43,447.45,447.45,56,42
1643655885,447.46,447.47,447.4,447.4,447.421,67,41
1643655890,447.4,447.41,447.39,447.39,447.406,19,18
1643655895,447.4,447.42,447.36,447.38,447.393,67,59
1643655900,447.38,447.38,447.31,447.37,447.345,90,77
1643655905,447.39,447.44,447.39,447.44,447.425,67,47
1643655910,447.43,447.46,447.43,447.45,447.444,58,34
1643655915,447.48,447.48,447.46,447.46,447.467,25,13
1643655920,447.46,447.67,447.45,447.65,447.609,553,304
1643655925,447.64,447.72,447.62,447.72,447.68,371,279
1643655930,447.72,447.75,447.68,447.74,447.729,207,128
1643655935,447.74,447.84,447.74,447.81,447.792,361,199
1643655940,447.81,447.81,447.77,447.78,447.792,189,135
1643655945,447.77,447.79,447.73,447.78,447.771,186,138
1643655950,447.79,447.85,447.78,447.84,447.812,173,115
1643655955,447.84,447.89,447.83,447.84,447.854,431,190
1643655960,447.83,447.84,447.76,447.76,447.814,235,129
1643655965,447.76,447.8,447.69,447.73,447.758,252,179
1643655970,447.74,447.74,447.63,447.66,447.665,110,89
1643655975,447.67,447.71,447.66,447.7,447.684,115,72
1643655980,447.7,447.72,447.68,447.69,447.695,88,47
1643655985,447.7,447.78,447.7,447.76,447.751,122,78
1643655990,447.76,447.89,447.76,447.89,447.832,119,88
1643655995,447.88,447.94,447.86,447.9,447.914,376,215
1643656000,447.9,447.91,447.83,447.84,447.887,157,91
1643656005,447.84,447.84,447.8,447.81,447.814,74,60
1643656010,447.82,447.84,447.8,447.83,447.824,103,82
1643656015,447.84,447.88,447.84,447.86,447.866,145,99
1643656020,447.86,447.91,447.84,447.89,447.887,206,166
1643656025,447.9,447.94,447.9,447.93,447.921,285,167
1643656030,447.93,447.96,447.92,447.94,447.949,82,49
1643656035,447.95,447.98,447.89,447.92,447.935,393,269
1643656040,447.91,447.96,447.9,447.9,447.917,159,82
1643656045,447.91,447.97,447.91,447.96,447.947,304,174
1643656050,447.96,447.99,447.94,447.96,447.968,216,147
1643656055,447.96,447.99,447.96,447.97,447.978,219,130
1643656060,447.96,447.98,447.93,447.93,447.96,343,198
1643656065,447.94,447.98,447.93,447.95,447.955,230,123
1643656070,447.96,447.98,447.93,447.97,447.963,278,204
1643656075,447.96,447.96,447.91,447.93,447.939,227,184
1643656080,447.93,447.95,447.9,447.92,447.93,190,139
1643656085,447.93,447.96,447.92,447.95,447.948,114,96
1643656090,447.96,448.13,447.96,448.1,448.03,903,427
1643656095,448.1,448.13,448.08,448.11,448.105,232,188
1643656100,448.1,448.15,448.09,448.12,448.12,376,286
1643656105,448.11,448.12,448.06,448.1,448.094,183,129
1643656110,448.11,448.13,448.09,448.11,448.111,80,59
1643656115,448.11,448.13,448.07,448.08,448.105,84,44
1643656120,448.09,448.09,448.07,448.08,448.081,40,26
1643656125,448.07,448.16,448.07,448.09,448.116,215,152
1643656130,448.1,448.13,448.08,448.09,448.103,61,49
1643656135,448.09,448.15,448.08,448.13,448.123,96,69
1643656140,448.12,448.14,448.07,448.1,448.107,98,80
1643656145,448.09,448.1,448.06,448.07,448.074,122,73
1643656150,448.06,448.09,448.03,448.03,448.075,119,53
1643656155,448.04,448.04,447.93,447.96,447.992,159,123
1643656160,447.96,447.98,447.93,447.94,447.952,115,78
1643656165,447.93,447.95,447.91,447.95,447.937,76,59
1643656170,447.93,447.94,447.86,447.92,447.915,234,135
1643656175,447.92,447.97,447.91,447.96,447.928,113,80
1643656180,447.94,447.99,447.94,447.98,447.984,79,27
1643656185,447.97,447.98,447.91,447.94,447.952,114,86
1643656190,447.94,447.94,447.9,447.9,447.911,27,23
1643656195,447.91,447.97,447.91,447.92,447.94,47,40
1643656200,447.94,447.94,447.89,447.93,447.918,91,58
1643656205,447.93,447.93,447.88,447.91,447.899,110,70
1643656210,447.89,447.94,447.87,447.93,447.889,71,52
1643656215,447.93,447.94,447.92,447.93,447.927,54,22
1643656220,447.93,448.02,447.93,448.02,447.99,88,77
1643656225,448.01,448.01,447.98,447.98,447.988,65,36
1643656230,447.99,448.04,447.99,448.02,448.01,186,97
1643656235,448.02,448.02,447.98,447.99,448.007,16,12
1643656240,448.0,448.03,448.0,448.01,448.011,51,20
1643656245,448.02,448.05,448.01,448.05,448.037,79,45
1643656250,448.06,448.07,448.01,448.03,448.045,68,39
1643656255,448.03,448.05,448.0,448.02,448.023,93,39
1643656260,448.03,448.04,447.98,448.01,448.008,129,58
1643656265,448.01,448.07,448.0,448.02,448.036,149,73
1643656270,448.02,448.03,447.94,447.95,447.991,188,79
1643656275,447.96,447.96,447.92,447.93,447.941,49,23
1643656280,447.92,447.99,447.92,447.98,447.951,35,23
1643656285,447.98,448.02,447.97,447.99,447.996,71,44
1643656290,448.0,448.04,448.0,448.02,448.025,30,27
1643656295,448.02,448.03,448.0,448.0,448.008,23,15
1643656300,448.0,448.0,447.97,447.99,447.982,39,32
1643656305,447.99,448.04,447.97,448.01,447.99,158,63
1643656310,448.02,448.04,448.01,448.02,448.022,58,36
1643656315,448.01,448.03,447.96,447.99,447.998,176,102
1643656320,447.98,448.01,447.97,448.01,447.996,39,21
1643656325,448.01,448.05,448.01,448.03,448.034,129,47
1643656330,448.03,448.03,447.96,448.03,447.994,193,117
1643656335,448.01,448.02,447.99,448.02,447.999,46,25
1643656340,448.01,448.02,447.99,448.0,448.006,101,40
1643656345,447.99,448.0,447.97,448.0,447.986,206,78
1643656350,448.0,448.02,448.0,448.01,448.006,34,26
1643656355,448.0,448.02,447.99,448.0,448.013,237,32
1643656360,448.0,448.01,447.98,447.99,447.988,230,98
1643656365,448.0,448.0,447.98,447.99,447.991,131,89
1643656370,447.99,448.01,447.99,448.01,448.004,92,56
1643656375,448.02,448.04,447.99,447.99,448.016,154,95
1643656380,447.99,448.02,447.9,447.94,447.964,92,69
1643656385,447.93,447.94,447.84,447.84,447.897,79,58
1643656390,447.84,447.85,447.79,447.85,447.822,80,64
1643656395,447.85,447.86,447.83,447.84,447.844,88,73
1643656400,447.85,447.93,447.84,447.91,447.883,191,121
1643656405,447.92,447.94,447.88,447.9,447.917,86,78
1643656410,447.89,447.91,447.88,447.91,447.902,67,28
1643656415,447.91,447.91,447.83,447.86,447.879,145,80
1643656420,447.86,447.87,447.82,447.85,447.841,77,66
1643656425,447.86,447.88,447.84,447.84,447.863,115,40
1643656430,447.84,447.85,447.81,447.81,447.833,80,27
1643656435,447.81,447.82,447.78,447.8,447.8,214,128
1643656440,447.78,447.82,447.77,447.79,447.793,202,88
1643656445,447.79,447.81,447.79,447.79,447.795,48,25
1643656450,447.78,447.78,447.73,447.77,447.755,311,125
1643656455,447.78,447.82,447.76,447.8,447.791,176,83
1643656460,447.8,447.8,447.76,447.78,447.783,133,54
1643656465,447.79,447.91,447.78,447.9,447.821,222,129
1643656470,447.9,447.91,447.88,447.89,447.893,96,58
1643656475,447.89,447.9,447.81,447.81,447.852,123,99
1643656480,447.79,447.8,447.72,447.75,447.742,184,115
1643656485,447.75,447.77,447.73,447.77,447.756,71,57
1643656490,447.75,447.82,447.74,447.8,447.773,75,34
1643656495,447.81,447.85,447.8,447.84,447.83,116,80
1643656500,447.82,447.87,447.74,447.75,447.818,232,128
1643656505,447.76,447.82,447.75,447.81,447.783,169,86
1643656510,447.81,447.82,447.8,447.8,447.811,114,68
1643656515,447.81,447.81,447.72,447.77,447.765,134,81
1643656520,447.77,447.79,447.73,447.75,447.755,157,125
1643656525,447.75,447.82,447.75,447.82,447.771,151,66
1643656530,447.82,447.85,447.81,447.82,447.821,78,30
1643656535,447.82,447.82,447.79,447.82,447.805,49,37
1643656540,447.81,447.83,447.76,447.76,447.799,153,98
1643656545,447.75,447.76,447.72,447.75,447.738,77,66
1643656550,447.75,447.83,447.75,447.83,447.786,51,41
1643656555,447.83,447.83,447.78,447.8,447.799,47,40
1643656560,447.81,447.9,447.81,447.89,447.866,87,65
1643656565,447.88,447.89,447.86,447.87,447.878,31,21
1643656570,447.87,447.89,447.86,447.89,447.869,52,22
1643656575,447.89,447.98,447.89,447.95,447.94,167,98
1643656580,447.95,447.98,447.93,447.95,447.952,69,52
1643656585,447.96,447.97,447.94,447.94,447.955,75,64
1643656590,447.94,448.01,447.94,447.97,447.978,124,83
1643656595,447.98,448.0,447.97,447.98,447.981,70,46
1643656600,447.98,447.99,447.95,447.97,447.973,75,53
1643656605,447.97,447.99,447.96,447.97,447.972,108,71
1643656610,447.98,447.99,447.97,447.98,447.98,44,32
1643656615,447.98,447.99,447.95,447.96,447.97,82,68
1643656620,447.96,447.97,447.92,447.93,447.943,93,73
1643656625,447.93,447.93,447.86,447.87,447.878,217,99
1643656630,447.86,447.92,447.86,447.92,447.897,77,40
1643656635,447.93,447.95,447.92,447.95,447.93,19,17
1643656640,447.95,447.97,447.9,447.91,447.931,49,41
1643656645,447.92,447.95,447.92,447.93,447.934,25,24
1643656650,447.93,447.98,447.93,447.97,447.961,31,29
1643656655,447.97,447.97,447.92,447.93,447.945,72,54
1643656660,447.94,447.98,447.93,447.98,447.956,42,35
1643656665,447.99,447.99,447.96,447.99,447.973,48,34
1643656670,447.99,448.0,447.98,448.0,447.991,14,13
1643656675,447.99,448.02,447.98,448.0,448.002,85,63
1643656680,447.99,448.01,447.96,448.0,447.983,56,40
1643656685,447.99,448.01,447.99,448.0,447.999,25,14
1643656690,448.02,448.03,447.99,448.0,448.005,70,56
1643656695,447.99,448.03,447.98,448.03,448.0,59,43
1643656700,448.04,448.04,448.0,448.01,448.018,67,50
1643656705,448.01,448.03,448.0,448.02,448.023,41,28
1643656710,448.03,448.08,448.03,448.04,448.051,139,98
1643656715,448.04,448.05,448.02,448.02,448.033,56,36
1643656720,448.02,448.03,447.99,448.0,448.012,61,53
1643656725,448.0,448.03,447.99,448.0,448.007,104,75
1643656730,448.02,448.03,447.97,447.99,447.998,107,74
1643656735,448.0,448.05,447.99,448.0,448.005,287,153
1643656740,448.0,448.01,447.97,447.99,447.991,91,67
1643656745,447.99,448.03,447.98,448.03,448.009,62,53
1643656750,448.03,448.09,448.02,448.09,448.067,73,57
1643656755,448.08,448.09,448.05,448.05,448.065,111,83
1643656760,448.06,448.06,448.02,448.05,448.036,63,51
1643656765,448.05,448.08,448.04,448.08,448.055,25,21
1643656770,448.06,448.07,448.04,448.04,448.048,34,32
1643656775,448.05,448.06,448.04,448.05,448.051,94,64
1643656780,448.05,448.06,448.02,448.04,448.045,94,56
1643656785,448.02,448.02,447.94,447.95,447.98,87,57
1643656790,447.95,448.01,447.95,448.0,447.983,154,125
1643656795,448.0,448.01,447.98,447.98,447.993,52,41
1643656800,447.96,447.97,447.9,447.91,447.928,127,97
1643656805,447.89,447.91,447.76,447.85,447.835,191,138
1643656810,447.83,447.83,447.77,447.81,447.794,60,48
1643656815,447.79,447.82,447.75,447.77,447.779,189,118
1643656820,447.76,447.81,447.72,447.76,447.76,98,83
1643656825,447.75,447.75,447.7,447.7,447.729,87,29
1643656830,447.74,447.84,447.73,447.82,447.801,120,95
1643656835,447.81,447.85,447.81,447.83,447.827,69,51
1643656840,447.85,447.86,447.84,447.86,447.852,76,39
1643656845,447.86,447.9,447.85,447.86,447.873,98,87
1643656850,447.85,447.88,447.83,447.86,447.855,150,96
1643656855,447.88,447.96,447.84,447.87,447.917,453,119
1643656860,447.88,447.88,447.82,447.85,447.85,200,122
1643656865,447.85,447.85,447.77,447.79,447.812,172,80
1643656870,447.79,447.81,447.79,447.8,447.796,61,39
1643656875,447.79,447.84,447.78,447.84,447.808,39,34
1643656880,447.84,447.87,447.84,447.87,447.86,69,52
1643656885,447.87,447.93,447.87,447.89,447.894,97,73
1643656890,447.89,447.91,447.85,447.9,447.875,148,99
1643656895,447.87,447.89,447.87,447.87,447.879,22,19
1643656900,447.88,447.9,447.87,447.9,447.887,164,66
1643656905,447.88,447.91,447.85,447.9,447.88,149,97
1643656910,447.89,447.91,447.88,447.9,447.892,85,42
1643656915,447.89,447.93,447.89,447.9,447.909,51,35
1643656920,447.9,447.92,447.88,447.91,447.904,80,59
1643656925,447.91,447.97,447.9,447.96,447.939,92,47
1643656930,447.95,447.98,447.94,447.94,447.962,27,17
1643656935,447.94,447.94,447.89,447.9,447.904,149,97
1643656940,447.89,447.93,447.89,447.92,447.922,120,97
1643656945,447.91,448.0,447.9,447.99,447.958,96,82
1643656950,447.99,448.04,447.98,448.04,448.021,174,104
1643656955,448.03,448.05,448.02,448.03,448.03,34,31
1643656960,448.01,448.05,448.01,448.03,448.034,56,54
1643656965,448.03,448.04,447.99,448.0,448.022,156,115
1643656970,448.02,448.03,447.99,447.99,448.015,46,38
1643656975,448.01,448.05,448.01,448.05,448.037,61,50
1643656980,448.05,448.07,448.03,448.04,448.055,100,83
1643656985,448.04,448.08,448.03,448.04,448.051,77,60
1643656990,448.03,448.11,448.03,448.08,448.077,188,131
1643656995,448.08,448.11,448.08,448.09,448.1,129,77
1643657000,448.09,448.1,448.06,448.08,448.081,71,60
1643657005,448.07,448.09,448.07,448.08,448.082,93,50
1643657010,448.09,448.1,448.07,448.1,448.085,72,46
1643657015,448.09,448.11,448.09,448.11,448.105,108,72
1643657020,448.1,448.12,448.08,448.09,448.109,55,40
1643657025,448.1,448.11,448.07,448.08,448.089,77,52
1643657030,448.08,448.11,448.06,448.11,448.081,89,51
1643657035,448.09,448.11,448.08,448.1,448.096,83,56
1643657040,448.1,448.19,448.1,448.18,448.135,253,139
1643657045,448.19,448.2,448.13,448.17,448.164,363,228
1643657050,448.18,448.24,448.18,448.23,448.217,425,178
1643657055,448.23,448.31,448.22,448.31,448.28,344,176
1643657060,448.3,448.31,448.25,448.26,448.279,172,114
1643657065,448.26,448.29,448.19,448.21,448.247,323,164
1643657070,448.2,448.21,448.18,448.2,448.202,135,101
1643657075,448.2,448.25,448.18,448.25,448.218,181,112
1643657080,448.24,448.27,448.23,448.24,448.252,71,50
1643657085,448.23,448.24,448.21,448.23,448.231,118,83
1643657090,448.22,448.23,448.17,448.2,448.193,87,52
1643657095,448.19,448.2,448.18,448.19,448.188,185,112
1643657100,448.18,448.18,448.0,448.0,448.086,231,149
1643657105,448.01,448.06,447.96,448.06,448.012,179,118
1643657110,448.06,448.09,448.05,448.09,448.074,50,33
1643657115,448.09,448.1,448.07,448.09,448.083,49,32
1643657120,448.09,448.11,448.08,448.1,448.092,49,38
1643657125,448.1,448.11,448.05,448.07,448.075,116,78
1643657130,448.07,448.14,448.07,448.14,448.099,41,37
1643657135,448.15,448.23,448.15,448.21,448.195,131,95
1643657140,448.21,448.22,448.18,448.21,448.207,122,85
1643657145,448.2,448.2,448.12,448.14,448.156,70,52
1643657150,448.14,448.15,448.06,448.06,448.071,188,114
1643657155,448.06,448.09,448.02,448.08,448.055,184,109
1643657160,448.09,448.12,448.08,448.12,448.108,23,14
1643657165,448.11,448.12,448.07,448.09,448.103,44,40
1643657170,448.09,448.23,448.09,448.22,448.143,56,39
1643657175,448.22,448.26,448.22,448.25,448.242,31,21
1643657180,448.25,448.26,448.21,448.22,448.238,36,31
1643657185,448.21,448.27,448.21,448.27,448.228,57,41
1643657190,448.26,448.26,448.22,448.24,448.243,72,50
1643657195,448.23,448.24,448.19,448.19,448.212,93,66
1643657200,448.19,448.22,448.17,448.19,448.195,45,37
1643657205,448.18,448.22,448.15,448.2,448.183,196,135
1643657210,448.21,448.24,448.21,448.23,448.231,41,27
1643657215,448.24,448.24,448.22,448.23,448.227,40,32
1643657220,448.23,448.28,448.19,448.19,448.24,172,119
1643657225,448.18,448.19,448.16,448.18,448.17,38,32
1643657230,448.18,448.2,448.18,448.19,448.19,23,20
1643657235,448.21,448.26,448.21,448.23,448.239,46,39
1643657240,448.22,448.23,448.2,448.23,448.215,52,36
1643657245,448.22,448.24,448.21,448.24,448.227,323,187
1643657250,448.23,448.24,448.23,448.23,448.231,205,45
1643657255,448.23,448.23,448.16,448.22,448.196,198,80
1643657260,448.23,448.24,448.2,448.23,448.219,79,70
1643657265,448.21,448.22,448.08,448.11,448.148,241,155
1643657270,448.11,448.15,448.11,448.13,448.131,65,37
1643657275,448.14,448.18,448.12,448.18,448.15,87,65
1643657280,448.17,448.19,448.15,448.15,448.17,95,54
1643657285,448.15,448.16,448.1,448.12,448.123,160,74
1643657290,448.13,448.17,448.1,448.14,448.131,94,44
1643657295,448.15,448.2,448.14,448.18,448.171,99,71
1643657300,448.18,448.23,448.18,448.21,448.207,66,41
1643657305,448.23,448.26,448.22,448.23,448.235,62,35
1643657310,448.24,448.24,448.22,448.24,448.236,153,87
1643657315,448.24,448.24,448.22,448.24,448.224,108,79
1643657320,448.24,448.25,448.2,448.25,448.225,97,60
1643657325,448.25,448.26,448.17,448.2,448.216,114,89
1643657330,448.2,448.23,448.18,448.23,448.206,96,49
1643657335,448.23,448.24,448.19,448.22,448.213,114,74
1643657340,448.23,448.3,448.23,448.29,448.262,222,135
1643657345,448.29,448.29,448.23,448.23,448.268,91,59
1643657350,448.24,448.27,448.24,448.26,448.251,58,35
1643657355,448.26,448.28,448.25,448.28,448.273,114,24
1643657360,448.28,448.29,448.25,448.25,448.271,83,60
1643657365,448.27,448.3,448.27,448.3,448.28,76,30
1643657370,448.3,448.3,448.28,448.29,448.292,74,56
1643657375,448.3,448.34,448.29,448.3,448.318,175,109
1643657380,448.31,448.34,448.3,448.33,448.316,61,38
1643657385,448.33,448.33,448.31,448.31,448.319,32,23
1643657390,448.32,448.35,448.32,448.32,448.341,186,75
1643657395,448.32,448.36,448.28,448.34,448.334,184,112
1643657400,448.35,448.37,448.32,448.34,448.345,111,74
1643657405,448.33,448.35,448.3,448.35,448.324,59,46
1643657410,448.34,448.35,448.25,448.25,448.292,193,109
1643657415,448.25,448.31,448.25,448.31,448.289,132,65
1643657420,448.32,448.37,448.31,448.37,448.331,83,54
1643657425,448.38,448.38,448.32,448.33,448.353,139,110
1643657430,448.33,448.36,448.3,448.34,448.323,105,65
1643657435,448.33,448.34,448.3,448.31,448.319,117,79
1643657440,448.31,448.35,448.31,448.33,448.335,90,65
1643657445,448.33,448.35,448.32,448.33,448.329,142,70
1643657450,448.32,448.34,448.3,448.32,448.321,67,51
1643657455,448.33,448.35,448.32,448.34,448.333,24,14
1643657460,448.34,448.35,448.26,448.31,448.294,168,137
1643657465,448.31,448.34,448.31,448.31,448.32,163,94
1643657470,448.31,448.32,448.3,448.31,448.305,22,20
1643657475,448.31,448.32,448.3,448.31,448.31,32,25
1643657480,448.31,448.33,448.3,448.32,448.315,85,71
1643657485,448.31,448.32,448.26,448.26,448.279,180,120
1643657490,448.26,448.31,448.25,448.3,448.28,89,44
1643657495,448.29,448.37,448.29,448.35,448.334,112,86
1643657500,448.34,448.36,448.34,448.34,448.353,96,64
1643657505,448.34,448.34,448.27,448.3,448.305,68,59
1643657510,448.29,448.31,448.28,448.28,448.296,54,50
1643657515,448.29,448.29,448.2,448.2,448.253,406,196
1643657520,448.21,448.23,448.19,448.21,448.209,107,74
1643657525,448.21,448.23,448.21,448.21,448.216,33,17
1643657530,448.2,448.21,448.14,448.21,448.175,171,123
1643657535,448.21,448.22,448.18,448.18,448.198,82,54
1643657540,448.17,448.17,448.13,448.15,448.147,61,52
1643657545,448.14,448.15,448.12,448.14,448.143,49,41
1643657550,448.14,448.15,448.08,448.09,448.113,156,104
1643657555,448.08,448.13,448.08,448.12,448.107,106,63
1643657560,448.12,448.16,448.09,448.13,448.125,163,104
1643657565,448.13,448.23,448.13,448.22,448.179,145,72
1643657570,448.22,448.24,448.21,448.24,448.228,52,30
1643657575,448.24,448.26,448.23,448.23,448.236,80,51
1643657580,448.25,448.26,448.18,448.21,448.218,91,53
1643657585,448.2,448.21,448.17,448.17,448.196,54,41
1643657590,448.18,448.2,448.14,448.18,448.169,141,97
1643657595,448.18,448.21,448.17,448.21,448.189,35,16
1643657600,448.22,448.24,448.18,448.2,448.21,172,85
1643657605,448.19,448.22,448.17,448.19,448.196,116,79
1643657610,448.18,448.19,448.17,448.18,448.178,24,22
1643657615,448.16,448.17,448.13,448.16,448.148,83,65
1643657620,448.17,448.18,448.16,448.17,448.169,77,45
1643657625,448.17,448.21,448.16,448.2,448.179,53,39
1643657630,448.18,448.21,448.18,448.2,448.187,45,29
1643657635,448.19,448.19,448.18,448.19,448.189,19,19
1643657640,448.19,448.19,448.15,448.16,448.174,24,18
1643657645,448.15,448.15,448.11,448.13,448.133,51,37
1643657650,448.14,448.14,448.03,448.03,448.076,211,124
1643657655,448.03,448.16,448.03,448.16,448.095,85,59
1643657660,448.17,448.18,448.14,448.15,448.166,40,30
1643657665,448.16,448.19,448.15,448.18,448.163,141,65
1643657670,448.17,448.23,448.17,448.21,448.201,132,74
1643657675,448.2,448.27,448.2,448.24,448.24,270,170
1643657680,448.25,448.26,448.24,448.25,448.25,60,37
1643657685,448.25,448.25,448.23,448.24,448.239,90,53
1643657690,448.23,448.27,448.23,448.26,448.256,132,72
1643657695,448.26,448.28,448.25,448.28,448.268,51,31
1643657700,448.28,448.31,448.27,448.3,448.286,99,66
1643657705,448.29,448.31,448.26,448.3,448.286,67,52
1643657710,448.31,448.33,448.29,448.33,448.309,71,33
1643657715,448.33,448.33,448.29,448.31,448.306,53,41
1643657720,448.31,448.37,448.31,448.37,448.352,150,114
1643657725,448.37,448.37,448.34,448.34,448.355,146,88
1643657730,448.35,448.36,448.33,448.34,448.343,89,55
1643657735,448.34,448.38,448.34,448.35,448.358,104,65
1643657740,448.35,448.36,448.34,448.36,448.35,36,28
1643657745,448.35,448.37,448.35,448.36,448.356,51,32
1643657750,448.36,448.38,448.34,448.34,448.355,123,69
1643657755,448.35,448.35,448.22,448.22,448.304,271,174
1643657760,448.23,448.29,448.22,448.28,448.256,101,69
1643657765,448.28,448.28,448.22,448.23,448.245,156,101
1643657770,448.22,448.25,448.21,448.23,448.231,144,103
1643657775,448.23,448.29,448.23,448.28,448.259,115,88
1643657780,448.28,448.28,448.21,448.22,448.252,187,111
1643657785,448.24,448.26,448.22,448.24,448.238,35,15
1643657790,448.23,448.27,448.23,448.27,448.257,97,45
1643657795,448.26,448.27,448.22,448.23,448.237,76,60
1643657800,448.23,448.23,448.17,448.19,448.192,122,102
1643657805,448.17,448.24,448.17,448.23,448.222,98,61
1643657810,448.22,448.23,448.18,448.21,448.206,141,94
1643657815,448.21,448.23,448.2,448.21,448.21,93,57
1643657820,448.21,448.22,448.2,448.21,448.208,124,68
1643657825,448.21,448.23,448.15,448.15,448.186,119,89
1643657830,448.15,448.21,448.14,448.19,448.177,116,89
1643657835,448.19,448.25,448.19,448.23,448.221,58,38
1643657840,448.23,448.25,448.23,448.25,448.238,88,44
1643657845,448.25,448.27,448.23,448.26,448.252,116,71
1643657850,448.27,448.34,448.27,448.33,448.308,206,115
1643657855,448.31,448.32,448.2,448.23,448.251,136,108
1643657860,448.23,448.28,448.22,448.27,448.255,63,41
1643657865,448.26,448.28,448.25,448.28,448.268,34,23
1643657870,448.28,448.28,448.24,448.25,448.252,69,51
1643657875,448.26,448.29,448.25,448.29,448.265,125,84
1643657880,448.27,448.29,448.26,448.26,448.275,97,58
1643657885,448.27,448.27,448.11,448.12,448.176,198,153
1643657890,448.13,448.21,448.13,448.2,448.176,54,34
1643657895,448.2,448.2,448.14,448.15,448.178,66,56
1643657900,448.16,448.17,448.09,448.12,448.135,126,96
1643657905,448.12,448.17,448.11,448.15,448.143,91,67
1643657910,448.15,448.21,448.14,448.21,448.181,112,56
1643657915,448.21,448.21,448.14,448.17,448.165,88,63
1643657920,448.16,448.16,448.09,448.1,448.12,100,70
1643657925,448.11,448.18,448.11,448.18,448.136,90,63
1643657930,448.18,448.21,448.18,448.19,448.194,36,14
1643657935,448.2,448.22,448.19,448.21,448.206,94,60
1643657940,448.21,448.25,448.18,448.2,448.211,96,67
1643657945,448.2,448.21,448.18,448.2,448.195,52,45
1643657950,448.2,448.22,448.19,448.2,448.202,75,39
1643657955,448.2,448.2,448.17,448.19,448.186,52,44
1643657960,448.17,448.17,448.15,448.16,448.153,101,75
1643657965,448.16,448.22,448.15,448.19,448.195,60,38
1643657970,448.19,448.21,448.19,448.2,448.198,42,31
1643657975,448.19,448.22,448.19,448.2,448.202,92,61
1643657980,448.2,448.21,448.13,448.15,448.172,79,69
1643657985,448.15,448.17,448.15,448.16,448.159,73,41
1643657990,448.17,448.18,448.14,448.16,448.165,100,79
1643657995,448.16,448.2,448.15,448.2,448.171,38,33
1643658000,448.21,448.24,448.18,448.2,448.208,90,77
1643658005,448.22,448.25,448.2,448.24,448.231,45,29
1643658010,448.25,448.25,448.19,448.22,448.224,51,40
1643658015,448.22,448.25,448.19,448.22,448.219,61,55
1643658020,448.2,448.24,448.2,448.22,448.218,51,37
1643658025,448.23,448.23,448.19,448.21,448.208,87,68
1643658030,448.21,448.22,448.2,448.22,448.208,46,25
1643658035,448.2,448.25,448.18,448.24,448.227,116,99
1643658040,448.24,448.25,448.22,448.23,448.23,13,10
1643658045,448.23,448.26,448.21,448.26,448.24,60,37
1643658050,448.25,448.28,448.24,448.26,448.263,113,77
1643658055,448.26,448.27,448.22,448.24,448.246,77,65
1643658060,448.24,448.24,448.17,448.17,448.202,163,96
1643658065,448.16,448.21,448.16,448.19,448.186,37,24
1643658070,448.19,448.19,448.06,448.07,448.12,168,140
1643658075,448.06,448.15,448.06,448.15,448.116,101,74
1643658080,448.15,448.18,448.15,448.16,448.162,61,41
1643658085,448.17,448.19,448.14,448.15,448.166,74,58
1643658090,448.14,448.16,448.12,448.12,448.156,86,39
1643658095,448.12,448.15,448.12,448.15,448.129,66,40
1643658100,448.14,448.14,448.12,448.12,448.126,39,36
1643658105,448.12,448.13,448.11,448.12,448.115,63,53
1643658110,448.13,448.13,448.07,448.1,448.098,128,112
1643658115,448.11,448.15,448.11,448.13,448.127,120,94
1643658120,448.13,448.18,448.13,448.17,448.153,42,32
1643658125,448.17,448.23,448.17,448.22,448.198,150,76
1643658130,448.21,448.22,448.15,448.16,448.183,112,98
1643658135,448.18,448.19,448.17,448.18,448.179,30,25
1643658140,448.19,448.21,448.18,448.19,448.183,140,65
1643658145,448.18,448.2,448.15,448.18,448.168,97,55
1643658150,448.17,448.25,448.17,448.23,448.224,207,116
1643658155,448.23,448.25,448.22,448.23,448.232,144,60
1643658160,448.21,448.23,448.21,448.21,448.212,103,70
1643658165,448.21,448.22,448.19,448.2,448.208,64,40
1643658170,448.2,448.23,448.2,448.22,448.213,44,25
1643658175,448.22,448.23,448.19,448.21,448.211,82,55
1643658180,448.21,448.23,448.19,448.22,448.197,301,86
1643658185,448.23,448.29,448.22,448.28,448.257,168,97
1643658190,448.28,448.29,448.27,448.28,448.285,102,67
1643658195,448.28,448.31,448.25,448.26,448.277,175,99
1643658200,448.26,448.26,448.2,448.21,448.239,95,66
1643658205,448.21,448.24,448.2,448.23,448.228,133,84
1643658210,448.23,448.23,448.15,448.16,448.188,161,120
1643658215,448.18,448.19,448.17,448.18,448.186,37,27
1643658220,448.18,448.24,448.18,448.19,448.226,28,19
1643658225,448.19,448.21,448.17,448.21,448.19,41,30
1643658230,448.21,448.22,448.17,448.18,448.197,51,28
1643658235,448.18,448.22,448.18,448.2,448.206,62,39
1643658240,448.2,448.22,448.18,448.19,448.197,159,106
1643658245,448.19,448.23,448.18,448.21,448.21,104,56
1643658250,448.23,448.32,448.23,448.3,448.266,328,215
1643658255,448.31,448.32,448.3,448.3,448.311,54,37
1643658260,448.31,448.31,448.27,448.28,448.291,161,103
1643658265,448.28,448.28,448.24,448.25,448.271,53,35
1643658270,448.24,448.24,448.2,448.21,448.227,87,75
1643658275,448.24,448.25,448.21,448.22,448.237,155,104
1643658280,448.22,448.25,448.22,448.25,448.232,40,16
1643658285,448.25,448.27,448.24,448.25,448.257,65,49
1643658290,448.25,448.29,448.25,448.26,448.262,62,51
1643658295,448.27,448.29,448.26,448.28,448.28,45,38
1643658300,448.28,448.33,448.27,448.32,448.302,190,117
1643658305,448.31,448.31,448.23,448.24,448.259,102,93
1643658310,448.25,448.28,448.24,448.24,448.252,67,39
1643658315,448.24,448.24,448.17,448.22,448.207,161,113
1643658320,448.22,448.28,448.22,448.28,448.248,54,43
1643658325,448.28,448.33,448.27,448.33,448.3,63,43
1643658330,448.34,448.37,448.33,448.36,448.348,257,150
1643658335,448.36,448.36,448.35,448.36,448.354,204,67
1643658340,448.35,448.38,448.33,448.34,448.351,240,147
1643658345,448.33,448.37,448.33,448.36,448.346,265,91
1643658350,448.36,448.38,448.35,448.35,448.36,248,89
1643658355,448.35,448.35,448.31,448.31,448.321,159,105
1643658360,448.31,448.33,448.31,448.32,448.322,52,29
1643658365,448.33,448.35,448.31,448.31,448.337,89,66
1643658370,448.32,448.34,448.32,448.33,448.33,35,24
1643658375,448.33,448.33,448.3,448.31,448.315,36,29
1643658380,448.31,448.32,448.3,448.31,448.311,98,52
1643658385,448.31,448.31,448.3,448.31,448.309,54,27
1643658390,448.3,448.3,448.23,448.25,448.267,283,154
1643658395,448.24,448.24,448.16,448.16,448.22,149,92
1643658400,448.15,448.21,448.14,448.2,448.188,114,57
1643658405,448.21,448.21,448.19,448.2,448.205,95,59
1643658410,448.2,448.23,448.19,448.22,448.207,79,58
1643658415,448.21,448.21,448.17,448.17,448.187,48,37
1643658420,448.17,448.25,448.16,448.23,448.194,251,150
1643658425,448.22,448.25,448.22,448.23,448.239,75,55
1643658430,448.24,448.24,448.07,448.09,448.139,206,157
1643658435,448.09,448.11,448.08,448.08,448.086,117,74
1643658440,448.09,448.09,448.04,448.07,448.064,93,76
1643658445,448.06,448.1,448.05,448.09,448.084,55,50
1643658450,448.09,448.09,448.06,448.07,448.079,43,39
1643658455,448.07,448.08,448.04,448.05,448.064,40,34
1643658460,448.03,448.03,447.93,448.0,447.988,278,171
1643658465,448.0,448.01,447.98,447.99,447.99,90,63
1643658470,447.97,447.97,447.88,447.89,447.916,295,202
1643658475,447.9,447.9,447.84,447.87,447.877,154,112
1643658480,447.88,447.95,447.85,447.91,447.9,168,119
1643658485,447.92,447.94,447.9,447.9,447.91,141,77
1643658490,447.9,447.94,447.9,447.92,447.927,203,105
1643658495,447.91,447.93,447.9,447.92,447.915,66,54
1643658500,447.92,447.95,447.91,447.94,447.93,177,55
1643658505,447.94,447.94,447.89,447.92,447.915,185,90
1643658510,447.93,447.93,447.88,447.88,447.915,86,69
1643658515,447.91,447.94,447.89,447.92,447.917,79,55
1643658520,447.92,447.93,447.89,447.89,447.909,76,52
1643658525,447.9,447.94,447.89,447.93,447.919,172,112
1643658530,447.93,447.94,447.92,447.94,447.931,53,39
1643658535,447.93,447.94,447.91,447.92,447.923,153,95
1643658540,447.92,447.96,447.92,447.96,447.939,85,39
1643658545,447.94,447.99,447.93,447.98,447.953,154,97
1643658550,447.99,448.0,447.95,447.98,447.98,172,85
1643658555,447.99,448.02,447.97,448.02,447.994,106,53
1643658560,448.02,448.07,448.02,448.06,448.049,137,71
1643658565,448.07,448.07,448.02,448.04,448.048,156,104
1643658570,448.03,448.04,448.0,448.01,448.024,110,65
1643658575,448.01,448.02,447.99,448.0,448.0,34,29
1643658580,448.0,448.05,447.99,448.03,448.02,173,111
1643658585,448.04,448.05,448.01,448.01,448.034,72,52
1643658590,448.02,448.05,447.99,448.0,448.027,98,80
1643658595,448.0,448.01,447.98,448.01,447.995,46,36
1643658600,448.04,448.07,448.04,448.05,448.054,100,70
1643658605,448.05,448.15,448.04,448.14,448.102,204,91
1643658610,448.15,448.19,448.13,448.17,448.155,114,71
1643658615,448.16,448.16,448.13,448.15,448.143,38,26
1643658620,448.14,448.16,448.12,448.14,448.138,71,40
1643658625,448.15,448.17,448.13,448.14,448.145,42,36
1643658630,448.14,448.16,448.12,448.16,448.139,33,30
1643658635,448.16,448.17,448.1,448.11,448.129,119,60
1643658640,448.11,448.12,448.08,448.08,448.101,38,32
1643658645,448.09,448.09,448.01,448.04,448.041,69,58
1643658650,448.04,448.06,448.04,448.05,448.046,19,16
1643658655,448.04,448.05,448.03,448.03,448.037,34,20
1643658660,448.05,448.06,447.96,447.96,448.001,123,84
1643658665,447.97,448.0,447.88,447.92,447.939,141,113
1643658670,447.91,447.96,447.9,447.95,447.935,171,90
1643658675,447.95,448.02,447.95,448.0,447.989,71,51
1643658680,448.04,448.05,448.01,448.05,448.029,31,20
1643658685,448.05,448.08,448.03,448.07,448.047,105,55
1643658690,448.09,448.14,448.09,448.11,448.112,95,71
1643658695,448.12,448.14,448.11,448.12,448.123,87,50
1643658700,448.1,448.11,448.07,448.09,448.091,155,101
1643658705,448.09,448.09,448.04,448.04,448.062,90,63
1643658710,448.05,448.07,448.02,448.03,448.043,62,47
1643658715,448.03,448.06,448.03,448.06,448.051,40,32
1643658720,448.07,448.1,448.07,448.08,448.079,63,48
1643658725,448.08,448.12,448.07,448.1,448.098,113,93
1643658730,448.11,448.11,448.07,448.09,448.086,49,33
1643658735,448.08,448.09,448.01,448.01,448.058,43,37
1643658740,448.02,448.04,448.01,448.01,448.024,49,36
1643658745,448.0,448.0,447.96,447.98,447.972,142,84
1643658750,447.98,448.0,447.94,447.95,447.973,113,80
1643658755,447.94,447.97,447.89,447.96,447.939,145,99
1643658760,447.98,448.0,447.97,447.98,447.986,52,37
1643658765,447.99,448.0,447.99,448.0,447.993,63,46
1643658770,447.99,448.0,447.98,447.99,447.984,176,55
1643658775,448.0,448.06,447.98,448.06,448.017,160,103
1643658780,448.06,448.06,447.98,447.98,448.029,342,145
1643658785,447.98,448.03,447.95,448.0,447.998,109,53
1643658790,447.99,448.0,447.94,447.95,447.968,112,79
1643658795,447.94,447.95,447.84,447.89,447.884,404,235
1643658800,447.89,447.89,447.79,447.82,447.844,182,118
1643658805,447.82,447.86,447.79,447.85,447.819,231,149
1643658810,447.85,447.87,447.82,447.84,447.849,174,123
1643658815,447.85,447.88,447.84,447.85,447.856,58,38
1643658820,447.84,447.85,447.82,447.84,447.836,113,81
1643658825,447.84,447.86,447.81,447.83,447.828,105,59
1643658830,447.83,447.85,447.81,447.84,447.828,139,102
1643658835,447.83,447.87,447.82,447.87,447.855,195,104
1643658840,447.88,447.91,447.87,447.88,447.887,179,112
1643658845,447.88,447.99,447.88,447.98,447.938,189,124
1643658850,447.99,447.99,447.95,447.99,447.971,81,52
1643658855,447.99,448.0,447.94,447.98,447.979,77,60
1643658860,447.99,447.99,447.95,447.95,447.966,26,21
1643658865,447.95,447.95,447.9,447.9,447.934,54,47
1643658870,447.91,447.92,447.85,447.85,447.888,76,59
1643658875,447.86,447.86,447.81,447.83,447.83,50,48
1643658880,447.84,447.9,447.84,447.89,447.863,49,37
1643658885,447.89,447.92,447.88,447.91,447.904,50,37
1643658890,447.9,447.92,447.87,447.87,447.889,110,90
1643658895,447.87,447.92,447.85,447.91,447.897,65,30
1643658900,447.89,447.95,447.89,447.92,447.913,86,65
1643658905,447.93,447.93,447.91,447.93,447.922,35,26
1643658910,447.93,447.95,447.92,447.95,447.94,30,25
1643658915,447.96,447.96,447.94,447.95,447.954,63,40
1643658920,447.95,447.99,447.94,447.98,447.973,113,65
1643658925,447.98,447.99,447.95,447.97,447.973,88,50
1643658930,447.99,447.99,447.95,447.97,447.968,60,48
1643658935,447.98,448.0,447.97,447.99,447.981,63,46
1643658940,447.99,447.99,447.95,447.97,447.966,91,62
1643658945,447.98,448.0,447.94,447.94,447.973,180,126
1643658950,447.96,448.0,447.95,447.97,447.969,50,32
1643658955,447.96,447.99,447.96,447.98,447.97,27,21
1643658960,447.98,448.11,447.98,448.1,448.064,259,158
1643658965,448.09,448.09,448.06,448.09,448.081,74,43
1643658970,448.09,448.1,448.07,448.1,448.087,63,44
1643658975,448.09,448.09,448.05,448.09,448.075,151,65
1643658980,448.1,448.13,448.1,448.12,448.112,20,16
1643658985,448.12,448.14,448.1,448.1,448.124,95,62
1643658990,448.11,448.13,448.09,448.11,448.113,56,37
1643658995,448.11,448.12,448.09,448.1,448.108,42,33
1643659000,448.09,448.14,448.09,448.11,448.109,93,63
1643659005,448.11,448.11,448.05,448.1,448.077,431,254
1643659010,448.09,448.11,448.05,448.07,448.073,272,164
1643659015,448.07,448.09,448.05,448.06,448.072,189,103
1643659020,448.07,448.12,448.06,448.12,448.085,65,52
1643659025,448.12,448.14,448.12,448.14,448.127,50,38
1643659030,448.14,448.14,448.1,448.13,448.116,144,85
1643659035,448.14,448.23,448.13,448.22,448.2,251,141
1643659040,448.22,448.24,448.2,448.21,448.215,281,87
1643659045,448.21,448.24,448.17,448.18,448.213,198,87
1643659050,448.18,448.2,448.14,448.19,448.18,56,50
1643659055,448.21,448.21,448.18,448.19,448.189,116,66
1643659060,448.19,448.2,448.18,448.2,448.195,64,36
1643659065,448.19,448.28,448.18,448.27,448.246,105,66
1643659070,448.28,448.28,448.24,448.26,448.255,150,116
1643659075,448.25,448.26,448.21,448.23,448.232,128,95
1643659080,448.23,448.24,448.19,448.19,448.202,131,96
1643659085,448.19,448.22,448.18,448.2,448.198,139,81
1643659090,448.21,448.21,448.17,448.18,448.188,74,50
1643659095,448.18,448.23,448.17,448.22,448.202,73,49
1643659100,448.22,448.23,448.15,448.16,448.185,113,77
1643659105,448.16,448.18,448.03,448.06,448.075,744,529
1643659110,448.06,448.1,448.06,448.09,448.072,60,48
1643659115,448.09,448.1,448.08,448.09,448.087,22,19
1643659120,448.1,448.1,448.04,448.04,448.064,65,40
1643659125,448.04,448.06,448.0,448.02,448.021,121,73
1643659130,448.01,448.03,447.99,448.03,448.01,85,61
1643659135,448.03,448.1,448.03,448.09,448.063,45,30
1643659140,448.09,448.13,448.09,448.11,448.102,102,52
1643659145,448.11,448.13,448.09,448.12,448.112,29,23
1643659150,448.11,448.11,448.06,448.08,448.091,105,60
1643659155,448.06,448.07,448.06,448.06,448.065,20,19
1643659160,448.07,448.09,448.05,448.08,448.074,38,33
1643659165,448.09,448.12,448.08,448.12,448.103,137,112
1643659170,448.12,448.13,448.1,448.1,448.119,42,35
1643659175,448.09,448.11,448.05,448.1,448.083,70,63
1643659180,448.1,448.1,448.06,448.08,448.071,31,26
1643659185,448.09,448.1,448.08,448.09,448.089,6,6
1643659190,448.09,448.09,448.06,448.08,448.076,79,40
1643659195,448.09,448.13,448.08,448.08,448.1,112,75
1643659200,448.08,448.08,448.02,448.07,448.046,250,168
1643659205,448.08,448.17,448.05,448.06,448.113,373,229
1643659210,448.07,448.08,447.95,448.04,448.008,1061,420
1643659215,448.05,448.11,448.05,448.09,448.083,82,46
1643659220,448.07,448.1,448.04,448.07,448.074,289,101
1643659225,448.08,448.11,448.06,448.09,448.073,161,73
1643659230,448.08,448.14,448.08,448.13,448.127,52,43
1643659235,448.12,448.15,448.1,448.12,448.122,43,38
1643659240,448.13,448.19,448.12,448.17,448.164,93,53
1643659245,448.17,448.22,448.16,448.22,448.182,283,184
1643659250,448.22,448.23,448.21,448.22,448.225,58,34
1643659255,448.22,448.26,448.21,448.26,448.231,265,157
1643659260,448.25,448.28,448.2,448.21,448.251,267,149
1643659265,448.22,448.22,448.14,448.19,448.192,276,171
1643659270,448.2,448.21,448.14,448.14,448.169,228,148
1643659275,448.13,448.16,448.12,448.15,448.138,193,129
1643659280,448.16,448.25,448.16,448.24,448.221,77,49
1643659285,448.25,448.25,448.19,448.19,448.215,122,92
1643659290,448.19,448.2,448.13,448.13,448.156,413,251
1643659295,448.14,448.14,448.11,448.13,448.119,116,56
1643659300,448.14,448.18,448.1,448.14,448.138,265,177
1643659305,448.15,448.18,448.15,448.18,448.164,127,50
1643659310,448.18,448.18,448.13,448.15,448.147,217,133
1643659315,448.16,448.16,448.11,448.15,448.121,163,93
1643659320,448.16,448.23,448.15,448.19,448.191,183,96
1643659325,448.18,448.21,448.13,448.16,448.163,383,220
1643659330,448.16,448.17,448.13,448.14,448.146,153,122
1643659335,448.15,448.15,448.07,448.09,448.102,235,165
1643659340,448.1,448.1,448.04,448.05,448.053,243,128
1643659345,448.07,448.08,448.05,448.07,448.06,162,68
1643659350,448.06,448.07,447.97,447.98,448.02,158,114
1643659355,447.99,448.0,447.92,447.96,447.952,124,99
1643659360,447.95,448.01,447.93,448.0,447.979,148,96
1643659365,448.0,448.05,448.0,448.04,448.026,41,25
1643659370,448.05,448.1,448.04,448.09,448.067,229,127
1643659375,448.07,448.08,448.04,448.04,448.068,393,95
1643659380,448.04,448.1,448.04,448.08,448.066,124,89
1643659385,448.08,448.09,448.03,448.04,448.064,131,102
1643659390,448.03,448.03,447.99,447.99,447.997,171,118
1643659395,448.0,448.04,448.0,448.04,448.014,81,67
1643659400,448.05,448.08,448.01,448.04,448.038,257,186
1643659405,448.05,448.08,448.05,448.07,448.062,33,16
1643659410,448.07,448.09,448.06,448.08,448.077,123,95
1643659415,448.09,448.11,448.04,448.1,448.065,139,101
1643659420,448.11,448.12,448.08,448.1,448.095,241,94
1643659425,448.11,448.13,448.09,448.1,448.106,289,98
1643659430,448.1,448.11,448.05,448.06,448.072,399,194
1643659435,448.06,448.13,448.06,448.11,448.095,56,43
1643659440,448.12,448.15,448.11,448.13,448.134,134,100
1643659445,448.14,448.14,448.12,448.12,448.127,71,47
1643659450,448.13,448.21,448.12,448.2,448.163,116,62
1643659455,448.2,448.22,448.19,448.2,448.203,92,55
1643659460,448.2,448.21,448.16,448.19,448.19,146,107
1643659465,448.18,448.19,448.12,448.15,448.148,218,148
1643659470,448.15,448.18,448.12,448.14,448.153,305,158
1643659475,448.14,448.15,448.13,448.15,448.147,149,56
1643659480,448.16,448.21,448.16,448.19,448.19,107,67
1643659485,448.2,448.2,448.17,448.18,448.194,121,54
1643659490,448.17,448.18,448.12,448.13,448.143,157,68
1643659495,448.12,448.16,448.12,448.15,448.149,284,139
1643659500,448.14,448.14,448.09,448.09,448.12,78,56
1643659505,448.1,448.14,448.1,448.14,448.12,111,51
1643659510,448.14,448.18,448.11,448.12,448.132,98,46
1643659515,448.13,448.15,448.12,448.14,448.134,58,32
1643659520,448.12,448.2,448.12,448.19,448.185,82,33
1643659525,448.2,448.21,448.18,448.19,448.204,87,44
1643659530,448.2,448.21,448.15,448.21,448.185,231,99
1643659535,448.19,448.21,448.17,448.17,448.197,248,128
1643659540,448.17,448.21,448.16,448.17,448.184,1030,406
1643659545,448.16,448.17,448.13,448.15,448.149,71,49
1643659550,448.13,448.13,448.1,448.11,448.112,42,41
1643659555,448.11,448.15,448.1,448.12,448.122,155,112
1643659560,448.13,448.16,448.09,448.1,448.12,243,146
1643659565,448.09,448.14,448.02,448.03,448.082,126,98
1643659570,448.04,448.06,447.98,448.0,448.017,105,82
1643659575,448.0,448.02,447.97,448.0,447.997,198,144
1643659580,447.99,448.06,447.97,448.06,448.008,35,33
1643659585,448.06,448.09,448.06,448.08,448.076,63,53
1643659590,448.08,448.09,448.05,448.06,448.069,118,81
1643659595,448.05,448.06,448.02,448.04,448.04,26,21
1643659600,448.04,448.1,448.04,448.06,448.07,70,36
1643659605,448.05,448.05,448.01,448.01,448.025,66,26
1643659610,448.02,448.02,447.93,447.98,447.96,127,103
1643659615,447.97,448.01,447.96,448.0,447.99,125,82
1643659620,447.98,448.0,447.92,447.93,447.958,233,171
1643659625,447.92,447.93,447.84,447.85,447.888,353,197
1643659630,447.85,447.88,447.83,447.85,447.857,267,172
1643659635,447.86,447.97,447.82,447.96,447.879,327,194
1643659640,447.97,447.98,447.89,447.91,447.931,62,47
1643659645,447.91,447.95,447.9,447.95,447.925,80,54
1643659650,447.94,447.94,447.91,447.94,447.92,128,71
1643659655,447.92,447.94,447.87,447.88,447.911,77,73
1643659660,447.87,447.87,447.8,447.84,447.823,211,140
1643659665,447.82,447.84,447.78,447.83,447.798,92,68
1643659670,447.83,447.87,447.83,447.85,447.847,45,33
1643659675,447.85,447.86,447.82,447.85,447.842,211,138
1643659680,447.85,447.86,447.78,447.79,447.802,252,100
1643659685,447.78,447.81,447.78,447.79,447.79,104,69
1643659690,447.8,447.84,447.79,447.8,447.812,60,37
1643659695,447.8,447.82,447.72,447.72,447.753,263,123
1643659700,447.72,447.73,447.57,447.59,447.64,481,277
1643659705,447.59,447.6,447.55,447.56,447.577,402,204
1643659710,447.56,447.56,447.45,447.5,447.495,352,211
1643659715,447.51,447.56,447.47,447.51,447.513,223,171
1643659720,447.52,447.56,447.49,447.53,447.534,117,82
1643659725,447.53,447.53,447.44,447.45,447.465,213,139
1643659730,447.46,447.5,447.44,447.5,447.471,126,95
1643659735,447.47,447.55,447.46,447.55,447.524,185,101
1643659740,447.55,447.57,447.51,447.55,447.545,191,127
1643659745,447.55,447.56,447.53,447.55,447.551,204,92
1643659750,447.54,447.58,447.52,447.55,447.552,201,111
1643659755,447.55,447.58,447.42,447.42,447.508,250,172
1643659760,447.42,447.42,447.27,447.28,447.317,511,364
1643659765,447.29,447.44,447.29,447.39,447.363,300,233
1643659770,447.39,447.41,447.32,447.36,447.379,374,186
1643659775,447.36,447.39,447.32,447.38,447.356,196,134
1643659780,447.38,447.43,447.38,447.4,447.409,138,100
1643659785,447.38,447.4,447.35,447.35,447.371,102,60
1643659790,447.35,447.37,447.22,447.25,447.31,397,244
1643659795,447.25,447.29,447.18,447.23,447.23,159,110
1643659800,447.25,447.33,447.25,447.31,447.297,227,150
1643659805,447.33,447.4,447.31,447.39,447.349,265,209
1643659810,447.4,447.42,447.32,447.36,447.381,218,110
1643659815,447.34,447.36,447.28,447.32,447.324,176,107
1643659820,447.32,447.34,447.28,447.3,447.309,95,67
1643659825,447.28,447.35,447.28,447.31,447.321,79,70
1643659830,447.32,447.34,447.28,447.29,447.314,130,87
1643659835,447.28,447.31,447.27,447.27,447.289,66,58
1643659840,447.26,447.3,447.13,447.13,447.216,229,196
1643659845,447.14,447.15,447.06,447.13,447.097,453,259
1643659850,447.14,447.17,447.05,447.07,447.089,259,182
1643659855,447.06,447.06,447.01,447.04,447.022,204,129
1643659860,447.04,447.06,446.95,446.98,446.994,236,151
1643659865,446.96,446.97,446.85,446.9,446.889,300,243
1643659870,446.91,447.05,446.9,447.01,446.959,452,310
1643659875,447.0,447.05,446.99,447.01,447.026,177,113
1643659880,447.02,447.09,447.0,447.06,447.045,250,160
1643659885,447.05,447.06,447.03,447.05,447.047,67,35
1643659890,447.05,447.05,447.02,447.04,447.035,60,50
1643659895,447.04,447.06,447.0,447.01,447.032,222,161
1643659900,447.05,447.06,447.02,447.06,447.046,108,87
1643659905,447.06,447.1,447.01,447.05,447.069,156,112
1643659910,447.06,447.06,447.01,447.02,447.041,72,53
1643659915,447.01,447.01,446.94,446.98,446.981,218,187
1643659920,446.98,446.99,446.86,446.88,446.897,149,107
1643659925,446.86,446.93,446.8,446.81,446.848,245,114
1643659930,446.8,446.83,446.72,446.74,446.78,190,145
1643659935,446.73,446.78,446.68,446.77,446.713,220,131
1643659940,446.77,446.83,446.74,446.75,446.79,111,100
1643659945,446.74,446.76,446.68,446.72,446.722,96,85
1643659950,446.71,446.71,446.63,446.67,446.664,223,135
1643659955,446.67,446.69,446.56,446.57,446.629,376,162
1643659960,446.56,446.58,446.49,446.57,446.526,332,223
1643659965,446.57,446.64,446.53,446.62,446.586,328,204
1643659970,446.62,446.65,446.57,446.59,446.61,350,246
1643659975,446.58,446.79,446.58,446.7,446.684,314,204
1643659980,446.71,446.72,446.58,446.6,446.628,285,158
1643659985,446.62,446.64,446.57,446.6,446.618,103,80
1643659990,446.6,446.65,446.58,446.59,446.619,137,92
1643659995,446.59,446.61,446.55,446.57,446.579,332,205
1643660000,446.57,446.59,446.54,446.59,446.563,171,110
1643660005,446.59,446.6,446.51,446.51,446.544,212,161
1643660010,446.52,446.52,446.31,446.32,446.382,496,335
1643660015,446.3,446.37,446.29,446.33,446.319,287,157
1643660020,446.34,446.4,446.33,446.39,446.366,240,190
1643660025,446.36,446.4,446.34,446.4,446.373,293,160
1643660030,446.4,446.44,446.39,446.42,446.414,311,197
1643660035,446.42,446.48,446.39,446.44,446.437,381,304
1643660040,446.44,446.53,446.44,446.51,446.475,428,329
1643660045,446.51,446.55,446.44,446.51,446.493,437,343
1643660050,446.52,446.53,446.46,446.48,446.493,292,178
1643660055,446.48,446.48,446.42,446.43,446.443,453,240
1643660060,446.42,446.45,446.36,446.37,446.41,363,226
1643660065,446.37,446.39,446.12,446.13,446.238,558,346
1643660070,446.12,446.19,446.1,446.11,446.135,543,350
1643660075,446.11,446.12,445.97,446.1,446.05,608,382
1643660080,446.1,446.17,446.09,446.14,446.131,343,236
1643660085,446.12,446.18,446.1,446.12,446.128,303,215
1643660090,446.11,446.17,446.07,446.14,446.108,179,139
1643660095,446.13,446.19,446.12,446.16,446.147,204,96
1643660100,446.18,446.19,446.08,446.13,446.124,135,119
1643660105,446.14,446.19,446.08,446.12,446.135,224,148
1643660110,446.11,446.21,446.08,446.19,446.161,145,102
1643660115,446.19,446.32,446.17,446.3,446.27,329,217
1643660120,446.31,446.38,446.3,446.35,446.337,360,234
1643660125,446.35,446.38,446.32,446.38,446.343,160,104
1643660130,446.38,446.41,446.35,446.37,446.381,291,123
1643660135,446.36,446.42,446.35,446.39,446.383,390,244
1643660140,446.39,446.5,446.38,446.5,446.426,236,192
1643660145,446.5,446.63,446.48,446.58,446.565,819,559
1643660150,446.58,446.58,446.39,446.45,446.469,448,290
1643660155,446.45,446.45,446.35,446.36,446.379,338,253
1643660160,446.37,446.43,446.34,446.42,446.396,185,156
1643660165,446.43,446.43,446.3,446.32,446.374,222,161
1643660170,446.31,446.32,446.27,446.31,446.288,290,132
1643660175,446.32,446.34,446.19,446.2,446.26,302,230
1643660180,446.21,446.41,446.2,446.39,446.304,280,197
1643660185,446.39,446.4,446.33,446.33,446.366,99,70
1643660190,446.34,446.43,446.33,446.34,446.369,83,72
1643660195,446.33,446.38,446.31,446.38,446.335,152,130
1643660200,446.35,446.38,446.21,446.26,446.309,263,214
1643660205,446.26,446.26,446.2,446.22,446.234,111,96
1643660210,446.22,446.31,446.22,446.27,446.253,119,91
1643660215,446.27,446.27,446.18,446.2,446.216,345,174
1643660220,446.19,446.25,446.17,446.2,446.201,333,167
1643660225,446.21,446.21,446.03,446.04,446.078,308,179
1643660230,446.03,446.12,446.02,446.08,446.072,233,164
1643660235,446.08,446.21,446.07,446.18,446.144,135,86
1643660240,446.16,446.18,445.92,445.96,446.004,428,273
1643660245,445.96,446.02,445.91,445.92,445.962,300,240
1643660250,445.93,445.94,445.85,445.93,445.891,208,152
1643660255,445.93,446.07,445.9,446.05,445.965,223,140
1643660260,446.05,446.06,446.0,446.02,446.026,186,138
1643660265,446.01,446.14,446.01,446.14,446.065,182,108
1643660270,446.14,446.2,446.1,446.11,446.14,116,83
1643660275,446.11,446.16,446.1,446.12,446.131,149,103
1643660280,446.11,446.13,445.98,446.0,446.065,91,71
1643660285,445.99,446.03,445.93,446.0,445.988,141,112
1643660290,446.0,446.03,445.98,446.02,446.006,69,56
1643660295,446.02,446.09,446.01,446.07,446.035,206,117
1643660300,446.06,446.08,446.03,446.05,446.052,170,107
1643660305,446.06,446.12,446.06,446.12,446.075,82,70
1643660310,446.1,446.11,446.05,446.05,446.088,363,145
1643660315,446.06,446.07,446.0,446.02,446.027,118,101
1643660320,446.03,446.04,445.75,445.77,445.848,543,285
1643660325,445.76,445.84,445.75,445.84,445.794,263,189
1643660330,445.83,445.89,445.83,445.84,445.847,149,81
1643660335,445.85,446.01,445.85,445.98,445.943,180,120
1643660340,445.98,445.99,445.85,445.87,445.925,163,110
1643660345,445.86,445.87,445.76,445.79,445.816,221,139
1643660350,445.8,445.81,445.73,445.75,445.771,79,67
1643660355,445.75,445.78,445.73,445.77,445.759,94,85
1643660360,445.76,445.81,445.69,445.81,445.745,277,183
1643660365,445.82,445.85,445.78,445.81,445.819,110,77
1643660370,445.82,445.82,445.75,445.8,445.784,98,73
1643660375,445.81,445.82,445.8,445.8,445.813,75,58
1643660380,445.81,445.83,445.77,445.81,445.807,224,144
1643660385,445.82,445.95,445.82,445.95,445.884,540,219
1643660390,445.96,445.98,445.92,445.96,445.948,362,149
1643660395,445.98,446.0,445.96,445.98,445.975,120,77
1643660400,445.97,446.02,445.9,445.97,445.957,337,223
1643660405,445.97,446.22,445.97,446.18,446.127,477,321
1643660410,446.18,446.24,446.15,446.22,446.202,214,162
1643660415,446.23,446.27,446.19,446.27,446.243,311,205
1643660420,446.27,446.38,446.22,446.38,446.301,569,293
1643660425,446.38,446.41,446.22,446.25,446.343,613,405
1643660430,446.26,446.29,446.19,446.29,446.251,319,210
1643660435,446.27,446.32,446.27,446.31,446.295,147,90
1643660440,446.32,446.43,446.27,446.29,446.353,632,300
1643660445,446.29,446.31,446.18,446.28,446.254,375,276
1643660450,446.29,446.32,446.13,446.13,446.247,210,128
1643660455,446.12,446.26,446.12,446.25,446.211,81,48
1643660460,446.26,446.33,446.24,446.31,446.281,238,165
1643660465,446.34,446.37,446.26,446.27,446.327,646,316
1643660470,446.27,446.37,446.27,446.36,446.341,740,282
1643660475,446.37,446.39,446.32,446.34,446.357,350,143
1643660480,446.34,446.38,446.29,446.37,446.339,213,171
1643660485,446.38,446.4,446.33,446.38,446.364,503,299
1643660490,446.37,446.38,446.34,446.36,446.363,251,157
1643660495,446.37,446.37,446.21,446.26,446.291,270,199
1643660500,446.27,446.34,446.24,446.34,446.28,213,93
1643660505,446.33,446.35,446.29,446.34,446.324,330,232
1643660510,446.34,446.44,446.32,446.43,446.368,241,184
1643660515,446.43,446.59,446.42,446.59,446.493,308,161
1643660520,446.59,446.61,446.53,446.58,446.578,356,202
1643660525,446.56,446.74,446.54,446.66,446.653,541,434
1643660530,446.66,446.67,446.58,446.6,446.62,790,530
1643660535,446.6,446.68,446.58,446.66,446.617,310,215
1643660540,446.66,446.74,446.65,446.72,446.694,433,312
1643660545,446.72,446.83,446.66,446.8,446.741,363,217
1643660550,446.81,446.87,446.77,446.87,446.833,672,495
1643660555,446.87,446.95,446.86,446.88,446.894,498,299
1643660560,446.87,446.98,446.87,446.98,446.923,580,343
1643660565,446.98,447.0,446.89,446.98,446.96,374,288
1643660570,446.99,447.01,446.94,447.0,446.977,333,233
1643660575,447.0,447.05,446.98,447.01,447.012,388,319
1643660580,447.01,447.1,447.01,447.06,447.058,298,215
1643660585,447.07,447.1,447.04,447.09,447.084,577,382
1643660590,447.1,447.29,447.08,447.25,447.218,542,363
1643660595,447.26,447.4,447.22,447.36,447.295,493,289
1643660600,447.36,447.41,447.31,447.31,447.354,470,270
1643660605,447.33,447.33,447.19,447.2,447.242,311,213
1643660610,447.19,447.24,447.18,447.24,447.197,205,154
1643660615,447.25,447.25,447.19,447.2,447.213,316,213
1643660620,447.2,447.25,447.17,447.25,447.209,457,405
1643660625,447.23,447.27,447.2,447.24,447.227,358,213
1643660630,447.26,447.32,447.25,447.29,447.294,226,159
1643660635,447.3,447.35,447.28,447.32,447.301,141,76
1643660640,447.31,447.38,447.31,447.35,447.346,237,154
1643660645,447.33,447.35,447.27,447.29,447.304,301,168
1643660650,447.3,447.3,447.24,447.27,447.271,293,186
1643660655,447.25,447.34,447.25,447.33,447.318,475,347
1643660660,447.33,447.34,447.27,447.3,447.309,188,110
1643660665,447.29,447.34,447.2,447.21,447.259,207,128
1643660670,447.21,447.25,447.13,447.19,447.187,281,180
1643660675,447.18,447.23,447.15,447.2,447.189,188,134
1643660680,447.2,447.23,447.2,447.2,447.216,86,61
1643660685,447.22,447.24,447.17,447.19,447.208,105,79
1643660690,447.19,447.25,447.18,447.24,447.22,99,71
1643660695,447.25,447.3,447.21,447.23,447.247,142,88
1643660700,447.22,447.37,447.21,447.35,447.297,328,217
1643660705,447.34,447.35,447.32,447.34,447.337,198,152
1643660710,447.34,447.45,447.32,447.39,447.395,268,221
1643660715,447.39,447.51,447.38,447.5,447.457,352,206
1643660720,447.5,447.53,447.46,447.46,447.509,274,134
1643660725,447.48,447.49,447.44,447.44,447.467,151,103
1643660730,447.44,447.45,447.4,447.42,447.423,153,105
1643660735,447.42,447.45,447.4,447.42,447.423,120,76
1643660740,447.4,447.45,447.39,447.45,447.411,304,165
1643660745,447.44,447.6,447.44,447.49,447.524,534,313
1643660750,447.48,447.51,447.44,447.49,447.478,133,84
1643660755,447.47,447.47,447.44,447.45,447.456,29,27
1643660760,447.46,447.59,447.46,447.59,447.548,101,71
1643660765,447.59,447.6,447.39,447.4,447.446,314,186
1643660770,447.41,447.45,447.39,447.42,447.425,125,86
1643660775,447.41,447.43,447.37,447.37,447.407,141,92
1643660780,447.36,447.37,447.2,447.2,447.307,479,206
1643660785,447.18,447.26,447.1,447.21,447.17,334,199
1643660790,447.21,447.25,447.18,447.19,447.206,117,76
1643660795,447.2,447.25,447.18,447.22,447.224,150,81
1643660800,447.23,447.24,447.14,447.15,447.184,179,105
1643660805,447.15,447.2,447.14,447.19,447.157,189,67
1643660810,447.2,447.22,447.19,447.22,447.216,105,65
1643660815,447.21,447.34,447.21,447.29,447.278,123,106
1643660820,447.29,447.31,447.25,447.27,447.262,173,76
1643660825,447.26,447.33,447.26,447.31,447.317,172,70
1643660830,447.31,447.32,447.16,447.19,447.23,361,136
1643660835,447.19,447.23,447.18,447.19,447.204,202,83
1643660840,447.18,447.22,447.14,447.2,447.195,92,60
1643660845,447.14,447.15,447.04,447.04,447.1,129,73
1643660850,447.05,447.09,447.04,447.06,447.059,115,80
1643660855,447.07,447.11,447.06,447.08,447.087,92,69
1643660860,447.08,447.12,447.06,447.09,447.092,63,54
1643660865,447.08,447.11,447.01,447.03,447.054,133,77
1643660870,447.04,447.07,447.02,447.03,447.033,71,53
1643660875,447.03,447.03,446.9,446.98,446.973,297,160
1643660880,446.98,447.23,446.98,447.23,447.092,270,220
1643660885,447.24,447.31,446.95,447.19,447.008,653,101
1643660890,447.18,447.27,447.18,447.25,447.224,55,52
1643660895,447.27,447.27,447.16,447.19,447.206,101,77
1643660900,447.19,447.26,447.19,447.25,447.237,75,46
1643660905,447.25,447.28,447.24,447.28,447.26,61,52
1643660910,447.29,447.4,447.26,447.27,447.324,455,211
1643660915,447.26,447.26,447.19,447.2,447.237,63,48
1643660920,447.21,447.26,447.19,447.25,447.233,38,31
1643660925,447.24,447.29,447.21,447.24,447.255,103,80
1643660930,447.27,447.27,447.2,447.24,447.229,76,67
1643660935,447.23,447.26,447.23,447.24,447.242,155,84
1643660940,447.23,447.29,447.23,447.26,447.259,67,47
1643660945,447.26,447.26,447.22,447.24,447.235,76,39
1643660950,447.24,447.27,447.23,447.25,447.253,40,30
1643660955,447.24,447.25,447.1,447.1,447.173,90,68
1643660960,447.12,447.13,447.05,447.12,447.085,74,57
1643660965,447.11,447.23,447.1,447.19,447.162,77,48
1643660970,447.2,447.3,447.2,447.3,447.262,158,97
1643660975,447.3,447.33,447.26,447.26,447.295,61,48
1643660980,447.23,447.23,447.19,447.2,447.213,51,36
1643660985,447.2,447.22,447.19,447.22,447.209,28,24
1643660990,447.23,447.24,447.2,447.23,447.221,44,37
1643660995,447.22,447.25,447.18,447.22,447.218,58,39
1643661000,447.21,447.22,446.9,446.92,447.027,135,101
1643661005,446.91,446.95,446.75,446.77,446.833,276,167
1643661010,446.74,446.89,446.72,446.88,446.783,326,202
1643661015,446.89,447.14,446.84,447.03,446.955,923,643
1643661020,447.03,447.1,446.99,447.08,447.041,192,76
1643661025,447.07,447.08,447.02,447.02,447.051,106,68
1643661030,447.03,447.03,446.94,446.99,446.981,122,85
1643661035,447.0,447.04,446.98,447.0,446.999,61,35
1643661040,447.03,447.13,446.99,447.11,447.044,132,71
1643661045,447.12,447.22,447.09,447.2,447.158,90,62
1643661050,447.21,447.21,447.1,447.14,447.132,113,61
1643661055,447.14,447.17,447.04,447.05,447.116,92,85
1643661060,447.05,447.06,446.97,446.97,447.036,119,45
1643661065,446.98,447.04,446.97,447.03,446.998,53,51
1643661070,447.04,447.09,447.0,447.08,447.03,77,58
1643661075,447.08,447.17,447.04,447.17,447.103,85,72
1643661080,447.16,447.22,447.14,447.17,447.177,326,126
1643661085,447.18,447.22,447.18,447.2,447.197,184,79
1643661090,447.2,447.23,447.16,447.19,447.193,108,67
1643661095,447.18,447.21,447.1,447.16,447.168,241,103
1643661100,447.16,447.55,447.15,447.49,447.437,521,328
1643661105,447.51,447.52,447.33,447.34,447.448,574,260
1643661110,447.33,447.34,447.17,447.18,447.251,120,102
1643661115,447.17,447.28,447.17,447.24,447.223,167,120
1643661120,447.24,447.41,447.24,447.41,447.323,127,110
1643661125,447.4,447.62,447.34,447.5,447.465,515,365
1643661130,447.5,447.52,447.46,447.49,447.497,262,174
1643661135,447.49,447.58,447.48,447.56,447.537,122,87
1643661140,447.56,447.64,447.55,447.59,447.609,336,235
1643661145,447.61,447.61,447.51,447.58,447.554,115,93
1643661150,447.59,447.9,447.57,447.9,447.768,392,232
1643661155,447.89,448.01,447.85,447.99,447.936,512,227
1643661160,447.99,448.02,447.88,447.91,447.951,315,261
1643661165,447.92,447.95,447.86,447.92,447.898,268,144
1643661170,447.91,447.97,447.89,447.95,447.916,189,117
1643661175,447.93,448.05,447.93,448.05,447.998,227,99
1643661180,448.07,448.16,448.04,448.14,448.111,293,216
1643661185,448.15,448.15,448.09,448.09,448.108,117,71
1643661190,448.08,448.14,448.08,448.09,448.112,184,128
1643661195,448.11,448.19,448.09,448.16,448.128,215,88
1643661200,448.15,448.16,448.08,448.14,448.117,191,155
1643661205,448.11,448.15,448.03,448.07,448.106,215,158
1643661210,448.07,448.09,448.06,448.07,448.07,108,49
1643661215,448.06,448.15,448.05,448.13,448.097,135,82
1643661220,448.15,448.26,448.14,448.22,448.226,202,124
1643661225,448.23,448.27,448.21,448.26,448.237,319,170
1643661230,448.27,448.28,448.23,448.27,448.256,254,185
1643661235,448.26,448.26,448.17,448.21,448.227,176,132
1643661240,448.2,448.42,448.19,448.34,448.325,1298,618
1643661245,448.36,448.44,448.36,448.44,448.398,294,179
1643661250,448.45,448.47,448.41,448.45,448.441,336,216
1643661255,448.45,448.45,448.39,448.43,448.424,468,227
1643661260,448.43,448.44,448.38,448.42,448.406,333,155
1643661265,448.43,448.46,448.39,448.41,448.432,135,106
1643661270,448.41,448.41,448.37,448.39,448.386,230,115
1643661275,448.39,448.39,448.31,448.35,448.352,232,133
1643661280,448.35,448.37,448.32,448.34,448.346,188,101
1643661285,448.35,448.4,448.34,448.39,448.369,132,77
1643661290,448.39,448.43,448.39,448.43,448.416,143,97
1643661295,448.44,448.46,448.42,448.42,448.437,151,73
1643661300,448.42,448.51,448.38,448.39,448.437,341,219
1643661305,448.39,448.44,448.38,448.41,448.407,99,85
1643661310,448.4,448.44,448.39,448.44,448.409,63,45
1643661315,448.43,448.44,448.42,448.42,448.424,69,49
1643661320,448.42,448.46,448.41,448.45,448.431,229,136
1643661325,448.44,448.49,448.44,448.47,448.476,182,101
1643661330,448.45,448.45,448.35,448.4,448.408,235,154
1643661335,448.4,448.49,448.4,448.45,448.453,324,202
1643661340,448.45,448.47,448.42,448.47,448.444,101,71
1643661345,448.46,448.48,448.44,448.47,448.462,130,80
1643661350,448.45,448.5,448.37,448.46,448.44,764,442
1643661355,448.47,448.49,448.46,448.48,448.472,142,92
1643661360,448.47,448.5,448.44,448.49,448.474,393,235
1643661365,448.48,448.5,448.42,448.43,448.467,312,169
1643661370,448.42,448.43,448.39,448.41,448.411,138,95
1643661375,448.4,448.4,448.28,448.29,448.348,156,108
1643661380,448.3,448.34,448.29,448.32,448.311,116,80
1643661385,448.32,448.4,448.32,448.38,448.354,194,89
1643661390,448.37,448.43,448.37,448.43,448.403,138,61
1643661395,448.44,448.47,448.39,448.39,448.439,278,192
1643661400,448.39,448.43,448.33,448.4,448.372,158,108
1643661405,448.4,448.4,448.35,448.37,448.375,182,96
1643661410,448.36,448.41,448.35,448.41,448.372,135,77
1643661415,448.41,448.44,448.39,448.4,448.414,224,140
1643661420,448.4,448.47,448.3,448.3,448.392,255,156
1643661425,448.31,448.4,448.29,448.31,448.311,201,118
1643661430,448.3,448.3,448.24,448.29,448.266,310,147
1643661435,448.29,448.32,448.26,448.26,448.283,210,121
1643661440,448.27,448.41,448.26,448.3,448.342,229,180
1643661445,448.3,448.42,448.3,448.34,448.368,547,310
1643661450,448.34,448.37,448.32,448.34,448.339,112,82
1643661455,448.33,448.37,448.28,448.34,448.328,144,111
1643661460,448.35,448.42,448.35,448.39,448.379,205,126
1643661465,448.4,448.42,448.3,448.32,448.342,148,77
1643661470,448.32,448.32,448.08,448.09,448.218,379,217
1643661475,448.07,448.15,448.05,448.08,448.097,258,155
1643661480,448.07,448.2,448.05,448.17,448.142,200,137
1643661485,448.16,448.2,447.77,447.79,447.923,439,272
1643661490,447.79,447.84,447.69,447.81,447.778,894,393
1643661495,447.82,447.83,447.73,447.78,447.797,316,151
1643661500,447.77,447.95,447.75,447.94,447.874,293,192
1643661505,447.95,448.03,447.91,448.01,447.97,134,91
1643661510,448.01,448.01,447.86,447.92,447.931,158,84
1643661515,447.91,447.97,447.9,447.94,447.923,90,76
1643661520,447.92,447.99,447.87,447.96,447.952,138,102
1643661525,447.95,447.96,447.9,447.92,447.932,66,48
1643661530,447.91,447.99,447.9,447.98,447.949,152,76
1643661535,448.0,448.13,447.99,448.12,448.064,267,174
1643661540,448.11,448.17,448.08,448.17,448.111,285,165
1643661545,448.17,448.24,448.1,448.15,448.154,377,253
1643661550,448.14,448.17,448.05,448.12,448.12,170,101
1643661555,448.11,448.12,448.08,448.11,448.102,87,73
1643661560,448.1,448.11,448.01,448.07,448.061,160,123
1643661565,448.09,448.14,447.98,448.0,448.073,324,213
1643661570,447.98,447.98,447.91,447.91,447.947,99,43
1643661575,447.92,447.92,447.77,447.84,447.834,305,217
1643661580,447.82,447.98,447.82,447.94,447.924,482,303
1643661585,447.93,448.06,447.92,448.06,447.99,120,108
1643661590,448.05,448.1,448.03,448.06,448.058,104,75
1643661595,448.05,448.07,448.02,448.04,448.043,61,44
1643661600,448.04,448.05,447.95,448.04,448.002,593,220
1643661605,448.05,448.22,448.04,448.15,448.15,680,276
1643661610,448.13,448.16,448.11,448.12,448.138,416,163
1643661615,448.11,448.12,447.96,447.96,448.049,116,95
1643661620,447.96,448.0,447.95,447.99,447.977,149,59
1643661625,448.0,448.09,447.83,447.85,447.974,499,354
1643661630,447.84,447.92,447.83,447.9,447.889,455,282
1643661635,447.9,447.92,447.87,447.88,447.906,68,44
1643661640,447.87,447.87,447.75,447.82,447.795,243,121
1643661645,447.82,447.9,447.82,447.84,447.864,168,127
1643661650,447.81,447.84,447.74,447.77,447.79,246,163
1643661655,447.78,447.85,447.77,447.83,447.821,206,135
1643661660,447.83,447.85,447.79,447.84,447.825,135,80
1643661665,447.81,448.01,447.76,447.96,447.927,447,288
1643661670,447.95,448.03,447.93,448.02,447.97,200,78
1643661675,448.01,448.01,447.97,448.01,447.991,335,186
1643661680,448.01,448.02,447.94,447.95,447.969,87,58
1643661685,447.93,448.02,447.93,448.01,447.991,253,122
1643661690,448.0,448.03,447.99,448.0,448.012,180,90
1643661695,448.0,448.07,447.99,448.06,448.013,112,75
1643661700,448.05,448.09,448.05,448.07,448.075,111,64
1643661705,448.08,448.09,448.04,448.05,448.058,187,100
1643661710,448.03,448.03,447.92,447.93,447.975,104,85
1643661715,447.94,448.0,447.92,447.97,447.968,149,82
1643661720,447.96,448.13,447.95,448.13,448.03,428,193
1643661725,448.14,448.2,448.1,448.18,448.149,456,196
1643661730,448.18,448.33,448.17,448.32,448.277,749,330
1643661735,448.3,448.3,448.12,448.15,448.179,573,216
1643661740,448.15,448.21,448.13,448.21,448.16,289,138
1643661745,448.22,448.25,448.14,448.19,448.202,203,113
1643661750,448.19,448.2,448.15,448.18,448.172,129,93
1643661755,448.19,448.3,448.18,448.24,448.234,937,475
1643661760,448.24,448.32,448.21,448.22,448.263,299,201
1643661765,448.23,448.24,448.14,448.23,448.188,131,110
1643661770,448.22,448.32,448.2,448.28,448.276,257,135
1643661775,448.29,448.3,448.22,448.23,448.262,143,91
1643661780,448.21,448.27,448.19,448.24,448.237,260,141
1643661785,448.23,448.35,448.23,448.32,448.277,376,202
1643661790,448.33,448.35,448.19,448.21,448.277,214,145
1643661795,448.21,448.25,448.19,448.2,448.217,146,119
1643661800,448.19,448.19,448.04,448.04,448.111,191,136
1643661805,448.02,448.07,447.99,448.06,448.039,238,131
1643661810,448.05,448.22,448.04,448.19,448.142,108,62
1643661815,448.19,448.22,448.15,448.17,448.185,134,69
1643661820,448.16,448.19,448.15,448.19,448.165,74,40
1643661825,448.18,448.3,448.18,448.26,448.256,285,178
1643661830,448.27,448.29,448.24,448.27,448.268,137,103
1643661835,448.28,448.31,448.26,448.26,448.281,264,151
1643661840,448.28,448.33,448.24,448.27,448.296,235,147
1643661845,448.27,448.27,448.21,448.23,448.242,133,94
1643661850,448.22,448.23,448.19,448.22,448.215,329,124
1643661855,448.21,448.23,448.2,448.21,448.214,376,135
1643661860,448.24,448.25,448.19,448.19,448.224,398,188
1643661865,448.19,448.28,448.13,448.21,448.176,309,159
1643661870,448.22,448.42,448.22,448.29,448.318,1366,665
1643661875,448.3,448.33,448.22,448.22,448.303,423,271
1643661880,448.2,448.27,448.18,448.21,448.207,175,133
1643661885,448.21,448.21,448.09,448.1,448.153,108,66
1643661890,448.11,448.21,447.99,448.09,448.116,1107,453
1643661895,448.09,448.18,448.09,448.12,448.133,492,240
1643661900,448.15,448.21,448.09,448.12,448.144,489,295
1643661905,448.13,448.14,448.01,448.06,448.087,131,81
1643661910,448.06,448.06,447.99,447.99,448.028,122,89
1643661915,448.02,448.18,447.99,448.16,448.081,387,239
1643661920,448.17,448.26,448.15,448.2,448.201,10268,250
1643661925,448.21,448.27,448.2,448.21,448.236,216,170
1643661930,448.22,448.31,448.2,448.23,448.25,304,177
1643661935,448.23,448.4,448.23,448.4,448.35,552,251
1643661940,448.4,448.41,448.27,448.29,448.341,595,277
1643661945,448.3,448.33,448.25,448.26,448.294,342,175
1643661950,448.26,448.27,448.19,448.26,448.233,158,117
1643661955,448.26,448.29,448.17,448.28,448.239,176,131
1643661960,448.29,448.4,448.27,448.39,448.317,499,248
1643661965,448.4,448.43,448.32,448.33,448.402,337,215
1643661970,448.33,448.37,448.29,448.36,448.329,229,157
1643661975,448.37,448.38,448.27,448.28,448.317,485,247
1643661980,448.27,448.28,448.04,448.15,448.157,413,294
1643661985,448.14,448.19,448.1,448.17,448.143,221,171
1643661990,448.17,448.2,448.11,448.16,448.162,254,199
1643661995,448.16,448.22,448.13,448.21,448.174,422,339
1643662000,448.21,448.26,448.14,448.18,448.203,426,287
1643662005,448.18,448.23,448.18,448.22,448.209,193,123
1643662010,448.23,448.4,448.21,448.36,448.331,311,153
1643662015,448.36,448.39,448.33,448.38,448.354,187,125
1643662020,448.37,448.48,448.34,448.43,448.405,618,393
1643662025,448.43,448.47,448.4,448.44,448.443,279,180
1643662030,448.43,448.46,448.29,448.32,448.379,332,254
1643662035,448.33,448.42,448.3,448.37,448.379,262,120
1643662040,448.38,448.47,448.38,448.46,448.439,751,339
1643662045,448.47,448.5,448.44,448.49,448.487,443,252
1643662050,448.5,448.53,448.49,448.52,448.515,458,267
1643662055,448.51,448.6,448.49,448.56,448.545,773,394
1643662060,448.56,448.62,448.53,448.57,448.573,263,196
1643662065,448.57,448.6,448.54,448.59,448.579,512,287
1643662070,448.58,448.59,448.53,448.56,448.555,572,296
1643662075,448.56,448.68,448.55,448.66,448.611,504,329
1643662080,448.65,448.66,448.57,448.62,448.612,489,327
1643662085,448.63,448.64,448.6,448.62,448.619,204,150
1643662090,448.62,448.64,448.58,448.62,448.627,263,179
1643662095,448.62,448.64,448.57,448.59,448.604,227,143
1643662100,448.59,448.63,448.57,448.58,448.604,943,498
1643662105,448.58,448.59,448.55,448.58,448.573,425,291
1643662110,448.58,448.66,448.57,448.65,448.608,282,172
1643662115,448.66,448.72,448.66,448.7,448.703,488,297
1643662120,448.7,448.74,448.69,448.7,448.715,414,285
1643662125,448.69,448.7,448.6,448.66,448.648,408,277
1643662130,448.66,448.77,448.65,448.75,448.716,862,391
1643662135,448.76,448.77,448.69,448.72,448.738,656,417
1643662140,448.72,448.79,448.71,448.77,448.74,219,164
1643662145,448.77,448.81,448.76,448.81,448.785,569,279
1643662150,448.82,448.86,448.79,448.81,448.817,1052,422
1643662155,448.81,448.85,448.78,448.83,448.813,650,304
1643662160,448.83,448.85,448.79,448.84,448.825,511,304
1643662165,448.84,448.92,448.83,448.92,448.873,459,281
1643662170,448.92,448.93,448.91,448.93,448.925,339,187
1643662175,448.92,448.94,448.89,448.89,448.916,435,210
1643662180,448.9,448.91,448.85,448.89,448.889,369,218
1643662185,448.88,448.89,448.86,448.88,448.879,328,221
1643662190,448.88,448.98,448.88,448.94,448.932,377,234
1643662195,448.95,449.02,448.94,448.98,448.985,552,304
1643662200,448.98,449.3,448.9,449.29,449.156,2960,1381
1643662205,449.28,449.41,449.24,449.41,449.339,1051,589
1643662210,449.4,449.46,449.36,449.43,449.42,1436,705
1643662215,449.45,449.52,449.34,449.36,449.446,2351,1235
1643662220,449.36,449.51,449.35,449.42,449.461,1660,850
1643662225,449.43,449.55,449.37,449.49,449.473,1780,998
1643662230,449.49,449.66,449.48,449.66,449.561,1280,687
1643662235,449.66,449.76,449.55,449.62,449.664,889,457
1643662240,449.63,449.64,449.54,449.6,449.582,1680,494
1643662245,449.61,449.63,449.58,449.59,449.6,964,496
1643662250,449.59,449.7,449.55,449.67,449.618,837,379
1643662255,449.67,449.71,449.64,449.69,449.68,637,315
1643662260,449.68,449.7,449.53,449.55,449.592,668,378
1643662265,449.53,449.58,449.38,449.45,449.459,1019,512
1643662270,449.44,449.44,449.32,449.4,449.375,1058,444
1643662275,449.39,449.44,449.38,449.41,449.407,825,372
1643662280,449.42,449.57,449.37,449.57,449.452,1012,392
1643662285,449.56,449.56,449.42,449.49,449.492,410,213
1643662290,449.48,449.49,449.37,449.39,449.422,308,208
1643662295,449.38,449.39,449.32,449.35,449.357,378,233
1643662300,449.34,449.56,449.32,449.56,449.414,428,302
1643662305,449.55,449.55,449.45,449.49,449.494,435,259
1643662310,449.49,449.58,449.49,449.55,449.522,590,363
1643662315,449.54,449.57,449.49,449.5,449.544,377,228
1643662320,449.52,449.53,449.36,449.37,449.436,928,523
1643662325,449.36,449.46,449.36,449.38,449.434,480,282
1643662330,449.38,449.42,449.35,449.42,449.394,235,167
1643662335,449.43,449.51,449.41,449.48,449.47,492,289
1643662340,449.48,449.54,449.48,449.51,449.51,335,198
1643662345,449.51,449.64,449.51,449.64,449.59,428,259
1643662350,449.63,449.64,449.58,449.58,449.604,1180,430
1643662355,449.58,449.6,449.5,449.53,449.571,537,240
1643662360,449.53,449.61,449.5,449.6,449.544,599,179
1643662365,449.6,449.66,449.59,449.65,449.623,411,244
1643662370,449.63,449.65,449.5,449.55,449.597,417,230
1643662375,449.55,449.66,449.54,449.64,449.595,387,253
1643662380,449.63,449.69,449.57,449.57,449.616,359,238
1643662385,449.57,449.62,449.56,449.6,449.594,398,261
1643662390,449.6,449.67,449.58,449.66,449.63,515,304
1643662395,449.67,449.67,449.54,449.59,449.593,538,362
1643662400,449.58,449.6,449.56,449.58,449.581,580,255
1643662405,449.58,449.69,449.56,449.69,449.632,710,453
1643662410,449.69,449.73,449.67,449.72,449.698,630,309
1643662415,449.71,449.76,449.68,449.72,449.715,708,412
1643662420,449.72,449.74,449.69,449.71,449.717,346,209
1643662425,449.72,449.73,449.64,449.65,449.7,568,290
1643662430,449.65,449.67,449.6,449.66,449.642,616,321
1643662435,449.66,449.76,449.64,449.7,449.71,1542,759
1643662440,449.7,449.73,449.67,449.67,449.698,1132,599
1643662445,449.68,449.69,449.53,449.56,449.616,850,481
1643662450,449.57,449.64,449.57,449.6,449.62,499,326
1643662455,449.61,449.64,449.57,449.63,449.608,404,297
1643662460,449.62,449.64,449.59,449.63,449.617,464,259
1643662465,449.62,449.65,449.59,449.6,449.61,410,240
1643662470,449.61,449.63,449.58,449.62,449.601,1586,959
1643662475,449.61,449.63,449.57,449.62,449.602,714,397
1643662480,449.61,449.96,449.61,449.95,449.865,2226,1296
1643662485,449.94,450.06,449.93,450.03,449.996,2128,1087
1643662490,450.03,450.19,450.03,450.14,450.125,1250,885
1643662495,450.13,450.14,450.03,450.04,450.057,1503,959
1643662500,450.04,450.15,449.88,450.0,450.063,1746,1198
1643662505,449.9,449.91,449.74,449.75,449.845,851,549
1643662510,449.74,449.85,449.61,449.75,449.741,1147,737
1643662515,449.75,449.91,449.69,449.87,449.792,630,523
1643662520,449.85,449.9,449.83,449.88,449.869,636,377
1643662525,449.87,449.99,449.86,449.89,449.928,695,482
1643662530,449.88,449.99,449.85,449.89,449.913,625,422
1643662535,449.91,449.91,449.79,449.8,449.836,576,401
1643662540,449.79,449.79,449.59,449.63,449.726,898,553
1643662545,449.64,449.71,449.53,449.7,449.582,1564,883
1643662550,449.69,449.87,449.65,449.83,449.746,1086,611
1643662555,449.83,449.87,449.8,449.81,449.845,484,351
1643662560,449.8,449.91,449.73,449.83,449.795,830,566
1643662565,449.81,449.84,449.7,449.81,449.769,648,385
1643662570,449.8,449.83,449.58,449.61,449.722,665,363
1643662575,449.61,449.74,449.6,449.72,449.682,631,464
1643662580,449.72,449.89,449.71,449.86,449.82,666,493
1643662585,449.87,449.91,449.85,449.9,449.885,526,333
1643662590,449.88,449.99,449.84,449.98,449.906,550,363
1643662595,449.98,449.99,449.89,449.93,449.952,509,347
1643662600,449.93,449.96,449.87,449.91,449.912,1407,540
1643662605,449.9,449.99,449.89,449.91,449.924,678,338
1643662610,449.91,450.0,449.89,449.96,449.968,616,369
1643662615,449.96,450.04,449.95,450.0,450.003,837,489
1643662620,450.0,450.09,449.98,450.07,450.058,972,623
1643662625,450.06,450.12,450.06,450.1,450.093,579,316
1643662630,450.09,450.1,450.05,450.1,450.075,709,477
1643662635,450.09,450.14,450.06,450.1,450.091,587,408
1643662640,450.09,450.17,450.06,450.15,450.106,1119,557
1643662645,450.16,450.22,450.14,450.21,450.183,809,406
1643662650,450.2,450.24,450.19,450.22,450.221,534,342
1643662655,450.22,450.25,450.14,450.21,450.197,907,539
1643662660,450.2,450.26,450.17,450.23,450.214,665,388
1643662665,450.23,450.24,450.08,450.09,450.171,784,464
1643662670,450.09,450.16,450.07,450.13,450.111,987,623
1643662675,450.13,450.21,450.12,450.19,450.155,637,461
1643662680,450.2,450.21,450.04,450.09,450.102,1828,1122
1643662685,450.09,450.18,450.08,450.18,450.125,1079,625
1643662690,450.17,450.23,450.1,450.1,450.164,920,505
1643662695,450.1,450.2,450.08,450.16,450.145,1061,541
1643662700,450.15,450.26,450.12,450.21,450.197,1445,731
1643662705,450.21,450.28,450.2,450.28,450.241,749,317
1643662710,450.28,450.28,450.15,450.19,450.216,961,598
1643662715,450.18,450.2,450.08,450.17,450.15,2153,926
1643662720,450.16,450.17,450.03,450.05,450.117,909,522
1643662725,450.05,450.16,450.02,450.14,450.086,1541,977
1643662730,450.15,450.15,450.0,450.03,450.07,1381,855
1643662735,450.04,450.04,449.94,450.0,449.994,1768,1023
1643662740,449.99,450.14,449.99,450.1,450.045,2366,1282
1643662745,450.1,450.22,450.1,450.14,450.168,1631,951
1643662750,450.14,450.22,450.03,450.19,450.119,2997,1715
1643662755,450.2,450.25,450.08,450.1,450.171,1849,1064
1643662760,450.1,450.12,449.92,450.06,450.04,2283,1235
1643662765,450.06,450.11,449.91,449.98,449.999,3471,1835
1643662770,449.98,450.05,449.92,449.99,449.988,2428,1274
1643662775,450.0,450.08,449.94,450.02,450.029,1879,966
1643662780,450.02,450.21,450.0,450.21,450.084,2835,1361
1643662785,450.21,450.24,450.14,450.21,450.197,2743,1428
1643662790,450.22,450.25,450.04,450.07,450.155,4905,2590
1643662795,450.08,450.25,449.74,449.8,449.984,6224,3287
1643662800,449.79,449.91,449.64,449.69,449.904,32282,454
1643662805,449.68,449.69,449.57,449.62,449.634,943,442
1643662810,449.64,449.67,449.52,449.61,449.589,1224,519
1643662815,449.61,449.63,449.48,449.5,449.549,1090,577
1643662820,449.5,449.54,449.46,449.5,449.498,731,294
1643662825,449.49,449.56,449.45,449.49,449.498,233,124
1643662830,449.48,449.51,449.3,449.4,449.416,437,157
1643662835,449.39,449.4,449.32,449.36,449.362,383,170
1643662840,449.36,449.91,449.34,449.41,449.391,253,84
1643662845,449.41,449.41,449.31,449.34,449.372,188,48
1643662850,449.33,449.35,449.31,449.31,449.326,118,61
1643662855,449.33,449.35,449.31,449.31,449.325,96,37
1643662860,449.33,449.91,449.31,449.41,449.774,519,61
1643662865,449.42,449.58,449.42,449.56,449.481,249,97
1643662870,449.56,449.56,449.47,449.54,449.495,116,48
1643662875,449.52,449.54,449.35,449.37,449.428,175,66
1643662880,449.35,449.36,449.2,449.24,449.248,254,68
1643662885,449.21,449.21,449.1,449.12,449.18,126,27
1643662890,449.12,449.91,449.12,449.15,449.229,238,57
1643662895,449.1,449.15,449.1,449.15,449.139,53,19
1643662900,449.1,449.12,449.09,449.09,449.101,37,14
1643662905,449.1,449.11,449.07,449.11,449.085,121,26
1643662910,449.09,449.09,449.07,449.07,449.079,24,6
1643662915,449.08,449.08,448.96,448.99,449.01,108,44
1643662920,448.98,449.91,448.96,448.98,449.19,218,56
1643662925,448.98,449.91,448.98,449.04,449.036,171,37
1643662930,449.01,449.04,448.98,449.04,449.011,59,20
1643662935,449.0,449.04,448.99,449.04,449.001,228,83
1643662940,449.04,449.06,449.02,449.02,449.047,32,12
1643662945,449.02,449.02,448.96,448.98,448.981,101,28
1643662950,448.97,448.99,448.95,448.99,448.968,106,26
1643662955,448.95,449.91,448.95,449.91,449.256,134,31
1643662960,449.04,449.91,448.92,448.93,449.825,396,14
1643662965,448.92,448.97,448.89,448.94,448.925,233,56
1643662970,448.91,448.96,448.89,448.96,448.929,42,14
1643662975,448.95,448.95,448.91,448.91,448.94,74,18
1643662980,448.91,448.94,448.88,448.91,448.916,63,19
1643662985,448.91,448.91,448.85,448.85,448.883,133,34
1643662990,448.86,450.0,448.84,448.9,449.91,326,12
1643662995,448.92,448.92,448.87,448.87,448.899,18,9
1643663000,448.89,448.9,448.83,448.83,448.889,206,54
1643663005,448.86,448.86,448.82,448.83,448.824,64,17
1643663010,448.85,448.86,448.82,448.82,448.832,12,6
1643663015,448.82,448.84,448.82,448.84,448.835,22,10
1643663020,448.84,448.9,448.84,448.9,448.872,19,5
1643663025,448.83,448.84,448.82,448.84,448.831,18,8
1643663030,448.87,448.87,448.8,448.82,448.821,137,34
1643663035,448.86,449.79,448.82,448.84,448.936,105,26
1643663040,448.86,448.88,448.84,448.84,448.858,21,7
1643663045,448.85,448.85,448.85,448.85,448.85,3,2
1643663050,448.9,448.9,448.87,448.87,448.878,32,12
1643663055,448.9,448.9,448.84,448.84,448.872,31,6
1643663060,448.84,448.87,448.84,448.85,448.849,42,11
1643663065,448.82,448.85,448.82,448.85,448.825,6,5
1643663070,449.91,449.91,448.84,448.84,449.314,111,29
1643663075,448.84,448.84,448.76,448.76,448.783,74,22
1643663080,448.75,448.76,448.73,448.76,448.748,27,24
1643663085,448.82,448.87,448.82,448.87,448.848,18,8
1643663090,448.89,448.96,448.87,448.95,448.916,106,28
1643663095,448.92,448.95,448.91,448.91,448.949,103,29
1643663100,448.84,448.91,448.8,448.9,448.87,102,25
1643663105,448.95,449.05,448.95,449.05,449.001,55,17
1643663110,449.03,449.03,448.94,448.96,448.969,97,31
1643663115,449.0,449.03,449.0,449.03,449.011,75,18
1643663120,449.03,449.04,449.0,449.03,449.015,20,13
1643663125,448.96,449.05,448.96,449.05,448.998,128,32
1643663130,449.02,449.04,449.0,449.0,449.011,9,5
1643663135,449.0,449.02,449.0,449.02,449.02,95,20
1643663140,449.03,449.1,449.03,449.1,449.052,28,9
1643663145,449.07,449.09,449.0,449.04,449.034,242,69
1643663150,449.04,449.1,449.04,449.07,449.062,152,39
1643663155,449.07,449.07,449.04,449.05,449.045,42,10
1643663160,449.08,449.12,448.98,449.12,449.033,379,126
1643663165,449.1,449.15,449.1,449.12,449.126,30,16
1643663170,449.08,449.1,449.04,449.1,449.071,74,16
1643663175,449.07,449.1,449.06,449.1,449.088,19,8
1643663180,449.1,449.1,449.09,449.09,449.09,26,14
1643663185,449.03,449.03,449.01,449.02,449.029,48,7
1643663190,449.02,449.02,449.02,449.02,449.02,0,0
1643663195,449.09,449.09,449.09,449.09,449.09,5,1
1643663200,449.04,449.04,449.02,449.02,449.033,3,2
1643663205,449.0,449.02,448.98,449.02,449.001,16,8
1643663210,448.97,449.01,448.97,449.01,448.999,13,4
1643663215,449.02,449.03,449.02,449.03,449.02,52,13
1643663220,449.03,449.05,449.03,449.05,449.033,25,7
1643663225,449.06,449.06,449.01,449.01,449.022,13,7
1643663230,449.02,449.06,449.02,449.06,449.029,128,33
1643663235,449.1,449.1,449.07,449.1,449.096,74,24
1643663240,449.07,449.09,449.05,449.05,449.078,21,7
1643663245,449.05,449.09,449.05,449.08,449.087,61,22
1643663250,449.06,449.06,449.0,449.02,449.015,502,113
1643663255,449.04,449.04,448.99,448.99,449.006,242,52
1643663260,449.04,449.04,449.02,449.02,449.033,15,3
1643663265,449.02,449.05,449.02,449.05,449.022,110,30
1643663270,450.17,450.18,449.05,449.05,450.165,4871,16
1643663275,449.05,449.05,449.05,449.05,449.05,8,4
1643663280,449.05,449.05,449.03,449.03,449.05,161,49
1643663285,449.05,449.05,449.05,449.05,449.05,85,33
1643663290,449.05,449.05,449.05,449.05,449.05,2,2
1643663295,449.05,449.05,449.04,449.04,449.047,7,6
1643663300,449.04,449.04,449.04,449.04,449.04,2,1
1643663305,449.05,449.05,449.05,449.05,449.05,85,15
1643663310,449.05,449.05,449.05,449.05,449.05,30,24
1643663315,449.05,449.05,449.05,449.05,449.05,30,12
1643663320,449.05,449.15,449.05,449.15,449.075,113,41
1643663325,449.13,449.13,449.13,449.13,449.13,1,1
1643663330,449.15,449.2,449.15,449.2,449.176,7,5
1643663335,449.19,449.2,449.16,449.17,449.179,77,29
1643663340,449.16,449.17,449.13,449.14,449.152,73,35
1643663345,449.13,449.18,449.13,449.17,449.164,57,19
1643663350,449.17,449.17,449.17,449.17,449.17,0,0
1643663355,449.2,449.2,449.2,449.2,449.2,1,1
1643663360,449.18,449.2,449.15,449.18,449.164,216,69
1643663365,449.19,449.22,449.19,449.22,449.202,14,9
1643663370,449.19,449.22,449.09,449.21,449.136,542,246
1643663375,449.21,449.21,449.21,449.21,449.21,12,7
1643663380,449.16,449.16,449.16,449.16,449.16,2,2
1643663385,449.19,449.32,449.19,449.3,449.268,386,84
1643663390,449.3,449.32,449.3,449.31,449.306,19,7
1643663395,449.31,449.37,449.31,449.32,449.354,53,14
1643663400,449.24,449.35,449.24,449.35,449.272,20,7
1643663405,449.33,449.36,449.31,449.31,449.346,74,17
1643663410,449.32,449.32,449.32,449.32,449.32,5,1
1643663415,449.32,449.32,449.31,449.31,449.317,9,4
1643663420,449.26,449.26,449.26,449.26,449.26,2,1
1643663425,449.33,449.35,449.3,449.3,449.335,30,11
1643663430,449.3,449.91,449.25,449.25,449.907,5358,9
1643663435,449.25,449.25,449.25,449.25,449.25,0,0
1643663440,449.27,449.27,449.27,449.27,449.27,2,2
1643663445,449.25,449.25,449.13,449.13,449.194,185,44
1643663450,449.11,449.12,449.1,449.1,449.101,126,36
1643663455,449.09,449.79,449.09,449.2,449.394,888,158
1643663460,449.22,449.28,449.22,449.22,449.255,101,24
1643663465,449.23,449.23,449.17,449.19,449.2,60,20
1643663470,449.2,449.2,449.2,449.2,449.2,25,4
1643663475,449.21,449.21,449.21,449.21,449.21,41,18
1643663480,449.21,449.21,449.19,449.21,449.207,7,4
1643663485,449.21,449.21,449.2,449.21,449.21,0,0
1643663490,449.2,449.2,449.19,449.19,449.197,7,3
1643663495,449.21,449.21,449.2,449.21,449.207,13,5
1643663500,449.18,449.18,449.18,449.18,449.18,1,1
1643663505,449.15,449.15,449.14,449.14,449.141,15,4
1643663510,449.14,449.14,449.14,449.14,449.14,0,0
1643663515,449.2,449.2,449.15,449.15,449.179,35,11
1643663520,449.15,449.15,449.13,449.13,449.135,8,3
1643663525,449.1,449.1,449.08,449.08,449.09,30,6
1643663530,449.11,449.11,449.06,449.06,449.1,7,3
1643663535,449.06,449.08,449.06,449.08,449.07,16,7
1643663540,449.08,449.08,449.08,449.08,449.08,0,0
1643663545,449.04,450.18,448.9,450.17,450.164,11088,28
1643663550,448.88,448.9,448.85,448.9,448.875,37,12
1643663555,448.87,448.87,448.81,448.81,448.845,50,13
1643663560,448.8,448.8,448.8,448.8,448.8,8,5
1643663565,448.81,448.82,448.8,448.8,448.805,140,46
1643663570,448.8,448.85,448.78,448.78,448.8,69,21
1643663575,448.78,448.78,448.77,448.78,448.777,24,6
1643663580,448.78,448.78,448.75,448.75,448.764,62,10
1643663585,448.75,448.82,448.74,448.77,448.77,134,34
1643663590,448.76,448.76,448.75,448.76,448.758,4,3
1643663595,448.77,448.77,448.71,448.71,448.727,55,9
1643663600,448.75,448.75,448.7,448.7,448.715,38,9
1643663605,448.68,448.68,448.66,448.66,448.662,43,13
1643663610,448.66,448.66,448.62,448.63,448.625,57,13
1643663615,448.63,448.63,448.58,448.61,448.601,44,17
1643663620,448.59,448.63,448.59,448.59,448.6,37,20
1643663625,448.58,448.6,448.58,448.6,448.586,17,7
1643663630,448.57,448.6,448.55,448.6,448.568,19,5
1643663635,448.6,448.62,448.6,448.62,448.609,17,15
1643663640,448.62,448.62,448.6,448.6,448.606,38,25
1643663645,448.58,448.58,448.57,448.58,448.578,25,14
1643663650,448.58,448.6,448.57,448.6,448.582,18,11
1643663655,448.57,448.63,448.57,448.62,448.594,4,3
1643663660,448.62,448.62,448.54,448.6,448.578,137,47
1643663665,448.61,448.61,448.58,448.6,448.602,23,12
1643663670,448.58,448.61,448.58,448.61,448.59,9,7
1643663675,448.61,448.7,448.61,448.7,448.633,39,20
1643663680,448.7,448.71,448.65,448.65,448.688,47,15
1643663685,448.66,448.7,448.66,448.7,448.682,3,3
1643663690,448.67,448.69,448.64,448.65,448.665,5,3
1643663695,448.64,448.65,448.61,448.61,448.636,12,5
1643663700,448.66,448.67,448.66,448.67,448.665,4,2
1643663705,448.65,448.65,448.64,448.64,448.645,2,2
1643663710,448.64,448.64,448.64,448.64,448.64,0,0
1643663715,448.65,448.65,448.63,448.63,448.637,20,7
1643663720,448.67,448.67,448.63,448.64,448.654,15,6
1643663725,448.64,448.64,448.64,448.64,448.64,0,0
1643663730,448.67,448.67,448.66,448.66,448.66,105,20
1643663735,448.66,448.66,448.66,448.66,448.66,4,3
1643663740,448.66,448.67,448.65,448.67,448.663,55,7
1643663745,448.65,448.65,448.64,448.64,448.648,42,16
1643663750,448.64,448.68,448.64,448.68,448.668,3,2
1643663755,448.68,448.7,448.68,448.7,448.687,32,13
1643663760,448.75,448.75,448.75,448.75,448.75,1,1
1643663765,448.73,448.75,448.73,448.75,448.743,13,12
1643663770,448.78,448.83,448.78,448.83,448.801,10,10
1643663775,448.8,448.8,448.8,448.8,448.8,1,1
1643663780,448.83,448.83,448.83,448.83,448.83,6,2
1643663785,448.83,448.83,448.83,448.83,448.83,0,0
1643663790,448.83,448.83,448.83,448.83,448.83,0,0
1643663795,448.83,448.83,448.83,448.83,448.83,1,1
1643663800,448.82,448.82,448.78,448.82,448.813,10,5
1643663805,448.84,448.85,448.84,448.85,448.846,2,2
1643663810,448.84,448.84,448.78,448.78,448.819,31,17
1643663815,448.78,448.78,448.78,448.78,448.78,0,0
1643663820,448.77,448.77,448.77,448.77,448.77,19,4
1643663825,448.77,448.77,448.67,448.67,448.709,5,3
1643663830,448.71,448.72,448.71,448.72,448.718,40,12
1643663835,448.65,448.65,448.65,448.65,448.65,3,1
1643663840,448.71,448.72,448.71,448.72,448.716,11,4
1643663845,448.72,448.72,448.72,448.72,448.72,0,0
1643663850,448.74,448.75,448.71,448.71,448.737,7,3
1643663855,448.72,448.79,448.72,448.79,448.761,74,22
1643663860,448.79,448.79,448.79,448.79,448.79,0,0
1643663865,448.79,448.79,448.79,448.79,448.79,0,0
1643663870,448.76,448.76,448.6,448.68,448.65,362,105
1643663875,448.68,448.68,448.68,448.68,448.68,0,0
1643663880,448.73,448.74,448.73,448.74,448.736,10,3
1643663885,448.74,448.74,448.74,448.74,448.74,0,0
1643663890,448.7,448.7,448.7,448.7,448.7,1,1
1643663895,448.7,448.7,448.7,448.7,448.7,0,0
1643663900,448.65,448.65,448.65,448.65,448.65,2,2
1643663905,448.65,448.65,448.65,448.65,448.65,0,0
1643663910,448.61,448.61,448.61,448.61,448.61,6,3
1643663915,448.61,448.61,448.61,448.61,448.61,2,2
1643663920,448.64,448.66,448.64,448.66,448.65,10,2
1643663925,448.67,448.67,448.67,448.67,448.67,9,9
1643663930,448.7,448.7,448.7,448.7,448.7,5,3
1643663935,448.7,448.7,448.7,448.7,448.7,0,0
1643663940,448.7,448.7,448.7,448.7,448.7,0,0
1643663945,448.77,448.79,448.77,448.79,448.777,8,3
1643663950,448.75,448.75,448.75,448.75,448.75,1,1
1643663955,448.79,448.8,448.77,448.77,448.794,12,11
1643663960,448.8,448.8,448.78,448.78,448.79,7,3
1643663965,448.78,448.78,448.78,448.78,448.78,0,0
1643663970,448.8,448.81,448.75,448.77,448.764,23,7
1643663975,448.77,448.77,448.77,448.77,448.77,0,0
1643663980,448.73,448.73,448.73,448.73,448.73,14,5
1643663985,448.79,448.79,448.78,448.79,448.79,1,1
1643663990,448.79,448.79,448.78,448.79,448.79,0,0
1643663995,448.79,448.79,448.76,448.76,448.775,8,2
1643664000,448.76,448.76,448.76,448.76,448.76,0,0
1643664005,448.71,448.71,448.7,448.7,448.701,11,6
1643664010,448.68,448.71,448.68,448.71,448.7,3,3
1643664015,448.68,448.68,448.68,448.68,448.68,2,1
1643664020,448.68,448.68,448.68,448.68,448.68,1,1
1643664025,448.68,448.68,448.68,448.68,448.68,0,0
1643664030,448.68,448.68,448.68,448.68,448.68,10,2
1643664035,448.7,448.7,448.7,448.7,448.7,7,1
1643664040,448.7,448.7,448.7,448.7,448.7,0,0
1643664045,448.68,448.69,448.66,448.69,448.687,12,4
1643664050,448.69,448.69,448.69,448.69,448.69,0,0
1643664055,448.69,448.69,448.69,448.69,448.69,0,0
1643664060,448.69,448.69,448.69,448.69,448.69,0,0
1643664065,448.69,448.69,448.69,448.69,448.69,0,0
1643664070,448.7,448.75,448.7,448.75,448.705,64,18
1643664075,448.72,448.8,448.72,448.8,448.751,2,2
1643664080,448.8,448.8,448.77,448.78,448.787,20,12
1643664085,448.78,448.78,448.78,448.78,448.78,0,0
1643664090,448.78,448.78,448.78,448.78,448.78,0,0
1643664095,448.78,448.78,448.78,448.78,448.78,0,0
1643664100,448.78,448.78,448.78,448.78,448.78,0,0
1643664105,448.78,448.78,448.78,448.78,448.78,0,0
1643664110,448.78,448.78,448.78,448.78,448.78,0,0
1643664115,448.78,448.78,448.78,448.78,448.78,0,0
1643664120,448.75,448.82,448.75,448.82,448.806,17,17
1643664125,448.82,448.82,448.81,448.81,448.813,3,3
1643664130,448.82,448.82,448.82,448.82,448.82,2,1
1643664135,448.82,448.82,448.82,448.82,448.82,0,0
1643664140,448.82,448.82,448.82,448.82,448.82,0,0
1643664145,448.82,448.82,448.82,448.82,448.82,0,0
1643664150,448.82,448.82,448.82,448.82,448.82,0,0
1643664155,448.78,448.78,448.78,448.78,448.78,1,1
1643664160,448.81,448.81,448.8,448.81,448.81,5,1
1643664165,448.81,448.81,448.8,448.81,448.81,0,0
1643664170,448.81,448.81,448.8,448.81,448.81,0,0
1643664175,448.81,448.81,448.8,448.81,448.81,0,0
1643664180,448.84,448.84,448.84,448.84,448.84,1,1
1643664185,448.84,448.84,448.8,448.8,448.833,6,4
1643664190,448.8,448.8,448.8,448.8,448.8,17,5
1643664195,448.83,448.83,448.83,448.83,448.83,1,1
1643664200,448.84,448.84,448.79,448.79,448.83,5,2
1643664205,448.78,448.78,448.78,448.78,448.78,1,1
1643664210,448.78,448.78,448.78,448.78,448.78,0,0
1643664215,448.79,448.79,448.79,448.79,448.79,5,2
1643664220,448.79,448.79,448.78,448.78,448.783,15,3
1643664225,448.76,448.76,448.76,448.76,448.76,1,1
1643664230,448.72,448.72,448.72,448.72,448.72,1,1
1643664235,448.76,448.76,448.76,448.76,448.76,1,1
1643664240,448.76,448.76,448.76,448.76,448.76,0,0
1643664245,448.76,448.76,448.76,448.76,448.76,0,0
1643664250,448.74,448.74,448.74,448.74,448.74,2,1
1643664255,448.74,448.74,448.74,448.74,448.74,0,0
1643664260,448.74,448.75,448.74,448.75,448.745,8,5
1643664265,448.75,448.75,448.75,448.75,448.75,14,5
1643664270,448.75,448.75,448.75,448.75,448.75,68,35
1643664275,448.74,448.75,448.73,448.75,448.735,39,17
1643664280,448.75,448.75,448.75,448.75,448.75,124,36
1643664285,448.73,448.74,448.73,448.74,448.735,2,2
1643664290,448.74,448.74,448.74,448.74,448.74,0,0
1643664295,448.75,448.75,448.75,448.75,448.75,143,36
1643664300,448.78,448.78,448.78,448.78,448.78,1,1
1643664305,448.81,448.81,448.81,448.81,448.81,25,5
1643664310,448.78,448.82,448.78,448.82,448.808,17,6
1643664315,448.82,448.82,448.82,448.82,448.82,0,0
1643664320,448.77,448.77,448.77,448.77,448.77,1,1
1643664325,448.8,448.8,448.8,448.8,448.8,2,1
1643664330,448.8,448.8,448.8,448.8,448.8,0,0
1643664335,448.8,448.8,448.8,448.8,448.8,0,0
1643664340,448.8,448.8,448.8,448.8,448.8,0,0
1643664345,448.77,448.77,448.75,448.75,448.756,42,7
1643664350,448.64,448.64,448.63,448.64,448.637,20,1
1643664355,448.64,448.64,448.63,448.64,448.64,0,0
1643664360,448.8,448.8,448.8,448.8,448.8,1,1
1643664365,448.8,448.81,448.8,448.81,448.806,25,14
1643664370,448.84,448.84,448.84,448.84,448.84,1,1
1643664375,448.84,448.84,448.84,448.84,448.84,0,0
1643664380,448.87,448.87,448.87,448.87,448.87,10,10
1643664385,448.87,448.87,448.87,448.87,448.87,16,2
1643664390,448.87,448.87,448.87,448.87,448.87,0,0
1643664395,448.86,448.86,448.8,448.8,448.833,4,3
1643664400,448.83,448.83,448.83,448.83,448.83,1,1
1643664405,448.83,448.84,448.83,448.84,448.834,10,3
1643664410,448.84,448.84,448.84,448.84,448.84,0,0
1643664415,448.84,448.84,448.84,448.84,448.84,0,0
1643664420,448.84,448.84,448.84,448.84,448.84,0,0
1643664425,448.84,448.84,448.84,448.84,448.84,0,0
1643664430,448.84,448.84,448.84,448.84,448.84,0,0
1643664435,448.83,448.83,448.83,448.83,448.83,3,1
1643664440,448.83,448.83,448.83,448.83,448.83,0,0
1643664445,448.83,448.83,448.83,448.83,448.83,0,0
1643664450,448.83,448.83,448.83,448.83,448.83,0,0
1643664455,448.83,448.83,448.83,448.83,448.83,0,0
1643664460,448.83,448.83,448.83,448.83,448.83,0,0
1643664465,448.83,448.83,448.83,448.83,448.83,9,3
1643664470,448.83,448.83,448.83,448.83,448.83,1,1
1643664475,448.83,448.83,448.83,448.83,448.83,10,1
1643664480,448.83,448.83,448.83,448.83,448.83,0,0
1643664485,448.83,448.83,448.83,448.83,448.83,0,0
1643664490,448.83,448.83,448.83,448.83,448.83,0,0
1643664495,448.83,448.83,448.83,448.83,448.83,19,1
1643664500,448.83,448.83,448.83,448.83,448.83,0,0
1643664505,448.86,448.86,448.86,448.86,448.86,1,1
1643664510,448.86,448.86,448.86,448.86,448.86,0,0
1643664515,448.86,448.86,448.86,448.86,448.86,0,0
1643664520,448.86,448.86,448.86,448.86,448.86,0,0
1643664525,448.76,448.76,448.76,448.76,448.76,2,1
1643664530,448.76,448.76,448.76,448.76,448.76,0,0
1643664535,448.73,448.73,448.7,448.7,448.702,12,4
1643664540,448.7,448.7,448.7,448.7,448.7,0,0
1643664545,448.7,448.7,448.7,448.7,448.7,4,1
1643664550,448.7,448.7,448.7,448.7,448.7,0,0
1643664555,448.7,448.7,448.7,448.7,448.7,0,0
1643664560,448.7,448.7,448.7,448.7,448.7,0,0
1643664565,448.75,448.75,448.75,448.75,448.75,1,1
1643664570,448.75,448.75,448.75,448.75,448.75,18,5
1643664575,448.77,448.77,448.76,448.76,448.768,33,9
1643664580,448.76,448.76,448.76,448.76,448.76,0,0
1643664585,448.76,448.76,448.76,448.76,448.76,0,0
1643664590,448.76,448.76,448.76,448.76,448.76,0,0
1643664595,448.76,448.76,448.76,448.76,448.76,0,0
1643664600,448.8,448.81,448.8,448.8,448.806,18,9
1643664605,448.79,448.79,448.79,448.79,448.79,2,1
1643664610,448.79,448.79,448.79,448.79,448.79,0,0
1643664615,448.79,448.79,448.79,448.79,448.79,5,3
1643664620,448.75,448.75,448.75,448.75,448.75,9,3
1643664625,448.75,448.75,448.75,448.75,448.75,0,0
1643664630,448.75,448.75,448.75,448.75,448.75,0,0
1643664635,448.76,448.76,448.76,448.76,448.76,10,1
1643664640,448.76,448.76,448.76,448.76,448.76,36,3
1643664645,448.76,448.76,448.76,448.76,448.76,0,0
1643664650,448.79,448.82,448.76,448.76,448.789,165,28
1643664655,448.76,448.78,448.76,448.77,448.762,99,19
1643664660,448.77,448.77,448.77,448.77,448.77,0,0
1643664665,448.79,448.79,448.79,448.79,448.79,1,1
1643664670,448.79,448.79,448.79,448.79,448.79,0,0
1643664675,448.79,448.79,448.79,448.79,448.79,0,0
1643664680,448.79,448.79,448.79,448.79,448.79,0,0
1643664685,448.76,448.78,448.76,448.78,448.774,54,12
1643664690,448.78,448.78,448.78,448.78,448.78,10,5
1643664695,448.79,448.79,448.77,448.77,448.789,33,8
1643664700,448.77,448.77,448.77,448.77,448.77,8,3
1643664705,448.77,448.77,448.77,448.77,448.77,0,0
1643664710,448.8,448.8,448.8,448.8,448.8,1,1
1643664715,448.8,448.8,448.79,448.79,448.794,3,2
1643664720,448.79,448.79,448.79,448.79,448.79,0,0
1643664725,448.79,448.79,448.79,448.79,448.79,0,0
1643664730,448.79,448.79,448.79,448.79,448.79,0,0
1643664735,448.79,448.79,448.79,448.79,448.79,0,0
1643664740,448.79,448.79,448.79,448.79,448.79,0,0
1643664745,448.79,448.79,448.75,448.75,448.783,6,2
1643664750,448.75,448.75,448.75,448.75,448.75,0,0
1643664755,448.75,448.76,448.75,448.76,448.756,5,2
1643664760,448.76,448.76,448.76,448.76,448.76,0,0
1643664765,448.76,448.76,448.76,448.76,448.76,0,0
1643664770,448.76,448.76,448.76,448.76,448.76,0,0
1643664775,448.76,448.76,448.76,448.76,448.76,0,0
1643664780,448.77,448.77,448.75,448.75,448.757,17,4
1643664785,448.75,448.75,448.75,448.75,448.75,0,0
1643664790,448.75,448.75,448.75,448.75,448.75,0,0
1643664795,448.75,448.75,448.75,448.75,448.75,0,0
1643664800,448.75,448.75,448.75,448.75,448.75,15,6
1643664805,448.76,448.76,448.76,448.76,448.76,8,2
1643664810,448.76,448.76,448.76,448.76,448.76,0,0
1643664815,448.75,448.76,448.75,448.76,448.753,3,3
1643664820,448.76,448.76,448.76,448.76,448.76,0,0
1643664825,448.76,448.76,448.76,448.76,448.76,49,8
1643664830,448.76,448.76,448.76,448.76,448.76,0,0
1643664835,448.76,448.76,448.76,448.76,448.76,0,0
1643664840,448.76,448.76,448.76,448.76,448.76,0,0
1643664845,448.76,448.76,448.76,448.76,448.76,0,0
1643664850,448.76,448.76,448.76,448.76,448.76,0,0
1643664855,448.76,448.76,448.76,448.76,448.76,0,0
1643664860,448.74,448.74,448.74,448.74,448.74,2,1
1643664865,448.72,448.72,448.72,448.72,448.72,1,1
1643664870,448.71,448.71,448.7,448.71,448.709,9,3
1643664875,448.74,448.74,448.74,448.74,448.74,1,1
1643664880,448.74,448.74,448.74,448.74,448.74,4,1
1643664885,448.74,448.74,448.74,448.74,448.74,0,0
1643664890,448.74,448.74,448.74,448.74,448.74,0,0
1643664895,448.74,448.74,448.74,448.74,448.74,0,0
1643664900,448.74,448.74,448.74,448.74,448.74,0,0
1643664905,448.74,448.74,448.74,448.74,448.74,0,0
1643664910,448.74,448.74,448.74,448.74,448.74,0,0
1643664915,448.74,448.74,448.74,448.74,448.74,0,0
1643664920,448.74,448.74,448.74,448.74,448.74,0,0
1643664925,448.74,448.74,448.74,448.74,448.74,0,0
1643664930,448.74,448.74,448.74,448.74,448.74,0,0
1643664935,448.74,448.74,448.74,448.74,448.74,0,0
1643664940,448.74,448.74,448.74,448.74,448.74,0,0
1643664945,448.74,448.74,448.74,448.74,448.74,0,0
1643664950,448.74,448.74,448.74,448.74,448.74,0,0
1643664955,448.7,448.7,448.7,448.7,448.7,2,1
1643664960,448.7,448.7,448.7,448.7,448.7,0,0
1643664965,448.7,448.7,448.7,448.7,448.7,0,0
1643664970,448.71,448.71,448.71,448.71,448.71,1,1
1643664975,448.71,448.71,448.71,448.71,448.71,0,0
1643664980,448.71,448.71,448.71,448.71,448.71,0,0
1643664985,448.74,448.74,448.74,448.74,448.74,25,5
1643664990,448.76,448.76,448.76,448.76,448.76,1,1
1643664995,448.76,448.76,448.76,448.76,448.76,0,0
1643665000,448.76,448.76,448.76,448.76,448.76,0,0
1643665005,448.76,448.76,448.76,448.76,448.76,0,0
1643665010,448.78,448.78,448.78,448.78,448.78,1,1
1643665015,448.78,448.78,448.78,448.78,448.78,0,0
1643665020,448.8,448.97,448.8,448.97,448.893,32,25
1643665025,448.97,448.97,448.97,448.97,448.97,0,0
1643665030,448.97,448.97,448.97,448.97,448.97,0,0
1643665035,448.97,448.97,448.97,448.97,448.97,0,0
1643665040,448.91,448.91,448.91,448.91,448.91,9,3
1643665045,448.9,448.9,448.9,448.9,448.9,1,1
1643665050,448.9,448.9,448.9,448.9,448.9,0,0
1643665055,448.9,448.9,448.9,448.9,448.9,0,0
1643665060,448.86,448.86,448.86,448.86,448.86,3,2
1643665065,448.86,448.86,448.86,448.86,448.86,15,2
1643665070,448.86,448.86,448.86,448.86,448.86,0,0
1643665075,448.8,448.8,448.8,448.8,448.8,1,1
1643665080,448.8,448.8,448.8,448.8,448.8,0,0
1643665085,448.8,448.8,448.8,448.8,448.8,5,1
1643665090,448.8,448.8,448.8,448.8,448.8,0,0
1643665095,448.8,448.8,448.8,448.8,448.8,0,0
1643665100,448.8,448.8,448.8,448.8,448.8,0,0
1643665105,448.8,448.8,448.8,448.8,448.8,0,0
1643665110,448.8,448.8,448.8,448.8,448.8,0,0
1643665115,448.8,448.8,448.8,448.8,448.8,0,0
1643665120,448.8,448.8,448.79,448.79,448.795,5,2
1643665125,448.77,448.77,448.77,448.77,448.77,2,1
1643665130,448.72,448.72,448.72,448.72,448.72,2,1
1643665135,448.72,448.72,448.72,448.72,448.72,0,0
1643665140,448.7,448.7,448.64,448.64,448.671,16,9
1643665145,448.67,448.67,448.67,448.67,448.67,2,1
1643665150,448.67,448.67,448.67,448.67,448.67,0,0
1643665155,448.67,448.67,448.67,448.67,448.67,0,0
1643665160,448.67,448.67,448.67,448.67,448.67,0,0
1643665165,448.64,448.74,448.64,448.74,448.723,12,3
1643665170,448.74,448.74,448.74,448.74,448.74,0,0
1643665175,448.74,448.74,448.74,448.74,448.74,0,0
1643665180,448.74,448.74,448.74,448.74,448.74,0,0
1643665185,448.74,448.74,448.74,448.74,448.74,0,0
1643665190,448.69,448.69,448.69,448.69,448.69,8,1
1643665195,448.65,448.65,448.65,448.65,448.65,1,1
1643665200,448.65,448.69,448.65,448.69,448.67,2,2
1643665205,448.63,448.63,448.63,448.63,448.63,5,1
1643665210,448.63,448.63,448.63,448.63,448.63,8,2
1643665215,448.63,448.63,448.63,448.63,448.63,0,0
1643665220,448.63,448.63,448.63,448.63,448.63,0,0
1643665225,448.7,448.7,448.7,448.7,448.7,4,2
1643665230,448.7,448.7,448.7,448.7,448.7,0,0
1643665235,448.7,448.7,448.7,448.7,448.7,0,0
1643665240,448.7,448.7,448.7,448.7,448.7,0,0
1643665245,448.7,448.7,448.7,448.7,448.7,0,0
1643665250,448.7,448.7,448.7,448.7,448.7,0,0
1643665255,448.7,448.7,448.7,448.7,448.7,0,0
1643665260,448.67,448.67,448.67,448.67,448.67,1,1
1643665265,448.63,448.63,448.63,448.63,448.63,1,1
1643665270,448.61,448.61,448.6,448.6,448.606,9,3
1643665275,448.6,448.6,448.6,448.6,448.6,0,0
1643665280,448.66,448.66,448.66,448.66,448.66,1,1
1643665285,448.66,448.66,448.66,448.66,448.66,0,0
1643665290,448.65,448.65,448.65,448.65,448.65,9,5
1643665295,448.63,448.63,448.63,448.63,448.63,1,1
1643665300,448.63,448.63,448.63,448.63,448.63,1,1
1643665305,448.63,448.63,448.63,448.63,448.63,6,1
1643665310,448.63,448.63,448.63,448.63,448.63,0,0
1643665315,448.63,448.63,448.63,448.63,448.63,0,0
1643665320,448.66,448.66,448.66,448.66,448.66,1,1
1643665325,448.66,448.66,448.66,448.66,448.66,0,0
1643665330,448.63,448.63,448.63,448.63,448.63,1,1
1643665335,448.63,448.63,448.63,448.63,448.63,0,0
1643665340,448.63,448.63,448.63,448.63,448.63,0,0
1643665345,448.63,448.63,448.63,448.63,448.63,0,0
1643665350,448.63,448.63,448.63,448.63,448.63,16,9
1643665355,448.63,448.63,448.63,448.63,448.63,2,2
1643665360,448.63,448.63,448.63,448.63,448.63,10,2
1643665365,448.63,448.63,448.63,448.63,448.63,8,2
1643665370,448.63,448.63,448.63,448.63,448.63,0,0
1643665375,448.62,448.63,448.62,448.62,448.62,3,1
1643665380,448.62,448.62,448.62,448.62,448.62,17,5
1643665385,448.62,448.62,448.62,448.62,448.62,10,2
1643665390,448.63,448.63,448.63,448.63,448.63,1,1
1643665395,448.63,448.63,448.63,448.63,448.63,69,21
1643665400,448.68,448.7,448.68,448.7,448.696,5,5
1643665405,448.7,448.7,448.7,448.7,448.7,0,0
1643665410,448.7,448.7,448.7,448.7,448.7,0,0
1643665415,448.68,448.68,448.68,448.68,448.68,4,4
1643665420,448.68,448.68,448.68,448.68,448.68,0,0
1643665425,448.68,448.68,448.68,448.68,448.68,0,0
1643665430,448.69,448.69,448.69,448.69,448.69,4,1
1643665435,448.69,448.69,448.69,448.69,448.69,0,0
1643665440,448.69,448.69,448.69,448.69,448.69,0,0
1643665445,448.69,448.69,448.69,448.69,448.69,0,0
1643665450,448.69,448.69,448.69,448.69,448.69,0,0
1643665455,448.72,448.72,448.72,448.72,448.72,1,1
1643665460,448.72,448.72,448.72,448.72,448.72,0,0
1643665465,448.72,448.72,448.72,448.72,448.72,0,0
1643665470,448.7,448.7,448.64,448.66,448.66,11,3
1643665475,448.67,448.71,448.67,448.7,448.7,8,4
1643665480,448.7,448.7,448.7,448.7,448.7,0,0
1643665485,448.68,448.68,448.67,448.68,448.68,1,1
1643665490,448.68,448.68,448.68,448.68,448.68,2,1
1643665495,448.68,448.68,448.68,448.68,448.68,0,0
1643665500,448.68,448.68,448.68,448.68,448.68,0,0
1643665505,448.71,448.71,448.71,448.71,448.71,3,1
1643665510,448.71,448.72,448.71,448.72,448.717,4,3
1643665515,448.72,448.72,448.72,448.72,448.72,0,0
1643665520,448.72,448.72,448.72,448.72,448.72,0,0
1643665525,448.71,448.72,448.7,448.72,448.708,22,17
1643665530,448.75,448.75,448.72,448.72,448.729,13,6
1643665535,448.7,448.7,448.7,448.7,448.7,26,4
1643665540,448.7,448.7,448.7,448.7,448.7,1,1
1643665545,448.7,448.7,448.7,448.7,448.7,0,0
1643665550,448.7,448.7,448.7,448.7,448.7,0,0
1643665555,448.7,448.7,448.7,448.7,448.7,0,0
1643665560,448.68,448.68,448.68,448.68,448.68,30,4
1643665565,448.68,448.68,448.68,448.68,448.68,0,0
1643665570,448.68,448.68,448.68,448.68,448.68,0,0
1643665575,448.67,448.72,448.66,448.7,448.68,36,9
1643665580,448.7,448.7,448.7,448.7,448.7,0,0
1643665585,448.7,448.7,448.7,448.7,448.7,0,0
1643665590,448.7,448.7,448.7,448.7,448.7,0,0
1643665595,448.7,448.7,448.7,448.7,448.7,0,0
1643665600,448.7,448.7,448.7,448.7,448.7,0,0
1643665605,448.7,448.7,448.7,448.7,448.7,0,0
1643665610,448.7,448.7,448.7,448.7,448.7,0,0
1643665615,448.7,448.7,448.7,448.7,448.7,0,0
1643665620,448.7,448.7,448.7,448.7,448.7,0,0
1643665625,448.7,448.7,448.7,448.7,448.7,0,0
1643665630,448.7,448.72,448.7,448.72,448.703,14,4
1643665635,448.72,448.72,448.72,448.72,448.72,0,0
1643665640,448.72,448.72,448.72,448.72,448.72,0,0
1643665645,448.72,448.72,448.72,448.72,448.72,0,0
1643665650,448.72,448.72,448.72,448.72,448.72,0,0
1643665655,448.66,448.66,448.66,448.66,448.66,2,1
1643665660,448.66,448.66,448.65,448.65,448.66,45,9
1643665665,448.65,448.65,448.65,448.65,448.65,0,0
1643665670,448.65,448.65,448.65,448.65,448.65,0,0
1643665675,448.65,448.65,448.65,448.65,448.65,0,0
1643665680,448.65,448.65,448.65,448.65,448.65,0,0
1643665685,448.65,448.65,448.65,448.65,448.65,0,0
1643665690,448.67,448.67,448.67,448.67,448.67,3,3
1643665695,448.67,448.67,448.67,448.67,448.67,0,0
1643665700,448.67,448.67,448.67,448.67,448.67,0,0
1643665705,448.67,448.67,448.67,448.67,448.67,1,1
1643665710,448.67,448.67,448.67,448.67,448.67,7,6
1643665715,448.67,448.67,448.67,448.67,448.67,0,0
1643665720,448.67,448.67,448.67,448.67,448.67,0,0
1643665725,448.67,448.67,448.67,448.67,448.67,0,0
1643665730,448.67,448.67,448.67,448.67,448.67,0,0
1643665735,448.67,448.67,448.67,448.67,448.67,0,0
1643665740,448.64,448.64,448.59,448.59,448.622,13,9
1643665745,448.58,448.58,448.58,448.58,448.58,5,1
1643665750,448.58,448.58,448.58,448.58,448.58,0,0
1643665755,448.58,448.58,448.58,448.58,448.58,0,0
1643665760,448.58,448.58,448.58,448.58,448.58,0,0
1643665765,448.59,448.59,448.59,448.59,448.59,1,1
1643665770,448.59,448.59,448.59,448.59,448.59,2,1
1643665775,448.59,448.59,448.59,448.59,448.59,0,0
1643665780,448.59,448.59,448.59,448.59,448.59,0,0
1643665785,448.59,448.59,448.59,448.59,448.59,0,0
1643665790,448.59,448.59,448.59,448.59,448.59,0,0
1643665795,448.59,448.59,448.59,448.59,448.59,0,0
1643665800,448.6,448.6,448.6,448.6,448.6,1,1
1643665805,448.56,448.56,448.56,448.56,448.56,1,1
1643665810,448.56,448.56,448.56,448.56,448.56,0,0
1643665815,448.56,448.56,448.56,448.56,448.56,0,0
1643665820,448.56,448.56,448.56,448.56,448.56,0,0
1643665825,448.56,448.56,448.56,448.56,448.56,0,0
1643665830,448.56,448.56,448.56,448.56,448.56,0,0
1643665835,448.56,448.56,448.56,448.56,448.56,0,0
1643665840,448.56,448.56,448.56,448.56,448.56,0,0
1643665845,448.56,448.56,448.56,448.56,448.56,0,0
1643665850,448.56,448.56,448.56,448.56,448.56,0,0
1643665855,448.56,448.56,448.56,448.56,448.56,11,3
1643665860,448.56,448.56,448.56,448.56,448.56,0,0
1643665865,448.56,448.56,448.56,448.56,448.56,0,0
1643665870,448.56,448.56,448.56,448.56,448.56,0,0
1643665875,448.55,448.55,448.52,448.52,448.531,23,5
1643665880,448.52,448.52,448.52,448.52,448.52,1,1
1643665885,448.52,448.52,448.52,448.52,448.52,0,0
1643665890,448.52,448.52,448.51,448.52,448.518,60,10
1643665895,448.52,448.52,448.51,448.51,448.515,20,3
1643665900,448.52,448.56,448.52,448.56,448.525,11,2
1643665905,448.56,448.56,448.56,448.56,448.56,0,0
1643665910,448.5,448.51,448.49,448.49,448.501,18,7
1643665915,448.49,448.49,448.49,448.49,448.49,0,0
1643665920,448.49,448.49,448.49,448.49,448.49,0,0
1643665925,448.49,448.49,448.49,448.49,448.49,0,0
1643665930,448.49,448.49,448.49,448.49,448.49,0,0
1643665935,448.49,448.49,448.49,448.49,448.49,0,0
1643665940,448.49,448.49,448.49,448.49,448.49,0,0
1643665945,448.49,448.49,448.49,448.49,448.49,0,0
1643665950,448.49,448.49,448.49,448.49,448.49,0,0
1643665955,448.49,448.49,448.49,448.49,448.49,0,0
1643665960,448.49,448.49,448.49,448.49,448.49,0,0
1643665965,448.49,448.49,448.49,448.49,448.49,0,0
1643665970,448.49,448.49,448.49,448.49,448.49,0,0
1643665975,448.49,448.49,448.49,448.49,448.49,0,0
1643665980,448.49,448.49,448.49,448.49,448.49,0,0
1643665985,448.55,448.55,448.55,448.55,448.55,4,1
1643665990,448.55,448.55,448.55,448.55,448.55,0,0
1643665995,448.55,448.55,448.55,448.55,448.55,0,0
1643666000,448.51,448.51,448.49,448.49,448.509,67,10
1643666005,448.49,448.49,448.49,448.49,448.49,0,0
1643666010,448.51,448.51,448.51,448.51,448.51,8,1
1643666015,448.51,448.51,448.49,448.49,448.498,6,3
1643666020,448.49,448.49,448.49,448.49,448.49,0,0
1643666025,448.49,448.49,448.49,448.49,448.49,0,0
1643666030,448.51,448.51,448.51,448.51,448.51,23,6
1643666035,448.54,448.54,448.54,448.54,448.54,1,1
1643666040,448.54,448.54,448.54,448.54,448.54,0,0
1643666045,448.54,448.54,448.54,448.54,448.54,0,0
1643666050,448.54,448.54,448.54,448.54,448.54,0,0
1643666055,448.56,448.56,448.56,448.56,448.56,11,7
1643666060,448.56,448.56,448.56,448.56,448.56,3,2
1643666065,448.56,448.56,448.56,448.56,448.56,0,0
1643666070,448.49,448.49,448.49,448.49,448.49,1,1
1643666075,448.49,448.49,448.49,448.49,448.49,0,0
1643666080,448.49,448.49,448.49,448.49,448.49,0,0
1643666085,448.49,448.49,448.49,448.49,448.49,0,0
1643666090,448.49,448.49,448.49,448.49,448.49,0,0
1643666095,448.49,448.49,448.49,448.49,448.49,0,0
1643666100,448.49,448.49,448.49,448.49,448.49,0,0
1643666105,448.49,448.49,448.49,448.49,448.49,0,0
1643666110,448.55,448.55,448.55,448.55,448.55,1,1
1643666115,448.55,448.55,448.55,448.55,448.55,0,0
1643666120,448.56,448.56,448.55,448.55,448.554,2,2
1643666125,448.56,448.56,448.56,448.56,448.56,3,1
1643666130,448.56,448.56,448.56,448.56,448.56,0,0
1643666135,448.56,448.56,448.56,448.56,448.56,0,0
1643666140,448.53,448.55,448.53,448.54,448.535,11,5
1643666145,448.54,448.54,448.54,448.54,448.54,0,0
1643666150,448.56,448.56,448.56,448.56,448.56,1,1
1643666155,448.54,448.54,448.54,448.54,448.54,2,1
1643666160,448.52,448.52,448.52,448.52,448.52,1,1
1643666165,448.51,448.51,448.51,448.51,448.51,25,4
1643666170,448.5,448.5,448.5,448.5,448.5,20,6
1643666175,448.5,448.5,448.5,448.5,448.5,0,0
1643666180,448.5,448.5,448.5,448.5,448.5,0,0
1643666185,448.5,448.5,448.5,448.5,448.5,0,0
1643666190,448.5,448.5,448.5,448.5,448.5,0,0
1643666195,448.5,448.5,448.5,448.5,448.5,0,0
1643666200,448.5,448.5,448.5,448.5,448.5,0,0
1643666205,448.5,448.5,448.5,448.5,448.5,0,0
1643666210,448.5,448.5,448.5,448.5,448.5,0,0
1643666215,448.52,448.52,448.52,448.52,448.52,2,1
1643666220,448.52,448.52,448.52,448.52,448.52,0,0
1643666225,448.52,448.52,448.52,448.52,448.52,0,0
1643666230,448.52,448.52,448.52,448.52,448.52,0,0
1643666235,448.52,448.52,448.52,448.52,448.52,0,0
1643666240,448.52,448.52,448.52,448.52,448.52,0,0
1643666245,448.53,448.53,448.53,448.53,448.53,10,1
1643666250,448.53,448.53,448.53,448.53,448.53,0,0
1643666255,448.53,448.53,448.53,448.53,448.53,0,0
1643666260,448.53,448.53,448.53,448.53,448.53,2,2
1643666265,448.53,448.53,448.53,448.53,448.53,0,0
1643666270,448.53,448.53,448.53,448.53,448.53,0,0
1643666275,448.52,448.53,448.49,448.49,448.494,31,8
1643666280,448.49,448.49,448.49,448.49,448.49,0,0
1643666285,448.49,448.49,448.49,448.49,448.49,0,0
1643666290,448.49,448.49,448.49,448.49,448.49,0,0
1643666295,448.49,448.49,448.49,448.49,448.49,0,0
1643666300,448.49,448.49,448.49,448.49,448.49,0,0
1643666305,448.54,448.54,448.53,448.53,448.536,2,2
1643666310,448.53,448.53,448.53,448.53,448.53,0,0
1643666315,448.53,448.53,448.53,448.53,448.53,0,0
1643666320,448.55,448.55,448.53,448.53,448.539,4,2
1643666325,448.55,448.55,448.55,448.55,448.55,3,1
1643666330,448.53,448.53,448.53,448.53,448.53,3,1
1643666335,448.53,448.53,448.53,448.53,448.53,0,0
1643666340,448.53,448.53,448.53,448.53,448.53,0,0
1643666345,448.54,448.54,448.54,448.54,448.54,1,1
1643666350,448.54,448.54,448.54,448.54,448.54,0,0
1643666355,448.49,448.49,448.49,448.49,448.49,3,2
1643666360,448.49,448.49,448.49,448.49,448.49,0,0
1643666365,448.49,448.49,448.49,448.49,448.49,0,0
1643666370,448.49,448.49,448.49,448.49,448.49,0,0
1643666375,448.49,448.49,448.49,448.49,448.49,0,0
1643666380,448.5,448.5,448.5,448.5,448.5,1,1
1643666385,448.55,448.58,448.55,448.58,448.564,19,7
1643666390,448.58,448.58,448.58,448.58,448.58,0,0
1643666395,448.58,448.58,448.58,448.58,448.58,0,0
1643666400,448.58,448.58,448.58,448.58,448.58,0,0
1643666405,448.49,448.49,448.49,448.49,448.49,1,1
1643666410,448.74,448.75,448.74,448.74,448.741,8,3
1643666415,448.74,448.74,448.74,448.74,448.74,0,0
1643666420,448.74,448.74,448.74,448.74,448.74,0,0
1643666425,448.74,448.74,448.74,448.74,448.74,0,0
1643666430,448.74,448.74,448.74,448.74,448.74,0,0
1643666435,448.74,448.74,448.74,448.74,448.74,0,0
1643666440,448.74,448.74,448.74,448.74,448.74,0,0
1643666445,448.62,448.62,448.6,448.6,448.608,2,2
1643666450,448.6,448.6,448.6,448.6,448.6,0,0
1643666455,448.6,448.6,448.6,448.6,448.6,0,0
1643666460,448.6,448.6,448.6,448.6,448.6,0,0
1643666465,448.73,448.74,448.73,448.74,448.737,3,2
1643666470,448.74,448.74,448.74,448.74,448.74,0,0
1643666475,448.74,448.74,448.74,448.74,448.74,0,0
1643666480,448.74,448.74,448.74,448.74,448.74,0,0
1643666485,448.74,448.74,448.74,448.74,448.74,0,0
1643666490,448.74,448.74,448.74,448.74,448.74,0,0
1643666495,448.74,448.74,448.74,448.74,448.74,0,0
1643666500,448.74,448.74,448.74,448.74,448.74,0,0
1643666505,448.74,448.74,448.74,448.74,448.74,0,0
1643666510,448.74,448.74,448.74,448.74,448.74,0,0
1643666515,448.74,448.74,448.74,448.74,448.74,0,0
1643666520,448.74,448.74,448.74,448.74,448.74,0,0
1643666525,448.74,448.74,448.74,448.74,448.74,0,0
1643666530,448.74,448.74,448.74,448.74,448.74,0,0
1643666535,448.74,448.74,448.74,448.74,448.74,0,0
1643666540,448.74,448.74,448.74,448.74,448.74,0,0
1643666545,448.74,448.74,448.74,448.74,448.74,0,0
1643666550,448.75,448.75,448.75,448.75,448.75,2,1
1643666555,448.75,448.75,448.75,448.75,448.75,0,0
1643666560,448.75,448.75,448.75,448.75,448.75,0,0
1643666565,448.75,448.75,448.75,448.75,448.75,0,0
1643666570,448.74,448.74,448.74,448.74,448.74,1,1
1643666575,448.74,448.74,448.74,448.74,448.74,0,0
1643666580,448.74,448.74,448.74,448.74,448.74,0,0
1643666585,448.74,448.74,448.74,448.74,448.74,0,0
1643666590,448.74,448.74,448.74,448.74,448.74,0,0
1643666595,448.74,448.74,448.74,448.74,448.74,0,0
1643666600,448.74,448.74,448.74,448.74,448.74,0,0
1643666605,448.66,448.67,448.66,448.67,448.663,3,3
1643666610,448.67,448.67,448.67,448.67,448.67,0,0
1643666615,448.67,448.67,448.67,448.67,448.67,0,0
1643666620,448.67,448.67,448.67,448.67,448.67,0,0
1643666625,448.67,448.67,448.67,448.67,448.67,0,0
1643666630,448.66,448.66,448.5,448.51,448.54,46,18
1643666635,448.51,448.51,448.51,448.51,448.51,0,0
1643666640,448.51,448.51,448.51,448.51,448.51,0,0
1643666645,448.51,448.51,448.51,448.51,448.51,0,0
1643666650,448.51,448.51,448.51,448.51,448.51,0,0
1643666655,448.51,448.51,448.51,448.51,448.51,0,0
1643666660,448.51,448.51,448.51,448.51,448.51,0,0
1643666665,448.68,448.68,448.68,448.68,448.68,7,4
1643666670,448.68,448.68,448.68,448.68,448.68,0,0
1643666675,448.68,448.68,448.68,448.68,448.68,0,0
1643666680,448.68,448.68,448.68,448.68,448.68,0,0
1643666685,448.68,448.68,448.68,448.68,448.68,0,0
1643666690,448.68,448.68,448.68,448.68,448.68,0,0
1643666695,448.68,448.68,448.68,448.68,448.68,0,0
1643666700,448.68,448.68,448.68,448.68,448.68,0,0
1643666705,448.68,448.68,448.68,448.68,448.68,0,0
1643666710,448.68,448.68,448.68,448.68,448.68,0,0
1643666715,448.68,448.68,448.68,448.68,448.68,0,0
1643666720,448.68,448.68,448.68,448.68,448.68,0,0
1643666725,448.68,448.68,448.68,448.68,448.68,0,0
1643666730,448.68,448.68,448.68,448.68,448.68,0,0
1643666735,448.68,448.68,448.68,448.68,448.68,0,0
1643666740,448.68,448.68,448.68,448.68,448.68,0,0
1643666745,448.68,448.68,448.68,448.68,448.68,0,0
1643666750,448.68,448.68,448.68,448.68,448.68,0,0
1643666755,448.68,448.68,448.68,448.68,448.68,0,0
1643666760,448.68,448.68,448.68,448.68,448.68,0,0
1643666765,448.68,448.68,448.68,448.68,448.68,0,0
1643666770,448.68,448.68,448.68,448.68,448.68,0,0
1643666775,448.68,448.68,448.68,448.68,448.68,0,0
1643666780,448.68,448.68,448.68,448.68,448.68,0,0
1643666785,448.68,448.68,448.68,448.68,448.68,0,0
1643666790,448.68,448.68,448.68,448.68,448.68,0,0
1643666795,448.68,448.68,448.68,448.68,448.68,0,0
1643666800,448.68,448.68,448.68,448.68,448.68,0,0
1643666805,448.68,448.68,448.68,448.68,448.68,0,0
1643666810,448.68,448.68,448.68,448.68,448.68,0,0
1643666815,448.68,448.68,448.68,448.68,448.68,0,0
1643666820,448.68,448.68,448.68,448.68,448.68,0,0
1643666825,448.68,448.68,448.68,448.68,448.68,0,0
1643666830,448.68,448.68,448.68,448.68,448.68,0,0
1643666835,448.68,448.68,448.68,448.68,448.68,0,0
1643666840,448.68,448.68,448.68,448.68,448.68,0,0
1643666845,448.65,448.65,448.65,448.65,448.65,4,2
1643666850,448.65,448.65,448.65,448.65,448.65,0,0
1643666855,448.65,448.65,448.65,448.65,448.65,0,0
1643666860,448.58,448.58,448.58,448.58,448.58,1,1
1643666865,448.58,448.58,448.58,448.58,448.58,0,0
1643666870,448.58,448.58,448.58,448.58,448.58,1,1
1643666875,448.58,448.58,448.58,448.58,448.58,1,1
1643666880,448.58,448.58,448.58,448.58,448.58,0,0
1643666885,448.58,448.58,448.58,448.58,448.58,0,0
1643666890,448.58,448.58,448.58,448.58,448.58,0,0
1643666895,448.58,448.58,448.58,448.58,448.58,0,0
1643666900,448.58,448.58,448.58,448.58,448.58,0,0
1643666905,448.6,448.6,448.6,448.6,448.6,1,1
1643666910,448.54,448.54,448.54,448.54,448.54,1,1
1643666915,448.54,448.54,448.54,448.54,448.54,0,0
1643666920,448.54,448.54,448.54,448.54,448.54,0,0
1643666925,448.54,448.54,448.54,448.54,448.54,0,0
1643666930,448.54,448.54,448.54,448.54,448.54,0,0
1643666935,448.54,448.54,448.54,448.54,448.54,0,0
1643666940,448.54,448.54,448.54,448.54,448.54,0,0
1643666945,448.59,448.59,448.59,448.59,448.59,1,1
1643666950,448.59,448.59,448.59,448.59,448.59,0,0
1643666955,448.59,448.59,448.59,448.59,448.59,0,0
1643666960,448.59,448.59,448.59,448.59,448.59,0,0
1643666965,448.59,448.59,448.59,448.59,448.59,0,0
1643666970,448.59,448.59,448.59,448.59,448.59,0,0
1643666975,448.59,448.59,448.59,448.59,448.59,0,0
1643666980,448.59,448.59,448.59,448.59,448.59,0,0
1643666985,448.59,448.59,448.59,448.59,448.59,0,0
1643666990,448.59,448.59,448.59,448.59,448.59,0,0
1643666995,448.59,448.59,448.59,448.59,448.59,0,0
1643667000,448.59,448.59,448.59,448.59,448.59,0,0
1643667005,448.59,448.59,448.59,448.59,448.59,0,0
1643667010,448.59,448.59,448.59,448.59,448.59,0,0
1643667015,448.55,448.55,448.55,448.55,448.55,1,1
1643667020,448.55,448.55,448.55,448.55,448.55,1,1
1643667025,448.6,448.65,448.6,448.65,448.609,11,8
1643667030,448.6,448.6,448.6,448.6,448.6,1,1
1643667035,448.6,448.6,448.6,448.6,448.6,3,3
1643667040,448.6,448.6,448.6,448.6,448.6,0,0
1643667045,448.66,448.66,448.65,448.66,448.66,2,1
1643667050,448.66,448.66,448.65,448.66,448.66,0,0
1643667055,448.66,448.66,448.65,448.66,448.66,0,0
1643667060,448.66,448.66,448.65,448.66,448.66,0,0
1643667065,448.66,448.66,448.65,448.66,448.66,0,0
1643667070,448.66,448.66,448.65,448.66,448.66,0,0
1643667075,448.66,448.66,448.65,448.66,448.66,0,0
1643667080,448.66,448.66,448.65,448.66,448.66,0,0
1643667085,448.65,448.65,448.65,448.65,448.65,27,4
1643667090,448.65,448.65,448.65,448.65,448.65,1,1
1643667095,448.65,448.65,448.65,448.65,448.65,0,0
1643667100,448.65,448.65,448.65,448.65,448.65,0,0
1643667105,448.65,448.65,448.65,448.65,448.65,0,0
1643667110,448.65,448.65,448.65,448.65,448.65,0,0
1643667115,448.65,448.65,448.65,448.65,448.65,0,0
1643667120,448.65,448.65,448.65,448.65,448.65,0,0
1643667125,448.65,448.65,448.65,448.65,448.65,0,0
1643667130,448.65,448.65,448.65,448.65,448.65,2,1
1643667135,448.65,448.65,448.65,448.65,448.65,0,0
1643667140,448.6,448.6,448.6,448.6,448.6,2,1
1643667145,448.6,448.6,448.6,448.6,448.6,0,0
1643667150,448.6,448.6,448.6,448.6,448.6,0,0
1643667155,448.6,448.6,448.6,448.6,448.6,0,0
1643667160,448.6,448.6,448.6,448.6,448.6,0,0
1643667165,448.6,448.6,448.6,448.6,448.6,0,0
1643667170,448.6,448.6,448.6,448.6,448.6,0,0
1643667175,448.6,448.6,448.6,448.6,448.6,0,0
1643667180,448.6,448.6,448.6,448.6,448.6,0,0
1643667185,448.6,448.6,448.6,448.6,448.6,0,0
1643667190,448.6,448.6,448.6,448.6,448.6,0,0
1643667195,448.6,448.6,448.6,448.6,448.6,0,0
1643667200,448.6,448.6,448.6,448.6,448.6,0,0
1643667205,448.6,448.6,448.6,448.6,448.6,0,0
1643667210,448.6,448.6,448.6,448.6,448.6,0,0
1643667215,448.6,448.6,448.6,448.6,448.6,0,0
1643667220,448.6,448.6,448.6,448.6,448.6,4,1
1643667225,448.6,448.6,448.6,448.6,448.6,0,0
1643667230,448.6,448.6,448.6,448.6,448.6,0,0
1643667235,448.6,448.6,448.6,448.6,448.6,0,0
1643667240,448.6,448.6,448.6,448.6,448.6,0,0
1643667245,448.6,448.6,448.6,448.6,448.6,0,0
1643667250,448.6,448.6,448.6,448.6,448.6,0,0
1643667255,448.6,448.6,448.6,448.6,448.6,0,0
1643667260,448.63,448.63,448.63,448.63,448.63,1,1
1643667265,448.63,448.63,448.63,448.63,448.63,0,0
1643667270,448.62,448.62,448.62,448.62,448.62,1,1
1643667275,448.62,448.62,448.62,448.62,448.62,0,0
1643667280,448.62,448.62,448.62,448.62,448.62,0,0
1643667285,448.62,448.62,448.62,448.62,448.62,0,0
1643667290,448.62,448.62,448.62,448.62,448.62,0,0
1643667295,448.62,448.62,448.62,448.62,448.62,0,0
1643667300,448.62,448.62,448.62,448.62,448.62,0,0
1643667305,448.62,448.62,448.62,448.62,448.62,0,0
1643667310,448.62,448.62,448.62,448.62,448.62,0,0
1643667315,448.62,448.62,448.62,448.62,448.62,0,0
1643667320,448.62,448.62,448.62,448.62,448.62,0,0
1643667325,448.62,448.62,448.62,448.62,448.62,0,0
1643667330,448.62,448.62,448.62,448.62,448.62,0,0
1643667335,448.6,448.6,448.6,448.6,448.6,1,1
1643667340,448.6,448.6,448.6,448.6,448.6,1,1
1643667345,448.6,448.6,448.6,448.6,448.6,0,0
1643667350,448.6,448.6,448.6,448.6,448.6,0,0
1643667355,448.6,448.6,448.6,448.6,448.6,0,0
1643667360,448.6,448.6,448.6,448.6,448.6,0,0
1643667365,448.6,448.6,448.6,448.6,448.6,0,0
1643667370,448.6,448.6,448.6,448.6,448.6,0,0
1643667375,448.6,448.6,448.6,448.6,448.6,7,1
1643667380,448.6,448.6,448.6,448.6,448.6,0,0
1643667385,448.6,448.6,448.6,448.6,448.6,0,0
1643667390,448.6,448.6,448.6,448.6,448.6,0,0
1643667395,448.6,448.6,448.6,448.6,448.6,0,0
1643667400,448.6,448.6,448.6,448.6,448.6,0,0
1643667405,448.6,448.6,448.6,448.6,448.6,0,0
1643667410,448.6,448.6,448.6,448.6,448.6,0,0
1643667415,448.6,448.6,448.6,448.6,448.6,0,0
1643667420,448.6,448.6,448.6,448.6,448.6,0,0
1643667425,448.6,448.6,448.6,448.6,448.6,0,0
1643667430,448.6,448.6,448.6,448.6,448.6,4,1
1643667435,448.6,448.6,448.6,448.6,448.6,0,0
1643667440,448.6,448.6,448.6,448.6,448.6,0,0
1643667445,448.6,448.6,448.6,448.6,448.6,0,0
1643667450,448.62,448.62,448.62,448.62,448.62,5,1
1643667455,448.62,448.62,448.62,448.62,448.62,0,0
1643667460,448.62,448.62,448.62,448.62,448.62,0,0
1643667465,448.62,448.62,448.62,448.62,448.62,0,0
1643667470,448.62,448.62,448.62,448.62,448.62,0,0
1643667475,448.62,448.62,448.62,448.62,448.62,0,0
1643667480,448.65,448.65,448.65,448.65,448.65,1,1
1643667485,448.65,448.65,448.65,448.65,448.65,0,0
1643667490,448.65,448.65,448.65,448.65,448.65,0,0
1643667495,448.65,448.65,448.65,448.65,448.65,0,0
1643667500,448.65,448.65,448.65,448.65,448.65,0,0
1643667505,448.65,448.65,448.65,448.65,448.65,0,0
1643667510,448.65,448.65,448.65,448.65,448.65,0,0
1643667515,448.65,448.65,448.65,448.65,448.65,0,0
1643667520,448.6,448.6,448.6,448.6,448.6,5,1
1643667525,448.6,448.6,448.6,448.6,448.6,0,0
1643667530,448.6,448.6,448.6,448.6,448.6,0,0
1643667535,448.6,448.6,448.6,448.6,448.6,0,0
1643667540,448.6,448.6,448.6,448.6,448.6,0,0
1643667545,448.6,448.6,448.6,448.6,448.6,2,1
1643667550,448.6,448.6,448.6,448.6,448.6,0,0
1643667555,448.6,448.6,448.6,448.6,448.6,0,0
1643667560,448.6,448.6,448.6,448.6,448.6,0,0
1643667565,448.6,448.6,448.6,448.6,448.6,0,0
1643667570,448.6,448.6,448.6,448.6,448.6,0,0
1643667575,448.6,448.6,448.6,448.6,448.6,0,0
1643667580,448.6,448.6,448.6,448.6,448.6,0,0
1643667585,448.6,448.6,448.6,448.6,448.6,0,0
1643667590,448.6,448.6,448.6,448.6,448.6,0,0
1643667595,448.6,448.6,448.6,448.6,448.6,0,0
1643667600,448.65,448.65,448.65,448.65,448.65,1,1
1643667605,448.65,448.65,448.65,448.65,448.65,0,0
1643667610,448.65,448.65,448.65,448.65,448.65,0,0
1643667615,448.65,448.65,448.65,448.65,448.65,0,0
1643667620,448.65,448.65,448.65,448.65,448.65,1,1
1643667625,448.65,448.65,448.65,448.65,448.65,0,0
1643667630,448.65,448.65,448.65,448.65,448.65,0,0
1643667635,448.65,448.65,448.65,448.65,448.65,0,0
1643667640,448.65,448.65,448.65,448.65,448.65,0,0
1643667645,448.64,448.64,448.64,448.64,448.64,1,1
1643667650,448.64,448.64,448.64,448.64,448.64,0,0
1643667655,448.65,448.65,448.65,448.65,448.65,5,1
1643667660,448.65,448.65,448.65,448.65,448.65,0,0
1643667665,448.65,448.65,448.65,448.65,448.65,0,0
1643667670,448.65,448.65,448.65,448.65,448.65,1,1
1643667675,448.65,448.65,448.65,448.65,448.65,0,0
1643667680,448.65,448.65,448.65,448.65,448.65,0,0
1643667685,448.65,448.65,448.65,448.65,448.65,0,0
1643667690,448.67,448.67,448.67,448.67,448.67,4,3
1643667695,448.67,448.67,448.67,448.67,448.67,0,0
1643667700,448.67,448.67,448.67,448.67,448.67,0,0
1643667705,448.67,448.67,448.67,448.67,448.67,0,0
1643667710,448.69,448.69,448.69,448.69,448.69,2,1
1643667715,448.69,448.69,448.69,448.69,448.69,8,8
1643667720,448.69,448.69,448.69,448.69,448.69,0,0
1643667725,448.69,448.69,448.69,448.69,448.69,0,0
1643667730,448.69,448.69,448.69,448.69,448.69,0,0
1643667735,448.71,448.71,448.71,448.71,448.71,5,2
1643667740,448.71,448.71,448.71,448.71,448.71,0,0
1643667745,448.71,448.71,448.71,448.71,448.71,0,0
1643667750,448.69,448.69,448.69,448.69,448.69,8,1
1643667755,448.69,448.69,448.69,448.69,448.69,0,0
1643667760,448.69,448.69,448.69,448.69,448.69,0,0
1643667765,448.69,448.69,448.69,448.69,448.69,22,4
1643667770,448.68,448.68,448.68,448.68,448.68,2,1
1643667775,448.68,448.68,448.68,448.68,448.68,0,0
1643667780,448.65,448.65,448.65,448.65,448.65,7,2
1643667785,448.65,448.65,448.65,448.65,448.65,0,0
1643667790,448.65,448.65,448.65,448.65,448.65,0,0
1643667795,448.65,448.65,448.65,448.65,448.65,0,0
1643667800,448.65,448.65,448.65,448.65,448.65,0,0
1643667805,448.65,448.65,448.65,448.65,448.65,0,0
1643667810,448.65,448.65,448.65,448.65,448.65,0,0
1643667815,448.65,448.65,448.65,448.65,448.65,16,2
1643667820,448.65,448.65,448.65,448.65,448.65,0,0
1643667825,448.65,448.65,448.65,448.65,448.65,0,0
1643667830,448.65,448.65,448.65,448.65,448.65,0,0
1643667835,448.65,448.65,448.65,448.65,448.65,0,0
1643667840,448.65,448.65,448.65,448.65,448.65,0,0
1643667845,448.65,448.65,448.65,448.65,448.65,0,0
1643667850,448.65,448.65,448.65,448.65,448.65,0,0
1643667855,448.65,448.65,448.65,448.65,448.65,0,0
1643667860,448.72,448.73,448.72,448.72,448.721,22,6
1643667865,448.72,448.72,448.72,448.72,448.72,0,0
1643667870,448.72,448.72,448.72,448.72,448.72,0,0
1643667875,448.72,448.72,448.72,448.72,448.72,0,0
1643667880,448.72,448.72,448.72,448.72,448.72,0,0
1643667885,448.72,448.72,448.72,448.72,448.72,0,0
1643667890,448.72,448.72,448.72,448.72,448.72,0,0
1643667895,448.69,448.69,448.5,448.5,448.595,17,9
1643667900,448.5,448.5,448.5,448.5,448.5,0,0
1643667905,448.5,448.5,448.5,448.5,448.5,0,0
1643667910,448.5,448.5,448.5,448.5,448.5,0,0
1643667915,448.5,448.5,448.5,448.5,448.5,0,0
1643667920,448.5,448.5,448.5,448.5,448.5,0,0
1643667925,448.5,448.5,448.5,448.5,448.5,0,0
1643667930,448.5,448.5,448.5,448.5,448.5,0,0
1643667935,448.7,448.7,448.7,448.7,448.7,2,2
1643667940,448.7,448.7,448.7,448.7,448.7,14,3
1643667945,448.7,448.7,448.7,448.7,448.7,0,0
1643667950,448.7,448.7,448.7,448.7,448.7,0,0
1643667955,448.7,448.7,448.7,448.7,448.7,0,0
1643667960,448.7,448.7,448.7,448.7,448.7,0,0
1643667965,448.74,448.74,448.74,448.74,448.74,1,1
1643667970,448.74,448.74,448.74,448.74,448.74,0,0
1643667975,448.74,448.74,448.74,448.74,448.74,0,0
1643667980,448.73,448.73,448.73,448.73,448.73,3,2
1643667985,448.74,448.74,448.74,448.74,448.74,1,1
1643667990,448.74,448.74,448.74,448.74,448.74,0,0
1643667995,448.7,448.7,448.7,448.7,448.7,1,1
1643668000,448.7,448.7,448.7,448.7,448.7,0,0
1643668005,448.7,448.7,448.7,448.7,448.7,0,0
1643668010,448.7,448.7,448.7,448.7,448.7,0,0
1643668015,448.7,448.7,448.7,448.7,448.7,0,0
1643668020,448.7,448.7,448.7,448.7,448.7,0,0
1643668025,448.7,448.7,448.7,448.7,448.7,0,0
1643668030,448.74,448.74,448.74,448.74,448.74,1,1
1643668035,448.74,448.74,448.74,448.74,448.74,0,0
1643668040,448.74,448.74,448.74,448.74,448.74,0,0
1643668045,448.74,448.74,448.74,448.74,448.74,0,0
1643668050,448.74,448.74,448.74,448.74,448.74,0,0
1643668055,448.74,448.74,448.74,448.74,448.74,0,0
1643668060,448.74,448.74,448.74,448.74,448.74,0,0
1643668065,448.74,448.74,448.74,448.74,448.74,0,0
1643668070,448.74,448.74,448.74,448.74,448.74,0,0
1643668075,448.74,448.74,448.74,448.74,448.74,0,0
1643668080,448.74,448.74,448.74,448.74,448.74,0,0
1643668085,448.74,448.74,448.74,448.74,448.74,0,0
1643668090,448.74,448.74,448.74,448.74,448.74,2,2
1643668095,448.74,448.74,448.74,448.74,448.74,0,0
1643668100,448.75,448.75,448.75,448.75,448.75,1,1
1643668105,448.75,448.75,448.75,448.75,448.75,3,2
1643668110,448.75,448.75,448.75,448.75,448.75,0,0
1643668115,448.75,448.75,448.75,448.75,448.75,0,0
1643668120,448.76,448.76,448.76,448.76,448.76,3,3
1643668125,448.76,448.76,448.76,448.76,448.76,0,0
1643668130,448.76,448.76,448.76,448.76,448.76,0,0
1643668135,448.76,448.76,448.76,448.76,448.76,0,0
1643668140,448.76,448.76,448.76,448.76,448.76,0,0
1643668145,448.76,448.76,448.76,448.76,448.76,0,0
1643668150,448.76,448.76,448.76,448.76,448.76,0,0
1643668155,448.76,448.76,448.76,448.76,448.76,0,0
1643668160,448.76,448.76,448.76,448.76,448.76,0,0
1643668165,448.76,448.76,448.76,448.76,448.76,0,0
1643668170,448.76,448.76,448.76,448.76,448.76,0,0
1643668175,448.76,448.76,448.76,448.76,448.76,0,0
1643668180,448.76,448.76,448.76,448.76,448.76,0,0
1643668185,448.76,448.76,448.76,448.76,448.76,0,0
1643668190,448.75,448.75,448.75,448.75,448.75,2,2
1643668195,448.75,448.75,448.75,448.75,448.75,0,0
1643668200,448.75,448.75,448.75,448.75,448.75,0,0
1643668205,448.75,448.76,448.75,448.76,448.759,18,9
1643668210,448.76,448.76,448.76,448.76,448.76,0,0
1643668215,448.76,448.76,448.76,448.76,448.76,0,0
1643668220,448.76,448.76,448.76,448.76,448.76,0,0
1643668225,448.76,448.76,448.76,448.76,448.76,0,0
1643668230,448.78,448.78,448.78,448.78,448.78,4,2
1643668235,448.78,448.78,448.78,448.78,448.78,3,3
1643668240,448.78,448.78,448.78,448.78,448.78,0,0
1643668245,448.78,448.78,448.78,448.78,448.78,3,2
1643668250,448.78,448.78,448.78,448.78,448.78,0,0
1643668255,448.78,448.78,448.78,448.78,448.78,0,0
1643668260,448.78,448.78,448.78,448.78,448.78,0,0
1643668265,448.78,448.78,448.78,448.78,448.78,0,0
1643668270,448.78,448.78,448.78,448.78,448.78,0,0
1643668275,448.81,448.81,448.81,448.81,448.81,20,10
1643668280,448.81,448.81,448.81,448.81,448.81,22,5
1643668285,448.81,448.81,448.81,448.81,448.81,0,0
1643668290,448.81,448.81,448.81,448.81,448.81,0,0
1643668295,448.81,448.81,448.81,448.81,448.81,0,0
1643668300,448.81,448.81,448.81,448.81,448.81,0,0
1643668305,448.81,448.81,448.81,448.81,448.81,0,0
1643668310,448.81,448.81,448.81,448.81,448.81,0,0
1643668315,448.81,448.81,448.81,448.81,448.81,0,0
1643668320,448.81,448.81,448.81,448.81,448.81,0,0
1643668325,448.81,448.81,448.81,448.81,448.81,0,0
1643668330,448.81,448.81,448.81,448.81,448.81,0,0
1643668335,448.83,448.83,448.83,448.83,448.83,1,1
1643668340,448.83,448.83,448.83,448.83,448.83,0,0
1643668345,448.82,448.82,448.82,448.82,448.82,2,1
1643668350,448.82,448.82,448.82,448.82,448.82,0,0
1643668355,448.82,448.82,448.82,448.82,448.82,10,2
1643668360,448.82,448.82,448.82,448.82,448.82,1,1
1643668365,448.82,448.83,448.82,448.83,448.823,4,2
1643668370,448.83,448.83,448.83,448.83,448.83,4,2
1643668375,448.83,448.83,448.83,448.83,448.83,1,1
1643668380,448.83,448.83,448.83,448.83,448.83,0,0
1643668385,448.83,448.83,448.83,448.83,448.83,2,1
1643668390,448.84,448.84,448.84,448.84,448.84,3,1
1643668395,448.84,448.84,448.84,448.84,448.84,0,0
1643668400,448.84,448.84,448.84,448.84,448.84,0,0
1643668405,448.84,448.84,448.84,448.84,448.84,8,5
1643668410,448.84,448.84,448.84,448.84,448.84,2,1
1643668415,448.84,448.84,448.84,448.84,448.84,0,0
1643668420,448.84,448.84,448.84,448.84,448.84,0,0
1643668425,448.84,448.84,448.84,448.84,448.84,0,0
1643668430,448.84,448.84,448.84,448.84,448.84,0,0
1643668435,448.84,448.84,448.84,448.84,448.84,0,0
1643668440,448.85,448.85,448.85,448.85,448.85,2,1
1643668445,448.85,448.85,448.85,448.85,448.85,0,0
1643668450,448.85,448.85,448.85,448.85,448.85,2,2
1643668455,448.85,448.85,448.85,448.85,448.85,0,0
1643668460,448.85,448.85,448.85,448.85,448.85,0,0
1643668465,448.85,448.85,448.85,448.85,448.85,1,1
1643668470,448.85,448.85,448.85,448.85,448.85,0,0
1643668475,448.84,448.84,448.84,448.84,448.84,8,1
1643668480,448.84,448.84,448.84,448.84,448.84,0,0
1643668485,448.84,448.85,448.84,448.85,448.848,5,4
1643668490,448.85,448.85,448.85,448.85,448.85,0,0
1643668495,448.85,448.85,448.85,448.85,448.85,0,0
1643668500,448.85,448.85,448.85,448.85,448.85,0,0
1643668505,448.85,448.85,448.85,448.85,448.85,0,0
1643668510,448.86,448.86,448.86,448.86,448.86,3,2
1643668515,448.86,448.86,448.86,448.86,448.86,0,0
1643668520,448.86,448.86,448.86,448.86,448.86,10,2
1643668525,448.86,448.88,448.86,448.88,448.876,13,6
1643668530,448.88,448.88,448.88,448.88,448.88,5,2
1643668535,448.88,448.88,448.88,448.88,448.88,2,1
1643668540,448.88,448.88,448.88,448.88,448.88,6,3
1643668545,448.88,448.88,448.88,448.88,448.88,0,0
1643668550,448.88,448.88,448.88,448.88,448.88,0,0
1643668555,448.88,448.88,448.88,448.88,448.88,0,0
1643668560,448.88,448.88,448.88,448.88,448.88,0,0
1643668565,448.88,448.88,448.88,448.88,448.88,0,0
1643668570,448.89,448.89,448.89,448.89,448.89,1,1
1643668575,448.89,448.89,448.89,448.89,448.89,0,0
1643668580,448.89,448.89,448.89,448.89,448.89,0,0
1643668585,448.89,448.89,448.89,448.89,448.89,0,0
1643668590,448.89,448.89,448.89,448.89,448.89,0,0
1643668595,448.87,448.87,448.87,448.87,448.87,1,1
1643668600,448.87,448.87,448.87,448.87,448.87,0,0
1643668605,448.89,448.89,448.89,448.89,448.89,3,3
1643668610,448.89,448.89,448.89,448.89,448.89,0,0
1643668615,448.89,448.89,448.89,448.89,448.89,0,0
1643668620,448.89,448.89,448.89,448.89,448.89,0,0
1643668625,448.89,448.89,448.89,448.89,448.89,0,0
1643668630,448.89,448.89,448.89,448.89,448.89,18,5
1643668635,448.89,448.89,448.89,448.89,448.89,0,0
1643668640,448.89,448.89,448.89,448.89,448.89,0,0
1643668645,448.89,448.89,448.89,448.89,448.89,0,0
1643668650,448.89,448.89,448.89,448.89,448.89,0,0
1643668655,448.89,448.89,448.89,448.89,448.89,0,0
1643668660,448.89,448.89,448.89,448.89,448.89,1,1
1643668665,448.89,448.89,448.89,448.89,448.89,0,0
1643668670,448.89,448.89,448.89,448.89,448.89,0,0
1643668675,448.89,448.89,448.89,448.89,448.89,0,0
1643668680,448.89,448.89,448.89,448.89,448.89,0,0
1643668685,448.89,448.89,448.89,448.89,448.89,0,0
1643668690,448.89,448.89,448.89,448.89,448.89,0,0
1643668695,448.89,448.89,448.89,448.89,448.89,0,0
1643668700,448.89,448.89,448.89,448.89,448.89,0,0
1643668705,448.89,448.89,448.89,448.89,448.89,0,0
1643668710,448.89,448.89,448.89,448.89,448.89,0,0
1643668715,448.89,448.89,448.89,448.89,448.89,0,0
1643668720,448.89,448.89,448.89,448.89,448.89,0,0
1643668725,448.89,448.89,448.89,448.89,448.89,0,0
1643668730,448.89,448.89,448.89,448.89,448.89,0,0
1643668735,448.89,448.89,448.89,448.89,448.89,19,10
1643668740,448.89,448.89,448.89,448.89,448.89,0,0
1643668745,448.89,448.89,448.89,448.89,448.89,0,0
1643668750,448.9,448.9,448.9,448.9,448.9,3,3
1643668755,448.9,448.9,448.9,448.9,448.9,0,0
1643668760,448.9,448.9,448.9,448.9,448.9,0,0
1643668765,448.9,448.9,448.9,448.9,448.9,0,0
1643668770,448.9,448.9,448.9,448.9,448.9,0,0
1643668775,448.85,448.85,448.85,448.85,448.85,2,2
1643668780,448.88,448.88,448.85,448.85,448.865,27,4
1643668785,448.9,448.9,448.88,448.88,448.882,11,3
1643668790,448.88,448.88,448.88,448.88,448.88,0,0
1643668795,448.92,448.92,448.91,448.92,448.92,31,16
1643668800,448.92,448.92,448.92,448.92,448.92,0,0
1643668805,448.92,448.92,448.92,448.92,448.92,0,0
1643668810,448.92,448.92,448.92,448.92,448.92,0,0
1643668815,448.92,448.92,448.92,448.92,448.92,0,0
1643668820,448.92,448.92,448.92,448.92,448.92,0,0
1643668825,448.92,448.92,448.92,448.92,448.92,0,0
1643668830,448.92,448.92,448.92,448.92,448.92,0,0
1643668835,448.92,448.93,448.92,448.93,448.925,2,2
1643668840,448.93,448.93,448.93,448.93,448.93,0,0
1643668845,448.93,448.93,448.93,448.93,448.93,0,0
1643668850,448.93,448.93,448.93,448.93,448.93,0,0
1643668855,448.93,448.93,448.93,448.93,448.93,0,0
1643668860,448.9,448.9,448.9,448.9,448.9,2,2
1643668865,448.9,448.9,448.9,448.9,448.9,0,0
1643668870,448.9,448.91,448.9,448.91,448.906,34,9
1643668875,448.92,448.92,448.92,448.92,448.92,4,1
1643668880,448.92,448.92,448.92,448.92,448.92,0,0
1643668885,448.92,448.92,448.92,448.92,448.92,0,0
1643668890,448.92,448.92,448.92,448.92,448.92,0,0
1643668895,448.92,448.92,448.92,448.92,448.92,0,0
1643668900,448.92,448.92,448.92,448.92,448.92,0,0
1643668905,448.92,448.92,448.92,448.92,448.92,0,0
1643668910,448.92,448.92,448.92,448.92,448.92,0,0
1643668915,448.9,448.9,448.9,448.9,448.9,14,4
1643668920,448.9,448.9,448.9,448.9,448.9,1,1
1643668925,448.9,448.9,448.9,448.9,448.9,1,1
1643668930,448.93,448.93,448.93,448.93,448.93,1,1
1643668935,448.93,448.93,448.93,448.93,448.93,0,0
1643668940,448.93,448.93,448.93,448.93,448.93,0,0
1643668945,448.93,448.93,448.93,448.93,448.93,0,0
1643668950,448.9,448.9,448.9,448.9,448.9,10,2
1643668955,448.9,448.9,448.9,448.9,448.9,0,0
1643668960,448.9,448.9,448.9,448.9,448.9,0,0
1643668965,448.9,448.9,448.9,448.9,448.9,0,0
1643668970,448.9,448.9,448.9,448.9,448.9,0,0
1643668975,448.9,448.9,448.9,448.9,448.9,0,0
1643668980,448.9,448.9,448.9,448.9,448.9,0,0
1643668985,448.9,448.9,448.9,448.9,448.9,0,0
1643668990,448.9,448.9,448.9,448.9,448.9,0,0
1643668995,448.9,448.9,448.9,448.9,448.9,0,0
1643669000,448.9,448.9,448.9,448.9,448.9,0,0
1643669005,448.9,448.9,448.9,448.9,448.9,0,0
1643669010,448.9,448.9,448.9,448.9,448.9,0,0
1643669015,448.9,448.9,448.9,448.9,448.9,0,0
1643669020,448.9,448.9,448.9,448.9,448.9,0,0
1643669025,448.81,448.81,448.8,448.8,448.808,6,2
1643669030,448.8,448.8,448.8,448.8,448.8,0,0
1643669035,448.8,448.8,448.8,448.8,448.8,0,0
1643669040,448.8,448.8,448.8,448.8,448.8,0,0
1643669045,448.8,448.8,448.8,448.8,448.8,0,0
1643669050,448.8,448.8,448.8,448.8,448.8,0,0
1643669055,448.8,448.8,448.8,448.8,448.8,0,0
1643669060,448.8,448.8,448.8,448.8,448.8,0,0
1643669065,448.8,448.8,448.8,448.8,448.8,0,0
1643669070,448.8,448.8,448.8,448.8,448.8,0,0
1643669075,448.8,448.8,448.8,448.8,448.8,0,0
1643669080,448.8,448.8,448.8,448.8,448.8,0,0
1643669085,448.89,448.9,448.89,448.9,448.895,10,2
1643669090,448.9,448.9,448.9,448.9,448.9,0,0
1643669095,448.9,448.9,448.9,448.9,448.9,0,0
1643669100,448.9,448.9,448.9,448.9,448.9,0,0
1643669105,448.9,448.9,448.9,448.9,448.9,0,0
1643669110,448.9,448.9,448.9,448.9,448.9,6,2
1643669115,448.9,448.9,448.9,448.9,448.9,0,0
1643669120,448.9,448.9,448.9,448.9,448.9,0,0
1643669125,448.9,448.9,448.9,448.9,448.9,0,0
1643669130,448.9,448.9,448.9,448.9,448.9,0,0
1643669135,448.9,448.9,448.9,448.9,448.9,0,0
1643669140,448.9,448.9,448.9,448.9,448.9,0,0
1643669145,448.9,448.9,448.9,448.9,448.9,0,0
1643669150,448.9,448.9,448.9,448.9,448.9,0,0
1643669155,448.9,448.9,448.9,448.9,448.9,0,0
1643669160,448.9,448.9,448.9,448.9,448.9,0,0
1643669165,448.9,448.9,448.9,448.9,448.9,0,0
1643669170,448.9,448.9,448.9,448.9,448.9,0,0
1643669175,448.9,448.9,448.9,448.9,448.9,0,0
1643669180,448.9,448.9,448.9,448.9,448.9,0,0
1643669185,448.9,448.9,448.9,448.9,448.9,0,0
1643669190,448.9,448.9,448.9,448.9,448.9,0,0
1643669195,448.81,448.81,448.81,448.81,448.81,2,1
1643669200,448.81,448.81,448.81,448.81,448.81,0,0
1643669205,448.81,448.81,448.81,448.81,448.81,0,0
1643669210,448.81,448.81,448.81,448.81,448.81,1,1
1643669215,448.81,448.81,448.81,448.81,448.81,0,0
1643669220,448.9,448.93,448.9,448.91,448.91,23,15
1643669225,448.91,448.91,448.91,448.91,448.91,15,2
1643669230,448.91,448.91,448.91,448.91,448.91,0,0
1643669235,448.91,448.91,448.91,448.91,448.91,0,0
1643669240,448.91,448.91,448.91,448.91,448.91,0,0
1643669245,448.91,448.91,448.91,448.91,448.91,0,0
1643669250,448.91,448.91,448.91,448.91,448.91,0,0
1643669255,448.91,448.91,448.91,448.91,448.91,0,0
1643669260,448.91,448.91,448.91,448.91,448.91,0,0
1643669265,448.9,448.9,448.9,448.9,448.9,11,3
1643669270,448.9,448.9,448.9,448.9,448.9,0,0
1643669275,448.9,448.9,448.9,448.9,448.9,0,0
1643669280,448.9,448.9,448.9,448.9,448.9,0,0
1643669285,448.9,448.9,448.9,448.9,448.9,0,0
1643669290,448.91,448.91,448.9,448.9,448.905,2,2
1643669295,448.9,448.9,448.9,448.9,448.9,0,0
1643669300,448.9,448.9,448.9,448.9,448.9,0,0
1643669305,448.9,448.9,448.9,448.9,448.9,0,0
1643669310,448.9,448.9,448.9,448.9,448.9,0,0
1643669315,448.9,448.9,448.9,448.9,448.9,0,0
1643669320,448.89,448.89,448.89,448.89,448.89,1,1
1643669325,448.89,448.89,448.89,448.89,448.89,1,1
1643669330,448.93,448.93,448.93,448.93,448.93,8,4
1643669335,448.93,448.93,448.93,448.93,448.93,0,0
1643669340,448.93,448.93,448.93,448.93,448.93,0,0
1643669345,448.93,448.93,448.93,448.93,448.93,0,0
1643669350,448.9,448.9,448.9,448.9,448.9,13,1
1643669355,448.88,448.88,448.88,448.88,448.88,10,2
1643669360,448.88,448.88,448.88,448.88,448.88,0,0
1643669365,448.95,448.96,448.94,448.96,448.955,22,18
1643669370,448.96,448.96,448.96,448.96,448.96,0,0
1643669375,448.94,448.94,448.91,448.91,448.917,6,4
1643669380,448.85,448.85,448.85,448.85,448.85,1,1
1643669385,448.85,448.85,448.85,448.85,448.85,0,0
1643669390,448.85,448.85,448.85,448.85,448.85,1,1
1643669395,448.85,448.85,448.85,448.85,448.85,0,0
1643669400,448.85,448.85,448.85,448.85,448.85,0,0
1643669405,448.85,448.85,448.85,448.85,448.85,0,0
1643669410,448.85,448.85,448.85,448.85,448.85,0,0
1643669415,448.9,448.9,448.9,448.9,448.9,3,1
1643669420,448.87,448.87,448.87,448.87,448.87,3,1
1643669425,448.87,448.87,448.87,448.87,448.87,0,0
1643669430,448.87,448.87,448.84,448.87,448.861,3,3
1643669435,448.83,448.83,448.83,448.83,448.83,1,1
1643669440,448.83,448.83,448.83,448.83,448.83,0,0
1643669445,448.85,448.85,448.84,448.84,448.846,39,3
1643669450,448.84,448.84,448.84,448.84,448.84,0,0
1643669455,448.84,448.84,448.84,448.84,448.84,0,0
1643669460,448.84,448.84,448.84,448.84,448.84,1,1
1643669465,448.84,448.84,448.84,448.84,448.84,0,0
1643669470,448.84,448.84,448.84,448.84,448.84,0,0
1643669475,448.84,448.84,448.84,448.84,448.84,0,0
1643669480,448.85,448.85,448.85,448.85,448.85,4,4
1643669485,448.85,448.85,448.85,448.85,448.85,0,0
1643669490,448.85,448.85,448.85,448.85,448.85,0,0
1643669495,448.85,448.85,448.85,448.85,448.85,0,0
1643669500,448.85,448.85,448.85,448.85,448.85,0,0
1643669505,448.85,448.85,448.85,448.85,448.85,0,0
1643669510,448.85,448.85,448.85,448.85,448.85,0,0
1643669515,448.85,448.85,448.85,448.85,448.85,10,5
1643669520,448.85,448.85,448.85,448.85,448.85,3,3
1643669525,448.85,448.85,448.85,448.85,448.85,0,0
1643669530,448.85,448.85,448.85,448.85,448.85,0,0
1643669535,448.85,448.85,448.85,448.85,448.85,0,0
1643669540,448.85,448.85,448.85,448.85,448.85,1,1
1643669545,448.85,448.85,448.85,448.85,448.85,11,1
1643669550,448.85,448.85,448.85,448.85,448.85,0,0
1643669555,448.85,448.85,448.85,448.85,448.85,0,0
1643669560,448.85,448.85,448.85,448.85,448.85,0,0
1643669565,448.82,448.82,448.82,448.82,448.82,1,1
1643669570,448.81,448.81,448.81,448.81,448.81,5,2
1643669575,448.81,448.81,448.81,448.81,448.81,0,0
1643669580,448.81,448.81,448.81,448.81,448.81,0,0
1643669585,448.81,448.81,448.81,448.81,448.81,0,0
1643669590,448.83,448.83,448.83,448.83,448.83,4,2
1643669595,448.83,448.83,448.83,448.83,448.83,0,0
1643669600,448.83,448.83,448.83,448.83,448.83,0,0
1643669605,448.83,448.83,448.83,448.83,448.83,0,0
1643669610,448.83,448.83,448.83,448.83,448.83,0,0
1643669615,448.83,448.83,448.83,448.83,448.83,7,1
1643669620,448.83,448.83,448.83,448.83,448.83,0,0
1643669625,448.82,448.82,448.82,448.82,448.82,1,1
1643669630,448.83,448.83,448.82,448.82,448.825,4,3
1643669635,448.82,448.82,448.82,448.82,448.82,0,0
1643669640,448.82,448.82,448.82,448.82,448.82,0,0
1643669645,448.82,448.82,448.82,448.82,448.82,0,0
1643669650,448.82,448.82,448.82,448.82,448.82,0,0
1643669655,448.83,448.83,448.83,448.83,448.83,1,1
1643669660,448.83,448.83,448.83,448.83,448.83,0,0
1643669665,448.83,448.83,448.83,448.83,448.83,0,0
1643669670,448.83,448.83,448.83,448.83,448.83,0,0
1643669675,448.83,448.83,448.83,448.83,448.83,0,0
1643669680,448.81,448.85,448.8,448.85,448.818,12,8
1643669685,448.85,448.85,448.85,448.85,448.85,0,0
1643669690,448.85,448.85,448.85,448.85,448.85,0,0
1643669695,448.85,448.85,448.85,448.85,448.85,0,0
1643669700,448.85,448.85,448.85,448.85,448.85,0,0
1643669705,448.85,448.85,448.85,448.85,448.85,0,0
1643669710,448.85,448.85,448.85,448.85,448.85,0,0
1643669715,448.85,448.85,448.85,448.85,448.85,0,0
1643669720,448.85,448.85,448.85,448.85,448.85,0,0
1643669725,448.85,448.85,448.85,448.85,448.85,0,0
1643669730,448.85,448.85,448.85,448.85,448.85,0,0
1643669735,448.81,448.81,448.81,448.81,448.81,4,1
1643669740,448.81,448.81,448.81,448.81,448.81,0,0
1643669745,448.81,448.81,448.81,448.81,448.81,0,0
1643669750,448.81,448.81,448.81,448.81,448.81,0,0
1643669755,448.81,448.81,448.81,448.81,448.81,0,0
1643669760,448.81,448.81,448.81,448.81,448.81,0,0
1643669765,448.81,448.81,448.81,448.81,448.81,0,0
1643669770,448.81,448.81,448.81,448.81,448.81,0,0
1643669775,448.81,448.81,448.81,448.81,448.81,0,0
1643669780,448.81,448.81,448.81,448.81,448.81,0,0
1643669785,448.81,448.81,448.81,448.81,448.81,0,0
1643669790,448.81,448.81,448.81,448.81,448.81,0,0
1643669795,448.81,448.81,448.81,448.81,448.81,0,0
1643669800,448.81,448.81,448.81,448.81,448.81,0,0
1643669805,448.81,448.81,448.81,448.81,448.81,0,0
1643669810,448.81,448.81,448.81,448.81,448.81,0,0
1643669815,448.81,448.81,448.81,448.81,448.81,0,0
1643669820,448.81,448.81,448.81,448.81,448.81,0,0
1643669825,448.81,448.81,448.81,448.81,448.81,0,0
1643669830,448.81,448.81,448.81,448.81,448.81,0,0
1643669835,448.81,448.81,448.81,448.81,448.81,0,0
1643669840,448.81,448.81,448.81,448.81,448.81,0,0
1643669845,448.81,448.81,448.81,448.81,448.81,0,0
1643669850,448.81,448.81,448.81,448.81,448.81,0,0
1643669855,448.81,448.81,448.81,448.81,448.81,0,0
1643669860,448.81,448.81,448.81,448.81,448.81,3,1
1643669865,448.81,448.81,448.81,448.81,448.81,0,0
1643669870,448.8,448.8,448.8,448.8,448.8,1,1
1643669875,448.8,448.8,448.8,448.8,448.8,0,0
1643669880,448.8,448.8,448.8,448.8,448.8,0,0
1643669885,448.8,448.8,448.8,448.8,448.8,0,0
1643669890,448.8,448.8,448.8,448.8,448.8,0,0
1643669895,448.8,448.8,448.8,448.8,448.8,0,0
1643669900,448.8,448.8,448.8,448.8,448.8,1,1
1643669905,448.8,448.8,448.8,448.8,448.8,0,0
1643669910,448.83,448.83,448.83,448.83,448.83,1,1
1643669915,448.83,448.83,448.83,448.83,448.83,2,1
1643669920,448.83,448.83,448.83,448.83,448.83,0,0
1643669925,448.83,448.83,448.83,448.83,448.83,0,0
1643669930,448.83,448.83,448.83,448.83,448.83,0,0
1643669935,448.83,448.83,448.83,448.83,448.83,0,0
1643669940,448.8,448.8,448.8,448.8,448.8,1,1
1643669945,448.8,448.8,448.8,448.8,448.8,0,0
1643669950,448.8,448.8,448.8,448.8,448.8,0,0
1643669955,448.8,448.8,448.8,448.8,448.8,0,0
1643669960,448.8,448.8,448.8,448.8,448.8,0,0
1643669965,448.8,448.8,448.8,448.8,448.8,0,0
1643669970,448.8,448.8,448.8,448.8,448.8,0,0
1643669975,448.8,448.8,448.8,448.8,448.8,0,0
1643669980,448.8,448.8,448.8,448.8,448.8,0,0
1643669985,448.8,448.8,448.8,448.8,448.8,0,0
1643669990,448.8,448.8,448.8,448.8,448.8,8,3
1643669995,448.83,448.83,448.83,448.83,448.83,3,1
1643670000,448.83,448.85,448.83,448.85,448.849,48,18
1643670005,448.84,448.84,448.78,448.78,448.837,32,11
1643670010,448.77,448.77,448.77,448.77,448.77,16,4
1643670015,448.75,448.75,448.75,448.75,448.75,1,1
1643670020,448.9,448.96,448.9,448.95,448.952,65,4
1643670025,448.98,448.99,448.98,448.98,448.987,13,5
1643670030,449.01,449.01,449.01,449.01,449.01,5,1
1643670035,448.98,449.0,448.98,449.0,448.99,8,4
1643670040,448.98,448.98,448.95,448.95,448.963,9,3
1643670045,448.95,448.95,448.95,448.95,448.95,0,0
1643670050,448.95,448.95,448.95,448.95,448.95,0,0
1643670055,448.95,448.95,448.95,448.95,448.95,0,0
1643670060,448.95,448.95,448.95,448.95,448.95,0,0
1643670065,449.02,449.02,449.02,449.02,449.02,3,1
1643670070,449.02,449.02,449.02,449.02,449.02,0,0
1643670075,449.02,449.02,449.02,449.02,449.02,0,0
1643670080,449.02,449.02,449.02,449.02,449.02,0,0
1643670085,449.0,449.06,449.0,449.06,449.011,11,4
1643670090,449.06,449.06,449.06,449.06,449.06,0,0
1643670095,449.06,449.06,449.06,449.06,449.06,0,0
1643670100,449.03,449.03,449.03,449.03,449.03,6,1
1643670105,449.03,449.03,449.03,449.03,449.03,0,0
1643670110,449.01,449.01,449.01,449.01,449.01,5,1
1643670115,449.01,449.01,449.01,449.01,449.01,0,0
1643670120,449.01,449.01,449.01,449.01,449.01,0,0
1643670125,449.07,449.07,449.07,449.07,449.07,6,2
1643670130,449.05,449.05,449.05,449.05,449.05,5,1
1643670135,449.07,449.07,449.07,449.07,449.07,9,2
1643670140,449.12,449.12,449.12,449.12,449.12,8,4
1643670145,449.1,449.12,449.1,449.12,449.109,10,4
1643670150,449.09,449.09,449.09,449.09,449.09,1,1
1643670155,449.08,449.08,449.07,449.07,449.077,15,4
1643670160,449.07,449.07,449.07,449.07,449.07,0,0
1643670165,449.03,449.03,449.03,449.03,449.03,2,1
1643670170,449.02,449.02,449.02,449.02,449.02,1,1
1643670175,449.0,449.0,449.0,449.0,449.0,14,3
1643670180,449.0,449.0,449.0,449.0,449.0,0,0
1643670185,448.94,448.94,448.94,448.94,448.94,3,1
1643670190,448.94,448.94,448.94,448.94,448.94,0,0
1643670195,448.94,448.94,448.94,448.94,448.94,0,0
1643670200,448.94,448.94,448.94,448.94,448.94,0,0
1643670205,448.94,448.94,448.94,448.94,448.94,0,0
1643670210,448.94,448.94,448.94,448.94,448.94,0,0
1643670215,449.03,449.04,449.03,449.03,449.033,19,4
1643670220,449.01,449.03,449.01,449.03,449.013,6,2
1643670225,449.03,449.03,449.03,449.03,449.03,0,0
1643670230,449.03,449.03,449.03,449.03,449.03,0,0
1643670235,449.01,449.01,448.98,448.98,449.008,18,7
1643670240,448.98,448.98,448.94,448.96,448.959,3,3
1643670245,448.96,448.96,448.96,448.96,448.96,0,0
1643670250,448.93,448.93,448.93,448.93,448.93,1,1
1643670255,448.93,448.93,448.93,448.93,448.93,1,1
1643670260,448.91,448.91,448.91,448.91,448.91,1,1
1643670265,448.91,448.91,448.91,448.91,448.91,0,0
1643670270,448.91,448.91,448.91,448.91,448.91,0,0
1643670275,448.91,448.91,448.91,448.91,448.91,0,0
1643670280,448.8,448.8,448.8,448.8,448.8,1,1
1643670285,448.8,448.8,448.8,448.8,448.8,0,0
1643670290,448.8,448.8,448.8,448.8,448.8,14,8
1643670295,448.8,448.8,448.8,448.8,448.8,0,0
1643670300,448.83,448.83,448.8,448.8,448.805,6,4
1643670305,448.8,448.8,448.8,448.8,448.8,0,0
1643670310,448.8,448.8,448.8,448.8,448.8,5,1
1643670315,448.72,448.72,448.72,448.72,448.72,4,1
1643670320,448.7,448.7,448.66,448.68,448.686,12,5
1643670325,448.68,448.68,448.68,448.68,448.68,0,0
1643670330,448.68,448.68,448.68,448.68,448.68,0,0
1643670335,448.68,448.68,448.68,448.68,448.68,0,0
1643670340,448.68,448.68,448.68,448.68,448.68,0,0
1643670345,448.68,448.68,448.68,448.68,448.68,0,0
1643670350,448.68,448.68,448.68,448.68,448.68,0,0
1643670355,448.68,448.68,448.68,448.68,448.68,0,0
1643670360,448.68,448.68,448.68,448.68,448.68,0,0
1643670365,448.76,448.76,448.76,448.76,448.76,4,1
1643670370,448.76,448.76,448.76,448.76,448.76,0,0
1643670375,448.77,448.77,448.77,448.77,448.77,4,2
1643670380,448.77,448.77,448.77,448.77,448.77,0,0
1643670385,448.77,448.77,448.77,448.77,448.77,0,0
1643670390,448.76,448.76,448.76,448.76,448.76,2,1
1643670395,448.76,448.76,448.76,448.76,448.76,0,0
1643670400,448.76,448.76,448.76,448.76,448.76,0,0
1643670405,448.76,448.76,448.76,448.76,448.76,0,0
1643670410,448.76,448.76,448.76,448.76,448.76,0,0
1643670415,448.8,448.8,448.8,448.8,448.8,1,1
1643670420,448.8,448.8,448.8,448.8,448.8,0,0
1643670425,448.9,448.9,448.9,448.9,448.9,4,3
1643670430,448.9,448.9,448.9,448.9,448.9,0,0
1643670435,448.9,448.9,448.9,448.9,448.9,0,0
1643670440,448.9,448.9,448.9,448.9,448.9,0,0
1643670445,448.9,448.9,448.9,448.9,448.9,0,0
1643670450,448.9,448.9,448.9,448.9,448.9,0,0
1643670455,448.9,448.9,448.9,448.9,448.9,0,0
1643670460,448.9,448.9,448.9,448.9,448.9,0,0
1643670465,448.9,448.9,448.9,448.9,448.9,0,0
1643670470,448.9,448.9,448.9,448.9,448.9,0,0
1643670475,448.9,448.9,448.9,448.9,448.9,0,0
1643670480,448.9,448.9,448.9,448.9,448.9,0,0
1643670485,449.04,449.1,449.04,449.1,449.076,5,2
1643670490,449.1,449.1,449.1,449.1,449.1,0,0
1643670495,449.1,449.1,449.1,449.1,449.1,0,0
1643670500,449.14,449.14,449.14,449.14,449.14,2,2
1643670505,449.16,449.16,449.16,449.16,449.16,1,1
1643670510,449.16,449.16,449.1,449.1,449.13,4,3
1643670515,449.1,449.1,449.1,449.1,449.1,0,0
1643670520,449.1,449.1,449.1,449.1,449.1,0,0
1643670525,449.08,449.08,449.07,449.07,449.078,13,7
1643670530,449.09,449.09,449.09,449.09,449.09,4,1
1643670535,449.09,449.11,449.09,449.11,449.107,87,16
1643670540,449.14,449.14,449.11,449.11,449.138,43,16
1643670545,449.11,449.11,449.11,449.11,449.11,0,0
1643670550,449.09,449.12,449.09,449.12,449.118,46,13
1643670555,449.12,449.12,449.12,449.12,449.12,2,2
1643670560,449.12,449.12,449.12,449.12,449.12,0,0
1643670565,449.12,449.12,449.12,449.12,449.12,0,0
