date,open,high,low,close,average,volume,count
1629792000,447.98,447.98,447.98,447.98,447.98,1,1
1629792005,447.98,447.98,447.98,447.98,447.98,0,0
1629792010,447.98,447.98,447.98,447.98,447.98,0,0
1629792015,447.98,447.98,447.98,447.98,447.98,0,0
1629792020,447.98,447.98,447.98,447.98,447.98,0,0
1629792025,447.98,447.98,447.98,447.98,447.98,0,0
1629792030,447.98,447.98,447.98,447.98,447.98,0,0
1629792035,447.98,447.98,447.98,447.98,447.98,0,0
1629792040,447.98,447.98,447.98,447.98,447.98,0,0
1629792045,447.98,447.98,447.98,447.98,447.98,0,0
1629792050,447.98,447.98,447.98,447.98,447.98,0,0
1629792055,447.98,447.98,447.98,447.98,447.98,0,0
1629792060,448.23,448.23,448.23,448.23,448.23,1,1
1629792065,448.23,448.23,448.23,448.23,448.23,0,0
1629792070,448.23,448.23,448.23,448.23,448.23,0,0
1629792075,448.23,448.23,448.23,448.23,448.23,0,0
1629792080,448.23,448.23,448.23,448.23,448.23,0,0
1629792085,448.23,448.23,448.23,448.23,448.23,0,0
1629792090,448.23,448.23,448.23,448.23,448.23,0,0
1629792095,448.23,448.23,448.23,448.23,448.23,0,0
1629792100,448.31,448.31,448.31,448.31,448.31,1,1
1629792105,448.31,448.31,448.31,448.31,448.31,0,0
1629792110,448.31,448.31,448.31,448.31,448.31,0,0
1629792115,448.31,448.31,448.31,448.31,448.31,0,0
1629792120,448.31,448.31,448.31,448.31,448.31,0,0
1629792125,448.31,448.31,448.31,448.31,448.31,0,0
1629792130,448.31,448.31,448.31,448.31,448.31,0,0
1629792135,448.33,448.33,448.33,448.33,448.33,1,1
1629792140,448.33,448.33,448.33,448.33,448.33,0,0
1629792145,448.33,448.33,448.33,448.33,448.33,0,0
1629792150,448.39,448.39,448.39,448.39,448.39,1,1
1629792155,448.4,448.4,448.36,448.4,448.39,4,3
1629792160,448.4,448.4,448.4,448.4,448.4,0,0
1629792165,448.4,448.4,448.4,448.4,448.4,0,0
1629792170,448.4,448.4,448.4,448.4,448.4,0,0
1629792175,448.4,448.4,448.4,448.4,448.4,0,0
1629792180,448.4,448.4,448.4,448.4,448.4,0,0
1629792185,448.4,448.4,448.4,448.4,448.4,0,0
1629792190,448.4,448.4,448.4,448.4,448.4,0,0
1629792195,448.4,448.4,448.4,448.4,448.4,0,0
1629792200,448.4,448.4,448.4,448.4,448.4,0,0
1629792205,448.4,448.4,448.4,448.4,448.4,0,0
1629792210,448.34,448.34,448.34,448.34,448.34,3,2
1629792215,448.3,448.3,448.29,448.3,448.294,4,3
1629792220,448.3,448.3,448.3,448.3,448.3,0,0
1629792225,448.3,448.3,448.3,448.3,448.3,0,0
1629792230,448.3,448.3,448.3,448.3,448.3,0,0
1629792235,448.3,448.3,448.3,448.3,448.3,0,0
1629792240,448.3,448.3,448.3,448.3,448.3,0,0
1629792245,448.3,448.3,448.3,448.3,448.3,0,0
1629792250,448.3,448.3,448.3,448.3,448.3,0,0
1629792255,448.3,448.3,448.3,448.3,448.3,0,0
1629792260,448.3,448.3,448.3,448.3,448.3,0,0
1629792265,448.3,448.3,448.3,448.3,448.3,0,0
1629792270,448.3,448.3,448.3,448.3,448.3,0,0
1629792275,448.3,448.3,448.3,448.3,448.3,0,0
1629792280,448.3,448.3,448.3,448.3,448.3,0,0
1629792285,448.3,448.3,448.3,448.3,448.3,0,0
1629792290,448.3,448.3,448.3,448.3,448.3,0,0
1629792295,448.3,448.3,448.3,448.3,448.3,0,0
1629792300,448.3,448.3,448.3,448.3,448.3,0,0
1629792305,448.3,448.3,448.3,448.3,448.3,0,0
1629792310,448.3,448.3,448.3,448.3,448.3,0,0
1629792315,448.3,448.3,448.3,448.3,448.3,0,0
1629792320,448.3,448.3,448.3,448.3,448.3,0,0
1629792325,448.3,448.3,448.3,448.3,448.3,0,0
1629792330,448.3,448.3,448.3,448.3,448.3,0,0
1629792335,448.3,448.3,448.3,448.3,448.3,0,0
1629792340,448.3,448.3,448.3,448.3,448.3,0,0
1629792345,448.3,448.3,448.3,448.3,448.3,0,0
1629792350,448.3,448.3,448.3,448.3,448.3,0,0
1629792355,448.3,448.3,448.3,448.3,448.3,0,0
1629792360,448.3,448.3,448.3,448.3,448.3,0,0
1629792365,448.3,448.3,448.3,448.3,448.3,0,0
1629792370,448.31,448.31,448.31,448.31,448.31,1,1
1629792375,448.31,448.31,448.31,448.31,448.31,0,0
1629792380,448.31,448.31,448.31,448.31,448.31,0,0
1629792385,448.31,448.31,448.31,448.31,448.31,0,0
1629792390,448.31,448.31,448.31,448.31,448.31,0,0
1629792395,448.34,448.34,448.34,448.34,448.34,1,1
1629792400,448.34,448.34,448.34,448.34,448.34,0,0
1629792405,448.34,448.34,448.34,448.34,448.34,0,0
1629792410,448.34,448.34,448.34,448.34,448.34,0,0
1629792415,448.34,448.34,448.34,448.34,448.34,0,0
1629792420,448.34,448.34,448.34,448.34,448.34,0,0
1629792425,448.34,448.34,448.34,448.34,448.34,0,0
1629792430,448.31,448.31,448.31,448.31,448.31,1,1
1629792435,448.31,448.31,448.31,448.31,448.31,0,0
1629792440,448.3,448.3,448.3,448.3,448.3,5,3
1629792445,448.3,448.3,448.3,448.3,448.3,0,0
1629792450,448.36,448.36,448.36,448.36,448.36,10,4
1629792455,448.35,448.35,448.35,448.35,448.35,3,2
1629792460,448.35,448.35,448.35,448.35,448.35,0,0
1629792465,448.35,448.35,448.35,448.35,448.35,0,0
1629792470,448.35,448.35,448.35,448.35,448.35,0,0
1629792475,448.35,448.35,448.35,448.35,448.35,0,0
1629792480,448.35,448.35,448.35,448.35,448.35,0,0
1629792485,448.35,448.35,448.35,448.35,448.35,0,0
1629792490,448.35,448.35,448.35,448.35,448.35,0,0
1629792495,448.35,448.35,448.35,448.35,448.35,0,0
1629792500,448.35,448.35,448.35,448.35,448.35,0,0
1629792505,448.35,448.35,448.35,448.35,448.35,0,0
1629792510,448.35,448.35,448.35,448.35,448.35,0,0
1629792515,448.35,448.35,448.35,448.35,448.35,0,0
1629792520,448.35,448.35,448.35,448.35,448.35,0,0
1629792525,448.35,448.35,448.35,448.35,448.35,0,0
1629792530,448.35,448.35,448.35,448.35,448.35,0,0
1629792535,448.35,448.35,448.35,448.35,448.35,0,0
1629792540,448.35,448.35,448.35,448.35,448.35,0,0
1629792545,448.35,448.35,448.35,448.35,448.35,0,0
1629792550,448.35,448.35,448.35,448.35,448.35,0,0
1629792555,448.35,448.35,448.35,448.35,448.35,0,0
1629792560,448.35,448.35,448.35,448.35,448.35,0,0
1629792565,448.35,448.35,448.35,448.35,448.35,0,0
1629792570,448.35,448.35,448.35,448.35,448.35,0,0
1629792575,448.35,448.35,448.35,448.35,448.35,0,0
1629792580,448.35,448.35,448.35,448.35,448.35,0,0
1629792585,448.35,448.35,448.35,448.35,448.35,0,0
1629792590,448.35,448.35,448.35,448.35,448.35,0,0
1629792595,448.35,448.35,448.35,448.35,448.35,0,0
1629792600,448.35,448.35,448.35,448.35,448.35,0,0
1629792605,448.35,448.35,448.35,448.35,448.35,0,0
1629792610,448.35,448.35,448.35,448.35,448.35,0,0
1629792615,448.35,448.35,448.35,448.35,448.35,0,0
1629792620,448.35,448.35,448.35,448.35,448.35,0,0
1629792625,448.35,448.35,448.35,448.35,448.35,0,0
1629792630,448.35,448.35,448.35,448.35,448.35,0,0
1629792635,448.35,448.35,448.35,448.35,448.35,0,0
1629792640,448.35,448.35,448.35,448.35,448.35,0,0
1629792645,448.35,448.35,448.35,448.35,448.35,0,0
1629792650,448.35,448.35,448.35,448.35,448.35,0,0
1629792655,448.35,448.35,448.35,448.35,448.35,0,0
1629792660,448.35,448.35,448.35,448.35,448.35,0,0
1629792665,448.35,448.35,448.35,448.35,448.35,0,0
1629792670,448.35,448.35,448.35,448.35,448.35,0,0
1629792675,448.35,448.35,448.35,448.35,448.35,0,0
1629792680,448.35,448.35,448.35,448.35,448.35,0,0
1629792685,448.35,448.35,448.35,448.35,448.35,0,0
1629792690,448.35,448.35,448.35,448.35,448.35,0,0
1629792695,448.35,448.35,448.35,448.35,448.35,0,0
1629792700,448.35,448.35,448.35,448.35,448.35,0,0
1629792705,448.35,448.35,448.35,448.35,448.35,0,0
1629792710,448.35,448.35,448.35,448.35,448.35,0,0
1629792715,448.35,448.35,448.35,448.35,448.35,0,0
1629792720,448.35,448.35,448.35,448.35,448.35,0,0
1629792725,448.35,448.35,448.35,448.35,448.35,0,0
1629792730,448.44,448.44,448.44,448.44,448.44,2,1
1629792735,448.44,448.44,448.44,448.44,448.44,0,0
1629792740,448.44,448.44,448.44,448.44,448.44,0,0
1629792745,448.39,448.39,448.39,448.39,448.39,1,1
1629792750,448.39,448.39,448.39,448.39,448.39,0,0
1629792755,448.38,448.38,448.38,448.38,448.38,1,1
1629792760,448.38,448.38,448.38,448.38,448.38,0,0
1629792765,448.38,448.38,448.38,448.38,448.38,0,0
1629792770,448.38,448.38,448.38,448.38,448.38,0,0
1629792775,448.39,448.39,448.39,448.39,448.39,1,1
1629792780,448.39,448.39,448.39,448.39,448.39,0,0
1629792785,448.39,448.39,448.39,448.39,448.39,0,0
1629792790,448.39,448.39,448.39,448.39,448.39,0,0
1629792795,448.39,448.39,448.39,448.39,448.39,0,0
1629792800,448.39,448.39,448.39,448.39,448.39,0,0
1629792805,448.39,448.39,448.39,448.39,448.39,0,0
1629792810,448.39,448.39,448.39,448.39,448.39,0,0
1629792815,448.39,448.39,448.39,448.39,448.39,0,0
1629792820,448.39,448.39,448.39,448.39,448.39,0,0
1629792825,448.38,448.38,448.38,448.38,448.38,1,1
1629792830,448.38,448.38,448.38,448.38,448.38,0,0
1629792835,448.38,448.38,448.38,448.38,448.38,0,0
1629792840,448.38,448.38,448.38,448.38,448.38,0,0
1629792845,448.38,448.38,448.38,448.38,448.38,0,0
1629792850,448.38,448.38,448.38,448.38,448.38,0,0
1629792855,448.38,448.38,448.38,448.38,448.38,0,0
1629792860,448.38,448.38,448.38,448.38,448.38,0,0
1629792865,448.38,448.38,448.38,448.38,448.38,0,0
1629792870,448.34,448.34,448.34,448.34,448.34,1,1
1629792875,448.34,448.34,448.34,448.34,448.34,0,0
1629792880,448.34,448.34,448.34,448.34,448.34,0,0
1629792885,448.34,448.34,448.34,448.34,448.34,0,0
1629792890,448.34,448.34,448.34,448.34,448.34,0,0
1629792895,448.34,448.34,448.34,448.34,448.34,0,0
1629792900,448.34,448.34,448.34,448.34,448.34,0,0
1629792905,448.34,448.34,448.34,448.34,448.34,0,0
1629792910,448.34,448.34,448.34,448.34,448.34,0,0
1629792915,448.34,448.34,448.34,448.34,448.34,0,0
1629792920,448.34,448.34,448.34,448.34,448.34,0,0
1629792925,448.34,448.34,448.34,448.34,448.34,0,0
1629792930,448.34,448.34,448.34,448.34,448.34,0,0
1629792935,448.34,448.34,448.34,448.34,448.34,0,0
1629792940,448.34,448.34,448.34,448.34,448.34,0,0
1629792945,448.26,448.26,448.26,448.26,448.26,1,1
1629792950,448.26,448.26,448.26,448.26,448.26,0,0
1629792955,448.26,448.26,448.26,448.26,448.26,0,0
1629792960,448.26,448.26,448.26,448.26,448.26,0,0
1629792965,448.26,448.26,448.26,448.26,448.26,0,0
1629792970,448.26,448.26,448.26,448.26,448.26,0,0
1629792975,448.26,448.26,448.26,448.26,448.26,0,0
1629792980,448.26,448.26,448.26,448.26,448.26,0,0
1629792985,448.26,448.26,448.26,448.26,448.26,0,0
1629792990,448.26,448.26,448.26,448.26,448.26,0,0
1629792995,448.26,448.26,448.26,448.26,448.26,0,0
1629793000,448.26,448.26,448.26,448.26,448.26,0,0
1629793005,448.26,448.26,448.26,448.26,448.26,0,0
1629793010,448.26,448.26,448.26,448.26,448.26,0,0
1629793015,448.26,448.26,448.26,448.26,448.26,0,0
1629793020,448.26,448.26,448.26,448.26,448.26,0,0
1629793025,448.26,448.26,448.26,448.26,448.26,0,0
1629793030,448.26,448.26,448.26,448.26,448.26,0,0
1629793035,448.29,448.29,448.29,448.29,448.29,1,1
1629793040,448.29,448.29,448.29,448.29,448.29,0,0
1629793045,448.29,448.29,448.29,448.29,448.29,0,0
1629793050,448.29,448.29,448.29,448.29,448.29,0,0
1629793055,448.29,448.29,448.29,448.29,448.29,0,0
1629793060,448.29,448.29,448.29,448.29,448.29,0,0
1629793065,448.29,448.29,448.29,448.29,448.29,0,0
1629793070,448.29,448.29,448.29,448.29,448.29,0,0
1629793075,448.29,448.29,448.29,448.29,448.29,0,0
1629793080,448.29,448.29,448.29,448.29,448.29,0,0
1629793085,448.29,448.29,448.29,448.29,448.29,0,0
1629793090,448.29,448.29,448.29,448.29,448.29,0,0
1629793095,448.29,448.29,448.29,448.29,448.29,0,0
1629793100,448.29,448.29,448.29,448.29,448.29,0,0
1629793105,448.29,448.29,448.29,448.29,448.29,0,0
1629793110,448.29,448.29,448.29,448.29,448.29,0,0
1629793115,448.29,448.29,448.29,448.29,448.29,0,0
1629793120,448.29,448.29,448.29,448.29,448.29,0,0
1629793125,448.29,448.29,448.29,448.29,448.29,0,0
1629793130,448.29,448.29,448.29,448.29,448.29,0,0
1629793135,448.29,448.29,448.29,448.29,448.29,0,0
1629793140,448.29,448.29,448.29,448.29,448.29,0,0
1629793145,448.29,448.29,448.29,448.29,448.29,0,0
1629793150,448.29,448.29,448.29,448.29,448.29,0,0
1629793155,448.29,448.29,448.29,448.29,448.29,0,0
1629793160,448.29,448.29,448.29,448.29,448.29,0,0
1629793165,448.29,448.29,448.29,448.29,448.29,0,0
1629793170,448.29,448.29,448.29,448.29,448.29,0,0
1629793175,448.29,448.29,448.29,448.29,448.29,0,0
1629793180,448.29,448.29,448.29,448.29,448.29,0,0
1629793185,448.29,448.29,448.29,448.29,448.29,0,0
1629793190,448.29,448.29,448.29,448.29,448.29,0,0
1629793195,448.29,448.29,448.29,448.29,448.29,0,0
1629793200,448.29,448.29,448.29,448.29,448.29,0,0
1629793205,448.29,448.29,448.29,448.29,448.29,0,0
1629793210,448.29,448.29,448.29,448.29,448.29,0,0
1629793215,448.29,448.29,448.29,448.29,448.29,0,0
1629793220,448.29,448.29,448.29,448.29,448.29,0,0
1629793225,448.29,448.29,448.29,448.29,448.29,0,0
1629793230,448.29,448.29,448.29,448.29,448.29,0,0
1629793235,448.29,448.29,448.29,448.29,448.29,0,0
1629793240,448.29,448.29,448.29,448.29,448.29,0,0
1629793245,448.29,448.29,448.29,448.29,448.29,0,0
1629793250,448.29,448.29,448.29,448.29,448.29,0,0
1629793255,448.29,448.29,448.29,448.29,448.29,0,0
1629793260,448.29,448.29,448.29,448.29,448.29,0,0
1629793265,448.29,448.29,448.29,448.29,448.29,0,0
1629793270,448.29,448.29,448.29,448.29,448.29,0,0
1629793275,448.29,448.29,448.29,448.29,448.29,0,0
1629793280,448.29,448.29,448.29,448.29,448.29,0,0
1629793285,448.29,448.29,448.29,448.29,448.29,0,0
1629793290,448.29,448.29,448.29,448.29,448.29,0,0
1629793295,448.29,448.29,448.29,448.29,448.29,0,0
1629793300,448.29,448.29,448.29,448.29,448.29,0,0
1629793305,448.29,448.29,448.29,448.29,448.29,0,0
1629793310,448.29,448.29,448.29,448.29,448.29,0,0
1629793315,448.29,448.29,448.29,448.29,448.29,0,0
1629793320,448.29,448.29,448.29,448.29,448.29,0,0
1629793325,448.29,448.29,448.29,448.29,448.29,0,0
1629793330,448.29,448.29,448.29,448.29,448.29,0,0
1629793335,448.29,448.29,448.29,448.29,448.29,0,0
1629793340,448.29,448.29,448.29,448.29,448.29,0,0
1629793345,448.29,448.29,448.29,448.29,448.29,0,0
1629793350,448.29,448.29,448.29,448.29,448.29,0,0
1629793355,448.34,448.34,448.34,448.34,448.34,2,1
1629793360,448.34,448.34,448.34,448.34,448.34,0,0
1629793365,448.34,448.34,448.34,448.34,448.34,0,0
1629793370,448.34,448.34,448.34,448.34,448.34,0,0
1629793375,448.34,448.34,448.34,448.34,448.34,0,0
1629793380,448.34,448.34,448.34,448.34,448.34,0,0
1629793385,448.34,448.34,448.34,448.34,448.34,0,0
1629793390,448.34,448.34,448.34,448.34,448.34,0,0
1629793395,448.34,448.34,448.34,448.34,448.34,0,0
1629793400,448.34,448.34,448.34,448.34,448.34,0,0
1629793405,448.34,448.34,448.34,448.34,448.34,0,0
1629793410,448.34,448.34,448.34,448.34,448.34,0,0
1629793415,448.34,448.34,448.34,448.34,448.34,0,0
1629793420,448.34,448.34,448.34,448.34,448.34,0,0
1629793425,448.37,448.37,448.37,448.37,448.37,2,2
1629793430,448.37,448.37,448.37,448.37,448.37,0,0
1629793435,448.37,448.37,448.37,448.37,448.37,0,0
1629793440,448.37,448.37,448.37,448.37,448.37,0,0
1629793445,448.37,448.37,448.37,448.37,448.37,0,0
1629793450,448.37,448.37,448.37,448.37,448.37,0,0
1629793455,448.37,448.37,448.37,448.37,448.37,0,0
1629793460,448.37,448.37,448.37,448.37,448.37,0,0
1629793465,448.37,448.37,448.37,448.37,448.37,0,0
1629793470,448.37,448.37,448.37,448.37,448.37,0,0
1629793475,448.37,448.37,448.37,448.37,448.37,0,0
1629793480,448.37,448.37,448.37,448.37,448.37,0,0
1629793485,448.37,448.37,448.37,448.37,448.37,0,0
1629793490,448.37,448.37,448.37,448.37,448.37,0,0
1629793495,448.37,448.37,448.37,448.37,448.37,0,0
1629793500,448.37,448.37,448.37,448.37,448.37,0,0
1629793505,448.37,448.37,448.37,448.37,448.37,0,0
1629793510,448.37,448.37,448.37,448.37,448.37,0,0
1629793515,448.37,448.37,448.37,448.37,448.37,0,0
1629793520,448.37,448.37,448.37,448.37,448.37,0,0
1629793525,448.37,448.37,448.37,448.37,448.37,0,0
1629793530,448.37,448.37,448.37,448.37,448.37,0,0
1629793535,448.37,448.37,448.37,448.37,448.37,0,0
1629793540,448.37,448.37,448.37,448.37,448.37,0,0
1629793545,448.37,448.37,448.37,448.37,448.37,0,0
1629793550,448.34,448.34,448.34,448.34,448.34,1,1
1629793555,448.34,448.34,448.34,448.34,448.34,0,0
1629793560,448.31,448.31,448.31,448.31,448.31,1,1
1629793565,448.31,448.31,448.31,448.31,448.31,0,0
1629793570,448.31,448.31,448.31,448.31,448.31,0,0
1629793575,448.31,448.31,448.31,448.31,448.31,0,0
1629793580,448.31,448.31,448.31,448.31,448.31,0,0
1629793585,448.31,448.31,448.31,448.31,448.31,0,0
1629793590,448.31,448.31,448.31,448.31,448.31,0,0
1629793595,448.31,448.31,448.31,448.31,448.31,0,0
1629793600,448.31,448.31,448.31,448.31,448.31,0,0
1629793605,448.31,448.31,448.31,448.31,448.31,0,0
1629793610,448.31,448.31,448.31,448.31,448.31,0,0
1629793615,448.31,448.31,448.31,448.31,448.31,0,0
1629793620,448.31,448.31,448.31,448.31,448.31,0,0
1629793625,448.31,448.31,448.31,448.31,448.31,0,0
1629793630,448.31,448.31,448.31,448.31,448.31,0,0
1629793635,448.31,448.31,448.31,448.31,448.31,0,0
1629793640,448.31,448.31,448.31,448.31,448.31,0,0
1629793645,448.31,448.31,448.31,448.31,448.31,0,0
1629793650,448.31,448.31,448.31,448.31,448.31,0,0
1629793655,448.31,448.31,448.31,448.31,448.31,0,0
1629793660,448.31,448.31,448.31,448.31,448.31,0,0
1629793665,448.31,448.31,448.31,448.31,448.31,2,1
1629793670,448.31,448.31,448.31,448.31,448.31,0,0
1629793675,448.31,448.31,448.31,448.31,448.31,2,1
1629793680,448.28,448.28,448.28,448.28,448.28,1,1
1629793685,448.28,448.28,448.28,448.28,448.28,0,0
1629793690,448.28,448.28,448.28,448.28,448.28,0,0
1629793695,448.28,448.28,448.28,448.28,448.28,0,0
1629793700,448.33,448.33,448.33,448.33,448.33,2,2
1629793705,448.33,448.33,448.33,448.33,448.33,0,0
1629793710,448.32,448.32,448.32,448.32,448.32,2,2
1629793715,448.32,448.32,448.32,448.32,448.32,0,0
1629793720,448.32,448.32,448.32,448.32,448.32,0,0
1629793725,448.32,448.32,448.32,448.32,448.32,0,0
1629793730,448.32,448.32,448.32,448.32,448.32,0,0
1629793735,448.32,448.32,448.32,448.32,448.32,0,0
1629793740,448.32,448.32,448.32,448.32,448.32,0,0
1629793745,448.32,448.32,448.32,448.32,448.32,0,0
1629793750,448.32,448.32,448.32,448.32,448.32,0,0
1629793755,448.32,448.32,448.32,448.32,448.32,0,0
1629793760,448.32,448.32,448.32,448.32,448.32,0,0
1629793765,448.32,448.32,448.32,448.32,448.32,0,0
1629793770,448.32,448.32,448.32,448.32,448.32,0,0
1629793775,448.29,448.29,448.29,448.29,448.29,8,2
1629793780,448.29,448.29,448.29,448.29,448.29,0,0
1629793785,448.29,448.29,448.29,448.29,448.29,0,0
1629793790,448.29,448.29,448.29,448.29,448.29,0,0
1629793795,448.29,448.29,448.29,448.29,448.29,0,0
1629793800,448.29,448.29,448.29,448.29,448.29,0,0
1629793805,448.29,448.29,448.29,448.29,448.29,0,0
1629793810,448.29,448.29,448.29,448.29,448.29,0,0
1629793815,448.29,448.29,448.29,448.29,448.29,0,0
1629793820,448.29,448.29,448.29,448.29,448.29,0,0
1629793825,448.27,448.27,448.27,448.27,448.27,1,1
1629793830,448.27,448.27,448.27,448.27,448.27,0,0
1629793835,448.27,448.27,448.27,448.27,448.27,0,0
1629793840,448.27,448.27,448.27,448.27,448.27,0,0
1629793845,448.27,448.27,448.27,448.27,448.27,0,0
1629793850,448.27,448.27,448.27,448.27,448.27,0,0
1629793855,448.27,448.27,448.27,448.27,448.27,0,0
1629793860,448.27,448.27,448.27,448.27,448.27,0,0
1629793865,448.27,448.27,448.27,448.27,448.27,0,0
1629793870,448.27,448.27,448.27,448.27,448.27,0,0
1629793875,448.27,448.27,448.27,448.27,448.27,0,0
1629793880,448.27,448.27,448.27,448.27,448.27,0,0
1629793885,448.27,448.27,448.27,448.27,448.27,0,0
1629793890,448.27,448.27,448.27,448.27,448.27,0,0
1629793895,448.27,448.27,448.27,448.27,448.27,0,0
1629793900,448.27,448.27,448.27,448.27,448.27,0,0
1629793905,448.27,448.27,448.27,448.27,448.27,0,0
1629793910,448.27,448.27,448.27,448.27,448.27,0,0
1629793915,448.27,448.27,448.27,448.27,448.27,0,0
1629793920,448.27,448.27,448.27,448.27,448.27,0,0
1629793925,448.27,448.27,448.27,448.27,448.27,0,0
1629793930,448.29,448.3,448.29,448.3,448.298,45,16
1629793935,448.3,448.3,448.3,448.3,448.3,0,0
1629793940,448.3,448.3,448.3,448.3,448.3,0,0
1629793945,448.29,448.29,448.29,448.29,448.29,1,1
1629793950,448.29,448.29,448.29,448.29,448.29,0,0
1629793955,448.29,448.29,448.29,448.29,448.29,0,0
1629793960,448.29,448.29,448.29,448.29,448.29,0,0
1629793965,448.29,448.29,448.29,448.29,448.29,0,0
1629793970,448.29,448.29,448.29,448.29,448.29,0,0
1629793975,448.29,448.29,448.29,448.29,448.29,0,0
1629793980,448.29,448.29,448.29,448.29,448.29,0,0
1629793985,448.29,448.29,448.29,448.29,448.29,0,0
1629793990,448.29,448.29,448.29,448.29,448.29,0,0
1629793995,448.29,448.29,448.29,448.29,448.29,0,0
1629794000,448.29,448.29,448.29,448.29,448.29,0,0
1629794005,448.29,448.29,448.29,448.29,448.29,0,0
1629794010,448.28,448.28,448.28,448.28,448.28,4,4
1629794015,448.24,448.24,448.24,448.24,448.24,1,1
1629794020,448.24,448.24,448.24,448.24,448.24,1,1
1629794025,448.24,448.24,448.24,448.24,448.24,0,0
1629794030,448.24,448.24,448.24,448.24,448.24,0,0
1629794035,448.24,448.24,448.24,448.24,448.24,0,0
1629794040,448.24,448.24,448.24,448.24,448.24,0,0
1629794045,448.24,448.24,448.24,448.24,448.24,0,0
1629794050,448.24,448.24,448.24,448.24,448.24,0,0
1629794055,448.24,448.24,448.24,448.24,448.24,0,0
1629794060,448.24,448.24,448.24,448.24,448.24,0,0
1629794065,448.24,448.24,448.24,448.24,448.24,0,0
1629794070,448.24,448.24,448.24,448.24,448.24,0,0
1629794075,448.22,448.22,448.22,448.22,448.22,1,1
1629794080,448.22,448.22,448.22,448.22,448.22,0,0
1629794085,448.22,448.22,448.22,448.22,448.22,0,0
1629794090,448.22,448.22,448.22,448.22,448.22,0,0
1629794095,448.22,448.22,448.22,448.22,448.22,0,0
1629794100,448.22,448.22,448.22,448.22,448.22,0,0
1629794105,448.22,448.22,448.22,448.22,448.22,0,0
1629794110,448.22,448.22,448.22,448.22,448.22,0,0
1629794115,448.22,448.22,448.22,448.22,448.22,0,0
1629794120,448.22,448.22,448.22,448.22,448.22,0,0
1629794125,448.22,448.22,448.22,448.22,448.22,0,0
1629794130,448.26,448.26,448.26,448.26,448.26,12,2
1629794135,448.26,448.26,448.26,448.26,448.26,7,2
1629794140,448.26,448.26,448.26,448.26,448.26,0,0
1629794145,448.26,448.26,448.26,448.26,448.26,0,0
1629794150,448.26,448.26,448.26,448.26,448.26,0,0
1629794155,448.27,448.27,448.27,448.27,448.27,1,1
1629794160,448.27,448.27,448.27,448.27,448.27,0,0
1629794165,448.27,448.27,448.27,448.27,448.27,0,0
1629794170,448.27,448.27,448.27,448.27,448.27,1,1
1629794175,448.27,448.27,448.27,448.27,448.27,0,0
1629794180,448.27,448.27,448.27,448.27,448.27,0,0
1629794185,448.27,448.27,448.27,448.27,448.27,0,0
1629794190,448.27,448.27,448.27,448.27,448.27,0,0
1629794195,448.27,448.27,448.27,448.27,448.27,0,0
1629794200,448.27,448.27,448.27,448.27,448.27,0,0
1629794205,448.28,448.28,448.28,448.28,448.28,3,3
1629794210,448.28,448.28,448.28,448.28,448.28,0,0
1629794215,448.28,448.28,448.28,448.28,448.28,0,0
1629794220,448.28,448.28,448.28,448.28,448.28,0,0
1629794225,448.28,448.28,448.28,448.28,448.28,0,0
1629794230,448.28,448.28,448.28,448.28,448.28,0,0
1629794235,448.28,448.28,448.28,448.28,448.28,0,0
1629794240,448.28,448.28,448.28,448.28,448.28,0,0
1629794245,448.28,448.28,448.28,448.28,448.28,0,0
1629794250,448.28,448.28,448.28,448.28,448.28,0,0
1629794255,448.28,448.28,448.28,448.28,448.28,0,0
1629794260,448.28,448.28,448.28,448.28,448.28,0,0
1629794265,448.28,448.28,448.28,448.28,448.28,0,0
1629794270,448.28,448.28,448.28,448.28,448.28,0,0
1629794275,448.28,448.28,448.28,448.28,448.28,0,0
1629794280,448.28,448.28,448.28,448.28,448.28,0,0
1629794285,448.28,448.28,448.28,448.28,448.28,0,0
1629794290,448.28,448.28,448.28,448.28,448.28,0,0
1629794295,448.28,448.28,448.28,448.28,448.28,0,0
1629794300,448.28,448.28,448.28,448.28,448.28,0,0
1629794305,448.28,448.28,448.28,448.28,448.28,0,0
1629794310,448.28,448.28,448.28,448.28,448.28,0,0
1629794315,448.28,448.28,448.28,448.28,448.28,0,0
1629794320,448.28,448.28,448.28,448.28,448.28,0,0
1629794325,448.28,448.28,448.28,448.28,448.28,0,0
1629794330,448.28,448.28,448.28,448.28,448.28,0,0
1629794335,448.28,448.28,448.28,448.28,448.28,0,0
1629794340,448.28,448.28,448.28,448.28,448.28,0,0
1629794345,448.28,448.28,448.28,448.28,448.28,0,0
1629794350,448.28,448.28,448.28,448.28,448.28,0,0
1629794355,448.28,448.28,448.28,448.28,448.28,0,0
1629794360,448.13,448.13,448.13,448.13,448.13,1,1
1629794365,448.13,448.13,448.13,448.13,448.13,0,0
1629794370,448.13,448.13,448.13,448.13,448.13,0,0
1629794375,448.13,448.13,448.13,448.13,448.13,0,0
1629794380,448.13,448.13,448.13,448.13,448.13,0,0
1629794385,448.13,448.13,448.13,448.13,448.13,0,0
1629794390,448.13,448.13,448.13,448.13,448.13,0,0
1629794395,448.13,448.13,448.13,448.13,448.13,0,0
1629794400,448.13,448.13,448.13,448.13,448.13,0,0
1629794405,448.13,448.13,448.13,448.13,448.13,0,0
1629794410,448.13,448.13,448.13,448.13,448.13,0,0
1629794415,448.13,448.13,448.13,448.13,448.13,0,0
1629794420,448.13,448.13,448.13,448.13,448.13,0,0
1629794425,448.13,448.13,448.13,448.13,448.13,0,0
1629794430,448.13,448.13,448.13,448.13,448.13,0,0
1629794435,448.13,448.13,448.13,448.13,448.13,0,0
1629794440,448.13,448.13,448.13,448.13,448.13,0,0
1629794445,448.13,448.13,448.13,448.13,448.13,0,0
1629794450,448.13,448.13,448.13,448.13,448.13,0,0
1629794455,448.13,448.13,448.13,448.13,448.13,0,0
1629794460,448.13,448.13,448.13,448.13,448.13,0,0
1629794465,448.13,448.13,448.13,448.13,448.13,0,0
1629794470,448.13,448.13,448.13,448.13,448.13,0,0
1629794475,448.13,448.13,448.13,448.13,448.13,0,0
1629794480,448.13,448.13,448.13,448.13,448.13,0,0
1629794485,448.13,448.13,448.13,448.13,448.13,0,0
1629794490,448.13,448.13,448.13,448.13,448.13,0,0
1629794495,448.13,448.13,448.13,448.13,448.13,0,0
1629794500,448.13,448.13,448.13,448.13,448.13,0,0
1629794505,448.13,448.13,448.13,448.13,448.13,0,0
1629794510,448.13,448.13,448.13,448.13,448.13,0,0
1629794515,448.13,448.13,448.13,448.13,448.13,0,0
1629794520,448.13,448.13,448.13,448.13,448.13,0,0
1629794525,448.13,448.13,448.13,448.13,448.13,0,0
1629794530,448.13,448.13,448.13,448.13,448.13,0,0
1629794535,448.13,448.13,448.13,448.13,448.13,0,0
1629794540,448.13,448.13,448.13,448.13,448.13,0,0
1629794545,448.13,448.13,448.13,448.13,448.13,0,0
1629794550,448.13,448.13,448.13,448.13,448.13,0,0
1629794555,448.13,448.13,448.13,448.13,448.13,0,0
1629794560,448.21,448.21,448.21,448.21,448.21,1,1
1629794565,448.21,448.21,448.21,448.21,448.21,0,0
1629794570,448.21,448.21,448.21,448.21,448.21,0,0
1629794575,448.21,448.21,448.21,448.21,448.21,0,0
1629794580,448.21,448.21,448.21,448.21,448.21,0,0
1629794585,448.21,448.21,448.21,448.21,448.21,0,0
1629794590,448.21,448.21,448.21,448.21,448.21,0,0
1629794595,448.21,448.21,448.21,448.21,448.21,0,0
1629794600,448.21,448.21,448.21,448.21,448.21,0,0
1629794605,448.21,448.21,448.21,448.21,448.21,0,0
1629794610,448.21,448.21,448.21,448.21,448.21,0,0
1629794615,448.21,448.21,448.21,448.21,448.21,0,0
1629794620,448.21,448.21,448.21,448.21,448.21,0,0
1629794625,448.21,448.21,448.21,448.21,448.21,0,0
1629794630,448.28,448.28,448.28,448.28,448.28,2,1
1629794635,448.28,448.28,448.28,448.28,448.28,0,0
1629794640,448.28,448.28,448.28,448.28,448.28,0,0
1629794645,448.28,448.28,448.28,448.28,448.28,0,0
1629794650,448.28,448.28,448.28,448.28,448.28,0,0
1629794655,448.28,448.28,448.28,448.28,448.28,0,0
1629794660,448.25,448.25,448.25,448.25,448.25,1,1
1629794665,448.25,448.25,448.25,448.25,448.25,0,0
1629794670,448.25,448.25,448.25,448.25,448.25,0,0
1629794675,448.25,448.25,448.25,448.25,448.25,0,0
1629794680,448.25,448.25,448.25,448.25,448.25,0,0
1629794685,448.25,448.25,448.25,448.25,448.25,0,0
1629794690,448.25,448.25,448.25,448.25,448.25,0,0
1629794695,448.25,448.25,448.25,448.25,448.25,0,0
1629794700,448.25,448.25,448.25,448.25,448.25,0,0
1629794705,448.25,448.25,448.25,448.25,448.25,0,0
1629794710,448.25,448.25,448.25,448.25,448.25,0,0
1629794715,448.25,448.25,448.25,448.25,448.25,0,0
1629794720,448.25,448.25,448.25,448.25,448.25,0,0
1629794725,448.25,448.25,448.25,448.25,448.25,0,0
1629794730,448.25,448.25,448.25,448.25,448.25,0,0
1629794735,448.25,448.25,448.25,448.25,448.25,0,0
1629794740,448.25,448.25,448.25,448.25,448.25,0,0
1629794745,448.25,448.25,448.25,448.25,448.25,0,0
1629794750,448.25,448.25,448.25,448.25,448.25,0,0
1629794755,448.25,448.25,448.25,448.25,448.25,0,0
1629794760,448.25,448.25,448.25,448.25,448.25,0,0
1629794765,448.25,448.25,448.25,448.25,448.25,0,0
1629794770,448.25,448.25,448.25,448.25,448.25,0,0
1629794775,448.25,448.25,448.25,448.25,448.25,0,0
1629794780,448.25,448.25,448.25,448.25,448.25,0,0
1629794785,448.25,448.25,448.25,448.25,448.25,0,0
1629794790,448.28,448.28,448.28,448.28,448.28,1,1
1629794795,448.28,448.28,448.28,448.28,448.28,0,0
1629794800,448.28,448.28,448.28,448.28,448.28,0,0
1629794805,448.28,448.28,448.28,448.28,448.28,0,0
1629794810,448.28,448.28,448.28,448.28,448.28,0,0
1629794815,448.28,448.28,448.28,448.28,448.28,0,0
1629794820,448.28,448.28,448.28,448.28,448.28,0,0
1629794825,448.28,448.28,448.28,448.28,448.28,0,0
1629794830,448.28,448.28,448.28,448.28,448.28,0,0
1629794835,448.28,448.28,448.28,448.28,448.28,0,0
1629794840,448.28,448.28,448.28,448.28,448.28,0,0
1629794845,448.28,448.28,448.28,448.28,448.28,0,0
1629794850,448.28,448.28,448.28,448.28,448.28,0,0
1629794855,448.28,448.28,448.28,448.28,448.28,0,0
1629794860,448.28,448.28,448.28,448.28,448.28,0,0
1629794865,448.28,448.28,448.28,448.28,448.28,0,0
1629794870,448.28,448.28,448.28,448.28,448.28,0,0
1629794875,448.28,448.28,448.28,448.28,448.28,0,0
1629794880,448.28,448.28,448.28,448.28,448.28,0,0
1629794885,448.28,448.28,448.28,448.28,448.28,0,0
1629794890,448.28,448.28,448.28,448.28,448.28,0,0
1629794895,448.28,448.28,448.28,448.28,448.28,0,0
1629794900,448.28,448.28,448.28,448.28,448.28,0,0
1629794905,448.28,448.28,448.28,448.28,448.28,0,0
1629794910,448.28,448.28,448.28,448.28,448.28,0,0
1629794915,448.28,448.28,448.28,448.28,448.28,0,0
1629794920,448.28,448.28,448.28,448.28,448.28,0,0
1629794925,448.28,448.28,448.28,448.28,448.28,0,0
1629794930,448.28,448.28,448.28,448.28,448.28,0,0
1629794935,448.28,448.28,448.28,448.28,448.28,0,0
1629794940,448.28,448.28,448.28,448.28,448.28,0,0
1629794945,448.28,448.28,448.28,448.28,448.28,0,0
1629794950,448.28,448.28,448.28,448.28,448.28,0,0
1629794955,448.28,448.28,448.28,448.28,448.28,0,0
1629794960,448.28,448.28,448.28,448.28,448.28,0,0
1629794965,448.28,448.28,448.28,448.28,448.28,0,0
1629794970,448.28,448.28,448.28,448.28,448.28,0,0
1629794975,448.28,448.28,448.28,448.28,448.28,0,0
1629794980,448.28,448.28,448.28,448.28,448.28,0,0
1629794985,448.26,448.26,448.26,448.26,448.26,1,1
1629794990,448.26,448.26,448.26,448.26,448.26,0,0
1629794995,448.26,448.26,448.26,448.26,448.26,0,0
1629795000,448.26,448.26,448.26,448.26,448.26,0,0
1629795005,448.26,448.26,448.26,448.26,448.26,0,0
1629795010,448.26,448.26,448.26,448.26,448.26,0,0
1629795015,448.26,448.26,448.26,448.26,448.26,0,0
1629795020,448.26,448.26,448.26,448.26,448.26,0,0
1629795025,448.26,448.26,448.26,448.26,448.26,0,0
1629795030,448.26,448.26,448.26,448.26,448.26,0,0
1629795035,448.26,448.26,448.26,448.26,448.26,0,0
1629795040,448.26,448.26,448.26,448.26,448.26,0,0
1629795045,448.26,448.26,448.26,448.26,448.26,0,0
1629795050,448.26,448.26,448.26,448.26,448.26,0,0
1629795055,448.26,448.26,448.26,448.26,448.26,0,0
1629795060,448.26,448.26,448.26,448.26,448.26,0,0
1629795065,448.26,448.26,448.26,448.26,448.26,0,0
1629795070,448.26,448.26,448.26,448.26,448.26,0,0
1629795075,448.26,448.26,448.26,448.26,448.26,0,0
1629795080,448.26,448.26,448.26,448.26,448.26,0,0
1629795085,448.26,448.26,448.26,448.26,448.26,0,0
1629795090,448.26,448.26,448.26,448.26,448.26,0,0
1629795095,448.26,448.26,448.26,448.26,448.26,0,0
1629795100,448.26,448.26,448.26,448.26,448.26,0,0
1629795105,448.26,448.26,448.26,448.26,448.26,0,0
1629795110,448.26,448.26,448.26,448.26,448.26,0,0
1629795115,448.26,448.26,448.26,448.26,448.26,0,0
1629795120,448.26,448.26,448.26,448.26,448.26,0,0
1629795125,448.26,448.26,448.26,448.26,448.26,0,0
1629795130,448.26,448.26,448.26,448.26,448.26,0,0
1629795135,448.26,448.26,448.26,448.26,448.26,0,0
1629795140,448.26,448.26,448.26,448.26,448.26,0,0
1629795145,448.26,448.26,448.26,448.26,448.26,0,0
1629795150,448.26,448.26,448.26,448.26,448.26,0,0
1629795155,448.26,448.26,448.26,448.26,448.26,0,0
1629795160,448.26,448.26,448.26,448.26,448.26,0,0
1629795165,448.26,448.26,448.26,448.26,448.26,0,0
1629795170,448.26,448.26,448.26,448.26,448.26,0,0
1629795175,448.26,448.26,448.26,448.26,448.26,0,0
1629795180,448.26,448.26,448.26,448.26,448.26,0,0
1629795185,448.26,448.26,448.26,448.26,448.26,0,0
1629795190,448.26,448.26,448.26,448.26,448.26,0,0
1629795195,448.26,448.26,448.26,448.26,448.26,0,0
1629795200,448.26,448.26,448.26,448.26,448.26,0,0
1629795205,448.26,448.26,448.26,448.26,448.26,0,0
1629795210,448.26,448.26,448.26,448.26,448.26,0,0
1629795215,448.26,448.26,448.26,448.26,448.26,0,0
1629795220,448.26,448.26,448.26,448.26,448.26,0,0
1629795225,448.26,448.26,448.26,448.26,448.26,0,0
1629795230,448.26,448.26,448.26,448.26,448.26,0,0
1629795235,448.26,448.26,448.26,448.26,448.26,0,0
1629795240,448.26,448.26,448.26,448.26,448.26,0,0
1629795245,448.26,448.26,448.26,448.26,448.26,0,0
1629795250,448.26,448.26,448.26,448.26,448.26,0,0
1629795255,448.26,448.26,448.26,448.26,448.26,0,0
1629795260,448.26,448.26,448.26,448.26,448.26,0,0
1629795265,448.26,448.26,448.26,448.26,448.26,0,0
1629795270,448.26,448.26,448.26,448.26,448.26,0,0
1629795275,448.26,448.26,448.26,448.26,448.26,0,0
1629795280,448.26,448.26,448.26,448.26,448.26,0,0
1629795285,448.26,448.26,448.26,448.26,448.26,0,0
1629795290,448.26,448.26,448.26,448.26,448.26,0,0
1629795295,448.26,448.26,448.26,448.26,448.26,0,0
1629795300,448.26,448.26,448.26,448.26,448.26,0,0
1629795305,448.26,448.26,448.26,448.26,448.26,0,0
1629795310,448.26,448.26,448.26,448.26,448.26,0,0
1629795315,448.26,448.26,448.26,448.26,448.26,0,0
1629795320,448.26,448.26,448.26,448.26,448.26,0,0
1629795325,448.26,448.26,448.26,448.26,448.26,0,0
1629795330,448.26,448.26,448.26,448.26,448.26,0,0
1629795335,448.26,448.26,448.26,448.26,448.26,0,0
1629795340,448.26,448.26,448.26,448.26,448.26,0,0
1629795345,448.26,448.26,448.26,448.26,448.26,0,0
1629795350,448.26,448.26,448.26,448.26,448.26,0,0
1629795355,448.26,448.26,448.26,448.26,448.26,0,0
1629795360,448.26,448.26,448.26,448.26,448.26,0,0
1629795365,448.26,448.26,448.26,448.26,448.26,0,0
1629795370,448.26,448.26,448.26,448.26,448.26,0,0
1629795375,448.26,448.26,448.26,448.26,448.26,0,0
1629795380,448.26,448.26,448.26,448.26,448.26,0,0
1629795385,448.26,448.26,448.26,448.26,448.26,0,0
1629795390,448.26,448.26,448.26,448.26,448.26,0,0
1629795395,448.26,448.26,448.26,448.26,448.26,0,0
1629795400,448.26,448.26,448.26,448.26,448.26,0,0
1629795405,448.26,448.26,448.26,448.26,448.26,0,0
1629795410,448.26,448.26,448.26,448.26,448.26,0,0
1629795415,448.26,448.26,448.26,448.26,448.26,0,0
1629795420,448.26,448.26,448.26,448.26,448.26,0,0
1629795425,448.26,448.26,448.26,448.26,448.26,0,0
1629795430,448.26,448.26,448.26,448.26,448.26,0,0
1629795435,448.26,448.26,448.26,448.26,448.26,0,0
1629795440,448.26,448.26,448.26,448.26,448.26,0,0
1629795445,448.26,448.26,448.26,448.26,448.26,0,0
1629795450,448.26,448.26,448.26,448.26,448.26,0,0
1629795455,448.26,448.26,448.26,448.26,448.26,0,0
1629795460,448.26,448.26,448.26,448.26,448.26,0,0
1629795465,448.2,448.2,448.2,448.2,448.2,1,1
1629795470,448.2,448.2,448.2,448.2,448.2,0,0
1629795475,448.2,448.2,448.2,448.2,448.2,0,0
1629795480,448.2,448.2,448.2,448.2,448.2,3,1
1629795485,448.2,448.2,448.2,448.2,448.2,0,0
1629795490,448.2,448.2,448.2,448.2,448.2,0,0
1629795495,448.2,448.2,448.2,448.2,448.2,0,0
1629795500,448.2,448.2,448.2,448.2,448.2,0,0
1629795505,448.2,448.2,448.2,448.2,448.2,0,0
1629795510,448.2,448.2,448.2,448.2,448.2,0,0
1629795515,448.2,448.2,448.2,448.2,448.2,0,0
1629795520,448.2,448.2,448.2,448.2,448.2,0,0
1629795525,448.2,448.2,448.2,448.2,448.2,0,0
1629795530,448.2,448.2,448.2,448.2,448.2,0,0
1629795535,448.18,448.18,448.18,448.18,448.18,1,1
1629795540,448.17,448.17,448.17,448.17,448.17,1,1
1629795545,448.17,448.17,448.17,448.17,448.17,0,0
1629795550,448.17,448.17,448.17,448.17,448.17,0,0
1629795555,448.17,448.17,448.17,448.17,448.17,0,0
1629795560,448.17,448.17,448.17,448.17,448.17,0,0
1629795565,448.17,448.17,448.17,448.17,448.17,0,0
1629795570,448.17,448.17,448.17,448.17,448.17,0,0
1629795575,448.19,448.19,448.19,448.19,448.19,1,1
1629795580,448.19,448.19,448.19,448.19,448.19,0,0
1629795585,448.19,448.19,448.19,448.19,448.19,0,0
1629795590,448.19,448.19,448.19,448.19,448.19,0,0
1629795595,448.19,448.19,448.19,448.19,448.19,0,0
1629795600,448.19,448.19,448.19,448.19,448.19,0,0
1629795605,448.19,448.19,448.19,448.19,448.19,0,0
1629795610,448.19,448.19,448.19,448.19,448.19,0,0
1629795615,448.19,448.19,448.19,448.19,448.19,0,0
1629795620,448.19,448.19,448.19,448.19,448.19,0,0
1629795625,448.19,448.19,448.19,448.19,448.19,0,0
1629795630,448.19,448.19,448.19,448.19,448.19,0,0
1629795635,448.19,448.19,448.19,448.19,448.19,0,0
1629795640,448.19,448.19,448.19,448.19,448.19,0,0
1629795645,448.19,448.19,448.19,448.19,448.19,0,0
1629795650,448.19,448.19,448.19,448.19,448.19,0,0
1629795655,448.19,448.19,448.19,448.19,448.19,0,0
1629795660,448.19,448.19,448.19,448.19,448.19,0,0
1629795665,448.19,448.19,448.19,448.19,448.19,0,0
1629795670,448.19,448.19,448.19,448.19,448.19,0,0
1629795675,448.19,448.19,448.19,448.19,448.19,0,0
1629795680,448.19,448.19,448.19,448.19,448.19,0,0
1629795685,448.19,448.19,448.19,448.19,448.19,0,0
1629795690,448.19,448.19,448.19,448.19,448.19,0,0
1629795695,448.11,448.11,448.11,448.11,448.11,2,2
1629795700,448.11,448.11,448.11,448.11,448.11,0,0
1629795705,448.15,448.15,448.15,448.15,448.15,3,1
1629795710,448.15,448.15,448.15,448.15,448.15,0,0
1629795715,448.15,448.15,448.15,448.15,448.15,0,0
1629795720,448.15,448.15,448.15,448.15,448.15,0,0
1629795725,448.15,448.15,448.15,448.15,448.15,0,0
1629795730,448.15,448.15,448.15,448.15,448.15,0,0
1629795735,448.09,448.09,448.09,448.09,448.09,1,1
1629795740,448.09,448.09,448.09,448.09,448.09,0,0
1629795745,448.09,448.09,448.09,448.09,448.09,0,0
1629795750,448.11,448.11,448.1,448.1,448.108,25,11
1629795755,448.1,448.1,448.1,448.1,448.1,0,0
1629795760,448.1,448.1,448.1,448.1,448.1,0,0
1629795765,448.1,448.1,448.1,448.1,448.1,0,0
1629795770,448.1,448.1,448.1,448.1,448.1,0,0
1629795775,448.1,448.1,448.1,448.1,448.1,0,0
1629795780,448.1,448.1,448.1,448.1,448.1,0,0
1629795785,448.1,448.1,448.1,448.1,448.1,0,0
1629795790,448.1,448.1,448.1,448.1,448.1,0,0
1629795795,448.1,448.1,448.1,448.1,448.1,0,0
1629795800,448.1,448.1,448.1,448.1,448.1,0,0
1629795805,448.1,448.1,448.1,448.1,448.1,0,0
1629795810,448.1,448.1,448.1,448.1,448.1,0,0
1629795815,448.1,448.1,448.1,448.1,448.1,0,0
1629795820,448.1,448.1,448.1,448.1,448.1,0,0
1629795825,448.1,448.1,448.1,448.1,448.1,0,0
1629795830,448.1,448.1,448.1,448.1,448.1,0,0
1629795835,448.1,448.1,448.1,448.1,448.1,0,0
1629795840,448.1,448.1,448.1,448.1,448.1,0,0
1629795845,448.1,448.1,448.1,448.1,448.1,0,0
1629795850,448.18,448.19,448.17,448.17,448.18,10,5
1629795855,448.17,448.17,448.17,448.17,448.17,0,0
1629795860,448.17,448.17,448.17,448.17,448.17,0,0
1629795865,448.17,448.17,448.17,448.17,448.17,0,0
1629795870,448.17,448.17,448.17,448.17,448.17,0,0
1629795875,448.17,448.17,448.17,448.17,448.17,0,0
1629795880,448.17,448.17,448.17,448.17,448.17,0,0
1629795885,448.17,448.17,448.17,448.17,448.17,0,0
1629795890,448.17,448.17,448.17,448.17,448.17,0,0
1629795895,448.13,448.13,448.13,448.13,448.13,1,1
1629795900,448.13,448.13,448.13,448.13,448.13,0,0
1629795905,448.13,448.13,448.13,448.13,448.13,0,0
1629795910,448.13,448.13,448.13,448.13,448.13,1,1
1629795915,448.13,448.13,448.13,448.13,448.13,0,0
1629795920,448.13,448.13,448.13,448.13,448.13,0,0
1629795925,448.13,448.13,448.13,448.13,448.13,0,0
1629795930,448.13,448.13,448.13,448.13,448.13,0,0
1629795935,448.13,448.13,448.13,448.13,448.13,0,0
1629795940,448.13,448.13,448.13,448.13,448.13,0,0
1629795945,448.13,448.13,448.13,448.13,448.13,0,0
1629795950,448.13,448.13,448.13,448.13,448.13,0,0
1629795955,448.13,448.13,448.13,448.13,448.13,0,0
1629795960,448.13,448.13,448.13,448.13,448.13,0,0
1629795965,448.13,448.13,448.13,448.13,448.13,0,0
1629795970,448.13,448.13,448.13,448.13,448.13,0,0
1629795975,448.13,448.13,448.13,448.13,448.13,0,0
1629795980,448.13,448.13,448.13,448.13,448.13,0,0
1629795985,448.13,448.13,448.13,448.13,448.13,0,0
1629795990,448.13,448.13,448.13,448.13,448.13,0,0
1629795995,448.13,448.13,448.13,448.13,448.13,0,0
1629796000,448.13,448.13,448.13,448.13,448.13,0,0
1629796005,448.13,448.13,448.13,448.13,448.13,0,0
1629796010,448.13,448.13,448.13,448.13,448.13,0,0
1629796015,448.13,448.13,448.13,448.13,448.13,0,0
1629796020,448.13,448.13,448.13,448.13,448.13,0,0
1629796025,448.13,448.13,448.13,448.13,448.13,0,0
1629796030,448.13,448.13,448.13,448.13,448.13,0,0
1629796035,448.13,448.13,448.13,448.13,448.13,0,0
1629796040,448.09,448.09,448.09,448.09,448.09,5,1
1629796045,448.09,448.09,448.09,448.09,448.09,0,0
1629796050,448.07,448.07,448.06,448.06,448.065,2,2
1629796055,448.04,448.04,448.04,448.04,448.04,5,1
1629796060,448.04,448.04,448.04,448.04,448.04,0,0
1629796065,448.04,448.04,448.04,448.04,448.04,0,0
1629796070,448.04,448.04,448.04,448.04,448.04,0,0
1629796075,448.04,448.04,448.04,448.04,448.04,0,0
1629796080,448.09,448.09,448.09,448.09,448.09,1,1
1629796085,448.09,448.09,448.09,448.09,448.09,0,0
1629796090,448.09,448.09,448.09,448.09,448.09,0,0
1629796095,448.09,448.09,448.09,448.09,448.09,0,0
1629796100,448.09,448.09,448.09,448.09,448.09,0,0
1629796105,448.09,448.09,448.09,448.09,448.09,0,0
1629796110,448.09,448.09,448.09,448.09,448.09,0,0
1629796115,448.09,448.09,448.09,448.09,448.09,0,0
1629796120,448.09,448.09,448.09,448.09,448.09,0,0
1629796125,448.09,448.09,448.09,448.09,448.09,0,0
1629796130,448.09,448.09,448.09,448.09,448.09,0,0
1629796135,448.09,448.09,448.09,448.09,448.09,0,0
1629796140,448.09,448.09,448.09,448.09,448.09,0,0
1629796145,448.16,448.16,448.16,448.16,448.16,1,1
1629796150,448.16,448.16,448.16,448.16,448.16,0,0
1629796155,448.16,448.16,448.16,448.16,448.16,0,0
1629796160,448.16,448.16,448.16,448.16,448.16,0,0
1629796165,448.16,448.16,448.16,448.16,448.16,0,0
1629796170,448.16,448.16,448.16,448.16,448.16,0,0
1629796175,448.16,448.16,448.16,448.16,448.16,0,0
1629796180,448.16,448.16,448.16,448.16,448.16,0,0
1629796185,448.16,448.16,448.16,448.16,448.16,0,0
1629796190,448.14,448.15,448.14,448.15,448.144,17,5
1629796195,448.15,448.15,448.15,448.15,448.15,0,0
1629796200,448.15,448.15,448.15,448.15,448.15,0,0
1629796205,448.15,448.15,448.15,448.15,448.15,0,0
1629796210,448.15,448.15,448.15,448.15,448.15,0,0
1629796215,448.15,448.15,448.15,448.15,448.15,0,0
1629796220,448.15,448.15,448.15,448.15,448.15,0,0
1629796225,448.15,448.15,448.15,448.15,448.15,0,0
1629796230,448.15,448.15,448.15,448.15,448.15,0,0
1629796235,448.15,448.15,448.15,448.15,448.15,0,0
1629796240,448.15,448.15,448.15,448.15,448.15,0,0
1629796245,448.15,448.15,448.15,448.15,448.15,0,0
1629796250,448.15,448.15,448.15,448.15,448.15,0,0
1629796255,448.15,448.15,448.15,448.15,448.15,0,0
1629796260,448.15,448.15,448.15,448.15,448.15,0,0
1629796265,448.15,448.15,448.15,448.15,448.15,0,0
1629796270,448.15,448.15,448.15,448.15,448.15,0,0
1629796275,448.15,448.15,448.15,448.15,448.15,0,0
1629796280,448.15,448.15,448.15,448.15,448.15,0,0
1629796285,448.15,448.15,448.15,448.15,448.15,0,0
1629796290,448.15,448.15,448.15,448.15,448.15,0,0
1629796295,448.15,448.15,448.15,448.15,448.15,0,0
1629796300,448.15,448.15,448.15,448.15,448.15,0,0
1629796305,448.15,448.15,448.15,448.15,448.15,0,0
1629796310,448.15,448.15,448.15,448.15,448.15,0,0
1629796315,448.15,448.15,448.15,448.15,448.15,0,0
1629796320,448.15,448.15,448.15,448.15,448.15,0,0
1629796325,448.15,448.15,448.15,448.15,448.15,0,0
1629796330,448.15,448.15,448.15,448.15,448.15,0,0
1629796335,448.15,448.15,448.15,448.15,448.15,0,0
1629796340,448.15,448.15,448.15,448.15,448.15,0,0
1629796345,448.15,448.15,448.15,448.15,448.15,0,0
1629796350,448.15,448.15,448.15,448.15,448.15,0,0
1629796355,448.15,448.15,448.15,448.15,448.15,0,0
1629796360,448.15,448.15,448.15,448.15,448.15,0,0
1629796365,448.15,448.15,448.15,448.15,448.15,0,0
1629796370,448.15,448.15,448.15,448.15,448.15,0,0
1629796375,448.15,448.15,448.15,448.15,448.15,0,0
1629796380,448.15,448.15,448.15,448.15,448.15,0,0
1629796385,448.15,448.15,448.15,448.15,448.15,0,0
1629796390,448.15,448.15,448.15,448.15,448.15,0,0
1629796395,448.15,448.15,448.15,448.15,448.15,0,0
1629796400,448.15,448.15,448.15,448.15,448.15,0,0
1629796405,448.15,448.15,448.15,448.15,448.15,0,0
1629796410,448.15,448.15,448.15,448.15,448.15,0,0
1629796415,448.15,448.15,448.15,448.15,448.15,0,0
1629796420,448.15,448.15,448.15,448.15,448.15,0,0
1629796425,448.15,448.15,448.15,448.15,448.15,0,0
1629796430,448.15,448.15,448.15,448.15,448.15,0,0
1629796435,448.15,448.15,448.15,448.15,448.15,0,0
1629796440,448.29,448.29,448.29,448.29,448.29,1,1
1629796445,448.29,448.29,448.29,448.29,448.29,0,0
1629796450,448.29,448.29,448.29,448.29,448.29,0,0
1629796455,448.29,448.29,448.29,448.29,448.29,0,0
1629796460,448.29,448.29,448.29,448.29,448.29,0,0
1629796465,448.29,448.29,448.29,448.29,448.29,0,0
1629796470,448.29,448.29,448.29,448.29,448.29,0,0
1629796475,448.29,448.29,448.29,448.29,448.29,0,0
1629796480,448.29,448.29,448.29,448.29,448.29,0,0
1629796485,448.29,448.29,448.29,448.29,448.29,0,0
1629796490,448.29,448.29,448.29,448.29,448.29,0,0
1629796495,448.29,448.29,448.29,448.29,448.29,0,0
1629796500,448.29,448.29,448.29,448.29,448.29,0,0
1629796505,448.29,448.29,448.29,448.29,448.29,0,0
1629796510,448.29,448.29,448.29,448.29,448.29,0,0
1629796515,448.29,448.29,448.29,448.29,448.29,0,0
1629796520,448.29,448.29,448.29,448.29,448.29,0,0
1629796525,448.29,448.29,448.29,448.29,448.29,0,0
1629796530,448.29,448.29,448.29,448.29,448.29,0,0
1629796535,448.29,448.29,448.29,448.29,448.29,0,0
1629796540,448.29,448.29,448.29,448.29,448.29,0,0
1629796545,448.29,448.29,448.29,448.29,448.29,0,0
1629796550,448.29,448.29,448.29,448.29,448.29,0,0
1629796555,448.29,448.29,448.29,448.29,448.29,0,0
1629796560,448.29,448.29,448.29,448.29,448.29,0,0
1629796565,448.29,448.29,448.29,448.29,448.29,0,0
1629796570,448.29,448.29,448.29,448.29,448.29,0,0
1629796575,448.18,448.19,448.18,448.19,448.189,20,7
1629796580,448.19,448.19,448.19,448.19,448.19,0,0
1629796585,448.19,448.19,448.19,448.19,448.19,0,0
1629796590,448.19,448.19,448.19,448.19,448.19,0,0
1629796595,448.19,448.19,448.19,448.19,448.19,0,0
1629796600,448.19,448.19,448.19,448.19,448.19,0,0
1629796605,448.19,448.19,448.19,448.19,448.19,0,0
1629796610,448.19,448.19,448.19,448.19,448.19,0,0
1629796615,448.19,448.19,448.19,448.19,448.19,0,0
1629796620,448.19,448.19,448.19,448.19,448.19,0,0
1629796625,448.19,448.19,448.19,448.19,448.19,0,0
1629796630,448.19,448.19,448.19,448.19,448.19,0,0
1629796635,448.19,448.19,448.19,448.19,448.19,0,0
1629796640,448.19,448.19,448.19,448.19,448.19,0,0
1629796645,448.19,448.19,448.19,448.19,448.19,0,0
1629796650,448.19,448.19,448.19,448.19,448.19,0,0
1629796655,448.19,448.19,448.19,448.19,448.19,0,0
1629796660,448.19,448.19,448.19,448.19,448.19,0,0
1629796665,448.19,448.19,448.19,448.19,448.19,0,0
1629796670,448.19,448.19,448.19,448.19,448.19,0,0
1629796675,448.19,448.19,448.19,448.19,448.19,0,0
1629796680,448.19,448.19,448.19,448.19,448.19,0,0
1629796685,448.19,448.19,448.19,448.19,448.19,0,0
1629796690,448.19,448.19,448.19,448.19,448.19,0,0
1629796695,448.19,448.19,448.19,448.19,448.19,0,0
1629796700,448.19,448.19,448.19,448.19,448.19,0,0
1629796705,448.19,448.19,448.19,448.19,448.19,0,0
1629796710,448.19,448.19,448.19,448.19,448.19,0,0
1629796715,448.19,448.19,448.19,448.19,448.19,0,0
1629796720,448.19,448.19,448.19,448.19,448.19,0,0
1629796725,448.19,448.19,448.19,448.19,448.19,0,0
1629796730,448.19,448.19,448.19,448.19,448.19,0,0
1629796735,448.19,448.19,448.19,448.19,448.19,0,0
1629796740,448.19,448.19,448.19,448.19,448.19,0,0
1629796745,448.19,448.19,448.19,448.19,448.19,0,0
1629796750,448.19,448.19,448.19,448.19,448.19,0,0
1629796755,448.19,448.19,448.19,448.19,448.19,0,0
1629796760,448.19,448.19,448.19,448.19,448.19,0,0
1629796765,448.19,448.19,448.19,448.19,448.19,0,0
1629796770,448.19,448.19,448.19,448.19,448.19,0,0
1629796775,448.19,448.19,448.19,448.19,448.19,0,0
1629796780,448.19,448.19,448.19,448.19,448.19,0,0
1629796785,448.19,448.19,448.19,448.19,448.19,0,0
1629796790,448.19,448.19,448.19,448.19,448.19,0,0
1629796795,448.19,448.19,448.19,448.19,448.19,0,0
1629796800,448.19,448.19,448.19,448.19,448.19,0,0
1629796805,448.19,448.19,448.19,448.19,448.19,0,0
1629796810,448.19,448.19,448.19,448.19,448.19,0,0
1629796815,448.19,448.19,448.19,448.19,448.19,0,0
1629796820,448.19,448.19,448.19,448.19,448.19,0,0
1629796825,448.19,448.19,448.19,448.19,448.19,0,0
1629796830,448.19,448.19,448.19,448.19,448.19,0,0
1629796835,448.19,448.19,448.19,448.19,448.19,0,0
1629796840,448.19,448.19,448.19,448.19,448.19,0,0
1629796845,448.22,448.22,448.22,448.22,448.22,2,1
1629796850,448.22,448.22,448.22,448.22,448.22,0,0
1629796855,448.22,448.22,448.22,448.22,448.22,0,0
1629796860,448.22,448.22,448.22,448.22,448.22,0,0
1629796865,448.22,448.22,448.22,448.22,448.22,0,0
1629796870,448.22,448.22,448.22,448.22,448.22,0,0
1629796875,448.22,448.22,448.22,448.22,448.22,0,0
1629796880,448.22,448.22,448.22,448.22,448.22,0,0
1629796885,448.22,448.22,448.22,448.22,448.22,0,0
1629796890,448.22,448.22,448.22,448.22,448.22,0,0
1629796895,448.22,448.22,448.22,448.22,448.22,0,0
1629796900,448.22,448.22,448.22,448.22,448.22,0,0
1629796905,448.22,448.22,448.22,448.22,448.22,0,0
1629796910,448.22,448.22,448.22,448.22,448.22,0,0
1629796915,448.22,448.22,448.22,448.22,448.22,0,0
1629796920,448.22,448.22,448.22,448.22,448.22,0,0
1629796925,448.22,448.22,448.22,448.22,448.22,0,0
1629796930,448.22,448.22,448.22,448.22,448.22,0,0
1629796935,448.22,448.22,448.22,448.22,448.22,0,0
1629796940,448.22,448.22,448.22,448.22,448.22,0,0
1629796945,448.22,448.22,448.22,448.22,448.22,0,0
1629796950,448.22,448.22,448.22,448.22,448.22,0,0
1629796955,448.22,448.22,448.22,448.22,448.22,0,0
1629796960,448.22,448.22,448.22,448.22,448.22,0,0
1629796965,448.22,448.22,448.22,448.22,448.22,0,0
1629796970,448.22,448.22,448.22,448.22,448.22,0,0
1629796975,448.22,448.22,448.22,448.22,448.22,0,0
1629796980,448.22,448.22,448.22,448.22,448.22,0,0
1629796985,448.22,448.22,448.22,448.22,448.22,0,0
1629796990,448.22,448.22,448.22,448.22,448.22,0,0
1629796995,448.22,448.22,448.22,448.22,448.22,0,0
1629797000,448.22,448.22,448.22,448.22,448.22,0,0
1629797005,448.22,448.22,448.22,448.22,448.22,0,0
1629797010,448.22,448.22,448.22,448.22,448.22,0,0
1629797015,448.22,448.22,448.22,448.22,448.22,0,0
1629797020,448.22,448.22,448.22,448.22,448.22,0,0
1629797025,448.22,448.22,448.22,448.22,448.22,0,0
1629797030,448.22,448.22,448.22,448.22,448.22,0,0
1629797035,448.22,448.22,448.22,448.22,448.22,0,0
1629797040,448.22,448.22,448.22,448.22,448.22,0,0
1629797045,448.22,448.22,448.22,448.22,448.22,0,0
1629797050,448.22,448.22,448.22,448.22,448.22,0,0
1629797055,448.22,448.22,448.22,448.22,448.22,0,0
1629797060,448.22,448.22,448.22,448.22,448.22,0,0
1629797065,448.2,448.2,448.2,448.2,448.2,3,1
1629797070,448.2,448.2,448.2,448.2,448.2,0,0
1629797075,448.2,448.2,448.2,448.2,448.2,0,0
1629797080,448.2,448.2,448.2,448.2,448.2,0,0
1629797085,448.2,448.2,448.2,448.2,448.2,0,0
1629797090,448.2,448.2,448.2,448.2,448.2,0,0
1629797095,448.2,448.2,448.2,448.2,448.2,0,0
1629797100,448.2,448.2,448.2,448.2,448.2,0,0
1629797105,448.19,448.19,448.19,448.19,448.19,1,1
1629797110,448.19,448.19,448.19,448.19,448.19,0,0
1629797115,448.19,448.19,448.19,448.19,448.19,0,0
1629797120,448.19,448.19,448.19,448.19,448.19,0,0
1629797125,448.19,448.19,448.19,448.19,448.19,0,0
1629797130,448.19,448.19,448.19,448.19,448.19,0,0
1629797135,448.19,448.19,448.19,448.19,448.19,0,0
1629797140,448.19,448.19,448.19,448.19,448.19,0,0
1629797145,448.19,448.19,448.19,448.19,448.19,0,0
1629797150,448.19,448.19,448.19,448.19,448.19,0,0
1629797155,448.19,448.19,448.19,448.19,448.19,0,0
1629797160,448.19,448.19,448.19,448.19,448.19,0,0
1629797165,448.19,448.19,448.19,448.19,448.19,0,0
1629797170,448.19,448.19,448.19,448.19,448.19,0,0
1629797175,448.19,448.19,448.19,448.19,448.19,0,0
1629797180,448.19,448.19,448.19,448.19,448.19,0,0
1629797185,448.19,448.19,448.19,448.19,448.19,0,0
1629797190,448.19,448.19,448.19,448.19,448.19,0,0
1629797195,448.19,448.19,448.19,448.19,448.19,0,0
1629797200,448.19,448.19,448.19,448.19,448.19,0,0
1629797205,448.19,448.19,448.17,448.17,448.177,4,2
1629797210,448.17,448.17,448.17,448.17,448.17,0,0
1629797215,448.17,448.17,448.17,448.17,448.17,0,0
1629797220,448.17,448.17,448.17,448.17,448.17,0,0
1629797225,448.17,448.17,448.17,448.17,448.17,0,0
1629797230,448.17,448.17,448.17,448.17,448.17,0,0
1629797235,448.17,448.17,448.17,448.17,448.17,0,0
1629797240,448.17,448.17,448.17,448.17,448.17,0,0
1629797245,448.17,448.17,448.17,448.17,448.17,0,0
1629797250,448.17,448.17,448.17,448.17,448.17,0,0
1629797255,448.17,448.17,448.17,448.17,448.17,0,0
1629797260,448.17,448.17,448.17,448.17,448.17,0,0
1629797265,448.17,448.17,448.17,448.17,448.17,0,0
1629797270,448.17,448.17,448.17,448.17,448.17,0,0
1629797275,448.17,448.17,448.17,448.17,448.17,0,0
1629797280,448.17,448.17,448.17,448.17,448.17,0,0
1629797285,448.15,448.15,448.15,448.15,448.15,9,4
1629797290,448.15,448.15,448.15,448.15,448.15,0,0
1629797295,448.15,448.15,448.15,448.15,448.15,0,0
1629797300,448.12,448.12,448.12,448.12,448.12,1,1
1629797305,448.12,448.12,448.12,448.12,448.12,0,0
1629797310,448.12,448.12,448.12,448.12,448.12,0,0
1629797315,448.12,448.12,448.12,448.12,448.12,0,0
1629797320,448.12,448.12,448.12,448.12,448.12,0,0
1629797325,448.12,448.12,448.12,448.12,448.12,0,0
1629797330,448.12,448.12,448.12,448.12,448.12,0,0
1629797335,448.12,448.12,448.12,448.12,448.12,0,0
1629797340,448.12,448.12,448.12,448.12,448.12,0,0
1629797345,448.12,448.12,448.12,448.12,448.12,0,0
1629797350,448.12,448.12,448.12,448.12,448.12,0,0
1629797355,448.12,448.12,448.12,448.12,448.12,0,0
1629797360,448.12,448.12,448.12,448.12,448.12,0,0
1629797365,448.12,448.12,448.12,448.12,448.12,0,0
1629797370,448.12,448.12,448.12,448.12,448.12,0,0
1629797375,448.12,448.12,448.12,448.12,448.12,0,0
1629797380,448.12,448.12,448.12,448.12,448.12,0,0
1629797385,448.12,448.12,448.12,448.12,448.12,0,0
1629797390,448.12,448.12,448.12,448.12,448.12,0,0
1629797395,448.09,448.09,448.09,448.09,448.09,1,1
1629797400,448.09,448.09,448.09,448.09,448.09,0,0
1629797405,448.09,448.09,448.09,448.09,448.09,0,0
1629797410,448.07,448.07,448.07,448.07,448.07,1,1
1629797415,448.07,448.07,448.07,448.07,448.07,0,0
1629797420,448.07,448.07,448.07,448.07,448.07,0,0
1629797425,448.07,448.07,448.07,448.07,448.07,0,0
1629797430,448.07,448.07,448.07,448.07,448.07,0,0
1629797435,448.07,448.07,448.07,448.07,448.07,0,0
1629797440,448.07,448.07,448.07,448.07,448.07,0,0
1629797445,448.07,448.07,448.07,448.07,448.07,0,0
1629797450,448.07,448.07,448.07,448.07,448.07,0,0
1629797455,448.07,448.07,448.07,448.07,448.07,0,0
1629797460,448.07,448.07,448.07,448.07,448.07,0,0
1629797465,448.07,448.07,448.07,448.07,448.07,0,0
1629797470,448.07,448.07,448.07,448.07,448.07,0,0
1629797475,448.07,448.07,448.07,448.07,448.07,0,0
1629797480,448.07,448.07,448.07,448.07,448.07,0,0
1629797485,448.07,448.07,448.07,448.07,448.07,0,0
1629797490,448.07,448.07,448.07,448.07,448.07,0,0
1629797495,448.07,448.07,448.07,448.07,448.07,0,0
1629797500,448.07,448.07,448.07,448.07,448.07,0,0
1629797505,448.07,448.07,448.07,448.07,448.07,0,0
1629797510,448.07,448.07,448.07,448.07,448.07,0,0
1629797515,448.07,448.07,448.07,448.07,448.07,0,0
1629797520,448.07,448.07,448.07,448.07,448.07,0,0
1629797525,448.07,448.07,448.07,448.07,448.07,0,0
1629797530,448.07,448.07,448.07,448.07,448.07,0,0
1629797535,448.07,448.07,448.07,448.07,448.07,0,0
1629797540,448.07,448.07,448.07,448.07,448.07,0,0
1629797545,448.07,448.07,448.07,448.07,448.07,0,0
1629797550,448.07,448.07,448.07,448.07,448.07,0,0
1629797555,448.07,448.07,448.07,448.07,448.07,0,0
1629797560,448.07,448.07,448.07,448.07,448.07,0,0
1629797565,448.07,448.07,448.07,448.07,448.07,0,0
1629797570,448.07,448.07,448.07,448.07,448.07,0,0
1629797575,448.07,448.07,448.07,448.07,448.07,0,0
1629797580,448.07,448.07,448.07,448.07,448.07,0,0
1629797585,448.07,448.07,448.07,448.07,448.07,0,0
1629797590,448.07,448.07,448.07,448.07,448.07,0,0
1629797595,448.07,448.07,448.07,448.07,448.07,0,0
1629797600,448.07,448.07,448.07,448.07,448.07,0,0
1629797605,448.07,448.07,448.07,448.07,448.07,0,0
1629797610,448.07,448.07,448.07,448.07,448.07,0,0
1629797615,448.07,448.07,448.07,448.07,448.07,0,0
1629797620,448.07,448.07,448.07,448.07,448.07,0,0
1629797625,448.12,448.12,448.12,448.12,448.12,1,1
1629797630,448.12,448.12,448.12,448.12,448.12,0,0
1629797635,448.12,448.12,448.12,448.12,448.12,0,0
1629797640,448.12,448.12,448.12,448.12,448.12,0,0
1629797645,448.12,448.12,448.12,448.12,448.12,0,0
1629797650,448.12,448.12,448.12,448.12,448.12,0,0
1629797655,448.12,448.12,448.12,448.12,448.12,0,0
1629797660,448.12,448.12,448.12,448.12,448.12,0,0
1629797665,448.12,448.12,448.12,448.12,448.12,0,0
1629797670,448.12,448.12,448.12,448.12,448.12,0,0
1629797675,448.12,448.12,448.12,448.12,448.12,0,0
1629797680,448.12,448.12,448.12,448.12,448.12,0,0
1629797685,448.12,448.12,448.12,448.12,448.12,0,0
1629797690,448.12,448.12,448.12,448.12,448.12,0,0
1629797695,448.12,448.12,448.12,448.12,448.12,0,0
1629797700,448.12,448.12,448.12,448.12,448.12,0,0
1629797705,448.12,448.12,448.12,448.12,448.12,0,0
1629797710,448.12,448.12,448.12,448.12,448.12,0,0
1629797715,448.12,448.12,448.12,448.12,448.12,0,0
1629797720,448.12,448.12,448.12,448.12,448.12,0,0
1629797725,448.12,448.12,448.12,448.12,448.12,0,0
1629797730,448.05,448.05,448.05,448.05,448.05,1,1
1629797735,448.05,448.05,448.05,448.05,448.05,0,0
1629797740,448.05,448.05,448.05,448.05,448.05,0,0
1629797745,448.05,448.05,448.05,448.05,448.05,0,0
1629797750,448.05,448.05,448.05,448.05,448.05,0,0
1629797755,448.05,448.05,448.05,448.05,448.05,0,0
1629797760,448.05,448.05,448.05,448.05,448.05,0,0
1629797765,448.05,448.05,448.05,448.05,448.05,0,0
1629797770,448.05,448.05,448.05,448.05,448.05,0,0
1629797775,448.05,448.05,448.05,448.05,448.05,0,0
1629797780,448.02,448.02,448.02,448.02,448.02,4,1
1629797785,448.02,448.02,448.02,448.02,448.02,0,0
1629797790,448.02,448.02,448.02,448.02,448.02,0,0
1629797795,448.02,448.02,448.02,448.02,448.02,0,0
1629797800,448.02,448.02,448.02,448.02,448.02,0,0
1629797805,448.02,448.02,448.02,448.02,448.02,0,0
1629797810,448.02,448.02,448.02,448.02,448.02,0,0
1629797815,448.02,448.02,448.02,448.02,448.02,0,0
1629797820,448.02,448.02,448.02,448.02,448.02,0,0
1629797825,448.02,448.02,448.02,448.02,448.02,0,0
1629797830,448.02,448.02,448.02,448.02,448.02,0,0
1629797835,448.02,448.02,448.02,448.02,448.02,0,0
1629797840,448.02,448.02,448.02,448.02,448.02,0,0
1629797845,448.02,448.02,448.02,448.02,448.02,0,0
1629797850,448.02,448.02,448.02,448.02,448.02,0,0
1629797855,448.02,448.02,448.02,448.02,448.02,0,0
1629797860,448.02,448.02,448.02,448.02,448.02,0,0
1629797865,448.02,448.02,448.02,448.02,448.02,0,0
1629797870,448.05,448.05,448.05,448.05,448.05,29,6
1629797875,448.02,448.02,448.02,448.02,448.02,7,4
1629797880,448.02,448.02,448.02,448.02,448.02,0,0
1629797885,448.02,448.02,448.02,448.02,448.02,0,0
1629797890,448.02,448.02,448.02,448.02,448.02,0,0
1629797895,448.02,448.02,448.02,448.02,448.02,0,0
1629797900,448.02,448.02,448.02,448.02,448.02,0,0
1629797905,448.02,448.02,448.02,448.02,448.02,0,0
1629797910,448.02,448.02,448.02,448.02,448.02,0,0
1629797915,448.02,448.02,448.02,448.02,448.02,0,0
1629797920,448.02,448.02,448.02,448.02,448.02,0,0
1629797925,448.02,448.02,448.02,448.02,448.02,0,0
1629797930,448.02,448.02,448.02,448.02,448.02,0,0
1629797935,448.02,448.02,448.02,448.02,448.02,0,0
1629797940,448.02,448.02,448.02,448.02,448.02,0,0
1629797945,448.02,448.02,448.02,448.02,448.02,0,0
1629797950,448.02,448.02,448.02,448.02,448.02,0,0
1629797955,447.9,447.9,447.9,447.9,447.9,1,1
1629797960,447.9,447.9,447.9,447.9,447.9,0,0
1629797965,447.9,447.9,447.9,447.9,447.9,0,0
1629797970,447.9,447.9,447.9,447.9,447.9,0,0
1629797975,447.9,447.9,447.9,447.9,447.9,0,0
1629797980,447.94,447.94,447.94,447.94,447.94,5,1
1629797985,447.94,447.94,447.94,447.94,447.94,0,0
1629797990,447.94,447.94,447.94,447.94,447.94,0,0
1629797995,447.94,447.94,447.94,447.94,447.94,0,0
1629798000,447.94,447.94,447.94,447.94,447.94,0,0
1629798005,447.94,447.94,447.94,447.94,447.94,0,0
1629798010,447.94,447.94,447.94,447.94,447.94,0,0
1629798015,447.94,447.94,447.94,447.94,447.94,0,0
1629798020,447.94,447.94,447.94,447.94,447.94,0,0
1629798025,447.94,447.94,447.94,447.94,447.94,0,0
1629798030,447.94,447.94,447.94,447.94,447.94,0,0
1629798035,447.94,447.94,447.94,447.94,447.94,0,0
1629798040,447.94,447.94,447.94,447.94,447.94,0,0
1629798045,447.94,447.94,447.94,447.94,447.94,0,0
1629798050,447.94,447.94,447.94,447.94,447.94,0,0
1629798055,447.85,447.85,447.85,447.85,447.85,1,1
1629798060,447.85,447.85,447.85,447.85,447.85,0,0
1629798065,447.85,447.85,447.85,447.85,447.85,0,0
1629798070,447.85,447.85,447.85,447.85,447.85,0,0
1629798075,447.9,447.9,447.9,447.9,447.9,2,1
1629798080,447.9,447.9,447.9,447.9,447.9,0,0
1629798085,447.9,447.9,447.9,447.9,447.9,0,0
1629798090,447.9,447.9,447.9,447.9,447.9,0,0
1629798095,447.9,447.9,447.9,447.9,447.9,0,0
1629798100,447.9,447.9,447.9,447.9,447.9,0,0
1629798105,447.9,447.9,447.9,447.9,447.9,0,0
1629798110,447.9,447.9,447.9,447.9,447.9,0,0
1629798115,447.9,447.9,447.9,447.9,447.9,0,0
1629798120,447.9,447.9,447.9,447.9,447.9,0,0
1629798125,447.9,447.9,447.9,447.9,447.9,0,0
1629798130,447.9,447.9,447.9,447.9,447.9,0,0
1629798135,447.83,447.83,447.83,447.83,447.83,2,2
1629798140,447.83,447.83,447.83,447.83,447.83,0,0
1629798145,447.8,447.8,447.8,447.8,447.8,1,1
1629798150,447.8,447.8,447.8,447.8,447.8,0,0
1629798155,447.8,447.8,447.8,447.8,447.8,0,0
1629798160,447.8,447.8,447.8,447.8,447.8,0,0
1629798165,447.8,447.8,447.8,447.8,447.8,0,0
1629798170,447.8,447.8,447.8,447.8,447.8,0,0
1629798175,447.8,447.8,447.8,447.8,447.8,0,0
1629798180,447.8,447.8,447.8,447.8,447.8,0,0
1629798185,447.8,447.8,447.8,447.8,447.8,0,0
1629798190,447.8,447.8,447.8,447.8,447.8,0,0
1629798195,447.8,447.8,447.8,447.8,447.8,0,0
1629798200,447.8,447.8,447.8,447.8,447.8,0,0
1629798205,447.8,447.8,447.8,447.8,447.8,0,0
1629798210,447.89,447.89,447.89,447.89,447.89,1,1
1629798215,447.89,447.89,447.89,447.89,447.89,0,0
1629798220,447.89,447.89,447.89,447.89,447.89,0,0
1629798225,447.89,447.89,447.89,447.89,447.89,0,0
1629798230,447.89,447.89,447.89,447.89,447.89,0,0
1629798235,447.89,447.89,447.89,447.89,447.89,0,0
1629798240,447.89,447.89,447.89,447.89,447.89,0,0
1629798245,447.82,447.82,447.82,447.82,447.82,3,1
1629798250,447.82,447.82,447.82,447.82,447.82,0,0
1629798255,447.82,447.82,447.82,447.82,447.82,0,0
1629798260,447.82,447.82,447.82,447.82,447.82,0,0
1629798265,447.82,447.82,447.82,447.82,447.82,0,0
1629798270,447.82,447.82,447.82,447.82,447.82,0,0
1629798275,447.82,447.82,447.82,447.82,447.82,0,0
1629798280,447.82,447.82,447.82,447.82,447.82,0,0
1629798285,447.82,447.82,447.82,447.82,447.82,0,0
1629798290,447.82,447.82,447.82,447.82,447.82,0,0
1629798295,447.82,447.82,447.82,447.82,447.82,0,0
1629798300,447.82,447.82,447.82,447.82,447.82,0,0
1629798305,447.82,447.82,447.82,447.82,447.82,0,0
1629798310,447.82,447.82,447.82,447.82,447.82,0,0
1629798315,447.82,447.82,447.82,447.82,447.82,0,0
1629798320,447.82,447.82,447.82,447.82,447.82,0,0
1629798325,447.82,447.82,447.82,447.82,447.82,0,0
1629798330,447.82,447.82,447.82,447.82,447.82,0,0
1629798335,447.82,447.82,447.82,447.82,447.82,0,0
1629798340,447.87,447.87,447.87,447.87,447.87,9,1
1629798345,447.87,447.87,447.87,447.87,447.87,0,0
1629798350,447.87,447.87,447.87,447.87,447.87,0,0
1629798355,447.87,447.87,447.87,447.87,447.87,0,0
1629798360,447.87,447.87,447.87,447.87,447.87,0,0
1629798365,447.87,447.87,447.87,447.87,447.87,0,0
1629798370,447.87,447.87,447.87,447.87,447.87,0,0
1629798375,447.87,447.87,447.87,447.87,447.87,0,0
1629798380,447.87,447.87,447.87,447.87,447.87,0,0
1629798385,447.92,447.92,447.92,447.92,447.92,6,2
1629798390,447.92,447.92,447.92,447.92,447.92,0,0
1629798395,447.92,447.92,447.92,447.92,447.92,0,0
1629798400,447.92,447.92,447.92,447.92,447.92,0,0
1629798405,447.92,447.92,447.92,447.92,447.92,0,0
1629798410,447.84,447.84,447.84,447.84,447.84,8,2
1629798415,447.84,447.84,447.84,447.84,447.84,0,0
1629798420,447.84,447.84,447.84,447.84,447.84,0,0
1629798425,447.84,447.84,447.84,447.84,447.84,0,0
1629798430,447.84,447.84,447.84,447.84,447.84,0,0
1629798435,447.84,447.84,447.84,447.84,447.84,0,0
1629798440,447.84,447.84,447.84,447.84,447.84,0,0
1629798445,447.84,447.84,447.84,447.84,447.84,0,0
1629798450,447.84,447.84,447.84,447.84,447.84,0,0
1629798455,447.84,447.84,447.84,447.84,447.84,0,0
1629798460,447.84,447.84,447.84,447.84,447.84,0,0
1629798465,447.84,447.84,447.84,447.84,447.84,0,0
1629798470,447.84,447.84,447.84,447.84,447.84,0,0
1629798475,447.84,447.84,447.84,447.84,447.84,0,0
1629798480,447.84,447.84,447.84,447.84,447.84,0,0
1629798485,447.84,447.84,447.84,447.84,447.84,0,0
1629798490,447.84,447.84,447.84,447.84,447.84,0,0
1629798495,447.84,447.84,447.84,447.84,447.84,0,0
1629798500,447.84,447.84,447.84,447.84,447.84,0,0
1629798505,447.84,447.84,447.84,447.84,447.84,0,0
1629798510,447.84,447.84,447.84,447.84,447.84,0,0
1629798515,447.84,447.84,447.84,447.84,447.84,0,0
1629798520,447.84,447.84,447.84,447.84,447.84,0,0
1629798525,447.84,447.84,447.84,447.84,447.84,0,0
1629798530,447.84,447.84,447.84,447.84,447.84,0,0
1629798535,447.84,447.84,447.84,447.84,447.84,0,0
1629798540,447.84,447.84,447.84,447.84,447.84,0,0
1629798545,447.84,447.84,447.84,447.84,447.84,0,0
1629798550,447.84,447.84,447.84,447.84,447.84,0,0
1629798555,447.84,447.84,447.84,447.84,447.84,0,0
1629798560,447.84,447.84,447.84,447.84,447.84,0,0
1629798565,447.84,447.84,447.84,447.84,447.84,0,0
1629798570,447.86,447.86,447.86,447.86,447.86,5,1
1629798575,447.86,447.86,447.86,447.86,447.86,0,0
1629798580,447.86,447.86,447.86,447.86,447.86,0,0
1629798585,447.86,447.86,447.86,447.86,447.86,0,0
1629798590,447.86,447.86,447.86,447.86,447.86,0,0
1629798595,447.86,447.86,447.86,447.86,447.86,0,0
1629798600,447.86,447.86,447.86,447.86,447.86,0,0
1629798605,447.86,447.86,447.86,447.86,447.86,0,0
1629798610,447.86,447.86,447.86,447.86,447.86,0,0
1629798615,447.86,447.86,447.86,447.86,447.86,0,0
1629798620,447.86,447.86,447.86,447.86,447.86,0,0
1629798625,447.86,447.86,447.86,447.86,447.86,0,0
1629798630,447.86,447.86,447.86,447.86,447.86,0,0
1629798635,447.86,447.86,447.86,447.86,447.86,0,0
1629798640,447.86,447.86,447.85,447.85,447.859,23,3
1629798645,447.85,447.85,447.85,447.85,447.85,0,0
1629798650,447.85,447.85,447.85,447.85,447.85,0,0
1629798655,447.85,447.85,447.85,447.85,447.85,0,0
1629798660,447.85,447.85,447.85,447.85,447.85,0,0
1629798665,447.85,447.85,447.85,447.85,447.85,0,0
1629798670,447.86,447.86,447.86,447.86,447.86,2,1
1629798675,447.86,447.86,447.86,447.86,447.86,0,0
1629798680,447.86,447.86,447.86,447.86,447.86,0,0
1629798685,447.86,447.86,447.86,447.86,447.86,11,1
1629798690,447.86,447.86,447.86,447.86,447.86,0,0
1629798695,447.86,447.86,447.86,447.86,447.86,0,0
1629798700,447.86,447.86,447.85,447.85,447.855,4,2
1629798705,447.85,447.85,447.85,447.85,447.85,0,0
1629798710,447.86,447.86,447.86,447.86,447.86,2,2
1629798715,447.86,447.86,447.86,447.86,447.86,0,0
1629798720,447.86,447.86,447.86,447.86,447.86,0,0
1629798725,447.86,447.86,447.86,447.86,447.86,0,0
1629798730,447.86,447.86,447.86,447.86,447.86,0,0
1629798735,447.86,447.86,447.86,447.86,447.86,0,0
1629798740,447.86,447.86,447.86,447.86,447.86,0,0
1629798745,447.86,447.86,447.86,447.86,447.86,0,0
1629798750,447.86,447.86,447.86,447.86,447.86,12,2
1629798755,447.86,447.86,447.86,447.86,447.86,0,0
1629798760,447.86,447.86,447.86,447.86,447.86,0,0
1629798765,447.86,447.86,447.86,447.86,447.86,0,0
1629798770,447.86,447.86,447.86,447.86,447.86,0,0
1629798775,447.86,447.86,447.86,447.86,447.86,0,0
1629798780,447.86,447.86,447.86,447.86,447.86,0,0
1629798785,447.86,447.86,447.86,447.86,447.86,0,0
1629798790,447.86,447.86,447.86,447.86,447.86,0,0
1629798795,447.86,447.86,447.86,447.86,447.86,0,0
1629798800,447.86,447.86,447.86,447.86,447.86,0,0
1629798805,447.86,447.86,447.86,447.86,447.86,0,0
1629798810,447.86,447.86,447.86,447.86,447.86,0,0
1629798815,447.86,447.86,447.86,447.86,447.86,0,0
1629798820,447.86,447.86,447.86,447.86,447.86,0,0
1629798825,447.86,447.86,447.86,447.86,447.86,0,0
1629798830,447.86,447.86,447.86,447.86,447.86,0,0
1629798835,447.86,447.86,447.86,447.86,447.86,0,0
1629798840,447.86,447.86,447.86,447.86,447.86,0,0
1629798845,447.86,447.86,447.86,447.86,447.86,0,0
1629798850,447.86,447.86,447.86,447.86,447.86,0,0
1629798855,447.86,447.86,447.86,447.86,447.86,0,0
1629798860,447.86,447.86,447.86,447.86,447.86,0,0
1629798865,447.86,447.86,447.86,447.86,447.86,0,0
1629798870,447.86,447.86,447.86,447.86,447.86,0,0
1629798875,447.86,447.86,447.86,447.86,447.86,0,0
1629798880,447.86,447.86,447.86,447.86,447.86,0,0
1629798885,447.86,447.86,447.86,447.86,447.86,0,0
1629798890,447.86,447.86,447.86,447.86,447.86,0,0
1629798895,447.86,447.86,447.86,447.86,447.86,0,0
1629798900,447.85,447.85,447.85,447.85,447.85,1,1
1629798905,447.85,447.85,447.85,447.85,447.85,0,0
1629798910,447.88,447.88,447.88,447.88,447.88,1,1
1629798915,447.88,447.89,447.88,447.89,447.889,18,7
1629798920,447.9,447.9,447.9,447.9,447.9,10,4
1629798925,447.9,447.9,447.9,447.9,447.9,0,0
1629798930,447.9,447.9,447.9,447.9,447.9,0,0
1629798935,447.9,447.9,447.9,447.9,447.9,0,0
1629798940,447.9,447.9,447.9,447.9,447.9,0,0
1629798945,447.9,447.9,447.9,447.9,447.9,0,0
1629798950,447.9,447.9,447.9,447.9,447.9,0,0
1629798955,447.9,447.9,447.9,447.9,447.9,0,0
1629798960,447.9,447.9,447.9,447.9,447.9,0,0
1629798965,447.9,447.9,447.9,447.9,447.9,0,0
1629798970,447.9,447.9,447.9,447.9,447.9,0,0
1629798975,447.9,447.9,447.9,447.9,447.9,0,0
1629798980,447.79,447.79,447.79,447.79,447.79,4,1
1629798985,447.79,447.79,447.79,447.79,447.79,0,0
1629798990,447.79,447.79,447.79,447.79,447.79,0,0
1629798995,447.79,447.79,447.79,447.79,447.79,0,0
1629799000,447.79,447.79,447.79,447.79,447.79,0,0
1629799005,447.79,447.79,447.79,447.79,447.79,0,0
1629799010,447.79,447.79,447.79,447.79,447.79,0,0
1629799015,447.79,447.79,447.79,447.79,447.79,0,0
1629799020,447.78,447.78,447.78,447.78,447.78,6,3
1629799025,447.78,447.78,447.78,447.78,447.78,0,0
1629799030,447.78,447.78,447.78,447.78,447.78,0,0
1629799035,447.78,447.78,447.78,447.78,447.78,0,0
1629799040,447.78,447.78,447.78,447.78,447.78,0,0
1629799045,447.78,447.78,447.78,447.78,447.78,0,0
1629799050,447.78,447.78,447.78,447.78,447.78,0,0
1629799055,447.78,447.78,447.78,447.78,447.78,0,0
1629799060,447.72,447.75,447.68,447.72,447.702,24,5
1629799065,447.72,447.72,447.72,447.72,447.72,0,0
1629799070,447.72,447.72,447.72,447.72,447.72,0,0
1629799075,447.72,447.72,447.72,447.72,447.72,0,0
1629799080,447.72,447.72,447.72,447.72,447.72,0,0
1629799085,447.74,447.74,447.74,447.74,447.74,1,1
1629799090,447.74,447.74,447.74,447.74,447.74,0,0
1629799095,447.74,447.74,447.74,447.74,447.74,0,0
1629799100,447.74,447.74,447.74,447.74,447.74,0,0
1629799105,447.72,447.72,447.72,447.72,447.72,2,1
1629799110,447.72,447.72,447.72,447.72,447.72,0,0
1629799115,447.72,447.72,447.72,447.72,447.72,0,0
1629799120,447.72,447.72,447.72,447.72,447.72,0,0
1629799125,447.72,447.72,447.72,447.72,447.72,0,0
1629799130,447.72,447.72,447.72,447.72,447.72,0,0
1629799135,447.74,447.74,447.74,447.74,447.74,10,3
1629799140,447.74,447.74,447.74,447.74,447.74,0,0
1629799145,447.74,447.74,447.74,447.74,447.74,0,0
1629799150,447.74,447.74,447.74,447.74,447.74,0,0
1629799155,447.74,447.74,447.74,447.74,447.74,0,0
1629799160,447.74,447.74,447.74,447.74,447.74,0,0
1629799165,447.74,447.74,447.74,447.74,447.74,0,0
1629799170,447.74,447.74,447.74,447.74,447.74,0,0
1629799175,447.74,447.74,447.74,447.74,447.74,0,0
1629799180,447.74,447.74,447.74,447.74,447.74,0,0
1629799185,447.74,447.74,447.74,447.74,447.74,0,0
1629799190,447.74,447.74,447.74,447.74,447.74,0,0
1629799195,447.75,447.75,447.75,447.75,447.75,6,3
1629799200,447.75,447.75,447.75,447.75,447.75,0,0
1629799205,447.75,447.75,447.75,447.75,447.75,0,0
1629799210,447.75,447.75,447.75,447.75,447.75,0,0
1629799215,447.75,447.75,447.75,447.75,447.75,0,0
1629799220,447.75,447.75,447.75,447.75,447.75,0,0
1629799225,447.75,447.75,447.75,447.75,447.75,0,0
1629799230,447.75,447.75,447.75,447.75,447.75,0,0
1629799235,447.75,447.75,447.75,447.75,447.75,0,0
1629799240,447.75,447.75,447.75,447.75,447.75,0,0
1629799245,447.75,447.75,447.75,447.75,447.75,0,0
1629799250,447.75,447.75,447.75,447.75,447.75,0,0
1629799255,447.75,447.75,447.75,447.75,447.75,0,0
1629799260,447.75,447.75,447.75,447.75,447.75,0,0
1629799265,447.75,447.75,447.75,447.75,447.75,0,0
1629799270,447.75,447.75,447.75,447.75,447.75,0,0
1629799275,447.75,447.75,447.75,447.75,447.75,0,0
1629799280,447.75,447.75,447.75,447.75,447.75,0,0
1629799285,447.75,447.75,447.75,447.75,447.75,0,0
1629799290,447.75,447.75,447.75,447.75,447.75,0,0
1629799295,447.75,447.75,447.75,447.75,447.75,0,0
1629799300,447.75,447.75,447.75,447.75,447.75,0,0
1629799305,447.75,447.75,447.75,447.75,447.75,0,0
1629799310,447.75,447.75,447.75,447.75,447.75,0,0
1629799315,447.75,447.75,447.75,447.75,447.75,0,0
1629799320,447.75,447.75,447.75,447.75,447.75,0,0
1629799325,447.75,447.75,447.75,447.75,447.75,0,0
1629799330,447.75,447.75,447.75,447.75,447.75,0,0
1629799335,447.75,447.75,447.75,447.75,447.75,14,4
1629799340,447.75,447.75,447.75,447.75,447.75,0,0
1629799345,447.75,447.75,447.75,447.75,447.75,0,0
1629799350,447.75,447.75,447.75,447.75,447.75,0,0
1629799355,447.75,447.75,447.75,447.75,447.75,0,0
1629799360,447.75,447.75,447.75,447.75,447.75,0,0
1629799365,447.74,447.75,447.74,447.75,447.744,9,3
1629799370,447.75,447.75,447.75,447.75,447.75,0,0
1629799375,447.75,447.75,447.75,447.75,447.75,0,0
1629799380,447.75,447.75,447.75,447.75,447.75,0,0
1629799385,447.75,447.75,447.75,447.75,447.75,0,0
1629799390,447.75,447.75,447.75,447.75,447.75,0,0
1629799395,447.75,447.75,447.75,447.75,447.75,0,0
1629799400,447.75,447.75,447.75,447.75,447.75,0,0
1629799405,447.75,447.75,447.75,447.75,447.75,0,0
1629799410,447.75,447.75,447.75,447.75,447.75,0,0
1629799415,447.75,447.75,447.75,447.75,447.75,0,0
1629799420,447.75,447.75,447.75,447.75,447.75,0,0
1629799425,447.75,447.75,447.75,447.75,447.75,0,0
1629799430,447.75,447.75,447.75,447.75,447.75,0,0
1629799435,447.75,447.75,447.75,447.75,447.75,0,0
1629799440,447.75,447.75,447.75,447.75,447.75,0,0
1629799445,447.75,447.75,447.75,447.75,447.75,0,0
1629799450,447.75,447.75,447.75,447.75,447.75,0,0
1629799455,447.8,447.8,447.8,447.8,447.8,1,1
1629799460,447.8,447.8,447.8,447.8,447.8,0,0
1629799465,447.8,447.8,447.8,447.8,447.8,0,0
1629799470,447.8,447.8,447.8,447.8,447.8,0,0
1629799475,447.79,447.79,447.79,447.79,447.79,2,1
1629799480,447.79,447.79,447.79,447.79,447.79,0,0
1629799485,447.79,447.79,447.79,447.79,447.79,0,0
1629799490,447.79,447.79,447.79,447.79,447.79,0,0
1629799495,447.79,447.79,447.79,447.79,447.79,0,0
1629799500,447.79,447.79,447.79,447.79,447.79,0,0
1629799505,447.79,447.79,447.79,447.79,447.79,0,0
1629799510,447.79,447.79,447.79,447.79,447.79,0,0
1629799515,447.79,447.79,447.79,447.79,447.79,0,0
1629799520,447.82,447.82,447.82,447.82,447.82,2,2
1629799525,447.82,447.82,447.82,447.82,447.82,0,0
1629799530,447.82,447.82,447.82,447.82,447.82,0,0
1629799535,447.82,447.82,447.82,447.82,447.82,0,0
1629799540,447.82,447.82,447.82,447.82,447.82,0,0
1629799545,447.82,447.82,447.82,447.82,447.82,0,0
1629799550,447.82,447.82,447.82,447.82,447.82,0,0
1629799555,447.82,447.82,447.82,447.82,447.82,0,0
1629799560,447.84,447.84,447.84,447.84,447.84,1,1
1629799565,447.84,447.84,447.84,447.84,447.84,0,0
1629799570,447.84,447.84,447.84,447.84,447.84,0,0
1629799575,447.84,447.84,447.84,447.84,447.84,0,0
1629799580,447.84,447.84,447.84,447.84,447.84,0,0
1629799585,447.84,447.84,447.84,447.84,447.84,0,0
1629799590,447.84,447.84,447.84,447.84,447.84,0,0
1629799595,447.84,447.84,447.84,447.84,447.84,0,0
1629799600,447.84,447.84,447.84,447.84,447.84,0,0
1629799605,447.84,447.84,447.84,447.84,447.84,0,0
1629799610,447.84,447.84,447.84,447.84,447.84,0,0
1629799615,447.84,447.84,447.84,447.84,447.84,0,0
1629799620,447.84,447.84,447.84,447.84,447.84,0,0
1629799625,447.84,447.84,447.84,447.84,447.84,0,0
1629799630,447.84,447.84,447.84,447.84,447.84,0,0
1629799635,447.84,447.84,447.84,447.84,447.84,0,0
1629799640,447.84,447.84,447.84,447.84,447.84,0,0
1629799645,447.84,447.84,447.84,447.84,447.84,0,0
1629799650,447.84,447.84,447.84,447.84,447.84,0,0
1629799655,447.82,447.82,447.82,447.82,447.82,2,1
1629799660,447.82,447.82,447.82,447.82,447.82,0,0
1629799665,447.82,447.82,447.82,447.82,447.82,1,1
1629799670,447.82,447.82,447.82,447.82,447.82,0,0
1629799675,447.82,447.82,447.82,447.82,447.82,0,0
1629799680,447.82,447.82,447.82,447.82,447.82,0,0
1629799685,447.82,447.82,447.82,447.82,447.82,0,0
1629799690,447.82,447.82,447.82,447.82,447.82,0,0
1629799695,447.82,447.82,447.82,447.82,447.82,0,0
1629799700,447.82,447.82,447.82,447.82,447.82,0,0
1629799705,447.82,447.82,447.82,447.82,447.82,0,0
1629799710,447.82,447.82,447.82,447.82,447.82,0,0
1629799715,447.82,447.82,447.82,447.82,447.82,0,0
1629799720,447.82,447.82,447.82,447.82,447.82,0,0
1629799725,447.82,447.82,447.82,447.82,447.82,0,0
1629799730,447.92,447.92,447.92,447.92,447.92,2,1
1629799735,447.9,447.92,447.9,447.92,447.912,5,5
1629799740,447.92,447.92,447.92,447.92,447.92,0,0
1629799745,447.92,447.92,447.92,447.92,447.92,0,0
1629799750,447.92,447.92,447.92,447.92,447.92,0,0
1629799755,447.92,447.92,447.92,447.92,447.92,0,0
1629799760,447.92,447.92,447.92,447.92,447.92,0,0
1629799765,447.92,447.92,447.92,447.92,447.92,0,0
1629799770,447.92,447.92,447.92,447.92,447.92,0,0
1629799775,447.92,447.92,447.92,447.92,447.92,0,0
1629799780,447.92,447.92,447.92,447.92,447.92,0,0
1629799785,447.92,447.92,447.92,447.92,447.92,0,0
1629799790,447.92,447.92,447.92,447.92,447.92,0,0
1629799795,447.92,447.92,447.92,447.92,447.92,0,0
1629799800,447.92,447.92,447.92,447.92,447.92,0,0
1629799805,447.92,447.92,447.92,447.92,447.92,0,0
1629799810,447.92,447.92,447.92,447.92,447.92,0,0
1629799815,447.92,447.92,447.92,447.92,447.92,0,0
1629799820,447.92,447.92,447.92,447.92,447.92,0,0
1629799825,447.92,447.92,447.92,447.92,447.92,0,0
1629799830,447.92,447.92,447.92,447.92,447.92,0,0
1629799835,447.92,447.92,447.92,447.92,447.92,0,0
1629799840,447.92,447.92,447.92,447.92,447.92,0,0
1629799845,447.84,447.84,447.84,447.84,447.84,1,1
1629799850,447.84,447.84,447.84,447.84,447.84,0,0
1629799855,447.84,447.84,447.84,447.84,447.84,0,0
1629799860,447.84,447.84,447.84,447.84,447.84,0,0
1629799865,447.84,447.84,447.84,447.84,447.84,0,0
1629799870,447.84,447.84,447.84,447.84,447.84,0,0
1629799875,447.84,447.84,447.84,447.84,447.84,0,0
1629799880,447.84,447.84,447.84,447.84,447.84,0,0
1629799885,447.84,447.84,447.84,447.84,447.84,0,0
1629799890,447.84,447.84,447.84,447.84,447.84,0,0
1629799895,447.84,447.84,447.84,447.84,447.84,0,0
1629799900,447.84,447.84,447.84,447.84,447.84,0,0
1629799905,447.84,447.84,447.84,447.84,447.84,0,0
1629799910,447.84,447.84,447.84,447.84,447.84,0,0
1629799915,447.84,447.84,447.84,447.84,447.84,0,0
1629799920,447.84,447.84,447.84,447.84,447.84,0,0
1629799925,447.84,447.84,447.84,447.84,447.84,0,0
1629799930,447.84,447.84,447.84,447.84,447.84,0,0
1629799935,447.84,447.84,447.84,447.84,447.84,0,0
1629799940,447.92,447.92,447.92,447.92,447.92,1,1
1629799945,447.92,447.92,447.92,447.92,447.92,0,0
1629799950,447.92,447.92,447.92,447.92,447.92,0,0
1629799955,447.92,447.92,447.92,447.92,447.92,0,0
1629799960,447.92,447.92,447.92,447.92,447.92,0,0
1629799965,447.92,447.92,447.92,447.92,447.92,0,0
1629799970,447.92,447.92,447.92,447.92,447.92,0,0
1629799975,447.92,447.92,447.92,447.92,447.92,0,0
1629799980,447.92,447.92,447.92,447.92,447.92,0,0
1629799985,447.92,447.92,447.92,447.92,447.92,0,0
1629799990,447.92,447.92,447.92,447.92,447.92,0,0
1629799995,447.92,447.92,447.92,447.92,447.92,0,0
1629800000,447.92,447.92,447.92,447.92,447.92,0,0
1629800005,447.92,447.92,447.92,447.92,447.92,0,0
1629800010,447.92,447.92,447.92,447.92,447.92,0,0
1629800015,447.92,447.92,447.92,447.92,447.92,0,0
1629800020,447.92,447.92,447.92,447.92,447.92,0,0
1629800025,447.92,447.92,447.92,447.92,447.92,0,0
1629800030,447.92,447.92,447.92,447.92,447.92,0,0
1629800035,447.92,447.92,447.92,447.92,447.92,0,0
1629800040,447.95,447.95,447.95,447.95,447.95,10,2
1629800045,447.95,447.95,447.95,447.95,447.95,0,0
1629800050,447.95,447.95,447.95,447.95,447.95,0,0
1629800055,447.95,447.95,447.95,447.95,447.95,0,0
1629800060,447.95,447.95,447.95,447.95,447.95,0,0
1629800065,447.95,447.95,447.95,447.95,447.95,0,0
1629800070,447.95,447.95,447.95,447.95,447.95,0,0
1629800075,447.95,447.95,447.95,447.95,447.95,0,0
1629800080,447.95,447.95,447.95,447.95,447.95,0,0
1629800085,447.95,447.95,447.95,447.95,447.95,0,0
1629800090,447.95,447.95,447.95,447.95,447.95,0,0
1629800095,447.95,447.95,447.95,447.95,447.95,0,0
1629800100,447.95,447.95,447.95,447.95,447.95,0,0
1629800105,447.95,447.95,447.95,447.95,447.95,0,0
1629800110,447.95,447.95,447.95,447.95,447.95,0,0
1629800115,447.95,447.95,447.95,447.95,447.95,0,0
1629800120,447.95,447.95,447.95,447.95,447.95,0,0
1629800125,447.95,447.95,447.95,447.95,447.95,0,0
1629800130,447.95,447.95,447.95,447.95,447.95,0,0
1629800135,447.95,447.95,447.95,447.95,447.95,0,0
1629800140,447.95,447.95,447.95,447.95,447.95,0,0
1629800145,447.95,447.95,447.95,447.95,447.95,0,0
1629800150,447.95,447.95,447.95,447.95,447.95,0,0
1629800155,447.95,447.95,447.95,447.95,447.95,0,0
1629800160,447.95,447.95,447.95,447.95,447.95,0,0
1629800165,447.95,447.95,447.95,447.95,447.95,0,0
1629800170,447.95,447.95,447.95,447.95,447.95,0,0
1629800175,447.95,447.95,447.95,447.95,447.95,0,0
1629800180,447.95,447.95,447.95,447.95,447.95,0,0
1629800185,447.95,447.95,447.95,447.95,447.95,0,0
1629800190,447.95,447.95,447.95,447.95,447.95,0,0
1629800195,447.95,447.95,447.95,447.95,447.95,0,0
1629800200,447.95,447.95,447.95,447.95,447.95,0,0
1629800205,447.95,447.95,447.95,447.95,447.95,0,0
1629800210,447.95,447.95,447.95,447.95,447.95,0,0
1629800215,447.95,447.95,447.95,447.95,447.95,0,0
1629800220,447.95,447.95,447.95,447.95,447.95,0,0
1629800225,447.95,447.95,447.95,447.95,447.95,0,0
1629800230,447.95,447.95,447.95,447.95,447.95,0,0
1629800235,447.95,447.95,447.95,447.95,447.95,0,0
1629800240,447.95,447.95,447.95,447.95,447.95,0,0
1629800245,447.95,447.95,447.95,447.95,447.95,0,0
1629800250,447.95,447.95,447.95,447.95,447.95,0,0
1629800255,447.95,447.95,447.95,447.95,447.95,0,0
1629800260,447.95,447.95,447.95,447.95,447.95,0,0
1629800265,447.85,447.85,447.85,447.85,447.85,1,1
1629800270,447.85,447.85,447.85,447.85,447.85,0,0
1629800275,447.85,447.85,447.85,447.85,447.85,5,4
1629800280,447.85,447.85,447.85,447.85,447.85,0,0
1629800285,447.85,447.85,447.85,447.85,447.85,0,0
1629800290,447.85,447.85,447.85,447.85,447.85,0,0
1629800295,447.85,447.85,447.85,447.85,447.85,0,0
1629800300,447.85,447.85,447.85,447.85,447.85,0,0
1629800305,447.85,447.85,447.85,447.85,447.85,0,0
1629800310,447.85,447.85,447.85,447.85,447.85,0,0
1629800315,447.85,447.85,447.85,447.85,447.85,0,0
1629800320,447.85,447.85,447.85,447.85,447.85,0,0
1629800325,447.85,447.85,447.85,447.85,447.85,10,5
1629800330,447.85,447.85,447.85,447.85,447.85,0,0
1629800335,447.85,447.85,447.85,447.85,447.85,0,0
1629800340,447.85,447.85,447.85,447.85,447.85,0,0
1629800345,447.85,447.85,447.85,447.85,447.85,0,0
1629800350,447.85,447.85,447.85,447.85,447.85,0,0
1629800355,447.85,447.85,447.85,447.85,447.85,0,0
1629800360,447.85,447.85,447.85,447.85,447.85,0,0
1629800365,447.85,447.85,447.85,447.85,447.85,0,0
1629800370,447.85,447.85,447.85,447.85,447.85,0,0
1629800375,447.85,447.85,447.85,447.85,447.85,0,0
1629800380,447.85,447.85,447.85,447.85,447.85,0,0
1629800385,447.85,447.85,447.85,447.85,447.85,0,0
1629800390,447.83,447.83,447.83,447.83,447.83,1,1
1629800395,447.83,447.83,447.83,447.83,447.83,1,1
1629800400,447.83,447.83,447.83,447.83,447.83,0,0
1629800405,447.83,447.83,447.83,447.83,447.83,0,0
1629800410,447.83,447.83,447.83,447.83,447.83,0,0
1629800415,447.83,447.83,447.83,447.83,447.83,0,0
1629800420,447.83,447.83,447.83,447.83,447.83,0,0
1629800425,447.83,447.83,447.83,447.83,447.83,0,0
1629800430,447.83,447.83,447.83,447.83,447.83,0,0
1629800435,447.83,447.83,447.83,447.83,447.83,0,0
1629800440,447.83,447.83,447.83,447.83,447.83,0,0
1629800445,447.83,447.83,447.83,447.83,447.83,0,0
1629800450,447.83,447.83,447.83,447.83,447.83,0,0
1629800455,447.83,447.83,447.83,447.83,447.83,0,0
1629800460,447.83,447.83,447.83,447.83,447.83,0,0
1629800465,447.83,447.83,447.83,447.83,447.83,0,0
1629800470,447.83,447.83,447.83,447.83,447.83,0,0
1629800475,447.83,447.83,447.83,447.83,447.83,0,0
1629800480,447.9,447.9,447.9,447.9,447.9,10,4
1629800485,447.9,447.9,447.9,447.9,447.9,0,0
1629800490,447.9,447.9,447.9,447.9,447.9,0,0
1629800495,447.9,447.9,447.9,447.9,447.9,0,0
1629800500,447.9,447.9,447.9,447.9,447.9,0,0
1629800505,447.9,447.9,447.9,447.9,447.9,0,0
1629800510,447.9,447.9,447.9,447.9,447.9,0,0
1629800515,447.9,447.9,447.9,447.9,447.9,0,0
1629800520,447.9,447.9,447.9,447.9,447.9,0,0
1629800525,447.9,447.9,447.9,447.9,447.9,0,0
1629800530,447.9,447.9,447.9,447.9,447.9,0,0
1629800535,447.9,447.9,447.9,447.9,447.9,0,0
1629800540,447.9,447.9,447.9,447.9,447.9,0,0
1629800545,447.9,447.9,447.9,447.9,447.9,0,0
1629800550,447.9,447.9,447.9,447.9,447.9,0,0
1629800555,447.9,447.9,447.9,447.9,447.9,0,0
1629800560,447.9,447.9,447.9,447.9,447.9,0,0
1629800565,447.9,447.9,447.9,447.9,447.9,0,0
1629800570,447.9,447.9,447.9,447.9,447.9,0,0
1629800575,447.9,447.9,447.9,447.9,447.9,0,0
1629800580,447.9,447.9,447.9,447.9,447.9,0,0
1629800585,447.9,447.9,447.9,447.9,447.9,0,0
1629800590,447.9,447.9,447.9,447.9,447.9,0,0
1629800595,447.9,447.9,447.9,447.9,447.9,0,0
1629800600,447.9,447.9,447.9,447.9,447.9,0,0
1629800605,447.9,447.9,447.9,447.9,447.9,0,0
1629800610,447.9,447.9,447.9,447.9,447.9,0,0
1629800615,447.9,447.9,447.9,447.9,447.9,0,0
1629800620,447.9,447.9,447.9,447.9,447.9,0,0
1629800625,447.85,447.85,447.85,447.85,447.85,1,1
1629800630,447.85,447.85,447.85,447.85,447.85,0,0
1629800635,447.85,447.85,447.85,447.85,447.85,1,1
1629800640,447.85,447.85,447.85,447.85,447.85,0,0
1629800645,447.85,447.85,447.85,447.85,447.85,0,0
1629800650,447.85,447.85,447.85,447.85,447.85,0,0
1629800655,447.85,447.85,447.85,447.85,447.85,0,0
1629800660,447.85,447.85,447.85,447.85,447.85,0,0
1629800665,447.85,447.85,447.85,447.85,447.85,0,0
1629800670,447.85,447.85,447.85,447.85,447.85,1,1
1629800675,447.85,447.85,447.85,447.85,447.85,0,0
1629800680,447.85,447.85,447.85,447.85,447.85,0,0
1629800685,447.85,447.85,447.85,447.85,447.85,0,0
1629800690,447.82,447.82,447.82,447.82,447.82,1,1
1629800695,447.82,447.82,447.82,447.82,447.82,0,0
1629800700,447.82,447.82,447.82,447.82,447.82,0,0
1629800705,447.82,447.82,447.82,447.82,447.82,0,0
1629800710,447.82,447.82,447.82,447.82,447.82,0,0
1629800715,447.82,447.82,447.82,447.82,447.82,0,0
1629800720,447.82,447.82,447.82,447.82,447.82,0,0
1629800725,447.82,447.82,447.82,447.82,447.82,0,0
1629800730,447.82,447.82,447.82,447.82,447.82,0,0
1629800735,447.82,447.82,447.82,447.82,447.82,0,0
1629800740,447.82,447.82,447.82,447.82,447.82,0,0
1629800745,447.82,447.82,447.82,447.82,447.82,0,0
1629800750,447.82,447.82,447.82,447.82,447.82,0,0
1629800755,447.82,447.82,447.82,447.82,447.82,0,0
1629800760,447.82,447.82,447.82,447.82,447.82,0,0
1629800765,447.82,447.82,447.82,447.82,447.82,0,0
1629800770,447.82,447.82,447.82,447.82,447.82,0,0
1629800775,447.82,447.82,447.82,447.82,447.82,0,0
1629800780,447.82,447.82,447.82,447.82,447.82,0,0
1629800785,447.82,447.82,447.82,447.82,447.82,0,0
1629800790,447.82,447.82,447.82,447.82,447.82,0,0
1629800795,447.82,447.82,447.82,447.82,447.82,0,0
1629800800,447.82,447.82,447.82,447.82,447.82,0,0
1629800805,447.82,447.82,447.82,447.82,447.82,0,0
1629800810,447.82,447.82,447.82,447.82,447.82,0,0
1629800815,447.82,447.82,447.82,447.82,447.82,0,0
1629800820,447.82,447.82,447.82,447.82,447.82,0,0
1629800825,447.82,447.82,447.82,447.82,447.82,0,0
1629800830,447.82,447.82,447.82,447.82,447.82,0,0
1629800835,447.98,447.98,447.98,447.98,447.98,1,1
1629800840,447.98,447.98,447.98,447.98,447.98,0,0
1629800845,447.98,447.98,447.98,447.98,447.98,0,0
1629800850,447.98,447.98,447.98,447.98,447.98,0,0
1629800855,447.98,447.98,447.98,447.98,447.98,0,0
1629800860,447.98,447.98,447.98,447.98,447.98,0,0
1629800865,447.98,447.98,447.98,447.98,447.98,0,0
1629800870,447.98,447.98,447.98,447.98,447.98,0,0
1629800875,447.98,447.98,447.98,447.98,447.98,0,0
1629800880,447.98,447.98,447.98,447.98,447.98,0,0
1629800885,447.98,447.98,447.98,447.98,447.98,0,0
1629800890,447.98,447.98,447.98,447.98,447.98,0,0
1629800895,447.98,447.98,447.98,447.98,447.98,0,0
1629800900,447.98,447.98,447.98,447.98,447.98,0,0
1629800905,447.98,447.98,447.98,447.98,447.98,0,0
1629800910,447.98,447.98,447.98,447.98,447.98,0,0
1629800915,447.98,447.98,447.98,447.98,447.98,0,0
1629800920,447.98,447.98,447.98,447.98,447.98,0,0
1629800925,447.98,447.98,447.98,447.98,447.98,0,0
1629800930,447.98,447.98,447.98,447.98,447.98,0,0
1629800935,447.98,447.98,447.98,447.98,447.98,0,0
1629800940,447.98,447.98,447.98,447.98,447.98,0,0
1629800945,447.98,447.98,447.98,447.98,447.98,0,0
1629800950,447.98,447.98,447.98,447.98,447.98,0,0
1629800955,447.98,447.98,447.98,447.98,447.98,0,0
1629800960,447.98,447.98,447.98,447.98,447.98,0,0
1629800965,447.98,447.98,447.98,447.98,447.98,0,0
1629800970,447.98,447.98,447.98,447.98,447.98,0,0
1629800975,447.98,447.98,447.98,447.98,447.98,0,0
1629800980,447.98,447.98,447.98,447.98,447.98,0,0
1629800985,447.98,447.98,447.98,447.98,447.98,0,0
1629800990,447.98,447.98,447.98,447.98,447.98,0,0
1629800995,447.98,447.98,447.98,447.98,447.98,0,0
1629801000,447.98,447.98,447.98,447.98,447.98,0,0
1629801005,447.98,447.98,447.98,447.98,447.98,0,0
1629801010,447.98,447.98,447.98,447.98,447.98,0,0
1629801015,447.98,447.98,447.98,447.98,447.98,0,0
1629801020,447.98,447.98,447.98,447.98,447.98,0,0
1629801025,447.98,447.98,447.98,447.98,447.98,0,0
1629801030,447.98,447.98,447.98,447.98,447.98,0,0
1629801035,447.98,447.98,447.98,447.98,447.98,0,0
1629801040,447.98,447.98,447.98,447.98,447.98,0,0
1629801045,447.98,447.98,447.98,447.98,447.98,0,0
1629801050,447.98,447.98,447.98,447.98,447.98,0,0
1629801055,447.98,447.98,447.98,447.98,447.98,0,0
1629801060,447.98,447.98,447.98,447.98,447.98,0,0
1629801065,447.98,447.98,447.98,447.98,447.98,0,0
1629801070,447.98,447.98,447.98,447.98,447.98,0,0
1629801075,447.98,447.98,447.98,447.98,447.98,0,0
1629801080,447.98,447.98,447.98,447.98,447.98,0,0
1629801085,447.98,447.98,447.98,447.98,447.98,0,0
1629801090,447.99,447.99,447.99,447.99,447.99,1,1
1629801095,447.99,447.99,447.99,447.99,447.99,0,0
1629801100,447.99,447.99,447.99,447.99,447.99,0,0
1629801105,447.99,447.99,447.99,447.99,447.99,0,0
1629801110,447.99,447.99,447.99,447.99,447.99,0,0
1629801115,447.99,447.99,447.99,447.99,447.99,0,0
1629801120,447.99,447.99,447.99,447.99,447.99,0,0
1629801125,447.99,447.99,447.99,447.99,447.99,0,0
1629801130,447.99,447.99,447.99,447.99,447.99,0,0
1629801135,447.99,447.99,447.99,447.99,447.99,0,0
1629801140,447.99,447.99,447.99,447.99,447.99,0,0
1629801145,447.99,447.99,447.99,447.99,447.99,0,0
1629801150,447.99,447.99,447.99,447.99,447.99,0,0
1629801155,447.99,447.99,447.99,447.99,447.99,0,0
1629801160,447.99,447.99,447.99,447.99,447.99,0,0
1629801165,447.99,447.99,447.99,447.99,447.99,0,0
1629801170,447.99,447.99,447.99,447.99,447.99,0,0
1629801175,447.99,447.99,447.99,447.99,447.99,0,0
1629801180,447.99,447.99,447.99,447.99,447.99,0,0
1629801185,447.99,447.99,447.99,447.99,447.99,0,0
1629801190,447.99,447.99,447.99,447.99,447.99,0,0
1629801195,447.99,447.99,447.99,447.99,447.99,0,0
1629801200,447.99,447.99,447.99,447.99,447.99,0,0
1629801205,447.99,447.99,447.99,447.99,447.99,0,0
1629801210,447.99,447.99,447.99,447.99,447.99,0,0
1629801215,447.99,447.99,447.99,447.99,447.99,0,0
1629801220,447.99,447.99,447.99,447.99,447.99,0,0
1629801225,447.99,447.99,447.99,447.99,447.99,0,0
1629801230,447.99,447.99,447.99,447.99,447.99,0,0
1629801235,447.99,447.99,447.99,447.99,447.99,1,1
1629801240,447.99,447.99,447.99,447.99,447.99,0,0
1629801245,447.99,447.99,447.99,447.99,447.99,0,0
1629801250,447.99,447.99,447.99,447.99,447.99,0,0
1629801255,447.99,447.99,447.99,447.99,447.99,0,0
1629801260,447.99,447.99,447.99,447.99,447.99,0,0
1629801265,447.99,447.99,447.99,447.99,447.99,0,0
1629801270,447.99,447.99,447.99,447.99,447.99,0,0
1629801275,447.99,447.99,447.99,447.99,447.99,0,0
1629801280,447.99,447.99,447.99,447.99,447.99,0,0
1629801285,447.99,447.99,447.99,447.99,447.99,0,0
1629801290,447.99,447.99,447.99,447.99,447.99,0,0
1629801295,447.99,447.99,447.99,447.99,447.99,0,0
1629801300,447.99,447.99,447.99,447.99,447.99,0,0
1629801305,447.99,447.99,447.99,447.99,447.99,0,0
1629801310,447.99,447.99,447.99,447.99,447.99,0,0
1629801315,447.99,447.99,447.99,447.99,447.99,0,0
1629801320,447.99,447.99,447.99,447.99,447.99,0,0
1629801325,447.99,447.99,447.99,447.99,447.99,0,0
1629801330,447.99,447.99,447.99,447.99,447.99,0,0
1629801335,447.99,447.99,447.99,447.99,447.99,0,0
1629801340,447.99,447.99,447.99,447.99,447.99,0,0
1629801345,447.99,447.99,447.99,447.99,447.99,0,0
1629801350,447.98,447.98,447.98,447.98,447.98,1,1
1629801355,447.98,447.98,447.98,447.98,447.98,0,0
1629801360,447.98,447.98,447.98,447.98,447.98,0,0
1629801365,447.98,447.98,447.98,447.98,447.98,0,0
1629801370,447.98,447.98,447.98,447.98,447.98,0,0
1629801375,447.98,447.98,447.98,447.98,447.98,0,0
1629801380,447.98,447.98,447.98,447.98,447.98,0,0
1629801385,447.98,447.98,447.98,447.98,447.98,0,0
1629801390,447.98,447.98,447.98,447.98,447.98,0,0
1629801395,447.98,447.98,447.98,447.98,447.98,0,0
1629801400,447.98,447.98,447.98,447.98,447.98,0,0
1629801405,447.98,447.98,447.98,447.98,447.98,0,0
1629801410,447.98,447.98,447.98,447.98,447.98,0,0
1629801415,447.98,447.98,447.98,447.98,447.98,0,0
1629801420,447.98,447.98,447.98,447.98,447.98,0,0
1629801425,447.98,447.98,447.98,447.98,447.98,0,0
1629801430,447.98,447.98,447.98,447.98,447.98,0,0
1629801435,447.98,447.98,447.98,447.98,447.98,0,0
1629801440,447.98,447.98,447.98,447.98,447.98,0,0
1629801445,447.98,447.98,447.98,447.98,447.98,0,0
1629801450,447.98,447.98,447.98,447.98,447.98,0,0
1629801455,447.98,447.98,447.98,447.98,447.98,7,4
1629801460,447.98,447.98,447.98,447.98,447.98,0,0
1629801465,447.98,447.98,447.98,447.98,447.98,0,0
1629801470,447.98,447.98,447.98,447.98,447.98,0,0
1629801475,447.98,447.98,447.98,447.98,447.98,0,0
1629801480,447.98,447.98,447.98,447.98,447.98,0,0
1629801485,447.98,447.98,447.98,447.98,447.98,0,0
1629801490,447.98,447.98,447.98,447.98,447.98,0,0
1629801495,447.98,447.98,447.98,447.98,447.98,0,0
1629801500,447.98,447.98,447.98,447.98,447.98,0,0
1629801505,447.98,447.98,447.98,447.98,447.98,0,0
1629801510,447.96,447.96,447.96,447.96,447.96,1,1
1629801515,447.96,447.96,447.96,447.96,447.96,0,0
1629801520,447.96,447.96,447.96,447.96,447.96,0,0
1629801525,447.96,447.96,447.96,447.96,447.96,0,0
1629801530,447.96,447.96,447.96,447.96,447.96,0,0
1629801535,447.96,447.96,447.96,447.96,447.96,0,0
1629801540,447.96,447.96,447.96,447.96,447.96,0,0
1629801545,447.96,447.96,447.96,447.96,447.96,0,0
1629801550,447.96,447.96,447.96,447.96,447.96,0,0
1629801555,447.96,447.96,447.96,447.96,447.96,0,0
1629801560,447.96,447.96,447.96,447.96,447.96,0,0
1629801565,447.96,447.96,447.96,447.96,447.96,0,0
1629801570,447.96,447.96,447.96,447.96,447.96,0,0
1629801575,447.96,447.96,447.96,447.96,447.96,0,0
1629801580,447.96,447.96,447.96,447.96,447.96,0,0
1629801585,447.96,447.96,447.96,447.96,447.96,0,0
1629801590,447.96,447.96,447.96,447.96,447.96,0,0
1629801595,447.96,447.96,447.96,447.96,447.96,0,0
1629801600,447.96,447.96,447.96,447.96,447.96,0,0
1629801605,447.99,447.99,447.99,447.99,447.99,2,2
1629801610,447.99,447.99,447.99,447.99,447.99,0,0
1629801615,447.99,447.99,447.99,447.99,447.99,0,0
1629801620,447.99,447.99,447.99,447.99,447.99,0,0
1629801625,447.99,447.99,447.99,447.99,447.99,0,0
1629801630,447.99,447.99,447.99,447.99,447.99,0,0
1629801635,447.99,447.99,447.99,447.99,447.99,0,0
1629801640,447.99,447.99,447.99,447.99,447.99,0,0
1629801645,447.99,447.99,447.99,447.99,447.99,0,0
1629801650,448.01,448.01,448.01,448.01,448.01,1,1
1629801655,448.01,448.01,448.01,448.01,448.01,0,0
1629801660,448.01,448.01,448.01,448.01,448.01,0,0
1629801665,448.01,448.01,448.01,448.01,448.01,0,0
1629801670,448.01,448.01,448.01,448.01,448.01,0,0
1629801675,448.01,448.01,448.01,448.01,448.01,0,0
1629801680,448.01,448.01,448.01,448.01,448.01,0,0
1629801685,448.01,448.01,448.01,448.01,448.01,0,0
1629801690,448.01,448.01,448.01,448.01,448.01,0,0
1629801695,448.01,448.01,448.01,448.01,448.01,0,0
1629801700,448.01,448.01,448.01,448.01,448.01,0,0
1629801705,448.01,448.01,448.01,448.01,448.01,0,0
1629801710,448.01,448.01,448.01,448.01,448.01,0,0
1629801715,448.01,448.01,448.01,448.01,448.01,0,0
1629801720,448.01,448.01,448.01,448.01,448.01,0,0
1629801725,448.01,448.01,448.01,448.01,448.01,0,0
1629801730,448.01,448.01,448.01,448.01,448.01,0,0
1629801735,448.01,448.01,448.01,448.01,448.01,0,0
1629801740,448.01,448.01,448.01,448.01,448.01,0,0
1629801745,448.01,448.01,448.01,448.01,448.01,0,0
1629801750,448.01,448.01,448.01,448.01,448.01,0,0
1629801755,448.01,448.01,448.01,448.01,448.01,0,0
1629801760,448.01,448.01,448.01,448.01,448.01,0,0
1629801765,448.01,448.01,448.01,448.01,448.01,0,0
1629801770,448.01,448.01,448.01,448.01,448.01,0,0
1629801775,448.01,448.01,448.01,448.01,448.01,0,0
1629801780,448.01,448.01,448.01,448.01,448.01,0,0
1629801785,448.01,448.01,448.01,448.01,448.01,0,0
1629801790,448.01,448.01,448.01,448.01,448.01,0,0
1629801795,448.01,448.01,448.01,448.01,448.01,0,0
1629801800,448.01,448.01,448.01,448.01,448.01,0,0
1629801805,448.01,448.01,448.01,448.01,448.01,0,0
1629801810,448.01,448.01,448.01,448.01,448.01,0,0
1629801815,448.01,448.01,448.01,448.01,448.01,0,0
1629801820,448.01,448.01,448.01,448.01,448.01,0,0
1629801825,448.01,448.01,448.01,448.01,448.01,0,0
1629801830,448.01,448.01,448.01,448.01,448.01,0,0
1629801835,448.01,448.01,448.01,448.01,448.01,0,0
1629801840,448.01,448.01,448.01,448.01,448.01,0,0
1629801845,448.01,448.01,448.01,448.01,448.01,0,0
1629801850,448.01,448.01,448.01,448.01,448.01,0,0
1629801855,448.01,448.01,448.01,448.01,448.01,0,0
1629801860,448.01,448.01,448.01,448.01,448.01,0,0
1629801865,448.01,448.01,448.01,448.01,448.01,0,0
1629801870,448.01,448.01,448.01,448.01,448.01,0,0
1629801875,448.01,448.01,448.01,448.01,448.01,0,0
1629801880,448.01,448.01,448.01,448.01,448.01,0,0
1629801885,448.01,448.01,448.01,448.01,448.01,0,0
1629801890,448.01,448.01,448.01,448.01,448.01,0,0
1629801895,448.01,448.01,448.01,448.01,448.01,0,0
1629801900,448.01,448.01,448.01,448.01,448.01,0,0
1629801905,448.01,448.01,448.01,448.01,448.01,0,0
1629801910,448.01,448.01,448.01,448.01,448.01,0,0
1629801915,448.07,448.07,448.07,448.07,448.07,2,1
1629801920,448.07,448.07,448.07,448.07,448.07,0,0
1629801925,448.07,448.07,448.07,448.07,448.07,0,0
1629801930,448.07,448.07,448.07,448.07,448.07,0,0
1629801935,448.07,448.07,448.07,448.07,448.07,0,0
1629801940,448.07,448.07,448.07,448.07,448.07,0,0
1629801945,448.07,448.07,448.07,448.07,448.07,0,0
1629801950,448.07,448.07,448.07,448.07,448.07,0,0
1629801955,448.07,448.07,448.07,448.07,448.07,0,0
1629801960,448.07,448.07,448.07,448.07,448.07,0,0
1629801965,448.07,448.07,448.07,448.07,448.07,0,0
1629801970,448.07,448.07,448.07,448.07,448.07,0,0
1629801975,448.07,448.07,448.07,448.07,448.07,0,0
1629801980,448.07,448.07,448.07,448.07,448.07,0,0
1629801985,448.07,448.07,448.07,448.07,448.07,0,0
1629801990,448.07,448.07,448.07,448.07,448.07,0,0
1629801995,448.07,448.07,448.07,448.07,448.07,0,0
1629802000,448.07,448.07,448.07,448.07,448.07,0,0
1629802005,448.07,448.07,448.07,448.07,448.07,0,0
1629802010,448.07,448.07,448.07,448.07,448.07,0,0
1629802015,448.07,448.07,448.07,448.07,448.07,0,0
1629802020,448.07,448.07,448.07,448.07,448.07,0,0
1629802025,448.07,448.07,448.07,448.07,448.07,0,0
1629802030,448.07,448.07,448.07,448.07,448.07,0,0
1629802035,448.07,448.07,448.07,448.07,448.07,0,0
1629802040,448.07,448.07,448.07,448.07,448.07,0,0
1629802045,448.05,448.05,448.05,448.05,448.05,1,1
1629802050,448.05,448.05,448.05,448.05,448.05,0,0
1629802055,448.05,448.05,448.05,448.05,448.05,0,0
1629802060,448.05,448.05,448.05,448.05,448.05,0,0
1629802065,448.05,448.05,448.05,448.05,448.05,0,0
1629802070,448.05,448.05,448.05,448.05,448.05,0,0
1629802075,448.05,448.05,448.05,448.05,448.05,0,0
1629802080,448.05,448.05,448.05,448.05,448.05,0,0
1629802085,448.05,448.05,448.05,448.05,448.05,0,0
1629802090,448.05,448.05,448.05,448.05,448.05,0,0
1629802095,448.05,448.05,448.05,448.05,448.05,0,0
1629802100,448.05,448.05,448.05,448.05,448.05,0,0
1629802105,448.05,448.05,448.05,448.05,448.05,0,0
1629802110,448.05,448.05,448.05,448.05,448.05,0,0
1629802115,448.05,448.05,448.05,448.05,448.05,0,0
1629802120,448.05,448.05,448.05,448.05,448.05,0,0
1629802125,448.05,448.05,448.05,448.05,448.05,94,14
1629802130,448.05,448.05,448.05,448.05,448.05,0,0
1629802135,448.05,448.05,448.05,448.05,448.05,29,4
1629802140,448.05,448.05,448.05,448.05,448.05,0,0
1629802145,448.05,448.05,448.05,448.05,448.05,0,0
1629802150,448.05,448.05,448.05,448.05,448.05,0,0
1629802155,448.05,448.05,448.05,448.05,448.05,0,0
1629802160,448.05,448.05,448.05,448.05,448.05,0,0
1629802165,448.05,448.05,448.05,448.05,448.05,0,0
1629802170,448.05,448.05,448.05,448.05,448.05,0,0
1629802175,448.05,448.05,448.05,448.05,448.05,0,0
1629802180,448.05,448.05,448.05,448.05,448.05,0,0
1629802185,448.05,448.05,448.05,448.05,448.05,0,0
1629802190,448.05,448.05,448.05,448.05,448.05,0,0
1629802195,448.05,448.05,448.05,448.05,448.05,0,0
1629802200,448.05,448.05,448.05,448.05,448.05,0,0
1629802205,448.05,448.05,448.05,448.05,448.05,0,0
1629802210,448.05,448.05,448.05,448.05,448.05,0,0
1629802215,448.05,448.05,448.05,448.05,448.05,0,0
1629802220,448.05,448.05,448.05,448.05,448.05,0,0
1629802225,448.05,448.05,448.05,448.05,448.05,0,0
1629802230,448.05,448.05,448.05,448.05,448.05,0,0
1629802235,448.05,448.05,448.05,448.05,448.05,0,0
1629802240,448.05,448.05,448.05,448.05,448.05,0,0
1629802245,448.05,448.05,448.05,448.05,448.05,0,0
1629802250,448.05,448.05,448.05,448.05,448.05,0,0
1629802255,448.05,448.05,448.05,448.05,448.05,0,0
1629802260,448.05,448.05,448.05,448.05,448.05,0,0
1629802265,448.05,448.05,448.05,448.05,448.05,0,0
1629802270,448.05,448.05,448.05,448.05,448.05,0,0
1629802275,448.05,448.05,448.05,448.05,448.05,0,0
1629802280,448.05,448.05,448.05,448.05,448.05,0,0
1629802285,448.05,448.05,448.05,448.05,448.05,0,0
1629802290,448.05,448.05,448.05,448.05,448.05,0,0
1629802295,448.05,448.05,448.05,448.05,448.05,0,0
1629802300,448.05,448.05,448.05,448.05,448.05,0,0
1629802305,448.05,448.05,448.05,448.05,448.05,0,0
1629802310,448.07,448.07,448.07,448.07,448.07,6,1
1629802315,448.07,448.07,448.07,448.07,448.07,0,0
1629802320,448.07,448.07,448.07,448.07,448.07,0,0
1629802325,448.07,448.07,448.07,448.07,448.07,0,0
1629802330,448.07,448.07,448.07,448.07,448.07,0,0
1629802335,448.07,448.07,448.07,448.07,448.07,0,0
1629802340,448.07,448.07,448.07,448.07,448.07,0,0
1629802345,448.07,448.07,448.07,448.07,448.07,0,0
1629802350,448.07,448.07,448.07,448.07,448.07,0,0
1629802355,448.07,448.07,448.07,448.07,448.07,0,0
1629802360,448.07,448.07,448.07,448.07,448.07,0,0
1629802365,448.07,448.07,448.07,448.07,448.07,0,0
1629802370,448.07,448.07,448.07,448.07,448.07,0,0
1629802375,448.07,448.07,448.07,448.07,448.07,0,0
1629802380,448.07,448.07,448.07,448.07,448.07,0,0
1629802385,448.07,448.07,448.07,448.07,448.07,0,0
1629802390,448.07,448.07,448.07,448.07,448.07,0,0
1629802395,448.07,448.07,448.07,448.07,448.07,0,0
1629802400,448.07,448.07,448.07,448.07,448.07,0,0
1629802405,448.07,448.07,448.07,448.07,448.07,0,0
1629802410,448.07,448.07,448.07,448.07,448.07,0,0
1629802415,448.07,448.07,448.07,448.07,448.07,0,0
1629802420,448.07,448.07,448.07,448.07,448.07,0,0
1629802425,448.07,448.07,448.07,448.07,448.07,0,0
1629802430,448.07,448.07,448.07,448.07,448.07,0,0
1629802435,448.07,448.07,448.07,448.07,448.07,0,0
1629802440,448.07,448.07,448.07,448.07,448.07,0,0
1629802445,448.07,448.07,448.07,448.07,448.07,0,0
1629802450,448.07,448.07,448.07,448.07,448.07,0,0
1629802455,448.07,448.07,448.07,448.07,448.07,0,0
1629802460,448.07,448.07,448.07,448.07,448.07,0,0
1629802465,448.07,448.07,448.07,448.07,448.07,0,0
1629802470,448.07,448.07,448.07,448.07,448.07,0,0
1629802475,448.07,448.07,448.07,448.07,448.07,0,0
1629802480,448.07,448.07,448.07,448.07,448.07,0,0
1629802485,448.07,448.07,448.07,448.07,448.07,0,0
1629802490,448.07,448.07,448.07,448.07,448.07,0,0
1629802495,448.07,448.07,448.07,448.07,448.07,0,0
1629802500,448.07,448.07,448.07,448.07,448.07,0,0
1629802505,448.07,448.07,448.07,448.07,448.07,0,0
1629802510,448.07,448.07,448.07,448.07,448.07,0,0
1629802515,448.07,448.07,448.07,448.07,448.07,0,0
1629802520,448.07,448.07,448.07,448.07,448.07,0,0
1629802525,448.07,448.07,448.07,448.07,448.07,0,0
1629802530,448.07,448.07,448.07,448.07,448.07,0,0
1629802535,448.07,448.07,448.07,448.07,448.07,0,0
1629802540,448.07,448.07,448.07,448.07,448.07,0,0
1629802545,448.07,448.07,448.07,448.07,448.07,0,0
1629802550,448.07,448.07,448.07,448.07,448.07,0,0
1629802555,448.07,448.07,448.07,448.07,448.07,0,0
1629802560,448.05,448.05,448.05,448.05,448.05,2,2
1629802565,448.05,448.08,448.05,448.08,448.055,6,2
1629802570,448.08,448.08,448.08,448.08,448.08,0,0
1629802575,448.08,448.08,448.08,448.08,448.08,0,0
1629802580,448.08,448.08,448.08,448.08,448.08,0,0
1629802585,448.08,448.08,448.08,448.08,448.08,0,0
1629802590,448.08,448.08,448.08,448.08,448.08,0,0
1629802595,448.08,448.08,448.08,448.08,448.08,0,0
1629802600,448.08,448.08,448.08,448.08,448.08,0,0
1629802605,448.08,448.08,448.08,448.08,448.08,0,0
1629802610,448.08,448.08,448.08,448.08,448.08,0,0
1629802615,448.08,448.08,448.08,448.08,448.08,0,0
1629802620,448.08,448.08,448.08,448.08,448.08,0,0
1629802625,448.08,448.08,448.08,448.08,448.08,0,0
1629802630,448.08,448.08,448.08,448.08,448.08,0,0
1629802635,448.08,448.08,448.08,448.08,448.08,0,0
1629802640,448.08,448.08,448.08,448.08,448.08,0,0
1629802645,448.08,448.08,448.08,448.08,448.08,0,0
1629802650,448.08,448.08,448.08,448.08,448.08,0,0
1629802655,448.08,448.08,448.08,448.08,448.08,0,0
1629802660,448.08,448.08,448.08,448.08,448.08,0,0
1629802665,448.1,448.1,448.1,448.1,448.1,1,1
1629802670,448.1,448.1,448.1,448.1,448.1,4,1
1629802675,448.1,448.1,448.1,448.1,448.1,0,0
1629802680,448.1,448.1,448.1,448.1,448.1,0,0
1629802685,448.1,448.1,448.1,448.1,448.1,0,0
1629802690,448.1,448.1,448.1,448.1,448.1,0,0
1629802695,448.1,448.1,448.1,448.1,448.1,0,0
1629802700,448.1,448.1,448.1,448.1,448.1,0,0
1629802705,448.1,448.1,448.1,448.1,448.1,1,1
1629802710,448.1,448.1,448.1,448.1,448.1,0,0
1629802715,448.1,448.1,448.1,448.1,448.1,0,0
1629802720,448.1,448.1,448.1,448.1,448.1,0,0
1629802725,448.1,448.1,448.1,448.1,448.1,0,0
1629802730,448.1,448.1,448.1,448.1,448.1,0,0
1629802735,448.1,448.1,448.1,448.1,448.1,0,0
1629802740,448.1,448.1,448.1,448.1,448.1,0,0
1629802745,448.1,448.1,448.1,448.1,448.1,0,0
1629802750,448.1,448.1,448.1,448.1,448.1,0,0
1629802755,448.1,448.1,448.1,448.1,448.1,0,0
1629802760,448.1,448.1,448.1,448.1,448.1,0,0
1629802765,448.1,448.1,448.1,448.1,448.1,0,0
1629802770,448.1,448.1,448.1,448.1,448.1,0,0
1629802775,448.1,448.1,448.1,448.1,448.1,0,0
1629802780,448.1,448.1,448.1,448.1,448.1,0,0
1629802785,448.1,448.1,448.1,448.1,448.1,0,0
1629802790,448.1,448.1,448.1,448.1,448.1,0,0
1629802795,448.1,448.1,448.1,448.1,448.1,0,0
1629802800,448.1,448.1,448.1,448.1,448.1,0,0
1629802805,448.1,448.1,448.1,448.1,448.1,0,0
1629802810,448.1,448.1,448.1,448.1,448.1,0,0
1629802815,448.1,448.1,448.1,448.1,448.1,0,0
1629802820,448.1,448.1,448.1,448.1,448.1,0,0
1629802825,448.17,448.17,448.17,448.17,448.17,1,1
1629802830,448.17,448.17,448.17,448.17,448.17,0,0
1629802835,448.17,448.17,448.17,448.17,448.17,0,0
1629802840,448.17,448.17,448.17,448.17,448.17,1,1
1629802845,448.17,448.17,448.17,448.17,448.17,0,0
1629802850,448.17,448.17,448.17,448.17,448.17,0,0
1629802855,448.17,448.17,448.17,448.17,448.17,0,0
1629802860,448.17,448.17,448.17,448.17,448.17,0,0
1629802865,448.19,448.19,448.19,448.19,448.19,2,2
1629802870,448.19,448.19,448.19,448.19,448.19,0,0
1629802875,448.19,448.19,448.19,448.19,448.19,0,0
1629802880,448.19,448.19,448.19,448.19,448.19,0,0
1629802885,448.19,448.19,448.19,448.19,448.19,0,0
1629802890,448.18,448.18,448.18,448.18,448.18,1,1
1629802895,448.18,448.18,448.18,448.18,448.18,0,0
1629802900,448.18,448.18,448.18,448.18,448.18,0,0
1629802905,448.18,448.18,448.18,448.18,448.18,0,0
1629802910,448.18,448.18,448.18,448.18,448.18,0,0
1629802915,448.18,448.18,448.18,448.18,448.18,0,0
1629802920,448.18,448.18,448.18,448.18,448.18,0,0
1629802925,448.18,448.18,448.18,448.18,448.18,0,0
1629802930,448.18,448.18,448.18,448.18,448.18,0,0
1629802935,448.18,448.18,448.18,448.18,448.18,0,0
1629802940,448.15,448.15,448.15,448.15,448.15,1,1
1629802945,448.15,448.15,448.15,448.15,448.15,0,0
1629802950,448.15,448.15,448.15,448.15,448.15,0,0
1629802955,448.15,448.15,448.15,448.15,448.15,0,0
1629802960,448.14,448.14,448.14,448.14,448.14,1,1
1629802965,448.14,448.14,448.14,448.14,448.14,0,0
1629802970,448.14,448.14,448.14,448.14,448.14,0,0
1629802975,448.14,448.14,448.14,448.14,448.14,0,0
1629802980,448.14,448.14,448.14,448.14,448.14,0,0
1629802985,448.14,448.14,448.14,448.14,448.14,0,0
1629802990,448.14,448.14,448.14,448.14,448.14,0,0
1629802995,448.14,448.14,448.14,448.14,448.14,0,0
1629803000,448.11,448.11,448.11,448.11,448.11,3,3
1629803005,448.1,448.12,448.1,448.12,448.107,6,4
1629803010,448.12,448.12,448.12,448.12,448.12,0,0
1629803015,448.12,448.12,448.12,448.12,448.12,0,0
1629803020,448.12,448.12,448.12,448.12,448.12,0,0
1629803025,448.12,448.12,448.12,448.12,448.12,0,0
1629803030,448.12,448.12,448.12,448.12,448.12,0,0
1629803035,448.12,448.12,448.12,448.12,448.12,0,0
1629803040,448.1,448.1,448.08,448.08,448.098,12,4
1629803045,448.08,448.08,448.08,448.08,448.08,0,0
1629803050,448.08,448.08,448.08,448.08,448.08,0,0
1629803055,448.02,448.02,448.02,448.02,448.02,1,1
1629803060,448.02,448.02,448.02,448.02,448.02,0,0
1629803065,448.02,448.02,448.02,448.02,448.02,0,0
1629803070,448.02,448.02,448.02,448.02,448.02,0,0
1629803075,448.02,448.02,448.02,448.02,448.02,1,1
1629803080,448.02,448.02,448.02,448.02,448.02,0,0
1629803085,448.02,448.02,448.02,448.02,448.02,0,0
1629803090,448.02,448.02,448.02,448.02,448.02,0,0
1629803095,448.02,448.02,448.02,448.02,448.02,0,0
1629803100,448.02,448.02,448.02,448.02,448.02,0,0
1629803105,448.02,448.02,448.02,448.02,448.02,0,0
1629803110,448.02,448.02,448.02,448.02,448.02,0,0
1629803115,448.08,448.08,448.08,448.08,448.08,2,1
1629803120,448.08,448.08,448.08,448.08,448.08,0,0
1629803125,448.08,448.08,448.08,448.08,448.08,0,0
1629803130,448.08,448.08,448.08,448.08,448.08,0,0
1629803135,448.08,448.08,448.08,448.08,448.08,0,0
1629803140,448.08,448.08,448.08,448.08,448.08,0,0
1629803145,448.08,448.08,448.08,448.08,448.08,0,0
1629803150,448.08,448.08,448.08,448.08,448.08,0,0
1629803155,448.05,448.05,448.05,448.05,448.05,1,1
1629803160,448.05,448.05,448.05,448.05,448.05,0,0
1629803165,448.05,448.05,448.05,448.05,448.05,0,0
1629803170,448.05,448.05,448.05,448.05,448.05,4,1
1629803175,448.05,448.05,448.05,448.05,448.05,0,0
1629803180,448.05,448.05,448.05,448.05,448.05,0,0
1629803185,448.05,448.05,448.05,448.05,448.05,0,0
1629803190,448.05,448.05,448.05,448.05,448.05,0,0
1629803195,448.05,448.05,448.05,448.05,448.05,0,0
1629803200,448.05,448.05,448.05,448.05,448.05,0,0
1629803205,448.05,448.05,448.05,448.05,448.05,0,0
1629803210,448.05,448.05,448.05,448.05,448.05,0,0
1629803215,448.05,448.05,448.05,448.05,448.05,0,0
1629803220,448.05,448.05,448.05,448.05,448.05,0,0
1629803225,448.05,448.05,448.05,448.05,448.05,0,0
1629803230,448.05,448.05,448.05,448.05,448.05,0,0
1629803235,448.05,448.05,448.05,448.05,448.05,0,0
1629803240,448.05,448.05,448.05,448.05,448.05,0,0
1629803245,448.05,448.05,448.05,448.05,448.05,0,0
1629803250,448.05,448.05,448.05,448.05,448.05,0,0
1629803255,448.05,448.05,448.05,448.05,448.05,0,0
1629803260,448.05,448.05,448.05,448.05,448.05,0,0
1629803265,448.05,448.05,448.05,448.05,448.05,0,0
1629803270,448.05,448.05,448.05,448.05,448.05,0,0
1629803275,448.05,448.05,448.05,448.05,448.05,0,0
1629803280,448.05,448.05,448.05,448.05,448.05,0,0
1629803285,448.05,448.05,448.05,448.05,448.05,0,0
1629803290,448.05,448.05,448.05,448.05,448.05,0,0
1629803295,448.05,448.05,448.05,448.05,448.05,0,0
1629803300,448.05,448.05,448.05,448.05,448.05,0,0
1629803305,448.05,448.05,448.05,448.05,448.05,0,0
1629803310,448.05,448.05,448.05,448.05,448.05,0,0
1629803315,448.05,448.05,448.05,448.05,448.05,0,0
1629803320,448.05,448.05,448.05,448.05,448.05,0,0
1629803325,448.05,448.05,448.05,448.05,448.05,0,0
1629803330,448.05,448.05,448.05,448.05,448.05,0,0
1629803335,448.05,448.05,448.05,448.05,448.05,0,0
1629803340,448.05,448.05,448.05,448.05,448.05,0,0
1629803345,448.05,448.05,448.05,448.05,448.05,9,1
1629803350,448.05,448.05,448.05,448.05,448.05,0,0
1629803355,448.05,448.05,448.05,448.05,448.05,1,1
1629803360,448.04,448.04,448.04,448.04,448.04,24,4
1629803365,448.03,448.03,448.03,448.03,448.03,11,3
1629803370,448.03,448.03,448.03,448.03,448.03,0,0
1629803375,448.02,448.02,448.02,448.02,448.02,2,1
1629803380,448.02,448.02,448.02,448.02,448.02,0,0
1629803385,448.02,448.02,448.02,448.02,448.02,0,0
1629803390,448.02,448.02,448.02,448.02,448.02,0,0
1629803395,448.02,448.02,448.02,448.02,448.02,0,0
1629803400,448.02,448.02,448.02,448.02,448.02,0,0
1629803405,448.01,448.01,448.0,448.0,448.005,10,6
1629803410,448.0,448.0,448.0,448.0,448.0,0,0
1629803415,448.0,448.0,448.0,448.0,448.0,1,1
1629803420,448.0,448.0,448.0,448.0,448.0,0,0
1629803425,448.0,448.0,448.0,448.0,448.0,0,0
1629803430,448.0,448.0,448.0,448.0,448.0,0,0
1629803435,448.0,448.0,448.0,448.0,448.0,0,0
1629803440,448.0,448.0,448.0,448.0,448.0,8,2
1629803445,448.0,448.0,448.0,448.0,448.0,0,0
1629803450,448.0,448.0,448.0,448.0,448.0,0,0
1629803455,448.0,448.0,448.0,448.0,448.0,0,0
1629803460,448.0,448.0,448.0,448.0,448.0,0,0
1629803465,448.0,448.0,448.0,448.0,448.0,0,0
1629803470,448.0,448.0,448.0,448.0,448.0,0,0
1629803475,448.0,448.0,448.0,448.0,448.0,0,0
1629803480,448.0,448.0,448.0,448.0,448.0,0,0
1629803485,448.03,448.03,448.03,448.03,448.03,2,1
1629803490,448.03,448.03,448.03,448.03,448.03,0,0
1629803495,448.03,448.03,448.03,448.03,448.03,0,0
1629803500,448.03,448.03,448.03,448.03,448.03,0,0
1629803505,448.03,448.03,448.03,448.03,448.03,0,0
1629803510,448.05,448.05,448.05,448.05,448.05,1,1
1629803515,448.05,448.05,448.05,448.05,448.05,0,0
1629803520,448.05,448.05,448.05,448.05,448.05,0,0
1629803525,448.05,448.05,448.05,448.05,448.05,0,0
1629803530,448.05,448.05,448.05,448.05,448.05,0,0
1629803535,448.05,448.05,448.05,448.05,448.05,0,0
1629803540,448.05,448.05,448.05,448.05,448.05,0,0
1629803545,448.02,448.02,448.02,448.02,448.02,4,2
1629803550,448.02,448.02,448.02,448.02,448.02,0,0
1629803555,448.02,448.02,448.02,448.02,448.02,0,0
1629803560,448.02,448.02,448.02,448.02,448.02,0,0
1629803565,448.02,448.02,448.02,448.02,448.02,0,0
1629803570,448.02,448.02,448.02,448.02,448.02,0,0
1629803575,448.02,448.02,448.02,448.02,448.02,0,0
1629803580,448.03,448.03,448.03,448.03,448.03,3,1
1629803585,448.03,448.03,448.03,448.03,448.03,0,0
1629803590,448.03,448.03,448.03,448.03,448.03,5,1
1629803595,448.03,448.03,448.03,448.03,448.03,0,0
1629803600,448.03,448.03,448.03,448.03,448.03,0,0
1629803605,448.03,448.03,448.03,448.03,448.03,0,0
1629803610,448.08,448.08,448.08,448.08,448.08,2,2
1629803615,448.07,448.07,448.07,448.07,448.07,4,3
1629803620,448.07,448.07,448.07,448.07,448.07,0,0
1629803625,448.07,448.07,448.07,448.07,448.07,0,0
1629803630,448.07,448.07,448.07,448.07,448.07,0,0
1629803635,448.07,448.07,448.07,448.07,448.07,0,0
1629803640,448.03,448.03,448.03,448.03,448.03,2,1
1629803645,448.03,448.03,448.03,448.03,448.03,3,1
1629803650,448.05,448.05,448.05,448.05,448.05,3,1
1629803655,448.05,448.05,448.05,448.05,448.05,0,0
1629803660,448.05,448.05,448.05,448.05,448.05,0,0
1629803665,448.05,448.05,448.05,448.05,448.05,4,1
1629803670,448.05,448.05,448.05,448.05,448.05,0,0
1629803675,448.05,448.05,448.05,448.05,448.05,0,0
1629803680,448.05,448.05,448.05,448.05,448.05,0,0
1629803685,448.05,448.05,448.05,448.05,448.05,0,0
1629803690,448.05,448.05,448.05,448.05,448.05,0,0
1629803695,448.05,448.05,448.05,448.05,448.05,0,0
1629803700,448.05,448.05,448.05,448.05,448.05,0,0
1629803705,448.05,448.05,448.05,448.05,448.05,0,0
1629803710,448.05,448.05,448.05,448.05,448.05,0,0
1629803715,448.05,448.05,448.05,448.05,448.05,6,3
1629803720,448.05,448.05,448.05,448.05,448.05,0,0
1629803725,448.05,448.05,448.05,448.05,448.05,0,0
1629803730,448.04,448.04,448.04,448.04,448.04,1,1
1629803735,448.04,448.04,448.04,448.04,448.04,0,0
1629803740,448.04,448.04,448.04,448.04,448.04,0,0
1629803745,448.04,448.04,448.04,448.04,448.04,0,0
1629803750,448.04,448.04,448.04,448.04,448.04,0,0
1629803755,448.04,448.04,448.04,448.04,448.04,0,0
1629803760,448.04,448.04,448.04,448.04,448.04,0,0
1629803765,448.04,448.04,448.04,448.04,448.04,0,0
1629803770,448.04,448.04,448.04,448.04,448.04,0,0
1629803775,448.04,448.04,448.04,448.04,448.04,0,0
1629803780,448.04,448.04,448.04,448.04,448.04,0,0
1629803785,448.03,448.03,448.03,448.03,448.03,6,4
1629803790,448.03,448.03,448.03,448.03,448.03,0,0
1629803795,448.03,448.03,448.03,448.03,448.03,0,0
1629803800,448.03,448.03,448.03,448.03,448.03,0,0
1629803805,448.03,448.03,448.03,448.03,448.03,0,0
1629803810,448.03,448.03,448.03,448.03,448.03,0,0
1629803815,448.03,448.03,448.03,448.03,448.03,0,0
1629803820,448.03,448.03,448.03,448.03,448.03,0,0
1629803825,448.03,448.03,448.03,448.03,448.03,0,0
1629803830,448.03,448.03,448.03,448.03,448.03,0,0
1629803835,448.03,448.03,448.03,448.03,448.03,1,1
1629803840,448.03,448.03,448.03,448.03,448.03,0,0
1629803845,448.03,448.03,448.03,448.03,448.03,0,0
1629803850,448.03,448.03,448.03,448.03,448.03,0,0
1629803855,448.03,448.03,448.03,448.03,448.03,0,0
1629803860,448.03,448.03,448.03,448.03,448.03,0,0
1629803865,448.03,448.03,448.03,448.03,448.03,0,0
1629803870,448.03,448.03,448.03,448.03,448.03,0,0
1629803875,448.03,448.03,448.03,448.03,448.03,0,0
1629803880,448.08,448.08,448.08,448.08,448.08,2,2
1629803885,448.08,448.08,448.08,448.08,448.08,0,0
1629803890,448.08,448.08,448.08,448.08,448.08,0,0
1629803895,448.08,448.08,448.08,448.08,448.08,0,0
1629803900,448.08,448.08,448.08,448.08,448.08,0,0
1629803905,448.08,448.08,448.08,448.08,448.08,0,0
1629803910,448.08,448.08,448.08,448.08,448.08,6,3
1629803915,448.08,448.08,448.08,448.08,448.08,0,0
1629803920,448.08,448.08,448.08,448.08,448.08,0,0
1629803925,448.08,448.08,448.08,448.08,448.08,0,0
1629803930,448.08,448.08,448.08,448.08,448.08,0,0
1629803935,448.09,448.09,448.09,448.09,448.09,1,1
1629803940,448.09,448.09,448.09,448.09,448.09,0,0
1629803945,448.09,448.09,448.09,448.09,448.09,0,0
1629803950,448.09,448.09,448.09,448.09,448.09,0,0
1629803955,448.09,448.09,448.09,448.09,448.09,0,0
1629803960,448.09,448.09,448.09,448.09,448.09,0,0
1629803965,448.09,448.09,448.09,448.09,448.09,0,0
1629803970,448.09,448.09,448.09,448.09,448.09,0,0
1629803975,448.09,448.09,448.09,448.09,448.09,0,0
1629803980,448.09,448.09,448.09,448.09,448.09,0,0
1629803985,448.1,448.1,448.1,448.1,448.1,1,1
1629803990,448.1,448.1,448.1,448.1,448.1,0,0
1629803995,448.08,448.08,448.08,448.08,448.08,1,1
1629804000,448.08,448.08,448.08,448.08,448.08,0,0
1629804005,448.08,448.08,448.08,448.08,448.08,0,0
1629804010,448.08,448.08,448.08,448.08,448.08,0,0
1629804015,448.08,448.08,448.08,448.08,448.08,0,0
1629804020,448.08,448.08,448.08,448.08,448.08,0,0
1629804025,448.07,448.07,448.07,448.07,448.07,1,1
1629804030,448.07,448.07,448.07,448.07,448.07,6,2
1629804035,448.07,448.07,448.07,448.07,448.07,0,0
1629804040,448.07,448.07,448.07,448.07,448.07,0,0
1629804045,448.07,448.07,448.07,448.07,448.07,0,0
1629804050,448.07,448.07,448.07,448.07,448.07,0,0
1629804055,448.07,448.07,448.07,448.07,448.07,0,0
1629804060,448.07,448.07,448.07,448.07,448.07,0,0
1629804065,448.07,448.07,448.05,448.05,448.063,6,4
1629804070,448.05,448.05,448.05,448.05,448.05,0,0
1629804075,448.04,448.05,448.04,448.04,448.041,10,3
1629804080,448.04,448.04,448.04,448.04,448.04,0,0
1629804085,448.04,448.04,448.04,448.04,448.04,5,2
1629804090,448.04,448.04,448.04,448.04,448.04,0,0
1629804095,448.04,448.04,448.04,448.04,448.04,0,0
1629804100,448.04,448.04,448.04,448.04,448.04,0,0
1629804105,448.04,448.04,448.04,448.04,448.04,0,0
1629804110,448.04,448.04,448.04,448.04,448.04,0,0
1629804115,448.04,448.04,448.04,448.04,448.04,0,0
1629804120,448.04,448.04,448.04,448.04,448.04,0,0
1629804125,448.04,448.04,448.04,448.04,448.04,0,0
1629804130,448.04,448.04,448.04,448.04,448.04,0,0
1629804135,448.04,448.04,448.04,448.04,448.04,0,0
1629804140,448.04,448.04,448.04,448.04,448.04,0,0
1629804145,448.04,448.04,448.04,448.04,448.04,0,0
1629804150,448.04,448.04,448.04,448.04,448.04,0,0
1629804155,448.04,448.04,448.04,448.04,448.04,0,0
1629804160,448.04,448.04,448.04,448.04,448.04,0,0
1629804165,448.04,448.04,448.04,448.04,448.04,0,0
1629804170,448.04,448.04,448.04,448.04,448.04,0,0
1629804175,448.04,448.04,448.04,448.04,448.04,0,0
1629804180,448.04,448.04,448.04,448.04,448.04,9,3
1629804185,448.02,448.02,448.01,448.01,448.018,14,5
1629804190,448.01,448.01,448.01,448.01,448.01,0,0
1629804195,448.01,448.01,448.01,448.01,448.01,0,0
1629804200,448.01,448.01,448.01,448.01,448.01,0,0
1629804205,448.01,448.01,448.01,448.01,448.01,0,0
1629804210,447.98,447.98,447.98,447.98,447.98,6,2
1629804215,447.98,447.98,447.98,447.98,447.98,0,0
1629804220,447.98,447.98,447.98,447.98,447.98,0,0
1629804225,447.98,447.98,447.98,447.98,447.98,0,0
1629804230,448.0,448.0,448.0,448.0,448.0,1,1
1629804235,448.0,448.0,448.0,448.0,448.0,1,1
1629804240,448.0,448.0,448.0,448.0,448.0,0,0
1629804245,448.0,448.0,448.0,448.0,448.0,0,0
1629804250,448.0,448.0,448.0,448.0,448.0,0,0
1629804255,448.0,448.0,448.0,448.0,448.0,0,0
1629804260,448.0,448.0,448.0,448.0,448.0,0,0
1629804265,447.98,447.98,447.98,447.98,447.98,5,2
1629804270,447.98,447.98,447.98,447.98,447.98,0,0
1629804275,447.98,447.98,447.98,447.98,447.98,0,0
1629804280,447.98,447.98,447.98,447.98,447.98,0,0
1629804285,447.98,447.98,447.98,447.98,447.98,0,0
1629804290,447.98,447.98,447.98,447.98,447.98,0,0
1629804295,447.98,447.98,447.98,447.98,447.98,0,0
1629804300,448.01,448.01,448.01,448.01,448.01,1,1
1629804305,448.01,448.01,448.01,448.01,448.01,0,0
1629804310,448.01,448.01,448.01,448.01,448.01,0,0
1629804315,448.01,448.01,448.01,448.01,448.01,0,0
1629804320,448.01,448.01,448.0,448.0,448.005,2,2
1629804325,448.0,448.0,448.0,448.0,448.0,0,0
1629804330,447.98,447.98,447.98,447.98,447.98,2,2
1629804335,447.98,447.98,447.98,447.98,447.98,0,0
1629804340,447.98,447.98,447.98,447.98,447.98,0,0
1629804345,447.98,447.98,447.98,447.98,447.98,0,0
1629804350,447.98,447.98,447.98,447.98,447.98,0,0
1629804355,447.98,447.98,447.98,447.98,447.98,0,0
1629804360,448.0,448.0,448.0,448.0,448.0,14,7
1629804365,448.0,448.0,448.0,448.0,448.0,0,0
1629804370,448.0,448.0,448.0,448.0,448.0,0,0
1629804375,448.0,448.0,448.0,448.0,448.0,0,0
1629804380,448.0,448.0,448.0,448.0,448.0,2,1
1629804385,448.0,448.0,448.0,448.0,448.0,0,0
1629804390,448.0,448.0,448.0,448.0,448.0,0,0
1629804395,448.0,448.0,448.0,448.0,448.0,0,0
1629804400,448.0,448.0,448.0,448.0,448.0,0,0
1629804405,448.0,448.0,448.0,448.0,448.0,0,0
1629804410,448.0,448.0,448.0,448.0,448.0,0,0
1629804415,448.0,448.0,448.0,448.0,448.0,0,0
1629804420,448.0,448.0,448.0,448.0,448.0,0,0
1629804425,448.0,448.0,448.0,448.0,448.0,0,0
1629804430,448.0,448.0,448.0,448.0,448.0,0,0
1629804435,448.0,448.0,448.0,448.0,448.0,0,0
1629804440,448.0,448.0,448.0,448.0,448.0,0,0
1629804445,448.0,448.0,448.0,448.0,448.0,0,0
1629804450,448.04,448.04,448.04,448.04,448.04,1,1
1629804455,448.04,448.04,448.04,448.04,448.04,0,0
1629804460,448.04,448.04,448.04,448.04,448.04,0,0
1629804465,448.04,448.04,448.04,448.04,448.04,0,0
1629804470,448.04,448.04,448.04,448.04,448.04,0,0
1629804475,448.04,448.04,448.04,448.04,448.04,0,0
1629804480,448.04,448.04,448.04,448.04,448.04,0,0
1629804485,448.04,448.04,448.04,448.04,448.04,0,0
1629804490,448.04,448.04,448.04,448.04,448.04,0,0
1629804495,448.04,448.04,448.04,448.04,448.04,0,0
1629804500,448.04,448.04,448.04,448.04,448.04,2,2
1629804505,448.04,448.04,448.04,448.04,448.04,0,0
1629804510,448.04,448.04,448.04,448.04,448.04,0,0
1629804515,448.04,448.04,448.04,448.04,448.04,0,0
1629804520,448.04,448.04,448.04,448.04,448.04,0,0
1629804525,448.04,448.04,448.04,448.04,448.04,0,0
1629804530,448.04,448.04,448.04,448.04,448.04,0,0
1629804535,448.04,448.04,448.04,448.04,448.04,0,0
1629804540,448.04,448.04,448.04,448.04,448.04,0,0
1629804545,448.04,448.04,448.04,448.04,448.04,0,0
1629804550,448.04,448.04,448.04,448.04,448.04,0,0
1629804555,448.04,448.04,448.04,448.04,448.04,0,0
1629804560,448.04,448.04,448.04,448.04,448.04,0,0
1629804565,448.04,448.04,448.04,448.04,448.04,0,0
1629804570,448.04,448.04,448.04,448.04,448.04,0,0
1629804575,448.04,448.04,448.04,448.04,448.04,0,0
1629804580,448.05,448.05,448.05,448.05,448.05,2,1
1629804585,448.05,448.05,448.05,448.05,448.05,0,0
1629804590,448.05,448.05,448.05,448.05,448.05,0,0
1629804595,448.05,448.05,448.05,448.05,448.05,0,0
1629804600,448.05,448.05,448.05,448.05,448.05,0,0
1629804605,448.09,448.09,448.09,448.09,448.09,3,2
1629804610,448.09,448.09,448.09,448.09,448.09,0,0
1629804615,448.09,448.09,448.09,448.09,448.09,0,0
1629804620,448.09,448.09,448.09,448.09,448.09,0,0
1629804625,448.09,448.09,448.09,448.09,448.09,0,0
1629804630,448.05,448.05,448.05,448.05,448.05,1,1
1629804635,448.04,448.04,448.04,448.04,448.04,5,5
1629804640,448.04,448.04,448.04,448.04,448.04,1,1
1629804645,448.04,448.04,448.04,448.04,448.04,0,0
1629804650,448.04,448.04,448.04,448.04,448.04,2,1
1629804655,448.04,448.04,448.04,448.04,448.04,0,0
1629804660,448.04,448.04,448.04,448.04,448.04,0,0
1629804665,448.04,448.04,448.04,448.04,448.04,0,0
1629804670,448.04,448.04,448.04,448.04,448.04,0,0
1629804675,448.04,448.04,448.04,448.04,448.04,0,0
1629804680,448.04,448.04,448.04,448.04,448.04,0,0
1629804685,448.04,448.04,448.04,448.04,448.04,0,0
1629804690,448.04,448.04,448.04,448.04,448.04,0,0
1629804695,448.04,448.04,448.04,448.04,448.04,0,0
1629804700,448.04,448.04,448.04,448.04,448.04,0,0
1629804705,448.04,448.04,448.04,448.04,448.04,0,0
1629804710,448.04,448.04,448.04,448.04,448.04,0,0
1629804715,448.04,448.04,448.04,448.04,448.04,0,0
1629804720,448.04,448.04,448.04,448.04,448.04,0,0
1629804725,448.03,448.03,448.03,448.03,448.03,4,2
1629804730,448.03,448.03,448.03,448.03,448.03,0,0
1629804735,448.03,448.03,448.03,448.03,448.03,2,1
1629804740,448.03,448.03,448.03,448.03,448.03,0,0
1629804745,448.03,448.03,448.03,448.03,448.03,0,0
1629804750,448.03,448.03,448.03,448.03,448.03,0,0
1629804755,448.03,448.03,448.03,448.03,448.03,0,0
1629804760,448.0,448.0,448.0,448.0,448.0,9,5
1629804765,448.0,448.0,448.0,448.0,448.0,0,0
1629804770,448.0,448.0,448.0,448.0,448.0,0,0
1629804775,448.0,448.0,448.0,448.0,448.0,0,0
1629804780,448.0,448.0,448.0,448.0,448.0,6,1
1629804785,448.0,448.0,448.0,448.0,448.0,0,0
1629804790,448.0,448.0,448.0,448.0,448.0,0,0
1629804795,448.0,448.0,448.0,448.0,448.0,0,0
1629804800,448.0,448.0,448.0,448.0,448.0,0,0
1629804805,448.0,448.0,448.0,448.0,448.0,0,0
1629804810,448.0,448.0,448.0,448.0,448.0,0,0
1629804815,448.0,448.0,448.0,448.0,448.0,0,0
1629804820,448.0,448.0,448.0,448.0,448.0,0,0
1629804825,448.0,448.0,448.0,448.0,448.0,0,0
1629804830,448.0,448.0,448.0,448.0,448.0,0,0
1629804835,448.0,448.0,448.0,448.0,448.0,0,0
1629804840,447.99,447.99,447.99,447.99,447.99,1,1
1629804845,447.99,447.99,447.99,447.99,447.99,0,0
1629804850,447.99,447.99,447.99,447.99,447.99,0,0
1629804855,447.97,447.97,447.97,447.97,447.97,1,1
1629804860,447.97,447.97,447.97,447.97,447.97,0,0
1629804865,447.97,447.97,447.97,447.97,447.97,81,9
1629804870,447.97,447.97,447.96,447.96,447.969,49,6
1629804875,447.96,447.96,447.96,447.96,447.96,0,0
1629804880,447.96,447.96,447.96,447.96,447.96,0,0
1629804885,447.96,447.96,447.96,447.96,447.96,0,0
1629804890,447.96,447.96,447.96,447.96,447.96,0,0
1629804895,447.93,447.93,447.9,447.9,447.927,13,6
1629804900,447.9,447.9,447.9,447.9,447.9,0,0
1629804905,447.9,447.9,447.9,447.9,447.9,0,0
1629804910,447.9,447.9,447.9,447.9,447.9,0,0
1629804915,447.9,447.9,447.9,447.9,447.9,0,0
1629804920,447.9,447.9,447.9,447.9,447.9,0,0
1629804925,447.9,447.9,447.9,447.9,447.9,0,0
1629804930,447.94,447.94,447.94,447.94,447.94,1,1
1629804935,447.94,447.94,447.94,447.94,447.94,0,0
1629804940,447.95,447.95,447.95,447.95,447.95,2,2
1629804945,447.95,447.95,447.95,447.95,447.95,0,0
1629804950,447.95,447.95,447.95,447.95,447.95,0,0
1629804955,447.95,447.95,447.95,447.95,447.95,0,0
1629804960,447.95,447.95,447.95,447.95,447.95,0,0
1629804965,448.01,448.01,448.01,448.01,448.01,5,1
1629804970,448.01,448.01,448.01,448.01,448.01,0,0
1629804975,448.01,448.01,448.01,448.01,448.01,0,0
1629804980,448.01,448.01,448.01,448.01,448.01,0,0
1629804985,448.0,448.0,448.0,448.0,448.0,3,1
1629804990,448.0,448.0,448.0,448.0,448.0,0,0
1629804995,448.0,448.0,448.0,448.0,448.0,5,1
1629805000,448.0,448.0,448.0,448.0,448.0,3,1
1629805005,448.0,448.0,448.0,448.0,448.0,3,2
1629805010,448.0,448.0,448.0,448.0,448.0,0,0
1629805015,448.0,448.0,448.0,448.0,448.0,1,1
1629805020,448.0,448.0,448.0,448.0,448.0,0,0
1629805025,448.0,448.0,448.0,448.0,448.0,0,0
1629805030,447.99,447.99,447.99,447.99,447.99,1,1
1629805035,447.99,447.99,447.99,447.99,447.99,0,0
1629805040,447.99,447.99,447.99,447.99,447.99,0,0
1629805045,447.99,447.99,447.99,447.99,447.99,0,0
1629805050,447.99,447.99,447.99,447.99,447.99,0,0
1629805055,447.99,447.99,447.99,447.99,447.99,0,0
1629805060,447.99,447.99,447.99,447.99,447.99,0,0
1629805065,447.99,447.99,447.99,447.99,447.99,0,0
1629805070,447.99,447.99,447.99,447.99,447.99,0,0
1629805075,447.99,447.99,447.99,447.99,447.99,0,0
1629805080,447.99,447.99,447.99,447.99,447.99,0,0
1629805085,448.01,448.01,448.01,448.01,448.01,2,2
1629805090,448.01,448.01,447.98,447.98,448.003,4,2
1629805095,447.98,447.98,447.98,447.98,447.98,0,0
1629805100,447.98,447.98,447.98,447.98,447.98,0,0
1629805105,447.98,447.98,447.98,447.98,447.98,0,0
1629805110,447.98,447.98,447.98,447.98,447.98,0,0
1629805115,447.98,447.98,447.98,447.98,447.98,0,0
1629805120,447.98,447.98,447.98,447.98,447.98,0,0
1629805125,447.96,447.96,447.94,447.94,447.95,2,2
1629805130,447.94,447.94,447.94,447.94,447.94,0,0
1629805135,447.94,447.94,447.94,447.94,447.94,0,0
1629805140,447.94,447.94,447.94,447.94,447.94,0,0
1629805145,447.94,447.94,447.94,447.94,447.94,0,0
1629805150,447.94,447.94,447.94,447.94,447.94,0,0
1629805155,447.94,447.94,447.94,447.94,447.94,0,0
1629805160,447.94,447.94,447.94,447.94,447.94,0,0
1629805165,447.87,447.87,447.87,447.87,447.87,3,2
1629805170,447.87,447.87,447.87,447.87,447.87,0,0
1629805175,447.87,447.87,447.87,447.87,447.87,0,0
1629805180,447.88,447.88,447.88,447.88,447.88,2,1
1629805185,447.88,447.88,447.88,447.88,447.88,10,3
1629805190,447.88,447.88,447.87,447.87,447.875,2,2
1629805195,447.87,447.87,447.87,447.87,447.87,0,0
1629805200,447.87,447.87,447.87,447.87,447.87,2,1
1629805205,447.87,447.87,447.86,447.86,447.863,3,2
1629805210,447.85,447.85,447.84,447.84,447.848,4,4
1629805215,447.84,447.84,447.84,447.84,447.84,0,0
1629805220,447.84,447.84,447.84,447.84,447.84,0,0
1629805225,447.88,447.88,447.88,447.88,447.88,1,1
1629805230,447.88,447.88,447.88,447.88,447.88,1,1
1629805235,447.88,447.88,447.88,447.88,447.88,0,0
1629805240,447.88,447.88,447.88,447.88,447.88,0,0
1629805245,447.88,447.88,447.88,447.88,447.88,0,0
1629805250,447.88,447.88,447.88,447.88,447.88,0,0
1629805255,447.88,447.88,447.88,447.88,447.88,0,0
1629805260,447.84,447.84,447.82,447.82,447.822,18,9
1629805265,447.82,447.82,447.82,447.82,447.82,0,0
1629805270,447.82,447.82,447.82,447.82,447.82,0,0
1629805275,447.82,447.82,447.82,447.82,447.82,0,0
1629805280,447.82,447.82,447.82,447.82,447.82,0,0
1629805285,447.82,447.82,447.82,447.82,447.82,0,0
1629805290,447.82,447.82,447.82,447.82,447.82,0,0
1629805295,447.82,447.82,447.82,447.82,447.82,0,0
1629805300,447.85,447.88,447.85,447.88,447.864,5,3
1629805305,447.89,447.89,447.89,447.89,447.89,1,1
1629805310,447.89,447.89,447.89,447.89,447.89,0,0
1629805315,447.89,447.89,447.89,447.89,447.89,0,0
1629805320,447.89,447.89,447.89,447.89,447.89,0,0
1629805325,447.89,447.89,447.89,447.89,447.89,0,0
1629805330,447.89,447.89,447.89,447.89,447.89,0,0
1629805335,447.92,447.92,447.92,447.92,447.92,3,1
1629805340,447.92,447.92,447.92,447.92,447.92,0,0
1629805345,447.92,447.92,447.92,447.92,447.92,0,0
1629805350,447.92,447.92,447.92,447.92,447.92,3,2
1629805355,447.92,447.93,447.92,447.93,447.923,15,4
1629805360,447.94,447.94,447.94,447.94,447.94,4,4
1629805365,447.94,447.94,447.94,447.94,447.94,0,0
1629805370,447.94,447.94,447.94,447.94,447.94,0,0
1629805375,447.94,447.94,447.94,447.94,447.94,0,0
1629805380,447.94,447.94,447.94,447.94,447.94,0,0
1629805385,447.94,447.94,447.94,447.94,447.94,1,1
1629805390,447.94,447.94,447.94,447.94,447.94,0,0
1629805395,447.94,447.94,447.94,447.94,447.94,0,0
1629805400,447.94,447.94,447.94,447.94,447.94,0,0
1629805405,447.94,447.94,447.94,447.94,447.94,0,0
1629805410,447.91,447.91,447.91,447.91,447.91,1,1
1629805415,447.91,447.91,447.91,447.91,447.91,0,0
1629805420,447.91,447.91,447.91,447.91,447.91,0,0
1629805425,447.89,447.89,447.89,447.89,447.89,1,1
1629805430,447.89,447.89,447.89,447.89,447.89,0,0
1629805435,447.89,447.89,447.89,447.89,447.89,0,0
1629805440,447.89,447.89,447.89,447.89,447.89,0,0
1629805445,447.89,447.89,447.89,447.89,447.89,0,0
1629805450,447.89,447.89,447.89,447.89,447.89,0,0
1629805455,447.89,447.89,447.89,447.89,447.89,0,0
1629805460,447.94,447.94,447.94,447.94,447.94,2,1
1629805465,447.94,447.94,447.94,447.94,447.94,0,0
1629805470,447.94,447.94,447.94,447.94,447.94,0,0
1629805475,447.94,447.94,447.94,447.94,447.94,0,0
1629805480,447.94,447.94,447.94,447.94,447.94,0,0
1629805485,447.94,447.94,447.94,447.94,447.94,0,0
1629805490,447.93,447.93,447.93,447.93,447.93,1,1
1629805495,447.93,447.93,447.93,447.93,447.93,0,0
1629805500,447.93,447.93,447.93,447.93,447.93,0,0
1629805505,447.93,447.93,447.93,447.93,447.93,0,0
1629805510,447.93,447.93,447.93,447.93,447.93,0,0
1629805515,447.93,447.93,447.93,447.93,447.93,0,0
1629805520,447.93,447.93,447.93,447.93,447.93,0,0
1629805525,447.93,447.93,447.93,447.93,447.93,0,0
1629805530,447.93,447.93,447.93,447.93,447.93,0,0
1629805535,447.93,447.93,447.93,447.93,447.93,0,0
1629805540,447.94,447.94,447.94,447.94,447.94,6,3
1629805545,447.94,447.94,447.94,447.94,447.94,0,0
1629805550,447.89,447.89,447.89,447.89,447.89,2,1
1629805555,447.89,447.89,447.89,447.89,447.89,1,1
1629805560,447.89,447.89,447.89,447.89,447.89,0,0
1629805565,447.89,447.89,447.89,447.89,447.89,0,0
1629805570,447.89,447.89,447.89,447.89,447.89,0,0
1629805575,447.88,447.88,447.87,447.87,447.879,9,3
1629805580,447.87,447.87,447.87,447.87,447.87,0,0
1629805585,447.87,447.87,447.87,447.87,447.87,0,0
1629805590,447.87,447.87,447.87,447.87,447.87,0,0
1629805595,447.87,447.87,447.87,447.87,447.87,0,0
1629805600,447.87,447.87,447.87,447.87,447.87,0,0
1629805605,447.87,447.87,447.87,447.87,447.87,0,0
1629805610,447.87,447.87,447.87,447.87,447.87,0,0
1629805615,447.87,447.87,447.87,447.87,447.87,0,0
1629805620,447.87,447.87,447.87,447.87,447.87,0,0
1629805625,447.87,447.87,447.87,447.87,447.87,0,0
1629805630,447.87,447.87,447.87,447.87,447.87,0,0
1629805635,447.87,447.87,447.87,447.87,447.87,0,0
1629805640,447.87,447.87,447.87,447.87,447.87,0,0
1629805645,447.87,447.87,447.87,447.87,447.87,0,0
1629805650,447.87,447.87,447.87,447.87,447.87,0,0
1629805655,447.87,447.87,447.87,447.87,447.87,0,0
1629805660,447.87,447.87,447.87,447.87,447.87,0,0
1629805665,447.87,447.87,447.87,447.87,447.87,0,0
1629805670,447.87,447.87,447.87,447.87,447.87,0,0
1629805675,447.87,447.87,447.87,447.87,447.87,0,0
1629805680,447.87,447.87,447.87,447.87,447.87,0,0
1629805685,447.89,447.89,447.89,447.89,447.89,1,1
1629805690,447.88,447.88,447.88,447.88,447.88,5,1
1629805695,447.88,447.88,447.88,447.88,447.88,0,0
1629805700,447.88,447.88,447.88,447.88,447.88,0,0
1629805705,447.85,447.85,447.85,447.85,447.85,1,1
1629805710,447.85,447.85,447.85,447.85,447.85,0,0
1629805715,447.85,447.85,447.85,447.85,447.85,0,0
1629805720,447.85,447.85,447.85,447.85,447.85,0,0
1629805725,447.85,447.85,447.85,447.85,447.85,0,0
1629805730,447.85,447.85,447.85,447.85,447.85,0,0
1629805735,447.85,447.85,447.85,447.85,447.85,0,0
1629805740,447.85,447.85,447.85,447.85,447.85,0,0
1629805745,447.85,447.85,447.85,447.85,447.85,0,0
1629805750,447.86,447.86,447.86,447.86,447.86,1,1
1629805755,447.86,447.86,447.86,447.86,447.86,0,0
1629805760,447.86,447.86,447.86,447.86,447.86,0,0
1629805765,447.86,447.86,447.86,447.86,447.86,0,0
1629805770,447.86,447.86,447.86,447.86,447.86,4,1
1629805775,447.86,447.86,447.86,447.86,447.86,0,0
1629805780,447.86,447.86,447.86,447.86,447.86,0,0
1629805785,447.86,447.86,447.86,447.86,447.86,0,0
1629805790,447.85,447.85,447.85,447.85,447.85,1,1
1629805795,447.85,447.85,447.85,447.85,447.85,0,0
1629805800,447.85,447.85,447.85,447.85,447.85,0,0
1629805805,447.85,447.85,447.85,447.85,447.85,2,2
1629805810,447.85,447.85,447.85,447.85,447.85,0,0
1629805815,447.85,447.85,447.85,447.85,447.85,0,0
1629805820,447.85,447.85,447.85,447.85,447.85,1,1
1629805825,447.85,447.85,447.85,447.85,447.85,0,0
1629805830,447.85,447.85,447.85,447.85,447.85,0,0
1629805835,447.85,447.85,447.85,447.85,447.85,0,0
1629805840,447.85,447.85,447.85,447.85,447.85,0,0
1629805845,447.85,447.85,447.85,447.85,447.85,0,0
1629805850,447.85,447.85,447.85,447.85,447.85,0,0
1629805855,447.85,447.85,447.85,447.85,447.85,0,0
1629805860,447.87,447.87,447.87,447.87,447.87,1,1
1629805865,447.87,447.87,447.87,447.87,447.87,0,0
1629805870,447.87,447.87,447.87,447.87,447.87,0,0
1629805875,447.87,447.87,447.87,447.87,447.87,0,0
1629805880,447.87,447.87,447.87,447.87,447.87,0,0
1629805885,447.87,447.87,447.87,447.87,447.87,0,0
1629805890,447.87,447.87,447.87,447.87,447.87,0,0
1629805895,447.87,447.87,447.87,447.87,447.87,0,0
1629805900,447.87,447.87,447.87,447.87,447.87,0,0
1629805905,447.87,447.87,447.87,447.87,447.87,0,0
1629805910,447.87,447.87,447.87,447.87,447.87,0,0
1629805915,447.87,447.87,447.87,447.87,447.87,0,0
1629805920,447.87,447.87,447.87,447.87,447.87,0,0
1629805925,447.84,447.84,447.84,447.84,447.84,3,3
1629805930,447.84,447.84,447.84,447.84,447.84,0,0
1629805935,447.84,447.84,447.84,447.84,447.84,0,0
1629805940,447.84,447.84,447.84,447.84,447.84,0,0
1629805945,447.88,447.88,447.88,447.88,447.88,2,1
1629805950,447.88,447.88,447.88,447.88,447.88,0,0
1629805955,447.88,447.88,447.88,447.88,447.88,0,0
1629805960,447.87,447.87,447.84,447.84,447.857,2,2
1629805965,447.84,447.84,447.84,447.84,447.84,0,0
1629805970,447.84,447.84,447.84,447.84,447.84,0,0
1629805975,447.84,447.84,447.84,447.84,447.84,0,0
1629805980,447.84,447.84,447.84,447.84,447.84,0,0
1629805985,447.84,447.84,447.84,447.84,447.84,2,2
1629805990,447.84,447.84,447.84,447.84,447.84,0,0
1629805995,447.84,447.84,447.84,447.84,447.84,0,0
1629806000,447.82,447.82,447.8,447.8,447.807,8,5
1629806005,447.8,447.8,447.8,447.8,447.8,10,2
1629806010,447.8,447.8,447.8,447.8,447.8,1,1
1629806015,447.8,447.8,447.8,447.8,447.8,0,0
1629806020,447.8,447.8,447.8,447.8,447.8,0,0
1629806025,447.8,447.8,447.8,447.8,447.8,0,0
1629806030,447.8,447.8,447.8,447.8,447.8,0,0
1629806035,447.8,447.8,447.8,447.8,447.8,0,0
1629806040,447.8,447.8,447.8,447.8,447.8,0,0
1629806045,447.8,447.8,447.8,447.8,447.8,0,0
1629806050,447.8,447.8,447.8,447.8,447.8,0,0
1629806055,447.77,447.77,447.77,447.77,447.77,1,1
1629806060,447.77,447.77,447.77,447.77,447.77,0,0
1629806065,447.78,447.78,447.78,447.78,447.78,8,2
1629806070,447.81,447.81,447.81,447.81,447.81,1,1
1629806075,447.79,447.79,447.79,447.79,447.79,1,1
1629806080,447.81,447.81,447.81,447.81,447.81,2,2
1629806085,447.81,447.81,447.81,447.81,447.81,0,0
1629806090,447.81,447.81,447.81,447.81,447.81,0,0
1629806095,447.81,447.81,447.81,447.81,447.81,0,0
1629806100,447.79,447.79,447.78,447.78,447.78,44,19
1629806105,447.78,447.78,447.78,447.78,447.78,0,0
1629806110,447.78,447.78,447.78,447.78,447.78,0,0
1629806115,447.78,447.78,447.78,447.78,447.78,1,1
1629806120,447.78,447.78,447.78,447.78,447.78,1,1
1629806125,447.78,447.8,447.78,447.78,447.781,29,6
1629806130,447.83,447.83,447.83,447.83,447.83,1,1
1629806135,447.83,447.83,447.83,447.83,447.83,0,0
1629806140,447.83,447.83,447.83,447.83,447.83,0,0
1629806145,447.83,447.83,447.83,447.83,447.83,0,0
1629806150,447.83,447.83,447.83,447.83,447.83,0,0
1629806155,447.83,447.83,447.83,447.83,447.83,0,0
1629806160,447.83,447.83,447.83,447.83,447.83,0,0
1629806165,447.83,447.83,447.83,447.83,447.83,0,0
1629806170,447.85,447.85,447.85,447.85,447.85,50,12
1629806175,447.85,447.85,447.85,447.85,447.85,0,0
1629806180,447.85,447.85,447.85,447.85,447.85,0,0
1629806185,447.85,447.85,447.85,447.85,447.85,0,0
1629806190,447.85,447.85,447.85,447.85,447.85,0,0
1629806195,447.87,447.87,447.87,447.87,447.87,2,2
1629806200,447.87,447.87,447.87,447.87,447.87,0,0
1629806205,447.88,447.88,447.88,447.88,447.88,1,1
1629806210,447.88,447.88,447.88,447.88,447.88,1,1
1629806215,447.88,447.88,447.88,447.88,447.88,0,0
1629806220,447.88,447.88,447.88,447.88,447.88,9,4
1629806225,447.88,447.88,447.88,447.88,447.88,0,0
1629806230,447.88,447.88,447.88,447.88,447.88,0,0
1629806235,447.88,447.88,447.88,447.88,447.88,0,0
1629806240,447.88,447.88,447.88,447.88,447.88,0,0
1629806245,447.88,447.88,447.88,447.88,447.88,0,0
1629806250,447.88,447.88,447.88,447.88,447.88,0,0
1629806255,447.88,447.88,447.88,447.88,447.88,0,0
1629806260,447.89,447.89,447.86,447.86,447.867,227,74
1629806265,447.86,447.86,447.86,447.86,447.86,45,5
1629806270,447.87,447.87,447.87,447.87,447.87,15,3
1629806275,447.87,447.87,447.87,447.87,447.87,0,0
1629806280,447.87,447.87,447.87,447.87,447.87,0,0
1629806285,447.87,447.87,447.87,447.87,447.87,0,0
1629806290,447.91,447.91,447.91,447.91,447.91,1,1
1629806295,447.91,447.91,447.91,447.91,447.91,1,1
1629806300,447.91,447.91,447.91,447.91,447.91,0,0
1629806305,447.91,447.91,447.91,447.91,447.91,0,0
1629806310,447.91,447.91,447.91,447.91,447.91,0,0
1629806315,447.91,447.91,447.91,447.91,447.91,0,0
1629806320,447.91,447.91,447.91,447.91,447.91,0,0
1629806325,447.91,447.91,447.91,447.91,447.91,0,0
1629806330,447.91,447.91,447.91,447.91,447.91,0,0
1629806335,447.88,447.88,447.88,447.88,447.88,40,14
1629806340,447.88,447.88,447.88,447.88,447.88,12,5
1629806345,447.88,447.88,447.88,447.88,447.88,0,0
1629806350,447.88,447.88,447.88,447.88,447.88,0,0
1629806355,447.88,447.88,447.88,447.88,447.88,0,0
1629806360,447.88,447.88,447.88,447.88,447.88,0,0
1629806365,447.88,447.88,447.88,447.88,447.88,0,0
1629806370,447.88,447.88,447.88,447.88,447.88,0,0
1629806375,447.88,447.88,447.88,447.88,447.88,0,0
1629806380,447.88,447.88,447.88,447.88,447.88,0,0
1629806385,447.84,447.84,447.84,447.84,447.84,3,1
1629806390,447.83,447.83,447.82,447.82,447.827,7,7
1629806395,447.8,447.8,447.8,447.8,447.8,37,8
1629806400,448.19,448.2,447.76,448.07,447.979,134,23
1629806405,448.07,448.07,448.06,448.07,448.07,0,0
1629806410,448.07,448.07,448.06,448.07,448.07,0,0
1629806415,448.07,448.07,448.06,448.07,448.07,0,0
1629806420,448.07,448.07,448.06,448.07,448.07,0,0
1629806425,448.07,448.07,448.06,448.07,448.07,0,0
1629806430,447.8,447.8,447.8,447.8,447.8,2,1
1629806435,447.8,447.8,447.8,447.8,447.8,0,0
1629806440,447.82,447.82,447.82,447.82,447.82,2,1
1629806445,447.6,447.6,447.59,447.6,447.595,4,1
1629806450,447.6,447.6,447.59,447.6,447.6,0,0
1629806455,447.83,447.83,447.83,447.83,447.83,1,1
1629806460,447.83,447.83,447.83,447.83,447.83,0,0
1629806465,447.84,448.25,447.84,448.25,448.102,34,12
1629806470,448.25,448.25,448.25,448.25,448.25,0,0
1629806475,448.25,448.25,448.25,448.25,448.25,0,0
1629806480,448.25,448.25,448.25,448.25,448.25,0,0
1629806485,447.85,447.85,447.85,447.85,447.85,7,2
1629806490,447.88,447.88,447.88,447.88,447.88,1,1
1629806495,447.88,447.88,447.88,447.88,447.88,2,2
1629806500,447.88,447.88,447.88,447.88,447.88,0,0
1629806505,447.88,447.88,447.88,447.88,447.88,0,0
1629806510,447.88,447.88,447.88,447.88,447.88,0,0
1629806515,447.88,447.88,447.88,447.88,447.88,0,0
1629806520,447.88,447.88,447.88,447.88,447.88,0,0
1629806525,447.88,447.88,447.88,447.88,447.88,0,0
1629806530,447.88,447.88,447.88,447.88,447.88,0,0
1629806535,447.85,447.85,447.85,447.85,447.85,7,4
1629806540,447.85,447.85,447.85,447.85,447.85,0,0
1629806545,447.85,447.85,447.85,447.85,447.85,0,0
1629806550,447.85,447.85,447.85,447.85,447.85,0,0
1629806555,447.85,447.85,447.85,447.85,447.85,0,0
1629806560,447.85,447.85,447.85,447.85,447.85,0,0
1629806565,447.85,447.85,447.85,447.85,447.85,0,0
1629806570,447.85,447.85,447.85,447.85,447.85,12,1
1629806575,447.85,447.85,447.85,447.85,447.85,0,0
1629806580,447.85,447.85,447.85,447.85,447.85,16,6
1629806585,447.85,447.85,447.85,447.85,447.85,4,1
1629806590,447.82,447.82,447.82,447.82,447.82,3,2
1629806595,447.82,447.82,447.82,447.82,447.82,0,0
1629806600,447.82,447.82,447.82,447.82,447.82,0,0
1629806605,447.82,447.82,447.82,447.82,447.82,0,0
1629806610,447.82,447.82,447.82,447.82,447.82,0,0
1629806615,447.76,447.76,447.75,447.75,447.755,24,8
1629806620,447.74,447.74,447.74,447.74,447.74,20,4
1629806625,447.74,447.74,447.74,447.74,447.74,0,0
1629806630,447.74,447.74,447.74,447.74,447.74,0,0
1629806635,447.74,447.74,447.74,447.74,447.74,0,0
1629806640,447.76,447.76,447.74,447.74,447.755,8,3
1629806645,447.74,447.74,447.74,447.74,447.74,0,0
1629806650,447.74,447.74,447.74,447.74,447.74,0,0
1629806655,447.74,447.74,447.74,447.74,447.74,1,1
1629806660,447.74,447.74,447.74,447.74,447.74,1,1
1629806665,447.74,447.74,447.74,447.74,447.74,0,0
1629806670,447.74,447.74,447.74,447.74,447.74,0,0
1629806675,447.74,447.74,447.74,447.74,447.74,0,0
1629806680,447.74,447.74,447.74,447.74,447.74,0,0
1629806685,447.74,447.74,447.74,447.74,447.74,1,1
1629806690,447.74,447.74,447.74,447.74,447.74,1,1
1629806695,447.74,447.74,447.74,447.74,447.74,0,0
1629806700,447.73,447.73,447.73,447.73,447.73,2,2
1629806705,447.73,447.73,447.73,447.73,447.73,0,0
1629806710,447.73,447.73,447.73,447.73,447.73,0,0
1629806715,447.77,447.77,447.77,447.77,447.77,5,1
1629806720,447.78,447.78,447.78,447.78,447.78,6,2
1629806725,447.78,447.78,447.78,447.78,447.78,0,0
1629806730,447.78,447.78,447.78,447.78,447.78,0,0
1629806735,447.78,447.78,447.78,447.78,447.78,0,0
1629806740,447.78,447.78,447.78,447.78,447.78,0,0
1629806745,447.78,447.78,447.78,447.78,447.78,0,0
1629806750,447.78,447.78,447.78,447.78,447.78,0,0
1629806755,447.83,447.83,447.83,447.83,447.83,3,1
1629806760,447.83,447.83,447.83,447.83,447.83,20,5
1629806765,447.83,447.83,447.83,447.83,447.83,0,0
1629806770,447.83,447.83,447.83,447.83,447.83,0,0
1629806775,447.83,447.83,447.83,447.83,447.83,0,0
1629806780,447.83,447.83,447.83,447.83,447.83,0,0
1629806785,447.83,447.83,447.83,447.83,447.83,0,0
1629806790,447.83,447.83,447.83,447.83,447.83,0,0
1629806795,447.83,447.83,447.83,447.83,447.83,0,0
1629806800,447.82,447.82,447.76,447.8,447.79,28,12
1629806805,447.79,447.79,447.79,447.79,447.79,1,1
1629806810,447.79,447.79,447.79,447.79,447.79,0,0
1629806815,447.79,447.79,447.79,447.79,447.79,0,0
1629806820,447.79,447.79,447.79,447.79,447.79,0,0
1629806825,447.79,447.79,447.79,447.79,447.79,0,0
1629806830,447.79,447.79,447.79,447.79,447.79,0,0
1629806835,447.79,447.79,447.79,447.79,447.79,0,0
1629806840,447.79,447.79,447.79,447.79,447.79,0,0
1629806845,447.79,447.79,447.79,447.79,447.79,0,0
1629806850,447.79,447.79,447.79,447.79,447.79,0,0
1629806855,447.8,447.8,447.8,447.8,447.8,15,3
1629806860,447.8,447.8,447.8,447.8,447.8,1,1
1629806865,447.8,447.8,447.8,447.8,447.8,0,0
1629806870,447.8,447.8,447.8,447.8,447.8,0,0
1629806875,447.8,447.8,447.8,447.8,447.8,2,1
1629806880,447.8,447.8,447.8,447.8,447.8,8,2
1629806885,447.8,447.8,447.8,447.8,447.8,0,0
1629806890,447.8,447.8,447.8,447.8,447.8,0,0
1629806895,447.8,447.8,447.8,447.8,447.8,0,0
1629806900,447.8,447.8,447.8,447.8,447.8,0,0
1629806905,447.8,447.8,447.8,447.8,447.8,0,0
1629806910,447.82,447.82,447.82,447.82,447.82,1,1
1629806915,447.82,447.82,447.82,447.82,447.82,0,0
1629806920,447.82,447.82,447.82,447.82,447.82,0,0
1629806925,447.82,447.82,447.82,447.82,447.82,0,0
1629806930,447.82,447.82,447.82,447.82,447.82,0,0
1629806935,447.82,447.82,447.82,447.82,447.82,0,0
1629806940,447.82,447.82,447.82,447.82,447.82,11,2
1629806945,447.82,447.82,447.82,447.82,447.82,0,0
1629806950,447.82,447.82,447.82,447.82,447.82,0,0
1629806955,447.82,447.82,447.82,447.82,447.82,0,0
1629806960,447.82,447.82,447.82,447.82,447.82,0,0
1629806965,447.82,447.82,447.82,447.82,447.82,0,0
1629806970,447.82,447.82,447.82,447.82,447.82,0,0
1629806975,447.82,447.82,447.82,447.82,447.82,0,0
1629806980,447.82,447.82,447.82,447.82,447.82,0,0
1629806985,447.82,447.82,447.82,447.82,447.82,10,1
1629806990,447.82,447.82,447.82,447.82,447.82,8,3
1629806995,447.82,447.82,447.82,447.82,447.82,0,0
1629807000,447.82,447.82,447.82,447.82,447.82,0,0
1629807005,447.82,447.82,447.82,447.82,447.82,0,0
1629807010,447.8,447.8,447.8,447.8,447.8,1,1
1629807015,447.8,447.8,447.8,447.8,447.8,0,0
1629807020,447.8,447.8,447.8,447.8,447.8,0,0
1629807025,447.8,447.8,447.8,447.8,447.8,0,0
1629807030,447.8,447.8,447.8,447.8,447.8,0,0
1629807035,447.8,447.8,447.8,447.8,447.8,0,0
1629807040,447.8,447.8,447.8,447.8,447.8,0,0
1629807045,447.81,447.81,447.81,447.81,447.81,1,1
1629807050,447.81,447.81,447.81,447.81,447.81,0,0
1629807055,447.81,447.81,447.81,447.81,447.81,0,0
1629807060,447.81,447.81,447.81,447.81,447.81,0,0
1629807065,447.81,447.81,447.81,447.81,447.81,0,0
1629807070,447.81,447.81,447.81,447.81,447.81,0,0
1629807075,447.81,447.81,447.81,447.81,447.81,0,0
1629807080,447.81,447.81,447.81,447.81,447.81,0,0
1629807085,447.79,447.79,447.79,447.79,447.79,2,1
1629807090,447.79,447.79,447.79,447.79,447.79,0,0
1629807095,447.79,447.79,447.79,447.79,447.79,0,0
1629807100,447.79,447.79,447.79,447.79,447.79,0,0
1629807105,447.79,447.79,447.79,447.79,447.79,0,0
1629807110,447.79,447.79,447.79,447.79,447.79,0,0
1629807115,447.79,447.79,447.79,447.79,447.79,0,0
1629807120,447.79,447.79,447.79,447.79,447.79,1,1
1629807125,447.79,447.79,447.79,447.79,447.79,0,0
1629807130,447.79,447.79,447.79,447.79,447.79,0,0
1629807135,447.79,447.79,447.79,447.79,447.79,0,0
1629807140,447.79,447.79,447.79,447.79,447.79,1,1
1629807145,447.79,447.79,447.79,447.79,447.79,0,0
1629807150,447.79,447.79,447.79,447.79,447.79,0,0
1629807155,447.79,447.79,447.79,447.79,447.79,0,0
1629807160,447.79,447.79,447.79,447.79,447.79,0,0
1629807165,447.79,447.79,447.79,447.79,447.79,0,0
1629807170,447.79,447.79,447.79,447.79,447.79,0,0
1629807175,447.79,447.79,447.79,447.79,447.79,0,0
1629807180,447.79,447.79,447.79,447.79,447.79,12,1
1629807185,447.79,447.79,447.79,447.79,447.79,0,0
1629807190,447.79,447.79,447.79,447.79,447.79,0,0
1629807195,447.79,447.79,447.79,447.79,447.79,0,0
1629807200,447.79,447.79,447.79,447.79,447.79,0,0
1629807205,447.8,447.8,447.8,447.8,447.8,1,1
1629807210,447.8,447.8,447.8,447.8,447.8,0,0
1629807215,447.8,447.8,447.8,447.8,447.8,0,0
1629807220,447.8,447.8,447.8,447.8,447.8,0,0
1629807225,447.8,447.8,447.8,447.8,447.8,0,0
1629807230,447.8,447.8,447.8,447.8,447.8,0,0
1629807235,447.8,447.8,447.8,447.8,447.8,1,1
1629807240,447.8,447.8,447.8,447.8,447.8,0,0
1629807245,447.79,447.79,447.79,447.79,447.79,1,1
1629807250,447.79,447.79,447.79,447.79,447.79,0,0
1629807255,447.79,447.79,447.79,447.79,447.79,0,0
1629807260,447.79,447.79,447.79,447.79,447.79,0,0
1629807265,447.79,447.79,447.79,447.79,447.79,0,0
1629807270,447.79,447.79,447.79,447.79,447.79,0,0
1629807275,447.79,447.79,447.79,447.79,447.79,0,0
1629807280,447.8,447.8,447.8,447.8,447.8,5,1
1629807285,447.8,447.8,447.8,447.8,447.8,0,0
1629807290,447.8,447.8,447.8,447.8,447.8,0,0
1629807295,447.83,447.83,447.81,447.81,447.825,31,14
1629807300,447.81,447.81,447.81,447.81,447.81,0,0
1629807305,447.81,447.81,447.81,447.81,447.81,0,0
1629807310,447.81,447.81,447.81,447.81,447.81,0,0
1629807315,447.81,447.81,447.81,447.81,447.81,0,0
1629807320,447.81,447.81,447.81,447.81,447.81,0,0
1629807325,447.81,447.81,447.81,447.81,447.81,0,0
1629807330,447.8,447.8,447.8,447.8,447.8,1,1
1629807335,447.84,447.84,447.84,447.84,447.84,1,1
1629807340,447.84,447.84,447.84,447.84,447.84,0,0
1629807345,447.84,447.84,447.84,447.84,447.84,0,0
1629807350,447.88,447.88,447.83,447.83,447.844,23,6
1629807355,447.83,447.83,447.83,447.83,447.83,0,0
1629807360,447.83,447.83,447.83,447.83,447.83,0,0
1629807365,447.83,447.83,447.83,447.83,447.83,0,0
1629807370,447.85,447.85,447.85,447.85,447.85,1,1
1629807375,447.85,447.85,447.85,447.85,447.85,0,0
1629807380,447.85,447.85,447.85,447.85,447.85,0,0
1629807385,447.83,447.83,447.83,447.83,447.83,1,1
1629807390,447.83,447.83,447.83,447.83,447.83,0,0
1629807395,447.83,447.83,447.83,447.83,447.83,0,0
1629807400,447.83,447.83,447.83,447.83,447.83,7,3
1629807405,447.83,447.83,447.83,447.83,447.83,1,1
1629807410,447.83,447.83,447.83,447.83,447.83,0,0
1629807415,447.83,447.83,447.83,447.83,447.83,0,0
1629807420,447.83,447.83,447.83,447.83,447.83,0,0
1629807425,447.83,447.83,447.83,447.83,447.83,0,0
1629807430,447.83,447.83,447.83,447.83,447.83,0,0
1629807435,447.87,447.87,447.87,447.87,447.87,3,2
1629807440,447.87,447.87,447.87,447.87,447.87,1,1
1629807445,447.86,447.86,447.86,447.86,447.86,1,1
1629807450,447.86,447.86,447.86,447.86,447.86,0,0
1629807455,447.81,447.81,447.81,447.81,447.81,1,1
1629807460,447.81,447.81,447.81,447.81,447.81,0,0
1629807465,447.81,447.81,447.81,447.81,447.81,0,0
1629807470,447.81,447.81,447.81,447.81,447.81,0,0
1629807475,447.81,447.81,447.81,447.81,447.81,0,0
1629807480,447.82,447.82,447.82,447.82,447.82,1,1
1629807485,447.82,447.82,447.82,447.82,447.82,0,0
1629807490,447.82,447.82,447.82,447.82,447.82,0,0
1629807495,447.82,447.82,447.82,447.82,447.82,0,0
1629807500,447.82,447.82,447.82,447.82,447.82,0,0
1629807505,447.82,447.82,447.82,447.82,447.82,0,0
1629807510,447.82,447.82,447.82,447.82,447.82,0,0
1629807515,447.82,447.82,447.82,447.82,447.82,0,0
1629807520,447.82,447.82,447.82,447.82,447.82,0,0
1629807525,447.82,447.82,447.82,447.82,447.82,0,0
1629807530,447.82,447.82,447.82,447.82,447.82,0,0
1629807535,447.82,447.82,447.82,447.82,447.82,0,0
1629807540,447.82,447.82,447.82,447.82,447.82,0,0
1629807545,447.82,447.82,447.82,447.82,447.82,0,0
1629807550,447.82,447.82,447.82,447.82,447.82,2,2
1629807555,447.82,447.82,447.82,447.82,447.82,0,0
1629807560,447.82,447.82,447.82,447.82,447.82,0,0
1629807565,447.82,447.82,447.82,447.82,447.82,0,0
1629807570,447.82,447.82,447.82,447.82,447.82,0,0
1629807575,447.82,447.82,447.82,447.82,447.82,0,0
1629807580,447.8,447.8,447.79,447.79,447.792,21,6
1629807585,447.79,447.79,447.79,447.79,447.79,4,1
1629807590,447.79,447.79,447.79,447.79,447.79,0,0
1629807595,447.79,447.79,447.79,447.79,447.79,0,0
1629807600,447.79,447.79,447.79,447.79,447.79,1,1
1629807605,447.8,447.8,447.8,447.8,447.8,2,2
1629807610,447.79,447.79,447.79,447.79,447.79,5,3
1629807615,447.79,447.79,447.79,447.79,447.79,0,0
1629807620,447.8,447.8,447.8,447.8,447.8,1,1
1629807625,447.8,447.8,447.8,447.8,447.8,0,0
1629807630,447.78,447.78,447.78,447.78,447.78,1,1
1629807635,447.78,447.78,447.78,447.78,447.78,0,0
1629807640,447.78,447.78,447.78,447.78,447.78,0,0
1629807645,447.78,447.78,447.78,447.78,447.78,0,0
1629807650,447.78,447.78,447.78,447.78,447.78,0,0
1629807655,447.78,447.78,447.78,447.78,447.78,0,0
1629807660,447.78,447.78,447.78,447.78,447.78,0,0
1629807665,447.78,447.78,447.78,447.78,447.78,0,0
1629807670,447.78,447.78,447.78,447.78,447.78,0,0
1629807675,447.78,447.78,447.78,447.78,447.78,0,0
1629807680,447.78,447.78,447.78,447.78,447.78,0,0
1629807685,447.78,447.78,447.78,447.78,447.78,0,0
1629807690,447.78,447.78,447.78,447.78,447.78,4,1
1629807695,447.78,447.78,447.78,447.78,447.78,0,0
1629807700,447.78,447.78,447.78,447.78,447.78,0,0
1629807705,447.78,447.78,447.78,447.78,447.78,0,0
1629807710,447.78,447.78,447.78,447.78,447.78,0,0
1629807715,447.78,447.78,447.78,447.78,447.78,0,0
1629807720,447.78,447.78,447.78,447.78,447.78,0,0
1629807725,447.78,447.78,447.78,447.78,447.78,0,0
1629807730,447.77,447.78,447.77,447.78,447.778,6,3
1629807735,447.75,447.75,447.74,447.74,447.75,26,10
1629807740,447.71,447.71,447.62,447.62,447.686,9,5
1629807745,447.62,447.62,447.62,447.62,447.62,0,0
1629807750,447.62,447.62,447.62,447.62,447.62,0,0
1629807755,447.61,447.61,447.51,447.51,447.585,17,9
1629807760,447.51,447.55,447.51,447.55,447.533,15,9
1629807765,447.57,447.57,447.57,447.57,447.57,2,2
1629807770,447.58,447.58,447.56,447.56,447.57,4,4
1629807775,447.56,447.56,447.56,447.56,447.56,0,0
1629807780,447.57,447.58,447.57,447.58,447.576,4,3
1629807785,447.56,447.59,447.56,447.59,447.575,4,4
1629807790,447.59,447.59,447.58,447.58,447.584,19,8
1629807795,447.58,447.58,447.58,447.58,447.58,0,0
1629807800,447.61,447.61,447.61,447.61,447.61,2,2
1629807805,447.61,447.61,447.61,447.61,447.61,0,0
1629807810,447.61,447.61,447.6,447.6,447.607,3,2
1629807815,447.6,447.6,447.6,447.6,447.6,1,1
1629807820,447.61,447.61,447.6,447.61,447.609,33,5
1629807825,447.61,447.61,447.61,447.61,447.61,0,0
1629807830,447.59,447.59,447.53,447.53,447.557,7,7
1629807835,447.53,447.53,447.53,447.53,447.53,0,0
1629807840,447.45,447.45,447.43,447.43,447.44,10,2
1629807845,447.47,447.47,447.47,447.47,447.47,5,2
1629807850,447.47,447.47,447.47,447.47,447.47,1,1
1629807855,447.46,447.46,447.46,447.46,447.46,4,2
1629807860,447.47,447.47,447.47,447.47,447.47,1,1
1629807865,447.47,447.47,447.47,447.47,447.47,0,0
1629807870,447.47,447.47,447.47,447.47,447.47,0,0
1629807875,447.47,447.47,447.47,447.47,447.47,0,0
1629807880,447.47,447.47,447.47,447.47,447.47,0,0
1629807885,447.51,447.51,447.51,447.51,447.51,1,1
1629807890,447.51,447.51,447.51,447.51,447.51,1,1
1629807895,447.49,447.49,447.49,447.49,447.49,1,1
1629807900,447.49,447.49,447.49,447.49,447.49,0,0
1629807905,447.49,447.49,447.49,447.49,447.49,0,0
1629807910,447.59,447.59,447.57,447.57,447.584,9,4
1629807915,447.56,447.56,447.56,447.56,447.56,1,1
1629807920,447.56,447.56,447.54,447.56,447.551,7,7
1629807925,447.56,447.56,447.56,447.56,447.56,0,0
1629807930,447.56,447.56,447.56,447.56,447.56,0,0
1629807935,447.56,447.56,447.56,447.56,447.56,0,0
1629807940,447.56,447.56,447.56,447.56,447.56,0,0
1629807945,447.56,447.56,447.56,447.56,447.56,0,0
1629807950,447.56,447.56,447.56,447.56,447.56,0,0
1629807955,447.56,447.56,447.56,447.56,447.56,0,0
1629807960,447.56,447.56,447.56,447.56,447.56,0,0
1629807965,447.56,447.56,447.56,447.56,447.56,0,0
1629807970,447.61,447.62,447.61,447.62,447.611,7,4
1629807975,447.66,447.67,447.66,447.67,447.661,7,3
1629807980,447.67,447.67,447.67,447.67,447.67,0,0
1629807985,447.67,447.67,447.67,447.67,447.67,0,0
1629807990,447.67,447.67,447.67,447.67,447.67,0,0
1629807995,447.67,447.67,447.67,447.67,447.67,0,0
1629808000,447.67,447.67,447.67,447.67,447.67,0,0
1629808005,447.67,447.67,447.67,447.67,447.67,0,0
1629808010,447.67,447.69,447.67,447.69,447.689,21,6
1629808015,447.69,447.69,447.69,447.69,447.69,0,0
1629808020,447.69,447.69,447.69,447.69,447.69,0,0
1629808025,447.69,447.69,447.69,447.69,447.69,0,0
1629808030,447.69,447.69,447.69,447.69,447.69,0,0
1629808035,447.66,447.66,447.66,447.66,447.66,1,1
1629808040,447.66,447.66,447.66,447.66,447.66,0,0
1629808045,447.68,447.68,447.68,447.68,447.68,1,1
1629808050,447.68,447.68,447.68,447.68,447.68,0,0
1629808055,447.7,447.7,447.7,447.7,447.7,7,2
1629808060,447.7,447.7,447.7,447.7,447.7,0,0
1629808065,447.7,447.7,447.7,447.7,447.7,0,0
1629808070,447.69,447.69,447.69,447.69,447.69,1,1
1629808075,447.69,447.69,447.69,447.69,447.69,0,0
1629808080,447.69,447.69,447.69,447.69,447.69,0,0
1629808085,447.69,447.69,447.69,447.69,447.69,0,0
1629808090,447.69,447.69,447.69,447.69,447.69,0,0
1629808095,447.69,447.69,447.69,447.69,447.69,0,0
1629808100,447.69,447.69,447.69,447.69,447.69,0,0
1629808105,447.69,447.69,447.69,447.69,447.69,0,0
1629808110,447.69,447.69,447.69,447.69,447.69,0,0
1629808115,447.69,447.69,447.69,447.69,447.69,2,1
1629808120,447.69,447.69,447.69,447.69,447.69,0,0
1629808125,447.67,447.67,447.67,447.67,447.67,1,1
1629808130,447.67,447.67,447.67,447.67,447.67,0,0
1629808135,447.67,447.67,447.67,447.67,447.67,1,1
1629808140,447.67,447.67,447.67,447.67,447.67,0,0
1629808145,447.67,447.67,447.67,447.67,447.67,0,0
1629808150,447.67,447.67,447.67,447.67,447.67,0,0
1629808155,447.66,447.66,447.66,447.66,447.66,6,1
1629808160,447.66,447.66,447.66,447.66,447.66,0,0
1629808165,447.66,447.66,447.66,447.66,447.66,0,0
1629808170,447.66,447.66,447.66,447.66,447.66,1,1
1629808175,447.66,447.66,447.66,447.66,447.66,0,0
1629808180,447.64,447.64,447.64,447.64,447.64,1,1
1629808185,447.64,447.64,447.64,447.64,447.64,0,0
1629808190,447.64,447.64,447.63,447.63,447.633,2,2
1629808195,447.63,447.63,447.63,447.63,447.63,0,0
1629808200,447.63,447.63,447.63,447.63,447.63,0,0
1629808205,447.63,447.63,447.63,447.63,447.63,0,0
1629808210,447.63,447.63,447.63,447.63,447.63,0,0
1629808215,447.61,447.61,447.58,447.6,447.595,14,7
1629808220,447.6,447.6,447.6,447.6,447.6,0,0
1629808225,447.6,447.6,447.6,447.6,447.6,0,0
1629808230,447.6,447.6,447.6,447.6,447.6,0,0
1629808235,447.6,447.6,447.6,447.6,447.6,0,0
1629808240,447.56,447.56,447.56,447.56,447.56,2,2
1629808245,447.56,447.56,447.56,447.56,447.56,0,0
1629808250,447.54,447.54,447.54,447.54,447.54,2,2
1629808255,447.54,447.54,447.54,447.54,447.54,0,0
1629808260,447.54,447.54,447.54,447.54,447.54,0,0
1629808265,447.54,447.54,447.54,447.54,447.54,0,0
1629808270,447.54,447.54,447.54,447.54,447.54,2,2
1629808275,447.54,447.55,447.54,447.55,447.543,6,4
1629808280,447.55,447.55,447.55,447.55,447.55,0,0
1629808285,447.54,447.54,447.53,447.53,447.532,34,10
1629808290,447.53,447.53,447.53,447.53,447.53,0,0
1629808295,447.53,447.53,447.53,447.53,447.53,0,0
1629808300,447.53,447.53,447.53,447.53,447.53,0,0
1629808305,447.53,447.53,447.53,447.53,447.53,0,0
1629808310,447.61,447.61,447.61,447.61,447.61,5,2
1629808315,447.61,447.61,447.61,447.61,447.61,0,0
1629808320,447.61,447.61,447.61,447.61,447.61,0,0
1629808325,447.57,447.57,447.57,447.57,447.57,3,1
1629808330,447.58,447.59,447.58,447.59,447.587,3,3
1629808335,447.59,447.59,447.59,447.59,447.59,0,0
1629808340,447.59,447.59,447.59,447.59,447.59,0,0
1629808345,447.59,447.59,447.59,447.59,447.59,0,0
1629808350,447.59,447.59,447.59,447.59,447.59,0,0
1629808355,447.63,447.63,447.62,447.62,447.624,14,6
1629808360,447.62,447.62,447.62,447.62,447.62,0,0
1629808365,447.65,447.65,447.65,447.65,447.65,5,1
1629808370,447.65,447.65,447.65,447.65,447.65,0,0
1629808375,447.66,447.66,447.66,447.66,447.66,2,2
1629808380,447.66,447.66,447.66,447.66,447.66,0,0
1629808385,447.64,447.64,447.64,447.64,447.64,4,4
1629808390,447.64,447.64,447.64,447.64,447.64,1,1
1629808395,447.64,447.64,447.64,447.64,447.64,0,0
1629808400,447.64,447.64,447.64,447.64,447.64,0,0
1629808405,447.61,447.61,447.61,447.61,447.61,7,7
1629808410,447.6,447.6,447.6,447.6,447.6,12,1
1629808415,447.6,447.61,447.6,447.6,447.6,14,4
1629808420,447.6,447.6,447.6,447.6,447.6,4,3
1629808425,447.6,447.6,447.6,447.6,447.6,0,0
1629808430,447.6,447.6,447.6,447.6,447.6,1,1
1629808435,447.6,447.6,447.6,447.6,447.6,0,0
1629808440,447.6,447.6,447.6,447.6,447.6,0,0
1629808445,447.6,447.6,447.6,447.6,447.6,0,0
1629808450,447.6,447.6,447.6,447.6,447.6,0,0
1629808455,447.6,447.6,447.6,447.6,447.6,0,0
1629808460,447.6,447.6,447.6,447.6,447.6,0,0
1629808465,447.6,447.6,447.6,447.6,447.6,0,0
1629808470,447.61,447.61,447.61,447.61,447.61,5,5
1629808475,447.61,447.61,447.61,447.61,447.61,0,0
1629808480,447.61,447.61,447.61,447.61,447.61,0,0
1629808485,447.61,447.61,447.61,447.61,447.61,0,0
1629808490,447.61,447.61,447.61,447.61,447.61,0,0
1629808495,447.61,447.61,447.61,447.61,447.61,0,0
1629808500,447.61,447.61,447.61,447.61,447.61,0,0
1629808505,447.59,447.59,447.59,447.59,447.59,1,1
1629808510,447.59,447.59,447.59,447.59,447.59,0,0
1629808515,447.59,447.59,447.59,447.59,447.59,0,0
1629808520,447.59,447.59,447.59,447.59,447.59,0,0
1629808525,447.59,447.59,447.59,447.59,447.59,0,0
1629808530,447.59,447.59,447.59,447.59,447.59,0,0
1629808535,447.59,447.59,447.59,447.59,447.59,0,0
1629808540,447.59,447.59,447.59,447.59,447.59,0,0
1629808545,447.59,447.59,447.59,447.59,447.59,0,0
1629808550,447.53,447.53,447.53,447.53,447.53,3,2
1629808555,447.55,447.55,447.54,447.54,447.548,6,5
1629808560,447.54,447.54,447.54,447.54,447.54,0,0
1629808565,447.51,447.51,447.51,447.51,447.51,1,1
1629808570,447.51,447.51,447.51,447.51,447.51,0,0
1629808575,447.47,447.47,447.47,447.47,447.47,2,1
1629808580,447.47,447.47,447.47,447.47,447.47,0,0
1629808585,447.47,447.47,447.47,447.47,447.47,0,0
1629808590,447.47,447.47,447.47,447.47,447.47,0,0
1629808595,447.47,447.47,447.47,447.47,447.47,0,0
1629808600,447.47,447.47,447.47,447.47,447.47,0,0
1629808605,447.47,447.47,447.47,447.47,447.47,0,0
1629808610,447.46,447.46,447.46,447.46,447.46,5,2
1629808615,447.45,447.45,447.44,447.44,447.447,3,3
1629808620,447.44,447.44,447.44,447.44,447.44,0,0
1629808625,447.46,447.46,447.46,447.46,447.46,1,1
1629808630,447.45,447.45,447.45,447.45,447.45,106,13
1629808635,447.45,447.45,447.45,447.45,447.45,0,0
1629808640,447.45,447.45,447.45,447.45,447.45,0,0
1629808645,447.45,447.46,447.45,447.45,447.451,197,27
1629808650,447.45,447.45,447.45,447.45,447.45,0,0
1629808655,447.44,447.44,447.44,447.44,447.44,5,1
1629808660,447.44,447.44,447.44,447.44,447.44,0,0
1629808665,447.43,447.43,447.42,447.42,447.429,22,5
1629808670,447.42,447.42,447.42,447.42,447.42,4,1
1629808675,447.43,447.44,447.43,447.44,447.435,2,2
1629808680,447.44,447.44,447.44,447.44,447.44,0,0
1629808685,447.44,447.44,447.44,447.44,447.44,0,0
1629808690,447.4,447.4,447.36,447.36,447.38,4,3
1629808695,447.39,447.39,447.39,447.39,447.39,10,1
1629808700,447.39,447.39,447.39,447.39,447.39,0,0
1629808705,447.38,447.38,447.38,447.38,447.38,10,1
1629808710,447.38,447.38,447.38,447.38,447.38,0,0
1629808715,447.38,447.38,447.38,447.38,447.38,0,0
1629808720,447.38,447.38,447.38,447.38,447.38,0,0
1629808725,447.38,447.38,447.38,447.38,447.38,1,1
1629808730,447.38,447.38,447.38,447.38,447.38,0,0
1629808735,447.4,447.4,447.4,447.4,447.4,3,2
1629808740,447.4,447.4,447.4,447.4,447.4,0,0
1629808745,447.4,447.4,447.4,447.4,447.4,0,0
1629808750,447.4,447.4,447.4,447.4,447.4,0,0
1629808755,447.45,447.45,447.45,447.45,447.45,21,5
1629808760,447.45,447.45,447.45,447.45,447.45,0,0
1629808765,447.44,447.44,447.44,447.44,447.44,10,3
1629808770,447.44,447.44,447.44,447.44,447.44,0,0
1629808775,447.44,447.44,447.44,447.44,447.44,0,0
1629808780,447.44,447.44,447.44,447.44,447.44,0,0
1629808785,447.44,447.45,447.44,447.45,447.445,2,2
1629808790,447.42,447.42,447.42,447.42,447.42,1,1
1629808795,447.42,447.42,447.42,447.42,447.42,0,0
1629808800,447.4,447.4,447.4,447.4,447.4,10,3
1629808805,447.4,447.4,447.4,447.4,447.4,0,0
1629808810,447.45,447.45,447.45,447.45,447.45,1,1
1629808815,447.45,447.45,447.45,447.45,447.45,1,1
1629808820,447.45,447.45,447.45,447.45,447.45,0,0
1629808825,447.45,447.45,447.45,447.45,447.45,148,21
1629808830,447.45,447.45,447.45,447.45,447.45,31,31
1629808835,447.45,447.45,447.45,447.45,447.45,0,0
1629808840,447.45,447.45,447.45,447.45,447.45,0,0
1629808845,447.45,447.45,447.45,447.45,447.45,0,0
1629808850,447.45,447.45,447.45,447.45,447.45,0,0
1629808855,447.45,447.45,447.45,447.45,447.45,3,1
1629808860,447.45,447.45,447.45,447.45,447.45,1,1
1629808865,447.45,447.45,447.45,447.45,447.45,1,1
1629808870,447.45,447.45,447.45,447.45,447.45,0,0
1629808875,447.45,447.45,447.45,447.45,447.45,0,0
1629808880,447.41,447.41,447.41,447.41,447.41,6,2
1629808885,447.4,447.4,447.4,447.4,447.4,2,1
1629808890,447.4,447.4,447.4,447.4,447.4,0,0
1629808895,447.4,447.4,447.4,447.4,447.4,0,0
1629808900,447.4,447.4,447.4,447.4,447.4,0,0
1629808905,447.4,447.4,447.4,447.4,447.4,0,0
1629808910,447.4,447.4,447.4,447.4,447.4,0,0
1629808915,447.45,447.45,447.45,447.45,447.45,2,2
1629808920,447.4,447.4,447.4,447.4,447.4,1,1
1629808925,447.4,447.4,447.4,447.4,447.4,0,0
1629808930,447.45,447.45,447.45,447.45,447.45,3,3
1629808935,447.49,447.49,447.49,447.49,447.49,2,2
1629808940,447.49,447.49,447.49,447.49,447.49,0,0
1629808945,447.49,447.49,447.49,447.49,447.49,0,0
1629808950,447.49,447.49,447.49,447.49,447.49,0,0
1629808955,447.49,447.49,447.49,447.49,447.49,0,0
1629808960,447.49,447.49,447.49,447.49,447.49,0,0
1629808965,447.51,447.51,447.51,447.51,447.51,4,3
1629808970,447.51,447.51,447.51,447.51,447.51,0,0
1629808975,447.51,447.51,447.51,447.51,447.51,0,0
1629808980,447.51,447.51,447.51,447.51,447.51,0,0
1629808985,447.49,447.49,447.49,447.49,447.49,4,4
1629808990,447.49,447.49,447.49,447.49,447.49,1,1
1629808995,447.49,447.49,447.49,447.49,447.49,0,0
1629809000,447.48,447.48,447.48,447.48,447.48,2,2
1629809005,447.48,447.48,447.48,447.48,447.48,0,0
1629809010,447.44,447.44,447.44,447.44,447.44,5,1
1629809015,447.43,447.43,447.43,447.43,447.43,2,2
1629809020,447.43,447.44,447.43,447.44,447.435,2,2
1629809025,447.44,447.44,447.44,447.44,447.44,0,0
1629809030,447.44,447.44,447.44,447.44,447.44,0,0
1629809035,447.44,447.44,447.44,447.44,447.44,0,0
1629809040,447.44,447.44,447.44,447.44,447.44,0,0
1629809045,447.4,447.4,447.4,447.4,447.4,14,6
1629809050,447.43,447.43,447.43,447.43,447.43,1,1
1629809055,447.41,447.41,447.41,447.41,447.41,2,1
1629809060,447.42,447.42,447.42,447.42,447.42,2,1
1629809065,447.42,447.42,447.42,447.42,447.42,0,0
1629809070,447.42,447.42,447.42,447.42,447.42,2,2
1629809075,447.42,447.42,447.42,447.42,447.42,0,0
1629809080,447.42,447.42,447.42,447.42,447.42,0,0
1629809085,447.42,447.42,447.42,447.42,447.42,1,1
1629809090,447.42,447.42,447.42,447.42,447.42,0,0
1629809095,447.42,447.42,447.42,447.42,447.42,5,2
1629809100,447.41,447.41,447.39,447.39,447.404,10,5
1629809105,447.39,447.39,447.39,447.39,447.39,0,0
1629809110,447.39,447.39,447.39,447.39,447.39,0,0
1629809115,447.39,447.39,447.39,447.39,447.39,0,0
1629809120,447.39,447.39,447.39,447.39,447.39,0,0
1629809125,447.43,447.43,447.43,447.43,447.43,1,1
1629809130,447.43,447.43,447.43,447.43,447.43,0,0
1629809135,447.43,447.43,447.43,447.43,447.43,0,0
1629809140,447.48,447.48,447.48,447.48,447.48,1,1
1629809145,447.48,447.48,447.48,447.48,447.48,0,0
1629809150,447.48,447.48,447.47,447.47,447.475,4,3
1629809155,447.48,447.48,447.48,447.48,447.48,1,1
1629809160,447.48,447.48,447.48,447.48,447.48,0,0
1629809165,447.48,447.48,447.48,447.48,447.48,2,2
1629809170,447.48,447.48,447.48,447.48,447.48,0,0
1629809175,447.48,447.48,447.48,447.48,447.48,0,0
1629809180,447.48,447.48,447.48,447.48,447.48,0,0
1629809185,447.48,447.48,447.48,447.48,447.48,0,0
1629809190,447.46,447.46,447.46,447.46,447.46,27,3
1629809195,447.49,447.49,447.48,447.49,447.487,12,6
1629809200,447.49,447.49,447.49,447.49,447.49,7,1
1629809205,447.49,447.49,447.45,447.45,447.457,220,42
1629809210,447.45,447.45,447.45,447.45,447.45,0,0
1629809215,447.45,447.45,447.45,447.45,447.45,29,7
1629809220,447.45,447.46,447.45,447.46,447.457,17,7
1629809225,447.46,447.46,447.46,447.46,447.46,0,0
1629809230,447.46,447.46,447.46,447.46,447.46,0,0
1629809235,447.46,447.46,447.46,447.46,447.46,2,1
1629809240,447.46,447.46,447.46,447.46,447.46,0,0
1629809245,447.46,447.46,447.46,447.46,447.46,0,0
1629809250,447.46,447.46,447.46,447.46,447.46,35,6
1629809255,447.46,447.46,447.46,447.46,447.46,0,0
1629809260,447.4,447.4,447.4,447.4,447.4,1,1
1629809265,447.4,447.4,447.4,447.4,447.4,12,4
1629809270,447.4,447.4,447.4,447.4,447.4,0,0
1629809275,447.4,447.4,447.4,447.4,447.4,0,0
1629809280,447.4,447.4,447.4,447.4,447.4,0,0
1629809285,447.4,447.4,447.4,447.4,447.4,0,0
1629809290,447.4,447.4,447.4,447.4,447.4,0,0
1629809295,447.42,447.42,447.42,447.42,447.42,113,21
1629809300,447.42,447.42,447.42,447.42,447.42,0,0
1629809305,447.42,447.42,447.42,447.42,447.42,0,0
1629809310,447.42,447.42,447.42,447.42,447.42,0,0
1629809315,447.42,447.42,447.42,447.42,447.42,11,3
1629809320,447.42,447.42,447.42,447.42,447.42,0,0
1629809325,447.42,447.42,447.42,447.42,447.42,0,0
1629809330,447.42,447.42,447.42,447.42,447.42,0,0
1629809335,447.4,447.4,447.4,447.4,447.4,7,3
1629809340,447.4,447.4,447.4,447.4,447.4,15,2
1629809345,447.4,447.42,447.4,447.4,447.404,134,25
1629809350,447.4,447.4,447.4,447.4,447.4,0,0
1629809355,447.4,447.4,447.4,447.4,447.4,0,0
1629809360,447.4,447.4,447.4,447.4,447.4,0,0
1629809365,447.4,447.4,447.4,447.4,447.4,0,0
1629809370,447.4,447.4,447.4,447.4,447.4,0,0
1629809375,447.4,447.4,447.4,447.4,447.4,0,0
1629809380,447.4,447.4,447.4,447.4,447.4,2,1
1629809385,447.4,447.4,447.4,447.4,447.4,0,0
1629809390,447.4,447.4,447.4,447.4,447.4,0,0
1629809395,447.4,447.4,447.4,447.4,447.4,32,4
1629809400,447.37,447.37,447.37,447.37,447.37,1,1
1629809405,447.37,447.37,447.37,447.37,447.37,0,0
1629809410,447.37,447.37,447.37,447.37,447.37,0,0
1629809415,447.4,447.4,447.4,447.4,447.4,2,2
1629809420,447.4,447.4,447.4,447.4,447.4,0,0
1629809425,447.4,447.4,447.4,447.4,447.4,0,0
1629809430,447.45,447.46,447.45,447.46,447.455,2,2
1629809435,447.48,447.48,447.48,447.48,447.48,1,1
1629809440,447.48,447.48,447.48,447.48,447.48,4,3
1629809445,447.48,447.48,447.48,447.48,447.48,2,1
1629809450,447.48,447.48,447.48,447.48,447.48,0,0
1629809455,447.48,447.48,447.48,447.48,447.48,0,0
1629809460,447.48,447.48,447.48,447.48,447.48,0,0
1629809465,447.48,447.48,447.48,447.48,447.48,0,0
1629809470,447.48,447.48,447.48,447.48,447.48,0,0
1629809475,447.48,447.48,447.48,447.48,447.48,0,0
1629809480,447.48,447.48,447.48,447.48,447.48,0,0
1629809485,447.48,447.48,447.48,447.48,447.48,0,0
1629809490,447.48,447.48,447.48,447.48,447.48,0,0
1629809495,447.48,447.48,447.48,447.48,447.48,0,0
1629809500,447.49,447.5,447.49,447.5,447.499,11,2
1629809505,447.49,447.49,447.49,447.49,447.49,1,1
1629809510,447.49,447.49,447.49,447.49,447.49,0,0
1629809515,447.49,447.49,447.49,447.49,447.49,0,0
1629809520,447.5,447.5,447.5,447.5,447.5,1,1
1629809525,447.5,447.5,447.5,447.5,447.5,0,0
1629809530,447.5,447.5,447.5,447.5,447.5,4,1
1629809535,447.5,447.5,447.5,447.5,447.5,0,0
1629809540,447.5,447.5,447.5,447.5,447.5,4,1
1629809545,447.5,447.5,447.5,447.5,447.5,8,3
1629809550,447.5,447.5,447.5,447.5,447.5,0,0
1629809555,447.5,447.5,447.5,447.5,447.5,0,0
1629809560,447.5,447.5,447.5,447.5,447.5,0,0
1629809565,447.51,447.51,447.51,447.51,447.51,7,3
1629809570,447.51,447.51,447.51,447.51,447.51,1,1
1629809575,447.51,447.51,447.51,447.51,447.51,0,0
1629809580,447.52,447.52,447.52,447.52,447.52,12,4
1629809585,447.52,447.52,447.52,447.52,447.52,0,0
1629809590,447.52,447.52,447.52,447.52,447.52,0,0
1629809595,447.45,447.45,447.45,447.45,447.45,5,1
1629809600,447.45,447.45,447.45,447.45,447.45,0,0
1629809605,447.45,447.45,447.45,447.45,447.45,0,0
1629809610,447.45,447.45,447.45,447.45,447.45,0,0
1629809615,447.45,447.45,447.45,447.45,447.45,0,0
1629809620,447.45,447.45,447.45,447.45,447.45,0,0
1629809625,447.45,447.45,447.45,447.45,447.45,0,0
1629809630,447.45,447.45,447.45,447.45,447.45,2,2
1629809635,447.43,447.43,447.43,447.43,447.43,1,1
1629809640,447.43,447.43,447.43,447.43,447.43,4,2
1629809645,447.44,447.44,447.44,447.44,447.44,2,2
1629809650,447.44,447.44,447.44,447.44,447.44,0,0
1629809655,447.44,447.44,447.44,447.44,447.44,0,0
1629809660,447.44,447.44,447.44,447.44,447.44,0,0
1629809665,447.45,447.45,447.45,447.45,447.45,2,2
1629809670,447.45,447.45,447.45,447.45,447.45,2,2
1629809675,447.45,447.45,447.45,447.45,447.45,0,0
1629809680,447.46,447.46,447.46,447.46,447.46,1,1
1629809685,447.46,447.46,447.46,447.46,447.46,0,0
1629809690,447.46,447.46,447.46,447.46,447.46,0,0
1629809695,447.46,447.46,447.46,447.46,447.46,0,0
1629809700,447.46,447.46,447.46,447.46,447.46,0,0
1629809705,447.46,447.46,447.46,447.46,447.46,0,0
1629809710,447.46,447.46,447.46,447.46,447.46,0,0
1629809715,447.43,447.43,447.43,447.43,447.43,3,2
1629809720,447.46,447.46,447.46,447.46,447.46,1,1
1629809725,447.46,447.46,447.46,447.46,447.46,0,0
1629809730,447.46,447.46,447.46,447.46,447.46,0,0
1629809735,447.5,447.53,447.5,447.53,447.523,4,2
1629809740,447.53,447.53,447.53,447.53,447.53,6,3
1629809745,447.53,447.55,447.53,447.55,447.531,48,15
1629809750,447.55,447.55,447.53,447.53,447.547,6,2
1629809755,447.53,447.53,447.53,447.53,447.53,0,0
1629809760,447.55,447.55,447.55,447.55,447.55,19,4
1629809765,447.55,447.55,447.55,447.55,447.55,115,18
1629809770,447.54,447.54,447.54,447.54,447.54,2,1
1629809775,447.54,447.54,447.54,447.54,447.54,0,0
1629809780,447.54,447.54,447.54,447.54,447.54,0,0
1629809785,447.55,447.55,447.55,447.55,447.55,82,11
1629809790,447.55,447.55,447.55,447.55,447.55,129,19
1629809795,447.54,447.54,447.54,447.54,447.54,2,1
1629809800,447.54,447.54,447.54,447.54,447.54,1,1
1629809805,447.53,447.53,447.53,447.53,447.53,2,2
1629809810,447.55,447.55,447.55,447.55,447.55,4,1
1629809815,447.55,447.55,447.55,447.55,447.55,0,0
1629809820,447.55,447.55,447.55,447.55,447.55,0,0
1629809825,447.54,447.54,447.54,447.54,447.54,1,1
1629809830,447.55,447.55,447.54,447.54,447.548,7,2
1629809835,447.54,447.54,447.54,447.54,447.54,0,0
1629809840,447.55,447.55,447.55,447.55,447.55,1,1
1629809845,447.55,447.55,447.55,447.55,447.55,0,0
1629809850,447.55,447.55,447.55,447.55,447.55,47,3
1629809855,447.54,447.54,447.54,447.54,447.54,2,1
1629809860,447.54,447.54,447.54,447.54,447.54,0,0
1629809865,447.55,447.55,447.55,447.55,447.55,9,2
1629809870,447.55,447.55,447.55,447.55,447.55,0,0
1629809875,447.55,447.55,447.55,447.55,447.55,12,4
1629809880,447.55,447.55,447.55,447.55,447.55,0,0
1629809885,447.55,447.55,447.55,447.55,447.55,0,0
1629809890,447.55,447.55,447.55,447.55,447.55,25,8
1629809895,447.55,447.58,447.55,447.58,447.553,47,9
1629809900,447.58,447.58,447.58,447.58,447.58,0,0
1629809905,447.58,447.58,447.58,447.58,447.58,0,0
1629809910,447.58,447.58,447.58,447.58,447.58,0,0
1629809915,447.58,447.58,447.58,447.58,447.58,0,0
1629809920,447.58,447.58,447.58,447.58,447.58,0,0
1629809925,447.57,447.57,447.56,447.56,447.565,11,4
1629809930,447.56,447.56,447.56,447.56,447.56,0,0
1629809935,447.54,447.54,447.54,447.54,447.54,5,1
1629809940,447.54,447.54,447.54,447.54,447.54,0,0
1629809945,447.57,447.57,447.57,447.57,447.57,1,1
1629809950,447.58,447.58,447.58,447.58,447.58,1,1
1629809955,447.58,447.58,447.58,447.58,447.58,0,0
1629809960,447.58,447.58,447.58,447.58,447.58,46,7
1629809965,447.58,447.58,447.58,447.58,447.58,0,0
1629809970,447.58,447.58,447.58,447.58,447.58,1,1
1629809975,447.58,447.58,447.58,447.58,447.58,0,0
1629809980,447.58,447.58,447.58,447.58,447.58,0,0
1629809985,447.58,447.58,447.58,447.58,447.58,2,2
1629809990,447.58,447.58,447.58,447.58,447.58,0,0
1629809995,447.58,447.58,447.56,447.56,447.564,23,9
1629810000,447.56,447.56,447.56,447.56,447.56,0,0
1629810005,447.56,447.56,447.56,447.56,447.56,0,0
1629810010,447.63,447.63,447.63,447.63,447.63,12,3
1629810015,447.63,447.63,447.63,447.63,447.63,0,0
1629810020,447.63,447.63,447.63,447.63,447.63,37,5
1629810025,447.63,447.63,447.63,447.63,447.63,0,0
1629810030,447.63,447.63,447.63,447.63,447.63,0,0
1629810035,447.63,447.63,447.63,447.63,447.63,0,0
1629810040,447.63,447.63,447.63,447.63,447.63,0,0
1629810045,447.63,447.63,447.63,447.63,447.63,0,0
1629810050,447.63,447.63,447.63,447.63,447.63,0,0
1629810055,447.63,447.63,447.63,447.63,447.63,0,0
1629810060,447.66,447.66,447.66,447.66,447.66,5,3
1629810065,447.66,447.66,447.66,447.66,447.66,0,0
1629810070,447.66,447.66,447.61,447.62,447.62,41,16
1629810075,447.62,447.62,447.62,447.62,447.62,0,0
1629810080,447.62,447.62,447.62,447.62,447.62,0,0
1629810085,447.63,447.63,447.63,447.63,447.63,5,3
1629810090,447.6,447.6,447.6,447.6,447.6,6,5
1629810095,447.59,447.59,447.59,447.59,447.59,2,1
1629810100,447.59,447.59,447.59,447.59,447.59,0,0
1629810105,447.59,447.59,447.59,447.59,447.59,0,0
1629810110,447.59,447.59,447.59,447.59,447.59,0,0
1629810115,447.59,447.59,447.59,447.59,447.59,0,0
1629810120,447.6,447.6,447.6,447.6,447.6,10,4
1629810125,447.6,447.6,447.6,447.6,447.6,0,0
1629810130,447.6,447.6,447.6,447.6,447.6,1,1
1629810135,447.6,447.6,447.6,447.6,447.6,0,0
1629810140,447.6,447.6,447.6,447.6,447.6,0,0
1629810145,447.6,447.6,447.6,447.6,447.6,0,0
1629810150,447.6,447.6,447.6,447.6,447.6,0,0
1629810155,447.58,447.58,447.58,447.58,447.58,7,3
1629810160,447.58,447.58,447.58,447.58,447.58,0,0
1629810165,447.57,447.57,447.57,447.57,447.57,28,12
1629810170,447.59,447.59,447.59,447.59,447.59,1,1
1629810175,447.62,447.62,447.62,447.62,447.62,1,1
1629810180,447.65,447.66,447.64,447.66,447.655,10,5
1629810185,447.66,447.66,447.66,447.66,447.66,0,0
1629810190,447.66,447.66,447.66,447.66,447.66,0,0
1629810195,447.66,447.66,447.66,447.66,447.66,0,0
1629810200,447.66,447.66,447.65,447.65,447.653,3,2
1629810205,447.65,447.65,447.65,447.65,447.65,0,0
1629810210,447.65,447.65,447.65,447.65,447.65,0,0
1629810215,447.65,447.65,447.65,447.65,447.65,0,0
1629810220,447.65,447.65,447.65,447.65,447.65,0,0
1629810225,447.65,447.65,447.65,447.65,447.65,0,0
1629810230,447.65,447.65,447.65,447.65,447.65,0,0
1629810235,447.68,447.69,447.67,447.69,447.68,5,4
1629810240,447.71,447.74,447.71,447.74,447.73,4,4
1629810245,447.74,447.74,447.74,447.74,447.74,0,0
1629810250,447.78,447.78,447.78,447.78,447.78,3,1
1629810255,447.78,447.78,447.78,447.78,447.78,0,0
1629810260,447.78,447.78,447.78,447.78,447.78,0,0
1629810265,447.76,447.76,447.75,447.75,447.755,2,2
1629810270,447.75,447.75,447.75,447.75,447.75,0,0
1629810275,447.75,447.75,447.75,447.75,447.75,0,0
1629810280,447.75,447.75,447.75,447.75,447.75,1,1
1629810285,447.75,447.75,447.75,447.75,447.75,0,0
1629810290,447.75,447.75,447.75,447.75,447.75,1,1
1629810295,447.75,447.75,447.75,447.75,447.75,0,0
1629810300,447.76,447.76,447.76,447.76,447.76,7,2
1629810305,447.76,447.76,447.76,447.76,447.76,6,3
1629810310,447.76,447.76,447.76,447.76,447.76,0,0
1629810315,447.78,447.79,447.78,447.79,447.782,6,3
1629810320,447.83,447.83,447.83,447.83,447.83,1,1
1629810325,447.83,447.83,447.83,447.83,447.83,0,0
1629810330,447.83,447.83,447.82,447.82,447.825,2,2
1629810335,447.8,447.8,447.8,447.8,447.8,1,1
1629810340,447.8,447.8,447.8,447.8,447.8,0,0
1629810345,447.8,447.8,447.8,447.8,447.8,0,0
1629810350,447.8,447.8,447.8,447.8,447.8,0,0
1629810355,447.88,447.91,447.88,447.9,447.909,78,18
1629810360,447.85,447.85,447.85,447.85,447.85,2,1
1629810365,447.85,447.85,447.85,447.85,447.85,8,2
1629810370,447.85,447.85,447.85,447.85,447.85,2,2
1629810375,447.85,447.85,447.85,447.85,447.85,0,0
1629810380,447.85,447.85,447.85,447.85,447.85,0,0
1629810385,447.85,447.85,447.85,447.85,447.85,0,0
1629810390,447.85,447.85,447.83,447.83,447.839,20,6
1629810395,447.82,447.82,447.81,447.81,447.818,5,3
1629810400,447.81,447.81,447.81,447.81,447.81,0,0
1629810405,447.81,447.81,447.81,447.81,447.81,1,1
1629810410,447.83,447.83,447.81,447.81,447.829,31,9
1629810415,447.81,447.81,447.81,447.81,447.81,0,0
1629810420,447.81,447.81,447.81,447.81,447.81,0,0
1629810425,447.81,447.81,447.81,447.81,447.81,1,1
1629810430,447.81,447.81,447.81,447.81,447.81,0,0
1629810435,447.81,447.81,447.81,447.81,447.81,0,0
1629810440,447.81,447.81,447.81,447.81,447.81,17,5
1629810445,447.81,447.81,447.81,447.81,447.81,0,0
1629810450,447.81,447.81,447.81,447.81,447.81,0,0
1629810455,447.8,447.8,447.8,447.8,447.8,6,2
1629810460,447.8,447.8,447.8,447.8,447.8,0,0
1629810465,447.81,447.81,447.81,447.81,447.81,1,1
1629810470,447.81,447.81,447.81,447.81,447.81,0,0
1629810475,447.81,447.81,447.81,447.81,447.81,0,0
1629810480,447.85,447.85,447.85,447.85,447.85,1,1
1629810485,447.85,447.85,447.85,447.85,447.85,0,0
1629810490,447.85,447.85,447.85,447.85,447.85,0,0
1629810495,447.85,447.85,447.85,447.85,447.85,0,0
1629810500,447.85,447.85,447.85,447.85,447.85,2,1
1629810505,447.83,447.83,447.83,447.83,447.83,1,1
1629810510,447.83,447.83,447.83,447.83,447.83,0,0
1629810515,447.83,447.83,447.83,447.83,447.83,0,0
1629810520,447.83,447.83,447.83,447.83,447.83,0,0
1629810525,447.83,447.83,447.83,447.83,447.83,0,0
1629810530,447.83,447.83,447.83,447.83,447.83,0,0
1629810535,447.85,447.85,447.85,447.85,447.85,1,1
1629810540,447.85,447.85,447.85,447.85,447.85,0,0
1629810545,447.83,447.84,447.83,447.83,447.83,43,10
1629810550,447.83,447.83,447.83,447.83,447.83,0,0
1629810555,447.83,447.83,447.83,447.83,447.83,0,0
1629810560,447.83,447.83,447.83,447.83,447.83,0,0
1629810565,447.84,447.85,447.84,447.85,447.843,3,2
1629810570,447.84,447.84,447.83,447.83,447.83,26,3
1629810575,447.83,447.83,447.83,447.83,447.83,0,0
1629810580,447.83,447.83,447.83,447.83,447.83,0,0
1629810585,447.83,447.83,447.83,447.83,447.83,0,0
1629810590,447.83,447.83,447.83,447.83,447.83,0,0
1629810595,447.83,447.83,447.83,447.83,447.83,0,0
1629810600,447.82,447.82,447.81,447.81,447.81,92,26
1629810605,447.83,447.84,447.83,447.83,447.83,3,3
1629810610,447.83,447.83,447.83,447.83,447.83,0,0
1629810615,447.83,447.83,447.83,447.83,447.83,0,0
1629810620,447.81,447.81,447.81,447.81,447.81,1,1
1629810625,447.81,447.81,447.81,447.81,447.81,0,0
1629810630,447.81,447.81,447.81,447.81,447.81,0,0
1629810635,447.84,447.84,447.84,447.84,447.84,1,1
1629810640,447.84,447.84,447.84,447.84,447.84,0,0
1629810645,447.84,447.84,447.84,447.84,447.84,0,0
1629810650,447.84,447.84,447.84,447.84,447.84,0,0
1629810655,447.84,447.84,447.84,447.84,447.84,0,0
1629810660,447.84,447.84,447.84,447.84,447.84,0,0
1629810665,447.85,447.85,447.85,447.85,447.85,1,1
1629810670,447.85,447.85,447.85,447.85,447.85,0,0
1629810675,447.85,447.85,447.85,447.85,447.85,0,0
1629810680,447.87,447.87,447.87,447.87,447.87,1,1
1629810685,447.87,447.87,447.87,447.87,447.87,0,0
1629810690,447.87,447.87,447.87,447.87,447.87,0,0
1629810695,447.87,447.87,447.87,447.87,447.87,0,0
1629810700,447.86,447.86,447.86,447.86,447.86,1,1
1629810705,447.86,447.86,447.86,447.86,447.86,0,0
1629810710,447.86,447.86,447.86,447.86,447.86,1,1
1629810715,447.86,447.86,447.86,447.86,447.86,0,0
1629810720,447.85,447.85,447.85,447.85,447.85,3,3
1629810725,447.85,447.85,447.85,447.85,447.85,0,0
1629810730,447.85,447.85,447.85,447.85,447.85,0,0
1629810735,447.82,447.82,447.8,447.8,447.802,10,2
1629810740,447.78,447.78,447.78,447.78,447.78,3,3
1629810745,447.78,447.78,447.78,447.78,447.78,0,0
1629810750,447.8,447.8,447.8,447.8,447.8,7,2
1629810755,447.79,447.79,447.78,447.78,447.787,3,3
1629810760,447.78,447.78,447.78,447.78,447.78,3,2
1629810765,447.78,447.78,447.78,447.78,447.78,0,0
1629810770,447.78,447.78,447.78,447.78,447.78,0,0
1629810775,447.78,447.78,447.78,447.78,447.78,0,0
1629810780,447.76,447.76,447.76,447.76,447.76,1,1
1629810785,447.76,447.76,447.76,447.76,447.76,0,0
1629810790,447.76,447.76,447.76,447.76,447.76,1,1
1629810795,447.78,447.78,447.78,447.78,447.78,14,4
1629810800,447.8,447.8,447.8,447.8,447.8,1,1
1629810805,447.8,447.8,447.8,447.8,447.8,0,0
1629810810,447.8,447.8,447.8,447.8,447.8,0,0
1629810815,447.8,447.8,447.8,447.8,447.8,0,0
1629810820,447.8,447.8,447.8,447.8,447.8,0,0
1629810825,447.83,447.83,447.83,447.83,447.83,19,5
1629810830,447.83,447.83,447.83,447.83,447.83,0,0
1629810835,447.83,447.83,447.83,447.83,447.83,0,0
1629810840,447.83,447.83,447.83,447.83,447.83,0,0
1629810845,447.83,447.83,447.83,447.83,447.83,0,0
1629810850,447.83,447.83,447.83,447.83,447.83,3,2
1629810855,447.83,447.83,447.83,447.83,447.83,0,0
1629810860,447.83,447.83,447.83,447.83,447.83,0,0
1629810865,447.81,447.81,447.8,447.81,447.807,3,3
1629810870,447.81,447.81,447.81,447.81,447.81,0,0
1629810875,447.81,447.81,447.81,447.81,447.81,7,1
1629810880,447.8,447.81,447.8,447.81,447.805,2,2
1629810885,447.81,447.81,447.81,447.81,447.81,0,0
1629810890,447.82,447.82,447.82,447.82,447.82,2,1
1629810895,447.82,447.82,447.82,447.82,447.82,0,0
1629810900,447.82,447.82,447.82,447.82,447.82,0,0
1629810905,447.82,447.82,447.82,447.82,447.82,0,0
1629810910,447.83,447.83,447.83,447.83,447.83,4,3
1629810915,447.84,447.84,447.84,447.84,447.84,1,1
1629810920,447.83,447.84,447.83,447.84,447.839,16,6
1629810925,447.84,447.84,447.84,447.84,447.84,0,0
1629810930,447.84,447.84,447.84,447.84,447.84,0,0
1629810935,447.84,447.84,447.84,447.84,447.84,0,0
1629810940,447.84,447.84,447.84,447.84,447.84,0,0
1629810945,447.84,447.84,447.84,447.84,447.84,0,0
1629810950,447.84,447.84,447.84,447.84,447.84,0,0
1629810955,447.84,447.84,447.84,447.84,447.84,0,0
1629810960,447.84,447.84,447.84,447.84,447.84,0,0
1629810965,447.86,447.86,447.81,447.81,447.843,14,6
1629810970,447.81,447.81,447.81,447.81,447.81,0,0
1629810975,447.81,447.81,447.81,447.81,447.81,2,2
1629810980,447.81,447.81,447.81,447.81,447.81,0,0
1629810985,447.79,447.79,447.79,447.79,447.79,1,1
1629810990,447.79,447.79,447.79,447.79,447.79,7,2
1629810995,447.79,447.79,447.79,447.79,447.79,1,1
1629811000,447.79,447.79,447.79,447.79,447.79,0,0
1629811005,447.78,447.78,447.78,447.78,447.78,3,3
1629811010,447.78,447.78,447.78,447.78,447.78,2,2
1629811015,447.78,447.78,447.78,447.78,447.78,0,0
1629811020,447.78,447.78,447.78,447.78,447.78,0,0
1629811025,447.78,447.8,447.78,447.8,447.799,33,6
1629811030,447.8,447.8,447.8,447.8,447.8,18,3
1629811035,447.8,447.8,447.8,447.8,447.8,0,0
1629811040,447.81,447.81,447.81,447.81,447.81,2,2
1629811045,447.81,447.81,447.81,447.81,447.81,0,0
1629811050,447.81,447.81,447.81,447.81,447.81,0,0
1629811055,447.81,447.81,447.81,447.81,447.81,0,0
1629811060,447.81,447.81,447.81,447.81,447.81,0,0
1629811065,447.81,447.81,447.81,447.81,447.81,0,0
1629811070,447.83,447.83,447.83,447.83,447.83,5,3
1629811075,447.83,447.83,447.83,447.83,447.83,0,0
1629811080,447.87,447.87,447.87,447.87,447.87,1,1
1629811085,447.86,447.86,447.86,447.86,447.86,11,3
1629811090,447.86,447.86,447.86,447.86,447.86,0,0
1629811095,447.83,447.83,447.83,447.83,447.83,2,2
1629811100,447.83,447.83,447.83,447.83,447.83,1,1
1629811105,447.83,447.83,447.83,447.83,447.83,0,0
1629811110,447.83,447.83,447.83,447.83,447.83,0,0
1629811115,447.83,447.83,447.83,447.83,447.83,0,0
1629811120,447.83,447.83,447.83,447.83,447.83,0,0
1629811125,447.83,447.83,447.83,447.83,447.83,0,0
1629811130,447.83,447.83,447.83,447.83,447.83,0,0
1629811135,447.86,447.86,447.86,447.86,447.86,2,1
1629811140,447.86,447.86,447.86,447.86,447.86,0,0
1629811145,447.86,447.86,447.86,447.86,447.86,0,0
1629811150,447.86,447.86,447.86,447.86,447.86,0,0
1629811155,447.86,447.86,447.86,447.86,447.86,28,1
1629811160,447.86,447.86,447.86,447.86,447.86,0,0
1629811165,447.87,447.87,447.87,447.87,447.87,1,1
1629811170,447.87,447.87,447.87,447.87,447.87,0,0
1629811175,447.87,447.87,447.87,447.87,447.87,0,0
1629811180,447.87,447.87,447.87,447.87,447.87,0,0
1629811185,447.87,447.87,447.87,447.87,447.87,0,0
1629811190,447.87,447.87,447.87,447.87,447.87,0,0
1629811195,447.88,447.88,447.88,447.88,447.88,4,4
1629811200,447.86,447.86,447.85,447.85,447.851,17,5
1629811205,447.85,447.85,447.85,447.85,447.85,0,0
1629811210,447.85,447.86,447.85,447.85,447.855,4,4
1629811215,447.86,447.86,447.86,447.86,447.86,1,1
1629811220,447.87,447.87,447.87,447.87,447.87,1,1
1629811225,447.87,447.87,447.87,447.87,447.87,0,0
1629811230,447.87,447.87,447.87,447.87,447.87,0,0
1629811235,447.87,447.87,447.87,447.87,447.87,0,0
1629811240,447.87,447.87,447.87,447.87,447.87,0,0
1629811245,447.86,447.86,447.86,447.86,447.86,1,1
1629811250,447.86,447.86,447.86,447.86,447.86,0,0
1629811255,447.86,447.86,447.86,447.86,447.86,0,0
1629811260,447.86,447.86,447.86,447.86,447.86,0,0
1629811265,447.9,447.9,447.9,447.9,447.9,5,4
1629811270,447.91,447.91,447.91,447.91,447.91,5,1
1629811275,447.9,447.9,447.9,447.9,447.9,1,1
1629811280,447.87,447.87,447.86,447.86,447.868,5,4
1629811285,447.86,447.86,447.86,447.86,447.86,5,2
1629811290,447.85,447.85,447.85,447.85,447.85,4,2
1629811295,447.85,447.85,447.85,447.85,447.85,0,0
1629811300,447.86,447.86,447.86,447.86,447.86,1,1
1629811305,447.86,447.88,447.86,447.88,447.864,5,5
1629811310,447.88,447.88,447.88,447.88,447.88,0,0
1629811315,447.88,447.88,447.88,447.88,447.88,0,0
1629811320,447.88,447.88,447.88,447.88,447.88,0,0
1629811325,447.85,447.85,447.84,447.84,447.848,19,10
1629811330,447.86,447.86,447.84,447.84,447.844,99,37
1629811335,447.84,447.84,447.84,447.84,447.84,2,1
1629811340,447.85,447.85,447.85,447.85,447.85,2,2
1629811345,447.86,447.86,447.86,447.86,447.86,11,2
1629811350,447.86,447.86,447.86,447.86,447.86,5,1
1629811355,447.86,447.86,447.86,447.86,447.86,2,2
1629811360,447.86,447.86,447.86,447.86,447.86,0,0
1629811365,447.86,447.86,447.86,447.86,447.86,0,0
1629811370,447.86,447.86,447.86,447.86,447.86,0,0
1629811375,447.85,447.85,447.85,447.85,447.85,1,1
1629811380,447.85,447.85,447.85,447.85,447.85,0,0
1629811385,447.85,447.85,447.85,447.85,447.85,2,1
1629811390,447.85,447.85,447.85,447.85,447.85,0,0
1629811395,447.85,447.85,447.85,447.85,447.85,0,0
1629811400,447.85,447.85,447.85,447.85,447.85,0,0
1629811405,447.85,447.85,447.85,447.85,447.85,0,0
1629811410,447.86,447.86,447.86,447.86,447.86,1,1
1629811415,447.86,447.86,447.86,447.86,447.86,0,0
1629811420,447.84,447.85,447.84,447.84,447.844,5,4
1629811425,447.84,447.84,447.84,447.84,447.84,0,0
1629811430,447.84,447.84,447.84,447.84,447.84,0,0
1629811435,447.86,447.86,447.86,447.86,447.86,1,1
1629811440,447.86,447.88,447.86,447.88,447.863,17,3
1629811445,447.88,447.88,447.88,447.88,447.88,0,0
1629811450,447.88,447.88,447.88,447.88,447.88,0,0
1629811455,447.88,447.88,447.88,447.88,447.88,0,0
1629811460,447.88,447.88,447.88,447.88,447.88,0,0
1629811465,447.88,447.88,447.88,447.88,447.88,0,0
1629811470,447.88,447.88,447.87,447.87,447.877,10,6
1629811475,447.87,447.87,447.87,447.87,447.87,0,0
1629811480,447.87,447.87,447.87,447.87,447.87,1,1
1629811485,447.87,447.87,447.87,447.87,447.87,13,7
1629811490,447.86,447.86,447.85,447.85,447.858,9,4
1629811495,447.85,447.85,447.83,447.83,447.845,9,6
1629811500,447.86,447.87,447.86,447.87,447.867,3,2
1629811505,447.85,447.85,447.85,447.85,447.85,4,3
1629811510,447.86,447.86,447.86,447.86,447.86,3,2
1629811515,447.88,447.88,447.88,447.88,447.88,1,1
1629811520,447.87,447.9,447.87,447.9,447.886,7,5
1629811525,447.9,447.9,447.9,447.9,447.9,1,1
1629811530,447.9,447.9,447.9,447.9,447.9,11,8
1629811535,447.95,447.96,447.95,447.96,447.955,2,2
1629811540,447.96,447.98,447.96,447.98,447.961,36,13
1629811545,447.97,447.97,447.97,447.97,447.97,4,1
1629811550,447.98,447.99,447.98,447.99,447.981,18,5
1629811555,447.99,447.99,447.98,447.98,447.989,11,3
1629811560,447.98,447.98,447.98,447.98,447.98,1,1
1629811565,447.98,447.98,447.98,447.98,447.98,0,0
1629811570,447.95,447.95,447.94,447.94,447.944,13,5
1629811575,447.94,447.94,447.94,447.94,447.94,0,0
1629811580,447.93,447.93,447.93,447.93,447.93,4,3
1629811585,447.93,447.94,447.93,447.94,447.932,4,4
1629811590,447.94,447.94,447.94,447.94,447.94,10,3
1629811595,447.93,447.93,447.93,447.93,447.93,1,1
1629811600,447.95,447.96,447.95,447.96,447.953,7,4
1629811605,447.98,447.98,447.98,447.98,447.98,1,1
1629811610,447.98,447.99,447.98,447.99,447.984,5,3
1629811615,447.99,447.99,447.99,447.99,447.99,0,0
1629811620,447.97,447.97,447.96,447.96,447.965,12,2
1629811625,447.96,447.96,447.96,447.96,447.96,1,1
1629811630,447.96,447.96,447.95,447.95,447.96,73,17
1629811635,447.95,447.95,447.95,447.95,447.95,0,0
1629811640,447.96,447.96,447.96,447.96,447.96,1,1
1629811645,447.97,447.97,447.97,447.97,447.97,1,1
1629811650,447.97,447.98,447.97,447.98,447.973,7,5
1629811655,447.97,447.97,447.97,447.97,447.97,1,1
1629811660,447.97,447.97,447.96,447.96,447.965,2,2
1629811665,447.97,447.97,447.97,447.97,447.97,1,1
1629811670,447.97,447.97,447.97,447.97,447.97,1,1
1629811675,447.96,447.96,447.96,447.96,447.96,12,7
1629811680,447.96,447.96,447.94,447.94,447.946,22,7
1629811685,447.94,447.94,447.94,447.94,447.94,0,0
1629811690,447.96,447.96,447.96,447.96,447.96,1,1
1629811695,447.98,447.98,447.98,447.98,447.98,2,1
1629811700,447.98,447.98,447.98,447.98,447.98,11,5
1629811705,447.99,447.99,447.98,447.98,447.981,19,8
1629811710,448.0,448.01,448.0,448.01,448.004,21,7
1629811715,448.01,448.01,448.01,448.01,448.01,5,3
1629811720,448.01,448.01,448.0,448.0,448.009,9,4
1629811725,448.02,448.02,448.02,448.02,448.02,9,2
1629811730,448.02,448.03,448.02,448.03,448.022,78,16
1629811735,448.03,448.04,448.02,448.04,448.03,18,9
1629811740,448.04,448.06,448.03,448.06,448.041,171,39
1629811745,448.06,448.07,448.03,448.05,448.05,156,44
1629811750,448.06,448.06,448.01,448.01,448.049,478,123
1629811755,448.01,448.01,447.94,447.94,447.981,36,33
1629811760,447.96,447.97,447.96,447.96,447.963,22,9
1629811765,447.96,447.96,447.96,447.96,447.96,17,5
1629811770,447.94,447.94,447.94,447.94,447.94,1,1
1629811775,447.96,447.96,447.96,447.96,447.96,5,2
1629811780,447.94,447.94,447.91,447.91,447.925,5,4
1629811785,447.91,447.91,447.91,447.91,447.91,0,0
1629811790,447.91,447.91,447.91,447.91,447.91,0,0
1629811795,447.96,447.96,447.96,447.96,447.96,3,3
1629811800,447.97,448.02,447.91,447.99,447.931,2381,334
1629811805,447.98,448.02,447.84,447.85,447.963,193,137
1629811810,447.87,447.9,447.77,447.85,447.839,305,164
1629811815,447.84,447.87,447.82,447.83,447.844,418,216
1629811820,447.84,447.84,447.66,447.67,447.774,210,116
1629811825,447.68,447.7,447.67,447.7,447.68,120,90
1629811830,447.7,447.85,447.69,447.82,447.829,665,236
1629811835,447.82,447.85,447.77,447.83,447.815,188,135
1629811840,447.85,447.95,447.85,447.91,447.888,140,72
1629811845,447.92,447.98,447.91,447.95,447.938,212,136
1629811850,447.97,448.0,447.8,447.81,447.891,171,102
1629811855,447.81,447.86,447.81,447.82,447.841,45,27
1629811860,447.84,447.89,447.78,447.84,447.828,294,157
1629811865,447.83,447.88,447.81,447.88,447.855,112,66
1629811870,447.88,447.93,447.86,447.91,447.902,151,96
1629811875,447.92,447.93,447.89,447.9,447.908,81,47
1629811880,447.9,447.9,447.85,447.88,447.868,228,118
1629811885,447.89,447.91,447.87,447.87,447.891,68,42
1629811890,447.85,447.89,447.84,447.89,447.864,111,71
1629811895,447.89,447.89,447.86,447.88,447.876,62,45
1629811900,447.89,447.9,447.86,447.88,447.883,117,65
1629811905,447.87,447.91,447.85,447.88,447.878,141,43
1629811910,447.87,447.88,447.81,447.82,447.845,98,56
1629811915,447.82,447.83,447.7,447.78,447.754,159,85
1629811920,447.78,447.78,447.69,447.74,447.717,137,111
1629811925,447.74,447.74,447.67,447.7,447.712,196,164
1629811930,447.7,447.74,447.7,447.71,447.72,142,106
1629811935,447.72,447.74,447.68,447.72,447.709,147,96
1629811940,447.72,447.74,447.68,447.69,447.706,76,57
1629811945,447.71,447.73,447.68,447.69,447.704,107,63
1629811950,447.71,447.75,447.69,447.74,447.738,116,87
1629811955,447.75,447.75,447.69,447.71,447.73,102,77
1629811960,447.73,447.82,447.73,447.81,447.785,131,106
1629811965,447.8,447.81,447.78,447.79,447.795,57,42
1629811970,447.78,447.83,447.78,447.83,447.798,64,42
1629811975,447.83,447.83,447.78,447.81,447.8,59,31
1629811980,447.82,447.82,447.75,447.76,447.783,126,102
1629811985,447.76,447.84,447.76,447.84,447.794,138,108
1629811990,447.83,447.86,447.79,447.8,447.818,216,130
1629811995,447.8,447.8,447.75,447.75,447.778,80,59
1629812000,447.75,447.76,447.64,447.72,447.694,332,151
1629812005,447.72,447.75,447.7,447.75,447.724,71,54
1629812010,447.75,447.75,447.64,447.65,447.683,185,111
1629812015,447.67,447.7,447.66,447.67,447.678,203,85
1629812020,447.69,447.73,447.67,447.72,447.691,274,131
1629812025,447.71,447.77,447.69,447.77,447.72,113,73
1629812030,447.75,447.76,447.69,447.69,447.737,104,42
1629812035,447.69,447.7,447.65,447.68,447.671,62,31
1629812040,447.68,447.7,447.63,447.65,447.676,181,107
1629812045,447.65,447.66,447.6,447.64,447.63,79,61
1629812050,447.64,447.66,447.6,447.61,447.634,175,117
1629812055,447.62,447.63,447.59,447.63,447.61,214,80
1629812060,447.63,447.65,447.61,447.63,447.638,36,25
1629812065,447.64,447.65,447.63,447.64,447.637,112,56
1629812070,447.65,447.67,447.61,447.66,447.64,211,127
1629812075,447.68,447.69,447.65,447.66,447.676,92,59
1629812080,447.66,447.67,447.61,447.61,447.636,96,61
1629812085,447.61,447.64,447.53,447.53,447.579,154,74
1629812090,447.53,447.58,447.53,447.57,447.548,70,44
1629812095,447.59,447.59,447.52,447.52,447.554,84,58
1629812100,447.51,447.53,447.45,447.48,447.498,315,130
1629812105,447.49,447.56,447.49,447.52,447.532,226,128
1629812110,447.51,447.53,447.47,447.49,447.497,130,83
1629812115,447.51,447.51,447.45,447.51,447.477,249,152
1629812120,447.5,447.52,447.48,447.48,447.496,80,59
1629812125,447.49,447.53,447.48,447.53,447.507,121,65
1629812130,447.54,447.57,447.52,447.53,447.543,178,82
1629812135,447.53,447.53,447.47,447.5,447.493,499,105
1629812140,447.5,447.5,447.45,447.46,447.484,97,43
1629812145,447.46,447.47,447.42,447.47,447.447,185,110
1629812150,447.47,447.48,447.43,447.46,447.444,170,78
1629812155,447.44,447.48,447.44,447.47,447.469,61,31
1629812160,447.47,447.5,447.45,447.48,447.48,224,123
1629812165,447.49,447.53,447.46,447.53,447.496,153,109
1629812170,447.53,447.57,447.53,447.56,447.554,156,81
1629812175,447.57,447.64,447.56,447.64,447.588,140,86
1629812180,447.63,447.63,447.57,447.59,447.599,142,89
1629812185,447.58,447.66,447.58,447.66,447.633,162,69
1629812190,447.67,447.74,447.67,447.7,447.704,189,115
1629812195,447.72,447.75,447.71,447.73,447.73,89,50
1629812200,447.73,447.75,447.7,447.71,447.732,122,67
1629812205,447.72,447.72,447.68,447.7,447.698,124,63
1629812210,447.73,447.74,447.65,447.65,447.715,210,90
1629812215,447.64,447.68,447.63,447.67,447.645,121,81
1629812220,447.67,447.77,447.67,447.76,447.739,240,155
1629812225,447.75,447.79,447.75,447.76,447.768,196,84
1629812230,447.77,447.8,447.73,447.74,447.764,130,93
1629812235,447.74,447.8,447.7,447.78,447.754,160,122
1629812240,447.78,447.8,447.76,447.8,447.782,88,54
1629812245,447.8,447.82,447.78,447.81,447.795,74,55
1629812250,447.82,447.92,447.81,447.9,447.876,208,103
1629812255,447.91,447.95,447.87,447.87,447.909,92,60
1629812260,447.87,447.89,447.86,447.87,447.88,145,115
1629812265,447.88,447.91,447.85,447.9,447.885,160,95
1629812270,447.89,447.94,447.88,447.94,447.915,105,63
1629812275,447.94,447.97,447.92,447.94,447.947,242,126
1629812280,447.94,447.95,447.89,447.94,447.928,488,235
1629812285,447.95,447.97,447.93,447.94,447.956,176,94
1629812290,447.94,447.98,447.91,447.95,447.96,132,68
1629812295,447.93,447.98,447.91,447.98,447.962,165,71
1629812300,447.98,447.98,447.91,447.94,447.935,115,75
1629812305,447.94,447.96,447.93,447.95,447.942,85,47
1629812310,447.95,447.95,447.87,447.88,447.907,120,99
1629812315,447.88,447.93,447.87,447.92,447.897,89,51
1629812320,447.92,447.96,447.91,447.96,447.927,116,59
1629812325,447.96,447.96,447.89,447.89,447.934,97,60
1629812330,447.89,447.97,447.88,447.97,447.944,63,37
1629812335,447.98,447.98,447.91,447.92,447.956,126,83
1629812340,447.92,448.02,447.92,448.0,447.995,250,129
1629812345,448.0,448.0,447.96,447.98,447.982,121,87
1629812350,447.98,447.98,447.9,447.9,447.939,112,85
1629812355,447.93,447.95,447.92,447.94,447.94,48,36
1629812360,447.93,447.94,447.86,447.89,447.892,87,56
1629812365,447.89,447.9,447.81,447.81,447.856,84,62
1629812370,447.81,447.84,447.76,447.77,447.805,99,61
1629812375,447.76,447.81,447.73,447.8,447.77,198,88
1629812380,447.83,447.85,447.82,447.83,447.833,188,78
1629812385,447.83,447.84,447.81,447.82,447.825,76,46
1629812390,447.82,447.87,447.77,447.8,447.821,197,94
1629812395,447.8,447.81,447.79,447.81,447.794,203,107
1629812400,447.82,447.85,447.82,447.82,447.836,85,56
1629812405,447.81,447.89,447.81,447.88,447.856,112,67
1629812410,447.88,447.9,447.86,447.88,447.877,138,92
1629812415,447.87,447.9,447.85,447.9,447.871,130,68
1629812420,447.88,447.88,447.81,447.81,447.85,68,59
1629812425,447.81,447.88,447.8,447.87,447.837,36,26
1629812430,447.88,447.92,447.86,447.91,447.898,30,23
1629812435,447.89,447.89,447.8,447.87,447.836,128,92
1629812440,447.87,447.93,447.87,447.89,447.901,74,38
1629812445,447.92,447.94,447.89,447.89,447.912,37,27
1629812450,447.89,447.92,447.89,447.89,447.905,57,42
1629812455,447.9,447.91,447.87,447.88,447.891,43,29
1629812460,447.89,447.9,447.87,447.9,447.89,55,34
1629812465,447.9,447.92,447.86,447.88,447.892,189,74
1629812470,447.88,447.88,447.85,447.86,447.863,49,25
1629812475,447.87,447.94,447.87,447.92,447.914,61,36
1629812480,447.92,447.92,447.83,447.84,447.895,146,103
1629812485,447.84,447.89,447.83,447.88,447.857,78,62
1629812490,447.88,447.92,447.86,447.91,447.885,38,30
1629812495,447.92,447.92,447.85,447.87,447.896,144,89
1629812500,447.87,447.89,447.85,447.87,447.872,90,68
1629812505,447.86,447.9,447.86,447.89,447.877,31,26
1629812510,447.88,447.88,447.85,447.85,447.863,26,22
1629812515,447.86,447.89,447.86,447.87,447.878,43,23
1629812520,447.88,447.91,447.87,447.88,447.889,47,28
1629812525,447.86,447.89,447.86,447.88,447.88,26,19
1629812530,447.87,447.88,447.85,447.86,447.86,56,37
1629812535,447.86,447.91,447.86,447.9,447.879,81,58
1629812540,447.88,447.88,447.84,447.84,447.853,68,46
1629812545,447.84,447.84,447.78,447.79,447.809,161,76
1629812550,447.79,447.8,447.74,447.78,447.779,150,68
1629812555,447.78,447.81,447.78,447.79,447.794,95,54
1629812560,447.78,447.78,447.72,447.78,447.753,66,48
1629812565,447.78,447.81,447.76,447.81,447.786,43,23
1629812570,447.82,447.9,447.82,447.89,447.853,59,45
1629812575,447.9,447.91,447.87,447.9,447.901,65,39
1629812580,447.91,447.95,447.88,447.93,447.911,209,166
1629812585,447.93,447.94,447.92,447.94,447.928,41,24
1629812590,447.94,447.94,447.87,447.87,447.909,91,64
1629812595,447.88,447.96,447.88,447.95,447.928,31,26
1629812600,447.95,447.95,447.92,447.92,447.934,12,12
1629812605,447.92,447.93,447.91,447.92,447.921,43,40
1629812610,447.92,447.93,447.91,447.92,447.918,40,25
1629812615,447.91,447.92,447.85,447.86,447.873,68,54
1629812620,447.86,447.9,447.86,447.87,447.88,53,38
1629812625,447.87,447.91,447.86,447.9,447.893,43,29
1629812630,447.91,447.92,447.9,447.91,447.913,34,22
1629812635,447.91,447.91,447.87,447.87,447.888,67,52
1629812640,447.88,447.91,447.86,447.89,447.887,170,86
1629812645,447.9,447.91,447.86,447.86,447.873,100,73
1629812650,447.86,447.87,447.82,447.85,447.847,350,201
1629812655,447.85,447.89,447.84,447.88,447.866,140,102
1629812660,447.87,447.9,447.87,447.87,447.883,36,29
1629812665,447.87,447.9,447.87,447.9,447.885,75,37
1629812670,447.9,447.95,447.89,447.94,447.926,104,82
1629812675,447.94,447.97,447.94,447.97,447.952,158,73
1629812680,447.96,447.99,447.95,447.97,447.974,86,30
1629812685,447.97,447.98,447.94,447.95,447.953,98,59
1629812690,447.96,447.98,447.94,447.98,447.962,112,81
1629812695,447.99,448.0,447.96,447.99,447.979,153,114
1629812700,448.0,448.06,447.97,448.05,448.021,274,182
1629812705,448.05,448.08,448.01,448.02,448.055,285,195
1629812710,448.03,448.07,448.02,448.06,448.051,107,56
1629812715,448.06,448.09,448.04,448.08,448.063,122,100
1629812720,448.08,448.09,448.03,448.03,448.061,102,56
1629812725,448.04,448.04,447.98,447.99,448.005,161,108
1629812730,447.99,448.01,447.89,447.91,447.949,193,141
1629812735,447.9,447.92,447.83,447.84,447.873,148,121
1629812740,447.84,447.88,447.78,447.88,447.822,439,303
1629812745,447.88,447.9,447.85,447.87,447.873,281,178
1629812750,447.88,447.91,447.86,447.9,447.885,126,91
1629812755,447.91,447.93,447.89,447.9,447.908,112,64
1629812760,447.91,447.98,447.91,447.96,447.951,132,105
1629812765,447.96,447.99,447.95,447.99,447.97,78,54
1629812770,447.99,448.08,447.99,448.08,448.044,167,92
1629812775,448.06,448.13,448.04,448.11,448.105,315,185
1629812780,448.11,448.12,448.08,448.09,448.104,173,130
1629812785,448.09,448.1,448.03,448.05,448.064,112,94
1629812790,448.05,448.09,448.04,448.06,448.065,86,68
1629812795,448.07,448.07,448.03,448.06,448.048,134,102
1629812800,448.05,448.08,448.03,448.05,448.046,157,130
1629812805,448.05,448.11,448.05,448.08,448.076,170,111
1629812810,448.08,448.09,448.04,448.04,448.065,266,206
1629812815,448.04,448.04,448.0,448.01,448.016,198,154
1629812820,448.0,448.01,447.94,447.97,447.977,278,165
1629812825,447.97,448.01,447.95,448.0,447.977,125,81
1629812830,448.0,448.01,447.96,448.0,447.988,80,51
1629812835,448.0,448.0,447.91,447.94,447.947,103,73
1629812840,447.94,447.94,447.89,447.91,447.91,126,83
1629812845,447.91,447.94,447.9,447.92,447.918,80,68
1629812850,447.92,447.97,447.92,447.93,447.939,43,35
1629812855,447.94,448.02,447.94,448.0,447.987,102,65
1629812860,448.0,448.02,447.99,448.01,448.006,96,69
1629812865,448.02,448.03,447.99,447.99,448.015,94,74
1629812870,448.01,448.02,447.96,447.99,447.997,257,168
1629812875,447.98,448.0,447.95,447.99,447.987,58,34
1629812880,448.0,448.0,447.98,447.98,447.991,63,35
1629812885,447.97,448.01,447.96,447.99,447.987,146,83
1629812890,447.99,448.0,447.97,447.97,447.989,63,40
1629812895,447.98,448.0,447.96,447.98,447.981,28,26
1629812900,447.97,447.98,447.96,447.97,447.971,85,62
1629812905,447.98,447.99,447.97,447.98,447.975,84,58
1629812910,447.99,448.0,447.98,447.98,447.987,47,27
1629812915,447.98,448.01,447.97,448.01,447.986,26,19
1629812920,448.01,448.05,448.0,448.05,448.031,48,43
1629812925,448.05,448.06,448.05,448.06,448.053,93,50
1629812930,448.06,448.08,448.03,448.04,448.063,122,67
1629812935,448.03,448.04,447.99,448.04,448.014,66,55
1629812940,448.04,448.07,448.04,448.04,448.048,45,32
1629812945,448.05,448.06,448.02,448.02,448.03,78,51
1629812950,448.01,448.02,448.0,448.01,448.008,44,33
1629812955,448.02,448.02,448.0,448.01,448.008,57,39
1629812960,448.01,448.07,448.01,448.06,448.035,41,32
1629812965,448.06,448.09,448.06,448.06,448.08,145,86
1629812970,448.06,448.1,448.06,448.1,448.088,22,17
1629812975,448.1,448.12,448.08,448.11,448.103,210,107
1629812980,448.11,448.12,448.1,448.11,448.11,50,34
1629812985,448.12,448.12,448.1,448.1,448.106,295,141
1629812990,448.1,448.13,448.1,448.11,448.118,513,238
1629812995,448.11,448.12,448.06,448.08,448.095,594,161
1629813000,448.09,448.12,448.02,448.03,448.078,181,120
1629813005,448.03,448.09,448.03,448.08,448.061,109,78
1629813010,448.08,448.11,448.07,448.1,448.089,76,46
1629813015,448.09,448.11,448.08,448.09,448.101,73,54
1629813020,448.09,448.1,448.08,448.1,448.094,84,64
1629813025,448.1,448.1,448.05,448.06,448.073,101,58
1629813030,448.06,448.09,448.05,448.07,448.073,41,33
1629813035,448.08,448.16,448.05,448.06,448.155,2257,70
1629813040,448.05,448.05,448.01,448.02,448.03,96,40
1629813045,448.02,448.02,447.96,447.96,447.981,61,51
1629813050,447.95,447.99,447.93,447.97,447.961,148,94
1629813055,447.96,447.98,447.93,447.96,447.957,89,52
1629813060,447.95,447.96,447.93,447.95,447.943,49,39
1629813065,447.96,447.96,447.9,447.93,447.918,238,59
1629813070,447.95,447.97,447.92,447.93,447.951,107,38
1629813075,447.92,447.93,447.9,447.91,447.914,127,25
1629813080,447.93,447.97,447.92,447.97,447.952,55,36
1629813085,447.95,448.03,447.95,448.01,447.991,18,15
1629813090,448.01,448.06,448.0,448.05,448.026,88,63
1629813095,448.04,448.04,447.99,448.0,448.011,52,47
1629813100,448.01,448.05,448.0,448.05,448.022,20,14
1629813105,448.04,448.05,448.03,448.04,448.047,102,85
1629813110,448.06,448.06,448.04,448.04,448.049,17,14
1629813115,448.04,448.04,448.02,448.03,448.036,7,7
1629813120,448.04,448.06,448.03,448.06,448.044,30,18
1629813125,448.05,448.09,448.05,448.07,448.063,116,54
1629813130,448.08,448.1,448.07,448.09,448.088,156,81
1629813135,448.09,448.09,448.03,448.04,448.059,49,30
1629813140,448.04,448.06,448.04,448.06,448.051,44,20
1629813145,448.05,448.07,448.05,448.06,448.064,135,56
1629813150,448.06,448.08,448.06,448.07,448.069,82,39
1629813155,448.07,448.09,448.06,448.09,448.076,18,14
1629813160,448.09,448.11,448.07,448.08,448.09,58,36
1629813165,448.08,448.08,448.03,448.04,448.043,138,84
1629813170,448.05,448.09,448.03,448.09,448.06,132,69
1629813175,448.08,448.12,448.08,448.11,448.11,101,55
1629813180,448.12,448.17,448.11,448.15,448.126,444,246
1629813185,448.16,448.16,448.11,448.11,448.14,99,85
1629813190,448.11,448.11,448.07,448.08,448.093,97,74
1629813195,448.08,448.09,448.05,448.07,448.076,39,33
1629813200,448.08,448.08,448.04,448.05,448.053,83,63
1629813205,448.06,448.06,448.01,448.02,448.041,154,69
1629813210,448.02,448.02,447.98,447.99,448.008,78,46
1629813215,447.98,447.99,447.93,447.93,447.967,80,55
1629813220,447.95,447.96,447.92,447.92,447.931,77,57
1629813225,447.92,447.94,447.9,447.93,447.923,102,62
1629813230,447.93,447.96,447.9,447.96,447.932,155,101
1629813235,447.95,447.99,447.95,447.98,447.962,46,35
1629813240,447.99,448.02,447.98,448.0,448.001,200,148
1629813245,448.0,448.01,447.97,447.99,447.994,85,63
1629813250,447.99,448.04,447.99,448.02,448.004,118,95
1629813255,448.02,448.03,447.99,447.99,448.011,62,37
1629813260,447.99,448.01,447.97,448.01,447.988,57,42
1629813265,448.0,448.0,447.97,447.99,447.988,68,54
1629813270,448.0,448.02,448.0,448.0,448.008,25,24
1629813275,448.02,448.03,448.0,448.0,448.005,58,43
1629813280,448.0,448.0,447.93,447.95,447.963,132,97
1629813285,447.97,447.97,447.93,447.94,447.955,24,20
1629813290,447.94,447.96,447.94,447.96,447.95,59,24
1629813295,447.95,447.96,447.92,447.94,447.937,35,29
1629813300,447.96,447.98,447.89,447.91,447.919,213,143
1629813305,447.93,447.95,447.92,447.92,447.942,49,34
1629813310,447.93,447.97,447.92,447.95,447.94,70,60
1629813315,447.95,447.99,447.93,447.99,447.953,62,53
1629813320,447.99,447.99,447.97,447.98,447.981,82,51
1629813325,447.98,448.01,447.98,447.98,447.996,91,46
1629813330,447.98,447.99,447.94,447.95,447.96,85,68
1629813335,447.96,447.97,447.95,447.95,447.957,25,18
1629813340,447.95,447.95,447.88,447.88,447.912,56,43
1629813345,447.88,447.95,447.87,447.94,447.921,119,75
1629813350,447.93,447.97,447.91,447.97,447.939,40,34
1629813355,447.96,447.96,447.92,447.92,447.933,42,32
1629813360,447.93,447.93,447.92,447.93,447.924,60,52
1629813365,447.93,447.97,447.92,447.97,447.954,43,38
1629813370,447.95,447.98,447.94,447.98,447.962,83,47
1629813375,447.97,447.99,447.95,447.99,447.962,49,39
1629813380,447.97,448.02,447.96,448.0,447.999,149,98
1629813385,448.0,448.02,448.0,448.02,448.008,122,68
1629813390,448.03,448.04,448.01,448.01,448.024,77,54
1629813395,448.0,448.05,448.0,448.05,448.025,76,54
1629813400,448.06,448.06,448.04,448.06,448.054,95,64
1629813405,448.05,448.08,448.04,448.08,448.067,66,50
1629813410,448.07,448.09,448.05,448.08,448.073,153,98
1629813415,448.08,448.08,448.04,448.05,448.059,34,25
1629813420,448.06,448.07,448.05,448.06,448.061,77,66
1629813425,448.05,448.08,448.03,448.03,448.051,87,72
1629813430,448.03,448.05,448.01,448.05,448.026,124,84
1629813435,448.05,448.05,448.02,448.04,448.035,33,23
1629813440,448.03,448.15,448.03,448.14,448.119,157,116
1629813445,448.15,448.16,448.12,448.13,448.135,127,77
1629813450,448.14,448.16,448.13,448.15,448.144,83,52
1629813455,448.15,448.17,448.14,448.16,448.16,96,75
1629813460,448.16,448.18,448.15,448.18,448.171,96,72
1629813465,448.16,448.17,448.1,448.1,448.132,182,136
1629813470,448.11,448.13,448.08,448.12,448.097,198,101
1629813475,448.12,448.12,448.1,448.11,448.11,53,41
1629813480,448.11,448.11,448.08,448.1,448.095,24,19
1629813485,448.1,448.12,448.1,448.11,448.109,48,23
1629813490,448.11,448.11,448.11,448.11,448.11,7,5
1629813495,448.1,448.12,448.1,448.11,448.105,66,30
1629813500,448.09,448.11,448.08,448.09,448.098,74,51
1629813505,448.1,448.11,448.08,448.09,448.092,30,24
1629813510,448.09,448.09,448.06,448.08,448.07,46,33
1629813515,448.09,448.12,448.08,448.12,448.101,94,59
1629813520,448.11,448.11,448.08,448.1,448.093,55,43
1629813525,448.1,448.1,448.07,448.08,448.088,68,44
1629813530,448.08,448.1,448.07,448.08,448.079,37,21
1629813535,448.08,448.09,448.08,448.08,448.087,14,13
1629813540,448.08,448.09,448.06,448.09,448.073,50,47
1629813545,448.08,448.08,448.06,448.07,448.078,110,29
1629813550,448.08,448.1,448.08,448.1,448.09,78,51
1629813555,448.1,448.14,448.09,448.14,448.117,42,37
1629813560,448.14,448.14,448.09,448.1,448.114,45,32
1629813565,448.1,448.1,448.06,448.06,448.08,40,36
1629813570,448.06,448.06,448.05,448.05,448.053,80,53
1629813575,448.05,448.05,448.02,448.03,448.041,17,15
1629813580,448.03,448.05,448.01,448.02,448.028,60,29
1629813585,448.01,448.02,447.99,448.0,448.001,48,35
1629813590,448.0,448.01,448.0,448.0,448.003,15,15
1629813595,447.99,448.01,447.99,448.01,447.996,59,42
1629813600,448.02,448.03,447.92,447.98,447.981,190,128
1629813605,447.98,448.04,447.98,448.03,448.013,63,35
1629813610,448.03,448.14,448.03,448.14,448.091,62,56
1629813615,448.15,448.18,448.12,448.14,448.146,216,161
1629813620,448.13,448.15,448.12,448.13,448.135,117,63
1629813625,448.13,448.14,448.1,448.12,448.119,135,84
1629813630,448.1,448.12,448.05,448.05,448.091,118,64
1629813635,448.05,448.06,448.02,448.04,448.041,213,128
1629813640,448.04,448.04,447.96,448.0,447.99,122,110
1629813645,448.01,448.04,448.0,448.03,448.022,66,55
1629813650,448.04,448.06,448.0,448.06,448.025,64,43
1629813655,448.07,448.07,448.0,448.0,448.048,84,46
1629813660,448.0,448.0,447.86,447.87,447.921,281,204
1629813665,447.89,447.9,447.85,447.86,447.873,94,77
1629813670,447.89,447.95,447.88,447.91,447.919,175,114
1629813675,447.89,447.93,447.88,447.92,447.906,79,51
1629813680,447.93,447.93,447.86,447.89,447.89,90,69
1629813685,447.9,447.9,447.83,447.83,447.848,381,211
1629813690,447.83,447.89,447.82,447.85,447.834,288,121
1629813695,447.85,447.92,447.85,447.89,447.867,106,69
1629813700,447.89,447.91,447.82,447.82,447.866,77,54
1629813705,447.82,447.87,447.82,447.84,447.844,67,47
1629813710,447.85,447.86,447.84,447.85,447.848,45,30
1629813715,447.86,447.93,447.85,447.9,447.892,35,28
1629813720,447.9,447.91,447.86,447.89,447.885,72,59
1629813725,447.89,447.94,447.89,447.92,447.923,107,73
1629813730,447.91,447.92,447.9,447.92,447.918,90,51
1629813735,447.92,447.97,447.91,447.97,447.958,119,73
1629813740,447.96,448.01,447.96,448.01,447.979,114,67
1629813745,448.01,448.07,448.0,448.06,448.041,111,71
1629813750,448.07,448.16,448.07,448.13,448.131,283,125
1629813755,448.1,448.18,448.09,448.15,448.153,243,149
1629813760,448.15,448.15,448.11,448.14,448.13,156,79
1629813765,448.15,448.15,448.08,448.08,448.135,99,47
1629813770,448.1,448.13,448.1,448.11,448.11,94,52
1629813775,448.1,448.1,448.08,448.09,448.093,32,24
1629813780,448.09,448.16,448.09,448.16,448.12,90,44
1629813785,448.17,448.21,448.15,448.16,448.186,343,143
1629813790,448.16,448.16,448.12,448.12,448.147,126,70
1629813795,448.12,448.13,448.1,448.11,448.114,54,32
1629813800,448.1,448.14,448.1,448.12,448.117,41,31
1629813805,448.11,448.11,448.06,448.07,448.088,69,49
1629813810,448.06,448.07,448.04,448.06,448.048,70,50
1629813815,448.06,448.1,448.06,448.06,448.074,62,37
1629813820,448.06,448.12,448.05,448.12,448.098,50,33
1629813825,448.11,448.12,448.08,448.08,448.089,57,24
1629813830,448.08,448.09,448.07,448.09,448.076,111,43
1629813835,448.08,448.11,448.07,448.08,448.086,46,31
1629813840,448.07,448.07,448.04,448.04,448.053,61,46
1629813845,448.06,448.09,448.06,448.07,448.065,55,29
1629813850,448.06,448.07,448.02,448.06,448.042,22,16
1629813855,448.06,448.07,448.06,448.06,448.063,14,13
1629813860,448.07,448.08,448.06,448.07,448.071,12,10
1629813865,448.08,448.1,448.07,448.08,448.09,81,52
1629813870,448.09,448.11,448.09,448.11,448.104,33,19
1629813875,448.1,448.12,448.09,448.11,448.104,14,11
1629813880,448.09,448.09,448.08,448.08,448.088,25,17
1629813885,448.08,448.08,448.06,448.07,448.07,15,12
1629813890,448.07,448.07,448.03,448.07,448.048,49,42
1629813895,448.07,448.09,448.05,448.05,448.078,62,41
1629813900,448.05,448.05,447.97,447.98,448.018,197,142
1629813905,447.97,447.98,447.94,447.98,447.954,146,95
1629813910,447.96,448.01,447.95,447.97,447.994,135,93
1629813915,447.97,448.03,447.95,448.02,448.005,79,57
1629813920,448.02,448.03,447.98,447.99,448.002,48,44
1629813925,447.99,448.01,447.97,448.01,447.989,37,20
1629813930,448.01,448.03,448.0,448.02,448.013,28,25
1629813935,448.0,448.01,447.94,447.97,447.958,111,71
1629813940,447.96,447.99,447.96,447.99,447.975,38,33
1629813945,447.98,447.98,447.95,447.95,447.962,44,39
1629813950,447.95,447.95,447.94,447.94,447.946,41,29
1629813955,447.96,447.96,447.93,447.94,447.943,64,50
1629813960,447.94,447.97,447.94,447.94,447.953,124,66
1629813965,447.94,447.96,447.92,447.96,447.936,47,36
1629813970,447.96,447.98,447.95,447.95,447.96,18,17
1629813975,447.94,447.94,447.9,447.9,447.919,34,22
1629813980,447.9,447.91,447.87,447.91,447.891,72,47
1629813985,447.9,447.9,447.84,447.85,447.857,156,103
1629813990,447.85,447.87,447.85,447.86,447.857,117,61
1629813995,447.85,447.88,447.84,447.85,447.856,113,59
1629814000,447.83,447.84,447.82,447.83,447.827,46,28
1629814005,447.84,447.87,447.82,447.83,447.843,105,66
1629814010,447.84,447.88,447.83,447.85,447.855,100,81
1629814015,447.83,447.84,447.83,447.84,447.834,16,15
1629814020,447.84,447.91,447.83,447.9,447.859,128,86
1629814025,447.91,447.93,447.89,447.92,447.91,66,46
1629814030,447.92,447.96,447.91,447.94,447.936,53,46
1629814035,447.93,447.97,447.91,447.95,447.943,155,121
1629814040,447.95,447.98,447.94,447.97,447.96,78,59
1629814045,447.97,447.98,447.95,447.97,447.962,176,63
1629814050,447.98,448.0,447.98,447.99,447.991,139,95
1629814055,448.0,448.02,448.0,448.02,448.01,16,16
1629814060,448.02,448.06,448.01,448.04,448.039,161,88
1629814065,448.04,448.06,448.04,448.05,448.05,62,45
1629814070,448.05,448.06,448.03,448.04,448.046,47,24
1629814075,448.04,448.07,448.03,448.04,448.055,43,30
1629814080,448.04,448.05,448.03,448.05,448.04,82,41
1629814085,448.04,448.08,448.03,448.07,448.061,145,80
1629814090,448.07,448.08,448.05,448.07,448.067,64,45
1629814095,448.07,448.08,448.07,448.07,448.071,9,8
1629814100,448.08,448.08,448.04,448.05,448.046,16,15
1629814105,448.04,448.08,448.04,448.08,448.061,37,25
1629814110,448.08,448.14,448.08,448.12,448.121,257,160
1629814115,448.12,448.12,448.07,448.08,448.094,71,32
1629814120,448.09,448.09,448.07,448.07,448.073,46,28
1629814125,448.07,448.11,448.06,448.06,448.075,378,234
1629814130,448.07,448.08,448.06,448.07,448.076,84,54
1629814135,448.06,448.06,448.04,448.04,448.053,64,51
1629814140,448.05,448.1,448.03,448.09,448.051,296,174
1629814145,448.09,448.11,448.08,448.09,448.092,53,41
1629814150,448.08,448.11,448.07,448.1,448.086,97,56
1629814155,448.1,448.1,448.05,448.07,448.066,124,79
1629814160,448.07,448.08,448.05,448.08,448.066,35,22
1629814165,448.08,448.09,448.07,448.07,448.081,63,39
1629814170,448.08,448.1,448.06,448.08,448.079,80,58
1629814175,448.1,448.12,448.09,448.09,448.105,51,20
1629814180,448.1,448.1,448.07,448.08,448.078,16,11
1629814185,448.07,448.07,448.06,448.07,448.07,33,15
1629814190,448.08,448.1,448.07,448.1,448.085,53,42
1629814195,448.1,448.1,448.04,448.04,448.075,95,76
1629814200,448.05,448.08,448.04,448.06,448.057,91,63
1629814205,448.06,448.08,448.03,448.03,448.066,59,47
1629814210,448.03,448.04,448.0,448.01,448.022,133,82
1629814215,448.0,448.01,448.0,448.01,448.006,64,41
1629814220,448.01,448.07,448.01,448.07,448.053,57,40
1629814225,448.06,448.09,448.06,448.08,448.074,187,59
1629814230,448.09,448.11,448.07,448.09,448.091,82,41
1629814235,448.1,448.11,448.08,448.1,448.1,20,13
1629814240,448.1,448.11,448.08,448.08,448.089,17,13
1629814245,448.08,448.09,448.06,448.07,448.07,60,42
1629814250,448.06,448.07,448.05,448.07,448.065,37,24
1629814255,448.07,448.08,448.06,448.07,448.072,47,39
1629814260,448.07,448.08,448.03,448.05,448.05,42,29
1629814265,448.05,448.05,448.03,448.04,448.042,33,15
1629814270,448.03,448.04,448.01,448.02,448.016,49,41
1629814275,448.02,448.04,448.01,448.04,448.02,64,32
1629814280,448.06,448.06,448.04,448.06,448.052,13,10
1629814285,448.06,448.06,448.03,448.04,448.051,8,5
1629814290,448.04,448.08,448.04,448.08,448.07,31,26
1629814295,448.08,448.11,448.08,448.11,448.105,35,19
1629814300,448.12,448.15,448.11,448.15,448.133,41,25
1629814305,448.15,448.16,448.14,448.15,448.147,55,42
1629814310,448.15,448.17,448.14,448.16,448.157,128,60
1629814315,448.16,448.17,448.15,448.16,448.155,20,9
1629814320,448.16,448.16,448.15,448.15,448.154,29,21
1629814325,448.17,448.19,448.17,448.18,448.182,64,37
1629814330,448.18,448.21,448.18,448.21,448.196,150,84
1629814335,448.2,448.21,448.13,448.13,448.169,112,67
1629814340,448.12,448.12,448.08,448.1,448.108,161,80
1629814345,448.09,448.11,448.08,448.1,448.089,38,19
1629814350,448.09,448.12,448.08,448.1,448.106,73,29
1629814355,448.09,448.12,448.09,448.12,448.108,18,11
1629814360,448.12,448.13,448.11,448.11,448.115,26,20
1629814365,448.11,448.11,448.11,448.11,448.11,3,3
1629814370,448.09,448.09,448.08,448.08,448.083,19,9
1629814375,448.08,448.09,448.06,448.06,448.069,27,25
1629814380,448.05,448.05,448.03,448.05,448.041,153,79
1629814385,448.06,448.07,448.04,448.06,448.06,111,84
1629814390,448.05,448.08,448.05,448.06,448.068,116,72
1629814395,448.06,448.07,448.05,448.07,448.062,108,61
1629814400,448.06,448.1,448.06,448.1,448.083,38,29
1629814405,448.1,448.1,448.06,448.06,448.079,25,20
1629814410,448.06,448.06,448.04,448.06,448.051,63,35
1629814415,448.05,448.06,448.05,448.05,448.053,31,25
1629814420,448.05,448.06,448.05,448.06,448.058,7,4
1629814425,448.06,448.07,448.03,448.03,448.05,120,47
1629814430,448.04,448.06,448.03,448.05,448.043,34,22
1629814435,448.05,448.07,448.04,448.05,448.06,24,22
1629814440,448.05,448.07,448.04,448.06,448.062,99,59
1629814445,448.07,448.08,448.07,448.08,448.071,92,50
1629814450,448.09,448.12,448.09,448.12,448.102,86,59
1629814455,448.12,448.13,448.09,448.1,448.105,29,22
1629814460,448.1,448.11,448.09,448.1,448.1,16,13
1629814465,448.1,448.11,448.1,448.1,448.103,6,6
1629814470,448.11,448.13,448.11,448.12,448.12,40,29
1629814475,448.12,448.13,448.11,448.13,448.123,4,4
1629814480,448.14,448.14,448.12,448.13,448.137,29,21
1629814485,448.12,448.13,448.12,448.12,448.121,7,7
1629814490,448.11,448.11,448.09,448.09,448.097,41,30
1629814495,448.1,448.1,448.07,448.09,448.091,24,14
1629814500,448.11,448.14,448.1,448.11,448.129,19,16
1629814505,448.1,448.13,448.1,448.13,448.118,9,9
1629814510,448.16,448.17,448.14,448.14,448.157,54,35
1629814515,448.14,448.14,448.12,448.12,448.139,57,27
1629814520,448.12,448.15,448.12,448.15,448.138,22,18
1629814525,448.15,448.16,448.13,448.15,448.147,61,46
1629814530,448.14,448.16,448.13,448.16,448.142,18,11
1629814535,448.14,448.15,448.14,448.14,448.143,13,10
1629814540,448.14,448.15,448.14,448.15,448.144,8,7
1629814545,448.15,448.18,448.15,448.18,448.164,27,16
1629814550,448.16,448.16,448.15,448.16,448.158,16,12
1629814555,448.16,448.17,448.16,448.17,448.166,14,11
1629814560,448.18,448.2,448.18,448.2,448.194,141,68
1629814565,448.21,448.26,448.2,448.25,448.239,307,173
1629814570,448.25,448.28,448.24,448.28,448.274,304,83
1629814575,448.28,448.32,448.28,448.3,448.304,66,47
1629814580,448.31,448.33,448.29,448.32,448.298,106,54
1629814585,448.31,448.32,448.3,448.3,448.306,42,22
1629814590,448.3,448.33,448.28,448.28,448.299,57,32
1629814595,448.29,448.3,448.27,448.29,448.287,44,17
1629814600,448.29,448.29,448.28,448.29,448.289,392,228
1629814605,448.29,448.29,448.28,448.29,448.29,143,59
1629814610,448.28,448.29,448.27,448.28,448.273,36,26
1629814615,448.27,448.27,448.25,448.25,448.257,31,10
1629814620,448.25,448.25,448.21,448.23,448.223,100,72
1629814625,448.23,448.24,448.22,448.22,448.226,53,31
1629814630,448.23,448.24,448.22,448.24,448.234,84,41
1629814635,448.23,448.23,448.2,448.21,448.215,51,23
1629814640,448.21,448.25,448.2,448.25,448.222,32,26
1629814645,448.25,448.25,448.24,448.25,448.241,29,22
1629814650,448.25,448.27,448.24,448.25,448.259,48,23
1629814655,448.25,448.26,448.25,448.25,448.254,19,14
1629814660,448.26,448.26,448.25,448.25,448.258,9,8
1629814665,448.26,448.27,448.25,448.27,448.263,67,48
1629814670,448.27,448.28,448.26,448.28,448.268,82,49
1629814675,448.27,448.27,448.27,448.27,448.27,2,2
1629814680,448.28,448.32,448.28,448.31,448.303,82,56
1629814685,448.31,448.34,448.31,448.33,448.328,137,75
1629814690,448.33,448.34,448.32,448.33,448.325,55,30
1629814695,448.34,448.36,448.33,448.33,448.356,50,23
1629814700,448.35,448.35,448.32,448.33,448.336,40,29
1629814705,448.33,448.34,448.32,448.34,448.327,17,8
1629814710,448.33,448.33,448.31,448.31,448.321,52,27
1629814715,448.31,448.33,448.3,448.33,448.316,63,21
1629814720,448.32,448.32,448.32,448.32,448.32,1,1
1629814725,448.33,448.34,448.32,448.33,448.328,23,18
1629814730,448.32,448.33,448.32,448.33,448.328,22,13
1629814735,448.34,448.34,448.32,448.34,448.332,18,12
1629814740,448.34,448.34,448.33,448.33,448.332,29,11
1629814745,448.32,448.34,448.32,448.33,448.328,8,5
1629814750,448.32,448.33,448.3,448.31,448.311,72,42
1629814755,448.3,448.31,448.3,448.3,448.301,30,25
1629814760,448.3,448.31,448.29,448.31,448.307,43,31
1629814765,448.31,448.32,448.29,448.3,448.302,25,17
1629814770,448.3,448.31,448.3,448.3,448.309,14,8
1629814775,448.31,448.34,448.31,448.32,448.322,25,20
1629814780,448.33,448.33,448.32,448.33,448.33,11,8
1629814785,448.32,448.33,448.32,448.33,448.328,25,23
1629814790,448.33,448.36,448.33,448.35,448.347,72,32
1629814795,448.35,448.38,448.34,448.35,448.36,119,70
1629814800,448.35,448.35,448.33,448.34,448.344,67,28
1629814805,448.35,448.35,448.32,448.33,448.337,44,28
1629814810,448.32,448.33,448.29,448.3,448.304,42,27
1629814815,448.3,448.32,448.3,448.32,448.307,34,21
1629814820,448.33,448.34,448.32,448.33,448.327,19,11
1629814825,448.32,448.34,448.32,448.33,448.331,4,3
1629814830,448.34,448.34,448.3,448.31,448.316,19,16
1629814835,448.31,448.31,448.3,448.31,448.302,28,12
1629814840,448.3,448.3,448.28,448.29,448.286,16,9
1629814845,448.29,448.32,448.28,448.31,448.299,63,43
1629814850,448.31,448.32,448.31,448.31,448.311,14,9
1629814855,448.31,448.32,448.28,448.29,448.292,79,45
1629814860,448.28,448.29,448.27,448.28,448.276,71,42
1629814865,448.28,448.28,448.27,448.27,448.275,23,15
1629814870,448.27,448.31,448.27,448.31,448.298,45,41
1629814875,448.31,448.32,448.3,448.31,448.312,25,17
1629814880,448.31,448.32,448.31,448.31,448.317,37,25
1629814885,448.31,448.32,448.3,448.32,448.316,61,34
1629814890,448.33,448.34,448.32,448.33,448.331,49,20
1629814895,448.33,448.36,448.32,448.36,448.334,75,18
1629814900,448.36,448.37,448.35,448.36,448.366,246,74
1629814905,448.36,448.37,448.34,448.37,448.354,100,53
1629814910,448.36,448.37,448.34,448.35,448.348,59,37
1629814915,448.34,448.34,448.33,448.34,448.336,31,18
1629814920,448.34,448.34,448.32,448.33,448.332,29,21
1629814925,448.33,448.34,448.33,448.33,448.333,40,28
1629814930,448.34,448.34,448.32,448.33,448.327,40,20
1629814935,448.32,448.33,448.31,448.33,448.323,37,28
1629814940,448.33,448.34,448.32,448.32,448.327,39,27
1629814945,448.32,448.33,448.28,448.29,448.305,72,53
1629814950,448.28,448.29,448.27,448.28,448.276,54,34
1629814955,448.28,448.3,448.28,448.28,448.287,60,28
1629814960,448.29,448.29,448.25,448.26,448.266,97,63
1629814965,448.25,448.26,448.23,448.25,448.243,145,88
1629814970,448.25,448.28,448.25,448.26,448.262,85,60
1629814975,448.25,448.28,448.25,448.27,448.27,55,31
1629814980,448.26,448.28,448.26,448.28,448.27,58,34
1629814985,448.28,448.29,448.25,448.25,448.272,35,20
1629814990,448.25,448.25,448.23,448.23,448.238,47,32
1629814995,448.24,448.24,448.23,448.24,448.238,56,29
1629815000,448.24,448.25,448.23,448.24,448.235,71,30
1629815005,448.24,448.25,448.23,448.24,448.237,126,85
1629815010,448.22,448.23,448.17,448.18,448.189,139,69
1629815015,448.18,448.19,448.16,448.17,448.175,80,51
1629815020,448.18,448.19,448.16,448.16,448.172,75,45
1629815025,448.17,448.21,448.17,448.19,448.193,64,44
1629815030,448.19,448.2,448.18,448.2,448.19,21,17
1629815035,448.2,448.22,448.19,448.22,448.206,28,21
1629815040,448.21,448.22,448.2,448.21,448.209,36,19
1629815045,448.2,448.2,448.18,448.18,448.186,54,32
1629815050,448.18,448.21,448.18,448.21,448.199,80,63
1629815055,448.21,448.23,448.2,448.22,448.215,74,53
1629815060,448.23,448.23,448.22,448.22,448.223,9,9
1629815065,448.23,448.24,448.22,448.22,448.233,9,6
1629815070,448.22,448.24,448.22,448.23,448.23,14,12
1629815075,448.22,448.24,448.22,448.23,448.23,15,14
1629815080,448.24,448.24,448.2,448.21,448.228,65,38
1629815085,448.2,448.21,448.2,448.2,448.201,25,17
1629815090,448.2,448.21,448.2,448.21,448.209,29,24
1629815095,448.21,448.21,448.2,448.2,448.207,23,17
1629815100,448.19,448.21,448.19,448.2,448.204,20,15
1629815105,448.2,448.21,448.19,448.21,448.2,40,26
1629815110,448.21,448.22,448.2,448.21,448.211,46,41
1629815115,448.2,448.24,448.2,448.24,448.218,82,49
1629815120,448.24,448.28,448.24,448.27,448.257,32,20
1629815125,448.27,448.3,448.27,448.29,448.285,86,34
1629815130,448.29,448.29,448.27,448.29,448.286,45,25
1629815135,448.29,448.3,448.28,448.29,448.294,165,54
1629815140,448.29,448.29,448.27,448.29,448.282,35,20
1629815145,448.29,448.29,448.26,448.27,448.271,50,36
1629815150,448.27,448.28,448.25,448.25,448.267,110,65
1629815155,448.25,448.26,448.24,448.25,448.251,34,26
1629815160,448.25,448.25,448.24,448.25,448.249,25,23
1629815165,448.26,448.28,448.25,448.27,448.266,93,79
1629815170,448.28,448.31,448.27,448.31,448.282,46,36
1629815175,448.31,448.31,448.3,448.3,448.308,39,23
1629815180,448.3,448.31,448.28,448.28,448.296,53,36
1629815185,448.29,448.32,448.29,448.31,448.305,41,27
1629815190,448.3,448.31,448.29,448.31,448.303,36,21
1629815195,448.3,448.31,448.3,448.3,448.302,46,21
1629815200,448.3,448.31,448.28,448.29,448.294,131,75
1629815205,448.28,448.29,448.28,448.28,448.28,7,3
1629815210,448.29,448.29,448.26,448.26,448.279,44,32
1629815215,448.27,448.27,448.26,448.27,448.265,14,4
1629815220,448.27,448.28,448.26,448.28,448.27,45,37
1629815225,448.28,448.28,448.26,448.28,448.273,41,23
1629815230,448.27,448.28,448.27,448.28,448.278,11,9
1629815235,448.29,448.31,448.28,448.31,448.303,21,15
1629815240,448.31,448.31,448.27,448.28,448.284,50,33
1629815245,448.28,448.29,448.27,448.28,448.282,21,16
1629815250,448.29,448.31,448.29,448.31,448.294,22,13
1629815255,448.3,448.33,448.3,448.32,448.31,59,21
1629815260,448.32,448.33,448.32,448.33,448.326,9,5
1629815265,448.32,448.32,448.3,448.31,448.318,72,31
1629815270,448.31,448.32,448.31,448.32,448.312,18,11
1629815275,448.32,448.32,448.29,448.29,448.301,21,15
1629815280,448.3,448.3,448.29,448.29,448.295,11,6
1629815285,448.29,448.29,448.27,448.27,448.278,27,16
1629815290,448.27,448.28,448.27,448.28,448.276,16,12
1629815295,448.28,448.29,448.27,448.28,448.28,9,9
1629815300,448.27,448.28,448.26,448.27,448.263,16,12
1629815305,448.26,448.26,448.25,448.26,448.257,6,5
1629815310,448.25,448.25,448.19,448.19,448.213,123,56
1629815315,448.2,448.23,448.2,448.23,448.215,59,43
1629815320,448.24,448.24,448.22,448.22,448.231,38,30
1629815325,448.22,448.23,448.2,448.23,448.218,100,63
1629815330,448.22,448.22,448.22,448.22,448.22,12,4
1629815335,448.22,448.22,448.2,448.2,448.21,26,21
1629815340,448.21,448.23,448.21,448.23,448.224,22,16
1629815345,448.23,448.23,448.21,448.21,448.226,57,19
1629815350,448.21,448.22,448.21,448.21,448.216,9,4
1629815355,448.21,448.25,448.21,448.25,448.227,23,15
1629815360,448.25,448.26,448.24,448.25,448.245,30,19
1629815365,448.25,448.29,448.25,448.27,448.272,40,24
1629815370,448.27,448.28,448.27,448.28,448.271,27,20
1629815375,448.29,448.3,448.28,448.3,448.291,39,28
1629815380,448.3,448.33,448.3,448.33,448.313,30,22
1629815385,448.33,448.33,448.32,448.32,448.321,23,8
1629815390,448.33,448.35,448.32,448.34,448.339,42,18
1629815395,448.35,448.36,448.35,448.36,448.353,73,40
1629815400,448.36,448.37,448.33,448.34,448.353,178,67
1629815405,448.33,448.35,448.31,448.31,448.331,63,43
1629815410,448.31,448.31,448.3,448.31,448.308,51,24
1629815415,448.32,448.35,448.32,448.35,448.334,50,41
1629815420,448.34,448.35,448.32,448.33,448.334,70,25
1629815425,448.33,448.34,448.29,448.29,448.304,41,29
1629815430,448.29,448.29,448.28,448.29,448.288,80,29
1629815435,448.28,448.28,448.24,448.24,448.253,56,40
1629815440,448.23,448.27,448.23,448.26,448.249,113,74
1629815445,448.25,448.25,448.19,448.19,448.214,149,84
1629815450,448.2,448.21,448.19,448.21,448.199,55,17
1629815455,448.21,448.24,448.19,448.2,448.21,91,66
1629815460,448.19,448.21,448.18,448.2,448.197,45,27
1629815465,448.21,448.21,448.18,448.19,448.195,52,32
1629815470,448.2,448.23,448.2,448.23,448.218,52,21
1629815475,448.23,448.23,448.19,448.19,448.207,131,89
1629815480,448.19,448.22,448.19,448.21,448.204,10,6
1629815485,448.2,448.21,448.2,448.2,448.201,23,9
1629815490,448.2,448.21,448.2,448.21,448.206,18,8
1629815495,448.21,448.22,448.2,448.21,448.21,21,10
1629815500,448.22,448.23,448.22,448.22,448.222,129,58
1629815505,448.23,448.24,448.22,448.24,448.225,12,10
1629815510,448.24,448.26,448.24,448.25,448.244,87,47
1629815515,448.25,448.26,448.25,448.26,448.254,51,25
1629815520,448.25,448.29,448.25,448.28,448.274,127,88
1629815525,448.28,448.28,448.17,448.18,448.219,120,80
1629815530,448.19,448.2,448.14,448.15,448.157,86,48
1629815535,448.15,448.17,448.14,448.15,448.154,170,84
1629815540,448.15,448.2,448.15,448.2,448.171,39,19
1629815545,448.2,448.2,448.18,448.19,448.191,25,16
1629815550,448.19,448.2,448.18,448.2,448.194,21,20
1629815555,448.21,448.21,448.2,448.21,448.209,29,21
1629815560,448.21,448.22,448.21,448.21,448.213,19,12
1629815565,448.2,448.22,448.19,448.19,448.202,54,36
1629815570,448.19,448.2,448.18,448.19,448.191,10,9
1629815575,448.19,448.2,448.17,448.17,448.179,43,29
1629815580,448.17,448.2,448.17,448.19,448.189,34,17
1629815585,448.2,448.22,448.2,448.21,448.21,19,9
1629815590,448.2,448.21,448.19,448.19,448.206,15,9
1629815595,448.19,448.19,448.17,448.17,448.184,22,14
1629815600,448.18,448.2,448.17,448.18,448.187,95,54
1629815605,448.18,448.18,448.17,448.17,448.172,53,34
1629815610,448.18,448.18,448.16,448.16,448.168,33,22
1629815615,448.15,448.16,448.15,448.15,448.151,42,32
1629815620,448.16,448.18,448.16,448.18,448.168,12,11
1629815625,448.21,448.21,448.19,448.19,448.194,5,5
1629815630,448.2,448.21,448.18,448.19,448.192,36,22
1629815635,448.18,448.19,448.18,448.19,448.184,2,2
1629815640,448.19,448.2,448.16,448.18,448.177,52,29
1629815645,448.19,448.2,448.18,448.19,448.187,12,11
1629815650,448.19,448.2,448.19,448.19,448.19,13,8
1629815655,448.19,448.23,448.19,448.21,448.208,36,32
1629815660,448.2,448.2,448.19,448.2,448.199,6,5
1629815665,448.2,448.2,448.2,448.2,448.2,1,1
1629815670,448.2,448.2,448.19,448.2,448.199,17,10
1629815675,448.2,448.23,448.2,448.23,448.212,9,8
1629815680,448.21,448.23,448.21,448.22,448.22,4,4
1629815685,448.22,448.23,448.22,448.23,448.221,8,5
1629815690,448.23,448.23,448.22,448.22,448.228,8,6
1629815695,448.23,448.23,448.22,448.23,448.228,10,8
1629815700,448.24,448.26,448.23,448.25,448.242,25,21
1629815705,448.25,448.26,448.24,448.24,448.253,29,18
1629815710,448.24,448.24,448.22,448.24,448.229,69,23
1629815715,448.23,448.26,448.23,448.25,448.249,25,12
1629815720,448.26,448.26,448.25,448.25,448.259,16,14
1629815725,448.25,448.26,448.25,448.25,448.251,16,11
1629815730,448.26,448.29,448.26,448.28,448.275,13,9
1629815735,448.3,448.3,448.29,448.3,448.299,14,10
1629815740,448.3,448.31,448.27,448.28,448.286,27,22
1629815745,448.28,448.29,448.27,448.27,448.278,10,9
1629815750,448.28,448.29,448.27,448.28,448.282,10,6
1629815755,448.27,448.29,448.27,448.28,448.288,70,44
1629815760,448.28,448.31,448.28,448.28,448.293,54,41
1629815765,448.28,448.3,448.27,448.28,448.29,57,38
1629815770,448.29,448.29,448.28,448.28,448.28,26,17
1629815775,448.28,448.28,448.27,448.27,448.274,29,20
1629815780,448.26,448.28,448.26,448.27,448.27,21,14
1629815785,448.26,448.26,448.23,448.25,448.255,79,52
1629815790,448.25,448.26,448.25,448.25,448.251,17,12
1629815795,448.25,448.26,448.24,448.25,448.254,57,33
1629815800,448.24,448.26,448.24,448.25,448.254,72,48
1629815805,448.25,448.28,448.25,448.27,448.262,31,24
1629815810,448.27,448.27,448.26,448.27,448.261,25,19
1629815815,448.25,448.26,448.25,448.25,448.251,22,19
1629815820,448.25,448.3,448.25,448.28,448.285,465,233
1629815825,448.27,448.28,448.27,448.27,448.273,33,24
1629815830,448.27,448.28,448.25,448.26,448.262,22,19
1629815835,448.26,448.27,448.25,448.27,448.263,29,24
1629815840,448.27,448.3,448.27,448.29,448.29,22,19
1629815845,448.29,448.3,448.28,448.3,448.292,28,24
1629815850,448.3,448.31,448.29,448.31,448.301,53,30
1629815855,448.29,448.33,448.29,448.33,448.31,138,61
1629815860,448.33,448.33,448.3,448.32,448.321,37,27
1629815865,448.31,448.32,448.31,448.32,448.318,6,5
1629815870,448.33,448.34,448.33,448.33,448.336,60,28
1629815875,448.33,448.36,448.33,448.36,448.347,148,58
1629815880,448.36,448.37,448.36,448.37,448.368,59,26
1629815885,448.37,448.38,448.35,448.36,448.365,110,49
1629815890,448.36,448.36,448.35,448.36,448.359,17,15
1629815895,448.36,448.36,448.35,448.36,448.36,13,13
1629815900,448.36,448.36,448.34,448.35,448.351,49,32
1629815905,448.36,448.37,448.36,448.37,448.361,11,7
1629815910,448.37,448.37,448.35,448.37,448.366,32,27
1629815915,448.36,448.37,448.35,448.36,448.363,55,36
1629815920,448.35,448.36,448.35,448.35,448.353,11,7
1629815925,448.35,448.37,448.35,448.37,448.363,38,19
1629815930,448.36,448.36,448.36,448.36,448.36,3,3
1629815935,448.36,448.37,448.36,448.36,448.362,18,13
1629815940,448.36,448.37,448.35,448.36,448.359,54,17
1629815945,448.37,448.37,448.33,448.34,448.345,73,50
1629815950,448.35,448.36,448.35,448.36,448.352,7,7
1629815955,448.36,448.37,448.35,448.35,448.358,50,36
1629815960,448.35,448.35,448.33,448.33,448.335,19,11
1629815965,448.34,448.34,448.32,448.32,448.331,18,11
1629815970,448.32,448.33,448.32,448.33,448.324,9,5
1629815975,448.33,448.33,448.3,448.32,448.316,57,34
1629815980,448.32,448.34,448.32,448.34,448.332,56,32
1629815985,448.34,448.35,448.33,448.33,448.345,23,18
1629815990,448.34,448.35,448.34,448.34,448.341,21,16
1629815995,448.33,448.35,448.33,448.33,448.333,25,12
1629816000,448.34,448.35,448.33,448.34,448.345,35,24
1629816005,448.34,448.35,448.33,448.33,448.337,20,12
1629816010,448.34,448.34,448.32,448.32,448.33,19,15
1629816015,448.31,448.33,448.31,448.32,448.313,30,18
1629816020,448.33,448.33,448.31,448.32,448.311,76,38
1629816025,448.33,448.34,448.32,448.32,448.324,31,19
1629816030,448.33,448.33,448.32,448.33,448.327,20,11
1629816035,448.33,448.35,448.32,448.32,448.334,48,46
1629816040,448.33,448.33,448.3,448.3,448.312,36,32
1629816045,448.3,448.3,448.27,448.28,448.291,155,80
1629816050,448.28,448.28,448.27,448.27,448.27,19,16
1629816055,448.27,448.29,448.26,448.28,448.276,87,54
1629816060,448.29,448.29,448.27,448.27,448.276,27,19
1629816065,448.28,448.28,448.27,448.27,448.271,17,13
1629816070,448.28,448.28,448.26,448.28,448.273,23,20
1629816075,448.27,448.28,448.26,448.28,448.271,37,32
1629816080,448.28,448.29,448.27,448.29,448.276,68,54
1629816085,448.29,448.29,448.28,448.29,448.283,6,4
1629816090,448.28,448.3,448.28,448.3,448.288,36,27
1629816095,448.3,448.31,448.28,448.3,448.295,61,47
1629816100,448.3,448.32,448.29,448.31,448.31,17,14
1629816105,448.32,448.32,448.31,448.31,448.314,18,15
1629816110,448.31,448.32,448.31,448.32,448.313,8,8
1629816115,448.31,448.33,448.31,448.33,448.316,17,14
1629816120,448.33,448.33,448.32,448.33,448.326,11,7
1629816125,448.33,448.34,448.31,448.32,448.325,46,34
1629816130,448.32,448.33,448.32,448.33,448.329,15,9
1629816135,448.34,448.35,448.33,448.33,448.343,82,41
1629816140,448.33,448.33,448.31,448.31,448.317,83,59
1629816145,448.32,448.32,448.3,448.31,448.311,18,15
1629816150,448.31,448.31,448.3,448.3,448.309,14,3
1629816155,448.3,448.32,448.3,448.31,448.307,34,20
1629816160,448.3,448.3,448.28,448.29,448.292,77,53
1629816165,448.29,448.29,448.27,448.27,448.28,44,27
1629816170,448.27,448.28,448.27,448.28,448.273,17,8
1629816175,448.28,448.28,448.27,448.27,448.275,11,9
1629816180,448.27,448.27,448.25,448.26,448.262,107,68
1629816185,448.26,448.27,448.25,448.27,448.267,50,33
1629816190,448.27,448.28,448.27,448.28,448.271,10,10
1629816195,448.28,448.31,448.27,448.31,448.288,37,33
1629816200,448.31,448.33,448.31,448.31,448.315,35,28
1629816205,448.31,448.32,448.31,448.32,448.319,7,7
1629816210,448.33,448.33,448.32,448.33,448.329,2,2
1629816215,448.32,448.32,448.31,448.31,448.31,34,29
1629816220,448.31,448.32,448.3,448.31,448.307,18,14
1629816225,448.31,448.32,448.31,448.31,448.315,17,13
1629816230,448.31,448.31,448.3,448.3,448.308,8,8
1629816235,448.3,448.32,448.3,448.31,448.31,9,6
1629816240,448.32,448.32,448.3,448.31,448.31,30,24
1629816245,448.31,448.32,448.3,448.31,448.31,41,35
1629816250,448.32,448.32,448.31,448.32,448.319,34,27
1629816255,448.31,448.32,448.31,448.31,448.312,10,6
1629816260,448.31,448.32,448.31,448.31,448.311,43,13
1629816265,448.31,448.31,448.3,448.31,448.309,18,15
1629816270,448.3,448.31,448.3,448.3,448.301,19,15
1629816275,448.31,448.31,448.3,448.31,448.307,16,13
1629816280,448.3,448.32,448.29,448.29,448.3,24,20
1629816285,448.29,448.3,448.29,448.3,448.292,32,17
1629816290,448.3,448.31,448.3,448.3,448.3,21,16
1629816295,448.3,448.31,448.29,448.3,448.307,32,26
1629816300,448.29,448.33,448.29,448.33,448.301,48,36
1629816305,448.33,448.34,448.32,448.33,448.331,68,35
1629816310,448.33,448.34,448.32,448.34,448.326,63,44
1629816315,448.34,448.34,448.31,448.33,448.328,23,19
1629816320,448.32,448.32,448.31,448.32,448.319,8,8
1629816325,448.32,448.32,448.31,448.32,448.314,9,5
1629816330,448.32,448.33,448.32,448.32,448.321,26,18
1629816335,448.32,448.32,448.29,448.3,448.304,90,48
1629816340,448.3,448.3,448.29,448.3,448.292,24,11
1629816345,448.3,448.3,448.29,448.3,448.297,27,9
1629816350,448.29,448.3,448.29,448.3,448.291,14,8
1629816355,448.3,448.32,448.3,448.31,448.304,28,23
1629816360,448.31,448.32,448.31,448.31,448.312,30,21
1629816365,448.31,448.31,448.3,448.3,448.303,15,6
1629816370,448.3,448.3,448.29,448.3,448.296,9,7
1629816375,448.29,448.29,448.28,448.29,448.286,36,21
1629816380,448.29,448.32,448.28,448.32,448.296,114,68
1629816385,448.32,448.32,448.3,448.31,448.307,46,14
1629816390,448.31,448.33,448.3,448.32,448.316,19,15
1629816395,448.33,448.34,448.32,448.33,448.332,19,16
1629816400,448.33,448.33,448.3,448.32,448.311,70,44
1629816405,448.31,448.33,448.31,448.33,448.318,35,22
1629816410,448.33,448.35,448.33,448.34,448.344,23,19
1629816415,448.35,448.35,448.34,448.35,448.348,19,15
1629816420,448.35,448.35,448.34,448.35,448.349,45,15
1629816425,448.34,448.35,448.33,448.35,448.339,20,15
1629816430,448.34,448.35,448.34,448.35,448.346,44,30
1629816435,448.35,448.35,448.33,448.33,448.34,25,20
1629816440,448.34,448.34,448.27,448.28,448.293,81,53
1629816445,448.28,448.29,448.27,448.27,448.279,10,9
1629816450,448.27,448.28,448.25,448.26,448.267,55,33
1629816455,448.26,448.28,448.25,448.27,448.261,105,36
1629816460,448.28,448.3,448.27,448.29,448.283,75,39
1629816465,448.3,448.3,448.27,448.28,448.277,65,42
1629816470,448.28,448.28,448.25,448.25,448.266,62,49
1629816475,448.25,448.25,448.22,448.22,448.243,129,22
1629816480,448.23,448.26,448.22,448.26,448.242,68,40
1629816485,448.26,448.28,448.26,448.28,448.265,40,27
1629816490,448.28,448.29,448.27,448.28,448.278,21,11
1629816495,448.28,448.28,448.27,448.27,448.274,7,6
1629816500,448.27,448.29,448.26,448.29,448.271,24,22
1629816505,448.28,448.29,448.28,448.29,448.282,41,13
1629816510,448.29,448.31,448.27,448.28,448.296,220,118
1629816515,448.27,448.29,448.27,448.29,448.281,18,14
1629816520,448.29,448.29,448.26,448.26,448.274,158,78
1629816525,448.26,448.26,448.24,448.25,448.244,96,48
1629816530,448.24,448.25,448.24,448.24,448.24,24,10
1629816535,448.25,448.26,448.24,448.25,448.249,6,5
1629816540,448.26,448.28,448.25,448.25,448.266,65,51
1629816545,448.25,448.27,448.25,448.27,448.263,45,17
1629816550,448.26,448.26,448.25,448.25,448.257,10,8
1629816555,448.25,448.26,448.23,448.25,448.242,52,30
1629816560,448.25,448.28,448.25,448.28,448.265,117,69
1629816565,448.28,448.28,448.27,448.27,448.273,21,12
1629816570,448.28,448.29,448.27,448.28,448.273,55,29
1629816575,448.29,448.31,448.29,448.3,448.296,21,20
1629816580,448.31,448.31,448.3,448.31,448.308,9,6
1629816585,448.31,448.35,448.31,448.33,448.329,270,128
1629816590,448.33,448.34,448.32,448.34,448.331,37,28
1629816595,448.33,448.35,448.32,448.35,448.335,30,21
1629816600,448.34,448.37,448.34,448.37,448.36,87,53
1629816605,448.36,448.37,448.35,448.36,448.363,52,28
1629816610,448.36,448.37,448.36,448.36,448.362,8,7
1629816615,448.36,448.38,448.35,448.37,448.368,103,42
1629816620,448.36,448.41,448.36,448.38,448.395,190,115
1629816625,448.39,448.39,448.38,448.39,448.385,53,30
1629816630,448.39,448.39,448.38,448.39,448.384,21,17
1629816635,448.39,448.4,448.39,448.39,448.393,7,7
1629816640,448.4,448.41,448.39,448.41,448.403,7,6
1629816645,448.39,448.41,448.39,448.41,448.404,14,8
1629816650,448.41,448.44,448.4,448.44,448.418,581,155
1629816655,448.43,448.44,448.42,448.43,448.427,100,49
1629816660,448.43,448.43,448.43,448.43,448.43,7,7
1629816665,448.42,448.42,448.4,448.41,448.416,38,26
1629816670,448.41,448.42,448.4,448.41,448.408,26,21
1629816675,448.41,448.42,448.39,448.41,448.406,23,14
1629816680,448.42,448.44,448.41,448.44,448.43,21,15
1629816685,448.45,448.46,448.45,448.46,448.455,56,37
1629816690,448.45,448.46,448.45,448.46,448.458,23,17
1629816695,448.45,448.46,448.45,448.46,448.457,3,2
1629816700,448.45,448.46,448.44,448.45,448.449,8,7
1629816705,448.44,448.44,448.39,448.4,448.42,62,35
1629816710,448.4,448.41,448.39,448.4,448.404,154,104
1629816715,448.4,448.41,448.4,448.4,448.401,56,37
1629816720,448.4,448.41,448.38,448.38,448.399,189,83
1629816725,448.38,448.39,448.37,448.39,448.383,34,23
1629816730,448.4,448.41,448.4,448.41,448.404,31,18
1629816735,448.39,448.39,448.38,448.39,448.384,7,5
1629816740,448.39,448.41,448.39,448.39,448.4,51,33
1629816745,448.39,448.39,448.37,448.37,448.38,48,13
1629816750,448.36,448.37,448.35,448.35,448.354,59,24
1629816755,448.36,448.37,448.31,448.34,448.328,137,54
1629816760,448.34,448.34,448.33,448.34,448.334,19,11
1629816765,448.34,448.34,448.33,448.33,448.334,61,37
1629816770,448.33,448.34,448.33,448.34,448.334,76,40
1629816775,448.34,448.36,448.28,448.29,448.33,191,122
1629816780,448.28,448.28,448.22,448.22,448.244,258,154
1629816785,448.22,448.23,448.19,448.22,448.205,217,112
1629816790,448.21,448.23,448.2,448.22,448.219,70,41
1629816795,448.23,448.26,448.23,448.25,448.251,38,22
1629816800,448.26,448.28,448.26,448.27,448.265,24,18
1629816805,448.27,448.27,448.25,448.26,448.26,15,12
1629816810,448.26,448.28,448.26,448.27,448.266,43,28
1629816815,448.28,448.28,448.26,448.27,448.274,29,20
1629816820,448.27,448.28,448.26,448.28,448.273,8,8
1629816825,448.27,448.28,448.27,448.28,448.274,17,11
1629816830,448.27,448.28,448.25,448.28,448.268,20,12
1629816835,448.28,448.3,448.28,448.29,448.292,43,27
1629816840,448.29,448.31,448.29,448.29,448.298,27,23
1629816845,448.3,448.31,448.29,448.31,448.305,141,56
1629816850,448.31,448.32,448.28,448.3,448.303,39,22
1629816855,448.29,448.31,448.29,448.3,448.3,27,22
1629816860,448.29,448.3,448.26,448.27,448.281,46,30
1629816865,448.27,448.27,448.25,448.25,448.254,61,39
1629816870,448.24,448.27,448.24,448.26,448.258,17,15
1629816875,448.27,448.29,448.26,448.29,448.279,21,18
1629816880,448.3,448.31,448.3,448.3,448.304,54,34
1629816885,448.28,448.29,448.28,448.28,448.28,2,2
1629816890,448.26,448.27,448.25,448.26,448.26,30,22
1629816895,448.26,448.27,448.23,448.23,448.25,126,67
1629816900,448.23,448.24,448.21,448.22,448.226,38,27
1629816905,448.23,448.25,448.22,448.25,448.241,33,20
1629816910,448.25,448.26,448.24,448.24,448.242,22,9
1629816915,448.25,448.27,448.25,448.26,448.253,74,32
1629816920,448.27,448.28,448.26,448.28,448.273,11,6
1629816925,448.27,448.28,448.25,448.28,448.271,29,26
1629816930,448.28,448.28,448.26,448.28,448.264,37,23
1629816935,448.27,448.27,448.27,448.27,448.27,3,3
1629816940,448.28,448.28,448.26,448.26,448.27,25,18
1629816945,448.27,448.27,448.25,448.25,448.258,27,23
1629816950,448.25,448.27,448.25,448.26,448.263,26,18
1629816955,448.26,448.26,448.26,448.26,448.26,5,5
1629816960,448.25,448.27,448.24,448.25,448.254,16,13
1629816965,448.25,448.25,448.24,448.25,448.248,5,5
1629816970,448.24,448.25,448.21,448.23,448.23,192,60
1629816975,448.23,448.24,448.22,448.23,448.232,10,7
1629816980,448.24,448.24,448.21,448.22,448.219,31,20
1629816985,448.22,448.24,448.22,448.24,448.23,131,40
1629816990,448.24,448.25,448.24,448.24,448.241,20,14
1629816995,448.24,448.24,448.24,448.24,448.24,2,2
1629817000,448.24,448.24,448.23,448.24,448.239,9,7
1629817005,448.24,448.26,448.24,448.25,448.246,29,21
1629817010,448.25,448.26,448.25,448.25,448.252,20,16
1629817015,448.25,448.25,448.23,448.23,448.242,17,14
1629817020,448.23,448.24,448.23,448.24,448.239,7,5
1629817025,448.24,448.25,448.24,448.24,448.241,18,17
1629817030,448.25,448.26,448.24,448.24,448.25,36,25
1629817035,448.25,448.25,448.23,448.23,448.23,278,48
1629817040,448.23,448.24,448.23,448.24,448.231,36,23
1629817045,448.23,448.23,448.22,448.23,448.229,12,11
1629817050,448.24,448.24,448.22,448.23,448.224,35,31
1629817055,448.23,448.26,448.23,448.25,448.251,65,47
1629817060,448.24,448.24,448.23,448.24,448.236,9,7
1629817065,448.23,448.25,448.23,448.24,448.239,22,19
1629817070,448.23,448.23,448.21,448.22,448.22,25,23
1629817075,448.22,448.22,448.2,448.2,448.209,8,7
1629817080,448.21,448.22,448.21,448.22,448.212,51,34
1629817085,448.22,448.22,448.2,448.21,448.21,31,11
1629817090,448.2,448.21,448.17,448.2,448.178,99,63
1629817095,448.2,448.21,448.18,448.18,448.185,13,11
1629817100,448.17,448.18,448.15,448.18,448.156,76,54
1629817105,448.17,448.19,448.17,448.18,448.175,50,18
1629817110,448.19,448.19,448.14,448.15,448.156,59,39
1629817115,448.14,448.15,448.14,448.14,448.145,11,6
1629817120,448.15,448.16,448.14,448.14,448.151,55,25
1629817125,448.14,448.14,448.1,448.12,448.116,133,97
1629817130,448.12,448.13,448.11,448.12,448.12,59,34
1629817135,448.12,448.13,448.09,448.09,448.118,35,24
1629817140,448.1,448.11,448.09,448.1,448.099,47,27
1629817145,448.11,448.12,448.11,448.12,448.113,40,25
1629817150,448.12,448.14,448.1,448.13,448.122,128,71
1629817155,448.14,448.16,448.14,448.15,448.146,68,48
1629817160,448.15,448.17,448.14,448.14,448.154,37,25
1629817165,448.14,448.14,448.14,448.14,448.14,30,23
1629817170,448.15,448.15,448.14,448.15,448.146,5,4
1629817175,448.15,448.16,448.14,448.16,448.155,45,32
1629817180,448.16,448.16,448.15,448.15,448.152,19,16
1629817185,448.16,448.21,448.16,448.19,448.192,58,30
1629817190,448.19,448.2,448.19,448.19,448.192,45,25
1629817195,448.18,448.2,448.18,448.19,448.189,20,17
1629817200,448.19,448.2,448.17,448.19,448.187,58,44
1629817205,448.18,448.18,448.16,448.18,448.173,23,15
1629817210,448.18,448.21,448.17,448.19,448.189,37,26
1629817215,448.19,448.22,448.19,448.22,448.208,41,33
1629817220,448.21,448.23,448.2,448.22,448.218,137,85
1629817225,448.22,448.22,448.2,448.2,448.212,53,30
1629817230,448.2,448.21,448.16,448.17,448.181,43,29
1629817235,448.17,448.2,448.17,448.19,448.183,39,31
1629817240,448.2,448.2,448.18,448.2,448.193,116,66
1629817245,448.2,448.2,448.18,448.18,448.187,26,20
1629817250,448.18,448.18,448.17,448.17,448.176,14,10
1629817255,448.18,448.2,448.18,448.19,448.19,70,51
1629817260,448.19,448.22,448.19,448.22,448.207,30,25
1629817265,448.22,448.23,448.22,448.22,448.22,6,5
1629817270,448.21,448.21,448.18,448.18,448.197,28,21
1629817275,448.18,448.18,448.17,448.18,448.178,25,20
1629817280,448.18,448.18,448.16,448.18,448.174,78,55
1629817285,448.19,448.2,448.18,448.2,448.191,6,6
1629817290,448.19,448.21,448.19,448.21,448.201,13,9
1629817295,448.2,448.2,448.18,448.19,448.195,19,18
1629817300,448.19,448.2,448.18,448.19,448.19,29,17
1629817305,448.19,448.2,448.18,448.19,448.191,10,7
1629817310,448.19,448.2,448.18,448.19,448.19,20,17
1629817315,448.19,448.21,448.19,448.21,448.2,19,15
1629817320,448.22,448.23,448.21,448.22,448.22,125,96
1629817325,448.22,448.22,448.2,448.21,448.208,27,24
1629817330,448.2,448.22,448.19,448.21,448.203,236,166
1629817335,448.21,448.23,448.21,448.23,448.217,14,8
1629817340,448.23,448.26,448.22,448.25,448.237,55,26
1629817345,448.25,448.26,448.24,448.25,448.25,76,40
1629817350,448.25,448.26,448.24,448.24,448.247,30,25
1629817355,448.24,448.24,448.23,448.24,448.238,18,14
1629817360,448.24,448.25,448.23,448.24,448.237,65,50
1629817365,448.25,448.25,448.23,448.23,448.235,12,9
1629817370,448.23,448.25,448.23,448.25,448.239,8,7
1629817375,448.24,448.26,448.24,448.25,448.248,58,40
1629817380,448.25,448.28,448.25,448.27,448.262,64,41
1629817385,448.27,448.27,448.24,448.24,448.261,55,45
1629817390,448.24,448.24,448.19,448.22,448.209,284,151
1629817395,448.21,448.23,448.21,448.22,448.22,32,21
1629817400,448.21,448.22,448.21,448.22,448.218,16,14
1629817405,448.22,448.23,448.19,448.19,448.208,48,39
1629817410,448.19,448.19,448.18,448.18,448.182,12,7
1629817415,448.2,448.2,448.19,448.19,448.196,5,5
1629817420,448.2,448.2,448.18,448.19,448.185,30,14
1629817425,448.18,448.18,448.14,448.15,448.155,66,44
1629817430,448.14,448.14,448.12,448.14,448.13,247,114
1629817435,448.14,448.15,448.14,448.14,448.143,14,14
1629817440,448.15,448.15,448.12,448.13,448.13,83,38
1629817445,448.13,448.14,448.12,448.14,448.131,51,23
1629817450,448.15,448.15,448.13,448.14,448.141,28,15
1629817455,448.12,448.12,448.1,448.1,448.104,40,20
1629817460,448.11,448.13,448.11,448.12,448.117,9,9
1629817465,448.13,448.15,448.12,448.13,448.14,19,13
1629817470,448.12,448.13,448.07,448.07,448.09,56,45
1629817475,448.08,448.08,448.07,448.07,448.072,13,9
1629817480,448.06,448.06,448.03,448.05,448.045,148,90
1629817485,448.05,448.09,448.04,448.09,448.057,101,69
1629817490,448.09,448.11,448.09,448.09,448.1,36,28
1629817495,448.1,448.13,448.1,448.12,448.118,21,13
1629817500,448.12,448.13,448.11,448.13,448.12,25,22
1629817505,448.11,448.13,448.11,448.13,448.125,7,6
1629817510,448.11,448.12,448.09,448.12,448.11,10,10
1629817515,448.14,448.14,448.12,448.12,448.133,9,9
1629817520,448.12,448.13,448.11,448.13,448.126,17,10
1629817525,448.11,448.11,448.09,448.1,448.101,26,7
1629817530,448.1,448.11,448.09,448.1,448.106,14,12
1629817535,448.11,448.13,448.11,448.13,448.111,149,31
1629817540,448.13,448.18,448.12,448.18,448.16,35,26
1629817545,448.16,448.18,448.16,448.18,448.162,74,46
1629817550,448.18,448.18,448.17,448.18,448.175,4,3
1629817555,448.16,448.21,448.16,448.2,448.195,28,23
1629817560,448.2,448.21,448.19,448.2,448.2,71,22
1629817565,448.21,448.21,448.19,448.21,448.204,76,32
1629817570,448.21,448.23,448.21,448.22,448.221,36,14
1629817575,448.21,448.22,448.21,448.22,448.213,5,5
1629817580,448.22,448.23,448.21,448.22,448.221,7,7
1629817585,448.22,448.23,448.22,448.22,448.22,40,10
1629817590,448.22,448.22,448.21,448.22,448.218,2,2
1629817595,448.23,448.24,448.23,448.24,448.233,26,22
1629817600,448.24,448.24,448.21,448.23,448.224,32,25
1629817605,448.22,448.23,448.2,448.2,448.215,21,19
1629817610,448.2,448.22,448.19,448.22,448.21,128,79
1629817615,448.21,448.23,448.21,448.23,448.221,18,13
1629817620,448.22,448.23,448.22,448.22,448.221,11,11
1629817625,448.22,448.23,448.21,448.21,448.218,42,15
1629817630,448.22,448.22,448.21,448.22,448.219,15,13
1629817635,448.23,448.24,448.23,448.24,448.234,15,13
1629817640,448.24,448.24,448.22,448.22,448.23,117,67
1629817645,448.22,448.25,448.22,448.25,448.229,41,33
1629817650,448.25,448.26,448.24,448.25,448.246,38,20
1629817655,448.24,448.24,448.22,448.22,448.234,63,29
1629817660,448.22,448.23,448.22,448.23,448.225,6,4
1629817665,448.23,448.23,448.21,448.23,448.223,12,12
1629817670,448.22,448.23,448.21,448.22,448.215,28,23
1629817675,448.22,448.22,448.21,448.21,448.215,28,19
1629817680,448.21,448.23,448.21,448.22,448.216,32,25
1629817685,448.22,448.22,448.21,448.22,448.219,22,15
1629817690,448.21,448.22,448.19,448.19,448.204,51,35
1629817695,448.2,448.21,448.19,448.2,448.196,36,25
1629817700,448.2,448.23,448.2,448.22,448.206,27,20
1629817705,448.22,448.23,448.21,448.22,448.214,15,14
1629817710,448.22,448.22,448.21,448.21,448.214,8,8
1629817715,448.21,448.23,448.21,448.22,448.214,7,7
1629817720,448.22,448.23,448.21,448.22,448.223,16,13
1629817725,448.23,448.25,448.23,448.23,448.238,36,26
1629817730,448.22,448.24,448.22,448.23,448.226,27,15
1629817735,448.23,448.25,448.23,448.25,448.243,30,20
1629817740,448.25,448.26,448.24,448.24,448.247,35,25
1629817745,448.25,448.25,448.23,448.25,448.245,36,29
1629817750,448.24,448.25,448.22,448.22,448.24,45,38
1629817755,448.23,448.23,448.23,448.23,448.23,1,1
1629817760,448.23,448.25,448.22,448.25,448.239,11,10
1629817765,448.25,448.26,448.24,448.24,448.254,9,8
1629817770,448.24,448.25,448.24,448.24,448.242,4,3
1629817775,448.24,448.24,448.22,448.22,448.233,19,18
1629817780,448.23,448.23,448.22,448.23,448.229,8,7
1629817785,448.22,448.22,448.21,448.22,448.219,5,5
1629817790,448.22,448.24,448.22,448.23,448.229,8,8
1629817795,448.21,448.22,448.19,448.22,448.204,34,26
1629817800,448.22,448.24,448.22,448.23,448.229,14,13
1629817805,448.22,448.25,448.22,448.25,448.235,11,9
1629817810,448.25,448.25,448.23,448.24,448.239,14,12
1629817815,448.25,448.25,448.24,448.24,448.243,3,3
1629817820,448.25,448.26,448.23,448.24,448.247,37,26
1629817825,448.23,448.24,448.23,448.23,448.231,10,10
1629817830,448.22,448.22,448.22,448.22,448.22,2,1
1629817835,448.23,448.24,448.23,448.24,448.235,24,14
1629817840,448.25,448.25,448.24,448.25,448.247,6,6
1629817845,448.25,448.25,448.22,448.23,448.229,16,10
1629817850,448.23,448.24,448.23,448.23,448.23,44,30
1629817855,448.23,448.23,448.21,448.21,448.214,39,21
1629817860,448.21,448.22,448.2,448.2,448.206,63,34
1629817865,448.2,448.2,448.2,448.2,448.2,21,6
1629817870,448.2,448.2,448.19,448.19,448.2,16,6
1629817875,448.2,448.2,448.18,448.19,448.181,135,16
1629817880,448.19,448.2,448.19,448.2,448.193,37,28
1629817885,448.19,448.19,448.18,448.18,448.182,22,20
1629817890,448.18,448.2,448.18,448.19,448.185,23,19
1629817895,448.19,448.2,448.19,448.2,448.194,20,19
1629817900,448.18,448.19,448.17,448.18,448.181,17,15
1629817905,448.18,448.18,448.18,448.18,448.18,4,4
1629817910,448.16,448.17,448.15,448.17,448.162,27,24
1629817915,448.17,448.18,448.16,448.17,448.17,15,12
1629817920,448.18,448.19,448.17,448.19,448.179,8,6
1629817925,448.19,448.19,448.17,448.17,448.181,16,15
1629817930,448.18,448.19,448.18,448.19,448.181,8,6
1629817935,448.19,448.2,448.19,448.2,448.199,10,9
1629817940,448.21,448.22,448.2,448.2,448.213,28,21
1629817945,448.2,448.21,448.18,448.18,448.193,27,18
1629817950,448.18,448.19,448.17,448.19,448.186,24,22
1629817955,448.19,448.22,448.19,448.21,448.212,14,12
1629817960,448.21,448.22,448.21,448.22,448.214,13,12
1629817965,448.23,448.23,448.22,448.23,448.226,5,5
1629817970,448.23,448.23,448.23,448.23,448.23,1,1
1629817975,448.24,448.25,448.24,448.25,448.247,26,21
1629817980,448.24,448.25,448.23,448.24,448.242,46,34
1629817985,448.25,448.25,448.24,448.24,448.248,7,6
1629817990,448.24,448.25,448.24,448.24,448.243,35,12
1629817995,448.25,448.25,448.25,448.25,448.25,7,7
1629818000,448.25,448.26,448.24,448.25,448.249,2,2
1629818005,448.24,448.25,448.24,448.24,448.241,6,2
1629818010,448.25,448.25,448.25,448.25,448.25,4,3
1629818015,448.25,448.25,448.22,448.22,448.237,19,18
1629818020,448.22,448.25,448.22,448.25,448.239,22,18
1629818025,448.26,448.28,448.26,448.28,448.269,78,53
1629818030,448.27,448.28,448.27,448.28,448.274,10,9
1629818035,448.27,448.28,448.26,448.27,448.272,43,27
1629818040,448.28,448.29,448.27,448.27,448.275,45,30
1629818045,448.27,448.28,448.26,448.26,448.261,15,15
1629818050,448.26,448.27,448.26,448.26,448.263,36,22
1629818055,448.26,448.27,448.26,448.27,448.261,8,7
1629818060,448.26,448.26,448.26,448.26,448.26,4,4
1629818065,448.27,448.28,448.26,448.26,448.271,51,21
1629818070,448.27,448.3,448.27,448.29,448.284,13,13
1629818075,448.29,448.31,448.28,448.3,448.298,49,27
1629818080,448.29,448.3,448.27,448.28,448.288,58,40
1629818085,448.28,448.28,448.27,448.27,448.278,4,4
1629818090,448.28,448.29,448.28,448.29,448.289,48,26
1629818095,448.29,448.3,448.28,448.29,448.29,49,30
1629818100,448.28,448.31,448.28,448.3,448.297,30,21
1629818105,448.3,448.31,448.29,448.29,448.3,19,15
1629818110,448.29,448.29,448.28,448.29,448.289,18,17
1629818115,448.3,448.31,448.28,448.28,448.297,29,14
1629818120,448.28,448.29,448.27,448.28,448.28,12,11
1629818125,448.28,448.31,448.27,448.3,448.289,34,32
1629818130,448.29,448.31,448.29,448.3,448.3,19,17
1629818135,448.3,448.31,448.29,448.31,448.302,23,18
1629818140,448.31,448.32,448.3,448.31,448.307,125,94
1629818145,448.31,448.32,448.3,448.3,448.308,31,26
1629818150,448.3,448.3,448.27,448.28,448.29,45,31
1629818155,448.28,448.28,448.26,448.27,448.267,40,32
1629818160,448.27,448.27,448.26,448.27,448.262,24,19
1629818165,448.26,448.27,448.26,448.27,448.268,8,8
1629818170,448.27,448.27,448.26,448.26,448.261,10,9
1629818175,448.26,448.27,448.26,448.26,448.261,27,19
1629818180,448.27,448.28,448.27,448.27,448.274,31,25
1629818185,448.27,448.27,448.26,448.27,448.261,22,14
1629818190,448.27,448.27,448.25,448.25,448.26,20,18
1629818195,448.25,448.26,448.25,448.26,448.258,11,6
1629818200,448.25,448.26,448.25,448.25,448.25,17,16
1629818205,448.26,448.27,448.25,448.25,448.258,13,12
1629818210,448.25,448.25,448.21,448.22,448.23,62,46
1629818215,448.22,448.23,448.21,448.23,448.221,12,10
1629818220,448.23,448.23,448.22,448.23,448.223,3,3
1629818225,448.23,448.24,448.23,448.23,448.233,7,7
1629818230,448.24,448.24,448.22,448.23,448.231,29,19
1629818235,448.23,448.24,448.23,448.24,448.231,3,3
1629818240,448.23,448.23,448.22,448.23,448.226,9,5
1629818245,448.23,448.26,448.23,448.26,448.244,13,13
1629818250,448.27,448.28,448.26,448.28,448.269,22,16
1629818255,448.28,448.29,448.27,448.29,448.282,6,5
1629818260,448.29,448.3,448.29,448.3,448.297,39,9
1629818265,448.29,448.3,448.29,448.3,448.296,10,9
1629818270,448.3,448.31,448.3,448.3,448.301,14,12
1629818275,448.3,448.31,448.3,448.31,448.303,12,11
1629818280,448.31,448.33,448.3,448.32,448.321,50,33
1629818285,448.32,448.33,448.31,448.32,448.317,44,36
1629818290,448.31,448.32,448.31,448.31,448.314,5,4
1629818295,448.31,448.33,448.31,448.33,448.32,20,14
1629818300,448.33,448.33,448.32,448.32,448.324,12,9
1629818305,448.33,448.33,448.32,448.33,448.33,73,27
1629818310,448.32,448.34,448.32,448.33,448.333,108,44
1629818315,448.33,448.34,448.32,448.34,448.333,35,26
1629818320,448.33,448.34,448.31,448.32,448.323,34,24
1629818325,448.32,448.34,448.32,448.33,448.325,12,10
1629818330,448.34,448.35,448.33,448.35,448.341,77,45
1629818335,448.34,448.36,448.34,448.35,448.352,78,45
1629818340,448.35,448.36,448.35,448.35,448.352,61,37
1629818345,448.35,448.35,448.34,448.35,448.349,19,11
1629818350,448.35,448.35,448.32,448.32,448.336,57,26
1629818355,448.33,448.33,448.32,448.32,448.323,17,13
1629818360,448.33,448.33,448.29,448.3,448.304,62,46
1629818365,448.3,448.3,448.3,448.3,448.3,7,4
1629818370,448.31,448.31,448.31,448.31,448.31,7,7
1629818375,448.31,448.32,448.31,448.31,448.314,19,8
1629818380,448.31,448.31,448.3,448.3,448.302,17,5
1629818385,448.31,448.33,448.31,448.32,448.322,49,27
1629818390,448.31,448.31,448.3,448.3,448.302,24,18
1629818395,448.29,448.29,448.27,448.28,448.278,28,20
1629818400,448.28,448.29,448.28,448.28,448.288,52,29
1629818405,448.28,448.29,448.28,448.29,448.284,14,11
1629818410,448.29,448.29,448.28,448.29,448.282,8,5
1629818415,448.29,448.29,448.28,448.28,448.282,5,5
1629818420,448.28,448.28,448.28,448.28,448.28,0,0
1629818425,448.29,448.29,448.26,448.27,448.272,30,26
1629818430,448.28,448.28,448.27,448.27,448.276,7,7
1629818435,448.28,448.3,448.28,448.3,448.291,17,15
1629818440,448.3,448.3,448.3,448.3,448.3,7,7
1629818445,448.31,448.32,448.31,448.32,448.311,11,10
1629818450,448.32,448.34,448.32,448.34,448.323,60,23
1629818455,448.34,448.34,448.33,448.33,448.339,105,63
1629818460,448.33,448.38,448.33,448.37,448.36,123,80
1629818465,448.36,448.36,448.34,448.35,448.354,43,29
1629818470,448.35,448.35,448.32,448.33,448.336,20,15
1629818475,448.33,448.34,448.32,448.33,448.334,13,9
1629818480,448.33,448.33,448.31,448.32,448.314,42,36
1629818485,448.32,448.33,448.32,448.32,448.321,23,12
1629818490,448.32,448.33,448.3,448.3,448.322,45,24
1629818495,448.31,448.31,448.29,448.29,448.295,14,11
1629818500,448.29,448.3,448.28,448.29,448.289,12,11
1629818505,448.29,448.29,448.28,448.29,448.289,20,15
1629818510,448.29,448.31,448.29,448.3,448.296,23,17
1629818515,448.3,448.32,448.3,448.31,448.31,58,26
1629818520,448.32,448.33,448.32,448.33,448.325,9,8
1629818525,448.32,448.33,448.32,448.33,448.325,6,4
1629818530,448.33,448.34,448.32,448.34,448.33,41,19
1629818535,448.34,448.35,448.34,448.34,448.341,37,24
1629818540,448.35,448.36,448.34,448.36,448.349,8,5
1629818545,448.36,448.36,448.35,448.35,448.357,53,18
1629818550,448.36,448.37,448.35,448.36,448.361,116,30
1629818555,448.35,448.36,448.35,448.36,448.355,63,28
1629818560,448.35,448.36,448.34,448.36,448.353,15,13
1629818565,448.35,448.38,448.35,448.37,448.367,47,29
1629818570,448.37,448.38,448.36,448.36,448.368,53,38
1629818575,448.36,448.36,448.35,448.35,448.358,14,8
1629818580,448.36,448.38,448.35,448.37,448.37,136,40
1629818585,448.36,448.37,448.35,448.35,448.356,32,13
1629818590,448.35,448.36,448.35,448.35,448.35,4,3
1629818595,448.36,448.37,448.34,448.37,448.356,63,55
1629818600,448.37,448.37,448.36,448.36,448.368,12,10
1629818605,448.36,448.36,448.35,448.35,448.358,47,13
1629818610,448.35,448.35,448.32,448.33,448.336,25,17
1629818615,448.33,448.34,448.32,448.34,448.328,27,18
1629818620,448.34,448.35,448.33,448.33,448.34,17,13
1629818625,448.33,448.35,448.33,448.34,448.338,46,20
1629818630,448.33,448.33,448.32,448.32,448.322,8,4
1629818635,448.33,448.33,448.32,448.33,448.325,7,4
1629818640,448.32,448.33,448.32,448.32,448.321,44,26
1629818645,448.32,448.32,448.31,448.32,448.312,8,5
1629818650,448.32,448.32,448.31,448.31,448.31,43,29
1629818655,448.31,448.31,448.3,448.31,448.309,14,12
1629818660,448.31,448.32,448.3,448.32,448.315,41,32
1629818665,448.33,448.34,448.32,448.32,448.325,100,66
1629818670,448.32,448.32,448.3,448.31,448.31,50,40
1629818675,448.31,448.32,448.31,448.32,448.319,24,15
1629818680,448.32,448.33,448.31,448.32,448.324,31,22
1629818685,448.32,448.32,448.3,448.31,448.307,43,28
1629818690,448.31,448.31,448.3,448.31,448.308,5,5
1629818695,448.3,448.31,448.29,448.29,448.298,140,41
1629818700,448.29,448.3,448.29,448.29,448.29,59,12
1629818705,448.28,448.28,448.23,448.24,448.254,73,56
1629818710,448.24,448.25,448.23,448.23,448.24,42,22
1629818715,448.22,448.22,448.21,448.21,448.211,32,25
1629818720,448.21,448.22,448.19,448.2,448.203,36,25
1629818725,448.21,448.21,448.2,448.21,448.202,15,11
1629818730,448.21,448.22,448.2,448.21,448.211,75,51
1629818735,448.21,448.22,448.21,448.22,448.218,50,39
1629818740,448.22,448.22,448.2,448.21,448.202,33,23
1629818745,448.21,448.21,448.18,448.18,448.194,30,22
1629818750,448.19,448.19,448.18,448.19,448.184,28,25
1629818755,448.19,448.19,448.18,448.18,448.181,24,10
1629818760,448.17,448.18,448.12,448.13,448.149,105,57
1629818765,448.12,448.13,448.09,448.11,448.11,268,131
1629818770,448.11,448.14,448.1,448.14,448.117,67,40
1629818775,448.13,448.13,448.1,448.1,448.109,14,13
1629818780,448.1,448.1,448.08,448.09,448.093,49,34
1629818785,448.08,448.1,448.08,448.08,448.086,33,24
1629818790,448.09,448.09,448.06,448.08,448.071,37,30
1629818795,448.07,448.09,448.07,448.08,448.079,67,38
1629818800,448.08,448.08,448.07,448.08,448.078,27,24
1629818805,448.08,448.1,448.07,448.1,448.083,35,21
1629818810,448.1,448.1,448.07,448.08,448.098,58,40
1629818815,448.09,448.09,448.08,448.08,448.087,34,22
1629818820,448.07,448.07,448.05,448.06,448.063,21,19
1629818825,448.07,448.07,448.06,448.06,448.067,54,17
1629818830,448.06,448.06,448.05,448.05,448.057,30,19
1629818835,448.05,448.05,448.01,448.02,448.029,92,67
1629818840,448.01,448.05,448.01,448.05,448.024,77,42
1629818845,448.05,448.08,448.05,448.07,448.068,25,21
1629818850,448.06,448.08,448.06,448.08,448.067,87,31
1629818855,448.07,448.08,448.06,448.08,448.073,26,12
1629818860,448.08,448.09,448.07,448.08,448.085,25,22
1629818865,448.09,448.1,448.07,448.09,448.091,170,83
1629818870,448.09,448.09,448.08,448.09,448.085,1,1
1629818875,448.09,448.1,448.08,448.09,448.093,29,24
1629818880,448.09,448.09,448.08,448.08,448.08,100,66
1629818885,448.08,448.09,448.01,448.07,448.039,595,316
1629818890,448.07,448.07,448.05,448.07,448.068,42,19
1629818895,448.06,448.08,448.05,448.06,448.067,51,25
1629818900,448.07,448.08,448.06,448.08,448.071,30,16
1629818905,448.08,448.1,448.07,448.1,448.082,99,42
1629818910,448.1,448.12,448.09,448.11,448.103,18,14
1629818915,448.11,448.11,448.09,448.1,448.1,18,11
1629818920,448.1,448.1,448.06,448.06,448.075,93,71
1629818925,448.07,448.08,448.06,448.08,448.07,29,17
1629818930,448.07,448.08,448.06,448.07,448.077,61,29
1629818935,448.08,448.1,448.07,448.1,448.088,14,11
1629818940,448.09,448.1,448.06,448.07,448.078,58,32
1629818945,448.08,448.09,448.04,448.04,448.073,95,56
1629818950,448.05,448.06,448.03,448.04,448.046,52,35
1629818955,448.04,448.05,448.02,448.03,448.034,102,67
1629818960,448.03,448.03,448.02,448.03,448.028,15,8
1629818965,448.03,448.05,448.03,448.04,448.039,59,46
1629818970,448.03,448.07,448.03,448.07,448.047,21,20
1629818975,448.06,448.06,448.04,448.05,448.047,16,8
1629818980,448.04,448.04,448.04,448.04,448.04,14,12
1629818985,448.04,448.04,448.01,448.01,448.023,99,49
1629818990,448.01,448.01,448.0,448.0,448.0,110,71
1629818995,448.0,448.01,447.97,447.98,447.99,99,29
1629819000,447.98,447.99,447.92,447.92,447.952,280,178
1629819005,447.93,447.93,447.89,447.89,447.911,241,102
1629819010,447.89,447.89,447.83,447.87,447.855,105,86
1629819015,447.87,447.91,447.87,447.91,447.892,198,106
1629819020,447.91,447.93,447.9,447.92,447.912,78,53
1629819025,447.93,447.94,447.92,447.93,447.93,24,19
1629819030,447.92,447.92,447.89,447.91,447.903,53,33
1629819035,447.91,447.91,447.89,447.9,447.9,109,40
1629819040,447.91,447.95,447.91,447.94,447.927,33,27
1629819045,447.94,447.95,447.91,447.93,447.932,82,26
1629819050,447.93,447.94,447.92,447.93,447.932,24,20
1629819055,447.93,447.93,447.91,447.91,447.917,23,18
1629819060,447.91,447.93,447.9,447.91,447.914,46,31
1629819065,447.91,447.93,447.9,447.9,447.913,37,25
1629819070,447.9,447.91,447.88,447.89,447.903,43,22
1629819075,447.88,447.88,447.83,447.84,447.837,126,41
1629819080,447.84,447.86,447.83,447.86,447.847,36,28
1629819085,447.85,447.85,447.83,447.83,447.838,40,28
1629819090,447.83,447.85,447.83,447.84,447.848,68,21
1629819095,447.84,447.87,447.84,447.86,447.853,39,22
1629819100,447.85,447.88,447.85,447.87,447.872,100,67
1629819105,447.86,447.88,447.86,447.87,447.869,22,18
1629819110,447.87,447.89,447.86,447.88,447.873,132,93
1629819115,447.88,447.88,447.87,447.88,447.88,36,26
1629819120,447.87,447.88,447.86,447.88,447.869,18,16
1629819125,447.87,447.87,447.83,447.84,447.835,143,40
1629819130,447.83,447.83,447.83,447.83,447.83,17,11
1629819135,447.84,447.86,447.83,447.85,447.848,103,64
1629819140,447.85,447.86,447.83,447.84,447.842,26,22
1629819145,447.84,447.85,447.83,447.84,447.839,50,36
1629819150,447.85,447.86,447.84,447.85,447.847,66,53
1629819155,447.85,447.85,447.83,447.83,447.834,31,23
1629819160,447.84,447.84,447.79,447.79,447.809,278,119
1629819165,447.79,447.82,447.79,447.81,447.81,166,83
1629819170,447.81,447.86,447.8,447.85,447.831,61,33
1629819175,447.84,447.84,447.83,447.84,447.838,32,26
1629819180,447.83,447.84,447.82,447.83,447.828,75,56
1629819185,447.83,447.84,447.82,447.84,447.822,39,12
1629819190,447.84,447.85,447.83,447.83,447.835,28,17
1629819195,447.83,447.86,447.83,447.86,447.845,51,26
1629819200,447.86,447.88,447.85,447.88,447.864,20,19
1629819205,447.88,447.89,447.87,447.88,447.878,173,84
1629819210,447.89,447.9,447.87,447.87,447.882,89,67
1629819215,447.87,447.88,447.87,447.87,447.873,8,7
1629819220,447.86,447.88,447.85,447.88,447.867,12,11
1629819225,447.88,447.88,447.84,447.85,447.86,74,51
1629819230,447.84,447.84,447.82,447.84,447.83,105,56
1629819235,447.84,447.85,447.83,447.84,447.84,43,33
1629819240,447.85,447.85,447.83,447.84,447.846,67,43
1629819245,447.85,447.85,447.82,447.83,447.843,61,46
1629819250,447.84,447.84,447.83,447.83,447.833,3,3
1629819255,447.82,447.83,447.79,447.79,447.819,32,26
1629819260,447.8,447.8,447.78,447.8,447.795,51,31
1629819265,447.79,447.81,447.74,447.74,447.761,353,151
1629819270,447.74,447.76,447.74,447.74,447.749,63,34
1629819275,447.75,447.79,447.75,447.78,447.772,92,47
1629819280,447.78,447.78,447.77,447.78,447.775,44,28
1629819285,447.77,447.78,447.75,447.77,447.765,90,59
1629819290,447.77,447.78,447.77,447.77,447.771,3,3
1629819295,447.77,447.78,447.76,447.78,447.774,30,24
1629819300,447.78,447.81,447.78,447.81,447.789,57,45
1629819305,447.81,447.85,447.8,447.83,447.828,50,43
1629819310,447.83,447.86,447.83,447.84,447.844,108,75
1629819315,447.85,447.89,447.85,447.87,447.877,71,42
1629819320,447.88,447.89,447.87,447.89,447.873,33,22
1629819325,447.9,447.94,447.89,447.93,447.919,202,76
1629819330,447.93,447.94,447.92,447.93,447.93,77,27
1629819335,447.93,447.94,447.92,447.94,447.932,69,40
1629819340,447.94,447.95,447.93,447.95,447.939,239,38
1629819345,447.95,447.96,447.92,447.93,447.937,40,37
1629819350,447.94,447.94,447.91,447.92,447.918,58,43
1629819355,447.93,447.96,447.92,447.95,447.945,95,57
1629819360,447.95,447.96,447.94,447.96,447.952,39,23
1629819365,447.96,447.98,447.94,447.98,447.961,24,22
1629819370,447.99,447.99,447.97,447.98,447.979,48,31
1629819375,447.97,447.99,447.97,447.99,447.987,73,56
1629819380,447.98,448.0,447.97,448.0,447.982,12,10
1629819385,447.99,448.02,447.99,448.02,448.0,146,64
1629819390,448.02,448.02,447.99,447.99,447.998,35,23
1629819395,448.0,448.01,447.99,448.0,448.0,15,11
1629819400,448.0,448.0,447.99,448.0,447.998,4,4
1629819405,447.99,448.01,447.99,448.01,448.0,39,24
1629819410,448.0,448.01,447.97,448.0,447.994,151,79
1629819415,448.01,448.02,448.01,448.01,448.018,129,74
1629819420,448.02,448.02,448.0,448.01,448.01,58,35
1629819425,448.0,448.01,447.99,448.0,448.003,48,43
1629819430,448.0,448.03,448.0,448.02,448.015,59,44
1629819435,448.01,448.02,448.0,448.02,448.008,20,17
1629819440,448.01,448.02,448.0,448.01,448.01,11,10
1629819445,448.01,448.01,448.01,448.01,448.01,10,9
1629819450,448.0,448.01,447.97,447.99,447.985,70,37
1629819455,447.98,447.98,447.95,447.95,447.968,33,30
1629819460,447.95,447.96,447.94,447.96,447.951,60,10
1629819465,447.96,447.97,447.95,447.96,447.962,12,9
1629819470,447.96,447.96,447.96,447.96,447.96,1,1
1629819475,447.97,447.97,447.95,447.95,447.953,23,9
1629819480,447.96,447.97,447.95,447.96,447.963,28,20
1629819485,447.96,447.96,447.93,447.93,447.95,25,21
1629819490,447.93,447.95,447.93,447.95,447.938,52,33
1629819495,447.95,447.96,447.92,447.93,447.935,34,32
1629819500,447.93,447.94,447.93,447.94,447.937,41,30
1629819505,447.95,447.95,447.93,447.94,447.939,20,16
1629819510,447.93,447.93,447.91,447.93,447.917,44,30
1629819515,447.93,447.96,447.92,447.95,447.949,49,29
1629819520,447.95,447.96,447.95,447.95,447.956,13,12
1629819525,447.96,447.97,447.94,447.96,447.963,106,59
1629819530,447.95,447.96,447.93,447.94,447.948,15,12
1629819535,447.93,447.93,447.93,447.93,447.93,3,3
1629819540,447.93,447.93,447.9,447.92,447.915,37,16
1629819545,447.91,447.92,447.9,447.9,447.904,57,37
1629819550,447.9,447.92,447.9,447.91,447.915,32,27
1629819555,447.91,447.94,447.91,447.94,447.923,46,36
1629819560,447.94,447.96,447.92,447.93,447.937,38,33
1629819565,447.93,447.94,447.93,447.93,447.931,4,4
1629819570,447.93,447.94,447.91,447.91,447.927,42,26
1629819575,447.92,447.93,447.91,447.92,447.914,22,16
1629819580,447.92,447.93,447.92,447.92,447.923,44,34
1629819585,447.92,447.92,447.91,447.91,447.912,12,11
1629819590,447.91,447.91,447.91,447.91,447.91,6,5
1629819595,447.91,447.93,447.91,447.93,447.918,10,9
1629819600,447.93,447.94,447.91,447.92,447.923,66,35
1629819605,447.92,447.93,447.9,447.92,447.915,40,31
1629819610,447.92,447.93,447.92,447.93,447.928,30,14
1629819615,447.93,447.95,447.92,447.94,447.94,49,19
1629819620,447.93,447.94,447.9,447.91,447.92,33,29
1629819625,447.91,447.92,447.9,447.92,447.909,23,18
1629819630,447.92,447.94,447.9,447.9,447.924,157,79
1629819635,447.9,447.9,447.87,447.88,447.897,262,59
1629819640,447.88,447.89,447.85,447.87,447.873,67,52
1629819645,447.87,447.87,447.84,447.84,447.856,28,20
1629819650,447.85,447.85,447.84,447.85,447.849,29,24
1629819655,447.85,447.87,447.85,447.86,447.86,17,15
1629819660,447.86,447.92,447.85,447.92,447.881,95,54
1629819665,447.91,447.94,447.91,447.94,447.925,27,13
1629819670,447.93,447.93,447.91,447.91,447.919,27,21
1629819675,447.91,447.94,447.91,447.93,447.925,26,20
1629819680,447.94,447.94,447.93,447.93,447.937,21,13
1629819685,447.93,447.97,447.93,447.94,447.946,82,69
1629819690,447.94,447.95,447.93,447.94,447.943,31,14
1629819695,447.94,447.95,447.94,447.94,447.943,13,11
1629819700,447.94,447.96,447.89,447.89,447.927,242,116
1629819705,447.9,447.9,447.88,447.9,447.893,101,39
1629819710,447.89,447.9,447.85,447.85,447.888,211,98
1629819715,447.86,447.87,447.86,447.86,447.862,30,15
1629819720,447.87,447.88,447.87,447.87,447.871,107,48
1629819725,447.87,447.92,447.87,447.92,447.9,70,40
1629819730,447.9,447.92,447.88,447.9,447.897,80,48
1629819735,447.88,447.89,447.88,447.89,447.888,16,12
1629819740,447.89,447.89,447.86,447.86,447.876,68,44
1629819745,447.87,447.87,447.83,447.84,447.848,125,69
1629819750,447.83,447.83,447.82,447.82,447.821,21,19
1629819755,447.82,447.85,447.81,447.84,447.829,142,58
1629819760,447.83,447.85,447.83,447.85,447.835,84,25
1629819765,447.84,447.85,447.84,447.84,447.84,10,10
1629819770,447.84,447.87,447.84,447.85,447.849,8,7
1629819775,447.86,447.89,447.86,447.89,447.883,24,14
1629819780,447.88,447.89,447.87,447.89,447.877,78,45
1629819785,447.88,447.88,447.84,447.86,447.863,62,24
1629819790,447.86,447.86,447.84,447.84,447.849,14,14
1629819795,447.83,447.85,447.83,447.84,447.838,27,25
1629819800,447.83,447.86,447.83,447.86,447.849,65,32
1629819805,447.86,447.87,447.83,447.84,447.851,17,15
1629819810,447.85,447.85,447.84,447.85,447.846,7,7
1629819815,447.84,447.88,447.84,447.87,447.857,57,49
1629819820,447.87,447.88,447.85,447.86,447.858,27,25
1629819825,447.86,447.87,447.85,447.87,447.859,33,13
1629819830,447.88,447.89,447.85,447.85,447.87,53,31
1629819835,447.86,447.86,447.85,447.86,447.859,4,3
1629819840,447.85,447.86,447.85,447.86,447.86,11,7
1629819845,447.87,447.87,447.84,447.85,447.854,37,34
1629819850,447.85,447.85,447.84,447.84,447.846,47,39
1629819855,447.84,447.88,447.84,447.87,447.853,25,21
1629819860,447.87,447.89,447.86,447.88,447.882,33,14
1629819865,447.88,447.9,447.88,447.89,447.885,24,16
1629819870,447.89,447.92,447.89,447.91,447.908,32,22
1629819875,447.9,447.91,447.9,447.9,447.902,21,18
1629819880,447.9,447.95,447.9,447.94,447.934,54,47
1629819885,447.94,447.95,447.93,447.94,447.947,30,9
1629819890,447.94,447.94,447.93,447.93,447.938,33,27
1629819895,447.94,447.95,447.93,447.94,447.942,95,73
1629819900,447.93,447.94,447.93,447.94,447.94,29,24
1629819905,447.93,447.94,447.91,447.92,447.922,149,83
1629819910,447.92,447.96,447.92,447.95,447.943,81,43
1629819915,447.96,447.97,447.96,447.96,447.961,7,5
1629819920,447.96,447.98,447.96,447.98,447.962,57,29
1629819925,447.99,448.02,447.98,448.01,448.009,65,40
1629819930,448.01,448.02,448.0,448.01,448.007,27,16
1629819935,448.0,448.01,447.97,447.99,447.989,61,34
1629819940,448.0,448.0,447.99,447.99,447.991,18,14
1629819945,447.99,447.99,447.97,447.99,447.983,35,18
1629819950,447.99,448.0,447.97,447.97,447.984,36,21
1629819955,447.96,447.97,447.96,447.96,447.961,9,9
1629819960,447.96,447.97,447.94,447.94,447.952,32,19
1629819965,447.94,447.94,447.94,447.94,447.94,4,4
1629819970,447.94,447.95,447.93,447.94,447.935,8,8
1629819975,447.93,447.93,447.91,447.93,447.927,24,15
1629819980,447.92,447.93,447.91,447.91,447.916,6,6
1629819985,447.92,447.92,447.9,447.92,447.909,64,32
1629819990,447.92,447.93,447.91,447.92,447.92,14,10
1629819995,447.93,447.94,447.92,447.93,447.93,23,18
1629820000,447.94,447.94,447.91,447.91,447.921,50,36
1629820005,447.9,447.9,447.88,447.89,447.892,41,29
1629820010,447.89,447.89,447.86,447.86,447.873,21,21
1629820015,447.86,447.86,447.85,447.85,447.854,37,32
1629820020,447.86,447.86,447.83,447.86,447.842,54,36
1629820025,447.86,447.88,447.86,447.87,447.868,56,36
1629820030,447.87,447.87,447.85,447.86,447.86,26,18
1629820035,447.86,447.87,447.85,447.86,447.86,17,9
1629820040,447.87,447.87,447.85,447.86,447.863,15,15
1629820045,447.85,447.87,447.84,447.87,447.843,68,33
1629820050,447.86,447.87,447.86,447.86,447.863,6,6
1629820055,447.86,447.88,447.85,447.87,447.87,23,7
1629820060,447.87,447.88,447.87,447.88,447.875,13,10
1629820065,447.89,447.9,447.89,447.9,447.891,29,18
1629820070,447.9,447.91,447.88,447.89,447.897,13,10
1629820075,447.89,447.89,447.88,447.88,447.883,22,19
1629820080,447.89,447.93,447.89,447.92,447.913,55,38
1629820085,447.93,447.93,447.9,447.91,447.913,34,26
1629820090,447.92,447.92,447.91,447.91,447.916,4,4
1629820095,447.91,447.91,447.91,447.91,447.91,5,4
1629820100,447.91,447.91,447.91,447.91,447.91,12,8
1629820105,447.91,447.91,447.89,447.9,447.901,32,18
1629820110,447.9,447.91,447.9,447.9,447.9,29,21
1629820115,447.9,447.91,447.9,447.91,447.902,20,13
1629820120,447.91,447.92,447.91,447.91,447.917,20,18
1629820125,447.91,447.91,447.89,447.9,447.901,5,5
1629820130,447.9,447.91,447.9,447.91,447.902,11,2
1629820135,447.91,447.91,447.89,447.89,447.899,11,10
1629820140,447.9,447.92,447.9,447.91,447.911,52,34
1629820145,447.92,447.93,447.91,447.92,447.922,56,41
1629820150,447.91,447.92,447.91,447.92,447.92,67,35
1629820155,447.91,447.91,447.9,447.91,447.91,25,15
1629820160,447.92,447.92,447.91,447.92,447.914,10,4
1629820165,447.91,447.91,447.88,447.88,447.898,32,18
1629820170,447.88,447.88,447.86,447.87,447.863,103,59
1629820175,447.87,447.87,447.86,447.86,447.868,22,19
1629820180,447.86,447.87,447.86,447.86,447.866,14,9
1629820185,447.86,447.87,447.86,447.86,447.868,35,13
1629820190,447.87,447.89,447.87,447.89,447.876,57,18
1629820195,447.89,447.89,447.88,447.89,447.886,6,5
1629820200,447.9,447.9,447.89,447.89,447.898,25,20
1629820205,447.89,447.89,447.88,447.88,447.881,35,24
1629820210,447.88,447.9,447.88,447.89,447.89,17,13
1629820215,447.9,447.92,447.9,447.91,447.906,13,12
1629820220,447.92,447.93,447.91,447.91,447.916,4,4
1629820225,447.91,447.93,447.9,447.93,447.914,13,9
1629820230,447.93,447.95,447.93,447.95,447.94,5,5
1629820235,447.94,447.94,447.92,447.94,447.931,19,14
1629820240,447.93,447.94,447.93,447.94,447.935,6,6
1629820245,447.94,447.96,447.94,447.96,447.948,8,8
1629820250,447.95,447.96,447.95,447.96,447.958,27,22
1629820255,447.95,447.95,447.95,447.95,447.95,11,8
1629820260,447.95,447.95,447.93,447.93,447.941,24,17
1629820265,447.93,447.94,447.91,447.91,447.927,12,9
1629820270,447.91,447.92,447.9,447.91,447.911,10,6
1629820275,447.91,447.91,447.9,447.9,447.901,11,8
1629820280,447.91,447.94,447.9,447.93,447.917,85,48
1629820285,447.93,447.94,447.93,447.94,447.936,4,3
1629820290,447.94,447.95,447.94,447.94,447.946,98,61
1629820295,447.95,447.96,447.95,447.96,447.954,5,5
1629820300,447.96,447.96,447.94,447.95,447.953,26,25
1629820305,447.94,447.94,447.92,447.92,447.928,34,34
1629820310,447.92,447.92,447.91,447.92,447.913,64,45
1629820315,447.92,447.92,447.91,447.92,447.919,60,46
1629820320,447.92,447.93,447.92,447.92,447.925,18,11
1629820325,447.91,447.92,447.89,447.89,447.905,35,29
1629820330,447.9,447.91,447.89,447.9,447.902,53,38
1629820335,447.91,447.93,447.91,447.93,447.926,85,39
1629820340,447.94,447.94,447.93,447.94,447.934,30,23
1629820345,447.94,447.95,447.93,447.94,447.944,52,34
1629820350,447.94,447.94,447.92,447.94,447.935,35,24
1629820355,447.94,447.95,447.94,447.95,447.944,22,13
1629820360,447.94,447.94,447.93,447.93,447.932,12,7
1629820365,447.94,447.94,447.93,447.94,447.935,1,1
1629820370,447.93,447.97,447.93,447.96,447.954,27,24
1629820375,447.96,447.99,447.96,447.98,447.973,12,10
1629820380,447.98,447.99,447.98,447.99,447.989,21,19
1629820385,447.99,448.0,447.99,448.0,447.992,45,20
1629820390,448.0,448.0,447.99,447.99,447.998,26,24
1629820395,447.99,448.0,447.98,447.99,447.992,48,25
1629820400,447.99,448.0,447.98,448.0,447.998,50,24
1629820405,448.0,448.0,447.99,447.99,447.99,24,12
1629820410,447.99,448.01,447.99,448.01,448.003,24,23
1629820415,448.01,448.02,448.01,448.01,448.011,27,11
1629820420,448.01,448.02,448.0,448.01,448.009,10,9
1629820425,448.02,448.02,448.01,448.02,448.019,37,27
1629820430,448.02,448.02,448.01,448.01,448.017,12,3
1629820435,448.01,448.01,447.98,448.0,447.989,46,26
1629820440,448.0,448.01,447.99,448.0,448.0,8,6
1629820445,448.0,448.0,447.99,448.0,447.997,12,12
1629820450,448.0,448.0,448.0,448.0,448.0,0,0
1629820455,448.0,448.0,448.0,448.0,448.0,2,2
1629820460,448.0,448.0,447.98,447.99,447.99,20,15
1629820465,447.98,447.98,447.97,447.98,447.974,21,19
1629820470,447.98,447.99,447.97,447.98,447.98,23,16
1629820475,447.99,447.99,447.98,447.99,447.988,3,3
1629820480,447.99,447.99,447.98,447.99,447.989,25,16
1629820485,447.99,447.99,447.98,447.99,447.989,43,34
1629820490,447.99,448.0,447.98,447.99,447.99,22,13
1629820495,447.99,448.0,447.99,448.0,447.995,17,15
1629820500,447.99,448.02,447.99,448.02,448.003,81,35
1629820505,448.0,448.01,448.0,448.0,448.004,44,31
1629820510,447.99,447.99,447.96,447.98,447.976,67,51
1629820515,447.97,447.99,447.97,447.99,447.981,23,18
1629820520,447.98,447.99,447.98,447.98,447.989,15,14
1629820525,447.98,447.98,447.96,447.96,447.968,17,16
1629820530,447.96,447.97,447.96,447.96,447.961,8,7
1629820535,447.96,447.96,447.95,447.96,447.958,9,6
1629820540,447.96,447.96,447.95,447.96,447.959,11,11
1629820545,447.96,447.97,447.96,447.96,447.963,4,3
1629820550,447.97,447.97,447.95,447.95,447.962,39,26
1629820555,447.96,447.98,447.95,447.98,447.962,32,22
1629820560,447.98,447.98,447.96,447.98,447.974,12,9
1629820565,447.97,447.98,447.97,447.98,447.977,15,8
1629820570,447.99,448.03,447.99,448.0,448.01,193,120
1629820575,448.0,448.01,447.99,448.0,448.0,17,14
1629820580,448.0,448.01,447.99,448.01,448.004,10,9
1629820585,448.01,448.02,448.01,448.01,448.018,63,41
1629820590,448.01,448.02,448.01,448.01,448.014,16,13
1629820595,448.01,448.02,447.99,448.0,447.999,35,26
1629820600,447.99,447.99,447.98,447.99,447.986,18,8
1629820605,448.0,448.02,448.0,448.0,448.008,19,13
1629820610,448.0,448.0,447.99,447.99,447.996,5,5
1629820615,447.99,448.01,447.98,448.0,447.995,110,42
1629820620,448.0,448.01,448.0,448.0,448.0,1,1
1629820625,448.0,448.01,448.0,448.0,448.003,2,2
1629820630,448.01,448.04,448.01,448.04,448.029,30,20
1629820635,448.05,448.05,448.03,448.03,448.041,22,21
1629820640,448.03,448.05,448.03,448.05,448.046,36,28
1629820645,448.05,448.05,448.04,448.04,448.046,24,21
1629820650,448.04,448.04,448.04,448.04,448.04,16,11
1629820655,448.05,448.05,448.04,448.04,448.043,21,21
1629820660,448.04,448.04,448.04,448.04,448.04,113,22
1629820665,448.04,448.04,448.04,448.04,448.04,2,2
1629820670,448.04,448.05,448.03,448.05,448.042,45,22
1629820675,448.05,448.06,448.05,448.05,448.051,7,7
1629820680,448.05,448.06,448.05,448.06,448.056,27,20
1629820685,448.05,448.06,448.04,448.05,448.05,55,42
1629820690,448.05,448.07,448.04,448.06,448.064,37,34
1629820695,448.06,448.07,448.05,448.05,448.06,106,11
1629820700,448.06,448.07,448.05,448.06,448.06,64,44
1629820705,448.07,448.07,448.05,448.06,448.06,110,15
1629820710,448.06,448.07,448.05,448.07,448.068,29,17
1629820715,448.06,448.07,448.06,448.06,448.069,13,11
1629820720,448.07,448.07,448.05,448.07,448.058,11,7
1629820725,448.05,448.07,448.05,448.06,448.055,44,30
1629820730,448.07,448.07,448.06,448.06,448.067,19,9
1629820735,448.06,448.07,448.06,448.06,448.06,12,7
1629820740,448.05,448.08,448.05,448.08,448.071,28,27
1629820745,448.08,448.08,448.06,448.08,448.074,45,27
1629820750,448.07,448.07,448.05,448.05,448.062,15,11
1629820755,448.07,448.07,448.07,448.07,448.07,1,1
1629820760,448.06,448.07,448.06,448.07,448.067,10,5
1629820765,448.05,448.05,448.03,448.04,448.044,12,9
1629820770,448.03,448.03,448.01,448.02,448.02,13,13
1629820775,448.01,448.01,448.0,448.0,448.009,13,10
1629820780,448.0,448.02,448.0,448.02,448.009,13,12
1629820785,448.01,448.02,448.01,448.01,448.01,6,6
1629820790,448.02,448.03,448.01,448.02,448.021,19,12
1629820795,448.04,448.04,448.02,448.03,448.034,8,8
1629820800,448.03,448.03,448.01,448.02,448.022,11,10
1629820805,448.02,448.02,448.01,448.02,448.02,0,0
1629820810,448.0,448.01,448.0,448.01,448.005,9,6
1629820815,448.01,448.02,448.01,448.01,448.018,14,12
1629820820,448.03,448.04,448.03,448.04,448.032,3,3
1629820825,448.03,448.04,448.02,448.02,448.029,20,11
1629820830,448.03,448.03,448.01,448.03,448.023,14,10
1629820835,448.02,448.02,448.01,448.02,448.01,84,62
1629820840,448.02,448.02,448.0,448.0,448.001,81,13
1629820845,448.0,448.0,447.98,447.98,447.994,30,22
1629820850,447.98,448.0,447.98,448.0,447.996,51,19
1629820855,448.0,448.01,448.0,448.0,448.002,3,3
1629820860,448.0,448.0,448.0,448.0,448.0,3,2
1629820865,448.0,448.01,448.0,448.0,448.001,87,71
1629820870,448.0,448.0,447.98,447.99,447.993,11,9
1629820875,447.99,447.99,447.96,447.96,447.972,13,13
1629820880,447.95,447.96,447.95,447.95,447.953,37,18
1629820885,447.96,447.96,447.93,447.93,447.945,65,55
1629820890,447.93,447.94,447.92,447.93,447.927,36,25
1629820895,447.92,447.93,447.89,447.91,447.909,60,51
1629820900,447.91,447.91,447.87,447.88,447.895,26,15
1629820905,447.87,447.87,447.83,447.84,447.851,52,22
1629820910,447.83,447.83,447.8,447.81,447.811,76,56
1629820915,447.8,447.82,447.8,447.81,447.814,60,47
1629820920,447.81,447.81,447.8,447.81,447.809,156,66
1629820925,447.81,447.84,447.81,447.84,447.822,48,30
1629820930,447.83,447.85,447.83,447.85,447.834,10,4
1629820935,447.84,447.84,447.81,447.81,447.826,22,17
1629820940,447.8,447.81,447.8,447.81,447.802,34,15
1629820945,447.81,447.82,447.81,447.81,447.814,27,14
1629820950,447.81,447.81,447.81,447.81,447.81,2,2
1629820955,447.81,447.83,447.81,447.82,447.818,22,20
1629820960,447.82,447.87,447.82,447.86,447.846,40,30
1629820965,447.86,447.87,447.82,447.83,447.847,41,26
1629820970,447.84,447.84,447.83,447.84,447.832,21,11
1629820975,447.85,447.86,447.84,447.85,447.85,69,29
1629820980,447.86,447.87,447.85,447.86,447.861,49,30
1629820985,447.88,447.89,447.88,447.88,447.881,15,13
1629820990,447.89,447.89,447.84,447.84,447.861,47,27
1629820995,447.84,447.86,447.83,447.86,447.846,44,32
1629821000,447.85,447.87,447.85,447.87,447.857,34,25
1629821005,447.88,447.88,447.86,447.86,447.879,85,44
1629821010,447.86,447.89,447.86,447.89,447.869,14,12
1629821015,447.88,447.89,447.88,447.88,447.882,12,11
1629821020,447.88,447.88,447.87,447.88,447.879,9,7
1629821025,447.88,447.89,447.87,447.88,447.88,19,12
1629821030,447.87,447.87,447.86,447.86,447.864,7,6
1629821035,447.86,447.88,447.85,447.88,447.875,15,12
1629821040,447.88,447.89,447.88,447.89,447.881,12,11
1629821045,447.88,447.88,447.87,447.88,447.88,34,27
1629821050,447.88,447.88,447.88,447.88,447.88,15,12
1629821055,447.89,447.89,447.88,447.89,447.885,28,8
1629821060,447.89,447.9,447.88,447.89,447.893,17,8
1629821065,447.9,447.9,447.88,447.89,447.882,23,4
1629821070,447.89,447.89,447.87,447.87,447.876,22,15
1629821075,447.87,447.89,447.87,447.89,447.871,56,7
1629821080,447.89,447.92,447.88,447.92,447.9,32,12
1629821085,447.91,447.91,447.9,447.91,447.908,10,9
1629821090,447.91,447.91,447.9,447.91,447.909,5,5
1629821095,447.91,447.92,447.9,447.92,447.909,51,18
1629821100,447.92,447.92,447.9,447.91,447.913,17,15
1629821105,447.91,447.93,447.91,447.93,447.919,47,41
1629821110,447.93,447.94,447.93,447.93,447.932,7,7
1629821115,447.94,447.94,447.92,447.93,447.925,14,14
1629821120,447.94,447.94,447.93,447.93,447.931,8,7
1629821125,447.92,447.92,447.92,447.92,447.92,7,7
1629821130,447.91,447.93,447.91,447.92,447.92,28,17
1629821135,447.93,447.93,447.92,447.92,447.923,9,9
1629821140,447.92,447.92,447.91,447.92,447.915,5,4
1629821145,447.92,447.92,447.92,447.92,447.92,20,8
1629821150,447.93,447.93,447.92,447.92,447.926,4,4
1629821155,447.92,447.94,447.92,447.94,447.927,5,5
1629821160,447.93,447.93,447.93,447.93,447.93,13,6
1629821165,447.93,447.93,447.92,447.93,447.929,11,8
1629821170,447.93,447.94,447.93,447.94,447.931,41,19
1629821175,447.93,447.93,447.93,447.93,447.93,2,2
1629821180,447.93,447.93,447.9,447.91,447.913,24,20
1629821185,447.89,447.9,447.88,447.89,447.884,48,29
1629821190,447.89,447.91,447.89,447.9,447.895,19,14
1629821195,447.91,447.91,447.9,447.91,447.909,6,6
1629821200,447.91,447.93,447.91,447.92,447.914,21,20
1629821205,447.91,447.91,447.91,447.91,447.91,2,2
1629821210,447.91,447.91,447.89,447.9,447.9,44,32
1629821215,447.9,447.9,447.88,447.89,447.895,4,4
1629821220,447.89,447.89,447.89,447.89,447.89,5,4
1629821225,447.89,447.91,447.88,447.9,447.898,48,17
1629821230,447.91,447.92,447.9,447.92,447.911,7,7
1629821235,447.92,447.92,447.91,447.92,447.913,4,4
1629821240,447.92,447.95,447.91,447.94,447.928,37,21
1629821245,447.95,447.95,447.94,447.94,447.941,16,16
1629821250,447.94,447.94,447.94,447.94,447.94,0,0
1629821255,447.94,447.95,447.94,447.94,447.94,30,18
1629821260,447.95,447.95,447.93,447.94,447.941,15,11
1629821265,447.94,447.94,447.94,447.94,447.94,1,1
1629821270,447.94,447.94,447.93,447.94,447.938,6,4
1629821275,447.94,447.95,447.93,447.94,447.94,11,11
1629821280,447.95,447.95,447.94,447.94,447.942,12,9
1629821285,447.94,447.96,447.94,447.96,447.948,79,35
1629821290,447.96,447.97,447.95,447.96,447.959,28,10
1629821295,447.96,447.98,447.95,447.98,447.969,45,27
1629821300,447.97,447.98,447.96,447.98,447.97,37,27
1629821305,447.98,447.99,447.98,447.98,447.98,8,6
1629821310,447.99,447.99,447.97,447.99,447.981,19,19
1629821315,447.99,447.99,447.98,447.99,447.986,5,5
1629821320,447.99,448.0,447.98,447.99,447.993,39,30
1629821325,447.99,447.99,447.96,447.97,447.975,19,17
1629821330,447.97,447.97,447.96,447.97,447.968,2,2
1629821335,447.96,447.99,447.96,447.99,447.977,35,18
1629821340,448.01,448.01,447.98,447.99,447.999,23,21
1629821345,448.0,448.01,447.99,448.0,448.001,7,6
1629821350,448.01,448.02,448.0,448.01,448.006,9,7
1629821355,448.02,448.02,448.0,448.01,448.01,25,6
1629821360,448.01,448.01,448.0,448.01,448.007,4,4
1629821365,448.01,448.02,448.01,448.02,448.018,6,6
1629821370,448.01,448.01,448.01,448.01,448.01,20,20
1629821375,448.02,448.02,448.01,448.01,448.011,13,12
1629821380,448.0,448.01,447.98,447.98,447.994,25,18
1629821385,447.99,448.0,447.98,447.98,447.99,115,22
1629821390,447.98,447.98,447.96,447.96,447.969,11,11
1629821395,447.97,447.97,447.94,447.94,447.956,9,9
1629821400,447.94,447.96,447.94,447.96,447.95,19,15
1629821405,447.96,447.97,447.96,447.96,447.961,27,15
1629821410,447.96,447.96,447.96,447.96,447.96,17,13
1629821415,447.96,447.96,447.96,447.96,447.96,4,3
1629821420,447.97,447.99,447.97,447.99,447.972,86,27
1629821425,447.98,447.99,447.98,447.99,447.987,6,6
1629821430,447.99,447.99,447.98,447.99,447.988,3,3
1629821435,447.98,447.99,447.97,447.98,447.979,11,10
1629821440,447.97,447.99,447.97,447.99,447.98,2,2
1629821445,447.98,447.99,447.98,447.99,447.986,7,7
1629821450,448.0,448.0,447.97,447.97,447.99,44,19
1629821455,447.96,447.97,447.96,447.97,447.963,5,3
1629821460,447.96,447.96,447.95,447.96,447.958,12,10
1629821465,447.96,447.97,447.95,447.97,447.961,21,14
1629821470,447.97,447.98,447.96,447.96,447.97,125,22
1629821475,447.97,447.98,447.96,447.97,447.968,28,23
1629821480,447.96,447.97,447.95,447.96,447.96,27,22
1629821485,447.95,447.97,447.95,447.95,447.955,27,22
1629821490,447.95,447.96,447.95,447.96,447.957,9,7
1629821495,447.96,447.97,447.96,447.97,447.962,4,4
1629821500,447.96,447.97,447.96,447.97,447.964,24,11
1629821505,447.96,447.97,447.96,447.96,447.963,21,16
1629821510,447.97,447.99,447.97,447.98,447.978,128,70
1629821515,447.98,448.0,447.98,447.98,447.99,104,24
1629821520,447.99,448.0,447.99,447.99,447.997,64,33
1629821525,447.99,448.0,447.99,447.99,447.991,13,10
1629821530,447.99,448.0,447.98,448.0,447.991,13,12
1629821535,447.99,448.01,447.98,448.0,447.989,49,20
1629821540,448.01,448.02,448.0,448.0,448.008,10,10
1629821545,448.0,448.0,447.99,447.99,447.994,11,10
1629821550,447.99,447.99,447.98,447.99,447.99,2,2
1629821555,447.98,447.98,447.98,447.98,447.98,7,6
1629821560,447.98,447.98,447.96,447.96,447.963,42,20
1629821565,447.96,447.98,447.96,447.96,447.962,14,10
1629821570,447.96,447.98,447.96,447.97,447.971,59,21
1629821575,447.97,447.97,447.96,447.96,447.963,27,13
1629821580,447.97,447.97,447.96,447.97,447.97,27,19
1629821585,447.97,447.97,447.96,447.97,447.967,5,5
1629821590,447.97,447.98,447.97,447.98,447.978,11,8
1629821595,447.97,447.97,447.97,447.97,447.97,2,2
1629821600,447.97,447.97,447.97,447.97,447.97,0,0
1629821605,447.97,447.97,447.95,447.96,447.955,34,27
1629821610,447.97,447.97,447.96,447.96,447.964,6,2
1629821615,447.96,447.97,447.95,447.96,447.96,7,7
1629821620,447.96,447.96,447.95,447.95,447.951,55,41
1629821625,447.95,447.95,447.93,447.93,447.943,22,17
1629821630,447.94,447.94,447.93,447.93,447.932,29,16
1629821635,447.94,447.94,447.93,447.94,447.94,1,1
1629821640,447.93,447.94,447.91,447.92,447.925,29,28
1629821645,447.92,447.92,447.91,447.92,447.918,47,22
1629821650,447.93,447.95,447.93,447.94,447.937,31,27
1629821655,447.94,447.94,447.93,447.94,447.94,24,15
1629821660,447.94,447.95,447.93,447.94,447.94,11,10
1629821665,447.94,447.95,447.94,447.94,447.947,22,16
1629821670,447.93,447.93,447.93,447.93,447.93,11,8
1629821675,447.94,447.94,447.93,447.94,447.936,4,2
1629821680,447.94,447.94,447.93,447.94,447.935,1,1
1629821685,447.93,447.93,447.9,447.91,447.92,27,22
1629821690,447.91,447.91,447.91,447.91,447.91,5,1
1629821695,447.9,447.9,447.9,447.9,447.9,2,2
1629821700,447.91,447.93,447.91,447.93,447.916,29,20
1629821705,447.93,447.94,447.92,447.92,447.928,21,19
1629821710,447.92,447.92,447.91,447.92,447.918,7,7
1629821715,447.91,447.91,447.91,447.91,447.91,10,9
1629821720,447.92,447.92,447.91,447.91,447.918,7,6
1629821725,447.91,447.91,447.89,447.89,447.898,31,22
1629821730,447.88,447.89,447.88,447.89,447.883,12,3
1629821735,447.89,447.89,447.88,447.88,447.888,6,6
1629821740,447.88,447.89,447.88,447.88,447.88,7,5
1629821745,447.88,447.88,447.83,447.84,447.851,41,37
1629821750,447.83,447.83,447.8,447.81,447.809,231,169
1629821755,447.81,447.81,447.8,447.8,447.807,3,3
1629821760,447.81,447.81,447.81,447.81,447.81,6,3
1629821765,447.8,447.8,447.77,447.79,447.789,39,25
1629821770,447.79,447.81,447.79,447.81,447.796,47,20
1629821775,447.8,447.8,447.77,447.77,447.788,20,18
1629821780,447.77,447.8,447.77,447.77,447.78,69,27
1629821785,447.77,447.78,447.73,447.75,447.752,149,74
1629821790,447.75,447.76,447.73,447.74,447.741,178,101
1629821795,447.75,447.76,447.74,447.76,447.756,52,30
1629821800,447.76,447.76,447.75,447.75,447.758,38,21
1629821805,447.77,447.79,447.76,447.78,447.773,20,18
1629821810,447.78,447.79,447.78,447.79,447.785,14,11
1629821815,447.78,447.79,447.78,447.78,447.781,9,8
1629821820,447.78,447.81,447.77,447.78,447.792,28,26
1629821825,447.78,447.8,447.78,447.8,447.786,10,9
1629821830,447.8,447.83,447.8,447.83,447.808,14,9
1629821835,447.82,447.84,447.8,447.8,447.821,58,48
1629821840,447.8,447.8,447.79,447.8,447.799,5,5
1629821845,447.81,447.81,447.8,447.81,447.808,8,8
1629821850,447.8,447.8,447.8,447.8,447.8,6,6
1629821855,447.81,447.83,447.8,447.83,447.815,18,16
1629821860,447.83,447.83,447.81,447.82,447.819,16,13
1629821865,447.81,447.81,447.8,447.8,447.802,9,6
1629821870,447.8,447.81,447.8,447.8,447.803,17,17
1629821875,447.8,447.81,447.8,447.81,447.807,12,11
1629821880,447.81,447.81,447.79,447.79,447.796,26,19
1629821885,447.8,447.81,447.79,447.79,447.797,21,18
1629821890,447.79,447.8,447.78,447.79,447.787,20,10
1629821895,447.79,447.81,447.79,447.8,447.796,13,13
1629821900,447.8,447.83,447.8,447.83,447.815,42,36
1629821905,447.83,447.84,447.82,447.82,447.829,5,5
1629821910,447.83,447.84,447.83,447.84,447.831,5,3
1629821915,447.84,447.87,447.84,447.87,447.852,22,21
1629821920,447.86,447.87,447.85,447.87,447.859,10,10
1629821925,447.87,447.9,447.87,447.9,447.883,37,25
1629821930,447.9,447.9,447.89,447.89,447.897,26,21
1629821935,447.89,447.89,447.88,447.89,447.887,7,6
1629821940,447.89,447.89,447.87,447.87,447.878,37,27
1629821945,447.87,447.87,447.85,447.85,447.861,8,7
1629821950,447.85,447.87,447.85,447.87,447.861,14,9
1629821955,447.87,447.89,447.87,447.89,447.883,8,5
1629821960,447.89,447.9,447.88,447.89,447.887,30,28
1629821965,447.88,447.89,447.88,447.88,447.883,4,4
1629821970,447.89,447.89,447.87,447.87,447.879,10,8
1629821975,447.87,447.89,447.87,447.89,447.877,7,6
1629821980,447.88,447.89,447.87,447.89,447.879,13,9
1629821985,447.89,447.89,447.88,447.88,447.882,5,5
1629821990,447.88,447.89,447.86,447.86,447.873,17,11
1629821995,447.86,447.86,447.83,447.83,447.849,12,12
1629822000,447.83,447.84,447.79,447.79,447.81,49,33
1629822005,447.8,447.81,447.8,447.81,447.807,35,19
1629822010,447.8,447.82,447.79,447.8,447.801,73,43
1629822015,447.8,447.83,447.8,447.83,447.821,10,7
1629822020,447.84,447.84,447.83,447.83,447.832,7,7
1629822025,447.82,447.82,447.77,447.77,447.794,21,21
1629822030,447.78,447.78,447.76,447.76,447.771,42,17
1629822035,447.77,447.78,447.75,447.77,447.765,25,23
1629822040,447.78,447.8,447.78,447.79,447.792,14,13
1629822045,447.8,447.82,447.79,447.81,447.801,23,4
1629822050,447.81,447.82,447.81,447.81,447.818,31,22
1629822055,447.81,447.81,447.81,447.81,447.81,5,4
1629822060,447.82,447.82,447.81,447.82,447.818,2,2
1629822065,447.83,447.83,447.82,447.83,447.828,9,7
1629822070,447.82,447.82,447.81,447.81,447.817,15,14
1629822075,447.82,447.84,447.82,447.83,447.827,10,9
1629822080,447.83,447.83,447.81,447.82,447.823,26,19
1629822085,447.83,447.83,447.82,447.82,447.821,4,4
1629822090,447.82,447.82,447.82,447.82,447.82,6,4
1629822095,447.82,447.83,447.82,447.82,447.823,4,2
1629822100,447.83,447.84,447.82,447.83,447.834,15,13
1629822105,447.84,447.84,447.83,447.84,447.836,5,5
1629822110,447.83,447.84,447.83,447.84,447.834,4,2
1629822115,447.84,447.85,447.84,447.84,447.843,14,13
1629822120,447.84,447.84,447.82,447.82,447.828,44,30
1629822125,447.81,447.82,447.8,447.82,447.812,34,32
1629822130,447.81,447.81,447.8,447.8,447.804,17,13
1629822135,447.79,447.8,447.78,447.8,447.79,50,27
1629822140,447.79,447.79,447.77,447.77,447.778,21,20
1629822145,447.78,447.78,447.77,447.78,447.78,21,15
1629822150,447.77,447.78,447.77,447.78,447.779,7,6
1629822155,447.78,447.78,447.77,447.78,447.778,4,4
1629822160,447.77,447.77,447.75,447.76,447.764,19,18
1629822165,447.75,447.76,447.75,447.75,447.75,27,20
1629822170,447.75,447.76,447.75,447.76,447.759,12,11
1629822175,447.75,447.77,447.75,447.76,447.758,18,16
1629822180,447.76,447.78,447.76,447.76,447.766,10,8
1629822185,447.76,447.77,447.76,447.77,447.766,8,8
1629822190,447.78,447.78,447.75,447.75,447.756,18,8
1629822195,447.76,447.76,447.75,447.76,447.76,10,3
1629822200,447.75,447.76,447.75,447.76,447.752,10,3
1629822205,447.76,447.76,447.75,447.76,447.76,56,22
1629822210,447.76,447.76,447.75,447.76,447.76,0,0
1629822215,447.75,447.76,447.74,447.75,447.746,35,33
1629822220,447.75,447.76,447.74,447.75,447.751,4,4
1629822225,447.76,447.76,447.75,447.76,447.759,20,18
1629822230,447.76,447.77,447.75,447.77,447.759,52,36
1629822235,447.76,447.76,447.76,447.76,447.76,7,3
1629822240,447.76,447.76,447.75,447.75,447.754,34,31
1629822245,447.75,447.76,447.75,447.76,447.76,26,13
1629822250,447.76,447.76,447.76,447.76,447.76,11,4
1629822255,447.76,447.76,447.76,447.76,447.76,10,6
1629822260,447.75,447.76,447.74,447.75,447.747,16,9
1629822265,447.75,447.77,447.74,447.76,447.752,56,26
1629822270,447.76,447.76,447.76,447.76,447.76,15,13
1629822275,447.76,447.76,447.75,447.76,447.759,17,9
1629822280,447.77,447.79,447.76,447.78,447.776,21,15
1629822285,447.78,447.78,447.77,447.78,447.774,25,10
1629822290,447.78,447.78,447.77,447.78,447.775,1,1
1629822295,447.78,447.78,447.77,447.78,447.775,27,9
1629822300,447.77,447.78,447.77,447.77,447.77,88,62
1629822305,447.78,447.79,447.76,447.76,447.78,26,22
1629822310,447.77,447.79,447.77,447.79,447.773,7,4
1629822315,447.79,447.79,447.78,447.79,447.785,4,3
1629822320,447.78,447.79,447.78,447.78,447.781,10,8
1629822325,447.78,447.79,447.78,447.79,447.781,5,5
1629822330,447.78,447.78,447.77,447.77,447.779,13,13
1629822335,447.77,447.77,447.76,447.76,447.762,16,16
1629822340,447.77,447.77,447.75,447.76,447.758,37,16
1629822345,447.75,447.76,447.75,447.76,447.758,2,2
1629822350,447.76,447.76,447.73,447.73,447.74,17,14
1629822355,447.74,447.74,447.73,447.74,447.735,1,1
1629822360,447.73,447.73,447.68,447.69,447.7,201,126
1629822365,447.69,447.71,447.69,447.71,447.702,24,20
1629822370,447.71,447.71,447.71,447.71,447.71,28,24
1629822375,447.72,447.74,447.71,447.74,447.724,95,56
1629822380,447.73,447.73,447.73,447.73,447.73,6,5
1629822385,447.74,447.75,447.73,447.74,447.739,31,25
1629822390,447.73,447.74,447.73,447.74,447.731,5,3
1629822395,447.74,447.75,447.74,447.75,447.745,10,7
1629822400,447.74,447.75,447.74,447.74,447.746,23,15
1629822405,447.75,447.77,447.74,447.76,447.75,18,11
1629822410,447.76,447.76,447.75,447.76,447.76,14,8
1629822415,447.77,447.77,447.76,447.76,447.763,6,5
1629822420,447.76,447.77,447.75,447.77,447.764,37,18
1629822425,447.76,447.76,447.75,447.75,447.756,13,9
1629822430,447.75,447.76,447.73,447.74,447.745,41,40
1629822435,447.73,447.75,447.73,447.75,447.738,20,14
1629822440,447.75,447.76,447.74,447.74,447.748,9,6
1629822445,447.74,447.76,447.74,447.75,447.75,18,13
1629822450,447.74,447.75,447.74,447.74,447.746,30,19
1629822455,447.73,447.73,447.73,447.73,447.73,13,7
1629822460,447.74,447.74,447.73,447.73,447.734,2,2
1629822465,447.73,447.74,447.72,447.72,447.726,41,30
1629822470,447.72,447.72,447.72,447.72,447.72,0,0
1629822475,447.73,447.76,447.73,447.75,447.74,45,29
1629822480,447.75,447.75,447.7,447.71,447.733,31,29
1629822485,447.71,447.72,447.7,447.72,447.714,88,36
1629822490,447.71,447.72,447.71,447.72,447.719,30,9
1629822495,447.71,447.71,447.71,447.71,447.71,52,46
1629822500,447.71,447.72,447.71,447.71,447.712,90,68
1629822505,447.7,447.71,447.68,447.68,447.7,138,29
1629822510,447.69,447.69,447.66,447.66,447.68,46,40
1629822515,447.66,447.66,447.65,447.66,447.651,139,27
1629822520,447.65,447.66,447.65,447.66,447.652,9,5
1629822525,447.65,447.66,447.65,447.66,447.65,140,36
1629822530,447.66,447.66,447.65,447.66,447.66,60,37
1629822535,447.66,447.67,447.66,447.67,447.664,34,23
1629822540,447.67,447.67,447.65,447.66,447.659,35,30
1629822545,447.65,447.67,447.65,447.67,447.657,41,22
1629822550,447.67,447.67,447.66,447.66,447.669,60,36
1629822555,447.66,447.67,447.65,447.67,447.661,17,10
1629822560,447.67,447.67,447.65,447.65,447.655,29,22
1629822565,447.65,447.66,447.65,447.66,447.651,9,9
1629822570,447.65,447.67,447.65,447.66,447.662,127,89
1629822575,447.66,447.67,447.65,447.66,447.66,10,9
1629822580,447.66,447.66,447.66,447.66,447.66,1,1
1629822585,447.66,447.69,447.66,447.69,447.674,82,59
1629822590,447.68,447.69,447.67,447.69,447.683,22,13
1629822595,447.68,447.69,447.68,447.69,447.687,3,3
1629822600,447.69,447.69,447.65,447.65,447.676,72,57
1629822605,447.65,447.66,447.65,447.66,447.65,73,49
1629822610,447.66,447.66,447.66,447.66,447.66,5,4
1629822615,447.65,447.65,447.64,447.64,447.648,21,17
1629822620,447.64,447.64,447.61,447.63,447.628,163,114
1629822625,447.62,447.62,447.59,447.6,447.602,71,58
1629822630,447.6,447.61,447.59,447.61,447.598,88,64
1629822635,447.6,447.6,447.59,447.59,447.592,35,14
1629822640,447.6,447.61,447.6,447.61,447.604,7,7
1629822645,447.61,447.61,447.59,447.6,447.598,24,18
1629822650,447.6,447.61,447.6,447.6,447.6,25,5
1629822655,447.61,447.61,447.6,447.61,447.609,17,12
1629822660,447.61,447.67,447.61,447.67,447.637,69,53
1629822665,447.67,447.68,447.66,447.66,447.67,12,11
1629822670,447.67,447.71,447.67,447.71,447.681,41,21
1629822675,447.71,447.73,447.7,447.73,447.707,51,21
1629822680,447.72,447.73,447.7,447.7,447.719,26,20
1629822685,447.71,447.72,447.71,447.72,447.711,12,9
1629822690,447.72,447.73,447.71,447.72,447.724,66,53
1629822695,447.72,447.72,447.69,447.69,447.705,46,33
1629822700,447.69,447.7,447.69,447.7,447.696,24,20
1629822705,447.69,447.72,447.69,447.72,447.714,59,26
1629822710,447.71,447.73,447.71,447.73,447.721,18,17
1629822715,447.73,447.75,447.73,447.74,447.739,114,32
1629822720,447.74,447.75,447.72,447.72,447.743,26,14
1629822725,447.73,447.73,447.7,447.7,447.715,35,24
1629822730,447.71,447.71,447.68,447.69,447.69,62,37
1629822735,447.69,447.7,447.69,447.69,447.696,22,14
1629822740,447.7,447.7,447.69,447.7,447.698,20,14
1629822745,447.71,447.71,447.69,447.69,447.696,17,15
1629822750,447.69,447.69,447.69,447.69,447.69,0,0
1629822755,447.69,447.74,447.69,447.73,447.71,60,32
1629822760,447.74,447.74,447.73,447.73,447.731,6,4
1629822765,447.74,447.74,447.73,447.74,447.736,58,36
1629822770,447.74,447.74,447.71,447.71,447.732,46,13
1629822775,447.71,447.71,447.69,447.69,447.695,13,10
1629822780,447.7,447.71,447.7,447.71,447.702,18,16
1629822785,447.72,447.74,447.72,447.74,447.732,9,9
1629822790,447.74,447.75,447.73,447.73,447.748,41,20
1629822795,447.74,447.77,447.74,447.74,447.758,37,28
1629822800,447.76,447.76,447.75,447.75,447.751,8,7
1629822805,447.74,447.75,447.74,447.75,447.746,8,5
1629822810,447.74,447.75,447.74,447.75,447.75,44,31
1629822815,447.75,447.75,447.75,447.75,447.75,1,1
1629822820,447.75,447.77,447.75,447.77,447.766,23,12
1629822825,447.77,447.78,447.76,447.77,447.772,25,10
1629822830,447.77,447.78,447.77,447.78,447.78,145,32
1629822835,447.78,447.78,447.77,447.78,447.78,47,20
1629822840,447.78,447.8,447.78,447.8,447.784,77,28
1629822845,447.8,447.81,447.8,447.8,447.807,20,20
1629822850,447.8,447.81,447.79,447.81,447.801,5,5
1629822855,447.81,447.81,447.8,447.81,447.804,7,7
1629822860,447.81,447.82,447.81,447.81,447.811,66,20
1629822865,447.81,447.81,447.8,447.8,447.802,17,11
1629822870,447.8,447.8,447.76,447.77,447.777,39,30
1629822875,447.77,447.77,447.77,447.77,447.77,0,0
1629822880,447.78,447.78,447.78,447.78,447.78,1,1
1629822885,447.78,447.81,447.78,447.81,447.79,25,20
1629822890,447.8,447.81,447.78,447.78,447.798,56,45
1629822895,447.79,447.8,447.78,447.8,447.792,51,33
1629822900,447.79,447.8,447.79,447.8,447.793,29,21
1629822905,447.81,447.82,447.79,447.79,447.806,25,18
1629822910,447.79,447.8,447.79,447.8,447.798,12,10
1629822915,447.81,447.83,447.81,447.83,447.814,34,18
1629822920,447.82,447.83,447.82,447.83,447.829,7,7
1629822925,447.83,447.83,447.83,447.83,447.83,9,8
1629822930,447.83,447.84,447.83,447.84,447.835,36,21
1629822935,447.85,447.87,447.84,447.84,447.849,76,63
1629822940,447.83,447.84,447.83,447.84,447.83,22,10
1629822945,447.84,447.85,447.83,447.83,447.84,21,17
1629822950,447.83,447.83,447.82,447.83,447.83,9,9
1629822955,447.83,447.84,447.81,447.81,447.82,15,14
1629822960,447.81,447.82,447.8,447.82,447.811,41,23
1629822965,447.82,447.82,447.81,447.81,447.819,17,6
1629822970,447.81,447.81,447.78,447.78,447.789,26,17
1629822975,447.78,447.79,447.78,447.79,447.789,24,14
1629822980,447.79,447.8,447.79,447.8,447.796,13,12
1629822985,447.79,447.79,447.76,447.76,447.768,25,24
1629822990,447.76,447.76,447.74,447.75,447.747,11,10
1629822995,447.74,447.75,447.72,447.73,447.733,47,9
1629823000,447.72,447.72,447.7,447.71,447.706,33,24
1629823005,447.71,447.71,447.71,447.71,447.71,13,11
1629823010,447.71,447.73,447.71,447.73,447.72,17,13
1629823015,447.73,447.76,447.73,447.76,447.742,25,13
1629823020,447.75,447.76,447.75,447.75,447.753,8,5
1629823025,447.75,447.76,447.75,447.76,447.758,4,2
1629823030,447.75,447.76,447.75,447.76,447.759,5,5
1629823035,447.75,447.76,447.75,447.76,447.755,2,2
1629823040,447.75,447.77,447.75,447.76,447.76,82,30
1629823045,447.76,447.77,447.75,447.75,447.767,62,22
1629823050,447.77,447.8,447.77,447.79,447.787,84,65
1629823055,447.79,447.8,447.78,447.79,447.793,15,15
1629823060,447.78,447.79,447.78,447.79,447.787,15,12
1629823065,447.79,447.79,447.78,447.79,447.789,9,8
1629823070,447.79,447.8,447.79,447.8,447.797,3,3
1629823075,447.8,447.81,447.79,447.81,447.803,19,13
1629823080,447.81,447.83,447.8,447.83,447.814,28,22
1629823085,447.83,447.83,447.83,447.83,447.83,7,7
1629823090,447.84,447.84,447.83,447.83,447.833,22,21
1629823095,447.83,447.83,447.82,447.82,447.825,10,9
1629823100,447.82,447.82,447.8,447.8,447.809,26,12
1629823105,447.79,447.79,447.77,447.77,447.775,15,12
1629823110,447.78,447.78,447.75,447.75,447.772,11,8
1629823115,447.75,447.76,447.75,447.76,447.756,4,4
1629823120,447.76,447.78,447.75,447.78,447.771,8,7
1629823125,447.79,447.79,447.77,447.77,447.778,13,13
1629823130,447.78,447.79,447.78,447.79,447.783,6,5
1629823135,447.78,447.81,447.78,447.81,447.794,9,9
1629823140,447.81,447.81,447.8,447.8,447.806,14,10
1629823145,447.8,447.81,447.8,447.81,447.802,3,3
1629823150,447.81,447.81,447.8,447.8,447.806,8,7
1629823155,447.8,447.81,447.8,447.81,447.801,4,4
1629823160,447.81,447.82,447.81,447.81,447.812,10,9
1629823165,447.82,447.82,447.81,447.81,447.818,5,4
1629823170,447.81,447.81,447.81,447.81,447.81,5,5
1629823175,447.81,447.81,447.81,447.81,447.81,0,0
1629823180,447.8,447.8,447.8,447.8,447.8,8,8
1629823185,447.8,447.81,447.8,447.81,447.807,51,45
1629823190,447.81,447.81,447.81,447.81,447.81,2,1
1629823195,447.82,447.82,447.81,447.81,447.818,13,10
1629823200,447.81,447.83,447.81,447.82,447.822,6,6
1629823205,447.83,447.83,447.82,447.83,447.827,5,4
1629823210,447.83,447.84,447.82,447.84,447.832,17,10
1629823215,447.83,447.85,447.83,447.85,447.845,8,8
1629823220,447.85,447.85,447.83,447.84,447.839,32,29
1629823225,447.84,447.84,447.83,447.84,447.84,9,9
1629823230,447.84,447.84,447.83,447.83,447.831,5,5
1629823235,447.82,447.83,447.81,447.83,447.821,14,13
1629823240,447.83,447.83,447.83,447.83,447.83,0,0
1629823245,447.82,447.83,447.8,447.8,447.812,16,3
1629823250,447.81,447.81,447.81,447.81,447.81,4,4
1629823255,447.81,447.83,447.81,447.83,447.817,15,13
1629823260,447.82,447.82,447.82,447.82,447.82,6,6
1629823265,447.81,447.81,447.8,447.81,447.806,12,12
1629823270,447.81,447.81,447.81,447.81,447.81,0,0
1629823275,447.8,447.81,447.79,447.8,447.798,36,24
1629823280,447.79,447.79,447.77,447.79,447.786,111,17
1629823285,447.81,447.81,447.8,447.81,447.807,44,11
1629823290,447.81,447.81,447.79,447.79,447.805,11,9
1629823295,447.8,447.8,447.8,447.8,447.8,4,4
1629823300,447.8,447.8,447.8,447.8,447.8,2,2
1629823305,447.8,447.8,447.78,447.78,447.79,27,24
1629823310,447.79,447.79,447.79,447.79,447.79,8,7
1629823315,447.79,447.79,447.78,447.79,447.785,4,1
1629823320,447.79,447.79,447.78,447.79,447.785,1,1
1629823325,447.79,447.8,447.79,447.8,447.794,11,10
1629823330,447.8,447.83,447.8,447.83,447.81,8,8
1629823335,447.83,447.83,447.82,447.83,447.826,4,4
1629823340,447.83,447.84,447.83,447.83,447.835,5,5
1629823345,447.84,447.84,447.84,447.84,447.84,1,1
1629823350,447.83,447.83,447.8,447.81,447.817,24,21
1629823355,447.8,447.81,447.8,447.81,447.804,3,3
1629823360,447.8,447.81,447.8,447.8,447.8,1,1
1629823365,447.81,447.82,447.81,447.82,447.815,16,15
1629823370,447.82,447.82,447.79,447.8,447.8,5,5
1629823375,447.8,447.81,447.8,447.8,447.801,6,6
1629823380,447.8,447.8,447.79,447.8,447.8,17,15
1629823385,447.81,447.81,447.8,447.81,447.81,21,18
1629823390,447.8,447.81,447.8,447.81,447.802,7,5
1629823395,447.81,447.81,447.8,447.8,447.802,3,3
1629823400,447.81,447.81,447.81,447.81,447.81,7,6
1629823405,447.81,447.83,447.81,447.83,447.826,28,19
1629823410,447.83,447.85,447.83,447.85,447.842,27,23
1629823415,447.86,447.86,447.85,447.85,447.857,19,18
1629823420,447.86,447.86,447.85,447.86,447.855,5,5
1629823425,447.86,447.86,447.85,447.86,447.86,28,22
1629823430,447.86,447.87,447.86,447.86,447.865,10,8
1629823435,447.87,447.88,447.87,447.88,447.871,15,5
1629823440,447.87,447.9,447.87,447.89,447.885,62,43
1629823445,447.88,447.9,447.88,447.89,447.888,5,3
1629823450,447.89,447.9,447.89,447.9,447.897,32,18
1629823455,447.9,447.93,447.89,447.92,447.909,39,28
1629823460,447.92,447.92,447.91,447.92,447.918,27,18
1629823465,447.92,447.92,447.91,447.92,447.915,8,8
1629823470,447.92,447.92,447.92,447.92,447.92,36,29
1629823475,447.92,447.92,447.92,447.92,447.92,2,2
1629823480,447.91,447.91,447.91,447.91,447.91,3,3
1629823485,447.92,447.92,447.92,447.92,447.92,3,3
1629823490,447.92,447.92,447.91,447.92,447.919,17,15
1629823495,447.91,447.92,447.91,447.91,447.913,19,14
1629823500,447.91,447.92,447.91,447.91,447.911,11,6
1629823505,447.91,447.91,447.91,447.91,447.91,43,35
1629823510,447.91,447.91,447.91,447.91,447.91,1,1
1629823515,447.91,447.91,447.9,447.91,447.907,6,2
1629823520,447.9,447.91,447.9,447.9,447.9,2,2
1629823525,447.9,447.91,447.87,447.87,447.891,46,28
1629823530,447.87,447.88,447.87,447.87,447.87,0,0
1629823535,447.88,447.88,447.85,447.86,447.866,37,22
1629823540,447.86,447.86,447.86,447.86,447.86,0,0
1629823545,447.86,447.86,447.86,447.86,447.86,7,7
1629823550,447.86,447.87,447.86,447.86,447.86,47,28
1629823555,447.86,447.87,447.85,447.86,447.86,21,15
1629823560,447.86,447.87,447.86,447.87,447.863,3,2
1629823565,447.87,447.88,447.87,447.88,447.874,52,25
1629823570,447.89,447.9,447.88,447.88,447.891,24,23
1629823575,447.89,447.9,447.89,447.9,447.894,11,6
1629823580,447.9,447.92,447.9,447.92,447.909,11,9
1629823585,447.91,447.93,447.91,447.93,447.915,10,9
1629823590,447.92,447.93,447.92,447.93,447.922,13,3
1629823595,447.93,447.93,447.92,447.93,447.93,0,0
1629823600,447.93,447.94,447.93,447.93,447.935,22,9
1629823605,447.94,447.94,447.94,447.94,447.94,8,8
1629823610,447.94,447.94,447.92,447.93,447.923,19,15
1629823615,447.94,447.95,447.94,447.94,447.943,20,10
1629823620,447.94,447.95,447.94,447.95,447.94,150,62
1629823625,447.95,447.96,447.93,447.94,447.938,42,24
1629823630,447.95,447.95,447.93,447.95,447.938,25,22
1629823635,447.95,447.95,447.94,447.94,447.948,17,16
1629823640,447.95,447.95,447.95,447.95,447.95,2,2
1629823645,447.95,447.95,447.94,447.95,447.949,8,5
1629823650,447.95,447.95,447.94,447.95,447.947,6,5
1629823655,447.95,447.96,447.95,447.96,447.956,24,18
1629823660,447.95,447.96,447.95,447.96,447.952,12,11
1629823665,447.95,447.96,447.95,447.96,447.958,30,25
1629823670,447.95,447.96,447.95,447.96,447.955,11,10
1629823675,447.95,447.95,447.95,447.95,447.95,11,9
1629823680,447.96,447.96,447.95,447.95,447.959,19,15
1629823685,447.96,447.96,447.95,447.95,447.958,4,4
1629823690,447.95,447.95,447.94,447.94,447.946,7,6
1629823695,447.93,447.95,447.93,447.95,447.941,29,25
1629823700,447.94,447.94,447.93,447.93,447.934,22,15
1629823705,447.92,447.92,447.9,447.91,447.916,15,10
1629823710,447.91,447.91,447.9,447.91,447.905,11,5
1629823715,447.91,447.93,447.91,447.93,447.917,43,31
1629823720,447.92,447.93,447.92,447.93,447.925,55,6
1629823725,447.92,447.92,447.92,447.92,447.92,8,5
1629823730,447.92,447.92,447.9,447.91,447.911,26,13
1629823735,447.91,447.91,447.91,447.91,447.91,3,2
1629823740,447.91,447.92,447.91,447.92,447.915,17,14
1629823745,447.92,447.93,447.91,447.93,447.921,3,3
1629823750,447.92,447.92,447.91,447.91,447.915,11,9
1629823755,447.91,447.91,447.9,447.91,447.904,4,3
1629823760,447.91,447.91,447.9,447.91,447.907,2,2
1629823765,447.9,447.9,447.9,447.9,447.9,1,1
1629823770,447.91,447.91,447.91,447.91,447.91,8,8
1629823775,447.91,447.91,447.89,447.9,447.898,7,7
1629823780,447.89,447.89,447.88,447.88,447.881,12,7
1629823785,447.88,447.88,447.88,447.88,447.88,4,4
1629823790,447.88,447.88,447.88,447.88,447.88,1,1
1629823795,447.88,447.88,447.87,447.88,447.879,20,15
1629823800,447.89,447.9,447.88,447.89,447.89,29,25
1629823805,447.88,447.89,447.88,447.89,447.886,14,7
1629823810,447.9,447.9,447.89,447.89,447.893,10,6
1629823815,447.89,447.89,447.89,447.89,447.89,1,1
1629823820,447.88,447.89,447.88,447.89,447.882,5,2
1629823825,447.89,447.89,447.87,447.88,447.876,19,17
1629823830,447.87,447.88,447.87,447.88,447.879,18,12
1629823835,447.88,447.89,447.88,447.89,447.889,32,24
1629823840,447.88,447.88,447.88,447.88,447.88,11,8
1629823845,447.88,447.89,447.88,447.88,447.88,8,8
1629823850,447.88,447.88,447.87,447.88,447.877,3,3
1629823855,447.88,447.89,447.88,447.88,447.881,10,4
1629823860,447.88,447.89,447.88,447.88,447.88,0,0
1629823865,447.88,447.89,447.88,447.88,447.881,13,2
1629823870,447.89,447.89,447.87,447.87,447.875,30,20
1629823875,447.86,447.86,447.86,447.86,447.86,5,4
1629823880,447.86,447.86,447.85,447.86,447.855,1,1
1629823885,447.86,447.88,447.85,447.88,447.866,41,27
1629823890,447.87,447.88,447.86,447.86,447.866,11,8
1629823895,447.86,447.87,447.85,447.86,447.86,9,9
1629823900,447.85,447.86,447.85,447.86,447.852,15,6
1629823905,447.85,447.86,447.85,447.86,447.852,4,3
1629823910,447.86,447.88,447.86,447.86,447.867,42,33
1629823915,447.87,447.87,447.86,447.87,447.869,5,5
1629823920,447.86,447.86,447.85,447.86,447.855,6,5
1629823925,447.85,447.85,447.84,447.85,447.849,25,16
1629823930,447.85,447.85,447.84,447.85,447.849,10,4
1629823935,447.85,447.85,447.84,447.85,447.849,8,7
1629823940,447.86,447.86,447.84,447.85,447.852,20,13
1629823945,447.85,447.85,447.84,447.85,447.847,5,5
1629823950,447.85,447.85,447.84,447.85,447.85,20,16
1629823955,447.86,447.88,447.86,447.88,447.862,20,18
1629823960,447.87,447.87,447.87,447.87,447.87,3,3
1629823965,447.88,447.88,447.86,447.87,447.87,9,7
1629823970,447.86,447.87,447.86,447.87,447.865,2,2
1629823975,447.88,447.88,447.87,447.88,447.875,1,1
1629823980,447.87,447.87,447.87,447.87,447.87,12,7
1629823985,447.87,447.87,447.87,447.87,447.87,0,0
1629823990,447.88,447.88,447.87,447.88,447.875,9,3
1629823995,447.87,447.87,447.87,447.87,447.87,2,2
1629824000,447.87,447.87,447.86,447.86,447.867,60,22
1629824005,447.86,447.86,447.85,447.86,447.857,7,7
1629824010,447.86,447.86,447.85,447.86,447.859,14,12
1629824015,447.85,447.85,447.84,447.85,447.849,14,13
1629824020,447.85,447.86,447.84,447.85,447.849,5,5
1629824025,447.86,447.86,447.85,447.85,447.856,7,3
1629824030,447.86,447.86,447.85,447.86,447.86,23,17
1629824035,447.86,447.87,447.86,447.87,447.866,8,8
1629824040,447.86,447.86,447.86,447.86,447.86,1,1
1629824045,447.87,447.87,447.86,447.86,447.868,5,5
1629824050,447.87,447.88,447.87,447.88,447.879,53,13
1629824055,447.88,447.89,447.87,447.88,447.882,37,8
1629824060,447.89,447.89,447.88,447.89,447.889,7,5
1629824065,447.9,447.9,447.89,447.9,447.893,6,3
1629824070,447.9,447.9,447.88,447.88,447.892,10,10
1629824075,447.88,447.88,447.88,447.88,447.88,0,0
1629824080,447.89,447.89,447.88,447.89,447.89,12,4
1629824085,447.9,447.9,447.9,447.9,447.9,3,3
1629824090,447.9,447.9,447.9,447.9,447.9,1,1
1629824095,447.9,447.92,447.9,447.91,447.911,33,28
1629824100,447.9,447.91,447.9,447.91,447.903,14,12
1629824105,447.91,447.91,447.91,447.91,447.91,0,0
1629824110,447.91,447.91,447.88,447.9,447.892,38,31
1629824115,447.9,447.91,447.9,447.9,447.9,56,42
1629824120,447.9,447.9,447.9,447.9,447.9,3,3
1629824125,447.9,447.9,447.9,447.9,447.9,2,2
1629824130,447.9,447.9,447.9,447.9,447.9,3,3
1629824135,447.9,447.9,447.88,447.88,447.887,14,13
1629824140,447.88,447.88,447.87,447.88,447.873,19,14
1629824145,447.88,447.89,447.87,447.88,447.877,32,10
1629824150,447.87,447.87,447.86,447.87,447.863,16,15
1629824155,447.87,447.87,447.86,447.87,447.867,5,5
1629824160,447.86,447.86,447.86,447.86,447.86,5,5
1629824165,447.87,447.87,447.87,447.87,447.87,3,1
1629824170,447.87,447.88,447.87,447.88,447.872,37,6
1629824175,447.88,447.9,447.88,447.9,447.89,43,30
1629824180,447.89,447.89,447.88,447.88,447.887,6,6
1629824185,447.87,447.87,447.87,447.87,447.87,4,4
1629824190,447.87,447.88,447.87,447.88,447.874,17,4
1629824195,447.87,447.87,447.86,447.87,447.87,5,5
1629824200,447.87,447.87,447.86,447.86,447.863,12,12
1629824205,447.86,447.86,447.85,447.85,447.856,4,2
1629824210,447.85,447.85,447.84,447.85,447.847,10,9
1629824215,447.85,447.85,447.84,447.85,447.848,22,17
1629824220,447.85,447.86,447.85,447.86,447.853,13,9
1629824225,447.85,447.85,447.84,447.85,447.85,12,11
1629824230,447.86,447.87,447.86,447.87,447.861,10,10
1629824235,447.87,447.87,447.86,447.87,447.866,4,4
1629824240,447.87,447.87,447.86,447.87,447.87,31,6
1629824245,447.87,447.87,447.86,447.87,447.865,2,2
1629824250,447.87,447.88,447.87,447.88,447.877,26,10
1629824255,447.87,447.87,447.87,447.87,447.87,3,3
1629824260,447.88,447.88,447.87,447.87,447.875,5,5
1629824265,447.87,447.87,447.87,447.87,447.87,0,0
1629824270,447.87,447.87,447.84,447.84,447.859,37,28
1629824275,447.85,447.86,447.85,447.86,447.853,8,5
1629824280,447.85,447.85,447.84,447.85,447.849,52,37
1629824285,447.85,447.86,447.85,447.86,447.852,14,8
1629824290,447.86,447.87,447.85,447.87,447.861,11,11
1629824295,447.87,447.87,447.86,447.87,447.87,3,3
1629824300,447.86,447.87,447.86,447.87,447.863,33,23
1629824305,447.87,447.87,447.87,447.87,447.87,3,3
1629824310,447.86,447.86,447.86,447.86,447.86,18,7
1629824315,447.87,447.87,447.86,447.86,447.866,5,4
1629824320,447.87,447.87,447.86,447.87,447.869,4,4
1629824325,447.86,447.86,447.85,447.86,447.858,5,5
1629824330,447.87,447.87,447.86,447.87,447.87,10,9
1629824335,447.88,447.88,447.87,447.88,447.88,18,8
1629824340,447.87,447.89,447.87,447.89,447.883,27,22
1629824345,447.89,447.89,447.88,447.89,447.889,9,9
1629824350,447.89,447.89,447.88,447.89,447.889,11,11
1629824355,447.9,447.9,447.89,447.89,447.894,30,25
1629824360,447.9,447.9,447.89,447.9,447.899,29,24
1629824365,447.91,447.92,447.91,447.92,447.917,3,3
1629824370,447.92,447.92,447.91,447.91,447.914,10,9
1629824375,447.92,447.92,447.91,447.91,447.915,19,16
1629824380,447.91,447.93,447.9,447.92,447.926,19,15
1629824385,447.92,447.92,447.92,447.92,447.92,2,2
1629824390,447.92,447.93,447.92,447.92,447.921,8,7
1629824395,447.92,447.92,447.92,447.92,447.92,1,1
1629824400,447.93,447.93,447.92,447.92,447.921,4,4
1629824405,447.93,447.96,447.92,447.95,447.942,23,18
1629824410,447.94,447.95,447.93,447.93,447.945,47,39
1629824415,447.94,447.96,447.93,447.94,447.949,18,16
1629824420,447.95,447.95,447.94,447.95,447.95,11,10
1629824425,447.95,447.95,447.95,447.95,447.95,3,3
1629824430,447.95,447.95,447.95,447.95,447.95,6,6
1629824435,447.94,447.94,447.92,447.92,447.933,21,21
1629824440,447.93,447.95,447.92,447.95,447.934,46,42
1629824445,447.95,447.95,447.94,447.94,447.942,28,19
1629824450,447.94,447.94,447.94,447.94,447.94,0,0
1629824455,447.94,447.95,447.94,447.94,447.945,8,7
1629824460,447.95,447.95,447.94,447.94,447.947,2,2
1629824465,447.94,447.95,447.94,447.94,447.945,2,1
1629824470,447.95,447.96,447.92,447.94,447.932,104,53
1629824475,447.93,447.94,447.92,447.93,447.93,82,42
1629824480,447.93,447.94,447.91,447.92,447.926,27,16
1629824485,447.92,447.92,447.92,447.92,447.92,7,7
1629824490,447.92,447.93,447.92,447.93,447.92,27,21
1629824495,447.93,447.95,447.92,447.94,447.943,79,52
1629824500,447.94,447.94,447.94,447.94,447.94,5,4
1629824505,447.95,447.97,447.94,447.97,447.953,32,31
1629824510,447.97,447.98,447.97,447.98,447.97,12,8
1629824515,447.98,447.98,447.96,447.97,447.97,20,16
1629824520,447.98,447.98,447.98,447.98,447.98,2,2
1629824525,447.98,447.98,447.97,447.97,447.978,27,17
1629824530,447.98,447.98,447.96,447.97,447.97,20,16
1629824535,447.97,447.97,447.96,447.97,447.968,15,8
1629824540,447.97,447.99,447.97,447.98,447.984,184,75
1629824545,447.98,448.0,447.98,447.99,447.991,27,24
1629824550,448.0,448.05,447.99,448.02,448.024,260,151
1629824555,448.03,448.03,448.01,448.02,448.02,29,23
1629824560,448.02,448.05,448.01,448.04,448.041,113,47
1629824565,448.05,448.06,448.04,448.05,448.055,146,79
1629824570,448.06,448.06,448.04,448.04,448.042,50,30
1629824575,448.04,448.05,448.04,448.05,448.044,10,7
1629824580,448.05,448.05,448.04,448.05,448.05,12,11
1629824585,448.05,448.05,448.02,448.03,448.038,37,24
1629824590,448.03,448.05,448.02,448.03,448.036,33,28
1629824595,448.03,448.03,448.03,448.03,448.03,13,9
1629824600,448.03,448.03,448.02,448.03,448.026,13,4
1629824605,448.03,448.03,448.02,448.03,448.025,3,1
1629824610,448.02,448.03,448.02,448.03,448.021,19,14
1629824615,448.02,448.04,448.02,448.04,448.034,39,23
1629824620,448.05,448.05,448.04,448.05,448.049,8,8
1629824625,448.05,448.05,448.04,448.04,448.042,11,7
1629824630,448.05,448.07,448.05,448.06,448.066,31,12
1629824635,448.06,448.06,448.06,448.06,448.06,0,0
1629824640,448.05,448.08,448.05,448.08,448.068,33,22
1629824645,448.08,448.08,448.07,448.08,448.078,8,6
1629824650,448.08,448.08,448.07,448.08,448.074,52,39
1629824655,448.08,448.09,448.07,448.07,448.085,32,19
1629824660,448.07,448.08,448.06,448.07,448.07,68,36
1629824665,448.06,448.06,448.05,448.06,448.054,46,34
1629824670,448.05,448.06,448.05,448.05,448.051,14,9
1629824675,448.05,448.05,448.05,448.05,448.05,0,0
1629824680,448.06,448.07,448.05,448.07,448.063,17,15
1629824685,448.06,448.07,448.06,448.06,448.062,15,6
1629824690,448.07,448.07,448.06,448.06,448.063,4,4
1629824695,448.06,448.07,448.05,448.05,448.058,48,38
1629824700,448.06,448.06,448.05,448.06,448.057,6,6
1629824705,448.07,448.07,448.07,448.07,448.07,10,10
1629824710,448.07,448.07,448.05,448.05,448.056,14,12
1629824715,448.05,448.05,448.04,448.05,448.05,21,18
1629824720,448.04,448.04,448.02,448.02,448.022,36,24
1629824725,448.02,448.03,448.01,448.02,448.02,25,23
1629824730,448.02,448.02,448.0,448.0,448.016,20,15
1629824735,448.0,448.0,447.99,447.99,447.993,27,15
1629824740,448.0,448.01,448.0,448.01,448.007,19,15
1629824745,448.0,448.03,448.0,448.03,448.012,26,20
1629824750,448.03,448.03,448.0,448.0,448.011,7,4
1629824755,448.01,448.01,448.0,448.0,448.003,21,16
1629824760,447.99,448.0,447.98,447.99,447.989,30,20
1629824765,448.0,448.0,447.99,447.99,447.995,52,34
1629824770,448.0,448.0,448.0,448.0,448.0,2,2
1629824775,448.0,448.0,447.99,448.0,447.998,3,3
1629824780,448.0,448.0,448.0,448.0,448.0,3,3
1629824785,448.0,448.0,448.0,448.0,448.0,0,0
1629824790,448.0,448.0,448.0,448.0,448.0,1,1
1629824795,448.0,448.01,448.0,448.0,448.005,2,2
1629824800,448.01,448.03,448.01,448.02,448.021,47,34
1629824805,448.02,448.03,448.02,448.03,448.022,16,8
1629824810,448.02,448.02,448.02,448.02,448.02,1,1
1629824815,448.02,448.02,448.02,448.02,448.02,1,1
1629824820,448.02,448.02,448.02,448.02,448.02,3,3
1629824825,448.02,448.03,448.02,448.03,448.023,22,17
1629824830,448.03,448.03,448.02,448.03,448.03,0,0
1629824835,448.02,448.03,448.02,448.02,448.021,6,5
1629824840,448.01,448.03,448.01,448.03,448.022,6,4
1629824845,448.03,448.04,448.03,448.04,448.034,14,12
1629824850,448.04,448.06,448.04,448.06,448.056,36,20
1629824855,448.05,448.05,448.04,448.05,448.05,29,20
1629824860,448.04,448.05,448.04,448.04,448.04,35,18
1629824865,448.04,448.04,448.03,448.03,448.03,31,26
1629824870,448.04,448.04,448.03,448.04,448.035,42,33
1629824875,448.04,448.04,448.03,448.04,448.033,32,14
1629824880,448.04,448.04,448.04,448.04,448.04,17,12
1629824885,448.04,448.05,448.04,448.05,448.044,12,8
1629824890,448.06,448.06,448.05,448.05,448.054,17,7
1629824895,448.05,448.05,448.05,448.05,448.05,0,0
1629824900,448.04,448.04,448.03,448.03,448.036,21,18
1629824905,448.02,448.03,448.01,448.01,448.02,40,27
1629824910,448.02,448.02,448.01,448.02,448.015,7,1
1629824915,448.01,448.01,448.01,448.01,448.01,25,13
1629824920,448.01,448.02,448.01,448.01,448.014,63,20
1629824925,448.02,448.03,448.01,448.02,448.02,18,13
1629824930,448.02,448.02,448.01,448.01,448.017,13,11
1629824935,448.01,448.02,448.01,448.02,448.012,5,4
1629824940,448.01,448.02,448.0,448.01,448.011,14,13
1629824945,448.01,448.01,448.01,448.01,448.01,13,8
1629824950,448.01,448.01,447.99,448.0,447.999,11,8
1629824955,448.0,448.0,448.0,448.0,448.0,14,10
1629824960,447.99,447.99,447.97,447.98,447.983,21,16
1629824965,447.99,447.99,447.99,447.99,447.99,4,4
1629824970,447.99,448.0,447.99,448.0,447.993,9,8
1629824975,448.0,448.0,448.0,448.0,448.0,7,4
1629824980,448.0,448.01,447.99,448.0,448.002,28,18
1629824985,448.02,448.02,448.02,448.02,448.02,20,7
1629824990,448.03,448.03,448.02,448.03,448.025,1,1
1629824995,448.03,448.04,448.02,448.03,448.035,6,6
1629825000,448.03,448.04,448.03,448.04,448.039,16,14
1629825005,448.04,448.05,448.04,448.05,448.044,21,11
1629825010,448.04,448.04,448.04,448.04,448.04,10,6
1629825015,448.05,448.05,448.04,448.04,448.044,6,2
1629825020,448.04,448.05,448.03,448.04,448.041,15,5
1629825025,448.04,448.04,448.03,448.03,448.03,91,20
1629825030,448.03,448.03,448.02,448.02,448.029,20,17
1629825035,448.03,448.03,448.02,448.02,448.024,4,2
1629825040,448.03,448.03,448.03,448.03,448.03,12,9
1629825045,448.03,448.03,448.02,448.02,448.027,3,3
1629825050,448.03,448.04,448.02,448.04,448.031,10,7
1629825055,448.03,448.03,448.03,448.03,448.03,12,7
1629825060,448.02,448.03,448.01,448.02,448.02,15,14
1629825065,448.02,448.03,448.01,448.03,448.021,29,17
1629825070,448.02,448.02,447.99,448.0,448.001,32,23
1629825075,448.0,448.0,448.0,448.0,448.0,2,2
1629825080,448.0,448.02,448.0,448.02,448.006,11,9
1629825085,448.01,448.02,448.01,448.02,448.013,3,3
1629825090,448.01,448.01,448.01,448.01,448.01,5,4
1629825095,448.02,448.02,448.02,448.02,448.02,3,3
1629825100,448.02,448.02,448.01,448.02,448.015,1,1
1629825105,448.01,448.01,448.01,448.01,448.01,5,3
1629825110,448.01,448.01,448.01,448.01,448.01,1,1
1629825115,448.02,448.02,448.01,448.02,448.017,2,2
1629825120,448.02,448.03,448.02,448.02,448.021,11,9
1629825125,448.02,448.04,448.01,448.04,448.025,9,7
1629825130,448.04,448.04,448.03,448.04,448.04,0,0
1629825135,448.02,448.02,448.01,448.01,448.013,19,8
1629825140,448.01,448.01,448.01,448.01,448.01,0,0
1629825145,448.02,448.02,448.01,448.02,448.02,2,1
1629825150,448.01,448.01,448.01,448.01,448.01,2,2
1629825155,448.0,448.01,448.0,448.01,448.008,2,2
1629825160,448.01,448.01,448.0,448.01,448.009,34,24
1629825165,448.01,448.01,448.01,448.01,448.01,4,1
1629825170,448.0,448.01,448.0,448.0,448.005,1,1
1629825175,448.0,448.01,448.0,448.01,448.006,11,10
1629825180,448.01,448.02,448.01,448.01,448.018,66,38
1629825185,448.01,448.02,448.01,448.01,448.01,15,8
1629825190,448.01,448.01,448.01,448.01,448.01,0,0
1629825195,448.01,448.02,448.01,448.02,448.015,7,6
1629825200,448.02,448.03,448.02,448.02,448.021,4,4
1629825205,448.02,448.02,448.02,448.02,448.02,0,0
1629825210,448.02,448.03,448.02,448.02,448.021,15,11
1629825215,448.02,448.02,448.02,448.02,448.02,4,4
1629825220,448.02,448.02,448.02,448.02,448.02,0,0
1629825225,448.02,448.02,448.02,448.02,448.02,7,7
1629825230,448.02,448.03,448.02,448.03,448.02,21,15
1629825235,448.02,448.03,448.02,448.03,448.024,5,3
1629825240,448.02,448.03,448.0,448.0,448.011,14,11
1629825245,448.0,448.01,448.0,448.01,448.001,11,7
1629825250,448.01,448.02,448.01,448.02,448.014,7,7
1629825255,448.03,448.03,448.02,448.03,448.025,3,3
1629825260,448.02,448.02,448.02,448.02,448.02,14,11
1629825265,448.02,448.03,448.02,448.02,448.022,2,2
1629825270,448.02,448.02,448.02,448.02,448.02,7,6
1629825275,448.02,448.02,448.01,448.02,448.019,9,9
1629825280,448.02,448.03,448.01,448.01,448.011,36,31
1629825285,448.01,448.02,448.0,448.0,448.007,8,6
1629825290,448.0,448.01,448.0,448.0,448.0,0,0
1629825295,448.0,448.0,448.0,448.0,448.0,15,2
1629825300,448.01,448.01,448.0,448.0,448.002,10,3
1629825305,448.0,448.0,448.0,448.0,448.0,8,3
1629825310,448.0,448.02,448.0,448.02,448.01,29,24
1629825315,448.01,448.03,448.01,448.02,448.019,10,10
1629825320,448.02,448.02,448.01,448.02,448.018,12,6
1629825325,448.02,448.02,448.02,448.02,448.02,0,0
1629825330,448.02,448.02,448.02,448.02,448.02,0,0
1629825335,448.02,448.04,448.02,448.04,448.025,16,16
1629825340,448.04,448.04,448.03,448.03,448.032,5,3
1629825345,448.03,448.04,448.03,448.04,448.032,23,20
1629825350,448.04,448.04,448.04,448.04,448.04,9,7
1629825355,448.05,448.06,448.04,448.06,448.051,14,10
1629825360,448.05,448.06,448.05,448.05,448.054,40,31
1629825365,448.05,448.05,448.04,448.05,448.048,4,3
1629825370,448.06,448.07,448.05,448.07,448.062,75,44
1629825375,448.06,448.06,448.06,448.06,448.06,7,6
1629825380,448.06,448.08,448.06,448.07,448.061,51,39
1629825385,448.08,448.08,448.07,448.08,448.076,4,4
1629825390,448.07,448.08,448.06,448.06,448.077,53,30
1629825395,448.06,448.07,448.06,448.06,448.065,1,1
1629825400,448.06,448.07,448.06,448.06,448.061,4,4
1629825405,448.06,448.06,448.05,448.06,448.055,5,1
1629825410,448.06,448.07,448.04,448.04,448.063,174,49
1629825415,448.05,448.06,448.05,448.05,448.053,3,3
1629825420,448.05,448.06,448.05,448.05,448.05,16,14
1629825425,448.05,448.05,448.04,448.05,448.05,15,5
1629825430,448.05,448.05,448.04,448.04,448.043,15,14
1629825435,448.03,448.03,448.02,448.03,448.025,6,3
1629825440,448.02,448.03,448.01,448.01,448.015,4,4
1629825445,448.0,448.01,448.0,448.01,448.007,14,3
1629825450,448.0,448.01,448.0,448.0,448.005,1,1
1629825455,448.01,448.01,448.01,448.01,448.01,5,5
1629825460,448.0,448.01,448.0,448.0,448.0,79,5
1629825465,447.99,447.99,447.99,447.99,447.99,11,11
1629825470,447.99,448.0,447.99,448.0,447.997,3,3
1629825475,448.0,448.0,448.0,448.0,448.0,0,0
1629825480,448.0,448.0,447.99,448.0,448.0,23,19
1629825485,447.99,448.0,447.99,447.99,447.991,1,1
1629825490,448.0,448.01,448.0,448.01,448.002,19,16
1629825495,447.99,447.99,447.99,447.99,447.99,15,12
1629825500,447.99,448.0,447.98,447.99,447.988,3,3
1629825505,448.0,448.0,447.99,448.0,447.995,1,1
1629825510,448.0,448.0,447.99,448.0,448.0,8,4
1629825515,447.99,448.0,447.99,448.0,447.992,12,3
1629825520,448.0,448.0,447.99,448.0,447.995,13,7
1629825525,448.0,448.0,447.99,448.0,447.998,2,2
1629825530,447.99,447.99,447.99,447.99,447.99,1,1
1629825535,448.0,448.03,448.0,448.03,448.004,99,59
1629825540,448.02,448.02,448.01,448.01,448.014,78,55
1629825545,448.01,448.02,448.01,448.02,448.015,2,2
1629825550,448.01,448.02,448.01,448.01,448.012,4,3
1629825555,448.01,448.02,448.01,448.02,448.02,18,15
1629825560,448.02,448.02,448.02,448.02,448.02,2,2
1629825565,448.02,448.03,448.02,448.02,448.023,1,1
1629825570,448.03,448.03,448.02,448.03,448.03,17,8
1629825575,448.02,448.03,448.02,448.03,448.025,2,2
1629825580,448.03,448.04,448.03,448.04,448.033,13,12
1629825585,448.05,448.05,448.04,448.05,448.05,3,3
1629825590,448.04,448.05,448.04,448.05,448.05,20,15
1629825595,448.05,448.05,448.05,448.05,448.05,6,6
1629825600,448.05,448.05,448.03,448.03,448.04,20,13
1629825605,448.04,448.05,448.03,448.05,448.037,38,23
1629825610,448.04,448.04,448.02,448.02,448.038,13,9
1629825615,448.02,448.03,448.02,448.03,448.026,7,6
1629825620,448.03,448.03,448.03,448.03,448.03,1,1
1629825625,448.03,448.03,448.02,448.02,448.021,8,8
1629825630,448.02,448.03,448.02,448.03,448.028,10,10
1629825635,448.03,448.03,448.02,448.02,448.025,3,2
1629825640,448.02,448.03,448.02,448.02,448.02,4,3
1629825645,448.02,448.02,448.01,448.02,448.018,3,3
1629825650,448.02,448.02,448.02,448.02,448.02,14,6
1629825655,448.02,448.03,448.02,448.02,448.021,6,2
1629825660,448.03,448.03,448.02,448.03,448.029,4,3
1629825665,448.02,448.03,448.02,448.02,448.024,12,12
1629825670,448.02,448.03,448.02,448.03,448.023,5,5
1629825675,448.03,448.03,448.02,448.02,448.02,11,10
1629825680,448.01,448.02,448.01,448.01,448.01,11,10
1629825685,448.02,448.02,448.02,448.02,448.02,15,14
1629825690,448.03,448.03,448.01,448.02,448.015,43,16
1629825695,448.01,448.02,448.01,448.02,448.012,46,16
1629825700,448.02,448.02,448.01,448.01,448.01,60,37
1629825705,448.01,448.02,448.01,448.02,448.013,6,5
1629825710,448.01,448.01,448.0,448.01,448.008,17,15
1629825715,448.0,448.0,447.99,448.0,448.0,105,15
1629825720,448.0,448.0,447.98,447.99,447.995,104,53
1629825725,447.99,448.0,447.99,448.0,447.993,27,20
1629825730,448.0,448.0,447.99,448.0,448.0,0,0
1629825735,448.0,448.02,447.99,448.01,448.001,56,38
1629825740,448.02,448.04,448.01,448.04,448.036,107,77
1629825745,448.05,448.05,448.03,448.03,448.039,26,10
1629825750,448.04,448.04,448.04,448.04,448.04,3,3
1629825755,448.04,448.05,448.04,448.04,448.04,2,1
1629825760,448.04,448.05,448.04,448.05,448.048,24,5
1629825765,448.04,448.04,448.02,448.03,448.032,3,3
1629825770,448.02,448.02,448.01,448.02,448.019,57,28
1629825775,448.03,448.03,448.01,448.03,448.024,14,14
1629825780,448.03,448.04,448.02,448.03,448.028,59,37
1629825785,448.03,448.03,448.02,448.02,448.023,3,3
1629825790,448.02,448.02,448.02,448.02,448.02,0,0
1629825795,448.03,448.03,448.02,448.03,448.028,3,3
1629825800,448.03,448.03,448.02,448.02,448.025,15,12
1629825805,448.03,448.04,448.02,448.04,448.03,19,16
1629825810,448.04,448.04,448.02,448.02,448.031,3,3
1629825815,448.03,448.03,448.02,448.03,448.029,14,13
1629825820,448.02,448.03,448.02,448.03,448.022,5,2
1629825825,448.02,448.02,448.02,448.02,448.02,11,9
1629825830,448.03,448.03,448.02,448.03,448.029,5,5
1629825835,448.03,448.03,448.03,448.03,448.03,40,28
1629825840,448.04,448.05,448.03,448.05,448.047,44,35
1629825845,448.05,448.05,448.04,448.04,448.041,27,18
1629825850,448.05,448.05,448.04,448.05,448.049,5,5
1629825855,448.05,448.05,448.04,448.05,448.045,32,3
1629825860,448.04,448.05,448.04,448.05,448.045,15,8
1629825865,448.05,448.05,448.04,448.05,448.045,1,1
1629825870,448.05,448.05,448.05,448.05,448.05,1,1
1629825875,448.05,448.05,448.05,448.05,448.05,0,0
1629825880,448.04,448.04,448.04,448.04,448.04,15,13
1629825885,448.04,448.04,448.04,448.04,448.04,0,0
1629825890,448.04,448.04,448.03,448.03,448.037,28,17
1629825895,448.03,448.03,448.01,448.02,448.02,31,23
1629825900,448.02,448.02,448.0,448.01,448.012,26,15
1629825905,448.01,448.01,448.01,448.01,448.01,12,12
1629825910,448.01,448.02,448.0,448.02,448.009,5,5
1629825915,448.02,448.02,448.0,448.01,448.01,9,9
1629825920,448.0,448.01,447.99,447.99,447.999,6,3
1629825925,447.99,447.99,447.97,447.98,447.983,18,16
1629825930,447.97,447.98,447.97,447.97,447.97,7,3
1629825935,447.97,447.98,447.96,447.97,447.977,64,50
1629825940,447.97,447.98,447.95,447.97,447.965,25,18
1629825945,447.97,447.99,447.97,447.98,447.978,69,36
1629825950,447.98,447.98,447.97,447.97,447.974,6,3
1629825955,447.98,447.98,447.98,447.98,447.98,2,2
1629825960,447.98,447.98,447.97,447.97,447.971,15,11
1629825965,447.97,447.97,447.96,447.96,447.967,9,9
1629825970,447.96,447.96,447.94,447.95,447.95,148,92
1629825975,447.95,447.96,447.95,447.96,447.957,11,10
1629825980,447.96,447.97,447.96,447.97,447.968,5,5
1629825985,447.97,447.98,447.96,447.98,447.975,31,28
1629825990,447.99,447.99,447.98,447.98,447.987,9,8
1629825995,447.97,447.98,447.97,447.98,447.972,17,17
1629826000,447.98,447.98,447.98,447.98,447.98,0,0
1629826005,447.97,447.98,447.97,447.97,447.975,2,1
1629826010,447.97,447.97,447.96,447.96,447.962,25,20
1629826015,447.96,447.96,447.96,447.96,447.96,9,9
1629826020,447.95,447.95,447.92,447.92,447.925,38,19
1629826025,447.92,447.92,447.91,447.91,447.911,15,5
1629826030,447.91,447.93,447.91,447.93,447.92,48,30
1629826035,447.93,447.93,447.92,447.92,447.924,6,5
1629826040,447.93,447.93,447.91,447.91,447.919,7,7
1629826045,447.91,447.92,447.91,447.92,447.917,30,10
1629826050,447.92,447.92,447.92,447.92,447.92,4,2
1629826055,447.92,447.92,447.92,447.92,447.92,5,2
1629826060,447.93,447.95,447.92,447.94,447.939,44,27
1629826065,447.94,447.95,447.94,447.95,447.945,11,11
1629826070,447.95,447.95,447.94,447.94,447.945,10,4
1629826075,447.95,447.95,447.94,447.95,447.945,16,8
1629826080,447.96,447.98,447.95,447.98,447.957,33,20
1629826085,447.98,448.0,447.97,447.99,447.985,15,14
1629826090,447.99,448.0,447.98,448.0,447.994,109,61
1629826095,447.99,448.0,447.99,448.0,447.992,12,3
1629826100,447.99,448.0,447.99,448.0,447.991,22,5
1629826105,448.0,448.0,447.98,447.98,447.988,22,9
1629826110,447.98,447.99,447.98,447.99,447.985,61,21
1629826115,447.99,448.0,447.98,448.0,447.997,21,18
1629826120,448.0,448.01,448.0,448.0,448.001,13,11
1629826125,448.01,448.01,448.0,448.0,448.005,58,23
1629826130,448.01,448.01,448.01,448.01,448.01,17,13
1629826135,448.01,448.01,448.0,448.0,448.002,28,28
1629826140,448.0,448.0,447.98,447.99,447.99,15,9
1629826145,447.99,447.99,447.99,447.99,447.99,3,3
1629826150,447.99,448.0,447.99,448.0,447.999,8,8
1629826155,448.0,448.01,448.0,448.01,448.005,10,9
1629826160,448.0,448.01,448.0,448.01,448.006,17,14
1629826165,448.02,448.03,448.01,448.03,448.021,6,6
1629826170,448.02,448.02,448.0,448.01,448.017,66,41
1629826175,448.01,448.01,448.0,448.0,448.005,3,3
1629826180,448.0,448.0,447.99,448.0,447.995,4,1
1629826185,448.0,448.02,448.0,448.01,448.005,12,10
1629826190,448.01,448.01,448.01,448.01,448.01,2,2
1629826195,448.0,448.0,447.99,447.99,448.0,34,26
1629826200,448.0,448.03,447.99,448.03,448.015,320,127
1629826205,448.02,448.03,448.02,448.03,448.025,24,18
1629826210,448.03,448.04,448.02,448.03,448.032,29,19
1629826215,448.03,448.03,448.02,448.03,448.03,21,13
1629826220,448.03,448.04,448.03,448.04,448.04,20,16
1629826225,448.04,448.05,448.04,448.05,448.041,6,6
1629826230,448.05,448.05,448.04,448.04,448.041,27,19
1629826235,448.05,448.05,448.04,448.05,448.048,2,2
1629826240,448.04,448.04,448.04,448.04,448.04,3,3
1629826245,448.05,448.05,448.04,448.05,448.049,28,23
1629826250,448.06,448.07,448.05,448.05,448.064,81,35
1629826255,448.06,448.07,448.06,448.07,448.068,16,12
1629826260,448.07,448.08,448.06,448.07,448.067,34,10
1629826265,448.08,448.08,448.07,448.08,448.073,6,4
1629826270,448.08,448.12,448.08,448.11,448.105,287,156
1629826275,448.1,448.11,448.08,448.08,448.088,125,54
1629826280,448.08,448.08,448.07,448.08,448.079,51,34
1629826285,448.08,448.08,448.06,448.06,448.073,12,12
1629826290,448.06,448.06,448.05,448.05,448.059,13,4
1629826295,448.06,448.06,448.05,448.05,448.055,5,5
1629826300,448.05,448.06,448.04,448.05,448.051,45,31
1629826305,448.05,448.06,448.05,448.05,448.051,5,5
1629826310,448.05,448.06,448.05,448.05,448.052,24,21
1629826315,448.04,448.05,448.04,448.04,448.042,5,3
1629826320,448.04,448.04,448.02,448.02,448.037,45,20
1629826325,448.03,448.05,448.02,448.04,448.033,59,37
1629826330,448.04,448.05,448.04,448.05,448.049,21,17
1629826335,448.05,448.05,448.05,448.05,448.05,20,14
1629826340,448.05,448.06,448.04,448.05,448.05,46,28
1629826345,448.06,448.06,448.05,448.05,448.056,52,28
1629826350,448.06,448.08,448.06,448.07,448.067,19,17
1629826355,448.08,448.09,448.07,448.08,448.079,40,24
1629826360,448.08,448.09,448.05,448.06,448.06,46,25
1629826365,448.06,448.06,448.05,448.05,448.053,24,10
1629826370,448.06,448.06,448.06,448.06,448.06,11,8
1629826375,448.06,448.06,448.05,448.05,448.057,7,7
1629826380,448.06,448.08,448.06,448.07,448.069,19,13
1629826385,448.08,448.08,448.07,448.07,448.073,28,15
1629826390,448.08,448.08,448.07,448.07,448.073,2,2
1629826395,448.08,448.1,448.08,448.08,448.086,57,45
1629826400,448.08,448.08,448.07,448.07,448.071,21,14
1629826405,448.07,448.07,448.06,448.06,448.069,9,7
1629826410,448.07,448.08,448.07,448.08,448.077,3,2
1629826415,448.08,448.08,448.08,448.08,448.08,10,10
1629826420,448.09,448.09,448.08,448.08,448.089,14,10
1629826425,448.08,448.09,448.08,448.09,448.087,3,2
1629826430,448.09,448.09,448.07,448.08,448.08,3,3
1629826435,448.08,448.08,448.08,448.08,448.08,1,1
1629826440,448.07,448.07,448.07,448.07,448.07,22,16
1629826445,448.07,448.07,448.05,448.05,448.058,15,13
1629826450,448.06,448.08,448.05,448.07,448.071,82,66
1629826455,448.07,448.07,448.07,448.07,448.07,17,15
1629826460,448.06,448.1,448.06,448.09,448.077,29,23
1629826465,448.09,448.1,448.09,448.09,448.095,28,25
1629826470,448.09,448.09,448.07,448.08,448.081,22,13
1629826475,448.08,448.09,448.08,448.08,448.081,31,21
1629826480,448.08,448.09,448.08,448.09,448.085,3,3
1629826485,448.09,448.09,448.08,448.09,448.084,23,15
1629826490,448.09,448.09,448.09,448.09,448.09,1,1
1629826495,448.09,448.1,448.09,448.09,448.092,4,4
1629826500,448.09,448.09,448.08,448.09,448.089,14,12
1629826505,448.09,448.12,448.09,448.1,448.106,84,66
1629826510,448.11,448.11,448.1,448.1,448.104,5,4
1629826515,448.11,448.12,448.1,448.11,448.113,94,50
1629826520,448.11,448.11,448.1,448.11,448.11,10,8
1629826525,448.11,448.11,448.11,448.11,448.11,20,9
1629826530,448.11,448.15,448.11,448.13,448.137,197,71
1629826535,448.13,448.14,448.13,448.13,448.137,13,9
1629826540,448.13,448.15,448.13,448.14,448.143,30,28
1629826545,448.14,448.15,448.13,448.15,448.14,67,33
1629826550,448.14,448.14,448.13,448.14,448.138,27,12
1629826555,448.14,448.14,448.14,448.14,448.14,5,5
1629826560,448.15,448.17,448.15,448.16,448.158,30,24
1629826565,448.16,448.17,448.16,448.17,448.169,91,29
1629826570,448.17,448.18,448.16,448.17,448.172,46,27
1629826575,448.18,448.19,448.17,448.18,448.183,22,16
1629826580,448.19,448.19,448.18,448.18,448.186,33,16
1629826585,448.19,448.2,448.18,448.18,448.189,56,39
1629826590,448.18,448.19,448.18,448.18,448.18,125,23
1629826595,448.19,448.19,448.18,448.18,448.185,122,65
1629826600,448.18,448.19,448.18,448.18,448.181,42,25
1629826605,448.19,448.19,448.18,448.19,448.182,10,9
1629826610,448.18,448.19,448.18,448.19,448.182,67,55
1629826615,448.18,448.19,448.17,448.18,448.18,26,21
1629826620,448.18,448.19,448.17,448.17,448.172,95,35
1629826625,448.17,448.17,448.15,448.15,448.159,66,28
1629826630,448.15,448.16,448.15,448.15,448.151,15,5
1629826635,448.15,448.16,448.15,448.15,448.155,7,6
1629826640,448.16,448.16,448.15,448.16,448.154,6,6
1629826645,448.15,448.15,448.15,448.15,448.15,10,9
1629826650,448.15,448.16,448.14,448.16,448.151,40,19
1629826655,448.16,448.16,448.16,448.16,448.16,2,2
1629826660,448.15,448.15,448.15,448.15,448.15,7,5
1629826665,448.16,448.17,448.16,448.16,448.16,27,21
1629826670,448.16,448.16,448.13,448.14,448.139,50,16
1629826675,448.14,448.14,448.13,448.14,448.135,1,1
1629826680,448.14,448.15,448.14,448.15,448.146,53,36
1629826685,448.15,448.15,448.15,448.15,448.15,0,0
1629826690,448.15,448.16,448.15,448.16,448.15,46,6
1629826695,448.16,448.16,448.15,448.15,448.154,4,3
1629826700,448.15,448.15,448.15,448.15,448.15,0,0
1629826705,448.16,448.16,448.16,448.16,448.16,2,2
1629826710,448.16,448.16,448.15,448.16,448.156,7,3
1629826715,448.16,448.18,448.16,448.17,448.17,87,55
1629826720,448.16,448.16,448.16,448.16,448.16,7,7
1629826725,448.16,448.18,448.16,448.17,448.167,71,14
1629826730,448.17,448.17,448.17,448.17,448.17,3,3
1629826735,448.17,448.18,448.17,448.18,448.177,23,10
1629826740,448.18,448.19,448.18,448.19,448.188,90,55
1629826745,448.18,448.18,448.18,448.18,448.18,2,2
1629826750,448.18,448.18,448.17,448.17,448.177,5,4
1629826755,448.17,448.17,448.17,448.17,448.17,18,14
1629826760,448.16,448.17,448.16,448.17,448.168,12,8
1629826765,448.18,448.18,448.18,448.18,448.18,1,1
1629826770,448.18,448.2,448.18,448.2,448.19,16,14
1629826775,448.2,448.2,448.2,448.2,448.2,7,5
1629826780,448.21,448.21,448.19,448.19,448.195,46,22
1629826785,448.19,448.19,448.19,448.19,448.19,7,4
1629826790,448.18,448.19,448.18,448.19,448.183,12,9
1629826795,448.18,448.18,448.18,448.18,448.18,1,1
1629826800,448.18,448.2,448.18,448.19,448.189,70,47
1629826805,448.19,448.2,448.19,448.19,448.194,19,3
1629826810,448.19,448.19,448.18,448.18,448.183,2,2
1629826815,448.19,448.21,448.18,448.2,448.198,93,36
1629826820,448.2,448.2,448.19,448.19,448.193,22,16
1629826825,448.19,448.19,448.18,448.19,448.189,28,12
1629826830,448.19,448.19,448.19,448.19,448.19,10,2
1629826835,448.19,448.19,448.19,448.19,448.19,0,0
1629826840,448.19,448.19,448.19,448.19,448.19,17,5
1629826845,448.19,448.21,448.19,448.21,448.194,18,17
1629826850,448.21,448.21,448.2,448.2,448.203,2,2
1629826855,448.21,448.21,448.2,448.21,448.205,35,14
1629826860,448.2,448.24,448.2,448.23,448.219,78,28
1629826865,448.23,448.23,448.22,448.23,448.228,40,13
1629826870,448.23,448.23,448.22,448.22,448.225,23,17
1629826875,448.23,448.23,448.22,448.23,448.226,37,29
1629826880,448.24,448.26,448.23,448.25,448.244,14,14
1629826885,448.26,448.27,448.25,448.27,448.265,99,37
1629826890,448.26,448.29,448.26,448.29,448.281,90,54
1629826895,448.29,448.29,448.27,448.27,448.281,42,23
1629826900,448.27,448.28,448.27,448.27,448.274,25,16
1629826905,448.27,448.27,448.27,448.27,448.27,0,0
1629826910,448.27,448.27,448.26,448.27,448.267,18,7
1629826915,448.26,448.27,448.26,448.27,448.265,4,4
1629826920,448.27,448.27,448.25,448.26,448.265,124,47
1629826925,448.25,448.26,448.24,448.24,448.25,17,11
1629826930,448.25,448.26,448.25,448.25,448.25,13,9
1629826935,448.26,448.28,448.26,448.27,448.268,116,63
1629826940,448.26,448.27,448.26,448.27,448.265,11,6
1629826945,448.26,448.27,448.26,448.26,448.263,5,5
1629826950,448.26,448.27,448.26,448.26,448.261,30,11
1629826955,448.26,448.27,448.25,448.26,448.26,15,7
1629826960,448.27,448.27,448.27,448.27,448.27,50,23
1629826965,448.27,448.27,448.23,448.23,448.261,59,23
1629826970,448.23,448.23,448.23,448.23,448.23,5,2
1629826975,448.24,448.24,448.23,448.24,448.238,5,5
1629826980,448.24,448.24,448.24,448.24,448.24,12,5
1629826985,448.23,448.24,448.23,448.23,448.23,2,1
1629826990,448.23,448.24,448.23,448.24,448.234,2,2
1629826995,448.24,448.24,448.23,448.24,448.24,0,0
1629827000,448.23,448.23,448.23,448.23,448.23,1,1
1629827005,448.24,448.24,448.23,448.24,448.235,2,1
1629827010,448.24,448.24,448.23,448.24,448.24,0,0
1629827015,448.24,448.24,448.23,448.24,448.235,12,6
1629827020,448.24,448.24,448.22,448.23,448.23,150,72
1629827025,448.23,448.23,448.22,448.22,448.23,94,32
1629827030,448.22,448.22,448.22,448.22,448.22,0,0
1629827035,448.23,448.23,448.22,448.23,448.227,11,9
1629827040,448.23,448.24,448.23,448.23,448.231,68,39
1629827045,448.24,448.24,448.23,448.24,448.237,15,10
1629827050,448.24,448.25,448.24,448.24,448.242,96,64
1629827055,448.24,448.24,448.24,448.24,448.24,53,4
1629827060,448.24,448.24,448.23,448.23,448.236,33,7
1629827065,448.24,448.24,448.23,448.24,448.235,1,1
1629827070,448.23,448.24,448.23,448.24,448.231,19,13
1629827075,448.23,448.23,448.22,448.22,448.228,44,14
1629827080,448.21,448.22,448.2,448.22,448.216,133,72
1629827085,448.21,448.22,448.21,448.22,448.219,13,12
1629827090,448.2,448.21,448.2,448.21,448.206,2,2
1629827095,448.2,448.21,448.2,448.21,448.204,2,2
1629827100,448.21,448.22,448.2,448.2,448.208,26,12
1629827105,448.21,448.22,448.21,448.22,448.215,39,26
1629827110,448.22,448.22,448.21,448.21,448.217,14,4
1629827115,448.22,448.22,448.21,448.21,448.21,158,100
1629827120,448.21,448.23,448.21,448.22,448.22,22,13
1629827125,448.21,448.21,448.2,448.21,448.209,8,4
1629827130,448.21,448.21,448.18,448.18,448.192,43,34
1629827135,448.19,448.19,448.18,448.18,448.183,2,2
1629827140,448.19,448.19,448.18,448.18,448.184,25,13
1629827145,448.19,448.19,448.18,448.18,448.181,4,3
1629827150,448.19,448.19,448.18,448.18,448.189,10,7
1629827155,448.19,448.19,448.18,448.18,448.181,10,10
1629827160,448.19,448.2,448.18,448.19,448.191,82,63
1629827165,448.2,448.2,448.19,448.19,448.194,27,14
1629827170,448.19,448.2,448.19,448.19,448.19,13,5
1629827175,448.19,448.19,448.18,448.19,448.19,11,9
1629827180,448.19,448.19,448.19,448.19,448.19,5,5
1629827185,448.19,448.2,448.16,448.17,448.176,314,168
1629827190,448.17,448.18,448.17,448.17,448.171,14,10
1629827195,448.17,448.19,448.17,448.19,448.178,22,15
1629827200,448.19,448.19,448.18,448.18,448.188,4,3
1629827205,448.18,448.18,448.18,448.18,448.18,0,0
1629827210,448.19,448.19,448.18,448.19,448.185,3,3
1629827215,448.19,448.2,448.18,448.2,448.192,40,33
1629827220,448.21,448.22,448.2,448.2,448.21,86,23
1629827225,448.2,448.21,448.2,448.2,448.201,3,3
1629827230,448.21,448.21,448.2,448.21,448.209,28,11
1629827235,448.21,448.22,448.2,448.22,448.21,7,7
1629827240,448.22,448.22,448.2,448.21,448.212,31,22
1629827245,448.22,448.23,448.21,448.23,448.226,31,26
1629827250,448.23,448.24,448.22,448.23,448.236,44,26
1629827255,448.24,448.24,448.23,448.24,448.236,5,4
1629827260,448.23,448.23,448.23,448.23,448.23,2,2
1629827265,448.24,448.25,448.24,448.25,448.245,13,13
1629827270,448.25,448.26,448.24,448.25,448.252,15,11
1629827275,448.26,448.26,448.23,448.23,448.246,38,19
1629827280,448.23,448.24,448.23,448.23,448.232,4,4
1629827285,448.24,448.24,448.24,448.24,448.24,1,1
1629827290,448.22,448.22,448.22,448.22,448.22,2,1
1629827295,448.24,448.24,448.23,448.23,448.234,5,4
1629827300,448.23,448.23,448.23,448.23,448.23,8,4
1629827305,448.23,448.23,448.22,448.23,448.227,22,15
1629827310,448.23,448.23,448.22,448.23,448.229,29,12
1629827315,448.23,448.23,448.22,448.23,448.226,15,5
1629827320,448.23,448.25,448.23,448.24,448.241,25,16
1629827325,448.24,448.24,448.23,448.23,448.233,3,3
1629827330,448.23,448.24,448.22,448.24,448.231,34,19
1629827335,448.24,448.25,448.23,448.23,448.242,37,18
1629827340,448.23,448.23,448.23,448.23,448.23,5,4
1629827345,448.23,448.23,448.23,448.23,448.23,10,8
1629827350,448.22,448.24,448.22,448.24,448.232,10,8
1629827355,448.24,448.24,448.23,448.24,448.24,0,0
1629827360,448.24,448.24,448.23,448.24,448.24,0,0
1629827365,448.22,448.23,448.21,448.22,448.217,18,17
1629827370,448.23,448.23,448.22,448.23,448.222,13,11
1629827375,448.23,448.23,448.23,448.23,448.23,0,0
1629827380,448.23,448.23,448.23,448.23,448.23,0,0
1629827385,448.22,448.22,448.21,448.22,448.214,8,8
1629827390,448.21,448.22,448.21,448.21,448.217,18,14
1629827395,448.22,448.24,448.21,448.22,448.226,46,34
1629827400,448.23,448.23,448.22,448.23,448.229,23,8
1629827405,448.23,448.23,448.22,448.22,448.228,4,4
1629827410,448.22,448.22,448.2,448.2,448.209,42,28
1629827415,448.21,448.21,448.2,448.21,448.205,13,8
1629827420,448.21,448.21,448.19,448.19,448.197,50,18
1629827425,448.2,448.21,448.2,448.21,448.202,5,5
1629827430,448.2,448.2,448.19,448.19,448.195,2,2
1629827435,448.21,448.22,448.2,448.2,448.21,121,60
1629827440,448.21,448.21,448.2,448.2,448.207,7,4
1629827445,448.21,448.21,448.2,448.2,448.208,10,7
1629827450,448.2,448.21,448.2,448.2,448.201,7,6
1629827455,448.19,448.2,448.19,448.2,448.196,6,3
1629827460,448.19,448.19,448.17,448.18,448.182,53,41
1629827465,448.17,448.18,448.17,448.17,448.172,7,3
1629827470,448.18,448.18,448.17,448.17,448.179,18,13
1629827475,448.17,448.17,448.17,448.17,448.17,23,21
1629827480,448.17,448.18,448.15,448.15,448.158,71,44
1629827485,448.15,448.16,448.14,448.15,448.148,45,33
1629827490,448.15,448.15,448.14,448.15,448.147,10,9
1629827495,448.14,448.15,448.12,448.14,448.136,65,50
1629827500,448.13,448.14,448.12,448.13,448.13,18,5
1629827505,448.13,448.15,448.13,448.14,448.136,36,19
1629827510,448.13,448.14,448.12,448.13,448.13,123,19
1629827515,448.14,448.14,448.13,448.14,448.135,1,1
1629827520,448.14,448.15,448.13,448.15,448.14,168,32
1629827525,448.15,448.17,448.15,448.17,448.15,46,10
1629827530,448.17,448.18,448.16,448.18,448.165,36,19
1629827535,448.18,448.19,448.18,448.19,448.181,7,7
1629827540,448.19,448.19,448.18,448.18,448.181,4,2
1629827545,448.18,448.2,448.18,448.19,448.188,35,14
1629827550,448.19,448.19,448.19,448.19,448.19,0,0
1629827555,448.19,448.19,448.17,448.18,448.186,7,7
1629827560,448.17,448.18,448.17,448.17,448.171,27,2
1629827565,448.18,448.18,448.17,448.18,448.172,13,4
1629827570,448.18,448.18,448.17,448.17,448.174,5,5
1629827575,448.17,448.19,448.17,448.19,448.175,18,15
1629827580,448.2,448.2,448.19,448.19,448.198,46,17
1629827585,448.2,448.2,448.19,448.2,448.199,20,19
1629827590,448.2,448.21,448.19,448.2,448.198,11,8
1629827595,448.2,448.2,448.2,448.2,448.2,22,11
1629827600,448.2,448.21,448.2,448.21,448.207,49,30
1629827605,448.21,448.21,448.2,448.21,448.209,9,7
1629827610,448.21,448.22,448.21,448.21,448.217,71,31
1629827615,448.21,448.21,448.21,448.21,448.21,3,2
1629827620,448.21,448.23,448.21,448.23,448.221,69,24
1629827625,448.22,448.22,448.21,448.22,448.218,40,31
1629827630,448.22,448.23,448.22,448.23,448.229,14,12
1629827635,448.24,448.24,448.23,448.23,448.235,15,7
1629827640,448.23,448.24,448.23,448.23,448.231,24,15
1629827645,448.23,448.25,448.23,448.25,448.239,15,9
1629827650,448.24,448.25,448.24,448.25,448.245,8,8
1629827655,448.24,448.25,448.23,448.25,448.236,31,25
1629827660,448.25,448.28,448.25,448.26,448.269,96,57
1629827665,448.26,448.29,448.26,448.28,448.276,43,26
1629827670,448.28,448.29,448.27,448.28,448.28,35,26
1629827675,448.29,448.29,448.27,448.28,448.279,25,10
1629827680,448.28,448.28,448.27,448.28,448.279,16,14
1629827685,448.27,448.28,448.27,448.28,448.279,11,9
1629827690,448.29,448.29,448.28,448.28,448.284,27,7
1629827695,448.28,448.29,448.28,448.29,448.289,35,17
1629827700,448.3,448.31,448.29,448.31,448.306,73,20
1629827705,448.3,448.31,448.3,448.3,448.301,124,13
1629827710,448.31,448.31,448.3,448.31,448.305,1,1
1629827715,448.31,448.31,448.29,448.3,448.298,33,17
1629827720,448.31,448.31,448.3,448.31,448.305,3,2
1629827725,448.31,448.31,448.3,448.3,448.303,3,2
1629827730,448.31,448.31,448.3,448.3,448.301,12,3
1629827735,448.31,448.32,448.31,448.31,448.315,46,28
1629827740,448.31,448.31,448.3,448.31,448.305,2,2
1629827745,448.31,448.31,448.3,448.3,448.308,6,4
1629827750,448.31,448.31,448.31,448.31,448.31,6,1
1629827755,448.3,448.31,448.3,448.3,448.301,2,1
1629827760,448.3,448.31,448.29,448.3,448.3,66,25
1629827765,448.31,448.31,448.31,448.31,448.31,1,1
1629827770,448.3,448.3,448.3,448.3,448.3,15,13
1629827775,448.3,448.31,448.28,448.28,448.296,140,43
1629827780,448.29,448.29,448.28,448.28,448.281,65,29
1629827785,448.28,448.29,448.28,448.28,448.284,40,10
1629827790,448.28,448.28,448.27,448.28,448.28,35,28
1629827795,448.28,448.28,448.28,448.28,448.28,7,6
1629827800,448.28,448.29,448.27,448.29,448.281,29,17
1629827805,448.28,448.28,448.27,448.28,448.277,22,4
1629827810,448.28,448.28,448.27,448.28,448.276,13,4
1629827815,448.28,448.28,448.27,448.27,448.273,2,2
1629827820,448.28,448.28,448.28,448.28,448.28,13,11
1629827825,448.28,448.28,448.27,448.28,448.275,39,22
1629827830,448.28,448.28,448.28,448.28,448.28,2,2
1629827835,448.28,448.28,448.27,448.28,448.278,13,10
1629827840,448.28,448.28,448.27,448.28,448.275,1,1
1629827845,448.27,448.28,448.27,448.28,448.271,106,16
1629827850,448.28,448.28,448.28,448.28,448.28,0,0
1629827855,448.27,448.28,448.25,448.26,448.259,50,17
1629827860,448.26,448.26,448.25,448.26,448.252,22,8
1629827865,448.26,448.26,448.25,448.26,448.256,5,5
1629827870,448.25,448.26,448.25,448.26,448.253,23,16
1629827875,448.26,448.26,448.26,448.26,448.26,5,5
1629827880,448.25,448.25,448.22,448.24,448.24,97,76
1629827885,448.25,448.26,448.25,448.25,448.258,46,22
1629827890,448.26,448.26,448.25,448.25,448.26,25,15
1629827895,448.27,448.27,448.26,448.27,448.267,16,5
1629827900,448.27,448.27,448.27,448.27,448.27,0,0
1629827905,448.25,448.27,448.24,448.25,448.257,32,23
1629827910,448.25,448.25,448.25,448.25,448.25,3,3
1629827915,448.25,448.25,448.23,448.24,448.245,235,81
1629827920,448.24,448.24,448.24,448.24,448.24,9,8
1629827925,448.24,448.26,448.23,448.25,448.249,29,16
1629827930,448.26,448.28,448.26,448.28,448.265,23,15
1629827935,448.27,448.27,448.26,448.26,448.267,3,3
1629827940,448.27,448.28,448.26,448.28,448.27,4,4
1629827945,448.27,448.28,448.27,448.27,448.27,72,10
1629827950,448.27,448.27,448.26,448.27,448.269,25,21
1629827955,448.26,448.26,448.26,448.26,448.26,2,2
1629827960,448.25,448.26,448.25,448.25,448.25,67,50
1629827965,448.25,448.25,448.25,448.25,448.25,5,2
1629827970,448.25,448.26,448.24,448.25,448.25,101,82
1629827975,448.24,448.25,448.23,448.23,448.237,58,45
1629827980,448.23,448.24,448.23,448.24,448.238,43,18
1629827985,448.23,448.23,448.22,448.23,448.228,16,8
1629827990,448.23,448.25,448.22,448.24,448.237,18,15
1629827995,448.24,448.24,448.22,448.23,448.23,57,42
1629828000,448.24,448.25,448.24,448.24,448.241,64,40
1629828005,448.24,448.25,448.23,448.25,448.242,18,15
1629828010,448.26,448.29,448.26,448.27,448.279,49,32
1629828015,448.27,448.28,448.27,448.27,448.271,69,56
1629828020,448.28,448.31,448.28,448.31,448.302,182,138
1629828025,448.3,448.31,448.3,448.3,448.301,8,6
1629828030,448.31,448.31,448.3,448.3,448.304,52,35
1629828035,448.3,448.3,448.28,448.28,448.291,35,19
1629828040,448.28,448.28,448.28,448.28,448.28,11,9
1629828045,448.28,448.3,448.28,448.29,448.284,21,14
1629828050,448.29,448.29,448.29,448.29,448.29,2,2
1629828055,448.28,448.28,448.27,448.28,448.28,11,9
1629828060,448.29,448.31,448.29,448.31,448.302,33,21
1629828065,448.3,448.31,448.3,448.31,448.305,2,2
1629828070,448.31,448.31,448.3,448.31,448.307,85,55
1629828075,448.31,448.31,448.3,448.31,448.305,5,1
1629828080,448.3,448.31,448.3,448.3,448.303,3,1
1629828085,448.31,448.31,448.31,448.31,448.31,7,4
1629828090,448.32,448.32,448.31,448.32,448.318,7,7
1629828095,448.31,448.32,448.31,448.31,448.315,4,3
1629828100,448.31,448.31,448.3,448.3,448.303,28,23
1629828105,448.3,448.3,448.3,448.3,448.3,1,1
1629828110,448.3,448.3,448.29,448.3,448.297,20,15
1629828115,448.3,448.3,448.29,448.3,448.295,29,19
1629828120,448.3,448.3,448.29,448.3,448.299,19,5
1629828125,448.3,448.32,448.3,448.31,448.311,349,58
1629828130,448.31,448.32,448.31,448.32,448.314,14,13
1629828135,448.31,448.32,448.31,448.31,448.318,40,20
1629828140,448.31,448.32,448.3,448.3,448.304,64,18
1629828145,448.3,448.3,448.3,448.3,448.3,0,0
1629828150,448.3,448.31,448.28,448.29,448.294,91,50
1629828155,448.29,448.3,448.29,448.3,448.291,11,11
1629828160,448.3,448.31,448.29,448.3,448.302,42,29
1629828165,448.3,448.31,448.29,448.3,448.299,21,20
1629828170,448.3,448.3,448.29,448.3,448.294,11,9
1629828175,448.29,448.29,448.28,448.29,448.285,1,1
1629828180,448.29,448.29,448.28,448.28,448.288,11,11
1629828185,448.29,448.29,448.27,448.28,448.279,81,36
1629828190,448.28,448.28,448.28,448.28,448.28,2,2
1629828195,448.28,448.28,448.26,448.28,448.271,37,22
1629828200,448.27,448.28,448.26,448.28,448.27,41,18
1629828205,448.27,448.27,448.26,448.26,448.263,4,4
1629828210,448.27,448.27,448.26,448.26,448.261,10,9
1629828215,448.27,448.28,448.25,448.27,448.267,248,101
1629828220,448.27,448.28,448.26,448.28,448.266,73,24
1629828225,448.28,448.31,448.27,448.3,448.292,151,74
1629828230,448.31,448.31,448.3,448.31,448.308,9,8
1629828235,448.31,448.31,448.3,448.31,448.307,8,5
1629828240,448.3,448.32,448.3,448.31,448.314,39,21
1629828245,448.31,448.32,448.31,448.32,448.317,12,7
1629828250,448.32,448.33,448.32,448.33,448.327,46,17
1629828255,448.32,448.33,448.32,448.33,448.329,17,14
1629828260,448.33,448.33,448.32,448.33,448.327,29,18
1629828265,448.33,448.34,448.33,448.33,448.333,108,75
1629828270,448.34,448.34,448.33,448.34,448.339,25,14
1629828275,448.34,448.34,448.33,448.34,448.336,20,15
1629828280,448.34,448.34,448.32,448.33,448.329,184,60
1629828285,448.33,448.33,448.32,448.33,448.328,7,5
1629828290,448.33,448.33,448.28,448.29,448.31,568,271
1629828295,448.29,448.29,448.27,448.28,448.28,116,55
1629828300,448.28,448.29,448.27,448.29,448.28,81,43
1629828305,448.28,448.29,448.28,448.29,448.283,28,21
1629828310,448.29,448.29,448.26,448.27,448.275,148,112
1629828315,448.27,448.28,448.26,448.27,448.273,56,21
1629828320,448.27,448.28,448.27,448.28,448.27,11,6
1629828325,448.28,448.28,448.26,448.27,448.27,67,21
1629828330,448.27,448.29,448.27,448.28,448.275,51,27
1629828335,448.28,448.28,448.27,448.28,448.278,14,10
1629828340,448.28,448.29,448.28,448.29,448.287,28,16
1629828345,448.29,448.29,448.28,448.29,448.287,8,7
1629828350,448.28,448.29,448.28,448.29,448.284,47,39
1629828355,448.29,448.3,448.28,448.29,448.29,26,17
1629828360,448.29,448.29,448.27,448.28,448.277,164,68
1629828365,448.27,448.28,448.27,448.27,448.274,55,25
1629828370,448.27,448.27,448.26,448.27,448.269,30,13
1629828375,448.27,448.28,448.26,448.28,448.277,44,26
1629828380,448.27,448.27,448.27,448.27,448.27,4,3
1629828385,448.27,448.28,448.26,448.27,448.265,61,27
1629828390,448.27,448.27,448.26,448.27,448.268,9,7
1629828395,448.27,448.27,448.26,448.27,448.266,7,7
1629828400,448.26,448.27,448.23,448.23,448.252,183,106
1629828405,448.23,448.25,448.23,448.25,448.239,30,12
1629828410,448.24,448.25,448.24,448.25,448.248,16,13
1629828415,448.25,448.25,448.24,448.24,448.242,12,8
1629828420,448.23,448.24,448.21,448.23,448.227,117,49
1629828425,448.23,448.24,448.22,448.24,448.23,32,10
1629828430,448.24,448.27,448.24,448.27,448.249,48,33
1629828435,448.25,448.25,448.24,448.24,448.244,18,12
1629828440,448.24,448.27,448.24,448.27,448.254,247,123
1629828445,448.26,448.27,448.26,448.26,448.267,8,7
1629828450,448.26,448.27,448.26,448.26,448.26,0,0
1629828455,448.27,448.28,448.27,448.27,448.277,190,82
1629828460,448.27,448.28,448.27,448.27,448.272,96,45
1629828465,448.28,448.29,448.28,448.28,448.28,13,12
1629828470,448.29,448.3,448.29,448.29,448.293,19,16
1629828475,448.29,448.29,448.28,448.29,448.288,50,35
1629828480,448.28,448.29,448.27,448.29,448.282,27,23
1629828485,448.27,448.28,448.27,448.28,448.28,352,102
1629828490,448.29,448.29,448.28,448.29,448.287,7,7
1629828495,448.29,448.31,448.28,448.31,448.299,33,8
1629828500,448.31,448.32,448.3,448.31,448.315,28,15
1629828505,448.31,448.32,448.29,448.29,448.302,121,48
1629828510,448.29,448.3,448.29,448.3,448.297,23,20
1629828515,448.3,448.3,448.29,448.3,448.299,16,9
1629828520,448.3,448.3,448.3,448.3,448.3,7,3
1629828525,448.3,448.3,448.3,448.3,448.3,6,1
1629828530,448.3,448.3,448.29,448.29,448.292,35,19
1629828535,448.29,448.29,448.28,448.29,448.29,17,12
1629828540,448.29,448.3,448.29,448.3,448.29,14,11
1629828545,448.3,448.31,448.29,448.31,448.3,61,24
1629828550,448.32,448.35,448.31,448.34,448.33,105,41
1629828555,448.34,448.35,448.33,448.33,448.336,64,37
1629828560,448.34,448.34,448.32,448.33,448.334,62,39
1629828565,448.33,448.33,448.31,448.31,448.319,33,32
1629828570,448.32,448.33,448.32,448.32,448.324,24,17
1629828575,448.32,448.33,448.32,448.32,448.322,30,23
1629828580,448.32,448.33,448.32,448.32,448.324,21,9
1629828585,448.31,448.32,448.31,448.32,448.317,13,6
1629828590,448.31,448.32,448.29,448.29,448.301,103,81
1629828595,448.29,448.3,448.29,448.3,448.296,13,10
1629828600,448.3,448.3,448.29,448.3,448.299,15,6
1629828605,448.3,448.3,448.29,448.3,448.296,9,8
1629828610,448.3,448.3,448.29,448.3,448.298,28,22
1629828615,448.3,448.31,448.28,448.28,448.299,146,90
1629828620,448.29,448.29,448.29,448.29,448.29,14,11
1629828625,448.28,448.29,448.28,448.29,448.285,18,12
1629828630,448.29,448.34,448.29,448.34,448.304,47,31
1629828635,448.34,448.35,448.32,448.35,448.342,57,42
1629828640,448.33,448.34,448.33,448.34,448.338,17,12
1629828645,448.33,448.34,448.31,448.33,448.323,60,48
1629828650,448.32,448.33,448.32,448.33,448.329,9,4
1629828655,448.32,448.33,448.32,448.32,448.325,5,4
1629828660,448.33,448.35,448.33,448.34,448.341,88,58
1629828665,448.34,448.35,448.34,448.35,448.342,5,4
1629828670,448.35,448.35,448.34,448.35,448.345,3,3
1629828675,448.34,448.35,448.34,448.35,448.345,50,26
1629828680,448.33,448.34,448.33,448.33,448.33,67,39
1629828685,448.33,448.34,448.32,448.32,448.332,66,52
1629828690,448.33,448.33,448.32,448.32,448.324,15,8
1629828695,448.33,448.34,448.32,448.33,448.329,33,28
1629828700,448.34,448.34,448.34,448.34,448.34,24,15
1629828705,448.33,448.35,448.33,448.34,448.339,18,12
1629828710,448.34,448.34,448.31,448.32,448.326,30,22
1629828715,448.32,448.33,448.32,448.33,448.325,12,10
1629828720,448.32,448.34,448.32,448.34,448.338,20,14
1629828725,448.34,448.35,448.34,448.34,448.346,18,12
1629828730,448.34,448.35,448.34,448.35,448.342,5,3
1629828735,448.34,448.35,448.34,448.34,448.343,4,4
1629828740,448.34,448.35,448.33,448.35,448.34,52,25
1629828745,448.34,448.35,448.34,448.35,448.343,19,17
1629828750,448.34,448.35,448.34,448.34,448.341,30,27
1629828755,448.33,448.35,448.33,448.35,448.337,38,18
1629828760,448.34,448.35,448.34,448.35,448.344,10,10
1629828765,448.34,448.35,448.34,448.35,448.343,7,7
1629828770,448.35,448.35,448.35,448.35,448.35,1,1
1629828775,448.35,448.35,448.34,448.35,448.346,56,10
1629828780,448.35,448.37,448.34,448.37,448.36,323,168
1629828785,448.37,448.37,448.35,448.36,448.355,55,37
1629828790,448.36,448.36,448.36,448.36,448.36,25,14
1629828795,448.37,448.37,448.36,448.37,448.363,19,9
1629828800,448.36,448.37,448.35,448.37,448.361,31,24
1629828805,448.37,448.37,448.36,448.36,448.362,13,9
1629828810,448.36,448.36,448.35,448.36,448.355,50,37
1629828815,448.36,448.36,448.35,448.36,448.359,7,6
1629828820,448.35,448.37,448.35,448.37,448.363,17,10
1629828825,448.36,448.37,448.36,448.37,448.367,37,26
1629828830,448.36,448.36,448.36,448.36,448.36,2,2
1629828835,448.37,448.37,448.36,448.37,448.369,31,21
1629828840,448.37,448.37,448.36,448.37,448.369,7,4
1629828845,448.36,448.37,448.36,448.37,448.361,43,13
1629828850,448.37,448.37,448.36,448.37,448.365,26,2
1629828855,448.37,448.37,448.36,448.37,448.365,31,2
1629828860,448.37,448.37,448.36,448.37,448.36,47,38
1629828865,448.37,448.37,448.36,448.37,448.37,0,0
1629828870,448.36,448.36,448.35,448.36,448.357,22,14
1629828875,448.35,448.36,448.34,448.35,448.348,83,44
1629828880,448.35,448.36,448.34,448.35,448.35,6,4
1629828885,448.35,448.35,448.35,448.35,448.35,1,1
1629828890,448.36,448.36,448.35,448.36,448.357,12,12
1629828895,448.36,448.36,448.35,448.36,448.355,1,1
1629828900,448.36,448.36,448.35,448.36,448.355,1,1
1629828905,448.35,448.36,448.34,448.35,448.349,41,31
1629828910,448.35,448.35,448.34,448.35,448.344,6,6
1629828915,448.34,448.34,448.34,448.34,448.34,3,3
1629828920,448.34,448.34,448.33,448.34,448.34,44,19
1629828925,448.33,448.34,448.33,448.34,448.33,19,2
1629828930,448.34,448.35,448.33,448.34,448.342,64,32
1629828935,448.34,448.34,448.33,448.34,448.339,8,8
1629828940,448.34,448.34,448.33,448.34,448.333,31,30
1629828945,448.34,448.34,448.33,448.33,448.337,16,8
1629828950,448.34,448.34,448.33,448.33,448.339,13,3
1629828955,448.33,448.34,448.33,448.34,448.338,41,37
1629828960,448.34,448.34,448.34,448.34,448.34,6,2
1629828965,448.34,448.35,448.33,448.35,448.34,28,14
1629828970,448.34,448.34,448.31,448.31,448.329,41,30
1629828975,448.32,448.34,448.32,448.33,448.324,78,57
1629828980,448.32,448.33,448.32,448.32,448.324,27,25
1629828985,448.33,448.35,448.33,448.34,448.335,61,53
1629828990,448.34,448.36,448.34,448.36,448.347,12,10
1629828995,448.36,448.37,448.35,448.37,448.36,23,9
1629829000,448.36,448.36,448.36,448.36,448.36,1,1
1629829005,448.36,448.36,448.35,448.36,448.358,3,3
1629829010,448.36,448.36,448.36,448.36,448.36,1,1
1629829015,448.36,448.37,448.36,448.37,448.362,52,31
1629829020,448.37,448.37,448.35,448.35,448.355,52,42
1629829025,448.35,448.36,448.34,448.35,448.349,7,7
1629829030,448.35,448.35,448.35,448.35,448.35,4,2
1629829035,448.36,448.36,448.36,448.36,448.36,1,1
1629829040,448.35,448.36,448.35,448.35,448.35,1,1
1629829045,448.36,448.36,448.36,448.36,448.36,1,1
1629829050,448.36,448.36,448.35,448.36,448.359,7,3
1629829055,448.36,448.36,448.35,448.36,448.357,2,2
1629829060,448.36,448.37,448.35,448.37,448.36,33,16
1629829065,448.37,448.38,448.36,448.37,448.37,82,59
1629829070,448.37,448.37,448.37,448.37,448.37,12,12
1629829075,448.37,448.38,448.36,448.38,448.37,189,35
1629829080,448.38,448.39,448.38,448.39,448.387,82,59
1629829085,448.39,448.4,448.38,448.39,448.394,40,28
1629829090,448.39,448.39,448.38,448.39,448.382,28,28
1629829095,448.38,448.39,448.38,448.39,448.381,15,11
1629829100,448.39,448.39,448.38,448.38,448.385,47,39
1629829105,448.39,448.39,448.39,448.39,448.39,15,11
1629829110,448.39,448.39,448.38,448.39,448.39,12,9
1629829115,448.39,448.39,448.39,448.39,448.39,6,4
1629829120,448.39,448.4,448.38,448.38,448.39,32,19
1629829125,448.39,448.39,448.36,448.37,448.37,136,69
1629829130,448.37,448.37,448.37,448.37,448.37,3,2
1629829135,448.37,448.37,448.36,448.37,448.368,2,2
1629829140,448.37,448.37,448.36,448.37,448.362,23,7
1629829145,448.37,448.37,448.36,448.37,448.366,11,6
1629829150,448.36,448.37,448.36,448.37,448.365,13,8
1629829155,448.37,448.37,448.36,448.37,448.369,24,13
1629829160,448.37,448.37,448.36,448.37,448.368,3,2
1629829165,448.36,448.37,448.34,448.35,448.353,153,84
1629829170,448.35,448.35,448.34,448.35,448.345,15,15
1629829175,448.35,448.35,448.34,448.35,448.347,4,4
1629829180,448.35,448.35,448.34,448.35,448.347,4,4
1629829185,448.35,448.35,448.34,448.35,448.349,15,6
1629829190,448.35,448.37,448.34,448.37,448.351,65,35
1629829195,448.36,448.36,448.35,448.36,448.354,43,22
1629829200,448.36,448.37,448.35,448.36,448.36,184,147
1629829205,448.36,448.36,448.35,448.36,448.359,56,50
1629829210,448.35,448.37,448.35,448.36,448.359,45,34
1629829215,448.36,448.37,448.36,448.37,448.362,25,23
1629829220,448.36,448.37,448.36,448.37,448.365,4,3
1629829225,448.36,448.37,448.36,448.37,448.364,18,18
1629829230,448.37,448.37,448.36,448.37,448.365,17,10
1629829235,448.37,448.37,448.36,448.37,448.367,20,11
1629829240,448.36,448.36,448.35,448.36,448.353,63,44
1629829245,448.36,448.36,448.36,448.36,448.36,0,0
1629829250,448.36,448.37,448.36,448.37,448.363,8,8
1629829255,448.37,448.37,448.36,448.36,448.362,10,10
1629829260,448.35,448.36,448.35,448.35,448.355,60,42
1629829265,448.36,448.36,448.34,448.34,448.353,30,22
1629829270,448.33,448.33,448.31,448.32,448.319,112,75
1629829275,448.32,448.32,448.31,448.31,448.316,50,22
1629829280,448.32,448.33,448.32,448.32,448.323,43,37
1629829285,448.32,448.32,448.31,448.32,448.317,24,8
1629829290,448.31,448.32,448.31,448.31,448.315,24,6
1629829295,448.31,448.32,448.31,448.31,448.317,20,9
1629829300,448.31,448.32,448.31,448.31,448.314,15,10
1629829305,448.31,448.32,448.31,448.31,448.316,7,4
1629829310,448.31,448.32,448.31,448.31,448.316,5,3
1629829315,448.31,448.32,448.28,448.29,448.299,157,95
1629829320,448.3,448.31,448.29,448.31,448.299,37,25
1629829325,448.31,448.31,448.3,448.31,448.308,4,4
1629829330,448.3,448.31,448.3,448.31,448.308,11,8
1629829335,448.31,448.32,448.31,448.31,448.312,12,7
1629829340,448.31,448.33,448.31,448.33,448.321,127,63
1629829345,448.33,448.33,448.32,448.32,448.322,6,2
1629829350,448.33,448.33,448.32,448.32,448.324,34,19
1629829355,448.32,448.32,448.31,448.31,448.313,5,3
1629829360,448.31,448.31,448.31,448.31,448.31,0,0
1629829365,448.31,448.32,448.31,448.32,448.315,12,11
1629829370,448.32,448.33,448.31,448.33,448.319,6,6
1629829375,448.32,448.32,448.31,448.32,448.317,19,16
1629829380,448.31,448.37,448.31,448.35,448.344,52,45
1629829385,448.35,448.36,448.35,448.36,448.353,4,4
1629829390,448.35,448.37,448.35,448.37,448.36,108,19
1629829395,448.37,448.38,448.36,448.36,448.365,23,17
1629829400,448.36,448.36,448.35,448.36,448.355,31,28
1629829405,448.35,448.35,448.35,448.35,448.35,2,2
1629829410,448.35,448.36,448.35,448.35,448.354,7,6
1629829415,448.36,448.36,448.35,448.36,448.355,36,32
1629829420,448.36,448.36,448.35,448.36,448.355,11,5
1629829425,448.36,448.36,448.34,448.34,448.346,27,25
1629829430,448.33,448.34,448.33,448.34,448.336,20,17
1629829435,448.34,448.34,448.32,448.33,448.331,26,25
1629829440,448.33,448.33,448.3,448.33,448.321,58,29
1629829445,448.33,448.33,448.32,448.33,448.33,2,1
1629829450,448.32,448.32,448.31,448.31,448.317,14,12
1629829455,448.32,448.33,448.32,448.32,448.322,7,6
1629829460,448.33,448.33,448.32,448.32,448.328,21,16
1629829465,448.33,448.35,448.33,448.35,448.343,14,11
1629829470,448.36,448.36,448.34,448.35,448.353,22,22
1629829475,448.36,448.36,448.35,448.36,448.354,13,12
1629829480,448.35,448.35,448.35,448.35,448.35,2,2
1629829485,448.36,448.36,448.35,448.36,448.355,5,1
1629829490,448.36,448.36,448.35,448.36,448.356,6,5
1629829495,448.35,448.36,448.35,448.35,448.35,1,1
1629829500,448.36,448.36,448.35,448.36,448.359,22,10
1629829505,448.35,448.36,448.35,448.36,448.351,29,5
1629829510,448.36,448.36,448.35,448.36,448.358,26,24
1629829515,448.35,448.36,448.35,448.35,448.351,5,4
1629829520,448.36,448.36,448.35,448.35,448.352,15,14
1629829525,448.36,448.36,448.35,448.36,448.355,5,1
1629829530,448.36,448.36,448.35,448.35,448.355,5,5
1629829535,448.36,448.36,448.35,448.36,448.355,4,4
1629829540,448.36,448.36,448.35,448.36,448.36,24,19
1629829545,448.35,448.36,448.35,448.36,448.358,34,13
1629829550,448.36,448.36,448.36,448.36,448.36,1,1
1629829555,448.36,448.36,448.36,448.36,448.36,0,0
1629829560,448.36,448.38,448.36,448.38,448.369,108,75
1629829565,448.37,448.37,448.36,448.37,448.369,7,6
1629829570,448.38,448.39,448.37,448.38,448.374,67,31
1629829575,448.38,448.38,448.37,448.37,448.374,8,8
1629829580,448.37,448.37,448.33,448.34,448.347,52,41
1629829585,448.33,448.33,448.32,448.32,448.326,10,10
1629829590,448.31,448.31,448.3,448.31,448.305,4,4
1629829595,448.31,448.31,448.3,448.31,448.306,14,6
1629829600,448.3,448.32,448.3,448.31,448.311,26,23
1629829605,448.32,448.33,448.32,448.33,448.323,18,18
1629829610,448.32,448.32,448.31,448.32,448.318,20,16
1629829615,448.32,448.32,448.31,448.31,448.316,18,5
1629829620,448.31,448.31,448.31,448.31,448.31,16,15
1629829625,448.31,448.31,448.3,448.31,448.308,13,13
1629829630,448.31,448.31,448.27,448.28,448.294,54,50
1629829635,448.28,448.28,448.26,448.27,448.27,43,26
1629829640,448.27,448.28,448.27,448.28,448.272,49,31
1629829645,448.27,448.29,448.27,448.29,448.282,14,14
1629829650,448.28,448.29,448.28,448.29,448.287,21,15
1629829655,448.3,448.31,448.29,448.29,448.303,40,36
1629829660,448.3,448.3,448.29,448.3,448.297,8,8
1629829665,448.3,448.31,448.3,448.31,448.302,38,30
1629829670,448.29,448.3,448.29,448.3,448.299,20,15
1629829675,448.3,448.3,448.28,448.29,448.289,28,21
1629829680,448.29,448.3,448.29,448.29,448.292,9,8
1629829685,448.29,448.3,448.29,448.3,448.298,13,12
1629829690,448.3,448.31,448.29,448.3,448.3,114,56
1629829695,448.31,448.32,448.3,448.31,448.31,25,24
1629829700,448.31,448.31,448.3,448.31,448.307,26,13
1629829705,448.3,448.3,448.29,448.3,448.3,51,22
1629829710,448.31,448.31,448.29,448.3,448.298,10,7
1629829715,448.3,448.31,448.3,448.31,448.302,29,19
1629829720,448.31,448.31,448.3,448.3,448.305,20,20
1629829725,448.29,448.29,448.29,448.29,448.29,9,8
1629829730,448.29,448.3,448.29,448.3,448.296,19,18
1629829735,448.3,448.3,448.27,448.28,448.279,68,54
1629829740,448.28,448.28,448.28,448.28,448.28,5,3
1629829745,448.28,448.29,448.27,448.29,448.278,23,18
1629829750,448.29,448.3,448.29,448.3,448.291,13,12
1629829755,448.3,448.3,448.29,448.29,448.293,27,25
1629829760,448.29,448.29,448.29,448.29,448.29,6,5
1629829765,448.29,448.29,448.28,448.28,448.281,28,23
1629829770,448.29,448.29,448.28,448.28,448.281,26,16
1629829775,448.28,448.29,448.27,448.29,448.282,13,11
1629829780,448.29,448.3,448.28,448.29,448.289,33,25
1629829785,448.29,448.31,448.29,448.3,448.3,23,13
1629829790,448.29,448.3,448.29,448.3,448.297,50,13
1629829795,448.3,448.31,448.29,448.29,448.299,22,15
1629829800,448.3,448.3,448.29,448.3,448.292,49,42
1629829805,448.29,448.3,448.29,448.3,448.297,3,3
1629829810,448.29,448.31,448.29,448.31,448.304,53,42
1629829815,448.31,448.31,448.3,448.31,448.306,32,29
1629829820,448.3,448.3,448.29,448.29,448.291,46,18
1629829825,448.29,448.29,448.28,448.29,448.289,70,8
1629829830,448.29,448.29,448.28,448.29,448.284,12,8
1629829835,448.28,448.29,448.28,448.29,448.284,4,3
1629829840,448.28,448.29,448.28,448.29,448.286,5,5
1629829845,448.29,448.3,448.29,448.3,448.293,22,13
1629829850,448.29,448.31,448.29,448.31,448.299,32,11
1629829855,448.31,448.33,448.3,448.33,448.312,63,38
1629829860,448.32,448.33,448.31,448.32,448.321,28,17
1629829865,448.33,448.33,448.32,448.33,448.33,5,4
1629829870,448.33,448.33,448.33,448.33,448.33,3,3
1629829875,448.32,448.33,448.32,448.32,448.326,7,7
1629829880,448.32,448.33,448.32,448.32,448.32,0,0
1629829885,448.32,448.33,448.32,448.32,448.32,0,0
1629829890,448.33,448.34,448.32,448.34,448.333,34,20
1629829895,448.34,448.34,448.33,448.34,448.339,5,3
1629829900,448.34,448.34,448.33,448.34,448.338,14,10
1629829905,448.34,448.34,448.34,448.34,448.34,1,1
1629829910,448.34,448.35,448.33,448.34,448.34,67,44
1629829915,448.34,448.34,448.34,448.34,448.34,0,0
1629829920,448.34,448.36,448.33,448.36,448.348,113,62
1629829925,448.35,448.36,448.35,448.35,448.353,25,4
1629829930,448.36,448.38,448.35,448.37,448.366,128,73
1629829935,448.38,448.38,448.36,448.36,448.372,99,57
1629829940,448.36,448.37,448.36,448.37,448.369,27,12
1629829945,448.37,448.37,448.36,448.37,448.369,26,11
1629829950,448.36,448.37,448.36,448.37,448.362,17,7
1629829955,448.37,448.37,448.36,448.37,448.369,70,28
1629829960,448.37,448.37,448.36,448.37,448.367,49,37
1629829965,448.37,448.37,448.36,448.36,448.365,13,7
1629829970,448.36,448.36,448.35,448.35,448.358,24,18
1629829975,448.36,448.37,448.36,448.37,448.362,14,9
1629829980,448.37,448.38,448.37,448.37,448.371,23,12
1629829985,448.36,448.37,448.36,448.37,448.367,14,11
1629829990,448.37,448.37,448.36,448.37,448.37,0,0
1629829995,448.37,448.39,448.37,448.39,448.373,65,20
1629830000,448.38,448.39,448.38,448.39,448.385,2,2
1629830005,448.39,448.39,448.38,448.39,448.388,4,4
1629830010,448.39,448.39,448.38,448.38,448.388,5,3
1629830015,448.39,448.39,448.38,448.39,448.39,31,18
1629830020,448.39,448.4,448.39,448.4,448.391,35,24
1629830025,448.39,448.4,448.39,448.4,448.392,33,22
1629830030,448.39,448.4,448.39,448.39,448.395,11,6
1629830035,448.39,448.39,448.38,448.38,448.388,8,6
1629830040,448.39,448.39,448.38,448.39,448.384,9,6
1629830045,448.39,448.39,448.39,448.39,448.39,1,1
1629830050,448.39,448.39,448.38,448.39,448.387,6,6
1629830055,448.38,448.39,448.38,448.39,448.389,9,9
1629830060,448.39,448.4,448.39,448.4,448.394,12,12
1629830065,448.4,448.4,448.39,448.39,448.392,31,29
1629830070,448.39,448.4,448.39,448.4,448.393,11,9
1629830075,448.39,448.4,448.38,448.38,448.389,7,6
1629830080,448.38,448.39,448.38,448.39,448.382,50,31
1629830085,448.39,448.39,448.39,448.39,448.39,0,0
1629830090,448.38,448.39,448.38,448.38,448.387,38,29
1629830095,448.39,448.4,448.38,448.39,448.391,64,32
1629830100,448.39,448.39,448.37,448.38,448.38,24,17
1629830105,448.38,448.39,448.37,448.39,448.381,17,11
1629830110,448.38,448.39,448.37,448.39,448.376,57,49
1629830115,448.39,448.39,448.38,448.38,448.382,7,3
1629830120,448.39,448.39,448.36,448.36,448.378,62,42
1629830125,448.37,448.37,448.34,448.35,448.354,48,25
1629830130,448.34,448.34,448.33,448.33,448.337,66,47
1629830135,448.33,448.33,448.32,448.33,448.328,47,26
1629830140,448.33,448.33,448.32,448.32,448.327,50,23
1629830145,448.33,448.34,448.33,448.33,448.333,29,21
1629830150,448.34,448.34,448.34,448.34,448.34,23,17
1629830155,448.34,448.35,448.34,448.34,448.345,20,8
1629830160,448.35,448.35,448.34,448.35,448.35,90,10
1629830165,448.35,448.35,448.34,448.35,448.35,24,13
1629830170,448.35,448.37,448.35,448.36,448.354,113,50
1629830175,448.36,448.36,448.36,448.36,448.36,31,23
1629830180,448.36,448.36,448.36,448.36,448.36,7,3
1629830185,448.37,448.37,448.35,448.36,448.353,45,33
1629830190,448.36,448.37,448.35,448.37,448.358,25,22
1629830195,448.36,448.37,448.36,448.37,448.364,11,6
1629830200,448.37,448.37,448.36,448.36,448.364,13,12
1629830205,448.37,448.37,448.36,448.36,448.362,3,2
1629830210,448.35,448.36,448.34,448.36,448.348,94,72
1629830215,448.36,448.37,448.36,448.36,448.362,26,21
1629830220,448.35,448.36,448.35,448.36,448.358,3,3
1629830225,448.36,448.37,448.36,448.37,448.361,24,20
1629830230,448.36,448.37,448.36,448.37,448.364,16,13
1629830235,448.36,448.36,448.35,448.36,448.36,44,19
1629830240,448.36,448.37,448.35,448.37,448.368,25,10
1629830245,448.37,448.37,448.36,448.37,448.365,2,2
1629830250,448.37,448.37,448.36,448.37,448.367,23,23
1629830255,448.36,448.37,448.36,448.36,448.36,6,5
1629830260,448.37,448.37,448.36,448.36,448.368,20,10
1629830265,448.36,448.36,448.33,448.33,448.341,51,30
1629830270,448.34,448.34,448.32,448.33,448.328,22,19
1629830275,448.33,448.34,448.33,448.33,448.33,83,54
1629830280,448.33,448.33,448.31,448.32,448.319,19,13
1629830285,448.31,448.31,448.3,448.31,448.308,13,10
1629830290,448.31,448.32,448.3,448.31,448.311,9,9
1629830295,448.31,448.32,448.3,448.31,448.308,62,37
1629830300,448.31,448.31,448.29,448.29,448.305,38,22
1629830305,448.3,448.3,448.28,448.28,448.29,13,9
1629830310,448.27,448.28,448.27,448.27,448.276,53,29
1629830315,448.26,448.29,448.26,448.29,448.286,42,34
1629830320,448.3,448.3,448.28,448.29,448.291,32,15
1629830325,448.29,448.29,448.29,448.29,448.29,10,2
1629830330,448.29,448.3,448.28,448.3,448.291,37,26
1629830335,448.29,448.29,448.28,448.29,448.287,38,20
1629830340,448.28,448.29,448.28,448.29,448.282,8,7
1629830345,448.28,448.29,448.27,448.29,448.281,43,30
1629830350,448.29,448.31,448.29,448.3,448.299,38,22
1629830355,448.31,448.32,448.31,448.31,448.312,30,17
1629830360,448.3,448.31,448.3,448.3,448.302,10,1
1629830365,448.31,448.32,448.3,448.31,448.31,11,6
1629830370,448.31,448.31,448.3,448.31,448.307,5,4
1629830375,448.31,448.32,448.31,448.32,448.316,9,9
1629830380,448.31,448.32,448.31,448.31,448.311,48,31
1629830385,448.32,448.33,448.31,448.32,448.32,83,38
1629830390,448.32,448.32,448.32,448.32,448.32,0,0
1629830395,448.32,448.32,448.32,448.32,448.32,0,0
1629830400,448.32,448.33,448.32,448.32,448.322,34,26
1629830405,448.33,448.34,448.33,448.34,448.336,11,10
1629830410,448.34,448.35,448.33,448.34,448.342,16,12
1629830415,448.34,448.34,448.33,448.34,448.34,17,7
1629830420,448.34,448.34,448.33,448.34,448.34,0,0
1629830425,448.34,448.34,448.33,448.33,448.337,9,7
1629830430,448.33,448.34,448.31,448.31,448.326,28,28
1629830435,448.32,448.33,448.31,448.32,448.322,24,22
1629830440,448.31,448.32,448.31,448.31,448.312,23,10
1629830445,448.31,448.32,448.31,448.31,448.31,14,12
1629830450,448.31,448.32,448.31,448.31,448.315,2,2
1629830455,448.31,448.32,448.31,448.32,448.319,14,10
1629830460,448.33,448.34,448.33,448.34,448.332,9,9
1629830465,448.34,448.35,448.33,448.35,448.339,73,45
1629830470,448.32,448.32,448.31,448.32,448.318,6,5
1629830475,448.32,448.32,448.31,448.31,448.317,26,23
1629830480,448.31,448.32,448.31,448.32,448.318,2,2
1629830485,448.31,448.31,448.31,448.31,448.31,61,31
1629830490,448.31,448.32,448.31,448.31,448.311,75,64
1629830495,448.31,448.32,448.31,448.31,448.315,61,48
1629830500,448.31,448.32,448.31,448.32,448.316,4,4
1629830505,448.32,448.32,448.32,448.32,448.32,0,0
1629830510,448.31,448.32,448.31,448.31,448.316,37,28
1629830515,448.32,448.34,448.31,448.33,448.323,31,26
1629830520,448.34,448.34,448.33,448.33,448.332,8,7
1629830525,448.33,448.33,448.33,448.33,448.33,20,3
1629830530,448.33,448.33,448.31,448.32,448.318,46,31
1629830535,448.32,448.32,448.31,448.31,448.319,5,4
1629830540,448.32,448.34,448.31,448.33,448.324,19,15
1629830545,448.33,448.34,448.32,448.33,448.33,41,35
1629830550,448.33,448.34,448.33,448.34,448.338,70,37
1629830555,448.34,448.34,448.33,448.34,448.339,54,36
1629830560,448.35,448.35,448.33,448.33,448.34,18,18
1629830565,448.34,448.34,448.32,448.34,448.331,25,20
1629830570,448.34,448.35,448.33,448.35,448.337,60,39
1629830575,448.34,448.34,448.33,448.34,448.332,88,65
1629830580,448.33,448.34,448.32,448.32,448.327,226,173
1629830585,448.33,448.34,448.31,448.32,448.324,118,88
1629830590,448.33,448.33,448.32,448.33,448.324,39,22
1629830595,448.34,448.34,448.34,448.34,448.34,2,2
1629830600,448.34,448.34,448.33,448.33,448.337,29,22
1629830605,448.33,448.33,448.33,448.33,448.33,4,4
1629830610,448.33,448.33,448.32,448.33,448.325,1,1
1629830615,448.33,448.33,448.32,448.33,448.326,11,11
1629830620,448.33,448.33,448.32,448.32,448.328,9,9
1629830625,448.33,448.35,448.33,448.34,448.339,78,41
1629830630,448.34,448.35,448.34,448.35,448.343,22,20
1629830635,448.33,448.34,448.33,448.33,448.338,17,12
1629830640,448.34,448.34,448.33,448.34,448.335,2,1
1629830645,448.34,448.34,448.33,448.34,448.338,16,13
1629830650,448.34,448.34,448.33,448.34,448.34,41,28
1629830655,448.34,448.35,448.34,448.35,448.341,11,9
1629830660,448.34,448.35,448.34,448.35,448.344,15,12
1629830665,448.34,448.35,448.34,448.35,448.341,24,6
1629830670,448.34,448.34,448.34,448.34,448.34,1,1
1629830675,448.35,448.35,448.34,448.34,448.348,15,15
1629830680,448.35,448.35,448.34,448.35,448.345,12,12
1629830685,448.34,448.35,448.34,448.34,448.346,12,9
1629830690,448.35,448.36,448.34,448.36,448.349,87,51
1629830695,448.36,448.36,448.35,448.36,448.359,4,4
1629830700,448.35,448.37,448.35,448.36,448.36,36,25
1629830705,448.37,448.37,448.36,448.36,448.366,38,36
1629830710,448.36,448.36,448.34,448.35,448.354,49,27
1629830715,448.35,448.35,448.34,448.34,448.348,6,6
1629830720,448.34,448.35,448.34,448.35,448.346,7,7
1629830725,448.35,448.35,448.34,448.34,448.343,23,10
1629830730,448.35,448.35,448.33,448.33,448.339,6,6
1629830735,448.34,448.34,448.34,448.34,448.34,8,4
1629830740,448.34,448.36,448.34,448.36,448.349,20,10
1629830745,448.35,448.36,448.35,448.36,448.357,42,22
1629830750,448.36,448.37,448.36,448.37,448.363,4,4
1629830755,448.37,448.37,448.35,448.36,448.36,22,18
1629830760,448.36,448.36,448.36,448.36,448.36,16,4
1629830765,448.37,448.37,448.35,448.36,448.359,5,5
1629830770,448.36,448.36,448.35,448.36,448.357,8,7
1629830775,448.37,448.38,448.36,448.37,448.373,75,47
1629830780,448.37,448.37,448.36,448.37,448.366,19,15
1629830785,448.37,448.37,448.36,448.37,448.366,6,6
1629830790,448.36,448.37,448.35,448.36,448.359,54,47
1629830795,448.37,448.37,448.36,448.36,448.361,41,33
1629830800,448.36,448.36,448.36,448.36,448.36,0,0
1629830805,448.37,448.38,448.37,448.38,448.371,25,19
1629830810,448.37,448.39,448.37,448.39,448.379,33,11
1629830815,448.39,448.39,448.36,448.37,448.373,38,37
1629830820,448.36,448.37,448.36,448.36,448.361,21,20
1629830825,448.36,448.36,448.36,448.36,448.36,0,0
1629830830,448.36,448.36,448.36,448.36,448.36,30,24
1629830835,448.35,448.36,448.35,448.35,448.359,30,25
1629830840,448.35,448.36,448.35,448.35,448.351,33,30
1629830845,448.35,448.37,448.35,448.36,448.36,19,12
1629830850,448.36,448.37,448.36,448.36,448.361,5,5
1629830855,448.36,448.37,448.36,448.37,448.37,39,24
1629830860,448.36,448.38,448.36,448.38,448.372,29,21
1629830865,448.39,448.39,448.37,448.39,448.378,52,40
1629830870,448.39,448.39,448.38,448.38,448.381,4,4
1629830875,448.37,448.37,448.36,448.36,448.365,16,15
1629830880,448.36,448.37,448.36,448.36,448.366,31,22
1629830885,448.37,448.37,448.36,448.36,448.364,5,5
1629830890,448.36,448.37,448.36,448.37,448.369,7,6
1629830895,448.37,448.39,448.37,448.38,448.385,27,18
1629830900,448.38,448.38,448.38,448.38,448.38,1,1
1629830905,448.39,448.39,448.39,448.39,448.39,1,1
1629830910,448.38,448.4,448.38,448.39,448.39,124,89
1629830915,448.39,448.4,448.39,448.4,448.4,31,2
1629830920,448.4,448.4,448.39,448.4,448.4,29,24
1629830925,448.39,448.4,448.39,448.4,448.397,32,31
1629830930,448.4,448.4,448.39,448.39,448.391,75,53
1629830935,448.4,448.4,448.39,448.39,448.394,15,5
1629830940,448.4,448.42,448.4,448.41,448.407,169,64
1629830945,448.41,448.41,448.41,448.41,448.41,4,3
1629830950,448.42,448.43,448.41,448.42,448.42,47,35
1629830955,448.41,448.41,448.41,448.41,448.41,1,1
1629830960,448.41,448.42,448.41,448.41,448.413,40,7
1629830965,448.42,448.42,448.41,448.42,448.419,11,10
1629830970,448.41,448.42,448.41,448.41,448.41,1,1
1629830975,448.42,448.42,448.42,448.42,448.42,1,1
1629830980,448.41,448.42,448.41,448.42,448.414,13,9
1629830985,448.42,448.42,448.41,448.42,448.42,8,5
1629830990,448.41,448.42,448.41,448.42,448.419,10,8
1629830995,448.43,448.45,448.43,448.45,448.442,88,50
1629831000,448.44,448.45,448.43,448.43,448.44,39,21
1629831005,448.44,448.45,448.43,448.44,448.441,23,19
1629831010,448.44,448.45,448.43,448.44,448.441,13,13
1629831015,448.43,448.45,448.43,448.44,448.439,9,6
1629831020,448.44,448.45,448.44,448.44,448.442,36,28
1629831025,448.44,448.45,448.44,448.44,448.444,21,9
1629831030,448.44,448.46,448.44,448.46,448.45,53,28
1629831035,448.45,448.45,448.44,448.45,448.449,36,28
1629831040,448.44,448.45,448.44,448.44,448.44,37,22
1629831045,448.44,448.45,448.44,448.44,448.441,48,24
1629831050,448.43,448.44,448.43,448.43,448.438,16,5
1629831055,448.43,448.45,448.43,448.44,448.441,17,16
1629831060,448.43,448.44,448.41,448.41,448.427,17,16
1629831065,448.42,448.44,448.41,448.43,448.429,27,11
1629831070,448.44,448.45,448.43,448.44,448.441,25,19
1629831075,448.45,448.45,448.43,448.44,448.444,84,33
1629831080,448.43,448.43,448.43,448.43,448.43,3,3
1629831085,448.43,448.43,448.4,448.41,448.413,17,9
1629831090,448.42,448.42,448.41,448.41,448.413,3,3
1629831095,448.41,448.42,448.41,448.41,448.413,14,12
1629831100,448.41,448.42,448.41,448.42,448.415,2,2
1629831105,448.41,448.42,448.41,448.42,448.415,3,3
1629831110,448.42,448.42,448.42,448.42,448.42,0,0
1629831115,448.41,448.42,448.41,448.42,448.414,206,69
1629831120,448.42,448.42,448.41,448.41,448.412,10,8
1629831125,448.41,448.41,448.39,448.4,448.402,124,73
1629831130,448.4,448.41,448.39,448.41,448.402,63,21
1629831135,448.42,448.42,448.4,448.41,448.413,28,19
1629831140,448.42,448.43,448.41,448.42,448.42,37,22
1629831145,448.41,448.43,448.41,448.42,448.419,81,39
1629831150,448.42,448.42,448.41,448.42,448.419,19,12
1629831155,448.42,448.43,448.41,448.41,448.416,44,38
1629831160,448.41,448.42,448.4,448.42,448.409,17,12
1629831165,448.42,448.44,448.42,448.44,448.431,36,24
1629831170,448.44,448.45,448.41,448.41,448.431,116,67
1629831175,448.42,448.42,448.41,448.41,448.413,40,14
1629831180,448.42,448.42,448.41,448.41,448.417,16,10
1629831185,448.42,448.43,448.42,448.42,448.421,69,23
1629831190,448.42,448.42,448.42,448.42,448.42,3,3
1629831195,448.42,448.44,448.42,448.44,448.427,83,31
1629831200,448.43,448.44,448.43,448.43,448.433,10,5
1629831205,448.44,448.45,448.43,448.45,448.441,50,27
1629831210,448.44,448.45,448.44,448.44,448.44,42,9
1629831215,448.44,448.45,448.44,448.44,448.443,22,18
1629831220,448.44,448.44,448.44,448.44,448.44,2,1
1629831225,448.44,448.44,448.44,448.44,448.44,0,0
1629831230,448.44,448.45,448.44,448.44,448.445,1,1
1629831235,448.44,448.45,448.43,448.44,448.442,76,65
1629831240,448.44,448.45,448.44,448.44,448.442,2,2
1629831245,448.45,448.45,448.44,448.44,448.442,4,3
1629831250,448.45,448.45,448.44,448.44,448.447,157,26
1629831255,448.44,448.45,448.43,448.43,448.44,28,21
1629831260,448.44,448.45,448.43,448.44,448.444,45,28
1629831265,448.45,448.45,448.44,448.45,448.449,86,6
1629831270,448.44,448.45,448.44,448.44,448.442,9,8
1629831275,448.45,448.45,448.45,448.45,448.45,8,7
1629831280,448.44,448.45,448.44,448.45,448.449,35,28
1629831285,448.45,448.46,448.43,448.44,448.448,25,22
1629831290,448.44,448.44,448.43,448.44,448.439,29,5
1629831295,448.45,448.46,448.45,448.46,448.452,28,16
1629831300,448.45,448.46,448.45,448.46,448.455,16,11
1629831305,448.45,448.46,448.45,448.45,448.454,37,21
1629831310,448.46,448.46,448.45,448.45,448.454,13,6
1629831315,448.46,448.46,448.45,448.46,448.452,139,108
1629831320,448.45,448.46,448.45,448.46,448.46,1008,6
1629831325,448.46,448.47,448.45,448.46,448.459,34,23
1629831330,448.46,448.5,448.45,448.49,448.482,87,62
1629831335,448.49,448.5,448.48,448.48,448.489,83,20
1629831340,448.49,448.49,448.48,448.49,448.489,6,3
1629831345,448.49,448.49,448.48,448.48,448.485,8,7
1629831350,448.49,448.49,448.48,448.49,448.484,33,16
1629831355,448.49,448.49,448.46,448.46,448.477,77,53
1629831360,448.47,448.47,448.46,448.46,448.462,6,2
1629831365,448.46,448.47,448.46,448.47,448.463,20,12
1629831370,448.47,448.47,448.44,448.46,448.454,71,52
1629831375,448.45,448.46,448.45,448.46,448.459,8,8
1629831380,448.46,448.47,448.45,448.47,448.461,28,14
1629831385,448.47,448.47,448.47,448.47,448.47,10,8
1629831390,448.46,448.47,448.45,448.45,448.459,38,15
1629831395,448.46,448.46,448.44,448.45,448.45,51,27
1629831400,448.46,448.46,448.45,448.46,448.46,31,14
1629831405,448.46,448.47,448.45,448.46,448.451,130,14
1629831410,448.46,448.46,448.46,448.46,448.46,4,4
1629831415,448.46,448.46,448.45,448.46,448.458,10,8
1629831420,448.46,448.47,448.45,448.47,448.461,69,33
1629831425,448.47,448.47,448.46,448.46,448.461,17,8
1629831430,448.45,448.46,448.45,448.46,448.455,17,12
1629831435,448.46,448.46,448.44,448.44,448.451,78,42
1629831440,448.44,448.45,448.44,448.44,448.444,26,21
1629831445,448.44,448.46,448.44,448.45,448.451,16,11
1629831450,448.45,448.46,448.45,448.45,448.451,4,4
1629831455,448.46,448.46,448.45,448.46,448.456,15,14
1629831460,448.46,448.46,448.45,448.46,448.456,13,12
1629831465,448.46,448.46,448.45,448.45,448.451,14,9
1629831470,448.46,448.47,448.46,448.47,448.463,11,9
1629831475,448.46,448.46,448.44,448.45,448.45,40,31
1629831480,448.44,448.44,448.4,448.42,448.421,114,78
1629831485,448.43,448.43,448.42,448.42,448.421,20,14
1629831490,448.41,448.42,448.41,448.41,448.411,25,19
1629831495,448.41,448.41,448.41,448.41,448.41,20,7
1629831500,448.41,448.43,448.4,448.42,448.417,59,39
1629831505,448.43,448.43,448.42,448.43,448.429,26,16
1629831510,448.43,448.43,448.42,448.43,448.429,8,6
1629831515,448.43,448.43,448.42,448.42,448.421,49,36
1629831520,448.43,448.43,448.4,448.42,448.411,44,30
1629831525,448.42,448.42,448.41,448.42,448.414,14,6
1629831530,448.41,448.42,448.41,448.42,448.41,31,22
1629831535,448.41,448.42,448.4,448.4,448.407,11,7
1629831540,448.4,448.42,448.4,448.41,448.406,23,13
1629831545,448.41,448.43,448.4,448.43,448.42,63,35
1629831550,448.43,448.44,448.42,448.43,448.43,20,14
1629831555,448.43,448.44,448.43,448.44,448.437,42,16
1629831560,448.44,448.46,448.43,448.45,448.442,63,41
1629831565,448.46,448.46,448.45,448.46,448.456,33,18
1629831570,448.46,448.47,448.46,448.46,448.46,16,7
1629831575,448.46,448.47,448.46,448.47,448.468,38,19
1629831580,448.47,448.49,448.47,448.47,448.473,70,39
1629831585,448.47,448.47,448.46,448.47,448.465,40,11
1629831590,448.47,448.48,448.47,448.47,448.474,17,13
1629831595,448.48,448.48,448.47,448.47,448.476,5,4
1629831600,448.48,448.49,448.47,448.48,448.482,29,23
1629831605,448.49,448.49,448.48,448.48,448.482,21,5
1629831610,448.48,448.48,448.47,448.48,448.48,11,8
1629831615,448.48,448.48,448.46,448.47,448.469,155,79
1629831620,448.46,448.47,448.46,448.47,448.467,67,28
1629831625,448.47,448.47,448.46,448.47,448.468,43,28
1629831630,448.47,448.48,448.46,448.48,448.474,77,54
1629831635,448.48,448.5,448.47,448.5,448.484,25,19
1629831640,448.5,448.5,448.49,448.49,448.497,91,35
1629831645,448.49,448.52,448.49,448.52,448.505,84,58
1629831650,448.52,448.52,448.5,448.5,448.511,82,42
1629831655,448.49,448.49,448.47,448.47,448.477,18,12
1629831660,448.47,448.49,448.47,448.49,448.487,212,107
1629831665,448.49,448.5,448.48,448.5,448.487,25,21
1629831670,448.5,448.52,448.49,448.5,448.502,143,76
1629831675,448.5,448.51,448.49,448.49,448.499,13,9
1629831680,448.49,448.49,448.49,448.49,448.49,25,4
1629831685,448.49,448.5,448.48,448.49,448.487,43,23
1629831690,448.49,448.49,448.48,448.49,448.489,33,22
1629831695,448.49,448.49,448.48,448.49,448.485,6,6
1629831700,448.49,448.49,448.48,448.49,448.486,20,13
1629831705,448.49,448.5,448.49,448.5,448.496,28,8
1629831710,448.49,448.5,448.49,448.49,448.492,6,4
1629831715,448.49,448.49,448.48,448.49,448.488,39,17
1629831720,448.48,448.49,448.48,448.48,448.484,9,6
1629831725,448.49,448.51,448.49,448.5,448.494,70,26
1629831730,448.5,448.51,448.5,448.51,448.505,19,19
1629831735,448.51,448.51,448.49,448.5,448.501,35,11
1629831740,448.5,448.5,448.48,448.49,448.49,39,26
1629831745,448.48,448.49,448.48,448.49,448.489,28,17
1629831750,448.49,448.49,448.48,448.49,448.486,33,31
1629831755,448.49,448.49,448.48,448.49,448.484,10,6
1629831760,448.48,448.48,448.46,448.47,448.477,187,77
1629831765,448.48,448.48,448.47,448.48,448.476,17,16
1629831770,448.47,448.48,448.47,448.48,448.475,8,5
1629831775,448.47,448.47,448.46,448.46,448.467,25,19
1629831780,448.47,448.48,448.46,448.48,448.471,33,29
1629831785,448.47,448.48,448.47,448.47,448.47,40,14
1629831790,448.46,448.47,448.46,448.47,448.468,57,22
1629831795,448.47,448.48,448.46,448.47,448.469,12,10
1629831800,448.48,448.48,448.47,448.47,448.47,16,4
1629831805,448.47,448.47,448.46,448.46,448.465,42,35
1629831810,448.46,448.47,448.45,448.45,448.459,16,9
1629831815,448.45,448.46,448.44,448.44,448.444,72,27
1629831820,448.44,448.44,448.44,448.44,448.44,2,2
1629831825,448.45,448.46,448.44,448.46,448.451,35,25
1629831830,448.45,448.46,448.45,448.45,448.455,5,1
1629831835,448.45,448.46,448.45,448.46,448.455,18,7
1629831840,448.46,448.46,448.45,448.45,448.457,69,52
1629831845,448.46,448.46,448.46,448.46,448.46,2,1
1629831850,448.46,448.46,448.46,448.46,448.46,0,0
1629831855,448.45,448.46,448.44,448.45,448.446,31,29
1629831860,448.45,448.46,448.45,448.46,448.451,11,5
1629831865,448.45,448.46,448.45,448.46,448.453,18,11
1629831870,448.46,448.46,448.43,448.44,448.437,172,97
1629831875,448.44,448.45,448.44,448.45,448.445,21,12
1629831880,448.44,448.45,448.44,448.44,448.441,108,70
1629831885,448.44,448.45,448.44,448.44,448.441,4,3
1629831890,448.45,448.46,448.45,448.45,448.45,51,34
1629831895,448.46,448.46,448.45,448.45,448.455,25,17
1629831900,448.46,448.46,448.45,448.46,448.455,10,10
1629831905,448.45,448.45,448.41,448.41,448.435,113,58
1629831910,448.41,448.43,448.41,448.42,448.42,47,27
1629831915,448.43,448.44,448.42,448.44,448.43,41,20
1629831920,448.43,448.44,448.42,448.43,448.432,36,25
1629831925,448.43,448.43,448.43,448.43,448.43,2,2
1629831930,448.42,448.43,448.41,448.43,448.419,25,24
1629831935,448.42,448.42,448.4,448.42,448.411,90,65
1629831940,448.42,448.42,448.42,448.42,448.42,58,12
1629831945,448.43,448.43,448.41,448.42,448.416,56,34
1629831950,448.42,448.42,448.42,448.42,448.42,7,5
1629831955,448.43,448.43,448.42,448.43,448.43,9,9
1629831960,448.42,448.43,448.41,448.42,448.422,42,27
1629831965,448.42,448.43,448.41,448.43,448.418,32,29
1629831970,448.42,448.43,448.42,448.43,448.427,15,7
1629831975,448.43,448.43,448.42,448.43,448.428,9,5
1629831980,448.43,448.43,448.42,448.42,448.423,3,2
1629831985,448.43,448.45,448.43,448.45,448.435,36,36
1629831990,448.45,448.46,448.44,448.45,448.453,109,67
1629831995,448.45,448.47,448.45,448.46,448.458,34,25
1629832000,448.47,448.47,448.44,448.44,448.457,43,26
1629832005,448.44,448.44,448.43,448.44,448.44,6,6
1629832010,448.44,448.45,448.43,448.44,448.439,18,13
1629832015,448.43,448.44,448.43,448.44,448.438,7,5
1629832020,448.44,448.46,448.43,448.46,448.444,44,26
1629832025,448.45,448.46,448.45,448.45,448.453,25,21
1629832030,448.45,448.45,448.43,448.43,448.44,65,54
1629832035,448.42,448.42,448.41,448.42,448.417,91,51
1629832040,448.43,448.43,448.41,448.42,448.42,34,22
1629832045,448.42,448.42,448.4,448.41,448.41,34,14
1629832050,448.41,448.41,448.38,448.39,448.394,123,85
1629832055,448.39,448.4,448.38,448.38,448.393,250,132
1629832060,448.39,448.39,448.38,448.39,448.385,26,13
1629832065,448.39,448.4,448.38,448.38,448.387,59,19
1629832070,448.38,448.39,448.36,448.36,448.373,56,38
1629832075,448.37,448.37,448.36,448.37,448.365,8,8
1629832080,448.36,448.37,448.33,448.33,448.353,38,35
1629832085,448.33,448.34,448.33,448.33,448.33,17,8
1629832090,448.34,448.34,448.32,448.33,448.328,52,31
1629832095,448.33,448.33,448.33,448.33,448.33,22,13
1629832100,448.34,448.36,448.33,448.36,448.341,73,49
1629832105,448.35,448.36,448.35,448.35,448.352,2,2
1629832110,448.35,448.36,448.33,448.36,448.343,51,36
1629832115,448.36,448.36,448.35,448.36,448.36,0,0
1629832120,448.36,448.36,448.35,448.35,448.353,6,6
1629832125,448.36,448.37,448.35,448.37,448.36,62,34
1629832130,448.38,448.38,448.37,448.37,448.371,18,11
1629832135,448.37,448.38,448.36,448.37,448.371,46,27
1629832140,448.37,448.38,448.36,448.37,448.368,30,19
1629832145,448.37,448.38,448.37,448.38,448.375,18,12
1629832150,448.37,448.37,448.37,448.37,448.37,1,1
1629832155,448.38,448.39,448.38,448.38,448.383,14,14
1629832160,448.38,448.39,448.38,448.39,448.385,35,18
1629832165,448.38,448.38,448.37,448.37,448.372,42,15
1629832170,448.38,448.38,448.37,448.37,448.371,90,11
1629832175,448.38,448.39,448.38,448.39,448.381,23,15
1629832180,448.38,448.38,448.37,448.38,448.379,17,13
1629832185,448.37,448.38,448.37,448.38,448.37,77,35
1629832190,448.38,448.38,448.37,448.38,448.379,27,20
1629832195,448.38,448.38,448.38,448.38,448.38,18,16
1629832200,448.38,448.39,448.37,448.38,448.383,102,78
1629832205,448.38,448.39,448.38,448.38,448.381,13,12
1629832210,448.39,448.4,448.39,448.4,448.396,14,9
1629832215,448.39,448.41,448.39,448.41,448.399,9,8
1629832220,448.4,448.42,448.4,448.41,448.409,220,152
1629832225,448.41,448.41,448.4,448.4,448.405,35,28
1629832230,448.41,448.41,448.4,448.41,448.409,5,3
1629832235,448.4,448.41,448.4,448.41,448.404,16,11
1629832240,448.41,448.41,448.4,448.4,448.403,39,29
1629832245,448.41,448.41,448.41,448.41,448.41,12,11
1629832250,448.42,448.42,448.4,448.41,448.408,6,5
1629832255,448.41,448.41,448.41,448.41,448.41,3,2
1629832260,448.41,448.41,448.38,448.38,448.397,191,46
1629832265,448.39,448.39,448.39,448.39,448.39,1,1
1629832270,448.38,448.4,448.38,448.39,448.39,25,18
1629832275,448.38,448.39,448.38,448.39,448.383,8,5
1629832280,448.39,448.39,448.38,448.39,448.387,39,32
1629832285,448.39,448.39,448.38,448.38,448.382,26,17
1629832290,448.39,448.39,448.38,448.38,448.388,111,57
1629832295,448.38,448.38,448.37,448.38,448.379,26,19
1629832300,448.39,448.39,448.38,448.38,448.382,18,18
1629832305,448.38,448.4,448.38,448.39,448.393,57,29
1629832310,448.4,448.41,448.39,448.41,448.404,74,62
1629832315,448.4,448.41,448.39,448.41,448.404,81,48
1629832320,448.41,448.41,448.4,448.41,448.408,42,24
1629832325,448.41,448.42,448.4,448.42,448.417,67,43
1629832330,448.42,448.45,448.42,448.44,448.435,40,34
1629832335,448.45,448.46,448.44,448.45,448.451,22,19
1629832340,448.44,448.45,448.43,448.43,448.439,52,40
1629832345,448.43,448.44,448.43,448.44,448.433,25,11
1629832350,448.43,448.43,448.41,448.41,448.424,43,38
1629832355,448.41,448.41,448.37,448.38,448.384,72,44
1629832360,448.38,448.38,448.36,448.36,448.369,22,17
1629832365,448.36,448.37,448.35,448.37,448.36,21,8
1629832370,448.36,448.37,448.36,448.36,448.36,20,16
1629832375,448.36,448.37,448.36,448.37,448.368,38,28
1629832380,448.37,448.37,448.37,448.37,448.37,18,15
1629832385,448.37,448.38,448.36,448.37,448.371,10,7
1629832390,448.37,448.38,448.37,448.37,448.371,36,10
1629832395,448.37,448.38,448.37,448.38,448.38,79,45
1629832400,448.39,448.39,448.38,448.39,448.385,1,1
1629832405,448.39,448.42,448.38,448.41,448.395,209,117
1629832410,448.4,448.4,448.38,448.4,448.397,174,77
1629832415,448.39,448.39,448.38,448.39,448.387,28,23
1629832420,448.39,448.4,448.39,448.4,448.393,12,7
1629832425,448.39,448.4,448.39,448.4,448.395,2,2
1629832430,448.4,448.41,448.39,448.41,448.401,22,13
1629832435,448.41,448.43,448.41,448.43,448.419,35,31
1629832440,448.43,448.43,448.42,448.42,448.424,22,21
1629832445,448.42,448.42,448.4,448.41,448.417,68,45
1629832450,448.41,448.41,448.41,448.41,448.41,33,23
1629832455,448.42,448.43,448.4,448.41,448.417,37,29
1629832460,448.41,448.41,448.39,448.41,448.401,84,63
1629832465,448.41,448.41,448.4,448.41,448.408,23,19
1629832470,448.41,448.42,448.41,448.42,448.415,2,2
1629832475,448.42,448.42,448.4,448.41,448.41,11,11
1629832480,448.41,448.41,448.4,448.41,448.408,10,10
1629832485,448.41,448.41,448.4,448.41,448.408,3,2
1629832490,448.4,448.41,448.39,448.4,448.401,15,14
1629832495,448.4,448.4,448.39,448.4,448.395,6,6
1629832500,448.4,448.41,448.39,448.41,448.404,30,25
1629832505,448.42,448.42,448.4,448.41,448.411,20,13
1629832510,448.41,448.41,448.39,448.4,448.4,24,19
1629832515,448.4,448.41,448.39,448.41,448.397,10,10
1629832520,448.41,448.41,448.38,448.38,448.394,30,20
1629832525,448.38,448.38,448.37,448.37,448.372,11,11
1629832530,448.37,448.4,448.37,448.39,448.386,130,101
1629832535,448.4,448.42,448.39,448.42,448.406,66,47
1629832540,448.42,448.44,448.42,448.44,448.432,48,32
1629832545,448.44,448.45,448.43,448.45,448.442,70,53
1629832550,448.46,448.46,448.44,448.45,448.453,37,28
1629832555,448.45,448.49,448.44,448.49,448.473,45,38
1629832560,448.49,448.49,448.48,448.48,448.487,48,34
1629832565,448.49,448.49,448.48,448.49,448.488,61,45
1629832570,448.49,448.5,448.48,448.49,448.496,422,170
1629832575,448.48,448.49,448.48,448.48,448.486,32,24
1629832580,448.48,448.49,448.48,448.48,448.482,41,19
1629832585,448.49,448.49,448.49,448.49,448.49,9,8
1629832590,448.5,448.51,448.49,448.49,448.497,70,50
1629832595,448.49,448.49,448.48,448.49,448.485,30,8
1629832600,448.49,448.49,448.49,448.49,448.49,1,1
1629832605,448.49,448.49,448.49,448.49,448.49,1,1
1629832610,448.48,448.49,448.48,448.49,448.488,24,17
1629832615,448.49,448.49,448.48,448.49,448.488,6,6
1629832620,448.5,448.51,448.49,448.5,448.501,47,23
1629832625,448.5,448.51,448.5,448.51,448.505,32,21
1629832630,448.5,448.52,448.5,448.51,448.508,45,18
1629832635,448.52,448.52,448.51,448.52,448.514,58,37
1629832640,448.51,448.52,448.51,448.52,448.52,58,18
1629832645,448.52,448.54,448.5,448.5,448.525,283,167
1629832650,448.51,448.51,448.5,448.5,448.502,25,18
1629832655,448.5,448.51,448.49,448.51,448.501,15,12
1629832660,448.5,448.53,448.5,448.53,448.513,22,17
1629832665,448.52,448.53,448.49,448.5,448.498,148,78
1629832670,448.5,448.51,448.5,448.5,448.501,15,10
1629832675,448.5,448.51,448.5,448.5,448.5,10,10
1629832680,448.49,448.52,448.49,448.51,448.503,177,112
1629832685,448.51,448.51,448.5,448.51,448.506,19,14
1629832690,448.5,448.52,448.5,448.51,448.509,12,8
1629832695,448.5,448.51,448.48,448.49,448.495,85,26
1629832700,448.49,448.49,448.48,448.48,448.484,9,6
1629832705,448.49,448.49,448.48,448.48,448.485,13,7
1629832710,448.48,448.48,448.45,448.46,448.47,37,28
1629832715,448.45,448.47,448.45,448.46,448.455,25,17
1629832720,448.46,448.46,448.45,448.46,448.46,23,13
1629832725,448.46,448.46,448.45,448.45,448.453,31,9
1629832730,448.46,448.48,448.46,448.48,448.468,39,27
1629832735,448.47,448.48,448.47,448.48,448.479,14,11
1629832740,448.48,448.49,448.47,448.49,448.486,11,7
1629832745,448.49,448.49,448.48,448.49,448.488,20,15
1629832750,448.49,448.49,448.48,448.48,448.489,56,22
1629832755,448.49,448.49,448.48,448.49,448.488,11,9
1629832760,448.48,448.48,448.48,448.48,448.48,45,25
1629832765,448.47,448.48,448.47,448.48,448.474,22,7
1629832770,448.49,448.49,448.48,448.49,448.49,37,21
1629832775,448.49,448.49,448.49,448.49,448.49,0,0
1629832780,448.49,448.51,448.48,448.49,448.497,120,84
1629832785,448.48,448.48,448.46,448.46,448.472,27,21
1629832790,448.46,448.47,448.45,448.46,448.46,5,5
1629832795,448.45,448.46,448.45,448.46,448.453,4,3
1629832800,448.46,448.46,448.45,448.46,448.459,10,3
1629832805,448.45,448.45,448.44,448.45,448.45,50,27
1629832810,448.46,448.46,448.45,448.46,448.456,7,5
1629832815,448.46,448.46,448.45,448.46,448.455,1,1
1629832820,448.45,448.46,448.44,448.44,448.449,23,16
1629832825,448.43,448.45,448.43,448.45,448.44,42,31
1629832830,448.44,448.45,448.44,448.44,448.44,24,8
1629832835,448.45,448.46,448.45,448.45,448.451,35,28
1629832840,448.45,448.45,448.43,448.44,448.442,43,29
1629832845,448.44,448.44,448.43,448.43,448.433,2,2
1629832850,448.43,448.44,448.43,448.43,448.43,58,9
1629832855,448.43,448.43,448.4,448.42,448.416,77,53
1629832860,448.42,448.43,448.41,448.42,448.42,27,15
1629832865,448.42,448.43,448.41,448.42,448.42,18,13
1629832870,448.43,448.43,448.42,448.43,448.427,15,8
1629832875,448.43,448.43,448.42,448.43,448.43,0,0
1629832880,448.43,448.43,448.42,448.43,448.43,0,0
1629832885,448.43,448.43,448.42,448.43,448.423,10,8
1629832890,448.42,448.42,448.42,448.42,448.42,1,1
1629832895,448.43,448.43,448.42,448.43,448.43,30,25
1629832900,448.44,448.45,448.42,448.42,448.435,53,29
1629832905,448.43,448.43,448.4,448.41,448.416,72,30
1629832910,448.41,448.41,448.4,448.41,448.409,100,56
1629832915,448.4,448.41,448.39,448.41,448.404,47,28
1629832920,448.42,448.43,448.41,448.43,448.421,46,23
1629832925,448.44,448.44,448.43,448.44,448.436,49,34
1629832930,448.43,448.43,448.42,448.43,448.426,41,23
1629832935,448.42,448.43,448.42,448.42,448.42,9,7
1629832940,448.42,448.42,448.42,448.42,448.42,0,0
1629832945,448.42,448.42,448.41,448.42,448.42,24,16
1629832950,448.42,448.43,448.41,448.43,448.425,115,24
1629832955,448.42,448.43,448.42,448.43,448.423,6,6
1629832960,448.43,448.43,448.42,448.43,448.428,67,36
1629832965,448.43,448.43,448.42,448.42,448.428,10,8
1629832970,448.43,448.43,448.42,448.43,448.427,42,15
1629832975,448.42,448.43,448.42,448.43,448.428,14,10
1629832980,448.43,448.44,448.42,448.43,448.429,43,28
1629832985,448.43,448.43,448.43,448.43,448.43,6,5
1629832990,448.43,448.43,448.42,448.42,448.422,62,35
1629832995,448.43,448.44,448.42,448.44,448.43,226,111
1629833000,448.43,448.44,448.42,448.44,448.434,133,73
1629833005,448.44,448.44,448.43,448.43,448.433,8,7
1629833010,448.43,448.43,448.43,448.43,448.43,0,0
1629833015,448.44,448.44,448.43,448.44,448.435,2,2
1629833020,448.44,448.46,448.44,448.45,448.448,321,137
1629833025,448.44,448.46,448.44,448.46,448.455,17,14
1629833030,448.46,448.46,448.45,448.46,448.455,5,5
1629833035,448.46,448.49,448.45,448.49,448.473,276,175
1629833040,448.48,448.5,448.48,448.49,448.49,190,114
1629833045,448.49,448.5,448.49,448.49,448.496,33,14
1629833050,448.49,448.5,448.48,448.5,448.49,74,37
1629833055,448.5,448.5,448.49,448.5,448.498,46,15
1629833060,448.49,448.49,448.47,448.47,448.483,38,23
1629833065,448.47,448.47,448.46,448.46,448.464,18,8
1629833070,448.47,448.47,448.46,448.46,448.464,7,5
1629833075,448.47,448.47,448.46,448.47,448.467,9,7
1629833080,448.46,448.46,448.43,448.43,448.449,95,66
1629833085,448.43,448.43,448.41,448.41,448.413,30,14
1629833090,448.4,448.41,448.4,448.41,448.403,41,19
1629833095,448.41,448.41,448.4,448.4,448.403,18,8
1629833100,448.41,448.42,448.4,448.42,448.41,19,18
1629833105,448.42,448.43,448.41,448.42,448.42,80,28
1629833110,448.43,448.43,448.41,448.41,448.418,100,71
1629833115,448.41,448.41,448.38,448.38,448.39,64,52
1629833120,448.38,448.38,448.37,448.38,448.371,8,8
1629833125,448.37,448.39,448.35,448.38,448.377,285,151
1629833130,448.38,448.39,448.38,448.39,448.384,47,13
1629833135,448.38,448.4,448.38,448.4,448.39,15,13
1629833140,448.4,448.41,448.4,448.4,448.403,21,12
1629833145,448.4,448.41,448.4,448.41,448.402,34,4
1629833150,448.41,448.41,448.4,448.4,448.408,8,6
1629833155,448.41,448.44,448.4,448.44,448.418,96,62
1629833160,448.43,448.44,448.42,448.42,448.427,102,48
1629833165,448.42,448.43,448.41,448.42,448.419,65,19
1629833170,448.42,448.43,448.42,448.43,448.423,22,9
1629833175,448.43,448.44,448.43,448.43,448.432,5,5
1629833180,448.44,448.44,448.42,448.44,448.432,52,29
1629833185,448.43,448.46,448.43,448.46,448.45,113,59
1629833190,448.45,448.46,448.44,448.45,448.45,71,44
1629833195,448.45,448.46,448.44,448.45,448.45,202,60
1629833200,448.44,448.45,448.44,448.45,448.45,61,14
1629833205,448.44,448.46,448.44,448.44,448.449,119,75
1629833210,448.44,448.45,448.44,448.45,448.446,37,7
1629833215,448.44,448.45,448.44,448.44,448.443,24,16
1629833220,448.44,448.47,448.44,448.47,448.461,134,54
1629833225,448.47,448.49,448.46,448.49,448.474,139,57
1629833230,448.49,448.49,448.46,448.47,448.472,569,254
1629833235,448.47,448.47,448.46,448.47,448.467,62,35
1629833240,448.47,448.47,448.46,448.47,448.466,17,9
1629833245,448.47,448.47,448.43,448.45,448.452,182,127
1629833250,448.45,448.46,448.44,448.44,448.449,53,37
1629833255,448.44,448.45,448.44,448.45,448.446,4,4
1629833260,448.45,448.46,448.44,448.44,448.45,28,25
1629833265,448.44,448.45,448.44,448.44,448.446,57,42
1629833270,448.44,448.45,448.44,448.44,448.445,1,1
1629833275,448.44,448.45,448.43,448.44,448.438,42,30
1629833280,448.43,448.45,448.43,448.45,448.438,49,25
1629833285,448.45,448.46,448.45,448.45,448.451,21,16
1629833290,448.44,448.45,448.43,448.43,448.439,55,46
1629833295,448.43,448.45,448.43,448.44,448.435,30,26
1629833300,448.44,448.44,448.41,448.42,448.424,317,207
1629833305,448.43,448.43,448.41,448.42,448.418,30,21
1629833310,448.41,448.43,448.41,448.42,448.421,35,26
1629833315,448.43,448.43,448.41,448.41,448.423,101,63
1629833320,448.42,448.43,448.41,448.43,448.422,28,15
1629833325,448.42,448.43,448.42,448.42,448.423,8,7
1629833330,448.43,448.43,448.41,448.41,448.414,171,67
1629833335,448.41,448.42,448.4,448.42,448.411,80,64
1629833340,448.42,448.43,448.4,448.43,448.409,99,60
1629833345,448.43,448.44,448.42,448.44,448.429,31,16
1629833350,448.43,448.44,448.41,448.42,448.423,296,148
1629833355,448.42,448.43,448.41,448.42,448.421,29,23
1629833360,448.41,448.42,448.41,448.42,448.412,64,24
1629833365,448.41,448.43,448.41,448.42,448.417,22,10
1629833370,448.42,448.45,448.42,448.45,448.438,62,46
1629833375,448.45,448.46,448.44,448.44,448.449,89,24
1629833380,448.45,448.45,448.44,448.44,448.441,144,28
1629833385,448.44,448.44,448.43,448.43,448.432,25,6
1629833390,448.44,448.44,448.43,448.43,448.432,13,7
1629833395,448.44,448.45,448.43,448.44,448.441,51,34
1629833400,448.43,448.44,448.43,448.43,448.435,116,63
1629833405,448.44,448.44,448.43,448.44,448.439,43,16
1629833410,448.45,448.46,448.44,448.45,448.445,243,145
1629833415,448.45,448.45,448.44,448.44,448.443,27,11
1629833420,448.44,448.45,448.44,448.44,448.442,20,14
1629833425,448.44,448.44,448.42,448.42,448.43,15,14
1629833430,448.42,448.43,448.36,448.38,448.376,317,176
1629833435,448.37,448.38,448.36,448.38,448.367,83,54
1629833440,448.37,448.37,448.35,448.35,448.354,93,58
1629833445,448.35,448.35,448.33,448.33,448.335,86,40
1629833450,448.33,448.35,448.33,448.34,448.34,90,64
1629833455,448.34,448.34,448.28,448.29,448.302,488,230
1629833460,448.29,448.3,448.25,448.29,448.27,948,433
1629833465,448.29,448.3,448.28,448.29,448.288,39,13
1629833470,448.28,448.29,448.25,448.28,448.263,779,282
1629833475,448.27,448.27,448.24,448.25,448.254,132,94
1629833480,448.25,448.25,448.23,448.24,448.241,90,47
1629833485,448.25,448.28,448.24,448.28,448.259,158,75
1629833490,448.27,448.27,448.24,448.24,448.259,307,99
1629833495,448.25,448.3,448.24,448.29,448.271,258,153
1629833500,448.29,448.3,448.27,448.28,448.286,96,60
1629833505,448.28,448.28,448.27,448.28,448.277,43,20
1629833510,448.28,448.31,448.27,448.3,448.295,135,59
1629833515,448.3,448.3,448.29,448.3,448.297,27,19
1629833520,448.3,448.33,448.3,448.31,448.315,59,39
1629833525,448.31,448.32,448.26,448.27,448.29,239,112
1629833530,448.27,448.32,448.27,448.32,448.291,38,29
1629833535,448.31,448.33,448.3,448.32,448.32,79,51
1629833540,448.32,448.34,448.32,448.33,448.328,26,9
1629833545,448.33,448.35,448.33,448.34,448.338,62,33
1629833550,448.34,448.35,448.34,448.34,448.346,53,27
1629833555,448.34,448.35,448.34,448.35,448.347,23,13
1629833560,448.34,448.35,448.34,448.34,448.341,137,33
1629833565,448.35,448.36,448.33,448.33,448.346,183,70
1629833570,448.34,448.34,448.33,448.33,448.338,40,28
1629833575,448.33,448.34,448.33,448.34,448.338,22,16
1629833580,448.34,448.35,448.33,448.34,448.344,261,109
1629833585,448.35,448.37,448.34,448.36,448.359,73,38
1629833590,448.36,448.37,448.34,448.35,448.345,61,19
1629833595,448.36,448.36,448.35,448.36,448.359,36,12
1629833600,448.36,448.36,448.35,448.35,448.351,33,23
1629833605,448.35,448.36,448.35,448.36,448.356,36,25
1629833610,448.36,448.37,448.32,448.33,448.338,156,72
1629833615,448.34,448.35,448.31,448.35,448.326,171,99
1629833620,448.35,448.35,448.34,448.34,448.344,78,49
1629833625,448.33,448.33,448.31,448.33,448.314,104,50
1629833630,448.32,448.33,448.32,448.33,448.328,16,12
1629833635,448.33,448.37,448.32,448.34,448.353,1151,293
1629833640,448.34,448.34,448.33,448.33,448.337,136,53
1629833645,448.33,448.33,448.32,448.32,448.325,24,23
1629833650,448.33,448.33,448.32,448.33,448.325,10,10
1629833655,448.32,448.32,448.3,448.31,448.309,53,32
1629833660,448.3,448.31,448.3,448.3,448.303,2,2
1629833665,448.31,448.32,448.3,448.32,448.308,23,11
1629833670,448.31,448.32,448.31,448.31,448.312,236,81
1629833675,448.31,448.32,448.29,448.32,448.308,88,53
1629833680,448.31,448.33,448.3,448.32,448.313,95,67
1629833685,448.32,448.33,448.32,448.32,448.328,24,24
1629833690,448.33,448.35,448.33,448.35,448.335,52,43
1629833695,448.35,448.36,448.32,448.33,448.339,85,41
1629833700,448.32,448.33,448.32,448.33,448.33,24,8
1629833705,448.33,448.33,448.32,448.32,448.322,33,28
1629833710,448.32,448.32,448.27,448.27,448.299,156,88
1629833715,448.26,448.28,448.25,448.26,448.262,380,178
1629833720,448.27,448.28,448.26,448.27,448.273,122,71
1629833725,448.27,448.28,448.26,448.28,448.272,31,14
1629833730,448.28,448.28,448.26,448.27,448.271,130,64
1629833735,448.27,448.27,448.27,448.27,448.27,0,0
1629833740,448.27,448.27,448.26,448.27,448.268,8,6
1629833745,448.26,448.28,448.26,448.27,448.266,59,48
1629833750,448.27,448.27,448.26,448.26,448.267,7,7
1629833755,448.27,448.29,448.27,448.28,448.279,37,26
1629833760,448.28,448.29,448.27,448.27,448.276,18,12
1629833765,448.28,448.28,448.27,448.27,448.273,82,37
1629833770,448.28,448.29,448.27,448.28,448.28,80,52
1629833775,448.28,448.28,448.25,448.25,448.258,385,108
1629833780,448.25,448.26,448.24,448.25,448.251,25,19
1629833785,448.25,448.25,448.24,448.25,448.243,45,19
1629833790,448.25,448.26,448.24,448.25,448.249,147,80
1629833795,448.25,448.28,448.25,448.28,448.271,34,25
1629833800,448.28,448.29,448.28,448.29,448.287,34,22
1629833805,448.29,448.3,448.29,448.3,448.297,21,12
1629833810,448.31,448.31,448.3,448.3,448.301,38,20
1629833815,448.29,448.3,448.29,448.3,448.296,14,9
1629833820,448.3,448.3,448.26,448.27,448.284,394,120
1629833825,448.26,448.26,448.24,448.25,448.255,47,30
1629833830,448.24,448.24,448.22,448.23,448.232,85,58
1629833835,448.22,448.23,448.2,448.22,448.215,362,183
1629833840,448.21,448.22,448.16,448.17,448.187,228,136
1629833845,448.17,448.18,448.15,448.16,448.165,275,146
1629833850,448.15,448.17,448.14,448.17,448.152,216,124
1629833855,448.17,448.19,448.17,448.17,448.179,186,91
1629833860,448.17,448.19,448.17,448.19,448.18,129,36
1629833865,448.2,448.22,448.19,448.21,448.209,61,40
1629833870,448.21,448.22,448.21,448.21,448.212,20,15
1629833875,448.21,448.22,448.2,448.21,448.21,43,31
1629833880,448.21,448.21,448.2,448.21,448.201,83,30
1629833885,448.2,448.2,448.18,448.19,448.194,99,45
1629833890,448.19,448.21,448.18,448.19,448.196,35,16
1629833895,448.2,448.21,448.2,448.2,448.205,18,13
1629833900,448.2,448.21,448.2,448.2,448.203,11,7
1629833905,448.21,448.22,448.21,448.21,448.213,53,44
1629833910,448.22,448.22,448.21,448.21,448.215,13,7
1629833915,448.21,448.22,448.2,448.2,448.202,8,7
1629833920,448.21,448.21,448.2,448.2,448.204,39,19
1629833925,448.19,448.2,448.14,448.15,448.17,467,112
1629833930,448.14,448.15,448.11,448.14,448.132,206,92
1629833935,448.14,448.14,448.12,448.13,448.136,111,60
1629833940,448.13,448.14,448.12,448.13,448.132,29,19
1629833945,448.13,448.14,448.12,448.14,448.139,1495,73
1629833950,448.13,448.16,448.13,448.16,448.15,59,28
1629833955,448.16,448.16,448.13,448.14,448.143,58,35
1629833960,448.13,448.13,448.13,448.13,448.13,22,3
1629833965,448.13,448.14,448.12,448.13,448.13,61,29
1629833970,448.13,448.14,448.13,448.13,448.13,42,29
1629833975,448.13,448.15,448.13,448.13,448.143,121,68
1629833980,448.14,448.14,448.11,448.12,448.12,109,61
1629833985,448.12,448.13,448.11,448.13,448.123,30,21
1629833990,448.14,448.14,448.11,448.12,448.127,68,41
1629833995,448.12,448.13,448.12,448.13,448.125,11,10
1629834000,448.14,448.15,448.07,448.07,448.111,390,184
1629834005,448.06,448.07,448.04,448.04,448.063,252,97
1629834010,448.05,448.06,448.03,448.03,448.04,267,121
1629834015,448.03,448.04,448.03,448.04,448.035,231,119
1629834020,448.04,448.05,448.03,448.05,448.035,213,90
1629834025,448.04,448.09,448.04,448.09,448.06,471,177
1629834030,448.09,448.12,448.08,448.12,448.098,157,83
1629834035,448.12,448.14,448.11,448.13,448.133,79,33
1629834040,448.14,448.15,448.13,448.14,448.137,16,11
1629834045,448.14,448.14,448.13,448.14,448.138,85,48
1629834050,448.14,448.15,448.13,448.14,448.136,112,74
1629834055,448.14,448.15,448.12,448.13,448.138,59,43
1629834060,448.12,448.13,448.11,448.11,448.116,112,49
1629834065,448.11,448.13,448.1,448.12,448.119,53,26
1629834070,448.11,448.12,448.1,448.12,448.107,88,46
1629834075,448.11,448.12,448.1,448.11,448.115,22,18
1629834080,448.11,448.12,448.11,448.12,448.117,17,5
1629834085,448.12,448.12,448.1,448.1,448.106,43,27
1629834090,448.09,448.11,448.09,448.11,448.101,30,19
1629834095,448.11,448.12,448.11,448.12,448.117,8,6
1629834100,448.11,448.14,448.11,448.14,448.127,53,21
1629834105,448.14,448.15,448.14,448.14,448.147,71,38
1629834110,448.15,448.15,448.13,448.14,448.141,27,20
1629834115,448.14,448.15,448.13,448.14,448.139,16,14
1629834120,448.14,448.16,448.13,448.15,448.149,166,102
1629834125,448.15,448.16,448.13,448.16,448.154,55,50
1629834130,448.17,448.17,448.16,448.16,448.164,35,20
1629834135,448.16,448.16,448.14,448.16,448.154,34,22
1629834140,448.16,448.16,448.14,448.15,448.149,45,34
1629834145,448.15,448.15,448.14,448.15,448.145,8,2
1629834150,448.14,448.14,448.13,448.14,448.132,59,47
1629834155,448.14,448.16,448.14,448.16,448.154,165,109
1629834160,448.16,448.17,448.16,448.16,448.162,46,36
1629834165,448.16,448.18,448.16,448.18,448.174,22,18
1629834170,448.17,448.18,448.17,448.18,448.177,24,17
1629834175,448.17,448.18,448.15,448.16,448.158,328,103
1629834180,448.16,448.16,448.14,448.14,448.152,194,74
1629834185,448.13,448.15,448.13,448.13,448.14,187,70
1629834190,448.13,448.14,448.1,448.1,448.119,213,95
1629834195,448.11,448.12,448.1,448.1,448.109,95,54
1629834200,448.1,448.1,448.08,448.08,448.087,55,26
1629834205,448.09,448.11,448.08,448.11,448.09,95,59
1629834210,448.1,448.11,448.1,448.11,448.1,69,21
1629834215,448.11,448.12,448.1,448.11,448.104,58,26
1629834220,448.11,448.11,448.1,448.11,448.105,76,38
1629834225,448.1,448.11,448.1,448.1,448.1,65,18
1629834230,448.11,448.11,448.08,448.08,448.091,163,74
1629834235,448.09,448.09,448.08,448.09,448.086,65,36
1629834240,448.09,448.09,448.07,448.09,448.077,83,36
1629834245,448.09,448.11,448.08,448.1,448.099,126,55
1629834250,448.11,448.11,448.07,448.07,448.084,86,44
1629834255,448.06,448.07,448.05,448.05,448.063,105,46
1629834260,448.06,448.09,448.06,448.09,448.078,130,67
1629834265,448.08,448.09,448.07,448.09,448.084,57,32
1629834270,448.09,448.1,448.08,448.09,448.087,53,34
1629834275,448.08,448.09,448.07,448.08,448.081,58,34
1629834280,448.07,448.08,448.07,448.08,448.075,111,40
1629834285,448.08,448.08,448.06,448.08,448.071,194,77
1629834290,448.07,448.08,448.07,448.08,448.071,6,5
1629834295,448.08,448.08,448.06,448.06,448.07,30,16
1629834300,448.07,448.07,448.05,448.05,448.06,58,28
1629834305,448.06,448.08,448.06,448.07,448.072,112,62
1629834310,448.08,448.09,448.08,448.09,448.082,4,3
1629834315,448.09,448.09,448.06,448.08,448.07,69,50
1629834320,448.08,448.09,448.08,448.08,448.084,6,5
1629834325,448.09,448.09,448.08,448.09,448.089,24,22
1629834330,448.09,448.11,448.08,448.11,448.098,43,29
1629834335,448.11,448.11,448.06,448.06,448.079,190,112
1629834340,448.07,448.08,448.06,448.06,448.068,108,58
1629834345,448.06,448.07,448.05,448.05,448.058,156,64
1629834350,448.06,448.06,448.05,448.05,448.054,36,19
1629834355,448.06,448.07,448.05,448.06,448.061,41,37
1629834360,448.05,448.06,448.04,448.06,448.052,77,45
1629834365,448.06,448.07,448.03,448.03,448.059,233,83
1629834370,448.04,448.04,448.01,448.01,448.024,58,40
1629834375,448.01,448.04,448.0,448.04,448.021,178,104
1629834380,448.04,448.04,448.02,448.03,448.029,27,19
1629834385,448.04,448.04,448.02,448.02,448.032,280,183
1629834390,448.03,448.04,448.02,448.03,448.029,57,36
1629834395,448.03,448.03,448.03,448.03,448.03,24,14
1629834400,448.04,448.07,448.03,448.05,448.051,202,101
1629834405,448.04,448.05,448.03,448.05,448.043,19,17
1629834410,448.04,448.04,448.01,448.02,448.03,104,66
1629834415,448.01,448.02,448.01,448.01,448.012,87,41
1629834420,448.02,448.04,448.01,448.03,448.028,126,82
1629834425,448.03,448.04,448.02,448.03,448.035,81,52
1629834430,448.03,448.04,448.03,448.04,448.037,28,20
1629834435,448.04,448.04,448.03,448.04,448.035,92,39
1629834440,448.04,448.04,448.01,448.02,448.021,124,60
1629834445,448.01,448.04,448.01,448.03,448.027,43,33
1629834450,448.03,448.04,448.02,448.04,448.031,61,44
1629834455,448.04,448.04,448.02,448.02,448.031,15,12
1629834460,448.02,448.02,448.01,448.01,448.013,16,13
1629834465,448.01,448.02,448.0,448.01,448.012,224,82
1629834470,448.0,448.02,448.0,448.02,448.013,51,40
1629834475,448.02,448.03,448.01,448.02,448.018,60,44
1629834480,448.02,448.03,448.0,448.0,448.013,133,83
1629834485,448.0,448.0,447.97,447.99,447.986,115,73
1629834490,447.99,448.0,447.98,447.99,447.995,70,37
1629834495,448.0,448.01,447.99,447.99,447.997,135,71
1629834500,447.99,448.0,447.98,447.99,447.986,37,20
1629834505,447.98,447.99,447.98,447.99,447.986,18,15
1629834510,447.99,447.99,447.97,447.98,447.982,138,32
1629834515,447.98,447.99,447.97,447.99,447.982,79,55
1629834520,447.98,448.0,447.98,448.0,447.988,76,56
1629834525,448.0,448.0,447.99,447.99,447.992,95,23
1629834530,447.99,448.0,447.98,447.99,447.988,85,47
1629834535,447.99,448.01,447.99,447.99,447.998,108,62
1629834540,448.0,448.02,447.99,448.01,448.011,79,57
1629834545,448.01,448.02,447.99,448.01,448.004,163,84
1629834550,448.01,448.02,448.0,448.02,448.013,74,49
1629834555,448.02,448.02,447.98,447.98,447.995,174,99
1629834560,447.98,447.99,447.97,447.99,447.978,319,110
1629834565,447.98,447.98,447.97,447.98,447.975,78,54
1629834570,447.98,447.98,447.96,447.97,447.975,231,78
1629834575,447.96,447.98,447.95,447.97,447.967,381,159
1629834580,447.97,447.99,447.97,447.97,447.981,364,158
1629834585,447.97,447.99,447.96,447.96,447.976,131,84
1629834590,447.96,447.97,447.95,447.96,447.954,210,78
1629834595,447.97,447.99,447.95,447.98,447.974,102,41
1629834600,447.99,447.99,447.85,447.96,447.928,914,463
1629834605,447.95,447.96,447.92,447.94,447.942,136,54
1629834610,447.94,447.96,447.94,447.94,447.947,63,35
1629834615,447.94,447.95,447.9,447.9,447.926,75,55
1629834620,447.91,447.94,447.9,447.91,447.923,163,81
1629834625,447.93,447.96,447.92,447.94,447.944,296,127
1629834630,447.94,447.98,447.94,447.97,447.964,86,44
1629834635,447.98,448.0,447.96,447.97,447.989,79,57
1629834640,447.97,447.97,447.93,447.93,447.951,50,20
1629834645,447.93,447.93,447.88,447.92,447.903,159,84
1629834650,447.92,447.94,447.91,447.92,447.925,59,34
1629834655,447.92,447.94,447.91,447.94,447.928,61,35
1629834660,447.93,447.93,447.91,447.92,447.919,60,40
1629834665,447.91,447.91,447.9,447.9,447.905,81,43
1629834670,447.89,447.9,447.88,447.88,447.884,117,63
1629834675,447.88,447.93,447.86,447.93,447.904,589,233
1629834680,447.93,447.93,447.92,447.92,447.928,45,28
1629834685,447.93,447.93,447.92,447.93,447.922,88,34
1629834690,447.92,447.93,447.92,447.92,447.926,50,37
1629834695,447.92,447.94,447.9,447.9,447.916,208,122
1629834700,447.91,447.92,447.9,447.91,447.915,131,63
1629834705,447.91,447.91,447.88,447.88,447.894,62,31
1629834710,447.88,447.88,447.82,447.83,447.852,155,81
1629834715,447.82,447.82,447.78,447.79,447.803,206,130
1629834720,447.78,447.88,447.78,447.87,447.821,268,153
1629834725,447.88,447.9,447.87,447.87,447.878,212,97
1629834730,447.87,447.87,447.84,447.87,447.855,124,71
1629834735,447.85,447.86,447.83,447.85,447.846,80,33
1629834740,447.85,447.88,447.84,447.88,447.854,209,81
1629834745,447.88,447.91,447.87,447.9,447.896,240,111
1629834750,447.89,447.9,447.87,447.87,447.887,41,30
1629834755,447.88,447.88,447.87,447.87,447.877,36,14
1629834760,447.88,447.89,447.84,447.85,447.856,103,57
1629834765,447.85,447.87,447.85,447.86,447.86,47,32
1629834770,447.86,447.86,447.82,447.84,447.839,51,33
1629834775,447.84,447.84,447.82,447.84,447.834,47,30
1629834780,447.83,447.83,447.8,447.8,447.815,393,185
1629834785,447.81,447.81,447.77,447.78,447.796,146,69
1629834790,447.78,447.8,447.77,447.8,447.796,121,58
1629834795,447.8,447.8,447.77,447.79,447.789,136,70
1629834800,447.78,447.79,447.75,447.76,447.759,107,57
1629834805,447.76,447.8,447.75,447.8,447.787,169,90
1629834810,447.8,447.8,447.78,447.8,447.794,447,153
1629834815,447.8,447.81,447.78,447.79,447.799,92,47
1629834820,447.79,447.81,447.78,447.79,447.798,207,77
1629834825,447.8,447.83,447.79,447.82,447.815,469,234
1629834830,447.82,447.83,447.81,447.81,447.821,192,65
1629834835,447.81,447.85,447.8,447.84,447.82,366,179
1629834840,447.83,447.84,447.82,447.83,447.825,150,76
1629834845,447.84,447.84,447.81,447.81,447.827,115,58
1629834850,447.82,447.82,447.8,447.82,447.808,62,32
1629834855,447.81,447.84,447.81,447.84,447.828,449,145
1629834860,447.84,447.84,447.81,447.83,447.819,86,50
1629834865,447.82,447.82,447.79,447.79,447.801,82,46
1629834870,447.78,447.78,447.75,447.75,447.765,223,93
1629834875,447.76,447.82,447.76,447.82,447.795,274,158
1629834880,447.81,447.82,447.78,447.79,447.803,158,80
1629834885,447.79,447.79,447.76,447.76,447.767,57,37
1629834890,447.77,447.77,447.74,447.76,447.754,197,95
1629834895,447.76,447.79,447.75,447.79,447.77,84,48
1629834900,447.79,447.82,447.78,447.81,447.8,309,143
1629834905,447.81,447.81,447.77,447.77,447.784,62,48
1629834910,447.77,447.79,447.77,447.78,447.779,47,18
1629834915,447.78,447.8,447.77,447.77,447.783,87,45
1629834920,447.78,447.78,447.76,447.76,447.767,281,132
1629834925,447.77,447.79,447.76,447.79,447.778,62,46
1629834930,447.79,447.81,447.78,447.79,447.797,222,131
1629834935,447.79,447.79,447.78,447.79,447.787,22,19
1629834940,447.78,447.79,447.78,447.79,447.787,16,14
1629834945,447.79,447.8,447.75,447.75,447.789,399,115
1629834950,447.75,447.76,447.74,447.75,447.747,99,59
1629834955,447.75,447.75,447.72,447.74,447.734,105,75
1629834960,447.73,447.74,447.7,447.73,447.719,419,229
1629834965,447.73,447.74,447.72,447.74,447.729,108,66
1629834970,447.73,447.74,447.71,447.72,447.723,139,74
1629834975,447.71,447.72,447.69,447.71,447.704,966,109
1629834980,447.71,447.77,447.7,447.77,447.721,402,188
1629834985,447.76,447.85,447.75,447.84,447.811,152,98
1629834990,447.84,447.86,447.82,447.85,447.841,142,95
1629834995,447.86,447.88,447.85,447.88,447.867,131,70
1629835000,447.88,447.9,447.85,447.85,447.879,200,106
1629835005,447.85,447.86,447.83,447.86,447.845,200,107
1629835010,447.85,447.86,447.83,447.84,447.85,69,47
1629835015,447.84,447.85,447.84,447.84,447.845,51,31
1629835020,447.84,447.86,447.83,447.85,447.855,450,198
1629835025,447.85,447.85,447.8,447.83,447.827,173,111
1629835030,447.83,447.88,447.82,447.87,447.85,357,184
1629835035,447.87,447.9,447.85,447.9,447.868,351,156
1629835040,447.89,447.91,447.88,447.89,447.901,311,149
1629835045,447.9,447.9,447.88,447.9,447.89,241,120
1629835050,447.9,447.9,447.87,447.88,447.883,95,69
1629835055,447.89,447.89,447.87,447.88,447.883,77,66
1629835060,447.89,447.91,447.87,447.9,447.885,592,302
1629835065,447.9,447.9,447.89,447.89,447.896,50,35
1629835070,447.89,447.9,447.89,447.89,447.891,89,58
1629835075,447.9,447.93,447.89,447.93,447.907,140,94
1629835080,447.93,447.94,447.9,447.9,447.921,411,225
1629835085,447.89,447.9,447.89,447.9,447.895,67,47
1629835090,447.9,447.9,447.87,447.88,447.879,334,189
1629835095,447.88,447.91,447.88,447.9,447.891,121,91
1629835100,447.91,447.91,447.9,447.91,447.903,100,41
1629835105,447.91,447.91,447.89,447.9,447.9,190,102
1629835110,447.89,447.92,447.89,447.91,447.91,300,174
1629835115,447.91,447.92,447.91,447.92,447.917,177,76
1629835120,447.92,447.92,447.91,447.92,447.916,129,76
1629835125,447.92,447.93,447.9,447.91,447.917,479,214
1629835130,447.91,447.91,447.9,447.91,447.905,104,69
1629835135,447.9,447.91,447.88,447.9,447.895,645,284
1629835140,447.89,447.91,447.89,447.89,447.897,375,211
1629835145,447.9,447.93,447.89,447.93,447.902,289,149
1629835150,447.93,447.94,447.92,447.94,447.933,165,104
1629835155,447.94,447.94,447.91,447.92,447.923,540,260
1629835160,447.91,447.92,447.9,447.92,447.91,155,81
1629835165,447.91,447.94,447.91,447.94,447.923,234,128
1629835170,447.94,447.94,447.9,447.91,447.915,418,252
1629835175,447.91,447.91,447.89,447.89,447.899,232,134
1629835180,447.9,447.93,447.89,447.91,447.912,611,266
1629835185,447.9,447.92,447.89,447.92,447.912,556,240
1629835190,447.92,447.94,447.89,447.9,447.908,999,447
1629835195,447.9,447.97,447.86,447.95,447.924,2747,658
1629835200,447.96,447.97,447.93,447.94,447.97,14698,72
1629835205,447.93,447.94,447.93,447.94,447.934,231,56
1629835210,447.94,447.97,447.94,447.97,447.954,110,37
1629835215,447.97,447.98,447.97,447.97,447.972,87,36
1629835220,447.98,448.0,447.98,448.0,447.988,74,21
1629835225,448.0,448.02,447.99,447.99,447.999,275,72
1629835230,447.97,447.99,447.97,447.99,447.976,53,11
1629835235,447.97,447.97,447.95,447.96,447.959,19,11
1629835240,447.95,448.0,447.93,447.99,447.949,228,74
1629835245,447.99,447.99,447.97,447.99,447.972,63,3
1629835250,447.98,448.01,447.98,448.01,448.006,113,35
1629835255,448.01,448.01,447.99,447.99,448.001,51,28
1629835260,447.99,448.0,447.97,448.0,447.986,67,25
1629835265,447.99,448.0,447.99,447.99,447.992,86,23
1629835270,447.98,447.99,447.98,447.99,447.987,18,5
1629835275,447.98,447.99,447.97,447.97,447.973,71,18
1629835280,447.98,447.98,447.97,447.97,447.971,5,2
1629835285,447.97,447.97,447.97,447.97,447.97,11,4
1629835290,447.97,447.97,447.97,447.97,447.97,9,3
1629835295,447.96,447.96,447.96,447.96,447.96,7,2
1629835300,447.97,447.98,447.97,447.98,447.973,15,5
1629835305,447.97,447.97,447.92,447.92,447.932,30,7
1629835310,447.94,447.94,447.92,447.93,447.925,28,13
1629835315,447.92,447.94,447.92,447.94,447.927,43,21
1629835320,447.94,447.96,447.94,447.96,447.951,4,3
1629835325,447.96,447.96,447.95,447.95,447.951,12,7
1629835330,447.95,447.95,447.95,447.95,447.95,0,0
1629835335,447.96,447.96,447.94,447.94,447.949,17,9
1629835340,447.93,447.95,447.93,447.95,447.939,51,10
1629835345,447.95,447.95,447.95,447.95,447.95,0,0
1629835350,447.94,447.94,447.94,447.94,447.94,25,6
1629835355,447.94,447.94,447.94,447.94,447.94,0,0
1629835360,447.94,447.94,447.94,447.94,447.94,1,1
1629835365,447.94,447.94,447.94,447.94,447.94,0,0
1629835370,447.94,447.94,447.94,447.94,447.94,0,0
1629835375,447.95,447.95,447.95,447.95,447.95,2,2
1629835380,447.95,447.95,447.95,447.95,447.95,2,2
1629835385,447.96,447.96,447.96,447.96,447.96,26,5
1629835390,447.96,447.96,447.96,447.96,447.96,12,7
1629835395,447.96,447.96,447.96,447.96,447.96,0,0
1629835400,447.96,447.96,447.96,447.96,447.96,1,1
1629835405,447.96,447.96,447.96,447.96,447.96,0,0
1629835410,447.95,447.95,447.95,447.95,447.95,3,3
1629835415,447.95,447.96,447.95,447.96,447.952,4,3
1629835420,447.96,447.96,447.96,447.96,447.96,0,0
1629835425,447.94,447.94,447.92,447.94,447.933,38,13
1629835430,447.94,447.94,447.94,447.94,447.94,0,0
1629835435,447.93,447.93,447.93,447.93,447.93,1,1
1629835440,447.92,447.93,447.92,447.93,447.928,26,8
1629835445,447.92,447.92,447.92,447.92,447.92,1,1
1629835450,447.93,447.93,447.92,447.92,447.922,11,4
1629835455,447.92,447.92,447.92,447.92,447.92,0,0
1629835460,447.92,447.92,447.92,447.92,447.92,0,0
1629835465,447.92,447.93,447.92,447.93,447.925,19,5
1629835470,447.92,447.93,447.92,447.93,447.923,6,3
1629835475,447.93,447.93,447.93,447.93,447.93,0,0
1629835480,447.93,447.93,447.93,447.93,447.93,3,3
1629835485,447.93,447.93,447.93,447.93,447.93,0,0
1629835490,447.93,447.93,447.93,447.93,447.93,0,0
1629835495,447.93,447.93,447.93,447.93,447.93,0,0
1629835500,447.93,447.94,447.93,447.94,447.931,42,13
1629835505,447.94,447.96,447.94,447.96,447.944,91,15
1629835510,447.96,447.96,447.96,447.96,447.96,5,3
1629835515,447.97,447.98,447.97,447.98,447.972,49,9
1629835520,447.99,447.99,447.99,447.99,447.99,6,2
1629835525,447.99,447.99,447.99,447.99,447.99,13,5
1629835530,448.0,448.0,447.99,447.99,447.991,26,10
1629835535,447.99,447.99,447.97,447.97,447.978,13,8
1629835540,447.96,447.96,447.95,447.96,447.955,58,14
1629835545,447.96,447.96,447.96,447.96,447.96,0,0
1629835550,447.96,447.96,447.96,447.96,447.96,0,0
1629835555,447.97,447.97,447.97,447.97,447.97,2,2
1629835560,447.97,447.97,447.97,447.97,447.97,2,1
1629835565,447.97,447.97,447.97,447.97,447.97,8,5
1629835570,447.97,447.97,447.96,447.96,447.961,37,13
1629835575,447.96,447.96,447.96,447.96,447.96,6,4
1629835580,447.96,447.96,447.94,447.94,447.949,13,4
1629835585,447.94,447.94,447.94,447.94,447.94,0,0
1629835590,447.95,447.95,447.95,447.95,447.95,1,1
1629835595,447.95,447.95,447.95,447.95,447.95,0,0
1629835600,447.94,447.94,447.93,447.93,447.937,48,12
1629835605,447.94,447.94,447.94,447.94,447.94,11,3
1629835610,447.94,447.94,447.94,447.94,447.94,0,0
1629835615,447.94,447.94,447.94,447.94,447.94,0,0
1629835620,447.94,447.95,447.93,447.95,447.942,195,47
1629835625,447.96,447.96,447.96,447.96,447.96,2,2
1629835630,447.96,447.97,447.96,447.97,447.963,15,4
1629835635,447.97,447.97,447.97,447.97,447.97,4,1
1629835640,447.97,447.97,447.97,447.97,447.97,2,2
1629835645,447.97,447.98,447.96,447.96,447.966,63,18
1629835650,447.97,447.97,447.96,447.96,447.969,20,5
1629835655,447.96,447.97,447.96,447.97,447.967,129,18
1629835660,447.97,447.97,447.96,447.97,447.967,265,47
1629835665,447.97,447.97,447.96,447.96,447.969,243,27
1629835670,447.96,447.96,447.96,447.96,447.96,19,6
1629835675,447.97,447.97,447.97,447.97,447.97,1,1
1629835680,447.96,447.97,447.96,447.97,447.97,113,9
1629835685,447.96,447.96,447.95,447.95,447.952,4,3
1629835690,447.96,447.96,447.96,447.96,447.96,22,11
1629835695,447.96,447.96,447.96,447.96,447.96,35,6
1629835700,447.96,447.97,447.95,447.97,447.954,175,34
1629835705,447.97,447.97,447.97,447.97,447.97,0,0
1629835710,447.97,447.97,447.97,447.97,447.97,0,0
1629835715,447.97,447.97,447.97,447.97,447.97,0,0
1629835720,447.97,447.97,447.97,447.97,447.97,0,0
1629835725,447.95,447.95,447.95,447.95,447.95,77,16
1629835730,447.95,447.95,447.95,447.95,447.95,0,0
1629835735,447.95,447.95,447.95,447.95,447.95,0,0
1629835740,447.95,447.95,447.95,447.95,447.95,0,0
1629835745,447.95,447.95,447.95,447.95,447.95,0,0
1629835750,447.95,447.95,447.95,447.95,447.95,1,1
1629835755,447.95,447.95,447.95,447.95,447.95,0,0
1629835760,447.94,447.95,447.94,447.95,447.943,3,3
1629835765,447.95,447.95,447.95,447.95,447.95,0,0
1629835770,447.95,447.95,447.95,447.95,447.95,0,0
1629835775,447.95,447.95,447.95,447.95,447.95,17,3
1629835780,447.95,447.95,447.95,447.95,447.95,0,0
1629835785,447.94,447.94,447.94,447.94,447.94,20,5
1629835790,447.94,447.94,447.94,447.94,447.94,0,0
1629835795,447.94,447.94,447.94,447.94,447.94,0,0
1629835800,447.93,447.93,447.93,447.93,447.93,11,4
1629835805,447.93,447.93,447.93,447.93,447.93,0,0
1629835810,447.93,447.93,447.93,447.93,447.93,0,0
1629835815,447.91,447.91,447.91,447.91,447.91,104,21
1629835820,447.9,447.91,447.9,447.91,447.9,81,7
1629835825,447.91,447.91,447.91,447.91,447.91,0,0
1629835830,447.91,447.91,447.91,447.91,447.91,0,0
1629835835,447.9,447.9,447.9,447.9,447.9,31,10
1629835840,447.9,447.91,447.9,447.9,447.902,21,8
1629835845,447.9,447.9,447.9,447.9,447.9,0,0
1629835850,447.9,447.9,447.9,447.9,447.9,0,0
1629835855,447.9,447.9,447.9,447.9,447.9,0,0
1629835860,447.9,447.9,447.9,447.9,447.9,0,0
1629835865,447.9,447.9,447.9,447.9,447.9,0,0
1629835870,447.9,447.9,447.9,447.9,447.9,0,0
1629835875,447.89,447.89,447.89,447.89,447.89,1,1
1629835880,447.9,447.9,447.9,447.9,447.9,2,1
1629835885,447.91,447.91,447.91,447.91,447.91,6,3
1629835890,447.91,447.91,447.91,447.91,447.91,0,0
1629835895,447.9,447.9,447.88,447.88,447.891,2,2
1629835900,447.88,447.88,447.88,447.88,447.88,0,0
1629835905,447.86,447.86,447.86,447.86,447.86,1,1
1629835910,447.86,447.86,447.86,447.86,447.86,2,2
1629835915,447.86,447.87,447.86,447.87,447.862,16,6
1629835920,447.87,447.87,447.87,447.87,447.87,7,1
1629835925,447.87,447.88,447.86,447.88,447.874,45,16
1629835930,447.88,447.88,447.88,447.88,447.88,0,0
1629835935,447.88,447.88,447.88,447.88,447.88,0,0
1629835940,447.88,447.88,447.85,447.85,447.862,10,5
1629835945,447.85,447.85,447.85,447.85,447.85,11,7
1629835950,447.84,447.84,447.84,447.84,447.84,129,29
1629835955,447.84,447.84,447.83,447.83,447.83,120,18
1629835960,447.81,447.81,447.81,447.81,447.81,1,1
1629835965,447.81,447.82,447.81,447.81,447.811,52,12
1629835970,447.81,447.81,447.81,447.81,447.81,0,0
1629835975,447.84,447.85,447.84,447.85,447.842,5,3
1629835980,447.85,447.85,447.85,447.85,447.85,0,0
1629835985,447.81,447.83,447.81,447.83,447.823,9,6
1629835990,447.83,447.84,447.83,447.84,447.836,3,2
1629835995,447.84,447.85,447.84,447.85,447.847,7,4
1629836000,447.83,447.83,447.83,447.83,447.83,15,1
1629836005,447.84,447.86,447.84,447.85,447.851,21,16
1629836010,447.85,447.85,447.85,447.85,447.85,0,0
1629836015,447.85,447.85,447.85,447.85,447.85,1,1
1629836020,447.85,447.87,447.85,447.85,447.857,149,42
1629836025,447.87,447.87,447.87,447.87,447.87,9,5
1629836030,447.85,447.85,447.85,447.85,447.85,2,2
1629836035,447.86,447.88,447.86,447.88,447.876,12,4
1629836040,447.88,447.88,447.88,447.88,447.88,0,0
1629836045,447.88,447.88,447.88,447.88,447.88,0,0
1629836050,447.87,447.87,447.87,447.87,447.87,15,8
1629836055,447.87,447.88,447.87,447.88,447.872,67,15
1629836060,447.88,447.88,447.88,447.88,447.88,25,2
1629836065,447.88,447.88,447.88,447.88,447.88,0,0
1629836070,447.85,447.87,447.85,447.87,447.861,6,4
1629836075,447.84,447.85,447.84,447.85,447.849,15,4
1629836080,447.83,447.84,447.83,447.84,447.839,7,5
1629836085,447.83,447.83,447.83,447.83,447.83,10,2
1629836090,447.83,447.83,447.83,447.83,447.83,0,0
1629836095,447.82,447.82,447.8,447.8,447.809,47,15
1629836100,447.83,447.85,447.83,447.85,447.845,31,15
1629836105,447.85,447.85,447.85,447.85,447.85,1,1
1629836110,447.85,447.85,447.85,447.85,447.85,3,1
1629836115,447.86,447.86,447.85,447.86,447.858,51,18
1629836120,447.85,447.85,447.83,447.85,447.848,550,91
1629836125,447.85,447.85,447.85,447.85,447.85,0,0
1629836130,447.86,447.86,447.85,447.85,447.856,4,3
1629836135,447.85,447.85,447.85,447.85,447.85,0,0
1629836140,447.85,447.85,447.85,447.85,447.85,0,0
1629836145,447.85,447.85,447.85,447.85,447.85,0,0
1629836150,447.85,447.85,447.85,447.85,447.85,5,5
1629836155,447.85,447.85,447.84,447.85,447.849,283,59
1629836160,447.82,447.82,447.82,447.82,447.82,5,5
1629836165,447.82,447.82,447.82,447.82,447.82,0,0
1629836170,447.82,447.82,447.82,447.82,447.82,0,0
1629836175,447.84,447.85,447.84,447.85,447.849,24,7
1629836180,447.85,447.85,447.85,447.85,447.85,0,0
1629836185,447.85,447.85,447.85,447.85,447.85,0,0
1629836190,447.85,447.85,447.85,447.85,447.85,0,0
1629836195,447.85,447.85,447.85,447.85,447.85,0,0
1629836200,447.84,447.84,447.84,447.84,447.84,7,4
1629836205,447.84,447.84,447.84,447.84,447.84,0,0
1629836210,447.84,447.84,447.84,447.84,447.84,0,0
1629836215,447.84,447.84,447.84,447.84,447.84,0,0
1629836220,447.84,447.84,447.84,447.84,447.84,0,0
1629836225,447.84,447.84,447.84,447.84,447.84,0,0
1629836230,447.84,447.84,447.84,447.84,447.84,0,0
1629836235,447.84,447.84,447.84,447.84,447.84,0,0
1629836240,447.84,447.84,447.84,447.84,447.84,0,0
1629836245,447.84,447.84,447.84,447.84,447.84,0,0
1629836250,447.84,447.84,447.84,447.84,447.84,1,1
1629836255,447.84,447.84,447.84,447.84,447.84,0,0
1629836260,447.84,447.84,447.84,447.84,447.84,0,0
1629836265,447.85,447.85,447.84,447.84,447.849,28,6
1629836270,447.84,447.84,447.84,447.84,447.84,0,0
1629836275,447.84,447.84,447.84,447.84,447.84,0,0
1629836280,447.84,447.84,447.84,447.84,447.84,0,0
1629836285,447.84,447.84,447.84,447.84,447.84,0,0
1629836290,447.84,447.84,447.84,447.84,447.84,0,0
1629836295,447.84,447.84,447.84,447.84,447.84,1,1
1629836300,447.84,447.84,447.84,447.84,447.84,0,0
1629836305,447.84,447.84,447.84,447.84,447.84,0,0
1629836310,447.84,447.84,447.84,447.84,447.84,2,2
1629836315,447.84,447.84,447.84,447.84,447.84,1,1
1629836320,447.84,447.84,447.84,447.84,447.84,0,0
1629836325,447.84,447.84,447.84,447.84,447.84,0,0
1629836330,447.84,447.84,447.84,447.84,447.84,0,0
1629836335,447.84,447.84,447.84,447.84,447.84,2,2
1629836340,447.84,448.4,447.84,448.05,447.954,1156,203
1629836345,448.05,448.05,448.05,448.05,448.05,0,0
1629836350,448.05,448.05,448.05,448.05,448.05,0,0
1629836355,448.05,448.05,448.05,448.05,448.05,0,0
1629836360,448.05,448.05,448.05,448.05,448.05,0,0
1629836365,447.92,447.93,447.92,447.93,447.924,6,2
1629836370,447.93,447.93,447.93,447.93,447.93,0,0
1629836375,447.93,447.93,447.93,447.93,447.93,0,0
1629836380,447.93,447.93,447.93,447.93,447.93,0,0
1629836385,447.93,447.93,447.93,447.93,447.93,0,0
1629836390,447.93,447.93,447.93,447.93,447.93,0,0
1629836395,447.93,447.93,447.93,447.93,447.93,0,0
1629836400,447.93,447.93,447.93,447.93,447.93,0,0
1629836405,447.93,447.93,447.93,447.93,447.93,0,0
1629836410,447.93,447.93,447.93,447.93,447.93,0,0
1629836415,447.93,447.93,447.93,447.93,447.93,0,0
1629836420,447.99,447.99,447.99,447.99,447.99,8,4
1629836425,447.99,447.99,447.99,447.99,447.99,1,1
1629836430,447.99,447.99,447.99,447.99,447.99,0,0
1629836435,447.99,447.99,447.99,447.99,447.99,0,0
1629836440,447.99,447.99,447.99,447.99,447.99,0,0
1629836445,447.99,447.99,447.99,447.99,447.99,0,0
1629836450,447.99,447.99,447.99,447.99,447.99,0,0
1629836455,447.99,447.99,447.99,447.99,447.99,0,0
1629836460,447.99,447.99,447.99,447.99,447.99,0,0
1629836465,447.97,447.97,447.97,447.97,447.97,280,1
1629836470,448.0,448.0,448.0,448.0,448.0,1,1
1629836475,448.0,448.0,448.0,448.0,448.0,0,0
1629836480,448.0,448.0,448.0,448.0,448.0,0,0
1629836485,448.0,448.0,448.0,448.0,448.0,0,0
1629836490,448.0,448.0,448.0,448.0,448.0,0,0
1629836495,448.0,448.0,448.0,448.0,448.0,0,0
1629836500,448.0,448.0,448.0,448.0,448.0,0,0
1629836505,448.02,448.02,448.02,448.02,448.02,1,1
1629836510,448.02,448.02,448.02,448.02,448.02,0,0
1629836515,448.02,448.02,448.02,448.02,448.02,0,0
1629836520,448.02,448.02,448.02,448.02,448.02,0,0
1629836525,448.02,448.02,448.02,448.02,448.02,0,0
1629836530,448.02,448.02,448.0,448.0,448.007,99,16
1629836535,448.0,448.0,448.0,448.0,448.0,0,0
1629836540,448.0,448.0,448.0,448.0,448.0,0,0
1629836545,448.03,448.03,448.03,448.03,448.03,10,1
1629836550,448.03,448.03,448.03,448.03,448.03,0,0
1629836555,448.03,448.03,448.03,448.03,448.03,0,0
1629836560,448.03,448.03,448.03,448.03,448.03,0,0
1629836565,448.03,448.03,448.03,448.03,448.03,0,0
1629836570,448.01,448.01,448.0,448.0,448.001,100,29
1629836575,448.01,448.07,448.01,448.07,448.031,222,33
1629836580,448.07,448.07,448.07,448.07,448.07,0,0
1629836585,448.07,448.07,448.07,448.07,448.07,0,0
1629836590,448.07,448.07,448.07,448.07,448.07,0,0
1629836595,448.07,448.07,448.07,448.07,448.07,0,0
1629836600,448.02,448.02,448.02,448.02,448.02,5,1
1629836605,448.02,448.02,448.02,448.02,448.02,0,0
1629836610,448.02,448.02,448.02,448.02,448.02,0,0
1629836615,448.04,448.04,448.04,448.04,448.04,2,1
1629836620,448.04,448.04,448.04,448.04,448.04,2,2
1629836625,448.04,448.04,448.04,448.04,448.04,0,0
1629836630,448.04,448.04,448.04,448.04,448.04,0,0
1629836635,448.04,448.04,448.04,448.04,448.04,0,0
1629836640,448.04,448.04,448.04,448.04,448.04,0,0
1629836645,448.04,448.04,448.04,448.04,448.04,0,0
1629836650,448.04,448.04,448.04,448.04,448.04,0,0
1629836655,448.04,448.04,448.04,448.04,448.04,0,0
1629836660,448.04,448.04,448.04,448.04,448.04,0,0
1629836665,448.04,448.04,448.04,448.04,448.04,0,0
1629836670,448.02,448.02,448.02,448.02,448.02,3,2
1629836675,448.02,448.02,448.02,448.02,448.02,0,0
1629836680,448.02,448.02,448.02,448.02,448.02,0,0
1629836685,448.02,448.02,448.02,448.02,448.02,0,0
1629836690,448.02,448.02,448.02,448.02,448.02,0,0
1629836695,448.02,448.03,448.02,448.02,448.02,14,3
1629836700,448.02,448.02,448.02,448.02,448.02,3,1
1629836705,448.02,448.02,448.02,448.02,448.02,0,0
1629836710,448.02,448.02,448.02,448.02,448.02,0,0
1629836715,448.02,448.02,448.02,448.02,448.02,0,0
1629836720,448.02,448.02,448.02,448.02,448.02,0,0
1629836725,448.02,448.07,448.02,448.07,448.068,60,15
1629836730,448.07,448.07,448.07,448.07,448.07,1,1
1629836735,448.07,448.07,448.07,448.07,448.07,0,0
1629836740,448.07,448.07,448.07,448.07,448.07,0,0
1629836745,448.07,448.07,448.07,448.07,448.07,9,2
1629836750,448.07,448.07,448.07,448.07,448.07,0,0
1629836755,448.07,448.08,448.07,448.08,448.08,173,36
1629836760,448.08,448.08,448.08,448.08,448.08,8,8
1629836765,448.08,448.08,448.08,448.08,448.08,0,0
1629836770,448.1,448.1,448.08,448.08,448.091,9,5
1629836775,448.08,448.08,448.08,448.08,448.08,0,0
1629836780,448.08,448.08,448.08,448.08,448.08,0,0
1629836785,448.1,448.11,448.1,448.11,448.105,61,10
1629836790,448.1,448.1,448.09,448.09,448.092,16,7
1629836795,448.09,448.09,448.09,448.09,448.09,9,4
1629836800,448.09,448.09,448.09,448.09,448.09,0,0
1629836805,448.09,448.09,448.09,448.09,448.09,10,3
1629836810,448.09,448.09,448.09,448.09,448.09,0,0
1629836815,448.08,448.08,448.08,448.08,448.08,2,2
1629836820,448.07,448.08,448.07,448.08,448.075,2,2
1629836825,448.08,448.08,448.08,448.08,448.08,0,0
1629836830,448.08,448.08,448.08,448.08,448.08,0,0
1629836835,448.08,448.08,448.08,448.08,448.08,0,0
1629836840,448.08,448.08,448.08,448.08,448.08,0,0
1629836845,448.08,448.08,448.08,448.08,448.08,0,0
1629836850,448.08,448.08,448.08,448.08,448.08,0,0
1629836855,448.08,448.08,448.08,448.08,448.08,0,0
1629836860,448.08,448.08,448.08,448.08,448.08,0,0
1629836865,448.08,448.08,448.08,448.08,448.08,0,0
1629836870,448.07,448.07,448.06,448.06,448.065,8,6
1629836875,448.06,448.06,448.06,448.06,448.06,0,0
1629836880,448.06,448.06,448.06,448.06,448.06,0,0
1629836885,448.06,448.06,448.06,448.06,448.06,0,0
1629836890,448.08,448.08,448.08,448.08,448.08,2,1
1629836895,448.07,448.07,448.07,448.07,448.07,3,2
1629836900,448.07,448.07,448.07,448.07,448.07,0,0
1629836905,448.07,448.07,448.07,448.07,448.07,0,0
1629836910,448.07,448.07,448.07,448.07,448.07,0,0
1629836915,448.07,448.07,448.07,448.07,448.07,0,0
1629836920,448.07,448.07,448.07,448.07,448.07,0,0
1629836925,448.07,448.07,448.07,448.07,448.07,0,0
1629836930,448.07,448.07,448.07,448.07,448.07,0,0
1629836935,448.07,448.07,448.07,448.07,448.07,0,0
1629836940,448.07,448.07,448.07,448.07,448.07,0,0
1629836945,448.07,448.07,448.07,448.07,448.07,0,0
1629836950,448.07,448.07,448.07,448.07,448.07,0,0
1629836955,448.07,448.07,448.07,448.07,448.07,0,0
1629836960,448.07,448.07,448.07,448.07,448.07,0,0
1629836965,448.07,448.07,448.07,448.07,448.07,0,0
1629836970,448.07,448.07,448.07,448.07,448.07,0,0
1629836975,448.07,448.07,448.07,448.07,448.07,0,0
1629836980,448.07,448.07,448.07,448.07,448.07,0,0
1629836985,448.07,448.07,448.07,448.07,448.07,0,0
1629836990,448.07,448.07,448.07,448.07,448.07,0,0
1629836995,448.07,448.07,448.07,448.07,448.07,0,0
1629837000,448.07,448.07,448.07,448.07,448.07,0,0
1629837005,448.09,448.09,448.09,448.09,448.09,3,1
1629837010,448.09,448.09,448.09,448.09,448.09,0,0
1629837015,448.07,448.07,448.06,448.07,448.07,3,1
1629837020,448.07,448.07,448.06,448.07,448.07,0,0
1629837025,448.07,448.07,448.06,448.07,448.07,0,0
1629837030,448.07,448.07,448.06,448.07,448.07,0,0
1629837035,448.07,448.07,448.06,448.07,448.07,0,0
1629837040,448.07,448.07,448.06,448.07,448.07,0,0
1629837045,448.05,448.05,448.05,448.05,448.05,5,5
1629837050,448.05,448.05,448.05,448.05,448.05,0,0
1629837055,448.05,448.05,448.05,448.05,448.05,3,3
1629837060,448.05,448.05,448.05,448.05,448.05,0,0
1629837065,448.05,448.05,448.05,448.05,448.05,2,2
1629837070,448.05,448.05,448.05,448.05,448.05,0,0
1629837075,448.04,448.04,448.04,448.04,448.04,5,1
1629837080,448.05,448.08,448.05,448.08,448.073,4,4
1629837085,448.08,448.08,448.08,448.08,448.08,0,0
1629837090,448.08,448.08,448.08,448.08,448.08,0,0
1629837095,448.08,448.08,448.08,448.08,448.08,0,0
1629837100,448.04,448.04,448.04,448.04,448.04,5,1
1629837105,448.04,448.04,448.04,448.04,448.04,0,0
1629837110,448.04,448.04,448.04,448.04,448.04,0,0
1629837115,448.03,448.03,448.03,448.03,448.03,3,2
1629837120,448.03,448.03,448.03,448.03,448.03,0,0
1629837125,448.03,448.03,448.03,448.03,448.03,0,0
1629837130,448.03,448.03,448.03,448.03,448.03,0,0
1629837135,448.03,448.03,448.03,448.03,448.03,0,0
1629837140,448.04,448.04,448.04,448.04,448.04,4,1
1629837145,448.03,448.03,448.03,448.03,448.03,2,2
1629837150,448.03,448.03,448.03,448.03,448.03,0,0
1629837155,448.03,448.03,448.03,448.03,448.03,9,2
1629837160,448.03,448.03,448.03,448.03,448.03,0,0
1629837165,448.03,448.03,448.03,448.03,448.03,0,0
1629837170,448.03,448.03,448.03,448.03,448.03,0,0
1629837175,448.01,448.02,448.01,448.02,448.012,6,5
1629837180,448.02,448.02,448.02,448.02,448.02,5,5
1629837185,448.02,448.02,448.02,448.02,448.02,0,0
1629837190,448.02,448.02,448.02,448.02,448.02,0,0
1629837195,448.02,448.02,448.02,448.02,448.02,0,0
1629837200,448.02,448.02,448.02,448.02,448.02,0,0
1629837205,448.02,448.02,448.02,448.02,448.02,0,0
1629837210,448.02,448.02,448.02,448.02,448.02,0,0
1629837215,448.02,448.02,448.02,448.02,448.02,0,0
1629837220,448.02,448.02,448.02,448.02,448.02,0,0
1629837225,448.02,448.02,448.02,448.02,448.02,0,0
1629837230,448.02,448.02,448.02,448.02,448.02,0,0
1629837235,448.02,448.02,448.02,448.02,448.02,0,0
1629837240,448.02,448.02,448.02,448.02,448.02,0,0
1629837245,448.0,448.0,448.0,448.0,448.0,3,2
1629837250,448.0,448.0,448.0,448.0,448.0,4,3
1629837255,448.0,448.0,448.0,448.0,448.0,0,0
1629837260,448.0,448.0,448.0,448.0,448.0,0,0
1629837265,448.0,448.0,448.0,448.0,448.0,0,0
1629837270,448.0,448.0,448.0,448.0,448.0,0,0
1629837275,448.0,448.0,448.0,448.0,448.0,0,0
1629837280,448.01,448.01,448.01,448.01,448.01,1,1
1629837285,448.01,448.01,448.01,448.01,448.01,0,0
1629837290,448.01,448.01,448.01,448.01,448.01,1,1
1629837295,448.01,448.01,448.01,448.01,448.01,0,0
1629837300,448.01,448.01,448.01,448.01,448.01,0,0
1629837305,448.01,448.01,448.01,448.01,448.01,0,0
1629837310,448.01,448.03,448.01,448.01,448.014,20,12
1629837315,448.01,448.01,448.01,448.01,448.01,0,0
1629837320,448.02,448.02,448.02,448.02,448.02,1,1
1629837325,448.02,448.02,448.02,448.02,448.02,4,2
1629837330,448.03,448.03,448.03,448.03,448.03,5,1
1629837335,448.03,448.03,448.03,448.03,448.03,0,0
1629837340,448.03,448.03,448.03,448.03,448.03,0,0
1629837345,448.03,448.03,448.03,448.03,448.03,1,1
1629837350,448.03,448.03,448.03,448.03,448.03,0,0
1629837355,448.03,448.03,448.03,448.03,448.03,0,0
1629837360,448.01,448.01,448.01,448.01,448.01,20,5
1629837365,448.01,448.01,448.01,448.01,448.01,0,0
1629837370,448.01,448.01,448.01,448.01,448.01,1,1
1629837375,448.01,448.01,448.01,448.01,448.01,0,0
1629837380,448.01,448.01,448.01,448.01,448.01,0,0
1629837385,448.01,448.01,448.01,448.01,448.01,14,5
1629837390,448.01,448.01,448.01,448.01,448.01,0,0
1629837395,448.01,448.01,448.01,448.01,448.01,0,0
1629837400,448.01,448.01,448.01,448.01,448.01,0,0
1629837405,448.01,448.01,448.01,448.01,448.01,0,0
1629837410,448.01,448.01,448.01,448.01,448.01,0,0
1629837415,448.01,448.01,448.01,448.01,448.01,2,1
1629837420,448.01,448.01,448.01,448.01,448.01,0,0
1629837425,448.01,448.01,448.01,448.01,448.01,0,0
1629837430,448.01,448.01,448.01,448.01,448.01,0,0
1629837435,448.0,448.01,448.0,448.0,448.001,17,9
1629837440,448.0,448.0,448.0,448.0,448.0,90,15
1629837445,448.01,448.01,448.01,448.01,448.01,2,2
1629837450,448.01,448.01,448.01,448.01,448.01,0,0
1629837455,447.98,447.98,447.98,447.98,447.98,1,1
1629837460,447.97,447.97,447.97,447.97,447.97,23,9
1629837465,447.97,447.97,447.97,447.97,447.97,0,0
1629837470,447.97,447.97,447.97,447.97,447.97,0,0
1629837475,447.96,447.96,447.96,447.96,447.96,5,1
1629837480,447.97,447.97,447.97,447.97,447.97,3,2
1629837485,447.97,447.97,447.97,447.97,447.97,0,0
1629837490,447.97,447.97,447.97,447.97,447.97,0,0
1629837495,447.97,447.97,447.97,447.97,447.97,0,0
1629837500,447.97,447.97,447.97,447.97,447.97,0,0
1629837505,447.97,447.97,447.97,447.97,447.97,0,0
1629837510,447.96,447.96,447.96,447.96,447.96,1,1
1629837515,447.96,447.96,447.96,447.96,447.96,0,0
1629837520,447.97,447.97,447.97,447.97,447.97,6,4
1629837525,447.97,447.97,447.97,447.97,447.97,0,0
1629837530,447.97,447.97,447.97,447.97,447.97,0,0
1629837535,447.97,447.97,447.97,447.97,447.97,0,0
1629837540,447.97,447.97,447.97,447.97,447.97,0,0
1629837545,447.96,447.96,447.96,447.96,447.96,75,16
1629837550,447.96,447.96,447.95,447.95,447.951,11,5
1629837555,447.95,447.95,447.95,447.95,447.95,0,0
1629837560,447.96,447.96,447.95,447.95,447.955,2,2
1629837565,447.95,447.95,447.95,447.95,447.95,2,1
1629837570,447.95,447.95,447.95,447.95,447.95,0,0
1629837575,447.95,447.95,447.95,447.95,447.95,0,0
1629837580,447.95,447.95,447.95,447.95,447.95,0,0
1629837585,447.96,447.96,447.53,447.87,447.855,1214,437
1629837590,447.87,447.87,447.87,447.87,447.87,0,0
1629837595,447.87,447.87,447.87,447.87,447.87,0,0
1629837600,447.87,447.87,447.87,447.87,447.87,0,0
1629837605,447.87,447.87,447.87,447.87,447.87,0,0
1629837610,447.87,447.87,447.87,447.87,447.87,0,0
1629837615,447.87,447.87,447.87,447.87,447.87,0,0
1629837620,447.87,447.87,447.87,447.87,447.87,0,0
1629837625,447.93,447.93,447.93,447.93,447.93,2,2
1629837630,447.93,447.93,447.93,447.93,447.93,0,0
1629837635,447.93,447.93,447.93,447.93,447.93,0,0
1629837640,447.93,447.93,447.93,447.93,447.93,0,0
1629837645,447.93,447.93,447.93,447.93,447.93,0,0
1629837650,447.93,447.93,447.93,447.93,447.93,0,0
1629837655,447.96,447.96,447.95,447.95,447.954,12,7
1629837660,447.96,447.96,447.96,447.96,447.96,4,1
1629837665,447.96,447.96,447.96,447.96,447.96,0,0
1629837670,447.96,447.96,447.96,447.96,447.96,0,0
1629837675,447.96,447.96,447.96,447.96,447.96,0,0
1629837680,447.96,447.96,447.96,447.96,447.96,0,0
1629837685,447.96,447.96,447.96,447.96,447.96,0,0
1629837690,447.96,447.96,447.96,447.96,447.96,0,0
1629837695,447.96,447.96,447.96,447.96,447.96,0,0
1629837700,447.96,447.96,447.96,447.96,447.96,0,0
1629837705,447.95,447.95,447.95,447.95,447.95,1,1
1629837710,447.95,447.95,447.95,447.95,447.95,0,0
1629837715,447.95,447.95,447.95,447.95,447.95,0,0
1629837720,447.93,447.93,447.93,447.93,447.93,1,1
1629837725,447.93,447.93,447.93,447.93,447.93,0,0
1629837730,447.93,447.93,447.93,447.93,447.93,0,0
1629837735,447.93,447.93,447.93,447.93,447.93,0,0
1629837740,447.93,447.93,447.93,447.93,447.93,0,0
1629837745,447.93,447.93,447.93,447.93,447.93,0,0
1629837750,447.97,447.97,447.97,447.97,447.97,24,3
1629837755,447.97,447.97,447.97,447.97,447.97,0,0
1629837760,447.97,447.97,447.97,447.97,447.97,0,0
1629837765,447.97,447.97,447.97,447.97,447.97,0,0
1629837770,447.97,447.97,447.97,447.97,447.97,0,0
1629837775,447.97,448.0,447.97,448.0,447.997,86,17
1629837780,448.0,448.0,447.99,447.99,448.0,82,17
1629837785,448.0,448.0,448.0,448.0,448.0,84,8
1629837790,448.0,448.0,448.0,448.0,448.0,0,0
1629837795,448.0,448.0,448.0,448.0,448.0,0,0
1629837800,448.0,448.0,448.0,448.0,448.0,0,0
1629837805,448.0,448.0,448.0,448.0,448.0,0,0
1629837810,447.99,447.99,447.99,447.99,447.99,1,1
1629837815,447.99,447.99,447.99,447.99,447.99,0,0
1629837820,447.99,447.99,447.99,447.99,447.99,0,0
1629837825,447.99,447.99,447.99,447.99,447.99,0,0
1629837830,447.99,447.99,447.99,447.99,447.99,0,0
1629837835,447.99,447.99,447.99,447.99,447.99,0,0
1629837840,447.99,447.99,447.99,447.99,447.99,0,0
1629837845,447.99,447.99,447.99,447.99,447.99,0,0
1629837850,448.0,448.0,448.0,448.0,448.0,2,2
1629837855,448.0,448.0,448.0,448.0,448.0,0,0
1629837860,448.0,448.0,448.0,448.0,448.0,0,0
1629837865,448.0,448.0,448.0,448.0,448.0,0,0
1629837870,448.0,448.0,448.0,448.0,448.0,0,0
1629837875,448.0,448.0,448.0,448.0,448.0,0,0
1629837880,448.0,448.0,448.0,448.0,448.0,5,3
1629837885,448.0,448.0,448.0,448.0,448.0,0,0
1629837890,448.0,448.0,448.0,448.0,448.0,0,0
1629837895,448.0,448.0,448.0,448.0,448.0,0,0
1629837900,448.01,448.01,448.01,448.01,448.01,1,1
1629837905,448.0,448.0,447.99,447.99,447.998,4,4
1629837910,447.99,447.99,447.99,447.99,447.99,0,0
1629837915,447.99,447.99,447.99,447.99,447.99,0,0
1629837920,447.99,447.99,447.99,447.99,447.99,0,0
1629837925,447.99,447.99,447.99,447.99,447.99,0,0
1629837930,447.99,447.99,447.99,447.99,447.99,0,0
1629837935,447.99,447.99,447.99,447.99,447.99,0,0
1629837940,448.0,448.01,448.0,448.01,448.005,2,2
1629837945,448.01,448.01,448.01,448.01,448.01,0,0
1629837950,448.01,448.01,448.01,448.01,448.01,0,0
1629837955,448.01,448.01,448.01,448.01,448.01,0,0
1629837960,448.01,448.01,448.01,448.01,448.01,0,0
1629837965,448.01,448.01,448.01,448.01,448.01,0,0
1629837970,448.01,448.01,448.01,448.01,448.01,0,0
1629837975,448.01,448.01,448.01,448.01,448.01,0,0
1629837980,448.01,448.01,448.01,448.01,448.01,0,0
1629837985,448.01,448.01,448.01,448.01,448.01,0,0
1629837990,448.01,448.01,448.01,448.01,448.01,0,0
1629837995,448.01,448.01,448.01,448.01,448.01,0,0
1629838000,448.01,448.01,448.01,448.01,448.01,0,0
1629838005,448.01,448.01,448.01,448.01,448.01,0,0
1629838010,448.01,448.01,448.01,448.01,448.01,0,0
1629838015,448.07,448.07,448.07,448.07,448.07,5,1
1629838020,448.07,448.07,448.07,448.07,448.07,0,0
1629838025,448.07,448.07,448.07,448.07,448.07,0,0
1629838030,448.07,448.07,448.07,448.07,448.07,0,0
1629838035,448.07,448.07,448.07,448.07,448.07,0,0
1629838040,448.04,448.04,447.85,447.85,447.927,1127,429
1629838045,447.85,447.95,447.85,447.85,447.871,181,28
1629838050,447.97,447.97,447.97,447.97,447.97,2,2
1629838055,447.97,447.97,447.97,447.97,447.97,0,0
1629838060,447.97,447.97,447.97,447.97,447.97,0,0
1629838065,447.97,447.97,447.97,447.97,447.97,0,0
1629838070,447.97,447.97,447.97,447.97,447.97,0,0
1629838075,447.97,447.97,447.97,447.97,447.97,0,0
1629838080,447.97,447.97,447.97,447.97,447.97,0,0
1629838085,447.97,447.97,447.97,447.97,447.97,0,0
1629838090,447.97,447.97,447.97,447.97,447.97,0,0
1629838095,447.97,447.97,447.97,447.97,447.97,0,0
1629838100,447.97,447.98,447.97,447.98,447.972,10,2
1629838105,447.98,447.98,447.98,447.98,447.98,0,0
1629838110,447.98,447.98,447.98,447.98,447.98,0,0
1629838115,447.98,447.98,447.98,447.98,447.98,0,0
1629838120,447.98,447.98,447.98,447.98,447.98,0,0
1629838125,447.98,447.98,447.98,447.98,447.98,0,0
1629838130,447.98,447.98,447.98,447.98,447.98,0,0
1629838135,447.98,447.98,447.98,447.98,447.98,0,0
1629838140,447.98,447.98,447.98,447.98,447.98,51,27
1629838145,447.98,447.98,447.98,447.98,447.98,0,0
1629838150,447.98,447.98,447.98,447.98,447.98,0,0
1629838155,447.98,447.98,447.98,447.98,447.98,0,0
1629838160,447.98,447.98,447.98,447.98,447.98,0,0
1629838165,447.98,447.98,447.98,447.98,447.98,0,0
1629838170,447.98,447.98,447.98,447.98,447.98,0,0
1629838175,447.98,447.98,447.98,447.98,447.98,0,0
1629838180,447.98,447.98,447.98,447.98,447.98,0,0
1629838185,447.92,447.92,447.92,447.92,447.92,2,1
1629838190,447.92,447.92,447.92,447.92,447.92,0,0
1629838195,447.92,447.92,447.92,447.92,447.92,0,0
1629838200,447.92,447.92,447.92,447.92,447.92,0,0
1629838205,447.92,447.92,447.92,447.92,447.92,0,0
1629838210,447.92,447.92,447.92,447.92,447.92,0,0
1629838215,447.92,447.92,447.92,447.92,447.92,0,0
1629838220,447.92,447.92,447.92,447.92,447.92,0,0
1629838225,447.92,447.92,447.92,447.92,447.92,0,0
1629838230,447.93,447.93,447.93,447.93,447.93,1,1
1629838235,447.93,447.93,447.93,447.93,447.93,0,0
1629838240,447.93,447.93,447.93,447.93,447.93,1,1
1629838245,447.93,447.93,447.93,447.93,447.93,0,0
1629838250,447.93,447.93,447.93,447.93,447.93,0,0
1629838255,447.93,447.93,447.93,447.93,447.93,0,0
1629838260,447.93,447.93,447.93,447.93,447.93,0,0
1629838265,447.93,447.93,447.93,447.93,447.93,0,0
1629838270,447.93,447.93,447.93,447.93,447.93,0,0
1629838275,447.93,447.93,447.93,447.93,447.93,0,0
1629838280,447.93,447.93,447.93,447.93,447.93,0,0
1629838285,447.93,447.93,447.93,447.93,447.93,0,0
1629838290,447.93,447.93,447.93,447.93,447.93,0,0
1629838295,447.93,447.93,447.93,447.93,447.93,0,0
1629838300,447.98,447.98,447.98,447.98,447.98,1,1
1629838305,447.98,447.98,447.98,447.98,447.98,1,1
1629838310,447.98,447.98,447.98,447.98,447.98,0,0
1629838315,448.0,448.0,448.0,448.0,448.0,10,2
1629838320,448.0,448.0,448.0,448.0,448.0,0,0
1629838325,448.0,448.0,448.0,448.0,448.0,0,0
1629838330,448.0,448.0,448.0,448.0,448.0,0,0
1629838335,448.0,448.0,448.0,448.0,448.0,0,0
1629838340,448.0,448.0,448.0,448.0,448.0,0,0
1629838345,448.0,448.0,448.0,448.0,448.0,0,0
1629838350,448.0,448.0,448.0,448.0,448.0,0,0
1629838355,448.0,448.0,448.0,448.0,448.0,0,0
1629838360,448.0,448.0,448.0,448.0,448.0,0,0
1629838365,448.0,448.0,448.0,448.0,448.0,0,0
1629838370,448.0,448.0,448.0,448.0,448.0,0,0
1629838375,448.0,448.0,448.0,448.0,448.0,0,0
1629838380,448.0,448.0,448.0,448.0,448.0,0,0
1629838385,448.0,448.0,448.0,448.0,448.0,0,0
1629838390,448.0,448.0,448.0,448.0,448.0,0,0
1629838395,448.0,448.0,448.0,448.0,448.0,0,0
1629838400,448.0,448.0,448.0,448.0,448.0,0,0
1629838405,448.03,448.03,448.02,448.02,448.025,2,2
1629838410,448.02,448.02,448.02,448.02,448.02,0,0
1629838415,448.02,448.02,448.02,448.02,448.02,0,0
1629838420,448.02,448.02,448.02,448.02,448.02,0,0
1629838425,448.02,448.02,448.02,448.02,448.02,0,0
1629838430,448.02,448.02,448.02,448.02,448.02,0,0
1629838435,448.02,448.02,448.02,448.02,448.02,0,0
1629838440,448.02,448.02,448.02,448.02,448.02,0,0
1629838445,448.02,448.02,448.02,448.02,448.02,0,0
1629838450,448.02,448.02,448.02,448.02,448.02,0,0
1629838455,448.02,448.02,448.02,448.02,448.02,0,0
1629838460,448.02,448.02,448.02,448.02,448.02,0,0
1629838465,448.02,448.02,448.02,448.02,448.02,0,0
1629838470,448.02,448.02,448.02,448.02,448.02,0,0
1629838475,448.05,448.05,448.05,448.05,448.05,1,1
1629838480,448.05,448.05,448.05,448.05,448.05,0,0
1629838485,448.05,448.05,448.05,448.05,448.05,0,0
1629838490,448.05,448.05,448.05,448.05,448.05,0,0
1629838495,448.05,448.05,448.05,448.05,448.05,0,0
1629838500,448.05,448.05,448.05,448.05,448.05,0,0
1629838505,448.05,448.05,448.05,448.05,448.05,0,0
1629838510,448.05,448.05,448.05,448.05,448.05,0,0
1629838515,448.05,448.05,448.05,448.05,448.05,0,0
1629838520,448.05,448.05,448.05,448.05,448.05,0,0
1629838525,448.05,448.05,448.05,448.05,448.05,0,0
1629838530,448.05,448.05,448.05,448.05,448.05,0,0
1629838535,448.05,448.05,448.05,448.05,448.05,0,0
1629838540,448.04,448.04,448.03,448.04,448.034,5,4
1629838545,448.04,448.04,448.04,448.04,448.04,0,0
1629838550,448.04,448.04,448.04,448.04,448.04,0,0
1629838555,448.04,448.04,448.04,448.04,448.04,0,0
1629838560,448.04,448.04,448.04,448.04,448.04,0,0
1629838565,448.04,448.04,448.04,448.04,448.04,0,0
1629838570,448.04,448.04,448.04,448.04,448.04,0,0
1629838575,448.04,448.04,448.04,448.04,448.04,0,0
1629838580,448.04,448.04,448.04,448.04,448.04,0,0
1629838585,448.03,448.03,448.03,448.03,448.03,1,1
1629838590,448.03,448.03,448.03,448.03,448.03,0,0
1629838595,448.03,448.03,448.03,448.03,448.03,0,0
1629838600,448.03,448.03,448.03,448.03,448.03,0,0
1629838605,448.03,448.03,448.03,448.03,448.03,0,0
1629838610,448.03,448.03,448.03,448.03,448.03,0,0
1629838615,448.03,448.03,448.03,448.03,448.03,0,0
1629838620,448.03,448.05,448.03,448.05,448.043,16,4
1629838625,448.05,448.05,448.05,448.05,448.05,0,0
1629838630,448.05,448.05,448.05,448.05,448.05,4,1
1629838635,448.06,448.06,448.06,448.06,448.06,32,4
1629838640,448.06,448.06,448.06,448.06,448.06,0,0
1629838645,448.06,448.06,448.06,448.06,448.06,0,0
1629838650,448.06,448.06,448.06,448.06,448.06,0,0
1629838655,448.06,448.06,448.06,448.06,448.06,0,0
1629838660,448.06,448.06,448.06,448.06,448.06,1,1
1629838665,448.06,448.06,448.06,448.06,448.06,0,0
1629838670,448.06,448.06,448.06,448.06,448.06,0,0
1629838675,448.06,448.06,448.06,448.06,448.06,0,0
1629838680,448.06,448.06,448.06,448.06,448.06,1,1
1629838685,448.06,448.06,448.06,448.06,448.06,0,0
1629838690,448.06,448.06,448.06,448.06,448.06,0,0
1629838695,448.06,448.06,448.06,448.06,448.06,0,0
1629838700,448.06,448.06,448.06,448.06,448.06,0,0
1629838705,448.06,448.06,448.06,448.06,448.06,0,0
1629838710,448.06,448.06,448.06,448.06,448.06,0,0
1629838715,448.06,448.06,448.06,448.06,448.06,0,0
1629838720,448.06,448.06,448.06,448.06,448.06,0,0
1629838725,448.06,448.06,448.06,448.06,448.06,0,0
1629838730,448.06,448.06,448.06,448.06,448.06,0,0
1629838735,448.06,448.06,448.06,448.06,448.06,0,0
1629838740,448.06,448.06,448.06,448.06,448.06,0,0
1629838745,448.06,448.06,448.06,448.06,448.06,0,0
1629838750,448.06,448.06,448.06,448.06,448.06,0,0
1629838755,448.06,448.06,448.06,448.06,448.06,0,0
1629838760,448.06,448.06,448.06,448.06,448.06,0,0
1629838765,448.06,448.06,448.06,448.06,448.06,0,0
1629838770,448.06,448.06,448.06,448.06,448.06,0,0
1629838775,448.06,448.06,448.06,448.06,448.06,0,0
1629838780,448.02,448.02,448.02,448.02,448.02,3,1
1629838785,448.02,448.02,448.02,448.02,448.02,0,0
1629838790,448.02,448.02,448.02,448.02,448.02,0,0
1629838795,448.02,448.02,448.02,448.02,448.02,0,0
1629838800,448.0,448.0,448.0,448.0,448.0,1,1
1629838805,448.0,448.0,448.0,448.0,448.0,0,0
1629838810,448.0,448.0,448.0,448.0,448.0,0,0
1629838815,448.0,448.0,448.0,448.0,448.0,0,0
1629838820,448.0,448.0,448.0,448.0,448.0,0,0
1629838825,448.04,448.04,448.04,448.04,448.04,4,1
1629838830,448.04,448.04,448.04,448.04,448.04,1,1
1629838835,448.04,448.04,448.04,448.04,448.04,4,2
1629838840,448.04,448.04,448.04,448.04,448.04,0,0
1629838845,448.04,448.04,448.04,448.04,448.04,0,0
1629838850,448.04,448.04,448.04,448.04,448.04,0,0
1629838855,448.04,448.04,448.04,448.04,448.04,0,0
1629838860,448.04,448.04,448.04,448.04,448.04,0,0
1629838865,448.04,448.04,448.04,448.04,448.04,0,0
1629838870,448.04,448.04,448.04,448.04,448.04,0,0
1629838875,448.04,448.04,448.04,448.04,448.04,0,0
1629838880,448.04,448.04,448.04,448.04,448.04,0,0
1629838885,448.04,448.04,448.04,448.04,448.04,0,0
1629838890,448.04,448.04,448.04,448.04,448.04,0,0
1629838895,448.04,448.04,448.04,448.04,448.04,0,0
1629838900,448.04,448.04,448.04,448.04,448.04,1,1
1629838905,448.04,448.04,448.04,448.04,448.04,0,0
1629838910,448.04,448.04,448.04,448.04,448.04,0,0
1629838915,448.04,448.04,448.04,448.04,448.04,0,0
1629838920,448.04,448.04,448.04,448.04,448.04,0,0
1629838925,448.04,448.04,448.04,448.04,448.04,0,0
1629838930,448.04,448.04,448.04,448.04,448.04,0,0
1629838935,448.04,448.04,448.04,448.04,448.04,0,0
1629838940,448.04,448.04,448.04,448.04,448.04,0,0
1629838945,448.04,448.04,448.04,448.04,448.04,0,0
1629838950,448.04,448.04,448.04,448.04,448.04,0,0
1629838955,448.04,448.04,448.04,448.04,448.04,0,0
1629838960,448.04,448.04,448.04,448.04,448.04,0,0
1629838965,448.04,448.04,448.04,448.04,448.04,0,0
1629838970,448.04,448.04,448.04,448.04,448.04,0,0
1629838975,447.97,447.97,447.97,447.97,447.97,50,2
1629838980,447.97,447.97,447.97,447.97,447.97,0,0
1629838985,447.97,447.97,447.97,447.97,447.97,0,0
1629838990,447.97,447.97,447.97,447.97,447.97,0,0
1629838995,447.97,447.97,447.97,447.97,447.97,0,0
1629839000,447.97,447.97,447.97,447.97,447.97,0,0
1629839005,447.97,447.97,447.97,447.97,447.97,0,0
1629839010,447.97,447.97,447.97,447.97,447.97,0,0
1629839015,448.04,448.04,448.04,448.04,448.04,4,1
1629839020,448.04,448.04,448.04,448.04,448.04,0,0
1629839025,448.04,448.04,448.04,448.04,448.04,0,0
1629839030,447.97,447.97,447.97,447.97,447.97,1,1
1629839035,447.97,447.97,447.97,447.97,447.97,0,0
1629839040,447.97,447.97,447.97,447.97,447.97,0,0
1629839045,447.97,447.97,447.97,447.97,447.97,0,0
1629839050,447.97,447.97,447.97,447.97,447.97,1,1
1629839055,447.97,447.97,447.97,447.97,447.97,0,0
1629839060,447.97,447.97,447.97,447.97,447.97,0,0
1629839065,448.0,448.0,448.0,448.0,448.0,1,1
1629839070,448.0,448.0,448.0,448.0,448.0,0,0
1629839075,448.0,448.0,448.0,448.0,448.0,0,0
1629839080,448.0,448.0,448.0,448.0,448.0,0,0
1629839085,448.0,448.0,448.0,448.0,448.0,0,0
1629839090,448.0,448.0,448.0,448.0,448.0,0,0
1629839095,448.0,448.0,448.0,448.0,448.0,0,0
1629839100,448.0,448.0,448.0,448.0,448.0,0,0
1629839105,448.0,448.0,448.0,448.0,448.0,0,0
1629839110,448.0,448.0,448.0,448.0,448.0,0,0
1629839115,448.0,448.0,448.0,448.0,448.0,0,0
1629839120,448.0,448.0,448.0,448.0,448.0,0,0
1629839125,448.0,448.0,448.0,448.0,448.0,0,0
1629839130,448.0,448.0,448.0,448.0,448.0,0,0
1629839135,448.0,448.0,448.0,448.0,448.0,0,0
1629839140,448.0,448.0,448.0,448.0,448.0,0,0
1629839145,448.0,448.0,448.0,448.0,448.0,0,0
1629839150,448.0,448.0,448.0,448.0,448.0,0,0
1629839155,448.0,448.0,448.0,448.0,448.0,0,0
1629839160,448.0,448.0,448.0,448.0,448.0,0,0
1629839165,448.0,448.0,448.0,448.0,448.0,0,0
1629839170,448.0,448.0,448.0,448.0,448.0,0,0
1629839175,448.0,448.0,448.0,448.0,448.0,0,0
1629839180,448.0,448.0,448.0,448.0,448.0,0,0
1629839185,448.0,448.0,448.0,448.0,448.0,0,0
1629839190,448.0,448.0,448.0,448.0,448.0,0,0
1629839195,448.0,448.0,448.0,448.0,448.0,0,0
1629839200,448.0,448.0,448.0,448.0,448.0,0,0
1629839205,448.0,448.0,448.0,448.0,448.0,0,0
1629839210,448.0,448.0,448.0,448.0,448.0,0,0
1629839215,448.0,448.0,448.0,448.0,448.0,0,0
1629839220,448.0,448.0,448.0,448.0,448.0,0,0
1629839225,448.0,448.0,448.0,448.0,448.0,0,0
1629839230,448.0,448.0,448.0,448.0,448.0,0,0
1629839235,448.0,448.0,448.0,448.0,448.0,0,0
1629839240,448.0,448.0,448.0,448.0,448.0,0,0
1629839245,448.0,448.0,448.0,448.0,448.0,0,0
1629839250,448.0,448.0,448.0,448.0,448.0,0,0
1629839255,448.0,448.0,448.0,448.0,448.0,0,0
1629839260,448.0,448.0,448.0,448.0,448.0,0,0
1629839265,448.0,448.0,448.0,448.0,448.0,0,0
1629839270,448.0,448.0,448.0,448.0,448.0,0,0
1629839275,448.0,448.0,448.0,448.0,448.0,0,0
1629839280,448.0,448.0,448.0,448.0,448.0,0,0
1629839285,448.0,448.0,448.0,448.0,448.0,0,0
1629839290,448.0,448.0,448.0,448.0,448.0,0,0
1629839295,448.0,448.0,448.0,448.0,448.0,0,0
1629839300,448.0,448.0,448.0,448.0,448.0,0,0
1629839305,448.0,448.0,448.0,448.0,448.0,0,0
1629839310,448.0,448.0,448.0,448.0,448.0,0,0
1629839315,448.0,448.0,448.0,448.0,448.0,0,0
1629839320,448.0,448.0,448.0,448.0,448.0,0,0
1629839325,448.0,448.0,448.0,448.0,448.0,0,0
1629839330,448.0,448.0,448.0,448.0,448.0,0,0
1629839335,448.0,448.0,448.0,448.0,448.0,0,0
1629839340,448.0,448.0,448.0,448.0,448.0,0,0
1629839345,448.0,448.0,448.0,448.0,448.0,0,0
1629839350,448.0,448.0,448.0,448.0,448.0,0,0
1629839355,448.0,448.0,448.0,448.0,448.0,0,0
1629839360,448.0,448.0,448.0,448.0,448.0,0,0
1629839365,448.0,448.0,448.0,448.0,448.0,0,0
1629839370,448.0,448.0,448.0,448.0,448.0,0,0
1629839375,448.0,448.0,448.0,448.0,448.0,0,0
1629839380,448.0,448.0,448.0,448.0,448.0,0,0
1629839385,448.0,448.0,448.0,448.0,448.0,0,0
1629839390,448.0,448.0,448.0,448.0,448.0,0,0
1629839395,448.0,448.0,448.0,448.0,448.0,0,0
1629839400,447.97,447.97,447.97,447.97,447.97,2230,1
1629839405,447.97,447.97,447.97,447.97,447.97,0,0
1629839410,447.97,447.97,447.97,447.97,447.97,0,0
1629839415,447.97,447.97,447.97,447.97,447.97,0,0
1629839420,447.97,447.97,447.97,447.97,447.97,0,0
1629839425,447.97,447.97,447.97,447.97,447.97,0,0
1629839430,447.97,447.97,447.97,447.97,447.97,0,0
1629839435,447.97,447.97,447.97,447.97,447.97,0,0
1629839440,447.97,447.97,447.97,447.97,447.97,0,0
1629839445,447.97,447.97,447.97,447.97,447.97,0,0
1629839450,447.97,447.97,447.97,447.97,447.97,0,0
1629839455,447.97,447.97,447.97,447.97,447.97,0,0
1629839460,447.97,447.97,447.97,447.97,447.97,0,0
1629839465,447.97,447.97,447.97,447.97,447.97,0,0
1629839470,447.97,447.97,447.97,447.97,447.97,0,0
1629839475,447.97,447.97,447.97,447.97,447.97,0,0
1629839480,447.97,447.97,447.97,447.97,447.97,0,0
1629839485,447.97,447.97,447.97,447.97,447.97,0,0
1629839490,447.97,447.97,447.97,447.97,447.97,0,0
1629839495,447.97,447.97,447.97,447.97,447.97,0,0
1629839500,447.97,447.97,447.97,447.97,447.97,0,0
1629839505,447.97,447.97,447.97,447.97,447.97,0,0
1629839510,447.97,447.97,447.97,447.97,447.97,0,0
1629839515,447.97,447.97,447.97,447.97,447.97,0,0
1629839520,447.97,447.97,447.97,447.97,447.97,0,0
1629839525,447.97,447.97,447.97,447.97,447.97,0,0
1629839530,447.97,447.97,447.97,447.97,447.97,0,0
1629839535,447.97,447.97,447.97,447.97,447.97,0,0
1629839540,447.97,447.97,447.97,447.97,447.97,0,0
1629839545,448.05,448.05,448.04,448.05,448.05,13,1
1629839550,448.05,448.05,448.04,448.05,448.05,0,0
1629839555,448.05,448.05,448.04,448.05,448.05,0,0
1629839560,448.05,448.05,448.04,448.05,448.05,0,0
1629839565,448.05,448.05,448.04,448.05,448.05,0,0
1629839570,448.05,448.05,448.04,448.05,448.05,0,0
1629839575,448.05,448.05,448.04,448.05,448.05,0,0
1629839580,448.05,448.05,448.04,448.05,448.05,0,0
1629839585,448.05,448.05,448.04,448.05,448.05,0,0
1629839590,448.05,448.05,448.04,448.05,448.05,0,0
1629839595,448.05,448.05,448.04,448.05,448.05,0,0
1629839600,448.05,448.05,448.04,448.05,448.05,0,0
1629839605,448.05,448.05,448.04,448.05,448.05,0,0
1629839610,448.05,448.05,448.04,448.05,448.05,0,0
1629839615,448.05,448.05,448.04,448.05,448.05,0,0
1629839620,448.05,448.05,448.05,448.05,448.05,1,1
1629839625,448.05,448.05,448.05,448.05,448.05,0,0
1629839630,448.06,448.07,448.06,448.07,448.068,40,10
1629839635,448.07,448.07,448.07,448.07,448.07,0,0
1629839640,448.07,448.07,448.07,448.07,448.07,25,2
1629839645,448.07,448.07,448.07,448.07,448.07,1,1
1629839650,448.07,448.07,448.07,448.07,448.07,0,0
1629839655,448.07,448.07,448.07,448.07,448.07,0,0
1629839660,448.07,448.07,448.07,448.07,448.07,0,0
1629839665,448.07,448.07,448.07,448.07,448.07,0,0
1629839670,448.07,448.07,448.07,448.07,448.07,14,4
1629839675,448.07,448.07,448.07,448.07,448.07,10,2
1629839680,448.07,448.07,448.07,448.07,448.07,1,1
1629839685,448.07,448.07,448.07,448.07,448.07,0,0
1629839690,448.08,448.08,448.08,448.08,448.08,5,1
1629839695,448.08,448.08,448.08,448.08,448.08,0,0
1629839700,448.08,448.08,448.08,448.08,448.08,0,0
1629839705,448.09,448.09,448.08,448.09,448.088,61,12
1629839710,448.09,448.09,448.09,448.09,448.09,0,0
1629839715,448.09,448.09,448.09,448.09,448.09,5,1
1629839720,448.09,448.09,448.09,448.09,448.09,10,2
1629839725,448.09,448.09,448.09,448.09,448.09,16,5
1629839730,448.09,448.09,448.09,448.09,448.09,0,0
1629839735,448.09,448.09,448.09,448.09,448.09,1,1
1629839740,448.09,448.09,448.09,448.09,448.09,0,0
1629839745,448.09,448.09,448.09,448.09,448.09,0,0
1629839750,448.09,448.09,448.09,448.09,448.09,9,2
1629839755,448.09,448.09,448.09,448.09,448.09,0,0
1629839760,448.1,448.1,448.1,448.1,448.1,29,4
1629839765,448.1,448.1,448.1,448.1,448.1,0,0
1629839770,448.1,448.1,448.1,448.1,448.1,2,1
1629839775,448.1,448.1,448.1,448.1,448.1,2,1
1629839780,448.1,448.1,448.1,448.1,448.1,0,0
1629839785,448.1,448.1,448.1,448.1,448.1,0,0
1629839790,448.1,448.1,448.1,448.1,448.1,0,0
1629839795,448.1,448.11,448.1,448.11,448.109,16,4
1629839800,448.11,448.11,448.11,448.11,448.11,0,0
1629839805,448.11,448.11,448.11,448.11,448.11,0,0
1629839810,448.11,448.11,448.11,448.11,448.11,0,0
1629839815,448.11,448.11,448.11,448.11,448.11,0,0
1629839820,448.11,448.11,448.11,448.11,448.11,0,0
1629839825,448.11,448.11,448.11,448.11,448.11,0,0
1629839830,448.11,448.11,448.11,448.11,448.11,0,0
1629839835,448.11,448.11,448.11,448.11,448.11,16,7
1629839840,448.11,448.11,448.11,448.11,448.11,1,1
1629839845,448.11,448.11,448.11,448.11,448.11,11,3
1629839850,448.11,448.11,448.11,448.11,448.11,5,2
1629839855,448.11,448.11,448.11,448.11,448.11,0,0
1629839860,448.11,448.11,448.11,448.11,448.11,1,1
1629839865,448.11,448.11,448.11,448.11,448.11,0,0
1629839870,448.11,448.11,448.11,448.11,448.11,0,0
1629839875,448.11,448.11,448.11,448.11,448.11,0,0
1629839880,448.11,448.11,448.11,448.11,448.11,0,0
1629839885,448.11,448.11,448.11,448.11,448.11,0,0
1629839890,448.11,448.11,448.11,448.11,448.11,3,1
1629839895,448.12,448.12,448.12,448.12,448.12,26,6
1629839900,448.12,448.12,448.12,448.12,448.12,0,0
1629839905,448.12,448.12,448.12,448.12,448.12,0,0
1629839910,448.12,448.12,448.12,448.12,448.12,0,0
1629839915,448.12,448.12,448.12,448.12,448.12,0,0
1629839920,448.12,448.12,448.12,448.12,448.12,0,0
1629839925,448.13,448.13,448.13,448.13,448.13,2,2
1629839930,448.13,448.13,448.13,448.13,448.13,0,0
1629839935,448.13,448.13,448.13,448.13,448.13,0,0
1629839940,448.13,448.13,448.13,448.13,448.13,0,0
1629839945,448.13,448.13,448.13,448.13,448.13,0,0
1629839950,448.13,448.13,448.13,448.13,448.13,0,0
1629839955,448.13,448.13,448.13,448.13,448.13,0,0
1629839960,448.13,448.13,448.13,448.13,448.13,53,13
1629839965,448.13,448.13,448.13,448.13,448.13,0,0
1629839970,448.13,448.13,448.13,448.13,448.13,0,0
1629839975,448.13,448.13,448.13,448.13,448.13,0,0
1629839980,448.13,448.13,448.13,448.13,448.13,0,0
1629839985,448.13,448.13,448.13,448.13,448.13,0,0
1629839990,448.13,448.13,448.13,448.13,448.13,0,0
1629839995,448.13,448.13,448.13,448.13,448.13,0,0
1629840000,448.13,448.13,448.13,448.13,448.13,0,0
1629840005,448.13,448.13,448.13,448.13,448.13,2,1
1629840010,448.13,448.13,448.13,448.13,448.13,10,2
1629840015,448.13,448.13,448.13,448.13,448.13,0,0
1629840020,448.13,448.13,448.13,448.13,448.13,0,0
1629840025,448.13,448.13,448.13,448.13,448.13,0,0
1629840030,448.13,448.13,448.13,448.13,448.13,0,0
1629840035,448.13,448.13,448.13,448.13,448.13,0,0
1629840040,448.13,448.13,448.13,448.13,448.13,0,0
1629840045,448.13,448.13,448.13,448.13,448.13,0,0
1629840050,448.13,448.13,448.13,448.13,448.13,0,0
1629840055,448.13,448.13,448.13,448.13,448.13,0,0
1629840060,448.13,448.13,448.13,448.13,448.13,0,0
1629840065,448.13,448.13,448.13,448.13,448.13,0,0
1629840070,448.13,448.13,448.13,448.13,448.13,0,0
1629840075,448.13,448.13,448.13,448.13,448.13,1,1
1629840080,448.13,448.13,448.13,448.13,448.13,0,0
1629840085,448.13,448.13,448.13,448.13,448.13,4,4
1629840090,448.13,448.13,448.13,448.13,448.13,0,0
1629840095,448.13,448.13,448.13,448.13,448.13,0,0
1629840100,448.13,448.13,448.13,448.13,448.13,0,0
1629840105,448.13,448.13,448.13,448.13,448.13,0,0
1629840110,448.13,448.13,448.13,448.13,448.13,0,0
1629840115,448.13,448.13,448.13,448.13,448.13,0,0
1629840120,448.13,448.13,448.13,448.13,448.13,0,0
1629840125,448.13,448.13,448.13,448.13,448.13,0,0
1629840130,448.13,448.13,448.13,448.13,448.13,0,0
1629840135,448.13,448.13,448.13,448.13,448.13,0,0
1629840140,448.13,448.13,448.13,448.13,448.13,0,0
1629840145,448.13,448.13,448.13,448.13,448.13,0,0
1629840150,448.13,448.13,448.13,448.13,448.13,0,0
1629840155,448.13,448.13,448.13,448.13,448.13,0,0
1629840160,448.14,448.14,448.14,448.14,448.14,5,1
1629840165,448.14,448.14,448.14,448.14,448.14,0,0
1629840170,448.14,448.14,448.14,448.14,448.14,0,0
1629840175,448.14,448.14,448.14,448.14,448.14,0,0
1629840180,448.14,448.14,448.14,448.14,448.14,0,0
1629840185,448.14,448.14,448.14,448.14,448.14,15,4
1629840190,448.14,448.14,448.14,448.14,448.14,0,0
1629840195,448.14,448.14,448.14,448.14,448.14,0,0
1629840200,448.14,448.14,448.14,448.14,448.14,79,7
1629840205,448.14,448.15,448.14,448.15,448.141,42,4
1629840210,448.15,448.15,448.15,448.15,448.15,0,0
1629840215,448.15,448.15,448.15,448.15,448.15,0,0
1629840220,448.15,448.15,448.15,448.15,448.15,0,0
1629840225,448.15,448.15,448.15,448.15,448.15,0,0
1629840230,448.15,448.15,448.15,448.15,448.15,0,0
1629840235,448.15,448.15,448.15,448.15,448.15,0,0
1629840240,448.15,448.15,448.15,448.15,448.15,0,0
1629840245,448.15,448.15,448.15,448.15,448.15,0,0
1629840250,448.15,448.15,448.15,448.15,448.15,0,0
1629840255,448.15,448.15,448.15,448.15,448.15,0,0
1629840260,448.15,448.15,448.15,448.15,448.15,0,0
1629840265,448.15,448.15,448.15,448.15,448.15,0,0
1629840270,448.14,448.14,448.14,448.14,448.14,3,1
1629840275,448.14,448.14,448.14,448.14,448.14,0,0
1629840280,448.14,448.14,448.14,448.14,448.14,0,0
1629840285,448.14,448.14,448.14,448.14,448.14,0,0
1629840290,448.14,448.14,448.14,448.14,448.14,0,0
1629840295,448.14,448.14,448.14,448.14,448.14,1,1
1629840300,448.14,448.14,448.14,448.14,448.14,0,0
1629840305,448.14,448.14,448.14,448.14,448.14,0,0
1629840310,448.14,448.14,448.14,448.14,448.14,0,0
1629840315,448.14,448.14,448.14,448.14,448.14,0,0
1629840320,448.14,448.14,448.14,448.14,448.14,0,0
1629840325,448.14,448.14,448.14,448.14,448.14,0,0
1629840330,448.14,448.14,448.14,448.14,448.14,0,0
1629840335,448.14,448.14,448.14,448.14,448.14,0,0
1629840340,448.14,448.14,448.14,448.14,448.14,0,0
1629840345,448.14,448.14,448.14,448.14,448.14,0,0
1629840350,448.14,448.14,448.14,448.14,448.14,0,0
1629840355,448.14,448.14,448.14,448.14,448.14,0,0
1629840360,448.14,448.14,448.14,448.14,448.14,0,0
1629840365,448.14,448.14,448.14,448.14,448.14,0,0
1629840370,448.14,448.14,448.14,448.14,448.14,0,0
1629840375,448.14,448.14,448.14,448.14,448.14,0,0
1629840380,448.14,448.14,448.14,448.14,448.14,0,0
1629840385,448.14,448.14,448.14,448.14,448.14,0,0
1629840390,448.14,448.14,448.14,448.14,448.14,0,0
1629840395,448.14,448.14,448.14,448.14,448.14,0,0
1629840400,448.14,448.14,448.14,448.14,448.14,0,0
1629840405,448.14,448.14,448.14,448.14,448.14,0,0
1629840410,448.14,448.14,448.14,448.14,448.14,0,0
1629840415,448.14,448.14,448.14,448.14,448.14,0,0
1629840420,448.14,448.14,448.14,448.14,448.14,0,0
1629840425,448.14,448.14,448.14,448.14,448.14,0,0
1629840430,448.14,448.14,448.14,448.14,448.14,0,0
1629840435,448.14,448.14,448.14,448.14,448.14,0,0
1629840440,448.14,448.14,448.14,448.14,448.14,0,0
1629840445,448.14,448.14,448.14,448.14,448.14,0,0
1629840450,448.12,448.14,448.12,448.14,448.135,10,4
1629840455,448.14,448.14,448.14,448.14,448.14,0,0
1629840460,448.14,448.14,448.14,448.14,448.14,1,1
1629840465,448.14,448.14,448.14,448.14,448.14,0,0
1629840470,448.14,448.14,448.14,448.14,448.14,0,0
1629840475,448.14,448.14,448.14,448.14,448.14,0,0
1629840480,448.14,448.14,448.14,448.14,448.14,0,0
1629840485,448.14,448.14,448.14,448.14,448.14,0,0
1629840490,448.14,448.14,448.14,448.14,448.14,0,0
1629840495,448.14,448.14,448.14,448.14,448.14,0,0
1629840500,448.14,448.14,448.14,448.14,448.14,0,0
1629840505,448.14,448.14,448.14,448.14,448.14,0,0
1629840510,448.14,448.14,448.14,448.14,448.14,0,0
1629840515,448.14,448.14,448.14,448.14,448.14,0,0
1629840520,448.14,448.14,448.14,448.14,448.14,0,0
1629840525,448.14,448.14,448.14,448.14,448.14,0,0
1629840530,448.14,448.14,448.14,448.14,448.14,0,0
1629840535,448.14,448.14,448.14,448.14,448.14,0,0
1629840540,448.14,448.14,448.14,448.14,448.14,0,0
1629840545,448.14,448.14,448.14,448.14,448.14,0,0
1629840550,448.14,448.14,448.14,448.14,448.14,0,0
1629840555,448.14,448.14,448.14,448.14,448.14,0,0
1629840560,448.14,448.14,448.14,448.14,448.14,0,0
1629840565,448.11,448.11,448.11,448.11,448.11,10,6
1629840570,448.11,448.11,448.11,448.11,448.11,0,0
1629840575,448.11,448.11,448.11,448.11,448.11,0,0
1629840580,448.11,448.11,448.11,448.11,448.11,0,0
1629840585,448.11,448.11,448.11,448.11,448.11,0,0
1629840590,448.11,448.11,448.11,448.11,448.11,0,0
1629840595,448.11,448.11,448.11,448.11,448.11,0,0
1629840600,448.11,448.11,448.11,448.11,448.11,0,0
1629840605,448.11,448.11,448.11,448.11,448.11,0,0
1629840610,448.11,448.11,448.11,448.11,448.11,0,0
1629840615,448.11,448.11,448.11,448.11,448.11,0,0
1629840620,448.11,448.11,448.11,448.11,448.11,0,0
1629840625,448.11,448.11,448.11,448.11,448.11,0,0
1629840630,448.11,448.11,448.11,448.11,448.11,0,0
1629840635,448.11,448.11,448.11,448.11,448.11,0,0
1629840640,448.11,448.11,448.11,448.11,448.11,0,0
1629840645,448.11,448.11,448.11,448.11,448.11,0,0
1629840650,448.11,448.11,448.11,448.11,448.11,0,0
1629840655,448.11,448.11,448.11,448.11,448.11,0,0
1629840660,448.11,448.11,448.11,448.11,448.11,0,0
1629840665,448.11,448.11,448.11,448.11,448.11,0,0
1629840670,448.11,448.11,448.11,448.11,448.11,0,0
1629840675,448.11,448.11,448.11,448.11,448.11,0,0
1629840680,448.11,448.11,448.11,448.11,448.11,0,0
1629840685,448.11,448.11,448.11,448.11,448.11,0,0
1629840690,448.11,448.11,448.11,448.11,448.11,0,0
1629840695,448.11,448.11,448.11,448.11,448.11,0,0
1629840700,448.08,448.08,448.08,448.08,448.08,3,1
1629840705,448.08,448.08,448.08,448.08,448.08,0,0
1629840710,448.08,448.08,448.08,448.08,448.08,0,0
1629840715,448.08,448.08,448.08,448.08,448.08,0,0
1629840720,448.08,448.08,448.08,448.08,448.08,0,0
1629840725,448.08,448.08,448.08,448.08,448.08,0,0
1629840730,448.08,448.08,448.08,448.08,448.08,0,0
1629840735,448.08,448.08,448.08,448.08,448.08,0,0
1629840740,448.08,448.08,448.08,448.08,448.08,0,0
1629840745,448.08,448.08,448.08,448.08,448.08,0,0
1629840750,448.08,448.08,448.08,448.08,448.08,0,0
1629840755,448.08,448.08,448.08,448.08,448.08,0,0
1629840760,448.08,448.08,448.08,448.08,448.08,0,0
1629840765,448.08,448.08,448.08,448.08,448.08,0,0
1629840770,448.08,448.08,448.08,448.08,448.08,0,0
1629840775,448.08,448.08,448.08,448.08,448.08,0,0
1629840780,448.08,448.08,448.08,448.08,448.08,0,0
1629840785,448.08,448.08,448.08,448.08,448.08,0,0
1629840790,448.08,448.08,448.08,448.08,448.08,0,0
1629840795,448.08,448.08,448.08,448.08,448.08,0,0
1629840800,448.08,448.08,448.08,448.08,448.08,0,0
1629840805,448.08,448.08,448.08,448.08,448.08,0,0
1629840810,448.08,448.08,448.08,448.08,448.08,0,0
1629840815,448.08,448.08,448.08,448.08,448.08,0,0
1629840820,448.08,448.08,448.08,448.08,448.08,0,0
1629840825,448.08,448.08,448.08,448.08,448.08,0,0
1629840830,448.11,448.12,448.11,448.12,448.115,10,4
1629840835,448.12,448.12,448.12,448.12,448.12,0,0
1629840840,448.13,448.13,448.13,448.13,448.13,25,5
1629840845,448.13,448.13,448.13,448.13,448.13,0,0
1629840850,448.13,448.13,448.13,448.13,448.13,0,0
1629840855,448.13,448.13,448.13,448.13,448.13,0,0
1629840860,448.13,448.13,448.13,448.13,448.13,0,0
1629840865,448.13,448.13,448.13,448.13,448.13,0,0
1629840870,448.13,448.13,448.13,448.13,448.13,0,0
1629840875,448.13,448.13,448.13,448.13,448.13,0,0
1629840880,448.13,448.13,448.13,448.13,448.13,0,0
1629840885,448.13,448.13,448.13,448.13,448.13,0,0
1629840890,448.13,448.13,448.13,448.13,448.13,0,0
1629840895,448.14,448.15,448.14,448.15,448.147,26,7
1629840900,448.15,448.15,448.15,448.15,448.15,0,0
1629840905,448.15,448.15,448.15,448.15,448.15,0,0
1629840910,448.15,448.15,448.15,448.15,448.15,0,0
1629840915,448.15,448.15,448.15,448.15,448.15,0,0
1629840920,448.15,448.15,448.15,448.15,448.15,3,1
1629840925,448.15,448.15,448.15,448.15,448.15,2,1
1629840930,448.15,448.15,448.15,448.15,448.15,5,1
1629840935,448.15,448.15,448.15,448.15,448.15,0,0
1629840940,448.15,448.15,448.15,448.15,448.15,0,0
1629840945,448.15,448.15,448.15,448.15,448.15,0,0
1629840950,448.15,448.15,448.15,448.15,448.15,0,0
1629840955,448.15,448.15,448.15,448.15,448.15,0,0
1629840960,448.15,448.15,448.15,448.15,448.15,0,0
1629840965,448.16,448.16,448.16,448.16,448.16,1,1
1629840970,448.16,448.16,448.16,448.16,448.16,0,0
1629840975,448.16,448.16,448.16,448.16,448.16,0,0
1629840980,448.16,448.16,448.16,448.16,448.16,0,0
1629840985,448.16,448.16,448.16,448.16,448.16,0,0
1629840990,448.16,448.16,448.16,448.16,448.16,0,0
1629840995,448.16,448.16,448.16,448.16,448.16,0,0
1629841000,448.16,448.16,448.16,448.16,448.16,0,0
1629841005,448.16,448.16,448.16,448.16,448.16,0,0
1629841010,448.16,448.16,448.16,448.16,448.16,0,0
1629841015,448.16,448.16,448.16,448.16,448.16,0,0
1629841020,448.16,448.16,448.16,448.16,448.16,0,0
1629841025,448.16,448.16,448.16,448.16,448.16,0,0
1629841030,448.16,448.16,448.16,448.16,448.16,1,1
1629841035,448.16,448.16,448.16,448.16,448.16,0,0
1629841040,448.16,448.17,448.16,448.17,448.168,24,6
1629841045,448.17,448.17,448.17,448.17,448.17,0,0
1629841050,448.17,448.17,448.17,448.17,448.17,3,1
1629841055,448.17,448.17,448.17,448.17,448.17,0,0
1629841060,448.17,448.17,448.17,448.17,448.17,0,0
1629841065,448.17,448.17,448.17,448.17,448.17,0,0
1629841070,448.17,448.17,448.17,448.17,448.17,0,0
1629841075,448.17,448.17,448.17,448.17,448.17,0,0
1629841080,448.17,448.17,448.17,448.17,448.17,0,0
1629841085,448.17,448.17,448.17,448.17,448.17,0,0
1629841090,448.17,448.17,448.17,448.17,448.17,0,0
1629841095,448.17,448.17,448.17,448.17,448.17,0,0
1629841100,448.17,448.17,448.17,448.17,448.17,0,0
1629841105,448.17,448.17,448.17,448.17,448.17,0,0
1629841110,448.17,448.17,448.17,448.17,448.17,0,0
1629841115,448.17,448.17,448.17,448.17,448.17,0,0
1629841120,448.17,448.17,448.17,448.17,448.17,0,0
1629841125,448.17,448.17,448.17,448.17,448.17,0,0
1629841130,448.17,448.17,448.17,448.17,448.17,0,0
1629841135,448.17,448.17,448.17,448.17,448.17,0,0
1629841140,448.17,448.17,448.17,448.17,448.17,0,0
1629841145,448.17,448.17,448.17,448.17,448.17,0,0
1629841150,448.17,448.17,448.17,448.17,448.17,0,0
1629841155,448.17,448.17,448.17,448.17,448.17,0,0
1629841160,448.17,448.17,448.17,448.17,448.17,0,0
1629841165,448.17,448.17,448.17,448.17,448.17,0,0
1629841170,448.17,448.17,448.17,448.17,448.17,0,0
1629841175,448.17,448.17,448.17,448.17,448.17,0,0
1629841180,448.17,448.17,448.17,448.17,448.17,0,0
1629841185,448.17,448.17,448.17,448.17,448.17,0,0
1629841190,448.17,448.17,448.17,448.17,448.17,0,0
1629841195,448.17,448.17,448.17,448.17,448.17,0,0
1629841200,448.11,448.11,448.11,448.11,448.11,2,2
1629841205,448.11,448.11,448.11,448.11,448.11,0,0
1629841210,448.11,448.11,448.11,448.11,448.11,0,0
1629841215,448.11,448.11,448.11,448.11,448.11,0,0
1629841220,448.11,448.11,448.11,448.11,448.11,0,0
1629841225,448.11,448.11,448.11,448.11,448.11,0,0
1629841230,448.11,448.11,448.11,448.11,448.11,0,0
1629841235,448.11,448.11,448.11,448.11,448.11,0,0
1629841240,448.11,448.11,448.11,448.11,448.11,0,0
1629841245,448.11,448.11,448.11,448.11,448.11,0,0
1629841250,448.11,448.11,448.11,448.11,448.11,0,0
1629841255,448.11,448.11,448.11,448.11,448.11,0,0
1629841260,448.11,448.11,448.11,448.11,448.11,0,0
1629841265,448.11,448.11,448.11,448.11,448.11,0,0
1629841270,448.11,448.11,448.11,448.11,448.11,0,0
1629841275,448.11,448.11,448.11,448.11,448.11,0,0
1629841280,448.11,448.11,448.11,448.11,448.11,0,0
1629841285,448.11,448.11,448.11,448.11,448.11,1,1
1629841290,448.11,448.11,448.11,448.11,448.11,0,0
1629841295,448.11,448.11,448.11,448.11,448.11,0,0
1629841300,448.11,448.11,448.11,448.11,448.11,0,0
1629841305,448.11,448.11,448.11,448.11,448.11,0,0
1629841310,448.11,448.11,448.11,448.11,448.11,0,0
1629841315,448.11,448.11,448.11,448.11,448.11,0,0
1629841320,448.11,448.11,448.11,448.11,448.11,0,0
1629841325,448.11,448.11,448.11,448.11,448.11,0,0
1629841330,448.11,448.11,448.11,448.11,448.11,0,0
1629841335,448.11,448.11,448.11,448.11,448.11,0,0
1629841340,448.11,448.11,448.11,448.11,448.11,0,0
1629841345,448.11,448.11,448.11,448.11,448.11,0,0
1629841350,448.11,448.11,448.11,448.11,448.11,0,0
1629841355,448.11,448.11,448.11,448.11,448.11,0,0
1629841360,448.11,448.11,448.11,448.11,448.11,0,0
1629841365,448.11,448.11,448.11,448.11,448.11,0,0
1629841370,448.11,448.11,448.11,448.11,448.11,0,0
1629841375,448.11,448.11,448.11,448.11,448.11,0,0
1629841380,448.11,448.11,448.11,448.11,448.11,0,0
1629841385,448.11,448.11,448.11,448.11,448.11,0,0
1629841390,448.11,448.11,448.11,448.11,448.11,0,0
1629841395,448.11,448.11,448.11,448.11,448.11,0,0
1629841400,448.11,448.11,448.11,448.11,448.11,0,0
1629841405,448.11,448.11,448.11,448.11,448.11,0,0
1629841410,448.11,448.11,448.11,448.11,448.11,0,0
1629841415,448.11,448.11,448.11,448.11,448.11,0,0
1629841420,448.12,448.12,448.12,448.12,448.12,1,1
1629841425,448.12,448.12,448.12,448.12,448.12,0,0
1629841430,448.12,448.12,448.12,448.12,448.12,0,0
1629841435,448.12,448.12,448.12,448.12,448.12,0,0
1629841440,448.12,448.12,448.12,448.12,448.12,0,0
1629841445,448.12,448.12,448.12,448.12,448.12,0,0
1629841450,448.12,448.12,448.12,448.12,448.12,0,0
1629841455,448.12,448.14,448.12,448.14,448.129,5,2
1629841460,448.15,448.15,448.15,448.15,448.15,1,1
1629841465,448.15,448.15,448.15,448.15,448.15,0,0
1629841470,448.15,448.15,448.15,448.15,448.15,0,0
1629841475,448.15,448.15,448.15,448.15,448.15,0,0
1629841480,448.15,448.15,448.15,448.15,448.15,0,0
1629841485,448.15,448.15,448.15,448.15,448.15,0,0
1629841490,448.15,448.15,448.15,448.15,448.15,0,0
1629841495,448.15,448.15,448.15,448.15,448.15,0,0
1629841500,448.15,448.15,448.15,448.15,448.15,0,0
1629841505,448.15,448.15,448.15,448.15,448.15,0,0
1629841510,448.15,448.15,448.15,448.15,448.15,0,0
1629841515,448.15,448.15,448.15,448.15,448.15,0,0
1629841520,448.15,448.15,448.15,448.15,448.15,0,0
1629841525,448.15,448.15,448.15,448.15,448.15,0,0
1629841530,448.15,448.15,448.15,448.15,448.15,0,0
1629841535,448.15,448.15,448.15,448.15,448.15,0,0
1629841540,448.15,448.15,448.15,448.15,448.15,0,0
1629841545,448.15,448.15,448.15,448.15,448.15,0,0
1629841550,448.15,448.15,448.15,448.15,448.15,0,0
1629841555,448.15,448.15,448.15,448.15,448.15,0,0
1629841560,448.15,448.15,448.15,448.15,448.15,1,1
1629841565,448.15,448.15,448.15,448.15,448.15,0,0
1629841570,448.15,448.15,448.15,448.15,448.15,0,0
1629841575,448.15,448.15,448.15,448.15,448.15,0,0
1629841580,448.15,448.15,448.15,448.15,448.15,0,0
1629841585,448.15,448.15,448.15,448.15,448.15,0,0
1629841590,448.15,448.15,448.15,448.15,448.15,0,0
1629841595,448.15,448.15,448.15,448.15,448.15,0,0
1629841600,448.15,448.15,448.15,448.15,448.15,0,0
1629841605,448.15,448.15,448.15,448.15,448.15,0,0
1629841610,448.15,448.15,448.15,448.15,448.15,0,0
1629841615,448.15,448.15,448.15,448.15,448.15,0,0
1629841620,448.15,448.15,448.15,448.15,448.15,0,0
1629841625,448.15,448.15,448.15,448.15,448.15,0,0
1629841630,448.15,448.15,448.15,448.15,448.15,0,0
1629841635,448.15,448.15,448.15,448.15,448.15,0,0
1629841640,448.15,448.15,448.15,448.15,448.15,0,0
1629841645,448.15,448.15,448.15,448.15,448.15,0,0
1629841650,448.15,448.15,448.15,448.15,448.15,0,0
1629841655,448.15,448.15,448.15,448.15,448.15,0,0
1629841660,448.15,448.15,448.15,448.15,448.15,0,0
1629841665,448.15,448.15,448.15,448.15,448.15,0,0
1629841670,448.15,448.15,448.15,448.15,448.15,0,0
1629841675,448.15,448.15,448.15,448.15,448.15,0,0
1629841680,448.15,448.15,448.15,448.15,448.15,0,0
1629841685,448.15,448.15,448.15,448.15,448.15,0,0
1629841690,448.15,448.15,448.15,448.15,448.15,0,0
1629841695,448.15,448.15,448.15,448.15,448.15,9,2
1629841700,448.15,448.15,448.15,448.15,448.15,0,0
1629841705,448.15,448.15,448.15,448.15,448.15,0,0
1629841710,448.15,448.15,448.15,448.15,448.15,0,0
1629841715,448.15,448.15,448.15,448.15,448.15,0,0
1629841720,448.15,448.15,448.15,448.15,448.15,0,0
1629841725,448.15,448.15,448.15,448.15,448.15,0,0
1629841730,448.15,448.15,448.15,448.15,448.15,0,0
1629841735,448.15,448.15,448.15,448.15,448.15,0,0
1629841740,448.15,448.15,448.15,448.15,448.15,0,0
1629841745,448.15,448.15,448.15,448.15,448.15,0,0
1629841750,448.15,448.15,448.15,448.15,448.15,0,0
1629841755,448.11,448.11,448.11,448.11,448.11,1,1
1629841760,448.11,448.11,448.11,448.11,448.11,0,0
1629841765,448.11,448.11,448.11,448.11,448.11,0,0
1629841770,448.11,448.11,448.11,448.11,448.11,0,0
1629841775,448.11,448.11,448.11,448.11,448.11,0,0
1629841780,448.11,448.11,448.11,448.11,448.11,0,0
1629841785,448.11,448.11,448.11,448.11,448.11,0,0
1629841790,448.14,448.14,448.14,448.14,448.14,3,1
1629841795,448.14,448.14,448.14,448.14,448.14,0,0
1629841800,448.14,448.14,448.14,448.14,448.14,0,0
1629841805,448.14,448.14,448.14,448.14,448.14,0,0
1629841810,448.14,448.14,448.14,448.14,448.14,0,0
1629841815,448.14,448.14,448.14,448.14,448.14,0,0
1629841820,448.14,448.14,448.14,448.14,448.14,0,0
1629841825,448.14,448.14,448.14,448.14,448.14,0,0
1629841830,448.14,448.14,448.14,448.14,448.14,0,0
1629841835,448.14,448.14,448.14,448.14,448.14,0,0
1629841840,448.14,448.14,448.14,448.14,448.14,0,0
1629841845,448.14,448.14,448.14,448.14,448.14,0,0
1629841850,448.14,448.14,448.14,448.14,448.14,0,0
1629841855,448.14,448.14,448.14,448.14,448.14,0,0
1629841860,448.14,448.14,448.14,448.14,448.14,0,0
1629841865,448.14,448.14,448.14,448.14,448.14,0,0
1629841870,448.14,448.14,448.14,448.14,448.14,0,0
1629841875,448.14,448.14,448.14,448.14,448.14,0,0
1629841880,448.14,448.14,448.14,448.14,448.14,0,0
1629841885,448.14,448.14,448.14,448.14,448.14,0,0
1629841890,448.14,448.14,448.14,448.14,448.14,0,0
1629841895,448.14,448.14,448.14,448.14,448.14,0,0
1629841900,448.14,448.14,448.14,448.14,448.14,0,0
1629841905,448.14,448.14,448.14,448.14,448.14,0,0
1629841910,448.14,448.14,448.14,448.14,448.14,0,0
1629841915,448.14,448.14,448.14,448.14,448.14,0,0
1629841920,448.14,448.14,448.14,448.14,448.14,0,0
1629841925,448.14,448.14,448.14,448.14,448.14,0,0
1629841930,448.14,448.14,448.14,448.14,448.14,0,0
1629841935,448.14,448.14,448.14,448.14,448.14,0,0
1629841940,448.14,448.14,448.14,448.14,448.14,0,0
1629841945,448.14,448.14,448.14,448.14,448.14,0,0
1629841950,448.14,448.14,448.14,448.14,448.14,0,0
1629841955,448.14,448.14,448.14,448.14,448.14,0,0
1629841960,448.14,448.14,448.14,448.14,448.14,0,0
1629841965,448.14,448.14,448.14,448.14,448.14,0,0
1629841970,448.14,448.14,448.14,448.14,448.14,0,0
1629841975,448.14,448.14,448.14,448.14,448.14,0,0
1629841980,448.14,448.14,448.14,448.14,448.14,0,0
1629841985,448.14,448.14,448.14,448.14,448.14,0,0
1629841990,448.14,448.14,448.14,448.14,448.14,0,0
1629841995,448.14,448.14,448.14,448.14,448.14,0,0
1629842000,448.14,448.14,448.14,448.14,448.14,0,0
1629842005,448.14,448.14,448.14,448.14,448.14,0,0
1629842010,448.14,448.14,448.14,448.14,448.14,0,0
1629842015,448.14,448.14,448.14,448.14,448.14,0,0
1629842020,448.14,448.14,448.14,448.14,448.14,0,0
1629842025,448.14,448.14,448.14,448.14,448.14,0,0
1629842030,448.14,448.14,448.14,448.14,448.14,0,0
1629842035,448.14,448.14,448.14,448.14,448.14,0,0
1629842040,448.14,448.14,448.14,448.14,448.14,0,0
1629842045,448.14,448.14,448.14,448.14,448.14,0,0
1629842050,448.14,448.14,448.14,448.14,448.14,0,0
1629842055,448.14,448.14,448.14,448.14,448.14,0,0
1629842060,448.14,448.14,448.14,448.14,448.14,0,0
1629842065,448.14,448.14,448.14,448.14,448.14,0,0
1629842070,448.14,448.14,448.14,448.14,448.14,0,0
1629842075,448.14,448.14,448.14,448.14,448.14,0,0
1629842080,448.14,448.14,448.14,448.14,448.14,0,0
1629842085,448.14,448.14,448.14,448.14,448.14,0,0
1629842090,448.14,448.14,448.14,448.14,448.14,0,0
1629842095,448.14,448.14,448.14,448.14,448.14,0,0
1629842100,448.14,448.14,448.14,448.14,448.14,0,0
1629842105,448.14,448.14,448.14,448.14,448.14,0,0
1629842110,448.14,448.14,448.14,448.14,448.14,0,0
1629842115,448.14,448.14,448.14,448.14,448.14,0,0
1629842120,448.14,448.14,448.14,448.14,448.14,0,0
1629842125,448.14,448.14,448.14,448.14,448.14,0,0
1629842130,448.1,448.1,448.1,448.1,448.1,2,2
1629842135,448.1,448.1,448.1,448.1,448.1,0,0
1629842140,448.1,448.1,448.1,448.1,448.1,0,0
1629842145,448.1,448.1,448.1,448.1,448.1,0,0
1629842150,448.1,448.1,448.1,448.1,448.1,0,0
1629842155,448.1,448.1,448.1,448.1,448.1,0,0
1629842160,448.1,448.1,448.1,448.1,448.1,0,0
1629842165,448.1,448.1,448.1,448.1,448.1,0,0
1629842170,448.1,448.1,448.1,448.1,448.1,0,0
1629842175,448.1,448.1,448.1,448.1,448.1,0,0
1629842180,448.1,448.1,448.1,448.1,448.1,0,0
1629842185,448.1,448.1,448.1,448.1,448.1,0,0
1629842190,448.1,448.1,448.1,448.1,448.1,0,0
1629842195,448.1,448.1,448.1,448.1,448.1,0,0
1629842200,448.1,448.1,448.1,448.1,448.1,0,0
1629842205,448.14,448.14,448.14,448.14,448.14,7,4
1629842210,448.14,448.14,448.14,448.14,448.14,0,0
1629842215,448.14,448.14,448.14,448.14,448.14,0,0
1629842220,448.14,448.14,448.14,448.14,448.14,0,0
1629842225,448.14,448.14,448.14,448.14,448.14,0,0
1629842230,448.14,448.14,448.14,448.14,448.14,0,0
1629842235,448.14,448.14,448.14,448.14,448.14,0,0
1629842240,448.14,448.14,448.14,448.14,448.14,0,0
1629842245,448.14,448.14,448.14,448.14,448.14,0,0
1629842250,448.14,448.14,448.14,448.14,448.14,0,0
1629842255,448.14,448.14,448.14,448.14,448.14,0,0
1629842260,448.14,448.14,448.14,448.14,448.14,0,0
1629842265,448.14,448.14,448.14,448.14,448.14,0,0
1629842270,448.14,448.14,448.14,448.14,448.14,0,0
1629842275,448.14,448.14,448.14,448.14,448.14,0,0
1629842280,448.14,448.14,448.14,448.14,448.14,0,0
1629842285,448.14,448.14,448.14,448.14,448.14,0,0
1629842290,448.14,448.14,448.14,448.14,448.14,0,0
1629842295,448.14,448.14,448.14,448.14,448.14,0,0
1629842300,448.14,448.14,448.14,448.14,448.14,0,0
1629842305,448.11,448.11,448.11,448.11,448.11,2,1
1629842310,448.11,448.11,448.11,448.11,448.11,0,0
1629842315,448.11,448.11,448.11,448.11,448.11,0,0
1629842320,448.13,448.13,448.13,448.13,448.13,2,1
1629842325,448.13,448.13,448.13,448.13,448.13,0,0
1629842330,448.13,448.13,448.13,448.13,448.13,0,0
1629842335,448.13,448.13,448.13,448.13,448.13,0,0
1629842340,448.13,448.13,448.13,448.13,448.13,0,0
1629842345,448.13,448.13,448.13,448.13,448.13,0,0
1629842350,448.13,448.13,448.13,448.13,448.13,0,0
1629842355,448.13,448.13,448.13,448.13,448.13,0,0
1629842360,448.13,448.13,448.13,448.13,448.13,0,0
1629842365,448.13,448.13,448.13,448.13,448.13,0,0
1629842370,448.11,448.11,448.11,448.11,448.11,2,1
1629842375,448.11,448.11,448.11,448.11,448.11,0,0
1629842380,448.1,448.1,448.1,448.1,448.1,8,4
1629842385,448.1,448.1,448.1,448.1,448.1,0,0
1629842390,448.1,448.1,448.1,448.1,448.1,0,0
1629842395,448.1,448.1,448.1,448.1,448.1,0,0
1629842400,448.1,448.1,448.06,448.09,448.08,195,69
1629842405,448.08,448.08,448.06,448.06,448.074,76,22
1629842410,448.05,448.07,448.05,448.07,448.064,76,20
1629842415,448.08,448.08,448.08,448.08,448.08,5,2
1629842420,448.08,448.08,448.08,448.08,448.08,10,3
1629842425,448.08,448.08,448.08,448.08,448.08,0,0
1629842430,448.08,448.08,448.08,448.08,448.08,0,0
1629842435,448.09,448.09,448.09,448.09,448.09,6,2
1629842440,448.09,448.09,448.09,448.09,448.09,0,0
1629842445,448.09,448.09,448.09,448.09,448.09,0,0
1629842450,448.12,448.12,448.12,448.12,448.12,5,1
1629842455,448.12,448.12,448.12,448.12,448.12,5,1
1629842460,448.12,448.12,448.12,448.12,448.12,0,0
1629842465,448.12,448.12,448.12,448.12,448.12,0,0
1629842470,448.12,448.12,448.12,448.12,448.12,0,0
1629842475,448.12,448.12,448.12,448.12,448.12,0,0
1629842480,448.11,448.11,448.11,448.11,448.11,5,2
1629842485,448.11,448.11,448.11,448.11,448.11,0,0
1629842490,448.1,448.1,448.08,448.08,448.087,34,10
1629842495,448.08,448.08,448.08,448.08,448.08,1,1
1629842500,448.08,448.08,448.08,448.08,448.08,0,0
1629842505,448.09,448.09,448.08,448.08,448.081,12,7
1629842510,448.08,448.08,448.08,448.08,448.08,0,0
1629842515,448.08,448.08,448.08,448.08,448.08,0,0
1629842520,448.07,448.07,448.07,448.07,448.07,4,4
1629842525,448.06,448.06,448.06,448.06,448.06,5,1
1629842530,448.06,448.06,448.06,448.06,448.06,5,2
1629842535,448.06,448.06,448.06,448.06,448.06,0,0
1629842540,448.06,448.06,448.06,448.06,448.06,0,0
1629842545,448.06,448.06,448.06,448.06,448.06,0,0
1629842550,448.06,448.06,448.06,448.06,448.06,0,0
1629842555,448.06,448.06,448.06,448.06,448.06,0,0
1629842560,448.05,448.05,448.05,448.05,448.05,39,12
1629842565,448.05,448.05,448.05,448.05,448.05,0,0
1629842570,448.05,448.05,448.05,448.05,448.05,0,0
1629842575,448.05,448.05,448.05,448.05,448.05,7,3
1629842580,448.05,448.05,448.05,448.05,448.05,0,0
1629842585,448.05,448.05,448.05,448.05,448.05,14,5
1629842590,448.05,448.05,448.05,448.05,448.05,0,0
1629842595,448.05,448.05,448.05,448.05,448.05,0,0
1629842600,448.03,448.03,448.03,448.03,448.03,6,2
1629842605,448.01,448.01,448.01,448.01,448.01,1,1
1629842610,448.01,448.01,448.01,448.01,448.01,0,0
1629842615,448.01,448.01,448.01,448.01,448.01,0,0
1629842620,448.02,448.02,448.01,448.01,448.012,11,5
1629842625,448.01,448.01,448.01,448.01,448.01,0,0
1629842630,448.01,448.01,448.01,448.01,448.01,0,0
1629842635,448.0,448.0,448.0,448.0,448.0,3,1
1629842640,448.0,448.0,448.0,448.0,448.0,4,2
1629842645,448.0,448.0,448.0,448.0,448.0,2,1
1629842650,448.0,448.0,448.0,448.0,448.0,0,0
1629842655,448.0,448.0,448.0,448.0,448.0,0,0
1629842660,448.0,448.0,448.0,448.0,448.0,0,0
1629842665,448.0,448.0,448.0,448.0,448.0,0,0
1629842670,448.0,448.0,448.0,448.0,448.0,0,0
1629842675,448.0,448.0,448.0,448.0,448.0,0,0
1629842680,448.0,448.0,448.0,448.0,448.0,0,0
1629842685,448.0,448.0,448.0,448.0,448.0,0,0
1629842690,448.0,448.0,448.0,448.0,448.0,0,0
1629842695,448.0,448.0,448.0,448.0,448.0,0,0
1629842700,448.0,448.0,448.0,448.0,448.0,0,0
1629842705,448.0,448.0,448.0,448.0,448.0,0,0
1629842710,448.0,448.0,448.0,448.0,448.0,0,0
1629842715,448.0,448.0,448.0,448.0,448.0,0,0
1629842720,448.0,448.0,448.0,448.0,448.0,0,0
1629842725,448.0,448.0,448.0,448.0,448.0,0,0
1629842730,448.0,448.0,448.0,448.0,448.0,0,0
1629842735,448.0,448.0,448.0,448.0,448.0,0,0
1629842740,448.0,448.0,448.0,448.0,448.0,0,0
1629842745,448.0,448.0,448.0,448.0,448.0,0,0
1629842750,448.0,448.0,448.0,448.0,448.0,0,0
1629842755,448.0,448.0,448.0,448.0,448.0,0,0
1629842760,448.0,448.0,448.0,448.0,448.0,0,0
1629842765,448.0,448.0,448.0,448.0,448.0,0,0
1629842770,448.0,448.0,448.0,448.0,448.0,0,0
1629842775,448.0,448.0,448.0,448.0,448.0,0,0
1629842780,448.0,448.0,448.0,448.0,448.0,0,0
1629842785,448.0,448.0,448.0,448.0,448.0,0,0
1629842790,448.0,448.0,448.0,448.0,448.0,0,0
1629842795,448.0,448.0,448.0,448.0,448.0,0,0
1629842800,448.0,448.0,448.0,448.0,448.0,0,0
1629842805,448.0,448.0,448.0,448.0,448.0,0,0
1629842810,448.0,448.0,448.0,448.0,448.0,0,0
1629842815,448.0,448.0,448.0,448.0,448.0,0,0
1629842820,448.0,448.0,448.0,448.0,448.0,0,0
1629842825,448.0,448.0,448.0,448.0,448.0,0,0
1629842830,448.0,448.0,448.0,448.0,448.0,0,0
1629842835,448.0,448.0,448.0,448.0,448.0,0,0
1629842840,448.05,448.05,448.05,448.05,448.05,4,1
1629842845,448.06,448.06,448.06,448.06,448.06,10,4
1629842850,448.06,448.06,448.06,448.06,448.06,0,0
1629842855,448.06,448.06,448.06,448.06,448.06,0,0
1629842860,448.06,448.06,448.06,448.06,448.06,0,0
1629842865,448.06,448.06,448.06,448.06,448.06,0,0
1629842870,448.06,448.06,448.06,448.06,448.06,0,0
1629842875,448.06,448.06,448.06,448.06,448.06,0,0
1629842880,448.06,448.06,448.06,448.06,448.06,0,0
1629842885,448.06,448.06,448.06,448.06,448.06,0,0
1629842890,448.06,448.06,448.06,448.06,448.06,0,0
1629842895,448.06,448.06,448.06,448.06,448.06,0,0
1629842900,448.06,448.06,448.06,448.06,448.06,0,0
1629842905,448.06,448.06,448.06,448.06,448.06,0,0
1629842910,448.06,448.06,448.06,448.06,448.06,0,0
1629842915,448.06,448.06,448.06,448.06,448.06,0,0
1629842920,448.06,448.06,448.06,448.06,448.06,0,0
1629842925,448.06,448.06,448.06,448.06,448.06,0,0
1629842930,448.06,448.06,448.06,448.06,448.06,0,0
1629842935,448.06,448.06,448.06,448.06,448.06,0,0
1629842940,448.06,448.06,448.06,448.06,448.06,0,0
1629842945,448.06,448.06,448.06,448.06,448.06,0,0
1629842950,448.06,448.06,448.06,448.06,448.06,0,0
1629842955,448.06,448.06,448.06,448.06,448.06,0,0
1629842960,448.06,448.06,448.06,448.06,448.06,0,0
1629842965,448.06,448.06,448.06,448.06,448.06,0,0
1629842970,448.06,448.06,448.06,448.06,448.06,0,0
1629842975,448.06,448.06,448.06,448.06,448.06,0,0
1629842980,448.06,448.06,448.06,448.06,448.06,0,0
1629842985,448.06,448.06,448.06,448.06,448.06,0,0
1629842990,448.06,448.06,448.06,448.06,448.06,0,0
1629842995,448.06,448.06,448.06,448.06,448.06,0,0
1629843000,448.06,448.06,448.06,448.06,448.06,0,0
1629843005,448.06,448.06,448.06,448.06,448.06,0,0
1629843010,448.06,448.06,448.06,448.06,448.06,0,0
1629843015,448.06,448.06,448.06,448.06,448.06,0,0
1629843020,448.06,448.06,448.06,448.06,448.06,0,0
1629843025,448.06,448.06,448.06,448.06,448.06,0,0
1629843030,448.06,448.06,448.06,448.06,448.06,0,0
1629843035,448.06,448.06,448.06,448.06,448.06,0,0
1629843040,448.06,448.06,448.06,448.06,448.06,0,0
1629843045,448.06,448.06,448.06,448.06,448.06,0,0
1629843050,448.06,448.06,448.06,448.06,448.06,0,0
1629843055,448.06,448.06,448.06,448.06,448.06,0,0
1629843060,448.06,448.06,448.06,448.06,448.06,0,0
1629843065,448.06,448.06,448.06,448.06,448.06,0,0
1629843070,448.06,448.06,448.06,448.06,448.06,2,2
1629843075,448.06,448.06,448.06,448.06,448.06,0,0
1629843080,448.06,448.06,448.06,448.06,448.06,0,0
1629843085,448.06,448.06,448.06,448.06,448.06,0,0
1629843090,448.06,448.06,448.06,448.06,448.06,0,0
1629843095,448.06,448.06,448.06,448.06,448.06,0,0
1629843100,448.06,448.06,448.06,448.06,448.06,0,0
1629843105,448.06,448.06,448.06,448.06,448.06,0,0
1629843110,448.06,448.06,448.06,448.06,448.06,0,0
1629843115,448.06,448.06,448.06,448.06,448.06,0,0
1629843120,448.06,448.06,448.06,448.06,448.06,0,0
1629843125,448.06,448.06,448.06,448.06,448.06,0,0
1629843130,448.06,448.06,448.06,448.06,448.06,0,0
1629843135,448.06,448.06,448.06,448.06,448.06,0,0
1629843140,448.05,448.05,448.05,448.05,448.05,5,2
1629843145,448.05,448.05,448.05,448.05,448.05,0,0
1629843150,448.05,448.05,448.05,448.05,448.05,0,0
1629843155,448.05,448.05,448.05,448.05,448.05,0,0
1629843160,448.05,448.05,448.05,448.05,448.05,0,0
1629843165,448.05,448.05,448.05,448.05,448.05,0,0
1629843170,448.05,448.05,448.05,448.05,448.05,0,0
1629843175,448.05,448.05,448.05,448.05,448.05,0,0
1629843180,448.05,448.05,448.05,448.05,448.05,0,0
1629843185,448.05,448.05,448.05,448.05,448.05,0,0
1629843190,448.05,448.05,448.05,448.05,448.05,0,0
1629843195,448.05,448.05,448.05,448.05,448.05,0,0
1629843200,448.05,448.05,448.05,448.05,448.05,0,0
1629843205,448.05,448.05,448.05,448.05,448.05,0,0
1629843210,448.05,448.05,448.05,448.05,448.05,0,0
1629843215,448.05,448.05,448.05,448.05,448.05,0,0
1629843220,448.05,448.05,448.05,448.05,448.05,0,0
1629843225,448.05,448.05,448.05,448.05,448.05,0,0
1629843230,448.05,448.05,448.05,448.05,448.05,0,0
1629843235,448.05,448.05,448.05,448.05,448.05,0,0
1629843240,448.05,448.05,448.05,448.05,448.05,0,0
1629843245,448.05,448.05,448.05,448.05,448.05,0,0
1629843250,448.05,448.05,448.05,448.05,448.05,0,0
1629843255,448.05,448.05,448.05,448.05,448.05,0,0
1629843260,448.05,448.05,448.05,448.05,448.05,0,0
1629843265,448.05,448.05,448.05,448.05,448.05,0,0
1629843270,448.04,448.04,448.04,448.04,448.04,1,1
1629843275,448.04,448.04,448.04,448.04,448.04,0,0
1629843280,448.04,448.04,448.04,448.04,448.04,0,0
1629843285,448.04,448.04,448.04,448.04,448.04,0,0
1629843290,448.04,448.04,448.04,448.04,448.04,0,0
1629843295,448.04,448.04,448.04,448.04,448.04,0,0
1629843300,448.04,448.04,448.04,448.04,448.04,0,0
1629843305,448.04,448.04,448.04,448.04,448.04,0,0
1629843310,448.04,448.04,448.04,448.04,448.04,0,0
1629843315,448.04,448.04,448.04,448.04,448.04,0,0
1629843320,448.04,448.04,448.04,448.04,448.04,0,0
1629843325,448.04,448.04,448.04,448.04,448.04,0,0
1629843330,448.04,448.04,448.04,448.04,448.04,0,0
1629843335,448.04,448.04,448.04,448.04,448.04,0,0
1629843340,448.04,448.04,448.04,448.04,448.04,0,0
1629843345,448.04,448.04,448.04,448.04,448.04,0,0
1629843350,448.04,448.04,448.04,448.04,448.04,0,0
1629843355,448.04,448.04,448.04,448.04,448.04,0,0
1629843360,448.04,448.04,448.04,448.04,448.04,0,0
1629843365,448.04,448.04,448.04,448.04,448.04,0,0
1629843370,448.05,448.05,448.03,448.03,448.035,4,2
1629843375,448.03,448.03,448.03,448.03,448.03,0,0
1629843380,448.03,448.03,448.03,448.03,448.03,0,0
1629843385,448.03,448.03,448.03,448.03,448.03,0,0
1629843390,448.03,448.03,448.03,448.03,448.03,0,0
1629843395,448.03,448.03,448.03,448.03,448.03,0,0
1629843400,448.03,448.03,448.03,448.03,448.03,0,0
1629843405,448.03,448.03,448.03,448.03,448.03,0,0
1629843410,448.03,448.03,448.03,448.03,448.03,0,0
1629843415,448.03,448.03,448.03,448.03,448.03,0,0
1629843420,448.03,448.03,448.03,448.03,448.03,0,0
1629843425,448.03,448.03,448.03,448.03,448.03,0,0
1629843430,448.03,448.03,448.03,448.03,448.03,0,0
1629843435,448.03,448.03,448.03,448.03,448.03,0,0
1629843440,448.07,448.07,448.07,448.07,448.07,1,1
1629843445,448.07,448.07,448.07,448.07,448.07,0,0
1629843450,448.07,448.07,448.07,448.07,448.07,0,0
1629843455,448.07,448.07,448.07,448.07,448.07,0,0
1629843460,448.07,448.07,448.07,448.07,448.07,0,0
1629843465,448.07,448.07,448.07,448.07,448.07,0,0
1629843470,448.07,448.07,448.07,448.07,448.07,0,0
1629843475,448.07,448.07,448.07,448.07,448.07,0,0
1629843480,448.07,448.07,448.07,448.07,448.07,0,0
1629843485,448.07,448.07,448.07,448.07,448.07,0,0
1629843490,448.07,448.07,448.07,448.07,448.07,0,0
1629843495,448.07,448.07,448.07,448.07,448.07,0,0
1629843500,448.07,448.07,448.07,448.07,448.07,0,0
1629843505,448.07,448.07,448.07,448.07,448.07,0,0
1629843510,448.07,448.07,448.07,448.07,448.07,0,0
1629843515,448.07,448.07,448.07,448.07,448.07,0,0
1629843520,448.07,448.07,448.07,448.07,448.07,0,0
1629843525,448.07,448.07,448.07,448.07,448.07,0,0
1629843530,448.07,448.07,448.07,448.07,448.07,0,0
1629843535,448.07,448.07,448.07,448.07,448.07,0,0
1629843540,448.07,448.07,448.07,448.07,448.07,0,0
1629843545,448.07,448.07,448.07,448.07,448.07,0,0
1629843550,448.07,448.07,448.07,448.07,448.07,0,0
1629843555,448.07,448.07,448.07,448.07,448.07,0,0
1629843560,448.07,448.07,448.07,448.07,448.07,0,0
1629843565,448.07,448.07,448.07,448.07,448.07,0,0
1629843570,448.07,448.07,448.07,448.07,448.07,0,0
1629843575,448.07,448.07,448.07,448.07,448.07,0,0
1629843580,448.07,448.07,448.07,448.07,448.07,1,1
1629843585,448.07,448.07,448.07,448.07,448.07,0,0
1629843590,448.07,448.07,448.07,448.07,448.07,0,0
1629843595,448.07,448.07,448.07,448.07,448.07,0,0
1629843600,448.07,448.07,448.07,448.07,448.07,0,0
1629843605,448.07,448.07,448.07,448.07,448.07,0,0
1629843610,448.07,448.07,448.07,448.07,448.07,0,0
1629843615,448.07,448.07,448.07,448.07,448.07,0,0
1629843620,448.07,448.07,448.07,448.07,448.07,0,0
1629843625,448.07,448.07,448.07,448.07,448.07,0,0
1629843630,448.07,448.07,448.07,448.07,448.07,0,0
1629843635,448.07,448.07,448.07,448.07,448.07,0,0
1629843640,448.07,448.07,448.07,448.07,448.07,0,0
1629843645,448.07,448.07,448.07,448.07,448.07,0,0
1629843650,448.07,448.07,448.07,448.07,448.07,0,0
1629843655,448.06,448.06,448.06,448.06,448.06,1,1
1629843660,448.06,448.06,448.06,448.06,448.06,0,0
1629843665,448.06,448.06,448.06,448.06,448.06,0,0
1629843670,448.06,448.06,448.06,448.06,448.06,0,0
1629843675,448.06,448.06,448.06,448.06,448.06,0,0
1629843680,448.06,448.06,448.06,448.06,448.06,0,0
1629843685,448.06,448.06,448.06,448.06,448.06,0,0
1629843690,448.06,448.06,448.06,448.06,448.06,0,0
1629843695,448.06,448.06,448.06,448.06,448.06,0,0
1629843700,448.06,448.06,448.06,448.06,448.06,0,0
1629843705,448.06,448.06,448.06,448.06,448.06,0,0
1629843710,448.06,448.06,448.06,448.06,448.06,0,0
1629843715,448.05,448.05,448.05,448.05,448.05,1,1
1629843720,448.05,448.05,448.05,448.05,448.05,0,0
1629843725,448.05,448.05,448.05,448.05,448.05,0,0
1629843730,448.05,448.05,448.05,448.05,448.05,0,0
1629843735,448.05,448.05,448.05,448.05,448.05,0,0
1629843740,448.05,448.05,448.05,448.05,448.05,0,0
1629843745,448.05,448.05,448.05,448.05,448.05,0,0
1629843750,448.05,448.05,448.05,448.05,448.05,0,0
1629843755,448.05,448.05,448.05,448.05,448.05,0,0
1629843760,448.05,448.05,448.05,448.05,448.05,0,0
1629843765,448.05,448.05,448.05,448.05,448.05,0,0
1629843770,448.05,448.05,448.05,448.05,448.05,0,0
1629843775,448.05,448.05,448.05,448.05,448.05,0,0
1629843780,448.05,448.05,448.05,448.05,448.05,0,0
1629843785,448.04,448.04,448.03,448.03,448.037,7,6
1629843790,448.03,448.03,448.03,448.03,448.03,0,0
1629843795,448.03,448.03,448.03,448.03,448.03,0,0
1629843800,448.03,448.03,448.03,448.03,448.03,0,0
1629843805,448.03,448.03,448.03,448.03,448.03,0,0
1629843810,448.03,448.03,448.03,448.03,448.03,0,0
1629843815,448.03,448.03,448.03,448.03,448.03,0,0
1629843820,448.03,448.03,448.03,448.03,448.03,0,0
1629843825,448.03,448.03,448.03,448.03,448.03,0,0
1629843830,448.03,448.03,448.03,448.03,448.03,0,0
1629843835,448.03,448.03,448.03,448.03,448.03,0,0
1629843840,448.03,448.03,448.03,448.03,448.03,0,0
1629843845,448.03,448.03,448.03,448.03,448.03,0,0
1629843850,448.03,448.03,448.03,448.03,448.03,0,0
1629843855,448.03,448.03,448.03,448.03,448.03,0,0
1629843860,448.03,448.03,448.03,448.03,448.03,0,0
1629843865,448.03,448.03,448.03,448.03,448.03,0,0
1629843870,448.03,448.03,448.03,448.03,448.03,0,0
1629843875,448.03,448.03,448.03,448.03,448.03,0,0
1629843880,448.03,448.03,448.03,448.03,448.03,0,0
1629843885,448.04,448.04,448.04,448.04,448.04,1,1
1629843890,448.04,448.04,448.04,448.04,448.04,0,0
1629843895,448.04,448.04,448.04,448.04,448.04,0,0
1629843900,448.04,448.04,448.04,448.04,448.04,0,0
1629843905,448.04,448.04,448.04,448.04,448.04,0,0
1629843910,448.04,448.04,448.04,448.04,448.04,0,0
1629843915,448.04,448.04,448.04,448.04,448.04,0,0
1629843920,448.04,448.04,448.04,448.04,448.04,0,0
1629843925,448.04,448.04,448.04,448.04,448.04,0,0
1629843930,448.04,448.04,448.04,448.04,448.04,0,0
1629843935,448.04,448.04,448.04,448.04,448.04,0,0
1629843940,448.04,448.04,448.04,448.04,448.04,0,0
1629843945,448.04,448.04,448.04,448.04,448.04,0,0
1629843950,448.04,448.04,448.04,448.04,448.04,0,0
1629843955,448.04,448.04,448.04,448.04,448.04,0,0
1629843960,448.04,448.04,448.04,448.04,448.04,0,0
1629843965,448.04,448.04,448.04,448.04,448.04,0,0
1629843970,448.04,448.04,448.04,448.04,448.04,0,0
1629843975,448.04,448.04,448.04,448.04,448.04,0,0
1629843980,448.04,448.04,448.04,448.04,448.04,0,0
1629843985,448.04,448.04,448.04,448.04,448.04,0,0
1629843990,448.04,448.04,448.04,448.04,448.04,0,0
1629843995,448.04,448.04,448.04,448.04,448.04,0,0
1629844000,448.04,448.04,448.04,448.04,448.04,0,0
1629844005,448.04,448.04,448.04,448.04,448.04,0,0
1629844010,448.04,448.04,448.04,448.04,448.04,0,0
1629844015,448.04,448.04,448.04,448.04,448.04,0,0
1629844020,448.04,448.04,448.04,448.04,448.04,0,0
1629844025,448.04,448.04,448.04,448.04,448.04,0,0
1629844030,448.04,448.04,448.04,448.04,448.04,0,0
1629844035,448.04,448.04,448.04,448.04,448.04,0,0
1629844040,448.04,448.04,448.04,448.04,448.04,0,0
1629844045,448.04,448.04,448.04,448.04,448.04,0,0
1629844050,448.04,448.04,448.04,448.04,448.04,0,0
1629844055,448.04,448.04,448.04,448.04,448.04,0,0
1629844060,448.04,448.04,448.04,448.04,448.04,0,0
1629844065,448.04,448.04,448.04,448.04,448.04,0,0
1629844070,448.04,448.04,448.04,448.04,448.04,0,0
1629844075,448.04,448.04,448.04,448.04,448.04,0,0
1629844080,448.04,448.04,448.04,448.04,448.04,0,0
1629844085,448.04,448.04,448.04,448.04,448.04,0,0
1629844090,448.04,448.04,448.04,448.04,448.04,0,0
1629844095,448.04,448.04,448.04,448.04,448.04,0,0
1629844100,448.04,448.04,448.04,448.04,448.04,0,0
1629844105,448.04,448.04,448.04,448.04,448.04,0,0
1629844110,448.04,448.04,448.04,448.04,448.04,0,0
1629844115,448.04,448.04,448.04,448.04,448.04,0,0
1629844120,448.04,448.04,448.04,448.04,448.04,0,0
1629844125,448.04,448.04,448.04,448.04,448.04,0,0
1629844130,448.04,448.04,448.04,448.04,448.04,0,0
1629844135,448.04,448.04,448.04,448.04,448.04,0,0
1629844140,448.04,448.04,448.04,448.04,448.04,0,0
1629844145,448.04,448.04,448.04,448.04,448.04,0,0
1629844150,448.04,448.04,448.04,448.04,448.04,0,0
1629844155,448.04,448.04,448.04,448.04,448.04,0,0
1629844160,448.04,448.04,448.04,448.04,448.04,0,0
1629844165,448.04,448.04,448.04,448.04,448.04,0,0
1629844170,448.04,448.04,448.04,448.04,448.04,0,0
1629844175,448.04,448.04,448.04,448.04,448.04,0,0
1629844180,448.04,448.04,448.04,448.04,448.04,0,0
1629844185,448.04,448.04,448.04,448.04,448.04,0,0
1629844190,448.04,448.04,448.04,448.04,448.04,0,0
1629844195,448.04,448.04,448.04,448.04,448.04,0,0
1629844200,448.04,448.04,448.04,448.04,448.04,0,0
1629844205,448.04,448.04,448.04,448.04,448.04,0,0
1629844210,448.08,448.08,448.08,448.08,448.08,2,2
1629844215,448.08,448.08,448.08,448.08,448.08,0,0
1629844220,448.08,448.08,448.08,448.08,448.08,0,0
1629844225,448.08,448.08,448.08,448.08,448.08,0,0
1629844230,448.08,448.08,448.08,448.08,448.08,0,0
1629844235,448.08,448.08,448.08,448.08,448.08,0,0
1629844240,448.08,448.08,448.08,448.08,448.08,0,0
1629844245,448.08,448.08,448.08,448.08,448.08,0,0
1629844250,448.08,448.08,448.08,448.08,448.08,0,0
1629844255,448.08,448.08,448.08,448.08,448.08,0,0
1629844260,448.08,448.08,448.08,448.08,448.08,0,0
1629844265,448.08,448.08,448.08,448.08,448.08,0,0
1629844270,448.08,448.08,448.08,448.08,448.08,0,0
1629844275,448.08,448.08,448.08,448.08,448.08,0,0
1629844280,448.08,448.08,448.08,448.08,448.08,0,0
1629844285,448.08,448.08,448.08,448.08,448.08,0,0
1629844290,448.08,448.08,448.08,448.08,448.08,0,0
1629844295,448.08,448.08,448.08,448.08,448.08,0,0
1629844300,448.08,448.08,448.08,448.08,448.08,0,0
1629844305,448.08,448.08,448.08,448.08,448.08,0,0
1629844310,448.08,448.08,448.08,448.08,448.08,0,0
1629844315,448.08,448.08,448.08,448.08,448.08,0,0
1629844320,448.08,448.08,448.08,448.08,448.08,0,0
1629844325,448.08,448.08,448.08,448.08,448.08,0,0
1629844330,448.08,448.08,448.08,448.08,448.08,0,0
1629844335,448.08,448.08,448.08,448.08,448.08,0,0
1629844340,448.08,448.08,448.08,448.08,448.08,0,0
1629844345,448.08,448.08,448.08,448.08,448.08,0,0
1629844350,448.08,448.08,448.08,448.08,448.08,0,0
1629844355,448.08,448.08,448.08,448.08,448.08,0,0
1629844360,448.08,448.08,448.08,448.08,448.08,0,0
1629844365,448.08,448.08,448.08,448.08,448.08,0,0
1629844370,448.08,448.08,448.08,448.08,448.08,0,0
1629844375,448.08,448.08,448.08,448.08,448.08,0,0
1629844380,448.08,448.08,448.08,448.08,448.08,0,0
1629844385,448.08,448.08,448.08,448.08,448.08,0,0
1629844390,448.08,448.08,448.08,448.08,448.08,0,0
1629844395,448.08,448.08,448.08,448.08,448.08,0,0
1629844400,448.08,448.08,448.08,448.08,448.08,0,0
1629844405,448.08,448.08,448.08,448.08,448.08,0,0
1629844410,448.08,448.08,448.08,448.08,448.08,0,0
1629844415,448.08,448.08,448.08,448.08,448.08,0,0
1629844420,448.08,448.08,448.08,448.08,448.08,0,0
1629844425,448.08,448.08,448.08,448.08,448.08,0,0
1629844430,448.08,448.08,448.08,448.08,448.08,0,0
1629844435,448.08,448.08,448.08,448.08,448.08,0,0
1629844440,448.06,448.08,448.06,448.08,448.068,48,15
1629844445,448.08,448.08,448.08,448.08,448.08,0,0
1629844450,448.03,448.03,448.03,448.03,448.03,1,1
1629844455,448.03,448.03,448.03,448.03,448.03,0,0
1629844460,448.03,448.03,448.03,448.03,448.03,0,0
1629844465,448.03,448.03,448.03,448.03,448.03,4,2
1629844470,448.03,448.03,448.03,448.03,448.03,0,0
1629844475,448.03,448.03,448.03,448.03,448.03,0,0
1629844480,448.03,448.03,448.03,448.03,448.03,0,0
1629844485,448.03,448.03,448.03,448.03,448.03,0,0
1629844490,448.03,448.03,448.03,448.03,448.03,0,0
1629844495,448.03,448.03,448.03,448.03,448.03,0,0
1629844500,448.03,448.03,448.03,448.03,448.03,0,0
1629844505,448.03,448.03,448.03,448.03,448.03,0,0
1629844510,448.07,448.07,448.07,448.07,448.07,5,5
1629844515,448.07,448.07,448.07,448.07,448.07,0,0
1629844520,448.07,448.07,448.07,448.07,448.07,0,0
1629844525,448.07,448.07,448.07,448.07,448.07,0,0
1629844530,448.07,448.07,448.07,448.07,448.07,0,0
1629844535,448.07,448.07,448.07,448.07,448.07,0,0
1629844540,448.07,448.07,448.07,448.07,448.07,0,0
1629844545,448.07,448.07,448.07,448.07,448.07,0,0
1629844550,448.07,448.07,448.07,448.07,448.07,0,0
1629844555,448.07,448.07,448.07,448.07,448.07,0,0
1629844560,448.07,448.07,448.07,448.07,448.07,1,1
1629844565,448.07,448.07,448.07,448.07,448.07,0,0
1629844570,448.07,448.07,448.07,448.07,448.07,0,0
1629844575,448.07,448.07,448.07,448.07,448.07,0,0
1629844580,448.07,448.07,448.07,448.07,448.07,0,0
1629844585,448.07,448.07,448.07,448.07,448.07,0,0
1629844590,448.07,448.07,448.07,448.07,448.07,0,0
1629844595,448.07,448.07,448.07,448.07,448.07,0,0
1629844600,448.07,448.07,448.07,448.07,448.07,0,0
1629844605,448.07,448.07,448.07,448.07,448.07,0,0
1629844610,448.07,448.07,448.07,448.07,448.07,0,0
1629844615,448.07,448.07,448.07,448.07,448.07,0,0
1629844620,448.09,448.09,448.09,448.09,448.09,2,1
1629844625,448.09,448.09,448.09,448.09,448.09,0,0
1629844630,448.09,448.09,448.09,448.09,448.09,0,0
1629844635,448.09,448.09,448.09,448.09,448.09,0,0
1629844640,448.09,448.09,448.09,448.09,448.09,0,0
1629844645,448.09,448.09,448.09,448.09,448.09,0,0
1629844650,448.09,448.09,448.09,448.09,448.09,0,0
1629844655,448.09,448.09,448.09,448.09,448.09,0,0
1629844660,448.09,448.09,448.09,448.09,448.09,0,0
1629844665,448.06,448.06,448.06,448.06,448.06,1,1
1629844670,448.06,448.06,448.06,448.06,448.06,0,0
1629844675,448.06,448.06,448.06,448.06,448.06,0,0
1629844680,448.06,448.06,448.06,448.06,448.06,0,0
1629844685,448.06,448.06,448.06,448.06,448.06,0,0
1629844690,448.06,448.06,448.06,448.06,448.06,0,0
1629844695,448.06,448.06,448.06,448.06,448.06,0,0
1629844700,448.06,448.06,448.06,448.06,448.06,0,0
1629844705,448.06,448.06,448.06,448.06,448.06,0,0
1629844710,448.06,448.06,448.06,448.06,448.06,0,0
1629844715,448.06,448.06,448.06,448.06,448.06,0,0
1629844720,448.06,448.06,448.06,448.06,448.06,0,0
1629844725,448.06,448.06,448.06,448.06,448.06,0,0
1629844730,448.06,448.06,448.06,448.06,448.06,0,0
1629844735,448.06,448.06,448.06,448.06,448.06,0,0
1629844740,448.06,448.06,448.06,448.06,448.06,0,0
1629844745,448.06,448.06,448.06,448.06,448.06,2,1
1629844750,448.06,448.06,448.06,448.06,448.06,0,0
1629844755,448.06,448.06,448.06,448.06,448.06,0,0
1629844760,448.06,448.06,448.06,448.06,448.06,0,0
1629844765,448.06,448.06,448.06,448.06,448.06,0,0
1629844770,448.06,448.06,448.06,448.06,448.06,0,0
1629844775,448.07,448.07,448.07,448.07,448.07,1,1
1629844780,448.07,448.07,448.07,448.07,448.07,0,0
1629844785,448.07,448.07,448.07,448.07,448.07,0,0
1629844790,448.07,448.07,448.07,448.07,448.07,0,0
1629844795,448.07,448.07,448.07,448.07,448.07,0,0
1629844800,448.07,448.07,448.07,448.07,448.07,0,0
1629844805,448.06,448.06,448.06,448.06,448.06,3,1
1629844810,448.06,448.06,448.06,448.06,448.06,0,0
1629844815,448.07,448.07,448.07,448.07,448.07,5,1
1629844820,448.07,448.07,448.07,448.07,448.07,1,1
1629844825,448.06,448.06,448.06,448.06,448.06,3,1
1629844830,448.06,448.06,448.06,448.06,448.06,0,0
1629844835,448.06,448.06,448.06,448.06,448.06,0,0
1629844840,448.07,448.07,448.07,448.07,448.07,5,1
1629844845,448.07,448.07,448.07,448.07,448.07,8,3
1629844850,448.08,448.08,448.08,448.08,448.08,3,1
1629844855,448.08,448.08,448.08,448.08,448.08,0,0
1629844860,448.08,448.08,448.08,448.08,448.08,0,0
1629844865,448.08,448.08,448.08,448.08,448.08,0,0
1629844870,448.08,448.08,448.08,448.08,448.08,0,0
1629844875,448.08,448.08,448.08,448.08,448.08,0,0
1629844880,448.09,448.09,448.09,448.09,448.09,2,2
1629844885,448.09,448.09,448.09,448.09,448.09,0,0
1629844890,448.09,448.09,448.09,448.09,448.09,0,0
1629844895,448.09,448.09,448.09,448.09,448.09,0,0
1629844900,448.09,448.09,448.09,448.09,448.09,0,0
1629844905,448.09,448.09,448.09,448.09,448.09,0,0
1629844910,448.09,448.09,448.09,448.09,448.09,0,0
1629844915,448.09,448.09,448.09,448.09,448.09,0,0
1629844920,448.09,448.09,448.09,448.09,448.09,0,0
1629844925,448.09,448.09,448.09,448.09,448.09,0,0
1629844930,448.09,448.09,448.09,448.09,448.09,0,0
1629844935,448.09,448.09,448.09,448.09,448.09,0,0
1629844940,448.09,448.09,448.09,448.09,448.09,0,0
1629844945,448.09,448.09,448.09,448.09,448.09,0,0
1629844950,448.09,448.09,448.09,448.09,448.09,0,0
1629844955,448.09,448.09,448.09,448.09,448.09,0,0
1629844960,448.09,448.09,448.09,448.09,448.09,0,0
1629844965,448.09,448.09,448.09,448.09,448.09,0,0
1629844970,448.09,448.09,448.09,448.09,448.09,0,0
1629844975,448.09,448.09,448.09,448.09,448.09,0,0
1629844980,448.09,448.09,448.09,448.09,448.09,0,0
1629844985,448.09,448.09,448.09,448.09,448.09,0,0
1629844990,448.09,448.09,448.09,448.09,448.09,0,0
1629844995,448.09,448.09,448.09,448.09,448.09,0,0
1629845000,448.09,448.09,448.09,448.09,448.09,0,0
1629845005,448.09,448.09,448.09,448.09,448.09,0,0
1629845010,448.09,448.09,448.09,448.09,448.09,0,0
1629845015,448.09,448.09,448.09,448.09,448.09,0,0
1629845020,448.09,448.09,448.09,448.09,448.09,0,0
1629845025,448.09,448.09,448.09,448.09,448.09,0,0
1629845030,448.09,448.09,448.09,448.09,448.09,0,0
1629845035,448.09,448.09,448.09,448.09,448.09,0,0
1629845040,448.09,448.09,448.09,448.09,448.09,0,0
1629845045,448.09,448.09,448.09,448.09,448.09,0,0
1629845050,448.09,448.09,448.09,448.09,448.09,0,0
1629845055,448.09,448.09,448.09,448.09,448.09,0,0
1629845060,448.09,448.09,448.09,448.09,448.09,0,0
1629845065,448.09,448.09,448.09,448.09,448.09,0,0
1629845070,448.09,448.09,448.09,448.09,448.09,0,0
1629845075,448.09,448.09,448.09,448.09,448.09,0,0
1629845080,448.09,448.09,448.09,448.09,448.09,0,0
1629845085,448.09,448.09,448.09,448.09,448.09,0,0
1629845090,448.09,448.09,448.09,448.09,448.09,0,0
1629845095,448.09,448.09,448.09,448.09,448.09,0,0
1629845100,448.09,448.09,448.09,448.09,448.09,0,0
1629845105,448.09,448.09,448.09,448.09,448.09,0,0
1629845110,448.09,448.09,448.09,448.09,448.09,0,0
1629845115,448.09,448.09,448.09,448.09,448.09,0,0
1629845120,448.09,448.09,448.09,448.09,448.09,0,0
1629845125,448.09,448.09,448.09,448.09,448.09,0,0
1629845130,448.09,448.09,448.09,448.09,448.09,0,0
1629845135,448.09,448.09,448.09,448.09,448.09,0,0
1629845140,448.09,448.09,448.09,448.09,448.09,0,0
1629845145,448.09,448.09,448.09,448.09,448.09,0,0
1629845150,448.09,448.09,448.09,448.09,448.09,0,0
1629845155,448.09,448.09,448.09,448.09,448.09,0,0
1629845160,448.09,448.09,448.09,448.09,448.09,0,0
1629845165,448.09,448.09,448.09,448.09,448.09,0,0
1629845170,448.09,448.09,448.09,448.09,448.09,0,0
1629845175,448.09,448.09,448.09,448.09,448.09,0,0
1629845180,448.09,448.09,448.09,448.09,448.09,0,0
1629845185,448.09,448.09,448.09,448.09,448.09,0,0
1629845190,448.09,448.09,448.09,448.09,448.09,0,0
1629845195,448.09,448.09,448.09,448.09,448.09,0,0
1629845200,448.09,448.09,448.09,448.09,448.09,0,0
1629845205,448.09,448.09,448.09,448.09,448.09,0,0
1629845210,448.09,448.09,448.09,448.09,448.09,0,0
1629845215,448.09,448.09,448.09,448.09,448.09,0,0
1629845220,448.09,448.09,448.09,448.09,448.09,0,0
1629845225,448.09,448.09,448.09,448.09,448.09,0,0
1629845230,448.09,448.09,448.09,448.09,448.09,0,0
1629845235,448.09,448.09,448.09,448.09,448.09,0,0
1629845240,448.09,448.09,448.09,448.09,448.09,0,0
1629845245,448.09,448.09,448.09,448.09,448.09,0,0
1629845250,448.09,448.09,448.09,448.09,448.09,0,0
1629845255,448.09,448.09,448.09,448.09,448.09,0,0
1629845260,448.09,448.09,448.09,448.09,448.09,0,0
1629845265,448.09,448.09,448.09,448.09,448.09,0,0
1629845270,448.09,448.09,448.09,448.09,448.09,0,0
1629845275,448.09,448.09,448.09,448.09,448.09,0,0
1629845280,448.09,448.09,448.09,448.09,448.09,0,0
1629845285,448.09,448.09,448.09,448.09,448.09,0,0
1629845290,448.09,448.09,448.09,448.09,448.09,0,0
1629845295,448.09,448.09,448.09,448.09,448.09,0,0
1629845300,448.09,448.09,448.09,448.09,448.09,0,0
1629845305,448.09,448.09,448.09,448.09,448.09,0,0
1629845310,448.09,448.09,448.09,448.09,448.09,0,0
1629845315,448.09,448.09,448.09,448.09,448.09,0,0
1629845320,448.09,448.09,448.09,448.09,448.09,0,0
1629845325,448.09,448.09,448.09,448.09,448.09,0,0
1629845330,448.09,448.09,448.09,448.09,448.09,0,0
1629845335,448.09,448.09,448.09,448.09,448.09,0,0
1629845340,448.09,448.09,448.09,448.09,448.09,0,0
1629845345,448.09,448.09,448.09,448.09,448.09,0,0
1629845350,448.09,448.09,448.09,448.09,448.09,0,0
1629845355,448.09,448.09,448.09,448.09,448.09,0,0
1629845360,448.09,448.09,448.09,448.09,448.09,0,0
1629845365,448.09,448.09,448.09,448.09,448.09,0,0
1629845370,448.09,448.09,448.09,448.09,448.09,0,0
1629845375,448.09,448.09,448.09,448.09,448.09,0,0
1629845380,448.09,448.09,448.09,448.09,448.09,0,0
1629845385,448.09,448.09,448.09,448.09,448.09,0,0
1629845390,448.09,448.09,448.09,448.09,448.09,0,0
1629845395,448.09,448.09,448.09,448.09,448.09,0,0
1629845400,448.09,448.09,448.09,448.09,448.09,0,0
1629845405,448.09,448.09,448.09,448.09,448.09,0,0
1629845410,448.09,448.09,448.09,448.09,448.09,0,0
1629845415,448.09,448.09,448.09,448.09,448.09,0,0
1629845420,448.09,448.09,448.09,448.09,448.09,0,0
1629845425,448.09,448.09,448.09,448.09,448.09,0,0
1629845430,448.07,448.07,448.07,448.07,448.07,1,1
1629845435,448.07,448.07,448.07,448.07,448.07,2,2
1629845440,448.07,448.07,448.07,448.07,448.07,0,0
1629845445,448.07,448.07,448.07,448.07,448.07,0,0
1629845450,448.08,448.08,448.08,448.08,448.08,1,1
1629845455,448.08,448.08,448.08,448.08,448.08,0,0
1629845460,448.08,448.08,448.08,448.08,448.08,0,0
1629845465,448.08,448.08,448.08,448.08,448.08,0,0
1629845470,448.08,448.08,448.08,448.08,448.08,0,0
1629845475,448.08,448.08,448.08,448.08,448.08,0,0
1629845480,448.08,448.08,448.08,448.08,448.08,0,0
1629845485,448.08,448.08,448.08,448.08,448.08,0,0
1629845490,448.08,448.08,448.08,448.08,448.08,0,0
1629845495,448.07,448.07,448.07,448.07,448.07,1,1
1629845500,448.07,448.07,448.07,448.07,448.07,0,0
1629845505,448.07,448.07,448.07,448.07,448.07,0,0
1629845510,448.07,448.07,448.07,448.07,448.07,0,0
1629845515,448.07,448.07,448.07,448.07,448.07,0,0
1629845520,448.07,448.07,448.07,448.07,448.07,0,0
1629845525,448.07,448.07,448.07,448.07,448.07,0,0
1629845530,448.08,448.08,448.08,448.08,448.08,1,1
1629845535,448.08,448.08,448.08,448.08,448.08,0,0
1629845540,448.08,448.08,448.08,448.08,448.08,0,0
1629845545,448.08,448.08,448.08,448.08,448.08,0,0
1629845550,448.08,448.08,448.08,448.08,448.08,0,0
1629845555,448.08,448.08,448.08,448.08,448.08,0,0
1629845560,448.08,448.08,448.08,448.08,448.08,0,0
1629845565,448.08,448.08,448.08,448.08,448.08,0,0
1629845570,448.08,448.08,448.08,448.08,448.08,0,0
1629845575,448.07,448.07,448.07,448.07,448.07,3,3
1629845580,448.07,448.07,448.07,448.07,448.07,0,0
1629845585,448.07,448.07,448.07,448.07,448.07,2,2
1629845590,448.07,448.07,448.07,448.07,448.07,0,0
1629845595,448.07,448.07,448.07,448.07,448.07,0,0
1629845600,448.07,448.07,448.07,448.07,448.07,0,0
1629845605,448.07,448.07,448.07,448.07,448.07,0,0
1629845610,448.07,448.07,448.07,448.07,448.07,0,0
1629845615,448.07,448.07,448.07,448.07,448.07,1,1
1629845620,448.07,448.07,448.07,448.07,448.07,0,0
1629845625,448.07,448.07,448.07,448.07,448.07,0,0
1629845630,448.07,448.07,448.07,448.07,448.07,0,0
1629845635,448.07,448.07,448.07,448.07,448.07,0,0
1629845640,448.06,448.06,448.06,448.06,448.06,3,2
1629845645,448.06,448.06,448.06,448.06,448.06,0,0
1629845650,448.06,448.06,448.06,448.06,448.06,0,0
1629845655,448.06,448.06,448.06,448.06,448.06,2,1
1629845660,448.06,448.06,448.06,448.06,448.06,0,0
1629845665,448.06,448.06,448.06,448.06,448.06,0,0
1629845670,448.06,448.06,448.06,448.06,448.06,0,0
1629845675,448.06,448.06,448.06,448.06,448.06,0,0
1629845680,448.06,448.06,448.06,448.06,448.06,0,0
1629845685,448.06,448.06,448.06,448.06,448.06,0,0
1629845690,448.06,448.06,448.06,448.06,448.06,0,0
1629845695,448.06,448.06,448.06,448.06,448.06,0,0
1629845700,448.06,448.06,448.06,448.06,448.06,0,0
1629845705,448.06,448.06,448.06,448.06,448.06,0,0
1629845710,448.06,448.06,448.06,448.06,448.06,0,0
1629845715,448.06,448.06,448.06,448.06,448.06,0,0
1629845720,448.06,448.06,448.06,448.06,448.06,0,0
1629845725,448.04,448.04,448.04,448.04,448.04,1,1
1629845730,448.04,448.04,448.04,448.04,448.04,2,2
1629845735,448.04,448.04,448.04,448.04,448.04,0,0
1629845740,448.04,448.04,448.04,448.04,448.04,0,0
1629845745,448.04,448.04,448.04,448.04,448.04,0,0
1629845750,448.04,448.04,448.04,448.04,448.04,0,0
1629845755,448.04,448.04,448.04,448.04,448.04,0,0
1629845760,448.04,448.04,448.04,448.04,448.04,0,0
1629845765,448.04,448.04,448.04,448.04,448.04,0,0
1629845770,448.04,448.04,448.04,448.04,448.04,0,0
1629845775,448.04,448.04,448.04,448.04,448.04,0,0
1629845780,448.04,448.04,448.04,448.04,448.04,0,0
1629845785,448.04,448.04,448.04,448.04,448.04,0,0
1629845790,448.04,448.04,448.04,448.04,448.04,0,0
1629845795,448.04,448.04,448.04,448.04,448.04,0,0
1629845800,448.04,448.04,448.04,448.04,448.04,0,0
1629845805,448.04,448.04,448.04,448.04,448.04,0,0
1629845810,448.04,448.04,448.04,448.04,448.04,0,0
1629845815,448.04,448.04,448.04,448.04,448.04,0,0
1629845820,448.04,448.04,448.04,448.04,448.04,0,0
1629845825,448.04,448.04,448.04,448.04,448.04,0,0
1629845830,448.04,448.04,448.04,448.04,448.04,0,0
1629845835,448.01,448.01,448.01,448.01,448.01,4,1
1629845840,448.01,448.01,448.01,448.01,448.01,0,0
1629845845,448.01,448.01,448.01,448.01,448.01,0,0
1629845850,448.01,448.01,448.01,448.01,448.01,0,0
1629845855,448.01,448.01,448.01,448.01,448.01,0,0
1629845860,448.0,448.0,448.0,448.0,448.0,1,1
1629845865,448.0,448.0,448.0,448.0,448.0,0,0
1629845870,448.0,448.0,448.0,448.0,448.0,0,0
1629845875,448.0,448.0,448.0,448.0,448.0,0,0
1629845880,448.0,448.0,448.0,448.0,448.0,5,1
1629845885,448.0,448.0,448.0,448.0,448.0,0,0
1629845890,448.0,448.0,448.0,448.0,448.0,0,0
1629845895,448.0,448.0,448.0,448.0,448.0,3,1
1629845900,448.0,448.0,448.0,448.0,448.0,0,0
1629845905,448.0,448.0,448.0,448.0,448.0,0,0
1629845910,447.98,447.98,447.98,447.98,447.98,4,1
1629845915,447.98,447.98,447.98,447.98,447.98,0,0
1629845920,447.98,447.98,447.98,447.98,447.98,4,1
1629845925,447.98,447.98,447.98,447.98,447.98,0,0
1629845930,447.98,447.98,447.98,447.98,447.98,1,1
1629845935,447.98,447.98,447.98,447.98,447.98,3,2
1629845940,447.98,447.98,447.98,447.98,447.98,0,0
1629845945,447.98,447.98,447.98,447.98,447.98,0,0
1629845950,447.98,447.98,447.98,447.98,447.98,0,0
1629845955,447.98,447.98,447.98,447.98,447.98,0,0
1629845960,447.98,447.98,447.98,447.98,447.98,0,0
1629845965,447.98,447.98,447.98,447.98,447.98,0,0
1629845970,447.98,447.98,447.98,447.98,447.98,0,0
1629845975,447.98,447.98,447.98,447.98,447.98,0,0
1629845980,447.98,447.98,447.98,447.98,447.98,0,0
1629845985,447.98,447.98,447.98,447.98,447.98,0,0
1629845990,447.98,447.98,447.98,447.98,447.98,0,0
1629845995,447.98,447.98,447.98,447.98,447.98,0,0
1629846000,447.98,447.98,447.98,447.98,447.98,0,0
1629846005,447.98,447.98,447.98,447.98,447.98,0,0
1629846010,447.98,447.98,447.98,447.98,447.98,3,1
1629846015,447.98,447.98,447.98,447.98,447.98,0,0
1629846020,447.98,447.98,447.98,447.98,447.98,0,0
1629846025,447.98,447.98,447.98,447.98,447.98,0,0
1629846030,447.98,447.98,447.98,447.98,447.98,0,0
1629846035,447.98,447.98,447.98,447.98,447.98,0,0
1629846040,447.98,447.98,447.98,447.98,447.98,0,0
1629846045,447.98,447.98,447.98,447.98,447.98,0,0
1629846050,447.98,447.98,447.98,447.98,447.98,0,0
1629846055,447.98,447.98,447.98,447.98,447.98,0,0
1629846060,447.98,447.98,447.98,447.98,447.98,0,0
1629846065,447.98,447.98,447.98,447.98,447.98,0,0
1629846070,447.98,447.98,447.98,447.98,447.98,0,0
1629846075,447.98,447.98,447.98,447.98,447.98,0,0
1629846080,447.98,447.98,447.98,447.98,447.98,0,0
1629846085,447.98,447.98,447.98,447.98,447.98,0,0
1629846090,447.98,447.98,447.98,447.98,447.98,0,0
1629846095,447.98,447.98,447.98,447.98,447.98,0,0
1629846100,447.98,447.98,447.98,447.98,447.98,0,0
1629846105,447.98,447.98,447.98,447.98,447.98,0,0
1629846110,447.98,447.98,447.98,447.98,447.98,0,0
1629846115,447.98,447.98,447.98,447.98,447.98,0,0
1629846120,447.98,447.98,447.98,447.98,447.98,0,0
1629846125,447.98,447.98,447.98,447.98,447.98,0,0
1629846130,447.98,447.98,447.98,447.98,447.98,0,0
1629846135,447.98,447.98,447.98,447.98,447.98,0,0
1629846140,447.98,447.98,447.98,447.98,447.98,0,0
1629846145,447.98,447.98,447.98,447.98,447.98,0,0
1629846150,447.97,447.97,447.97,447.97,447.97,1,1
1629846155,447.97,447.97,447.97,447.97,447.97,0,0
1629846160,447.97,447.97,447.97,447.97,447.97,0,0
1629846165,447.97,447.97,447.97,447.97,447.97,0,0
1629846170,447.97,447.97,447.97,447.97,447.97,0,0
1629846175,447.97,447.97,447.97,447.97,447.97,0,0
1629846180,447.97,447.97,447.97,447.97,447.97,0,0
1629846185,447.97,447.97,447.97,447.97,447.97,0,0
1629846190,447.97,447.97,447.97,447.97,447.97,0,0
1629846195,447.97,447.97,447.97,447.97,447.97,0,0
1629846200,447.97,447.97,447.97,447.97,447.97,0,0
1629846205,447.97,447.97,447.97,447.97,447.97,0,0
1629846210,447.93,447.93,447.93,447.93,447.93,3,1
1629846215,447.93,447.93,447.93,447.93,447.93,0,0
1629846220,447.93,447.93,447.93,447.93,447.93,0,0
1629846225,447.93,447.93,447.93,447.93,447.93,0,0
1629846230,447.93,447.93,447.93,447.93,447.93,0,0
1629846235,447.93,447.93,447.93,447.93,447.93,0,0
1629846240,447.93,447.93,447.93,447.93,447.93,0,0
1629846245,447.93,447.93,447.93,447.93,447.93,0,0
1629846250,447.93,447.93,447.93,447.93,447.93,0,0
1629846255,447.93,447.93,447.93,447.93,447.93,0,0
1629846260,447.93,447.93,447.93,447.93,447.93,0,0
1629846265,447.93,447.93,447.93,447.93,447.93,0,0
1629846270,447.93,447.93,447.93,447.93,447.93,0,0
1629846275,447.93,447.93,447.93,447.93,447.93,0,0
1629846280,447.93,447.93,447.93,447.93,447.93,0,0
1629846285,447.93,447.93,447.93,447.93,447.93,20,5
1629846290,447.93,447.93,447.93,447.93,447.93,1,1
1629846295,447.93,447.93,447.93,447.93,447.93,0,0
1629846300,447.93,447.93,447.93,447.93,447.93,0,0
1629846305,447.93,447.93,447.93,447.93,447.93,0,0
1629846310,447.93,447.93,447.93,447.93,447.93,0,0
1629846315,447.93,447.93,447.93,447.93,447.93,0,0
1629846320,447.93,447.93,447.93,447.93,447.93,0,0
1629846325,447.92,447.92,447.92,447.92,447.92,2,1
1629846330,447.92,447.92,447.92,447.92,447.92,0,0
1629846335,447.92,447.92,447.92,447.92,447.92,0,0
1629846340,447.92,447.92,447.92,447.92,447.92,0,0
1629846345,447.88,447.88,447.88,447.88,447.88,77,19
1629846350,447.88,447.88,447.88,447.88,447.88,0,0
1629846355,447.89,447.89,447.85,447.85,447.859,16,4
1629846360,447.85,447.85,447.85,447.85,447.85,0,0
1629846365,447.85,447.85,447.85,447.85,447.85,0,0
1629846370,447.85,447.85,447.85,447.85,447.85,0,0
1629846375,447.85,447.85,447.85,447.85,447.85,0,0
1629846380,447.85,447.85,447.85,447.85,447.85,0,0
1629846385,447.85,447.85,447.85,447.85,447.85,0,0
1629846390,447.85,447.85,447.85,447.85,447.85,0,0
1629846395,447.85,447.85,447.85,447.85,447.85,0,0
1629846400,447.85,447.85,447.85,447.85,447.85,0,0
1629846405,447.85,447.85,447.85,447.85,447.85,0,0
1629846410,447.85,447.85,447.85,447.85,447.85,0,0
1629846415,447.85,447.85,447.85,447.85,447.85,0,0
1629846420,447.85,447.85,447.85,447.85,447.85,0,0
1629846425,447.85,447.85,447.85,447.85,447.85,0,0
1629846430,447.85,447.85,447.85,447.85,447.85,0,0
1629846435,447.85,447.85,447.85,447.85,447.85,0,0
1629846440,447.85,447.85,447.85,447.85,447.85,0,0
1629846445,447.85,447.85,447.85,447.85,447.85,0,0
1629846450,447.87,447.87,447.86,447.86,447.861,8,5
1629846455,447.86,447.86,447.86,447.86,447.86,0,0
1629846460,447.86,447.86,447.86,447.86,447.86,0,0
1629846465,447.86,447.86,447.86,447.86,447.86,0,0
1629846470,447.85,447.85,447.85,447.85,447.85,1,1
1629846475,447.85,447.85,447.85,447.85,447.85,0,0
1629846480,447.85,447.85,447.85,447.85,447.85,0,0
1629846485,447.85,447.85,447.85,447.85,447.85,0,0
1629846490,447.85,447.85,447.85,447.85,447.85,15,3
1629846495,447.85,447.85,447.85,447.85,447.85,0,0
1629846500,447.85,447.85,447.85,447.85,447.85,0,0
1629846505,447.85,447.85,447.85,447.85,447.85,0,0
1629846510,447.85,447.85,447.85,447.85,447.85,2,1
1629846515,447.85,447.85,447.85,447.85,447.85,0,0
1629846520,447.85,447.85,447.85,447.85,447.85,4,1
1629846525,447.83,447.83,447.83,447.83,447.83,5,1
1629846530,447.83,447.83,447.83,447.83,447.83,4,1
1629846535,447.83,447.83,447.83,447.83,447.83,10,1
1629846540,447.83,447.83,447.83,447.83,447.83,0,0
1629846545,447.83,447.83,447.83,447.83,447.83,1,1
1629846550,447.83,447.83,447.83,447.83,447.83,0,0
1629846555,447.83,447.83,447.83,447.83,447.83,0,0
1629846560,447.83,447.83,447.83,447.83,447.83,0,0
1629846565,447.83,447.83,447.83,447.83,447.83,0,0
1629846570,447.83,447.83,447.83,447.83,447.83,0,0
1629846575,447.83,447.83,447.83,447.83,447.83,0,0
1629846580,447.83,447.83,447.83,447.83,447.83,0,0
1629846585,447.83,447.83,447.83,447.83,447.83,0,0
