date,open,high,low,close,average,volume,count
1612171685,371.94,372.07,371.94,372.07,372.009,2,2
1612171690,372.07,372.07,372.07,372.07,372.07,0,0
1612171695,372.07,372.07,372.07,372.07,372.07,0,0
1612171700,372.07,372.07,372.07,372.07,372.07,0,0
1612171705,372.07,372.07,372.07,372.07,372.07,0,0
1612171710,372.07,372.07,372.07,372.07,372.07,0,0
1612171715,372.07,372.07,372.07,372.07,372.07,0,0
1612171720,372.07,372.07,372.07,372.07,372.07,0,0
1612171725,372.07,372.07,372.07,372.07,372.07,0,0
1612171730,372.07,372.07,372.07,372.07,372.07,0,0
1612171735,372.07,372.07,372.07,372.07,372.07,0,0
1612171740,372.07,372.07,372.07,372.07,372.07,0,0
1612171745,372.07,372.07,372.07,372.07,372.07,0,0
1612171750,372.07,372.07,372.07,372.07,372.07,0,0
1612171755,372.07,372.07,372.07,372.07,372.07,0,0
1612171760,372.07,372.07,372.07,372.07,372.07,0,0
1612171765,372.07,372.07,372.07,372.07,372.07,0,0
1612171770,372.07,372.07,372.07,372.07,372.07,0,0
1612171775,372.07,372.07,372.07,372.07,372.07,0,0
1612171780,372.07,372.07,372.07,372.07,372.07,0,0
1612171785,372.07,372.07,372.07,372.07,372.07,0,0
1612171790,372.07,372.07,372.07,372.07,372.07,0,0
1612171795,372.07,372.07,372.07,372.07,372.07,0,0
1612171800,372.07,372.07,372.07,372.07,372.07,0,0
1612171805,372.07,372.07,372.07,372.07,372.07,0,0
1612171810,372.07,372.07,372.07,372.07,372.07,0,0
1612171815,372.07,372.07,372.07,372.07,372.07,0,0
1612171820,372.07,372.07,372.07,372.07,372.07,0,0
1612171825,372.07,372.07,372.07,372.07,372.07,0,0
1612171830,372.07,372.07,372.07,372.07,372.07,0,0
1612171835,372.07,372.07,372.07,372.07,372.07,0,0
1612171840,372.07,372.07,372.07,372.07,372.07,0,0
1612171845,372.07,372.07,372.07,372.07,372.07,0,0
1612171850,372.07,372.07,372.07,372.07,372.07,0,0
1612171855,372.07,372.07,372.07,372.07,372.07,0,0
1612171860,372.07,372.07,372.07,372.07,372.07,0,0
1612171865,372.07,372.07,372.07,372.07,372.07,0,0
1612171870,372.07,372.07,372.07,372.07,372.07,0,0
1612171875,372.07,372.07,372.07,372.07,372.07,0,0
1612171880,372.07,372.07,372.07,372.07,372.07,0,0
1612171885,372.07,372.07,372.07,372.07,372.07,0,0
1612171890,372.07,372.07,372.07,372.07,372.07,0,0
1612171895,372.07,372.07,372.07,372.07,372.07,0,0
1612171900,372.07,372.07,372.07,372.07,372.07,0,0
1612171905,372.07,372.07,372.07,372.07,372.07,0,0
1612171910,372.07,372.07,372.07,372.07,372.07,0,0
1612171915,372.07,372.07,372.07,372.07,372.07,0,0
1612171920,372.07,372.07,372.07,372.07,372.07,0,0
1612171925,372.07,372.07,372.07,372.07,372.07,0,0
1612171930,372.07,372.07,372.07,372.07,372.07,0,0
1612171935,372.07,372.07,372.07,372.07,372.07,0,0
1612171940,372.07,372.07,372.07,372.07,372.07,0,0
1612171945,372.07,372.07,372.07,372.07,372.07,0,0
1612171950,372.07,372.07,372.07,372.07,372.07,0,0
1612171955,372.07,372.07,372.07,372.07,372.07,0,0
1612171960,372.07,372.07,372.07,372.07,372.07,0,0
1612171965,372.07,372.07,372.07,372.07,372.07,0,0
1612171970,372.07,372.07,372.07,372.07,372.07,0,0
1612171975,372.07,372.07,372.07,372.07,372.07,0,0
1612171980,372.07,372.07,372.07,372.07,372.07,0,0
1612171985,372.07,372.07,372.07,372.07,372.07,0,0
1612171990,372.07,372.07,372.07,372.07,372.07,0,0
1612171995,372.07,372.07,372.07,372.07,372.07,0,0
1612172000,372.07,372.07,372.07,372.07,372.07,0,0
1612172005,372.07,372.07,372.07,372.07,372.07,0,0
1612172010,372.07,372.07,372.07,372.07,372.07,0,0
1612172015,372.07,372.07,372.07,372.07,372.07,0,0
1612172020,372.07,372.07,372.07,372.07,372.07,0,0
1612172025,372.07,372.07,372.07,372.07,372.07,0,0
1612172030,372.07,372.07,372.07,372.07,372.07,0,0
1612172035,372.07,372.07,372.07,372.07,372.07,0,0
1612172040,372.07,372.07,372.07,372.07,372.07,0,0
1612172045,372.07,372.07,372.07,372.07,372.07,0,0
1612172050,372.07,372.07,372.07,372.07,372.07,0,0
1612172055,372.07,372.07,372.07,372.07,372.07,0,0
1612172060,372.07,372.07,372.07,372.07,372.07,0,0
1612172065,372.07,372.07,372.07,372.07,372.07,0,0
1612172070,372.07,372.07,372.07,372.07,372.07,0,0
1612172075,372.07,372.07,372.07,372.07,372.07,0,0
1612172080,372.07,372.07,372.07,372.07,372.07,0,0
1612172085,372.07,372.07,372.07,372.07,372.07,0,0
1612172090,372.07,372.07,372.07,372.07,372.07,0,0
1612172095,372.07,372.07,372.07,372.07,372.07,0,0
1612172100,372.07,372.07,372.07,372.07,372.07,0,0
1612172105,372.07,372.07,372.07,372.07,372.07,0,0
1612172110,372.07,372.07,372.07,372.07,372.07,0,0
1612172115,372.07,372.07,372.07,372.07,372.07,0,0
1612172120,372.07,372.07,372.07,372.07,372.07,0,0
1612172125,372.07,372.07,372.07,372.07,372.07,0,0
1612172130,372.07,372.07,372.07,372.07,372.07,0,0
1612172135,372.07,372.07,372.07,372.07,372.07,0,0
1612172140,372.07,372.07,372.07,372.07,372.07,0,0
1612172145,372.07,372.07,372.07,372.07,372.07,0,0
1612172150,372.07,372.07,372.07,372.07,372.07,0,0
1612172155,372.07,372.07,372.07,372.07,372.07,0,0
1612172160,372.07,372.07,372.07,372.07,372.07,0,0
1612172165,372.07,372.07,372.07,372.07,372.07,0,0
1612172170,372.07,372.07,372.07,372.07,372.07,0,0
1612172175,372.07,372.07,372.07,372.07,372.07,0,0
1612172180,372.07,372.07,372.07,372.07,372.07,0,0
1612172185,372.07,372.07,372.07,372.07,372.07,0,0
1612172190,372.07,372.07,372.07,372.07,372.07,0,0
1612172195,372.07,372.07,372.07,372.07,372.07,0,0
1612172200,372.07,372.07,372.07,372.07,372.07,0,0
1612172205,372.07,372.07,372.07,372.07,372.07,0,0
1612172210,372.07,372.07,372.07,372.07,372.07,0,0
1612172215,372.07,372.07,372.07,372.07,372.07,0,0
1612172220,372.07,372.07,372.07,372.07,372.07,0,0
1612172225,372.07,372.07,372.07,372.07,372.07,0,0
1612172230,372.07,372.07,372.07,372.07,372.07,0,0
1612172235,372.07,372.07,372.07,372.07,372.07,0,0
1612172240,372.07,372.07,372.07,372.07,372.07,0,0
1612172245,372.07,372.07,372.07,372.07,372.07,0,0
1612172250,372.07,372.07,372.07,372.07,372.07,0,0
1612172255,372.07,372.07,372.07,372.07,372.07,0,0
1612172260,372.07,372.07,372.07,372.07,372.07,0,0
1612172265,372.07,372.07,372.07,372.07,372.07,0,0
1612172270,372.07,372.07,372.07,372.07,372.07,0,0
1612172275,372.07,372.07,372.07,372.07,372.07,0,0
1612172280,372.07,372.07,372.07,372.07,372.07,0,0
1612172285,372.07,372.07,372.07,372.07,372.07,0,0
1612172290,372.07,372.07,372.07,372.07,372.07,0,0
1612172295,372.07,372.07,372.07,372.07,372.07,0,0
1612172300,372.07,372.07,372.07,372.07,372.07,0,0
1612172305,372.07,372.07,372.07,372.07,372.07,0,0
1612172310,372.07,372.07,372.07,372.07,372.07,0,0
1612172315,372.07,372.07,372.07,372.07,372.07,0,0
1612172320,372.07,372.07,372.07,372.07,372.07,0,0
1612172325,372.07,372.07,372.07,372.07,372.07,0,0
1612172330,372.07,372.07,372.07,372.07,372.07,0,0
1612172335,372.07,372.07,372.07,372.07,372.07,0,0
1612172340,372.07,372.07,372.07,372.07,372.07,0,0
1612172345,372.07,372.07,372.07,372.07,372.07,0,0
1612172350,372.07,372.07,372.07,372.07,372.07,0,0
1612172355,372.07,372.07,372.07,372.07,372.07,0,0
1612172360,372.07,372.07,372.07,372.07,372.07,0,0
1612172365,372.07,372.07,372.07,372.07,372.07,0,0
1612172370,372.07,372.07,372.07,372.07,372.07,0,0
1612172375,372.07,372.07,372.07,372.07,372.07,0,0
1612172380,372.07,372.07,372.07,372.07,372.07,0,0
1612172385,372.07,372.07,372.07,372.07,372.07,0,0
1612172390,372.07,372.07,372.07,372.07,372.07,0,0
1612172395,372.07,372.07,372.07,372.07,372.07,0,0
1612172400,372.07,372.07,372.07,372.07,372.07,0,0
1612172405,372.07,372.07,372.07,372.07,372.07,0,0
1612172410,372.07,372.07,372.07,372.07,372.07,0,0
1612172415,372.07,372.07,372.07,372.07,372.07,0,0
1612172420,372.07,372.07,372.07,372.07,372.07,0,0
1612172425,372.07,372.07,372.07,372.07,372.07,0,0
1612172430,372.07,372.07,372.07,372.07,372.07,0,0
1612172435,372.07,372.07,372.07,372.07,372.07,0,0
1612172440,372.07,372.07,372.07,372.07,372.07,0,0
1612172445,372.07,372.07,372.07,372.07,372.07,0,0
1612172450,372.07,372.07,372.07,372.07,372.07,0,0
1612172455,372.07,372.07,372.07,372.07,372.07,0,0
1612172460,372.07,372.07,372.07,372.07,372.07,0,0
1612172465,372.07,372.07,372.07,372.07,372.07,0,0
1612172470,372.07,372.07,372.07,372.07,372.07,0,0
1612172475,372.07,372.07,372.07,372.07,372.07,0,0
1612172480,372.07,372.07,372.07,372.07,372.07,0,0
1612172485,372.07,372.07,372.07,372.07,372.07,0,0
1612172490,372.07,372.07,372.07,372.07,372.07,0,0
1612172495,372.07,372.07,372.07,372.07,372.07,0,0
1612172500,372.07,372.07,372.07,372.07,372.07,0,0
1612172505,372.07,372.07,372.07,372.07,372.07,0,0
1612172510,372.07,372.07,372.07,372.07,372.07,0,0
1612172515,372.07,372.07,372.07,372.07,372.07,0,0
1612172520,372.07,372.07,372.07,372.07,372.07,0,0
1612172525,372.07,372.07,372.07,372.07,372.07,0,0
1612172530,372.07,372.07,372.07,372.07,372.07,0,0
1612172535,372.07,372.07,372.07,372.07,372.07,0,0
1612172540,372.07,372.07,372.07,372.07,372.07,0,0
1612172545,372.07,372.07,372.07,372.07,372.07,0,0
1612172550,372.07,372.07,372.07,372.07,372.07,0,0
1612172555,372.07,372.07,372.07,372.07,372.07,0,0
1612172560,372.07,372.07,372.07,372.07,372.07,0,0
1612172565,372.07,372.07,372.07,372.07,372.07,0,0
1612172570,372.07,372.07,372.07,372.07,372.07,0,0
1612172575,372.07,372.07,372.07,372.07,372.07,0,0
1612172580,372.07,372.07,372.07,372.07,372.07,0,0
1612172585,372.07,372.07,372.07,372.07,372.07,0,0
1612172590,372.07,372.07,372.07,372.07,372.07,0,0
1612172595,372.07,372.07,372.07,372.07,372.07,0,0
1612172600,372.07,372.07,372.07,372.07,372.07,0,0
1612172605,372.07,372.07,372.07,372.07,372.07,0,0
1612172610,372.07,372.07,372.07,372.07,372.07,0,0
1612172615,372.07,372.07,372.07,372.07,372.07,0,0
1612172620,372.07,372.07,372.07,372.07,372.07,0,0
1612172625,372.07,372.07,372.07,372.07,372.07,0,0
1612172630,372.07,372.07,372.07,372.07,372.07,0,0
1612172635,372.07,372.07,372.07,372.07,372.07,0,0
1612172640,372.07,372.07,372.07,372.07,372.07,0,0
1612172645,372.07,372.07,372.07,372.07,372.07,0,0
1612172650,372.07,372.07,372.07,372.07,372.07,0,0
1612172655,372.07,372.07,372.07,372.07,372.07,0,0
1612172660,372.07,372.07,372.07,372.07,372.07,0,0
1612172665,372.07,372.07,372.07,372.07,372.07,0,0
1612172670,372.07,372.07,372.07,372.07,372.07,0,0
1612172675,372.07,372.07,372.07,372.07,372.07,0,0
1612172680,372.07,372.07,372.07,372.07,372.07,0,0
1612172685,372.07,372.07,372.07,372.07,372.07,0,0
1612172690,372.07,372.07,372.07,372.07,372.07,0,0
1612172695,372.07,372.07,372.07,372.07,372.07,0,0
1612172700,372.07,372.07,372.07,372.07,372.07,0,0
1612172705,372.07,372.07,372.07,372.07,372.07,0,0
1612172710,372.07,372.07,372.07,372.07,372.07,0,0
1612172715,372.07,372.07,372.07,372.07,372.07,0,0
1612172720,372.07,372.07,372.07,372.07,372.07,0,0
1612172725,372.07,372.07,372.07,372.07,372.07,0,0
1612172730,372.07,372.07,372.07,372.07,372.07,0,0
1612172735,372.07,372.07,372.07,372.07,372.07,0,0
1612172740,372.07,372.07,372.07,372.07,372.07,0,0
1612172745,372.07,372.07,372.07,372.07,372.07,0,0
1612172750,372.07,372.07,372.07,372.07,372.07,0,0
1612172755,372.07,372.07,372.07,372.07,372.07,0,0
1612172760,372.07,372.07,372.07,372.07,372.07,0,0
1612172765,372.07,372.07,372.07,372.07,372.07,0,0
1612172770,372.07,372.07,372.07,372.07,372.07,0,0
1612172775,372.07,372.07,372.07,372.07,372.07,0,0
1612172780,372.07,372.07,372.07,372.07,372.07,0,0
1612172785,372.07,372.07,372.07,372.07,372.07,0,0
1612172790,372.07,372.07,372.07,372.07,372.07,0,0
1612172795,372.07,372.07,372.07,372.07,372.07,0,0
1612172800,372.07,372.07,372.07,372.07,372.07,0,0
1612172805,372.07,372.07,372.07,372.07,372.07,0,0
1612172810,372.07,372.07,372.07,372.07,372.07,0,0
1612172815,372.07,372.07,372.07,372.07,372.07,0,0
1612172820,372.07,372.07,372.07,372.07,372.07,0,0
1612172825,372.07,372.07,372.07,372.07,372.07,0,0
1612172830,372.07,372.07,372.07,372.07,372.07,0,0
1612172835,372.07,372.07,372.07,372.07,372.07,0,0
1612172840,372.07,372.07,372.07,372.07,372.07,0,0
1612172845,372.07,372.07,372.07,372.07,372.07,0,0
1612172850,372.07,372.07,372.07,372.07,372.07,0,0
1612172855,372.07,372.07,372.07,372.07,372.07,0,0
1612172860,372.07,372.07,372.07,372.07,372.07,0,0
1612172865,372.07,372.07,372.07,372.07,372.07,0,0
1612172870,372.07,372.07,372.07,372.07,372.07,0,0
1612172875,372.07,372.07,372.07,372.07,372.07,0,0
1612172880,372.07,372.07,372.07,372.07,372.07,0,0
1612172885,372.07,372.07,372.07,372.07,372.07,0,0
1612172890,372.07,372.07,372.07,372.07,372.07,0,0
1612172895,372.07,372.07,372.07,372.07,372.07,0,0
1612172900,372.07,372.07,372.07,372.07,372.07,0,0
1612172905,372.07,372.07,372.07,372.07,372.07,0,0
1612172910,372.07,372.07,372.07,372.07,372.07,0,0
1612172915,372.07,372.07,372.07,372.07,372.07,0,0
1612172920,372.07,372.07,372.07,372.07,372.07,0,0
1612172925,372.07,372.07,372.07,372.07,372.07,0,0
1612172930,372.07,372.07,372.07,372.07,372.07,0,0
1612172935,372.07,372.07,372.07,372.07,372.07,0,0
1612172940,372.07,372.07,372.07,372.07,372.07,0,0
1612172945,372.07,372.07,372.07,372.07,372.07,0,0
1612172950,372.07,372.07,372.07,372.07,372.07,0,0
1612172955,372.07,372.07,372.07,372.07,372.07,0,0
1612172960,372.07,372.07,372.07,372.07,372.07,0,0
1612172965,372.07,372.07,372.07,372.07,372.07,0,0
1612172970,372.07,372.07,372.07,372.07,372.07,0,0
1612172975,372.07,372.07,372.07,372.07,372.07,0,0
1612172980,372.07,372.07,372.07,372.07,372.07,0,0
1612172985,372.07,372.07,372.07,372.07,372.07,0,0
1612172990,372.07,372.07,372.07,372.07,372.07,0,0
1612172995,372.07,372.07,372.07,372.07,372.07,0,0
1612173000,372.07,372.07,372.07,372.07,372.07,0,0
1612173005,372.07,372.07,372.07,372.07,372.07,0,0
1612173010,372.07,372.07,372.07,372.07,372.07,0,0
1612173015,372.07,372.07,372.07,372.07,372.07,0,0
1612173020,372.07,372.07,372.07,372.07,372.07,0,0
1612173025,372.07,372.07,372.07,372.07,372.07,0,0
1612173030,372.07,372.07,372.07,372.07,372.07,0,0
1612173035,372.07,372.07,372.07,372.07,372.07,0,0
1612173040,372.07,372.07,372.07,372.07,372.07,0,0
1612173045,372.07,372.07,372.07,372.07,372.07,0,0
1612173050,372.07,372.07,372.07,372.07,372.07,0,0
1612173055,372.07,372.07,372.07,372.07,372.07,0,0
1612173060,372.07,372.07,372.07,372.07,372.07,0,0
1612173065,372.07,372.07,372.07,372.07,372.07,0,0
1612173070,372.07,372.07,372.07,372.07,372.07,0,0
1612173075,372.07,372.07,372.07,372.07,372.07,0,0
1612173080,372.07,372.07,372.07,372.07,372.07,0,0
1612173085,372.07,372.07,372.07,372.07,372.07,0,0
1612173090,372.07,372.07,372.07,372.07,372.07,0,0
1612173095,372.07,372.07,372.07,372.07,372.07,0,0
1612173100,372.07,372.07,372.07,372.07,372.07,0,0
1612173105,372.07,372.07,372.07,372.07,372.07,0,0
1612173110,372.07,372.07,372.07,372.07,372.07,0,0
1612173115,372.07,372.07,372.07,372.07,372.07,0,0
1612173120,372.07,372.07,372.07,372.07,372.07,0,0
1612173125,372.07,372.07,372.07,372.07,372.07,0,0
1612173130,372.07,372.07,372.07,372.07,372.07,0,0
1612173135,372.07,372.07,372.07,372.07,372.07,0,0
1612173140,372.07,372.07,372.07,372.07,372.07,0,0
1612173145,372.07,372.07,372.07,372.07,372.07,0,0
1612173150,372.07,372.07,372.07,372.07,372.07,0,0
1612173155,372.07,372.07,372.07,372.07,372.07,0,0
1612173160,372.07,372.07,372.07,372.07,372.07,0,0
1612173165,372.07,372.07,372.07,372.07,372.07,0,0
1612173170,372.07,372.07,372.07,372.07,372.07,0,0
1612173175,372.07,372.07,372.07,372.07,372.07,0,0
1612173180,372.07,372.07,372.07,372.07,372.07,0,0
1612173185,372.07,372.07,372.07,372.07,372.07,0,0
1612173190,372.07,372.07,372.07,372.07,372.07,0,0
1612173195,372.07,372.07,372.07,372.07,372.07,0,0
1612173200,372.07,372.07,372.07,372.07,372.07,0,0
1612173205,372.07,372.07,372.07,372.07,372.07,0,0
1612173210,372.07,372.07,372.07,372.07,372.07,0,0
1612173215,372.07,372.07,372.07,372.07,372.07,0,0
1612173220,372.07,372.07,372.07,372.07,372.07,0,0
1612173225,372.07,372.07,372.07,372.07,372.07,0,0
1612173230,372.07,372.07,372.07,372.07,372.07,0,0
1612173235,372.07,372.07,372.07,372.07,372.07,0,0
1612173240,372.07,372.07,372.07,372.07,372.07,0,0
1612173245,372.07,372.07,372.07,372.07,372.07,0,0
1612173250,372.07,372.07,372.07,372.07,372.07,0,0
1612173255,372.07,372.07,372.07,372.07,372.07,0,0
1612173260,372.07,372.07,372.07,372.07,372.07,0,0
1612173265,372.07,372.07,372.07,372.07,372.07,0,0
1612173270,372.07,372.07,372.07,372.07,372.07,0,0
1612173275,372.07,372.07,372.07,372.07,372.07,0,0
1612173280,372.07,372.07,372.07,372.07,372.07,0,0
1612173285,372.07,372.07,372.07,372.07,372.07,0,0
1612173290,372.07,372.07,372.07,372.07,372.07,0,0
1612173295,372.07,372.07,372.07,372.07,372.07,0,0
1612173300,372.07,372.07,372.07,372.07,372.07,0,0
1612173305,372.07,372.07,372.07,372.07,372.07,0,0
1612173310,372.07,372.07,372.07,372.07,372.07,0,0
1612173315,372.07,372.07,372.07,372.07,372.07,0,0
1612173320,372.07,372.07,372.07,372.07,372.07,0,0
1612173325,372.07,372.07,372.07,372.07,372.07,0,0
1612173330,372.07,372.07,372.07,372.07,372.07,0,0
1612173335,372.07,372.07,372.07,372.07,372.07,0,0
1612173340,372.07,372.07,372.07,372.07,372.07,0,0
1612173345,372.07,372.07,372.07,372.07,372.07,0,0
1612173350,372.07,372.07,372.07,372.07,372.07,0,0
1612173355,372.07,372.07,372.07,372.07,372.07,0,0
1612173360,372.07,372.07,372.07,372.07,372.07,0,0
1612173365,372.07,372.07,372.07,372.07,372.07,0,0
1612173370,372.07,372.07,372.07,372.07,372.07,0,0
1612173375,372.07,372.07,372.07,372.07,372.07,0,0
1612173380,372.07,372.07,372.07,372.07,372.07,0,0
1612173385,372.07,372.07,372.07,372.07,372.07,0,0
1612173390,372.07,372.07,372.07,372.07,372.07,0,0
1612173395,372.07,372.07,372.07,372.07,372.07,0,0
1612173400,372.07,372.07,372.07,372.07,372.07,0,0
1612173405,372.07,372.07,372.07,372.07,372.07,0,0
1612173410,372.07,372.07,372.07,372.07,372.07,0,0
1612173415,372.07,372.07,372.07,372.07,372.07,0,0
1612173420,372.07,372.07,372.07,372.07,372.07,0,0
1612173425,372.07,372.07,372.07,372.07,372.07,0,0
1612173430,372.07,372.07,372.07,372.07,372.07,0,0
1612173435,372.07,372.07,372.07,372.07,372.07,0,0
1612173440,372.07,372.07,372.07,372.07,372.07,0,0
1612173445,372.07,372.07,372.07,372.07,372.07,0,0
1612173450,372.07,372.07,372.07,372.07,372.07,0,0
1612173455,372.07,372.07,372.07,372.07,372.07,0,0
1612173460,372.07,372.07,372.07,372.07,372.07,0,0
1612173465,372.07,372.07,372.07,372.07,372.07,0,0
1612173470,372.07,372.07,372.07,372.07,372.07,0,0
1612173475,372.07,372.07,372.07,372.07,372.07,0,0
1612173480,372.07,372.07,372.07,372.07,372.07,0,0
1612173485,372.07,372.07,372.07,372.07,372.07,0,0
1612173490,372.07,372.07,372.07,372.07,372.07,0,0
1612173495,372.07,372.07,372.07,372.07,372.07,0,0
1612173500,372.07,372.07,372.07,372.07,372.07,0,0
1612173505,372.07,372.07,372.07,372.07,372.07,0,0
1612173510,372.07,372.07,372.07,372.07,372.07,0,0
1612173515,372.07,372.07,372.07,372.07,372.07,0,0
1612173520,372.07,372.07,372.07,372.07,372.07,0,0
1612173525,372.07,372.07,372.07,372.07,372.07,0,0
1612173530,372.07,372.07,372.07,372.07,372.07,0,0
1612173535,372.07,372.07,372.07,372.07,372.07,0,0
1612173540,372.07,372.07,372.07,372.07,372.07,0,0
1612173545,372.07,372.07,372.07,372.07,372.07,0,0
1612173550,372.07,372.07,372.07,372.07,372.07,0,0
1612173555,372.07,372.07,372.07,372.07,372.07,0,0
1612173560,372.07,372.07,372.07,372.07,372.07,0,0
1612173565,372.07,372.07,372.07,372.07,372.07,0,0
1612173570,372.07,372.07,372.07,372.07,372.07,0,0
1612173575,372.07,372.07,372.07,372.07,372.07,0,0
1612173580,372.07,372.07,372.07,372.07,372.07,0,0
1612173585,372.07,372.07,372.07,372.07,372.07,0,0
1612173590,372.07,372.07,372.07,372.07,372.07,0,0
1612173595,372.07,372.07,372.07,372.07,372.07,0,0
1612173600,372.07,372.07,372.07,372.07,372.07,0,0
1612173605,372.07,372.07,372.07,372.07,372.07,0,0
1612173610,372.07,372.07,372.07,372.07,372.07,0,0
1612173615,372.07,372.07,372.07,372.07,372.07,0,0
1612173620,372.07,372.07,372.07,372.07,372.07,0,0
1612173625,372.07,372.07,372.07,372.07,372.07,0,0
1612173630,372.07,372.07,372.07,372.07,372.07,0,0
1612173635,372.07,372.07,372.07,372.07,372.07,0,0
1612173640,372.07,372.07,372.07,372.07,372.07,0,0
1612173645,372.07,372.07,372.07,372.07,372.07,0,0
1612173650,372.07,372.07,372.07,372.07,372.07,0,0
1612173655,372.07,372.07,372.07,372.07,372.07,0,0
1612173660,372.07,372.07,372.07,372.07,372.07,0,0
1612173665,372.07,372.07,372.07,372.07,372.07,0,0
1612173670,372.07,372.07,372.07,372.07,372.07,0,0
1612173675,372.07,372.07,372.07,372.07,372.07,0,0
1612173680,372.07,372.07,372.07,372.07,372.07,0,0
1612173685,372.07,372.07,372.07,372.07,372.07,0,0
1612173690,372.07,372.07,372.07,372.07,372.07,0,0
1612173695,372.07,372.07,372.07,372.07,372.07,0,0
1612173700,372.07,372.07,372.07,372.07,372.07,0,0
1612173705,372.07,372.07,372.07,372.07,372.07,0,0
1612173710,372.07,372.07,372.07,372.07,372.07,0,0
1612173715,372.07,372.07,372.07,372.07,372.07,0,0
1612173720,372.07,372.07,372.07,372.07,372.07,0,0
1612173725,372.07,372.07,372.07,372.07,372.07,0,0
1612173730,372.07,372.07,372.07,372.07,372.07,0,0
1612173735,372.07,372.07,372.07,372.07,372.07,0,0
1612173740,372.07,372.07,372.07,372.07,372.07,0,0
1612173745,372.07,372.07,372.07,372.07,372.07,0,0
1612173750,372.07,372.07,372.07,372.07,372.07,0,0
1612173755,372.07,372.07,372.07,372.07,372.07,0,0
1612173760,372.07,372.07,372.07,372.07,372.07,0,0
1612173765,372.07,372.07,372.07,372.07,372.07,0,0
1612173770,372.07,372.07,372.07,372.07,372.07,0,0
1612173775,372.07,372.07,372.07,372.07,372.07,0,0
1612173780,372.07,372.07,372.07,372.07,372.07,0,0
1612173785,372.07,372.07,372.07,372.07,372.07,0,0
1612173790,372.07,372.07,372.07,372.07,372.07,0,0
1612173795,372.07,372.07,372.07,372.07,372.07,0,0
1612173800,372.07,372.07,372.07,372.07,372.07,0,0
1612173805,372.07,372.07,372.07,372.07,372.07,0,0
1612173810,372.07,372.07,372.07,372.07,372.07,0,0
1612173815,372.07,372.07,372.07,372.07,372.07,0,0
1612173820,372.07,372.07,372.07,372.07,372.07,0,0
1612173825,372.07,372.07,372.07,372.07,372.07,0,0
1612173830,372.07,372.07,372.07,372.07,372.07,0,0
1612173835,372.07,372.07,372.07,372.07,372.07,0,0
1612173840,372.07,372.07,372.07,372.07,372.07,0,0
1612173845,372.07,372.07,372.07,372.07,372.07,0,0
1612173850,372.07,372.07,372.07,372.07,372.07,0,0
1612173855,372.07,372.07,372.07,372.07,372.07,0,0
1612173860,372.07,372.07,372.07,372.07,372.07,0,0
1612173865,372.07,372.07,372.07,372.07,372.07,0,0
1612173870,372.07,372.07,372.07,372.07,372.07,0,0
1612173875,372.07,372.07,372.07,372.07,372.07,0,0
1612173880,372.07,372.07,372.07,372.07,372.07,0,0
1612173885,372.07,372.07,372.07,372.07,372.07,0,0
1612173890,372.07,372.07,372.07,372.07,372.07,0,0
1612173895,372.07,372.07,372.07,372.07,372.07,0,0
1612173900,372.07,372.07,372.07,372.07,372.07,0,0
1612173905,372.07,372.07,372.07,372.07,372.07,0,0
1612173910,372.07,372.07,372.07,372.07,372.07,0,0
1612173915,372.07,372.07,372.07,372.07,372.07,0,0
1612173920,372.07,372.07,372.07,372.07,372.07,0,0
1612173925,372.07,372.07,372.07,372.07,372.07,0,0
1612173930,372.07,372.07,372.07,372.07,372.07,0,0
1612173935,372.07,372.07,372.07,372.07,372.07,0,0
1612173940,372.07,372.07,372.07,372.07,372.07,0,0
1612173945,372.07,372.07,372.07,372.07,372.07,0,0
1612173950,372.07,372.07,372.07,372.07,372.07,0,0
1612173955,372.07,372.07,372.07,372.07,372.07,0,0
1612173960,372.07,372.07,372.07,372.07,372.07,0,0
1612173965,372.07,372.07,372.07,372.07,372.07,0,0
1612173970,372.07,372.07,372.07,372.07,372.07,0,0
1612173975,372.07,372.07,372.07,372.07,372.07,0,0
1612173980,372.07,372.07,372.07,372.07,372.07,0,0
1612173985,372.07,372.07,372.07,372.07,372.07,0,0
1612173990,372.07,372.07,372.07,372.07,372.07,0,0
1612173995,372.07,372.07,372.07,372.07,372.07,0,0
1612174000,372.07,372.07,372.07,372.07,372.07,0,0
1612174005,372.07,372.07,372.07,372.07,372.07,0,0
1612174010,372.07,372.07,372.07,372.07,372.07,0,0
1612174015,372.07,372.07,372.07,372.07,372.07,0,0
1612174020,372.07,372.07,372.07,372.07,372.07,0,0
1612174025,372.07,372.07,372.07,372.07,372.07,0,0
1612174030,372.07,372.07,372.07,372.07,372.07,0,0
1612174035,372.07,372.07,372.07,372.07,372.07,0,0
1612174040,372.07,372.07,372.07,372.07,372.07,0,0
1612174045,372.07,372.07,372.07,372.07,372.07,0,0
1612174050,372.07,372.07,372.07,372.07,372.07,0,0
1612174055,372.07,372.07,372.07,372.07,372.07,0,0
1612174060,372.07,372.07,372.07,372.07,372.07,0,0
1612174065,372.07,372.07,372.07,372.07,372.07,0,0
1612174070,372.07,372.07,372.07,372.07,372.07,0,0
1612174075,372.07,372.07,372.07,372.07,372.07,0,0
1612174080,372.07,372.07,372.07,372.07,372.07,0,0
1612174085,372.07,372.07,372.07,372.07,372.07,0,0
1612174090,372.07,372.07,372.07,372.07,372.07,0,0
1612174095,372.07,372.07,372.07,372.07,372.07,0,0
1612174100,372.07,372.07,372.07,372.07,372.07,0,0
1612174105,372.07,372.07,372.07,372.07,372.07,0,0
1612174110,372.07,372.07,372.07,372.07,372.07,0,0
1612174115,372.07,372.07,372.07,372.07,372.07,0,0
1612174120,372.07,372.07,372.07,372.07,372.07,0,0
1612174125,372.07,372.07,372.07,372.07,372.07,0,0
1612174130,372.07,372.07,372.07,372.07,372.07,0,0
1612174135,372.07,372.07,372.07,372.07,372.07,0,0
1612174140,372.07,372.07,372.07,372.07,372.07,0,0
1612174145,372.07,372.07,372.07,372.07,372.07,0,0
1612174150,372.07,372.07,372.07,372.07,372.07,0,0
1612174155,372.07,372.07,372.07,372.07,372.07,0,0
1612174160,372.07,372.07,372.07,372.07,372.07,0,0
1612174165,372.07,372.07,372.07,372.07,372.07,0,0
1612174170,372.07,372.07,372.07,372.07,372.07,0,0
1612174175,372.07,372.07,372.07,372.07,372.07,0,0
1612174180,372.07,372.07,372.07,372.07,372.07,0,0
1612174185,372.07,372.07,372.07,372.07,372.07,0,0
1612174190,372.07,372.07,372.07,372.07,372.07,0,0
1612174195,372.07,372.07,372.07,372.07,372.07,0,0
1612174200,372.07,372.07,372.07,372.07,372.07,0,0
1612174205,372.07,372.07,372.07,372.07,372.07,0,0
1612174210,372.07,372.07,372.07,372.07,372.07,0,0
1612174215,372.07,372.07,372.07,372.07,372.07,0,0
1612174220,372.07,372.07,372.07,372.07,372.07,0,0
1612174225,372.07,372.07,372.07,372.07,372.07,0,0
1612174230,372.07,372.07,372.07,372.07,372.07,0,0
1612174235,372.07,372.07,372.07,372.07,372.07,0,0
1612174240,372.07,372.07,372.07,372.07,372.07,0,0
1612174245,372.07,372.07,372.07,372.07,372.07,0,0
1612174250,372.07,372.07,372.07,372.07,372.07,0,0
1612174255,372.07,372.07,372.07,372.07,372.07,0,0
1612174260,372.07,372.07,372.07,372.07,372.07,0,0
1612174265,372.07,372.07,372.07,372.07,372.07,0,0
1612174270,372.07,372.07,372.07,372.07,372.07,0,0
1612174275,372.07,372.07,372.07,372.07,372.07,0,0
1612174280,372.07,372.07,372.07,372.07,372.07,0,0
1612174285,372.07,372.07,372.07,372.07,372.07,0,0
1612174290,372.07,372.07,372.07,372.07,372.07,0,0
1612174295,372.07,372.07,372.07,372.07,372.07,0,0
1612174300,372.07,372.07,372.07,372.07,372.07,0,0
1612174305,372.07,372.07,372.07,372.07,372.07,0,0
1612174310,372.07,372.07,372.07,372.07,372.07,0,0
1612174315,372.07,372.07,372.07,372.07,372.07,0,0
1612174320,372.07,372.07,372.07,372.07,372.07,0,0
1612174325,372.07,372.07,372.07,372.07,372.07,0,0
1612174330,372.07,372.07,372.07,372.07,372.07,0,0
1612174335,372.07,372.07,372.07,372.07,372.07,0,0
1612174340,372.07,372.07,372.07,372.07,372.07,0,0
1612174345,372.07,372.07,372.07,372.07,372.07,0,0
1612174350,372.07,372.07,372.07,372.07,372.07,0,0
1612174355,372.07,372.07,372.07,372.07,372.07,0,0
1612174360,372.07,372.07,372.07,372.07,372.07,0,0
1612174365,372.07,372.07,372.07,372.07,372.07,0,0
1612174370,372.07,372.07,372.07,372.07,372.07,0,0
1612174375,372.07,372.07,372.07,372.07,372.07,0,0
1612174380,372.07,372.07,372.07,372.07,372.07,0,0
1612174385,372.07,372.07,372.07,372.07,372.07,0,0
1612174390,372.07,372.07,372.07,372.07,372.07,0,0
1612174395,372.07,372.07,372.07,372.07,372.07,0,0
1612174400,372.07,372.07,372.07,372.07,372.07,0,0
1612174405,372.07,372.07,372.07,372.07,372.07,0,0
1612174410,372.07,372.07,372.07,372.07,372.07,0,0
1612174415,372.07,372.07,372.07,372.07,372.07,0,0
1612174420,372.07,372.07,372.07,372.07,372.07,0,0
1612174425,372.07,372.07,372.07,372.07,372.07,0,0
1612174430,372.07,372.07,372.07,372.07,372.07,0,0
1612174435,372.07,372.07,372.07,372.07,372.07,0,0
1612174440,372.07,372.07,372.07,372.07,372.07,0,0
1612174445,372.07,372.07,372.07,372.07,372.07,0,0
1612174450,372.07,372.07,372.07,372.07,372.07,0,0
1612174455,372.07,372.07,372.07,372.07,372.07,0,0
1612174460,372.07,372.07,372.07,372.07,372.07,0,0
1612174465,372.07,372.07,372.07,372.07,372.07,0,0
1612174470,372.07,372.07,372.07,372.07,372.07,0,0
1612174475,372.07,372.07,372.07,372.07,372.07,0,0
1612174480,372.07,372.07,372.07,372.07,372.07,0,0
1612174485,372.07,372.07,372.07,372.07,372.07,0,0
1612174490,372.07,372.07,372.07,372.07,372.07,0,0
1612174495,372.07,372.07,372.07,372.07,372.07,0,0
1612174500,372.07,372.07,372.07,372.07,372.07,0,0
1612174505,372.07,372.07,372.07,372.07,372.07,0,0
1612174510,372.07,372.07,372.07,372.07,372.07,0,0
1612174515,372.07,372.07,372.07,372.07,372.07,0,0
1612174520,372.07,372.07,372.07,372.07,372.07,0,0
1612174525,372.07,372.07,372.07,372.07,372.07,0,0
1612174530,372.07,372.07,372.07,372.07,372.07,0,0
1612174535,372.07,372.07,372.07,372.07,372.07,0,0
1612174540,372.07,372.07,372.07,372.07,372.07,0,0
1612174545,372.07,372.07,372.07,372.07,372.07,0,0
1612174550,372.07,372.07,372.07,372.07,372.07,0,0
1612174555,372.07,372.07,372.07,372.07,372.07,0,0
1612174560,372.07,372.07,372.07,372.07,372.07,0,0
1612174565,372.07,372.07,372.07,372.07,372.07,0,0
1612174570,372.07,372.07,372.07,372.07,372.07,0,0
1612174575,372.07,372.07,372.07,372.07,372.07,0,0
1612174580,372.07,372.07,372.07,372.07,372.07,0,0
1612174585,372.07,372.07,372.07,372.07,372.07,0,0
1612174590,372.07,372.07,372.07,372.07,372.07,0,0
1612174595,372.07,372.07,372.07,372.07,372.07,0,0
1612174600,372.07,372.07,372.07,372.07,372.07,0,0
1612174605,372.07,372.07,372.07,372.07,372.07,0,0
1612174610,372.07,372.07,372.07,372.07,372.07,0,0
1612174615,372.07,372.07,372.07,372.07,372.07,0,0
1612174620,372.07,372.07,372.07,372.07,372.07,0,0
1612174625,372.07,372.07,372.07,372.07,372.07,0,0
1612174630,372.07,372.07,372.07,372.07,372.07,0,0
1612174635,372.07,372.07,372.07,372.07,372.07,0,0
1612174640,372.07,372.07,372.07,372.07,372.07,0,0
1612174645,372.07,372.07,372.07,372.07,372.07,0,0
1612174650,372.07,372.07,372.07,372.07,372.07,0,0
1612174655,372.07,372.07,372.07,372.07,372.07,0,0
1612174660,372.07,372.07,372.07,372.07,372.07,0,0
1612174665,372.07,372.07,372.07,372.07,372.07,0,0
1612174670,372.07,372.07,372.07,372.07,372.07,0,0
1612174675,372.07,372.07,372.07,372.07,372.07,0,0
1612174680,372.07,372.07,372.07,372.07,372.07,0,0
1612174685,372.07,372.07,372.07,372.07,372.07,0,0
1612174690,372.07,372.07,372.07,372.07,372.07,0,0
1612174695,372.07,372.07,372.07,372.07,372.07,0,0
1612174700,372.07,372.07,372.07,372.07,372.07,0,0
1612174705,372.07,372.07,372.07,372.07,372.07,0,0
1612174710,372.07,372.07,372.07,372.07,372.07,0,0
1612174715,372.07,372.07,372.07,372.07,372.07,0,0
1612174720,372.07,372.07,372.07,372.07,372.07,0,0
1612174725,372.07,372.07,372.07,372.07,372.07,0,0
1612174730,372.07,372.07,372.07,372.07,372.07,0,0
1612174735,372.07,372.07,372.07,372.07,372.07,0,0
1612174740,372.07,372.07,372.07,372.07,372.07,0,0
1612174745,372.07,372.07,372.07,372.07,372.07,0,0
1612174750,372.07,372.07,372.07,372.07,372.07,0,0
1612174755,372.07,372.07,372.07,372.07,372.07,0,0
1612174760,372.07,372.07,372.07,372.07,372.07,0,0
1612174765,372.07,372.07,372.07,372.07,372.07,0,0
1612174770,372.07,372.07,372.07,372.07,372.07,0,0
1612174775,372.07,372.07,372.07,372.07,372.07,0,0
1612174780,372.07,372.07,372.07,372.07,372.07,0,0
1612174785,372.07,372.07,372.07,372.07,372.07,0,0
1612174790,372.07,372.07,372.07,372.07,372.07,0,0
1612174795,372.07,372.07,372.07,372.07,372.07,0,0
1612174800,372.07,372.07,372.07,372.07,372.07,0,0
1612174805,372.07,372.07,372.07,372.07,372.07,0,0
1612174810,372.07,372.07,372.07,372.07,372.07,0,0
1612174815,372.07,372.07,372.07,372.07,372.07,0,0
1612174820,372.07,372.07,372.07,372.07,372.07,0,0
1612174825,372.07,372.07,372.07,372.07,372.07,0,0
1612174830,372.07,372.07,372.07,372.07,372.07,0,0
1612174835,372.07,372.07,372.07,372.07,372.07,0,0
1612174840,372.07,372.07,372.07,372.07,372.07,0,0
1612174845,372.07,372.07,372.07,372.07,372.07,0,0
1612174850,372.07,372.07,372.07,372.07,372.07,0,0
1612174855,372.07,372.07,372.07,372.07,372.07,0,0
1612174860,372.07,372.07,372.07,372.07,372.07,0,0
1612174865,372.07,372.07,372.07,372.07,372.07,0,0
1612174870,372.07,372.07,372.07,372.07,372.07,0,0
1612174875,372.07,372.07,372.07,372.07,372.07,0,0
1612174880,372.07,372.07,372.07,372.07,372.07,0,0
1612174885,372.07,372.07,372.07,372.07,372.07,0,0
1612174890,372.07,372.07,372.07,372.07,372.07,0,0
1612174895,372.07,372.07,372.07,372.07,372.07,0,0
1612174900,372.07,372.07,372.07,372.07,372.07,0,0
1612174905,372.07,372.07,372.07,372.07,372.07,0,0
1612174910,372.07,372.07,372.07,372.07,372.07,0,0
1612174915,372.07,372.07,372.07,372.07,372.07,0,0
1612174920,372.07,372.07,372.07,372.07,372.07,0,0
1612174925,372.07,372.07,372.07,372.07,372.07,0,0
1612174930,372.07,372.07,372.07,372.07,372.07,0,0
1612174935,372.07,372.07,372.07,372.07,372.07,0,0
1612174940,372.07,372.07,372.07,372.07,372.07,0,0
1612174945,372.07,372.07,372.07,372.07,372.07,0,0
1612174950,372.07,372.07,372.07,372.07,372.07,0,0
1612174955,372.07,372.07,372.07,372.07,372.07,0,0
1612174960,372.07,372.07,372.07,372.07,372.07,0,0
1612174965,372.07,372.07,372.07,372.07,372.07,0,0
1612174970,372.07,372.07,372.07,372.07,372.07,0,0
1612174975,372.07,372.07,372.07,372.07,372.07,0,0
1612174980,372.07,372.07,372.07,372.07,372.07,0,0
1612174985,372.07,372.07,372.07,372.07,372.07,0,0
1612174990,372.07,372.07,372.07,372.07,372.07,0,0
1612174995,372.07,372.07,372.07,372.07,372.07,0,0
1612175000,372.07,372.07,372.07,372.07,372.07,0,0
1612175005,372.07,372.07,372.07,372.07,372.07,0,0
1612175010,372.07,372.07,372.07,372.07,372.07,0,0
1612175015,372.07,372.07,372.07,372.07,372.07,0,0
1612175020,372.07,372.07,372.07,372.07,372.07,0,0
1612175025,372.07,372.07,372.07,372.07,372.07,0,0
1612175030,372.07,372.07,372.07,372.07,372.07,0,0
1612175035,372.07,372.07,372.07,372.07,372.07,0,0
1612175040,372.07,372.07,372.07,372.07,372.07,0,0
1612175045,372.07,372.07,372.07,372.07,372.07,0,0
1612175050,372.07,372.07,372.07,372.07,372.07,0,0
1612175055,372.07,372.07,372.07,372.07,372.07,0,0
1612175060,372.07,372.07,372.07,372.07,372.07,0,0
1612175065,372.07,372.07,372.07,372.07,372.07,0,0
1612175070,372.07,372.07,372.07,372.07,372.07,0,0
1612175075,372.07,372.07,372.07,372.07,372.07,0,0
1612175080,372.07,372.07,372.07,372.07,372.07,0,0
1612175085,372.07,372.07,372.07,372.07,372.07,0,0
1612175090,372.07,372.07,372.07,372.07,372.07,0,0
1612175095,372.07,372.07,372.07,372.07,372.07,0,0
1612175100,372.07,372.07,372.07,372.07,372.07,0,0
1612175105,372.07,372.07,372.07,372.07,372.07,0,0
1612175110,372.07,372.07,372.07,372.07,372.07,0,0
1612175115,372.07,372.07,372.07,372.07,372.07,0,0
1612175120,372.07,372.07,372.07,372.07,372.07,0,0
1612175125,372.07,372.07,372.07,372.07,372.07,0,0
1612175130,372.07,372.07,372.07,372.07,372.07,0,0
1612175135,372.07,372.07,372.07,372.07,372.07,0,0
1612175140,372.07,372.07,372.07,372.07,372.07,0,0
1612175145,372.07,372.07,372.07,372.07,372.07,0,0
1612175150,372.07,372.07,372.07,372.07,372.07,0,0
1612175155,372.07,372.07,372.07,372.07,372.07,0,0
1612175160,372.07,372.07,372.07,372.07,372.07,0,0
1612175165,372.07,372.07,372.07,372.07,372.07,0,0
1612175170,372.07,372.07,372.07,372.07,372.07,0,0
1612175175,372.07,372.07,372.07,372.07,372.07,0,0
1612175180,372.07,372.07,372.07,372.07,372.07,0,0
1612175185,372.07,372.07,372.07,372.07,372.07,0,0
1612175190,372.07,372.07,372.07,372.07,372.07,0,0
1612175195,372.07,372.07,372.07,372.07,372.07,0,0
1612175200,372.07,372.07,372.07,372.07,372.07,0,0
1612175205,372.07,372.07,372.07,372.07,372.07,0,0
1612175210,372.07,372.07,372.07,372.07,372.07,0,0
1612175215,372.07,372.07,372.07,372.07,372.07,0,0
1612175220,372.07,372.07,372.07,372.07,372.07,0,0
1612175225,372.07,372.07,372.07,372.07,372.07,0,0
1612175230,372.07,372.07,372.07,372.07,372.07,0,0
1612175235,372.07,372.07,372.07,372.07,372.07,0,0
1612175240,372.07,372.07,372.07,372.07,372.07,0,0
1612175245,372.07,372.07,372.07,372.07,372.07,0,0
1612175250,372.07,372.07,372.07,372.07,372.07,0,0
1612175255,372.07,372.07,372.07,372.07,372.07,0,0
1612175260,372.07,372.07,372.07,372.07,372.07,0,0
1612175265,372.07,372.07,372.07,372.07,372.07,0,0
1612175270,372.07,372.07,372.07,372.07,372.07,0,0
1612175275,372.07,372.07,372.07,372.07,372.07,0,0
1612175280,372.07,372.07,372.07,372.07,372.07,0,0
1612175285,372.07,372.07,372.07,372.07,372.07,0,0
1612175290,372.07,372.07,372.07,372.07,372.07,0,0
1612175295,372.07,372.07,372.07,372.07,372.07,0,0
1612175300,372.07,372.07,372.07,372.07,372.07,0,0
1612175305,372.07,372.07,372.07,372.07,372.07,0,0
1612175310,372.07,372.07,372.07,372.07,372.07,0,0
1612175315,372.07,372.07,372.07,372.07,372.07,0,0
1612175320,372.07,372.07,372.07,372.07,372.07,0,0
1612175325,372.07,372.07,372.07,372.07,372.07,0,0
1612175330,372.07,372.07,372.07,372.07,372.07,0,0
1612175335,372.07,372.07,372.07,372.07,372.07,0,0
1612175340,372.07,372.07,372.07,372.07,372.07,0,0
1612175345,372.07,372.07,372.07,372.07,372.07,0,0
1612175350,372.07,372.07,372.07,372.07,372.07,0,0
1612175355,372.07,372.07,372.07,372.07,372.07,0,0
1612175360,372.07,372.07,372.07,372.07,372.07,0,0
1612175365,372.07,372.07,372.07,372.07,372.07,0,0
1612175370,372.07,372.07,372.07,372.07,372.07,0,0
1612175375,372.07,372.07,372.07,372.07,372.07,0,0
1612175380,372.07,372.07,372.07,372.07,372.07,0,0
1612175385,372.07,372.07,372.07,372.07,372.07,0,0
1612175390,372.07,372.07,372.07,372.07,372.07,0,0
1612175395,372.07,372.07,372.07,372.07,372.07,0,0
1612175400,372.07,372.07,372.07,372.07,372.07,0,0
1612175405,372.07,372.07,372.07,372.07,372.07,0,0
1612175410,372.07,372.07,372.07,372.07,372.07,0,0
1612175415,372.07,372.07,372.07,372.07,372.07,0,0
1612175420,372.07,372.07,372.07,372.07,372.07,0,0
1612175425,372.07,372.07,372.07,372.07,372.07,0,0
1612175430,372.07,372.07,372.07,372.07,372.07,0,0
1612175435,372.07,372.07,372.07,372.07,372.07,0,0
1612175440,372.07,372.07,372.07,372.07,372.07,0,0
1612175445,372.07,372.07,372.07,372.07,372.07,0,0
1612175450,372.07,372.07,372.07,372.07,372.07,0,0
1612175455,372.07,372.07,372.07,372.07,372.07,0,0
1612175460,372.07,372.07,372.07,372.07,372.07,0,0
1612175465,372.07,372.07,372.07,372.07,372.07,0,0
1612175470,372.07,372.07,372.07,372.07,372.07,0,0
1612175475,372.07,372.07,372.07,372.07,372.07,0,0
1612175480,372.07,372.07,372.07,372.07,372.07,0,0
1612175485,372.07,372.07,372.07,372.07,372.07,0,0
1612175490,372.07,372.07,372.07,372.07,372.07,0,0
1612175495,372.07,372.07,372.07,372.07,372.07,0,0
1612175500,372.07,372.07,372.07,372.07,372.07,0,0
1612175505,372.07,372.07,372.07,372.07,372.07,0,0
1612175510,372.07,372.07,372.07,372.07,372.07,0,0
1612175515,372.07,372.07,372.07,372.07,372.07,0,0
1612175520,372.07,372.07,372.07,372.07,372.07,0,0
1612175525,372.07,372.07,372.07,372.07,372.07,0,0
1612175530,372.07,372.07,372.07,372.07,372.07,0,0
1612175535,372.07,372.07,372.07,372.07,372.07,0,0
1612175540,372.07,372.07,372.07,372.07,372.07,0,0
1612175545,372.07,372.07,372.07,372.07,372.07,0,0
1612175550,372.07,372.07,372.07,372.07,372.07,0,0
1612175555,372.07,372.07,372.07,372.07,372.07,0,0
1612175560,372.07,372.07,372.07,372.07,372.07,0,0
1612175565,372.07,372.07,372.07,372.07,372.07,0,0
1612175570,372.07,372.07,372.07,372.07,372.07,0,0
1612175575,372.07,372.07,372.07,372.07,372.07,0,0
1612175580,372.07,372.07,372.07,372.07,372.07,0,0
1612175585,372.07,372.07,372.07,372.07,372.07,0,0
1612175590,372.07,372.07,372.07,372.07,372.07,0,0
1612175595,372.07,372.07,372.07,372.07,372.07,0,0
1612175600,372.07,372.07,372.07,372.07,372.07,0,0
1612175605,372.07,372.07,372.07,372.07,372.07,0,0
1612175610,372.07,372.07,372.07,372.07,372.07,0,0
1612175615,372.07,372.07,372.07,372.07,372.07,0,0
1612175620,372.07,372.07,372.07,372.07,372.07,0,0
1612175625,372.07,372.07,372.07,372.07,372.07,0,0
1612175630,372.07,372.07,372.07,372.07,372.07,0,0
1612175635,372.07,372.07,372.07,372.07,372.07,0,0
1612175640,372.07,372.07,372.07,372.07,372.07,0,0
1612175645,372.07,372.07,372.07,372.07,372.07,0,0
1612175650,372.07,372.07,372.07,372.07,372.07,0,0
1612175655,372.07,372.07,372.07,372.07,372.07,0,0
1612175660,372.07,372.07,372.07,372.07,372.07,0,0
1612175665,372.07,372.07,372.07,372.07,372.07,0,0
1612175670,372.07,372.07,372.07,372.07,372.07,0,0
1612175675,372.07,372.07,372.07,372.07,372.07,0,0
1612175680,372.07,372.07,372.07,372.07,372.07,0,0
1612175685,372.07,372.07,372.07,372.07,372.07,0,0
1612175690,372.07,372.07,372.07,372.07,372.07,0,0
1612175695,372.07,372.07,372.07,372.07,372.07,0,0
1612175700,372.07,372.07,372.07,372.07,372.07,0,0
1612175705,372.07,372.07,372.07,372.07,372.07,0,0
1612175710,372.07,372.07,372.07,372.07,372.07,0,0
1612175715,372.07,372.07,372.07,372.07,372.07,0,0
1612175720,372.07,372.07,372.07,372.07,372.07,0,0
1612175725,372.07,372.07,372.07,372.07,372.07,0,0
1612175730,372.07,372.07,372.07,372.07,372.07,0,0
1612175735,372.07,372.07,372.07,372.07,372.07,0,0
1612175740,372.07,372.07,372.07,372.07,372.07,0,0
1612175745,372.07,372.07,372.07,372.07,372.07,0,0
1612175750,372.07,372.07,372.07,372.07,372.07,0,0
1612175755,372.07,372.07,372.07,372.07,372.07,0,0
1612175760,372.07,372.07,372.07,372.07,372.07,0,0
1612175765,372.07,372.07,372.07,372.07,372.07,0,0
1612175770,372.07,372.07,372.07,372.07,372.07,0,0
1612175775,372.07,372.07,372.07,372.07,372.07,0,0
1612175780,372.07,372.07,372.07,372.07,372.07,0,0
1612175785,372.07,372.07,372.07,372.07,372.07,0,0
1612175790,372.07,372.07,372.07,372.07,372.07,0,0
1612175795,372.07,372.07,372.07,372.07,372.07,0,0
1612175800,372.07,372.07,372.07,372.07,372.07,0,0
1612175805,372.07,372.07,372.07,372.07,372.07,0,0
1612175810,372.07,372.07,372.07,372.07,372.07,0,0
1612175815,372.07,372.07,372.07,372.07,372.07,0,0
1612175820,372.07,372.07,372.07,372.07,372.07,0,0
1612175825,372.07,372.07,372.07,372.07,372.07,0,0
1612175830,372.07,372.07,372.07,372.07,372.07,0,0
1612175835,372.07,372.07,372.07,372.07,372.07,0,0
1612175840,372.07,372.07,372.07,372.07,372.07,0,0
1612175845,372.07,372.07,372.07,372.07,372.07,0,0
1612175850,372.07,372.07,372.07,372.07,372.07,0,0
1612175855,372.07,372.07,372.07,372.07,372.07,0,0
1612175860,372.07,372.07,372.07,372.07,372.07,0,0
1612175865,372.07,372.07,372.07,372.07,372.07,0,0
1612175870,372.07,372.07,372.07,372.07,372.07,0,0
1612175875,372.07,372.07,372.07,372.07,372.07,0,0
1612175880,372.07,372.07,372.07,372.07,372.07,0,0
1612175885,372.07,372.07,372.07,372.07,372.07,0,0
1612175890,372.07,372.07,372.07,372.07,372.07,0,0
1612175895,372.07,372.07,372.07,372.07,372.07,0,0
1612175900,372.07,372.07,372.07,372.07,372.07,0,0
1612175905,372.07,372.07,372.07,372.07,372.07,0,0
1612175910,372.07,372.07,372.07,372.07,372.07,0,0
1612175915,372.07,372.07,372.07,372.07,372.07,0,0
1612175920,372.07,372.07,372.07,372.07,372.07,0,0
1612175925,372.07,372.07,372.07,372.07,372.07,0,0
1612175930,372.07,372.07,372.07,372.07,372.07,0,0
1612175935,372.07,372.07,372.07,372.07,372.07,0,0
1612175940,372.07,372.07,372.07,372.07,372.07,0,0
1612175945,372.07,372.07,372.07,372.07,372.07,0,0
1612175950,372.07,372.07,372.07,372.07,372.07,0,0
1612175955,372.07,372.07,372.07,372.07,372.07,0,0
1612175960,372.07,372.07,372.07,372.07,372.07,0,0
1612175965,372.07,372.07,372.07,372.07,372.07,0,0
1612175970,372.07,372.07,372.07,372.07,372.07,0,0
1612175975,372.07,372.07,372.07,372.07,372.07,0,0
1612175980,372.07,372.07,372.07,372.07,372.07,0,0
1612175985,372.07,372.07,372.07,372.07,372.07,0,0
1612175990,372.07,372.07,372.07,372.07,372.07,0,0
1612175995,372.07,372.07,372.07,372.07,372.07,0,0
1612176000,372.07,372.07,372.07,372.07,372.07,0,0
1612176005,372.07,372.07,372.07,372.07,372.07,0,0
1612176010,372.07,372.07,372.07,372.07,372.07,0,0
1612176015,372.07,372.07,372.07,372.07,372.07,0,0
1612176020,372.07,372.07,372.07,372.07,372.07,0,0
1612176025,372.07,372.07,372.07,372.07,372.07,0,0
1612176030,372.07,372.07,372.07,372.07,372.07,0,0
1612176035,372.07,372.07,372.07,372.07,372.07,0,0
1612176040,372.07,372.07,372.07,372.07,372.07,0,0
1612176045,372.07,372.07,372.07,372.07,372.07,0,0
1612176050,372.07,372.07,372.07,372.07,372.07,0,0
1612176055,372.07,372.07,372.07,372.07,372.07,0,0
1612176060,372.07,372.07,372.07,372.07,372.07,0,0
1612176065,372.07,372.07,372.07,372.07,372.07,0,0
1612176070,372.07,372.07,372.07,372.07,372.07,0,0
1612176075,372.07,372.07,372.07,372.07,372.07,0,0
1612176080,372.07,372.07,372.07,372.07,372.07,0,0
1612176085,372.07,372.07,372.07,372.07,372.07,0,0
1612176090,372.07,372.07,372.07,372.07,372.07,0,0
1612176095,372.07,372.07,372.07,372.07,372.07,0,0
1612176100,372.07,372.07,372.07,372.07,372.07,0,0
1612176105,372.07,372.07,372.07,372.07,372.07,0,0
1612176110,372.07,372.07,372.07,372.07,372.07,0,0
1612176115,372.07,372.07,372.07,372.07,372.07,0,0
1612176120,372.07,372.07,372.07,372.07,372.07,0,0
1612176125,372.07,372.07,372.07,372.07,372.07,0,0
1612176130,372.07,372.07,372.07,372.07,372.07,0,0
1612176135,372.07,372.07,372.07,372.07,372.07,0,0
1612176140,372.07,372.07,372.07,372.07,372.07,0,0
1612176145,372.07,372.07,372.07,372.07,372.07,0,0
1612176150,372.07,372.07,372.07,372.07,372.07,0,0
1612176155,372.07,372.07,372.07,372.07,372.07,0,0
1612176160,372.07,372.07,372.07,372.07,372.07,0,0
1612176165,372.07,372.07,372.07,372.07,372.07,0,0
1612176170,372.07,372.07,372.07,372.07,372.07,0,0
1612176175,372.07,372.07,372.07,372.07,372.07,0,0
1612176180,372.07,372.07,372.07,372.07,372.07,0,0
1612176185,372.07,372.07,372.07,372.07,372.07,0,0
1612176190,372.07,372.07,372.07,372.07,372.07,0,0
1612176195,372.07,372.07,372.07,372.07,372.07,0,0
1612176200,372.07,372.07,372.07,372.07,372.07,0,0
1612176205,372.07,372.07,372.07,372.07,372.07,0,0
1612176210,372.07,372.07,372.07,372.07,372.07,0,0
1612176215,372.07,372.07,372.07,372.07,372.07,0,0
1612176220,372.07,372.07,372.07,372.07,372.07,0,0
1612176225,372.07,372.07,372.07,372.07,372.07,0,0
1612176230,372.07,372.07,372.07,372.07,372.07,0,0
1612176235,372.07,372.07,372.07,372.07,372.07,0,0
1612176240,372.07,372.07,372.07,372.07,372.07,0,0
1612176245,372.07,372.07,372.07,372.07,372.07,0,0
1612176250,372.07,372.07,372.07,372.07,372.07,0,0
1612176255,372.07,372.07,372.07,372.07,372.07,0,0
1612176260,372.07,372.07,372.07,372.07,372.07,0,0
1612176265,372.07,372.07,372.07,372.07,372.07,0,0
1612176270,372.07,372.07,372.07,372.07,372.07,0,0
1612176275,372.07,372.07,372.07,372.07,372.07,0,0
1612176280,372.07,372.07,372.07,372.07,372.07,0,0
1612176285,372.07,372.07,372.07,372.07,372.07,0,0
1612176290,372.07,372.07,372.07,372.07,372.07,0,0
1612176295,372.07,372.07,372.07,372.07,372.07,0,0
1612176300,372.07,372.07,372.07,372.07,372.07,0,0
1612176305,372.07,372.07,372.07,372.07,372.07,0,0
1612176310,372.07,372.07,372.07,372.07,372.07,0,0
1612176315,372.07,372.07,372.07,372.07,372.07,0,0
1612176320,372.07,372.07,372.07,372.07,372.07,0,0
1612176325,372.07,372.07,372.07,372.07,372.07,0,0
1612176330,372.07,372.07,372.07,372.07,372.07,0,0
1612176335,372.07,372.07,372.07,372.07,372.07,0,0
1612176340,372.07,372.07,372.07,372.07,372.07,0,0
1612176345,372.07,372.07,372.07,372.07,372.07,0,0
1612176350,372.07,372.07,372.07,372.07,372.07,0,0
1612176355,372.07,372.07,372.07,372.07,372.07,0,0
1612176360,372.07,372.07,372.07,372.07,372.07,0,0
1612176365,372.07,372.07,372.07,372.07,372.07,0,0
1612176370,372.07,372.07,372.07,372.07,372.07,0,0
1612176375,372.07,372.07,372.07,372.07,372.07,0,0
1612176380,372.07,372.07,372.07,372.07,372.07,0,0
1612176385,372.07,372.07,372.07,372.07,372.07,0,0
1612176390,372.07,372.07,372.07,372.07,372.07,0,0
1612176395,372.07,372.07,372.07,372.07,372.07,0,0
1612176400,372.07,372.07,372.07,372.07,372.07,0,0
1612176405,372.07,372.07,372.07,372.07,372.07,0,0
1612176410,372.07,372.07,372.07,372.07,372.07,0,0
1612176415,372.07,372.07,372.07,372.07,372.07,0,0
1612176420,372.07,372.07,372.07,372.07,372.07,0,0
1612176425,372.07,372.07,372.07,372.07,372.07,0,0
1612176430,372.07,372.07,372.07,372.07,372.07,0,0
1612176435,372.07,372.07,372.07,372.07,372.07,0,0
1612176440,372.07,372.07,372.07,372.07,372.07,0,0
1612176445,372.07,372.07,372.07,372.07,372.07,0,0
1612176450,372.07,372.07,372.07,372.07,372.07,0,0
1612176455,372.07,372.07,372.07,372.07,372.07,0,0
1612176460,372.07,372.07,372.07,372.07,372.07,0,0
1612176465,372.07,372.07,372.07,372.07,372.07,0,0
1612176470,372.07,372.07,372.07,372.07,372.07,0,0
1612176475,372.07,372.07,372.07,372.07,372.07,0,0
1612176480,372.07,372.07,372.07,372.07,372.07,0,0
1612176485,372.07,372.07,372.07,372.07,372.07,0,0
1612176490,372.07,372.07,372.07,372.07,372.07,0,0
1612176495,372.07,372.07,372.07,372.07,372.07,0,0
1612176500,372.07,372.07,372.07,372.07,372.07,0,0
1612176505,372.07,372.07,372.07,372.07,372.07,0,0
1612176510,372.07,372.07,372.07,372.07,372.07,0,0
1612176515,372.07,372.07,372.07,372.07,372.07,0,0
1612176520,372.07,372.07,372.07,372.07,372.07,0,0
1612176525,372.07,372.07,372.07,372.07,372.07,0,0
1612176530,372.07,372.07,372.07,372.07,372.07,0,0
1612176535,372.07,372.07,372.07,372.07,372.07,0,0
1612176540,372.07,372.07,372.07,372.07,372.07,0,0
1612176545,372.07,372.07,372.07,372.07,372.07,0,0
1612176550,372.07,372.07,372.07,372.07,372.07,0,0
1612176555,372.07,372.07,372.07,372.07,372.07,0,0
1612176560,372.07,372.07,372.07,372.07,372.07,0,0
1612176565,372.07,372.07,372.07,372.07,372.07,0,0
1612176570,372.07,372.07,372.07,372.07,372.07,0,0
1612176575,372.07,372.07,372.07,372.07,372.07,0,0
1612176580,372.07,372.07,372.07,372.07,372.07,0,0
1612176585,372.07,372.07,372.07,372.07,372.07,0,0
1612176590,372.07,372.07,372.07,372.07,372.07,0,0
1612176595,372.07,372.07,372.07,372.07,372.07,0,0
1612176600,372.07,372.07,372.07,372.07,372.07,0,0
1612176605,372.07,372.07,372.07,372.07,372.07,0,0
1612176610,372.07,372.07,372.07,372.07,372.07,0,0
1612176615,372.07,372.07,372.07,372.07,372.07,0,0
1612176620,372.07,372.07,372.07,372.07,372.07,0,0
1612176625,372.07,372.07,372.07,372.07,372.07,0,0
1612176630,372.07,372.07,372.07,372.07,372.07,0,0
1612176635,372.07,372.07,372.07,372.07,372.07,0,0
1612176640,372.07,372.07,372.07,372.07,372.07,0,0
1612176645,372.07,372.07,372.07,372.07,372.07,0,0
1612176650,372.07,372.07,372.07,372.07,372.07,0,0
1612176655,372.07,372.07,372.07,372.07,372.07,0,0
1612176660,372.07,372.07,372.07,372.07,372.07,0,0
1612176665,372.07,372.07,372.07,372.07,372.07,0,0
1612176670,372.07,372.07,372.07,372.07,372.07,0,0
1612176675,372.07,372.07,372.07,372.07,372.07,0,0
1612176680,372.07,372.07,372.07,372.07,372.07,0,0
1612176685,372.07,372.07,372.07,372.07,372.07,0,0
1612176690,372.07,372.07,372.07,372.07,372.07,0,0
1612176695,372.07,372.07,372.07,372.07,372.07,0,0
1612176700,372.07,372.07,372.07,372.07,372.07,0,0
1612176705,372.07,372.07,372.07,372.07,372.07,0,0
1612176710,372.07,372.07,372.07,372.07,372.07,0,0
1612176715,372.07,372.07,372.07,372.07,372.07,0,0
1612176720,372.07,372.07,372.07,372.07,372.07,0,0
1612176725,372.07,372.07,372.07,372.07,372.07,0,0
1612176730,372.07,372.07,372.07,372.07,372.07,0,0
1612176735,372.07,372.07,372.07,372.07,372.07,0,0
1612176740,372.07,372.07,372.07,372.07,372.07,0,0
1612176745,372.07,372.07,372.07,372.07,372.07,0,0
1612176750,372.07,372.07,372.07,372.07,372.07,0,0
1612176755,372.07,372.07,372.07,372.07,372.07,0,0
1612176760,372.07,372.07,372.07,372.07,372.07,0,0
1612176765,372.07,372.07,372.07,372.07,372.07,0,0
1612176770,372.07,372.07,372.07,372.07,372.07,0,0
1612176775,372.07,372.07,372.07,372.07,372.07,0,0
1612176780,372.07,372.07,372.07,372.07,372.07,0,0
1612176785,372.07,372.07,372.07,372.07,372.07,0,0
1612176790,372.07,372.07,372.07,372.07,372.07,0,0
1612176795,372.07,372.07,372.07,372.07,372.07,0,0
1612176800,372.07,372.07,372.07,372.07,372.07,0,0
1612176805,372.07,372.07,372.07,372.07,372.07,0,0
1612176810,372.07,372.07,372.07,372.07,372.07,0,0
1612176815,372.07,372.07,372.07,372.07,372.07,0,0
1612176820,372.07,372.07,372.07,372.07,372.07,0,0
1612176825,372.07,372.07,372.07,372.07,372.07,0,0
1612176830,372.07,372.07,372.07,372.07,372.07,0,0
1612176835,372.07,372.07,372.07,372.07,372.07,0,0
1612176840,372.07,372.07,372.07,372.07,372.07,0,0
1612176845,372.07,372.07,372.07,372.07,372.07,0,0
1612176850,372.07,372.07,372.07,372.07,372.07,0,0
1612176855,372.07,372.07,372.07,372.07,372.07,0,0
1612176860,372.07,372.07,372.07,372.07,372.07,0,0
1612176865,372.07,372.07,372.07,372.07,372.07,0,0
1612176870,372.07,372.07,372.07,372.07,372.07,0,0
1612176875,372.07,372.07,372.07,372.07,372.07,0,0
1612176880,372.07,372.07,372.07,372.07,372.07,0,0
1612176885,372.07,372.07,372.07,372.07,372.07,0,0
1612176890,372.07,372.07,372.07,372.07,372.07,0,0
1612176895,372.07,372.07,372.07,372.07,372.07,0,0
1612176900,372.07,372.07,372.07,372.07,372.07,0,0
1612176905,372.07,372.07,372.07,372.07,372.07,0,0
1612176910,372.07,372.07,372.07,372.07,372.07,0,0
1612176915,372.07,372.07,372.07,372.07,372.07,0,0
1612176920,372.07,372.07,372.07,372.07,372.07,0,0
1612176925,372.07,372.07,372.07,372.07,372.07,0,0
1612176930,372.07,372.07,372.07,372.07,372.07,0,0
1612176935,372.07,372.07,372.07,372.07,372.07,0,0
1612176940,372.07,372.07,372.07,372.07,372.07,0,0
1612176945,372.07,372.07,372.07,372.07,372.07,0,0
1612176950,372.07,372.07,372.07,372.07,372.07,0,0
1612176955,372.07,372.07,372.07,372.07,372.07,0,0
1612176960,372.07,372.07,372.07,372.07,372.07,0,0
1612176965,372.07,372.07,372.07,372.07,372.07,0,0
1612176970,372.07,372.07,372.07,372.07,372.07,0,0
1612176975,372.07,372.07,372.07,372.07,372.07,0,0
1612176980,372.07,372.07,372.07,372.07,372.07,0,0
1612176985,372.07,372.07,372.07,372.07,372.07,0,0
1612176990,372.07,372.07,372.07,372.07,372.07,0,0
1612176995,372.07,372.07,372.07,372.07,372.07,0,0
1612177000,372.07,372.07,372.07,372.07,372.07,0,0
1612177005,372.07,372.07,372.07,372.07,372.07,0,0
1612177010,372.07,372.07,372.07,372.07,372.07,0,0
1612177015,372.07,372.07,372.07,372.07,372.07,0,0
1612177020,372.07,372.07,372.07,372.07,372.07,0,0
1612177025,372.07,372.07,372.07,372.07,372.07,0,0
1612177030,372.07,372.07,372.07,372.07,372.07,0,0
1612177035,372.07,372.07,372.07,372.07,372.07,0,0
1612177040,372.07,372.07,372.07,372.07,372.07,0,0
1612177045,372.07,372.07,372.07,372.07,372.07,0,0
1612177050,372.07,372.07,372.07,372.07,372.07,0,0
1612177055,372.07,372.07,372.07,372.07,372.07,0,0
1612177060,372.07,372.07,372.07,372.07,372.07,0,0
1612177065,372.07,372.07,372.07,372.07,372.07,0,0
1612177070,372.07,372.07,372.07,372.07,372.07,0,0
1612177075,372.07,372.07,372.07,372.07,372.07,0,0
1612177080,372.07,372.07,372.07,372.07,372.07,0,0
1612177085,372.07,372.07,372.07,372.07,372.07,0,0
1612177090,372.07,372.07,372.07,372.07,372.07,0,0
1612177095,372.07,372.07,372.07,372.07,372.07,0,0
1612177100,372.07,372.07,372.07,372.07,372.07,0,0
1612177105,372.07,372.07,372.07,372.07,372.07,0,0
1612177110,372.07,372.07,372.07,372.07,372.07,0,0
1612177115,372.07,372.07,372.07,372.07,372.07,0,0
1612177120,372.07,372.07,372.07,372.07,372.07,0,0
1612177125,372.07,372.07,372.07,372.07,372.07,0,0
1612177130,372.07,372.07,372.07,372.07,372.07,0,0
1612177135,372.07,372.07,372.07,372.07,372.07,0,0
1612177140,372.07,372.07,372.07,372.07,372.07,0,0
1612177145,372.07,372.07,372.07,372.07,372.07,0,0
1612177150,372.07,372.07,372.07,372.07,372.07,0,0
1612177155,372.07,372.07,372.07,372.07,372.07,0,0
1612177160,372.07,372.07,372.07,372.07,372.07,0,0
1612177165,372.07,372.07,372.07,372.07,372.07,0,0
1612177170,372.07,372.07,372.07,372.07,372.07,0,0
1612177175,372.07,372.07,372.07,372.07,372.07,0,0
1612177180,372.07,372.07,372.07,372.07,372.07,0,0
1612177185,372.07,372.07,372.07,372.07,372.07,0,0
1612177190,372.07,372.07,372.07,372.07,372.07,0,0
1612177195,372.07,372.07,372.07,372.07,372.07,0,0
1612177200,372.07,372.07,372.07,372.07,372.07,0,0
1612177205,372.07,372.07,372.07,372.07,372.07,0,0
1612177210,372.07,372.07,372.07,372.07,372.07,0,0
1612177215,372.07,372.07,372.07,372.07,372.07,0,0
1612177220,372.07,372.07,372.07,372.07,372.07,0,0
1612177225,372.07,372.07,372.07,372.07,372.07,0,0
1612177230,372.07,372.07,372.07,372.07,372.07,0,0
1612177235,372.07,372.07,372.07,372.07,372.07,0,0
1612177240,372.07,372.07,372.07,372.07,372.07,0,0
1612177245,372.07,372.07,372.07,372.07,372.07,0,0
1612177250,372.07,372.07,372.07,372.07,372.07,0,0
1612177255,372.07,372.07,372.07,372.07,372.07,0,0
1612177260,372.07,372.07,372.07,372.07,372.07,0,0
1612177265,372.07,372.07,372.07,372.07,372.07,0,0
1612177270,372.07,372.07,372.07,372.07,372.07,0,0
1612177275,372.07,372.07,372.07,372.07,372.07,0,0
1612177280,372.07,372.07,372.07,372.07,372.07,0,0
1612177285,372.07,372.07,372.07,372.07,372.07,0,0
1612177290,372.07,372.07,372.07,372.07,372.07,0,0
1612177295,372.07,372.07,372.07,372.07,372.07,0,0
1612177300,372.07,372.07,372.07,372.07,372.07,0,0
1612177305,372.07,372.07,372.07,372.07,372.07,0,0
1612177310,372.07,372.07,372.07,372.07,372.07,0,0
1612177315,372.07,372.07,372.07,372.07,372.07,0,0
1612177320,372.07,372.07,372.07,372.07,372.07,0,0
1612177325,372.07,372.07,372.07,372.07,372.07,0,0
1612177330,372.07,372.07,372.07,372.07,372.07,0,0
1612177335,372.07,372.07,372.07,372.07,372.07,0,0
1612177340,372.07,372.07,372.07,372.07,372.07,0,0
1612177345,372.07,372.07,372.07,372.07,372.07,0,0
1612177350,372.07,372.07,372.07,372.07,372.07,0,0
1612177355,372.07,372.07,372.07,372.07,372.07,0,0
1612177360,372.07,372.07,372.07,372.07,372.07,0,0
1612177365,372.07,372.07,372.07,372.07,372.07,0,0
1612177370,372.07,372.07,372.07,372.07,372.07,0,0
1612177375,372.07,372.07,372.07,372.07,372.07,0,0
1612177380,372.07,372.07,372.07,372.07,372.07,0,0
1612177385,372.07,372.07,372.07,372.07,372.07,0,0
1612177390,372.07,372.07,372.07,372.07,372.07,0,0
1612177395,372.07,372.07,372.07,372.07,372.07,0,0
1612177400,372.07,372.07,372.07,372.07,372.07,0,0
1612177405,372.07,372.07,372.07,372.07,372.07,0,0
1612177410,372.07,372.07,372.07,372.07,372.07,0,0
1612177415,372.07,372.07,372.07,372.07,372.07,0,0
1612177420,372.07,372.07,372.07,372.07,372.07,0,0
1612177425,372.07,372.07,372.07,372.07,372.07,0,0
1612177430,372.07,372.07,372.07,372.07,372.07,0,0
1612177435,372.07,372.07,372.07,372.07,372.07,0,0
1612177440,372.07,372.07,372.07,372.07,372.07,0,0
1612177445,372.07,372.07,372.07,372.07,372.07,0,0
1612177450,372.07,372.07,372.07,372.07,372.07,0,0
1612177455,372.07,372.07,372.07,372.07,372.07,0,0
1612177460,372.07,372.07,372.07,372.07,372.07,0,0
1612177465,372.07,372.07,372.07,372.07,372.07,0,0
1612177470,372.07,372.07,372.07,372.07,372.07,0,0
1612177475,372.07,372.07,372.07,372.07,372.07,0,0
1612177480,372.07,372.07,372.07,372.07,372.07,0,0
1612177485,372.07,372.07,372.07,372.07,372.07,0,0
1612177490,372.07,372.07,372.07,372.07,372.07,0,0
1612177495,372.07,372.07,372.07,372.07,372.07,0,0
1612177500,372.07,372.07,372.07,372.07,372.07,0,0
1612177505,372.07,372.07,372.07,372.07,372.07,0,0
1612177510,372.07,372.07,372.07,372.07,372.07,0,0
1612177515,372.07,372.07,372.07,372.07,372.07,0,0
1612177520,372.07,372.07,372.07,372.07,372.07,0,0
1612177525,372.07,372.07,372.07,372.07,372.07,0,0
1612177530,372.07,372.07,372.07,372.07,372.07,0,0
1612177535,372.07,372.07,372.07,372.07,372.07,0,0
1612177540,372.07,372.07,372.07,372.07,372.07,0,0
1612177545,372.07,372.07,372.07,372.07,372.07,0,0
1612177550,372.07,372.07,372.07,372.07,372.07,0,0
1612177555,372.07,372.07,372.07,372.07,372.07,0,0
1612177560,372.07,372.07,372.07,372.07,372.07,0,0
1612177565,372.07,372.07,372.07,372.07,372.07,0,0
1612177570,372.07,372.07,372.07,372.07,372.07,0,0
1612177575,372.07,372.07,372.07,372.07,372.07,0,0
1612177580,372.07,372.07,372.07,372.07,372.07,0,0
1612177585,372.07,372.07,372.07,372.07,372.07,0,0
1612177590,372.07,372.07,372.07,372.07,372.07,0,0
1612177595,372.07,372.07,372.07,372.07,372.07,0,0
1612177600,372.07,372.07,372.07,372.07,372.07,0,0
1612177605,372.07,372.07,372.07,372.07,372.07,0,0
1612177610,372.07,372.07,372.07,372.07,372.07,0,0
1612177615,372.07,372.07,372.07,372.07,372.07,0,0
1612177620,372.07,372.07,372.07,372.07,372.07,0,0
1612177625,372.07,372.07,372.07,372.07,372.07,0,0
1612177630,372.07,372.07,372.07,372.07,372.07,0,0
1612177635,372.07,372.07,372.07,372.07,372.07,0,0
1612177640,372.07,372.07,372.07,372.07,372.07,0,0
1612177645,372.07,372.07,372.07,372.07,372.07,0,0
1612177650,372.07,372.07,372.07,372.07,372.07,0,0
1612177655,372.07,372.07,372.07,372.07,372.07,0,0
1612177660,372.07,372.07,372.07,372.07,372.07,0,0
1612177665,372.07,372.07,372.07,372.07,372.07,0,0
1612177670,372.07,372.07,372.07,372.07,372.07,0,0
1612177675,372.07,372.07,372.07,372.07,372.07,0,0
1612177680,372.07,372.07,372.07,372.07,372.07,0,0
1612177685,372.07,372.07,372.07,372.07,372.07,0,0
1612177690,372.07,372.07,372.07,372.07,372.07,0,0
1612177695,372.07,372.07,372.07,372.07,372.07,0,0
1612177700,372.07,372.07,372.07,372.07,372.07,0,0
1612177705,372.07,372.07,372.07,372.07,372.07,0,0
1612177710,372.07,372.07,372.07,372.07,372.07,0,0
1612177715,372.07,372.07,372.07,372.07,372.07,0,0
1612177720,372.07,372.07,372.07,372.07,372.07,0,0
1612177725,372.07,372.07,372.07,372.07,372.07,0,0
1612177730,372.07,372.07,372.07,372.07,372.07,0,0
1612177735,372.07,372.07,372.07,372.07,372.07,0,0
1612177740,372.07,372.07,372.07,372.07,372.07,0,0
1612177745,372.07,372.07,372.07,372.07,372.07,0,0
1612177750,372.07,372.07,372.07,372.07,372.07,0,0
1612177755,372.07,372.07,372.07,372.07,372.07,0,0
1612177760,372.07,372.07,372.07,372.07,372.07,0,0
1612177765,372.07,372.07,372.07,372.07,372.07,0,0
1612177770,372.07,372.07,372.07,372.07,372.07,0,0
1612177775,372.07,372.07,372.07,372.07,372.07,0,0
1612177780,372.07,372.07,372.07,372.07,372.07,0,0
1612177785,372.07,372.07,372.07,372.07,372.07,0,0
1612177790,372.07,372.07,372.07,372.07,372.07,0,0
1612177795,372.07,372.07,372.07,372.07,372.07,0,0
1612177800,372.07,372.07,372.07,372.07,372.07,0,0
1612177805,372.07,372.07,372.07,372.07,372.07,0,0
1612177810,372.07,372.07,372.07,372.07,372.07,0,0
1612177815,372.07,372.07,372.07,372.07,372.07,0,0
1612177820,372.07,372.07,372.07,372.07,372.07,0,0
1612177825,372.07,372.07,372.07,372.07,372.07,0,0
1612177830,372.07,372.07,372.07,372.07,372.07,0,0
1612177835,372.07,372.07,372.07,372.07,372.07,0,0
1612177840,372.07,372.07,372.07,372.07,372.07,0,0
1612177845,372.07,372.07,372.07,372.07,372.07,0,0
1612177850,372.07,372.07,372.07,372.07,372.07,0,0
1612177855,372.07,372.07,372.07,372.07,372.07,0,0
1612177860,372.07,372.07,372.07,372.07,372.07,0,0
1612177865,372.07,372.07,372.07,372.07,372.07,0,0
1612177870,372.07,372.07,372.07,372.07,372.07,0,0
1612177875,372.07,372.07,372.07,372.07,372.07,0,0
1612177880,372.07,372.07,372.07,372.07,372.07,0,0
1612177885,372.07,372.07,372.07,372.07,372.07,0,0
1612177890,372.07,372.07,372.07,372.07,372.07,0,0
1612177895,372.07,372.07,372.07,372.07,372.07,0,0
1612177900,372.07,372.07,372.07,372.07,372.07,0,0
1612177905,372.07,372.07,372.07,372.07,372.07,0,0
1612177910,372.07,372.07,372.07,372.07,372.07,0,0
1612177915,372.07,372.07,372.07,372.07,372.07,0,0
1612177920,372.07,372.07,372.07,372.07,372.07,0,0
1612177925,372.07,372.07,372.07,372.07,372.07,0,0
1612177930,372.07,372.07,372.07,372.07,372.07,0,0
1612177935,372.07,372.07,372.07,372.07,372.07,0,0
1612177940,372.07,372.07,372.07,372.07,372.07,0,0
1612177945,372.07,372.07,372.07,372.07,372.07,0,0
1612177950,372.07,372.07,372.07,372.07,372.07,0,0
1612177955,372.07,372.07,372.07,372.07,372.07,0,0
1612177960,372.07,372.07,372.07,372.07,372.07,0,0
1612177965,372.07,372.07,372.07,372.07,372.07,0,0
1612177970,372.07,372.07,372.07,372.07,372.07,0,0
1612177975,372.07,372.07,372.07,372.07,372.07,0,0
1612177980,372.07,372.07,372.07,372.07,372.07,0,0
1612177985,372.07,372.07,372.07,372.07,372.07,0,0
1612177990,372.07,372.07,372.07,372.07,372.07,0,0
1612177995,372.07,372.07,372.07,372.07,372.07,0,0
1612178000,372.07,372.07,372.07,372.07,372.07,0,0
1612178005,372.07,372.07,372.07,372.07,372.07,0,0
1612178010,372.07,372.07,372.07,372.07,372.07,0,0
1612178015,372.07,372.07,372.07,372.07,372.07,0,0
1612178020,372.07,372.07,372.07,372.07,372.07,0,0
1612178025,372.07,372.07,372.07,372.07,372.07,0,0
1612178030,372.07,372.07,372.07,372.07,372.07,0,0
1612178035,372.07,372.07,372.07,372.07,372.07,0,0
1612178040,372.07,372.07,372.07,372.07,372.07,0,0
1612178045,372.07,372.07,372.07,372.07,372.07,0,0
1612178050,372.07,372.07,372.07,372.07,372.07,0,0
1612178055,372.07,372.07,372.07,372.07,372.07,0,0
1612178060,372.07,372.07,372.07,372.07,372.07,0,0
1612178065,372.07,372.07,372.07,372.07,372.07,0,0
1612178070,372.07,372.07,372.07,372.07,372.07,0,0
1612178075,372.07,372.07,372.07,372.07,372.07,0,0
1612178080,372.07,372.07,372.07,372.07,372.07,0,0
1612178085,372.07,372.07,372.07,372.07,372.07,0,0
1612178090,372.07,372.07,372.07,372.07,372.07,0,0
1612178095,372.07,372.07,372.07,372.07,372.07,0,0
1612178100,372.07,372.07,372.07,372.07,372.07,0,0
1612178105,372.07,372.07,372.07,372.07,372.07,0,0
1612178110,372.07,372.07,372.07,372.07,372.07,0,0
1612178115,372.07,372.07,372.07,372.07,372.07,0,0
1612178120,372.07,372.07,372.07,372.07,372.07,0,0
1612178125,372.07,372.07,372.07,372.07,372.07,0,0
1612178130,372.07,372.07,372.07,372.07,372.07,0,0
1612178135,372.07,372.07,372.07,372.07,372.07,0,0
1612178140,372.07,372.07,372.07,372.07,372.07,0,0
1612178145,372.07,372.07,372.07,372.07,372.07,0,0
1612178150,372.07,372.07,372.07,372.07,372.07,0,0
1612178155,372.07,372.07,372.07,372.07,372.07,0,0
1612178160,372.07,372.07,372.07,372.07,372.07,0,0
1612178165,372.07,372.07,372.07,372.07,372.07,0,0
1612178170,372.07,372.07,372.07,372.07,372.07,0,0
1612178175,372.07,372.07,372.07,372.07,372.07,0,0
1612178180,372.07,372.07,372.07,372.07,372.07,0,0
1612178185,372.07,372.07,372.07,372.07,372.07,0,0
1612178190,372.07,372.07,372.07,372.07,372.07,0,0
1612178195,372.07,372.07,372.07,372.07,372.07,0,0
1612178200,372.07,372.07,372.07,372.07,372.07,0,0
1612178205,372.07,372.07,372.07,372.07,372.07,0,0
1612178210,372.07,372.07,372.07,372.07,372.07,0,0
1612178215,372.07,372.07,372.07,372.07,372.07,0,0
1612178220,372.07,372.07,372.07,372.07,372.07,0,0
1612178225,372.07,372.07,372.07,372.07,372.07,0,0
1612178230,372.07,372.07,372.07,372.07,372.07,0,0
1612178235,372.07,372.07,372.07,372.07,372.07,0,0
1612178240,372.07,372.07,372.07,372.07,372.07,0,0
1612178245,372.07,372.07,372.07,372.07,372.07,0,0
1612178250,372.07,372.07,372.07,372.07,372.07,0,0
1612178255,372.07,372.07,372.07,372.07,372.07,0,0
1612178260,372.07,372.07,372.07,372.07,372.07,0,0
1612178265,372.07,372.07,372.07,372.07,372.07,0,0
1612178270,372.07,372.07,372.07,372.07,372.07,0,0
1612178275,372.07,372.07,372.07,372.07,372.07,0,0
1612178280,372.07,372.07,372.07,372.07,372.07,0,0
1612178285,372.07,372.07,372.07,372.07,372.07,0,0
1612178290,372.07,372.07,372.07,372.07,372.07,0,0
1612178295,372.07,372.07,372.07,372.07,372.07,0,0
1612178300,372.07,372.07,372.07,372.07,372.07,0,0
1612178305,372.07,372.07,372.07,372.07,372.07,0,0
1612178310,372.07,372.07,372.07,372.07,372.07,0,0
1612178315,372.07,372.07,372.07,372.07,372.07,0,0
1612178320,372.07,372.07,372.07,372.07,372.07,0,0
1612178325,372.07,372.07,372.07,372.07,372.07,0,0
1612178330,372.07,372.07,372.07,372.07,372.07,0,0
1612178335,372.07,372.07,372.07,372.07,372.07,0,0
1612178340,372.07,372.07,372.07,372.07,372.07,0,0
1612178345,372.07,372.07,372.07,372.07,372.07,0,0
1612178350,372.07,372.07,372.07,372.07,372.07,0,0
1612178355,372.07,372.07,372.07,372.07,372.07,0,0
1612178360,372.07,372.07,372.07,372.07,372.07,0,0
1612178365,372.07,372.07,372.07,372.07,372.07,0,0
1612178370,372.07,372.07,372.07,372.07,372.07,0,0
1612178375,372.07,372.07,372.07,372.07,372.07,0,0
1612178380,372.07,372.07,372.07,372.07,372.07,0,0
1612178385,372.07,372.07,372.07,372.07,372.07,0,0
1612178390,372.07,372.07,372.07,372.07,372.07,0,0
1612178395,372.07,372.07,372.07,372.07,372.07,0,0
1612178400,372.07,372.07,372.07,372.07,372.07,0,0
1612178405,372.07,372.07,372.07,372.07,372.07,0,0
1612178410,372.07,372.07,372.07,372.07,372.07,0,0
1612178415,372.07,372.07,372.07,372.07,372.07,0,0
1612178420,372.07,372.07,372.07,372.07,372.07,0,0
1612178425,372.07,372.07,372.07,372.07,372.07,0,0
1612178430,372.07,372.07,372.07,372.07,372.07,0,0
1612178435,372.07,372.07,372.07,372.07,372.07,0,0
1612178440,372.07,372.07,372.07,372.07,372.07,0,0
1612178445,372.07,372.07,372.07,372.07,372.07,0,0
1612178450,372.07,372.07,372.07,372.07,372.07,0,0
1612178455,372.07,372.07,372.07,372.07,372.07,0,0
1612178460,372.07,372.07,372.07,372.07,372.07,0,0
1612178465,372.07,372.07,372.07,372.07,372.07,0,0
1612178470,372.07,372.07,372.07,372.07,372.07,0,0
1612178475,372.07,372.07,372.07,372.07,372.07,0,0
1612178480,372.07,372.07,372.07,372.07,372.07,0,0
1612178485,372.07,372.07,372.07,372.07,372.07,0,0
1612178490,372.07,372.07,372.07,372.07,372.07,0,0
1612178495,372.07,372.07,372.07,372.07,372.07,0,0
1612178500,372.07,372.07,372.07,372.07,372.07,0,0
1612178505,372.07,372.07,372.07,372.07,372.07,0,0
1612178510,372.07,372.07,372.07,372.07,372.07,0,0
1612178515,372.07,372.07,372.07,372.07,372.07,0,0
1612178520,372.07,372.07,372.07,372.07,372.07,0,0
1612178525,372.07,372.07,372.07,372.07,372.07,0,0
1612178530,372.07,372.07,372.07,372.07,372.07,0,0
1612178535,372.07,372.07,372.07,372.07,372.07,0,0
1612178540,372.07,372.07,372.07,372.07,372.07,0,0
1612178545,372.07,372.07,372.07,372.07,372.07,0,0
1612178550,372.07,372.07,372.07,372.07,372.07,0,0
1612178555,372.07,372.07,372.07,372.07,372.07,0,0
1612178560,372.07,372.07,372.07,372.07,372.07,0,0
1612178565,372.07,372.07,372.07,372.07,372.07,0,0
1612178570,372.07,372.07,372.07,372.07,372.07,0,0
1612178575,372.07,372.07,372.07,372.07,372.07,0,0
1612178580,372.07,372.07,372.07,372.07,372.07,0,0
1612178585,372.07,372.07,372.07,372.07,372.07,0,0
1612178590,372.07,372.07,372.07,372.07,372.07,0,0
1612178595,372.07,372.07,372.07,372.07,372.07,0,0
1612178600,372.07,372.07,372.07,372.07,372.07,0,0
1612178605,372.07,372.07,372.07,372.07,372.07,0,0
1612178610,372.07,372.07,372.07,372.07,372.07,0,0
1612178615,372.07,372.07,372.07,372.07,372.07,0,0
1612178620,372.07,372.07,372.07,372.07,372.07,0,0
1612178625,372.07,372.07,372.07,372.07,372.07,0,0
1612178630,372.07,372.07,372.07,372.07,372.07,0,0
1612178635,372.07,372.07,372.07,372.07,372.07,0,0
1612178640,372.07,372.07,372.07,372.07,372.07,0,0
1612178645,372.07,372.07,372.07,372.07,372.07,0,0
1612178650,372.07,372.07,372.07,372.07,372.07,0,0
1612178655,372.07,372.07,372.07,372.07,372.07,0,0
1612178660,372.07,372.07,372.07,372.07,372.07,0,0
1612178665,372.07,372.07,372.07,372.07,372.07,0,0
1612178670,372.07,372.07,372.07,372.07,372.07,0,0
1612178675,372.07,372.07,372.07,372.07,372.07,0,0
1612178680,372.07,372.07,372.07,372.07,372.07,0,0
1612178685,372.07,372.07,372.07,372.07,372.07,0,0
1612178690,372.07,372.07,372.07,372.07,372.07,0,0
1612178695,372.07,372.07,372.07,372.07,372.07,0,0
1612178700,372.07,372.07,372.07,372.07,372.07,0,0
1612178705,372.07,372.07,372.07,372.07,372.07,0,0
1612178710,372.07,372.07,372.07,372.07,372.07,0,0
1612178715,372.07,372.07,372.07,372.07,372.07,0,0
1612178720,372.07,372.07,372.07,372.07,372.07,0,0
1612178725,372.07,372.07,372.07,372.07,372.07,0,0
1612178730,372.07,372.07,372.07,372.07,372.07,0,0
1612178735,372.07,372.07,372.07,372.07,372.07,0,0
1612178740,372.07,372.07,372.07,372.07,372.07,0,0
1612178745,372.07,372.07,372.07,372.07,372.07,0,0
1612178750,372.07,372.07,372.07,372.07,372.07,0,0
1612178755,372.07,372.07,372.07,372.07,372.07,0,0
1612178760,372.07,372.07,372.07,372.07,372.07,0,0
1612178765,372.07,372.07,372.07,372.07,372.07,0,0
1612178770,372.07,372.07,372.07,372.07,372.07,0,0
1612178775,372.07,372.07,372.07,372.07,372.07,0,0
1612178780,372.07,372.07,372.07,372.07,372.07,0,0
1612178785,372.07,372.07,372.07,372.07,372.07,0,0
1612178790,372.07,372.07,372.07,372.07,372.07,0,0
1612178795,372.07,372.07,372.07,372.07,372.07,0,0
1612178800,372.07,372.07,372.07,372.07,372.07,0,0
1612178805,372.07,372.07,372.07,372.07,372.07,0,0
1612178810,372.07,372.07,372.07,372.07,372.07,0,0
1612178815,372.07,372.07,372.07,372.07,372.07,0,0
1612178820,372.07,372.07,372.07,372.07,372.07,0,0
1612178825,372.07,372.07,372.07,372.07,372.07,0,0
1612178830,372.07,372.07,372.07,372.07,372.07,0,0
1612178835,372.07,372.07,372.07,372.07,372.07,0,0
1612178840,372.07,372.07,372.07,372.07,372.07,0,0
1612178845,372.07,372.07,372.07,372.07,372.07,0,0
1612178850,372.07,372.07,372.07,372.07,372.07,0,0
1612178855,372.07,372.07,372.07,372.07,372.07,0,0
1612178860,372.07,372.07,372.07,372.07,372.07,0,0
1612178865,372.07,372.07,372.07,372.07,372.07,0,0
1612178870,372.07,372.07,372.07,372.07,372.07,0,0
1612178875,372.07,372.07,372.07,372.07,372.07,0,0
1612178880,372.07,372.07,372.07,372.07,372.07,0,0
1612178885,372.07,372.07,372.07,372.07,372.07,0,0
1612178890,372.07,372.07,372.07,372.07,372.07,0,0
1612178895,372.07,372.07,372.07,372.07,372.07,0,0
1612178900,372.07,372.07,372.07,372.07,372.07,0,0
1612178905,372.07,372.07,372.07,372.07,372.07,0,0
1612178910,372.07,372.07,372.07,372.07,372.07,0,0
1612178915,372.07,372.07,372.07,372.07,372.07,0,0
1612178920,372.07,372.07,372.07,372.07,372.07,0,0
1612178925,372.07,372.07,372.07,372.07,372.07,0,0
1612178930,372.07,372.07,372.07,372.07,372.07,0,0
1612178935,372.07,372.07,372.07,372.07,372.07,0,0
1612178940,372.07,372.07,372.07,372.07,372.07,0,0
1612178945,372.07,372.07,372.07,372.07,372.07,0,0
1612178950,372.07,372.07,372.07,372.07,372.07,0,0
1612178955,372.07,372.07,372.07,372.07,372.07,0,0
1612178960,372.07,372.07,372.07,372.07,372.07,0,0
1612178965,372.07,372.07,372.07,372.07,372.07,0,0
1612178970,372.07,372.07,372.07,372.07,372.07,0,0
1612178975,372.07,372.07,372.07,372.07,372.07,0,0
1612178980,372.07,372.07,372.07,372.07,372.07,0,0
1612178985,372.07,372.07,372.07,372.07,372.07,0,0
1612178990,372.07,372.07,372.07,372.07,372.07,0,0
1612178995,372.07,372.07,372.07,372.07,372.07,0,0
1612179000,372.07,372.07,372.07,372.07,372.07,0,0
1612179005,372.07,372.07,372.07,372.07,372.07,0,0
1612179010,372.07,372.07,372.07,372.07,372.07,0,0
1612179015,372.07,372.07,372.07,372.07,372.07,0,0
1612179020,372.07,372.07,372.07,372.07,372.07,0,0
1612179025,372.07,372.07,372.07,372.07,372.07,0,0
1612179030,372.07,372.07,372.07,372.07,372.07,0,0
1612179035,372.07,372.07,372.07,372.07,372.07,0,0
1612179040,372.07,372.07,372.07,372.07,372.07,0,0
1612179045,372.07,372.07,372.07,372.07,372.07,0,0
1612179050,372.07,372.07,372.07,372.07,372.07,0,0
1612179055,372.07,372.07,372.07,372.07,372.07,0,0
1612179060,372.07,372.07,372.07,372.07,372.07,0,0
1612179065,372.07,372.07,372.07,372.07,372.07,0,0
1612179070,372.07,372.07,372.07,372.07,372.07,0,0
1612179075,372.07,372.07,372.07,372.07,372.07,0,0
1612179080,372.07,372.07,372.07,372.07,372.07,0,0
1612179085,372.07,372.07,372.07,372.07,372.07,0,0
1612179090,372.07,372.07,372.07,372.07,372.07,0,0
1612179095,372.07,372.07,372.07,372.07,372.07,0,0
1612179100,372.07,372.07,372.07,372.07,372.07,0,0
1612179105,372.07,372.07,372.07,372.07,372.07,0,0
1612179110,372.07,372.07,372.07,372.07,372.07,0,0
1612179115,372.07,372.07,372.07,372.07,372.07,0,0
1612179120,372.07,372.07,372.07,372.07,372.07,0,0
1612179125,372.07,372.07,372.07,372.07,372.07,0,0
1612179130,372.07,372.07,372.07,372.07,372.07,0,0
1612179135,372.07,372.07,372.07,372.07,372.07,0,0
1612179140,372.07,372.07,372.07,372.07,372.07,0,0
1612179145,372.07,372.07,372.07,372.07,372.07,0,0
1612179150,372.07,372.07,372.07,372.07,372.07,0,0
1612179155,372.07,372.07,372.07,372.07,372.07,0,0
1612179160,372.07,372.07,372.07,372.07,372.07,0,0
1612179165,372.07,372.07,372.07,372.07,372.07,0,0
1612179170,372.07,372.07,372.07,372.07,372.07,0,0
1612179175,372.07,372.07,372.07,372.07,372.07,0,0
1612179180,372.07,372.07,372.07,372.07,372.07,0,0
1612179185,372.07,372.07,372.07,372.07,372.07,0,0
1612179190,372.07,372.07,372.07,372.07,372.07,0,0
1612179195,372.07,372.07,372.07,372.07,372.07,0,0
1612179200,372.07,372.07,372.07,372.07,372.07,0,0
1612179205,372.07,372.07,372.07,372.07,372.07,0,0
1612179210,372.07,372.07,372.07,372.07,372.07,0,0
1612179215,372.07,372.07,372.07,372.07,372.07,0,0
1612179220,372.07,372.07,372.07,372.07,372.07,0,0
1612179225,372.07,372.07,372.07,372.07,372.07,0,0
1612179230,372.07,372.07,372.07,372.07,372.07,0,0
1612179235,372.07,372.07,372.07,372.07,372.07,0,0
1612179240,372.07,372.07,372.07,372.07,372.07,0,0
1612179245,372.07,372.07,372.07,372.07,372.07,0,0
1612179250,372.07,372.07,372.07,372.07,372.07,0,0
1612179255,372.07,372.07,372.07,372.07,372.07,0,0
1612179260,372.07,372.07,372.07,372.07,372.07,0,0
1612179265,372.07,372.07,372.07,372.07,372.07,0,0
1612179270,372.07,372.07,372.07,372.07,372.07,0,0
1612179275,372.07,372.07,372.07,372.07,372.07,0,0
1612179280,372.07,372.07,372.07,372.07,372.07,0,0
1612179285,372.07,372.07,372.07,372.07,372.07,0,0
1612179290,372.07,372.07,372.07,372.07,372.07,0,0
1612179295,372.07,372.07,372.07,372.07,372.07,0,0
1612179300,372.07,372.07,372.07,372.07,372.07,0,0
1612179305,372.07,372.07,372.07,372.07,372.07,0,0
1612179310,372.07,372.07,372.07,372.07,372.07,0,0
1612179315,372.07,372.07,372.07,372.07,372.07,0,0
1612179320,372.07,372.07,372.07,372.07,372.07,0,0
1612179325,372.07,372.07,372.07,372.07,372.07,0,0
1612179330,372.07,372.07,372.07,372.07,372.07,0,0
1612179335,372.07,372.07,372.07,372.07,372.07,0,0
1612179340,372.07,372.07,372.07,372.07,372.07,0,0
1612179345,372.07,372.07,372.07,372.07,372.07,0,0
1612179350,372.07,372.07,372.07,372.07,372.07,0,0
1612179355,372.07,372.07,372.07,372.07,372.07,0,0
1612179360,372.07,372.07,372.07,372.07,372.07,0,0
1612179365,372.07,372.07,372.07,372.07,372.07,0,0
1612179370,372.07,372.07,372.07,372.07,372.07,0,0
1612179375,372.07,372.07,372.07,372.07,372.07,0,0
1612179380,372.07,372.07,372.07,372.07,372.07,0,0
1612179385,372.07,372.07,372.07,372.07,372.07,0,0
1612179390,372.07,372.07,372.07,372.07,372.07,0,0
1612179395,372.07,372.07,372.07,372.07,372.07,0,0
1612179400,372.07,372.07,372.07,372.07,372.07,0,0
1612179405,372.07,372.07,372.07,372.07,372.07,0,0
1612179410,372.07,372.07,372.07,372.07,372.07,0,0
1612179415,372.07,372.07,372.07,372.07,372.07,0,0
1612179420,372.07,372.07,372.07,372.07,372.07,0,0
1612179425,372.07,372.07,372.07,372.07,372.07,0,0
1612179430,372.07,372.07,372.07,372.07,372.07,0,0
1612179435,372.07,372.07,372.07,372.07,372.07,0,0
1612179440,372.07,372.07,372.07,372.07,372.07,0,0
1612179445,372.07,372.07,372.07,372.07,372.07,0,0
1612179450,372.07,372.07,372.07,372.07,372.07,0,0
1612179455,372.07,372.07,372.07,372.07,372.07,0,0
1612179460,372.07,372.07,372.07,372.07,372.07,0,0
1612179465,372.07,372.07,372.07,372.07,372.07,0,0
1612179470,372.07,372.07,372.07,372.07,372.07,0,0
1612179475,372.07,372.07,372.07,372.07,372.07,0,0
1612179480,372.07,372.07,372.07,372.07,372.07,0,0
1612179485,372.07,372.07,372.07,372.07,372.07,0,0
1612179490,372.07,372.07,372.07,372.07,372.07,0,0
1612179495,372.07,372.07,372.07,372.07,372.07,0,0
1612179500,372.07,372.07,372.07,372.07,372.07,0,0
1612179505,372.07,372.07,372.07,372.07,372.07,0,0
1612179510,372.07,372.07,372.07,372.07,372.07,0,0
1612179515,372.07,372.07,372.07,372.07,372.07,0,0
1612179520,372.07,372.07,372.07,372.07,372.07,0,0
1612179525,372.07,372.07,372.07,372.07,372.07,0,0
1612179530,372.07,372.07,372.07,372.07,372.07,0,0
1612179535,372.07,372.07,372.07,372.07,372.07,0,0
1612179540,372.07,372.07,372.07,372.07,372.07,0,0
1612179545,372.07,372.07,372.07,372.07,372.07,0,0
1612179550,372.07,372.07,372.07,372.07,372.07,0,0
1612179555,372.07,372.07,372.07,372.07,372.07,0,0
1612179560,372.07,372.07,372.07,372.07,372.07,0,0
1612179565,372.07,372.07,372.07,372.07,372.07,0,0
1612179570,372.07,372.07,372.07,372.07,372.07,0,0
1612179575,372.07,372.07,372.07,372.07,372.07,0,0
1612179580,372.07,372.07,372.07,372.07,372.07,0,0
1612179585,372.07,372.07,372.07,372.07,372.07,0,0
1612179590,372.07,372.07,372.07,372.07,372.07,0,0
1612179595,372.07,372.07,372.07,372.07,372.07,0,0
1612179600,372.07,372.07,372.07,372.07,372.07,0,0
1612179605,372.07,372.07,372.07,372.07,372.07,0,0
1612179610,372.07,372.07,372.07,372.07,372.07,0,0
1612179615,372.07,372.07,372.07,372.07,372.07,0,0
1612179620,372.07,372.07,372.07,372.07,372.07,0,0
1612179625,372.07,372.07,372.07,372.07,372.07,0,0
1612179630,372.07,372.07,372.07,372.07,372.07,0,0
1612179635,372.07,372.07,372.07,372.07,372.07,0,0
1612179640,372.07,372.07,372.07,372.07,372.07,0,0
1612179645,372.07,372.07,372.07,372.07,372.07,0,0
1612179650,372.07,372.07,372.07,372.07,372.07,0,0
1612179655,372.07,372.07,372.07,372.07,372.07,0,0
1612179660,372.07,372.07,372.07,372.07,372.07,0,0
1612179665,372.07,372.07,372.07,372.07,372.07,0,0
1612179670,372.07,372.07,372.07,372.07,372.07,0,0
1612179675,372.07,372.07,372.07,372.07,372.07,0,0
1612179680,372.07,372.07,372.07,372.07,372.07,0,0
1612179685,372.07,372.07,372.07,372.07,372.07,0,0
1612179690,372.07,372.07,372.07,372.07,372.07,0,0
1612179695,372.07,372.07,372.07,372.07,372.07,0,0
1612179700,372.07,372.07,372.07,372.07,372.07,0,0
1612179705,372.07,372.07,372.07,372.07,372.07,0,0
1612179710,372.07,372.07,372.07,372.07,372.07,0,0
1612179715,372.07,372.07,372.07,372.07,372.07,0,0
1612179720,372.07,372.07,372.07,372.07,372.07,0,0
1612179725,372.07,372.07,372.07,372.07,372.07,0,0
1612179730,372.07,372.07,372.07,372.07,372.07,0,0
1612179735,372.07,372.07,372.07,372.07,372.07,0,0
1612179740,372.07,372.07,372.07,372.07,372.07,0,0
1612179745,372.07,372.07,372.07,372.07,372.07,0,0
1612179750,372.07,372.07,372.07,372.07,372.07,0,0
1612179755,372.07,372.07,372.07,372.07,372.07,0,0
1612179760,372.07,372.07,372.07,372.07,372.07,0,0
1612179765,372.07,372.07,372.07,372.07,372.07,0,0
1612179770,372.07,372.07,372.07,372.07,372.07,0,0
1612179775,372.07,372.07,372.07,372.07,372.07,0,0
1612179780,372.07,372.07,372.07,372.07,372.07,0,0
1612179785,372.07,372.07,372.07,372.07,372.07,0,0
1612179790,372.07,372.07,372.07,372.07,372.07,0,0
1612179795,372.07,372.07,372.07,372.07,372.07,0,0
1612179800,372.07,372.07,372.07,372.07,372.07,0,0
1612179805,372.07,372.07,372.07,372.07,372.07,0,0
1612179810,372.07,372.07,372.07,372.07,372.07,0,0
1612179815,372.07,372.07,372.07,372.07,372.07,0,0
1612179820,372.07,372.07,372.07,372.07,372.07,0,0
1612179825,372.07,372.07,372.07,372.07,372.07,0,0
1612179830,372.07,372.07,372.07,372.07,372.07,0,0
1612179835,372.07,372.07,372.07,372.07,372.07,0,0
1612179840,372.07,372.07,372.07,372.07,372.07,0,0
1612179845,372.07,372.07,372.07,372.07,372.07,0,0
1612179850,372.07,372.07,372.07,372.07,372.07,0,0
1612179855,372.07,372.07,372.07,372.07,372.07,0,0
1612179860,372.07,372.07,372.07,372.07,372.07,0,0
1612179865,372.07,372.07,372.07,372.07,372.07,0,0
1612179870,372.07,372.07,372.07,372.07,372.07,0,0
1612179875,372.07,372.07,372.07,372.07,372.07,0,0
1612179880,372.07,372.07,372.07,372.07,372.07,0,0
1612179885,372.07,372.07,372.07,372.07,372.07,0,0
1612179890,372.07,372.07,372.07,372.07,372.07,0,0
1612179895,372.07,372.07,372.07,372.07,372.07,0,0
1612179900,372.07,372.07,372.07,372.07,372.07,0,0
1612179905,372.07,372.07,372.07,372.07,372.07,0,0
1612179910,372.07,372.07,372.07,372.07,372.07,0,0
1612179915,372.07,372.07,372.07,372.07,372.07,0,0
1612179920,372.07,372.07,372.07,372.07,372.07,0,0
1612179925,372.07,372.07,372.07,372.07,372.07,0,0
1612179930,372.07,372.07,372.07,372.07,372.07,0,0
1612179935,372.07,372.07,372.07,372.07,372.07,0,0
1612179940,372.07,372.07,372.07,372.07,372.07,0,0
1612179945,372.07,372.07,372.07,372.07,372.07,0,0
1612179950,372.07,372.07,372.07,372.07,372.07,0,0
1612179955,372.07,372.07,372.07,372.07,372.07,0,0
1612179960,372.07,372.07,372.07,372.07,372.07,0,0
1612179965,372.07,372.07,372.07,372.07,372.07,0,0
1612179970,372.07,372.07,372.07,372.07,372.07,0,0
1612179975,372.07,372.07,372.07,372.07,372.07,0,0
1612179980,372.07,372.07,372.07,372.07,372.07,0,0
1612179985,372.07,372.07,372.07,372.07,372.07,0,0
1612179990,372.07,372.07,372.07,372.07,372.07,0,0
1612179995,372.07,372.07,372.07,372.07,372.07,0,0
1612180000,372.07,372.07,372.07,372.07,372.07,0,0
1612180005,372.07,372.07,372.07,372.07,372.07,0,0
1612180010,372.07,372.07,372.07,372.07,372.07,0,0
1612180015,372.07,372.07,372.07,372.07,372.07,0,0
1612180020,372.07,372.07,372.07,372.07,372.07,0,0
1612180025,372.07,372.07,372.07,372.07,372.07,0,0
1612180030,372.07,372.07,372.07,372.07,372.07,0,0
1612180035,372.07,372.07,372.07,372.07,372.07,0,0
1612180040,372.07,372.07,372.07,372.07,372.07,0,0
1612180045,372.07,372.07,372.07,372.07,372.07,0,0
1612180050,372.07,372.07,372.07,372.07,372.07,0,0
1612180055,372.07,372.07,372.07,372.07,372.07,0,0
1612180060,372.07,372.07,372.07,372.07,372.07,0,0
1612180065,372.07,372.07,372.07,372.07,372.07,0,0
1612180070,372.07,372.07,372.07,372.07,372.07,0,0
1612180075,372.07,372.07,372.07,372.07,372.07,0,0
1612180080,372.07,372.07,372.07,372.07,372.07,0,0
1612180085,372.07,372.07,372.07,372.07,372.07,0,0
1612180090,372.07,372.07,372.07,372.07,372.07,0,0
1612180095,372.07,372.07,372.07,372.07,372.07,0,0
1612180100,372.07,372.07,372.07,372.07,372.07,0,0
1612180105,372.07,372.07,372.07,372.07,372.07,0,0
1612180110,372.07,372.07,372.07,372.07,372.07,0,0
1612180115,372.07,372.07,372.07,372.07,372.07,0,0
1612180120,372.07,372.07,372.07,372.07,372.07,0,0
1612180125,372.07,372.07,372.07,372.07,372.07,0,0
1612180130,372.07,372.07,372.07,372.07,372.07,0,0
1612180135,372.07,372.07,372.07,372.07,372.07,0,0
1612180140,372.07,372.07,372.07,372.07,372.07,0,0
1612180145,372.07,372.07,372.07,372.07,372.07,0,0
1612180150,372.07,372.07,372.07,372.07,372.07,0,0
1612180155,372.07,372.07,372.07,372.07,372.07,0,0
1612180160,372.07,372.07,372.07,372.07,372.07,0,0
1612180165,372.07,372.07,372.07,372.07,372.07,0,0
1612180170,372.07,372.07,372.07,372.07,372.07,0,0
1612180175,372.07,372.07,372.07,372.07,372.07,0,0
1612180180,372.07,372.07,372.07,372.07,372.07,0,0
1612180185,372.07,372.07,372.07,372.07,372.07,0,0
1612180190,372.07,372.07,372.07,372.07,372.07,0,0
1612180195,372.07,372.07,372.07,372.07,372.07,0,0
1612180200,372.07,372.07,372.07,372.07,372.07,0,0
1612180205,372.07,372.07,372.07,372.07,372.07,0,0
1612180210,372.07,372.07,372.07,372.07,372.07,0,0
1612180215,372.07,372.07,372.07,372.07,372.07,0,0
1612180220,372.07,372.07,372.07,372.07,372.07,0,0
1612180225,372.07,372.07,372.07,372.07,372.07,0,0
1612180230,372.07,372.07,372.07,372.07,372.07,0,0
1612180235,372.07,372.07,372.07,372.07,372.07,0,0
1612180240,372.07,372.07,372.07,372.07,372.07,0,0
1612180245,372.07,372.07,372.07,372.07,372.07,0,0
1612180250,372.07,372.07,372.07,372.07,372.07,0,0
1612180255,372.07,372.07,372.07,372.07,372.07,0,0
1612180260,372.07,372.07,372.07,372.07,372.07,0,0
1612180265,372.07,372.07,372.07,372.07,372.07,0,0
1612180270,372.07,372.07,372.07,372.07,372.07,0,0
1612180275,372.07,372.07,372.07,372.07,372.07,0,0
1612180280,372.07,372.07,372.07,372.07,372.07,0,0
1612180285,372.07,372.07,372.07,372.07,372.07,0,0
1612180290,372.07,372.07,372.07,372.07,372.07,0,0
1612180295,372.07,372.07,372.07,372.07,372.07,0,0
1612180300,372.07,372.07,372.07,372.07,372.07,0,0
1612180305,372.07,372.07,372.07,372.07,372.07,0,0
1612180310,372.07,372.07,372.07,372.07,372.07,0,0
1612180315,372.07,372.07,372.07,372.07,372.07,0,0
1612180320,372.07,372.07,372.07,372.07,372.07,0,0
1612180325,372.07,372.07,372.07,372.07,372.07,0,0
1612180330,372.07,372.07,372.07,372.07,372.07,0,0
1612180335,372.07,372.07,372.07,372.07,372.07,0,0
1612180340,372.07,372.07,372.07,372.07,372.07,0,0
1612180345,372.07,372.07,372.07,372.07,372.07,0,0
1612180350,372.07,372.07,372.07,372.07,372.07,0,0
1612180355,372.07,372.07,372.07,372.07,372.07,0,0
1612180360,372.07,372.07,372.07,372.07,372.07,0,0
1612180365,372.07,372.07,372.07,372.07,372.07,0,0
1612180370,372.07,372.07,372.07,372.07,372.07,0,0
1612180375,372.07,372.07,372.07,372.07,372.07,0,0
1612180380,372.07,372.07,372.07,372.07,372.07,0,0
1612180385,372.07,372.07,372.07,372.07,372.07,0,0
1612180390,372.07,372.07,372.07,372.07,372.07,0,0
1612180395,372.07,372.07,372.07,372.07,372.07,0,0
1612180400,372.07,372.07,372.07,372.07,372.07,0,0
1612180405,372.07,372.07,372.07,372.07,372.07,0,0
1612180410,372.07,372.07,372.07,372.07,372.07,0,0
1612180415,372.07,372.07,372.07,372.07,372.07,0,0
1612180420,372.07,372.07,372.07,372.07,372.07,0,0
1612180425,372.07,372.07,372.07,372.07,372.07,0,0
1612180430,372.07,372.07,372.07,372.07,372.07,0,0
1612180435,372.07,372.07,372.07,372.07,372.07,0,0
1612180440,372.07,372.07,372.07,372.07,372.07,0,0
1612180445,372.07,372.07,372.07,372.07,372.07,0,0
1612180450,372.07,372.07,372.07,372.07,372.07,0,0
1612180455,372.07,372.07,372.07,372.07,372.07,0,0
1612180460,372.07,372.07,372.07,372.07,372.07,0,0
1612180465,372.07,372.07,372.07,372.07,372.07,0,0
1612180470,372.07,372.07,372.07,372.07,372.07,0,0
1612180475,372.07,372.07,372.07,372.07,372.07,0,0
1612180480,372.07,372.07,372.07,372.07,372.07,0,0
1612180485,372.07,372.07,372.07,372.07,372.07,0,0
1612180490,372.07,372.07,372.07,372.07,372.07,0,0
1612180495,372.07,372.07,372.07,372.07,372.07,0,0
1612180500,372.07,372.07,372.07,372.07,372.07,0,0
1612180505,372.07,372.07,372.07,372.07,372.07,0,0
1612180510,372.07,372.07,372.07,372.07,372.07,0,0
1612180515,372.07,372.07,372.07,372.07,372.07,0,0
1612180520,372.07,372.07,372.07,372.07,372.07,0,0
1612180525,372.07,372.07,372.07,372.07,372.07,0,0
1612180530,372.07,372.07,372.07,372.07,372.07,0,0
1612180535,372.07,372.07,372.07,372.07,372.07,0,0
1612180540,372.07,372.07,372.07,372.07,372.07,0,0
1612180545,372.07,372.07,372.07,372.07,372.07,0,0
1612180550,372.07,372.07,372.07,372.07,372.07,0,0
1612180555,372.07,372.07,372.07,372.07,372.07,0,0
1612180560,372.07,372.07,372.07,372.07,372.07,0,0
1612180565,372.07,372.07,372.07,372.07,372.07,0,0
1612180570,372.07,372.07,372.07,372.07,372.07,0,0
1612180575,372.07,372.07,372.07,372.07,372.07,0,0
1612180580,372.07,372.07,372.07,372.07,372.07,0,0
1612180585,372.07,372.07,372.07,372.07,372.07,0,0
1612180590,372.07,372.07,372.07,372.07,372.07,0,0
1612180595,372.07,372.07,372.07,372.07,372.07,0,0
1612180600,372.07,372.07,372.07,372.07,372.07,0,0
1612180605,372.07,372.07,372.07,372.07,372.07,0,0
1612180610,372.07,372.07,372.07,372.07,372.07,0,0
1612180615,372.07,372.07,372.07,372.07,372.07,0,0
1612180620,372.07,372.07,372.07,372.07,372.07,0,0
1612180625,372.07,372.07,372.07,372.07,372.07,0,0
1612180630,372.07,372.07,372.07,372.07,372.07,0,0
1612180635,372.07,372.07,372.07,372.07,372.07,0,0
1612180640,372.07,372.07,372.07,372.07,372.07,0,0
1612180645,372.07,372.07,372.07,372.07,372.07,0,0
1612180650,372.07,372.07,372.07,372.07,372.07,0,0
1612180655,372.07,372.07,372.07,372.07,372.07,0,0
1612180660,372.07,372.07,372.07,372.07,372.07,0,0
1612180665,372.07,372.07,372.07,372.07,372.07,0,0
1612180670,372.07,372.07,372.07,372.07,372.07,0,0
1612180675,372.07,372.07,372.07,372.07,372.07,0,0
1612180680,372.07,372.07,372.07,372.07,372.07,0,0
1612180685,372.07,372.07,372.07,372.07,372.07,0,0
1612180690,372.07,372.07,372.07,372.07,372.07,0,0
1612180695,372.07,372.07,372.07,372.07,372.07,0,0
1612180700,372.07,372.07,372.07,372.07,372.07,0,0
1612180705,372.07,372.07,372.07,372.07,372.07,0,0
1612180710,372.07,372.07,372.07,372.07,372.07,0,0
1612180715,372.07,372.07,372.07,372.07,372.07,0,0
1612180720,372.07,372.07,372.07,372.07,372.07,0,0
1612180725,372.07,372.07,372.07,372.07,372.07,0,0
1612180730,372.07,372.07,372.07,372.07,372.07,0,0
1612180735,372.07,372.07,372.07,372.07,372.07,0,0
1612180740,372.07,372.07,372.07,372.07,372.07,0,0
1612180745,372.07,372.07,372.07,372.07,372.07,0,0
1612180750,372.07,372.07,372.07,372.07,372.07,0,0
1612180755,372.07,372.07,372.07,372.07,372.07,0,0
1612180760,372.07,372.07,372.07,372.07,372.07,0,0
1612180765,372.07,372.07,372.07,372.07,372.07,0,0
1612180770,372.07,372.07,372.07,372.07,372.07,0,0
1612180775,372.07,372.07,372.07,372.07,372.07,0,0
1612180780,372.07,372.07,372.07,372.07,372.07,0,0
1612180785,372.07,372.07,372.07,372.07,372.07,0,0
1612180790,372.07,372.07,372.07,372.07,372.07,0,0
1612180795,372.07,372.07,372.07,372.07,372.07,0,0
1612180800,371.01,371.01,370.01,370.01,370.587,3,3
1612180805,372.0,372.0,372.0,372.0,372.0,2,2
1612180810,372.0,372.0,372.0,372.0,372.0,0,0
1612180815,372.0,372.0,372.0,372.0,372.0,0,0
1612180820,372.0,372.0,372.0,372.0,372.0,0,0
1612180825,372.0,372.0,372.0,372.0,372.0,0,0
1612180830,372.0,372.0,372.0,372.0,372.0,0,0
1612180835,372.0,372.0,372.0,372.0,372.0,0,0
1612180840,372.0,372.0,372.0,372.0,372.0,0,0
1612180845,372.0,372.0,372.0,372.0,372.0,0,0
1612180850,372.0,372.0,372.0,372.0,372.0,0,0
1612180855,372.0,372.0,372.0,372.0,372.0,0,0
1612180860,372.0,372.0,372.0,372.0,372.0,0,0
1612180865,372.0,372.0,372.0,372.0,372.0,0,0
1612180870,372.0,372.0,372.0,372.0,372.0,0,0
1612180875,372.0,372.0,372.0,372.0,372.0,0,0
1612180880,372.0,372.0,372.0,372.0,372.0,0,0
1612180885,372.0,372.0,372.0,372.0,372.0,0,0
1612180890,372.0,372.0,372.0,372.0,372.0,0,0
1612180895,372.0,372.0,372.0,372.0,372.0,0,0
1612180900,372.0,372.0,372.0,372.0,372.0,0,0
1612180905,372.0,372.0,372.0,372.0,372.0,0,0
1612180910,372.0,372.0,372.0,372.0,372.0,0,0
1612180915,372.0,372.0,372.0,372.0,372.0,0,0
1612180920,372.0,372.0,372.0,372.0,372.0,0,0
1612180925,372.0,372.0,372.0,372.0,372.0,0,0
1612180930,372.0,372.0,372.0,372.0,372.0,0,0
1612180935,372.0,372.0,372.0,372.0,372.0,0,0
1612180940,372.0,372.0,372.0,372.0,372.0,0,0
1612180945,372.0,372.0,372.0,372.0,372.0,0,0
1612180950,372.0,372.0,372.0,372.0,372.0,0,0
1612180955,372.0,372.0,372.0,372.0,372.0,0,0
1612180960,372.0,372.0,372.0,372.0,372.0,0,0
1612180965,372.0,372.0,372.0,372.0,372.0,0,0
1612180970,372.0,372.0,372.0,372.0,372.0,0,0
1612180975,372.0,372.0,372.0,372.0,372.0,0,0
1612180980,372.0,372.0,372.0,372.0,372.0,0,0
1612180985,372.0,372.0,372.0,372.0,372.0,0,0
1612180990,372.0,372.0,372.0,372.0,372.0,0,0
1612180995,372.0,372.0,372.0,372.0,372.0,0,0
1612181000,372.0,372.0,372.0,372.0,372.0,0,0
1612181005,372.0,372.0,372.0,372.0,372.0,0,0
1612181010,372.0,372.0,372.0,372.0,372.0,0,0
1612181015,372.0,372.0,372.0,372.0,372.0,0,0
1612181020,372.0,372.0,372.0,372.0,372.0,0,0
1612181025,372.0,372.0,372.0,372.0,372.0,0,0
1612181030,372.0,372.0,372.0,372.0,372.0,0,0
1612181035,372.0,372.0,372.0,372.0,372.0,0,0
1612181040,372.0,372.0,372.0,372.0,372.0,0,0
1612181045,372.0,372.0,372.0,372.0,372.0,0,0
1612181050,372.0,372.0,372.0,372.0,372.0,0,0
1612181055,372.0,372.0,372.0,372.0,372.0,0,0
1612181060,372.0,372.0,372.0,372.0,372.0,0,0
1612181065,372.0,372.0,372.0,372.0,372.0,0,0
1612181070,372.0,372.0,372.0,372.0,372.0,0,0
1612181075,372.0,372.0,372.0,372.0,372.0,0,0
1612181080,372.0,372.0,372.0,372.0,372.0,0,0
1612181085,372.0,372.0,372.0,372.0,372.0,0,0
1612181090,372.0,372.0,372.0,372.0,372.0,0,0
1612181095,372.0,372.0,372.0,372.0,372.0,0,0
1612181100,372.0,372.0,372.0,372.0,372.0,0,0
1612181105,372.0,372.0,372.0,372.0,372.0,0,0
1612181110,372.0,372.0,372.0,372.0,372.0,0,0
1612181115,372.0,372.0,372.0,372.0,372.0,0,0
1612181120,372.0,372.0,372.0,372.0,372.0,0,0
1612181125,372.0,372.0,372.0,372.0,372.0,0,0
1612181130,372.0,372.0,372.0,372.0,372.0,0,0
1612181135,372.0,372.0,372.0,372.0,372.0,0,0
1612181140,372.0,372.0,372.0,372.0,372.0,0,0
1612181145,372.0,372.0,372.0,372.0,372.0,0,0
1612181150,372.0,372.0,372.0,372.0,372.0,0,0
1612181155,372.0,372.0,372.0,372.0,372.0,0,0
1612181160,372.0,372.0,372.0,372.0,372.0,0,0
1612181165,372.0,372.0,372.0,372.0,372.0,0,0
1612181170,372.0,372.0,372.0,372.0,372.0,0,0
1612181175,372.0,372.0,372.0,372.0,372.0,0,0
1612181180,372.0,372.0,372.0,372.0,372.0,0,0
1612181185,372.0,372.0,372.0,372.0,372.0,0,0
1612181190,372.0,372.0,372.0,372.0,372.0,0,0
1612181195,372.0,372.0,372.0,372.0,372.0,0,0
1612181200,372.0,372.0,372.0,372.0,372.0,0,0
1612181205,372.0,372.0,372.0,372.0,372.0,0,0
1612181210,372.0,372.0,372.0,372.0,372.0,0,0
1612181215,372.0,372.0,372.0,372.0,372.0,0,0
1612181220,372.0,372.0,372.0,372.0,372.0,0,0
1612181225,372.0,372.0,372.0,372.0,372.0,0,0
1612181230,372.0,372.0,372.0,372.0,372.0,0,0
1612181235,372.0,372.0,372.0,372.0,372.0,0,0
1612181240,372.0,372.0,372.0,372.0,372.0,0,0
1612181245,372.0,372.0,372.0,372.0,372.0,0,0
1612181250,372.0,372.0,372.0,372.0,372.0,0,0
1612181255,372.0,372.0,372.0,372.0,372.0,0,0
1612181260,372.0,372.0,372.0,372.0,372.0,0,0
1612181265,372.0,372.0,372.0,372.0,372.0,0,0
1612181270,372.0,372.0,372.0,372.0,372.0,0,0
1612181275,372.0,372.0,372.0,372.0,372.0,0,0
1612181280,372.0,372.0,372.0,372.0,372.0,0,0
1612181285,372.0,372.0,372.0,372.0,372.0,0,0
1612181290,372.0,372.0,372.0,372.0,372.0,0,0
1612181295,372.0,372.0,372.0,372.0,372.0,0,0
1612181300,371.0,371.0,371.0,371.0,371.0,1,1
1612181305,371.0,371.0,371.0,371.0,371.0,0,0
1612181310,371.0,371.0,371.0,371.0,371.0,0,0
1612181315,371.0,371.0,371.0,371.0,371.0,0,0
1612181320,371.0,371.0,371.0,371.0,371.0,0,0
1612181325,371.0,371.0,371.0,371.0,371.0,0,0
1612181330,371.0,371.0,371.0,371.0,371.0,0,0
1612181335,371.0,371.0,371.0,371.0,371.0,0,0
1612181340,371.0,371.0,371.0,371.0,371.0,0,0
1612181345,371.0,371.0,371.0,371.0,371.0,0,0
1612181350,371.0,371.0,371.0,371.0,371.0,0,0
1612181355,371.0,371.0,371.0,371.0,371.0,0,0
1612181360,371.0,371.0,371.0,371.0,371.0,0,0
1612181365,371.0,371.0,371.0,371.0,371.0,0,0
1612181370,371.0,371.0,371.0,371.0,371.0,0,0
1612181375,371.0,371.0,371.0,371.0,371.0,0,0
1612181380,371.0,371.0,371.0,371.0,371.0,0,0
1612181385,371.0,371.0,371.0,371.0,371.0,0,0
1612181390,371.0,371.0,371.0,371.0,371.0,0,0
1612181395,371.0,371.0,371.0,371.0,371.0,0,0
1612181400,371.0,371.0,371.0,371.0,371.0,0,0
1612181405,371.0,371.0,371.0,371.0,371.0,0,0
1612181410,371.0,371.0,371.0,371.0,371.0,0,0
1612181415,371.0,371.0,371.0,371.0,371.0,0,0
1612181420,371.0,371.0,371.0,371.0,371.0,0,0
1612181425,371.0,371.0,371.0,371.0,371.0,0,0
1612181430,371.0,371.0,371.0,371.0,371.0,0,0
1612181435,371.0,371.0,371.0,371.0,371.0,0,0
1612181440,371.0,371.0,371.0,371.0,371.0,0,0
1612181445,371.0,371.0,371.0,371.0,371.0,0,0
1612181450,371.0,371.0,371.0,371.0,371.0,0,0
1612181455,371.0,371.0,371.0,371.0,371.0,0,0
1612181460,371.0,371.0,371.0,371.0,371.0,0,0
1612181465,371.0,371.0,371.0,371.0,371.0,0,0
1612181470,371.0,371.0,371.0,371.0,371.0,0,0
1612181475,371.0,371.0,371.0,371.0,371.0,0,0
1612181480,371.0,371.0,371.0,371.0,371.0,0,0
1612181485,371.0,371.0,371.0,371.0,371.0,0,0
1612181490,371.0,371.0,371.0,371.0,371.0,0,0
1612181495,371.0,371.0,371.0,371.0,371.0,0,0
1612181500,371.0,371.0,371.0,371.0,371.0,0,0
1612181505,371.0,371.0,371.0,371.0,371.0,0,0
1612181510,371.0,371.0,371.0,371.0,371.0,0,0
1612181515,371.0,371.0,371.0,371.0,371.0,0,0
1612181520,371.0,371.0,371.0,371.0,371.0,0,0
1612181525,371.0,371.0,371.0,371.0,371.0,1,1
1612181530,371.0,371.0,371.0,371.0,371.0,0,0
1612181535,371.0,371.0,371.0,371.0,371.0,0,0
1612181540,371.0,371.0,371.0,371.0,371.0,0,0
1612181545,371.0,371.0,371.0,371.0,371.0,0,0
1612181550,371.0,371.0,371.0,371.0,371.0,0,0
1612181555,371.0,371.0,371.0,371.0,371.0,0,0
1612181560,371.0,371.0,371.0,371.0,371.0,0,0
1612181565,371.0,371.0,371.0,371.0,371.0,0,0
1612181570,371.0,371.0,371.0,371.0,371.0,0,0
1612181575,371.0,371.0,371.0,371.0,371.0,0,0
1612181580,371.0,371.0,371.0,371.0,371.0,0,0
1612181585,371.0,371.0,371.0,371.0,371.0,0,0
1612181590,371.0,371.0,371.0,371.0,371.0,0,0
1612181595,371.0,371.0,371.0,371.0,371.0,0,0
1612181600,371.0,371.0,371.0,371.0,371.0,0,0
1612181605,371.0,371.0,371.0,371.0,371.0,0,0
1612181610,371.0,371.0,371.0,371.0,371.0,0,0
1612181615,371.0,371.0,371.0,371.0,371.0,0,0
1612181620,371.0,371.0,371.0,371.0,371.0,0,0
1612181625,371.0,371.0,371.0,371.0,371.0,0,0
1612181630,371.0,371.0,371.0,371.0,371.0,0,0
1612181635,371.0,371.0,371.0,371.0,371.0,0,0
1612181640,371.0,371.0,371.0,371.0,371.0,0,0
1612181645,371.0,371.0,371.0,371.0,371.0,0,0
1612181650,371.0,371.0,371.0,371.0,371.0,0,0
1612181655,371.0,371.0,371.0,371.0,371.0,0,0
1612181660,371.0,371.0,371.0,371.0,371.0,0,0
1612181665,371.0,371.0,371.0,371.0,371.0,0,0
1612181670,371.0,371.0,371.0,371.0,371.0,0,0
1612181675,371.0,371.0,371.0,371.0,371.0,0,0
1612181680,371.0,371.0,371.0,371.0,371.0,0,0
1612181685,371.0,371.0,371.0,371.0,371.0,0,0
1612181690,371.0,371.0,371.0,371.0,371.0,0,0
1612181695,371.0,371.0,371.0,371.0,371.0,0,0
1612181700,371.0,371.0,371.0,371.0,371.0,0,0
1612181705,371.0,371.0,371.0,371.0,371.0,0,0
1612181710,371.0,371.0,371.0,371.0,371.0,0,0
1612181715,371.0,371.0,371.0,371.0,371.0,0,0
1612181720,371.0,371.0,371.0,371.0,371.0,0,0
1612181725,371.0,371.0,371.0,371.0,371.0,0,0
1612181730,371.0,371.0,371.0,371.0,371.0,0,0
1612181735,371.0,371.0,371.0,371.0,371.0,0,0
1612181740,371.0,371.0,371.0,371.0,371.0,0,0
1612181745,371.0,371.0,371.0,371.0,371.0,0,0
1612181750,371.0,371.0,371.0,371.0,371.0,0,0
1612181755,371.0,371.0,371.0,371.0,371.0,0,0
1612181760,371.0,371.0,371.0,371.0,371.0,0,0
1612181765,371.0,371.0,371.0,371.0,371.0,0,0
1612181770,371.0,371.0,371.0,371.0,371.0,0,0
1612181775,371.0,371.0,371.0,371.0,371.0,0,0
1612181780,371.0,371.0,371.0,371.0,371.0,0,0
1612181785,371.0,371.0,371.0,371.0,371.0,0,0
1612181790,371.0,371.0,371.0,371.0,371.0,0,0
1612181795,371.0,371.0,371.0,371.0,371.0,0,0
1612181800,371.0,371.0,371.0,371.0,371.0,0,0
1612181805,371.0,371.0,371.0,371.0,371.0,0,0
1612181810,371.0,371.0,371.0,371.0,371.0,0,0
1612181815,371.0,371.0,371.0,371.0,371.0,0,0
1612181820,371.0,371.0,371.0,371.0,371.0,0,0
1612181825,371.0,371.0,371.0,371.0,371.0,0,0
1612181830,371.0,371.0,371.0,371.0,371.0,0,0
1612181835,371.0,371.0,371.0,371.0,371.0,0,0
1612181840,371.0,371.0,371.0,371.0,371.0,0,0
1612181845,371.0,371.0,371.0,371.0,371.0,0,0
1612181850,371.0,371.0,371.0,371.0,371.0,0,0
1612181855,371.0,371.0,371.0,371.0,371.0,0,0
1612181860,371.0,371.0,371.0,371.0,371.0,0,0
1612181865,371.0,371.0,371.0,371.0,371.0,0,0
1612181870,371.0,371.0,371.0,371.0,371.0,0,0
1612181875,371.0,371.0,371.0,371.0,371.0,0,0
1612181880,371.0,371.0,371.0,371.0,371.0,0,0
1612181885,371.0,371.0,371.0,371.0,371.0,0,0
1612181890,371.0,371.0,371.0,371.0,371.0,0,0
1612181895,371.0,371.0,371.0,371.0,371.0,0,0
1612181900,371.0,371.0,371.0,371.0,371.0,0,0
1612181905,371.0,371.0,371.0,371.0,371.0,0,0
1612181910,371.0,371.0,371.0,371.0,371.0,0,0
1612181915,371.0,371.0,371.0,371.0,371.0,0,0
1612181920,371.0,371.0,371.0,371.0,371.0,0,0
1612181925,371.0,371.0,371.0,371.0,371.0,0,0
1612181930,371.0,371.0,371.0,371.0,371.0,0,0
1612181935,371.0,371.0,371.0,371.0,371.0,0,0
1612181940,371.0,371.0,371.0,371.0,371.0,0,0
1612181945,371.0,371.0,371.0,371.0,371.0,0,0
1612181950,371.0,371.0,371.0,371.0,371.0,0,0
1612181955,371.0,371.0,371.0,371.0,371.0,0,0
1612181960,371.0,371.0,371.0,371.0,371.0,0,0
1612181965,371.0,371.0,371.0,371.0,371.0,0,0
1612181970,371.0,371.0,371.0,371.0,371.0,0,0
1612181975,371.0,371.0,371.0,371.0,371.0,0,0
1612181980,371.0,371.0,371.0,371.0,371.0,0,0
1612181985,371.0,371.0,371.0,371.0,371.0,0,0
1612181990,371.0,371.0,371.0,371.0,371.0,0,0
1612181995,371.0,371.0,371.0,371.0,371.0,0,0
1612182000,371.0,371.0,371.0,371.0,371.0,0,0
1612182005,371.0,371.0,371.0,371.0,371.0,0,0
1612182010,371.0,371.0,371.0,371.0,371.0,0,0
1612182015,371.0,371.0,371.0,371.0,371.0,0,0
1612182020,371.0,371.0,371.0,371.0,371.0,0,0
1612182025,371.0,371.0,371.0,371.0,371.0,0,0
1612182030,371.0,371.0,371.0,371.0,371.0,0,0
1612182035,371.0,371.0,371.0,371.0,371.0,0,0
1612182040,371.0,371.0,371.0,371.0,371.0,0,0
1612182045,371.0,371.0,371.0,371.0,371.0,0,0
1612182050,371.0,371.0,371.0,371.0,371.0,0,0
1612182055,371.0,371.0,371.0,371.0,371.0,0,0
1612182060,371.0,371.0,371.0,371.0,371.0,0,0
1612182065,371.0,371.0,371.0,371.0,371.0,0,0
1612182070,371.0,371.0,371.0,371.0,371.0,0,0
1612182075,371.0,371.0,371.0,371.0,371.0,0,0
1612182080,371.0,371.0,371.0,371.0,371.0,0,0
1612182085,371.0,371.0,371.0,371.0,371.0,0,0
1612182090,371.0,371.0,371.0,371.0,371.0,0,0
1612182095,371.0,371.0,371.0,371.0,371.0,0,0
1612182100,371.0,371.0,371.0,371.0,371.0,0,0
1612182105,371.0,371.0,371.0,371.0,371.0,0,0
1612182110,371.0,371.0,371.0,371.0,371.0,0,0
1612182115,371.0,371.0,371.0,371.0,371.0,0,0
1612182120,371.0,371.0,371.0,371.0,371.0,0,0
1612182125,371.0,371.0,371.0,371.0,371.0,0,0
1612182130,371.0,371.0,371.0,371.0,371.0,0,0
1612182135,371.0,371.0,371.0,371.0,371.0,0,0
1612182140,371.0,371.0,371.0,371.0,371.0,0,0
1612182145,371.0,371.0,371.0,371.0,371.0,0,0
1612182150,371.0,371.0,371.0,371.0,371.0,0,0
1612182155,371.15,371.15,371.15,371.15,371.15,1,1
1612182160,371.15,371.15,371.15,371.15,371.15,0,0
1612182165,371.15,371.15,371.15,371.15,371.15,0,0
1612182170,371.15,371.15,371.15,371.15,371.15,0,0
1612182175,371.15,371.15,371.15,371.15,371.15,0,0
1612182180,371.15,371.15,371.15,371.15,371.15,0,0
1612182185,371.15,371.15,371.15,371.15,371.15,0,0
1612182190,371.15,371.15,371.15,371.15,371.15,0,0
1612182195,371.15,371.15,371.15,371.15,371.15,0,0
1612182200,371.15,371.15,371.15,371.15,371.15,0,0
1612182205,371.15,371.15,371.15,371.15,371.15,0,0
1612182210,371.15,371.15,371.15,371.15,371.15,0,0
1612182215,371.15,371.15,371.15,371.15,371.15,0,0
1612182220,371.15,371.15,371.15,371.15,371.15,0,0
1612182225,371.15,371.15,371.15,371.15,371.15,0,0
1612182230,371.15,371.15,371.15,371.15,371.15,0,0
1612182235,371.15,371.15,371.15,371.15,371.15,0,0
1612182240,371.15,371.15,371.15,371.15,371.15,0,0
1612182245,371.15,371.15,371.15,371.15,371.15,0,0
1612182250,371.15,371.15,371.15,371.15,371.15,0,0
1612182255,371.15,371.15,371.15,371.15,371.15,0,0
1612182260,371.15,371.15,371.15,371.15,371.15,0,0
1612182265,371.15,371.15,371.15,371.15,371.15,0,0
1612182270,371.15,371.15,371.15,371.15,371.15,0,0
1612182275,371.15,371.15,371.15,371.15,371.15,0,0
1612182280,371.15,371.15,371.15,371.15,371.15,0,0
1612182285,371.15,371.15,371.15,371.15,371.15,0,0
1612182290,371.15,371.15,371.15,371.15,371.15,0,0
1612182295,371.15,371.15,371.15,371.15,371.15,0,0
1612182300,371.15,371.15,371.15,371.15,371.15,0,0
1612182305,371.15,371.15,371.15,371.15,371.15,0,0
1612182310,371.15,371.15,371.15,371.15,371.15,0,0
1612182315,371.15,371.15,371.15,371.15,371.15,0,0
1612182320,371.15,371.15,371.15,371.15,371.15,0,0
1612182325,371.15,371.15,371.15,371.15,371.15,0,0
1612182330,371.15,371.15,371.15,371.15,371.15,0,0
1612182335,371.15,371.15,371.15,371.15,371.15,0,0
1612182340,371.15,371.15,371.15,371.15,371.15,0,0
1612182345,371.15,371.15,371.15,371.15,371.15,0,0
1612182350,371.15,371.15,371.15,371.15,371.15,0,0
1612182355,371.15,371.15,371.15,371.15,371.15,0,0
1612182360,371.15,371.15,371.15,371.15,371.15,0,0
1612182365,371.15,371.15,371.15,371.15,371.15,0,0
1612182370,371.15,371.15,371.15,371.15,371.15,0,0
1612182375,371.15,371.15,371.15,371.15,371.15,0,0
1612182380,371.15,371.15,371.15,371.15,371.15,0,0
1612182385,371.15,371.15,371.15,371.15,371.15,0,0
1612182390,371.15,371.15,371.15,371.15,371.15,0,0
1612182395,371.15,371.15,371.15,371.15,371.15,0,0
1612182400,371.15,371.15,371.15,371.15,371.15,0,0
1612182405,371.15,371.15,371.15,371.15,371.15,0,0
1612182410,371.15,371.15,371.15,371.15,371.15,0,0
1612182415,371.15,371.15,371.15,371.15,371.15,0,0
1612182420,371.15,371.15,371.15,371.15,371.15,0,0
1612182425,371.15,371.15,371.15,371.15,371.15,0,0
1612182430,371.15,371.15,371.15,371.15,371.15,0,0
1612182435,371.15,371.15,371.15,371.15,371.15,0,0
1612182440,371.15,371.15,371.15,371.15,371.15,0,0
1612182445,371.15,371.15,371.15,371.15,371.15,0,0
1612182450,371.15,371.15,371.15,371.15,371.15,0,0
1612182455,371.15,371.15,371.15,371.15,371.15,0,0
1612182460,371.15,371.15,371.15,371.15,371.15,0,0
1612182465,371.15,371.15,371.15,371.15,371.15,0,0
1612182470,371.15,371.15,371.15,371.15,371.15,0,0
1612182475,371.15,371.15,371.15,371.15,371.15,0,0
1612182480,371.15,371.15,371.15,371.15,371.15,0,0
1612182485,371.15,371.15,371.15,371.15,371.15,0,0
1612182490,371.15,371.15,371.15,371.15,371.15,0,0
1612182495,371.15,371.15,371.15,371.15,371.15,0,0
1612182500,371.15,371.15,371.15,371.15,371.15,0,0
1612182505,371.15,371.15,371.15,371.15,371.15,0,0
1612182510,371.15,371.15,371.15,371.15,371.15,0,0
1612182515,371.15,371.15,371.15,371.15,371.15,0,0
1612182520,371.15,371.15,371.15,371.15,371.15,0,0
1612182525,371.15,371.15,371.15,371.15,371.15,0,0
1612182530,371.15,371.15,371.15,371.15,371.15,0,0
1612182535,371.15,371.15,371.15,371.15,371.15,0,0
1612182540,371.15,371.15,371.15,371.15,371.15,0,0
1612182545,371.15,371.15,371.15,371.15,371.15,0,0
1612182550,371.15,371.15,371.15,371.15,371.15,0,0
1612182555,371.15,371.15,371.15,371.15,371.15,0,0
1612182560,371.15,371.15,371.15,371.15,371.15,0,0
1612182565,371.15,371.15,371.15,371.15,371.15,0,0
1612182570,371.15,371.15,371.15,371.15,371.15,0,0
1612182575,371.15,371.15,371.15,371.15,371.15,0,0
1612182580,371.15,371.15,371.15,371.15,371.15,0,0
1612182585,371.15,371.15,371.15,371.15,371.15,0,0
1612182590,371.15,371.15,371.15,371.15,371.15,0,0
1612182595,371.15,371.15,371.15,371.15,371.15,0,0
1612182600,371.15,371.15,371.15,371.15,371.15,0,0
1612182605,371.15,371.15,371.15,371.15,371.15,0,0
1612182610,371.15,371.15,371.15,371.15,371.15,0,0
1612182615,371.15,371.15,371.15,371.15,371.15,0,0
1612182620,371.15,371.15,371.15,371.15,371.15,0,0
1612182625,371.15,371.15,371.15,371.15,371.15,0,0
1612182630,371.15,371.15,371.15,371.15,371.15,0,0
1612182635,371.15,371.15,371.15,371.15,371.15,0,0
1612182640,371.15,371.15,371.15,371.15,371.15,0,0
1612182645,371.15,371.15,371.15,371.15,371.15,0,0
1612182650,371.15,371.15,371.15,371.15,371.15,0,0
1612182655,371.15,371.15,371.15,371.15,371.15,0,0
1612182660,371.15,371.15,371.15,371.15,371.15,0,0
1612182665,371.15,371.15,371.15,371.15,371.15,0,0
1612182670,371.15,371.15,371.15,371.15,371.15,0,0
1612182675,371.15,371.15,371.15,371.15,371.15,0,0
1612182680,371.15,371.15,371.15,371.15,371.15,0,0
1612182685,371.15,371.15,371.15,371.15,371.15,0,0
1612182690,371.15,371.15,371.15,371.15,371.15,0,0
1612182695,371.15,371.15,371.15,371.15,371.15,0,0
1612182700,371.15,371.15,371.15,371.15,371.15,0,0
1612182705,371.15,371.15,371.15,371.15,371.15,0,0
1612182710,371.15,371.15,371.15,371.15,371.15,0,0
1612182715,371.15,371.15,371.15,371.15,371.15,0,0
1612182720,371.15,371.15,371.15,371.15,371.15,0,0
1612182725,371.15,371.15,371.15,371.15,371.15,0,0
1612182730,371.15,371.15,371.15,371.15,371.15,0,0
1612182735,371.15,371.15,371.15,371.15,371.15,0,0
1612182740,371.15,371.15,371.15,371.15,371.15,0,0
1612182745,371.15,371.15,371.15,371.15,371.15,0,0
1612182750,371.15,371.15,371.15,371.15,371.15,0,0
1612182755,371.15,371.15,371.15,371.15,371.15,0,0
1612182760,371.15,371.15,371.15,371.15,371.15,0,0
1612182765,371.15,371.15,371.15,371.15,371.15,0,0
1612182770,371.15,371.15,371.15,371.15,371.15,0,0
1612182775,371.15,371.15,371.15,371.15,371.15,0,0
1612182780,371.15,371.15,371.15,371.15,371.15,0,0
1612182785,371.15,371.15,371.15,371.15,371.15,0,0
1612182790,371.15,371.15,371.15,371.15,371.15,0,0
1612182795,371.15,371.15,371.15,371.15,371.15,0,0
1612182800,371.15,371.15,371.15,371.15,371.15,0,0
1612182805,371.15,371.15,371.15,371.15,371.15,0,0
1612182810,371.15,371.15,371.15,371.15,371.15,0,0
1612182815,371.15,371.15,371.15,371.15,371.15,0,0
1612182820,371.15,371.15,371.15,371.15,371.15,0,0
1612182825,371.15,371.15,371.15,371.15,371.15,0,0
1612182830,371.15,371.15,371.15,371.15,371.15,0,0
1612182835,371.15,371.15,371.15,371.15,371.15,0,0
1612182840,371.15,371.15,371.15,371.15,371.15,0,0
1612182845,371.15,371.15,371.15,371.15,371.15,0,0
1612182850,371.15,371.15,371.15,371.15,371.15,0,0
1612182855,371.15,371.15,371.15,371.15,371.15,0,0
1612182860,371.15,371.15,371.15,371.15,371.15,0,0
1612182865,371.15,371.15,371.15,371.15,371.15,0,0
1612182870,371.15,371.15,371.15,371.15,371.15,0,0
1612182875,371.15,371.15,371.15,371.15,371.15,0,0
1612182880,371.15,371.15,371.15,371.15,371.15,0,0
1612182885,371.15,371.15,371.15,371.15,371.15,0,0
1612182890,371.15,371.15,371.15,371.15,371.15,0,0
1612182895,371.15,371.15,371.15,371.15,371.15,0,0
1612182900,371.15,371.15,371.15,371.15,371.15,0,0
1612182905,371.15,371.15,371.15,371.15,371.15,0,0
1612182910,371.15,371.15,371.15,371.15,371.15,0,0
1612182915,371.15,371.15,371.15,371.15,371.15,0,0
1612182920,371.15,371.15,371.15,371.15,371.15,0,0
1612182925,371.15,371.15,371.15,371.15,371.15,0,0
1612182930,371.15,371.15,371.15,371.15,371.15,0,0
1612182935,371.15,371.15,371.15,371.15,371.15,0,0
1612182940,371.15,371.15,371.15,371.15,371.15,0,0
1612182945,371.15,371.15,371.15,371.15,371.15,0,0
1612182950,371.15,371.15,371.15,371.15,371.15,0,0
1612182955,371.15,371.15,371.15,371.15,371.15,0,0
1612182960,371.15,371.15,371.15,371.15,371.15,0,0
1612182965,371.15,371.15,371.15,371.15,371.15,0,0
1612182970,371.15,371.15,371.15,371.15,371.15,0,0
1612182975,371.15,371.15,371.15,371.15,371.15,0,0
1612182980,371.15,371.15,371.15,371.15,371.15,0,0
1612182985,371.15,371.15,371.15,371.15,371.15,0,0
1612182990,371.15,371.15,371.15,371.15,371.15,0,0
1612182995,371.15,371.15,371.15,371.15,371.15,0,0
1612183000,371.15,371.15,371.15,371.15,371.15,0,0
1612183005,371.15,371.15,371.15,371.15,371.15,0,0
1612183010,371.15,371.15,371.15,371.15,371.15,0,0
1612183015,371.15,371.15,371.15,371.15,371.15,0,0
1612183020,371.15,371.15,371.15,371.15,371.15,0,0
1612183025,371.15,371.15,371.15,371.15,371.15,0,0
1612183030,371.15,371.15,371.15,371.15,371.15,0,0
1612183035,371.15,371.15,371.15,371.15,371.15,0,0
1612183040,371.15,371.15,371.15,371.15,371.15,0,0
1612183045,371.15,371.15,371.15,371.15,371.15,0,0
1612183050,371.15,371.15,371.15,371.15,371.15,0,0
1612183055,371.15,371.15,371.15,371.15,371.15,0,0
1612183060,371.0,371.0,371.0,371.0,371.0,7,2
1612183065,371.0,371.0,371.0,371.0,371.0,0,0
1612183070,371.0,371.0,371.0,371.0,371.0,0,0
1612183075,371.0,371.0,371.0,371.0,371.0,0,0
1612183080,371.0,371.0,371.0,371.0,371.0,0,0
1612183085,371.0,371.0,371.0,371.0,371.0,0,0
1612183090,371.0,371.0,371.0,371.0,371.0,0,0
1612183095,371.0,371.0,371.0,371.0,371.0,0,0
1612183100,371.0,371.0,371.0,371.0,371.0,0,0
1612183105,371.0,371.0,371.0,371.0,371.0,0,0
1612183110,371.0,371.0,371.0,371.0,371.0,0,0
1612183115,371.0,371.0,371.0,371.0,371.0,0,0
1612183120,371.0,371.0,371.0,371.0,371.0,0,0
1612183125,371.0,371.0,371.0,371.0,371.0,0,0
1612183130,371.0,371.0,371.0,371.0,371.0,0,0
1612183135,371.0,371.0,371.0,371.0,371.0,0,0
1612183140,371.0,371.0,371.0,371.0,371.0,0,0
1612183145,371.0,371.0,371.0,371.0,371.0,0,0
1612183150,371.0,371.0,371.0,371.0,371.0,0,0
1612183155,371.0,371.0,371.0,371.0,371.0,0,0
1612183160,371.0,371.0,371.0,371.0,371.0,0,0
1612183165,371.0,371.0,371.0,371.0,371.0,0,0
1612183170,371.0,371.0,371.0,371.0,371.0,0,0
1612183175,371.0,371.0,371.0,371.0,371.0,0,0
1612183180,371.0,371.0,371.0,371.0,371.0,0,0
1612183185,371.0,371.0,371.0,371.0,371.0,0,0
1612183190,371.0,371.0,371.0,371.0,371.0,0,0
1612183195,371.0,371.0,371.0,371.0,371.0,0,0
1612183200,371.0,371.0,371.0,371.0,371.0,0,0
1612183205,371.0,371.0,371.0,371.0,371.0,0,0
1612183210,371.0,371.0,371.0,371.0,371.0,0,0
1612183215,371.0,371.0,371.0,371.0,371.0,0,0
1612183220,371.0,371.0,371.0,371.0,371.0,1,1
1612183225,371.0,371.0,371.0,371.0,371.0,0,0
1612183230,371.0,371.0,371.0,371.0,371.0,0,0
1612183235,371.0,371.0,371.0,371.0,371.0,0,0
1612183240,371.0,371.0,371.0,371.0,371.0,0,0
1612183245,371.0,371.0,371.0,371.0,371.0,0,0
1612183250,371.0,371.0,371.0,371.0,371.0,0,0
1612183255,371.0,371.0,371.0,371.0,371.0,0,0
1612183260,371.0,371.0,371.0,371.0,371.0,0,0
1612183265,371.0,371.0,371.0,371.0,371.0,0,0
1612183270,371.0,371.0,371.0,371.0,371.0,0,0
1612183275,371.0,371.0,371.0,371.0,371.0,0,0
1612183280,371.0,371.0,371.0,371.0,371.0,0,0
1612183285,371.0,371.0,371.0,371.0,371.0,0,0
1612183290,371.0,371.0,371.0,371.0,371.0,0,0
1612183295,371.0,371.0,371.0,371.0,371.0,0,0
1612183300,371.0,371.0,371.0,371.0,371.0,0,0
1612183305,371.0,371.0,371.0,371.0,371.0,0,0
1612183310,371.0,371.0,371.0,371.0,371.0,0,0
1612183315,371.0,371.0,371.0,371.0,371.0,0,0
1612183320,371.0,371.0,371.0,371.0,371.0,0,0
1612183325,371.0,371.0,371.0,371.0,371.0,0,0
1612183330,371.0,371.0,371.0,371.0,371.0,0,0
1612183335,371.0,371.0,371.0,371.0,371.0,0,0
1612183340,371.0,371.0,371.0,371.0,371.0,0,0
1612183345,371.0,371.0,371.0,371.0,371.0,0,0
1612183350,371.0,371.0,371.0,371.0,371.0,0,0
1612183355,371.0,371.0,371.0,371.0,371.0,0,0
1612183360,371.0,371.0,371.0,371.0,371.0,0,0
1612183365,371.0,371.0,371.0,371.0,371.0,0,0
1612183370,371.0,371.0,371.0,371.0,371.0,0,0
1612183375,371.0,371.0,371.0,371.0,371.0,0,0
1612183380,371.0,371.0,371.0,371.0,371.0,0,0
1612183385,371.0,371.0,371.0,371.0,371.0,0,0
1612183390,371.0,371.0,371.0,371.0,371.0,0,0
1612183395,371.0,371.0,371.0,371.0,371.0,0,0
1612183400,371.0,371.0,371.0,371.0,371.0,0,0
1612183405,371.0,371.0,371.0,371.0,371.0,0,0
1612183410,371.0,371.0,371.0,371.0,371.0,0,0
1612183415,371.0,371.0,371.0,371.0,371.0,0,0
1612183420,371.0,371.0,371.0,371.0,371.0,0,0
1612183425,371.0,371.0,371.0,371.0,371.0,0,0
1612183430,371.0,371.0,371.0,371.0,371.0,0,0
1612183435,371.0,371.0,371.0,371.0,371.0,0,0
1612183440,371.0,371.0,371.0,371.0,371.0,0,0
1612183445,371.0,371.0,371.0,371.0,371.0,0,0
1612183450,371.0,371.0,371.0,371.0,371.0,0,0
1612183455,371.0,371.0,371.0,371.0,371.0,0,0
1612183460,371.0,371.0,371.0,371.0,371.0,0,0
1612183465,371.0,371.0,371.0,371.0,371.0,0,0
1612183470,371.0,371.0,371.0,371.0,371.0,0,0
1612183475,371.0,371.0,371.0,371.0,371.0,0,0
1612183480,371.0,371.0,371.0,371.0,371.0,0,0
1612183485,371.0,371.0,371.0,371.0,371.0,0,0
1612183490,371.0,371.0,371.0,371.0,371.0,0,0
1612183495,371.0,371.0,371.0,371.0,371.0,0,0
1612183500,371.0,371.0,371.0,371.0,371.0,0,0
1612183505,371.0,371.0,371.0,371.0,371.0,0,0
1612183510,371.0,371.0,371.0,371.0,371.0,0,0
1612183515,371.0,371.0,371.0,371.0,371.0,0,0
1612183520,371.0,371.0,371.0,371.0,371.0,0,0
1612183525,371.0,371.0,371.0,371.0,371.0,0,0
1612183530,371.0,371.0,371.0,371.0,371.0,0,0
1612183535,371.0,371.0,371.0,371.0,371.0,0,0
1612183540,371.0,371.0,371.0,371.0,371.0,0,0
1612183545,371.0,371.0,371.0,371.0,371.0,0,0
1612183550,371.0,371.0,371.0,371.0,371.0,0,0
1612183555,371.0,371.0,371.0,371.0,371.0,0,0
1612183560,371.0,371.0,371.0,371.0,371.0,0,0
1612183565,371.0,371.0,371.0,371.0,371.0,0,0
1612183570,371.0,371.0,371.0,371.0,371.0,0,0
1612183575,371.0,371.0,371.0,371.0,371.0,0,0
1612183580,371.0,371.0,371.0,371.0,371.0,0,0
1612183585,371.0,371.0,371.0,371.0,371.0,0,0
1612183590,371.0,371.0,371.0,371.0,371.0,0,0
1612183595,371.0,371.0,371.0,371.0,371.0,0,0
1612183600,371.0,371.0,371.0,371.0,371.0,0,0
1612183605,371.0,371.0,371.0,371.0,371.0,0,0
1612183610,371.0,371.0,371.0,371.0,371.0,0,0
1612183615,371.0,371.0,371.0,371.0,371.0,0,0
1612183620,371.0,371.0,371.0,371.0,371.0,0,0
1612183625,371.0,371.0,371.0,371.0,371.0,0,0
1612183630,371.0,371.0,371.0,371.0,371.0,0,0
1612183635,371.0,371.0,371.0,371.0,371.0,0,0
1612183640,371.0,371.0,371.0,371.0,371.0,0,0
1612183645,371.0,371.0,371.0,371.0,371.0,0,0
1612183650,371.0,371.0,371.0,371.0,371.0,0,0
1612183655,371.0,371.0,371.0,371.0,371.0,0,0
1612183660,371.0,371.0,371.0,371.0,371.0,0,0
1612183665,371.0,371.0,371.0,371.0,371.0,0,0
1612183670,371.0,371.0,371.0,371.0,371.0,0,0
1612183675,371.0,371.0,371.0,371.0,371.0,0,0
1612183680,371.0,371.0,371.0,371.0,371.0,0,0
1612183685,371.0,371.0,371.0,371.0,371.0,0,0
1612183690,371.0,371.0,371.0,371.0,371.0,0,0
1612183695,371.0,371.0,371.0,371.0,371.0,0,0
1612183700,371.0,371.0,371.0,371.0,371.0,0,0
1612183705,371.0,371.0,371.0,371.0,371.0,0,0
1612183710,371.0,371.0,371.0,371.0,371.0,0,0
1612183715,371.0,371.0,371.0,371.0,371.0,0,0
1612183720,371.0,371.0,371.0,371.0,371.0,0,0
1612183725,371.0,371.0,371.0,371.0,371.0,0,0
1612183730,371.0,371.0,371.0,371.0,371.0,0,0
1612183735,371.0,371.0,371.0,371.0,371.0,0,0
1612183740,371.0,371.0,371.0,371.0,371.0,0,0
1612183745,371.0,371.0,371.0,371.0,371.0,0,0
1612183750,371.0,371.0,371.0,371.0,371.0,0,0
1612183755,371.0,371.0,371.0,371.0,371.0,0,0
1612183760,371.0,371.0,371.0,371.0,371.0,0,0
1612183765,371.0,371.0,371.0,371.0,371.0,0,0
1612183770,371.0,371.0,371.0,371.0,371.0,0,0
1612183775,371.0,371.0,371.0,371.0,371.0,0,0
1612183780,371.0,371.0,371.0,371.0,371.0,0,0
1612183785,371.0,371.0,371.0,371.0,371.0,0,0
1612183790,371.0,371.0,371.0,371.0,371.0,0,0
1612183795,371.0,371.0,371.0,371.0,371.0,0,0
1612183800,371.0,371.0,371.0,371.0,371.0,0,0
1612183805,371.0,371.0,371.0,371.0,371.0,0,0
1612183810,371.0,371.0,371.0,371.0,371.0,0,0
1612183815,371.0,371.0,371.0,371.0,371.0,0,0
1612183820,371.0,371.0,371.0,371.0,371.0,0,0
1612183825,371.0,371.0,371.0,371.0,371.0,0,0
1612183830,371.0,371.0,371.0,371.0,371.0,0,0
1612183835,371.0,371.0,371.0,371.0,371.0,0,0
1612183840,371.0,371.0,371.0,371.0,371.0,0,0
1612183845,371.0,371.0,371.0,371.0,371.0,0,0
1612183850,371.0,371.0,371.0,371.0,371.0,0,0
1612183855,371.0,371.0,371.0,371.0,371.0,0,0
1612183860,371.0,371.0,371.0,371.0,371.0,0,0
1612183865,371.0,371.0,371.0,371.0,371.0,0,0
1612183870,371.0,371.0,371.0,371.0,371.0,0,0
1612183875,371.0,371.0,371.0,371.0,371.0,0,0
1612183880,371.0,371.0,371.0,371.0,371.0,0,0
1612183885,371.0,371.0,371.0,371.0,371.0,0,0
1612183890,371.0,371.0,371.0,371.0,371.0,0,0
1612183895,371.0,371.0,371.0,371.0,371.0,0,0
1612183900,371.0,371.0,371.0,371.0,371.0,0,0
1612183905,371.0,371.0,371.0,371.0,371.0,0,0
1612183910,371.0,371.0,371.0,371.0,371.0,0,0
1612183915,371.0,371.0,371.0,371.0,371.0,0,0
1612183920,371.0,371.0,371.0,371.0,371.0,0,0
1612183925,371.0,371.0,371.0,371.0,371.0,0,0
1612183930,371.0,371.0,371.0,371.0,371.0,0,0
1612183935,371.0,371.0,371.0,371.0,371.0,0,0
1612183940,371.0,371.0,371.0,371.0,371.0,0,0
1612183945,371.0,371.0,371.0,371.0,371.0,0,0
1612183950,371.0,371.0,371.0,371.0,371.0,0,0
1612183955,371.0,371.0,371.0,371.0,371.0,0,0
1612183960,371.0,371.0,371.0,371.0,371.0,0,0
1612183965,371.0,371.0,371.0,371.0,371.0,0,0
1612183970,371.0,371.0,371.0,371.0,371.0,0,0
1612183975,371.0,371.0,371.0,371.0,371.0,0,0
1612183980,371.0,371.0,371.0,371.0,371.0,0,0
1612183985,371.0,371.0,371.0,371.0,371.0,0,0
1612183990,371.0,371.0,371.0,371.0,371.0,0,0
1612183995,371.0,371.0,371.0,371.0,371.0,0,0
1612184000,371.0,371.0,371.0,371.0,371.0,0,0
1612184005,371.0,371.0,371.0,371.0,371.0,0,0
1612184010,371.0,371.0,371.0,371.0,371.0,0,0
1612184015,371.0,371.0,371.0,371.0,371.0,0,0
1612184020,371.0,371.0,371.0,371.0,371.0,0,0
1612184025,371.0,371.0,371.0,371.0,371.0,0,0
1612184030,371.0,371.0,371.0,371.0,371.0,0,0
1612184035,371.0,371.0,371.0,371.0,371.0,0,0
1612184040,371.0,371.0,371.0,371.0,371.0,0,0
1612184045,371.0,371.0,371.0,371.0,371.0,0,0
1612184050,371.0,371.0,371.0,371.0,371.0,0,0
1612184055,371.0,371.0,371.0,371.0,371.0,0,0
1612184060,371.0,371.0,371.0,371.0,371.0,0,0
1612184065,371.0,371.0,371.0,371.0,371.0,0,0
1612184070,371.0,371.0,371.0,371.0,371.0,0,0
1612184075,371.0,371.0,371.0,371.0,371.0,0,0
1612184080,371.0,371.0,371.0,371.0,371.0,0,0
1612184085,371.0,371.0,371.0,371.0,371.0,0,0
1612184090,371.0,371.0,371.0,371.0,371.0,0,0
1612184095,371.0,371.0,371.0,371.0,371.0,0,0
1612184100,371.0,371.0,371.0,371.0,371.0,0,0
1612184105,371.0,371.0,371.0,371.0,371.0,0,0
1612184110,371.0,371.0,371.0,371.0,371.0,0,0
1612184115,371.0,371.0,371.0,371.0,371.0,0,0
1612184120,371.0,371.0,371.0,371.0,371.0,0,0
1612184125,371.0,371.0,371.0,371.0,371.0,0,0
1612184130,371.0,371.0,371.0,371.0,371.0,0,0
1612184135,371.0,371.0,371.0,371.0,371.0,0,0
1612184140,371.0,371.0,371.0,371.0,371.0,0,0
1612184145,371.0,371.0,371.0,371.0,371.0,0,0
1612184150,371.0,371.0,371.0,371.0,371.0,0,0
1612184155,371.0,371.0,371.0,371.0,371.0,0,0
1612184160,371.0,371.0,371.0,371.0,371.0,0,0
1612184165,371.0,371.0,371.0,371.0,371.0,0,0
1612184170,371.0,371.0,371.0,371.0,371.0,0,0
1612184175,371.0,371.0,371.0,371.0,371.0,0,0
1612184180,371.0,371.0,371.0,371.0,371.0,0,0
1612184185,371.0,371.0,371.0,371.0,371.0,0,0
1612184190,371.0,371.0,371.0,371.0,371.0,0,0
1612184195,371.0,371.0,371.0,371.0,371.0,0,0
1612184200,371.0,371.0,371.0,371.0,371.0,0,0
1612184205,371.0,371.0,371.0,371.0,371.0,0,0
1612184210,371.0,371.0,371.0,371.0,371.0,0,0
1612184215,371.0,371.0,371.0,371.0,371.0,0,0
1612184220,371.0,371.0,371.0,371.0,371.0,0,0
1612184225,371.0,371.0,371.0,371.0,371.0,0,0
1612184230,371.0,371.0,371.0,371.0,371.0,0,0
1612184235,371.0,371.0,371.0,371.0,371.0,0,0
1612184240,371.0,371.0,371.0,371.0,371.0,0,0
1612184245,371.0,371.0,371.0,371.0,371.0,0,0
1612184250,371.0,371.0,371.0,371.0,371.0,0,0
1612184255,371.0,371.0,371.0,371.0,371.0,0,0
1612184260,371.0,371.0,371.0,371.0,371.0,0,0
1612184265,371.0,371.0,371.0,371.0,371.0,0,0
1612184270,371.0,371.0,371.0,371.0,371.0,0,0
1612184275,371.0,371.0,371.0,371.0,371.0,0,0
1612184280,371.0,371.0,371.0,371.0,371.0,0,0
1612184285,371.0,371.0,371.0,371.0,371.0,0,0
1612184290,371.0,371.0,371.0,371.0,371.0,0,0
1612184295,371.0,371.0,371.0,371.0,371.0,0,0
1612184300,371.0,371.0,371.0,371.0,371.0,0,0
1612184305,371.0,371.0,371.0,371.0,371.0,0,0
1612184310,371.0,371.0,371.0,371.0,371.0,0,0
1612184315,371.0,371.0,371.0,371.0,371.0,0,0
1612184320,371.0,371.0,371.0,371.0,371.0,0,0
1612184325,371.0,371.0,371.0,371.0,371.0,0,0
1612184330,371.0,371.0,371.0,371.0,371.0,0,0
1612184335,371.0,371.0,371.0,371.0,371.0,0,0
1612184340,371.0,371.0,371.0,371.0,371.0,0,0
1612184345,371.0,371.0,371.0,371.0,371.0,0,0
1612184350,371.0,371.0,371.0,371.0,371.0,0,0
1612184355,371.0,371.0,371.0,371.0,371.0,0,0
1612184360,371.0,371.0,371.0,371.0,371.0,0,0
1612184365,371.0,371.0,371.0,371.0,371.0,0,0
1612184370,371.0,371.0,371.0,371.0,371.0,0,0
1612184375,371.0,371.0,371.0,371.0,371.0,0,0
1612184380,371.0,371.0,371.0,371.0,371.0,0,0
1612184385,371.0,371.0,371.0,371.0,371.0,0,0
1612184390,371.0,371.0,371.0,371.0,371.0,0,0
1612184395,371.0,371.0,371.0,371.0,371.0,0,0
1612184400,372.0,372.0,372.0,372.0,372.0,1,1
1612184405,370.5,371.0,369.0,371.0,370.164,5,3
1612184410,372.0,372.0,372.0,372.0,372.0,11,1
1612184415,370.51,370.51,370.5,370.51,370.506,2,1
1612184420,370.51,370.51,370.5,370.51,370.51,0,0
1612184425,370.51,370.51,370.5,370.51,370.51,0,0
1612184430,370.51,370.51,370.5,370.51,370.51,0,0
1612184435,370.51,370.51,370.5,370.51,370.51,0,0
1612184440,370.51,370.51,370.5,370.51,370.51,0,0
1612184445,370.51,370.51,370.5,370.51,370.51,0,0
1612184450,370.51,370.51,370.5,370.51,370.51,0,0
1612184455,370.51,370.51,370.5,370.51,370.51,0,0
1612184460,370.51,370.51,370.5,370.51,370.51,0,0
1612184465,370.51,370.51,370.5,370.51,370.51,0,0
1612184470,370.51,370.51,370.5,370.51,370.51,0,0
1612184475,370.51,370.51,370.5,370.51,370.51,0,0
1612184480,370.51,370.51,370.5,370.51,370.51,0,0
1612184485,370.51,370.51,370.5,370.51,370.51,0,0
1612184490,370.51,370.51,370.5,370.51,370.51,0,0
1612184495,370.51,370.51,370.5,370.51,370.51,0,0
1612184500,370.51,370.51,370.5,370.51,370.51,0,0
1612184505,370.51,370.51,370.5,370.51,370.51,0,0
1612184510,370.51,370.51,370.5,370.51,370.51,0,0
1612184515,370.51,370.51,370.5,370.51,370.51,0,0
1612184520,370.51,370.51,370.5,370.51,370.51,0,0
1612184525,370.51,370.51,370.5,370.51,370.51,0,0
1612184530,370.51,370.51,370.5,370.51,370.51,0,0
1612184535,370.51,370.51,370.5,370.51,370.51,0,0
1612184540,370.51,370.51,370.5,370.51,370.51,0,0
1612184545,370.51,370.51,370.5,370.51,370.51,0,0
1612184550,370.51,370.51,370.5,370.51,370.51,0,0
1612184555,370.51,370.51,370.5,370.51,370.51,0,0
1612184560,370.51,370.51,370.5,370.51,370.51,0,0
1612184565,370.51,370.51,370.5,370.51,370.51,0,0
1612184570,370.51,370.51,370.5,370.51,370.51,0,0
1612184575,370.51,370.51,370.5,370.51,370.51,0,0
1612184580,370.51,370.51,370.5,370.51,370.51,0,0
1612184585,370.51,370.51,370.5,370.51,370.51,0,0
1612184590,370.51,370.51,370.5,370.51,370.51,0,0
1612184595,370.51,370.51,370.5,370.51,370.51,0,0
1612184600,370.51,370.51,370.5,370.51,370.51,0,0
1612184605,370.51,370.51,370.5,370.51,370.51,0,0
1612184610,370.51,370.51,370.5,370.51,370.51,0,0
1612184615,370.51,370.51,370.5,370.51,370.51,0,0
1612184620,370.51,370.51,370.5,370.51,370.51,0,0
1612184625,370.51,370.51,370.5,370.51,370.51,0,0
1612184630,370.51,370.51,370.5,370.51,370.51,0,0
1612184635,370.51,370.51,370.5,370.51,370.51,0,0
1612184640,370.51,370.51,370.5,370.51,370.51,0,0
1612184645,370.51,370.51,370.5,370.51,370.51,0,0
1612184650,370.51,370.51,370.5,370.51,370.51,0,0
1612184655,370.51,370.51,370.5,370.51,370.51,0,0
1612184660,370.51,370.51,370.5,370.51,370.51,0,0
1612184665,370.51,370.51,370.5,370.51,370.51,0,0
1612184670,370.51,370.51,370.5,370.51,370.51,0,0
1612184675,370.51,370.51,370.5,370.51,370.51,0,0
1612184680,370.51,370.51,370.5,370.51,370.51,0,0
1612184685,370.51,370.51,370.5,370.51,370.51,0,0
1612184690,370.51,370.51,370.5,370.51,370.51,0,0
1612184695,370.51,370.51,370.5,370.51,370.51,0,0
1612184700,370.51,370.51,370.5,370.51,370.51,0,0
1612184705,370.51,370.51,370.5,370.51,370.51,0,0
1612184710,370.51,370.51,370.5,370.51,370.51,0,0
1612184715,370.51,370.51,370.5,370.51,370.51,0,0
1612184720,370.51,370.51,370.5,370.51,370.51,0,0
1612184725,370.51,370.51,370.5,370.51,370.51,0,0
1612184730,370.51,370.51,370.5,370.51,370.51,0,0
1612184735,370.51,370.51,370.5,370.51,370.51,0,0
1612184740,370.51,370.51,370.5,370.51,370.51,0,0
1612184745,370.51,370.51,370.5,370.51,370.51,0,0
1612184750,370.51,370.51,370.5,370.51,370.51,0,0
1612184755,370.51,370.51,370.5,370.51,370.51,0,0
1612184760,370.51,370.51,370.5,370.51,370.51,0,0
1612184765,370.51,370.51,370.5,370.51,370.51,0,0
1612184770,370.51,370.51,370.5,370.51,370.51,0,0
1612184775,370.51,370.51,370.5,370.51,370.51,0,0
1612184780,370.51,370.51,370.5,370.51,370.51,0,0
1612184785,370.51,370.51,370.5,370.51,370.51,0,0
1612184790,370.51,370.51,370.5,370.51,370.51,0,0
1612184795,370.51,370.51,370.5,370.51,370.51,0,0
1612184800,370.51,370.51,370.5,370.51,370.51,0,0
1612184805,370.51,370.51,370.5,370.51,370.51,0,0
1612184810,370.51,370.51,370.5,370.51,370.51,0,0
1612184815,370.51,370.51,370.5,370.51,370.51,0,0
1612184820,370.51,370.51,370.5,370.51,370.51,0,0
1612184825,370.51,370.51,370.5,370.51,370.51,0,0
1612184830,370.51,370.51,370.5,370.51,370.51,0,0
1612184835,370.51,370.51,370.5,370.51,370.51,0,0
1612184840,370.51,370.51,370.5,370.51,370.51,0,0
1612184845,370.51,370.51,370.5,370.51,370.51,0,0
1612184850,370.51,370.51,370.5,370.51,370.51,0,0
1612184855,370.51,370.51,370.5,370.51,370.51,0,0
1612184860,370.51,370.51,370.5,370.51,370.51,0,0
1612184865,370.51,370.51,370.5,370.51,370.51,0,0
1612184870,370.51,370.51,370.5,370.51,370.51,0,0
1612184875,370.51,370.51,370.5,370.51,370.51,0,0
1612184880,370.51,370.51,370.5,370.51,370.51,0,0
1612184885,370.51,370.51,370.5,370.51,370.51,0,0
1612184890,370.51,370.51,370.5,370.51,370.51,0,0
1612184895,370.51,370.51,370.5,370.51,370.51,0,0
1612184900,370.51,370.51,370.5,370.51,370.51,0,0
1612184905,370.51,370.51,370.5,370.51,370.51,0,0
1612184910,370.51,370.51,370.5,370.51,370.51,0,0
1612184915,370.51,370.51,370.5,370.51,370.51,0,0
1612184920,371.0,371.0,371.0,371.0,371.0,2,1
1612184925,371.0,371.0,371.0,371.0,371.0,0,0
1612184930,371.0,371.0,371.0,371.0,371.0,0,0
1612184935,371.0,371.0,371.0,371.0,371.0,0,0
1612184940,371.0,371.0,371.0,371.0,371.0,0,0
1612184945,371.0,371.0,371.0,371.0,371.0,0,0
1612184950,371.0,371.0,371.0,371.0,371.0,0,0
1612184955,370.5,371.0,370.5,371.0,370.617,5,2
1612184960,371.0,371.0,371.0,371.0,371.0,0,0
1612184965,371.0,371.0,371.0,371.0,371.0,0,0
1612184970,371.0,371.0,371.0,371.0,371.0,0,0
1612184975,371.0,371.0,371.0,371.0,371.0,0,0
1612184980,371.0,371.0,371.0,371.0,371.0,0,0
1612184985,371.0,371.0,371.0,371.0,371.0,0,0
1612184990,371.0,371.0,371.0,371.0,371.0,0,0
1612184995,371.0,371.0,371.0,371.0,371.0,0,0
1612185000,371.0,371.0,371.0,371.0,371.0,0,0
1612185005,371.0,371.0,371.0,371.0,371.0,0,0
1612185010,371.0,371.0,371.0,371.0,371.0,0,0
1612185015,371.0,371.0,371.0,371.0,371.0,0,0
1612185020,371.0,371.0,371.0,371.0,371.0,0,0
1612185025,371.0,371.0,371.0,371.0,371.0,0,0
1612185030,371.0,371.0,371.0,371.0,371.0,0,0
1612185035,371.0,371.0,371.0,371.0,371.0,0,0
1612185040,371.0,371.0,371.0,371.0,371.0,0,0
1612185045,371.0,371.0,371.0,371.0,371.0,0,0
1612185050,371.0,371.0,371.0,371.0,371.0,0,0
1612185055,371.0,371.0,371.0,371.0,371.0,0,0
1612185060,371.0,371.0,371.0,371.0,371.0,0,0
1612185065,371.0,371.0,371.0,371.0,371.0,0,0
1612185070,371.0,371.0,371.0,371.0,371.0,0,0
1612185075,371.0,371.0,371.0,371.0,371.0,0,0
1612185080,371.0,371.0,371.0,371.0,371.0,0,0
1612185085,371.0,371.0,371.0,371.0,371.0,0,0
1612185090,371.0,371.0,371.0,371.0,371.0,0,0
1612185095,371.0,371.0,371.0,371.0,371.0,0,0
1612185100,371.0,371.0,371.0,371.0,371.0,0,0
1612185105,371.0,371.0,371.0,371.0,371.0,0,0
1612185110,371.0,371.0,371.0,371.0,371.0,0,0
1612185115,371.0,371.0,371.0,371.0,371.0,0,0
1612185120,371.0,371.0,371.0,371.0,371.0,0,0
1612185125,371.0,371.0,371.0,371.0,371.0,0,0
1612185130,371.0,371.0,371.0,371.0,371.0,0,0
1612185135,371.0,371.0,371.0,371.0,371.0,0,0
1612185140,371.0,371.0,371.0,371.0,371.0,0,0
1612185145,371.0,371.0,371.0,371.0,371.0,0,0
1612185150,371.0,371.0,371.0,371.0,371.0,0,0
1612185155,371.0,371.0,371.0,371.0,371.0,0,0
1612185160,371.0,371.0,371.0,371.0,371.0,0,0
1612185165,371.0,371.0,371.0,371.0,371.0,0,0
1612185170,371.0,371.0,371.0,371.0,371.0,0,0
1612185175,371.0,371.0,371.0,371.0,371.0,0,0
1612185180,371.0,371.0,371.0,371.0,371.0,0,0
1612185185,371.0,371.0,371.0,371.0,371.0,0,0
1612185190,371.0,371.0,371.0,371.0,371.0,0,0
1612185195,371.0,371.0,371.0,371.0,371.0,0,0
1612185200,371.0,371.0,371.0,371.0,371.0,0,0
1612185205,371.0,371.0,371.0,371.0,371.0,0,0
1612185210,371.0,371.0,371.0,371.0,371.0,0,0
1612185215,371.0,371.0,371.0,371.0,371.0,0,0
1612185220,371.0,371.0,371.0,371.0,371.0,0,0
1612185225,371.0,371.0,371.0,371.0,371.0,0,0
1612185230,371.0,371.0,371.0,371.0,371.0,0,0
1612185235,371.0,371.0,371.0,371.0,371.0,0,0
1612185240,371.0,371.0,371.0,371.0,371.0,0,0
1612185245,371.0,371.0,371.0,371.0,371.0,0,0
1612185250,371.0,371.0,371.0,371.0,371.0,0,0
1612185255,371.0,371.0,371.0,371.0,371.0,0,0
1612185260,371.0,371.0,371.0,371.0,371.0,0,0
1612185265,371.0,371.0,371.0,371.0,371.0,0,0
1612185270,371.0,371.0,371.0,371.0,371.0,0,0
1612185275,371.0,371.0,371.0,371.0,371.0,0,0
1612185280,371.0,371.0,371.0,371.0,371.0,0,0
1612185285,371.0,371.0,371.0,371.0,371.0,0,0
1612185290,371.0,371.0,371.0,371.0,371.0,0,0
1612185295,371.0,371.0,371.0,371.0,371.0,0,0
1612185300,371.0,371.0,371.0,371.0,371.0,0,0
1612185305,371.0,371.0,371.0,371.0,371.0,0,0
1612185310,371.0,371.0,371.0,371.0,371.0,0,0
1612185315,371.0,371.0,371.0,371.0,371.0,0,0
1612185320,371.0,371.0,371.0,371.0,371.0,0,0
1612185325,371.0,371.0,371.0,371.0,371.0,0,0
1612185330,371.0,371.0,371.0,371.0,371.0,0,0
1612185335,371.0,371.0,371.0,371.0,371.0,0,0
1612185340,371.0,371.0,371.0,371.0,371.0,0,0
1612185345,371.0,371.0,371.0,371.0,371.0,0,0
1612185350,371.0,371.0,371.0,371.0,371.0,0,0
1612185355,371.0,371.0,371.0,371.0,371.0,0,0
1612185360,371.0,371.0,371.0,371.0,371.0,0,0
1612185365,371.0,371.0,371.0,371.0,371.0,0,0
1612185370,371.0,371.0,371.0,371.0,371.0,0,0
1612185375,371.0,371.0,371.0,371.0,371.0,0,0
1612185380,371.0,371.0,371.0,371.0,371.0,0,0
1612185385,371.0,371.0,371.0,371.0,371.0,0,0
1612185390,371.0,371.0,371.0,371.0,371.0,0,0
1612185395,371.0,371.0,371.0,371.0,371.0,0,0
1612185400,371.0,371.0,371.0,371.0,371.0,0,0
1612185405,371.0,371.0,371.0,371.0,371.0,0,0
1612185410,371.0,371.0,371.0,371.0,371.0,0,0
1612185415,371.0,371.0,371.0,371.0,371.0,0,0
1612185420,371.0,371.0,371.0,371.0,371.0,0,0
1612185425,371.0,371.0,371.0,371.0,371.0,0,0
1612185430,371.0,371.0,371.0,371.0,371.0,0,0
1612185435,371.0,371.0,371.0,371.0,371.0,0,0
1612185440,371.0,371.0,371.0,371.0,371.0,0,0
1612185445,371.0,371.0,371.0,371.0,371.0,0,0
1612185450,371.0,371.0,371.0,371.0,371.0,0,0
1612185455,371.0,371.0,371.0,371.0,371.0,0,0
1612185460,371.0,371.0,371.0,371.0,371.0,0,0
1612185465,371.0,371.0,371.0,371.0,371.0,0,0
1612185470,371.0,371.0,371.0,371.0,371.0,0,0
1612185475,371.0,371.0,371.0,371.0,371.0,0,0
1612185480,371.0,371.0,371.0,371.0,371.0,0,0
1612185485,371.0,371.0,371.0,371.0,371.0,0,0
1612185490,371.0,371.0,371.0,371.0,371.0,0,0
1612185495,371.0,371.0,371.0,371.0,371.0,0,0
1612185500,371.0,371.0,371.0,371.0,371.0,0,0
1612185505,371.0,371.0,371.0,371.0,371.0,0,0
1612185510,371.0,371.0,371.0,371.0,371.0,0,0
1612185515,370.33,370.33,370.33,370.33,370.33,3,1
1612185520,370.33,370.33,370.33,370.33,370.33,0,0
1612185525,370.33,370.33,370.33,370.33,370.33,0,0
1612185530,370.33,370.33,370.33,370.33,370.33,0,0
1612185535,370.33,370.33,370.33,370.33,370.33,0,0
1612185540,370.33,370.33,370.33,370.33,370.33,0,0
1612185545,370.33,370.33,370.33,370.33,370.33,0,0
1612185550,370.33,370.33,370.33,370.33,370.33,0,0
1612185555,370.33,370.33,370.33,370.33,370.33,0,0
1612185560,370.33,370.33,370.33,370.33,370.33,0,0
1612185565,370.33,370.33,370.33,370.33,370.33,0,0
1612185570,370.33,370.33,370.33,370.33,370.33,0,0
1612185575,370.33,370.33,370.33,370.33,370.33,0,0
1612185580,370.33,370.33,370.33,370.33,370.33,0,0
1612185585,370.33,370.33,370.33,370.33,370.33,0,0
1612185590,370.33,370.33,370.33,370.33,370.33,0,0
1612185595,370.33,370.33,370.33,370.33,370.33,0,0
1612185600,370.33,370.33,370.33,370.33,370.33,0,0
1612185605,370.33,370.33,370.33,370.33,370.33,0,0
1612185610,370.33,370.33,370.33,370.33,370.33,0,0
1612185615,370.33,370.33,370.33,370.33,370.33,0,0
1612185620,370.33,370.33,370.33,370.33,370.33,0,0
1612185625,370.33,370.33,370.33,370.33,370.33,0,0
1612185630,370.33,370.33,370.33,370.33,370.33,0,0
1612185635,370.33,370.33,370.33,370.33,370.33,0,0
1612185640,370.33,370.33,370.33,370.33,370.33,0,0
1612185645,370.33,370.33,370.33,370.33,370.33,0,0
1612185650,370.33,370.33,370.33,370.33,370.33,0,0
1612185655,370.33,370.33,370.33,370.33,370.33,0,0
1612185660,370.33,370.33,370.33,370.33,370.33,0,0
1612185665,370.33,370.33,370.33,370.33,370.33,0,0
1612185670,370.33,370.33,370.33,370.33,370.33,0,0
1612185675,370.33,370.33,370.33,370.33,370.33,0,0
1612185680,370.33,370.33,370.33,370.33,370.33,0,0
1612185685,370.33,370.33,370.33,370.33,370.33,0,0
1612185690,370.33,370.33,370.33,370.33,370.33,0,0
1612185695,370.33,370.33,370.33,370.33,370.33,0,0
1612185700,370.33,370.33,370.33,370.33,370.33,0,0
1612185705,370.33,370.33,370.33,370.33,370.33,0,0
1612185710,370.33,370.33,370.33,370.33,370.33,0,0
1612185715,370.33,370.33,370.33,370.33,370.33,0,0
1612185720,370.33,370.33,370.33,370.33,370.33,0,0
1612185725,370.33,370.33,370.33,370.33,370.33,0,0
1612185730,370.33,370.33,370.33,370.33,370.33,0,0
1612185735,370.33,370.33,370.33,370.33,370.33,0,0
1612185740,370.33,370.33,370.33,370.33,370.33,0,0
1612185745,370.33,370.33,370.33,370.33,370.33,0,0
1612185750,370.33,370.33,370.33,370.33,370.33,0,0
1612185755,370.33,370.33,370.33,370.33,370.33,0,0
1612185760,370.0,370.0,370.0,370.0,370.0,1,1
1612185765,370.0,370.0,370.0,370.0,370.0,0,0
1612185770,370.0,370.0,370.0,370.0,370.0,0,0
1612185775,370.0,370.0,370.0,370.0,370.0,0,0
1612185780,370.0,370.0,370.0,370.0,370.0,0,0
1612185785,370.0,370.0,370.0,370.0,370.0,0,0
1612185790,370.0,370.0,370.0,370.0,370.0,0,0
1612185795,370.0,370.0,370.0,370.0,370.0,0,0
1612185800,370.0,370.0,370.0,370.0,370.0,0,0
1612185805,370.0,370.0,370.0,370.0,370.0,0,0
1612185810,370.0,370.0,370.0,370.0,370.0,0,0
1612185815,370.0,370.0,370.0,370.0,370.0,0,0
1612185820,370.0,370.0,370.0,370.0,370.0,0,0
1612185825,370.0,370.0,370.0,370.0,370.0,0,0
1612185830,370.0,370.0,370.0,370.0,370.0,0,0
1612185835,370.0,370.0,370.0,370.0,370.0,0,0
1612185840,370.0,370.0,370.0,370.0,370.0,0,0
1612185845,370.0,370.0,370.0,370.0,370.0,0,0
1612185850,370.0,370.0,370.0,370.0,370.0,0,0
1612185855,370.0,370.0,370.0,370.0,370.0,0,0
1612185860,370.0,370.0,370.0,370.0,370.0,0,0
1612185865,370.0,370.0,370.0,370.0,370.0,0,0
1612185870,370.0,370.0,370.0,370.0,370.0,0,0
1612185875,370.0,370.0,370.0,370.0,370.0,0,0
1612185880,370.0,370.0,370.0,370.0,370.0,0,0
1612185885,370.0,370.0,370.0,370.0,370.0,0,0
1612185890,370.0,370.0,370.0,370.0,370.0,0,0
1612185895,370.0,370.0,370.0,370.0,370.0,0,0
1612185900,370.0,370.0,370.0,370.0,370.0,0,0
1612185905,370.0,370.0,370.0,370.0,370.0,0,0
1612185910,370.0,370.0,370.0,370.0,370.0,0,0
1612185915,370.0,370.0,370.0,370.0,370.0,0,0
1612185920,370.0,370.0,370.0,370.0,370.0,0,0
1612185925,370.0,370.0,370.0,370.0,370.0,0,0
1612185930,370.0,370.0,370.0,370.0,370.0,0,0
1612185935,370.0,370.0,370.0,370.0,370.0,0,0
1612185940,370.0,370.0,370.0,370.0,370.0,0,0
1612185945,370.0,370.0,370.0,370.0,370.0,0,0
1612185950,370.0,370.0,370.0,370.0,370.0,0,0
1612185955,370.0,370.0,370.0,370.0,370.0,0,0
1612185960,370.0,370.0,370.0,370.0,370.0,0,0
1612185965,370.0,370.0,370.0,370.0,370.0,0,0
1612185970,370.0,370.0,370.0,370.0,370.0,0,0
1612185975,370.0,370.0,370.0,370.0,370.0,0,0
1612185980,370.0,370.0,370.0,370.0,370.0,0,0
1612185985,370.0,370.0,370.0,370.0,370.0,0,0
1612185990,370.0,370.0,370.0,370.0,370.0,0,0
1612185995,370.0,370.0,370.0,370.0,370.0,0,0
1612186000,370.0,370.0,370.0,370.0,370.0,0,0
1612186005,370.0,370.0,370.0,370.0,370.0,0,0
1612186010,370.0,370.0,370.0,370.0,370.0,0,0
1612186015,370.0,370.0,370.0,370.0,370.0,0,0
1612186020,370.0,370.0,370.0,370.0,370.0,0,0
1612186025,370.0,370.0,370.0,370.0,370.0,0,0
1612186030,370.0,370.0,370.0,370.0,370.0,0,0
1612186035,370.0,370.0,370.0,370.0,370.0,0,0
1612186040,370.0,370.0,370.0,370.0,370.0,0,0
1612186045,370.5,370.5,370.5,370.5,370.5,1,1
1612186050,370.5,370.5,370.5,370.5,370.5,0,0
1612186055,370.5,370.5,370.5,370.5,370.5,0,0
1612186060,370.5,370.5,370.5,370.5,370.5,0,0
1612186065,370.5,370.5,370.5,370.5,370.5,0,0
1612186070,370.5,370.5,370.5,370.5,370.5,0,0
1612186075,370.5,370.5,370.5,370.5,370.5,0,0
1612186080,372.0,372.0,372.0,372.0,372.0,1,1
1612186085,372.0,372.0,372.0,372.0,372.0,0,0
1612186090,372.0,372.0,372.0,372.0,372.0,0,0
1612186095,372.0,372.0,372.0,372.0,372.0,0,0
1612186100,372.0,372.0,372.0,372.0,372.0,0,0
1612186105,372.0,372.0,372.0,372.0,372.0,0,0
1612186110,372.0,372.0,372.0,372.0,372.0,0,0
1612186115,372.0,372.0,372.0,372.0,372.0,0,0
1612186120,372.0,372.0,372.0,372.0,372.0,0,0
1612186125,372.0,372.0,372.0,372.0,372.0,0,0
1612186130,372.0,372.0,372.0,372.0,372.0,0,0
1612186135,372.0,372.0,372.0,372.0,372.0,0,0
1612186140,372.0,372.0,372.0,372.0,372.0,0,0
1612186145,372.0,372.0,372.0,372.0,372.0,0,0
1612186150,372.0,372.0,372.0,372.0,372.0,0,0
1612186155,372.0,372.0,372.0,372.0,372.0,0,0
1612186160,372.0,372.0,372.0,372.0,372.0,0,0
1612186165,372.0,372.0,372.0,372.0,372.0,0,0
1612186170,372.0,372.0,372.0,372.0,372.0,0,0
1612186175,372.0,372.0,372.0,372.0,372.0,0,0
1612186180,372.0,372.0,372.0,372.0,372.0,0,0
1612186185,372.0,372.0,372.0,372.0,372.0,0,0
1612186190,372.0,372.0,372.0,372.0,372.0,0,0
1612186195,372.0,372.0,372.0,372.0,372.0,0,0
1612186200,372.0,372.0,372.0,372.0,372.0,0,0
1612186205,372.0,372.0,372.0,372.0,372.0,0,0
1612186210,372.0,372.0,372.0,372.0,372.0,0,0
1612186215,372.0,372.0,372.0,372.0,372.0,0,0
1612186220,372.0,372.0,372.0,372.0,372.0,0,0
1612186225,372.0,372.0,372.0,372.0,372.0,0,0
1612186230,372.0,372.0,372.0,372.0,372.0,0,0
1612186235,372.0,372.0,372.0,372.0,372.0,0,0
1612186240,372.0,372.0,372.0,372.0,372.0,0,0
1612186245,372.0,372.0,372.0,372.0,372.0,0,0
1612186250,372.0,372.0,372.0,372.0,372.0,0,0
1612186255,372.0,372.0,372.0,372.0,372.0,0,0
1612186260,372.0,372.0,372.0,372.0,372.0,0,0
1612186265,372.0,372.0,372.0,372.0,372.0,0,0
1612186270,372.0,372.0,372.0,372.0,372.0,0,0
1612186275,372.0,372.0,372.0,372.0,372.0,0,0
1612186280,372.0,372.0,372.0,372.0,372.0,0,0
1612186285,372.0,372.0,372.0,372.0,372.0,0,0
1612186290,372.0,372.0,372.0,372.0,372.0,0,0
1612186295,372.0,372.0,372.0,372.0,372.0,0,0
1612186300,372.0,372.0,372.0,372.0,372.0,0,0
1612186305,372.0,372.0,372.0,372.0,372.0,0,0
1612186310,372.0,372.0,372.0,372.0,372.0,0,0
1612186315,372.0,372.0,372.0,372.0,372.0,0,0
1612186320,372.0,372.0,372.0,372.0,372.0,0,0
1612186325,371.0,371.0,371.0,371.0,371.0,3,1
1612186330,371.0,371.0,371.0,371.0,371.0,0,0
1612186335,371.0,371.0,371.0,371.0,371.0,0,0
1612186340,371.0,371.0,371.0,371.0,371.0,0,0
1612186345,371.0,371.0,371.0,371.0,371.0,0,0
1612186350,371.0,371.0,371.0,371.0,371.0,0,0
1612186355,371.0,371.0,371.0,371.0,371.0,0,0
1612186360,371.0,371.0,371.0,371.0,371.0,0,0
1612186365,371.0,371.0,371.0,371.0,371.0,0,0
1612186370,371.0,371.0,371.0,371.0,371.0,0,0
1612186375,371.0,371.0,371.0,371.0,371.0,0,0
1612186380,371.0,371.0,371.0,371.0,371.0,0,0
1612186385,371.0,371.0,371.0,371.0,371.0,0,0
1612186390,371.0,371.0,371.0,371.0,371.0,0,0
1612186395,371.0,371.0,371.0,371.0,371.0,0,0
1612186400,371.0,371.0,371.0,371.0,371.0,0,0
1612186405,371.0,371.0,371.0,371.0,371.0,0,0
1612186410,371.0,371.0,371.0,371.0,371.0,1,1
1612186415,371.0,371.0,371.0,371.0,371.0,0,0
1612186420,371.0,371.0,371.0,371.0,371.0,0,0
1612186425,371.0,371.0,371.0,371.0,371.0,0,0
1612186430,371.0,371.0,371.0,371.0,371.0,0,0
1612186435,371.0,371.0,371.0,371.0,371.0,0,0
1612186440,371.0,371.0,371.0,371.0,371.0,0,0
1612186445,371.0,371.0,371.0,371.0,371.0,0,0
1612186450,371.0,371.0,371.0,371.0,371.0,0,0
1612186455,371.0,371.0,371.0,371.0,371.0,0,0
1612186460,371.0,371.0,371.0,371.0,371.0,0,0
1612186465,371.0,371.0,371.0,371.0,371.0,0,0
1612186470,371.0,371.0,371.0,371.0,371.0,0,0
1612186475,371.0,371.0,371.0,371.0,371.0,0,0
1612186480,371.0,371.0,371.0,371.0,371.0,0,0
1612186485,371.0,371.0,371.0,371.0,371.0,0,0
1612186490,371.0,371.0,371.0,371.0,371.0,0,0
1612186495,371.0,371.0,371.0,371.0,371.0,0,0
1612186500,371.0,371.0,371.0,371.0,371.0,0,0
1612186505,371.0,371.0,371.0,371.0,371.0,0,0
1612186510,371.0,371.0,371.0,371.0,371.0,0,0
1612186515,371.0,371.0,371.0,371.0,371.0,0,0
1612186520,371.0,371.0,371.0,371.0,371.0,0,0
1612186525,371.0,371.0,371.0,371.0,371.0,0,0
1612186530,371.0,371.0,371.0,371.0,371.0,0,0
1612186535,371.0,371.0,371.0,371.0,371.0,0,0
1612186540,371.0,371.0,371.0,371.0,371.0,0,0
1612186545,371.0,371.0,371.0,371.0,371.0,0,0
1612186550,371.0,371.0,371.0,371.0,371.0,0,0
1612186555,371.0,371.0,371.0,371.0,371.0,0,0
1612186560,371.0,371.0,371.0,371.0,371.0,0,0
1612186565,371.0,371.0,371.0,371.0,371.0,0,0
1612186570,371.0,371.0,371.0,371.0,371.0,0,0
1612186575,371.0,371.0,371.0,371.0,371.0,0,0
1612186580,371.0,371.0,371.0,371.0,371.0,0,0
1612186585,371.0,371.0,371.0,371.0,371.0,0,0
1612186590,371.0,371.0,371.0,371.0,371.0,0,0
1612186595,371.0,371.0,371.0,371.0,371.0,0,0
1612186600,371.0,371.0,371.0,371.0,371.0,0,0
1612186605,371.0,371.0,371.0,371.0,371.0,0,0
1612186610,371.0,371.0,371.0,371.0,371.0,0,0
1612186615,371.0,371.0,371.0,371.0,371.0,0,0
1612186620,371.0,371.0,371.0,371.0,371.0,0,0
1612186625,371.0,371.0,371.0,371.0,371.0,0,0
1612186630,371.0,371.0,371.0,371.0,371.0,0,0
1612186635,371.0,371.0,371.0,371.0,371.0,0,0
1612186640,371.0,371.0,371.0,371.0,371.0,0,0
1612186645,371.0,371.0,371.0,371.0,371.0,0,0
1612186650,371.0,371.0,371.0,371.0,371.0,0,0
1612186655,371.0,371.0,371.0,371.0,371.0,0,0
1612186660,371.0,371.0,371.0,371.0,371.0,0,0
1612186665,371.0,371.0,371.0,371.0,371.0,0,0
1612186670,371.0,371.0,371.0,371.0,371.0,0,0
1612186675,371.0,371.0,371.0,371.0,371.0,0,0
1612186680,371.0,371.0,371.0,371.0,371.0,0,0
1612186685,371.0,371.0,371.0,371.0,371.0,0,0
1612186690,371.0,371.0,371.0,371.0,371.0,0,0
1612186695,371.0,371.0,371.0,371.0,371.0,0,0
1612186700,371.0,371.0,371.0,371.0,371.0,2,1
1612186705,371.0,371.0,371.0,371.0,371.0,0,0
1612186710,371.0,371.0,371.0,371.0,371.0,0,0
1612186715,371.0,371.0,371.0,371.0,371.0,0,0
1612186720,371.0,371.0,371.0,371.0,371.0,0,0
1612186725,371.0,371.0,371.0,371.0,371.0,0,0
1612186730,371.0,371.0,371.0,371.0,371.0,0,0
1612186735,371.0,371.0,371.0,371.0,371.0,0,0
1612186740,371.5,371.5,371.5,371.5,371.5,1,1
1612186745,371.5,371.5,371.5,371.5,371.5,0,0
1612186750,371.5,371.5,371.5,371.5,371.5,0,0
1612186755,371.5,371.5,371.5,371.5,371.5,0,0
1612186760,371.5,371.5,371.5,371.5,371.5,0,0
1612186765,371.5,371.5,371.5,371.5,371.5,0,0
1612186770,371.5,371.5,371.5,371.5,371.5,0,0
1612186775,371.5,371.5,371.5,371.5,371.5,0,0
1612186780,371.5,371.5,371.5,371.5,371.5,0,0
1612186785,371.5,371.5,371.5,371.5,371.5,0,0
1612186790,371.5,371.5,371.5,371.5,371.5,0,0
1612186795,371.5,371.5,371.5,371.5,371.5,0,0
1612186800,371.5,371.5,371.5,371.5,371.5,0,0
1612186805,371.5,371.5,371.5,371.5,371.5,0,0
1612186810,371.5,371.5,371.5,371.5,371.5,0,0
1612186815,371.5,371.5,371.5,371.5,371.5,0,0
1612186820,371.5,371.5,371.5,371.5,371.5,0,0
1612186825,371.5,371.5,371.5,371.5,371.5,0,0
1612186830,371.5,371.5,371.5,371.5,371.5,0,0
1612186835,371.5,371.5,371.5,371.5,371.5,0,0
1612186840,371.5,371.5,371.5,371.5,371.5,0,0
1612186845,371.5,371.5,371.5,371.5,371.5,0,0
1612186850,371.5,371.5,371.5,371.5,371.5,0,0
1612186855,371.5,371.5,371.5,371.5,371.5,0,0
1612186860,371.5,371.5,371.5,371.5,371.5,0,0
1612186865,371.5,371.5,371.5,371.5,371.5,0,0
1612186870,371.5,371.5,371.5,371.5,371.5,0,0
1612186875,371.5,371.5,371.5,371.5,371.5,0,0
1612186880,371.5,371.5,371.5,371.5,371.5,0,0
1612186885,371.5,371.5,371.5,371.5,371.5,0,0
1612186890,371.5,371.5,371.5,371.5,371.5,0,0
1612186895,371.5,371.5,371.5,371.5,371.5,0,0
1612186900,371.5,371.5,371.5,371.5,371.5,0,0
1612186905,371.5,371.5,371.5,371.5,371.5,0,0
1612186910,371.0,371.0,371.0,371.0,371.0,1,1
1612186915,371.0,371.0,371.0,371.0,371.0,0,0
1612186920,371.0,371.0,371.0,371.0,371.0,0,0
1612186925,370.38,370.38,370.38,370.38,370.38,1,1
1612186930,370.38,370.38,370.38,370.38,370.38,0,0
1612186935,370.38,370.38,370.38,370.38,370.38,0,0
1612186940,370.38,370.38,370.38,370.38,370.38,0,0
1612186945,370.38,370.38,370.38,370.38,370.38,0,0
1612186950,370.38,370.38,370.38,370.38,370.38,0,0
1612186955,370.38,370.38,370.38,370.38,370.38,0,0
1612186960,370.38,370.38,370.38,370.38,370.38,0,0
1612186965,370.38,370.38,370.38,370.38,370.38,0,0
1612186970,370.38,370.38,370.38,370.38,370.38,0,0
1612186975,370.38,370.38,370.38,370.38,370.38,0,0
1612186980,370.38,370.38,370.38,370.38,370.38,0,0
1612186985,370.38,370.38,370.38,370.38,370.38,0,0
1612186990,370.38,370.38,370.38,370.38,370.38,0,0
1612186995,370.38,370.38,370.38,370.38,370.38,0,0
1612187000,370.38,370.38,370.38,370.38,370.38,0,0
1612187005,370.38,370.38,370.38,370.38,370.38,0,0
1612187010,370.38,370.38,370.38,370.38,370.38,0,0
1612187015,370.38,370.38,370.38,370.38,370.38,0,0
1612187020,370.38,370.38,370.38,370.38,370.38,0,0
1612187025,370.38,370.38,370.38,370.38,370.38,0,0
1612187030,370.38,370.38,370.38,370.38,370.38,0,0
1612187035,370.38,370.38,370.38,370.38,370.38,0,0
1612187040,370.38,370.38,370.38,370.38,370.38,0,0
1612187045,370.38,370.38,370.38,370.38,370.38,0,0
1612187050,370.38,370.38,370.38,370.38,370.38,0,0
1612187055,370.38,370.38,370.38,370.38,370.38,0,0
1612187060,370.38,370.38,370.38,370.38,370.38,0,0
1612187065,370.38,370.38,370.38,370.38,370.38,0,0
1612187070,370.38,370.38,370.38,370.38,370.38,0,0
1612187075,370.38,370.38,370.38,370.38,370.38,0,0
1612187080,370.38,370.38,370.38,370.38,370.38,0,0
1612187085,370.38,370.38,370.38,370.38,370.38,0,0
1612187090,370.38,370.38,370.38,370.38,370.38,0,0
1612187095,370.38,370.38,370.38,370.38,370.38,0,0
1612187100,371.5,371.51,371.5,371.5,371.5,1,1
1612187105,371.95,371.95,371.95,371.95,371.95,1,1
1612187110,371.95,371.95,371.95,371.95,371.95,0,0
1612187115,371.95,371.95,371.95,371.95,371.95,0,0
1612187120,371.95,371.95,371.95,371.95,371.95,0,0
1612187125,371.95,371.95,371.95,371.95,371.95,0,0
1612187130,371.95,371.95,371.95,371.95,371.95,0,0
1612187135,371.95,371.95,371.95,371.95,371.95,0,0
1612187140,371.95,371.95,371.95,371.95,371.95,0,0
1612187145,371.95,371.95,371.95,371.95,371.95,0,0
1612187150,371.95,371.95,371.95,371.95,371.95,0,0
1612187155,371.95,371.95,371.95,371.95,371.95,0,0
1612187160,371.95,371.95,371.95,371.95,371.95,0,0
1612187165,371.95,371.95,371.95,371.95,371.95,0,0
1612187170,371.95,371.95,371.95,371.95,371.95,0,0
1612187175,371.95,371.95,371.95,371.95,371.95,0,0
1612187180,371.95,371.95,371.95,371.95,371.95,0,0
1612187185,371.95,371.95,371.95,371.95,371.95,0,0
1612187190,371.95,371.95,371.95,371.95,371.95,0,0
1612187195,371.95,371.95,371.95,371.95,371.95,0,0
1612187200,371.95,371.95,371.95,371.95,371.95,0,0
1612187205,371.95,371.95,371.95,371.95,371.95,0,0
1612187210,371.95,371.95,371.95,371.95,371.95,0,0
1612187215,371.95,371.95,371.95,371.95,371.95,0,0
1612187220,371.95,371.95,371.95,371.95,371.95,0,0
1612187225,371.95,371.95,371.95,371.95,371.95,0,0
1612187230,371.95,371.95,371.95,371.95,371.95,0,0
1612187235,371.95,371.95,371.95,371.95,371.95,0,0
1612187240,371.95,371.95,371.95,371.95,371.95,0,0
1612187245,371.95,371.95,371.95,371.95,371.95,0,0
1612187250,372.43,372.43,372.43,372.43,372.43,1,1
1612187255,372.43,372.43,372.43,372.43,372.43,0,0
1612187260,372.43,372.43,372.43,372.43,372.43,0,0
1612187265,372.43,372.43,372.43,372.43,372.43,0,0
1612187270,372.43,372.43,372.43,372.43,372.43,0,0
1612187275,372.43,372.43,372.43,372.43,372.43,0,0
1612187280,372.43,372.43,372.43,372.43,372.43,0,0
1612187285,372.43,372.43,372.43,372.43,372.43,0,0
1612187290,372.43,372.43,372.43,372.43,372.43,0,0
1612187295,372.43,372.43,372.43,372.43,372.43,0,0
1612187300,372.43,372.43,372.43,372.43,372.43,0,0
1612187305,372.43,372.43,372.43,372.43,372.43,0,0
1612187310,372.43,372.43,372.43,372.43,372.43,0,0
1612187315,372.43,372.43,372.43,372.43,372.43,0,0
1612187320,372.43,372.43,372.43,372.43,372.43,0,0
1612187325,372.43,372.43,372.43,372.43,372.43,0,0
1612187330,372.43,372.43,372.43,372.43,372.43,0,0
1612187335,372.43,372.43,372.43,372.43,372.43,0,0
1612187340,372.43,372.43,372.43,372.43,372.43,0,0
1612187345,372.43,372.43,372.43,372.43,372.43,0,0
1612187350,372.43,372.43,372.43,372.43,372.43,0,0
1612187355,372.43,372.43,372.43,372.43,372.43,0,0
1612187360,372.43,372.43,372.43,372.43,372.43,0,0
1612187365,372.43,372.43,372.43,372.43,372.43,0,0
1612187370,372.43,372.43,372.43,372.43,372.43,0,0
1612187375,372.43,372.43,372.43,372.43,372.43,0,0
1612187380,372.43,372.43,372.43,372.43,372.43,0,0
1612187385,371.05,371.05,371.04,371.05,371.045,2,1
1612187390,371.05,371.05,371.04,371.05,371.05,0,0
1612187395,371.05,371.05,371.04,371.05,371.05,0,0
1612187400,371.05,371.05,371.04,371.05,371.05,0,0
1612187405,371.05,371.05,371.04,371.05,371.05,0,0
1612187410,371.05,371.05,371.04,371.05,371.05,0,0
1612187415,371.05,371.05,371.04,371.05,371.05,0,0
1612187420,371.05,371.05,371.04,371.05,371.05,0,0
1612187425,371.05,371.05,371.04,371.05,371.05,0,0
1612187430,371.05,371.05,371.04,371.05,371.05,0,0
1612187435,371.05,371.05,371.04,371.05,371.05,0,0
1612187440,371.05,371.05,371.04,371.05,371.05,0,0
1612187445,371.05,371.05,371.04,371.05,371.05,0,0
1612187450,371.05,371.05,371.04,371.05,371.05,0,0
1612187455,371.05,371.05,371.04,371.05,371.05,0,0
1612187460,371.05,371.05,371.04,371.05,371.05,0,0
1612187465,371.05,371.05,371.04,371.05,371.05,0,0
1612187470,371.05,371.05,371.04,371.05,371.05,0,0
1612187475,371.05,371.05,371.04,371.05,371.05,0,0
1612187480,371.05,371.05,371.04,371.05,371.05,0,0
1612187485,371.05,371.05,371.04,371.05,371.05,0,0
1612187490,371.05,371.05,371.04,371.05,371.05,0,0
1612187495,371.05,371.05,371.04,371.05,371.05,0,0
1612187500,371.05,371.05,371.04,371.05,371.05,0,0
1612187505,371.05,371.05,371.04,371.05,371.05,0,0
1612187510,371.05,371.05,371.04,371.05,371.05,0,0
1612187515,371.05,371.05,371.04,371.05,371.05,0,0
1612187520,371.05,371.05,371.04,371.05,371.05,0,0
1612187525,371.05,371.05,371.04,371.05,371.05,0,0
1612187530,371.05,371.05,371.04,371.05,371.05,0,0
1612187535,371.05,371.05,371.04,371.05,371.05,0,0
1612187540,371.05,371.05,371.04,371.05,371.05,0,0
1612187545,371.05,371.05,371.04,371.05,371.05,0,0
1612187550,371.05,371.05,371.04,371.05,371.05,0,0
1612187555,371.05,371.05,371.04,371.05,371.05,0,0
1612187560,371.5,371.5,371.5,371.5,371.5,3,1
1612187565,371.5,371.5,371.5,371.5,371.5,0,0
1612187570,371.5,371.5,371.5,371.5,371.5,0,0
1612187575,371.5,371.5,371.5,371.5,371.5,0,0
1612187580,371.5,371.5,371.5,371.5,371.5,0,0
1612187585,371.5,371.5,371.5,371.5,371.5,0,0
1612187590,371.5,371.5,371.5,371.5,371.5,0,0
1612187595,371.5,371.5,371.5,371.5,371.5,0,0
1612187600,371.5,371.5,371.5,371.5,371.5,0,0
1612187605,371.5,371.5,371.5,371.5,371.5,0,0
1612187610,371.5,371.5,371.5,371.5,371.5,0,0
1612187615,371.5,371.5,371.5,371.5,371.5,0,0
1612187620,371.5,371.5,371.5,371.5,371.5,0,0
1612187625,371.5,371.5,371.5,371.5,371.5,0,0
1612187630,371.5,371.5,371.5,371.5,371.5,0,0
1612187635,371.5,371.5,371.5,371.5,371.5,0,0
1612187640,371.5,371.5,371.5,371.5,371.5,2,1
1612187645,371.5,371.5,371.5,371.5,371.5,0,0
1612187650,371.5,371.5,371.5,371.5,371.5,0,0
1612187655,371.5,371.5,371.5,371.5,371.5,0,0
1612187660,371.5,371.5,371.5,371.5,371.5,0,0
1612187665,371.5,371.5,371.5,371.5,371.5,0,0
1612187670,371.5,371.5,371.5,371.5,371.5,0,0
1612187675,371.5,371.5,371.5,371.5,371.5,0,0
1612187680,371.5,371.5,371.5,371.5,371.5,0,0
1612187685,371.5,371.5,371.5,371.5,371.5,0,0
1612187690,371.5,371.5,371.5,371.5,371.5,0,0
1612187695,371.5,371.5,371.5,371.5,371.5,0,0
1612187700,371.5,371.5,371.5,371.5,371.5,0,0
1612187705,371.5,371.5,371.5,371.5,371.5,0,0
1612187710,371.5,371.5,371.5,371.5,371.5,0,0
1612187715,371.5,371.5,371.5,371.5,371.5,0,0
1612187720,371.5,371.5,371.5,371.5,371.5,0,0
1612187725,371.5,371.5,371.5,371.5,371.5,0,0
1612187730,371.5,371.5,371.5,371.5,371.5,0,0
1612187735,371.5,371.5,371.5,371.5,371.5,0,0
1612187740,371.5,371.5,371.5,371.5,371.5,0,0
1612187745,371.5,371.5,371.5,371.5,371.5,0,0
1612187750,371.5,371.5,371.5,371.5,371.5,0,0
1612187755,371.5,371.5,371.5,371.5,371.5,0,0
1612187760,371.5,371.5,371.5,371.5,371.5,0,0
1612187765,371.5,371.5,371.5,371.5,371.5,0,0
1612187770,371.5,371.5,371.5,371.5,371.5,0,0
1612187775,371.5,371.5,371.5,371.5,371.5,0,0
1612187780,371.5,371.5,371.5,371.5,371.5,0,0
1612187785,371.5,371.5,371.5,371.5,371.5,0,0
1612187790,372.0,372.0,372.0,372.0,372.0,1,1
1612187795,372.0,372.0,372.0,372.0,372.0,0,0
1612187800,372.0,372.0,372.0,372.0,372.0,0,0
1612187805,372.0,372.0,372.0,372.0,372.0,0,0
1612187810,372.0,372.0,372.0,372.0,372.0,0,0
1612187815,372.0,372.0,372.0,372.0,372.0,0,0
1612187820,372.0,372.0,372.0,372.0,372.0,0,0
1612187825,372.0,372.0,372.0,372.0,372.0,0,0
1612187830,372.0,372.0,372.0,372.0,372.0,0,0
1612187835,372.0,372.0,372.0,372.0,372.0,0,0
1612187840,372.0,372.0,372.0,372.0,372.0,0,0
1612187845,372.0,372.0,372.0,372.0,372.0,0,0
1612187850,372.0,372.0,372.0,372.0,372.0,0,0
1612187855,372.0,372.0,372.0,372.0,372.0,0,0
1612187860,372.0,372.0,372.0,372.0,372.0,0,0
1612187865,372.0,372.0,372.0,372.0,372.0,0,0
1612187870,372.0,372.0,372.0,372.0,372.0,0,0
1612187875,372.0,372.0,372.0,372.0,372.0,0,0
1612187880,372.0,372.0,372.0,372.0,372.0,0,0
1612187885,372.0,372.0,372.0,372.0,372.0,0,0
1612187890,372.0,372.0,372.0,372.0,372.0,0,0
1612187895,372.0,372.0,372.0,372.0,372.0,0,0
1612187900,372.0,372.0,372.0,372.0,372.0,0,0
1612187905,372.0,372.0,372.0,372.0,372.0,0,0
1612187910,372.0,372.0,372.0,372.0,372.0,0,0
1612187915,372.0,372.0,372.0,372.0,372.0,0,0
1612187920,372.0,372.0,372.0,372.0,372.0,0,0
1612187925,372.0,372.0,372.0,372.0,372.0,0,0
1612187930,372.0,372.0,372.0,372.0,372.0,0,0
1612187935,372.0,372.0,372.0,372.0,372.0,0,0
1612187940,372.0,372.0,372.0,372.0,372.0,0,0
1612187945,372.0,372.0,372.0,372.0,372.0,0,0
1612187950,372.0,372.0,372.0,372.0,372.0,0,0
1612187955,372.0,372.0,372.0,372.0,372.0,0,0
1612187960,372.0,372.0,372.0,372.0,372.0,0,0
1612187965,372.0,372.0,372.0,372.0,372.0,0,0
1612187970,372.0,372.0,372.0,372.0,372.0,0,0
1612187975,372.0,372.0,372.0,372.0,372.0,0,0
1612187980,372.0,372.0,372.0,372.0,372.0,0,0
1612187985,372.0,372.0,372.0,372.0,372.0,0,0
1612187990,372.0,372.0,372.0,372.0,372.0,0,0
1612187995,372.0,372.0,372.0,372.0,372.0,0,0
1612188000,372.0,372.0,372.0,372.0,372.0,0,0
1612188005,372.0,372.0,372.0,372.0,372.0,0,0
1612188010,372.0,372.0,372.0,372.0,372.0,0,0
1612188015,372.0,372.0,372.0,372.0,372.0,0,0
1612188020,372.0,372.0,372.0,372.0,372.0,1,1
1612188025,372.0,372.0,372.0,372.0,372.0,0,0
1612188030,372.0,372.0,372.0,372.0,372.0,0,0
1612188035,372.05,372.06,372.05,372.05,372.05,1,1
1612188040,372.05,372.06,372.05,372.05,372.05,0,0
1612188045,372.05,372.06,372.05,372.05,372.05,0,0
1612188050,372.12,372.12,372.12,372.12,372.12,1,1
1612188055,372.12,372.12,372.12,372.12,372.12,0,0
1612188060,372.12,372.12,372.12,372.12,372.12,0,0
1612188065,372.12,372.12,372.12,372.12,372.12,0,0
1612188070,372.12,372.12,372.12,372.12,372.12,0,0
1612188075,372.12,372.12,372.12,372.12,372.12,0,0
1612188080,372.12,372.12,372.12,372.12,372.12,0,0
1612188085,372.12,372.12,372.12,372.12,372.12,0,0
1612188090,372.12,372.12,372.12,372.12,372.12,0,0
1612188095,372.12,372.12,372.12,372.12,372.12,0,0
1612188100,372.12,372.12,372.12,372.12,372.12,0,0
1612188105,372.12,372.12,372.12,372.12,372.12,0,0
1612188110,372.12,372.12,372.12,372.12,372.12,0,0
1612188115,372.12,372.12,372.12,372.12,372.12,0,0
1612188120,372.12,372.12,372.12,372.12,372.12,0,0
1612188125,372.12,372.12,372.12,372.12,372.12,0,0
1612188130,372.12,372.12,372.12,372.12,372.12,0,0
1612188135,372.12,372.12,372.12,372.12,372.12,0,0
1612188140,372.12,372.12,372.12,372.12,372.12,0,0
1612188145,372.12,372.12,372.12,372.12,372.12,0,0
1612188150,372.12,372.12,372.12,372.12,372.12,0,0
1612188155,372.12,372.12,372.12,372.12,372.12,0,0
1612188160,372.12,372.12,372.12,372.12,372.12,0,0
1612188165,372.12,372.12,372.12,372.12,372.12,4,3
1612188170,372.12,372.12,372.12,372.12,372.12,0,0
1612188175,372.12,372.12,372.12,372.12,372.12,0,0
1612188180,372.12,372.12,372.12,372.12,372.12,0,0
1612188185,372.12,372.12,372.12,372.12,372.12,0,0
1612188190,372.12,372.12,372.12,372.12,372.12,0,0
1612188195,372.12,372.12,372.12,372.12,372.12,0,0
1612188200,372.12,372.12,372.12,372.12,372.12,0,0
1612188205,372.12,372.12,372.12,372.12,372.12,0,0
1612188210,372.12,372.12,372.12,372.12,372.12,0,0
1612188215,372.12,372.12,372.12,372.12,372.12,0,0
1612188220,372.12,372.12,372.12,372.12,372.12,0,0
1612188225,372.12,372.12,372.12,372.12,372.12,0,0
1612188230,372.12,372.12,372.12,372.12,372.12,0,0
1612188235,372.12,372.12,372.12,372.12,372.12,0,0
1612188240,372.12,372.12,372.12,372.12,372.12,0,0
1612188245,372.12,372.12,372.12,372.12,372.12,0,0
1612188250,372.12,372.12,372.12,372.12,372.12,0,0
1612188255,372.12,372.12,372.12,372.12,372.12,0,0
1612188260,372.12,372.12,372.12,372.12,372.12,0,0
1612188265,372.12,372.12,372.12,372.12,372.12,0,0
1612188270,372.12,372.12,372.12,372.12,372.12,0,0
1612188275,372.12,372.12,372.12,372.12,372.12,0,0
1612188280,372.12,372.12,372.12,372.12,372.12,0,0
1612188285,372.12,372.12,372.12,372.12,372.12,0,0
1612188290,372.12,372.12,372.12,372.12,372.12,0,0
1612188295,372.12,372.12,372.12,372.12,372.12,0,0
1612188300,372.12,372.12,372.12,372.12,372.12,0,0
1612188305,372.12,372.12,372.12,372.12,372.12,0,0
1612188310,372.12,372.12,372.12,372.12,372.12,0,0
1612188315,372.12,372.12,372.12,372.12,372.12,0,0
1612188320,372.12,372.12,372.12,372.12,372.12,0,0
1612188325,372.12,372.12,372.12,372.12,372.12,0,0
1612188330,372.12,372.12,372.12,372.12,372.12,0,0
1612188335,372.12,372.12,372.12,372.12,372.12,0,0
1612188340,372.12,372.12,372.12,372.12,372.12,0,0
1612188345,372.12,372.12,372.12,372.12,372.12,0,0
1612188350,371.34,371.35,371.34,371.34,371.345,1,1
1612188355,371.34,371.35,371.34,371.34,371.34,0,0
1612188360,371.34,371.35,371.34,371.34,371.34,0,0
1612188365,371.34,371.35,371.34,371.34,371.34,0,0
1612188370,371.34,371.35,371.34,371.34,371.34,0,0
1612188375,371.34,371.35,371.34,371.34,371.34,0,0
1612188380,371.34,371.35,371.34,371.34,371.34,0,0
1612188385,371.34,371.35,371.34,371.34,371.34,0,0
1612188390,371.34,371.35,371.34,371.34,371.34,0,0
1612188395,371.34,371.35,371.34,371.34,371.34,0,0
1612188400,371.34,371.35,371.34,371.34,371.34,0,0
1612188405,371.34,371.35,371.34,371.34,371.34,0,0
1612188410,371.34,371.35,371.34,371.34,371.34,0,0
1612188415,371.34,371.35,371.34,371.34,371.34,0,0
1612188420,371.34,371.35,371.34,371.34,371.34,0,0
1612188425,371.34,371.35,371.34,371.34,371.34,0,0
1612188430,371.34,371.35,371.34,371.34,371.34,0,0
1612188435,371.34,371.35,371.34,371.34,371.34,0,0
1612188440,371.34,371.35,371.34,371.34,371.34,0,0
1612188445,371.34,371.35,371.34,371.34,371.34,0,0
1612188450,371.34,371.35,371.34,371.34,371.34,0,0
1612188455,371.34,371.35,371.34,371.34,371.34,0,0
1612188460,371.34,371.35,371.34,371.34,371.34,0,0
1612188465,371.34,371.35,371.34,371.34,371.34,0,0
1612188470,371.34,371.35,371.34,371.34,371.34,0,0
1612188475,371.34,371.35,371.34,371.34,371.34,0,0
1612188480,371.34,371.35,371.34,371.34,371.34,0,0
1612188485,371.34,371.35,371.34,371.34,371.34,0,0
1612188490,371.34,371.35,371.34,371.34,371.34,0,0
1612188495,371.34,371.35,371.34,371.34,371.34,0,0
1612188500,371.34,371.35,371.34,371.34,371.34,0,0
1612188505,371.34,371.35,371.34,371.34,371.34,0,0
1612188510,371.34,371.35,371.34,371.34,371.34,0,0
1612188515,371.34,371.35,371.34,371.34,371.34,0,0
1612188520,371.34,371.35,371.34,371.34,371.34,0,0
1612188525,371.34,371.35,371.34,371.34,371.34,0,0
1612188530,371.34,371.35,371.34,371.34,371.34,0,0
1612188535,371.34,371.35,371.34,371.34,371.34,0,0
1612188540,371.34,371.35,371.34,371.34,371.34,0,0
1612188545,371.34,371.35,371.34,371.34,371.34,0,0
1612188550,371.34,371.35,371.34,371.34,371.34,0,0
1612188555,371.34,371.35,371.34,371.34,371.34,0,0
1612188560,371.34,371.35,371.34,371.34,371.34,0,0
1612188565,371.34,371.35,371.34,371.34,371.34,0,0
1612188570,371.34,371.35,371.34,371.34,371.34,0,0
1612188575,371.34,371.35,371.34,371.34,371.34,0,0
1612188580,371.34,371.35,371.34,371.34,371.34,0,0
1612188585,371.34,371.35,371.34,371.34,371.34,0,0
1612188590,371.34,371.35,371.34,371.34,371.34,0,0
1612188595,371.34,371.35,371.34,371.34,371.34,0,0
1612188600,371.34,371.35,371.34,371.34,371.34,0,0
1612188605,371.34,371.35,371.34,371.34,371.34,0,0
1612188610,371.34,371.35,371.34,371.34,371.34,0,0
1612188615,371.34,371.35,371.34,371.34,371.34,0,0
1612188620,371.34,371.35,371.34,371.34,371.34,0,0
1612188625,371.34,371.35,371.34,371.34,371.34,0,0
1612188630,371.34,371.35,371.34,371.34,371.34,0,0
1612188635,371.34,371.35,371.34,371.34,371.34,0,0
1612188640,371.34,371.35,371.34,371.34,371.34,0,0
1612188645,371.34,371.35,371.34,371.34,371.34,0,0
1612188650,371.34,371.35,371.34,371.34,371.34,0,0
1612188655,371.34,371.35,371.34,371.34,371.34,0,0
1612188660,371.34,371.35,371.34,371.34,371.34,0,0
1612188665,371.34,371.35,371.34,371.34,371.34,0,0
1612188670,371.34,371.35,371.34,371.34,371.34,0,0
1612188675,371.34,371.35,371.34,371.34,371.34,0,0
1612188680,371.34,371.35,371.34,371.34,371.34,0,0
1612188685,371.34,371.35,371.34,371.34,371.34,0,0
1612188690,371.34,371.35,371.34,371.34,371.34,0,0
1612188695,371.34,371.35,371.34,371.34,371.34,0,0
1612188700,371.34,371.35,371.34,371.34,371.34,0,0
1612188705,371.34,371.35,371.34,371.34,371.34,0,0
1612188710,371.34,371.35,371.34,371.34,371.34,0,0
1612188715,371.34,371.35,371.34,371.34,371.34,0,0
1612188720,371.34,371.35,371.34,371.34,371.34,0,0
1612188725,371.34,371.35,371.34,371.34,371.34,0,0
1612188730,371.34,371.35,371.34,371.34,371.34,0,0
1612188735,371.34,371.35,371.34,371.34,371.34,0,0
1612188740,371.34,371.35,371.34,371.34,371.34,0,0
1612188745,371.34,371.35,371.34,371.34,371.34,0,0
1612188750,371.34,371.35,371.34,371.34,371.34,0,0
1612188755,371.34,371.35,371.34,371.34,371.34,0,0
1612188760,371.34,371.35,371.34,371.34,371.34,0,0
1612188765,371.34,371.35,371.34,371.34,371.34,0,0
1612188770,371.34,371.35,371.34,371.34,371.34,0,0
1612188775,371.34,371.35,371.34,371.34,371.34,0,0
1612188780,371.34,371.35,371.34,371.34,371.34,0,0
1612188785,371.34,371.35,371.34,371.34,371.34,0,0
1612188790,371.34,371.35,371.34,371.34,371.34,0,0
1612188795,371.34,371.35,371.34,371.34,371.34,0,0
1612188800,371.34,371.35,371.34,371.34,371.34,0,0
1612188805,371.34,371.35,371.34,371.34,371.34,0,0
1612188810,371.34,371.35,371.34,371.34,371.34,0,0
1612188815,371.34,371.35,371.34,371.34,371.34,0,0
1612188820,371.34,371.35,371.34,371.34,371.34,0,0
1612188825,371.34,371.35,371.34,371.34,371.34,0,0
1612188830,371.34,371.35,371.34,371.34,371.34,0,0
1612188835,371.34,371.35,371.34,371.34,371.34,0,0
1612188840,371.34,371.35,371.34,371.34,371.34,0,0
1612188845,371.34,371.35,371.34,371.34,371.34,0,0
1612188850,371.34,371.35,371.34,371.34,371.34,0,0
1612188855,371.34,371.35,371.34,371.34,371.34,0,0
1612188860,371.34,371.35,371.34,371.34,371.34,0,0
1612188865,371.34,371.35,371.34,371.34,371.34,0,0
1612188870,371.34,371.35,371.34,371.34,371.34,0,0
1612188875,371.34,371.35,371.34,371.34,371.34,0,0
1612188880,371.34,371.35,371.34,371.34,371.34,0,0
1612188885,371.34,371.35,371.34,371.34,371.34,0,0
1612188890,371.34,371.35,371.34,371.34,371.34,0,0
1612188895,371.34,371.35,371.34,371.34,371.34,0,0
1612188900,371.34,371.35,371.34,371.34,371.34,0,0
1612188905,371.34,371.35,371.34,371.34,371.34,0,0
1612188910,371.34,371.35,371.34,371.34,371.34,0,0
1612188915,371.34,371.35,371.34,371.34,371.34,0,0
1612188920,371.34,371.35,371.34,371.34,371.34,0,0
1612188925,371.34,371.35,371.34,371.34,371.34,0,0
1612188930,371.34,371.35,371.34,371.34,371.34,0,0
1612188935,371.34,371.34,371.34,371.34,371.34,1,1
1612188940,371.34,371.34,371.34,371.34,371.34,0,0
1612188945,371.34,371.34,371.34,371.34,371.34,0,0
1612188950,371.34,371.34,371.34,371.34,371.34,0,0
1612188955,371.34,371.34,371.34,371.34,371.34,0,0
1612188960,371.34,371.34,371.34,371.34,371.34,0,0
1612188965,371.34,371.34,371.34,371.34,371.34,0,0
1612188970,371.34,371.34,371.34,371.34,371.34,0,0
1612188975,371.34,371.34,371.34,371.34,371.34,0,0
1612188980,371.34,371.34,371.34,371.34,371.34,0,0
1612188985,371.34,371.34,371.34,371.34,371.34,0,0
1612188990,371.34,371.34,371.34,371.34,371.34,0,0
1612188995,371.34,371.34,371.34,371.34,371.34,0,0
1612189000,371.34,371.34,371.34,371.34,371.34,0,0
1612189005,371.34,371.34,371.34,371.34,371.34,0,0
1612189010,371.34,371.34,371.34,371.34,371.34,0,0
1612189015,371.34,371.34,371.34,371.34,371.34,0,0
1612189020,371.34,371.34,371.34,371.34,371.34,0,0
1612189025,371.34,371.34,371.34,371.34,371.34,0,0
1612189030,371.34,371.34,371.34,371.34,371.34,0,0
1612189035,371.34,371.34,371.34,371.34,371.34,0,0
1612189040,371.34,371.34,371.34,371.34,371.34,0,0
1612189045,371.34,371.34,371.34,371.34,371.34,0,0
1612189050,371.34,371.34,371.34,371.34,371.34,0,0
1612189055,371.34,371.34,371.34,371.34,371.34,0,0
1612189060,371.34,371.34,371.34,371.34,371.34,0,0
1612189065,371.34,371.34,371.34,371.34,371.34,0,0
1612189070,371.34,371.34,371.34,371.34,371.34,0,0
1612189075,371.34,371.34,371.34,371.34,371.34,0,0
1612189080,371.34,371.34,371.34,371.34,371.34,0,0
1612189085,371.34,371.34,371.34,371.34,371.34,0,0
1612189090,371.34,371.34,371.34,371.34,371.34,0,0
1612189095,371.34,371.34,371.34,371.34,371.34,0,0
1612189100,371.34,371.34,371.34,371.34,371.34,0,0
1612189105,371.34,371.34,371.34,371.34,371.34,0,0
1612189110,371.34,371.34,371.34,371.34,371.34,0,0
1612189115,371.34,371.34,371.34,371.34,371.34,0,0
1612189120,371.34,371.34,371.34,371.34,371.34,0,0
1612189125,371.34,371.34,371.34,371.34,371.34,0,0
1612189130,371.34,371.34,371.34,371.34,371.34,0,0
1612189135,371.34,371.34,371.34,371.34,371.34,0,0
1612189140,371.34,371.34,371.34,371.34,371.34,0,0
1612189145,371.34,371.34,371.34,371.34,371.34,0,0
1612189150,371.34,371.34,371.34,371.34,371.34,0,0
1612189155,371.34,371.34,371.34,371.34,371.34,0,0
1612189160,371.34,371.34,371.34,371.34,371.34,0,0
1612189165,371.34,371.34,371.34,371.34,371.34,0,0
1612189170,371.34,371.34,371.34,371.34,371.34,0,0
1612189175,371.34,371.34,371.34,371.34,371.34,0,0
1612189180,371.34,371.34,371.34,371.34,371.34,0,0
1612189185,371.34,371.34,371.34,371.34,371.34,0,0
1612189190,371.34,371.34,371.34,371.34,371.34,0,0
1612189195,371.34,371.34,371.34,371.34,371.34,0,0
1612189200,371.34,371.34,371.34,371.34,371.34,0,0
1612189205,371.34,371.34,371.34,371.34,371.34,0,0
1612189210,371.34,371.34,371.34,371.34,371.34,0,0
1612189215,371.34,371.34,371.34,371.34,371.34,0,0
1612189220,371.34,371.34,371.34,371.34,371.34,0,0
1612189225,371.34,371.34,371.34,371.34,371.34,0,0
1612189230,371.34,371.34,371.34,371.34,371.34,0,0
1612189235,371.34,371.34,371.34,371.34,371.34,0,0
1612189240,371.34,371.34,371.34,371.34,371.34,0,0
1612189245,371.34,371.34,371.34,371.34,371.34,0,0
1612189250,371.34,371.34,371.34,371.34,371.34,0,0
1612189255,371.34,371.34,371.34,371.34,371.34,0,0
1612189260,371.34,371.34,371.34,371.34,371.34,0,0
1612189265,371.34,371.34,371.34,371.34,371.34,0,0
1612189270,371.34,371.34,371.34,371.34,371.34,0,0
1612189275,371.34,371.34,371.34,371.34,371.34,0,0
1612189280,371.34,371.34,371.34,371.34,371.34,0,0
1612189285,371.34,371.34,371.34,371.34,371.34,0,0
1612189290,371.34,371.34,371.34,371.34,371.34,0,0
1612189295,371.34,371.34,371.34,371.34,371.34,0,0
1612189300,371.34,371.34,371.34,371.34,371.34,0,0
1612189305,371.34,371.34,371.34,371.34,371.34,0,0
1612189310,371.34,371.34,371.34,371.34,371.34,0,0
1612189315,371.34,371.34,371.34,371.34,371.34,0,0
1612189320,371.34,371.34,371.34,371.34,371.34,0,0
1612189325,371.34,371.34,371.34,371.34,371.34,0,0
1612189330,371.34,371.34,371.34,371.34,371.34,0,0
1612189335,371.34,371.34,371.34,371.34,371.34,0,0
1612189340,371.34,371.34,371.34,371.34,371.34,0,0
1612189345,371.34,371.34,371.34,371.34,371.34,0,0
1612189350,371.34,371.34,371.34,371.34,371.34,0,0
1612189355,371.34,371.34,371.34,371.34,371.34,0,0
1612189360,371.34,371.34,371.34,371.34,371.34,0,0
1612189365,371.34,371.34,371.34,371.34,371.34,0,0
1612189370,371.34,371.34,371.34,371.34,371.34,0,0
1612189375,371.34,371.34,371.34,371.34,371.34,0,0
1612189380,371.34,371.34,371.34,371.34,371.34,0,0
1612189385,371.34,371.34,371.34,371.34,371.34,0,0
1612189390,371.34,371.34,371.34,371.34,371.34,0,0
1612189395,371.34,371.34,371.34,371.34,371.34,0,0
1612189400,371.34,371.34,371.34,371.34,371.34,0,0
1612189405,371.34,371.34,371.34,371.34,371.34,0,0
1612189410,371.34,371.34,371.34,371.34,371.34,0,0
1612189415,371.34,371.34,371.34,371.34,371.34,0,0
1612189420,371.34,371.34,371.34,371.34,371.34,0,0
1612189425,371.34,371.34,371.34,371.34,371.34,0,0
1612189430,371.34,371.34,371.34,371.34,371.34,0,0
1612189435,371.34,371.34,371.34,371.34,371.34,0,0
1612189440,371.34,371.34,371.34,371.34,371.34,0,0
1612189445,371.34,371.34,371.34,371.34,371.34,0,0
1612189450,371.34,371.34,371.34,371.34,371.34,0,0
1612189455,371.34,371.34,371.34,371.34,371.34,0,0
1612189460,371.34,371.34,371.34,371.34,371.34,0,0
1612189465,371.34,371.34,371.34,371.34,371.34,0,0
1612189470,371.34,371.34,371.34,371.34,371.34,0,0
1612189475,371.34,371.34,371.34,371.34,371.34,0,0
1612189480,371.34,371.34,371.34,371.34,371.34,0,0
1612189485,371.34,371.34,371.34,371.34,371.34,0,0
1612189490,371.34,371.34,371.34,371.34,371.34,0,0
1612189495,371.34,371.34,371.34,371.34,371.34,0,0
1612189500,371.34,371.34,371.34,371.34,371.34,0,0
1612189505,371.34,371.34,371.34,371.34,371.34,0,0
1612189510,371.34,371.34,371.34,371.34,371.34,0,0
1612189515,371.34,371.34,371.34,371.34,371.34,0,0
1612189520,371.34,371.34,371.34,371.34,371.34,0,0
1612189525,371.34,371.34,371.34,371.34,371.34,0,0
1612189530,371.34,371.34,371.34,371.34,371.34,0,0
1612189535,371.34,371.34,371.34,371.34,371.34,0,0
1612189540,371.34,371.34,371.34,371.34,371.34,0,0
1612189545,371.34,371.34,371.34,371.34,371.34,0,0
1612189550,371.34,371.34,371.34,371.34,371.34,0,0
1612189555,371.34,371.34,371.34,371.34,371.34,0,0
1612189560,371.34,371.34,371.34,371.34,371.34,0,0
1612189565,371.34,371.34,371.34,371.34,371.34,0,0
1612189570,371.34,371.34,371.34,371.34,371.34,0,0
1612189575,371.34,371.34,371.34,371.34,371.34,0,0
1612189580,371.34,371.34,371.34,371.34,371.34,0,0
1612189585,371.34,371.34,371.34,371.34,371.34,0,0
1612189590,371.34,371.34,371.34,371.34,371.34,0,0
1612189595,371.34,371.34,371.34,371.34,371.34,0,0
1612189600,371.34,371.34,371.34,371.34,371.34,0,0
1612189605,371.34,371.34,371.34,371.34,371.34,0,0
1612189610,371.34,371.34,371.34,371.34,371.34,0,0
1612189615,371.34,371.34,371.34,371.34,371.34,0,0
1612189620,371.34,371.34,371.34,371.34,371.34,0,0
1612189625,371.34,371.34,371.34,371.34,371.34,0,0
1612189630,371.34,371.34,371.34,371.34,371.34,0,0
1612189635,371.34,371.34,371.34,371.34,371.34,0,0
1612189640,371.34,371.34,371.34,371.34,371.34,0,0
1612189645,371.34,371.34,371.34,371.34,371.34,0,0
1612189650,371.34,371.34,371.34,371.34,371.34,0,0
1612189655,371.34,371.34,371.34,371.34,371.34,0,0
1612189660,371.34,371.34,371.34,371.34,371.34,0,0
1612189665,371.34,371.34,371.34,371.34,371.34,0,0
1612189670,371.34,371.34,371.34,371.34,371.34,0,0
1612189675,371.34,371.34,371.34,371.34,371.34,0,0
1612189680,369.82,371.01,368.0,368.0,370.008,13,7
1612189685,368.0,368.0,368.0,368.0,368.0,0,0
1612189690,368.0,368.0,368.0,368.0,368.0,0,0
1612189695,368.0,368.0,368.0,368.0,368.0,0,0
1612189700,368.0,368.0,368.0,368.0,368.0,0,0
1612189705,368.0,368.0,368.0,368.0,368.0,0,0
1612189710,368.0,368.0,368.0,368.0,368.0,0,0
1612189715,368.0,368.0,368.0,368.0,368.0,0,0
1612189720,368.0,368.0,368.0,368.0,368.0,0,0
1612189725,368.0,368.0,368.0,368.0,368.0,0,0
1612189730,368.0,368.0,368.0,368.0,368.0,0,0
1612189735,368.0,368.0,368.0,368.0,368.0,0,0
1612189740,368.0,368.0,368.0,368.0,368.0,0,0
1612189745,368.0,368.0,368.0,368.0,368.0,0,0
1612189750,368.0,368.0,368.0,368.0,368.0,0,0
1612189755,368.0,368.0,368.0,368.0,368.0,0,0
1612189760,368.0,368.0,368.0,368.0,368.0,0,0
1612189765,368.0,368.0,368.0,368.0,368.0,0,0
1612189770,368.0,368.0,368.0,368.0,368.0,0,0
1612189775,368.0,368.0,368.0,368.0,368.0,0,0
1612189780,368.0,368.0,368.0,368.0,368.0,0,0
1612189785,368.0,368.0,368.0,368.0,368.0,0,0
1612189790,368.0,368.0,368.0,368.0,368.0,0,0
1612189795,368.0,368.0,368.0,368.0,368.0,0,0
1612189800,368.98,369.69,368.13,368.95,368.494,483,24
1612189805,369.67,371.0,369.42,370.97,370.087,34,23
1612189810,371.14,371.52,371.1,371.52,371.357,5,3
1612189815,371.42,371.42,371.42,371.42,371.42,1,1
1612189820,371.28,371.28,371.02,371.02,371.113,3,3
1612189825,371.24,371.95,371.18,371.95,371.481,15,11
1612189830,370.17,372.07,370.17,371.95,371.509,52,27
1612189835,372.73,372.73,370.8,370.8,371.697,5,3
1612189840,370.8,370.81,370.8,370.8,370.8,0,0
1612189845,371.38,371.99,371.38,371.4,371.536,7,7
1612189850,371.4,371.4,371.4,371.4,371.4,0,0
1612189855,371.4,371.4,371.4,371.4,371.4,0,0
1612189860,371.58,372.0,371.58,372.0,371.903,9,6
1612189865,371.43,371.43,371.43,371.43,371.43,2,1
1612189870,372.09,372.54,372.09,372.54,372.243,3,3
1612189875,372.54,372.54,372.54,372.54,372.54,0,0
1612189880,372.82,372.82,372.82,372.82,372.82,1,1
1612189885,372.82,372.82,372.82,372.82,372.82,0,0
1612189890,372.82,372.82,372.82,372.82,372.82,0,0
1612189895,372.24,372.24,372.24,372.24,372.24,3,2
1612189900,372.5,373.9,372.39,373.9,372.933,11,10
1612189905,372.97,372.98,372.97,372.97,372.971,18,16
1612189910,373.18,373.76,373.18,373.31,373.358,4,4
1612189915,373.31,373.31,373.31,373.31,373.31,0,0
1612189920,373.61,374.85,373.0,373.0,373.708,39,24
1612189925,374.58,374.85,373.15,374.17,374.094,8,7
1612189930,374.85,374.85,374.84,374.85,374.85,1,1
1612189935,374.85,377.0,374.79,376.99,375.817,59,38
1612189940,377.0,377.22,376.67,376.67,377.001,9,5
1612189945,376.07,376.08,376.07,376.07,376.07,1,1
1612189950,376.31,376.46,376.06,376.28,376.297,17,15
1612189955,376.19,376.19,374.85,374.85,375.167,9,7
1612189960,376.26,376.27,375.53,375.56,376.16,26,5
1612189965,375.56,375.56,375.56,375.56,375.56,0,0
1612189970,375.56,375.56,375.56,375.56,375.56,0,0
1612189975,374.86,374.86,373.79,373.8,374.301,21,9
1612189980,374.07,375.28,374.07,375.26,374.902,13,12
1612189985,375.19,375.57,375.19,375.56,375.393,23,22
1612189990,375.99,375.99,375.99,375.99,375.99,1,1
1612189995,375.93,377.0,375.29,376.53,376.334,14,14
1612190000,377.0,377.0,377.0,377.0,377.0,1,1
1612190005,375.96,376.0,375.96,376.0,375.981,2,2
1612190010,376.0,376.0,376.0,376.0,376.0,0,0
1612190015,376.0,376.0,376.0,376.0,376.0,0,0
1612190020,376.91,376.91,376.01,376.8,376.594,3,3
1612190025,376.28,376.28,374.84,375.63,376.158,52,40
1612190030,375.9,375.91,375.9,375.9,375.9,1,1
1612190035,375.0,375.99,375.0,375.99,375.275,3,3
1612190040,376.0,376.0,376.0,376.0,376.0,5,4
1612190045,376.37,376.37,376.36,376.37,376.365,1,1
1612190050,376.0,377.0,376.0,377.0,376.139,31,6
1612190055,377.0,377.0,377.0,377.0,377.0,0,0
1612190060,376.0,376.86,376.0,376.85,376.25,6,4
1612190065,376.85,376.86,376.85,376.85,376.85,0,0
1612190070,376.01,376.02,376.01,376.01,376.01,1,1
1612190075,376.65,377.5,376.65,377.21,376.819,68,41
1612190080,377.62,377.62,377.03,377.03,377.325,2,2
1612190085,376.51,376.65,376.0,376.0,376.073,72,43
1612190090,376.74,376.74,376.0,376.0,376.033,27,17
1612190095,376.0,376.0,376.0,376.0,376.0,0,0
1612190100,376.0,376.0,376.0,376.0,376.0,2,2
1612190105,375.36,375.7,375.35,375.69,375.469,3,2
1612190110,376.0,376.02,375.61,375.61,375.876,4,4
1612190115,375.95,375.95,375.6,375.61,375.719,3,3
1612190120,375.25,375.25,375.21,375.21,375.215,10,9
1612190125,375.25,375.64,375.21,375.63,375.326,4,4
1612190130,375.91,375.91,375.44,375.44,375.678,2,2
1612190135,375.89,375.89,375.89,375.89,375.89,1,1
1612190140,375.63,375.74,375.01,375.26,375.398,70,45
1612190145,375.26,375.8,375.26,375.8,375.482,18,14
1612190150,375.31,375.86,375.31,375.83,375.614,5,5
1612190155,375.34,375.34,375.01,375.01,375.203,20,18
1612190160,375.69,376.05,375.64,376.05,375.73,39,17
1612190165,376.01,376.03,375.17,376.01,375.974,72,11
1612190170,376.05,376.32,375.8,375.8,375.857,25,7
1612190175,375.8,375.8,375.8,375.8,375.8,0,0
1612190180,375.45,375.58,375.45,375.45,375.462,13,10
1612190185,375.45,375.45,375.45,375.45,375.45,0,0
1612190190,375.46,375.8,375.45,375.8,375.495,8,7
1612190195,375.8,375.8,375.8,375.8,375.8,0,0
1612190200,375.86,375.91,375.46,375.91,375.71,5,4
1612190205,375.73,375.73,375.73,375.73,375.73,2,1
1612190210,376.0,376.01,376.0,376.01,376.008,9,5
1612190215,376.04,376.17,376.02,376.17,376.029,20,14
1612190220,376.17,376.17,376.17,376.17,376.17,0,0
1612190225,376.21,377.0,376.21,377.0,376.834,23,11
1612190230,376.69,376.69,376.68,376.69,376.685,1,1
1612190235,376.69,376.69,376.68,376.69,376.69,0,0
1612190240,377.0,377.0,376.74,376.87,376.87,7,6
1612190245,376.87,376.87,376.87,376.87,376.87,0,0
1612190250,376.48,376.48,376.48,376.48,376.48,1,1
1612190255,376.48,376.64,376.48,376.48,376.493,25,12
1612190260,376.48,376.48,376.48,376.48,376.48,0,0
1612190265,376.31,376.31,376.27,376.27,376.275,7,5
1612190270,376.12,376.12,375.77,375.77,376.054,5,3
1612190275,375.77,375.77,375.77,375.77,375.77,0,0
1612190280,375.78,375.78,375.77,375.78,375.775,1,1
1612190285,376.23,376.23,376.2,376.2,376.215,2,2
1612190290,376.2,376.2,376.2,376.2,376.2,0,0
1612190295,375.84,376.59,375.84,376.57,376.353,17,13
1612190300,376.97,376.98,376.58,376.58,376.738,4,4
1612190305,376.64,376.96,376.57,376.57,376.668,7,6
1612190310,376.54,376.54,376.09,376.12,376.183,12,4
1612190315,376.19,376.19,376.19,376.19,376.19,1,1
1612190320,376.17,376.17,376.17,376.17,376.17,1,1
1612190325,376.58,376.58,376.17,376.17,376.238,14,6
1612190330,376.08,376.53,376.08,376.53,376.306,2,2
1612190335,376.53,376.53,376.53,376.53,376.53,0,0
1612190340,375.87,376.29,375.86,376.29,375.926,20,12
1612190345,376.58,376.58,376.58,376.58,376.58,2,2
1612190350,376.5,376.81,376.5,376.81,376.658,2,2
1612190355,377.0,377.95,376.99,377.58,377.41,35,13
1612190360,377.58,377.59,377.58,377.59,377.583,4,3
1612190365,377.1,377.1,377.1,377.1,377.1,1,1
1612190370,377.29,377.57,377.29,377.57,377.462,14,12
1612190375,377.58,377.58,377.58,377.58,377.58,2,2
1612190380,377.95,379.0,377.78,379.0,378.342,73,45
1612190385,379.07,379.07,376.89,379.06,378.142,50,31
1612190390,378.71,378.72,378.17,378.21,378.364,3,3
1612190395,377.78,377.78,377.78,377.78,377.78,6,1
1612190400,377.91,378.2,377.91,378.2,378.055,2,2
1612190405,378.89,379.4,378.71,379.4,378.982,23,23
1612190410,379.44,379.71,379.12,379.71,379.464,28,8
1612190415,379.26,379.58,378.36,378.71,378.894,25,18
1612190420,378.82,379.0,378.78,379.0,378.857,7,7
1612190425,379.26,379.65,378.91,379.65,379.263,5,4
1612190430,379.08,379.73,379.02,379.73,379.389,4,3
1612190435,379.34,380.49,379.34,380.33,380.009,55,36
1612190440,379.83,380.48,379.83,380.48,380.213,7,7
1612190445,380.46,380.46,380.46,380.46,380.46,1,1
1612190450,380.47,380.98,380.47,380.67,380.677,15,13
1612190455,380.47,380.8,380.32,380.8,380.552,32,26
1612190460,380.87,380.96,380.36,380.36,380.765,4,4
1612190465,380.36,380.36,380.36,380.36,380.36,0,0
1612190470,380.47,380.6,380.42,380.46,380.474,13,10
1612190475,379.73,380.1,379.68,380.1,379.819,3,3
1612190480,380.39,380.47,379.39,379.39,379.966,14,13
1612190485,379.31,379.42,379.22,379.42,379.318,13,10
1612190490,379.94,379.94,379.93,379.94,379.936,1,1
1612190495,379.94,379.94,379.93,379.94,379.936,1,1
1612190500,379.58,380.0,379.58,380.0,379.87,35,6
1612190505,379.99,379.99,379.98,379.99,379.985,1,1
1612190510,380.35,380.35,379.98,379.99,380.133,2,2
1612190515,379.79,379.87,379.4,379.52,379.662,19,16
1612190520,379.16,379.16,379.0,379.05,379.046,15,11
1612190525,378.41,378.41,378.4,378.41,378.408,1,1
1612190530,378.42,378.42,378.03,378.03,378.217,28,13
1612190535,378.53,378.59,378.53,378.58,378.558,4,4
1612190540,378.08,378.59,378.07,378.59,378.435,12,9
1612190545,378.59,379.54,378.58,378.99,379.009,9,9
1612190550,379.6,380.19,379.55,379.55,379.946,28,20
1612190555,378.45,378.45,378.45,378.45,378.45,1,1
1612190560,379.62,380.1,378.1,380.1,379.155,6,5
1612190565,379.76,380.47,379.66,379.66,380.052,29,21
1612190570,379.03,380.28,379.02,379.81,379.921,9,7
1612190575,379.48,379.48,379.48,379.48,379.48,3,3
1612190580,379.98,380.53,379.48,380.0,379.946,36,19
1612190585,379.65,380.8,379.65,380.8,380.375,4,3
1612190590,380.94,380.94,380.49,380.49,380.715,2,2
1612190595,379.79,379.88,379.79,379.88,379.814,4,2
1612190600,379.88,380.25,379.68,380.15,380.014,6,6
1612190605,379.52,379.56,379.52,379.56,379.533,3,2
1612190610,380.25,381.0,380.25,381.0,380.847,5,5
1612190615,381.0,381.0,381.0,381.0,381.0,0,0
1612190620,379.95,379.95,379.95,379.95,379.95,1,1
1612190625,379.87,380.18,379.52,380.02,379.726,56,17
1612190630,379.55,379.55,379.06,379.06,379.153,20,5
1612190635,378.73,378.87,378.73,378.87,378.823,3,2
1612190640,378.7,378.7,378.14,378.14,378.581,22,5
1612190645,378.14,378.14,378.14,378.14,378.14,0,0
1612190650,379.14,379.14,378.6,378.6,378.96,3,2
1612190655,379.14,379.15,379.14,379.15,379.143,3,3
1612190660,378.43,378.44,378.43,378.43,378.43,1,1
1612190665,378.81,378.81,378.38,378.38,378.532,5,5
1612190670,379.08,379.09,379.08,379.08,379.084,2,1
1612190675,378.19,378.65,378.16,378.65,378.316,5,5
1612190680,378.91,378.91,378.9,378.91,378.905,1,1
1612190685,379.39,379.4,378.33,378.33,378.975,5,3
1612190690,378.14,378.14,377.74,377.74,377.932,37,10
1612190695,377.74,378.4,377.74,378.3,378.314,13,7
1612190700,378.38,378.38,377.78,377.79,378.178,3,3
1612190705,377.75,378.65,377.74,378.65,377.913,8,3
1612190710,378.65,378.65,378.65,378.65,378.65,0,0
1612190715,378.0,378.0,377.22,377.22,377.496,42,18
1612190720,377.24,377.24,377.24,377.24,377.24,1,1
1612190725,377.54,377.54,376.74,376.74,377.012,46,14
1612190730,376.75,376.76,376.28,376.29,376.633,14,11
1612190735,376.28,376.28,376.0,376.0,376.224,25,8
1612190740,376.07,376.07,376.06,376.07,376.069,1,1
1612190745,376.12,376.12,376.0,376.0,376.024,30,10
1612190750,376.0,376.0,376.0,376.0,376.0,0,0
1612190755,376.0,376.0,376.0,376.0,376.0,0,0
1612190760,375.89,375.89,375.89,375.89,375.89,1,1
1612190765,376.26,376.28,376.03,376.03,376.213,4,4
1612190770,376.03,376.03,376.03,376.03,376.03,0,0
1612190775,376.03,376.41,375.77,375.77,375.916,10,6
1612190780,375.77,376.08,375.06,375.06,375.445,6,6
1612190785,375.69,376.0,375.08,375.08,375.792,48,24
1612190790,375.15,375.15,375.14,375.15,375.148,1,1
1612190795,375.64,375.65,374.27,374.27,374.954,60,24
1612190800,374.27,374.27,374.27,374.27,374.27,0,0
1612190805,374.39,374.95,374.21,374.95,374.511,12,9
1612190810,374.95,374.95,374.94,374.95,374.95,0,0
1612190815,374.64,374.97,374.64,374.97,374.744,3,2
1612190820,374.99,375.0,374.95,374.95,374.975,6,6
1612190825,375.19,375.19,375.18,375.19,375.185,1,1
1612190830,374.95,374.95,373.93,373.93,374.375,16,14
1612190835,373.69,373.7,373.69,373.69,373.693,1,1
1612190840,374.6,374.6,373.51,373.51,373.933,4,4
1612190845,373.52,373.52,373.52,373.52,373.52,1,1
1612190850,373.52,373.52,373.52,373.52,373.52,0,0
1612190855,374.13,374.72,374.13,374.66,374.389,5,4
1612190860,374.27,374.27,373.82,374.0,374.027,3,3
1612190865,374.55,374.55,374.55,374.55,374.55,1,1
1612190870,373.89,373.89,373.55,373.55,373.753,3,3
1612190875,373.24,373.95,373.01,373.01,373.354,12,10
1612190880,373.01,373.01,373.01,373.01,373.01,0,0
1612190885,372.85,373.68,372.84,373.67,373.214,4,3
1612190890,373.7,373.72,373.65,373.66,373.667,11,3
1612190895,373.5,374.27,373.5,374.27,373.923,3,3
1612190900,373.74,373.74,373.67,373.67,373.705,2,2
1612190905,372.97,372.97,372.96,372.97,372.97,3,1
1612190910,373.0,373.66,372.51,373.66,372.76,8,4
1612190915,372.62,373.02,372.62,373.02,372.751,4,3
1612190920,372.64,372.64,372.63,372.64,372.637,6,1
1612190925,372.64,372.64,372.63,372.64,372.64,0,0
1612190930,372.64,372.64,372.63,372.64,372.64,0,0
1612190935,372.64,372.64,372.63,372.64,372.64,0,0
1612190940,373.1,373.49,373.1,373.49,373.295,2,2
1612190945,373.49,373.49,373.49,373.49,373.49,0,0
1612190950,373.31,373.54,373.0,373.0,373.193,12,9
1612190955,372.5,372.72,372.44,372.72,372.511,9,8
1612190960,372.75,372.75,372.75,372.75,372.75,2,1
1612190965,372.83,372.83,372.74,372.75,372.777,3,3
1612190970,373.39,373.39,372.95,373.17,373.225,4,3
1612190975,372.7,372.7,372.08,372.08,372.422,5,5
1612190980,372.52,372.52,371.83,371.83,372.228,7,6
1612190985,371.14,371.15,371.14,371.14,371.14,10,1
1612190990,371.14,371.15,371.14,371.14,371.14,1,1
1612190995,371.14,371.9,371.14,371.9,371.425,8,2
1612191000,371.9,371.9,371.89,371.9,371.9,0,0
1612191005,371.53,372.0,371.53,371.9,371.856,8,8
1612191010,371.56,371.57,371.56,371.57,371.565,2,2
1612191015,371.92,371.92,371.51,371.51,371.804,5,5
1612191020,371.51,371.51,371.51,371.51,371.51,0,0
1612191025,371.8,371.81,371.8,371.81,371.803,3,3
1612191030,371.81,371.81,371.81,371.81,371.81,0,0
1612191035,371.99,372.4,371.99,372.4,372.263,3,3
1612191040,373.0,373.0,372.99,373.0,373.0,2,1
1612191045,372.33,373.0,372.33,373.0,372.497,4,2
1612191050,372.69,373.0,372.69,372.7,372.718,14,12
1612191055,373.06,373.06,372.75,372.75,372.849,3,3
1612191060,372.69,372.69,372.69,372.69,372.69,1,1
1612191065,372.55,373.16,372.55,372.69,372.744,17,4
1612191070,372.49,372.49,372.37,372.37,372.4,4,4
1612191075,372.37,372.37,372.37,372.37,372.37,2,1
1612191080,372.32,372.54,372.32,372.54,372.378,4,2
1612191085,372.04,372.05,372.04,372.04,372.042,2,1
1612191090,372.05,372.06,372.05,372.05,372.051,2,1
1612191095,372.05,372.06,372.05,372.05,372.05,0,0
1612191100,372.05,372.06,372.05,372.05,372.05,0,0
1612191105,372.5,372.52,372.5,372.52,372.505,6,6
1612191110,372.52,372.52,372.52,372.52,372.52,0,0
1612191115,372.51,372.51,372.27,372.27,372.416,9,9
1612191120,372.25,372.69,372.25,372.69,372.405,6,4
1612191125,372.69,372.69,372.69,372.69,372.69,0,0
1612191130,372.61,372.88,372.61,372.88,372.745,2,2
1612191135,372.89,372.89,372.89,372.89,372.89,1,1
1612191140,372.55,372.73,372.41,372.73,372.565,9,7
1612191145,372.73,372.73,372.73,372.73,372.73,0,0
1612191150,372.5,372.51,372.5,372.5,372.501,6,3
1612191155,372.11,372.23,372.0,372.0,372.049,22,13
1612191160,372.0,372.0,372.0,372.0,372.0,0,0
1612191165,372.51,372.56,372.51,372.52,372.545,8,7
1612191170,372.04,372.04,372.04,372.04,372.04,1,1
1612191175,372.32,372.32,372.32,372.32,372.32,2,2
1612191180,372.04,372.5,372.03,372.2,372.387,34,31
1612191185,372.49,372.49,372.0,372.25,372.147,17,7
1612191190,372.06,372.33,372.0,372.33,372.165,12,12
1612191195,372.48,372.48,372.47,372.48,372.478,1,1
1612191200,372.48,372.48,372.47,372.48,372.48,0,0
1612191205,372.3,373.1,372.3,372.9,372.772,27,24
1612191210,372.69,372.7,372.42,372.53,372.55,3,3
1612191215,372.42,372.74,372.05,372.37,372.315,125,61
1612191220,372.62,372.98,372.35,372.45,372.457,24,23
1612191225,372.48,372.71,372.46,372.46,372.522,5,5
1612191230,372.46,372.46,372.46,372.46,372.46,0,0
1612191235,372.46,372.46,372.0,372.05,372.211,16,10
1612191240,372.05,372.18,371.9,371.9,371.964,6,4
1612191245,372.0,372.18,371.99,372.12,372.104,15,15
1612191250,372.12,372.12,372.12,372.12,372.12,0,0
1612191255,372.27,372.35,372.26,372.35,372.308,2,2
1612191260,371.89,371.89,371.89,371.89,371.89,1,1
1612191265,371.84,371.84,371.8,371.8,371.806,6,3
1612191270,371.51,371.51,370.28,370.28,370.756,99,44
1612191275,370.17,370.58,370.17,370.56,370.279,10,5
1612191280,370.7,371.0,370.69,370.69,370.791,4,3
1612191285,370.69,370.7,370.69,370.69,370.69,0,0
1612191290,370.41,370.42,369.48,369.96,370.028,32,23
1612191295,370.0,370.0,370.0,370.0,370.0,1,1
1612191300,370.13,371.13,369.8,370.27,370.366,88,66
1612191305,370.31,370.32,370.31,370.31,370.31,1,1
1612191310,371.06,371.06,371.06,371.06,371.06,1,1
1612191315,370.72,370.72,370.33,370.33,370.392,12,3
1612191320,370.46,370.84,370.46,370.84,370.494,11,2
1612191325,370.34,370.35,370.34,370.34,370.34,1,1
1612191330,371.57,371.57,371.56,371.57,371.57,1,1
1612191335,371.57,371.57,370.59,370.59,370.95,6,6
1612191340,370.59,370.59,370.59,370.59,370.59,0,0
1612191345,370.84,371.04,370.84,371.04,370.94,2,2
1612191350,371.03,371.49,371.03,371.2,371.21,4,4
1612191355,370.84,371.53,370.84,371.2,370.989,24,8
1612191360,371.17,371.17,371.17,371.17,371.17,1,1
1612191365,371.49,371.49,371.49,371.49,371.49,1,1
1612191370,371.18,371.18,371.17,371.18,371.175,1,1
1612191375,371.18,371.8,370.87,371.8,371.42,6,6
1612191380,372.31,372.31,372.31,372.31,372.31,1,1
1612191385,372.61,372.61,372.15,372.15,372.567,35,10
1612191390,372.11,372.45,372.11,372.45,372.28,2,2
1612191395,372.45,372.45,372.45,372.45,372.45,0,0
1612191400,371.84,372.06,371.82,371.82,371.911,5,4
1612191405,371.79,372.05,371.79,371.81,371.837,5,4
1612191410,372.03,372.03,372.02,372.03,372.025,2,1
1612191415,372.0,372.01,371.76,371.76,371.848,3,3
1612191420,371.73,372.02,371.73,372.02,371.869,5,4
1612191425,372.02,372.02,371.92,371.92,371.969,2,2
1612191430,371.52,371.87,371.52,371.87,371.748,3,3
1612191435,371.87,371.98,371.75,371.98,371.838,4,4
1612191440,371.98,371.98,371.98,371.98,371.98,0,0
1612191445,371.84,371.84,371.5,371.8,371.712,7,4
1612191450,371.34,371.34,371.34,371.34,371.34,1,1
1612191455,371.58,371.58,371.39,371.39,371.485,2,2
1612191460,371.84,372.0,371.84,372.0,371.903,24,9
1612191465,372.22,372.22,372.22,372.22,372.22,2,2
1612191470,372.22,372.22,372.22,372.22,372.22,0,0
1612191475,372.62,372.8,372.62,372.8,372.687,2,2
1612191480,372.68,372.68,372.67,372.67,372.673,3,2
1612191485,372.67,372.67,372.67,372.67,372.67,0,0
1612191490,372.68,372.68,372.36,372.44,372.449,8,7
1612191495,372.37,372.67,371.95,372.37,372.443,8,5
1612191500,372.4,372.4,372.36,372.37,372.387,3,2
1612191505,372.25,372.26,372.25,372.25,372.255,1,1
1612191510,371.89,372.39,371.88,372.39,372.11,2,2
1612191515,371.81,372.11,371.7,372.11,371.945,12,12
1612191520,372.11,372.11,372.11,372.11,372.11,0,0
1612191525,372.35,372.98,372.35,372.98,372.665,2,2
1612191530,372.98,372.98,372.97,372.98,372.98,0,0
1612191535,372.48,372.48,372.08,372.08,372.334,6,6
1612191540,372.7,372.7,372.7,372.7,372.7,3,3
1612191545,372.64,372.94,372.62,372.82,372.695,11,11
1612191550,372.89,372.89,372.89,372.89,372.89,1,1
1612191555,372.98,372.99,372.98,372.99,372.988,4,4
1612191560,372.47,372.73,372.43,372.73,372.567,8,8
1612191565,372.75,372.75,372.74,372.75,372.745,1,1
1612191570,372.75,372.75,372.74,372.75,372.75,0,0
1612191575,372.75,372.75,372.74,372.75,372.75,0,0
1612191580,372.75,372.89,372.74,372.89,372.784,4,4
1612191585,372.96,373.01,372.96,372.96,372.989,7,7
1612191590,373.27,373.64,373.27,373.64,373.574,6,2
1612191595,373.29,373.29,373.29,373.29,373.29,1,1
1612191600,373.02,373.33,373.01,373.33,373.222,21,21
1612191605,373.46,373.47,373.3,373.31,373.365,8,4
1612191610,373.23,373.23,372.86,372.86,373.031,7,7
1612191615,373.08,373.08,373.08,373.08,373.08,1,1
1612191620,373.08,373.08,373.08,373.08,373.08,0,0
1612191625,373.19,373.3,373.19,373.27,373.263,4,4
1612191630,373.13,373.13,373.02,373.03,373.079,2,2
1612191635,373.48,374.21,373.32,373.93,373.858,54,42
1612191640,373.94,374.29,373.92,374.29,374.119,17,14
1612191645,374.26,374.94,374.26,374.85,374.545,11,11
1612191650,374.84,375.51,374.84,375.19,375.222,32,18
1612191655,374.39,375.19,374.39,375.17,374.953,8,8
1612191660,374.75,375.19,374.75,374.76,374.902,3,3
1612191665,374.77,374.77,374.66,374.67,374.698,3,3
1612191670,374.47,374.85,374.47,374.85,374.658,2,2
1612191675,374.79,374.79,374.79,374.79,374.79,1,1
1612191680,374.99,375.22,374.99,375.22,375.15,9,9
1612191685,375.17,375.17,375.17,375.17,375.17,1,1
1612191690,375.17,375.17,375.17,375.17,375.17,0,0
1612191695,375.2,375.26,375.2,375.25,375.228,2,2
1612191700,375.25,375.86,375.25,375.86,375.477,17,9
1612191705,375.89,375.89,375.29,375.84,375.536,7,5
1612191710,375.89,375.89,375.3,375.83,375.726,15,15
1612191715,375.3,375.58,374.73,375.57,375.292,23,8
1612191720,375.57,375.57,375.57,375.57,375.57,0,0
1612191725,375.59,375.89,375.58,375.89,375.658,9,9
1612191730,375.36,375.61,375.02,375.02,375.34,19,15
1612191735,375.02,375.02,375.02,375.02,375.02,0,0
1612191740,375.28,375.28,375.08,375.28,375.184,7,7
1612191745,375.28,375.28,375.28,375.28,375.28,0,0
1612191750,375.31,375.31,375.08,375.1,375.174,14,14
1612191755,375.28,375.47,375.1,375.47,375.283,3,3
1612191760,375.35,375.89,375.35,375.89,375.53,6,3
1612191765,375.86,375.89,375.85,375.89,375.867,4,2
1612191770,375.89,375.89,375.89,375.89,375.89,0,0
1612191775,375.89,375.89,375.89,375.89,375.89,0,0
1612191780,375.42,375.64,375.35,375.37,375.438,5,5
1612191785,375.08,375.09,375.08,375.08,375.08,1,1
1612191790,375.39,375.39,375.17,375.17,375.282,2,2
1612191795,375.17,375.18,375.17,375.17,375.17,0,0
1612191800,375.23,375.4,375.23,375.3,375.31,3,3
1612191805,375.63,376.47,375.63,376.44,375.858,29,19
1612191810,376.44,376.44,376.44,376.44,376.44,0,0
1612191815,376.44,376.44,376.44,376.44,376.44,0,0
1612191820,376.25,376.25,375.76,375.76,376.003,2,2
1612191825,375.76,375.76,375.76,375.76,375.76,0,0
1612191830,375.76,375.76,375.76,375.76,375.76,0,0
1612191835,376.0,376.15,376.0,376.15,376.041,6,3
1612191840,376.15,376.15,376.15,376.15,376.15,0,0
1612191845,376.15,376.15,376.15,376.15,376.15,0,0
1612191850,376.15,376.97,375.98,376.5,376.458,26,22
1612191855,376.98,376.98,376.94,376.94,376.973,6,2
1612191860,376.55,376.55,376.55,376.55,376.55,1,1
1612191865,376.54,377.0,376.03,376.63,376.412,27,17
1612191870,376.63,376.63,376.63,376.63,376.63,0,0
1612191875,376.71,377.0,376.58,377.0,376.875,17,13
1612191880,377.0,377.92,376.75,377.06,377.195,27,26
1612191885,377.38,377.95,377.38,377.39,377.544,7,7
1612191890,377.45,377.83,377.45,377.45,377.549,3,3
1612191895,377.06,377.9,377.06,377.73,377.458,10,10
1612191900,377.95,377.95,377.32,377.32,377.706,2,2
1612191905,377.24,377.59,376.96,377.59,377.128,25,21
1612191910,376.64,377.57,376.64,377.13,377.115,4,4
1612191915,377.13,377.13,377.12,377.13,377.13,0,0
1612191920,377.13,377.13,377.12,377.13,377.13,0,0
1612191925,376.91,377.15,376.91,377.15,377.03,2,2
1612191930,377.15,377.15,377.15,377.15,377.15,0,0
1612191935,377.17,377.17,377.17,377.17,377.17,1,1
1612191940,377.17,377.36,377.17,377.36,377.263,2,2
1612191945,377.36,377.36,377.35,377.36,377.36,0,0
1612191950,377.36,377.36,377.35,377.36,377.36,0,0
1612191955,377.5,377.5,377.5,377.5,377.5,1,1
1612191960,377.58,377.59,377.58,377.58,377.58,5,1
1612191965,377.07,377.56,377.06,377.56,377.232,3,2
1612191970,377.55,377.58,377.13,377.58,377.42,3,3
1612191975,377.48,377.77,377.08,377.77,377.361,11,10
1612191980,377.4,377.4,377.04,377.32,377.198,15,10
1612191985,377.38,377.38,376.82,377.36,377.187,3,3
1612191990,376.86,377.38,376.85,377.38,377.119,2,2
1612191995,377.11,377.8,377.1,377.78,377.487,17,13
1612192000,377.53,377.73,377.53,377.73,377.614,7,7
1612192005,377.14,377.73,377.03,377.03,377.238,32,20
1612192010,377.27,377.38,377.27,377.36,377.32,4,4
1612192015,377.88,377.88,377.72,377.72,377.8,2,2
1612192020,377.72,377.72,377.72,377.72,377.72,0,0
1612192025,377.44,377.44,377.39,377.44,377.43,6,5
1612192030,377.32,377.32,376.77,376.77,377.212,6,4
1612192035,376.77,376.77,376.77,376.77,376.77,0,0
1612192040,376.77,376.77,376.77,376.77,376.77,0,0
1612192045,376.77,376.77,376.77,376.77,376.77,0,0
1612192050,376.94,376.94,376.75,376.75,376.825,4,4
1612192055,376.76,376.83,376.51,376.74,376.761,10,8
1612192060,376.74,376.74,376.74,376.74,376.74,0,0
1612192065,377.23,377.23,377.23,377.23,377.23,1,1
1612192070,376.87,376.88,376.87,376.87,376.874,1,1
1612192075,376.6,376.6,376.59,376.6,376.596,10,1
1612192080,376.6,376.6,376.59,376.6,376.6,0,0
1612192085,377.15,377.15,377.15,377.15,377.15,1,1
1612192090,376.47,376.53,376.05,376.1,376.403,45,14
1612192095,376.24,376.42,376.2,376.42,376.249,7,5
1612192100,376.14,376.14,376.14,376.14,376.14,1,1
1612192105,376.14,376.14,376.14,376.14,376.14,0,0
1612192110,375.72,375.72,375.31,375.31,375.469,7,4
1612192115,375.77,375.78,375.37,375.37,375.491,13,9
1612192120,375.22,375.34,375.22,375.34,375.292,2,2
1612192125,375.17,375.58,375.17,375.4,375.344,3,3
1612192130,375.9,375.9,375.53,375.53,375.715,2,2
1612192135,375.53,375.53,375.53,375.53,375.53,0,0
1612192140,375.53,375.53,375.53,375.53,375.53,0,0
1612192145,375.53,375.53,375.53,375.53,375.53,0,0
1612192150,375.53,375.53,375.53,375.53,375.53,0,0
1612192155,375.24,375.24,374.95,374.95,375.084,10,9
1612192160,375.32,375.33,375.21,375.21,375.286,3,2
1612192165,375.0,375.0,373.94,373.96,374.052,26,12
1612192170,374.0,374.58,374.0,374.58,374.42,4,4
1612192175,374.45,375.0,374.44,375.0,374.725,4,3
1612192180,375.25,375.26,374.64,374.64,374.983,9,9
1612192185,374.64,374.64,374.64,374.64,374.64,0,0
1612192190,374.64,374.64,374.64,374.64,374.64,0,0
1612192195,374.77,374.77,374.73,374.73,374.747,3,3
1612192200,374.95,374.95,374.43,374.44,374.644,4,4
1612192205,375.24,375.5,375.24,375.5,375.37,2,2
1612192210,375.29,375.29,375.29,375.29,375.29,1,1
1612192215,375.91,375.91,375.9,375.91,375.905,3,1
1612192220,375.25,375.25,375.25,375.25,375.25,29,2
1612192225,375.6,375.6,375.6,375.6,375.6,1,1
1612192230,374.85,374.86,374.85,374.85,374.853,2,1
1612192235,375.58,375.58,375.58,375.58,375.58,1,1
1612192240,375.58,375.58,375.58,375.58,375.58,0,0
1612192245,374.93,374.93,374.93,374.93,374.93,1,1
1612192250,374.88,375.6,374.87,375.59,375.216,19,10
1612192255,375.95,375.95,375.72,375.73,375.894,4,4
1612192260,375.73,375.73,375.72,375.73,375.73,0,0
1612192265,376.1,376.23,375.89,376.23,376.123,17,11
1612192270,375.89,376.1,375.63,375.91,375.806,19,12
1612192275,376.0,376.0,375.68,375.93,375.872,3,3
1612192280,375.93,375.93,375.93,375.93,375.93,0,0
1612192285,376.0,376.0,375.7,375.71,375.902,18,8
1612192290,375.71,375.71,375.7,375.71,375.71,0,0
1612192295,375.71,375.71,375.7,375.71,375.71,0,0
1612192300,375.71,375.71,375.7,375.71,375.71,0,0
1612192305,375.64,375.71,375.63,375.71,375.674,2,2
1612192310,375.71,375.71,375.71,375.71,375.71,0,0
1612192315,375.71,375.71,375.71,375.71,375.71,0,0
1612192320,375.71,375.71,375.71,375.71,375.71,1,1
1612192325,375.71,375.71,375.71,375.71,375.71,0,0
1612192330,376.15,376.15,376.15,376.15,376.15,2,2
1612192335,375.87,375.87,375.27,375.58,375.417,34,22
1612192340,375.3,375.98,375.3,375.66,375.359,47,8
1612192345,375.42,375.43,375.42,375.42,375.423,1,1
1612192350,375.66,375.66,375.66,375.66,375.66,1,1
1612192355,375.33,375.99,375.22,375.77,375.609,30,29
1612192360,375.77,375.77,375.77,375.77,375.77,0,0
1612192365,375.97,375.97,375.97,375.97,375.97,2,1
1612192370,375.97,375.97,375.97,375.97,375.97,0,0
1612192375,376.0,376.0,376.0,376.0,376.0,1,1
1612192380,375.69,375.7,375.69,375.69,375.69,1,1
1612192385,376.06,376.06,376.05,376.06,376.055,2,1
1612192390,375.92,376.4,375.92,376.4,376.16,2,2
1612192395,376.4,376.4,376.4,376.4,376.4,0,0
1612192400,376.06,376.06,376.05,376.06,376.055,6,2
1612192405,376.06,376.06,376.05,376.06,376.06,0,0
1612192410,376.3,376.51,376.3,376.51,376.429,20,14
1612192415,376.51,376.51,376.51,376.51,376.51,0,0
1612192420,376.0,376.49,376.0,376.49,376.358,4,4
1612192425,376.17,376.17,376.17,376.17,376.17,1,1
1612192430,376.17,376.17,376.17,376.17,376.17,0,0
1612192435,376.51,376.51,376.17,376.17,376.397,3,2
1612192440,376.51,376.76,376.38,376.76,376.565,12,10
1612192445,376.76,376.76,376.76,376.76,376.76,0,0
1612192450,376.76,376.76,376.76,376.76,376.76,0,0
1612192455,376.94,376.99,376.93,376.99,376.95,4,3
1612192460,376.99,377.0,376.99,377.0,376.998,6,3
1612192465,377.5,377.62,377.31,377.31,377.498,15,8
1612192470,377.62,377.8,377.27,377.8,377.544,42,20
1612192475,377.55,377.9,377.55,377.9,377.752,6,4
1612192480,377.6,378.05,377.6,377.8,377.942,25,14
1612192485,377.81,378.49,377.81,378.49,378.144,11,10
1612192490,378.59,379.0,378.57,379.0,378.673,5,5
1612192495,378.94,379.05,378.59,379.0,378.918,29,20
1612192500,379.5,379.5,379.12,379.5,379.321,5,5
1612192505,379.23,379.23,378.24,378.24,378.738,33,28
1612192510,377.93,377.93,377.55,377.63,377.646,8,5
1612192515,377.49,377.5,377.37,377.5,377.453,3,3
1612192520,377.83,377.83,377.82,377.83,377.825,1,1
1612192525,377.66,378.15,377.65,378.15,377.879,2,2
1612192530,378.15,378.15,378.15,378.15,378.15,1,1
1612192535,378.15,378.15,378.15,378.15,378.15,0,0
1612192540,377.97,377.98,377.97,377.97,377.972,1,1
1612192545,377.66,377.66,377.65,377.66,377.655,5,1
1612192550,377.98,377.98,377.92,377.92,377.95,2,2
1612192555,377.92,377.92,377.92,377.92,377.92,0,0
1612192560,377.95,377.95,377.54,377.55,377.752,2,2
1612192565,377.68,378.27,377.68,378.05,378.007,21,19
1612192570,378.12,378.12,377.93,378.07,378.054,7,7
1612192575,378.57,378.57,378.56,378.57,378.566,1,1
1612192580,378.57,378.57,378.56,378.57,378.57,0,0
1612192585,378.57,378.57,378.56,378.57,378.57,0,0
1612192590,378.57,378.57,378.56,378.57,378.57,0,0
1612192595,378.57,378.57,378.56,378.57,378.57,0,0
1612192600,377.86,378.2,377.85,378.2,378.087,5,5
1612192605,378.18,378.18,378.17,378.18,378.175,1,1
1612192610,378.18,378.18,378.17,378.18,378.18,0,0
1612192615,378.18,378.55,377.78,377.78,378.003,18,9
1612192620,378.13,378.13,378.12,378.13,378.13,1,1
1612192625,378.21,378.21,378.21,378.21,378.21,2,2
1612192630,377.71,377.71,377.5,377.52,377.568,10,9
1612192635,377.98,377.98,377.01,377.5,377.403,7,6
1612192640,377.5,377.51,377.5,377.5,377.5,0,0
1612192645,377.23,377.23,376.62,376.62,376.873,6,5
1612192650,376.19,376.19,376.19,376.19,376.19,1,1
1612192655,376.19,376.19,376.19,376.19,376.19,0,0
1612192660,376.19,376.19,376.06,376.1,376.153,6,6
1612192665,376.1,376.1,376.1,376.1,376.1,0,0
1612192670,375.63,376.19,375.62,376.19,375.833,3,3
1612192675,376.19,376.19,376.19,376.19,376.19,0,0
1612192680,376.27,376.27,376.26,376.27,376.265,1,1
1612192685,376.28,376.28,376.27,376.28,376.275,2,2
1612192690,376.28,376.28,376.0,376.0,376.181,2,2
1612192695,376.0,376.0,376.0,376.0,376.0,0,0
1612192700,376.19,376.19,376.19,376.19,376.19,1,1
1612192705,375.82,376.14,375.82,376.14,375.98,2,2
1612192710,376.14,376.14,376.14,376.14,376.14,0,0
1612192715,376.02,376.14,376.01,376.14,376.057,3,3
1612192720,375.89,376.58,375.85,376.48,376.139,54,37
1612192725,376.24,376.24,376.24,376.24,376.24,1,1
1612192730,376.27,376.27,376.27,376.27,376.27,1,1
1612192735,376.25,376.25,376.0,376.0,376.032,10,4
1612192740,376.24,376.24,376.2,376.2,376.22,2,2
1612192745,376.15,376.48,375.86,376.4,376.071,31,21
1612192750,376.15,376.25,375.87,376.25,376.075,8,8
1612192755,376.25,376.25,376.25,376.25,376.25,0,0
1612192760,376.25,376.25,376.25,376.25,376.25,7,7
1612192765,376.32,376.39,376.01,376.01,376.26,4,4
1612192770,376.75,376.75,376.74,376.75,376.747,1,1
1612192775,376.75,376.75,376.74,376.75,376.75,0,0
1612192780,376.75,376.75,376.74,376.75,376.75,0,0
1612192785,376.75,376.75,376.74,376.75,376.75,0,0
1612192790,376.48,376.8,376.16,376.59,376.448,12,12
1612192795,376.28,376.28,376.12,376.28,376.224,7,7
1612192800,376.28,376.28,376.28,376.28,376.28,0,0
1612192805,376.28,376.28,376.28,376.28,376.28,0,0
1612192810,376.5,376.5,376.5,376.5,376.5,3,3
1612192815,376.5,376.5,376.5,376.5,376.5,2,2
1612192820,376.58,376.58,376.56,376.56,376.573,2,2
1612192825,376.8,377.17,376.7,377.16,377.105,29,18
1612192830,377.16,377.16,377.16,377.16,377.16,0,0
1612192835,376.59,377.0,376.59,377.0,376.704,6,2
1612192840,377.14,377.15,377.14,377.15,377.147,3,2
1612192845,377.17,377.17,377.17,377.17,377.17,19,9
1612192850,377.63,377.63,377.0,377.0,377.433,4,2
1612192855,377.0,377.0,377.0,377.0,377.0,0,0
1612192860,377.0,377.0,377.0,377.0,377.0,0,0
1612192865,377.95,377.95,377.94,377.95,377.949,1,1
1612192870,377.33,377.34,376.99,376.99,377.254,8,8
1612192875,376.88,376.88,376.87,376.88,376.875,1,1
1612192880,376.88,376.88,376.87,376.88,376.88,0,0
1612192885,377.03,377.07,376.46,376.46,376.639,8,3
1612192890,376.46,376.47,376.46,376.46,376.46,0,0
1612192895,376.45,376.46,376.45,376.45,376.45,2,1
1612192900,376.45,376.46,376.45,376.45,376.45,0,0
1612192905,376.73,376.73,376.72,376.73,376.73,3,1
1612192910,376.73,376.73,376.72,376.73,376.73,0,0
1612192915,376.73,376.73,376.72,376.73,376.73,0,0
1612192920,377.3,377.34,376.32,376.32,376.756,19,18
1612192925,377.22,377.98,377.04,377.31,377.585,42,42
1612192930,377.31,377.31,377.31,377.31,377.31,0,0
1612192935,377.65,377.65,377.65,377.65,377.65,1,1
1612192940,377.65,377.65,377.65,377.65,377.65,0,0
1612192945,377.18,377.82,377.18,377.82,377.314,14,4
1612192950,377.31,377.45,377.31,377.44,377.34,8,8
1612192955,377.38,377.38,377.37,377.38,377.375,1,1
1612192960,377.38,377.38,377.37,377.38,377.38,0,0
1612192965,377.14,377.14,377.14,377.14,377.14,14,6
1612192970,377.6,377.6,377.36,377.53,377.547,14,8
1612192975,377.53,377.53,377.53,377.53,377.53,0,0
1612192980,377.53,377.53,377.53,377.53,377.53,0,0
1612192985,377.99,377.99,377.99,377.99,377.99,1,1
1612192990,377.16,377.71,377.14,377.7,377.171,19,6
1612192995,377.7,377.71,377.7,377.7,377.7,0,0
1612193000,377.7,377.71,377.7,377.7,377.7,0,0
1612193005,377.45,377.45,377.14,377.16,377.226,8,8
1612193010,377.14,377.14,377.14,377.14,377.14,3,2
1612193015,377.46,377.5,377.45,377.5,377.483,5,5
1612193020,377.74,378.14,377.7,377.91,377.971,8,7
1612193025,377.91,377.91,377.91,377.91,377.91,0,0
1612193030,377.91,377.91,377.91,377.91,377.91,0,0
1612193035,377.91,377.91,377.91,377.91,377.91,0,0
1612193040,377.91,377.91,377.91,377.91,377.91,0,0
1612193045,378.16,378.16,378.15,378.16,378.158,10,1
1612193050,378.16,378.16,378.15,378.16,378.16,0,0
1612193055,378.16,378.16,378.15,378.16,378.16,0,0
1612193060,378.16,378.16,378.15,378.16,378.16,0,0
1612193065,378.03,378.03,377.86,378.01,377.94,4,4
1612193070,377.18,377.92,377.18,377.92,377.429,3,2
1612193075,377.92,377.92,377.92,377.92,377.92,0,0
1612193080,377.62,378.0,377.62,377.99,377.807,2,2
1612193085,377.99,378.0,377.99,377.99,377.99,0,0
1612193090,377.99,378.0,377.99,377.99,377.99,0,0
1612193095,378.12,378.12,378.12,378.12,378.12,1,1
1612193100,378.16,378.16,378.16,378.16,378.16,1,1
1612193105,378.16,378.16,378.16,378.16,378.16,0,0
1612193110,378.16,378.16,378.16,378.16,378.16,0,0
1612193115,378.04,378.06,378.04,378.05,378.047,2,2
1612193120,378.05,378.06,378.05,378.05,378.05,0,0
1612193125,378.38,378.38,378.38,378.38,378.38,1,1
1612193130,378.48,378.48,378.48,378.48,378.48,1,1
1612193135,378.29,378.29,378.08,378.08,378.238,4,2
1612193140,378.22,378.22,378.0,378.0,378.133,4,3
1612193145,378.18,378.18,378.18,378.18,378.18,1,1
1612193150,377.93,378.16,377.93,378.16,378.035,5,2
1612193155,378.36,378.36,378.36,378.36,378.36,2,2
1612193160,378.36,378.36,378.36,378.36,378.36,0,0
1612193165,378.36,378.36,378.36,378.36,378.36,0,0
1612193170,378.25,378.38,377.79,377.98,378.048,13,10
1612193175,377.98,377.98,377.98,377.98,377.98,0,0
1612193180,377.92,377.94,377.91,377.94,377.931,5,4
1612193185,377.94,377.94,377.94,377.94,377.94,0,0
1612193190,378.2,379.35,378.2,379.3,378.824,17,13
1612193195,379.26,379.26,379.26,379.26,379.26,1,1
1612193200,378.89,378.97,378.1,378.65,378.735,11,11
1612193205,379.17,379.17,379.17,379.17,379.17,1,1
1612193210,378.81,378.81,378.81,378.81,378.81,1,1
1612193215,378.81,378.81,378.81,378.81,378.81,0,0
1612193220,378.99,379.24,378.99,379.24,379.157,5,4
1612193225,379.0,379.22,379.0,379.21,379.106,2,2
1612193230,379.16,379.16,378.67,378.71,378.791,13,12
1612193235,378.8,378.9,378.8,378.9,378.867,3,3
1612193240,379.02,379.02,379.01,379.02,379.018,1,1
1612193245,379.06,379.06,379.06,379.06,379.06,1,1
1612193250,378.85,378.86,378.85,378.85,378.851,1,1
1612193255,378.85,378.86,378.85,378.85,378.85,0,0
1612193260,378.85,378.86,378.85,378.85,378.85,0,0
1612193265,378.85,378.86,378.85,378.85,378.85,0,0
1612193270,378.85,378.86,378.85,378.85,378.85,0,0
1612193275,378.85,378.86,378.85,378.85,378.85,0,0
1612193280,378.42,378.97,378.23,378.23,378.456,20,16
1612193285,378.57,378.96,378.24,378.96,378.6,11,11
1612193290,378.71,378.73,378.18,378.18,378.461,11,11
1612193295,378.0,378.33,378.0,378.33,378.218,6,4
1612193300,378.33,378.33,378.33,378.33,378.33,0,0
1612193305,378.33,378.33,378.33,378.33,378.33,0,0
1612193310,378.33,378.33,378.11,378.11,378.247,7,6
1612193315,378.04,378.67,378.03,378.44,378.32,18,14
1612193320,378.44,378.44,378.43,378.44,378.437,2,1
1612193325,378.19,378.85,377.91,378.0,378.087,19,15
1612193330,378.01,378.01,378.01,378.01,378.01,1,1
1612193335,378.2,378.2,378.2,378.2,378.2,4,1
1612193340,378.01,378.01,378.01,378.01,378.01,1,1
1612193345,378.24,378.3,378.03,378.03,378.239,9,7
1612193350,378.01,378.16,377.67,378.16,377.972,15,12
1612193355,378.5,378.5,378.27,378.3,378.403,7,6
1612193360,378.48,378.95,378.47,378.95,378.713,2,2
1612193365,378.97,379.0,378.84,379.0,378.989,35,7
1612193370,379.15,379.28,379.04,379.06,379.158,21,13
1612193375,379.06,379.06,379.06,379.06,379.06,0,0
1612193380,379.08,379.39,379.07,379.39,379.139,17,5
1612193385,379.39,379.5,379.32,379.32,379.427,23,14
1612193390,379.32,379.32,379.07,379.07,379.229,9,4
1612193395,378.69,378.85,378.51,378.51,378.658,8,8
1612193400,378.46,378.46,378.46,378.46,378.46,1,1
1612193405,378.46,378.46,378.46,378.46,378.46,0,0
1612193410,378.37,378.62,378.31,378.62,378.424,4,4
1612193415,378.86,378.92,378.86,378.92,378.896,6,6
1612193420,378.9,378.91,378.9,378.9,378.902,3,2
1612193425,378.9,378.91,378.9,378.9,378.9,0,0
1612193430,378.85,378.99,378.76,378.76,378.849,16,9
1612193435,379.15,379.15,379.14,379.15,379.145,1,1
1612193440,379.11,379.12,379.11,379.11,379.113,5,1
1612193445,379.11,379.12,379.11,379.11,379.11,0,0
1612193450,379.01,379.04,379.0,379.01,379.013,12,7
1612193455,379.01,379.01,379.01,379.01,379.01,0,0
1612193460,379.22,379.32,379.22,379.25,379.285,6,6
1612193465,379.25,379.25,379.25,379.25,379.25,0,0
1612193470,379.01,379.01,378.86,378.86,378.941,10,6
1612193475,378.75,378.75,378.74,378.75,378.745,1,1
1612193480,378.73,378.91,378.73,378.91,378.818,2,2
1612193485,379.07,379.07,378.67,378.67,378.846,19,5
1612193490,378.67,378.67,378.67,378.67,378.67,0,0
1612193495,378.46,378.46,378.46,378.46,378.46,2,2
1612193500,378.27,378.55,378.27,378.55,378.376,3,3
1612193505,378.39,378.39,378.39,378.39,378.39,2,1
1612193510,378.39,378.39,378.39,378.39,378.39,0,0
1612193515,378.39,378.39,378.39,378.39,378.39,0,0
1612193520,378.39,378.39,378.39,378.39,378.39,0,0
1612193525,378.17,378.17,378.15,378.15,378.158,4,3
1612193530,378.02,378.02,377.8,377.8,377.912,3,3
1612193535,377.8,377.8,377.8,377.8,377.8,0,0
1612193540,377.64,377.65,377.64,377.64,377.64,2,1
1612193545,377.64,377.65,377.64,377.64,377.64,0,0
1612193550,377.64,377.65,377.64,377.64,377.64,0,0
1612193555,377.94,378.03,377.94,378.03,378.008,4,4
1612193560,378.18,378.45,378.09,378.09,378.233,3,3
1612193565,378.03,378.03,378.03,378.03,378.03,2,2
1612193570,378.03,378.03,378.03,378.03,378.03,1,1
1612193575,378.07,378.07,378.07,378.07,378.07,1,1
1612193580,377.9,377.9,377.9,377.9,377.9,1,1
1612193585,377.81,377.82,377.81,377.82,377.815,2,2
1612193590,377.82,377.82,377.82,377.82,377.82,0,0
1612193595,377.84,377.84,377.83,377.84,377.838,1,1
1612193600,377.55,377.55,377.12,377.13,377.533,37,7
1612193605,377.35,377.45,377.35,377.45,377.383,3,3
1612193610,377.51,377.68,377.51,377.52,377.546,7,7
1612193615,377.52,377.52,377.52,377.52,377.52,0,0
1612193620,377.14,377.15,377.14,377.14,377.14,1,1
1612193625,377.44,377.45,377.44,377.44,377.445,1,1
1612193630,377.44,377.45,377.44,377.44,377.44,0,0
1612193635,377.5,377.78,377.5,377.7,377.702,6,6
1612193640,377.7,377.7,377.7,377.7,377.7,0,0
1612193645,377.7,377.7,377.7,377.7,377.7,0,0
1612193650,377.7,377.7,377.7,377.7,377.7,0,0
1612193655,377.7,377.7,377.7,377.7,377.7,0,0
1612193660,377.7,377.7,377.7,377.7,377.7,0,0
1612193665,377.33,377.43,377.33,377.43,377.38,2,2
1612193670,377.11,377.11,377.0,377.0,377.016,7,7
1612193675,377.17,377.17,377.17,377.17,377.17,1,1
1612193680,377.46,377.46,377.46,377.46,377.46,1,1
1612193685,377.46,377.46,377.46,377.46,377.46,0,0
1612193690,377.02,377.02,377.0,377.0,377.006,32,10
1612193695,377.4,377.41,377.4,377.4,377.402,6,5
1612193700,377.49,377.5,377.4,377.48,377.477,5,5
1612193705,377.48,377.48,377.48,377.48,377.48,0,0
1612193710,377.23,377.23,377.23,377.23,377.23,1,1
1612193715,377.0,377.0,376.9,377.0,376.99,10,4
1612193720,377.24,377.24,377.0,377.0,377.074,16,6
1612193725,377.09,377.19,377.09,377.18,377.14,5,5
1612193730,377.04,377.04,377.04,377.04,377.04,1,1
1612193735,377.0,377.0,376.37,376.47,376.656,17,17
1612193740,376.65,377.0,376.61,376.61,376.667,39,18
1612193745,376.61,376.61,376.61,376.61,376.61,0,0
1612193750,376.07,376.23,376.07,376.23,376.125,5,4
1612193755,376.23,376.36,376.07,376.07,376.136,7,6
1612193760,376.26,376.38,376.26,376.37,376.332,13,10
1612193765,376.49,376.91,376.49,376.91,376.7,2,2
1612193770,376.67,376.67,376.1,376.11,376.388,2,2
1612193775,376.11,376.11,376.1,376.11,376.11,0,0
1612193780,376.12,376.12,376.11,376.12,376.115,1,1
1612193785,376.12,376.12,376.11,376.12,376.12,0,0
1612193790,376.12,376.12,376.11,376.12,376.12,0,0
1612193795,376.36,376.37,376.36,376.36,376.364,3,1
1612193800,376.11,376.11,376.11,376.11,376.11,1,1
1612193805,376.14,376.67,376.14,376.67,376.44,2,2
1612193810,376.67,376.67,376.66,376.67,376.67,0,0
1612193815,376.11,376.11,376.11,376.11,376.11,1,1
1612193820,376.11,376.11,376.11,376.11,376.11,0,0
1612193825,376.11,376.11,376.11,376.11,376.11,0,0
1612193830,376.13,376.14,376.1,376.1,376.11,9,9
1612193835,376.1,376.1,376.1,376.1,376.1,0,0
1612193840,376.34,376.36,376.34,376.36,376.35,2,2
1612193845,376.36,376.36,376.36,376.36,376.36,0,0
1612193850,376.19,376.23,376.19,376.23,376.21,2,2
1612193855,376.23,376.23,376.21,376.21,376.217,3,3
1612193860,376.21,376.21,376.21,376.21,376.21,0,0
1612193865,376.18,376.18,376.07,376.07,376.107,3,2
1612193870,376.07,376.07,376.07,376.07,376.07,1,1
1612193875,376.27,376.44,376.27,376.3,376.33,7,7
1612193880,376.3,376.3,376.3,376.3,376.3,0,0
1612193885,376.3,376.3,376.3,376.3,376.3,0,0
1612193890,376.3,376.3,376.3,376.3,376.3,0,0
1612193895,376.7,376.7,376.7,376.7,376.7,1,1
1612193900,376.7,376.7,376.7,376.7,376.7,0,0
1612193905,376.8,376.8,376.8,376.8,376.8,1,1
1612193910,376.8,376.8,376.8,376.8,376.8,0,0
1612193915,376.8,376.8,376.8,376.8,376.8,0,0
1612193920,376.39,376.39,376.39,376.39,376.39,1,1
1612193925,376.69,376.69,376.69,376.69,376.69,1,1
1612193930,376.5,376.5,376.5,376.5,376.5,1,1
1612193935,376.5,376.5,376.5,376.5,376.5,0,0
1612193940,376.5,376.5,376.5,376.5,376.5,0,0
1612193945,376.43,376.43,376.42,376.43,376.425,2,1
1612193950,376.43,376.43,376.42,376.43,376.43,0,0
1612193955,376.58,376.66,376.42,376.42,376.568,5,5
1612193960,376.42,376.42,376.42,376.42,376.42,0,0
1612193965,376.61,376.91,376.6,376.91,376.709,7,3
1612193970,376.65,376.65,376.65,376.65,376.65,1,1
1612193975,376.65,376.65,376.65,376.65,376.65,0,0
1612193980,376.65,376.65,376.65,376.65,376.65,0,0
1612193985,376.65,376.65,376.65,376.65,376.65,0,0
1612193990,376.6,376.6,376.6,376.6,376.6,2,2
1612193995,376.75,376.75,376.74,376.75,376.746,1,1
1612194000,377.0,377.04,376.99,376.99,377.01,3,3
1612194005,376.99,376.99,376.99,376.99,376.99,0,0
1612194010,376.99,376.99,376.99,376.99,376.99,0,0
1612194015,376.99,376.99,376.99,376.99,376.99,0,0
1612194020,376.98,376.98,376.98,376.98,376.98,1,1
1612194025,376.87,376.87,376.87,376.87,376.87,1,1
1612194030,376.71,376.71,376.71,376.71,376.71,2,2
1612194035,376.7,376.7,376.7,376.7,376.7,1,1
1612194040,376.83,376.83,376.07,376.07,376.643,4,2
1612194045,376.11,376.11,376.11,376.11,376.11,1,1
1612194050,376.11,376.11,376.11,376.11,376.11,0,0
1612194055,376.24,376.24,376.07,376.07,376.137,2,2
1612194060,376.39,376.39,376.25,376.27,376.317,5,5
1612194065,376.27,376.27,376.27,376.27,376.27,0,0
1612194070,376.29,376.3,376.29,376.3,376.295,2,2
1612194075,376.3,376.3,376.3,376.3,376.3,0,0
1612194080,376.27,376.27,376.27,376.27,376.27,3,1
1612194085,376.27,376.27,376.27,376.27,376.27,0,0
1612194090,376.27,376.27,376.27,376.27,376.27,0,0
1612194095,376.07,376.34,376.07,376.27,376.201,11,8
1612194100,376.42,376.57,376.42,376.57,376.495,2,2
1612194105,376.57,376.57,376.57,376.57,376.57,0,0
1612194110,376.57,376.57,376.57,376.57,376.57,0,0
1612194115,376.57,376.57,376.57,376.57,376.57,0,0
1612194120,376.57,376.57,376.57,376.57,376.57,0,0
1612194125,376.21,376.21,376.18,376.18,376.187,6,6
1612194130,376.18,376.18,376.18,376.18,376.18,0,0
1612194135,376.34,376.35,376.34,376.35,376.348,5,5
1612194140,376.57,376.57,376.5,376.5,376.547,3,3
1612194145,376.87,376.87,376.78,376.79,376.814,4,4
1612194150,376.79,376.79,376.78,376.79,376.79,0,0
1612194155,376.79,376.79,376.78,376.79,376.79,0,0
1612194160,376.98,376.98,376.98,376.98,376.98,1,1
1612194165,376.98,377.0,376.98,377.0,376.995,4,4
1612194170,377.0,377.0,377.0,377.0,377.0,0,0
1612194175,377.0,377.0,377.0,377.0,377.0,0,0
1612194180,377.0,377.0,377.0,377.0,377.0,0,0
1612194185,377.35,377.45,377.15,377.15,377.322,9,9
1612194190,377.16,377.5,377.14,377.14,377.226,5,4
1612194195,377.48,377.5,377.48,377.5,377.495,3,3
1612194200,377.5,377.5,377.5,377.5,377.5,1,1
1612194205,377.69,377.69,377.69,377.69,377.69,2,1
1612194210,377.93,377.95,377.92,377.95,377.944,3,3
1612194215,377.53,377.54,377.53,377.53,377.533,1,1
1612194220,377.5,377.5,377.5,377.5,377.5,3,3
1612194225,377.03,377.03,377.01,377.02,377.019,17,16
1612194230,377.6,377.6,376.98,376.98,377.29,2,2
1612194235,376.9,376.9,376.78,376.85,376.848,5,5
1612194240,376.74,377.01,376.68,377.01,376.81,3,3
1612194245,377.01,377.01,377.0,377.01,377.01,0,0
1612194250,377.01,377.01,377.0,377.01,377.01,0,0
1612194255,377.01,377.01,377.0,377.01,377.01,0,0
1612194260,376.8,376.83,376.8,376.83,376.815,4,4
1612194265,376.83,376.83,376.83,376.83,376.83,0,0
1612194270,376.83,376.83,376.83,376.83,376.83,0,0
1612194275,376.6,377.04,376.6,377.04,376.702,6,2
1612194280,377.04,377.04,377.04,377.04,377.04,0,0
1612194285,377.04,377.04,377.04,377.04,377.04,0,0
1612194290,377.04,377.04,377.04,377.04,377.04,0,0
1612194295,377.04,377.04,377.04,377.04,377.04,0,0
1612194300,376.39,377.04,376.39,377.04,376.932,6,2
1612194305,376.37,376.38,376.36,376.38,376.37,3,3
1612194310,376.38,376.38,376.38,376.38,376.38,0,0
1612194315,376.38,376.38,376.38,376.38,376.38,0,0
1612194320,376.38,376.38,376.38,376.38,376.38,0,0
1612194325,376.38,376.38,376.38,376.38,376.38,0,0
1612194330,376.38,376.38,376.38,376.38,376.38,0,0
1612194335,376.38,376.38,376.38,376.38,376.38,0,0
1612194340,376.38,376.38,376.38,376.38,376.38,0,0
1612194345,376.73,376.74,376.53,376.72,376.71,10,10
1612194350,376.72,376.72,376.72,376.72,376.72,0,0
1612194355,376.72,376.72,376.72,376.72,376.72,0,0
1612194360,376.32,376.32,375.75,375.75,376.067,30,13
1612194365,375.83,375.84,375.83,375.83,375.833,3,3
1612194370,375.83,375.83,375.83,375.83,375.83,0,0
1612194375,375.83,375.83,375.83,375.83,375.83,0,0
1612194380,375.83,375.83,375.83,375.83,375.83,0,0
1612194385,375.83,375.83,375.83,375.83,375.83,0,0
1612194390,375.83,375.83,375.83,375.83,375.83,0,0
1612194395,375.69,375.69,375.66,375.66,375.668,4,4
1612194400,375.66,375.66,375.66,375.66,375.66,0,0
1612194405,375.65,375.65,375.53,375.53,375.615,4,4
1612194410,375.81,376.0,375.81,375.88,375.876,5,5
1612194415,375.54,375.6,375.53,375.53,375.56,4,4
1612194420,375.53,375.53,375.53,375.53,375.53,0,0
1612194425,375.53,375.53,375.53,375.53,375.53,0,0
1612194430,375.53,375.53,375.53,375.53,375.53,0,0
1612194435,375.55,375.56,375.55,375.55,375.55,2,1
1612194440,375.98,376.0,375.77,376.0,375.961,13,9
1612194445,376.0,376.0,376.0,376.0,376.0,0,0
1612194450,376.0,376.0,376.0,376.0,376.0,0,0
1612194455,376.0,376.0,376.0,376.0,376.0,0,0
1612194460,376.3,376.3,376.29,376.3,376.3,1,1
1612194465,375.93,375.93,375.92,375.93,375.925,1,1
1612194470,375.93,375.93,375.92,375.93,375.93,0,0
1612194475,375.93,375.93,375.92,375.93,375.93,0,0
1612194480,375.93,375.93,375.92,375.93,375.93,0,0
1612194485,375.93,375.93,375.92,375.93,375.93,0,0
1612194490,376.27,376.29,376.0,376.27,376.208,4,4
1612194495,376.02,376.27,376.01,376.27,376.124,2,2
1612194500,376.05,376.05,375.68,375.68,375.891,8,8
1612194505,375.68,375.68,375.68,375.68,375.68,0,0
1612194510,375.68,375.68,375.68,375.68,375.68,0,0
1612194515,375.61,375.63,375.53,375.63,375.553,11,8
1612194520,375.45,375.65,375.42,375.65,375.468,7,4
1612194525,375.65,375.65,375.65,375.65,375.65,0,0
1612194530,375.65,375.65,375.65,375.65,375.65,0,0
1612194535,375.89,376.35,375.89,375.89,376.07,3,3
1612194540,375.95,375.95,375.94,375.95,375.945,2,1
1612194545,375.95,375.95,375.94,375.95,375.95,0,0
1612194550,375.95,375.95,375.94,375.95,375.95,0,0
1612194555,376.35,376.35,376.34,376.35,376.35,1,1
1612194560,375.63,375.89,375.63,375.88,375.798,3,2
1612194565,375.88,375.89,375.88,375.88,375.88,0,0
1612194570,375.88,375.89,375.88,375.88,375.88,0,0
1612194575,376.22,376.22,376.22,376.22,376.22,1,1
1612194580,376.22,376.22,376.22,376.22,376.22,1,1
1612194585,376.22,376.22,376.22,376.22,376.22,0,0
1612194590,376.22,376.22,376.22,376.22,376.22,0,0
1612194595,376.22,376.22,376.22,376.22,376.22,0,0
1612194600,376.22,376.22,376.22,376.22,376.22,0,0
1612194605,376.22,376.22,376.22,376.22,376.22,0,0
1612194610,376.22,376.22,376.22,376.22,376.22,0,0
1612194615,376.22,376.22,376.22,376.22,376.22,0,0
1612194620,375.7,375.7,375.42,375.42,375.454,33,7
1612194625,375.42,375.42,375.42,375.42,375.42,0,0
1612194630,375.0,375.0,374.34,374.61,374.805,94,26
1612194635,374.79,374.79,374.63,374.63,374.77,8,8
1612194640,374.78,374.78,374.77,374.78,374.775,1,1
1612194645,375.14,375.14,374.8,374.8,374.97,2,2
1612194650,375.12,375.32,375.08,375.32,375.179,7,7
1612194655,375.14,375.14,375.14,375.14,375.14,1,1
1612194660,375.56,375.56,375.55,375.56,375.555,1,1
1612194665,375.98,375.98,375.19,375.19,375.47,3,3
1612194670,375.92,375.92,375.85,375.85,375.885,2,2
1612194675,375.87,375.87,375.49,375.5,375.684,2,2
1612194680,375.9,375.9,375.9,375.9,375.9,1,1
1612194685,375.21,375.21,375.14,375.17,375.166,5,4
1612194690,375.17,375.17,375.17,375.17,375.17,0,0
1612194695,375.14,375.15,374.8,374.8,375.06,4,3
1612194700,374.8,374.8,374.8,374.8,374.8,0,0
1612194705,374.82,374.82,374.7,374.7,374.778,3,2
1612194710,375.36,375.36,375.36,375.36,375.36,2,2
1612194715,375.36,375.36,375.36,375.36,375.36,0,0
1612194720,375.12,375.12,374.8,375.03,375.001,9,3
1612194725,375.03,375.04,375.03,375.03,375.03,0,0
1612194730,374.8,374.8,374.69,374.69,374.745,2,2
1612194735,374.69,374.69,374.69,374.69,374.69,0,0
1612194740,374.29,374.29,373.81,374.13,374.066,10,10
1612194745,374.25,374.25,374.0,374.0,374.125,2,2
1612194750,374.0,374.0,374.0,374.0,374.0,0,0
1612194755,374.0,374.0,374.0,374.0,374.0,0,0
1612194760,374.0,374.0,374.0,374.0,374.0,0,0
1612194765,374.0,374.0,374.0,374.0,374.0,0,0
1612194770,374.0,374.0,374.0,374.0,374.0,0,0
1612194775,373.51,373.55,373.51,373.55,373.53,2,2
1612194780,373.91,373.91,373.75,373.75,373.833,2,2
1612194785,373.61,373.61,373.61,373.61,373.61,1,1
1612194790,373.99,374.35,373.76,374.35,374.099,10,10
1612194795,374.23,374.28,374.23,374.28,374.246,3,2
1612194800,374.28,374.28,374.27,374.28,374.28,0,0
1612194805,373.82,373.82,373.81,373.82,373.816,1,1
1612194810,373.82,373.82,373.81,373.82,373.82,0,0
1612194815,373.82,373.82,373.81,373.82,373.82,0,0
1612194820,373.82,373.82,373.81,373.82,373.82,0,0
1612194825,373.8,373.8,373.79,373.79,373.793,3,2
1612194830,374.3,374.3,374.3,374.3,374.3,1,1
1612194835,373.7,373.7,373.55,373.55,373.65,3,2
1612194840,373.55,373.55,373.55,373.55,373.55,0,0
1612194845,373.1,373.1,373.1,373.1,373.1,2,2
1612194850,372.57,372.57,372.57,372.57,372.57,2,2
1612194855,373.31,373.32,373.31,373.31,373.314,7,1
1612194860,373.33,373.33,372.77,372.77,372.832,14,5
1612194865,372.77,372.77,372.77,372.77,372.77,0,0
1612194870,372.77,372.77,372.77,372.77,372.77,0,0
1612194875,372.77,372.77,372.77,372.77,372.77,0,0
1612194880,373.11,373.34,373.11,373.34,373.289,6,2
1612194885,373.34,373.34,373.33,373.34,373.34,0,0
1612194890,373.34,373.34,373.33,373.34,373.34,0,0
1612194895,373.55,373.55,373.55,373.55,373.55,1,1
1612194900,373.55,373.55,373.55,373.55,373.55,0,0
1612194905,374.0,374.0,374.0,374.0,374.0,1,1
1612194910,373.76,373.77,373.76,373.76,373.763,1,1
1612194915,373.76,373.77,373.76,373.76,373.76,0,0
1612194920,373.35,373.36,373.35,373.35,373.354,4,1
1612194925,373.56,373.57,373.27,373.27,373.478,3,2
1612194930,373.72,373.72,373.71,373.72,373.718,2,2
1612194935,373.72,373.72,373.72,373.72,373.72,3,3
1612194940,373.72,373.72,373.72,373.72,373.72,0,0
1612194945,373.72,373.72,373.72,373.72,373.72,0,0
1612194950,373.72,373.72,373.72,373.72,373.72,0,0
1612194955,373.58,373.58,373.58,373.58,373.58,1,1
1612194960,373.58,373.58,373.58,373.58,373.58,0,0
1612194965,373.62,373.62,373.62,373.62,373.62,1,1
1612194970,373.62,373.62,373.62,373.62,373.62,1,1
1612194975,373.93,374.09,373.93,374.09,373.983,3,3
1612194980,374.09,374.09,374.09,374.09,374.09,0,0
1612194985,374.09,374.09,374.09,374.09,374.09,0,0
1612194990,373.76,373.76,373.68,373.68,373.72,2,2
1612194995,373.68,373.68,373.68,373.68,373.68,0,0
1612195000,374.68,374.68,374.67,374.68,374.678,2,1
1612195005,374.11,374.11,373.7,373.7,373.905,2,2
1612195010,374.01,374.01,373.66,373.81,373.79,11,8
1612195015,373.92,374.0,373.92,374.0,373.978,3,3
1612195020,374.2,374.39,373.87,373.87,374.286,7,3
1612195025,373.87,373.87,373.87,373.87,373.87,0,0
1612195030,373.87,373.87,373.87,373.87,373.87,0,0
1612195035,373.87,373.87,373.87,373.87,373.87,0,0
1612195040,373.87,373.87,373.87,373.87,373.87,0,0
1612195045,374.29,374.29,373.69,373.81,373.982,7,7
1612195050,373.81,373.81,373.81,373.81,373.81,0,0
1612195055,373.9,373.9,373.51,373.52,373.708,2,2
1612195060,373.52,373.52,373.51,373.52,373.52,0,0
1612195065,373.52,373.52,373.51,373.52,373.52,0,0
1612195070,373.89,374.12,373.77,374.02,374.06,13,13
1612195075,374.02,374.02,374.02,374.02,374.02,0,0
1612195080,374.02,374.02,374.02,374.02,374.02,0,0
1612195085,374.02,374.02,374.02,374.02,374.02,0,0
1612195090,374.02,374.02,374.02,374.02,374.02,0,0
1612195095,374.02,374.02,374.02,374.02,374.02,0,0
1612195100,374.02,374.02,374.02,374.02,374.02,0,0
1612195105,374.02,374.02,374.02,374.02,374.02,0,0
1612195110,374.11,374.11,374.1,374.11,374.105,1,1
1612195115,374.11,374.11,374.1,374.11,374.11,0,0
1612195120,374.09,374.2,374.09,374.2,374.118,4,2
1612195125,374.06,374.21,374.06,374.21,374.079,8,7
1612195130,374.44,374.5,374.21,374.5,374.396,4,4
1612195135,374.49,374.49,374.21,374.21,374.266,5,2
1612195140,374.54,374.54,374.54,374.54,374.54,1,1
1612195145,374.54,374.54,374.54,374.54,374.54,0,0
1612195150,375.08,375.09,374.7,374.7,374.912,4,4
1612195155,374.7,374.7,374.7,374.7,374.7,0,0
1612195160,374.74,375.0,374.5,375.0,374.673,15,7
1612195165,375.0,375.0,375.0,375.0,375.0,0,0
1612195170,374.93,374.93,374.92,374.93,374.925,1,1
1612195175,374.8,374.99,374.79,374.98,374.858,2,2
1612195180,374.98,374.99,374.98,374.98,374.98,0,0
1612195185,374.98,374.99,374.98,374.98,374.98,0,0
1612195190,374.98,374.99,374.98,374.98,374.98,0,0
1612195195,374.98,374.99,374.98,374.98,374.98,0,0
1612195200,374.98,374.99,374.98,374.98,374.98,0,0
1612195205,375.32,375.32,374.8,374.8,375.147,3,2
1612195210,374.99,375.23,374.99,375.23,375.117,3,3
1612195215,375.1,375.23,374.92,374.92,375.126,6,5
1612195220,374.92,374.92,374.92,374.92,374.92,0,0
1612195225,374.92,374.92,374.92,374.92,374.92,0,0
1612195230,374.92,374.92,374.92,374.92,374.92,0,0
1612195235,375.12,375.12,374.2,374.4,374.57,13,13
1612195240,374.4,374.4,374.4,374.4,374.4,0,0
1612195245,374.37,374.37,374.37,374.37,374.37,1,1
1612195250,373.97,374.33,373.96,374.28,374.211,5,5
1612195255,373.81,373.81,373.81,373.81,373.81,1,1
1612195260,374.21,374.21,374.21,374.21,374.21,1,1
1612195265,374.21,374.21,374.21,374.21,374.21,1,1
1612195270,374.21,374.21,374.21,374.21,374.21,0,0
1612195275,374.21,374.21,373.71,373.85,373.968,5,5
1612195280,373.89,374.15,373.64,374.15,373.871,13,13
1612195285,374.15,374.15,374.15,374.15,374.15,0,0
1612195290,373.81,373.81,373.5,373.5,373.73,4,4
1612195295,373.87,373.87,373.86,373.87,373.87,1,1
1612195300,373.87,373.87,373.87,373.87,373.87,5,5
1612195305,373.87,373.87,373.87,373.87,373.87,0,0
1612195310,373.87,373.87,373.87,373.87,373.87,0,0
1612195315,374.37,374.5,374.37,374.37,374.389,8,5
1612195320,373.84,373.84,373.83,373.84,373.835,1,1
1612195325,373.84,373.84,373.83,373.84,373.84,0,0
1612195330,374.82,374.82,374.81,374.82,374.819,5,1
1612195335,374.82,374.82,374.81,374.82,374.82,0,0
1612195340,374.82,374.82,374.81,374.82,374.82,0,0
1612195345,374.82,374.82,374.81,374.82,374.82,0,0
1612195350,374.82,374.82,374.81,374.82,374.82,0,0
1612195355,373.96,373.96,373.96,373.96,373.96,1,1
1612195360,374.04,374.04,374.03,374.04,374.035,1,1
1612195365,374.5,374.5,374.49,374.5,374.5,1,1
1612195370,374.41,374.49,374.33,374.38,374.399,5,5
1612195375,374.38,374.38,374.38,374.38,374.38,0,0
1612195380,374.15,374.15,374.15,374.15,374.15,1,1
1612195385,374.19,374.19,374.19,374.19,374.19,1,1
1612195390,374.19,374.19,374.19,374.19,374.19,0,0
1612195395,374.0,374.0,374.0,374.0,374.0,2,2
1612195400,374.0,374.0,374.0,374.0,374.0,0,0
1612195405,373.9,373.98,373.37,373.98,373.695,30,30
1612195410,373.98,373.98,373.98,373.98,373.98,0,0
1612195415,373.98,373.98,373.98,373.98,373.98,0,0
1612195420,373.69,374.29,373.59,374.16,373.965,32,30
1612195425,374.16,374.16,374.16,374.16,374.16,0,0
1612195430,374.16,374.16,374.16,374.16,374.16,0,0
1612195435,374.25,374.29,374.0,374.25,374.24,10,10
1612195440,374.29,374.52,374.29,374.52,374.348,4,4
1612195445,374.5,374.5,374.34,374.35,374.447,7,5
1612195450,374.5,374.5,374.5,374.5,374.5,20,1
1612195455,374.0,374.01,374.0,374.01,374.002,6,2
1612195460,374.01,374.01,374.01,374.01,374.01,0,0
1612195465,374.01,374.01,374.01,374.01,374.01,0,0
1612195470,374.43,374.43,374.42,374.43,374.425,1,1
1612195475,374.43,374.43,374.42,374.43,374.43,0,0
1612195480,374.18,374.18,374.17,374.18,374.178,1,1
1612195485,374.53,374.54,374.48,374.48,374.531,14,5
1612195490,374.79,374.84,374.79,374.84,374.808,3,2
1612195495,374.46,374.46,374.46,374.46,374.46,1,1
1612195500,374.46,374.46,374.46,374.46,374.46,0,0
1612195505,374.46,374.46,374.46,374.46,374.46,0,0
1612195510,374.83,374.84,374.83,374.83,374.831,2,2
1612195515,374.48,374.48,374.48,374.48,374.48,1,1
1612195520,374.48,374.48,374.48,374.48,374.48,0,0
1612195525,374.25,374.25,373.77,374.01,374.073,6,6
1612195530,374.01,374.01,374.01,374.01,374.01,0,0
1612195535,373.56,373.57,373.56,373.56,373.564,1,1
1612195540,373.56,373.57,373.56,373.56,373.56,0,0
1612195545,373.95,374.1,373.95,374.05,374.02,27,18
1612195550,374.45,374.45,374.45,374.45,374.45,2,2
1612195555,374.37,374.73,374.37,374.73,374.564,6,3
1612195560,374.65,374.87,374.65,374.76,374.792,4,4
1612195565,374.4,374.4,374.4,374.4,374.4,6,1
1612195570,374.4,374.4,374.4,374.4,374.4,0,0
1612195575,374.4,374.4,374.4,374.4,374.4,0,0
1612195580,374.4,374.4,374.4,374.4,374.4,0,0
1612195585,374.4,374.4,374.4,374.4,374.4,0,0
1612195590,374.4,374.4,374.4,374.4,374.4,0,0
1612195595,374.6,374.6,374.6,374.6,374.6,10,3
1612195600,374.6,374.6,374.6,374.6,374.6,0,0
1612195605,374.6,374.6,374.6,374.6,374.6,0,0
1612195610,374.92,375.45,374.69,375.0,375.131,65,42
1612195615,375.0,375.0,375.0,375.0,375.0,0,0
1612195620,375.37,375.88,375.37,375.71,375.66,6,6
1612195625,375.71,375.71,375.71,375.71,375.71,0,0
1612195630,375.71,375.72,375.71,375.72,375.715,2,2
1612195635,375.71,375.72,375.71,375.72,375.715,2,2
1612195640,375.72,375.72,375.72,375.72,375.72,0,0
1612195645,375.67,376.0,375.54,376.0,375.737,3,3
1612195650,376.0,376.0,375.99,376.0,376.0,0,0
1612195655,376.0,376.0,375.99,376.0,376.0,0,0
1612195660,376.0,376.0,375.99,376.0,376.0,0,0
1612195665,375.7,375.7,375.7,375.7,375.7,1,1
1612195670,375.42,375.42,375.42,375.42,375.42,1,1
1612195675,375.38,375.38,375.29,375.29,375.337,3,3
1612195680,375.29,375.29,374.81,375.0,375.024,5,4
1612195685,375.16,375.16,375.16,375.16,375.16,1,1
1612195690,375.16,375.16,375.16,375.16,375.16,0,0
1612195695,375.16,375.16,375.16,375.16,375.16,0,0
1612195700,375.16,375.16,375.16,375.16,375.16,0,0
1612195705,374.8,374.8,374.8,374.8,374.8,1,1
1612195710,374.8,374.8,374.8,374.8,374.8,0,0
1612195715,375.15,375.57,375.15,375.42,375.224,15,12
1612195720,375.5,375.5,374.77,375.49,375.411,23,15
1612195725,375.29,375.54,375.29,375.54,375.446,5,5
1612195730,375.09,375.09,375.09,375.09,375.09,1,1
1612195735,375.09,375.09,375.09,375.09,375.09,0,0
1612195740,375.41,375.42,375.09,375.09,375.252,2,2
1612195745,375.58,375.58,375.23,375.33,375.455,6,6
1612195750,375.58,375.58,375.18,375.18,375.38,2,2
1612195755,375.87,375.88,375.48,375.49,375.837,11,2
1612195760,375.52,375.54,375.52,375.54,375.533,3,3
1612195765,375.54,375.54,375.54,375.54,375.54,0,0
1612195770,375.54,375.54,375.54,375.54,375.54,0,0
1612195775,375.54,375.54,375.54,375.54,375.54,0,0
1612195780,375.54,375.54,375.54,375.54,375.54,0,0
1612195785,375.88,375.88,375.88,375.88,375.88,2,2
1612195790,375.88,375.88,375.88,375.88,375.88,0,0
1612195795,375.88,376.25,375.88,376.09,376.107,15,9
1612195800,376.08,376.08,375.8,376.04,376.001,5,5
1612195805,376.04,376.19,375.8,376.19,376.011,3,3
1612195810,376.23,376.26,375.78,375.78,376.022,9,9
1612195815,375.77,375.77,375.77,375.77,375.77,1,1
1612195820,375.77,375.77,375.77,375.77,375.77,0,0
1612195825,375.77,375.77,375.77,375.77,375.77,0,0
1612195830,375.54,375.54,375.54,375.54,375.54,1,1
1612195835,375.46,375.46,375.45,375.46,375.455,3,2
1612195840,375.46,375.46,375.45,375.46,375.46,0,0
1612195845,375.46,375.46,375.45,375.46,375.46,0,0
1612195850,375.4,375.4,375.39,375.4,375.396,2,1
1612195855,375.44,375.44,374.86,375.0,375.036,15,12
1612195860,375.0,375.0,375.0,375.0,375.0,0,0
1612195865,375.23,375.24,375.23,375.23,375.231,1,1
1612195870,374.51,374.73,374.51,374.73,374.657,3,3
1612195875,374.73,374.73,374.73,374.73,374.73,0,0
1612195880,374.73,374.73,374.73,374.73,374.73,0,0
1612195885,374.47,374.47,374.44,374.44,374.455,2,2
1612195890,374.44,374.44,374.44,374.44,374.44,0,0
1612195895,374.44,374.44,374.44,374.44,374.44,0,0
1612195900,374.43,374.43,374.43,374.43,374.43,1,1
1612195905,374.43,374.43,374.43,374.43,374.43,0,0
1612195910,374.96,374.98,374.71,374.72,374.909,4,4
1612195915,375.0,375.0,374.87,374.87,374.943,2,2
1612195920,374.87,374.87,374.87,374.87,374.87,0,0
1612195925,374.87,374.87,374.87,374.87,374.87,0,0
1612195930,374.87,374.87,374.87,374.87,374.87,0,0
1612195935,374.96,374.97,374.96,374.96,374.965,1,1
1612195940,375.56,375.56,375.26,375.29,375.292,17,3
1612195945,375.59,375.59,375.59,375.59,375.59,1,1
1612195950,375.59,376.0,375.59,376.0,375.765,6,6
1612195955,376.0,376.0,376.0,376.0,376.0,0,0
1612195960,375.8,376.22,375.79,375.95,375.877,17,9
1612195965,376.22,376.22,376.2,376.2,376.213,3,3
1612195970,376.2,376.2,376.2,376.2,376.2,0,0
1612195975,376.23,376.28,375.99,376.12,376.186,6,6
1612195980,376.08,376.08,376.08,376.08,376.08,1,1
1612195985,375.74,375.84,375.69,375.84,375.733,8,8
1612195990,375.84,375.84,375.84,375.84,375.84,0,0
1612195995,375.84,375.84,375.84,375.84,375.84,0,0
1612196000,375.53,376.18,375.53,376.17,375.843,7,7
1612196005,376.17,376.17,376.0,376.0,376.085,2,2
1612196010,376.0,376.0,376.0,376.0,376.0,0,0
1612196015,376.0,376.0,376.0,376.0,376.0,0,0
1612196020,376.36,376.36,376.36,376.36,376.36,1,1
1612196025,376.08,376.08,375.95,375.95,376.04,4,4
1612196030,376.0,376.0,375.98,375.99,375.992,3,3
1612196035,375.93,375.93,375.93,375.93,375.93,1,1
1612196040,375.8,375.8,375.18,375.18,375.423,4,3
1612196045,375.18,375.19,375.18,375.18,375.18,0,0
1612196050,375.86,376.06,375.62,376.06,375.834,11,11
1612196055,376.06,376.06,376.05,376.06,376.06,0,0
1612196060,375.58,375.58,375.58,375.58,375.58,1,1
1612196065,375.58,375.58,375.58,375.58,375.58,0,0
1612196070,375.58,375.58,375.58,375.58,375.58,0,0
1612196075,375.97,375.97,375.97,375.97,375.97,1,1
1612196080,375.81,375.81,375.62,375.62,375.713,2,2
1612196085,375.62,375.62,375.62,375.62,375.62,0,0
1612196090,375.62,375.62,375.62,375.62,375.62,0,0
1612196095,375.62,375.62,375.62,375.62,375.62,0,0
1612196100,375.62,375.62,375.62,375.62,375.62,0,0
1612196105,375.62,375.62,375.62,375.62,375.62,0,0
1612196110,375.62,375.62,375.62,375.62,375.62,0,0
1612196115,375.97,375.97,375.39,375.39,375.59,3,3
1612196120,375.39,375.39,375.39,375.39,375.39,0,0
1612196125,375.39,375.39,375.39,375.39,375.39,0,0
1612196130,375.5,375.5,374.91,374.91,375.279,4,4
1612196135,374.89,374.89,374.89,374.89,374.89,2,1
1612196140,374.95,374.95,374.9,374.95,374.924,5,5
1612196145,374.97,374.98,374.97,374.97,374.975,3,1
1612196150,374.98,375.24,374.78,374.79,374.944,5,5
1612196155,374.79,374.79,374.78,374.79,374.79,0,0
1612196160,374.79,374.79,374.78,374.79,374.79,0,0
1612196165,374.79,374.79,374.78,374.79,374.79,0,0
1612196170,374.67,375.06,374.66,374.82,374.833,6,6
1612196175,374.82,374.82,374.82,374.82,374.82,0,0
1612196180,374.81,374.81,374.8,374.81,374.805,1,1
1612196185,375.03,375.04,375.03,375.03,375.034,3,1
1612196190,375.03,375.04,375.03,375.03,375.03,0,0
1612196195,375.03,375.04,375.03,375.03,375.03,0,0
1612196200,374.81,374.81,374.8,374.81,374.805,2,2
1612196205,375.03,375.03,374.11,374.11,374.391,18,10
1612196210,374.11,374.11,374.11,374.11,374.11,0,0
1612196215,374.79,374.94,374.66,374.71,374.826,21,21
1612196220,374.49,374.73,374.25,374.52,374.46,14,14
1612196225,374.77,375.06,374.77,374.77,374.811,7,6
1612196230,374.77,374.77,374.77,374.77,374.77,0,0
1612196235,374.77,374.77,374.77,374.77,374.77,0,0
1612196240,374.77,374.77,374.77,374.77,374.77,0,0
1612196245,375.89,375.89,375.89,375.89,375.89,27,1
1612196250,375.89,375.89,375.89,375.89,375.89,0,0
1612196255,375.42,375.42,375.42,375.42,375.42,1,1
1612196260,375.42,375.42,375.42,375.42,375.42,0,0
1612196265,375.83,375.89,375.42,375.43,375.748,5,5
1612196270,375.43,375.43,375.42,375.43,375.43,0,0
1612196275,375.43,375.43,375.42,375.43,375.43,0,0
1612196280,375.08,375.08,375.08,375.08,375.08,1,1
1612196285,375.08,375.08,375.08,375.08,375.08,0,0
1612196290,375.08,375.08,375.08,375.08,375.08,0,0
1612196295,375.06,375.06,375.06,375.06,375.06,1,1
1612196300,375.06,375.06,375.06,375.06,375.06,0,0
1612196305,375.06,375.06,375.06,375.06,375.06,0,0
1612196310,375.06,375.06,375.06,375.06,375.06,0,0
1612196315,375.06,375.06,375.06,375.06,375.06,0,0
1612196320,375.06,375.06,375.06,375.06,375.06,0,0
1612196325,375.1,375.1,374.86,374.86,374.98,2,2
1612196330,374.86,374.86,374.86,374.86,374.86,0,0
1612196335,374.86,374.86,374.86,374.86,374.86,0,0
1612196340,374.86,374.86,374.86,374.86,374.86,0,0
1612196345,374.56,374.57,374.56,374.56,374.565,1,1
1612196350,374.56,374.57,374.56,374.56,374.56,0,0
1612196355,374.56,374.57,374.56,374.56,374.56,0,0
1612196360,375.0,375.0,374.83,374.83,374.847,11,11
1612196365,374.9,374.9,374.9,374.9,374.9,1,1
1612196370,375.24,375.24,375.23,375.24,375.235,1,1
1612196375,375.36,375.36,375.36,375.36,375.36,1,1
1612196380,375.36,375.36,375.36,375.36,375.36,0,0
1612196385,375.02,375.02,375.02,375.02,375.02,1,1
1612196390,375.01,375.01,375.01,375.01,375.01,1,1
1612196395,374.93,375.24,374.93,374.93,375.047,6,6
1612196400,375.14,375.15,375.14,375.15,375.142,3,3
1612196405,375.15,375.15,375.14,375.15,375.15,0,0
1612196410,375.15,375.15,375.14,375.15,375.15,0,0
1612196415,375.15,375.15,375.14,375.15,375.15,0,0
1612196420,375.15,375.15,375.14,375.15,375.15,0,0
1612196425,375.15,375.15,375.14,375.15,375.15,0,0
1612196430,375.15,375.15,375.14,375.15,375.15,0,0
1612196435,375.15,375.15,375.14,375.15,375.15,0,0
1612196440,375.15,375.15,375.14,375.15,375.15,0,0
1612196445,375.15,375.15,375.14,375.15,375.15,0,0
1612196450,375.15,375.15,375.14,375.15,375.15,0,0
1612196455,375.1,375.1,375.1,375.1,375.1,1,1
1612196460,375.1,375.3,375.1,375.3,375.2,2,2
1612196465,375.3,375.3,375.3,375.3,375.3,0,0
1612196470,375.3,375.3,375.3,375.3,375.3,0,0
1612196475,375.3,375.3,375.3,375.3,375.3,0,0
1612196480,375.3,375.3,375.3,375.3,375.3,0,0
1612196485,375.23,375.23,375.23,375.23,375.23,1,1
1612196490,375.19,375.19,375.18,375.19,375.185,2,2
1612196495,375.19,375.19,375.18,375.19,375.19,0,0
1612196500,375.19,375.19,375.18,375.19,375.19,0,0
1612196505,375.4,375.4,375.4,375.4,375.4,1,1
1612196510,375.4,375.4,375.4,375.4,375.4,0,0
1612196515,375.4,375.4,375.4,375.4,375.4,0,0
1612196520,375.4,375.4,375.4,375.4,375.4,0,0
1612196525,375.41,375.41,375.41,375.41,375.41,2,2
1612196530,375.16,375.35,375.16,375.35,375.26,6,6
1612196535,375.31,375.31,375.3,375.31,375.307,1,1
1612196540,375.55,375.83,375.3,375.83,375.563,3,3
1612196545,375.78,375.78,375.78,375.78,375.78,1,1
1612196550,376.02,376.02,375.92,375.92,375.995,4,3
1612196555,375.92,375.92,375.92,375.92,375.92,0,0
1612196560,375.92,375.92,375.92,375.92,375.92,0,0
1612196565,376.31,376.57,376.3,376.57,376.476,22,7
1612196570,376.57,376.57,376.57,376.57,376.57,0,0
1612196575,376.26,376.26,376.26,376.26,376.26,1,1
1612196580,376.25,376.26,375.96,376.26,376.111,4,4
1612196585,376.26,376.26,376.26,376.26,376.26,3,1
1612196590,376.24,376.26,376.24,376.25,376.248,4,3
1612196595,376.24,376.24,376.24,376.24,376.24,1,1
1612196600,376.24,376.24,376.24,376.24,376.24,0,0
1612196605,376.26,376.48,376.23,376.48,376.291,6,4
1612196610,376.23,376.23,376.23,376.23,376.23,1,1
1612196615,376.73,376.88,376.47,376.72,376.771,9,5
1612196620,376.69,376.69,376.68,376.69,376.685,1,1
1612196625,376.69,376.69,376.68,376.69,376.69,0,0
1612196630,376.71,377.29,376.7,376.96,377.013,11,7
1612196635,376.68,376.97,376.68,376.97,376.825,2,2
1612196640,376.97,376.97,376.97,376.97,376.97,0,0
1612196645,377.2,377.3,377.12,377.3,377.208,8,8
1612196650,377.3,377.3,377.3,377.3,377.3,0,0
1612196655,377.47,377.47,377.47,377.47,377.47,1,1
1612196660,377.62,377.62,377.24,377.24,377.43,2,2
1612196665,377.52,377.6,377.29,377.6,377.424,4,4
1612196670,377.5,377.65,377.41,377.41,377.508,4,4
1612196675,377.84,377.84,377.45,377.45,377.651,3,3
1612196680,377.45,377.45,377.45,377.45,377.45,0,0
1612196685,377.45,377.45,377.45,377.45,377.45,0,0
1612196690,377.55,377.55,377.55,377.55,377.55,1,1
1612196695,377.55,377.55,377.33,377.5,377.459,4,4
1612196700,377.5,377.5,377.5,377.5,377.5,0,0
1612196705,377.65,377.65,377.4,377.4,377.55,2,2
1612196710,377.5,377.74,377.5,377.57,377.598,5,5
1612196715,377.47,377.85,377.47,377.76,377.692,3,3
1612196720,377.89,377.89,377.63,377.88,377.841,16,10
1612196725,377.88,377.88,377.88,377.88,377.88,0,0
1612196730,377.53,377.53,377.53,377.53,377.53,2,1
1612196735,377.75,377.75,377.34,377.35,377.48,3,3
1612196740,377.35,377.35,377.0,377.0,377.132,8,8
1612196745,377.0,377.0,377.0,377.0,377.0,0,0
1612196750,377.1,377.12,377.07,377.07,377.102,6,6
1612196755,377.37,377.38,377.37,377.38,377.374,5,3
1612196760,377.37,377.37,377.37,377.37,377.37,2,2
1612196765,377.29,377.49,377.28,377.49,377.353,3,2
1612196770,377.49,377.49,377.49,377.49,377.49,0,0
1612196775,377.29,377.29,377.28,377.29,377.285,1,1
1612196780,377.22,377.54,377.22,377.54,377.281,13,4
1612196785,377.54,377.54,377.54,377.54,377.54,0,0
1612196790,377.24,377.53,377.24,377.53,377.386,2,2
1612196795,377.38,377.54,377.37,377.54,377.458,2,2
1612196800,377.33,377.33,377.32,377.33,377.325,8,3
1612196805,377.33,377.37,377.29,377.36,377.336,8,6
1612196810,377.31,377.44,377.24,377.44,377.328,3,3
1612196815,377.37,377.37,377.36,377.37,377.365,1,1
1612196820,377.39,377.5,377.39,377.5,377.463,3,3
1612196825,377.73,377.73,377.73,377.73,377.73,1,1
1612196830,377.63,377.66,377.63,377.66,377.648,2,2
1612196835,377.67,377.67,377.67,377.67,377.67,2,2
1612196840,377.72,377.72,377.69,377.69,377.705,2,2
1612196845,377.69,377.69,377.69,377.69,377.69,1,1
1612196850,377.67,377.67,377.67,377.67,377.67,1,1
1612196855,377.68,377.68,377.67,377.68,377.675,1,1
1612196860,377.68,377.69,377.31,377.31,377.443,7,6
1612196865,377.31,377.31,377.31,377.31,377.31,0,0
1612196870,377.31,377.31,377.31,377.31,377.31,0,0
1612196875,377.17,377.24,377.16,377.24,377.203,2,2
1612196880,377.47,377.59,377.02,377.03,377.227,19,19
1612196885,377.02,377.02,377.02,377.02,377.02,1,1
1612196890,377.02,377.02,376.47,376.48,376.742,18,18
1612196895,376.58,376.87,376.58,376.65,376.681,5,5
1612196900,376.94,376.94,376.62,376.62,376.78,2,2
1612196905,376.94,376.94,376.44,376.44,376.637,7,7
1612196910,376.34,376.35,376.34,376.34,376.341,1,1
1612196915,376.34,376.35,376.34,376.34,376.34,0,0
1612196920,376.34,376.35,376.34,376.34,376.34,0,0
1612196925,376.53,376.54,376.29,376.29,376.506,9,8
1612196930,376.72,376.72,376.72,376.72,376.72,1,1
1612196935,376.72,376.72,376.72,376.72,376.72,1,1
1612196940,376.74,376.95,376.67,376.95,376.775,4,4
1612196945,377.21,377.21,377.04,377.2,377.157,4,4
1612196950,377.2,377.2,377.2,377.2,377.2,0,0
1612196955,377.2,377.2,377.2,377.2,377.2,0,0
1612196960,376.97,376.97,376.82,376.87,376.891,5,4
1612196965,377.08,377.08,376.94,376.94,377.025,4,3
1612196970,377.11,377.11,376.9,376.9,377.04,6,6
1612196975,377.14,377.14,376.93,376.93,377.035,2,2
1612196980,377.14,377.14,376.48,376.48,376.735,18,18
1612196985,376.79,376.79,376.78,376.79,376.785,1,1
1612196990,376.47,376.47,376.47,376.47,376.47,2,1
1612196995,376.47,376.47,376.47,376.47,376.47,0,0
1612197000,376.49,376.57,376.47,376.47,376.504,6,5
1612197005,376.47,376.47,376.47,376.47,376.47,0,0
1612197010,376.95,377.0,376.54,376.86,376.852,13,13
1612197015,376.73,376.73,376.72,376.72,376.725,2,2
1612197020,376.53,376.53,376.12,376.16,376.357,9,9
1612197025,376.14,376.14,375.95,376.14,376.095,5,4
1612197030,376.14,376.14,376.14,376.14,376.14,0,0
1612197035,376.14,376.14,376.14,376.14,376.14,0,0
1612197040,376.27,376.53,376.27,376.47,376.347,9,8
1612197045,376.47,376.47,376.47,376.47,376.47,0,0
1612197050,376.48,376.53,376.48,376.53,376.518,4,4
1612197055,376.53,376.53,376.53,376.53,376.53,0,0
1612197060,376.53,376.53,376.53,376.53,376.53,0,0
1612197065,376.53,376.53,376.53,376.53,376.53,0,0
1612197070,376.19,376.19,376.19,376.19,376.19,1,1
1612197075,376.19,376.19,376.19,376.19,376.19,0,0
1612197080,376.01,376.39,376.01,376.38,376.196,2,2
1612197085,376.38,376.39,376.38,376.38,376.38,0,0
1612197090,375.86,375.86,375.85,375.85,375.855,2,2
1612197095,375.67,376.14,375.67,376.14,375.999,7,7
1612197100,375.71,375.71,375.71,375.71,375.71,1,1
1612197105,376.0,376.0,375.73,375.73,375.892,2,2
1612197110,375.88,375.88,375.88,375.88,375.88,1,1
1612197115,375.81,375.97,375.71,375.71,375.853,6,6
1612197120,375.96,375.96,375.96,375.96,375.96,1,1
1612197125,375.9,375.9,375.89,375.9,375.895,2,1
1612197130,375.9,375.9,375.89,375.9,375.895,1,1
1612197135,375.9,375.9,375.89,375.9,375.9,0,0
1612197140,375.66,375.66,375.5,375.5,375.557,3,3
1612197145,375.5,375.52,375.5,375.51,375.504,14,4
1612197150,375.51,375.51,375.51,375.51,375.51,0,0
1612197155,375.51,375.51,375.51,375.51,375.51,0,0
1612197160,375.51,375.51,375.51,375.51,375.51,0,0
1612197165,375.51,375.51,375.51,375.51,375.51,0,0
1612197170,375.51,375.51,375.51,375.51,375.51,0,0
1612197175,375.2,375.42,375.18,375.42,375.329,12,12
1612197180,375.42,375.42,375.42,375.42,375.42,0,0
1612197185,375.22,375.22,375.22,375.22,375.22,3,1
1612197190,375.55,375.55,375.55,375.55,375.55,2,2
1612197195,375.55,375.55,375.55,375.55,375.55,0,0
1612197200,375.55,375.55,375.55,375.55,375.55,0,0
1612197205,375.86,375.86,375.58,375.58,375.774,3,3
1612197210,375.58,375.58,375.58,375.58,375.58,0,0
1612197215,375.58,375.58,375.58,375.58,375.58,0,0
1612197220,375.58,375.58,375.58,375.58,375.58,0,0
1612197225,375.58,375.58,375.58,375.58,375.58,0,0
1612197230,375.8,375.8,375.8,375.8,375.8,1,1
1612197235,376.13,376.17,376.13,376.17,376.157,3,2
1612197240,376.48,376.49,376.48,376.49,376.484,2,2
1612197245,376.29,376.29,376.03,376.28,376.181,9,9
1612197250,376.38,376.39,375.9,375.91,376.348,13,2
1612197255,375.91,375.91,375.9,375.91,375.91,0,0
1612197260,375.91,375.91,375.9,375.91,375.91,0,0
1612197265,376.54,376.54,376.4,376.4,376.47,2,2
1612197270,376.36,376.36,376.35,376.36,376.358,3,3
1612197275,376.13,376.13,376.13,376.13,376.13,1,1
1612197280,376.13,376.13,376.13,376.13,376.13,0,0
1612197285,375.94,375.94,375.94,375.94,375.94,1,1
1612197290,375.94,375.94,375.94,375.94,375.94,0,0
1612197295,376.34,376.39,376.23,376.23,376.348,5,3
1612197300,376.23,376.23,376.23,376.23,376.23,0,0
1612197305,376.23,376.23,376.23,376.23,376.23,0,0
1612197310,376.23,376.23,376.23,376.23,376.23,0,0
1612197315,376.29,376.29,375.78,376.05,376.159,5,3
1612197320,376.05,376.05,376.05,376.05,376.05,0,0
1612197325,376.05,376.05,376.05,376.05,376.05,0,0
1612197330,376.05,376.05,376.05,376.05,376.05,0,0
1612197335,376.05,376.05,376.05,376.05,376.05,0,0
1612197340,375.84,375.84,375.21,375.21,375.51,30,11
1612197345,375.21,375.25,375.21,375.25,375.228,2,2
1612197350,375.25,375.25,375.24,375.25,375.25,0,0
1612197355,375.25,375.25,375.24,375.25,375.25,0,0
1612197360,375.25,375.25,375.24,375.25,375.25,0,0
1612197365,375.25,375.25,375.24,375.25,375.25,0,0
1612197370,375.25,375.25,375.24,375.25,375.25,0,0
1612197375,375.24,375.24,374.87,374.87,375.136,8,8
1612197380,374.87,374.87,374.87,374.87,374.87,0,0
1612197385,374.87,374.87,374.87,374.87,374.87,0,0
1612197390,375.13,375.13,375.13,375.13,375.13,1,1
1612197395,375.02,375.02,375.01,375.02,375.015,1,1
1612197400,375.02,375.14,375.01,375.14,375.024,14,9
1612197405,375.36,375.5,375.13,375.13,375.343,4,4
1612197410,375.13,375.13,375.13,375.13,375.13,0,0
1612197415,375.13,375.13,375.13,375.13,375.13,0,0
1612197420,375.13,375.13,375.13,375.13,375.13,0,0
1612197425,375.13,375.13,375.13,375.13,375.13,0,0
1612197430,375.88,375.88,375.88,375.88,375.88,2,1
1612197435,375.88,375.88,375.88,375.88,375.88,0,0
1612197440,375.83,375.84,375.83,375.83,375.833,2,1
1612197445,375.83,375.84,375.83,375.83,375.83,0,0
1612197450,375.83,375.84,375.83,375.83,375.83,0,0
1612197455,375.83,375.84,375.83,375.83,375.83,0,0
1612197460,375.83,375.84,375.83,375.83,375.83,0,0
1612197465,375.84,376.14,375.84,376.14,375.93,4,4
1612197470,376.14,376.14,376.14,376.14,376.14,0,0
1612197475,376.14,376.14,376.14,376.14,376.14,0,0
1612197480,376.25,376.25,376.25,376.25,376.25,1,1
1612197485,376.0,376.25,376.0,376.25,376.097,2,2
1612197490,376.25,376.25,376.25,376.25,376.25,0,0
1612197495,375.87,376.04,375.85,376.04,375.903,4,4
1612197500,376.04,376.04,376.04,376.04,376.04,0,0
1612197505,375.81,375.81,375.8,375.81,375.805,1,1
1612197510,375.81,375.81,375.8,375.81,375.81,0,0
1612197515,375.81,375.81,375.8,375.81,375.81,0,0
1612197520,375.85,375.85,375.85,375.85,375.85,1,1
1612197525,375.85,375.85,375.85,375.85,375.85,0,0
1612197530,375.85,375.85,375.85,375.85,375.85,0,0
1612197535,375.85,375.85,375.85,375.85,375.85,0,0
1612197540,376.01,376.01,375.89,375.89,375.95,2,2
1612197545,375.89,375.89,375.89,375.89,375.89,0,0
1612197550,375.89,375.89,375.89,375.89,375.89,0,0
1612197555,375.89,375.89,375.89,375.89,375.89,0,0
1612197560,375.81,375.94,375.72,375.72,375.816,7,5
1612197565,375.72,375.72,375.72,375.72,375.72,0,0
1612197570,375.72,375.72,375.72,375.72,375.72,0,0
1612197575,375.72,375.72,375.72,375.72,375.72,0,0
1612197580,375.72,375.72,375.72,375.72,375.72,0,0
1612197585,375.72,375.72,375.72,375.72,375.72,0,0
1612197590,375.72,375.72,375.72,375.72,375.72,0,0
1612197595,375.72,375.72,375.72,375.72,375.72,0,0
1612197600,375.71,375.93,375.71,375.72,375.751,6,3
1612197605,375.72,375.72,375.72,375.72,375.72,0,0
1612197610,375.93,375.93,375.93,375.93,375.93,1,1
1612197615,376.09,376.09,376.09,376.09,376.09,1,1
1612197620,375.93,375.93,375.92,375.92,375.925,2,2
1612197625,375.93,375.93,375.93,375.93,375.93,2,2
1612197630,375.93,375.93,375.93,375.93,375.93,0,0
1612197635,375.93,375.93,375.93,375.93,375.93,0,0
1612197640,375.93,375.93,375.93,375.93,375.93,0,0
1612197645,375.93,375.93,375.93,375.93,375.93,0,0
1612197650,375.93,375.93,375.93,375.93,375.93,0,0
1612197655,375.72,375.79,375.64,375.72,375.711,9,6
1612197660,375.89,375.89,375.88,375.89,375.887,1,1
1612197665,375.89,375.89,375.88,375.89,375.89,0,0
1612197670,375.89,375.89,375.88,375.89,375.89,0,0
1612197675,375.89,375.89,375.88,375.89,375.89,0,0
1612197680,375.69,375.92,375.68,375.92,375.851,4,4
1612197685,375.92,375.92,375.92,375.92,375.92,0,0
1612197690,375.92,375.92,375.92,375.92,375.92,0,0
1612197695,376.26,376.26,376.26,376.26,376.26,1,1
1612197700,376.26,376.26,376.26,376.26,376.26,0,0
1612197705,376.26,376.26,376.26,376.26,376.26,0,0
1612197710,376.26,376.26,376.26,376.26,376.26,0,0
1612197715,376.09,376.09,376.09,376.09,376.09,1,1
1612197720,376.09,376.09,376.09,376.09,376.09,1,1
1612197725,376.09,376.09,376.09,376.09,376.09,0,0
1612197730,376.09,376.09,376.09,376.09,376.09,0,0
1612197735,376.09,376.09,376.09,376.09,376.09,0,0
1612197740,376.09,376.09,376.09,376.09,376.09,0,0
1612197745,375.92,376.0,375.92,376.0,375.947,3,3
1612197750,376.0,376.0,376.0,376.0,376.0,0,0
1612197755,376.07,376.2,376.07,376.2,376.179,9,9
1612197760,376.2,376.2,376.2,376.2,376.2,0,0
1612197765,376.2,376.2,376.2,376.2,376.2,0,0
1612197770,375.81,375.82,375.81,375.81,375.81,1,1
1612197775,376.02,376.02,376.01,376.02,376.015,1,1
1612197780,376.02,376.02,376.01,376.02,376.02,0,0
1612197785,376.02,376.02,376.01,376.02,376.02,0,0
1612197790,376.03,376.03,376.02,376.03,376.025,1,1
1612197795,376.03,376.03,376.02,376.03,376.03,0,0
1612197800,376.03,376.03,376.02,376.03,376.03,0,0
1612197805,375.84,375.84,375.84,375.84,375.84,1,1
1612197810,375.84,375.84,375.84,375.84,375.84,0,0
1612197815,376.07,376.07,375.91,375.92,375.993,2,2
1612197820,375.92,375.92,375.91,375.92,375.92,0,0
1612197825,375.92,375.92,375.91,375.92,375.92,0,0
1612197830,375.92,375.92,375.91,375.92,375.92,0,0
1612197835,375.92,375.92,375.91,375.92,375.92,0,0
1612197840,375.65,375.91,375.47,375.47,375.69,5,4
1612197845,375.36,375.36,375.35,375.36,375.359,2,1
1612197850,375.36,375.36,375.35,375.36,375.36,0,0
1612197855,375.45,375.45,375.45,375.45,375.45,1,1
1612197860,375.88,375.9,375.88,375.89,375.894,7,7
1612197865,375.89,375.89,375.89,375.89,375.89,0,0
1612197870,375.51,375.52,375.51,375.52,375.515,2,2
1612197875,375.42,375.42,375.42,375.42,375.42,1,1
1612197880,375.42,375.42,375.42,375.42,375.42,0,0
1612197885,375.42,375.42,375.42,375.42,375.42,0,0
1612197890,375.63,375.64,375.57,375.58,375.607,2,2
1612197895,375.62,375.86,375.5,375.59,375.632,9,6
1612197900,375.59,375.59,375.59,375.59,375.59,0,0
1612197905,375.59,375.59,375.59,375.59,375.59,0,0
1612197910,375.44,375.65,375.11,375.65,375.412,53,34
1612197915,375.86,375.86,375.84,375.84,375.85,2,2
1612197920,375.91,376.2,375.91,376.2,376.084,5,5
1612197925,376.2,376.2,376.2,376.2,376.2,0,0
1612197930,376.2,376.2,376.2,376.2,376.2,0,0
1612197935,376.2,376.2,376.2,376.2,376.2,0,0
1612197940,376.2,376.2,376.2,376.2,376.2,0,0
1612197945,376.16,376.16,376.16,376.16,376.16,1,1
1612197950,376.16,376.16,376.16,376.16,376.16,0,0
1612197955,376.26,376.53,376.25,376.32,376.422,12,11
1612197960,376.32,376.32,376.32,376.32,376.32,0,0
1612197965,376.3,376.67,376.3,376.66,376.428,7,7
1612197970,376.36,376.36,376.36,376.36,376.36,1,1
1612197975,376.28,376.28,376.28,376.28,376.28,2,2
1612197980,376.23,376.27,376.06,376.27,376.157,8,6
1612197985,376.2,376.2,375.9,375.9,376.07,3,3
1612197990,375.9,375.9,375.9,375.9,375.9,0,0
1612197995,376.2,376.3,376.2,376.24,376.287,11,3
1612198000,376.24,376.24,376.24,376.24,376.24,0,0
1612198005,376.66,376.66,376.65,376.66,376.66,5,1
1612198010,376.09,376.09,376.09,376.09,376.09,1,1
1612198015,376.09,376.09,376.09,376.09,376.09,0,0
1612198020,376.47,376.47,376.46,376.47,376.465,1,1
1612198025,376.47,376.47,376.46,376.47,376.47,0,0
1612198030,376.47,376.47,376.46,376.47,376.47,0,0
1612198035,376.47,376.47,376.46,376.47,376.47,0,0
1612198040,376.47,376.47,376.46,376.47,376.465,1,1
1612198045,376.47,376.47,376.46,376.47,376.465,2,1
1612198050,376.47,376.47,376.46,376.47,376.47,0,0
1612198055,376.47,376.47,376.27,376.27,376.415,4,4
1612198060,376.49,376.64,376.49,376.63,376.551,3,3
1612198065,376.63,376.64,376.63,376.63,376.63,0,0
1612198070,376.63,376.64,376.63,376.63,376.63,0,0
1612198075,376.65,376.65,376.65,376.65,376.65,1,1
1612198080,376.66,376.66,376.66,376.66,376.66,1,1
1612198085,376.66,376.66,376.66,376.66,376.66,0,0
1612198090,376.66,376.66,376.66,376.66,376.66,0,0
1612198095,376.36,376.63,376.36,376.63,376.52,3,3
1612198100,376.35,376.35,376.35,376.35,376.35,1,1
1612198105,376.56,376.57,376.56,376.56,376.565,1,1
1612198110,376.56,376.57,376.56,376.56,376.56,0,0
1612198115,376.17,376.18,376.17,376.17,376.17,1,1
1612198120,376.17,376.18,376.17,376.17,376.17,0,0
1612198125,376.17,376.18,376.17,376.17,376.17,0,0
1612198130,376.51,376.51,376.51,376.51,376.51,1,1
1612198135,376.51,376.51,376.51,376.51,376.51,0,0
1612198140,376.62,376.62,376.62,376.62,376.62,1,1
1612198145,376.76,376.77,376.76,376.76,376.761,1,1
1612198150,376.76,376.77,376.76,376.76,376.76,0,0
1612198155,376.76,376.77,376.76,376.76,376.76,0,0
1612198160,376.76,376.77,376.76,376.76,376.76,0,0
1612198165,376.76,376.77,376.76,376.76,376.76,0,0
1612198170,376.77,376.77,376.52,376.52,376.645,2,2
1612198175,376.52,376.52,376.52,376.52,376.52,0,0
1612198180,376.6,376.6,376.6,376.6,376.6,1,1
1612198185,376.6,376.6,376.6,376.6,376.6,0,0
1612198190,376.6,376.6,376.6,376.6,376.6,0,0
1612198195,376.6,376.6,376.6,376.6,376.6,0,0
1612198200,376.6,376.6,376.6,376.6,376.6,0,0
1612198205,376.4,376.4,376.4,376.4,376.4,1,1
1612198210,376.4,376.4,376.4,376.4,376.4,0,0
1612198215,376.72,376.94,376.72,376.94,376.803,38,20
1612198220,376.94,376.94,376.94,376.94,376.94,0,0
1612198225,376.98,377.21,376.98,377.12,377.119,17,15
1612198230,377.25,377.41,377.25,377.41,377.283,16,11
1612198235,377.26,377.26,377.11,377.11,377.16,3,3
1612198240,377.11,377.11,377.11,377.11,377.11,0,0
1612198245,377.18,377.32,377.18,377.32,377.25,2,2
1612198250,377.46,377.46,377.45,377.46,377.456,1,1
1612198255,377.26,377.26,377.26,377.26,377.26,1,1
1612198260,377.26,377.32,377.26,377.32,377.29,2,2
1612198265,377.39,377.39,377.38,377.39,377.39,1,1
1612198270,377.39,377.39,377.38,377.39,377.39,0,0
1612198275,377.39,377.39,377.38,377.39,377.39,0,0
1612198280,377.39,377.39,377.38,377.39,377.39,0,0
1612198285,377.39,377.39,377.38,377.39,377.39,0,0
1612198290,377.39,377.39,377.38,377.39,377.39,0,0
1612198295,377.38,377.38,377.38,377.38,377.38,6,6
1612198300,377.79,377.89,377.78,377.89,377.845,11,7
1612198305,377.92,378.18,377.92,378.18,378.041,63,26
1612198310,378.28,378.28,378.28,378.28,378.28,3,3
1612198315,378.14,378.42,378.14,378.42,378.237,7,7
1612198320,378.42,378.42,378.42,378.42,378.42,0,0
1612198325,378.42,378.42,378.42,378.42,378.42,0,0
1612198330,378.42,378.42,378.42,378.42,378.42,0,0
1612198335,378.42,378.42,378.42,378.42,378.42,0,0
1612198340,378.19,378.19,378.18,378.19,378.185,1,1
1612198345,378.21,378.21,377.9,377.9,378.036,14,14
1612198350,377.9,377.9,377.9,377.9,377.9,0,0
1612198355,377.9,377.9,377.9,377.9,377.9,0,0
1612198360,377.9,377.9,377.9,377.9,377.9,0,0
1612198365,378.03,378.05,378.03,378.05,378.045,4,4
1612198370,378.13,378.13,378.12,378.13,378.125,1,1
1612198375,378.13,378.17,378.13,378.17,378.161,4,4
1612198380,377.94,377.95,377.94,377.94,377.944,1,1
1612198385,377.91,377.91,377.9,377.91,377.905,1,1
1612198390,377.91,377.91,377.9,377.91,377.91,0,0
1612198395,377.91,377.91,377.9,377.91,377.91,0,0
1612198400,377.91,377.91,377.9,377.91,377.91,0,0
1612198405,378.08,378.08,377.68,377.86,377.873,15,8
1612198410,377.86,377.86,377.86,377.86,377.86,1,1
1612198415,377.86,377.86,377.86,377.86,377.86,0,0
1612198420,377.86,377.86,377.86,377.86,377.86,0,0
1612198425,377.86,377.86,377.86,377.86,377.86,0,0
1612198430,377.69,377.7,377.69,377.69,377.693,1,1
1612198435,377.69,377.7,377.69,377.69,377.69,0,0
1612198440,377.69,377.7,377.69,377.69,377.69,0,0
1612198445,377.69,377.7,377.69,377.69,377.69,0,0
1612198450,377.69,377.7,377.69,377.69,377.69,0,0
1612198455,377.69,377.7,377.69,377.69,377.69,0,0
1612198460,377.69,377.7,377.69,377.69,377.69,0,0
1612198465,377.69,377.7,377.69,377.69,377.69,0,0
1612198470,378.08,378.1,378.08,378.1,378.093,3,3
1612198475,377.88,377.88,377.88,377.88,377.88,1,1
1612198480,377.88,377.88,377.88,377.88,377.88,0,0
1612198485,377.84,377.96,377.83,377.96,377.898,2,2
1612198490,377.96,377.96,377.96,377.96,377.96,0,0
1612198495,377.69,377.69,377.68,377.69,377.686,1,1
1612198500,377.69,377.69,377.68,377.69,377.69,0,0
1612198505,377.68,377.89,377.68,377.89,377.785,2,2
1612198510,377.89,377.89,377.89,377.89,377.89,0,0
1612198515,377.51,377.51,377.51,377.51,377.51,1,1
1612198520,377.51,377.51,377.51,377.51,377.51,0,0
1612198525,377.67,377.77,377.64,377.76,377.694,10,10
1612198530,377.87,377.87,377.59,377.61,377.703,5,5
1612198535,378.0,378.0,378.0,378.0,378.0,2,2
1612198540,378.0,378.0,378.0,378.0,378.0,0,0
1612198545,377.51,377.95,377.51,377.95,377.658,3,2
1612198550,377.85,377.85,377.75,377.75,377.833,6,2
1612198555,377.75,377.75,377.75,377.75,377.75,0,0
1612198560,377.75,377.75,377.75,377.75,377.75,0,0
1612198565,377.75,377.75,377.75,377.75,377.75,0,0
1612198570,377.75,377.75,377.75,377.75,377.75,0,0
1612198575,377.75,377.75,377.75,377.75,377.75,0,0
1612198580,377.75,377.75,377.75,377.75,377.75,0,0
1612198585,377.75,377.75,377.75,377.75,377.75,0,0
1612198590,377.97,378.0,377.97,378.0,377.994,7,4
1612198595,378.0,378.0,378.0,378.0,378.0,0,0
1612198600,378.0,378.0,378.0,378.0,378.0,0,0
1612198605,378.13,378.13,378.02,378.02,378.093,3,3
1612198610,378.02,378.02,378.02,378.02,378.02,0,0
1612198615,378.22,378.23,378.22,378.22,378.224,1,1
1612198620,378.22,378.23,378.22,378.22,378.22,0,0
1612198625,378.22,378.23,378.22,378.22,378.22,0,0
1612198630,377.87,377.87,377.53,377.6,377.685,4,4
1612198635,377.66,377.66,377.66,377.66,377.66,1,1
1612198640,377.66,377.66,377.66,377.66,377.66,0,0
1612198645,377.66,377.66,377.66,377.66,377.66,0,0
1612198650,377.66,377.66,377.66,377.66,377.66,0,0
1612198655,377.66,377.66,377.66,377.66,377.66,0,0
1612198660,377.66,377.66,377.66,377.66,377.66,0,0
1612198665,377.49,377.49,377.49,377.49,377.49,1,1
1612198670,377.49,377.49,377.49,377.49,377.49,0,0
1612198675,377.42,377.42,377.38,377.38,377.392,22,13
1612198680,377.28,377.33,376.84,376.84,377.064,11,11
1612198685,376.74,376.75,376.74,376.74,376.743,1,1
1612198690,376.76,376.76,376.76,376.76,376.76,1,1
1612198695,376.76,376.76,376.76,376.76,376.76,0,0
1612198700,376.74,376.89,376.72,376.89,376.789,9,9
1612198705,376.89,376.89,376.89,376.89,376.89,0,0
1612198710,376.77,376.77,376.77,376.77,376.77,1,1
1612198715,376.77,376.77,376.77,376.77,376.77,0,0
1612198720,376.77,376.77,376.77,376.77,376.77,0,0
1612198725,376.7,376.79,376.7,376.79,376.721,4,4
1612198730,376.79,376.79,376.78,376.79,376.79,0,0
1612198735,376.37,376.37,376.25,376.25,376.3,3,3
1612198740,376.25,376.25,376.25,376.25,376.25,0,0
1612198745,376.6,376.97,376.6,376.97,376.785,2,2
1612198750,376.97,376.97,376.96,376.97,376.97,0,0
1612198755,376.66,376.66,376.65,376.66,376.655,1,1
1612198760,376.66,376.66,376.65,376.66,376.66,0,0
1612198765,376.63,376.64,376.63,376.63,376.633,1,1
1612198770,376.78,376.78,376.78,376.78,376.78,1,1
1612198775,376.5,376.51,376.5,376.51,376.501,11,10
1612198780,376.51,376.51,376.51,376.51,376.51,0,0
1612198785,376.18,376.18,376.13,376.13,376.15,9,9
1612198790,376.0,376.0,376.0,376.0,376.0,3,2
1612198795,376.0,376.0,376.0,376.0,376.0,0,0
1612198800,376.16,376.25,375.91,375.91,376.08,5,5
1612198805,376.25,376.68,376.05,376.05,376.164,18,9
1612198810,376.05,376.06,376.05,376.05,376.05,0,0
1612198815,376.05,376.06,376.05,376.05,376.05,0,0
1612198820,376.05,376.06,376.05,376.05,376.05,0,0
1612198825,376.57,376.58,376.57,376.57,376.572,1,1
1612198830,376.57,376.58,376.57,376.57,376.57,0,0
1612198835,376.57,376.58,376.57,376.57,376.57,0,0
1612198840,376.63,376.68,376.63,376.63,376.64,5,3
1612198845,376.63,376.63,376.63,376.63,376.63,0,0
1612198850,376.63,376.63,376.63,376.63,376.63,0,0
1612198855,376.63,376.63,376.63,376.63,376.63,0,0
1612198860,376.41,376.41,376.41,376.41,376.41,1,1
1612198865,376.41,376.41,376.41,376.41,376.41,0,0
1612198870,376.41,376.41,376.41,376.41,376.41,0,0
1612198875,376.41,376.41,376.41,376.41,376.41,0,0
1612198880,376.41,376.41,376.41,376.41,376.41,0,0
1612198885,376.41,376.41,376.41,376.41,376.41,0,0
1612198890,376.41,376.41,376.41,376.41,376.41,0,0
1612198895,376.58,376.58,376.57,376.58,376.577,1,1
1612198900,376.87,376.99,376.87,376.99,376.91,3,3
1612198905,376.99,376.99,376.99,376.99,376.99,0,0
1612198910,376.7,376.96,376.68,376.95,376.777,3,3
1612198915,376.7,377.14,376.7,377.14,376.988,6,6
1612198920,377.14,377.14,377.14,377.14,377.14,0,0
1612198925,377.34,377.57,377.34,377.56,377.45,2,2
1612198930,377.31,377.39,377.31,377.39,377.35,2,2
1612198935,377.37,377.37,377.36,377.37,377.365,4,2
1612198940,377.37,377.37,377.36,377.37,377.365,2,1
1612198945,377.57,377.58,377.57,377.58,377.573,3,3
1612198950,377.58,377.58,377.58,377.58,377.58,0,0
1612198955,377.58,377.58,377.58,377.58,377.58,0,0
1612198960,377.5,377.51,377.5,377.5,377.505,1,1
1612198965,377.5,377.51,377.5,377.5,377.5,0,0
1612198970,377.5,377.51,377.5,377.5,377.505,1,1
1612198975,377.5,377.51,377.5,377.5,377.5,0,0
1612198980,377.83,377.83,377.83,377.83,377.83,2,2
1612198985,377.55,377.55,377.55,377.55,377.55,5,2
1612198990,377.55,377.55,377.55,377.55,377.55,0,0
1612198995,377.5,377.5,377.5,377.5,377.5,1,1
1612199000,377.64,377.65,377.64,377.64,377.641,1,1
1612199005,377.64,377.65,377.64,377.64,377.64,0,0
1612199010,377.28,377.46,377.27,377.46,377.322,4,2
1612199015,377.46,377.46,377.46,377.46,377.46,0,0
1612199020,377.46,377.46,377.46,377.46,377.46,0,0
1612199025,377.46,377.46,377.46,377.46,377.46,0,0
1612199030,377.46,377.46,377.46,377.46,377.46,0,0
1612199035,377.46,377.46,377.46,377.46,377.46,0,0
1612199040,377.65,377.65,377.65,377.65,377.65,1,1
1612199045,377.65,377.65,377.65,377.65,377.65,0,0
1612199050,377.65,377.65,377.65,377.65,377.65,0,0
1612199055,377.65,377.65,377.65,377.65,377.65,0,0
1612199060,377.65,377.65,377.65,377.65,377.65,0,0
1612199065,377.65,377.65,377.65,377.65,377.65,0,0
1612199070,377.42,377.42,377.41,377.42,377.415,1,1
1612199075,377.42,377.42,377.41,377.42,377.42,0,0
1612199080,377.25,377.25,377.25,377.25,377.25,1,1
1612199085,377.25,377.25,377.25,377.25,377.25,0,0
1612199090,377.25,377.25,377.25,377.25,377.25,0,0
1612199095,377.25,377.25,377.25,377.25,377.25,0,0
1612199100,377.25,377.41,377.2,377.41,377.261,4,4
1612199105,377.41,377.41,377.4,377.41,377.41,0,0
1612199110,377.41,377.41,377.4,377.41,377.41,0,0
1612199115,377.41,377.41,377.4,377.41,377.41,0,0
1612199120,377.21,377.21,377.02,377.02,377.064,5,5
1612199125,377.34,377.34,376.99,377.0,377.168,2,2
1612199130,377.0,377.0,376.99,377.0,377.0,0,0
1612199135,377.0,377.0,376.99,377.0,377.0,0,0
1612199140,377.23,377.23,377.22,377.23,377.23,1,1
1612199145,377.23,377.23,377.22,377.23,377.23,0,0
1612199150,377.23,377.23,377.22,377.23,377.23,0,0
1612199155,376.69,376.69,376.68,376.68,376.684,2,2
1612199160,376.91,376.91,376.9,376.91,376.905,1,1
1612199165,376.91,376.91,376.9,376.91,376.91,0,0
1612199170,376.91,376.91,376.9,376.91,376.91,0,0
1612199175,376.91,376.91,376.9,376.91,376.91,0,0
1612199180,376.91,376.91,376.9,376.91,376.91,0,0
1612199185,376.91,376.91,376.9,376.91,376.91,0,0
1612199190,376.91,376.91,376.9,376.91,376.91,0,0
1612199195,376.91,376.91,376.9,376.91,376.91,0,0
1612199200,377.17,377.22,377.15,377.22,377.173,6,6
1612199205,377.15,377.32,377.15,377.23,377.232,7,3
1612199210,377.0,377.0,377.0,377.0,377.0,3,3
1612199215,377.33,377.33,377.27,377.27,377.316,6,2
1612199220,377.27,377.27,377.27,377.27,377.27,0,0
1612199225,377.27,377.27,377.27,377.27,377.27,0,0
1612199230,377.27,377.27,377.27,377.27,377.27,0,0
1612199235,377.01,377.27,377.0,377.27,377.13,4,4
1612199240,377.35,377.5,377.35,377.5,377.443,7,5
1612199245,377.5,377.5,377.5,377.5,377.5,0,0
1612199250,377.66,377.66,377.65,377.66,377.655,2,1
1612199255,377.56,377.56,377.5,377.5,377.52,3,2
1612199260,377.5,377.5,377.5,377.5,377.5,0,0
1612199265,377.5,377.5,377.5,377.5,377.5,0,0
1612199270,377.48,377.48,377.48,377.48,377.48,1,1
1612199275,377.48,377.48,377.48,377.48,377.48,0,0
1612199280,377.65,377.67,377.65,377.67,377.657,8,7
1612199285,377.67,377.67,377.66,377.67,377.67,0,0
1612199290,377.67,377.67,377.66,377.67,377.67,0,0
1612199295,377.67,377.67,377.66,377.67,377.67,0,0
1612199300,377.67,377.67,377.66,377.67,377.67,0,0
1612199305,377.67,377.67,377.66,377.67,377.67,0,0
1612199310,377.67,377.67,377.66,377.67,377.67,0,0
1612199315,377.67,377.67,377.66,377.67,377.67,0,0
1612199320,377.63,377.63,377.49,377.49,377.545,4,4
1612199325,377.3,377.45,377.24,377.44,377.307,7,6
1612199330,377.44,377.45,377.44,377.44,377.44,0,0
1612199335,377.25,377.25,377.25,377.25,377.25,1,1
1612199340,377.48,377.48,377.45,377.46,377.467,9,4
1612199345,377.46,377.46,377.45,377.46,377.46,0,0
1612199350,377.46,377.46,377.45,377.46,377.46,0,0
1612199355,377.46,377.46,377.45,377.46,377.46,0,0
1612199360,377.46,377.46,377.45,377.46,377.46,0,0
1612199365,377.28,377.28,377.28,377.28,377.28,1,1
1612199370,377.27,377.27,377.27,377.27,377.27,1,1
1612199375,377.27,377.27,377.27,377.27,377.27,0,0
1612199380,377.27,377.27,377.27,377.27,377.27,0,0
1612199385,377.27,377.27,377.27,377.27,377.27,0,0
1612199390,377.44,377.44,377.44,377.44,377.44,2,2
1612199395,377.44,377.44,377.44,377.44,377.44,0,0
1612199400,377.41,377.41,377.4,377.41,377.405,2,2
1612199405,377.41,377.41,377.4,377.41,377.41,0,0
1612199410,377.41,377.41,377.4,377.41,377.41,0,0
1612199415,377.64,377.97,377.64,377.78,377.813,14,11
1612199420,377.99,378.02,377.98,377.98,378.004,4,3
1612199425,377.98,377.98,377.98,377.98,377.98,0,0
1612199430,378.07,378.07,378.07,378.07,378.07,2,2
1612199435,378.07,378.07,378.07,378.07,378.07,0,0
1612199440,378.07,378.07,378.07,378.07,378.07,0,0
1612199445,378.21,378.21,378.21,378.21,378.21,1,1
1612199450,378.21,378.21,378.21,378.21,378.21,0,0
1612199455,378.21,378.21,378.21,378.21,378.21,0,0
1612199460,378.21,378.32,378.2,378.31,378.223,6,3
1612199465,378.07,378.2,377.91,377.92,378.065,4,4
1612199470,377.88,377.92,377.88,377.92,377.893,3,3
1612199475,377.83,377.83,377.83,377.83,377.83,1,1
1612199480,377.58,377.84,377.57,377.84,377.612,7,2
1612199485,377.84,377.84,377.83,377.84,377.84,0,0
1612199490,377.84,377.84,377.83,377.84,377.84,0,0
1612199495,377.84,377.84,377.83,377.84,377.84,0,0
1612199500,377.56,377.56,377.56,377.56,377.56,2,2
1612199505,377.56,377.56,377.56,377.56,377.56,0,0
1612199510,377.56,377.56,377.56,377.56,377.56,0,0
1612199515,377.56,377.56,377.56,377.56,377.56,0,0
1612199520,377.56,377.56,377.56,377.56,377.56,0,0
1612199525,377.12,377.4,377.12,377.39,377.353,7,7
1612199530,377.39,377.39,377.39,377.39,377.39,0,0
1612199535,378.0,378.0,377.76,377.77,377.875,3,3
1612199540,377.77,377.77,377.77,377.77,377.77,0,0
1612199545,377.77,377.77,377.77,377.77,377.77,0,0
1612199550,377.77,377.77,377.77,377.77,377.77,0,0
1612199555,377.77,377.77,377.77,377.77,377.77,0,0
1612199560,377.77,377.77,377.77,377.77,377.77,0,0
1612199565,377.77,377.77,377.77,377.77,377.77,0,0
1612199570,377.77,377.91,377.7,377.9,377.787,3,3
1612199575,377.9,377.91,377.9,377.9,377.9,0,0
1612199580,377.58,377.58,377.58,377.58,377.58,1,1
1612199585,377.74,377.74,377.2,377.21,377.45,5,5
1612199590,377.22,377.22,377.06,377.06,377.157,3,3
1612199595,377.09,377.36,377.09,377.2,377.311,18,4
1612199600,377.2,377.21,377.2,377.2,377.2,0,0
1612199605,377.2,377.21,377.2,377.2,377.2,0,0
1612199610,376.82,376.85,376.82,376.85,376.835,2,2
1612199615,377.29,377.36,377.29,377.36,377.329,9,9
1612199620,377.36,377.36,377.36,377.36,377.36,0,0
1612199625,377.13,377.13,377.01,377.06,377.065,4,3
1612199630,377.06,377.06,377.06,377.06,377.06,0,0
1612199635,377.06,377.06,377.06,377.06,377.06,0,0
1612199640,376.96,377.23,376.96,377.23,377.098,4,4
1612199645,377.23,377.23,377.23,377.23,377.23,0,0
1612199650,377.23,377.23,377.23,377.23,377.23,0,0
1612199655,377.23,377.23,377.23,377.23,377.23,0,0
1612199660,377.24,377.24,377.24,377.24,377.24,1,1
1612199665,377.24,377.24,377.24,377.24,377.24,0,0
1612199670,377.13,377.13,377.13,377.13,377.13,2,2
1612199675,377.13,377.13,377.13,377.13,377.13,0,0
1612199680,377.13,377.13,377.13,377.13,377.13,0,0
1612199685,377.13,377.13,377.13,377.13,377.13,0,0
1612199690,377.13,377.13,377.13,377.13,377.13,0,0
1612199695,377.13,377.13,377.13,377.13,377.13,0,0
1612199700,377.13,377.13,377.13,377.13,377.13,0,0
1612199705,377.24,377.62,377.24,377.62,377.454,5,5
1612199710,377.5,377.72,377.49,377.7,377.58,5,4
1612199715,377.7,377.7,377.7,377.7,377.7,0,0
1612199720,377.72,377.72,377.71,377.72,377.716,1,1
1612199725,377.72,377.72,377.71,377.72,377.72,0,0
1612199730,377.89,377.89,377.89,377.89,377.89,1,1
1612199735,377.9,378.0,377.86,377.86,377.979,11,4
1612199740,377.85,377.85,377.8,377.85,377.838,4,3
1612199745,378.07,378.09,378.0,378.0,378.058,8,7
1612199750,378.0,378.0,378.0,378.0,378.0,0,0
1612199755,378.25,378.26,378.25,378.25,378.255,6,1
1612199760,378.25,378.26,378.25,378.25,378.25,0,0
1612199765,378.25,378.26,378.25,378.25,378.25,0,0
1612199770,378.15,378.16,378.15,378.15,378.155,1,1
1612199775,378.15,378.16,378.15,378.15,378.15,0,0
1612199780,378.42,378.42,378.3,378.31,378.397,5,2
1612199785,378.31,378.31,378.3,378.31,378.31,0,0
1612199790,378.31,378.31,378.3,378.31,378.31,0,0
1612199795,378.31,378.31,378.3,378.31,378.31,0,0
1612199800,378.21,378.22,378.21,378.21,378.212,7,2
1612199805,378.18,378.18,377.86,377.86,377.908,7,7
1612199810,377.82,377.94,377.79,377.82,377.844,26,25
1612199815,377.63,377.63,377.63,377.63,377.63,1,1
1612199820,378.18,378.18,378.17,378.18,378.18,2,1
1612199825,377.67,377.67,377.63,377.63,377.643,3,2
1612199830,377.96,377.96,377.96,377.96,377.96,1,1
1612199835,377.52,377.52,377.52,377.52,377.52,2,2
1612199840,377.52,377.52,377.52,377.52,377.52,0,0
1612199845,377.52,377.52,377.52,377.52,377.52,0,0
1612199850,377.47,377.49,377.47,377.49,377.48,2,2
1612199855,377.49,377.49,377.49,377.49,377.49,0,0
1612199860,377.76,377.76,377.53,377.53,377.613,3,3
1612199865,377.53,377.53,377.53,377.53,377.53,0,0
1612199870,377.53,377.53,377.53,377.53,377.53,0,0
1612199875,377.53,377.53,377.53,377.53,377.53,0,0
1612199880,377.53,377.53,377.53,377.53,377.53,0,0
1612199885,377.53,377.53,377.53,377.53,377.53,0,0
1612199890,377.53,377.53,377.53,377.53,377.53,0,0
1612199895,377.53,377.53,377.53,377.53,377.53,0,0
1612199900,377.62,377.77,377.62,377.77,377.697,3,3
1612199905,377.77,377.77,377.77,377.77,377.77,0,0
1612199910,377.71,377.71,377.71,377.71,377.71,2,2
1612199915,377.85,377.85,377.85,377.85,377.85,1,1
1612199920,377.85,377.85,377.85,377.85,377.85,0,0
1612199925,377.85,377.85,377.85,377.85,377.85,0,0
1612199930,377.85,377.85,377.85,377.85,377.85,0,0
1612199935,377.85,377.85,377.85,377.85,377.85,0,0
1612199940,377.41,377.41,377.41,377.41,377.41,1,1
1612199945,377.41,377.41,377.41,377.41,377.41,0,0
1612199950,377.41,377.41,377.41,377.41,377.41,0,0
1612199955,377.41,377.41,377.41,377.41,377.41,0,0
1612199960,377.41,377.41,377.41,377.41,377.41,0,0
1612199965,377.41,377.41,377.41,377.41,377.41,0,0
1612199970,377.41,377.41,377.41,377.41,377.41,0,0
1612199975,377.41,377.41,377.41,377.41,377.41,0,0
1612199980,377.7,377.7,377.7,377.7,377.7,1,1
1612199985,377.62,377.62,377.53,377.53,377.55,5,3
1612199990,377.53,377.53,377.53,377.53,377.53,0,0
1612199995,377.53,377.53,377.53,377.53,377.53,0,0
1612200000,377.53,377.53,377.53,377.53,377.53,0,0
1612200005,377.53,377.53,377.53,377.53,377.53,0,0
1612200010,378.13,378.15,378.13,378.15,378.144,3,2
1612200015,378.15,378.15,378.15,378.15,378.15,0,0
1612200020,378.15,378.15,378.15,378.15,378.15,0,0
1612200025,378.5,378.5,378.5,378.5,378.5,1,1
1612200030,378.5,378.5,378.5,378.5,378.5,0,0
1612200035,378.5,378.5,378.5,378.5,378.5,0,0
1612200040,378.5,378.5,378.5,378.5,378.5,0,0
1612200045,378.6,378.6,378.6,378.6,378.6,1,1
1612200050,378.6,378.6,378.6,378.6,378.6,0,0
1612200055,378.75,378.75,378.75,378.75,378.75,1,1
1612200060,378.67,378.67,378.58,378.58,378.607,6,6
1612200065,378.58,378.58,378.58,378.58,378.58,0,0
1612200070,378.38,378.54,378.29,378.53,378.374,12,9
1612200075,378.29,378.39,378.29,378.38,378.351,5,5
1612200080,378.38,378.39,378.38,378.38,378.38,0,0
1612200085,378.38,378.39,378.38,378.38,378.38,0,0
1612200090,378.38,378.39,378.38,378.38,378.38,0,0
1612200095,378.38,378.39,378.38,378.38,378.38,0,0
1612200100,378.75,378.84,378.75,378.84,378.759,10,4
1612200105,378.84,378.84,378.84,378.84,378.84,0,0
1612200110,378.84,378.84,378.84,378.84,378.84,0,0
1612200115,378.7,378.7,378.69,378.7,378.696,60,1
1612200120,378.69,378.69,378.69,378.69,378.69,1,1
1612200125,378.84,378.85,378.84,378.85,378.845,2,2
1612200130,378.46,378.5,378.42,378.5,378.439,12,9
1612200135,378.58,378.58,378.58,378.58,378.58,1,1
1612200140,378.58,378.58,378.58,378.58,378.58,0,0
1612200145,378.81,378.91,378.81,378.91,378.86,2,2
1612200150,378.91,378.91,378.91,378.91,378.91,0,0
1612200155,378.91,378.91,378.91,378.91,378.91,0,0
1612200160,378.91,378.91,378.91,378.91,378.91,0,0
1612200165,378.91,378.91,378.91,378.91,378.91,0,0
1612200170,378.91,378.91,378.91,378.91,378.91,0,0
1612200175,378.71,378.71,378.71,378.71,378.71,2,2
1612200180,378.88,379.19,378.87,379.1,378.983,20,18
1612200185,379.04,379.04,379.04,379.04,379.04,3,2
1612200190,379.04,379.04,379.04,379.04,379.04,0,0
1612200195,379.23,379.23,379.04,379.12,379.062,21,5
1612200200,379.35,379.35,378.93,378.93,378.967,14,8
1612200205,379.0,379.0,379.0,379.0,379.0,17,4
1612200210,379.0,379.0,379.0,379.0,379.0,0,0
1612200215,378.92,378.92,378.88,378.88,378.91,4,4
1612200220,378.88,378.88,378.88,378.88,378.88,0,0
1612200225,378.74,378.97,378.73,378.97,378.875,6,6
1612200230,378.97,378.97,378.97,378.97,378.97,0,0
1612200235,378.81,378.81,378.8,378.81,378.805,1,1
1612200240,378.95,378.95,378.95,378.95,378.95,1,1
1612200245,378.95,378.95,378.95,378.95,378.95,0,0
1612200250,378.95,378.95,378.95,378.95,378.95,0,0
1612200255,378.94,378.94,378.94,378.94,378.94,1,1
1612200260,378.94,378.94,378.94,378.94,378.94,0,0
1612200265,378.94,378.94,378.94,378.94,378.94,0,0
1612200270,378.75,378.75,378.75,378.75,378.75,1,1
1612200275,378.71,378.72,378.71,378.72,378.711,6,5
1612200280,378.72,378.72,378.71,378.72,378.72,0,0
1612200285,378.72,378.72,378.71,378.72,378.72,0,0
1612200290,378.9,378.9,378.64,378.64,378.77,2,2
1612200295,378.75,378.75,378.74,378.75,378.745,1,1
1612200300,378.75,378.75,378.74,378.75,378.75,0,0
1612200305,378.59,378.59,378.59,378.59,378.59,3,3
1612200310,378.59,378.59,378.59,378.59,378.59,0,0
1612200315,378.59,378.59,378.59,378.59,378.59,0,0
1612200320,378.88,378.95,378.88,378.95,378.901,3,3
1612200325,378.95,378.95,378.95,378.95,378.95,0,0
1612200330,379.13,379.14,378.97,378.97,379.081,10,9
1612200335,378.97,378.97,378.97,378.97,378.97,0,0
1612200340,379.12,379.13,379.12,379.12,379.122,1,1
1612200345,379.14,379.14,379.13,379.14,379.138,2,1
1612200350,379.12,379.13,378.9,379.0,379.028,11,7
1612200355,378.91,378.91,378.8,378.8,378.837,3,3
1612200360,378.8,378.8,378.8,378.8,378.8,0,0
1612200365,378.58,378.58,378.38,378.58,378.54,10,4
1612200370,378.58,378.58,378.58,378.58,378.58,0,0
1612200375,378.58,378.58,378.58,378.58,378.58,0,0
1612200380,378.58,378.58,378.58,378.58,378.58,0,0
1612200385,378.32,378.32,378.32,378.32,378.32,3,1
1612200390,378.33,378.33,378.32,378.33,378.328,4,4
1612200395,378.33,378.33,378.33,378.33,378.33,0,0
1612200400,378.33,378.33,378.33,378.33,378.33,0,0
1612200405,378.31,378.31,378.31,378.31,378.31,4,1
1612200410,378.31,378.31,378.31,378.31,378.31,0,0
1612200415,378.31,378.31,378.31,378.31,378.31,0,0
1612200420,378.18,378.18,378.18,378.18,378.18,1,1
1612200425,378.18,378.18,378.18,378.18,378.18,0,0
1612200430,378.36,378.41,378.36,378.41,378.371,17,12
1612200435,378.33,378.33,378.33,378.33,378.33,1,1
1612200440,378.33,378.33,378.33,378.33,378.33,0,0
1612200445,378.33,378.33,378.33,378.33,378.33,0,0
1612200450,378.33,378.33,378.33,378.33,378.33,5,4
1612200455,378.3,378.3,378.29,378.3,378.295,1,1
1612200460,378.3,378.3,378.29,378.3,378.3,0,0
1612200465,378.8,378.8,378.79,378.8,378.799,6,1
1612200470,378.8,378.8,378.79,378.8,378.8,0,0
1612200475,378.23,378.23,378.23,378.23,378.23,4,4
1612200480,378.48,378.49,378.48,378.48,378.481,1,1
1612200485,378.25,378.25,378.25,378.25,378.25,1,1
1612200490,378.24,378.24,378.24,378.24,378.24,2,2
1612200495,378.24,378.24,378.24,378.24,378.24,0,0
1612200500,378.25,378.25,377.96,377.96,378.106,21,16
1612200505,378.0,378.0,377.75,377.75,377.875,2,2
1612200510,378.24,378.24,377.96,378.0,378.068,3,3
1612200515,377.97,377.97,377.96,377.96,377.963,3,3
1612200520,377.86,378.05,377.86,377.92,377.98,9,9
1612200525,377.92,377.92,377.92,377.92,377.92,0,0
1612200530,377.92,377.92,377.92,377.92,377.92,0,0
1612200535,377.92,377.92,377.92,377.92,377.92,0,0
1612200540,377.95,377.95,377.95,377.95,377.95,1,1
1612200545,377.95,377.95,377.95,377.95,377.95,0,0
1612200550,377.8,377.8,377.76,377.76,377.787,3,2
1612200555,377.77,377.77,377.7,377.75,377.748,10,6
1612200560,377.51,377.51,377.46,377.46,377.485,2,2
1612200565,377.46,377.46,377.46,377.46,377.46,0,0
1612200570,377.46,377.46,377.46,377.46,377.46,0,0
1612200575,377.48,377.48,377.44,377.44,377.454,5,5
1612200580,377.44,377.44,377.44,377.44,377.44,0,0
1612200585,377.17,377.17,376.98,376.98,377.075,2,2
1612200590,376.98,376.98,376.98,376.98,376.98,0,0
1612200595,376.98,376.98,376.98,376.98,376.98,0,0
1612200600,376.98,376.98,376.98,376.98,376.98,0,0
1612200605,377.35,377.5,377.24,377.44,377.372,14,14
1612200610,377.49,377.49,377.44,377.44,377.468,2,2
1612200615,377.22,377.22,377.15,377.15,377.166,5,5
1612200620,377.15,377.15,377.15,377.15,377.15,0,0
1612200625,377.15,377.15,377.15,377.15,377.15,0,0
1612200630,377.12,377.12,377.11,377.12,377.115,1,1
1612200635,377.12,377.12,377.11,377.12,377.12,0,0
1612200640,377.12,377.12,377.11,377.12,377.12,0,0
1612200645,377.12,377.12,377.11,377.12,377.12,0,0
1612200650,377.12,377.12,377.11,377.12,377.12,0,0
1612200655,377.12,377.12,377.11,377.12,377.12,0,0
1612200660,377.12,377.12,377.11,377.12,377.12,0,0
1612200665,377.16,377.16,377.15,377.15,377.155,2,2
1612200670,377.14,377.15,377.14,377.15,377.145,5,4
1612200675,377.15,377.15,377.15,377.15,377.15,0,0
1612200680,377.15,377.15,377.15,377.15,377.15,0,0
1612200685,377.22,377.22,377.22,377.22,377.22,1,1
1612200690,377.22,377.22,377.22,377.22,377.22,0,0
1612200695,377.35,377.35,377.35,377.35,377.35,7,7
1612200700,377.35,377.35,377.35,377.35,377.35,0,0
1612200705,377.68,377.71,377.68,377.71,377.695,2,2
1612200710,377.78,377.78,377.78,377.78,377.78,1,1
1612200715,377.78,377.78,377.78,377.78,377.78,0,0
1612200720,377.78,377.78,377.78,377.78,377.78,0,0
1612200725,377.73,377.73,377.73,377.73,377.73,2,2
1612200730,377.73,377.73,377.73,377.73,377.73,0,0
1612200735,377.73,377.73,377.73,377.73,377.73,0,0
1612200740,377.73,377.73,377.73,377.73,377.73,0,0
1612200745,377.79,377.79,377.79,377.79,377.79,1,1
1612200750,377.6,377.6,377.59,377.59,377.592,3,3
1612200755,377.59,377.59,377.59,377.59,377.59,0,0
1612200760,377.59,377.59,377.59,377.59,377.59,0,0
1612200765,377.59,377.59,377.59,377.59,377.59,0,0
1612200770,377.59,377.59,377.59,377.59,377.59,0,0
1612200775,377.69,377.7,377.69,377.69,377.695,1,1
1612200780,377.69,377.69,377.69,377.69,377.69,1,1
1612200785,377.69,377.69,377.69,377.69,377.69,0,0
1612200790,377.45,377.46,377.29,377.3,377.318,19,6
1612200795,377.3,377.3,377.29,377.3,377.3,0,0
1612200800,377.3,377.3,377.29,377.3,377.3,0,0
1612200805,377.31,377.31,377.31,377.31,377.31,1,1
1612200810,377.54,377.55,377.54,377.54,377.543,1,1
1612200815,377.54,377.55,377.54,377.54,377.54,0,0
1612200820,377.54,377.55,377.54,377.54,377.54,0,0
1612200825,377.54,377.55,377.54,377.54,377.54,0,0
1612200830,377.54,377.55,377.54,377.54,377.54,0,0
1612200835,377.4,377.65,377.37,377.38,377.405,24,9
1612200840,377.7,377.7,377.5,377.5,377.54,5,3
1612200845,377.5,377.5,377.5,377.5,377.5,0,0
1612200850,377.5,377.5,377.5,377.5,377.5,0,0
1612200855,377.5,377.5,377.5,377.5,377.5,0,0
1612200860,377.51,377.51,377.51,377.51,377.51,1,1
1612200865,377.38,377.38,377.3,377.38,377.368,10,6
1612200870,377.15,377.44,377.09,377.44,377.264,10,7
1612200875,377.44,377.44,377.43,377.44,377.44,0,0
1612200880,377.57,377.57,377.57,377.57,377.57,1,1
1612200885,377.57,377.57,377.57,377.57,377.57,0,0
1612200890,377.67,377.67,377.67,377.67,377.67,1,1
1612200895,377.68,377.68,377.67,377.68,377.678,1,1
1612200900,377.68,377.68,377.67,377.68,377.68,0,0
1612200905,377.68,377.68,377.67,377.68,377.68,0,0
1612200910,377.68,377.68,377.67,377.68,377.68,0,0
1612200915,377.86,377.86,377.72,377.72,377.771,11,8
1612200920,377.72,377.72,377.72,377.72,377.72,0,0
1612200925,378.0,378.0,377.46,377.46,377.832,29,8
1612200930,377.46,377.46,377.46,377.46,377.46,2,2
1612200935,377.46,377.46,377.46,377.46,377.46,0,0
1612200940,377.46,377.46,377.46,377.46,377.46,0,0
1612200945,377.46,377.46,377.46,377.46,377.46,0,0
1612200950,377.46,377.46,377.46,377.46,377.46,0,0
1612200955,377.46,377.46,377.46,377.46,377.46,0,0
1612200960,377.51,377.62,377.46,377.46,377.504,18,18
1612200965,377.46,377.46,377.46,377.46,377.46,0,0
1612200970,377.56,377.56,377.47,377.47,377.515,2,2
1612200975,377.47,377.47,377.47,377.47,377.47,1,1
1612200980,377.47,377.47,377.47,377.47,377.47,0,0
1612200985,377.66,377.66,377.65,377.66,377.655,1,1
1612200990,377.66,377.66,377.65,377.66,377.66,0,0
1612200995,377.46,377.46,377.31,377.31,377.418,8,7
1612201000,377.43,377.43,377.43,377.43,377.43,1,1
1612201005,377.43,377.43,377.43,377.43,377.43,0,0
1612201010,377.18,377.18,377.18,377.18,377.18,14,1
1612201015,377.2,377.2,377.2,377.2,377.2,5,5
1612201020,377.36,377.52,377.16,377.16,377.272,8,8
1612201025,377.16,377.16,377.16,377.16,377.16,0,0
1612201030,377.16,377.16,377.16,377.16,377.16,0,0
1612201035,377.15,377.15,377.15,377.15,377.15,1,1
1612201040,376.97,376.98,376.97,376.97,376.972,3,2
1612201045,377.03,377.05,376.99,376.99,377.013,8,8
1612201050,376.99,377.0,376.99,376.99,376.99,0,0
1612201055,376.99,377.0,376.99,376.99,376.99,0,0
1612201060,376.91,376.91,376.91,376.91,376.91,1,1
1612201065,376.91,376.91,376.91,376.91,376.91,0,0
1612201070,376.94,376.95,376.94,376.95,376.945,2,2
1612201075,377.06,377.07,376.86,376.88,376.993,21,21
1612201080,376.87,376.97,376.87,376.97,376.882,9,7
1612201085,376.88,377.07,376.87,377.07,376.944,8,8
1612201090,377.08,377.08,377.0,377.04,377.034,16,13
1612201095,377.04,377.04,377.04,377.04,377.04,0,0
1612201100,376.9,376.9,376.9,376.9,376.9,1,1
1612201105,376.75,376.75,376.75,376.75,376.75,4,4
1612201110,377.08,377.08,377.0,377.04,377.017,9,9
1612201115,377.04,377.04,377.03,377.04,377.04,0,0
1612201120,377.04,377.04,377.03,377.04,377.04,0,0
1612201125,377.04,377.04,377.03,377.04,377.04,0,0
1612201130,377.02,377.02,377.02,377.02,377.02,1,1
1612201135,377.02,377.02,377.02,377.02,377.02,0,0
1612201140,376.85,376.85,376.83,376.83,376.84,2,2
1612201145,377.0,377.0,377.0,377.0,377.0,1,1
1612201150,377.0,377.0,377.0,377.0,377.0,0,0
1612201155,377.0,377.0,377.0,377.0,377.0,0,0
1612201160,377.0,377.0,376.88,376.88,376.94,3,3
1612201165,376.88,376.88,376.88,376.88,376.88,0,0
1612201170,377.01,377.01,377.01,377.01,377.01,1,1
1612201175,377.04,377.04,377.03,377.04,377.035,1,1
1612201180,377.04,377.04,377.03,377.04,377.04,0,0
1612201185,376.97,376.98,376.87,376.87,376.937,2,2
1612201190,376.87,376.87,376.87,376.87,376.87,0,0
1612201195,376.87,376.87,376.87,376.87,376.87,1,1
1612201200,376.82,376.83,376.82,376.82,376.823,1,1
1612201205,376.82,376.83,376.82,376.82,376.82,0,0
1612201210,376.99,377.1,376.91,377.06,377.019,17,17
1612201215,377.0,377.21,377.0,377.21,377.058,16,16
1612201220,377.21,377.21,377.21,377.21,377.21,0,0
1612201225,377.06,377.06,377.06,377.06,377.06,2,2
1612201230,377.0,377.0,376.91,376.91,376.955,2,2
1612201235,376.61,376.61,376.6,376.61,376.606,1,1
1612201240,376.78,376.79,376.78,376.78,376.78,1,1
1612201245,376.72,376.72,376.72,376.72,376.72,1,1
1612201250,376.72,376.72,376.72,376.72,376.72,0,0
1612201255,376.72,376.72,376.72,376.72,376.72,0,0
1612201260,376.72,376.72,376.72,376.72,376.72,0,0
1612201265,376.62,376.63,376.62,376.63,376.625,2,2
1612201270,376.63,376.63,376.63,376.63,376.63,0,0
1612201275,376.63,376.63,376.63,376.63,376.63,0,0
1612201280,376.63,376.63,376.63,376.63,376.63,0,0
1612201285,376.63,376.63,376.63,376.63,376.63,0,0
1612201290,376.63,376.63,376.63,376.63,376.63,0,0
1612201295,376.56,376.79,376.56,376.79,376.713,3,3
1612201300,376.96,376.96,376.95,376.96,376.958,1,1
1612201305,376.96,376.96,376.95,376.96,376.96,0,0
1612201310,376.96,376.96,376.95,376.96,376.96,0,0
1612201315,376.96,376.96,376.95,376.96,376.96,0,0
1612201320,376.96,376.96,376.95,376.96,376.96,0,0
1612201325,376.96,376.96,376.95,376.96,376.96,0,0
1612201330,376.96,376.96,376.95,376.96,376.96,0,0
1612201335,376.96,376.96,376.95,376.96,376.96,0,0
1612201340,376.96,376.96,376.95,376.96,376.96,0,0
1612201345,377.06,377.48,377.06,377.48,377.205,4,4
1612201350,377.41,377.6,377.41,377.54,377.566,9,6
1612201355,377.8,377.8,377.79,377.8,377.795,2,1
1612201360,377.8,377.8,377.79,377.8,377.8,0,0
1612201365,377.59,377.59,377.59,377.59,377.59,1,1
1612201370,377.59,377.59,377.59,377.59,377.59,0,0
1612201375,377.59,377.59,377.59,377.59,377.59,0,0
1612201380,377.48,377.48,377.47,377.48,377.475,1,1
1612201385,377.48,377.48,377.47,377.48,377.48,0,0
1612201390,377.48,377.48,377.47,377.48,377.48,0,0
1612201395,377.46,377.46,377.18,377.18,377.303,5,5
1612201400,377.18,377.18,377.18,377.18,377.18,1,1
1612201405,377.18,377.18,377.14,377.15,377.17,7,6
1612201410,377.27,377.27,377.27,377.27,377.27,1,1
1612201415,377.27,377.27,377.27,377.27,377.27,0,0
1612201420,377.21,377.31,377.16,377.16,377.227,3,3
1612201425,377.16,377.16,377.16,377.16,377.16,0,0
1612201430,377.21,377.21,377.16,377.16,377.18,3,3
1612201435,377.16,377.16,377.16,377.16,377.16,0,0
1612201440,377.16,377.16,377.16,377.16,377.16,0,0
1612201445,377.16,377.16,377.16,377.16,377.16,0,0
1612201450,377.16,377.16,377.16,377.16,377.16,0,0
1612201455,377.16,377.16,377.16,377.16,377.16,0,0
1612201460,377.16,377.16,377.16,377.16,377.16,0,0
1612201465,377.48,377.48,377.2,377.2,377.35,4,4
1612201470,377.36,377.36,377.23,377.23,377.265,3,2
1612201475,377.36,377.46,377.24,377.46,377.395,12,7
1612201480,377.46,377.46,377.46,377.46,377.46,0,0
1612201485,377.28,377.28,377.28,377.28,377.28,1,1
1612201490,377.28,377.28,377.28,377.28,377.28,0,0
1612201495,377.46,377.46,377.37,377.37,377.402,4,4
1612201500,377.26,377.26,377.23,377.23,377.245,6,6
1612201505,377.27,377.28,377.23,377.23,377.252,5,5
1612201510,377.23,377.23,377.23,377.23,377.23,0,0
1612201515,377.23,377.24,377.23,377.24,377.235,4,4
1612201520,377.23,377.23,376.99,376.99,377.17,4,4
1612201525,377.09,377.09,376.89,376.89,376.99,2,2
1612201530,376.89,376.89,376.89,376.89,376.89,0,0
1612201535,376.89,376.89,376.89,376.89,376.89,0,0
1612201540,377.0,377.0,376.73,376.73,376.955,6,2
1612201545,376.98,377.0,376.56,376.56,376.876,20,16
1612201550,376.56,376.56,376.56,376.56,376.56,0,0
1612201555,376.8,376.8,376.77,376.78,376.782,6,5
1612201560,376.71,376.95,376.71,376.8,376.806,14,13
1612201565,376.67,376.67,376.67,376.67,376.67,1,1
1612201570,376.61,376.62,376.61,376.61,376.613,1,1
1612201575,376.5,376.5,376.49,376.5,376.495,2,1
1612201580,376.33,376.33,376.33,376.33,376.33,1,1
1612201585,376.66,376.66,376.65,376.66,376.66,7,5
1612201590,376.66,376.66,376.66,376.66,376.66,0,0
1612201595,376.66,376.66,376.66,376.66,376.66,0,0
1612201600,376.66,376.66,376.66,376.66,376.66,0,0
1612201605,376.75,376.75,376.75,376.75,376.75,1,1
1612201610,376.5,376.51,376.5,376.5,376.5,2,1
1612201615,376.5,376.51,376.5,376.5,376.5,0,0
1612201620,376.5,376.51,376.5,376.5,376.5,0,0
1612201625,376.67,376.67,376.66,376.67,376.665,1,1
1612201630,376.51,376.51,376.51,376.51,376.51,2,2
1612201635,376.41,376.44,376.32,376.44,376.398,6,6
1612201640,376.45,376.45,376.45,376.45,376.45,1,1
1612201645,376.65,376.65,376.64,376.65,376.646,1,1
1612201650,376.65,376.65,376.64,376.65,376.65,0,0
1612201655,376.65,376.65,376.64,376.65,376.65,0,0
1612201660,376.65,376.65,376.64,376.65,376.65,0,0
1612201665,376.65,376.65,376.64,376.65,376.65,0,0
1612201670,376.65,376.65,376.64,376.65,376.65,0,0
1612201675,376.65,376.65,376.64,376.65,376.65,0,0
1612201680,376.65,376.65,376.64,376.65,376.65,0,0
1612201685,376.65,376.65,376.64,376.65,376.65,0,0
1612201690,376.65,376.65,376.64,376.65,376.65,0,0
1612201695,376.65,376.65,376.64,376.65,376.65,0,0
1612201700,376.65,376.65,376.64,376.65,376.65,0,0
1612201705,376.65,376.65,376.64,376.65,376.65,0,0
1612201710,376.05,376.05,375.92,375.96,375.977,3,3
1612201715,375.96,375.96,375.96,375.96,375.96,0,0
1612201720,376.18,376.18,376.17,376.18,376.176,1,1
1612201725,375.97,375.97,375.96,375.97,375.965,1,1
1612201730,375.97,375.97,375.96,375.97,375.97,0,0
1612201735,375.84,375.85,375.84,375.84,375.841,1,1
1612201740,375.84,375.85,375.84,375.84,375.84,0,0
1612201745,376.19,376.19,376.19,376.19,376.19,1,1
1612201750,376.19,376.19,376.19,376.19,376.19,0,0
1612201755,376.19,376.19,376.19,376.19,376.19,0,0
1612201760,376.19,376.19,376.19,376.19,376.19,0,0
1612201765,376.19,376.19,376.19,376.19,376.19,0,0
1612201770,376.19,376.19,376.19,376.19,376.19,0,0
1612201775,376.19,376.19,376.19,376.19,376.19,0,0
1612201780,376.0,376.0,375.73,375.73,375.889,10,10
1612201785,375.92,375.92,375.85,375.85,375.894,5,5
1612201790,375.91,375.92,375.87,375.92,375.914,11,9
1612201795,375.92,375.92,375.92,375.92,375.92,0,0
1612201800,375.95,375.95,375.95,375.95,375.95,1,1
1612201805,375.9,375.9,375.67,375.67,375.797,3,3
1612201810,375.8,375.8,375.67,375.8,375.765,6,6
1612201815,375.81,375.81,375.81,375.81,375.81,1,1
1612201820,375.81,375.81,375.81,375.81,375.81,0,0
1612201825,375.81,375.81,375.81,375.81,375.81,0,0
1612201830,375.81,375.81,375.81,375.81,375.81,0,0
1612201835,376.04,376.04,376.03,376.04,376.035,1,1
1612201840,376.07,376.07,376.07,376.07,376.07,1,1
1612201845,376.07,376.07,376.07,376.07,376.07,0,0
1612201850,376.07,376.07,376.07,376.07,376.07,0,0
1612201855,376.23,376.23,376.23,376.23,376.23,1,1
1612201860,376.23,376.23,376.23,376.23,376.23,0,0
1612201865,376.23,376.23,376.23,376.23,376.23,0,0
1612201870,376.23,376.23,376.23,376.23,376.23,0,0
1612201875,376.23,376.23,376.23,376.23,376.23,0,0
1612201880,376.23,376.23,376.23,376.23,376.23,0,0
1612201885,376.65,376.65,376.65,376.65,376.65,1,1
1612201890,376.43,376.46,376.41,376.41,376.428,4,3
1612201895,376.51,376.53,376.51,376.53,376.523,3,3
1612201900,376.53,376.53,376.53,376.53,376.53,0,0
1612201905,376.34,376.34,376.33,376.33,376.335,2,2
1612201910,376.26,376.26,376.26,376.26,376.26,1,1
1612201915,376.26,376.26,376.26,376.26,376.26,0,0
1612201920,376.19,376.2,376.19,376.2,376.195,2,2
1612201925,376.2,376.2,376.2,376.2,376.2,0,0
1612201930,376.2,376.2,376.2,376.2,376.2,0,0
1612201935,376.49,376.5,376.49,376.5,376.495,2,2
1612201940,376.54,376.54,376.54,376.54,376.54,3,1
1612201945,376.71,376.71,376.7,376.71,376.71,1,1
1612201950,376.37,376.38,376.37,376.37,376.372,2,1
1612201955,376.37,376.38,376.37,376.37,376.37,0,0
1612201960,376.37,376.38,376.37,376.37,376.37,0,0
1612201965,376.37,376.38,376.37,376.37,376.37,0,0
1612201970,376.39,376.39,376.39,376.39,376.39,1,1
1612201975,376.39,376.39,376.39,376.39,376.39,0,0
1612201980,376.39,376.39,376.39,376.39,376.39,0,0
1612201985,376.39,376.39,376.39,376.39,376.39,0,0
1612201990,376.39,376.39,376.39,376.39,376.39,0,0
1612201995,376.6,376.6,376.6,376.6,376.6,1,1
1612202000,376.6,376.6,376.6,376.6,376.6,0,0
1612202005,376.71,376.71,376.71,376.71,376.71,1,1
1612202010,376.71,376.71,376.71,376.71,376.71,0,0
1612202015,376.38,376.38,376.38,376.38,376.38,2,2
1612202020,376.38,376.38,376.38,376.38,376.38,0,0
1612202025,376.6,376.6,376.54,376.54,376.573,3,3
1612202030,376.54,376.54,376.54,376.54,376.54,0,0
1612202035,376.54,376.54,376.54,376.54,376.54,0,0
1612202040,376.42,376.46,376.15,376.15,376.304,8,8
1612202045,376.15,376.15,376.15,376.15,376.15,0,0
1612202050,376.21,376.21,376.21,376.21,376.21,1,1
1612202055,376.18,376.18,376.18,376.18,376.18,1,1
1612202060,376.35,376.36,376.35,376.36,376.355,2,2
1612202065,376.36,376.36,376.36,376.36,376.36,0,0
1612202070,376.29,376.29,376.29,376.29,376.29,1,1
1612202075,376.36,376.38,376.29,376.38,376.338,3,3
1612202080,376.38,376.38,376.38,376.38,376.38,0,0
1612202085,376.38,376.38,376.38,376.38,376.38,0,0
1612202090,376.38,376.38,376.38,376.38,376.38,0,0
1612202095,376.38,376.38,376.38,376.38,376.38,0,0
1612202100,376.38,376.38,376.38,376.38,376.38,0,0
1612202105,376.22,376.22,376.22,376.22,376.22,1,1
1612202110,376.22,376.22,376.22,376.22,376.22,0,0
1612202115,376.22,376.22,376.22,376.22,376.22,2,2
1612202120,376.22,376.22,376.22,376.22,376.22,0,0
1612202125,376.22,376.22,376.22,376.22,376.22,0,0
1612202130,376.22,376.22,376.22,376.22,376.22,0,0
1612202135,376.22,376.22,376.22,376.22,376.22,0,0
1612202140,376.22,376.22,376.22,376.22,376.22,0,0
1612202145,376.22,376.22,376.22,376.22,376.22,0,0
1612202150,376.04,376.04,375.97,375.97,376.005,2,2
1612202155,375.97,375.97,375.97,375.97,375.97,0,0
1612202160,375.5,375.5,375.5,375.5,375.5,1,1
1612202165,375.5,375.5,375.5,375.5,375.5,0,0
1612202170,375.5,375.5,375.5,375.5,375.5,1,1
1612202175,375.72,375.72,375.61,375.61,375.665,2,2
1612202180,375.72,375.72,375.72,375.72,375.72,3,3
1612202185,375.72,375.72,375.72,375.72,375.72,0,0
1612202190,375.72,375.72,375.72,375.72,375.72,0,0
1612202195,375.63,375.63,375.63,375.63,375.63,1,1
1612202200,375.72,375.72,375.72,375.72,375.72,1,1
1612202205,375.72,375.72,375.72,375.72,375.72,0,0
1612202210,375.68,375.68,375.68,375.68,375.68,5,4
1612202215,375.68,375.68,375.68,375.68,375.68,0,0
1612202220,375.68,375.68,375.68,375.68,375.68,0,0
1612202225,375.68,375.68,375.68,375.68,375.68,0,0
1612202230,375.68,375.68,375.68,375.68,375.68,0,0
1612202235,375.7,375.7,375.69,375.7,375.698,1,1
1612202240,375.81,375.81,375.81,375.81,375.81,9,7
1612202245,375.81,375.81,375.8,375.81,375.805,1,1
1612202250,375.9,375.9,375.9,375.9,375.9,1,1
1612202255,375.9,375.9,375.9,375.9,375.9,0,0
1612202260,375.9,375.9,375.9,375.9,375.9,0,0
1612202265,375.9,375.9,375.9,375.9,375.9,0,0
1612202270,375.9,375.9,375.9,375.9,375.9,0,0
1612202275,375.8,375.8,375.79,375.8,375.799,5,3
1612202280,375.91,376.0,375.9,376.0,375.958,4,3
1612202285,375.9,375.9,375.8,375.87,375.846,5,5
1612202290,375.87,375.94,375.87,375.94,375.903,2,2
1612202295,376.14,376.14,376.13,376.14,376.139,4,1
1612202300,376.14,376.14,376.13,376.14,376.14,0,0
1612202305,376.14,376.14,376.13,376.14,376.14,0,0
1612202310,376.16,376.16,376.16,376.16,376.16,1,1
1612202315,376.16,376.16,376.16,376.16,376.16,0,0
1612202320,375.94,375.94,375.93,375.94,375.935,1,1
1612202325,375.94,375.94,375.93,375.94,375.94,0,0
1612202330,375.94,375.94,375.93,375.94,375.94,0,0
1612202335,376.16,376.16,376.11,376.16,376.148,4,4
1612202340,376.16,376.16,376.16,376.16,376.16,1,1
1612202345,375.92,376.5,375.92,376.48,376.404,7,7
1612202350,376.28,376.28,376.27,376.28,376.275,1,1
1612202355,376.28,376.28,376.27,376.28,376.28,0,0
1612202360,376.5,376.57,376.5,376.51,376.511,32,23
1612202365,376.49,376.59,376.47,376.5,376.552,20,9
1612202370,376.5,376.72,376.5,376.52,376.561,31,18
1612202375,376.52,376.52,376.52,376.52,376.52,0,0
1612202380,376.52,376.52,376.52,376.52,376.52,0,0
1612202385,376.38,376.38,376.27,376.27,376.291,5,5
1612202390,376.29,376.5,376.29,376.5,376.393,2,2
1612202395,376.5,376.5,376.49,376.5,376.5,0,0
1612202400,376.5,376.5,376.49,376.5,376.5,0,0
1612202405,376.5,376.5,376.49,376.5,376.5,0,0
1612202410,376.5,376.5,376.49,376.5,376.5,0,0
1612202415,376.47,376.7,376.39,376.5,376.505,15,15
1612202420,376.39,376.39,376.38,376.38,376.387,2,2
1612202425,376.38,376.39,376.38,376.38,376.38,0,0
1612202430,376.39,376.39,376.39,376.39,376.39,1,1
1612202435,376.39,376.39,376.39,376.39,376.39,0,0
1612202440,376.39,376.39,376.27,376.27,376.325,4,4
1612202445,376.27,376.27,376.27,376.27,376.27,0,0
1612202450,376.27,376.27,376.27,376.27,376.27,0,0
1612202455,376.27,376.27,376.27,376.27,376.27,0,0
1612202460,376.27,376.27,376.27,376.27,376.27,0,0
1612202465,376.27,376.27,376.27,376.27,376.27,0,0
1612202470,376.42,376.44,376.41,376.41,376.423,4,4
1612202475,376.41,376.41,376.41,376.41,376.41,0,0
1612202480,376.41,376.41,376.41,376.41,376.41,0,0
1612202485,376.41,376.41,376.41,376.41,376.41,0,0
1612202490,376.41,376.41,376.41,376.41,376.41,0,0
1612202495,376.3,376.3,376.3,376.3,376.3,1,1
1612202500,376.39,376.39,376.39,376.39,376.39,1,1
1612202505,376.39,376.39,376.39,376.39,376.39,0,0
1612202510,376.41,376.41,376.41,376.41,376.41,1,1
1612202515,376.41,376.42,376.39,376.39,376.4,2,2
1612202520,376.39,376.4,376.39,376.39,376.39,0,0
1612202525,376.39,376.4,376.39,376.39,376.39,0,0
1612202530,376.39,376.4,376.39,376.39,376.39,0,0
1612202535,376.4,376.4,376.39,376.4,376.397,3,3
1612202540,376.4,376.4,376.4,376.4,376.4,0,0
1612202545,376.4,376.4,376.4,376.4,376.4,0,0
1612202550,376.4,376.4,376.4,376.4,376.4,0,0
1612202555,376.4,376.4,376.4,376.4,376.4,0,0
1612202560,376.4,376.4,376.4,376.4,376.4,0,0
1612202565,376.32,376.33,376.32,376.33,376.327,3,3
1612202570,376.33,376.33,376.33,376.33,376.33,0,0
1612202575,376.3,376.3,376.3,376.3,376.3,1,1
1612202580,376.3,376.3,376.3,376.3,376.3,0,0
1612202585,376.38,376.38,376.24,376.37,376.326,4,4
1612202590,376.37,376.37,376.36,376.37,376.37,0,0
1612202595,376.37,376.37,376.36,376.37,376.37,0,0
1612202600,376.37,376.37,376.36,376.37,376.37,0,0
1612202605,376.37,376.37,376.36,376.37,376.37,0,0
1612202610,376.37,376.37,376.36,376.37,376.37,0,0
1612202615,376.37,376.37,376.36,376.37,376.37,0,0
1612202620,376.37,376.37,376.36,376.37,376.37,0,0
1612202625,376.37,376.37,376.36,376.37,376.37,0,0
1612202630,376.1,376.1,376.03,376.03,376.078,3,2
1612202635,376.02,376.02,376.02,376.02,376.02,1,1
1612202640,376.02,376.02,376.02,376.02,376.02,0,0
1612202645,375.85,375.85,375.85,375.85,375.85,1,1
1612202650,375.92,375.92,375.84,375.84,375.88,2,2
1612202655,375.84,375.84,375.84,375.84,375.84,0,0
1612202660,375.84,375.84,375.84,375.84,375.84,0,0
1612202665,375.82,375.82,375.82,375.82,375.82,2,1
1612202670,375.82,375.82,375.82,375.82,375.82,0,0
1612202675,375.82,375.82,375.82,375.82,375.82,1,1
1612202680,375.82,375.82,375.82,375.82,375.82,0,0
1612202685,375.89,375.9,375.89,375.89,375.891,1,1
1612202690,375.89,375.9,375.89,375.89,375.89,0,0
1612202695,375.6,375.64,375.19,375.28,375.477,31,15
1612202700,375.28,375.28,375.28,375.28,375.28,0,0
1612202705,375.28,375.28,375.28,375.28,375.28,0,0
1612202710,375.21,375.21,375.2,375.2,375.203,3,2
1612202715,375.2,375.2,375.11,375.11,375.178,4,4
1612202720,375.23,375.23,375.19,375.19,375.217,3,3
1612202725,375.19,375.19,375.19,375.19,375.19,0,0
1612202730,375.19,375.19,375.19,375.19,375.19,0,0
1612202735,375.19,375.19,375.19,375.19,375.19,0,0
1612202740,375.19,375.19,375.19,375.19,375.19,0,0
1612202745,375.19,375.19,375.19,375.19,375.19,0,0
1612202750,375.19,375.19,375.19,375.19,375.19,0,0
1612202755,375.19,375.19,375.19,375.19,375.19,0,0
1612202760,375.19,375.19,375.19,375.19,375.19,0,0
1612202765,375.06,375.06,374.7,374.7,374.9,7,7
1612202770,374.81,374.81,374.81,374.81,374.81,1,1
1612202775,374.7,374.9,374.7,374.9,374.8,2,2
1612202780,374.75,374.75,374.75,374.75,374.75,1,1
1612202785,374.75,374.75,374.75,374.75,374.75,0,0
1612202790,374.75,374.75,374.75,374.75,374.75,0,0
1612202795,374.83,374.83,374.83,374.83,374.83,1,1
1612202800,374.76,374.76,374.76,374.76,374.76,3,1
1612202805,374.76,374.76,374.76,374.76,374.76,0,0
1612202810,374.88,374.88,374.88,374.88,374.88,1,1
1612202815,374.76,374.9,374.76,374.84,374.869,7,4
1612202820,374.84,374.84,374.84,374.84,374.84,0,0
1612202825,374.84,374.84,374.84,374.84,374.84,0,0
1612202830,374.84,374.84,374.84,374.84,374.84,0,0
1612202835,374.84,374.84,374.84,374.84,374.84,0,0
1612202840,374.84,374.84,374.84,374.84,374.84,0,0
1612202845,374.84,374.84,374.84,374.84,374.84,0,0
1612202850,375.12,375.13,375.12,375.12,375.122,1,1
1612202855,375.12,375.13,375.12,375.12,375.12,0,0
1612202860,375.14,375.22,375.14,375.22,375.161,5,5
1612202865,375.22,375.22,375.22,375.22,375.22,0,0
1612202870,375.22,375.22,375.22,375.22,375.22,0,0
1612202875,375.22,375.22,375.22,375.22,375.22,0,0
1612202880,375.22,375.22,375.22,375.22,375.22,0,0
1612202885,375.22,375.22,375.22,375.22,375.22,0,0
1612202890,375.62,375.62,375.61,375.62,375.62,1,1
1612202895,375.62,375.62,375.61,375.62,375.62,0,0
1612202900,375.4,375.4,375.4,375.4,375.4,1,1
1612202905,375.4,375.4,375.4,375.4,375.4,0,0
1612202910,375.4,375.4,375.4,375.4,375.4,0,0
1612202915,375.4,375.4,375.4,375.4,375.4,0,0
1612202920,375.4,375.4,375.4,375.4,375.4,0,0
1612202925,375.4,375.4,375.4,375.4,375.4,0,0
1612202930,375.4,375.4,375.4,375.4,375.4,0,0
1612202935,375.22,375.22,375.21,375.21,375.215,2,2
1612202940,375.21,375.21,375.21,375.21,375.21,0,0
1612202945,375.21,375.22,375.21,375.21,375.213,1,1
1612202950,375.21,375.22,375.21,375.21,375.21,0,0
1612202955,375.21,375.22,375.21,375.21,375.21,0,0
1612202960,375.21,375.22,375.21,375.21,375.21,0,0
1612202965,375.21,375.21,374.69,374.69,374.954,7,6
1612202970,374.69,374.69,374.69,374.69,374.69,0,0
1612202975,374.69,374.69,374.69,374.69,374.69,1,1
1612202980,374.88,374.88,374.87,374.88,374.875,1,1
1612202985,374.88,374.88,374.87,374.88,374.88,0,0
1612202990,374.88,374.88,374.87,374.88,374.88,0,0
1612202995,374.96,374.96,374.96,374.96,374.96,1,1
1612203000,374.96,374.96,374.96,374.96,374.96,0,0
1612203005,374.87,374.87,374.87,374.87,374.87,2,2
1612203010,374.87,374.87,374.87,374.87,374.87,0,0
1612203015,374.87,374.87,374.87,374.87,374.87,0,0
1612203020,374.63,374.63,374.63,374.63,374.63,1,1
1612203025,374.63,374.63,374.5,374.5,374.601,9,3
1612203030,374.37,374.37,374.18,374.18,374.232,17,9
1612203035,374.18,374.18,374.18,374.18,374.18,0,0
1612203040,374.8,374.8,374.79,374.8,374.8,1,1
1612203045,374.8,374.8,374.79,374.8,374.8,1,1
1612203050,374.8,374.8,374.79,374.8,374.8,0,0
1612203055,374.64,374.8,374.62,374.62,374.68,4,4
1612203060,374.62,374.62,374.62,374.62,374.62,0,0
1612203065,374.62,374.62,374.62,374.62,374.62,0,0
1612203070,374.62,374.62,374.62,374.62,374.62,0,0
1612203075,374.62,374.62,374.62,374.62,374.62,0,0
1612203080,374.62,374.62,374.62,374.62,374.62,0,0
1612203085,374.62,374.62,374.62,374.62,374.62,0,0
1612203090,374.63,374.7,374.59,374.6,374.665,5,5
1612203095,374.61,374.61,374.6,374.61,374.605,1,1
1612203100,374.72,374.72,374.71,374.72,374.715,1,1
1612203105,374.72,374.72,374.71,374.72,374.72,0,0
1612203110,374.72,374.72,374.71,374.72,374.715,1,1
1612203115,374.72,374.8,374.71,374.8,374.776,4,4
1612203120,374.73,374.75,374.5,374.74,374.672,10,10
1612203125,374.46,374.46,374.46,374.46,374.46,1,1
1612203130,374.46,374.46,374.46,374.46,374.46,0,0
1612203135,374.46,374.46,374.46,374.46,374.46,0,0
1612203140,374.46,374.46,374.46,374.46,374.46,0,0
1612203145,374.44,374.45,374.44,374.44,374.44,2,1
1612203150,374.5,374.5,374.44,374.44,374.46,4,3
1612203155,374.43,374.55,374.38,374.38,374.492,8,4
1612203160,374.38,374.38,374.38,374.38,374.38,0,0
1612203165,374.38,374.38,374.38,374.38,374.38,0,0
1612203170,374.38,374.38,374.38,374.38,374.38,0,0
1612203175,374.46,374.46,374.37,374.41,374.411,3,3
1612203180,374.34,374.34,374.34,374.34,374.34,1,1
1612203185,374.41,374.41,374.41,374.41,374.41,2,2
1612203190,374.44,374.44,374.44,374.44,374.44,1,1
1612203195,374.44,374.44,374.44,374.44,374.44,0,0
1612203200,374.44,374.44,374.44,374.44,374.44,0,0
1612203205,374.44,374.44,374.44,374.44,374.44,0,0
1612203210,374.33,374.34,374.33,374.33,374.331,1,1
1612203215,374.32,374.32,374.2,374.2,374.22,11,4
1612203220,374.47,374.47,374.35,374.35,374.416,2,2
1612203225,374.29,374.29,374.28,374.29,374.285,1,1
1612203230,374.1,374.29,374.1,374.29,374.129,8,4
1612203235,374.29,374.29,374.28,374.29,374.29,0,0
1612203240,374.29,374.29,374.28,374.29,374.29,0,0
1612203245,374.29,374.29,374.28,374.29,374.29,0,0
1612203250,374.29,374.29,374.28,374.29,374.29,0,0
1612203255,374.01,374.01,374.01,374.01,374.01,4,1
1612203260,374.01,374.01,374.01,374.01,374.01,0,0
1612203265,374.0,374.0,373.63,373.63,373.886,6,4
1612203270,373.68,373.68,373.63,373.63,373.649,2,2
1612203275,373.64,373.74,373.64,373.74,373.69,2,2
1612203280,373.93,374.1,373.68,373.68,374.027,39,11
1612203285,373.68,373.68,373.68,373.68,373.68,0,0
1612203290,373.92,373.92,373.9,373.92,373.917,6,5
1612203295,373.92,373.92,373.92,373.92,373.92,0,0
1612203300,373.94,373.95,373.94,373.94,373.941,1,1
1612203305,373.94,373.95,373.94,373.94,373.94,0,0
1612203310,374.1,374.1,374.08,374.08,374.09,4,4
1612203315,374.08,374.08,374.08,374.08,374.08,0,0
1612203320,374.08,374.08,374.08,374.08,374.08,0,0
1612203325,374.08,374.08,374.08,374.08,374.08,0,0
1612203330,374.28,374.4,374.27,374.39,374.356,3,3
1612203335,374.39,374.39,374.39,374.39,374.39,0,0
1612203340,374.39,374.39,374.39,374.39,374.39,0,0
1612203345,374.38,374.39,374.38,374.39,374.385,2,2
1612203350,374.39,374.39,374.39,374.39,374.39,0,0
1612203355,374.39,374.39,374.39,374.39,374.39,0,0
1612203360,374.29,374.29,374.29,374.29,374.29,1,1
1612203365,374.4,374.4,374.4,374.4,374.4,1,1
1612203370,374.4,374.42,374.4,374.42,374.41,2,2
1612203375,374.42,374.42,374.42,374.42,374.42,0,0
1612203380,374.42,374.42,374.42,374.42,374.42,0,0
1612203385,374.42,374.42,374.42,374.42,374.42,0,0
1612203390,374.42,374.42,374.42,374.42,374.42,0,0
1612203395,374.65,374.65,374.65,374.65,374.65,2,2
1612203400,374.65,374.65,374.65,374.65,374.65,0,0
1612203405,374.65,374.65,374.65,374.65,374.65,0,0
1612203410,374.65,374.65,374.65,374.65,374.65,0,0
1612203415,374.65,374.65,374.65,374.65,374.65,0,0
1612203420,374.65,374.65,374.65,374.65,374.65,0,0
1612203425,374.65,374.65,374.65,374.65,374.65,0,0
1612203430,374.65,374.65,374.65,374.65,374.65,0,0
1612203435,374.65,374.65,374.65,374.65,374.65,0,0
1612203440,374.65,374.65,374.65,374.65,374.65,0,0
1612203445,374.65,374.65,374.65,374.65,374.65,0,0
1612203450,374.65,374.65,374.65,374.65,374.65,0,0
1612203455,374.65,374.65,374.65,374.65,374.65,0,0
1612203460,374.66,374.66,374.62,374.62,374.642,6,4
1612203465,374.62,374.62,374.62,374.62,374.62,0,0
1612203470,374.87,374.88,374.87,374.88,374.875,2,2
1612203475,374.98,374.99,374.98,374.98,374.982,5,1
1612203480,374.99,375.0,374.99,375.0,374.999,10,5
1612203485,374.83,374.83,374.82,374.83,374.827,2,1
1612203490,374.83,374.83,374.82,374.83,374.83,0,0
1612203495,374.87,375.01,374.83,374.87,374.874,7,7
1612203500,374.83,374.86,374.83,374.86,374.842,3,3
1612203505,374.83,374.83,374.83,374.83,374.83,2,2
1612203510,374.83,374.83,374.83,374.83,374.83,1,1
1612203515,374.83,374.83,374.83,374.83,374.83,0,0
1612203520,374.75,375.01,374.75,375.01,374.84,3,2
1612203525,375.01,375.01,375.01,375.01,375.01,0,0
1612203530,374.98,374.99,374.98,374.98,374.983,1,1
1612203535,374.98,374.99,374.98,374.98,374.98,0,0
1612203540,374.98,374.98,374.98,374.98,374.98,3,3
1612203545,375.06,375.06,375.06,375.06,375.06,1,1
1612203550,375.06,375.06,375.06,375.06,375.06,0,0
1612203555,375.06,375.06,375.06,375.06,375.06,0,0
1612203560,375.06,375.06,375.06,375.06,375.06,0,0
1612203565,375.06,375.06,375.06,375.06,375.06,0,0
1612203570,375.18,375.18,375.18,375.18,375.18,1,1
1612203575,375.07,375.07,375.02,375.03,375.05,2,2
1612203580,375.03,375.03,375.02,375.03,375.03,0,0
1612203585,375.03,375.03,375.02,375.03,375.03,0,0
1612203590,375.05,375.05,375.05,375.05,375.05,1,1
1612203595,375.05,375.05,375.05,375.05,375.05,1,1
1612203600,375.05,375.05,375.05,375.05,375.05,0,0
1612203605,375.0,375.39,375.0,375.39,375.055,20,3
1612203610,375.39,375.39,375.38,375.39,375.39,0,0
1612203615,375.39,375.39,375.38,375.39,375.39,0,0
1612203620,375.39,375.39,375.38,375.39,375.39,0,0
1612203625,375.39,375.39,375.38,375.39,375.39,0,0
1612203630,375.39,375.39,375.38,375.39,375.39,0,0
1612203635,375.39,375.39,375.38,375.39,375.39,0,0
1612203640,375.34,375.34,375.27,375.27,375.303,2,2
1612203645,375.27,375.27,375.27,375.27,375.27,0,0
1612203650,375.27,375.27,375.27,375.27,375.27,0,0
1612203655,375.27,375.27,375.27,375.27,375.27,0,0
1612203660,375.23,375.23,375.23,375.23,375.23,2,2
1612203665,375.23,375.23,375.23,375.23,375.23,0,0
1612203670,375.23,375.23,375.23,375.23,375.23,0,0
1612203675,375.23,375.23,375.23,375.23,375.23,0,0
1612203680,375.23,375.23,375.23,375.23,375.23,0,0
1612203685,375.46,375.46,375.18,375.18,375.2,14,2
1612203690,375.18,375.19,375.18,375.18,375.18,0,0
1612203695,375.5,375.5,375.49,375.49,375.495,2,2
1612203700,375.65,375.65,375.48,375.48,375.551,2,2
1612203705,375.48,375.48,375.48,375.48,375.48,0,0
1612203710,375.48,375.48,375.48,375.48,375.48,0,0
1612203715,375.48,375.48,375.48,375.48,375.48,0,0
1612203720,375.85,375.86,375.82,375.82,375.843,3,3
1612203725,375.82,375.82,375.82,375.82,375.82,0,0
1612203730,375.69,375.7,375.69,375.7,375.698,4,4
1612203735,375.88,375.88,375.87,375.88,375.875,3,1
1612203740,376.03,376.05,376.02,376.04,376.038,6,6
1612203745,376.05,376.24,375.85,376.24,376.022,14,6
1612203750,376.24,376.24,376.24,376.24,376.24,0,0
1612203755,376.19,376.19,376.19,376.19,376.19,1,1
1612203760,376.5,376.5,376.49,376.5,376.5,1,1
1612203765,376.5,376.5,376.49,376.5,376.5,0,0
1612203770,376.5,376.5,376.49,376.5,376.5,0,0
1612203775,376.12,376.12,376.11,376.12,376.115,1,1
1612203780,376.12,376.12,376.11,376.12,376.12,0,0
1612203785,376.12,376.12,376.11,376.12,376.12,0,0
1612203790,376.12,376.12,376.11,376.12,376.12,0,0
1612203795,376.38,376.38,376.38,376.38,376.38,1,1
1612203800,376.38,376.38,376.38,376.38,376.38,0,0
1612203805,376.38,376.38,376.38,376.38,376.38,0,0
1612203810,376.38,376.38,376.38,376.38,376.38,0,0
1612203815,376.38,376.38,376.38,376.38,376.38,0,0
1612203820,376.13,376.13,376.12,376.13,376.128,1,1
1612203825,376.13,376.13,376.12,376.13,376.128,1,1
1612203830,376.13,376.13,376.12,376.13,376.13,0,0
1612203835,376.13,376.13,376.12,376.13,376.13,0,0
1612203840,376.13,376.13,376.12,376.13,376.13,0,0
1612203845,376.13,376.13,376.12,376.13,376.13,0,0
1612203850,376.11,376.11,376.01,376.01,376.1,11,5
1612203855,376.1,376.1,376.09,376.1,376.095,1,1
1612203860,376.01,376.2,376.01,376.19,376.133,3,3
1612203865,376.2,376.2,376.2,376.2,376.2,1,1
1612203870,376.15,376.15,376.15,376.15,376.15,1,1
1612203875,376.15,376.15,376.15,376.15,376.15,0,0
1612203880,376.15,376.15,376.15,376.15,376.15,0,0
1612203885,376.15,376.15,376.15,376.15,376.15,0,0
1612203890,376.31,376.35,376.31,376.35,376.342,11,4
1612203895,376.35,376.59,376.35,376.59,376.38,13,3
1612203900,376.59,376.59,376.59,376.59,376.59,0,0
1612203905,376.59,376.59,376.59,376.59,376.59,0,0
1612203910,376.61,376.61,376.6,376.61,376.609,6,2
1612203915,376.62,376.62,376.62,376.62,376.62,1,1
1612203920,376.43,376.43,376.42,376.43,376.429,1,1
1612203925,376.58,376.59,376.58,376.58,376.581,1,1
1612203930,376.71,376.73,376.71,376.73,376.721,2,2
1612203935,376.73,376.73,376.72,376.73,376.73,0,0
1612203940,376.73,376.73,376.72,376.73,376.73,0,0
1612203945,376.73,376.73,376.72,376.73,376.73,0,0
1612203950,376.79,376.79,376.79,376.79,376.79,1,1
1612203955,376.62,376.62,376.56,376.56,376.59,4,4
1612203960,376.56,376.56,376.56,376.56,376.56,0,0
1612203965,376.56,376.56,376.56,376.56,376.56,0,0
1612203970,376.56,376.56,376.56,376.56,376.56,0,0
1612203975,376.56,376.56,376.56,376.56,376.56,0,0
1612203980,376.86,376.86,376.74,376.74,376.819,3,2
1612203985,376.74,376.74,376.74,376.74,376.74,0,0
1612203990,376.42,376.42,376.11,376.21,376.188,13,6
1612203995,376.21,376.21,376.21,376.21,376.21,0,0
1612204000,376.17,376.17,376.17,376.17,376.17,1,1
1612204005,376.17,376.17,376.17,376.17,376.17,0,0
1612204010,376.17,376.17,376.17,376.17,376.17,0,0
1612204015,376.17,376.17,376.17,376.17,376.17,0,0
1612204020,376.24,376.25,376.24,376.24,376.24,1,1
1612204025,376.24,376.25,376.24,376.24,376.24,0,0
1612204030,376.24,376.25,376.24,376.24,376.24,0,0
1612204035,376.24,376.25,376.24,376.24,376.24,0,0
1612204040,376.24,376.25,376.24,376.24,376.24,0,0
1612204045,376.24,376.25,376.24,376.24,376.24,0,0
1612204050,376.49,376.59,376.49,376.59,376.547,4,3
1612204055,376.62,376.62,376.62,376.62,376.62,1,1
1612204060,376.62,376.62,376.62,376.62,376.62,0,0
1612204065,376.64,376.89,376.64,376.89,376.79,11,6
1612204070,376.63,376.63,376.63,376.63,376.63,1,1
1612204075,376.39,376.4,376.39,376.39,376.39,6,1
1612204080,376.39,376.4,376.39,376.39,376.39,0,0
1612204085,376.39,376.4,376.39,376.39,376.39,0,0
1612204090,376.39,376.4,376.39,376.39,376.39,0,0
1612204095,376.39,376.4,376.39,376.39,376.39,0,0
1612204100,376.39,376.4,376.39,376.39,376.39,0,0
1612204105,376.66,376.66,376.66,376.66,376.66,1,1
1612204110,376.66,376.66,376.66,376.66,376.66,0,0
1612204115,376.66,376.66,376.66,376.66,376.66,0,0
1612204120,376.66,376.66,376.66,376.66,376.66,0,0
1612204125,376.66,376.66,376.66,376.66,376.66,0,0
1612204130,376.7,376.88,376.5,376.64,376.661,4,4
1612204135,376.7,376.7,376.7,376.7,376.7,2,1
1612204140,376.7,376.7,376.7,376.7,376.7,0,0
1612204145,376.7,376.7,376.7,376.7,376.7,0,0
1612204150,376.7,376.7,376.7,376.7,376.7,0,0
1612204155,376.7,376.7,376.7,376.7,376.7,0,0
1612204160,376.7,376.7,376.7,376.7,376.7,0,0
1612204165,376.7,376.7,376.7,376.7,376.7,0,0
1612204170,376.51,376.51,376.5,376.5,376.508,5,5
1612204175,376.29,376.3,376.29,376.29,376.29,3,1
1612204180,376.86,376.86,376.86,376.86,376.86,1,1
1612204185,376.86,376.86,376.86,376.86,376.86,0,0
1612204190,376.86,376.86,376.86,376.86,376.86,0,0
1612204195,376.86,376.86,376.86,376.86,376.86,0,0
1612204200,376.86,376.86,376.86,376.86,376.86,0,0
1612204205,376.9,377.0,376.9,377.0,376.987,22,4
1612204210,377.03,377.03,377.03,377.03,377.03,1,1
1612204215,377.03,377.03,377.03,377.03,377.03,0,0
1612204220,377.08,377.08,377.08,377.08,377.08,1,1
1612204225,376.97,376.98,376.97,376.97,376.972,1,1
1612204230,376.97,376.98,376.97,376.97,376.97,0,0
1612204235,376.97,376.98,376.97,376.97,376.97,0,0
1612204240,376.97,376.98,376.97,376.97,376.97,0,0
1612204245,376.86,376.86,376.86,376.86,376.86,1,1
1612204250,376.86,376.86,376.86,376.86,376.86,0,0
1612204255,376.86,376.86,376.86,376.86,376.86,0,0
1612204260,376.69,376.69,376.62,376.62,376.67,5,5
1612204265,376.55,376.55,376.55,376.55,376.55,2,2
1612204270,376.39,376.39,376.36,376.36,376.375,4,3
1612204275,376.59,376.59,376.59,376.59,376.59,1,1
1612204280,376.58,376.58,376.58,376.58,376.58,4,4
1612204285,376.56,376.57,376.56,376.56,376.565,1,1
1612204290,376.56,376.57,376.56,376.56,376.56,0,0
1612204295,376.56,376.57,376.56,376.56,376.56,0,0
1612204300,376.58,376.58,376.58,376.58,376.58,1,1
1612204305,376.58,376.58,376.58,376.58,376.58,0,0
1612204310,376.58,376.58,376.58,376.58,376.58,0,0
1612204315,376.58,376.58,376.58,376.58,376.58,0,0
1612204320,376.58,376.58,376.58,376.58,376.58,0,0
1612204325,376.58,376.58,376.58,376.58,376.58,0,0
1612204330,376.58,376.58,376.58,376.58,376.58,0,0
1612204335,376.58,376.58,376.58,376.58,376.58,0,0
1612204340,376.77,376.82,376.77,376.82,376.802,2,2
1612204345,376.69,376.8,376.69,376.8,376.727,3,2
1612204350,376.8,376.8,376.8,376.8,376.8,0,0
1612204355,376.8,376.8,376.8,376.8,376.8,0,0
1612204360,376.8,376.8,376.8,376.8,376.8,0,0
1612204365,376.8,376.8,376.8,376.8,376.8,0,0
1612204370,376.8,376.8,376.79,376.8,376.798,4,2
1612204375,376.8,376.8,376.79,376.8,376.8,0,0
1612204380,376.8,376.8,376.79,376.8,376.8,0,0
1612204385,376.75,376.75,376.75,376.75,376.75,1,1
1612204390,376.75,376.75,376.75,376.75,376.75,0,0
1612204395,376.75,376.75,376.75,376.75,376.75,0,0
1612204400,376.75,376.76,376.75,376.75,376.754,1,1
1612204405,376.83,376.83,376.82,376.83,376.825,1,1
1612204410,376.83,376.83,376.82,376.83,376.83,0,0
1612204415,376.66,376.98,376.66,376.98,376.819,2,2
1612204420,376.98,376.98,376.97,376.98,376.98,0,0
1612204425,376.98,376.98,376.97,376.98,376.98,0,0
1612204430,376.98,376.98,376.97,376.98,376.98,0,0
1612204435,376.98,376.98,376.97,376.98,376.98,0,0
1612204440,376.98,376.98,376.97,376.98,376.98,0,0
1612204445,376.98,376.98,376.97,376.98,376.98,0,0
1612204450,376.76,376.76,376.76,376.76,376.76,1,1
1612204455,376.99,376.99,376.92,376.92,376.96,2,2
1612204460,376.92,376.92,376.92,376.92,376.92,0,0
1612204465,376.66,376.67,376.66,376.66,376.665,1,1
1612204470,376.85,376.85,376.85,376.85,376.85,1,1
1612204475,376.9,376.9,376.9,376.9,376.9,1,1
1612204480,376.9,376.9,376.9,376.9,376.9,0,0
1612204485,376.91,377.0,376.91,376.99,376.978,9,5
1612204490,376.99,376.99,376.99,376.99,376.99,0,0
1612204495,377.16,377.16,377.15,377.16,377.156,2,1
1612204500,377.13,377.13,377.13,377.13,377.13,1,1
1612204505,376.91,376.92,376.91,376.91,376.912,1,1
1612204510,376.91,376.92,376.91,376.91,376.91,0,0
1612204515,376.91,376.92,376.91,376.91,376.91,0,0
1612204520,377.02,377.02,377.02,377.02,377.02,1,1
1612204525,376.75,376.76,376.75,376.75,376.75,2,1
1612204530,376.75,376.76,376.75,376.75,376.75,0,0
1612204535,376.75,376.76,376.75,376.75,376.75,0,0
1612204540,376.75,376.76,376.75,376.75,376.75,0,0
1612204545,376.75,376.76,376.75,376.75,376.75,0,0
1612204550,376.81,376.81,376.81,376.81,376.81,1,1
1612204555,376.81,376.81,376.81,376.81,376.81,0,0
1612204560,377.1,377.1,377.1,377.1,377.1,1,1
1612204565,377.1,377.1,377.1,377.1,377.1,0,0
1612204570,377.1,377.1,377.1,377.1,377.1,0,0
1612204575,377.1,377.1,377.1,377.1,377.1,0,0
1612204580,377.1,377.1,377.1,377.1,377.1,0,0
1612204585,377.09,377.09,377.09,377.09,377.09,1,1
1612204590,376.94,376.95,376.94,376.94,376.943,6,1
1612204595,377.14,377.34,377.14,377.15,377.198,15,8
1612204600,377.15,377.15,377.15,377.15,377.15,0,0
1612204605,377.15,377.15,377.15,377.15,377.15,0,0
1612204610,377.13,377.13,377.13,377.13,377.13,1,1
1612204615,377.13,377.13,377.13,377.13,377.13,0,0
1612204620,377.03,377.03,376.88,376.88,376.948,6,6
1612204625,376.88,376.88,376.88,376.88,376.88,1,1
1612204630,376.88,376.88,376.88,376.88,376.88,0,0
1612204635,376.88,376.88,376.88,376.88,376.88,0,0
1612204640,376.88,376.88,376.88,376.88,376.88,1,1
1612204645,376.88,376.88,376.88,376.88,376.88,0,0
1612204650,376.88,376.88,376.88,376.88,376.88,0,0
1612204655,376.8,376.81,376.59,376.59,376.749,4,2
1612204660,376.59,376.59,376.59,376.59,376.59,0,0
1612204665,376.77,376.86,376.77,376.8,376.827,4,4
1612204670,377.0,377.0,376.99,377.0,376.997,2,1
1612204675,377.0,377.0,376.99,377.0,377.0,0,0
1612204680,376.85,376.85,376.85,376.85,376.85,1,1
1612204685,376.85,376.85,376.85,376.85,376.85,0,0
1612204690,376.85,376.85,376.85,376.85,376.85,0,0
1612204695,376.85,376.85,376.85,376.85,376.85,0,0
1612204700,376.85,376.85,376.85,376.85,376.85,0,0
1612204705,376.85,376.85,376.85,376.85,376.85,0,0
1612204710,377.0,377.0,377.0,377.0,377.0,14,1
1612204715,376.75,376.76,376.75,376.75,376.751,1,1
1612204720,376.75,376.76,376.75,376.75,376.75,0,0
1612204725,376.94,376.94,376.72,376.72,376.831,8,7
1612204730,376.72,376.72,376.72,376.72,376.72,0,0
1612204735,376.6,376.65,376.58,376.65,376.592,11,5
1612204740,376.6,376.6,376.6,376.6,376.6,1,1
1612204745,376.6,376.6,376.6,376.6,376.6,0,0
1612204750,376.69,376.7,376.69,376.69,376.695,1,1
1612204755,376.69,376.7,376.69,376.69,376.69,0,0
1612204760,376.65,376.66,376.65,376.65,376.652,5,1
1612204765,376.65,376.66,376.65,376.65,376.65,0,0
1612204770,376.65,376.66,376.65,376.65,376.65,0,0
1612204775,376.65,376.66,376.65,376.65,376.65,0,0
1612204780,376.92,376.92,376.91,376.92,376.919,2,1
1612204785,376.65,376.65,376.6,376.6,376.635,3,2
1612204790,376.6,376.6,376.6,376.6,376.6,0,0
1612204795,376.6,376.6,376.6,376.6,376.6,0,0
1612204800,376.6,376.6,376.6,376.6,376.6,0,0
1612204805,376.6,376.6,376.6,376.6,376.6,0,0
1612204810,376.6,376.6,376.6,376.6,376.6,0,0
1612204815,376.6,376.6,376.6,376.6,376.6,0,0
1612204820,376.6,376.6,376.6,376.6,376.6,0,0
1612204825,376.47,376.48,376.4,376.4,376.45,3,3
1612204830,376.4,376.4,376.4,376.4,376.4,0,0
1612204835,376.4,376.4,376.4,376.4,376.4,0,0
1612204840,376.4,376.4,376.4,376.4,376.4,0,0
1612204845,376.4,376.4,376.4,376.4,376.4,0,0
1612204850,376.48,376.48,376.48,376.48,376.48,1,1
1612204855,376.48,376.48,376.48,376.48,376.48,0,0
1612204860,376.48,376.48,376.48,376.48,376.48,0,0
1612204865,376.48,376.48,376.48,376.48,376.48,0,0
1612204870,376.48,376.48,376.48,376.48,376.48,0,0
1612204875,376.48,376.48,376.48,376.48,376.48,0,0
1612204880,376.48,376.48,376.48,376.48,376.48,0,0
1612204885,376.48,376.48,376.48,376.48,376.48,0,0
1612204890,376.48,376.48,376.48,376.48,376.48,0,0
1612204895,376.52,376.52,376.51,376.52,376.515,1,1
1612204900,376.52,376.52,376.51,376.52,376.52,0,0
1612204905,376.52,376.52,376.51,376.52,376.52,0,0
1612204910,376.52,376.52,376.51,376.52,376.52,0,0
1612204915,376.52,376.52,376.51,376.52,376.52,0,0
1612204920,376.52,376.52,376.51,376.52,376.52,0,0
1612204925,376.52,376.52,376.51,376.52,376.52,0,0
1612204930,376.52,376.52,376.51,376.52,376.52,0,0
1612204935,376.52,376.52,376.51,376.52,376.52,0,0
1612204940,376.47,376.47,376.07,376.07,376.213,9,9
1612204945,376.07,376.07,376.07,376.07,376.07,0,0
1612204950,375.89,375.89,375.87,375.87,375.887,12,3
1612204955,375.87,375.87,375.87,375.87,375.87,0,0
1612204960,375.87,375.87,375.87,375.87,375.87,0,0
1612204965,375.87,375.87,375.87,375.87,375.87,0,0
1612204970,376.1,376.11,376.1,376.11,376.102,5,5
1612204975,376.19,376.19,376.12,376.12,376.155,2,2
1612204980,376.22,376.23,376.22,376.22,376.223,1,1
1612204985,376.22,376.23,376.22,376.22,376.22,0,0
1612204990,376.22,376.23,376.22,376.22,376.22,0,0
1612204995,376.22,376.23,376.22,376.22,376.22,0,0
1612205000,376.22,376.23,376.22,376.22,376.22,0,0
1612205005,376.22,376.23,376.22,376.22,376.22,0,0
1612205010,376.22,376.23,376.22,376.22,376.22,0,0
1612205015,376.22,376.23,376.22,376.22,376.22,0,0
1612205020,376.22,376.23,376.22,376.22,376.22,0,0
1612205025,376.19,376.19,376.06,376.06,376.138,9,9
1612205030,376.03,376.03,376.03,376.03,376.03,1,1
1612205035,376.03,376.03,376.03,376.03,376.03,0,0
1612205040,376.03,376.03,376.03,376.03,376.03,0,0
1612205045,376.03,376.03,376.03,376.03,376.03,0,0
1612205050,376.03,376.03,376.03,376.03,376.03,0,0
1612205055,376.03,376.03,376.03,376.03,376.03,0,0
1612205060,376.03,376.03,376.03,376.03,376.03,0,0
1612205065,376.03,376.03,376.03,376.03,376.03,0,0
1612205070,376.03,376.03,376.03,376.03,376.03,0,0
1612205075,376.03,376.03,376.03,376.03,376.03,0,0
1612205080,376.03,376.03,376.03,376.03,376.03,0,0
1612205085,376.03,376.03,376.03,376.03,376.03,0,0
1612205090,376.03,376.03,376.03,376.03,376.03,0,0
1612205095,376.03,376.03,376.03,376.03,376.03,0,0
1612205100,376.03,376.03,376.03,376.03,376.03,0,0
1612205105,376.03,376.03,376.03,376.03,376.03,0,0
1612205110,376.03,376.03,376.03,376.03,376.03,0,0
1612205115,376.38,376.38,376.38,376.38,376.38,1,1
1612205120,376.52,376.52,376.31,376.31,376.415,2,2
1612205125,376.31,376.31,376.31,376.31,376.31,0,0
1612205130,376.33,376.33,376.25,376.25,376.272,6,2
1612205135,376.25,376.26,376.25,376.25,376.25,0,0
1612205140,376.25,376.26,376.25,376.25,376.25,0,0
1612205145,376.25,376.25,376.24,376.24,376.245,2,2
1612205150,376.24,376.24,376.24,376.24,376.24,0,0
1612205155,376.24,376.24,376.24,376.24,376.24,0,0
1612205160,376.05,376.05,376.04,376.05,376.048,3,3
1612205165,375.9,375.9,375.89,375.9,375.895,1,1
1612205170,375.9,375.9,375.89,375.9,375.9,0,0
1612205175,375.88,375.93,375.66,375.93,375.777,6,4
1612205180,375.93,375.93,375.93,375.93,375.93,0,0
1612205185,375.93,375.93,375.93,375.93,375.93,0,0
1612205190,375.93,375.93,375.93,375.93,375.93,0,0
1612205195,375.93,375.93,375.93,375.93,375.93,0,0
1612205200,375.93,375.93,375.93,375.93,375.93,0,0
1612205205,376.0,376.0,375.99,375.99,375.997,3,3
1612205210,376.11,376.11,375.85,375.85,375.98,2,2
1612205215,375.85,375.85,375.85,375.85,375.85,0,0
1612205220,375.85,375.85,375.85,375.85,375.85,0,0
1612205225,375.85,375.85,375.85,375.85,375.85,0,0
1612205230,375.85,375.85,375.85,375.85,375.85,0,0
1612205235,375.85,375.85,375.85,375.85,375.85,0,0
1612205240,375.85,375.85,375.85,375.85,375.85,0,0
1612205245,375.85,375.85,375.85,375.85,375.85,0,0
1612205250,376.35,376.35,376.35,376.35,376.35,1,1
1612205255,376.35,376.35,376.35,376.35,376.35,0,0
1612205260,376.35,376.35,376.35,376.35,376.35,0,0
1612205265,376.35,376.35,376.35,376.35,376.35,0,0
1612205270,376.3,376.46,376.29,376.46,376.378,2,2
1612205275,376.46,376.46,376.46,376.46,376.46,0,0
1612205280,376.46,376.46,376.46,376.46,376.46,0,0
1612205285,376.46,376.46,376.46,376.46,376.46,0,0
1612205290,376.46,376.46,376.46,376.46,376.46,0,0
1612205295,376.46,376.46,376.46,376.46,376.46,0,0
1612205300,376.61,376.61,376.61,376.61,376.61,1,1
1612205305,376.61,376.61,376.61,376.61,376.61,0,0
1612205310,376.61,376.61,376.61,376.61,376.61,0,0
1612205315,376.61,376.61,376.61,376.61,376.61,0,0
1612205320,376.61,376.61,376.61,376.61,376.61,0,0
1612205325,376.61,376.61,376.61,376.61,376.61,0,0
1612205330,376.61,376.61,376.61,376.61,376.61,0,0
1612205335,376.61,376.61,376.61,376.61,376.61,0,0
1612205340,376.61,376.61,376.61,376.61,376.61,0,0
1612205345,376.61,376.61,376.61,376.61,376.61,0,0
1612205350,376.61,376.61,376.61,376.61,376.61,0,0
1612205355,376.51,376.51,376.51,376.51,376.51,2,2
1612205360,376.51,376.51,376.51,376.51,376.51,0,0
1612205365,376.51,376.51,376.51,376.51,376.51,0,0
1612205370,376.51,376.51,376.51,376.51,376.51,0,0
1612205375,376.51,376.51,376.51,376.51,376.51,0,0
1612205380,376.51,376.51,376.51,376.51,376.51,0,0
1612205385,376.59,376.59,376.49,376.49,376.552,5,5
1612205390,376.56,376.56,376.55,376.56,376.555,1,1
1612205395,376.56,376.56,376.55,376.56,376.56,0,0
1612205400,376.56,376.56,376.55,376.56,376.56,0,0
1612205405,376.56,376.56,376.55,376.56,376.56,0,0
1612205410,376.56,376.84,376.55,376.84,376.802,11,2
1612205415,376.84,376.84,376.83,376.84,376.84,0,0
1612205420,376.84,376.84,376.83,376.84,376.84,0,0
1612205425,376.84,376.84,376.83,376.84,376.84,0,0
1612205430,376.84,376.84,376.83,376.84,376.84,0,0
1612205435,376.68,376.68,376.68,376.68,376.68,1,1
1612205440,376.68,376.68,376.68,376.68,376.68,1,1
1612205445,376.68,376.68,376.68,376.68,376.68,0,0
1612205450,376.68,376.68,376.68,376.68,376.68,0,0
1612205455,376.93,376.94,376.93,376.93,376.933,1,1
1612205460,376.94,376.94,376.94,376.94,376.94,1,1
1612205465,376.85,376.86,376.85,376.85,376.852,1,1
1612205470,376.85,376.86,376.85,376.85,376.85,0,0
1612205475,376.85,376.86,376.85,376.85,376.85,0,0
1612205480,376.85,376.86,376.85,376.85,376.85,0,0
1612205485,376.59,376.6,376.59,376.59,376.59,2,1
1612205490,376.59,376.6,376.59,376.59,376.59,0,0
1612205495,376.59,376.6,376.59,376.59,376.59,0,0
1612205500,376.59,376.6,376.59,376.59,376.59,0,0
1612205505,376.78,376.96,376.77,376.95,376.865,4,3
1612205510,376.95,376.95,376.95,376.95,376.95,0,0
1612205515,376.95,376.95,376.95,376.95,376.95,0,0
1612205520,376.95,376.95,376.95,376.95,376.95,0,0
1612205525,376.95,376.95,376.95,376.95,376.95,0,0
1612205530,376.9,376.9,376.89,376.9,376.895,1,1
1612205535,376.9,376.9,376.89,376.9,376.9,0,0
1612205540,376.9,376.9,376.89,376.9,376.9,0,0
1612205545,376.9,376.9,376.89,376.9,376.9,0,0
1612205550,377.1,377.15,377.05,377.15,377.098,5,5
1612205555,377.15,377.15,377.15,377.15,377.15,0,0
1612205560,377.09,377.09,377.09,377.09,377.09,1,1
1612205565,377.09,377.09,377.09,377.09,377.09,0,0
1612205570,377.09,377.09,377.09,377.09,377.09,0,0
1612205575,377.09,377.09,377.09,377.09,377.09,0,0
1612205580,377.0,377.0,376.61,376.61,376.869,3,3
1612205585,376.61,376.61,376.61,376.61,376.61,0,0
1612205590,376.61,376.61,376.61,376.61,376.61,0,0
1612205595,376.61,376.61,376.61,376.61,376.61,0,0
1612205600,376.61,376.61,376.61,376.61,376.61,0,0
1612205605,376.61,376.61,376.61,376.61,376.61,0,0
1612205610,376.61,376.61,376.61,376.61,376.61,0,0
1612205615,376.61,376.61,376.61,376.61,376.61,0,0
1612205620,376.61,376.61,376.61,376.61,376.61,0,0
1612205625,376.76,376.76,376.76,376.76,376.76,2,2
1612205630,376.76,376.76,376.76,376.76,376.76,0,0
1612205635,376.76,376.76,376.76,376.76,376.76,0,0
1612205640,376.85,376.85,376.84,376.85,376.845,1,1
1612205645,376.85,376.85,376.84,376.85,376.85,0,0
1612205650,376.58,376.59,376.58,376.58,376.581,1,1
1612205655,376.58,376.59,376.58,376.58,376.58,0,0
1612205660,376.58,376.59,376.58,376.58,376.58,0,0
1612205665,376.54,376.55,376.54,376.54,376.54,4,1
1612205670,376.56,376.57,376.56,376.57,376.565,2,2
1612205675,376.57,376.57,376.57,376.57,376.57,0,0
1612205680,376.57,376.57,376.57,376.57,376.57,0,0
1612205685,376.57,376.57,376.57,376.57,376.57,0,0
1612205690,376.57,376.57,376.57,376.57,376.57,0,0
1612205695,376.57,376.57,376.57,376.57,376.57,0,0
1612205700,376.57,376.57,376.57,376.57,376.57,0,0
1612205705,376.79,376.79,376.79,376.79,376.79,1,1
1612205710,376.81,376.81,376.81,376.81,376.81,1,1
1612205715,376.81,376.81,376.81,376.81,376.81,0,0
1612205720,377.0,377.02,377.0,377.02,377.007,4,3
1612205725,377.02,377.02,377.02,377.02,377.02,0,0
1612205730,377.12,377.12,377.12,377.12,377.12,1,1
1612205735,377.12,377.12,377.12,377.12,377.12,0,0
1612205740,377.12,377.12,377.12,377.12,377.12,0,0
1612205745,377.12,377.12,377.12,377.12,377.12,0,0
1612205750,377.12,377.12,377.12,377.12,377.12,1,1
1612205755,377.12,377.12,377.12,377.12,377.12,0,0
1612205760,377.11,377.13,376.88,377.0,377.069,30,7
1612205765,377.05,377.2,377.05,377.2,377.165,8,3
1612205770,377.2,377.2,377.2,377.2,377.2,0,0
1612205775,377.2,377.2,377.2,377.2,377.2,0,0
1612205780,377.2,377.2,377.2,377.2,377.2,0,0
1612205785,377.04,377.11,377.0,377.11,377.023,11,6
1612205790,377.11,377.11,377.11,377.11,377.11,0,0
1612205795,377.11,377.11,377.11,377.11,377.11,0,0
1612205800,377.11,377.11,377.11,377.11,377.11,0,0
1612205805,377.11,377.11,377.11,377.11,377.11,0,0
1612205810,377.11,377.11,377.11,377.11,377.11,0,0
1612205815,377.32,377.35,377.32,377.35,377.341,3,2
1612205820,377.5,377.5,377.5,377.5,377.5,3,1
1612205825,377.5,377.5,377.5,377.5,377.5,0,0
1612205830,377.76,377.77,377.76,377.76,377.762,2,1
1612205835,377.68,377.84,377.67,377.84,377.796,10,5
1612205840,377.87,377.87,377.7,377.7,377.784,6,2
1612205845,377.7,377.7,377.7,377.7,377.7,0,0
1612205850,377.7,377.7,377.7,377.7,377.7,0,0
1612205855,377.7,377.7,377.7,377.7,377.7,0,0
1612205860,377.7,377.7,377.7,377.7,377.7,0,0
1612205865,377.7,377.7,377.7,377.7,377.7,0,0
1612205870,377.7,377.7,377.7,377.7,377.7,0,0
1612205875,377.69,377.7,377.69,377.69,377.695,1,1
1612205880,377.69,377.7,377.69,377.69,377.69,0,0
1612205885,377.69,377.7,377.69,377.69,377.69,0,0
1612205890,377.69,377.7,377.69,377.69,377.69,0,0
1612205895,377.72,377.72,377.71,377.72,377.715,1,1
1612205900,377.72,377.72,377.71,377.72,377.72,0,0
1612205905,377.72,377.72,377.71,377.72,377.72,0,0
1612205910,377.7,377.78,377.55,377.73,377.677,9,9
1612205915,377.73,377.73,377.72,377.73,377.73,1,1
1612205920,377.73,377.73,377.72,377.73,377.73,0,0
1612205925,377.92,378.15,377.92,378.15,378.03,12,10
1612205930,377.9,377.9,377.9,377.9,377.9,1,1
1612205935,377.9,377.9,377.9,377.9,377.9,0,0
1612205940,377.9,377.9,377.9,377.9,377.9,0,0
1612205945,378.13,378.14,378.13,378.13,378.132,1,1
1612205950,378.12,378.12,377.9,377.92,377.996,7,7
1612205955,377.92,377.92,377.92,377.92,377.92,0,0
1612205960,377.68,377.69,377.68,377.68,377.683,1,1
1612205965,377.68,377.69,377.68,377.68,377.68,0,0
1612205970,378.05,378.15,378.05,378.15,378.123,10,5
1612205975,378.3,378.31,378.3,378.3,378.302,5,2
1612205980,378.51,378.51,378.51,378.51,378.51,1,1
1612205985,378.41,378.41,378.41,378.41,378.41,1,1
1612205990,378.34,378.41,378.3,378.41,378.333,5,5
1612205995,378.41,378.41,378.41,378.41,378.41,0,0
1612206000,378.5,378.5,378.5,378.5,378.5,2,2
1612206005,378.5,378.5,378.5,378.5,378.5,0,0
1612206010,378.52,378.52,378.52,378.52,378.52,1,1
1612206015,378.3,378.3,378.3,378.3,378.3,3,3
1612206020,378.3,378.3,378.3,378.3,378.3,0,0
1612206025,378.3,378.3,378.3,378.3,378.3,2,2
1612206030,378.3,378.3,378.3,378.3,378.3,0,0
1612206035,378.3,378.3,378.3,378.3,378.3,0,0
1612206040,378.32,378.32,378.32,378.32,378.32,1,1
1612206045,378.21,378.21,378.21,378.21,378.21,1,1
1612206050,378.21,378.21,378.21,378.21,378.21,0,0
1612206055,378.21,378.21,378.21,378.21,378.21,0,0
1612206060,378.21,378.21,378.21,378.21,378.21,0,0
1612206065,378.28,378.28,378.28,378.28,378.28,5,1
1612206070,378.36,378.36,378.3,378.3,378.33,2,2
1612206075,378.3,378.3,378.3,378.3,378.3,0,0
1612206080,378.3,378.3,378.3,378.3,378.3,0,0
1612206085,378.3,378.3,378.3,378.3,378.3,0,0
1612206090,378.31,378.31,378.2,378.2,378.283,4,3
1612206095,378.19,378.19,378.06,378.18,378.164,7,7
1612206100,378.27,378.27,378.27,378.27,378.27,1,1
1612206105,378.27,378.27,378.27,378.27,378.27,0,0
1612206110,378.27,378.27,378.27,378.27,378.27,0,0
1612206115,378.27,378.27,378.27,378.27,378.27,0,0
1612206120,378.27,378.27,378.27,378.27,378.27,0,0
1612206125,378.35,378.35,378.35,378.35,378.35,1,1
1612206130,378.33,378.56,378.33,378.55,378.441,2,2
1612206135,378.2,378.2,378.16,378.16,378.182,6,6
1612206140,378.16,378.16,378.16,378.16,378.16,3,3
1612206145,378.19,378.19,377.98,377.99,378.074,4,4
1612206150,377.99,377.99,377.98,377.99,377.99,0,0
1612206155,377.99,377.99,377.98,377.99,377.99,0,0
1612206160,377.99,377.99,377.98,377.99,377.99,0,0
1612206165,377.88,377.88,377.88,377.88,377.88,1,1
1612206170,377.88,377.88,377.78,377.78,377.855,4,4
1612206175,377.65,377.65,377.64,377.65,377.645,1,1
1612206180,377.65,377.65,377.64,377.65,377.65,0,0
1612206185,377.65,377.65,377.64,377.65,377.65,0,0
1612206190,377.76,377.8,377.76,377.78,377.788,5,5
1612206195,377.65,377.65,377.62,377.63,377.649,40,13
1612206200,377.77,377.77,377.77,377.77,377.77,1,1
1612206205,377.83,377.91,377.73,377.85,377.823,8,8
1612206210,377.85,377.85,377.85,377.85,377.85,3,1
1612206215,377.85,377.85,377.85,377.85,377.85,4,1
1612206220,377.85,377.85,377.85,377.85,377.85,0,0
1612206225,378.12,378.12,378.11,378.11,378.117,3,3
1612206230,378.11,378.11,378.11,378.11,378.11,0,0
1612206235,378.11,378.11,378.11,378.11,378.11,0,0
1612206240,378.28,378.5,378.27,378.27,378.36,5,5
1612206245,378.14,378.38,378.14,378.38,378.224,3,3
1612206250,378.25,378.25,378.13,378.25,378.215,30,27
1612206255,378.15,378.24,378.01,378.24,378.13,5,4
1612206260,378.06,378.06,378.06,378.06,378.06,1,1
1612206265,378.0,378.11,378.0,378.11,378.055,2,2
1612206270,377.99,377.99,377.99,377.99,377.99,1,1
1612206275,377.98,378.02,377.98,377.98,377.996,8,4
1612206280,377.98,377.98,377.98,377.98,377.98,0,0
1612206285,377.98,377.98,377.98,377.98,377.98,0,0
1612206290,377.98,377.98,377.98,377.98,377.98,0,0
1612206295,377.85,377.92,377.85,377.88,377.889,6,6
1612206300,377.88,377.88,377.88,377.88,377.88,1,1
1612206305,377.85,377.85,377.85,377.85,377.85,1,1
1612206310,377.85,377.85,377.85,377.85,377.85,0,0
1612206315,377.61,377.61,377.6,377.6,377.605,2,2
1612206320,377.55,377.55,377.55,377.55,377.55,1,1
1612206325,377.54,377.54,377.53,377.53,377.537,3,3
1612206330,377.66,377.66,377.55,377.55,377.567,10,4
1612206335,377.55,377.55,377.55,377.55,377.55,0,0
1612206340,377.68,377.77,377.68,377.68,377.71,6,5
1612206345,377.77,377.87,377.76,377.76,377.812,5,5
1612206350,377.9,377.9,377.9,377.9,377.9,4,2
1612206355,377.79,377.79,377.79,377.79,377.79,1,1
1612206360,377.79,377.97,377.79,377.97,377.896,9,4
1612206365,377.97,377.97,377.97,377.97,377.97,0,0
1612206370,377.78,377.8,377.75,377.8,377.757,12,5
1612206375,377.8,377.8,377.8,377.8,377.8,4,4
1612206380,377.8,377.9,377.8,377.9,377.846,7,7
1612206385,378.09,378.09,378.09,378.09,378.09,1,1
1612206390,378.09,378.09,378.09,378.09,378.09,0,0
1612206395,378.0,378.23,378.0,378.22,378.037,6,2
1612206400,378.22,378.23,378.22,378.22,378.22,0,0
1612206405,378.22,378.23,378.22,378.22,378.22,0,0
1612206410,378.02,378.02,378.02,378.02,378.02,1,1
1612206415,378.16,378.16,378.16,378.16,378.16,1,1
1612206420,378.16,378.16,378.16,378.16,378.16,0,0
1612206425,378.13,378.19,378.13,378.19,378.172,3,3
1612206430,378.29,378.29,378.29,378.29,378.29,1,1
1612206435,378.29,378.29,378.29,378.29,378.29,0,0
1612206440,378.29,378.29,378.29,378.29,378.29,0,0
1612206445,378.38,378.6,378.37,378.53,378.505,8,8
1612206450,378.49,378.49,378.42,378.43,378.453,6,6
1612206455,378.58,378.59,378.58,378.58,378.583,1,1
1612206460,378.58,378.59,378.58,378.58,378.58,0,0
1612206465,378.68,378.68,378.68,378.68,378.68,1,1
1612206470,378.68,378.68,378.68,378.68,378.68,0,0
1612206475,378.85,378.85,378.65,378.73,378.739,5,5
1612206480,378.74,378.74,378.73,378.73,378.731,7,7
1612206485,378.73,378.73,378.73,378.73,378.73,0,0
1612206490,378.6,378.73,378.45,378.72,378.645,16,7
1612206495,378.72,378.73,378.72,378.72,378.72,0,0
1612206500,378.72,378.73,378.72,378.72,378.72,0,0
1612206505,378.42,378.42,378.36,378.37,378.393,2,2
1612206510,378.37,378.37,378.36,378.37,378.37,0,0
1612206515,378.22,378.22,378.22,378.22,378.22,1,1
1612206520,378.22,378.22,378.22,378.22,378.22,0,0
1612206525,378.22,378.22,378.22,378.22,378.22,0,0
1612206530,378.22,378.22,378.22,378.22,378.22,0,0
1612206535,378.22,378.22,378.22,378.22,378.22,0,0
1612206540,378.22,378.22,378.22,378.22,378.22,0,0
1612206545,378.35,378.35,378.35,378.35,378.35,1,1
1612206550,378.33,378.34,378.33,378.33,378.334,1,1
1612206555,378.23,378.23,378.23,378.23,378.23,1,1
1612206560,378.23,378.23,378.23,378.23,378.23,0,0
1612206565,378.11,378.11,378.11,378.11,378.11,1,1
1612206570,378.11,378.11,378.11,378.11,378.11,0,0
1612206575,378.11,378.11,378.11,378.11,378.11,0,0
1612206580,378.12,378.13,378.12,378.12,378.12,1,1
1612206585,378.04,378.04,378.04,378.04,378.04,2,2
1612206590,377.96,377.96,377.95,377.96,377.958,1,1
1612206595,378.11,378.11,378.11,378.11,378.11,1,1
1612206600,378.11,378.11,378.11,378.11,378.11,0,0
1612206605,378.09,378.11,378.09,378.11,378.103,6,6
1612206610,378.2,378.2,378.09,378.09,378.168,4,3
1612206615,378.23,378.24,378.23,378.24,378.235,2,2
1612206620,378.52,378.52,378.51,378.52,378.515,1,1
1612206625,378.52,378.52,378.51,378.52,378.52,0,0
1612206630,378.42,379.1,378.42,379.1,378.776,59,49
1612206635,379.0,379.29,379.0,379.29,379.029,25,14
1612206640,379.29,379.29,379.29,379.29,379.29,0,0
1612206645,379.01,379.15,379.0,379.0,379.019,9,4
1612206650,379.0,379.01,379.0,379.0,379.0,0,0
1612206655,378.85,378.85,378.71,378.71,378.773,3,3
1612206660,378.68,378.68,378.68,378.68,378.68,1,1
1612206665,378.68,378.68,378.68,378.68,378.68,0,0
1612206670,378.68,378.68,378.68,378.68,378.68,0,0
1612206675,378.63,378.63,378.63,378.63,378.63,1,1
1612206680,378.8,378.8,378.8,378.8,378.8,1,1
1612206685,378.8,378.8,378.8,378.8,378.8,0,0
1612206690,378.8,378.8,378.73,378.73,378.765,4,3
1612206695,378.73,378.73,378.73,378.73,378.73,0,0
1612206700,378.65,378.65,378.65,378.65,378.65,2,1
1612206705,378.65,378.65,378.65,378.65,378.65,0,0
1612206710,378.65,378.65,378.65,378.65,378.65,0,0
1612206715,378.65,378.65,378.65,378.65,378.65,0,0
1612206720,378.65,378.65,378.65,378.65,378.65,0,0
1612206725,378.65,378.65,378.65,378.65,378.65,0,0
1612206730,378.65,378.65,378.65,378.65,378.65,0,0
1612206735,378.91,378.92,378.91,378.91,378.912,6,1
1612206740,378.91,378.92,378.91,378.91,378.91,0,0
1612206745,378.76,378.85,378.76,378.85,378.805,2,2
1612206750,378.85,378.85,378.85,378.85,378.85,0,0
1612206755,378.85,378.85,378.85,378.85,378.85,0,0
1612206760,378.85,378.85,378.85,378.85,378.85,0,0
1612206765,378.85,378.85,378.85,378.85,378.85,0,0
1612206770,378.85,378.85,378.85,378.85,378.85,0,0
1612206775,378.75,378.81,378.5,378.5,378.649,20,17
1612206780,378.5,378.5,378.5,378.5,378.5,0,0
1612206785,378.36,378.41,378.26,378.28,378.328,7,7
1612206790,378.28,378.28,378.28,378.28,378.28,0,0
1612206795,378.28,378.28,378.28,378.28,378.28,0,0
1612206800,378.28,378.28,378.28,378.28,378.28,0,0
1612206805,378.28,378.28,378.28,378.28,378.28,0,0
1612206810,378.17,378.45,378.15,378.45,378.257,3,3
1612206815,378.62,378.62,378.61,378.62,378.615,2,1
1612206820,378.62,378.62,378.61,378.62,378.62,0,0
1612206825,378.18,378.18,378.18,378.18,378.18,1,1
1612206830,378.3,378.3,378.3,378.3,378.3,1,1
1612206835,378.3,378.3,378.3,378.3,378.3,0,0
1612206840,378.3,378.3,378.3,378.3,378.3,0,0
1612206845,378.3,378.3,378.3,378.3,378.3,0,0
1612206850,378.3,378.3,378.3,378.3,378.3,0,0
1612206855,378.19,378.19,378.18,378.19,378.187,1,1
1612206860,378.4,378.4,378.4,378.4,378.4,8,2
1612206865,378.4,378.4,378.4,378.4,378.4,0,0
1612206870,378.4,378.4,378.4,378.4,378.4,0,0
1612206875,378.4,378.4,378.4,378.4,378.4,0,0
1612206880,378.25,378.25,378.15,378.16,378.211,8,6
1612206885,378.16,378.16,378.16,378.16,378.16,0,0
1612206890,377.94,377.94,377.94,377.94,377.94,1,1
1612206895,377.94,377.94,377.94,377.94,377.94,0,0
1612206900,377.96,377.96,377.85,377.85,377.905,2,2
1612206905,377.85,377.85,377.85,377.85,377.85,0,0
1612206910,377.85,377.85,377.85,377.85,377.85,0,0
1612206915,377.85,377.85,377.85,377.85,377.85,0,0
1612206920,377.85,377.85,377.85,377.85,377.85,0,0
1612206925,377.85,377.85,377.85,377.85,377.85,0,0
1612206930,378.19,378.19,378.18,378.19,378.19,1,1
1612206935,378.06,378.06,378.06,378.06,378.06,1,1
1612206940,378.2,378.2,378.2,378.2,378.2,1,1
1612206945,378.2,378.2,378.2,378.2,378.2,0,0
1612206950,378.2,378.2,378.2,378.2,378.2,0,0
1612206955,378.2,378.2,378.2,378.2,378.2,0,0
1612206960,378.07,378.18,378.07,378.18,378.096,11,11
1612206965,378.18,378.18,378.17,378.18,378.18,0,0
1612206970,378.18,378.18,378.17,378.18,378.18,0,0
1612206975,378.18,378.18,378.17,378.18,378.18,0,0
1612206980,378.16,378.29,378.16,378.29,378.243,3,3
1612206985,378.29,378.29,378.29,378.29,378.29,0,0
1612206990,378.29,378.29,378.29,378.29,378.29,0,0
1612206995,378.29,378.29,378.29,378.29,378.29,0,0
1612207000,378.29,378.29,378.29,378.29,378.29,0,0
1612207005,378.29,378.29,378.29,378.29,378.29,0,0
1612207010,378.44,378.44,378.44,378.44,378.44,5,1
1612207015,378.18,378.18,378.02,378.03,378.069,10,5
1612207020,378.03,378.03,378.02,378.03,378.03,0,0
1612207025,378.14,378.14,378.14,378.14,378.14,1,1
1612207030,377.77,377.77,377.75,377.75,377.76,2,2
1612207035,377.75,377.75,377.75,377.75,377.75,0,0
1612207040,377.75,377.75,377.75,377.75,377.75,0,0
1612207045,377.75,377.75,377.75,377.75,377.75,0,0
1612207050,377.75,377.75,377.75,377.75,377.75,0,0
1612207055,377.56,377.72,377.56,377.72,377.676,5,5
1612207060,377.87,377.87,377.87,377.87,377.87,4,4
1612207065,377.83,377.83,377.82,377.83,377.825,4,2
1612207070,377.83,377.83,377.82,377.83,377.83,0,0
1612207075,377.81,377.81,377.75,377.75,377.787,3,3
1612207080,377.75,377.75,377.75,377.75,377.75,0,0
1612207085,377.75,377.75,377.75,377.75,377.75,0,0
1612207090,377.75,377.75,377.75,377.75,377.75,0,0
1612207095,377.81,377.81,377.81,377.81,377.81,2,1
1612207100,377.81,377.81,377.81,377.81,377.81,0,0
1612207105,377.81,377.81,377.81,377.81,377.81,0,0
1612207110,377.81,377.81,377.81,377.81,377.81,0,0
1612207115,377.9,377.9,377.64,377.64,377.741,6,4
1612207120,377.64,377.64,377.64,377.64,377.64,0,0
1612207125,377.73,377.73,377.57,377.57,377.615,7,3
1612207130,377.52,377.52,377.41,377.41,377.457,3,3
1612207135,377.41,377.41,377.41,377.41,377.41,0,0
1612207140,377.38,377.38,377.26,377.26,377.32,2,2
1612207145,377.26,377.27,377.26,377.26,377.26,0,0
1612207150,377.34,377.34,376.95,376.95,377.145,2,2
1612207155,376.95,376.96,376.95,376.95,376.95,0,0
1612207160,377.35,377.36,377.35,377.35,377.352,1,1
1612207165,377.35,377.36,377.35,377.35,377.35,0,0
1612207170,377.35,377.36,377.35,377.35,377.35,0,0
1612207175,377.35,377.36,377.35,377.35,377.35,0,0
1612207180,377.35,377.36,377.35,377.35,377.35,0,0
1612207185,377.35,377.36,377.35,377.35,377.35,0,0
1612207190,377.36,377.36,377.36,377.36,377.36,2,2
1612207195,377.36,377.36,377.36,377.36,377.36,0,0
1612207200,377.44,377.45,377.18,377.18,377.253,10,3
1612207205,377.18,377.18,377.18,377.18,377.18,0,0
1612207210,377.36,377.36,377.36,377.36,377.36,1,1
1612207215,377.36,377.36,377.36,377.36,377.36,0,0
1612207220,377.33,377.33,377.32,377.33,377.325,2,1
1612207225,377.33,377.33,377.32,377.33,377.33,0,0
1612207230,377.33,377.33,377.32,377.33,377.33,0,0
1612207235,377.33,377.33,377.32,377.33,377.33,0,0
1612207240,377.33,377.33,377.32,377.33,377.33,0,0
1612207245,377.33,377.33,377.32,377.33,377.33,0,0
1612207250,377.33,377.33,377.32,377.33,377.33,0,0
1612207255,377.33,377.33,377.32,377.33,377.33,0,0
1612207260,377.5,377.52,377.5,377.52,377.509,8,6
1612207265,377.52,377.52,377.52,377.52,377.52,0,0
1612207270,377.52,377.52,377.52,377.52,377.52,0,0
1612207275,377.52,377.52,377.52,377.52,377.52,0,0
1612207280,377.47,377.47,377.47,377.47,377.47,1,1
1612207285,377.38,377.39,377.38,377.38,377.385,2,1
1612207290,377.38,377.39,377.38,377.38,377.38,0,0
1612207295,377.46,377.47,377.46,377.47,377.465,2,2
1612207300,377.47,377.47,377.47,377.47,377.47,0,0
1612207305,377.47,377.47,377.47,377.47,377.47,0,0
1612207310,377.47,377.47,377.47,377.47,377.47,0,0
1612207315,377.48,377.48,377.48,377.48,377.48,1,1
1612207320,377.61,377.61,377.6,377.61,377.606,1,1
1612207325,377.61,377.61,377.6,377.61,377.61,0,0
1612207330,377.61,377.61,377.6,377.61,377.61,0,0
1612207335,377.46,377.53,377.37,377.52,377.474,18,11
1612207340,377.5,377.5,377.5,377.5,377.5,1,1
1612207345,377.52,377.53,377.52,377.52,377.521,1,1
1612207350,377.52,377.53,377.52,377.52,377.52,0,0
1612207355,377.52,377.53,377.52,377.52,377.52,0,0
1612207360,377.69,377.69,377.69,377.69,377.69,1,1
1612207365,377.69,377.69,377.69,377.69,377.69,0,0
1612207370,377.69,377.69,377.69,377.69,377.69,0,0
1612207375,377.69,377.69,377.69,377.69,377.69,0,0
1612207380,377.69,377.69,377.69,377.69,377.69,0,0
1612207385,377.69,377.69,377.69,377.69,377.69,0,0
1612207390,377.69,377.69,377.69,377.69,377.69,0,0
1612207395,377.44,377.47,377.44,377.47,377.463,7,4
1612207400,377.65,377.65,377.43,377.43,377.577,3,2
1612207405,377.43,377.43,377.43,377.43,377.43,0,0
1612207410,377.43,377.43,377.43,377.43,377.43,0,0
1612207415,377.43,377.43,377.43,377.43,377.43,0,0
1612207420,377.43,377.43,377.43,377.43,377.43,0,0
1612207425,377.43,377.43,377.43,377.43,377.43,0,0
1612207430,377.43,377.43,377.43,377.43,377.43,0,0
1612207435,377.53,377.53,377.53,377.53,377.53,5,1
1612207440,377.53,377.53,377.53,377.53,377.53,0,0
1612207445,377.53,377.53,377.53,377.53,377.53,0,0
1612207450,377.6,377.6,377.59,377.6,377.597,1,1
1612207455,377.55,377.55,377.55,377.55,377.55,1,1
1612207460,377.53,377.53,377.52,377.53,377.525,1,1
1612207465,377.37,377.49,377.37,377.49,377.431,7,7
1612207470,377.49,377.49,377.48,377.48,377.483,2,2
1612207475,377.48,377.48,377.48,377.48,377.48,0,0
1612207480,377.37,377.37,377.37,377.37,377.37,1,1
1612207485,377.35,377.35,377.34,377.35,377.345,3,1
1612207490,377.35,377.35,377.34,377.35,377.35,0,0
1612207495,377.34,377.34,377.33,377.34,377.335,1,1
1612207500,377.34,377.34,377.33,377.34,377.34,0,0
1612207505,377.48,377.48,377.48,377.48,377.48,2,2
1612207510,377.44,377.44,377.43,377.44,377.436,6,3
1612207515,377.44,377.44,377.44,377.44,377.44,1,1
1612207520,377.44,377.44,377.44,377.44,377.44,0,0
1612207525,377.44,377.44,377.44,377.44,377.44,0,0
1612207530,377.44,377.44,377.44,377.44,377.44,0,0
1612207535,377.41,377.44,377.4,377.44,377.414,6,2
1612207540,377.59,377.59,377.59,377.59,377.59,1,1
1612207545,377.59,377.59,377.59,377.59,377.59,0,0
1612207550,377.5,377.5,377.5,377.5,377.5,1,1
1612207555,377.64,377.65,377.41,377.47,377.504,12,9
1612207560,377.36,377.4,377.36,377.4,377.379,2,2
1612207565,377.4,377.45,377.4,377.4,377.411,4,3
1612207570,377.41,377.41,377.32,377.32,377.365,2,2
1612207575,377.29,377.29,377.26,377.26,377.28,3,3
1612207580,377.26,377.26,377.26,377.26,377.26,0,0
1612207585,377.26,377.26,377.26,377.26,377.26,0,0
1612207590,377.48,377.48,377.48,377.48,377.48,1,1
1612207595,377.48,377.48,377.48,377.48,377.48,0,0
1612207600,377.66,377.72,377.66,377.71,377.686,2,2
1612207605,377.71,377.72,377.71,377.71,377.71,0,0
1612207610,377.71,377.72,377.71,377.71,377.71,0,0
1612207615,377.71,377.72,377.71,377.71,377.71,0,0
1612207620,377.71,377.72,377.71,377.71,377.71,0,0
1612207625,377.89,377.89,377.89,377.89,377.89,1,1
1612207630,377.89,377.89,377.89,377.89,377.89,0,0
1612207635,377.89,377.89,377.89,377.89,377.89,0,0
1612207640,377.89,377.89,377.89,377.89,377.89,0,0
1612207645,377.89,377.89,377.89,377.89,377.89,0,0
1612207650,377.9,378.03,377.9,378.03,378.001,12,6
1612207655,378.03,378.03,378.03,378.03,378.03,0,0
1612207660,378.03,378.03,378.03,378.03,378.03,0,0
1612207665,378.03,378.03,378.03,378.03,378.03,0,0
1612207670,378.03,378.03,378.03,378.03,378.03,0,0
1612207675,378.19,378.19,378.19,378.19,378.19,1,1
1612207680,378.19,378.19,378.19,378.19,378.19,0,0
1612207685,378.19,378.19,378.19,378.19,378.19,0,0
1612207690,378.48,378.48,378.48,378.48,378.48,1,1
1612207695,378.45,378.45,378.45,378.45,378.45,2,1
1612207700,378.45,378.45,378.45,378.45,378.45,0,0
1612207705,378.45,378.45,378.45,378.45,378.45,0,0
1612207710,378.45,378.45,378.45,378.45,378.45,0,0
1612207715,378.21,378.36,378.21,378.25,378.279,12,12
1612207720,378.25,378.25,378.25,378.25,378.25,0,0
1612207725,378.25,378.25,378.25,378.25,378.25,0,0
1612207730,378.25,378.25,378.25,378.25,378.25,0,0
1612207735,378.27,378.28,378.27,378.27,378.273,1,1
1612207740,378.27,378.28,378.27,378.27,378.27,0,0
1612207745,378.27,378.28,378.27,378.27,378.27,0,0
1612207750,378.52,378.68,378.52,378.66,378.58,10,4
1612207755,378.66,378.66,378.65,378.66,378.66,0,0
1612207760,378.66,378.66,378.65,378.66,378.66,0,0
1612207765,378.52,378.52,378.52,378.52,378.52,1,1
1612207770,378.52,378.52,378.52,378.52,378.52,0,0
1612207775,378.52,378.52,378.52,378.52,378.52,0,0
1612207780,378.52,378.52,378.52,378.52,378.52,0,0
1612207785,378.62,378.62,378.4,378.4,378.508,2,2
1612207790,378.4,378.4,378.4,378.4,378.4,0,0
1612207795,378.4,378.4,378.4,378.4,378.4,0,0
1612207800,378.4,378.4,378.4,378.4,378.4,0,0
1612207805,378.4,378.4,378.4,378.4,378.4,0,0
1612207810,378.4,378.4,378.4,378.4,378.4,0,0
1612207815,378.4,378.4,378.4,378.4,378.4,0,0
1612207820,378.4,378.4,378.4,378.4,378.4,0,0
1612207825,378.4,378.4,378.4,378.4,378.4,0,0
1612207830,378.4,378.4,378.4,378.4,378.4,0,0
1612207835,378.4,378.4,378.4,378.4,378.4,0,0
1612207840,378.4,378.4,378.4,378.4,378.4,0,0
1612207845,378.4,378.4,378.4,378.4,378.4,0,0
1612207850,378.4,378.4,378.4,378.4,378.4,0,0
1612207855,378.25,378.29,378.24,378.29,378.272,13,5
1612207860,378.29,378.29,378.28,378.29,378.29,0,0
1612207865,378.29,378.29,378.28,378.29,378.29,0,0
1612207870,378.05,378.2,378.02,378.09,378.056,8,8
1612207875,378.09,378.09,378.09,378.09,378.09,0,0
1612207880,378.09,378.09,378.09,378.09,378.09,0,0
1612207885,378.09,378.09,378.09,378.09,378.09,1,1
1612207890,378.09,378.09,378.09,378.09,378.09,0,0
1612207895,378.09,378.09,378.09,378.09,378.09,0,0
1612207900,378.09,378.09,378.09,378.09,378.09,0,0
1612207905,378.09,378.09,378.09,378.09,378.09,0,0
1612207910,378.09,378.09,378.09,378.09,378.09,0,0
1612207915,378.09,378.09,378.09,378.09,378.09,0,0
1612207920,378.09,378.09,378.09,378.09,378.09,0,0
1612207925,378.09,378.09,378.09,378.09,378.09,0,0
1612207930,377.92,377.92,377.92,377.92,377.92,4,1
1612207935,377.92,377.92,377.92,377.92,377.92,0,0
1612207940,377.92,377.92,377.92,377.92,377.92,0,0
1612207945,377.92,377.92,377.92,377.92,377.92,0,0
1612207950,377.92,377.92,377.92,377.92,377.92,0,0
1612207955,377.92,377.92,377.92,377.92,377.92,0,0
1612207960,377.92,377.92,377.92,377.92,377.92,0,0
1612207965,377.92,377.92,377.92,377.92,377.92,0,0
1612207970,377.98,377.98,377.98,377.98,377.98,1,1
1612207975,377.98,377.98,377.98,377.98,377.98,0,0
1612207980,377.91,377.91,377.9,377.91,377.905,1,1
1612207985,377.68,377.68,377.68,377.68,377.68,1,1
1612207990,377.68,377.68,377.68,377.68,377.68,0,0
1612207995,377.68,377.68,377.68,377.68,377.68,0,0
1612208000,377.68,377.68,377.68,377.68,377.68,0,0
1612208005,377.83,377.83,377.83,377.83,377.83,1,1
1612208010,377.83,377.83,377.83,377.83,377.83,0,0
1612208015,377.83,377.83,377.83,377.83,377.83,0,0
1612208020,377.83,377.83,377.83,377.83,377.83,0,0
1612208025,377.83,377.83,377.83,377.83,377.83,0,0
1612208030,377.97,377.97,377.97,377.97,377.97,1,1
1612208035,377.97,377.97,377.97,377.97,377.97,0,0
1612208040,378.06,378.06,378.06,378.06,378.06,1,1
1612208045,377.92,378.08,377.92,378.08,377.998,2,2
1612208050,378.08,378.09,377.85,377.85,377.969,8,6
1612208055,377.85,377.85,377.85,377.85,377.85,0,0
1612208060,377.82,377.82,377.82,377.82,377.82,1,1
1612208065,377.82,377.82,377.82,377.82,377.82,0,0
1612208070,377.82,377.82,377.82,377.82,377.82,0,0
1612208075,377.85,377.85,377.84,377.85,377.85,1,1
1612208080,377.85,377.85,377.84,377.85,377.85,0,0
1612208085,377.85,377.85,377.84,377.85,377.85,0,0
1612208090,377.85,377.85,377.84,377.85,377.85,0,0
1612208095,377.85,377.85,377.84,377.85,377.85,0,0
1612208100,377.86,377.87,377.86,377.87,377.869,5,3
1612208105,377.87,377.87,377.87,377.87,377.87,0,0
1612208110,377.87,377.87,377.87,377.87,377.87,0,0
1612208115,377.61,377.61,377.6,377.61,377.605,1,1
1612208120,377.61,377.61,377.6,377.61,377.61,0,0
1612208125,377.73,377.73,377.73,377.73,377.73,1,1
1612208130,377.86,378.0,377.86,378.0,377.935,8,5
1612208135,378.0,378.0,378.0,378.0,378.0,0,0
1612208140,378.0,378.0,378.0,378.0,378.0,0,0
1612208145,377.9,378.07,377.9,378.03,377.931,9,4
1612208150,378.03,378.03,378.02,378.03,378.03,0,0
1612208155,377.77,377.77,377.76,377.77,377.765,1,1
1612208160,377.89,377.89,377.68,377.68,377.753,3,3
1612208165,377.68,377.68,377.68,377.68,377.68,0,0
1612208170,377.68,377.68,377.68,377.68,377.68,0,0
1612208175,377.67,377.7,377.67,377.7,377.685,2,2
1612208180,377.74,377.74,377.72,377.72,377.721,27,5
1612208185,377.72,377.72,377.72,377.72,377.72,0,0
1612208190,377.72,377.72,377.72,377.72,377.72,0,0
1612208195,377.94,377.95,377.94,377.94,377.943,4,1
1612208200,377.94,377.95,377.94,377.94,377.94,0,0
1612208205,378.25,378.25,378.25,378.25,378.25,2,2
1612208210,378.25,378.25,378.25,378.25,378.25,1,1
1612208215,378.25,378.25,378.25,378.25,378.25,0,0
1612208220,378.06,378.06,377.97,378.06,378.018,14,9
1612208225,377.9,377.9,377.9,377.9,377.9,3,2
1612208230,377.85,377.85,377.72,377.72,377.795,5,4
1612208235,377.72,377.72,377.72,377.72,377.72,0,0
1612208240,377.84,377.85,377.83,377.83,377.845,5,5
1612208245,377.83,377.83,377.83,377.83,377.83,0,0
1612208250,378.0,378.0,378.0,378.0,378.0,9,3
1612208255,378.0,378.0,378.0,378.0,378.0,0,0
1612208260,378.0,378.11,377.99,378.11,378.033,3,2
1612208265,378.39,378.39,378.39,378.39,378.39,1,1
1612208270,378.39,378.39,378.39,378.39,378.39,1,1
1612208275,378.4,378.4,378.38,378.38,378.39,2,2
1612208280,378.38,378.38,378.38,378.38,378.38,0,0
1612208285,378.22,378.35,378.22,378.35,378.247,4,2
1612208290,378.38,378.38,378.38,378.38,378.38,1,1
1612208295,378.38,378.38,378.38,378.38,378.38,0,0
1612208300,378.09,378.15,377.99,377.99,378.111,35,19
1612208305,378.01,378.16,378.01,378.14,378.127,12,5
1612208310,378.05,378.05,378.05,378.05,378.05,5,3
1612208315,378.05,378.05,378.05,378.05,378.05,0,0
1612208320,378.05,378.14,378.05,378.14,378.08,3,3
1612208325,378.05,378.05,378.05,378.05,378.05,2,1
1612208330,378.0,378.0,378.0,378.0,378.0,10,1
1612208335,378.39,378.39,378.2,378.2,378.296,4,3
1612208340,378.34,378.34,378.34,378.34,378.34,5,1
1612208345,378.48,378.65,378.48,378.65,378.521,17,8
1612208350,378.65,378.65,378.5,378.5,378.597,3,3
1612208355,378.6,378.6,378.59,378.6,378.595,1,1
1612208360,378.6,378.6,378.59,378.6,378.6,0,0
1612208365,378.6,378.6,378.59,378.6,378.6,0,0
1612208370,378.6,378.6,378.59,378.6,378.6,0,0
1612208375,378.6,378.6,378.59,378.6,378.6,0,0
1612208380,378.6,378.6,378.59,378.6,378.6,0,0
1612208385,378.6,378.6,378.59,378.6,378.6,0,0
1612208390,378.6,378.6,378.59,378.6,378.6,0,0
1612208395,378.6,378.6,378.59,378.6,378.6,0,0
1612208400,378.6,378.6,378.59,378.6,378.6,0,0
1612208405,378.79,379.0,378.79,379.0,378.864,9,8
1612208410,379.1,379.2,379.1,379.2,379.149,12,5
1612208415,379.2,379.2,379.2,379.2,379.2,0,0
1612208420,379.12,379.12,379.07,379.08,379.086,4,2
1612208425,379.08,379.08,379.07,379.08,379.08,0,0
1612208430,379.15,379.15,379.15,379.15,379.15,1,1
1612208435,379.15,379.15,379.15,379.15,379.15,0,0
1612208440,379.15,379.15,379.14,379.15,379.145,3,1
1612208445,378.92,379.12,378.92,379.12,379.03,4,4
1612208450,378.9,378.9,378.89,378.89,378.892,5,5
1612208455,378.92,378.93,378.92,378.92,378.923,1,1
1612208460,378.92,378.93,378.92,378.92,378.92,0,0
1612208465,378.92,378.93,378.92,378.92,378.92,0,0
1612208470,378.92,378.93,378.92,378.92,378.92,0,0
1612208475,378.92,378.93,378.92,378.92,378.92,0,0
1612208480,378.92,378.93,378.92,378.92,378.92,0,0
1612208485,378.94,378.94,378.94,378.94,378.94,1,1
1612208490,378.94,378.94,378.94,378.94,378.94,0,0
1612208495,378.94,378.94,378.94,378.94,378.94,0,0
1612208500,378.94,378.94,378.94,378.94,378.94,0,0
1612208505,378.94,378.94,378.94,378.94,378.94,0,0
1612208510,378.94,378.94,378.94,378.94,378.94,0,0
1612208515,378.94,378.94,378.94,378.94,378.94,0,0
1612208520,378.94,378.94,378.94,378.94,378.94,0,0
1612208525,379.14,379.14,379.14,379.14,379.14,1,1
1612208530,379.1,379.11,379.1,379.11,379.103,2,2
1612208535,379.25,379.25,379.25,379.25,379.25,10,1
1612208540,379.25,379.25,379.25,379.25,379.25,20,5
1612208545,378.98,378.99,378.98,378.98,378.983,1,1
1612208550,378.98,378.99,378.98,378.98,378.98,0,0
1612208555,378.98,378.99,378.98,378.98,378.98,0,0
1612208560,379.23,379.24,379.22,379.24,379.231,2,2
1612208565,379.24,379.24,379.24,379.24,379.24,0,0
1612208570,379.36,379.47,379.36,379.47,379.391,3,2
1612208575,379.41,379.41,379.25,379.25,379.326,3,3
1612208580,379.25,379.25,379.25,379.25,379.25,0,0
1612208585,379.16,379.24,379.15,379.16,379.186,4,3
1612208590,379.06,379.06,379.05,379.05,379.055,2,2
1612208595,379.24,379.24,379.23,379.24,379.24,2,1
1612208600,379.21,379.21,379.21,379.21,379.21,1,1
1612208605,379.25,379.3,379.25,379.3,379.266,3,2
1612208610,379.3,379.3,379.3,379.3,379.3,0,0
1612208615,379.27,379.27,379.26,379.27,379.265,1,1
1612208620,379.27,379.27,379.26,379.27,379.27,0,0
1612208625,379.27,379.27,379.26,379.27,379.27,0,0
1612208630,379.3,379.3,379.3,379.3,379.3,1,1
1612208635,379.3,379.3,379.3,379.3,379.3,0,0
1612208640,379.38,379.47,379.38,379.47,379.428,4,4
1612208645,379.34,379.34,379.32,379.33,379.333,2,2
1612208650,379.33,379.33,379.32,379.33,379.33,0,0
1612208655,379.33,379.33,379.32,379.33,379.33,0,0
1612208660,379.33,379.33,379.32,379.33,379.33,0,0
1612208665,379.33,379.33,379.32,379.33,379.33,0,0
1612208670,379.32,379.32,379.32,379.32,379.32,1,1
1612208675,379.29,379.3,379.29,379.3,379.292,3,3
1612208680,379.28,379.28,379.28,379.28,379.28,1,1
1612208685,379.28,379.28,379.28,379.28,379.28,0,0
1612208690,379.28,379.28,379.28,379.28,379.28,0,0
1612208695,379.28,379.28,379.28,379.28,379.28,0,0
1612208700,379.36,379.41,379.31,379.31,379.356,6,6
1612208705,379.29,379.31,379.29,379.31,379.297,4,2
1612208710,379.31,379.31,379.31,379.31,379.31,0,0
1612208715,379.31,379.31,379.31,379.31,379.31,0,0
1612208720,379.3,379.36,379.3,379.36,379.33,2,2
1612208725,379.22,379.23,379.22,379.22,379.224,1,1
1612208730,379.22,379.23,379.22,379.22,379.22,0,0
1612208735,379.22,379.23,379.22,379.22,379.22,0,0
1612208740,379.22,379.23,379.22,379.22,379.22,0,0
1612208745,379.22,379.23,379.22,379.22,379.22,0,0
1612208750,379.22,379.22,379.21,379.22,379.217,3,3
1612208755,379.22,379.22,379.22,379.22,379.22,0,0
1612208760,379.01,379.01,378.99,379.0,379.005,3,3
1612208765,379.0,379.0,378.99,379.0,379.0,0,0
1612208770,378.81,378.81,378.81,378.81,378.81,1,1
1612208775,378.81,378.81,378.81,378.81,378.81,0,0
1612208780,378.81,378.81,378.81,378.81,378.81,0,0
1612208785,378.81,378.81,378.81,378.81,378.81,0,0
1612208790,378.81,378.81,378.81,378.81,378.81,0,0
1612208795,378.81,378.81,378.81,378.81,378.81,0,0
1612208800,379.16,379.17,379.16,379.16,379.161,1,1
1612208805,379.16,379.17,379.16,379.16,379.16,0,0
1612208810,379.01,379.01,379.01,379.01,379.01,1,1
1612208815,379.01,379.01,379.01,379.01,379.01,0,0
1612208820,379.03,379.1,379.01,379.01,379.032,6,5
1612208825,379.01,379.01,379.01,379.01,379.01,0,0
1612208830,379.01,379.01,379.01,379.01,379.01,0,0
1612208835,379.01,379.01,379.01,379.01,379.01,0,0
1612208840,378.98,378.98,378.97,378.98,378.975,1,1
1612208845,378.98,378.98,378.97,378.98,378.98,0,0
1612208850,378.98,378.98,378.97,378.98,378.98,0,0
1612208855,378.98,378.98,378.97,378.98,378.98,0,0
1612208860,379.02,379.02,379.01,379.02,379.018,1,1
1612208865,379.01,379.01,379.01,379.01,379.01,1,1
1612208870,379.01,379.01,379.01,379.01,379.01,0,0
1612208875,379.12,379.15,379.12,379.15,379.138,5,5
1612208880,379.15,379.15,379.15,379.15,379.15,0,0
1612208885,379.16,379.16,379.15,379.16,379.155,1,1
1612208890,379.16,379.16,379.15,379.16,379.16,0,0
1612208895,379.16,379.16,379.15,379.16,379.16,0,0
1612208900,379.16,379.16,379.15,379.16,379.16,0,0
1612208905,379.16,379.16,379.15,379.16,379.16,0,0
1612208910,379.19,379.19,379.18,379.19,379.185,1,1
1612208915,379.19,379.19,379.18,379.19,379.19,0,0
1612208920,379.04,379.22,379.04,379.13,379.164,5,5
1612208925,379.11,379.13,379.11,379.11,379.117,3,3
1612208930,379.16,379.18,379.16,379.16,379.17,4,4
1612208935,379.01,379.3,379.0,379.15,379.056,9,9
1612208940,379.05,379.05,379.0,379.0,379.023,2,2
1612208945,379.0,379.01,379.0,379.0,379.0,0,0
1612208950,379.0,379.01,379.0,379.0,379.0,0,0
1612208955,379.05,379.05,379.02,379.02,379.045,6,4
1612208960,379.01,379.01,379.0,379.0,379.006,5,4
1612208965,379.08,379.09,378.94,378.94,379.011,2,2
1612208970,378.69,378.69,378.69,378.69,378.69,1,1
1612208975,378.62,378.62,378.62,378.62,378.62,1,1
1612208980,379.1,379.1,379.1,379.1,379.1,1,1
1612208985,378.56,378.56,378.55,378.56,378.557,3,3
1612208990,378.63,378.63,378.63,378.63,378.63,1,1
1612208995,379.0,379.0,379.0,379.0,379.0,2,2
1612209000,379.1,379.16,379.1,379.16,379.123,6,5
1612209005,379.3,379.3,379.3,379.3,379.3,3,3
1612209010,379.3,379.3,379.3,379.3,379.3,0,0
1612209015,379.25,379.25,379.2,379.2,379.238,8,5
1612209020,379.22,379.22,379.21,379.22,379.215,1,1
1612209025,379.13,379.23,379.13,379.22,379.194,3,3
1612209030,379.22,379.22,379.22,379.22,379.22,0,0
1612209035,379.22,379.22,379.22,379.22,379.22,0,0
1612209040,379.22,379.22,379.22,379.22,379.22,0,0
1612209045,379.22,379.22,379.22,379.22,379.22,0,0
1612209050,379.04,379.05,379.04,379.04,379.043,11,11
1612209055,379.02,379.02,379.01,379.01,379.012,5,5
1612209060,379.01,379.01,379.01,379.01,379.01,0,0
1612209065,379.01,379.01,379.01,379.01,379.01,3,3
1612209070,379.01,379.01,379.01,379.01,379.01,0,0
1612209075,379.01,379.01,379.0,379.0,379.002,16,2
1612209080,379.0,379.0,379.0,379.0,379.0,18,6
1612209085,379.0,379.0,379.0,379.0,379.0,0,0
1612209090,378.89,378.89,378.85,378.85,378.87,2,2
1612209095,378.94,378.95,378.94,378.94,378.945,1,1
1612209100,379.07,379.15,379.07,379.15,379.094,7,7
1612209105,379.15,379.15,379.15,379.15,379.15,0,0
1612209110,379.1,379.5,379.1,379.1,379.144,9,4
1612209115,379.1,379.2,379.07,379.2,379.161,16,5
1612209120,379.2,379.2,379.2,379.2,379.2,0,0
1612209125,379.5,379.5,379.01,379.01,379.315,5,4
1612209130,379.01,379.02,379.01,379.01,379.01,0,0
1612209135,379.01,379.02,379.01,379.01,379.01,0,0
1612209140,379.01,379.02,379.01,379.01,379.01,0,0
1612209145,379.01,379.02,379.01,379.01,379.01,0,0
1612209150,379.01,379.02,379.01,379.01,379.01,0,0
1612209155,379.22,379.22,379.03,379.03,379.08,4,4
1612209160,379.01,379.01,379.01,379.01,379.01,1,1
1612209165,379.38,379.4,379.38,379.4,379.39,5,5
1612209170,379.06,379.06,379.05,379.05,379.052,2,2
1612209175,379.02,379.02,379.02,379.02,379.02,1,1
1612209180,379.01,379.2,379.0,379.12,379.061,12,12
1612209185,379.12,379.12,379.11,379.12,379.12,0,0
1612209190,379.12,379.12,379.11,379.12,379.12,0,0
1612209195,379.05,379.05,379.02,379.02,379.035,2,2
1612209200,379.02,379.02,379.01,379.01,379.018,4,4
1612209205,379.0,379.01,379.0,379.01,379.005,2,2
1612209210,379.0,379.0,379.0,379.0,379.0,25,4
1612209215,379.0,379.0,379.0,379.0,379.0,8,4
1612209220,379.0,379.0,379.0,379.0,379.0,0,0
1612209225,379.02,379.02,379.01,379.01,379.015,2,2
1612209230,379.03,379.03,379.03,379.03,379.03,1,1
1612209235,379.01,379.01,379.0,379.0,379.005,2,2
1612209240,379.0,379.0,379.0,379.0,379.0,6,2
1612209245,379.0,379.0,379.0,379.0,379.0,3,1
1612209250,379.0,379.0,379.0,379.0,379.0,3,3
1612209255,379.24,379.45,379.24,379.36,379.346,21,15
1612209260,379.35,379.36,379.35,379.35,379.353,1,1
1612209265,379.35,379.36,379.35,379.35,379.35,0,0
1612209270,379.2,379.36,379.18,379.36,379.234,8,5
1612209275,379.36,379.36,379.36,379.36,379.36,0,0
1612209280,379.2,379.5,379.2,379.27,379.316,31,17
1612209285,379.25,379.25,379.25,379.25,379.25,1,1
1612209290,379.2,379.31,379.2,379.2,379.205,21,5
1612209295,379.2,379.2,379.14,379.14,379.195,11,2
1612209300,379.14,379.15,379.14,379.14,379.14,0,0
1612209305,379.12,379.12,379.12,379.12,379.12,1,1
1612209310,379.21,379.21,379.0,379.0,379.08,4,4
1612209315,379.11,379.11,379.11,379.11,379.11,1,1
1612209320,379.11,379.11,379.11,379.11,379.11,0,0
1612209325,378.84,379.09,378.77,378.77,378.905,4,4
1612209330,378.81,378.81,378.81,378.81,378.81,1,1
1612209335,378.78,378.88,378.77,378.77,378.794,5,5
1612209340,378.77,379.1,378.77,379.1,378.868,4,3
1612209345,378.77,378.78,378.77,378.77,378.77,2,1
1612209350,378.77,378.77,378.77,378.77,378.77,1,1
1612209355,378.77,378.77,378.77,378.77,378.77,0,0
1612209360,378.77,378.89,378.77,378.77,378.813,8,8
1612209365,378.77,378.77,378.77,378.77,378.77,0,0
1612209370,378.63,378.76,378.62,378.76,378.67,3,3
1612209375,378.6,378.67,378.51,378.63,378.578,8,4
1612209380,378.51,378.76,378.5,378.76,378.539,68,10
1612209385,378.76,378.76,378.63,378.63,378.682,5,3
1612209390,378.63,378.63,378.63,378.63,378.63,0,0
1612209395,378.6,378.68,378.52,378.68,378.6,3,3
1612209400,378.68,378.68,378.68,378.68,378.68,0,0
1612209405,378.55,378.65,378.55,378.65,378.556,15,5
1612209410,378.51,378.51,378.5,378.5,378.501,14,3
1612209415,378.5,378.5,378.5,378.5,378.5,0,0
1612209420,378.49,378.49,378.18,378.28,378.397,9,9
1612209425,378.28,378.28,378.28,378.28,378.28,0,0
1612209430,378.28,378.28,378.28,378.28,378.28,0,0
1612209435,378.28,378.28,378.28,378.28,378.28,0,0
1612209440,378.28,378.28,378.28,378.28,378.28,0,0
1612209445,378.18,378.24,378.18,378.19,378.204,3,3
1612209450,378.2,378.2,378.19,378.19,378.195,2,2
1612209455,378.2,378.38,378.2,378.21,378.308,12,8
1612209460,378.21,378.21,378.21,378.21,378.21,0,0
1612209465,378.21,378.21,378.21,378.21,378.21,0,0
1612209470,378.34,378.35,378.34,378.34,378.344,4,1
1612209475,378.34,378.35,378.34,378.34,378.34,0,0
1612209480,378.69,378.69,378.33,378.48,378.447,20,8
1612209485,378.39,378.39,378.35,378.35,378.358,5,5
1612209490,378.35,378.35,378.35,378.35,378.35,0,0
1612209495,378.63,379.03,378.63,378.93,378.935,56,18
1612209500,379.0,379.0,379.0,379.0,379.0,2,1
1612209505,378.55,378.77,378.54,378.77,378.676,3,2
1612209510,378.6,378.8,378.6,378.8,378.762,13,4
1612209515,378.7,378.8,378.7,378.7,378.709,11,3
1612209520,378.79,378.79,378.79,378.79,378.79,2,1
1612209525,378.74,378.74,378.73,378.74,378.736,1,1
1612209530,378.61,378.63,378.61,378.63,378.62,2,2
1612209535,378.89,378.9,378.89,378.9,378.899,9,6
1612209540,378.85,378.85,378.8,378.8,378.825,2,2
1612209545,378.8,378.8,378.8,378.8,378.8,0,0
1612209550,378.78,378.78,378.78,378.78,378.78,2,1
1612209555,378.81,378.81,378.8,378.81,378.805,1,1
1612209560,378.81,378.81,378.8,378.81,378.81,0,0
1612209565,378.81,378.81,378.8,378.81,378.81,0,0
1612209570,378.81,378.81,378.8,378.81,378.81,0,0
1612209575,378.81,378.81,378.8,378.81,378.81,0,0
1612209580,378.81,378.81,378.8,378.81,378.81,0,0
1612209585,378.81,378.81,378.8,378.81,378.81,0,0
1612209590,378.96,379.1,378.96,379.1,379.007,3,3
1612209595,379.1,379.1,379.1,379.1,379.1,0,0
1612209600,379.1,379.1,379.1,379.1,379.1,0,0
1612209605,379.36,379.36,379.36,379.36,379.36,1,1
1612209610,379.21,379.21,379.15,379.15,379.186,4,4
1612209615,379.15,379.15,379.15,379.15,379.15,0,0
1612209620,379.19,379.19,379.19,379.19,379.19,1,1
1612209625,379.39,379.4,379.39,379.39,379.394,1,1
1612209630,379.39,380.2,379.39,380.01,379.945,208,98
1612209635,379.83,379.83,379.82,379.83,379.825,1,1
1612209640,380.01,380.01,379.72,379.83,379.822,6,3
1612209645,379.83,379.83,379.83,379.83,379.83,0,0
1612209650,379.83,379.83,379.83,379.83,379.83,0,0
1612209655,379.83,379.83,379.83,379.83,379.83,0,0
1612209660,379.83,379.83,379.83,379.83,379.83,0,0
1612209665,379.83,379.83,379.83,379.83,379.83,0,0
1612209670,379.65,379.65,379.65,379.65,379.65,1,1
1612209675,379.65,379.65,379.65,379.65,379.65,0,0
1612209680,379.65,379.65,379.65,379.65,379.65,0,0
1612209685,379.65,379.65,379.65,379.65,379.65,0,0
1612209690,379.66,379.81,379.52,379.52,379.64,4,4
1612209695,379.52,379.53,379.52,379.52,379.52,0,0
1612209700,379.52,379.53,379.52,379.52,379.52,0,0
1612209705,379.52,379.53,379.52,379.52,379.52,0,0
1612209710,379.52,379.53,379.52,379.52,379.52,0,0
1612209715,379.66,379.66,379.65,379.66,379.655,1,1
1612209720,379.51,379.64,379.51,379.64,379.535,6,2
1612209725,379.64,379.64,379.63,379.64,379.64,0,0
1612209730,379.81,379.81,379.81,379.81,379.81,1,1
1612209735,379.66,379.79,379.65,379.79,379.742,6,5
1612209740,379.79,379.79,379.79,379.79,379.79,0,0
1612209745,379.79,379.79,379.79,379.79,379.79,0,0
1612209750,379.67,379.79,379.66,379.79,379.725,2,2
1612209755,379.57,379.81,379.53,379.81,379.746,9,5
1612209760,379.81,379.81,379.81,379.81,379.81,0,0
1612209765,379.81,379.81,379.81,379.81,379.81,0,0
1612209770,379.81,379.81,379.81,379.81,379.81,0,0
1612209775,379.8,379.8,379.8,379.8,379.8,3,3
1612209780,379.8,379.8,379.8,379.8,379.8,0,0
1612209785,379.85,379.86,379.85,379.85,379.851,1,1
1612209790,379.85,379.86,379.85,379.85,379.85,0,0
1612209795,379.85,379.86,379.85,379.85,379.85,0,0
1612209800,379.85,379.86,379.85,379.85,379.85,0,0
1612209805,379.85,379.86,379.85,379.85,379.85,0,0
1612209810,380.11,380.11,380.1,380.11,380.109,1,1
1612209815,380.11,380.11,380.1,380.11,380.11,0,0
1612209820,379.86,380.1,379.86,380.1,379.946,2,2
1612209825,379.86,379.86,379.83,379.83,379.85,3,3
1612209830,379.85,379.97,379.85,379.97,379.91,2,2
1612209835,379.97,379.97,379.97,379.97,379.97,0,0
1612209840,379.97,379.97,379.97,379.97,379.97,0,0
1612209845,380.0,380.0,379.99,380.0,380.0,10,1
1612209850,380.0,380.0,379.99,380.0,380.0,0,0
1612209855,379.96,379.96,379.96,379.96,379.96,1,1
1612209860,379.97,379.97,379.74,379.74,379.806,3,3
1612209865,379.74,379.74,379.74,379.74,379.74,0,0
1612209870,379.58,379.69,379.58,379.69,379.617,3,3
1612209875,379.69,379.69,379.69,379.69,379.69,0,0
1612209880,379.69,379.69,379.69,379.69,379.69,0,0
1612209885,379.47,379.47,379.46,379.47,379.469,3,1
1612209890,379.47,379.47,379.46,379.47,379.47,0,0
1612209895,379.47,379.47,379.46,379.47,379.47,0,0
1612209900,379.48,379.49,379.48,379.48,379.481,1,1
1612209905,379.48,379.49,379.48,379.48,379.48,0,0
1612209910,379.62,379.62,379.61,379.62,379.615,1,1
1612209915,379.62,379.62,379.61,379.62,379.62,0,0
1612209920,379.62,379.62,379.61,379.62,379.62,0,0
1612209925,379.45,379.45,379.45,379.45,379.45,2,2
1612209930,379.45,379.45,379.45,379.45,379.45,0,0
1612209935,379.45,379.45,379.45,379.45,379.45,0,0
1612209940,379.45,379.45,379.45,379.45,379.45,0,0
1612209945,379.36,379.36,379.36,379.36,379.36,1,1
1612209950,379.36,379.36,379.36,379.36,379.36,0,0
1612209955,379.26,379.34,379.22,379.33,379.284,9,8
1612209960,379.22,379.22,379.21,379.21,379.215,2,2
1612209965,379.26,379.26,379.15,379.15,379.205,2,2
1612209970,379.15,379.15,379.06,379.06,379.09,3,3
1612209975,379.04,379.05,379.04,379.04,379.04,4,1
1612209980,379.05,379.05,379.05,379.05,379.05,3,3
1612209985,379.05,379.05,379.05,379.05,379.05,0,0
1612209990,379.05,379.05,379.05,379.05,379.05,0,0
1612209995,379.05,379.05,379.05,379.05,379.05,0,0
1612210000,379.05,379.05,379.05,379.05,379.05,0,0
1612210005,378.88,378.88,378.88,378.88,378.88,1,1
1612210010,378.88,378.88,378.88,378.88,378.88,0,0
1612210015,379.09,379.09,378.87,378.87,378.91,7,7
1612210020,378.9,378.9,378.9,378.9,378.9,2,2
1612210025,378.86,378.86,378.66,378.66,378.708,4,4
1612210030,378.79,378.79,378.79,378.79,378.79,2,1
1612210035,378.79,378.79,378.79,378.79,378.79,0,0
1612210040,378.87,378.87,378.87,378.87,378.87,4,4
1612210045,378.87,378.87,378.87,378.87,378.87,0,0
1612210050,378.87,378.87,378.87,378.87,378.87,0,0
1612210055,378.87,378.87,378.87,378.87,378.87,0,0
1612210060,379.02,379.02,378.77,378.95,378.905,9,5
1612210065,378.95,378.95,378.95,378.95,378.95,0,0
1612210070,378.99,378.99,378.99,378.99,378.99,2,2
1612210075,378.99,378.99,378.99,378.99,378.99,0,0
1612210080,378.99,378.99,378.99,378.99,378.99,0,0
1612210085,378.9,378.95,378.9,378.95,378.938,4,2
1612210090,378.95,378.95,378.95,378.95,378.95,0,0
1612210095,378.95,378.95,378.95,378.95,378.95,0,0
1612210100,378.95,378.95,378.95,378.95,378.95,0,0
1612210105,378.95,378.95,378.95,378.95,378.95,0,0
1612210110,378.79,378.79,378.78,378.79,378.785,1,1
1612210115,378.79,378.79,378.78,378.79,378.79,0,0
1612210120,378.79,378.79,378.78,378.79,378.79,0,0
1612210125,379.0,379.0,379.0,379.0,379.0,2,2
1612210130,379.13,379.13,379.12,379.13,379.127,3,1
1612210135,379.13,379.13,379.12,379.13,379.13,0,0
1612210140,379.13,379.13,379.12,379.13,379.13,0,0
1612210145,379.13,379.13,379.12,379.13,379.13,0,0
1612210150,379.13,379.13,379.12,379.13,379.13,0,0
1612210155,379.03,379.03,378.92,378.92,379.008,6,2
1612210160,378.92,378.92,378.92,378.92,378.92,0,0
1612210165,378.92,378.92,378.92,378.92,378.92,0,0
1612210170,378.93,379.04,378.93,379.04,378.963,6,6
1612210175,379.09,379.09,379.09,379.09,379.09,2,2
1612210180,379.04,379.04,378.95,379.0,379.017,18,14
1612210185,378.97,378.97,378.97,378.97,378.97,1,1
1612210190,378.97,378.97,378.97,378.97,378.97,0,0
1612210195,378.91,378.91,378.91,378.91,378.91,1,1
1612210200,378.91,378.91,378.91,378.91,378.91,0,0
1612210205,379.03,379.08,379.03,379.07,379.056,5,4
1612210210,379.07,379.07,379.0,379.03,379.039,17,10
1612210215,379.03,379.03,379.03,379.03,379.03,0,0
1612210220,379.08,379.12,379.08,379.11,379.108,6,6
1612210225,379.11,379.11,379.11,379.11,379.11,0,0
1612210230,379.13,379.14,379.13,379.13,379.135,1,1
1612210235,379.12,379.12,379.01,379.01,379.107,16,12
1612210240,378.9,378.9,378.86,378.86,378.891,4,4
1612210245,378.86,378.86,378.86,378.86,378.86,0,0
1612210250,378.86,378.86,378.86,378.86,378.86,0,0
1612210255,378.89,378.89,378.89,378.89,378.89,1,1
1612210260,378.89,378.89,378.89,378.89,378.89,0,0
1612210265,378.89,378.89,378.89,378.89,378.89,0,0
1612210270,378.63,378.63,378.63,378.63,378.63,3,3
1612210275,378.63,378.63,378.63,378.63,378.63,0,0
1612210280,378.56,378.65,378.38,378.65,378.518,5,5
1612210285,378.65,378.65,378.65,378.65,378.65,0,0
1612210290,378.65,378.65,378.65,378.65,378.65,0,0
1612210295,378.65,378.65,378.65,378.65,378.65,0,0
1612210300,378.65,378.65,378.65,378.65,378.65,0,0
1612210305,378.65,378.65,378.65,378.65,378.65,0,0
1612210310,378.65,378.65,378.65,378.65,378.65,0,0
1612210315,378.65,378.65,378.65,378.65,378.65,0,0
1612210320,378.65,378.65,378.65,378.65,378.65,0,0
1612210325,378.81,378.81,378.8,378.81,378.805,1,1
1612210330,378.81,378.81,378.8,378.81,378.81,0,0
1612210335,378.9,378.9,378.9,378.9,378.9,1,1
1612210340,378.9,378.9,378.9,378.9,378.9,0,0
1612210345,378.9,378.9,378.9,378.9,378.9,0,0
1612210350,378.9,378.9,378.9,378.9,378.9,0,0
1612210355,378.9,378.9,378.9,378.9,378.9,0,0
1612210360,378.9,378.9,378.9,378.9,378.9,0,0
1612210365,378.9,378.9,378.9,378.9,378.9,0,0
1612210370,378.9,378.9,378.9,378.9,378.9,0,0
1612210375,378.9,378.9,378.9,378.9,378.9,0,0
1612210380,378.84,378.84,378.84,378.84,378.84,1,1
1612210385,378.84,378.84,378.84,378.84,378.84,0,0
1612210390,378.84,378.84,378.84,378.84,378.84,0,0
1612210395,378.84,378.84,378.84,378.84,378.84,0,0
1612210400,378.84,378.84,378.84,378.84,378.84,0,0
1612210405,378.68,378.68,378.67,378.68,378.675,1,1
1612210410,378.68,378.68,378.67,378.68,378.68,0,0
1612210415,378.68,378.68,378.67,378.68,378.68,0,0
1612210420,378.68,378.68,378.67,378.68,378.68,0,0
1612210425,378.68,378.68,378.67,378.68,378.68,0,0
1612210430,378.68,378.68,378.67,378.68,378.68,0,0
1612210435,378.53,378.53,378.52,378.53,378.525,1,1
1612210440,378.53,378.53,378.52,378.53,378.53,0,0
1612210445,378.53,378.53,378.52,378.53,378.53,0,0
1612210450,378.53,378.53,378.52,378.53,378.53,0,0
1612210455,378.53,378.53,378.52,378.53,378.53,0,0
1612210460,378.53,378.53,378.52,378.53,378.53,0,0
1612210465,378.53,378.53,378.52,378.53,378.53,0,0
1612210470,378.37,378.37,378.36,378.36,378.365,2,2
1612210475,378.36,378.36,378.36,378.36,378.36,0,0
1612210480,378.41,378.41,378.41,378.41,378.41,1,1
1612210485,378.35,378.35,378.34,378.35,378.345,1,1
1612210490,378.35,378.35,378.34,378.35,378.35,0,0
1612210495,378.35,378.35,378.34,378.35,378.35,0,0
1612210500,378.46,378.49,378.46,378.49,378.475,2,2
1612210505,378.63,378.63,378.53,378.54,378.606,4,4
1612210510,378.42,378.43,378.42,378.42,378.42,1,1
1612210515,378.42,378.43,378.42,378.42,378.42,0,0
1612210520,378.42,378.43,378.42,378.42,378.42,0,0
1612210525,378.5,378.5,378.5,378.5,378.5,1,1
1612210530,378.5,378.5,378.5,378.5,378.5,0,0
1612210535,378.5,378.5,378.5,378.5,378.5,0,0
1612210540,378.5,378.5,378.5,378.5,378.5,0,0
1612210545,378.68,378.68,378.68,378.68,378.68,2,2
1612210550,378.68,378.68,378.68,378.68,378.68,0,0
1612210555,378.68,378.68,378.68,378.68,378.68,0,0
1612210560,378.68,378.68,378.68,378.68,378.68,0,0
1612210565,378.56,378.56,378.4,378.47,378.42,20,9
1612210570,378.24,378.36,378.24,378.36,378.295,3,3
1612210575,378.36,378.36,378.36,378.36,378.36,0,0
1612210580,378.36,378.36,378.36,378.36,378.36,0,0
1612210585,378.36,378.36,378.36,378.36,378.36,0,0
1612210590,378.36,378.36,378.36,378.36,378.36,0,0
1612210595,378.19,378.19,378.19,378.19,378.19,1,1
1612210600,378.19,378.19,378.19,378.19,378.19,0,0
1612210605,378.19,378.19,378.19,378.19,378.19,0,0
1612210610,378.26,378.26,378.1,378.19,378.239,12,3
1612210615,378.09,378.09,378.09,378.09,378.09,1,1
1612210620,378.09,378.09,378.09,378.09,378.09,0,0
1612210625,378.09,378.09,378.09,378.09,378.09,0,0
1612210630,378.09,378.09,378.09,378.09,378.09,0,0
1612210635,378.09,378.09,378.09,378.09,378.09,0,0
1612210640,378.09,378.09,378.09,378.09,378.09,0,0
1612210645,378.39,378.53,378.38,378.47,378.447,6,6
1612210650,378.46,378.46,378.46,378.46,378.46,2,2
1612210655,378.46,378.46,378.46,378.46,378.46,0,0
1612210660,378.46,378.46,378.46,378.46,378.46,0,0
1612210665,378.46,378.46,378.46,378.46,378.46,0,0
1612210670,378.53,378.53,378.52,378.53,378.525,1,1
1612210675,378.65,378.65,378.65,378.65,378.65,1,1
1612210680,378.41,378.41,378.41,378.41,378.41,1,1
1612210685,378.41,378.41,378.41,378.41,378.41,0,0
1612210690,378.41,378.41,378.41,378.41,378.41,0,0
1612210695,378.41,378.41,378.41,378.41,378.41,0,0
1612210700,378.41,378.41,378.41,378.41,378.41,0,0
1612210705,378.41,378.41,378.41,378.41,378.41,0,0
1612210710,378.26,378.33,377.86,377.86,377.894,89,12
1612210715,377.99,378.21,377.99,378.21,378.162,5,4
1612210720,378.21,378.21,378.21,378.21,378.21,2,2
1612210725,378.2,378.2,378.2,378.2,378.2,1,1
1612210730,378.26,378.26,378.26,378.26,378.26,1,1
1612210735,378.26,378.26,378.26,378.26,378.26,0,0
1612210740,378.26,378.26,378.26,378.26,378.26,0,0
1612210745,378.31,378.31,378.31,378.31,378.31,1,1
1612210750,378.31,378.31,378.31,378.31,378.31,0,0
1612210755,378.3,378.49,378.29,378.49,378.425,3,3
1612210760,378.49,378.49,378.49,378.49,378.49,0,0
1612210765,378.49,378.49,378.49,378.49,378.49,0,0
1612210770,378.49,378.49,378.49,378.49,378.49,0,0
1612210775,378.49,378.49,378.49,378.49,378.49,0,0
1612210780,378.49,378.49,378.49,378.49,378.49,0,0
1612210785,378.6,378.77,378.6,378.77,378.656,8,8
1612210790,378.7,378.86,378.7,378.86,378.779,2,2
1612210795,378.79,378.79,378.79,378.79,378.79,1,1
1612210800,378.79,378.79,378.79,378.79,378.79,0,0
1612210805,378.79,378.79,378.79,378.79,378.79,0,0
1612210810,378.79,378.79,378.79,378.79,378.79,0,0
1612210815,378.79,378.79,378.79,378.79,378.79,0,0
1612210820,378.84,378.87,378.75,378.87,378.78,9,9
1612210825,378.83,378.83,378.83,378.83,378.83,1,1
1612210830,378.5,378.55,378.49,378.49,378.512,6,6
1612210835,378.35,378.35,378.35,378.35,378.35,1,1
1612210840,378.35,378.35,378.35,378.35,378.35,0,0
1612210845,378.35,378.35,378.35,378.35,378.35,0,0
1612210850,378.35,378.35,378.35,378.35,378.35,0,0
1612210855,378.35,378.35,378.35,378.35,378.35,0,0
1612210860,378.35,378.35,378.35,378.35,378.35,0,0
1612210865,378.35,378.35,378.35,378.35,378.35,0,0
1612210870,378.35,378.35,378.35,378.35,378.35,0,0
1612210875,378.35,378.35,378.35,378.35,378.35,0,0
1612210880,378.28,378.41,378.28,378.41,378.378,4,4
1612210885,378.41,378.41,378.41,378.41,378.41,0,0
1612210890,378.41,378.41,378.41,378.41,378.41,0,0
1612210895,378.41,378.41,378.41,378.41,378.41,0,0
1612210900,378.41,378.41,378.41,378.41,378.41,0,0
1612210905,378.41,378.41,378.41,378.41,378.41,0,0
1612210910,378.41,378.41,378.41,378.41,378.41,0,0
1612210915,378.45,378.45,378.45,378.45,378.45,1,1
1612210920,378.45,378.45,378.45,378.45,378.45,0,0
1612210925,378.45,378.45,378.45,378.45,378.45,0,0
1612210930,378.45,378.45,378.45,378.45,378.45,0,0
1612210935,378.45,378.45,378.45,378.45,378.45,0,0
1612210940,378.45,378.45,378.45,378.45,378.45,1,1
1612210945,378.45,378.45,378.45,378.45,378.45,0,0
1612210950,378.45,378.45,378.45,378.45,378.45,0,0
1612210955,378.45,378.45,378.45,378.45,378.45,0,0
1612210960,378.45,378.45,378.45,378.45,378.45,0,0
1612210965,378.57,378.57,378.57,378.57,378.57,2,1
1612210970,378.57,378.57,378.57,378.57,378.57,0,0
1612210975,378.57,378.57,378.57,378.57,378.57,0,0
1612210980,378.55,378.55,378.54,378.55,378.545,1,1
1612210985,378.55,378.55,378.54,378.55,378.55,0,0
1612210990,378.55,378.55,378.54,378.55,378.55,0,0
1612210995,378.69,378.82,378.69,378.82,378.719,7,7
1612211000,378.79,378.84,378.77,378.84,378.786,5,5
1612211005,378.95,378.95,378.9,378.95,378.94,8,8
1612211010,379.12,379.12,379.12,379.12,379.12,3,2
1612211015,379.12,379.12,379.12,379.12,379.12,0,0
1612211020,379.12,379.12,379.11,379.11,379.118,4,4
1612211025,379.11,379.11,379.11,379.11,379.11,0,0
1612211030,379.0,379.09,379.0,379.09,379.045,2,2
1612211035,379.09,379.09,379.09,379.09,379.09,0,0
1612211040,379.09,379.09,379.09,379.09,379.09,0,0
1612211045,378.88,379.1,378.88,379.1,378.992,2,2
1612211050,379.1,379.1,379.1,379.1,379.1,0,0
1612211055,379.1,379.1,379.1,379.1,379.1,0,0
1612211060,379.16,379.16,379.15,379.16,379.155,1,1
1612211065,379.02,379.03,379.02,379.02,379.022,1,1
1612211070,379.02,379.03,379.02,379.02,379.02,0,0
1612211075,379.02,379.03,379.02,379.02,379.02,0,0
1612211080,379.18,379.18,379.17,379.18,379.175,1,1
1612211085,379.18,379.18,379.17,379.18,379.18,0,0
1612211090,379.18,379.18,379.17,379.18,379.18,0,0
1612211095,379.31,379.5,379.31,379.5,379.379,12,9
1612211100,379.34,379.45,379.33,379.34,379.4,12,11
1612211105,379.41,379.6,379.32,379.6,379.415,18,14
1612211110,379.6,379.6,379.6,379.6,379.6,0,0
1612211115,379.44,379.44,379.43,379.44,379.435,2,1
1612211120,379.44,379.44,379.33,379.33,379.406,7,3
1612211125,379.44,379.45,379.44,379.44,379.445,1,1
1612211130,379.44,379.45,379.44,379.44,379.44,0,0
1612211135,379.44,379.45,379.44,379.44,379.44,0,0
1612211140,379.44,379.45,379.44,379.44,379.44,0,0
1612211145,379.44,379.53,379.34,379.53,379.411,4,4
1612211150,379.53,379.53,379.53,379.53,379.53,0,0
1612211155,379.25,379.26,379.25,379.25,379.25,2,1
1612211160,379.45,379.46,379.18,379.22,379.3,4,4
1612211165,379.22,379.22,379.21,379.22,379.22,0,0
1612211170,379.19,379.19,379.19,379.19,379.19,1,1
1612211175,379.39,379.39,379.39,379.39,379.39,2,2
1612211180,379.41,379.41,379.38,379.38,379.395,2,2
1612211185,379.46,379.51,379.46,379.51,379.479,12,6
1612211190,379.51,379.51,379.51,379.51,379.51,0,0
1612211195,379.51,379.51,379.51,379.51,379.51,0,0
1612211200,379.5,379.52,379.43,379.52,379.486,14,3
1612211205,379.6,379.65,379.6,379.64,379.613,7,6
1612211210,379.8,379.8,379.71,379.73,379.736,5,5
1612211215,379.73,379.73,379.73,379.73,379.73,0,0
1612211220,379.73,379.73,379.73,379.73,379.73,0,0
1612211225,379.66,379.66,379.66,379.66,379.66,1,1
1612211230,379.73,379.73,379.73,379.73,379.73,2,2
1612211235,379.71,379.71,379.71,379.71,379.71,1,1
1612211240,379.84,379.84,379.84,379.84,379.84,2,2
1612211245,379.84,380.2,379.84,380.19,380.013,72,31
1612211250,380.1,380.1,379.99,379.99,380.061,7,7
1612211255,379.82,379.82,379.74,379.74,379.765,3,2
1612211260,379.74,379.74,379.74,379.74,379.74,0,0
1612211265,379.74,379.74,379.74,379.74,379.74,0,0
1612211270,379.74,379.74,379.74,379.74,379.74,0,0
1612211275,379.93,379.93,379.93,379.93,379.93,2,2
1612211280,379.77,379.77,379.76,379.77,379.766,1,1
1612211285,379.89,379.9,379.89,379.89,379.89,1,1
1612211290,379.89,379.9,379.89,379.89,379.89,0,0
1612211295,379.89,379.9,379.89,379.89,379.89,0,0
1612211300,379.87,379.87,379.86,379.87,379.865,1,1
1612211305,379.83,379.89,379.83,379.89,379.863,4,3
1612211310,379.89,379.89,379.89,379.89,379.89,0,0
1612211315,379.87,379.9,379.87,379.89,379.879,5,3
1612211320,379.89,379.89,379.89,379.89,379.89,2,2
1612211325,380.08,380.08,380.08,380.08,380.08,1,1
1612211330,380.14,380.14,380.05,380.05,380.072,5,4
1612211335,380.12,380.18,380.12,380.18,380.15,3,3
1612211340,380.2,380.2,380.2,380.2,380.2,2,1
1612211345,380.2,380.2,380.2,380.2,380.2,0,0
1612211350,380.2,380.2,380.2,380.2,380.2,0,0
1612211355,380.2,380.2,380.2,380.2,380.2,0,0
1612211360,380.29,380.37,380.29,380.37,380.317,3,3
1612211365,380.37,380.37,380.37,380.37,380.37,0,0
1612211370,380.37,380.37,380.37,380.37,380.37,0,0
1612211375,380.17,380.17,380.17,380.17,380.17,1,1
1612211380,380.17,380.34,380.16,380.34,380.27,5,2
1612211385,380.27,380.27,380.27,380.27,380.27,1,1
1612211390,380.27,380.27,380.27,380.27,380.27,0,0
1612211395,380.27,380.27,380.26,380.27,380.265,1,1
1612211400,380.25,380.25,380.16,380.19,380.184,7,7
1612211405,380.0,380.0,380.0,380.0,380.0,1,1
1612211410,380.0,380.0,380.0,380.0,380.0,0,0
1612211415,380.0,380.0,380.0,380.0,380.0,0,0
1612211420,379.87,380.0,379.87,380.0,379.93,5,5
1612211425,380.0,380.0,380.0,380.0,380.0,0,0
1612211430,380.0,380.0,380.0,380.0,380.0,0,0
1612211435,379.94,380.07,379.93,380.03,380.026,4,4
1612211440,380.06,380.06,380.06,380.06,380.06,2,2
1612211445,380.06,380.06,380.06,380.06,380.06,0,0
1612211450,380.25,380.25,380.25,380.25,380.25,2,1
1612211455,380.25,380.25,380.25,380.25,380.25,0,0
1612211460,380.37,380.37,380.37,380.37,380.37,5,5
1612211465,380.37,380.37,380.37,380.37,380.37,0,0
1612211470,380.18,380.44,380.18,380.44,380.35,20,19
1612211475,380.49,380.5,380.41,380.5,380.473,12,11
1612211480,380.5,380.5,380.28,380.29,380.398,15,15
1612211485,380.34,380.41,380.29,380.3,380.336,3,3
1612211490,380.3,380.3,380.29,380.3,380.3,0,0
1612211495,380.4,380.41,380.4,380.4,380.401,1,1
1612211500,380.33,380.43,380.33,380.41,380.405,12,9
1612211505,380.5,380.53,380.38,380.38,380.478,4,4
1612211510,380.53,380.54,380.44,380.44,380.515,7,3
1612211515,380.57,380.57,380.57,380.57,380.57,3,3
1612211520,380.45,380.45,380.35,380.36,380.374,23,20
1612211525,380.4,380.4,380.27,380.27,380.357,6,6
1612211530,380.21,380.22,380.04,380.08,380.162,11,11
1612211535,380.08,380.08,380.08,380.08,380.08,0,0
1612211540,380.08,380.08,380.08,380.08,380.08,0,0
1612211545,380.08,380.08,380.08,380.08,380.08,0,0
1612211550,380.06,380.14,380.06,380.06,380.085,4,4
1612211555,380.4,380.4,380.4,380.4,380.4,1,1
1612211560,380.52,380.52,380.21,380.21,380.377,3,3
1612211565,380.21,380.22,380.21,380.21,380.21,0,0
1612211570,380.44,380.44,380.4,380.42,380.415,4,4
1612211575,380.43,380.43,380.3,380.31,380.353,2,2
1612211580,380.5,380.5,380.44,380.44,380.47,2,2
1612211585,380.44,380.44,380.44,380.44,380.44,0,0
1612211590,380.56,380.56,380.56,380.56,380.56,1,1
1612211595,380.55,380.55,380.54,380.55,380.545,1,1
1612211600,380.46,380.46,380.46,380.46,380.46,1,1
1612211605,380.46,380.46,380.46,380.46,380.46,0,0
1612211610,380.25,380.34,380.24,380.34,380.32,6,2
1612211615,380.34,380.34,380.33,380.34,380.34,0,0
1612211620,380.38,380.38,380.38,380.38,380.38,1,1
1612211625,380.44,380.52,380.44,380.52,380.499,7,5
1612211630,380.47,380.47,380.39,380.39,380.436,5,5
1612211635,380.49,380.5,380.49,380.5,380.493,3,3
1612211640,380.4,380.4,380.4,380.4,380.4,1,1
1612211645,380.4,380.4,380.4,380.4,380.4,0,0
1612211650,380.3,380.3,380.3,380.3,380.3,1,1
1612211655,380.46,380.5,380.46,380.48,380.483,4,4
1612211660,380.63,380.63,380.63,380.63,380.63,1,1
1612211665,380.63,380.63,380.63,380.63,380.63,0,0
1612211670,380.63,380.63,380.63,380.63,380.63,0,0
1612211675,380.62,380.62,380.61,380.62,380.616,1,1
1612211680,380.62,380.62,380.61,380.62,380.62,0,0
1612211685,380.62,380.62,380.61,380.62,380.62,0,0
1612211690,380.6,380.75,380.6,380.75,380.675,11,9
1612211695,380.73,380.79,380.73,380.79,380.778,4,4
1612211700,380.88,380.88,380.88,380.88,380.88,1,1
1612211705,380.88,380.88,380.81,380.81,380.857,3,3
1612211710,380.81,380.81,380.81,380.81,380.81,0,0
1612211715,380.7,380.76,380.61,380.61,380.68,12,7
1612211720,380.61,380.62,380.61,380.61,380.61,0,0
1612211725,380.61,380.62,380.61,380.61,380.61,0,0
1612211730,380.61,380.62,380.61,380.61,380.61,0,0
1612211735,380.52,380.68,380.52,380.68,380.593,3,3
1612211740,380.68,380.68,380.68,380.68,380.68,0,0
1612211745,380.52,380.52,380.5,380.5,380.507,3,3
1612211750,380.5,380.5,380.5,380.5,380.5,0,0
1612211755,380.5,380.5,380.5,380.5,380.5,0,0
1612211760,380.47,380.47,380.47,380.47,380.47,1,1
1612211765,380.48,380.63,380.48,380.55,380.56,4,4
1612211770,380.55,380.55,380.55,380.55,380.55,0,0
1612211775,380.47,380.54,380.47,380.54,380.505,2,2
1612211780,380.54,380.54,380.53,380.54,380.54,0,0
1612211785,380.27,380.27,380.21,380.21,380.24,2,2
1612211790,380.21,380.21,380.21,380.21,380.21,0,0
1612211795,380.21,380.21,380.21,380.21,380.21,0,0
1612211800,380.21,380.21,380.21,380.21,380.21,0,0
1612211805,380.33,380.49,380.24,380.49,380.345,6,6
1612211810,380.41,380.41,380.36,380.36,380.385,2,2
1612211815,380.22,380.36,380.22,380.36,380.252,6,2
1612211820,380.36,380.36,380.35,380.36,380.36,0,0
1612211825,380.36,380.36,380.35,380.36,380.36,0,0
1612211830,380.36,380.36,380.35,380.36,380.36,0,0
1612211835,380.36,380.36,380.35,380.36,380.36,0,0
1612211840,380.36,380.36,380.35,380.36,380.36,0,0
1612211845,380.36,380.36,380.35,380.36,380.36,0,0
1612211850,380.36,380.36,380.35,380.36,380.36,0,0
1612211855,380.26,380.27,380.26,380.26,380.263,3,2
1612211860,380.25,380.29,380.13,380.13,380.224,6,6
1612211865,380.13,380.18,380.1,380.18,380.137,3,3
1612211870,380.18,380.18,379.98,379.98,380.071,3,3
1612211875,379.98,379.98,379.79,379.79,379.887,2,2
1612211880,379.79,379.8,379.79,379.79,379.79,0,0
1612211885,379.97,380.32,379.97,380.32,380.088,8,8
1612211890,380.35,380.35,380.26,380.26,380.303,2,2
1612211895,380.26,380.26,380.26,380.26,380.26,0,0
1612211900,380.26,380.26,380.26,380.26,380.26,0,0
1612211905,380.24,380.45,380.24,380.44,380.289,19,5
1612211910,380.5,380.63,380.5,380.53,380.542,8,7
1612211915,380.54,380.54,380.54,380.54,380.54,1,1
1612211920,380.6,380.6,380.6,380.6,380.6,1,1
1612211925,380.6,380.6,380.6,380.6,380.6,2,1
1612211930,380.6,380.6,380.6,380.6,380.6,0,0
1612211935,380.6,380.6,380.6,380.6,380.6,0,0
1612211940,380.59,380.59,380.55,380.59,380.566,9,8
1612211945,380.52,380.59,380.52,380.58,380.554,2,2
1612211950,380.58,380.59,380.58,380.58,380.58,0,0
1612211955,380.58,380.59,380.58,380.58,380.58,0,0
1612211960,380.58,380.59,380.58,380.58,380.58,0,0
1612211965,380.42,380.42,380.38,380.38,380.404,4,4
1612211970,380.25,380.25,380.2,380.2,380.233,3,3
1612211975,380.29,380.29,380.19,380.19,380.24,2,2
1612211980,380.19,380.19,380.19,380.19,380.19,0,0
1612211985,380.03,380.03,380.03,380.03,380.03,1,1
1612211990,380.03,380.03,380.03,380.03,380.03,0,0
1612211995,380.03,380.03,380.03,380.03,380.03,0,0
1612212000,380.38,380.38,380.19,380.19,380.232,4,4
1612212005,380.21,380.21,380.21,380.21,380.21,1,1
1612212010,380.21,380.21,380.21,380.21,380.21,0,0
1612212015,380.21,380.21,380.21,380.21,380.21,0,0
1612212020,380.11,380.11,380.09,380.09,380.1,2,2
1612212025,380.09,380.09,380.09,380.09,380.09,0,0
1612212030,380.09,380.09,380.09,380.09,380.09,0,0
1612212035,380.13,380.13,380.13,380.13,380.13,1,1
1612212040,380.13,380.13,380.13,380.13,380.13,0,0
1612212045,380.12,380.12,380.11,380.12,380.115,3,1
1612212050,380.0,380.0,379.97,379.97,379.987,3,3
1612212055,379.97,379.97,379.97,379.97,379.97,0,0
1612212060,379.9,379.9,379.87,379.87,379.885,2,2
1612212065,379.87,379.87,379.87,379.87,379.87,0,0
1612212070,379.86,379.86,379.58,379.58,379.772,6,6
1612212075,379.59,379.59,379.59,379.59,379.59,1,1
1612212080,379.59,379.59,379.59,379.59,379.59,0,0
1612212085,379.59,379.59,379.59,379.59,379.59,0,0
1612212090,379.59,379.59,379.59,379.59,379.59,0,0
1612212095,379.42,379.47,379.3,379.3,379.37,9,8
1612212100,379.12,379.5,379.12,379.5,379.473,13,2
1612212105,379.4,379.4,379.2,379.2,379.269,11,5
1612212110,379.54,379.64,379.43,379.54,379.534,14,10
1612212115,379.84,379.84,379.83,379.84,379.838,1,1
1612212120,379.72,379.72,379.71,379.72,379.715,2,1
1612212125,379.72,379.72,379.71,379.72,379.72,0,0
1612212130,379.86,379.86,379.86,379.86,379.86,1,1
1612212135,379.86,379.86,379.86,379.86,379.86,1,1
1612212140,379.86,379.86,379.86,379.86,379.86,0,0
1612212145,379.91,380.0,379.9,380.0,379.922,7,3
1612212150,380.0,380.07,379.88,380.07,379.992,83,10
1612212155,380.04,380.04,380.0,380.0,380.027,3,3
1612212160,380.09,380.13,380.09,380.13,380.11,2,2
1612212165,380.25,380.25,380.25,380.25,380.25,4,4
1612212170,380.38,380.38,380.37,380.37,380.373,3,3
1612212175,380.35,380.35,380.35,380.35,380.35,1,1
1612212180,380.25,380.25,380.24,380.25,380.245,1,1
1612212185,380.16,380.19,380.14,380.14,380.149,12,12
1612212190,380.14,380.14,380.14,380.14,380.14,0,0
1612212195,380.2,380.2,380.2,380.2,380.2,2,1
1612212200,380.16,380.2,380.07,380.17,380.161,12,4
1612212205,380.32,380.43,380.24,380.31,380.281,38,17
1612212210,380.38,380.38,380.33,380.38,380.365,3,3
1612212215,380.38,380.38,380.38,380.38,380.38,2,1
1612212220,380.43,380.5,380.43,380.47,380.482,10,8
1612212225,380.56,380.64,380.55,380.56,380.58,10,6
1612212230,380.56,380.56,380.56,380.56,380.56,0,0
1612212235,380.63,380.68,380.63,380.68,380.667,4,2
1612212240,380.68,380.7,380.67,380.7,380.688,2,2
1612212245,380.75,380.88,380.69,380.81,380.829,8,8
1612212250,380.79,380.95,380.7,380.7,380.874,15,3
1612212255,380.74,380.74,380.58,380.58,380.712,13,10
1612212260,380.58,380.58,380.58,380.58,380.58,0,0
1612212265,380.68,380.68,380.58,380.58,380.628,2,2
1612212270,380.58,380.69,380.58,380.58,380.617,3,3
1612212275,380.52,380.58,380.51,380.51,380.53,4,4
1612212280,380.43,380.43,380.03,380.23,380.159,18,9
1612212285,380.23,380.23,380.22,380.23,380.23,0,0
1612212290,380.07,380.23,380.05,380.21,380.179,7,6
1612212295,380.36,380.36,380.35,380.36,380.359,1,1
1612212300,380.19,380.4,380.19,380.36,380.326,34,26
1612212305,380.54,380.69,380.54,380.69,380.616,16,16
1612212310,380.69,380.69,380.69,380.69,380.69,3,3
1612212315,380.69,380.69,380.54,380.55,380.581,8,8
1612212320,380.63,380.63,380.54,380.54,380.583,5,5
1612212325,380.54,380.55,380.4,380.54,380.514,9,9
1612212330,380.4,380.42,380.4,380.42,380.407,3,3
1612212335,380.26,380.26,380.01,380.01,380.175,4,4
1612212340,380.03,380.13,380.0,380.09,380.053,7,7
1612212345,380.1,380.11,380.1,380.1,380.106,5,5
1612212350,380.12,380.22,380.11,380.2,380.156,4,4
1612212355,380.24,380.24,380.24,380.24,380.24,3,3
1612212360,380.29,380.3,380.26,380.26,380.277,2,2
1612212365,380.35,380.35,380.35,380.35,380.35,1,1
1612212370,380.35,380.35,380.35,380.35,380.35,0,0
1612212375,380.26,380.26,380.26,380.26,380.26,1,1
1612212380,380.25,380.26,380.14,380.25,380.23,21,19
1612212385,380.32,380.33,380.16,380.17,380.234,4,4
1612212390,380.17,380.17,380.16,380.17,380.17,0,0
1612212395,380.02,380.02,380.02,380.02,380.02,2,2
1612212400,379.91,380.07,379.9,380.07,380.023,7,3
1612212405,380.06,380.13,379.99,380.13,380.064,10,10
1612212410,380.04,380.16,380.04,380.11,380.101,8,7
1612212415,380.17,380.23,380.1,380.23,380.177,10,9
1612212420,380.36,380.36,380.08,380.08,380.24,10,6
1612212425,380.13,380.13,380.13,380.13,380.13,1,1
1612212430,379.98,380.04,379.97,380.04,379.995,3,3
1612212435,380.04,380.04,380.03,380.04,380.04,0,0
1612212440,379.98,379.99,379.91,379.99,379.954,5,5
1612212445,379.99,379.99,379.99,379.99,379.99,0,0
1612212450,379.99,379.99,379.94,379.94,379.951,4,3
1612212455,379.94,380.09,379.94,380.09,380.004,7,6
1612212460,379.96,380.11,379.86,379.99,380.012,31,24
1612212465,379.92,379.92,379.91,379.92,379.917,2,1
1612212470,379.92,379.92,379.91,379.92,379.92,0,0
1612212475,379.89,379.89,379.89,379.89,379.89,1,1
1612212480,379.94,379.94,379.94,379.94,379.94,1,1
1612212485,379.96,380.01,379.84,379.93,379.958,6,6
1612212490,379.82,379.94,379.79,379.93,379.871,11,10
1612212495,379.93,379.93,379.93,379.93,379.93,0,0
1612212500,379.93,379.93,379.93,379.93,379.93,0,0
1612212505,379.99,379.99,379.99,379.99,379.99,2,2
1612212510,380.05,380.05,380.05,380.05,380.05,1,1
1612212515,380.0,380.0,379.99,379.99,379.993,3,3
1612212520,379.99,379.99,379.99,379.99,379.99,2,2
1612212525,380.01,380.11,380.01,380.04,380.08,8,8
1612212530,380.0,380.0,379.91,379.91,379.955,2,2
1612212535,380.04,380.04,379.82,379.98,379.863,23,22
1612212540,379.98,379.98,379.98,379.98,379.98,0,0
1612212545,379.77,379.88,379.77,379.88,379.805,3,3
1612212550,379.78,379.78,379.66,379.76,379.723,7,7
1612212555,379.76,379.76,379.76,379.76,379.76,0,0
1612212560,379.76,379.76,379.76,379.76,379.76,0,0
1612212565,379.71,379.71,379.71,379.71,379.71,1,1
1612212570,379.75,379.89,379.64,379.87,379.793,7,7
1612212575,379.87,379.87,379.87,379.87,379.87,0,0
1612212580,379.87,379.87,379.87,379.87,379.87,0,0
1612212585,379.85,379.85,379.85,379.85,379.85,1,1
1612212590,379.87,380.0,379.87,379.96,379.914,5,5
1612212595,380.0,380.08,379.87,379.96,379.97,9,7
1612212600,379.99,380.59,379.99,380.23,380.212,14,14
1612212605,380.19,380.54,380.19,380.54,380.415,8,8
1612212610,380.61,380.69,380.45,380.5,380.551,8,8
1612212615,380.62,380.68,380.62,380.68,380.675,11,2
1612212620,380.62,380.62,380.62,380.62,380.62,1,1
1612212625,380.39,380.55,380.3,380.31,380.485,10,10
1612212630,380.53,380.53,380.31,380.43,380.417,3,3
1612212635,380.42,380.57,380.42,380.57,380.522,5,5
1612212640,380.59,380.67,380.49,380.67,380.552,8,7
1612212645,380.52,380.68,380.52,380.62,380.616,5,5
1612212650,380.62,380.62,380.62,380.62,380.62,0,0
1612212655,380.62,380.69,380.57,380.69,380.625,4,4
1612212660,380.59,380.67,380.55,380.67,380.594,17,15
1612212665,380.58,380.58,380.58,380.58,380.58,1,1
1612212670,380.58,380.66,380.57,380.57,380.6,9,7
1612212675,380.56,380.69,380.56,380.69,380.603,3,3
1612212680,380.68,380.69,380.61,380.64,380.64,4,3
1612212685,380.63,380.63,380.56,380.56,380.595,4,4
1612212690,380.7,380.89,380.7,380.89,380.82,4,3
1612212695,380.89,380.95,380.88,380.88,380.908,3,3
1612212700,380.89,380.95,380.84,380.91,380.896,18,12
1612212705,380.93,380.96,380.93,380.96,380.945,2,2
1612212710,380.96,380.96,380.96,380.96,380.96,0,0
1612212715,380.99,380.99,380.83,380.83,380.897,13,12
1612212720,380.89,380.9,380.6,380.6,380.729,14,13
1612212725,380.66,380.81,380.59,380.81,380.701,10,9
1612212730,380.65,380.65,380.64,380.65,380.646,3,1
1612212735,380.72,380.82,380.68,380.68,380.721,8,7
1612212740,380.71,380.77,380.71,380.77,380.73,3,3
1612212745,380.86,380.98,380.86,380.98,380.89,4,3
1612212750,380.89,380.89,380.71,380.72,380.796,22,16
1612212755,380.75,380.84,380.75,380.75,380.761,12,6
1612212760,380.84,380.84,380.84,380.84,380.84,1,1
1612212765,380.76,380.76,380.75,380.75,380.755,2,2
1612212770,380.7,380.78,380.69,380.78,380.709,20,12
1612212775,380.69,380.83,380.64,380.75,380.7,23,12
1612212780,380.81,380.85,380.81,380.85,380.83,2,2
1612212785,380.86,380.88,380.86,380.88,380.87,4,3
1612212790,380.78,380.87,380.73,380.84,380.818,5,5
1612212795,380.81,380.81,380.61,380.76,380.689,13,13
1612212800,380.74,380.86,380.68,380.69,380.751,21,21
1612212805,380.78,380.78,380.77,380.78,380.775,1,1
1612212810,380.86,381.24,380.86,381.24,381.003,112,44
1612212815,381.28,381.29,381.25,381.25,381.276,5,5
1612212820,381.42,381.42,381.4,381.41,381.411,5,5
1612212825,381.51,381.52,381.26,381.29,381.438,25,12
1612212830,381.22,381.28,381.12,381.12,381.2,7,7
1612212835,381.09,381.09,381.09,381.09,381.09,2,2
1612212840,381.06,381.06,381.06,381.06,381.06,1,1
1612212845,381.19,381.21,381.07,381.21,381.188,11,11
1612212850,381.21,381.21,381.21,381.21,381.21,0,0
1612212855,381.41,381.41,381.41,381.41,381.41,1,1
1612212860,381.58,381.58,381.47,381.47,381.499,5,5
1612212865,381.5,381.58,381.48,381.58,381.553,7,6
1612212870,381.62,381.69,381.57,381.58,381.621,7,5
1612212875,381.75,381.76,381.6,381.76,381.662,6,5
1612212880,381.79,382.09,381.75,382.0,381.91,51,28
1612212885,382.09,382.22,382.02,382.15,382.071,24,12
1612212890,382.22,382.5,382.2,382.5,382.34,34,28
1612212895,382.58,382.78,382.58,382.59,382.639,18,15
1612212900,382.59,382.61,382.38,382.38,382.468,13,13
1612212905,382.34,382.41,382.33,382.33,382.338,19,6
1612212910,382.28,382.49,382.28,382.49,382.423,13,5
1612212915,382.48,382.7,382.48,382.56,382.592,8,8
1612212920,382.56,382.56,382.33,382.46,382.478,19,17
1612212925,382.32,382.32,381.8,381.8,382.044,9,7
1612212930,381.81,382.23,381.8,382.23,382.065,44,15
1612212935,382.24,382.24,382.23,382.24,382.238,2,2
1612212940,382.22,382.25,382.14,382.22,382.195,13,13
1612212945,382.4,382.4,382.19,382.19,382.26,3,3
1612212950,382.27,382.27,382.25,382.25,382.256,10,10
1612212955,382.08,382.29,381.85,381.98,382.058,12,10
1612212960,382.04,382.12,381.88,382.12,382.004,4,4
1612212965,381.95,382.15,381.95,382.06,382.052,4,4
1612212970,382.08,382.15,381.96,382.15,382.063,3,3
1612212975,382.23,382.27,382.07,382.07,382.134,8,7
1612212980,382.13,382.15,382.13,382.15,382.141,2,2
1612212985,382.28,382.28,382.27,382.28,382.275,3,1
1612212990,382.19,382.19,382.15,382.15,382.16,9,8
1612212995,381.97,382.05,381.9,381.97,381.958,18,14
1612213000,382.03,382.03,381.94,381.94,382.004,10,4
1612213005,382.03,382.06,381.94,381.94,381.986,8,8
1612213010,381.89,382.02,381.89,382.02,381.921,14,5
1612213015,382.01,382.01,381.98,381.98,381.995,2,2
1612213020,382.09,382.15,382.01,382.01,382.066,9,9
1612213025,382.04,382.1,382.02,382.1,382.034,13,12
1612213030,382.11,382.11,381.9,382.02,381.997,13,13
1612213035,381.79,381.79,381.78,381.79,381.785,1,1
1612213040,381.69,381.69,381.4,381.43,381.453,31,18
1612213045,381.33,381.48,381.33,381.48,381.411,4,4
1612213050,381.48,381.48,381.48,381.48,381.48,1,1
1612213055,381.58,381.6,381.48,381.6,381.557,5,5
1612213060,381.58,381.62,381.58,381.62,381.598,2,2
1612213065,381.52,381.52,381.5,381.5,381.51,2,2
1612213070,381.6,381.6,381.49,381.49,381.52,11,10
1612213075,381.42,381.53,381.42,381.47,381.493,14,14
1612213080,381.47,381.47,381.19,381.19,381.326,5,5
1612213085,381.28,381.28,381.15,381.15,381.168,33,16
1612213090,381.35,381.35,381.2,381.2,381.268,2,2
1612213095,381.3,381.99,381.23,381.67,381.746,350,117
1612213100,381.84,381.84,381.67,381.71,381.736,14,14
1612213105,381.79,381.8,381.49,381.71,381.712,11,11
1612213110,381.62,381.62,381.58,381.58,381.6,3,3
1612213115,381.63,381.63,381.47,381.6,381.581,12,8
1612213120,381.47,381.6,381.42,381.44,381.494,15,14
1612213125,381.5,381.88,381.5,381.84,381.749,23,20
1612213130,381.88,381.9,381.79,381.79,381.845,13,12
1612213135,381.86,381.86,381.86,381.86,381.86,1,1
1612213140,381.87,382.02,381.87,382.02,381.942,23,22
1612213145,382.0,382.3,381.98,382.3,382.156,11,10
1612213150,382.3,382.35,382.14,382.25,382.252,10,10
1612213155,382.35,382.35,382.22,382.26,382.292,6,6
1612213160,382.35,382.35,382.04,382.04,382.179,35,22
1612213165,382.0,382.22,382.0,382.19,382.122,18,16
1612213170,382.12,382.2,381.77,381.77,382.003,36,31
1612213175,381.84,381.93,381.75,381.75,381.819,20,19
1612213180,381.75,381.76,381.51,381.76,381.69,24,18
1612213185,381.81,381.91,381.7,381.91,381.831,34,34
1612213190,381.73,381.92,381.72,381.79,381.881,46,38
1612213195,381.87,381.93,381.7,381.74,381.855,51,44
1612213200,381.93,381.93,381.93,381.93,381.93,1087,9
1612213205,381.93,381.93,381.93,381.93,381.93,0,0
1612213210,381.93,381.93,381.93,381.93,381.93,0,0
1612213215,381.93,381.93,381.93,381.93,381.93,18,5
1612213220,381.93,381.93,381.93,381.93,381.93,0,0
1612213225,381.93,381.93,381.93,381.93,381.93,0,0
1612213230,381.93,381.93,381.93,381.93,381.93,0,0
1612213235,381.93,381.93,381.93,381.93,381.93,0,0
1612213240,381.93,381.93,381.93,381.93,381.93,0,0
1612213245,381.93,381.93,381.93,381.93,381.93,0,0
1612213250,381.93,381.93,381.93,381.93,381.93,0,0
1612213255,381.93,381.93,381.93,381.93,381.93,0,0
1612213260,381.93,381.93,381.93,381.93,381.93,0,0
1612213265,381.93,381.93,381.93,381.93,381.93,0,0
1612213270,381.93,381.93,381.93,381.93,381.93,0,0
1612213275,381.93,381.93,381.93,381.93,381.93,0,0
1612213280,381.93,381.93,381.93,381.93,381.93,0,0
1612213285,381.93,381.93,381.93,381.93,381.93,0,0
1612213290,381.93,381.93,381.93,381.93,381.93,34,2
1612213295,381.93,381.93,381.93,381.93,381.93,4,1
1612213300,381.93,381.93,381.93,381.93,381.93,0,0
1612213305,381.93,381.93,381.93,381.93,381.93,23,2
1612213310,381.93,381.93,381.93,381.93,381.93,0,0
1612213315,381.93,381.93,381.93,381.93,381.93,0,0
1612213320,381.93,381.93,381.93,381.93,381.93,0,0
1612213325,381.93,381.93,381.93,381.93,381.93,0,0
1612213330,381.93,381.93,381.93,381.93,381.93,0,0
1612213335,381.93,381.93,381.93,381.93,381.93,0,0
1612213340,381.93,381.93,381.93,381.93,381.93,0,0
1612213345,381.93,381.93,381.93,381.93,381.93,0,0
1612213350,381.93,381.93,381.93,381.93,381.93,0,0
1612213355,381.93,381.93,381.93,381.93,381.93,0,0
1612213360,381.93,381.93,381.93,381.93,381.93,0,0
1612213365,381.93,381.93,381.93,381.93,381.93,0,0
1612213370,381.93,381.93,381.93,381.93,381.93,0,0
1612213375,381.93,381.93,381.93,381.93,381.93,0,0
1612213380,381.93,381.93,381.93,381.93,381.93,0,0
1612213385,381.93,381.93,381.93,381.93,381.93,0,0
1612213390,381.93,381.93,381.93,381.93,381.93,0,0
1612213395,381.93,381.93,381.93,381.93,381.93,0,0
1612213400,381.93,381.93,381.93,381.93,381.93,0,0
1612213405,381.93,381.93,381.93,381.93,381.93,0,0
1612213410,381.93,381.93,381.93,381.93,381.93,0,0
1612213415,381.93,381.93,381.93,381.93,381.93,0,0
1612213420,381.93,381.93,381.93,381.93,381.93,0,0
1612213425,381.93,381.93,381.93,381.93,381.93,0,0
1612213430,381.93,381.93,381.93,381.93,381.93,0,0
1612213435,381.93,381.93,381.93,381.93,381.93,0,0
1612213440,381.93,381.93,381.93,381.93,381.93,0,0
1612213445,381.93,381.93,381.93,381.93,381.93,0,0
1612213450,381.93,381.93,381.93,381.93,381.93,0,0
1612213455,381.93,381.93,381.93,381.93,381.93,0,0
1612213460,381.93,381.93,381.93,381.93,381.93,0,0
1612213465,381.93,381.93,381.93,381.93,381.93,0,0
1612213470,381.93,381.93,381.93,381.93,381.93,0,0
1612213475,381.93,381.93,381.93,381.93,381.93,0,0
1612213480,381.93,381.93,381.93,381.93,381.93,0,0
1612213485,381.93,381.93,381.93,381.93,381.93,0,0
1612213490,381.93,381.93,381.93,381.93,381.93,0,0
1612213495,381.93,381.93,381.93,381.93,381.93,0,0
1612213500,381.93,381.93,381.93,381.93,381.93,0,0
1612213505,381.93,381.93,381.93,381.93,381.93,0,0
1612213510,381.93,381.93,381.93,381.93,381.93,0,0
1612213515,381.93,381.93,381.93,381.93,381.93,0,0
1612213520,381.93,381.93,381.93,381.93,381.93,0,0
1612213525,381.93,381.93,381.93,381.93,381.93,0,0
1612213530,381.93,381.93,381.93,381.93,381.93,0,0
1612213535,381.93,381.93,381.93,381.93,381.93,0,0
1612213540,381.93,381.93,381.93,381.93,381.93,0,0
1612213545,381.93,381.93,381.93,381.93,381.93,0,0
1612213550,381.93,381.93,381.93,381.93,381.93,0,0
1612213555,381.93,381.93,381.93,381.93,381.93,0,0
1612213560,381.93,381.93,381.93,381.93,381.93,0,0
1612213565,381.93,381.93,381.93,381.93,381.93,0,0
1612213570,381.93,381.93,381.93,381.93,381.93,0,0
1612213575,381.93,381.93,381.93,381.93,381.93,0,0
1612213580,381.93,381.93,381.93,381.93,381.93,1,1
1612213585,381.93,381.93,381.93,381.93,381.93,0,0
1612213590,381.93,381.93,381.93,381.93,381.93,0,0
1612213595,381.93,381.93,381.93,381.93,381.93,0,0
1612213600,381.93,381.93,381.93,381.93,381.93,0,0
1612213605,381.93,381.93,381.93,381.93,381.93,0,0
1612213610,381.93,381.93,381.93,381.93,381.93,0,0
1612213615,381.93,381.93,381.93,381.93,381.93,0,0
1612213620,381.93,381.93,381.93,381.93,381.93,0,0
1612213625,381.93,381.93,381.93,381.93,381.93,0,0
1612213630,381.93,381.93,381.93,381.93,381.93,0,0
1612213635,381.93,381.93,381.93,381.93,381.93,0,0
1612213640,381.93,381.93,381.93,381.93,381.93,0,0
1612213645,381.93,381.93,381.93,381.93,381.93,0,0
1612213650,381.93,381.93,381.93,381.93,381.93,0,0
1612213655,381.93,381.93,381.93,381.93,381.93,0,0
1612213660,381.93,381.93,381.93,381.93,381.93,0,0
1612213665,379.1,379.1,379.1,379.1,379.1,1,1
1612213670,379.1,379.1,379.1,379.1,379.1,0,0
1612213675,379.1,379.1,379.1,379.1,379.1,0,0
1612213680,379.1,379.1,379.1,379.1,379.1,0,0
1612213685,379.1,379.1,379.1,379.1,379.1,0,0
1612213690,379.1,379.1,379.1,379.1,379.1,0,0
1612213695,379.1,379.1,379.1,379.1,379.1,0,0
1612213700,379.1,379.1,379.1,379.1,379.1,0,0
1612213705,379.1,379.1,379.1,379.1,379.1,0,0
1612213710,379.1,379.1,379.1,379.1,379.1,0,0
1612213715,379.1,379.1,379.1,379.1,379.1,0,0
1612213720,379.1,379.1,379.1,379.1,379.1,0,0
1612213725,379.1,379.1,379.1,379.1,379.1,0,0
1612213730,379.1,379.1,379.1,379.1,379.1,0,0
1612213735,379.1,379.1,379.1,379.1,379.1,0,0
1612213740,379.1,379.1,379.1,379.1,379.1,0,0
1612213745,379.1,379.1,379.1,379.1,379.1,0,0
1612213750,379.1,379.1,379.1,379.1,379.1,0,0
1612213755,379.1,379.1,379.1,379.1,379.1,0,0
1612213760,379.1,379.1,379.1,379.1,379.1,0,0
1612213765,379.1,379.1,379.1,379.1,379.1,0,0
1612213770,379.1,379.1,379.1,379.1,379.1,0,0
1612213775,379.1,379.1,379.1,379.1,379.1,0,0
1612213780,379.1,379.1,379.1,379.1,379.1,0,0
1612213785,379.1,379.1,379.1,379.1,379.1,0,0
1612213790,379.1,379.1,379.1,379.1,379.1,0,0
1612213795,379.1,379.1,379.1,379.1,379.1,0,0
1612213800,379.1,379.1,379.1,379.1,379.1,0,0
1612213805,379.1,379.1,379.1,379.1,379.1,0,0
1612213810,379.1,379.1,379.1,379.1,379.1,0,0
1612213815,379.1,379.1,379.1,379.1,379.1,0,0
1612213820,379.1,379.1,379.1,379.1,379.1,0,0
1612213825,379.1,379.1,379.1,379.1,379.1,0,0
1612213830,379.1,379.1,379.1,379.1,379.1,0,0
1612213835,379.1,379.1,379.1,379.1,379.1,0,0
1612213840,379.1,379.1,379.1,379.1,379.1,0,0
1612213845,379.1,379.1,379.1,379.1,379.1,0,0
1612213850,379.1,379.1,379.1,379.1,379.1,0,0
1612213855,379.1,379.1,379.1,379.1,379.1,0,0
1612213860,379.1,379.1,379.1,379.1,379.1,0,0
1612213865,379.1,379.1,379.1,379.1,379.1,0,0
1612213870,379.1,379.1,379.1,379.1,379.1,0,0
1612213875,379.1,379.1,379.1,379.1,379.1,0,0
1612213880,379.1,379.1,379.1,379.1,379.1,0,0
1612213885,379.1,379.1,379.1,379.1,379.1,0,0
1612213890,379.1,379.1,379.1,379.1,379.1,0,0
1612213895,379.1,379.1,379.1,379.1,379.1,0,0
1612213900,379.1,379.1,379.1,379.1,379.1,0,0
1612213905,379.1,379.1,379.1,379.1,379.1,0,0
1612213910,379.1,379.1,379.1,379.1,379.1,0,0
1612213915,379.1,379.1,379.1,379.1,379.1,0,0
1612213920,379.1,379.1,379.1,379.1,379.1,0,0
1612213925,379.1,379.1,379.1,379.1,379.1,0,0
1612213930,379.1,379.1,379.1,379.1,379.1,0,0
1612213935,379.1,379.1,379.1,379.1,379.1,0,0
1612213940,379.1,379.1,379.1,379.1,379.1,0,0
1612213945,379.1,379.1,379.1,379.1,379.1,0,0
1612213950,379.1,379.1,379.1,379.1,379.1,0,0
1612213955,379.1,379.1,379.1,379.1,379.1,0,0
1612213960,381.93,381.93,381.93,381.93,381.93,9,1
1612213965,381.93,381.93,381.93,381.93,381.93,0,0
1612213970,381.93,381.93,381.93,381.93,381.93,0,0
1612213975,381.93,381.93,381.93,381.93,381.93,0,0
1612213980,381.93,381.93,381.93,381.93,381.93,0,0
1612213985,381.93,381.93,381.93,381.93,381.93,0,0
1612213990,381.93,381.93,381.93,381.93,381.93,0,0
1612213995,381.93,381.93,381.93,381.93,381.93,0,0
1612214000,381.93,381.93,381.93,381.93,381.93,0,0
1612214005,381.93,381.93,381.93,381.93,381.93,0,0
1612214010,381.93,381.93,381.93,381.93,381.93,0,0
1612214015,381.93,381.93,381.93,381.93,381.93,0,0
1612214020,381.93,381.93,381.93,381.93,381.93,0,0
1612214025,381.93,381.93,381.93,381.93,381.93,0,0
1612214030,381.93,381.93,381.93,381.93,381.93,0,0
1612214035,381.93,381.93,381.93,381.93,381.93,0,0
1612214040,381.93,381.93,381.93,381.93,381.93,0,0
1612214045,381.93,381.93,381.93,381.93,381.93,0,0
1612214050,381.93,381.93,381.93,381.93,381.93,0,0
1612214055,381.93,381.93,381.93,381.93,381.93,0,0
1612214060,381.93,381.93,381.93,381.93,381.93,0,0
1612214065,381.93,381.93,381.93,381.93,381.93,0,0
1612214070,381.93,381.93,381.93,381.93,381.93,0,0
1612214075,381.93,381.93,381.93,381.93,381.93,0,0
1612214080,381.93,381.93,381.93,381.93,381.93,0,0
1612214085,381.93,381.93,381.93,381.93,381.93,0,0
1612214090,381.93,381.93,381.93,381.93,381.93,0,0
1612214095,381.93,381.93,381.93,381.93,381.93,0,0
1612214100,381.93,381.93,381.93,381.93,381.93,0,0
1612214105,381.93,381.93,381.93,381.93,381.93,0,0
1612214110,380.64,380.64,380.64,380.64,380.64,1,1
1612214115,380.64,380.64,380.64,380.64,380.64,0,0
1612214120,380.64,380.64,380.64,380.64,380.64,0,0
1612214125,380.64,380.64,380.64,380.64,380.64,0,0
1612214130,380.64,380.64,380.64,380.64,380.64,0,0
1612214135,380.64,380.64,380.64,380.64,380.64,0,0
1612214140,380.64,380.64,380.64,380.64,380.64,0,0
1612214145,380.64,380.64,380.64,380.64,380.64,0,0
1612214150,380.64,380.64,380.64,380.64,380.64,0,0
1612214155,380.64,380.64,380.64,380.64,380.64,0,0
1612214160,380.64,380.64,380.64,380.64,380.64,0,0
1612214165,380.64,380.64,380.64,380.64,380.64,0,0
1612214170,380.64,380.64,380.64,380.64,380.64,0,0
1612214175,380.64,380.64,380.64,380.64,380.64,0,0
1612214180,380.64,380.64,380.64,380.64,380.64,0,0
1612214185,380.64,380.64,380.64,380.64,380.64,0,0
1612214190,380.64,380.64,380.64,380.64,380.64,0,0
1612214195,380.64,380.64,380.64,380.64,380.64,0,0
1612214200,380.64,380.64,380.64,380.64,380.64,0,0
1612214205,380.64,380.64,380.64,380.64,380.64,0,0
1612214210,380.64,380.64,380.64,380.64,380.64,0,0
1612214215,380.64,380.64,380.64,380.64,380.64,0,0
1612214220,380.64,380.64,380.64,380.64,380.64,0,0
1612214225,380.64,380.64,380.64,380.64,380.64,0,0
1612214230,380.64,380.64,380.64,380.64,380.64,0,0
1612214235,380.64,380.64,380.64,380.64,380.64,0,0
1612214240,380.64,380.64,380.64,380.64,380.64,0,0
1612214245,380.64,380.64,380.64,380.64,380.64,0,0
1612214250,380.64,380.64,380.64,380.64,380.64,0,0
1612214255,380.64,380.64,380.64,380.64,380.64,0,0
1612214260,380.64,380.64,380.64,380.64,380.64,0,0
1612214265,380.64,380.64,380.64,380.64,380.64,0,0
1612214270,380.64,380.64,380.64,380.64,380.64,0,0
1612214275,380.64,380.64,380.64,380.64,380.64,0,0
1612214280,380.64,380.64,380.64,380.64,380.64,0,0
1612214285,380.64,380.64,380.64,380.64,380.64,0,0
1612214290,380.64,380.64,380.64,380.64,380.64,0,0
1612214295,380.64,380.64,380.64,380.64,380.64,0,0
1612214300,379.94,379.95,379.94,379.94,379.945,2,1
1612214305,379.94,379.95,379.94,379.94,379.94,0,0
1612214310,379.94,379.95,379.94,379.94,379.94,0,0
1612214315,379.94,379.95,379.94,379.94,379.94,0,0
1612214320,379.94,379.95,379.94,379.94,379.94,0,0
1612214325,379.94,379.95,379.94,379.94,379.94,0,0
1612214330,379.94,379.95,379.94,379.94,379.94,0,0
1612214335,379.94,379.95,379.94,379.94,379.94,0,0
1612214340,379.94,379.95,379.94,379.94,379.94,0,0
1612214345,379.94,379.95,379.94,379.94,379.94,0,0
1612214350,379.94,379.95,379.94,379.94,379.94,0,0
1612214355,379.94,379.95,379.94,379.94,379.94,0,0
1612214360,379.94,379.95,379.94,379.94,379.94,0,0
1612214365,379.94,379.95,379.94,379.94,379.94,0,0
1612214370,379.94,379.95,379.94,379.94,379.94,0,0
1612214375,379.94,379.95,379.94,379.94,379.94,0,0
1612214380,379.94,379.95,379.94,379.94,379.94,0,0
1612214385,379.94,379.95,379.94,379.94,379.94,0,0
1612214390,379.94,379.95,379.94,379.94,379.94,0,0
1612214395,379.94,379.95,379.94,379.94,379.94,0,0
1612214400,379.94,379.95,379.94,379.94,379.94,0,0
1612214405,379.94,379.95,379.94,379.94,379.94,0,0
1612214410,379.94,379.95,379.94,379.94,379.94,0,0
1612214415,379.94,379.95,379.94,379.94,379.94,0,0
1612214420,379.94,379.95,379.94,379.94,379.94,0,0
1612214425,379.94,379.95,379.94,379.94,379.94,0,0
1612214430,379.94,379.95,379.94,379.94,379.94,0,0
1612214435,379.94,379.95,379.94,379.94,379.94,0,0
1612214440,379.94,379.95,379.94,379.94,379.94,0,0
1612214445,379.94,379.95,379.94,379.94,379.94,0,0
1612214450,379.94,379.95,379.94,379.94,379.94,0,0
1612214455,379.94,379.95,379.94,379.94,379.94,0,0
1612214460,379.94,379.95,379.94,379.94,379.94,0,0
1612214465,379.94,379.95,379.94,379.94,379.94,0,0
1612214470,379.94,379.95,379.94,379.94,379.94,0,0
1612214475,379.94,379.95,379.94,379.94,379.94,0,0
1612214480,379.94,379.95,379.94,379.94,379.94,0,0
1612214485,379.94,379.95,379.94,379.94,379.94,0,0
1612214490,379.94,379.95,379.94,379.94,379.94,0,0
1612214495,379.94,379.95,379.94,379.94,379.94,0,0
1612214500,379.94,379.95,379.94,379.94,379.94,0,0
1612214505,379.94,379.95,379.94,379.94,379.94,0,0
1612214510,379.94,379.95,379.94,379.94,379.94,0,0
1612214515,379.94,379.95,379.94,379.94,379.94,0,0
1612214520,379.94,379.95,379.94,379.94,379.94,0,0
1612214525,379.94,379.95,379.94,379.94,379.94,0,0
1612214530,379.94,379.95,379.94,379.94,379.94,0,0
1612214535,379.94,379.95,379.94,379.94,379.94,0,0
1612214540,379.94,379.95,379.94,379.94,379.94,0,0
1612214545,379.94,379.95,379.94,379.94,379.94,0,0
1612214550,379.94,379.95,379.94,379.94,379.94,0,0
1612214555,379.94,379.95,379.94,379.94,379.94,0,0
1612214560,379.94,379.95,379.94,379.94,379.94,0,0
1612214565,379.94,379.95,379.94,379.94,379.94,0,0
1612214570,379.94,379.95,379.94,379.94,379.94,0,0
1612214575,379.94,379.95,379.94,379.94,379.94,0,0
1612214580,379.94,379.95,379.94,379.94,379.94,0,0
1612214585,379.94,379.95,379.94,379.94,379.94,0,0
1612214590,379.94,379.95,379.94,379.94,379.94,0,0
1612214595,379.94,379.95,379.94,379.94,379.94,0,0
1612214600,379.94,379.95,379.94,379.94,379.94,0,0
1612214605,379.94,379.95,379.94,379.94,379.94,0,0
1612214610,379.94,379.95,379.94,379.94,379.94,0,0
1612214615,379.94,379.95,379.94,379.94,379.94,0,0
1612214620,379.94,379.95,379.94,379.94,379.94,0,0
1612214625,379.94,379.95,379.94,379.94,379.94,0,0
1612214630,379.94,379.95,379.94,379.94,379.94,0,0
1612214635,379.94,379.95,379.94,379.94,379.94,0,0
1612214640,379.94,379.95,379.94,379.94,379.94,0,0
1612214645,379.94,379.95,379.94,379.94,379.94,0,0
1612214650,379.94,379.95,379.94,379.94,379.94,0,0
1612214655,379.94,379.95,379.94,379.94,379.94,0,0
1612214660,379.94,379.95,379.94,379.94,379.94,0,0
1612214665,379.94,379.95,379.94,379.94,379.94,0,0
1612214670,379.94,379.95,379.94,379.94,379.94,0,0
1612214675,379.94,379.95,379.94,379.94,379.94,0,0
1612214680,379.94,379.95,379.94,379.94,379.94,0,0
1612214685,379.94,379.95,379.94,379.94,379.94,0,0
1612214690,379.94,379.95,379.94,379.94,379.94,0,0
1612214695,379.94,379.95,379.94,379.94,379.94,0,0
1612214700,379.94,379.95,379.94,379.94,379.94,0,0
1612214705,379.94,379.95,379.94,379.94,379.94,0,0
1612214710,379.94,379.95,379.94,379.94,379.94,0,0
1612214715,379.94,379.95,379.94,379.94,379.94,0,0
1612214720,379.94,379.95,379.94,379.94,379.94,0,0
1612214725,379.94,379.95,379.94,379.94,379.94,0,0
1612214730,379.94,379.95,379.94,379.94,379.94,0,0
1612214735,379.94,379.95,379.94,379.94,379.94,0,0
1612214740,379.94,379.95,379.94,379.94,379.94,0,0
1612214745,379.94,379.95,379.94,379.94,379.94,0,0
1612214750,379.94,379.95,379.94,379.94,379.94,0,0
1612214755,379.94,379.95,379.94,379.94,379.94,0,0
1612214760,379.94,379.95,379.94,379.94,379.94,0,0
1612214765,379.94,379.95,379.94,379.94,379.94,0,0
1612214770,379.94,379.95,379.94,379.94,379.94,0,0
1612214775,379.94,379.95,379.94,379.94,379.94,0,0
1612214780,379.94,379.95,379.94,379.94,379.94,0,0
1612214785,379.94,379.95,379.94,379.94,379.94,0,0
1612214790,379.94,379.95,379.94,379.94,379.94,0,0
1612214795,379.94,379.95,379.94,379.94,379.94,0,0
1612214800,379.94,379.95,379.94,379.94,379.94,0,0
1612214805,379.94,379.95,379.94,379.94,379.94,0,0
1612214810,379.94,379.95,379.94,379.94,379.94,0,0
1612214815,379.94,379.95,379.94,379.94,379.94,0,0
1612214820,379.94,379.95,379.94,379.94,379.94,0,0
1612214825,379.94,379.95,379.94,379.94,379.94,0,0
1612214830,379.94,379.95,379.94,379.94,379.94,0,0
1612214835,379.94,379.95,379.94,379.94,379.94,0,0
1612214840,379.94,379.95,379.94,379.94,379.94,0,0
1612214845,379.94,379.95,379.94,379.94,379.94,0,0
1612214850,379.94,379.95,379.94,379.94,379.94,0,0
1612214855,379.94,379.95,379.94,379.94,379.94,0,0
1612214860,379.94,379.95,379.94,379.94,379.94,0,0
1612214865,379.94,379.95,379.94,379.94,379.94,0,0
1612214870,379.94,379.95,379.94,379.94,379.94,0,0
1612214875,379.94,379.95,379.94,379.94,379.94,0,0
1612214880,379.94,379.95,379.94,379.94,379.94,0,0
1612214885,379.94,379.95,379.94,379.94,379.94,0,0
1612214890,379.94,379.95,379.94,379.94,379.94,0,0
1612214895,379.94,379.95,379.94,379.94,379.94,0,0
1612214900,379.94,379.95,379.94,379.94,379.94,0,0
1612214905,379.94,379.95,379.94,379.94,379.94,0,0
1612214910,379.94,379.95,379.94,379.94,379.94,0,0
1612214915,379.94,379.95,379.94,379.94,379.94,0,0
1612214920,379.94,379.95,379.94,379.94,379.94,0,0
1612214925,379.94,379.95,379.94,379.94,379.94,0,0
1612214930,379.94,379.95,379.94,379.94,379.94,0,0
1612214935,379.94,379.95,379.94,379.94,379.94,0,0
1612214940,379.94,379.95,379.94,379.94,379.94,0,0
1612214945,379.94,379.95,379.94,379.94,379.94,0,0
1612214950,379.94,379.95,379.94,379.94,379.94,0,0
1612214955,379.94,379.95,379.94,379.94,379.94,0,0
1612214960,379.94,379.95,379.94,379.94,379.94,0,0
1612214965,379.94,379.95,379.94,379.94,379.94,0,0
1612214970,379.94,379.95,379.94,379.94,379.94,0,0
1612214975,379.94,379.95,379.94,379.94,379.94,0,0
1612214980,379.94,379.95,379.94,379.94,379.94,0,0
1612214985,379.94,379.95,379.94,379.94,379.94,0,0
1612214990,379.94,379.95,379.94,379.94,379.94,0,0
1612214995,379.94,379.95,379.94,379.94,379.94,0,0
1612215000,379.94,379.95,379.94,379.94,379.94,0,0
1612215005,379.94,379.95,379.94,379.94,379.94,0,0
1612215010,379.94,379.95,379.94,379.94,379.94,0,0
1612215015,379.94,379.95,379.94,379.94,379.94,0,0
1612215020,379.94,379.95,379.94,379.94,379.94,0,0
1612215025,379.94,379.95,379.94,379.94,379.94,0,0
1612215030,379.94,379.95,379.94,379.94,379.94,0,0
1612215035,379.94,379.95,379.94,379.94,379.94,0,0
1612215040,379.94,379.95,379.94,379.94,379.94,0,0
1612215045,379.94,379.95,379.94,379.94,379.94,0,0
1612215050,379.94,379.95,379.94,379.94,379.94,0,0
1612215055,379.94,379.95,379.94,379.94,379.94,0,0
1612215060,379.94,379.95,379.94,379.94,379.94,0,0
1612215065,379.94,379.95,379.94,379.94,379.94,0,0
1612215070,379.94,379.95,379.94,379.94,379.94,0,0
1612215075,379.94,379.95,379.94,379.94,379.94,0,0
1612215080,379.94,379.95,379.94,379.94,379.94,0,0
1612215085,379.94,379.95,379.94,379.94,379.94,0,0
1612215090,379.94,379.95,379.94,379.94,379.94,0,0
1612215095,379.94,379.95,379.94,379.94,379.94,0,0
1612215100,379.94,379.95,379.94,379.94,379.94,0,0
1612215105,379.94,379.95,379.94,379.94,379.94,0,0
1612215110,379.94,379.95,379.94,379.94,379.94,0,0
1612215115,379.94,379.95,379.94,379.94,379.94,0,0
1612215120,379.94,379.95,379.94,379.94,379.94,0,0
1612215125,379.94,379.95,379.94,379.94,379.94,0,0
1612215130,379.94,379.95,379.94,379.94,379.94,0,0
1612215135,379.94,379.95,379.94,379.94,379.94,0,0
1612215140,379.94,379.95,379.94,379.94,379.94,0,0
1612215145,379.94,379.95,379.94,379.94,379.94,0,0
1612215150,379.94,379.95,379.94,379.94,379.94,0,0
1612215155,379.94,379.95,379.94,379.94,379.94,0,0
1612215160,379.94,379.95,379.94,379.94,379.94,0,0
1612215165,379.94,379.95,379.94,379.94,379.94,0,0
1612215170,379.94,379.95,379.94,379.94,379.94,0,0
1612215175,379.94,379.95,379.94,379.94,379.94,0,0
1612215180,379.94,379.95,379.94,379.94,379.94,0,0
1612215185,379.94,379.95,379.94,379.94,379.94,0,0
1612215190,379.94,379.95,379.94,379.94,379.94,0,0
1612215195,379.94,379.95,379.94,379.94,379.94,0,0
1612215200,379.94,379.95,379.94,379.94,379.94,0,0
1612215205,379.94,379.95,379.94,379.94,379.94,0,0
1612215210,379.94,379.95,379.94,379.94,379.94,0,0
1612215215,380.0,380.0,380.0,380.0,380.0,19,3
1612215220,380.0,380.0,380.0,380.0,380.0,0,0
1612215225,380.0,380.0,380.0,380.0,380.0,0,0
1612215230,380.0,380.0,380.0,380.0,380.0,0,0
1612215235,380.0,380.0,380.0,380.0,380.0,0,0
1612215240,380.0,380.0,380.0,380.0,380.0,0,0
1612215245,380.0,380.0,380.0,380.0,380.0,0,0
1612215250,380.0,380.0,380.0,380.0,380.0,0,0
1612215255,380.0,380.0,380.0,380.0,380.0,0,0
1612215260,380.0,380.0,380.0,380.0,380.0,0,0
1612215265,380.0,380.0,380.0,380.0,380.0,0,0
1612215270,380.0,380.0,380.0,380.0,380.0,0,0
1612215275,380.0,380.0,380.0,380.0,380.0,0,0
1612215280,380.0,380.0,380.0,380.0,380.0,0,0
1612215285,380.0,380.0,380.0,380.0,380.0,0,0
1612215290,380.0,380.0,380.0,380.0,380.0,0,0
1612215295,380.0,380.0,380.0,380.0,380.0,0,0
1612215300,380.02,380.02,380.02,380.02,380.02,1,1
1612215305,380.02,380.02,380.02,380.02,380.02,0,0
1612215310,380.02,380.02,380.02,380.02,380.02,0,0
1612215315,380.02,380.02,380.02,380.02,380.02,0,0
1612215320,380.02,380.02,380.02,380.02,380.02,0,0
1612215325,380.02,380.02,380.02,380.02,380.02,0,0
1612215330,380.02,380.02,380.02,380.02,380.02,0,0
1612215335,380.02,380.02,380.02,380.02,380.02,0,0
1612215340,380.02,380.02,380.02,380.02,380.02,0,0
1612215345,380.02,380.02,380.02,380.02,380.02,0,0
1612215350,380.02,380.02,380.02,380.02,380.02,0,0
1612215355,380.02,380.02,380.02,380.02,380.02,0,0
1612215360,380.02,380.02,380.02,380.02,380.02,0,0
1612215365,380.02,380.02,380.02,380.02,380.02,0,0
1612215370,380.02,380.02,380.02,380.02,380.02,0,0
1612215375,380.02,380.02,380.02,380.02,380.02,0,0
1612215380,380.02,380.02,380.02,380.02,380.02,0,0
1612215385,380.02,380.02,380.02,380.02,380.02,0,0
1612215390,380.02,380.02,380.02,380.02,380.02,0,0
1612215395,380.02,380.02,380.02,380.02,380.02,0,0
1612215400,380.02,380.02,380.02,380.02,380.02,0,0
1612215405,380.02,380.02,380.02,380.02,380.02,0,0
1612215410,380.02,380.02,380.02,380.02,380.02,0,0
1612215415,380.02,380.02,380.02,380.02,380.02,0,0
1612215420,380.02,380.02,380.02,380.02,380.02,0,0
1612215425,380.02,380.02,380.02,380.02,380.02,0,0
1612215430,380.02,380.02,380.02,380.02,380.02,0,0
1612215435,380.02,380.02,380.02,380.02,380.02,0,0
1612215440,380.02,380.02,380.02,380.02,380.02,0,0
1612215445,380.02,380.02,380.02,380.02,380.02,0,0
1612215450,380.02,380.02,380.02,380.02,380.02,0,0
1612215455,380.02,380.02,380.02,380.02,380.02,0,0
1612215460,380.02,380.02,380.02,380.02,380.02,0,0
1612215465,380.4,380.4,380.4,380.4,380.4,1,1
1612215470,380.4,380.4,380.4,380.4,380.4,0,0
1612215475,380.4,380.4,380.4,380.4,380.4,0,0
1612215480,380.4,380.4,380.4,380.4,380.4,0,0
1612215485,380.4,380.4,380.4,380.4,380.4,0,0
1612215490,380.4,380.4,380.4,380.4,380.4,0,0
1612215495,380.39,380.4,380.39,380.4,380.398,8,3
1612215500,380.4,380.4,380.4,380.4,380.4,0,0
1612215505,380.4,380.4,380.4,380.4,380.4,0,0
1612215510,380.4,380.4,380.4,380.4,380.4,0,0
1612215515,380.4,380.4,380.4,380.4,380.4,0,0
1612215520,380.4,380.4,380.4,380.4,380.4,0,0
1612215525,380.4,380.4,380.4,380.4,380.4,0,0
1612215530,380.4,380.4,380.4,380.4,380.4,0,0
1612215535,380.4,380.4,380.4,380.4,380.4,0,0
1612215540,380.4,380.4,380.4,380.4,380.4,0,0
1612215545,380.4,380.4,380.4,380.4,380.4,0,0
1612215550,380.4,380.4,380.4,380.4,380.4,0,0
1612215555,380.4,380.4,380.4,380.4,380.4,0,0
1612215560,380.4,380.4,380.4,380.4,380.4,0,0
1612215565,380.4,380.4,380.4,380.4,380.4,0,0
1612215570,380.4,380.4,380.4,380.4,380.4,0,0
1612215575,380.4,380.4,380.4,380.4,380.4,0,0
1612215580,380.4,380.4,380.4,380.4,380.4,0,0
1612215585,380.4,380.4,380.4,380.4,380.4,0,0
1612215590,380.4,380.4,380.4,380.4,380.4,0,0
1612215595,380.4,380.4,380.4,380.4,380.4,0,0
1612215600,380.4,380.4,380.4,380.4,380.4,0,0
1612215605,380.4,380.4,380.4,380.4,380.4,0,0
1612215610,380.4,380.4,380.4,380.4,380.4,0,0
1612215615,380.4,380.4,380.4,380.4,380.4,0,0
1612215620,380.4,380.4,380.4,380.4,380.4,0,0
1612215625,380.4,380.4,380.4,380.4,380.4,0,0
1612215630,380.4,380.4,380.4,380.4,380.4,0,0
1612215635,380.4,380.4,380.4,380.4,380.4,0,0
1612215640,380.4,380.4,380.4,380.4,380.4,0,0
1612215645,380.4,380.4,380.4,380.4,380.4,0,0
1612215650,380.4,380.4,380.4,380.4,380.4,0,0
1612215655,380.4,380.4,380.4,380.4,380.4,0,0
1612215660,380.4,380.4,380.4,380.4,380.4,0,0
1612215665,380.4,380.4,380.4,380.4,380.4,0,0
1612215670,380.4,380.4,380.4,380.4,380.4,0,0
1612215675,380.4,380.4,380.4,380.4,380.4,0,0
1612215680,380.4,380.4,380.4,380.4,380.4,0,0
1612215685,380.4,380.4,380.4,380.4,380.4,0,0
1612215690,380.4,380.4,380.4,380.4,380.4,0,0
1612215695,380.4,380.4,380.4,380.4,380.4,0,0
1612215700,380.4,380.4,380.4,380.4,380.4,0,0
1612215705,380.4,380.4,380.4,380.4,380.4,0,0
1612215710,380.4,380.4,380.4,380.4,380.4,0,0
1612215715,380.4,380.4,380.4,380.4,380.4,0,0
1612215720,380.4,380.4,380.4,380.4,380.4,0,0
1612215725,380.4,380.4,380.4,380.4,380.4,0,0
1612215730,380.4,380.4,380.4,380.4,380.4,0,0
1612215735,380.4,380.4,380.4,380.4,380.4,0,0
1612215740,380.4,380.4,380.4,380.4,380.4,0,0
1612215745,380.4,380.4,380.4,380.4,380.4,0,0
1612215750,380.4,380.4,380.4,380.4,380.4,0,0
1612215755,380.4,380.4,380.4,380.4,380.4,0,0
1612215760,380.4,380.4,380.4,380.4,380.4,0,0
1612215765,380.4,380.4,380.4,380.4,380.4,0,0
1612215770,380.4,380.4,380.4,380.4,380.4,0,0
1612215775,380.4,380.4,380.4,380.4,380.4,0,0
1612215780,380.4,380.4,380.4,380.4,380.4,0,0
1612215785,380.4,380.4,380.4,380.4,380.4,0,0
1612215790,380.4,380.4,380.4,380.4,380.4,0,0
1612215795,380.4,380.4,380.4,380.4,380.4,0,0
1612215800,380.4,380.4,380.4,380.4,380.4,0,0
1612215805,380.4,380.4,380.4,380.4,380.4,0,0
1612215810,380.4,380.4,380.4,380.4,380.4,0,0
1612215815,380.4,380.4,380.4,380.4,380.4,0,0
1612215820,380.4,380.4,380.4,380.4,380.4,0,0
1612215825,380.4,380.4,380.4,380.4,380.4,0,0
1612215830,380.4,380.4,380.4,380.4,380.4,0,0
1612215835,380.4,380.4,380.4,380.4,380.4,0,0
1612215840,380.4,380.4,380.4,380.4,380.4,0,0
1612215845,380.4,380.4,380.4,380.4,380.4,0,0
1612215850,380.4,380.4,380.4,380.4,380.4,0,0
1612215855,380.4,380.4,380.4,380.4,380.4,0,0
1612215860,380.4,380.4,380.4,380.4,380.4,0,0
1612215865,380.4,380.4,380.4,380.4,380.4,0,0
1612215870,380.4,380.4,380.4,380.4,380.4,0,0
1612215875,380.4,380.4,380.4,380.4,380.4,0,0
1612215880,380.4,380.4,380.4,380.4,380.4,0,0
1612215885,380.4,380.4,380.4,380.4,380.4,0,0
1612215890,380.4,380.4,380.4,380.4,380.4,0,0
1612215895,380.4,380.4,380.4,380.4,380.4,0,0
1612215900,380.4,380.4,380.4,380.4,380.4,0,0
1612215905,380.4,380.4,380.4,380.4,380.4,0,0
1612215910,380.4,380.4,380.4,380.4,380.4,0,0
1612215915,380.4,380.4,380.4,380.4,380.4,0,0
1612215920,380.4,380.4,380.4,380.4,380.4,0,0
1612215925,380.4,380.4,380.4,380.4,380.4,0,0
1612215930,380.4,380.4,380.4,380.4,380.4,0,0
1612215935,380.4,380.4,380.4,380.4,380.4,0,0
1612215940,380.4,380.4,380.4,380.4,380.4,0,0
1612215945,380.4,380.4,380.4,380.4,380.4,0,0
1612215950,380.4,380.4,380.4,380.4,380.4,0,0
1612215955,380.4,380.4,380.4,380.4,380.4,0,0
1612215960,380.4,380.4,380.4,380.4,380.4,0,0
1612215965,380.4,380.4,380.4,380.4,380.4,0,0
1612215970,380.4,380.4,380.4,380.4,380.4,0,0
1612215975,380.4,380.4,380.4,380.4,380.4,0,0
1612215980,380.4,380.4,380.4,380.4,380.4,0,0
1612215985,380.4,380.4,380.4,380.4,380.4,0,0
1612215990,380.4,380.4,380.4,380.4,380.4,0,0
1612215995,380.4,380.4,380.4,380.4,380.4,0,0
1612216000,380.4,380.4,380.4,380.4,380.4,0,0
1612216005,380.4,380.4,380.4,380.4,380.4,0,0
1612216010,380.4,380.4,380.4,380.4,380.4,0,0
1612216015,380.4,380.4,380.4,380.4,380.4,0,0
1612216020,380.4,380.4,380.4,380.4,380.4,0,0
1612216025,380.4,380.4,380.4,380.4,380.4,0,0
1612216030,380.4,380.4,380.4,380.4,380.4,0,0
1612216035,380.4,380.4,380.4,380.4,380.4,0,0
1612216040,380.4,380.4,380.4,380.4,380.4,0,0
1612216045,380.4,380.4,380.4,380.4,380.4,0,0
1612216050,380.4,380.4,380.4,380.4,380.4,0,0
1612216055,380.4,380.4,380.4,380.4,380.4,0,0
1612216060,380.4,380.4,380.4,380.4,380.4,0,0
1612216065,380.4,380.4,380.4,380.4,380.4,0,0
1612216070,380.4,380.4,380.4,380.4,380.4,0,0
1612216075,380.4,380.4,380.4,380.4,380.4,0,0
1612216080,380.4,380.4,380.4,380.4,380.4,0,0
1612216085,380.4,380.4,380.4,380.4,380.4,0,0
1612216090,380.4,380.4,380.4,380.4,380.4,0,0
1612216095,380.4,380.4,380.4,380.4,380.4,0,0
1612216100,380.4,380.4,380.4,380.4,380.4,0,0
1612216105,380.4,380.4,380.4,380.4,380.4,0,0
1612216110,380.4,380.4,380.4,380.4,380.4,0,0
1612216115,380.4,380.4,380.4,380.4,380.4,0,0
1612216120,380.4,380.4,380.4,380.4,380.4,0,0
1612216125,380.4,380.4,380.4,380.4,380.4,0,0
1612216130,380.4,380.4,380.4,380.4,380.4,0,0
1612216135,380.4,380.4,380.4,380.4,380.4,0,0
1612216140,380.4,380.4,380.4,380.4,380.4,0,0
1612216145,380.4,380.4,380.4,380.4,380.4,0,0
1612216150,380.4,380.4,380.4,380.4,380.4,0,0
1612216155,380.4,380.4,380.4,380.4,380.4,0,0
1612216160,380.4,380.4,380.4,380.4,380.4,0,0
1612216165,380.4,380.4,380.4,380.4,380.4,0,0
1612216170,380.4,380.4,380.4,380.4,380.4,0,0
1612216175,380.4,380.4,380.4,380.4,380.4,0,0
1612216180,380.4,380.4,380.4,380.4,380.4,0,0
1612216185,380.4,380.4,380.4,380.4,380.4,0,0
1612216190,380.4,380.4,380.4,380.4,380.4,0,0
1612216195,380.4,380.4,380.4,380.4,380.4,0,0
1612216200,380.4,380.4,380.4,380.4,380.4,0,0
1612216205,380.4,380.4,380.4,380.4,380.4,0,0
1612216210,380.4,380.4,380.4,380.4,380.4,0,0
1612216215,380.4,380.4,380.4,380.4,380.4,0,0
1612216220,380.4,380.4,380.4,380.4,380.4,0,0
1612216225,380.4,380.4,380.4,380.4,380.4,0,0
1612216230,380.4,380.4,380.4,380.4,380.4,0,0
1612216235,380.4,380.4,380.4,380.4,380.4,0,0
1612216240,380.4,380.4,380.4,380.4,380.4,0,0
1612216245,380.4,380.4,380.4,380.4,380.4,0,0
1612216250,380.4,380.4,380.4,380.4,380.4,0,0
1612216255,380.4,380.4,380.4,380.4,380.4,0,0
1612216260,380.4,380.4,380.4,380.4,380.4,0,0
1612216265,380.4,380.4,380.4,380.4,380.4,0,0
1612216270,380.4,380.4,380.4,380.4,380.4,0,0
1612216275,380.4,380.4,380.4,380.4,380.4,0,0
1612216280,380.4,380.4,380.4,380.4,380.4,0,0
1612216285,380.4,380.4,380.4,380.4,380.4,0,0
1612216290,380.4,380.4,380.4,380.4,380.4,0,0
1612216295,380.4,380.4,380.4,380.4,380.4,0,0
1612216300,380.4,380.4,380.4,380.4,380.4,0,0
1612216305,380.4,380.4,380.4,380.4,380.4,0,0
1612216310,380.4,380.4,380.4,380.4,380.4,0,0
1612216315,380.4,380.4,380.4,380.4,380.4,0,0
1612216320,380.4,380.4,380.4,380.4,380.4,0,0
1612216325,380.4,380.4,380.4,380.4,380.4,0,0
1612216330,380.4,380.4,380.4,380.4,380.4,0,0
1612216335,380.4,380.4,380.4,380.4,380.4,0,0
1612216340,380.4,380.4,380.4,380.4,380.4,0,0
1612216345,380.4,380.4,380.4,380.4,380.4,0,0
1612216350,380.4,380.4,380.4,380.4,380.4,0,0
1612216355,380.4,380.4,380.4,380.4,380.4,0,0
1612216360,380.4,380.4,380.4,380.4,380.4,0,0
1612216365,380.4,380.4,380.4,380.4,380.4,0,0
1612216370,380.4,380.4,380.4,380.4,380.4,0,0
1612216375,380.4,380.4,380.4,380.4,380.4,0,0
1612216380,380.4,380.4,380.4,380.4,380.4,0,0
1612216385,380.4,380.4,380.4,380.4,380.4,0,0
1612216390,380.4,380.4,380.4,380.4,380.4,0,0
1612216395,380.4,380.4,380.4,380.4,380.4,0,0
1612216400,380.4,380.4,380.4,380.4,380.4,0,0
1612216405,380.4,380.4,380.4,380.4,380.4,0,0
1612216410,380.4,380.4,380.4,380.4,380.4,0,0
1612216415,380.4,380.4,380.4,380.4,380.4,0,0
1612216420,380.4,380.4,380.4,380.4,380.4,0,0
1612216425,380.4,380.4,380.4,380.4,380.4,0,0
1612216430,380.4,380.4,380.4,380.4,380.4,0,0
1612216435,380.4,380.4,380.4,380.4,380.4,0,0
1612216440,380.4,380.4,380.4,380.4,380.4,0,0
1612216445,380.4,380.4,380.4,380.4,380.4,0,0
1612216450,380.4,380.4,380.4,380.4,380.4,0,0
1612216455,380.4,380.4,380.4,380.4,380.4,0,0
1612216460,380.4,380.4,380.4,380.4,380.4,0,0
1612216465,380.4,380.4,380.4,380.4,380.4,0,0
1612216470,380.4,380.4,380.4,380.4,380.4,0,0
1612216475,380.4,380.4,380.4,380.4,380.4,0,0
1612216480,380.4,380.4,380.4,380.4,380.4,0,0
1612216485,380.4,380.4,380.4,380.4,380.4,0,0
1612216490,380.4,380.4,380.4,380.4,380.4,0,0
1612216495,380.4,380.4,380.4,380.4,380.4,0,0
1612216500,380.4,380.4,380.4,380.4,380.4,0,0
1612216505,380.4,380.4,380.4,380.4,380.4,0,0
1612216510,380.4,380.4,380.4,380.4,380.4,0,0
1612216515,380.4,380.4,380.4,380.4,380.4,0,0
1612216520,380.4,380.4,380.4,380.4,380.4,0,0
1612216525,380.4,380.4,380.4,380.4,380.4,0,0
1612216530,380.4,380.4,380.4,380.4,380.4,0,0
1612216535,380.4,380.4,380.4,380.4,380.4,0,0
1612216540,380.4,380.4,380.4,380.4,380.4,0,0
1612216545,380.4,380.4,380.4,380.4,380.4,0,0
1612216550,380.4,380.4,380.4,380.4,380.4,0,0
1612216555,380.4,380.4,380.4,380.4,380.4,0,0
1612216560,380.4,380.4,380.4,380.4,380.4,0,0
1612216565,380.4,380.4,380.4,380.4,380.4,0,0
1612216570,380.4,380.4,380.4,380.4,380.4,0,0
1612216575,380.4,380.4,380.4,380.4,380.4,0,0
1612216580,380.4,380.4,380.4,380.4,380.4,0,0
1612216585,380.4,380.4,380.4,380.4,380.4,0,0
1612216590,380.4,380.4,380.4,380.4,380.4,0,0
1612216595,380.4,380.4,380.4,380.4,380.4,0,0
1612216600,380.4,380.4,380.4,380.4,380.4,0,0
1612216605,380.4,380.4,380.4,380.4,380.4,0,0
1612216610,380.4,380.4,380.4,380.4,380.4,0,0
1612216615,380.4,380.4,380.4,380.4,380.4,0,0
1612216620,380.4,380.4,380.4,380.4,380.4,0,0
1612216625,380.4,380.4,380.4,380.4,380.4,0,0
1612216630,380.4,380.4,380.4,380.4,380.4,0,0
1612216635,380.4,380.4,380.4,380.4,380.4,0,0
1612216640,380.4,380.4,380.4,380.4,380.4,0,0
1612216645,380.4,380.4,380.4,380.4,380.4,0,0
1612216650,380.4,380.4,380.4,380.4,380.4,0,0
1612216655,380.4,380.4,380.4,380.4,380.4,0,0
1612216660,380.4,380.4,380.4,380.4,380.4,0,0
1612216665,380.4,380.4,380.4,380.4,380.4,0,0
1612216670,380.4,380.4,380.4,380.4,380.4,0,0
1612216675,380.4,380.4,380.4,380.4,380.4,0,0
1612216680,380.4,380.4,380.4,380.4,380.4,0,0
1612216685,380.4,380.4,380.4,380.4,380.4,0,0
1612216690,380.4,380.4,380.4,380.4,380.4,0,0
1612216695,380.4,380.4,380.4,380.4,380.4,0,0
1612216700,380.4,380.4,380.4,380.4,380.4,0,0
1612216705,380.4,380.4,380.4,380.4,380.4,0,0
1612216710,380.4,380.4,380.4,380.4,380.4,0,0
1612216715,380.4,380.4,380.4,380.4,380.4,0,0
1612216720,380.4,380.4,380.4,380.4,380.4,0,0
1612216725,380.4,380.4,380.4,380.4,380.4,0,0
1612216730,380.4,380.4,380.4,380.4,380.4,0,0
1612216735,380.4,380.4,380.4,380.4,380.4,0,0
1612216740,380.4,380.4,380.4,380.4,380.4,0,0
1612216745,380.4,380.4,380.4,380.4,380.4,0,0
1612216750,380.4,380.4,380.4,380.4,380.4,0,0
1612216755,380.4,380.4,380.4,380.4,380.4,0,0
1612216760,380.4,380.4,380.4,380.4,380.4,0,0
1612216765,380.4,380.4,380.4,380.4,380.4,0,0
1612216770,380.4,380.4,380.4,380.4,380.4,0,0
1612216775,380.4,380.4,380.4,380.4,380.4,0,0
1612216780,380.4,380.4,380.4,380.4,380.4,0,0
1612216785,380.4,380.4,380.4,380.4,380.4,0,0
1612216790,380.4,380.4,380.4,380.4,380.4,0,0
1612216795,380.4,380.4,380.4,380.4,380.4,0,0
1612216800,380.4,380.4,380.4,380.4,380.4,0,0
1612216805,380.4,380.4,380.4,380.4,380.4,0,0
1612216810,380.4,380.4,380.4,380.4,380.4,0,0
1612216815,380.4,380.4,380.4,380.4,380.4,0,0
1612216820,380.4,380.4,380.4,380.4,380.4,0,0
1612216825,380.4,380.4,380.4,380.4,380.4,0,0
1612216830,380.4,380.4,380.4,380.4,380.4,0,0
1612216835,380.4,380.4,380.4,380.4,380.4,0,0
1612216840,380.4,380.4,380.4,380.4,380.4,0,0
1612216845,380.4,380.4,380.4,380.4,380.4,0,0
1612216850,380.4,380.4,380.4,380.4,380.4,0,0
1612216855,380.4,380.4,380.4,380.4,380.4,0,0
1612216860,380.4,380.4,380.4,380.4,380.4,0,0
1612216865,380.4,380.4,380.4,380.4,380.4,0,0
1612216870,380.4,380.4,380.4,380.4,380.4,0,0
1612216875,380.4,380.4,380.4,380.4,380.4,0,0
1612216880,380.4,380.4,380.4,380.4,380.4,0,0
1612216885,380.4,380.4,380.4,380.4,380.4,0,0
1612216890,380.4,380.4,380.4,380.4,380.4,0,0
1612216895,380.4,380.4,380.4,380.4,380.4,0,0
1612216900,380.4,380.4,380.4,380.4,380.4,0,0
1612216905,380.4,380.4,380.4,380.4,380.4,0,0
1612216910,380.4,380.4,380.4,380.4,380.4,0,0
1612216915,380.4,380.4,380.4,380.4,380.4,0,0
1612216920,380.4,380.4,380.4,380.4,380.4,0,0
1612216925,380.4,380.4,380.4,380.4,380.4,0,0
1612216930,380.4,380.4,380.4,380.4,380.4,0,0
1612216935,380.4,380.4,380.4,380.4,380.4,0,0
1612216940,380.4,380.4,380.4,380.4,380.4,0,0
1612216945,380.4,380.4,380.4,380.4,380.4,0,0
1612216950,380.4,380.4,380.4,380.4,380.4,0,0
1612216955,380.4,380.4,380.4,380.4,380.4,0,0
1612216960,380.4,380.4,380.4,380.4,380.4,0,0
1612216965,380.4,380.4,380.4,380.4,380.4,0,0
1612216970,380.4,380.4,380.4,380.4,380.4,0,0
1612216975,380.4,380.4,380.4,380.4,380.4,0,0
1612216980,380.4,380.4,380.4,380.4,380.4,0,0
1612216985,380.4,380.4,380.4,380.4,380.4,0,0
1612216990,380.4,380.4,380.4,380.4,380.4,0,0
1612216995,380.4,380.4,380.4,380.4,380.4,0,0
1612217000,380.4,380.4,380.4,380.4,380.4,0,0
1612217005,380.4,380.4,380.4,380.4,380.4,0,0
1612217010,380.4,380.4,380.4,380.4,380.4,0,0
1612217015,380.4,380.4,380.4,380.4,380.4,0,0
1612217020,380.4,380.4,380.4,380.4,380.4,0,0
1612217025,380.4,380.4,380.4,380.4,380.4,0,0
1612217030,380.4,380.4,380.4,380.4,380.4,0,0
1612217035,380.4,380.4,380.4,380.4,380.4,0,0
1612217040,380.4,380.4,380.4,380.4,380.4,0,0
1612217045,380.4,380.4,380.4,380.4,380.4,0,0
1612217050,380.4,380.4,380.4,380.4,380.4,0,0
1612217055,380.4,380.4,380.4,380.4,380.4,0,0
1612217060,380.4,380.4,380.4,380.4,380.4,0,0
1612217065,380.4,380.4,380.4,380.4,380.4,0,0
1612217070,380.4,380.4,380.4,380.4,380.4,0,0
1612217075,380.4,380.4,380.4,380.4,380.4,0,0
1612217080,380.4,380.4,380.4,380.4,380.4,0,0
1612217085,380.4,380.4,380.4,380.4,380.4,0,0
1612217090,380.4,380.4,380.4,380.4,380.4,0,0
1612217095,380.4,380.4,380.4,380.4,380.4,0,0
1612217100,380.4,380.4,380.4,380.4,380.4,0,0
1612217105,380.4,380.4,380.4,380.4,380.4,0,0
1612217110,380.4,380.4,380.4,380.4,380.4,0,0
1612217115,380.4,380.4,380.4,380.4,380.4,0,0
1612217120,380.4,380.4,380.4,380.4,380.4,0,0
1612217125,380.4,380.4,380.4,380.4,380.4,0,0
1612217130,380.4,380.4,380.4,380.4,380.4,0,0
1612217135,380.4,380.4,380.4,380.4,380.4,0,0
1612217140,380.4,380.4,380.4,380.4,380.4,0,0
1612217145,380.4,380.4,380.4,380.4,380.4,0,0
1612217150,380.4,380.4,380.4,380.4,380.4,0,0
1612217155,380.4,380.4,380.4,380.4,380.4,0,0
1612217160,380.4,380.4,380.4,380.4,380.4,0,0
1612217165,380.4,380.4,380.4,380.4,380.4,0,0
1612217170,380.4,380.4,380.4,380.4,380.4,0,0
1612217175,380.4,380.4,380.4,380.4,380.4,0,0
1612217180,380.4,380.4,380.4,380.4,380.4,0,0
1612217185,380.4,380.4,380.4,380.4,380.4,0,0
1612217190,380.4,380.4,380.4,380.4,380.4,0,0
1612217195,380.4,380.4,380.4,380.4,380.4,0,0
1612217200,380.4,380.4,380.4,380.4,380.4,0,0
1612217205,380.4,380.4,380.4,380.4,380.4,0,0
1612217210,380.4,380.4,380.4,380.4,380.4,0,0
1612217215,380.4,380.4,380.4,380.4,380.4,0,0
1612217220,380.4,380.4,380.4,380.4,380.4,0,0
1612217225,380.4,380.4,380.4,380.4,380.4,0,0
1612217230,380.4,380.4,380.4,380.4,380.4,0,0
1612217235,380.5,380.51,380.5,380.5,380.5,2,1
1612217240,380.5,380.51,380.5,380.5,380.5,0,0
1612217245,380.5,380.51,380.5,380.5,380.5,0,0
1612217250,380.5,380.51,380.5,380.5,380.5,0,0
1612217255,380.5,380.51,380.5,380.5,380.5,0,0
1612217260,380.5,380.51,380.5,380.5,380.5,0,0
1612217265,380.5,380.51,380.5,380.5,380.5,0,0
1612217270,380.5,380.51,380.5,380.5,380.5,0,0
1612217275,380.5,380.51,380.5,380.5,380.5,0,0
1612217280,380.5,380.51,380.5,380.5,380.5,0,0
1612217285,380.5,380.51,380.5,380.5,380.5,0,0
1612217290,380.5,380.51,380.5,380.5,380.5,0,0
1612217295,380.5,380.51,380.5,380.5,380.5,0,0
1612217300,380.5,380.51,380.5,380.5,380.5,0,0
1612217305,380.5,380.51,380.5,380.5,380.5,0,0
1612217310,380.5,380.51,380.5,380.5,380.5,0,0
1612217315,380.5,380.51,380.5,380.5,380.5,0,0
1612217320,380.5,380.51,380.5,380.5,380.5,0,0
1612217325,380.5,380.51,380.5,380.5,380.5,0,0
1612217330,380.5,380.51,380.5,380.5,380.5,0,0
1612217335,380.5,380.51,380.5,380.5,380.5,0,0
1612217340,380.5,380.51,380.5,380.5,380.5,0,0
1612217345,380.5,380.51,380.5,380.5,380.5,0,0
1612217350,380.5,380.51,380.5,380.5,380.5,0,0
1612217355,380.5,380.51,380.5,380.5,380.5,0,0
1612217360,380.5,380.51,380.5,380.5,380.5,0,0
1612217365,380.5,380.51,380.5,380.5,380.5,0,0
1612217370,380.5,380.51,380.5,380.5,380.5,0,0
1612217375,380.5,380.51,380.5,380.5,380.5,0,0
1612217380,380.5,380.51,380.5,380.5,380.5,0,0
1612217385,380.5,380.51,380.5,380.5,380.5,0,0
1612217390,380.5,380.51,380.5,380.5,380.5,0,0
1612217395,380.5,380.51,380.5,380.5,380.5,0,0
1612217400,380.5,380.51,380.5,380.5,380.5,0,0
1612217405,380.5,380.51,380.5,380.5,380.5,0,0
1612217410,380.5,380.51,380.5,380.5,380.5,0,0
1612217415,380.5,380.51,380.5,380.5,380.5,0,0
1612217420,380.5,380.51,380.5,380.5,380.5,0,0
1612217425,380.5,380.51,380.5,380.5,380.5,0,0
1612217430,380.5,380.51,380.5,380.5,380.5,0,0
1612217435,380.5,380.51,380.5,380.5,380.5,0,0
1612217440,380.5,380.51,380.5,380.5,380.5,0,0
1612217445,380.5,380.51,380.5,380.5,380.5,0,0
1612217450,380.5,380.51,380.5,380.5,380.5,0,0
1612217455,380.5,380.51,380.5,380.5,380.5,0,0
1612217460,380.5,380.51,380.5,380.5,380.5,0,0
1612217465,380.5,380.51,380.5,380.5,380.5,0,0
1612217470,380.5,380.51,380.5,380.5,380.5,0,0
1612217475,380.5,380.51,380.5,380.5,380.5,0,0
1612217480,380.5,380.51,380.5,380.5,380.5,0,0
1612217485,380.5,380.51,380.5,380.5,380.5,0,0
1612217490,380.5,380.51,380.5,380.5,380.5,0,0
1612217495,380.5,380.51,380.5,380.5,380.5,0,0
1612217500,380.5,380.51,380.5,380.5,380.5,0,0
1612217505,380.5,380.51,380.5,380.5,380.5,0,0
1612217510,380.5,380.51,380.5,380.5,380.5,0,0
1612217515,380.5,380.51,380.5,380.5,380.5,0,0
1612217520,380.5,380.51,380.5,380.5,380.5,0,0
1612217525,380.5,380.51,380.5,380.5,380.5,0,0
1612217530,380.5,380.51,380.5,380.5,380.5,0,0
1612217535,380.5,380.51,380.5,380.5,380.5,0,0
1612217540,380.5,380.51,380.5,380.5,380.5,0,0
1612217545,380.5,380.51,380.5,380.5,380.5,0,0
1612217550,380.5,380.51,380.5,380.5,380.5,0,0
1612217555,380.5,380.51,380.5,380.5,380.5,0,0
1612217560,380.5,380.51,380.5,380.5,380.5,0,0
1612217565,380.5,380.51,380.5,380.5,380.5,0,0
1612217570,380.5,380.51,380.5,380.5,380.5,0,0
1612217575,380.5,380.51,380.5,380.5,380.5,0,0
1612217580,380.5,380.51,380.5,380.5,380.5,0,0
1612217585,380.5,380.51,380.5,380.5,380.5,0,0
1612217590,380.5,380.51,380.5,380.5,380.5,0,0
1612217595,380.5,380.51,380.5,380.5,380.5,0,0
1612217600,380.5,380.51,380.5,380.5,380.5,0,0
1612217605,380.5,380.51,380.5,380.5,380.5,0,0
1612217610,380.5,380.51,380.5,380.5,380.5,0,0
1612217615,380.5,380.51,380.5,380.5,380.5,0,0
1612217620,380.5,380.51,380.5,380.5,380.5,0,0
1612217625,380.5,380.51,380.5,380.5,380.5,0,0
1612217630,380.5,380.51,380.5,380.5,380.5,0,0
1612217635,380.5,380.51,380.5,380.5,380.5,0,0
1612217640,380.5,380.51,380.5,380.5,380.5,0,0
1612217645,380.5,380.51,380.5,380.5,380.5,0,0
1612217650,380.5,380.51,380.5,380.5,380.5,0,0
1612217655,380.5,380.51,380.5,380.5,380.5,0,0
1612217660,380.5,380.51,380.5,380.5,380.5,0,0
1612217665,380.5,380.51,380.5,380.5,380.5,0,0
1612217670,380.5,380.51,380.5,380.5,380.5,0,0
1612217675,380.5,380.51,380.5,380.5,380.5,0,0
1612217680,380.5,380.51,380.5,380.5,380.5,0,0
1612217685,380.5,380.51,380.5,380.5,380.5,0,0
1612217690,380.5,380.51,380.5,380.5,380.5,0,0
1612217695,380.5,380.51,380.5,380.5,380.5,0,0
1612217700,380.5,380.51,380.5,380.5,380.5,0,0
1612217705,380.5,380.51,380.5,380.5,380.5,0,0
1612217710,380.5,380.51,380.5,380.5,380.5,0,0
1612217715,380.5,380.51,380.5,380.5,380.5,0,0
1612217720,380.5,380.51,380.5,380.5,380.5,0,0
1612217725,380.5,380.51,380.5,380.5,380.5,0,0
1612217730,380.5,380.51,380.5,380.5,380.5,0,0
1612217735,380.5,380.51,380.5,380.5,380.5,0,0
1612217740,380.5,380.51,380.5,380.5,380.5,0,0
1612217745,380.5,380.51,380.5,380.5,380.5,0,0
1612217750,380.5,380.51,380.5,380.5,380.5,0,0
1612217755,380.5,380.51,380.5,380.5,380.5,0,0
1612217760,380.5,380.51,380.5,380.5,380.5,0,0
1612217765,380.5,380.51,380.5,380.5,380.5,0,0
1612217770,380.5,380.51,380.5,380.5,380.5,0,0
1612217775,380.5,380.51,380.5,380.5,380.5,0,0
1612217780,380.5,380.51,380.5,380.5,380.5,0,0
1612217785,380.5,380.51,380.5,380.5,380.5,0,0
1612217790,380.5,380.51,380.5,380.5,380.5,0,0
1612217795,380.5,380.51,380.5,380.5,380.5,0,0
1612217800,380.5,380.51,380.5,380.5,380.5,0,0
1612217805,380.5,380.51,380.5,380.5,380.5,0,0
1612217810,380.5,380.51,380.5,380.5,380.5,0,0
1612217815,380.5,380.51,380.5,380.5,380.5,0,0
1612217820,380.5,380.51,380.5,380.5,380.5,0,0
1612217825,380.5,380.51,380.5,380.5,380.5,0,0
1612217830,380.5,380.51,380.5,380.5,380.5,0,0
1612217835,380.5,380.51,380.5,380.5,380.5,0,0
1612217840,380.5,380.51,380.5,380.5,380.5,0,0
1612217845,380.5,380.51,380.5,380.5,380.5,0,0
1612217850,380.5,380.51,380.5,380.5,380.5,0,0
1612217855,380.5,380.51,380.5,380.5,380.5,0,0
1612217860,380.5,380.51,380.5,380.5,380.5,0,0
1612217865,380.5,380.51,380.5,380.5,380.5,0,0
1612217870,380.5,380.51,380.5,380.5,380.5,0,0
1612217875,380.5,380.51,380.5,380.5,380.5,0,0
1612217880,380.5,380.51,380.5,380.5,380.5,0,0
1612217885,380.5,380.51,380.5,380.5,380.5,0,0
1612217890,380.5,380.51,380.5,380.5,380.5,0,0
1612217895,380.5,380.51,380.5,380.5,380.5,0,0
1612217900,380.5,380.51,380.5,380.5,380.5,0,0
1612217905,380.5,380.51,380.5,380.5,380.5,0,0
1612217910,380.5,380.51,380.5,380.5,380.5,0,0
1612217915,380.5,380.51,380.5,380.5,380.5,0,0
1612217920,380.5,380.51,380.5,380.5,380.5,0,0
1612217925,380.5,380.51,380.5,380.5,380.5,0,0
1612217930,380.5,380.51,380.5,380.5,380.5,0,0
1612217935,380.5,380.51,380.5,380.5,380.5,0,0
1612217940,380.5,380.51,380.5,380.5,380.5,0,0
1612217945,380.5,380.51,380.5,380.5,380.5,0,0
1612217950,380.5,380.51,380.5,380.5,380.5,0,0
1612217955,380.5,380.51,380.5,380.5,380.5,0,0
1612217960,380.5,380.51,380.5,380.5,380.5,0,0
1612217965,380.5,380.51,380.5,380.5,380.5,0,0
1612217970,380.5,380.51,380.5,380.5,380.5,0,0
1612217975,380.5,380.51,380.5,380.5,380.5,0,0
1612217980,380.5,380.51,380.5,380.5,380.5,0,0
1612217985,380.5,380.51,380.5,380.5,380.5,0,0
1612217990,380.5,380.51,380.5,380.5,380.5,0,0
1612217995,380.5,380.51,380.5,380.5,380.5,0,0
1612218000,380.5,380.51,380.5,380.5,380.5,0,0
1612218005,380.5,380.51,380.5,380.5,380.5,0,0
1612218010,380.5,380.51,380.5,380.5,380.5,0,0
1612218015,380.5,380.51,380.5,380.5,380.5,0,0
1612218020,380.5,380.51,380.5,380.5,380.5,0,0
1612218025,380.5,380.51,380.5,380.5,380.5,0,0
1612218030,380.5,380.51,380.5,380.5,380.5,0,0
1612218035,380.5,380.51,380.5,380.5,380.5,0,0
1612218040,380.5,380.51,380.5,380.5,380.5,0,0
1612218045,380.5,380.51,380.5,380.5,380.5,0,0
1612218050,380.5,380.51,380.5,380.5,380.5,0,0
1612218055,380.5,380.51,380.5,380.5,380.5,0,0
1612218060,380.5,380.51,380.5,380.5,380.5,0,0
1612218065,380.5,380.51,380.5,380.5,380.5,0,0
1612218070,380.5,380.51,380.5,380.5,380.5,0,0
1612218075,380.5,380.51,380.5,380.5,380.5,0,0
1612218080,380.5,380.51,380.5,380.5,380.5,0,0
1612218085,380.5,380.51,380.5,380.5,380.5,0,0
1612218090,380.5,380.51,380.5,380.5,380.5,0,0
1612218095,380.5,380.51,380.5,380.5,380.5,0,0
1612218100,380.5,380.51,380.5,380.5,380.5,0,0
1612218105,380.5,380.51,380.5,380.5,380.5,0,0
1612218110,380.5,380.51,380.5,380.5,380.5,0,0
1612218115,380.5,380.51,380.5,380.5,380.5,0,0
1612218120,380.5,380.51,380.5,380.5,380.5,0,0
1612218125,380.5,380.51,380.5,380.5,380.5,0,0
1612218130,380.5,380.51,380.5,380.5,380.5,0,0
1612218135,380.5,380.51,380.5,380.5,380.5,0,0
1612218140,380.5,380.51,380.5,380.5,380.5,0,0
1612218145,380.5,380.51,380.5,380.5,380.5,0,0
1612218150,380.5,380.51,380.5,380.5,380.5,0,0
1612218155,380.5,380.51,380.5,380.5,380.5,0,0
1612218160,380.5,380.51,380.5,380.5,380.5,0,0
1612218165,380.5,380.51,380.5,380.5,380.5,0,0
1612218170,380.5,380.51,380.5,380.5,380.5,0,0
1612218175,380.5,380.51,380.5,380.5,380.5,0,0
1612218180,380.5,380.51,380.5,380.5,380.5,0,0
1612218185,380.5,380.51,380.5,380.5,380.5,0,0
1612218190,380.5,380.51,380.5,380.5,380.5,0,0
1612218195,380.5,380.51,380.5,380.5,380.5,0,0
1612218200,380.5,380.51,380.5,380.5,380.5,0,0
1612218205,380.5,380.51,380.5,380.5,380.5,0,0
1612218210,380.5,380.51,380.5,380.5,380.5,0,0
1612218215,380.5,380.51,380.5,380.5,380.5,0,0
1612218220,380.5,380.51,380.5,380.5,380.5,0,0
1612218225,380.5,380.51,380.5,380.5,380.5,0,0
1612218230,380.5,380.51,380.5,380.5,380.5,0,0
1612218235,380.5,380.51,380.5,380.5,380.5,0,0
1612218240,380.5,380.51,380.5,380.5,380.5,0,0
1612218245,381.88,381.88,381.87,381.88,381.88,1,1
1612218250,381.88,381.88,381.87,381.88,381.88,0,0
1612218255,381.88,381.88,381.87,381.88,381.88,0,0
1612218260,381.88,381.88,381.87,381.88,381.88,0,0
1612218265,381.88,381.88,381.87,381.88,381.88,0,0
1612218270,381.88,381.88,381.87,381.88,381.88,0,0
1612218275,381.88,381.88,381.87,381.88,381.88,0,0
1612218280,381.88,381.88,381.87,381.88,381.88,0,0
1612218285,381.88,381.88,381.87,381.88,381.88,0,0
1612218290,381.88,381.88,381.87,381.88,381.88,0,0
1612218295,381.88,381.88,381.87,381.88,381.88,0,0
1612218300,381.88,381.88,381.87,381.88,381.88,0,0
1612218305,381.88,381.88,381.87,381.88,381.88,0,0
1612218310,381.88,381.88,381.87,381.88,381.88,0,0
1612218315,381.88,381.88,381.87,381.88,381.88,0,0
1612218320,381.88,381.88,381.87,381.88,381.88,0,0
1612218325,381.88,381.88,381.87,381.88,381.88,0,0
1612218330,381.88,381.88,381.87,381.88,381.88,0,0
1612218335,381.88,381.88,381.87,381.88,381.88,0,0
1612218340,381.88,381.88,381.87,381.88,381.88,0,0
1612218345,381.88,381.88,381.87,381.88,381.88,0,0
1612218350,381.88,381.88,381.87,381.88,381.88,0,0
1612218355,381.88,381.88,381.87,381.88,381.88,0,0
1612218360,381.88,381.88,381.87,381.88,381.88,0,0
1612218365,381.88,381.88,381.87,381.88,381.88,0,0
1612218370,381.88,381.88,381.87,381.88,381.88,0,0
1612218375,381.88,381.88,381.87,381.88,381.88,0,0
1612218380,381.88,381.88,381.87,381.88,381.88,0,0
1612218385,381.88,381.88,381.87,381.88,381.88,0,0
1612218390,381.88,381.88,381.87,381.88,381.88,0,0
1612218395,381.88,381.88,381.87,381.88,381.88,0,0
1612218400,381.88,381.88,381.87,381.88,381.88,0,0
1612218405,381.88,381.88,381.87,381.88,381.88,0,0
1612218410,381.88,381.88,381.87,381.88,381.88,0,0
1612218415,381.88,381.88,381.87,381.88,381.88,0,0
1612218420,381.88,381.88,381.87,381.88,381.88,0,0
1612218425,381.88,381.88,381.87,381.88,381.88,0,0
1612218430,381.88,381.88,381.87,381.88,381.88,0,0
1612218435,381.88,381.88,381.87,381.88,381.88,0,0
1612218440,381.88,381.88,381.87,381.88,381.88,0,0
1612218445,381.88,381.88,381.87,381.88,381.88,0,0
1612218450,381.88,381.88,381.87,381.88,381.88,0,0
1612218455,381.88,381.88,381.87,381.88,381.88,0,0
1612218460,381.88,381.88,381.87,381.88,381.88,0,0
1612218465,381.88,381.88,381.87,381.88,381.88,0,0
1612218470,381.88,381.88,381.87,381.88,381.88,0,0
1612218475,381.88,381.88,381.87,381.88,381.88,0,0
1612218480,381.88,381.88,381.87,381.88,381.88,0,0
1612218485,381.88,381.88,381.87,381.88,381.88,0,0
1612218490,381.88,381.88,381.87,381.88,381.88,0,0
1612218495,381.88,381.88,381.87,381.88,381.88,0,0
1612218500,381.88,381.88,381.87,381.88,381.88,0,0
1612218505,381.88,381.88,381.87,381.88,381.88,0,0
1612218510,381.88,381.88,381.87,381.88,381.88,0,0
1612218515,381.88,381.88,381.87,381.88,381.88,0,0
1612218520,381.88,381.88,381.87,381.88,381.88,0,0
1612218525,381.88,381.88,381.87,381.88,381.88,0,0
1612218530,381.88,381.88,381.87,381.88,381.88,0,0
1612218535,381.88,381.88,381.87,381.88,381.88,0,0
1612218540,381.88,381.88,381.87,381.88,381.88,0,0
1612218545,381.88,381.88,381.87,381.88,381.88,0,0
1612218550,381.88,381.88,381.87,381.88,381.88,0,0
1612218555,381.88,381.88,381.87,381.88,381.88,0,0
1612218560,381.88,381.88,381.87,381.88,381.88,0,0
1612218565,381.88,381.88,381.87,381.88,381.88,0,0
1612218570,381.88,381.88,381.87,381.88,381.88,0,0
1612218575,381.88,381.88,381.87,381.88,381.88,0,0
1612218580,381.88,381.88,381.87,381.88,381.88,0,0
1612218585,381.88,381.88,381.87,381.88,381.88,0,0
1612218590,381.88,381.88,381.87,381.88,381.88,0,0
1612218595,381.88,381.88,381.87,381.88,381.88,0,0
1612218600,381.88,381.88,381.87,381.88,381.88,0,0
1612218605,381.88,381.88,381.87,381.88,381.88,0,0
1612218610,381.88,381.88,381.87,381.88,381.88,0,0
1612218615,381.88,381.88,381.87,381.88,381.88,0,0
1612218620,381.88,381.88,381.87,381.88,381.88,0,0
1612218625,381.88,381.88,381.87,381.88,381.88,0,0
1612218630,381.88,381.88,381.87,381.88,381.88,0,0
1612218635,381.88,381.88,381.87,381.88,381.88,0,0
1612218640,381.88,381.88,381.87,381.88,381.88,0,0
1612218645,381.88,381.88,381.87,381.88,381.88,0,0
1612218650,381.88,381.88,381.87,381.88,381.88,0,0
1612218655,381.88,381.88,381.87,381.88,381.88,0,0
1612218660,381.88,381.88,381.87,381.88,381.88,0,0
1612218665,381.88,381.88,381.87,381.88,381.88,0,0
1612218670,381.88,381.88,381.87,381.88,381.88,0,0
1612218675,381.88,381.88,381.87,381.88,381.88,0,0
1612218680,381.88,381.88,381.87,381.88,381.88,0,0
1612218685,381.88,381.88,381.87,381.88,381.88,0,0
1612218690,381.88,381.88,381.87,381.88,381.88,0,0
1612218695,381.88,381.88,381.87,381.88,381.88,0,0
1612218700,381.88,381.88,381.87,381.88,381.88,0,0
1612218705,381.88,381.88,381.87,381.88,381.88,0,0
1612218710,381.88,381.88,381.87,381.88,381.88,0,0
1612218715,381.88,381.88,381.87,381.88,381.88,0,0
1612218720,381.88,381.88,381.87,381.88,381.88,0,0
1612218725,381.88,381.88,381.87,381.88,381.88,0,0
1612218730,381.88,381.88,381.87,381.88,381.88,0,0
1612218735,381.88,381.88,381.87,381.88,381.88,0,0
1612218740,381.88,381.88,381.87,381.88,381.88,0,0
1612218745,381.88,381.88,381.87,381.88,381.88,0,0
1612218750,381.88,381.88,381.87,381.88,381.88,0,0
1612218755,381.88,381.88,381.87,381.88,381.88,0,0
1612218760,381.88,381.88,381.87,381.88,381.88,0,0
1612218765,381.88,381.88,381.87,381.88,381.88,0,0
1612218770,381.88,381.88,381.87,381.88,381.88,0,0
1612218775,381.88,381.88,381.87,381.88,381.88,0,0
1612218780,381.88,381.88,381.87,381.88,381.88,0,0
1612218785,381.88,381.88,381.87,381.88,381.88,0,0
1612218790,381.88,381.88,381.87,381.88,381.88,0,0
1612218795,381.88,381.88,381.87,381.88,381.88,0,0
1612218800,381.88,381.88,381.87,381.88,381.88,0,0
1612218805,381.88,381.88,381.87,381.88,381.88,0,0
1612218810,381.88,381.88,381.87,381.88,381.88,0,0
1612218815,381.88,381.88,381.87,381.88,381.88,0,0
1612218820,381.88,381.88,381.87,381.88,381.88,0,0
1612218825,381.88,381.88,381.87,381.88,381.88,0,0
1612218830,381.88,381.88,381.87,381.88,381.88,0,0
1612218835,381.88,381.88,381.87,381.88,381.88,0,0
1612218840,381.88,381.88,381.87,381.88,381.88,0,0
1612218845,381.88,381.88,381.87,381.88,381.88,0,0
1612218850,381.88,381.88,381.87,381.88,381.88,0,0
1612218855,381.88,381.88,381.87,381.88,381.88,0,0
1612218860,381.88,381.88,381.87,381.88,381.88,0,0
1612218865,381.88,381.88,381.87,381.88,381.88,0,0
1612218870,381.88,381.88,381.87,381.88,381.88,0,0
1612218875,381.88,381.88,381.87,381.88,381.88,0,0
1612218880,381.88,381.88,381.87,381.88,381.88,0,0
1612218885,381.88,381.88,381.87,381.88,381.88,0,0
1612218890,381.88,381.88,381.87,381.88,381.88,0,0
1612218895,381.88,381.88,381.87,381.88,381.88,0,0
1612218900,381.88,381.88,381.87,381.88,381.88,0,0
1612218905,381.88,381.88,381.87,381.88,381.88,0,0
1612218910,381.88,381.88,381.87,381.88,381.88,0,0
1612218915,381.88,381.88,381.87,381.88,381.88,0,0
1612218920,381.88,381.88,381.87,381.88,381.88,0,0
1612218925,381.88,381.88,381.87,381.88,381.88,0,0
1612218930,381.88,381.88,381.87,381.88,381.88,0,0
1612218935,381.88,381.88,381.87,381.88,381.88,0,0
1612218940,381.88,381.88,381.87,381.88,381.88,0,0
1612218945,381.88,381.88,381.87,381.88,381.88,0,0
1612218950,381.88,381.88,381.87,381.88,381.88,0,0
1612218955,381.88,381.88,381.87,381.88,381.88,0,0
1612218960,381.88,381.88,381.87,381.88,381.88,0,0
1612218965,381.88,381.88,381.87,381.88,381.88,0,0
1612218970,381.88,381.88,381.87,381.88,381.88,0,0
1612218975,381.88,381.88,381.87,381.88,381.88,0,0
1612218980,381.88,381.88,381.87,381.88,381.88,0,0
1612218985,381.88,381.88,381.87,381.88,381.88,0,0
1612218990,381.88,381.88,381.87,381.88,381.88,0,0
1612218995,381.88,381.88,381.87,381.88,381.88,0,0
1612219000,381.88,381.88,381.87,381.88,381.88,0,0
1612219005,381.88,381.88,381.87,381.88,381.88,0,0
1612219010,381.88,381.88,381.87,381.88,381.88,0,0
1612219015,381.88,381.88,381.87,381.88,381.88,0,0
1612219020,381.88,381.88,381.87,381.88,381.88,0,0
1612219025,381.88,381.88,381.87,381.88,381.88,0,0
1612219030,381.88,381.88,381.87,381.88,381.88,0,0
1612219035,381.88,381.88,381.87,381.88,381.88,0,0
1612219040,381.88,381.88,381.87,381.88,381.88,0,0
1612219045,381.88,381.88,381.87,381.88,381.88,0,0
1612219050,381.88,381.88,381.87,381.88,381.88,0,0
1612219055,381.88,381.88,381.87,381.88,381.88,0,0
1612219060,381.88,381.88,381.87,381.88,381.88,0,0
1612219065,381.88,381.88,381.87,381.88,381.88,0,0
1612219070,381.88,381.88,381.87,381.88,381.88,0,0
1612219075,381.88,381.88,381.87,381.88,381.88,0,0
1612219080,381.88,381.88,381.87,381.88,381.88,0,0
1612219085,381.88,381.88,381.87,381.88,381.88,0,0
1612219090,381.88,381.88,381.87,381.88,381.88,0,0
1612219095,381.88,381.88,381.87,381.88,381.88,0,0
1612219100,381.88,381.88,381.87,381.88,381.88,0,0
1612219105,381.88,381.88,381.87,381.88,381.88,0,0
1612219110,381.88,381.88,381.87,381.88,381.88,0,0
1612219115,381.88,381.88,381.87,381.88,381.88,0,0
1612219120,381.88,381.88,381.87,381.88,381.88,0,0
1612219125,381.88,381.88,381.87,381.88,381.88,0,0
1612219130,381.88,381.88,381.87,381.88,381.88,0,0
1612219135,381.88,381.88,381.87,381.88,381.88,0,0
1612219140,381.88,381.88,381.87,381.88,381.88,0,0
1612219145,381.88,381.88,381.87,381.88,381.88,0,0
1612219150,381.88,381.88,381.87,381.88,381.88,0,0
1612219155,381.88,381.88,381.87,381.88,381.88,0,0
1612219160,381.88,381.88,381.87,381.88,381.88,0,0
1612219165,381.88,381.88,381.87,381.88,381.88,0,0
1612219170,381.88,381.88,381.87,381.88,381.88,0,0
1612219175,381.88,381.88,381.87,381.88,381.88,0,0
1612219180,381.88,381.88,381.87,381.88,381.88,0,0
1612219185,381.88,381.88,381.87,381.88,381.88,0,0
1612219190,381.88,381.88,381.87,381.88,381.88,0,0
1612219195,381.88,381.88,381.87,381.88,381.88,0,0
1612219200,381.88,381.88,381.87,381.88,381.88,0,0
1612219205,381.88,381.88,381.87,381.88,381.88,0,0
1612219210,381.88,381.88,381.87,381.88,381.88,0,0
1612219215,381.88,381.88,381.87,381.88,381.88,0,0
1612219220,381.88,381.88,381.87,381.88,381.88,0,0
1612219225,381.88,381.88,381.87,381.88,381.88,0,0
1612219230,381.88,381.88,381.87,381.88,381.88,0,0
1612219235,381.88,381.88,381.87,381.88,381.88,0,0
1612219240,381.88,381.88,381.87,381.88,381.88,0,0
1612219245,381.88,381.88,381.87,381.88,381.88,0,0
1612219250,381.88,381.88,381.87,381.88,381.88,0,0
1612219255,381.88,381.88,381.87,381.88,381.88,0,0
1612219260,381.88,381.88,381.87,381.88,381.88,0,0
1612219265,381.88,381.88,381.87,381.88,381.88,0,0
1612219270,381.88,381.88,381.87,381.88,381.88,0,0
1612219275,381.88,381.88,381.87,381.88,381.88,0,0
1612219280,381.88,381.88,381.87,381.88,381.88,0,0
1612219285,381.88,381.88,381.87,381.88,381.88,0,0
1612219290,381.88,381.88,381.87,381.88,381.88,0,0
1612219295,381.88,381.88,381.87,381.88,381.88,0,0
1612219300,381.88,381.88,381.87,381.88,381.88,0,0
1612219305,381.88,381.88,381.87,381.88,381.88,0,0
1612219310,381.88,381.88,381.87,381.88,381.88,0,0
1612219315,381.88,381.88,381.87,381.88,381.88,0,0
1612219320,381.88,381.88,381.87,381.88,381.88,0,0
1612219325,381.88,381.88,381.87,381.88,381.88,0,0
1612219330,381.88,381.88,381.87,381.88,381.88,0,0
1612219335,381.88,381.88,381.87,381.88,381.88,0,0
1612219340,381.88,381.88,381.87,381.88,381.88,0,0
1612219345,381.88,381.88,381.87,381.88,381.88,0,0
1612219350,381.88,381.88,381.87,381.88,381.88,0,0
1612219355,381.88,381.88,381.87,381.88,381.88,0,0
1612219360,381.88,381.88,381.87,381.88,381.88,0,0
1612219365,381.88,381.88,381.87,381.88,381.88,0,0
1612219370,381.88,381.88,381.87,381.88,381.88,0,0
1612219375,381.88,381.88,381.87,381.88,381.88,0,0
1612219380,381.88,381.88,381.87,381.88,381.88,0,0
1612219385,381.88,381.88,381.87,381.88,381.88,0,0
1612219390,381.88,381.88,381.87,381.88,381.88,0,0
1612219395,381.88,381.88,381.87,381.88,381.88,0,0
1612219400,381.88,381.88,381.87,381.88,381.88,0,0
1612219405,381.88,381.88,381.87,381.88,381.88,0,0
1612219410,381.88,381.88,381.87,381.88,381.88,0,0
1612219415,381.88,381.88,381.87,381.88,381.88,0,0
1612219420,381.88,381.88,381.87,381.88,381.88,0,0
1612219425,381.88,381.88,381.87,381.88,381.88,0,0
1612219430,381.88,381.88,381.87,381.88,381.88,0,0
1612219435,381.88,381.88,381.87,381.88,381.88,0,0
1612219440,381.88,381.88,381.87,381.88,381.88,0,0
1612219445,381.88,381.88,381.87,381.88,381.88,0,0
1612219450,381.88,381.88,381.87,381.88,381.88,0,0
1612219455,381.88,381.88,381.87,381.88,381.88,0,0
1612219460,381.88,381.88,381.87,381.88,381.88,0,0
1612219465,381.88,381.88,381.87,381.88,381.88,0,0
1612219470,381.88,381.88,381.87,381.88,381.88,0,0
1612219475,381.88,381.88,381.87,381.88,381.88,0,0
1612219480,381.88,381.88,381.87,381.88,381.88,0,0
1612219485,381.88,381.88,381.87,381.88,381.88,0,0
1612219490,381.88,381.88,381.87,381.88,381.88,0,0
1612219495,381.88,381.88,381.87,381.88,381.88,0,0
1612219500,381.88,381.88,381.87,381.88,381.88,0,0
1612219505,381.88,381.88,381.87,381.88,381.88,0,0
1612219510,381.88,381.88,381.87,381.88,381.88,0,0
1612219515,381.88,381.88,381.87,381.88,381.88,0,0
1612219520,381.88,381.88,381.87,381.88,381.88,0,0
1612219525,381.88,381.88,381.87,381.88,381.88,0,0
1612219530,381.88,381.88,381.87,381.88,381.88,0,0
1612219535,381.88,381.88,381.87,381.88,381.88,0,0
1612219540,381.88,381.88,381.87,381.88,381.88,0,0
1612219545,381.88,381.88,381.87,381.88,381.88,0,0
1612219550,381.88,381.88,381.87,381.88,381.88,0,0
1612219555,381.88,381.88,381.87,381.88,381.88,0,0
1612219560,381.88,381.88,381.87,381.88,381.88,0,0
1612219565,381.88,381.88,381.87,381.88,381.88,0,0
1612219570,381.88,381.88,381.87,381.88,381.88,0,0
1612219575,381.88,381.88,381.87,381.88,381.88,0,0
1612219580,381.88,381.88,381.87,381.88,381.88,0,0
1612219585,381.88,381.88,381.87,381.88,381.88,0,0
1612219590,381.88,381.88,381.87,381.88,381.88,0,0
1612219595,381.88,381.88,381.87,381.88,381.88,0,0
1612219600,381.88,381.88,381.87,381.88,381.88,0,0
1612219605,381.88,381.88,381.87,381.88,381.88,0,0
1612219610,381.88,381.88,381.87,381.88,381.88,0,0
1612219615,381.88,381.88,381.87,381.88,381.88,0,0
1612219620,381.88,381.88,381.87,381.88,381.88,0,0
1612219625,381.88,381.88,381.87,381.88,381.88,0,0
1612219630,381.88,381.88,381.87,381.88,381.88,0,0
1612219635,381.88,381.88,381.87,381.88,381.88,0,0
1612219640,381.88,381.88,381.87,381.88,381.88,0,0
1612219645,381.88,381.88,381.87,381.88,381.88,0,0
1612219650,381.88,381.88,381.87,381.88,381.88,0,0
1612219655,381.88,381.88,381.87,381.88,381.88,0,0
1612219660,381.88,381.88,381.87,381.88,381.88,0,0
1612219665,381.88,381.88,381.87,381.88,381.88,0,0
1612219670,381.88,381.88,381.87,381.88,381.88,0,0
1612219675,381.88,381.88,381.87,381.88,381.88,0,0
1612219680,381.88,381.88,381.87,381.88,381.88,0,0
1612219685,381.88,381.88,381.87,381.88,381.88,0,0
1612219690,381.88,381.88,381.87,381.88,381.88,0,0
1612219695,381.88,381.88,381.87,381.88,381.88,0,0
1612219700,381.88,381.88,381.87,381.88,381.88,0,0
1612219705,381.88,381.88,381.87,381.88,381.88,0,0
1612219710,381.88,381.88,381.87,381.88,381.88,0,0
1612219715,381.88,381.88,381.87,381.88,381.88,0,0
1612219720,381.88,381.88,381.87,381.88,381.88,0,0
1612219725,381.88,381.88,381.87,381.88,381.88,0,0
1612219730,381.88,381.88,381.87,381.88,381.88,0,0
1612219735,381.88,381.88,381.87,381.88,381.88,0,0
1612219740,381.88,381.88,381.87,381.88,381.88,0,0
1612219745,381.88,381.88,381.87,381.88,381.88,0,0
1612219750,381.88,381.88,381.87,381.88,381.88,0,0
1612219755,381.88,381.88,381.87,381.88,381.88,0,0
1612219760,381.88,381.88,381.87,381.88,381.88,0,0
1612219765,381.88,381.88,381.87,381.88,381.88,0,0
1612219770,381.88,381.88,381.87,381.88,381.88,0,0
1612219775,381.88,381.88,381.87,381.88,381.88,0,0
1612219780,381.88,381.88,381.87,381.88,381.88,0,0
1612219785,381.88,381.88,381.87,381.88,381.88,0,0
1612219790,381.88,381.88,381.87,381.88,381.88,0,0
1612219795,381.88,381.88,381.87,381.88,381.88,0,0
1612219800,381.88,381.88,381.87,381.88,381.88,0,0
1612219805,381.88,381.88,381.87,381.88,381.88,0,0
1612219810,381.88,381.88,381.87,381.88,381.88,0,0
1612219815,381.88,381.88,381.87,381.88,381.88,0,0
1612219820,381.88,381.88,381.87,381.88,381.88,0,0
1612219825,381.88,381.88,381.87,381.88,381.88,0,0
1612219830,381.88,381.88,381.87,381.88,381.88,0,0
1612219835,381.88,381.88,381.87,381.88,381.88,0,0
1612219840,381.88,381.88,381.87,381.88,381.88,0,0
1612219845,381.88,381.88,381.87,381.88,381.88,0,0
1612219850,381.88,381.88,381.87,381.88,381.88,0,0
1612219855,381.88,381.88,381.87,381.88,381.88,0,0
1612219860,381.88,381.88,381.87,381.88,381.88,0,0
1612219865,381.88,381.88,381.87,381.88,381.88,0,0
1612219870,381.88,381.88,381.87,381.88,381.88,0,0
1612219875,381.88,381.88,381.87,381.88,381.88,0,0
1612219880,381.88,381.88,381.87,381.88,381.88,0,0
1612219885,381.88,381.88,381.87,381.88,381.88,0,0
1612219890,381.88,381.88,381.87,381.88,381.88,0,0
1612219895,381.88,381.88,381.87,381.88,381.88,0,0
1612219900,381.88,381.88,381.87,381.88,381.88,0,0
1612219905,381.88,381.88,381.87,381.88,381.88,0,0
1612219910,381.88,381.88,381.87,381.88,381.88,0,0
1612219915,381.88,381.88,381.87,381.88,381.88,0,0
1612219920,381.88,381.88,381.87,381.88,381.88,0,0
1612219925,381.88,381.88,381.87,381.88,381.88,0,0
1612219930,381.88,381.88,381.87,381.88,381.88,0,0
1612219935,381.88,381.88,381.87,381.88,381.88,0,0
1612219940,381.88,381.88,381.87,381.88,381.88,0,0
1612219945,381.88,381.88,381.87,381.88,381.88,0,0
1612219950,381.88,381.88,381.87,381.88,381.88,0,0
1612219955,381.88,381.88,381.87,381.88,381.88,0,0
1612219960,381.88,381.88,381.87,381.88,381.88,0,0
1612219965,381.88,381.88,381.87,381.88,381.88,0,0
1612219970,381.88,381.88,381.87,381.88,381.88,0,0
1612219975,381.88,381.88,381.87,381.88,381.88,0,0
1612219980,381.88,381.88,381.87,381.88,381.88,0,0
1612219985,381.88,381.88,381.87,381.88,381.88,0,0
1612219990,381.88,381.88,381.87,381.88,381.88,0,0
1612219995,381.88,381.88,381.87,381.88,381.88,0,0
1612220000,381.88,381.88,381.87,381.88,381.88,0,0
1612220005,381.88,381.88,381.87,381.88,381.88,0,0
1612220010,381.88,381.88,381.87,381.88,381.88,0,0
1612220015,381.88,381.88,381.87,381.88,381.88,0,0
1612220020,381.88,381.88,381.87,381.88,381.88,0,0
1612220025,381.88,381.88,381.87,381.88,381.88,0,0
1612220030,381.88,381.88,381.87,381.88,381.88,0,0
1612220035,381.88,381.88,381.87,381.88,381.88,0,0
1612220040,381.88,381.88,381.87,381.88,381.88,0,0
1612220045,381.88,381.88,381.87,381.88,381.88,0,0
1612220050,381.88,381.88,381.87,381.88,381.88,0,0
1612220055,381.88,381.88,381.87,381.88,381.88,0,0
1612220060,381.88,381.88,381.87,381.88,381.88,0,0
1612220065,381.88,381.88,381.87,381.88,381.88,0,0
1612220070,381.88,381.88,381.87,381.88,381.88,0,0
1612220075,381.88,381.88,381.87,381.88,381.88,0,0
1612220080,381.88,381.88,381.87,381.88,381.88,0,0
1612220085,381.88,381.88,381.87,381.88,381.88,0,0
1612220090,381.88,381.88,381.87,381.88,381.88,0,0
1612220095,381.88,381.88,381.87,381.88,381.88,0,0
1612220100,381.88,381.88,381.87,381.88,381.88,0,0
1612220105,381.88,381.88,381.87,381.88,381.88,0,0
1612220110,381.88,381.88,381.87,381.88,381.88,0,0
1612220115,381.88,381.88,381.87,381.88,381.88,0,0
1612220120,381.88,381.88,381.87,381.88,381.88,0,0
1612220125,381.88,381.88,381.87,381.88,381.88,0,0
1612220130,381.88,381.88,381.87,381.88,381.88,0,0
1612220135,381.88,381.88,381.87,381.88,381.88,0,0
1612220140,381.88,381.88,381.87,381.88,381.88,0,0
1612220145,381.88,381.88,381.87,381.88,381.88,0,0
1612220150,381.88,381.88,381.87,381.88,381.88,0,0
1612220155,381.88,381.88,381.87,381.88,381.88,0,0
1612220160,381.88,381.88,381.87,381.88,381.88,0,0
1612220165,381.88,381.88,381.87,381.88,381.88,0,0
1612220170,381.88,381.88,381.87,381.88,381.88,0,0
1612220175,381.88,381.88,381.87,381.88,381.88,0,0
1612220180,381.88,381.88,381.87,381.88,381.88,0,0
1612220185,381.88,381.88,381.87,381.88,381.88,0,0
1612220190,381.88,381.88,381.87,381.88,381.88,0,0
1612220195,381.88,381.88,381.87,381.88,381.88,0,0
1612220200,381.88,381.88,381.87,381.88,381.88,0,0
1612220205,381.88,381.88,381.87,381.88,381.88,0,0
1612220210,381.88,381.88,381.87,381.88,381.88,0,0
1612220215,381.88,381.88,381.87,381.88,381.88,0,0
1612220220,381.88,381.88,381.87,381.88,381.88,0,0
1612220225,381.88,381.88,381.87,381.88,381.88,0,0
1612220230,381.88,381.88,381.87,381.88,381.88,0,0
1612220235,381.88,381.88,381.87,381.88,381.88,0,0
1612220240,381.88,381.88,381.87,381.88,381.88,0,0
1612220245,381.88,381.88,381.87,381.88,381.88,0,0
1612220250,381.88,381.88,381.87,381.88,381.88,0,0
1612220255,381.88,381.88,381.87,381.88,381.88,0,0
1612220260,381.88,381.88,381.87,381.88,381.88,0,0
1612220265,381.88,381.88,381.87,381.88,381.88,0,0
1612220270,381.88,381.88,381.87,381.88,381.88,0,0
1612220275,381.88,381.88,381.87,381.88,381.88,0,0
1612220280,381.88,381.88,381.87,381.88,381.88,0,0
1612220285,381.88,381.88,381.87,381.88,381.88,0,0
1612220290,381.88,381.88,381.87,381.88,381.88,0,0
1612220295,381.88,381.88,381.87,381.88,381.88,0,0
1612220300,381.88,381.88,381.87,381.88,381.88,0,0
1612220305,381.88,381.88,381.87,381.88,381.88,0,0
1612220310,381.88,381.88,381.87,381.88,381.88,0,0
1612220315,381.88,381.88,381.87,381.88,381.88,0,0
1612220320,381.88,381.88,381.87,381.88,381.88,0,0
1612220325,381.88,381.88,381.87,381.88,381.88,0,0
1612220330,381.88,381.88,381.87,381.88,381.88,0,0
1612220335,381.88,381.88,381.87,381.88,381.88,0,0
1612220340,381.88,381.88,381.87,381.88,381.88,0,0
1612220345,381.88,381.88,381.87,381.88,381.88,0,0
1612220350,381.88,381.88,381.87,381.88,381.88,0,0
1612220355,381.88,381.88,381.87,381.88,381.88,0,0
1612220360,381.88,381.88,381.87,381.88,381.88,0,0
1612220365,381.88,381.88,381.87,381.88,381.88,0,0
1612220370,381.88,381.88,381.87,381.88,381.88,0,0
1612220375,381.88,381.88,381.87,381.88,381.88,0,0
1612220380,381.88,381.88,381.87,381.88,381.88,0,0
1612220385,381.88,381.88,381.87,381.88,381.88,0,0
1612220390,381.88,381.88,381.87,381.88,381.88,0,0
1612220395,381.88,381.88,381.87,381.88,381.88,0,0
1612220400,381.88,381.88,381.87,381.88,381.88,0,0
1612220405,381.88,381.88,381.87,381.88,381.88,0,0
1612220410,381.88,381.88,381.87,381.88,381.88,0,0
1612220415,381.88,381.88,381.87,381.88,381.88,0,0
1612220420,381.88,381.88,381.87,381.88,381.88,0,0
1612220425,381.88,381.88,381.87,381.88,381.88,0,0
1612220430,381.88,381.88,381.87,381.88,381.88,0,0
1612220435,381.88,381.88,381.87,381.88,381.88,0,0
1612220440,381.88,381.88,381.87,381.88,381.88,0,0
1612220445,380.22,380.22,380.22,380.22,380.22,1,1
1612220450,380.22,380.22,380.22,380.22,380.22,0,0
1612220455,380.22,380.22,380.22,380.22,380.22,0,0
1612220460,380.22,380.22,380.22,380.22,380.22,0,0
1612220465,380.22,380.22,380.22,380.22,380.22,0,0
1612220470,380.22,380.22,380.22,380.22,380.22,0,0
1612220475,380.22,380.22,380.22,380.22,380.22,0,0
1612220480,380.22,380.22,380.22,380.22,380.22,0,0
1612220485,380.22,380.22,380.22,380.22,380.22,0,0
1612220490,380.22,380.22,380.22,380.22,380.22,0,0
1612220495,380.22,380.22,380.22,380.22,380.22,0,0
1612220500,380.22,380.22,380.22,380.22,380.22,0,0
1612220505,380.22,380.22,380.22,380.22,380.22,0,0
1612220510,380.22,380.22,380.22,380.22,380.22,0,0
1612220515,380.22,380.24,380.0,380.0,380.127,12,9
1612220520,380.0,380.0,380.0,380.0,380.0,4,1
1612220525,380.0,380.0,380.0,380.0,380.0,0,0
1612220530,380.0,380.0,380.0,380.0,380.0,0,0
1612220535,380.0,380.0,380.0,380.0,380.0,0,0
1612220540,380.0,380.0,380.0,380.0,380.0,0,0
1612220545,380.0,380.0,380.0,380.0,380.0,0,0
1612220550,380.0,380.0,380.0,380.0,380.0,0,0
1612220555,380.0,380.0,380.0,380.0,380.0,0,0
1612220560,380.0,380.0,380.0,380.0,380.0,0,0
1612220565,380.0,380.0,380.0,380.0,380.0,0,0
1612220570,380.0,380.0,380.0,380.0,380.0,0,0
1612220575,380.0,380.0,380.0,380.0,380.0,0,0
1612220580,380.0,380.0,380.0,380.0,380.0,0,0
1612220585,380.0,380.0,380.0,380.0,380.0,0,0
1612220590,380.0,380.0,380.0,380.0,380.0,0,0
1612220595,380.0,380.0,380.0,380.0,380.0,0,0
1612220600,380.0,380.0,380.0,380.0,380.0,0,0
1612220605,380.0,380.0,380.0,380.0,380.0,0,0
1612220610,380.0,380.0,380.0,380.0,380.0,0,0
1612220615,380.0,380.0,380.0,380.0,380.0,0,0
1612220620,380.0,380.0,380.0,380.0,380.0,0,0
1612220625,380.0,380.0,380.0,380.0,380.0,0,0
1612220630,380.0,380.0,380.0,380.0,380.0,0,0
1612220635,380.0,380.0,380.0,380.0,380.0,0,0
1612220640,380.0,380.0,380.0,380.0,380.0,0,0
1612220645,380.0,380.0,380.0,380.0,380.0,0,0
1612220650,380.0,380.0,380.0,380.0,380.0,0,0
1612220655,380.0,380.0,380.0,380.0,380.0,0,0
1612220660,380.0,380.0,380.0,380.0,380.0,0,0
1612220665,380.0,380.0,380.0,380.0,380.0,0,0
1612220670,380.0,380.0,380.0,380.0,380.0,0,0
1612220675,380.0,380.0,380.0,380.0,380.0,0,0
1612220680,380.0,380.0,380.0,380.0,380.0,0,0
1612220685,380.0,380.0,380.0,380.0,380.0,0,0
1612220690,380.0,380.0,380.0,380.0,380.0,0,0
1612220695,380.0,380.0,380.0,380.0,380.0,0,0
1612220700,380.0,380.0,380.0,380.0,380.0,0,0
1612220705,380.0,380.0,380.0,380.0,380.0,0,0
1612220710,380.0,380.0,380.0,380.0,380.0,0,0
1612220715,380.0,380.0,380.0,380.0,380.0,0,0
1612220720,380.0,380.0,380.0,380.0,380.0,0,0
1612220725,380.0,380.0,380.0,380.0,380.0,0,0
1612220730,380.0,380.0,380.0,380.0,380.0,0,0
1612220735,380.0,380.0,380.0,380.0,380.0,0,0
1612220740,380.0,380.0,380.0,380.0,380.0,0,0
1612220745,380.0,380.0,380.0,380.0,380.0,0,0
1612220750,380.0,380.0,380.0,380.0,380.0,0,0
1612220755,380.0,380.0,380.0,380.0,380.0,0,0
1612220760,380.0,380.0,380.0,380.0,380.0,0,0
1612220765,380.0,380.0,380.0,380.0,380.0,0,0
1612220770,380.0,380.0,380.0,380.0,380.0,0,0
1612220775,380.0,380.0,380.0,380.0,380.0,0,0
1612220780,380.0,380.0,380.0,380.0,380.0,0,0
1612220785,380.0,380.0,380.0,380.0,380.0,0,0
1612220790,380.0,380.0,380.0,380.0,380.0,0,0
1612220795,380.0,380.0,380.0,380.0,380.0,0,0
1612220800,380.0,380.0,380.0,380.0,380.0,0,0
1612220805,380.0,380.0,380.0,380.0,380.0,0,0
1612220810,380.0,380.0,380.0,380.0,380.0,0,0
1612220815,380.0,380.0,380.0,380.0,380.0,0,0
1612220820,380.0,380.0,380.0,380.0,380.0,0,0
1612220825,380.0,380.0,380.0,380.0,380.0,0,0
1612220830,380.0,380.0,380.0,380.0,380.0,0,0
1612220835,380.0,380.0,380.0,380.0,380.0,0,0
1612220840,380.0,380.0,380.0,380.0,380.0,0,0
1612220845,380.0,380.0,380.0,380.0,380.0,0,0
1612220850,380.0,380.0,380.0,380.0,380.0,0,0
1612220855,380.0,380.0,380.0,380.0,380.0,0,0
1612220860,380.98,380.98,380.98,380.98,380.98,1,1
1612220865,380.98,380.98,380.98,380.98,380.98,0,0
1612220870,380.98,380.98,380.98,380.98,380.98,0,0
1612220875,380.98,380.98,380.98,380.98,380.98,0,0
1612220880,380.98,380.98,380.98,380.98,380.98,0,0
1612220885,380.98,380.98,380.98,380.98,380.98,0,0
1612220890,380.98,380.98,380.98,380.98,380.98,0,0
1612220895,380.98,380.98,380.98,380.98,380.98,0,0
1612220900,380.98,380.98,380.98,380.98,380.98,0,0
1612220905,380.98,380.98,380.98,380.98,380.98,0,0
1612220910,380.98,380.98,380.98,380.98,380.98,0,0
1612220915,380.98,380.98,380.98,380.98,380.98,0,0
1612220920,380.98,380.98,380.98,380.98,380.98,0,0
1612220925,380.98,380.98,380.98,380.98,380.98,0,0
1612220930,380.98,380.98,380.98,380.98,380.98,0,0
1612220935,380.98,380.98,380.98,380.98,380.98,0,0
1612220940,380.98,380.98,380.98,380.98,380.98,0,0
1612220945,380.98,380.98,380.98,380.98,380.98,0,0
1612220950,380.98,380.98,380.98,380.98,380.98,0,0
1612220955,380.98,380.98,380.98,380.98,380.98,0,0
1612220960,380.98,380.98,380.98,380.98,380.98,0,0
1612220965,380.98,380.98,380.98,380.98,380.98,0,0
1612220970,380.98,380.98,380.98,380.98,380.98,0,0
1612220975,380.98,380.98,380.98,380.98,380.98,0,0
1612220980,380.98,380.98,380.98,380.98,380.98,0,0
1612220985,380.98,380.98,380.98,380.98,380.98,0,0
1612220990,380.98,380.98,380.98,380.98,380.98,0,0
1612220995,380.98,380.98,380.98,380.98,380.98,0,0
1612221000,380.98,380.98,380.98,380.98,380.98,0,0
1612221005,380.98,380.98,380.98,380.98,380.98,0,0
1612221010,380.98,380.98,380.98,380.98,380.98,0,0
1612221015,380.98,380.98,380.98,380.98,380.98,0,0
1612221020,380.98,380.98,380.98,380.98,380.98,0,0
1612221025,380.98,380.98,380.98,380.98,380.98,0,0
1612221030,380.98,380.98,380.98,380.98,380.98,0,0
1612221035,380.98,380.98,380.98,380.98,380.98,0,0
1612221040,380.98,380.98,380.98,380.98,380.98,0,0
1612221045,380.98,380.98,380.98,380.98,380.98,0,0
1612221050,380.98,380.98,380.98,380.98,380.98,0,0
1612221055,380.98,380.98,380.98,380.98,380.98,0,0
1612221060,380.98,380.98,380.98,380.98,380.98,0,0
1612221065,380.98,380.98,380.98,380.98,380.98,0,0
1612221070,380.98,380.98,380.98,380.98,380.98,0,0
1612221075,380.98,380.98,380.98,380.98,380.98,0,0
1612221080,380.98,380.98,380.98,380.98,380.98,0,0
1612221085,380.98,380.98,380.98,380.98,380.98,0,0
1612221090,380.98,380.98,380.98,380.98,380.98,0,0
1612221095,380.98,380.98,380.98,380.98,380.98,0,0
1612221100,380.98,380.98,380.98,380.98,380.98,0,0
1612221105,380.98,380.98,380.98,380.98,380.98,0,0
1612221110,380.98,380.98,380.98,380.98,380.98,0,0
1612221115,380.98,380.98,380.98,380.98,380.98,0,0
1612221120,380.98,380.98,380.98,380.98,380.98,0,0
1612221125,380.98,380.98,380.98,380.98,380.98,0,0
1612221130,380.98,380.98,380.98,380.98,380.98,0,0
1612221135,380.98,380.98,380.98,380.98,380.98,0,0
1612221140,380.98,380.98,380.98,380.98,380.98,0,0
1612221145,380.98,380.98,380.98,380.98,380.98,0,0
1612221150,380.98,380.98,380.98,380.98,380.98,0,0
1612221155,380.98,380.98,380.98,380.98,380.98,0,0
1612221160,380.98,380.98,380.98,380.98,380.98,0,0
1612221165,380.98,380.98,380.98,380.98,380.98,0,0
1612221170,380.98,380.98,380.98,380.98,380.98,0,0
1612221175,380.98,380.98,380.98,380.98,380.98,0,0
1612221180,380.98,380.98,380.98,380.98,380.98,0,0
1612221185,380.98,380.98,380.98,380.98,380.98,0,0
1612221190,380.98,380.98,380.98,380.98,380.98,0,0
1612221195,380.98,380.98,380.98,380.98,380.98,0,0
1612221200,380.98,380.98,380.98,380.98,380.98,0,0
1612221205,380.98,380.98,380.98,380.98,380.98,0,0
1612221210,380.98,380.98,380.98,380.98,380.98,0,0
1612221215,380.98,380.98,380.98,380.98,380.98,0,0
1612221220,380.98,380.98,380.98,380.98,380.98,0,0
1612221225,380.98,380.98,380.98,380.98,380.98,0,0
1612221230,380.98,380.98,380.98,380.98,380.98,0,0
1612221235,380.98,380.98,380.98,380.98,380.98,0,0
1612221240,380.98,380.98,380.98,380.98,380.98,0,0
1612221245,380.98,380.98,380.98,380.98,380.98,0,0
1612221250,380.98,380.98,380.98,380.98,380.98,0,0
1612221255,380.98,380.98,380.98,380.98,380.98,0,0
1612221260,380.98,380.98,380.98,380.98,380.98,0,0
1612221265,380.98,380.98,380.98,380.98,380.98,0,0
1612221270,380.98,380.98,380.98,380.98,380.98,0,0
1612221275,380.98,380.98,380.98,380.98,380.98,0,0
1612221280,380.98,380.98,380.98,380.98,380.98,0,0
1612221285,380.98,380.98,380.98,380.98,380.98,0,0
1612221290,380.98,380.98,380.98,380.98,380.98,0,0
1612221295,380.98,380.98,380.98,380.98,380.98,0,0
1612221300,380.98,380.98,380.98,380.98,380.98,0,0
1612221305,380.98,380.98,380.98,380.98,380.98,0,0
1612221310,380.98,380.98,380.98,380.98,380.98,0,0
1612221315,380.98,380.98,380.98,380.98,380.98,0,0
1612221320,380.98,380.98,380.98,380.98,380.98,0,0
1612221325,380.98,380.98,380.98,380.98,380.98,0,0
1612221330,380.98,380.98,380.98,380.98,380.98,0,0
1612221335,380.98,380.98,380.98,380.98,380.98,0,0
1612221340,380.98,380.98,380.98,380.98,380.98,0,0
1612221345,380.98,380.98,380.98,380.98,380.98,0,0
1612221350,380.98,380.98,380.98,380.98,380.98,0,0
1612221355,380.98,380.98,380.98,380.98,380.98,0,0
1612221360,380.98,380.98,380.98,380.98,380.98,0,0
1612221365,380.98,380.98,380.98,380.98,380.98,0,0
1612221370,380.98,380.98,380.98,380.98,380.98,0,0
1612221375,380.98,380.98,380.98,380.98,380.98,0,0
1612221380,380.98,380.98,380.98,380.98,380.98,0,0
1612221385,380.98,380.98,380.98,380.98,380.98,0,0
1612221390,380.98,380.98,380.98,380.98,380.98,0,0
1612221395,380.98,380.98,380.98,380.98,380.98,0,0
1612221400,380.98,380.98,380.98,380.98,380.98,0,0
1612221405,380.98,380.98,380.98,380.98,380.98,0,0
1612221410,380.98,380.98,380.98,380.98,380.98,0,0
1612221415,380.98,380.98,380.98,380.98,380.98,0,0
1612221420,380.98,380.98,380.98,380.98,380.98,0,0
1612221425,380.98,380.98,380.98,380.98,380.98,0,0
1612221430,380.98,380.98,380.98,380.98,380.98,0,0
1612221435,380.98,380.98,380.98,380.98,380.98,0,0
1612221440,380.98,380.98,380.98,380.98,380.98,0,0
1612221445,380.98,380.98,380.98,380.98,380.98,0,0
1612221450,380.98,380.98,380.98,380.98,380.98,0,0
1612221455,380.98,380.98,380.98,380.98,380.98,0,0
1612221460,380.98,380.98,380.98,380.98,380.98,0,0
1612221465,380.98,380.98,380.98,380.98,380.98,0,0
1612221470,380.98,380.98,380.98,380.98,380.98,0,0
1612221475,380.98,380.98,380.98,380.98,380.98,0,0
1612221480,380.98,380.98,380.98,380.98,380.98,0,0
1612221485,380.98,380.98,380.98,380.98,380.98,0,0
1612221490,380.98,380.98,380.98,380.98,380.98,0,0
1612221495,380.98,380.98,380.98,380.98,380.98,0,0
1612221500,380.98,380.98,380.98,380.98,380.98,0,0
1612221505,380.98,380.98,380.98,380.98,380.98,0,0
1612221510,380.98,380.98,380.98,380.98,380.98,0,0
1612221515,380.98,380.98,380.98,380.98,380.98,0,0
1612221520,380.98,380.98,380.98,380.98,380.98,0,0
1612221525,380.98,380.98,380.98,380.98,380.98,0,0
1612221530,380.98,380.98,380.98,380.98,380.98,0,0
1612221535,380.98,380.98,380.98,380.98,380.98,0,0
1612221540,380.98,380.98,380.98,380.98,380.98,0,0
1612221545,380.98,380.98,380.98,380.98,380.98,0,0
1612221550,380.98,380.98,380.98,380.98,380.98,0,0
1612221555,380.98,380.98,380.98,380.98,380.98,0,0
1612221560,380.98,380.98,380.98,380.98,380.98,0,0
1612221565,380.98,380.98,380.98,380.98,380.98,0,0
1612221570,380.98,380.98,380.98,380.98,380.98,0,0
1612221575,380.98,380.98,380.98,380.98,380.98,0,0
1612221580,380.98,380.98,380.98,380.98,380.98,0,0
1612221585,380.98,380.98,380.98,380.98,380.98,0,0
1612221590,380.98,380.98,380.98,380.98,380.98,0,0
1612221595,380.98,380.98,380.98,380.98,380.98,0,0
1612221600,380.98,380.98,380.98,380.98,380.98,0,0
1612221605,380.98,380.98,380.98,380.98,380.98,0,0
1612221610,380.98,380.98,380.98,380.98,380.98,0,0
1612221615,380.98,380.98,380.98,380.98,380.98,0,0
1612221620,380.98,380.98,380.98,380.98,380.98,0,0
1612221625,380.98,380.98,380.98,380.98,380.98,0,0
1612221630,380.98,380.98,380.98,380.98,380.98,0,0
1612221635,380.98,380.98,380.98,380.98,380.98,0,0
1612221640,380.98,380.98,380.98,380.98,380.98,0,0
1612221645,380.98,380.98,380.98,380.98,380.98,0,0
1612221650,380.98,380.98,380.98,380.98,380.98,0,0
1612221655,380.98,380.98,380.98,380.98,380.98,0,0
1612221660,380.98,380.98,380.98,380.98,380.98,0,0
1612221665,380.98,380.98,380.98,380.98,380.98,0,0
1612221670,380.98,380.98,380.98,380.98,380.98,0,0
1612221675,380.98,380.98,380.98,380.98,380.98,0,0
1612221680,380.98,380.98,380.98,380.98,380.98,0,0
1612221685,380.98,380.98,380.98,380.98,380.98,0,0
1612221690,380.98,380.98,380.98,380.98,380.98,0,0
1612221695,380.98,380.98,380.98,380.98,380.98,0,0
1612221700,380.98,380.98,380.98,380.98,380.98,0,0
1612221705,380.98,380.98,380.98,380.98,380.98,0,0
1612221710,380.98,380.98,380.98,380.98,380.98,0,0
1612221715,380.98,380.98,380.98,380.98,380.98,0,0
1612221720,380.98,380.98,380.98,380.98,380.98,0,0
1612221725,380.98,380.98,380.98,380.98,380.98,0,0
1612221730,380.98,380.98,380.98,380.98,380.98,0,0
1612221735,380.98,380.98,380.98,380.98,380.98,0,0
1612221740,380.98,380.98,380.98,380.98,380.98,0,0
1612221745,380.98,380.98,380.98,380.98,380.98,0,0
1612221750,380.98,380.98,380.98,380.98,380.98,0,0
1612221755,380.98,380.98,380.98,380.98,380.98,0,0
1612221760,380.98,380.98,380.98,380.98,380.98,0,0
1612221765,380.98,380.98,380.98,380.98,380.98,0,0
1612221770,380.98,380.98,380.98,380.98,380.98,0,0
1612221775,380.98,380.98,380.98,380.98,380.98,0,0
1612221780,380.98,380.98,380.98,380.98,380.98,0,0
1612221785,380.98,380.98,380.98,380.98,380.98,0,0
1612221790,380.98,380.98,380.98,380.98,380.98,0,0
1612221795,380.98,380.98,380.98,380.98,380.98,0,0
1612221800,380.98,380.98,380.98,380.98,380.98,0,0
1612221805,380.98,380.98,380.98,380.98,380.98,0,0
1612221810,380.98,380.98,380.98,380.98,380.98,0,0
1612221815,380.98,380.98,380.98,380.98,380.98,0,0
1612221820,380.98,380.98,380.98,380.98,380.98,0,0
1612221825,380.98,380.98,380.98,380.98,380.98,0,0
1612221830,380.98,380.98,380.98,380.98,380.98,0,0
1612221835,380.98,380.98,380.98,380.98,380.98,0,0
1612221840,380.98,380.98,380.98,380.98,380.98,0,0
1612221845,380.98,380.98,380.98,380.98,380.98,0,0
1612221850,380.98,380.98,380.98,380.98,380.98,0,0
1612221855,380.98,380.98,380.98,380.98,380.98,0,0
1612221860,380.98,380.98,380.98,380.98,380.98,0,0
1612221865,380.98,380.98,380.98,380.98,380.98,0,0
1612221870,380.98,380.98,380.98,380.98,380.98,0,0
1612221875,380.98,380.98,380.98,380.98,380.98,0,0
1612221880,380.98,380.98,380.98,380.98,380.98,0,0
1612221885,380.98,380.98,380.98,380.98,380.98,0,0
1612221890,380.98,380.98,380.98,380.98,380.98,0,0
1612221895,380.98,380.98,380.98,380.98,380.98,0,0
1612221900,380.98,380.98,380.98,380.98,380.98,0,0
1612221905,380.98,380.98,380.98,380.98,380.98,0,0
1612221910,380.98,380.98,380.98,380.98,380.98,0,0
1612221915,380.98,380.98,380.98,380.98,380.98,0,0
1612221920,380.98,380.98,380.98,380.98,380.98,0,0
1612221925,380.98,380.98,380.98,380.98,380.98,0,0
1612221930,380.98,380.98,380.98,380.98,380.98,0,0
1612221935,380.98,380.98,380.98,380.98,380.98,0,0
1612221940,380.98,380.98,380.98,380.98,380.98,0,0
1612221945,380.98,380.98,380.98,380.98,380.98,0,0
1612221950,380.98,380.98,380.98,380.98,380.98,0,0
1612221955,380.98,380.98,380.98,380.98,380.98,0,0
1612221960,380.98,380.98,380.98,380.98,380.98,0,0
1612221965,380.98,380.98,380.98,380.98,380.98,0,0
1612221970,380.98,380.98,380.98,380.98,380.98,0,0
1612221975,380.98,380.98,380.98,380.98,380.98,0,0
1612221980,380.98,380.98,380.98,380.98,380.98,0,0
1612221985,380.98,380.98,380.98,380.98,380.98,0,0
1612221990,380.98,380.98,380.98,380.98,380.98,0,0
1612221995,380.98,380.98,380.98,380.98,380.98,8,1
1612222000,380.98,380.98,380.98,380.98,380.98,0,0
1612222005,380.98,380.98,380.98,380.98,380.98,0,0
1612222010,380.98,380.98,380.98,380.98,380.98,0,0
1612222015,380.98,380.98,380.98,380.98,380.98,0,0
1612222020,380.98,380.98,380.98,380.98,380.98,0,0
1612222025,380.98,380.98,380.98,380.98,380.98,0,0
1612222030,380.98,380.98,380.98,380.98,380.98,0,0
1612222035,380.98,380.98,380.98,380.98,380.98,0,0
1612222040,380.98,380.98,380.98,380.98,380.98,0,0
1612222045,380.98,380.98,380.98,380.98,380.98,0,0
1612222050,380.98,380.98,380.98,380.98,380.98,0,0
1612222055,380.98,380.98,380.98,380.98,380.98,0,0
1612222060,380.98,380.98,380.98,380.98,380.98,0,0
1612222065,380.98,380.98,380.98,380.98,380.98,0,0
1612222070,379.82,379.82,379.82,379.82,379.82,1,1
1612222075,379.82,379.82,379.82,379.82,379.82,0,0
1612222080,379.82,379.82,379.82,379.82,379.82,0,0
1612222085,379.82,379.82,379.82,379.82,379.82,0,0
1612222090,379.82,379.82,379.82,379.82,379.82,0,0
1612222095,379.82,379.82,379.82,379.82,379.82,0,0
1612222100,379.82,379.82,379.82,379.82,379.82,0,0
1612222105,379.82,379.82,379.82,379.82,379.82,0,0
1612222110,379.82,379.82,379.82,379.82,379.82,0,0
1612222115,380.09,380.09,380.09,380.09,380.09,1,1
1612222120,380.09,380.09,380.09,380.09,380.09,0,0
1612222125,380.09,380.09,380.09,380.09,380.09,0,0
1612222130,380.09,380.09,380.09,380.09,380.09,0,0
1612222135,380.09,380.09,380.09,380.09,380.09,0,0
1612222140,380.09,380.09,380.09,380.09,380.09,0,0
1612222145,380.09,380.09,380.09,380.09,380.09,0,0
1612222150,380.09,380.09,380.09,380.09,380.09,0,0
1612222155,380.09,380.09,380.09,380.09,380.09,0,0
1612222160,380.09,380.09,380.09,380.09,380.09,0,0
1612222165,380.09,380.09,380.09,380.09,380.09,0,0
1612222170,380.09,380.09,380.09,380.09,380.09,0,0
1612222175,380.09,380.09,380.09,380.09,380.09,0,0
1612222180,380.09,380.09,380.09,380.09,380.09,0,0
1612222185,380.09,380.09,380.09,380.09,380.09,0,0
1612222190,380.09,380.09,380.09,380.09,380.09,0,0
1612222195,380.09,380.09,380.09,380.09,380.09,0,0
1612222200,380.09,380.09,380.09,380.09,380.09,0,0
1612222205,380.09,380.09,380.09,380.09,380.09,0,0
1612222210,380.09,380.09,380.09,380.09,380.09,0,0
1612222215,380.09,380.09,380.09,380.09,380.09,0,0
1612222220,380.09,380.09,380.09,380.09,380.09,0,0
1612222225,380.09,380.09,380.09,380.09,380.09,0,0
1612222230,380.09,380.09,380.09,380.09,380.09,0,0
1612222235,380.09,380.09,380.09,380.09,380.09,0,0
1612222240,380.09,380.09,380.09,380.09,380.09,0,0
1612222245,380.09,380.09,380.09,380.09,380.09,0,0
1612222250,380.09,380.09,380.09,380.09,380.09,0,0
1612222255,380.09,380.09,380.09,380.09,380.09,0,0
1612222260,380.09,380.09,380.09,380.09,380.09,0,0
1612222265,380.09,380.09,380.09,380.09,380.09,0,0
1612222270,380.09,380.09,380.09,380.09,380.09,0,0
1612222275,380.09,380.09,380.09,380.09,380.09,0,0
1612222280,380.09,380.09,380.09,380.09,380.09,0,0
1612222285,380.09,380.09,380.09,380.09,380.09,0,0
1612222290,380.09,380.09,380.09,380.09,380.09,0,0
1612222295,380.09,380.09,380.09,380.09,380.09,0,0
1612222300,380.09,380.09,380.09,380.09,380.09,0,0
1612222305,380.09,380.09,380.09,380.09,380.09,0,0
1612222310,380.09,380.09,380.09,380.09,380.09,0,0
1612222315,380.09,380.09,380.09,380.09,380.09,0,0
1612222320,380.09,380.09,380.09,380.09,380.09,0,0
1612222325,380.09,380.09,380.09,380.09,380.09,0,0
1612222330,380.09,380.09,380.09,380.09,380.09,0,0
1612222335,380.09,380.09,380.09,380.09,380.09,0,0
1612222340,380.09,380.09,380.09,380.09,380.09,0,0
1612222345,380.09,380.09,380.09,380.09,380.09,0,0
1612222350,380.09,380.09,380.09,380.09,380.09,0,0
1612222355,380.09,380.09,380.09,380.09,380.09,0,0
1612222360,380.09,380.09,380.09,380.09,380.09,0,0
1612222365,380.09,380.09,380.09,380.09,380.09,0,0
1612222370,380.09,380.09,380.09,380.09,380.09,0,0
1612222375,380.09,380.09,380.09,380.09,380.09,0,0
1612222380,380.09,380.09,380.09,380.09,380.09,0,0
1612222385,380.09,380.09,380.09,380.09,380.09,0,0
1612222390,380.09,380.09,380.09,380.09,380.09,0,0
1612222395,380.09,380.09,380.09,380.09,380.09,0,0
1612222400,380.09,380.09,380.09,380.09,380.09,0,0
1612222405,380.09,380.09,380.09,380.09,380.09,0,0
1612222410,380.09,380.09,380.09,380.09,380.09,0,0
1612222415,380.09,380.09,380.09,380.09,380.09,0,0
1612222420,380.09,380.09,380.09,380.09,380.09,0,0
1612222425,380.09,380.09,380.09,380.09,380.09,0,0
1612222430,380.09,380.09,380.09,380.09,380.09,0,0
1612222435,380.09,380.09,380.09,380.09,380.09,0,0
1612222440,380.09,380.09,380.09,380.09,380.09,0,0
1612222445,380.09,380.09,380.09,380.09,380.09,0,0
1612222450,380.09,380.09,380.09,380.09,380.09,0,0
1612222455,380.09,380.09,380.09,380.09,380.09,0,0
1612222460,380.09,380.09,380.09,380.09,380.09,0,0
1612222465,380.09,380.09,380.09,380.09,380.09,0,0
1612222470,380.09,380.09,380.09,380.09,380.09,0,0
1612222475,380.09,380.09,380.09,380.09,380.09,0,0
1612222480,380.09,380.09,380.09,380.09,380.09,0,0
1612222485,380.09,380.09,380.09,380.09,380.09,0,0
1612222490,380.09,380.09,380.09,380.09,380.09,0,0
1612222495,380.09,380.09,380.09,380.09,380.09,0,0
1612222500,380.09,380.09,380.09,380.09,380.09,0,0
1612222505,380.09,380.09,380.09,380.09,380.09,0,0
1612222510,380.09,380.09,380.09,380.09,380.09,0,0
1612222515,380.09,380.09,380.09,380.09,380.09,0,0
1612222520,380.09,380.09,380.09,380.09,380.09,0,0
1612222525,380.09,380.09,380.09,380.09,380.09,0,0
1612222530,380.09,380.09,380.09,380.09,380.09,0,0
1612222535,380.09,380.09,380.09,380.09,380.09,0,0
1612222540,380.09,380.09,380.09,380.09,380.09,0,0
1612222545,380.09,380.09,380.09,380.09,380.09,0,0
1612222550,380.09,380.09,380.09,380.09,380.09,0,0
1612222555,380.09,380.09,380.09,380.09,380.09,0,0
1612222560,380.09,380.09,380.09,380.09,380.09,0,0
1612222565,380.09,380.09,380.09,380.09,380.09,0,0
1612222570,380.09,380.09,380.09,380.09,380.09,0,0
1612222575,380.09,380.09,380.09,380.09,380.09,0,0
1612222580,380.09,380.09,380.09,380.09,380.09,0,0
1612222585,380.09,380.09,380.09,380.09,380.09,0,0
1612222590,380.09,380.09,380.09,380.09,380.09,0,0
1612222595,380.09,380.09,380.09,380.09,380.09,0,0
1612222600,380.09,380.09,380.09,380.09,380.09,0,0
1612222605,380.09,380.09,380.09,380.09,380.09,0,0
1612222610,380.09,380.09,380.09,380.09,380.09,0,0
1612222615,380.09,380.09,380.09,380.09,380.09,0,0
1612222620,380.09,380.09,380.09,380.09,380.09,0,0
1612222625,380.09,380.09,380.09,380.09,380.09,0,0
1612222630,380.09,380.09,380.09,380.09,380.09,0,0
1612222635,380.09,380.09,380.09,380.09,380.09,0,0
1612222640,380.09,380.09,380.09,380.09,380.09,0,0
1612222645,380.09,380.09,380.09,380.09,380.09,0,0
1612222650,380.09,380.09,380.09,380.09,380.09,0,0
1612222655,380.09,380.09,380.09,380.09,380.09,0,0
1612222660,380.09,380.09,380.09,380.09,380.09,0,0
1612222665,380.09,380.09,380.09,380.09,380.09,0,0
1612222670,380.09,380.09,380.09,380.09,380.09,0,0
1612222675,380.09,380.09,380.09,380.09,380.09,0,0
1612222680,380.09,380.09,380.09,380.09,380.09,0,0
1612222685,380.09,380.09,380.09,380.09,380.09,0,0
1612222690,380.09,380.09,380.09,380.09,380.09,0,0
1612222695,380.09,380.09,380.09,380.09,380.09,0,0
1612222700,380.09,380.09,380.09,380.09,380.09,0,0
1612222705,380.09,380.09,380.09,380.09,380.09,0,0
1612222710,380.09,380.09,380.09,380.09,380.09,0,0
1612222715,380.09,380.09,380.09,380.09,380.09,0,0
1612222720,380.09,380.09,380.09,380.09,380.09,0,0
1612222725,380.09,380.09,380.09,380.09,380.09,0,0
1612222730,380.09,380.09,380.09,380.09,380.09,0,0
1612222735,380.09,380.09,380.09,380.09,380.09,0,0
1612222740,380.09,380.09,380.09,380.09,380.09,0,0
1612222745,380.09,380.09,380.09,380.09,380.09,0,0
1612222750,380.09,380.09,380.09,380.09,380.09,0,0
1612222755,380.09,380.09,380.09,380.09,380.09,0,0
1612222760,380.09,380.09,380.09,380.09,380.09,0,0
1612222765,380.09,380.09,380.09,380.09,380.09,0,0
1612222770,380.09,380.09,380.09,380.09,380.09,0,0
1612222775,380.09,380.09,380.09,380.09,380.09,0,0
1612222780,380.09,380.09,380.09,380.09,380.09,0,0
1612222785,380.09,380.09,380.09,380.09,380.09,0,0
1612222790,380.09,380.09,380.09,380.09,380.09,0,0
1612222795,380.09,380.09,380.09,380.09,380.09,0,0
1612222800,380.09,380.09,380.09,380.09,380.09,0,0
1612222805,380.09,380.09,380.09,380.09,380.09,0,0
1612222810,380.09,380.09,380.09,380.09,380.09,0,0
1612222815,380.09,380.09,380.09,380.09,380.09,0,0
1612222820,380.09,380.09,380.09,380.09,380.09,0,0
1612222825,380.09,380.09,380.09,380.09,380.09,0,0
1612222830,380.09,380.09,380.09,380.09,380.09,0,0
1612222835,380.09,380.09,380.09,380.09,380.09,0,0
1612222840,380.09,380.09,380.09,380.09,380.09,0,0
1612222845,380.09,380.09,380.09,380.09,380.09,0,0
1612222850,380.09,380.09,380.09,380.09,380.09,0,0
1612222855,380.09,380.09,380.09,380.09,380.09,0,0
1612222860,380.09,380.09,380.09,380.09,380.09,0,0
1612222865,380.09,380.09,380.09,380.09,380.09,0,0
1612222870,380.09,380.09,380.09,380.09,380.09,0,0
1612222875,380.09,380.09,380.09,380.09,380.09,0,0
1612222880,380.09,380.09,380.09,380.09,380.09,0,0
1612222885,380.09,380.09,380.09,380.09,380.09,0,0
1612222890,380.09,380.09,380.09,380.09,380.09,0,0
1612222895,380.09,380.09,380.09,380.09,380.09,0,0
1612222900,380.09,380.09,380.09,380.09,380.09,0,0
1612222905,380.09,380.09,380.09,380.09,380.09,0,0
1612222910,380.09,380.09,380.09,380.09,380.09,0,0
1612222915,380.09,380.09,380.09,380.09,380.09,0,0
1612222920,380.09,380.09,380.09,380.09,380.09,0,0
1612222925,380.09,380.09,380.09,380.09,380.09,0,0
1612222930,380.09,380.09,380.09,380.09,380.09,0,0
1612222935,380.09,380.09,380.09,380.09,380.09,0,0
1612222940,380.09,380.09,380.09,380.09,380.09,0,0
1612222945,380.09,380.09,380.09,380.09,380.09,0,0
1612222950,380.09,380.09,380.09,380.09,380.09,0,0
1612222955,380.09,380.09,380.09,380.09,380.09,0,0
1612222960,380.09,380.09,380.09,380.09,380.09,0,0
1612222965,380.09,380.09,380.09,380.09,380.09,0,0
1612222970,380.09,380.09,380.09,380.09,380.09,0,0
1612222975,380.09,380.09,380.09,380.09,380.09,0,0
1612222980,380.09,380.09,380.09,380.09,380.09,0,0
1612222985,380.09,380.09,380.09,380.09,380.09,0,0
1612222990,380.09,380.09,380.09,380.09,380.09,0,0
1612222995,380.09,380.09,380.09,380.09,380.09,0,0
1612223000,380.09,380.09,380.09,380.09,380.09,0,0
1612223005,380.09,380.09,380.09,380.09,380.09,0,0
1612223010,380.09,380.09,380.09,380.09,380.09,0,0
1612223015,380.09,380.09,380.09,380.09,380.09,0,0
1612223020,380.09,380.09,380.09,380.09,380.09,0,0
1612223025,380.09,380.09,380.09,380.09,380.09,0,0
1612223030,380.09,380.09,380.09,380.09,380.09,0,0
1612223035,380.09,380.09,380.09,380.09,380.09,0,0
1612223040,380.09,380.09,380.09,380.09,380.09,0,0
1612223045,380.09,380.09,380.09,380.09,380.09,0,0
1612223050,380.09,380.09,380.09,380.09,380.09,0,0
1612223055,380.09,380.09,380.09,380.09,380.09,0,0
1612223060,380.09,380.09,380.09,380.09,380.09,0,0
1612223065,380.09,380.09,380.09,380.09,380.09,0,0
1612223070,380.09,380.09,380.09,380.09,380.09,0,0
1612223075,380.09,380.09,380.09,380.09,380.09,0,0
1612223080,380.09,380.09,380.09,380.09,380.09,0,0
1612223085,380.09,380.09,380.09,380.09,380.09,0,0
1612223090,380.09,380.09,380.09,380.09,380.09,0,0
1612223095,380.09,380.09,380.09,380.09,380.09,0,0
1612223100,380.09,380.09,380.09,380.09,380.09,0,0
1612223105,380.09,380.09,380.09,380.09,380.09,0,0
1612223110,380.09,380.09,380.09,380.09,380.09,0,0
1612223115,380.09,380.09,380.09,380.09,380.09,0,0
1612223120,380.09,380.09,380.09,380.09,380.09,0,0
1612223125,380.09,380.09,380.09,380.09,380.09,0,0
1612223130,380.09,380.09,380.09,380.09,380.09,0,0
1612223135,380.09,380.09,380.09,380.09,380.09,0,0
1612223140,380.09,380.09,380.09,380.09,380.09,0,0
1612223145,380.09,380.09,380.09,380.09,380.09,0,0
1612223150,380.09,380.09,380.09,380.09,380.09,0,0
1612223155,380.09,380.09,380.09,380.09,380.09,0,0
1612223160,380.09,380.09,380.09,380.09,380.09,0,0
1612223165,380.09,380.09,380.09,380.09,380.09,0,0
1612223170,380.09,380.09,380.09,380.09,380.09,0,0
1612223175,380.09,380.09,380.09,380.09,380.09,0,0
1612223180,380.09,380.09,380.09,380.09,380.09,0,0
1612223185,380.09,380.09,380.09,380.09,380.09,0,0
1612223190,380.09,380.09,380.09,380.09,380.09,0,0
1612223195,380.09,380.09,380.09,380.09,380.09,0,0
1612223200,380.09,380.09,380.09,380.09,380.09,0,0
1612223205,380.09,380.09,380.09,380.09,380.09,0,0
1612223210,380.09,380.09,380.09,380.09,380.09,0,0
1612223215,380.09,380.09,380.09,380.09,380.09,0,0
1612223220,380.09,380.09,380.09,380.09,380.09,0,0
1612223225,380.09,380.09,380.09,380.09,380.09,0,0
1612223230,380.09,380.09,380.09,380.09,380.09,0,0
1612223235,380.09,380.09,380.09,380.09,380.09,0,0
1612223240,380.09,380.09,380.09,380.09,380.09,0,0
1612223245,380.09,380.09,380.09,380.09,380.09,0,0
1612223250,380.09,380.09,380.09,380.09,380.09,0,0
1612223255,380.09,380.09,380.09,380.09,380.09,0,0
1612223260,380.09,380.09,380.09,380.09,380.09,0,0
1612223265,380.09,380.09,380.09,380.09,380.09,0,0
1612223270,380.09,380.09,380.09,380.09,380.09,0,0
1612223275,380.09,380.09,380.09,380.09,380.09,0,0
1612223280,380.09,380.09,380.09,380.09,380.09,0,0
1612223285,380.09,380.09,380.09,380.09,380.09,0,0
1612223290,380.09,380.09,380.09,380.09,380.09,0,0
1612223295,380.09,380.09,380.09,380.09,380.09,0,0
1612223300,380.7,380.85,380.7,380.7,380.758,3,3
1612223305,380.7,380.7,380.7,380.7,380.7,0,0
1612223310,380.7,380.7,380.7,380.7,380.7,0,0
1612223315,380.7,380.7,380.7,380.7,380.7,0,0
1612223320,380.7,380.7,380.7,380.7,380.7,0,0
1612223325,380.7,380.7,380.7,380.7,380.7,0,0
1612223330,380.7,380.7,380.7,380.7,380.7,0,0
1612223335,380.7,380.7,380.7,380.7,380.7,0,0
1612223340,380.7,380.7,380.7,380.7,380.7,0,0
1612223345,380.7,380.7,380.7,380.7,380.7,0,0
1612223350,380.7,380.7,380.7,380.7,380.7,0,0
1612223355,380.7,380.7,380.7,380.7,380.7,0,0
1612223360,380.7,380.7,380.7,380.7,380.7,0,0
1612223365,380.7,380.7,380.7,380.7,380.7,0,0
1612223370,380.7,380.7,380.7,380.7,380.7,0,0
1612223375,380.7,380.7,380.7,380.7,380.7,0,0
1612223380,380.7,380.7,380.7,380.7,380.7,0,0
1612223385,380.7,380.7,380.7,380.7,380.7,0,0
1612223390,380.7,380.7,380.7,380.7,380.7,0,0
1612223395,380.7,380.7,380.7,380.7,380.7,0,0
1612223400,380.7,380.7,380.7,380.7,380.7,0,0
1612223405,380.7,380.7,380.7,380.7,380.7,0,0
1612223410,380.7,380.7,380.7,380.7,380.7,0,0
1612223415,380.7,380.7,380.7,380.7,380.7,0,0
1612223420,380.7,380.7,380.7,380.7,380.7,0,0
1612223425,380.7,380.7,380.7,380.7,380.7,0,0
1612223430,380.7,380.7,380.7,380.7,380.7,0,0
1612223435,380.7,380.7,380.7,380.7,380.7,0,0
1612223440,380.7,380.7,380.7,380.7,380.7,0,0
1612223445,380.7,380.7,380.7,380.7,380.7,0,0
1612223450,380.7,380.7,380.7,380.7,380.7,0,0
1612223455,380.7,380.7,380.7,380.7,380.7,0,0
1612223460,380.7,380.7,380.7,380.7,380.7,0,0
1612223465,380.7,380.7,380.7,380.7,380.7,0,0
1612223470,380.7,380.7,380.7,380.7,380.7,0,0
1612223475,380.7,380.7,380.7,380.7,380.7,0,0
1612223480,380.7,380.7,380.7,380.7,380.7,0,0
1612223485,380.7,380.7,380.7,380.7,380.7,0,0
1612223490,380.7,380.7,380.7,380.7,380.7,0,0
1612223495,380.7,380.7,380.7,380.7,380.7,0,0
1612223500,380.7,380.7,380.7,380.7,380.7,0,0
1612223505,380.7,380.7,380.7,380.7,380.7,0,0
1612223510,380.7,380.7,380.7,380.7,380.7,0,0
1612223515,380.7,380.7,380.7,380.7,380.7,0,0
1612223520,380.7,380.7,380.7,380.7,380.7,0,0
1612223525,380.7,380.7,380.7,380.7,380.7,0,0
1612223530,380.7,380.7,380.7,380.7,380.7,0,0
1612223535,380.7,380.7,380.7,380.7,380.7,0,0
1612223540,380.7,380.7,380.7,380.7,380.7,0,0
1612223545,380.7,380.7,380.7,380.7,380.7,0,0
1612223550,380.7,380.7,380.7,380.7,380.7,0,0
1612223555,380.7,380.7,380.7,380.7,380.7,0,0
1612223560,380.7,380.7,380.7,380.7,380.7,0,0
1612223565,380.7,380.7,380.7,380.7,380.7,0,0
1612223570,380.7,380.7,380.7,380.7,380.7,0,0
1612223575,380.7,380.7,380.7,380.7,380.7,0,0
1612223580,380.7,380.7,380.7,380.7,380.7,0,0
1612223585,380.7,380.7,380.7,380.7,380.7,0,0
1612223590,380.7,380.7,380.7,380.7,380.7,0,0
1612223595,380.7,380.7,380.7,380.7,380.7,0,0
1612223600,380.7,380.7,380.7,380.7,380.7,0,0
1612223605,380.7,380.7,380.7,380.7,380.7,0,0
1612223610,380.7,380.7,380.7,380.7,380.7,0,0
1612223615,380.7,380.7,380.7,380.7,380.7,0,0
1612223620,380.7,380.7,380.7,380.7,380.7,0,0
1612223625,380.7,380.7,380.7,380.7,380.7,0,0
1612223630,380.7,380.7,380.7,380.7,380.7,0,0
1612223635,380.7,380.7,380.7,380.7,380.7,0,0
1612223640,380.7,380.7,380.7,380.7,380.7,0,0
1612223645,380.7,380.7,380.7,380.7,380.7,0,0
1612223650,380.7,380.7,380.7,380.7,380.7,0,0
1612223655,380.7,380.7,380.7,380.7,380.7,0,0
1612223660,380.7,380.7,380.7,380.7,380.7,0,0
1612223665,380.7,380.7,380.7,380.7,380.7,0,0
1612223670,380.7,380.7,380.7,380.7,380.7,0,0
1612223675,380.7,380.7,380.7,380.7,380.7,0,0
1612223680,380.7,380.7,380.7,380.7,380.7,0,0
1612223685,380.7,380.7,380.7,380.7,380.7,0,0
1612223690,379.51,379.51,379.51,379.51,379.51,1,1
1612223695,379.51,379.51,379.51,379.51,379.51,0,0
1612223700,379.51,379.51,379.51,379.51,379.51,0,0
1612223705,379.51,379.51,379.51,379.51,379.51,0,0
1612223710,379.51,379.51,379.51,379.51,379.51,0,0
1612223715,379.51,379.51,379.51,379.51,379.51,0,0
1612223720,379.51,379.51,379.51,379.51,379.51,0,0
1612223725,379.51,379.51,379.51,379.51,379.51,0,0
1612223730,379.51,379.51,379.51,379.51,379.51,0,0
1612223735,379.51,379.51,379.51,379.51,379.51,0,0
1612223740,379.51,379.51,379.51,379.51,379.51,0,0
1612223745,379.51,379.51,379.51,379.51,379.51,0,0
1612223750,379.51,379.51,379.51,379.51,379.51,0,0
1612223755,379.51,379.51,379.51,379.51,379.51,0,0
1612223760,379.51,379.51,379.51,379.51,379.51,0,0
1612223765,379.51,379.51,379.51,379.51,379.51,0,0
1612223770,379.51,379.51,379.51,379.51,379.51,0,0
1612223775,379.51,379.51,379.51,379.51,379.51,0,0
1612223780,379.51,379.51,379.51,379.51,379.51,0,0
1612223785,379.51,379.51,379.51,379.51,379.51,0,0
1612223790,379.51,379.51,379.51,379.51,379.51,0,0
1612223795,379.51,379.51,379.51,379.51,379.51,0,0
1612223800,379.51,379.51,379.51,379.51,379.51,0,0
1612223805,379.51,379.51,379.51,379.51,379.51,0,0
1612223810,379.51,379.51,379.51,379.51,379.51,0,0
1612223815,379.51,379.51,379.51,379.51,379.51,0,0
1612223820,379.51,379.51,379.51,379.51,379.51,0,0
1612223825,379.51,379.51,379.51,379.51,379.51,0,0
1612223830,379.51,379.51,379.51,379.51,379.51,0,0
1612223835,379.51,379.51,379.51,379.51,379.51,0,0
1612223840,379.51,379.51,379.51,379.51,379.51,0,0
1612223845,379.51,379.51,379.51,379.51,379.51,0,0
1612223850,379.51,379.51,379.51,379.51,379.51,0,0
1612223855,379.51,379.51,379.51,379.51,379.51,0,0
1612223860,379.51,379.51,379.51,379.51,379.51,0,0
1612223865,379.51,379.51,379.51,379.51,379.51,0,0
1612223870,379.51,379.51,379.51,379.51,379.51,0,0
1612223875,379.51,379.51,379.51,379.51,379.51,0,0
1612223880,379.51,379.51,379.51,379.51,379.51,0,0
1612223885,379.51,379.51,379.51,379.51,379.51,0,0
1612223890,379.51,379.51,379.51,379.51,379.51,0,0
1612223895,379.51,379.51,379.51,379.51,379.51,0,0
1612223900,379.51,379.51,379.51,379.51,379.51,0,0
1612223905,379.51,379.51,379.51,379.51,379.51,0,0
1612223910,379.51,379.51,379.51,379.51,379.51,0,0
1612223915,379.51,379.51,379.51,379.51,379.51,0,0
1612223920,379.51,379.51,379.51,379.51,379.51,0,0
1612223925,379.51,379.51,379.51,379.51,379.51,0,0
1612223930,379.51,379.51,379.51,379.51,379.51,0,0
1612223935,379.51,379.51,379.51,379.51,379.51,0,0
1612223940,379.51,379.51,379.51,379.51,379.51,0,0
1612223945,379.51,379.51,379.51,379.51,379.51,0,0
1612223950,379.51,379.51,379.51,379.51,379.51,0,0
1612223955,379.51,379.51,379.51,379.51,379.51,0,0
1612223960,379.51,379.51,379.51,379.51,379.51,0,0
1612223965,379.51,379.51,379.51,379.51,379.51,0,0
1612223970,379.51,379.51,379.51,379.51,379.51,0,0
1612223975,379.51,379.51,379.51,379.51,379.51,0,0
1612223980,379.51,379.51,379.51,379.51,379.51,0,0
1612223985,379.51,379.51,379.51,379.51,379.51,0,0
1612223990,379.51,379.51,379.51,379.51,379.51,0,0
1612223995,379.51,379.51,379.51,379.51,379.51,0,0
1612224000,379.51,379.51,379.51,379.51,379.51,0,0
1612224005,379.51,379.51,379.51,379.51,379.51,0,0
1612224010,379.51,379.51,379.51,379.51,379.51,0,0
1612224015,379.51,379.51,379.51,379.51,379.51,0,0
1612224020,379.51,379.51,379.51,379.51,379.51,0,0
1612224025,379.51,379.51,379.51,379.51,379.51,0,0
1612224030,379.51,379.51,379.51,379.51,379.51,0,0
1612224035,379.51,379.51,379.51,379.51,379.51,0,0
1612224040,379.51,379.51,379.51,379.51,379.51,0,0
1612224045,379.51,379.51,379.51,379.51,379.51,0,0
1612224050,379.51,379.51,379.51,379.51,379.51,0,0
1612224055,379.51,379.51,379.51,379.51,379.51,0,0
1612224060,379.51,379.51,379.51,379.51,379.51,0,0
1612224065,379.51,379.51,379.51,379.51,379.51,0,0
1612224070,379.51,379.51,379.51,379.51,379.51,0,0
1612224075,379.51,379.51,379.51,379.51,379.51,0,0
1612224080,379.51,379.51,379.51,379.51,379.51,0,0
1612224085,379.51,379.51,379.51,379.51,379.51,0,0
1612224090,379.51,379.51,379.51,379.51,379.51,0,0
1612224095,379.51,379.51,379.51,379.51,379.51,0,0
1612224100,379.51,379.51,379.51,379.51,379.51,0,0
1612224105,379.51,379.51,379.51,379.51,379.51,0,0
1612224110,379.51,379.51,379.51,379.51,379.51,0,0
1612224115,379.51,379.51,379.51,379.51,379.51,0,0
1612224120,379.51,379.51,379.51,379.51,379.51,0,0
1612224125,379.51,379.51,379.51,379.51,379.51,0,0
1612224130,379.51,379.51,379.51,379.51,379.51,0,0
1612224135,379.51,379.51,379.51,379.51,379.51,0,0
1612224140,379.51,379.51,379.51,379.51,379.51,0,0
1612224145,379.51,379.51,379.51,379.51,379.51,0,0
1612224150,379.51,379.51,379.51,379.51,379.51,0,0
1612224155,379.51,379.51,379.51,379.51,379.51,0,0
1612224160,379.51,379.51,379.51,379.51,379.51,0,0
1612224165,379.51,379.51,379.51,379.51,379.51,0,0
1612224170,379.51,379.51,379.51,379.51,379.51,0,0
1612224175,379.51,379.51,379.51,379.51,379.51,0,0
1612224180,379.51,379.51,379.51,379.51,379.51,0,0
1612224185,379.51,379.51,379.51,379.51,379.51,0,0
1612224190,379.51,379.51,379.51,379.51,379.51,0,0
1612224195,379.51,379.51,379.51,379.51,379.51,0,0
1612224200,379.51,379.51,379.51,379.51,379.51,0,0
1612224205,379.51,379.51,379.51,379.51,379.51,0,0
1612224210,379.51,379.51,379.51,379.51,379.51,0,0
1612224215,379.51,379.51,379.51,379.51,379.51,0,0
1612224220,379.51,379.51,379.51,379.51,379.51,0,0
1612224225,379.51,379.51,379.51,379.51,379.51,0,0
1612224230,379.51,379.51,379.51,379.51,379.51,0,0
1612224235,379.51,379.51,379.51,379.51,379.51,0,0
1612224240,379.51,379.51,379.51,379.51,379.51,0,0
1612224245,379.51,379.51,379.51,379.51,379.51,0,0
1612224250,379.51,379.51,379.51,379.51,379.51,0,0
1612224255,379.51,379.51,379.51,379.51,379.51,0,0
1612224260,379.51,379.51,379.51,379.51,379.51,0,0
1612224265,379.51,379.51,379.51,379.51,379.51,0,0
1612224270,379.51,379.51,379.51,379.51,379.51,0,0
1612224275,379.51,379.51,379.51,379.51,379.51,0,0
1612224280,379.51,379.51,379.51,379.51,379.51,0,0
1612224285,379.51,379.51,379.51,379.51,379.51,0,0
1612224290,379.51,379.51,379.51,379.51,379.51,0,0
1612224295,379.51,379.51,379.51,379.51,379.51,0,0
1612224300,379.51,379.51,379.51,379.51,379.51,0,0
1612224305,379.51,379.51,379.51,379.51,379.51,0,0
1612224310,379.51,379.51,379.51,379.51,379.51,0,0
1612224315,379.51,379.51,379.51,379.51,379.51,0,0
1612224320,379.51,379.51,379.51,379.51,379.51,0,0
1612224325,379.51,379.51,379.51,379.51,379.51,0,0
1612224330,380.07,380.07,380.07,380.07,380.07,1,1
1612224335,380.07,380.07,380.07,380.07,380.07,0,0
1612224340,380.07,380.07,380.07,380.07,380.07,0,0
1612224345,380.07,380.07,380.07,380.07,380.07,0,0
1612224350,380.07,380.07,380.07,380.07,380.07,0,0
1612224355,380.07,380.07,380.07,380.07,380.07,0,0
1612224360,380.07,380.07,380.07,380.07,380.07,0,0
1612224365,380.07,380.07,380.07,380.07,380.07,0,0
1612224370,380.07,380.07,380.07,380.07,380.07,0,0
1612224375,380.07,380.07,380.07,380.07,380.07,0,0
1612224380,380.07,380.07,380.07,380.07,380.07,0,0
1612224385,380.07,380.07,380.07,380.07,380.07,0,0
1612224390,380.07,380.07,380.07,380.07,380.07,0,0
1612224395,380.07,380.07,380.07,380.07,380.07,0,0
1612224400,380.07,380.07,380.07,380.07,380.07,0,0
1612224405,380.07,380.07,380.07,380.07,380.07,0,0
1612224410,380.07,380.07,380.07,380.07,380.07,0,0
1612224415,380.07,380.07,380.07,380.07,380.07,0,0
1612224420,380.07,380.07,380.07,380.07,380.07,0,0
1612224425,380.07,380.07,380.07,380.07,380.07,0,0
1612224430,380.07,380.07,380.07,380.07,380.07,0,0
1612224435,380.07,380.07,380.07,380.07,380.07,0,0
1612224440,380.07,380.07,380.07,380.07,380.07,0,0
1612224445,380.07,380.07,380.07,380.07,380.07,0,0
1612224450,380.07,380.07,380.07,380.07,380.07,0,0
1612224455,380.07,380.07,380.07,380.07,380.07,0,0
1612224460,380.07,380.07,380.07,380.07,380.07,0,0
1612224465,380.07,380.07,380.07,380.07,380.07,0,0
1612224470,380.07,380.07,380.07,380.07,380.07,0,0
1612224475,380.07,380.07,380.07,380.07,380.07,0,0
1612224480,380.07,380.07,380.07,380.07,380.07,0,0
1612224485,380.07,380.07,380.07,380.07,380.07,0,0
1612224490,380.07,380.07,380.07,380.07,380.07,0,0
1612224495,380.07,380.07,380.07,380.07,380.07,0,0
1612224500,380.07,380.07,380.07,380.07,380.07,0,0
1612224505,380.07,380.07,380.07,380.07,380.07,0,0
1612224510,380.07,380.07,380.07,380.07,380.07,0,0
1612224515,380.07,380.07,380.07,380.07,380.07,0,0
1612224520,380.07,380.07,380.07,380.07,380.07,0,0
1612224525,380.07,380.07,380.07,380.07,380.07,0,0
1612224530,380.07,380.07,380.07,380.07,380.07,0,0
1612224535,380.07,380.07,380.07,380.07,380.07,0,0
1612224540,380.07,380.07,380.07,380.07,380.07,0,0
1612224545,380.07,380.07,380.07,380.07,380.07,0,0
1612224550,380.07,380.07,380.07,380.07,380.07,0,0
1612224555,380.07,380.07,380.07,380.07,380.07,0,0
1612224560,380.07,380.07,380.07,380.07,380.07,0,0
1612224565,380.07,380.07,380.07,380.07,380.07,0,0
1612224570,380.07,380.07,380.07,380.07,380.07,0,0
1612224575,380.07,380.07,380.07,380.07,380.07,0,0
1612224580,380.07,380.07,380.07,380.07,380.07,0,0
1612224585,380.07,380.07,380.07,380.07,380.07,0,0
1612224590,380.07,380.07,380.07,380.07,380.07,0,0
1612224595,380.07,380.07,380.07,380.07,380.07,0,0
1612224600,380.07,380.07,380.07,380.07,380.07,0,0
1612224605,380.07,380.07,380.07,380.07,380.07,0,0
1612224610,380.07,380.07,380.07,380.07,380.07,0,0
1612224615,380.07,380.07,380.07,380.07,380.07,0,0
1612224620,380.07,380.07,380.07,380.07,380.07,0,0
1612224625,380.07,380.07,380.07,380.07,380.07,0,0
1612224630,380.07,380.07,380.07,380.07,380.07,0,0
1612224635,380.07,380.07,380.07,380.07,380.07,0,0
1612224640,380.07,380.07,380.07,380.07,380.07,0,0
1612224645,380.07,380.07,380.07,380.07,380.07,0,0
1612224650,380.07,380.07,380.07,380.07,380.07,0,0
1612224655,380.07,380.07,380.07,380.07,380.07,0,0
1612224660,380.07,380.07,380.07,380.07,380.07,0,0
1612224665,380.07,380.07,380.07,380.07,380.07,0,0
1612224670,380.07,380.07,380.07,380.07,380.07,0,0
1612224675,380.07,380.07,380.07,380.07,380.07,0,0
1612224680,380.07,380.07,380.07,380.07,380.07,0,0
1612224685,380.07,380.07,380.07,380.07,380.07,0,0
1612224690,380.07,380.07,380.07,380.07,380.07,0,0
1612224695,380.07,380.07,380.07,380.07,380.07,0,0
1612224700,380.07,380.07,380.07,380.07,380.07,0,0
1612224705,380.07,380.07,380.07,380.07,380.07,0,0
1612224710,380.07,380.07,380.07,380.07,380.07,0,0
1612224715,380.07,380.07,380.07,380.07,380.07,0,0
1612224720,380.07,380.07,380.07,380.07,380.07,0,0
1612224725,380.07,380.07,380.07,380.07,380.07,0,0
1612224730,380.07,380.07,380.07,380.07,380.07,0,0
1612224735,380.07,380.07,380.07,380.07,380.07,0,0
1612224740,380.07,380.07,380.07,380.07,380.07,0,0
1612224745,380.07,380.07,380.07,380.07,380.07,0,0
1612224750,380.07,380.07,380.07,380.07,380.07,0,0
1612224755,380.07,380.07,380.07,380.07,380.07,0,0
1612224760,380.07,380.07,380.07,380.07,380.07,0,0
1612224765,380.07,380.07,380.07,380.07,380.07,0,0
1612224770,380.07,380.07,380.07,380.07,380.07,0,0
1612224775,380.07,380.07,380.07,380.07,380.07,0,0
1612224780,380.07,380.07,380.07,380.07,380.07,0,0
1612224785,380.07,380.07,380.07,380.07,380.07,0,0
1612224790,380.07,380.07,380.07,380.07,380.07,0,0
1612224795,380.07,380.07,380.07,380.07,380.07,0,0
1612224800,380.07,380.07,380.07,380.07,380.07,0,0
1612224805,380.07,380.07,380.07,380.07,380.07,0,0
1612224810,380.07,380.07,380.07,380.07,380.07,0,0
1612224815,380.07,380.07,380.07,380.07,380.07,0,0
1612224820,380.07,380.07,380.07,380.07,380.07,0,0
1612224825,380.07,380.07,380.07,380.07,380.07,0,0
1612224830,380.07,380.07,380.07,380.07,380.07,0,0
1612224835,380.07,380.07,380.07,380.07,380.07,0,0
1612224840,380.07,380.07,380.07,380.07,380.07,0,0
1612224845,380.07,380.07,380.07,380.07,380.07,0,0
1612224850,380.07,380.07,380.07,380.07,380.07,0,0
1612224855,380.07,380.07,380.07,380.07,380.07,0,0
1612224860,380.07,380.07,380.07,380.07,380.07,0,0
1612224865,380.07,380.07,380.07,380.07,380.07,0,0
1612224870,380.07,380.07,380.07,380.07,380.07,0,0
1612224875,380.07,380.07,380.07,380.07,380.07,0,0
1612224880,380.07,380.07,380.07,380.07,380.07,0,0
1612224885,380.07,380.07,380.07,380.07,380.07,0,0
1612224890,380.07,380.07,380.07,380.07,380.07,0,0
1612224895,380.07,380.07,380.07,380.07,380.07,0,0
1612224900,380.07,380.07,380.07,380.07,380.07,0,0
1612224905,380.07,380.07,380.07,380.07,380.07,0,0
1612224910,380.07,380.07,380.07,380.07,380.07,0,0
1612224915,380.07,380.07,380.07,380.07,380.07,0,0
1612224920,380.07,380.07,380.07,380.07,380.07,0,0
1612224925,380.07,380.07,380.07,380.07,380.07,0,0
1612224930,380.07,380.07,380.07,380.07,380.07,0,0
1612224935,380.07,380.07,380.07,380.07,380.07,0,0
1612224940,380.07,380.07,380.07,380.07,380.07,0,0
1612224945,380.07,380.07,380.07,380.07,380.07,0,0
1612224950,380.07,380.07,380.07,380.07,380.07,0,0
1612224955,380.07,380.07,380.07,380.07,380.07,0,0
1612224960,380.07,380.07,380.07,380.07,380.07,0,0
1612224965,380.07,380.07,380.07,380.07,380.07,0,0
1612224970,380.07,380.07,380.07,380.07,380.07,0,0
1612224975,380.07,380.07,380.07,380.07,380.07,0,0
1612224980,380.07,380.07,380.07,380.07,380.07,0,0
1612224985,380.07,380.07,380.07,380.07,380.07,0,0
1612224990,380.07,380.07,380.07,380.07,380.07,0,0
1612224995,380.07,380.07,380.07,380.07,380.07,0,0
1612225000,380.07,380.07,380.07,380.07,380.07,0,0
1612225005,380.07,380.07,380.07,380.07,380.07,0,0
1612225010,380.07,380.07,380.07,380.07,380.07,0,0
1612225015,380.07,380.07,380.07,380.07,380.07,0,0
1612225020,380.07,380.07,380.07,380.07,380.07,0,0
1612225025,380.07,380.07,380.07,380.07,380.07,0,0
1612225030,380.07,380.07,380.07,380.07,380.07,0,0
1612225035,380.07,380.07,380.07,380.07,380.07,0,0
1612225040,380.07,380.07,380.07,380.07,380.07,0,0
1612225045,380.07,380.07,380.07,380.07,380.07,0,0
1612225050,380.07,380.07,380.07,380.07,380.07,0,0
1612225055,380.07,380.07,380.07,380.07,380.07,0,0
1612225060,380.07,380.07,380.07,380.07,380.07,0,0
1612225065,380.07,380.07,380.07,380.07,380.07,0,0
1612225070,380.07,380.07,380.07,380.07,380.07,0,0
1612225075,380.07,380.07,380.07,380.07,380.07,0,0
1612225080,380.07,380.07,380.07,380.07,380.07,0,0
1612225085,380.07,380.07,380.07,380.07,380.07,0,0
1612225090,380.07,380.07,380.07,380.07,380.07,0,0
1612225095,380.07,380.07,380.07,380.07,380.07,0,0
1612225100,380.07,380.07,380.07,380.07,380.07,0,0
1612225105,380.07,380.07,380.07,380.07,380.07,0,0
1612225110,380.07,380.07,380.07,380.07,380.07,0,0
1612225115,380.07,380.07,380.07,380.07,380.07,0,0
1612225120,380.07,380.07,380.07,380.07,380.07,0,0
1612225125,380.07,380.07,380.07,380.07,380.07,0,0
1612225130,380.07,380.07,380.07,380.07,380.07,0,0
1612225135,380.07,380.07,380.07,380.07,380.07,0,0
1612225140,380.07,380.07,380.07,380.07,380.07,0,0
1612225145,380.07,380.07,380.07,380.07,380.07,0,0
1612225150,380.07,380.07,380.07,380.07,380.07,0,0
1612225155,380.07,380.07,380.07,380.07,380.07,0,0
1612225160,380.07,380.07,380.07,380.07,380.07,0,0
1612225165,380.07,380.07,380.07,380.07,380.07,0,0
1612225170,380.07,380.07,380.07,380.07,380.07,0,0
1612225175,380.07,380.07,380.07,380.07,380.07,0,0
1612225180,380.07,380.07,380.07,380.07,380.07,0,0
1612225185,380.07,380.07,380.07,380.07,380.07,0,0
1612225190,380.07,380.07,380.07,380.07,380.07,0,0
1612225195,380.07,380.07,380.07,380.07,380.07,0,0
1612225200,380.07,380.07,380.07,380.07,380.07,0,0
1612225205,380.07,380.07,380.07,380.07,380.07,0,0
1612225210,380.07,380.07,380.07,380.07,380.07,0,0
1612225215,380.07,380.07,380.07,380.07,380.07,0,0
1612225220,380.07,380.07,380.07,380.07,380.07,0,0
1612225225,380.07,380.07,380.07,380.07,380.07,0,0
1612225230,380.07,380.07,380.07,380.07,380.07,0,0
1612225235,380.07,380.07,380.07,380.07,380.07,0,0
1612225240,380.07,380.07,380.07,380.07,380.07,0,0
1612225245,380.07,380.07,380.07,380.07,380.07,0,0
1612225250,380.07,380.07,380.07,380.07,380.07,0,0
1612225255,380.07,380.07,380.07,380.07,380.07,0,0
1612225260,380.07,380.07,380.07,380.07,380.07,0,0
1612225265,380.07,380.07,380.07,380.07,380.07,0,0
1612225270,380.07,380.07,380.07,380.07,380.07,0,0
1612225275,380.07,380.07,380.07,380.07,380.07,0,0
1612225280,380.07,380.07,380.07,380.07,380.07,0,0
1612225285,380.07,380.07,380.07,380.07,380.07,0,0
1612225290,380.07,380.07,380.07,380.07,380.07,0,0
1612225295,380.07,380.07,380.07,380.07,380.07,0,0
1612225300,380.07,380.07,380.07,380.07,380.07,0,0
1612225305,380.07,380.07,380.07,380.07,380.07,0,0
1612225310,380.07,380.07,380.07,380.07,380.07,0,0
1612225315,380.07,380.07,380.07,380.07,380.07,0,0
1612225320,380.07,380.07,380.07,380.07,380.07,0,0
1612225325,380.07,380.07,380.07,380.07,380.07,0,0
1612225330,380.07,380.07,380.07,380.07,380.07,0,0
1612225335,380.07,380.07,380.07,380.07,380.07,0,0
1612225340,380.07,380.07,380.07,380.07,380.07,0,0
1612225345,380.07,380.07,380.07,380.07,380.07,0,0
1612225350,380.07,380.07,380.07,380.07,380.07,0,0
1612225355,380.07,380.07,380.07,380.07,380.07,0,0
1612225360,380.07,380.07,380.07,380.07,380.07,0,0
1612225365,380.07,380.07,380.07,380.07,380.07,0,0
1612225370,380.07,380.07,380.07,380.07,380.07,0,0
1612225375,380.07,380.07,380.07,380.07,380.07,0,0
1612225380,380.07,380.07,380.07,380.07,380.07,0,0
1612225385,380.07,380.07,380.07,380.07,380.07,0,0
1612225390,380.07,380.07,380.07,380.07,380.07,0,0
1612225395,380.07,380.07,380.07,380.07,380.07,0,0
1612225400,380.07,380.07,380.07,380.07,380.07,0,0
1612225405,380.07,380.07,380.07,380.07,380.07,0,0
1612225410,380.07,380.07,380.07,380.07,380.07,0,0
1612225415,380.07,380.07,380.07,380.07,380.07,0,0
1612225420,380.07,380.07,380.07,380.07,380.07,0,0
1612225425,380.07,380.07,380.07,380.07,380.07,0,0
1612225430,380.07,380.07,380.07,380.07,380.07,0,0
1612225435,380.07,380.07,380.07,380.07,380.07,0,0
1612225440,380.07,380.07,380.07,380.07,380.07,0,0
1612225445,380.07,380.07,380.07,380.07,380.07,0,0
1612225450,380.07,380.07,380.07,380.07,380.07,0,0
1612225455,380.07,380.07,380.07,380.07,380.07,0,0
1612225460,380.07,380.07,380.07,380.07,380.07,0,0
1612225465,380.07,380.07,380.07,380.07,380.07,0,0
1612225470,380.07,380.07,380.07,380.07,380.07,0,0
1612225475,380.07,380.07,380.07,380.07,380.07,0,0
1612225480,380.07,380.07,380.07,380.07,380.07,0,0
1612225485,380.07,380.07,380.07,380.07,380.07,0,0
1612225490,380.07,380.07,380.07,380.07,380.07,0,0
1612225495,380.07,380.07,380.07,380.07,380.07,0,0
1612225500,380.07,380.07,380.07,380.07,380.07,0,0
1612225505,380.07,380.07,380.07,380.07,380.07,0,0
1612225510,380.07,380.07,380.07,380.07,380.07,0,0
1612225515,380.07,380.07,380.07,380.07,380.07,0,0
1612225520,380.07,380.07,380.07,380.07,380.07,0,0
1612225525,380.07,380.07,380.07,380.07,380.07,0,0
1612225530,380.07,380.07,380.07,380.07,380.07,0,0
1612225535,380.07,380.07,380.07,380.07,380.07,0,0
1612225540,380.07,380.07,380.07,380.07,380.07,0,0
1612225545,380.07,380.07,380.07,380.07,380.07,0,0
1612225550,380.07,380.07,380.07,380.07,380.07,0,0
1612225555,380.07,380.07,380.07,380.07,380.07,0,0
1612225560,380.07,380.07,380.07,380.07,380.07,0,0
1612225565,380.07,380.07,380.07,380.07,380.07,0,0
1612225570,380.07,380.07,380.07,380.07,380.07,0,0
1612225575,380.07,380.07,380.07,380.07,380.07,0,0
1612225580,380.07,380.07,380.07,380.07,380.07,0,0
1612225585,380.07,380.07,380.07,380.07,380.07,0,0
1612225590,380.07,380.07,380.07,380.07,380.07,0,0
1612225595,380.07,380.07,380.07,380.07,380.07,0,0
1612225600,380.07,380.07,380.07,380.07,380.07,0,0
1612225605,380.07,380.07,380.07,380.07,380.07,0,0
1612225610,380.07,380.07,380.07,380.07,380.07,0,0
1612225615,380.07,380.07,380.07,380.07,380.07,0,0
1612225620,380.07,380.07,380.07,380.07,380.07,0,0
1612225625,380.07,380.07,380.07,380.07,380.07,0,0
1612225630,380.07,380.07,380.07,380.07,380.07,0,0
1612225635,380.07,380.07,380.07,380.07,380.07,0,0
1612225640,380.07,380.07,380.07,380.07,380.07,0,0
1612225645,380.07,380.07,380.07,380.07,380.07,0,0
1612225650,380.07,380.07,380.07,380.07,380.07,0,0
1612225655,380.07,380.07,380.07,380.07,380.07,0,0
1612225660,380.07,380.07,380.07,380.07,380.07,0,0
1612225665,380.07,380.07,380.07,380.07,380.07,0,0
1612225670,380.07,380.07,380.07,380.07,380.07,0,0
1612225675,380.07,380.07,380.07,380.07,380.07,0,0
1612225680,380.07,380.07,380.07,380.07,380.07,0,0
1612225685,380.07,380.07,380.07,380.07,380.07,0,0
1612225690,380.07,380.07,380.07,380.07,380.07,0,0
1612225695,380.07,380.07,380.07,380.07,380.07,0,0
1612225700,380.07,380.07,380.07,380.07,380.07,0,0
1612225705,380.07,380.07,380.07,380.07,380.07,0,0
1612225710,380.07,380.07,380.07,380.07,380.07,0,0
1612225715,380.07,380.07,380.07,380.07,380.07,0,0
1612225720,380.07,380.07,380.07,380.07,380.07,0,0
1612225725,380.07,380.07,380.07,380.07,380.07,0,0
1612225730,380.07,380.07,380.07,380.07,380.07,0,0
1612225735,380.07,380.07,380.07,380.07,380.07,0,0
1612225740,380.07,380.07,380.07,380.07,380.07,0,0
1612225745,380.07,380.07,380.07,380.07,380.07,0,0
1612225750,380.07,380.07,380.07,380.07,380.07,0,0
1612225755,380.07,380.07,380.07,380.07,380.07,0,0
1612225760,380.07,380.07,380.07,380.07,380.07,0,0
1612225765,380.07,380.07,380.07,380.07,380.07,0,0
1612225770,380.07,380.07,380.07,380.07,380.07,0,0
1612225775,380.07,380.07,380.07,380.07,380.07,0,0
1612225780,380.07,380.07,380.07,380.07,380.07,0,0
1612225785,380.07,380.07,380.07,380.07,380.07,0,0
1612225790,380.07,380.07,380.07,380.07,380.07,0,0
1612225795,380.07,380.07,380.07,380.07,380.07,0,0
1612225800,380.07,380.07,380.07,380.07,380.07,0,0
1612225805,380.07,380.07,380.07,380.07,380.07,0,0
1612225810,380.07,380.07,380.07,380.07,380.07,0,0
1612225815,380.07,380.07,380.07,380.07,380.07,0,0
1612225820,380.07,380.07,380.07,380.07,380.07,0,0
1612225825,380.07,380.07,380.07,380.07,380.07,0,0
1612225830,380.07,380.07,380.07,380.07,380.07,0,0
1612225835,380.07,380.07,380.07,380.07,380.07,0,0
1612225840,380.07,380.07,380.07,380.07,380.07,0,0
1612225845,380.07,380.07,380.07,380.07,380.07,0,0
1612225850,380.07,380.07,380.07,380.07,380.07,0,0
1612225855,380.07,380.07,380.07,380.07,380.07,0,0
1612225860,380.07,380.07,380.07,380.07,380.07,0,0
1612225865,380.07,380.07,380.07,380.07,380.07,0,0
1612225870,380.07,380.07,380.07,380.07,380.07,0,0
1612225875,380.07,380.07,380.07,380.07,380.07,0,0
1612225880,380.07,380.07,380.07,380.07,380.07,0,0
1612225885,380.07,380.07,380.07,380.07,380.07,0,0
1612225890,380.07,380.07,380.07,380.07,380.07,0,0
1612225895,380.07,380.07,380.07,380.07,380.07,0,0
1612225900,380.07,380.07,380.07,380.07,380.07,0,0
1612225905,380.07,380.07,380.07,380.07,380.07,0,0
1612225910,380.07,380.07,380.07,380.07,380.07,0,0
1612225915,380.07,380.07,380.07,380.07,380.07,0,0
1612225920,380.07,380.07,380.07,380.07,380.07,0,0
1612225925,380.07,380.07,380.07,380.07,380.07,0,0
1612225930,380.07,380.07,380.07,380.07,380.07,0,0
1612225935,380.07,380.07,380.07,380.07,380.07,0,0
1612225940,380.07,380.07,380.07,380.07,380.07,0,0
1612225945,380.07,380.07,380.07,380.07,380.07,0,0
1612225950,380.07,380.07,380.07,380.07,380.07,0,0
1612225955,380.07,380.07,380.07,380.07,380.07,0,0
1612225960,380.07,380.07,380.07,380.07,380.07,0,0
1612225965,380.07,380.07,380.07,380.07,380.07,0,0
1612225970,380.07,380.07,380.07,380.07,380.07,0,0
1612225975,380.07,380.07,380.07,380.07,380.07,0,0
1612225980,380.07,380.07,380.07,380.07,380.07,0,0
1612225985,380.07,380.07,380.07,380.07,380.07,0,0
1612225990,380.07,380.07,380.07,380.07,380.07,0,0
1612225995,380.07,380.07,380.07,380.07,380.07,0,0
1612226000,380.07,380.07,380.07,380.07,380.07,0,0
1612226005,380.07,380.07,380.07,380.07,380.07,0,0
1612226010,380.07,380.07,380.07,380.07,380.07,0,0
1612226015,380.07,380.07,380.07,380.07,380.07,0,0
1612226020,380.07,380.07,380.07,380.07,380.07,0,0
1612226025,380.07,380.07,380.07,380.07,380.07,0,0
1612226030,380.07,380.07,380.07,380.07,380.07,0,0
1612226035,380.07,380.07,380.07,380.07,380.07,0,0
1612226040,380.07,380.07,380.07,380.07,380.07,0,0
1612226045,380.07,380.07,380.07,380.07,380.07,0,0
1612226050,380.07,380.07,380.07,380.07,380.07,0,0
1612226055,380.07,380.07,380.07,380.07,380.07,0,0
1612226060,380.07,380.07,380.07,380.07,380.07,0,0
1612226065,380.07,380.07,380.07,380.07,380.07,0,0
1612226070,380.07,380.07,380.07,380.07,380.07,0,0
1612226075,380.07,380.07,380.07,380.07,380.07,0,0
1612226080,380.07,380.07,380.07,380.07,380.07,0,0
1612226085,380.07,380.07,380.07,380.07,380.07,0,0
1612226090,380.07,380.07,380.07,380.07,380.07,0,0
1612226095,380.07,380.07,380.07,380.07,380.07,0,0
1612226100,380.07,380.07,380.07,380.07,380.07,0,0
1612226105,380.07,380.07,380.07,380.07,380.07,0,0
1612226110,380.07,380.07,380.07,380.07,380.07,0,0
1612226115,380.07,380.07,380.07,380.07,380.07,0,0
1612226120,380.07,380.07,380.07,380.07,380.07,0,0
1612226125,380.07,380.07,380.07,380.07,380.07,0,0
1612226130,380.07,380.07,380.07,380.07,380.07,0,0
1612226135,380.07,380.07,380.07,380.07,380.07,0,0
1612226140,380.07,380.07,380.07,380.07,380.07,0,0
1612226145,380.07,380.07,380.07,380.07,380.07,0,0
1612226150,380.07,380.07,380.07,380.07,380.07,0,0
1612226155,380.07,380.07,380.07,380.07,380.07,0,0
1612226160,380.07,380.07,380.07,380.07,380.07,0,0
1612226165,380.07,380.07,380.07,380.07,380.07,0,0
1612226170,380.07,380.07,380.07,380.07,380.07,0,0
1612226175,380.07,380.07,380.07,380.07,380.07,0,0
1612226180,380.07,380.07,380.07,380.07,380.07,0,0
1612226185,380.07,380.07,380.07,380.07,380.07,0,0
1612226190,380.07,380.07,380.07,380.07,380.07,0,0
1612226195,380.07,380.07,380.07,380.07,380.07,0,0
1612226200,380.07,380.07,380.07,380.07,380.07,0,0
1612226205,380.07,380.07,380.07,380.07,380.07,0,0
1612226210,380.07,380.07,380.07,380.07,380.07,0,0
1612226215,380.07,380.07,380.07,380.07,380.07,0,0
1612226220,380.07,380.07,380.07,380.07,380.07,0,0
1612226225,380.07,380.07,380.07,380.07,380.07,0,0
1612226230,380.07,380.07,380.07,380.07,380.07,0,0
1612226235,380.07,380.07,380.07,380.07,380.07,0,0
1612226240,380.07,380.07,380.07,380.07,380.07,0,0
1612226245,380.07,380.07,380.07,380.07,380.07,0,0
1612226250,380.07,380.07,380.07,380.07,380.07,0,0
1612226255,380.07,380.07,380.07,380.07,380.07,0,0
1612226260,380.07,380.07,380.07,380.07,380.07,0,0
1612226265,380.07,380.07,380.07,380.07,380.07,0,0
1612226270,380.07,380.07,380.07,380.07,380.07,0,0
1612226275,380.97,380.97,380.97,380.97,380.97,2,1
1612226280,380.97,380.97,380.97,380.97,380.97,0,0
1612226285,380.97,380.97,380.97,380.97,380.97,0,0
1612226290,380.97,380.97,380.97,380.97,380.97,0,0
1612226295,380.97,380.97,380.97,380.97,380.97,0,0
1612226300,380.97,380.97,380.97,380.97,380.97,0,0
1612226305,380.97,380.97,380.97,380.97,380.97,0,0
1612226310,380.97,380.97,380.97,380.97,380.97,0,0
1612226315,380.97,380.97,380.97,380.97,380.97,0,0
1612226320,380.97,380.97,380.97,380.97,380.97,0,0
1612226325,380.97,380.97,380.97,380.97,380.97,0,0
1612226330,380.97,380.97,380.97,380.97,380.97,0,0
1612226335,380.97,380.97,380.97,380.97,380.97,0,0
1612226340,380.97,380.97,380.97,380.97,380.97,0,0
1612226345,380.97,380.97,380.97,380.97,380.97,0,0
1612226350,380.97,380.97,380.97,380.97,380.97,0,0
1612226355,380.97,380.97,380.97,380.97,380.97,0,0
1612226360,380.97,380.97,380.97,380.97,380.97,0,0
1612226365,380.97,380.97,380.97,380.97,380.97,0,0
1612226370,380.97,380.97,380.97,380.97,380.97,0,0
1612226375,380.97,380.97,380.97,380.97,380.97,0,0
1612226380,380.97,380.97,380.97,380.97,380.97,0,0
1612226385,380.97,380.97,380.97,380.97,380.97,0,0
1612226390,380.97,380.97,380.97,380.97,380.97,0,0
1612226395,380.97,380.97,380.97,380.97,380.97,0,0
1612226400,380.97,380.97,380.97,380.97,380.97,0,0
1612226405,380.97,380.97,380.97,380.97,380.97,0,0
1612226410,380.97,380.97,380.97,380.97,380.97,0,0
1612226415,380.97,380.97,380.97,380.97,380.97,0,0
1612226420,380.97,380.97,380.97,380.97,380.97,0,0
1612226425,380.97,380.97,380.97,380.97,380.97,0,0
1612226430,380.97,380.97,380.97,380.97,380.97,0,0
1612226435,380.97,380.97,380.97,380.97,380.97,0,0
1612226440,380.97,380.97,380.97,380.97,380.97,0,0
1612226445,380.97,380.97,380.97,380.97,380.97,0,0
1612226450,380.97,380.97,380.97,380.97,380.97,0,0
1612226455,380.97,380.97,380.97,380.97,380.97,0,0
1612226460,380.97,380.97,380.97,380.97,380.97,0,0
1612226465,380.97,380.97,380.97,380.97,380.97,0,0
1612226470,380.97,380.97,380.97,380.97,380.97,0,0
1612226475,380.97,380.97,380.97,380.97,380.97,0,0
1612226480,380.97,380.97,380.97,380.97,380.97,0,0
1612226485,380.97,380.97,380.97,380.97,380.97,0,0
1612226490,380.97,380.97,380.97,380.97,380.97,0,0
1612226495,380.97,380.97,380.97,380.97,380.97,0,0
1612226500,380.97,380.97,380.97,380.97,380.97,0,0
1612226505,380.97,380.97,380.97,380.97,380.97,0,0
1612226510,380.97,380.97,380.97,380.97,380.97,0,0
1612226515,380.97,380.97,380.97,380.97,380.97,0,0
1612226520,380.97,380.97,380.97,380.97,380.97,0,0
1612226525,380.97,380.97,380.97,380.97,380.97,0,0
1612226530,380.97,380.97,380.97,380.97,380.97,0,0
1612226535,380.97,380.97,380.97,380.97,380.97,0,0
1612226540,380.97,380.97,380.97,380.97,380.97,0,0
1612226545,380.97,380.97,380.97,380.97,380.97,0,0
1612226550,380.97,380.97,380.97,380.97,380.97,0,0
1612226555,380.97,380.97,380.97,380.97,380.97,0,0
1612226560,380.97,380.97,380.97,380.97,380.97,0,0
1612226565,380.97,380.97,380.97,380.97,380.97,0,0
1612226570,380.97,380.97,380.97,380.97,380.97,0,0
1612226575,380.97,380.97,380.97,380.97,380.97,0,0
1612226580,380.97,380.97,380.97,380.97,380.97,0,0
1612226585,380.97,380.97,380.97,380.97,380.97,0,0
1612226590,380.97,380.97,380.97,380.97,380.97,0,0
1612226595,380.97,380.97,380.97,380.97,380.97,0,0
1612226600,380.97,380.97,380.97,380.97,380.97,0,0
1612226605,380.97,380.97,380.97,380.97,380.97,0,0
1612226610,380.97,380.97,380.97,380.97,380.97,0,0
1612226615,380.97,380.97,380.97,380.97,380.97,0,0
1612226620,380.97,380.97,380.97,380.97,380.97,0,0
1612226625,380.97,380.97,380.97,380.97,380.97,0,0
1612226630,380.97,380.97,380.97,380.97,380.97,0,0
1612226635,380.97,380.97,380.97,380.97,380.97,0,0
1612226640,380.97,380.97,380.97,380.97,380.97,0,0
1612226645,380.97,380.97,380.97,380.97,380.97,0,0
1612226650,380.97,380.97,380.97,380.97,380.97,0,0
1612226655,380.97,380.97,380.97,380.97,380.97,0,0
1612226660,380.97,380.97,380.97,380.97,380.97,0,0
1612226665,380.97,380.97,380.97,380.97,380.97,0,0
1612226670,380.97,380.97,380.97,380.97,380.97,0,0
1612226675,380.97,380.97,380.97,380.97,380.97,0,0
1612226680,380.97,380.97,380.97,380.97,380.97,0,0
1612226685,380.97,380.97,380.97,380.97,380.97,0,0
1612226690,380.97,380.97,380.97,380.97,380.97,0,0
1612226695,380.97,380.97,380.97,380.97,380.97,0,0
1612226700,380.97,380.97,380.97,380.97,380.97,0,0
1612226705,380.97,380.97,380.97,380.97,380.97,0,0
1612226710,380.97,380.97,380.97,380.97,380.97,0,0
1612226715,380.97,380.97,380.97,380.97,380.97,0,0
1612226720,380.97,380.97,380.97,380.97,380.97,0,0
1612226725,380.97,380.97,380.97,380.97,380.97,0,0
1612226730,380.97,380.97,380.97,380.97,380.97,0,0
1612226735,380.97,380.97,380.97,380.97,380.97,0,0
1612226740,380.97,380.97,380.97,380.97,380.97,0,0
1612226745,380.97,380.97,380.97,380.97,380.97,0,0
1612226750,380.97,380.97,380.97,380.97,380.97,0,0
1612226755,380.97,380.97,380.97,380.97,380.97,0,0
1612226760,380.97,380.97,380.97,380.97,380.97,0,0
1612226765,380.97,380.97,380.97,380.97,380.97,0,0
1612226770,380.97,380.97,380.97,380.97,380.97,0,0
1612226775,380.97,380.97,380.97,380.97,380.97,0,0
1612226780,380.97,380.97,380.97,380.97,380.97,0,0
1612226785,380.97,380.97,380.97,380.97,380.97,0,0
1612226790,380.97,380.97,380.97,380.97,380.97,0,0
1612226795,380.97,380.97,380.97,380.97,380.97,0,0
1612226800,380.97,380.97,380.97,380.97,380.97,0,0
1612226805,380.97,380.97,380.97,380.97,380.97,0,0
1612226810,380.97,380.97,380.97,380.97,380.97,0,0
1612226815,380.97,380.97,380.97,380.97,380.97,0,0
1612226820,380.97,380.97,380.97,380.97,380.97,0,0
1612226825,380.97,380.97,380.97,380.97,380.97,0,0
1612226830,380.97,380.97,380.97,380.97,380.97,0,0
1612226835,380.97,380.97,380.97,380.97,380.97,0,0
1612226840,380.97,380.97,380.97,380.97,380.97,0,0
1612226845,380.97,380.97,380.97,380.97,380.97,0,0
1612226850,380.97,380.97,380.97,380.97,380.97,0,0
1612226855,380.97,380.97,380.97,380.97,380.97,0,0
1612226860,380.97,380.97,380.97,380.97,380.97,2,1
1612226865,380.97,380.97,380.97,380.97,380.97,0,0
1612226870,380.98,380.98,380.98,380.98,380.98,2,1
1612226875,380.98,380.98,380.98,380.98,380.98,0,0
1612226880,380.98,380.98,380.98,380.98,380.98,0,0
1612226885,380.98,380.98,380.98,380.98,380.98,0,0
1612226890,380.98,380.98,380.98,380.98,380.98,0,0
1612226895,380.98,380.98,380.98,380.98,380.98,0,0
1612226900,380.98,380.98,380.98,380.98,380.98,0,0
1612226905,380.98,380.98,380.98,380.98,380.98,0,0
1612226910,380.98,380.98,380.98,380.98,380.98,0,0
1612226915,380.97,380.97,380.97,380.97,380.97,1,1
1612226920,380.97,380.97,380.97,380.97,380.97,0,0
1612226925,380.97,380.97,380.97,380.97,380.97,0,0
1612226930,380.97,380.97,380.97,380.97,380.97,0,0
1612226935,380.97,380.97,380.97,380.97,380.97,0,0
1612226940,380.97,380.97,380.97,380.97,380.97,0,0
1612226945,380.97,380.97,380.97,380.97,380.97,0,0
1612226950,380.97,380.97,380.97,380.97,380.97,0,0
1612226955,380.97,380.97,380.97,380.97,380.97,0,0
1612226960,380.97,380.97,380.97,380.97,380.97,0,0
1612226965,380.97,380.97,380.97,380.97,380.97,0,0
1612226970,380.97,380.97,380.97,380.97,380.97,0,0
1612226975,380.97,380.97,380.97,380.97,380.97,0,0
1612226980,380.97,380.97,380.97,380.97,380.97,0,0
1612226985,380.97,380.97,380.97,380.97,380.97,0,0
1612226990,380.97,380.97,380.97,380.97,380.97,0,0
1612226995,380.97,380.97,380.97,380.97,380.97,0,0
1612227000,380.51,380.51,380.51,380.51,380.51,1,1
1612227005,380.51,380.51,380.51,380.51,380.51,0,0
1612227010,380.51,380.51,380.51,380.51,380.51,0,0
1612227015,380.51,380.51,380.51,380.51,380.51,0,0
1612227020,380.51,380.51,380.51,380.51,380.51,0,0
1612227025,380.51,380.51,380.51,380.51,380.51,0,0
1612227030,380.51,380.51,380.51,380.51,380.51,0,0
1612227035,380.51,380.51,380.51,380.51,380.51,0,0
1612227040,380.51,380.51,380.51,380.51,380.51,0,0
1612227045,380.51,380.51,380.51,380.51,380.51,0,0
1612227050,380.51,380.51,380.51,380.51,380.51,0,0
1612227055,380.51,380.51,380.51,380.51,380.51,0,0
1612227060,380.51,380.51,380.51,380.51,380.51,0,0
1612227065,380.51,380.51,380.51,380.51,380.51,0,0
1612227070,380.51,380.51,380.51,380.51,380.51,0,0
1612227075,380.51,380.51,380.51,380.51,380.51,0,0
1612227080,379.82,379.82,379.82,379.82,379.82,3,2
1612227085,379.82,379.82,379.82,379.82,379.82,0,0
1612227090,379.82,379.82,379.82,379.82,379.82,0,0
1612227095,379.52,379.52,379.52,379.52,379.52,1,1
1612227100,379.52,379.52,379.52,379.52,379.52,5,3
1612227105,379.52,379.52,379.52,379.52,379.52,0,0
1612227110,379.52,379.52,379.52,379.52,379.52,0,0
1612227115,379.52,379.52,379.52,379.52,379.52,0,0
1612227120,379.52,379.52,379.52,379.52,379.52,0,0
1612227125,379.52,379.52,379.52,379.52,379.52,0,0
1612227130,379.52,379.52,379.52,379.52,379.52,0,0
1612227135,379.52,379.52,379.52,379.52,379.52,0,0
1612227140,379.52,379.52,379.52,379.52,379.52,0,0
1612227145,379.52,379.52,379.52,379.52,379.52,0,0
1612227150,379.52,379.52,379.52,379.52,379.52,0,0
1612227155,379.52,379.52,379.52,379.52,379.52,0,0
1612227160,379.52,379.52,379.52,379.52,379.52,0,0
1612227165,379.52,379.52,379.52,379.52,379.52,0,0
1612227170,379.52,379.52,379.52,379.52,379.52,0,0
1612227175,379.52,379.52,379.52,379.52,379.52,0,0
1612227180,379.52,379.52,379.52,379.52,379.52,0,0
1612227185,379.52,379.52,379.52,379.52,379.52,0,0
1612227190,379.52,379.52,379.52,379.52,379.52,0,0
1612227195,379.52,379.52,379.52,379.52,379.52,0,0
1612227200,379.52,379.52,379.52,379.52,379.52,0,0
1612227205,379.52,379.52,379.52,379.52,379.52,0,0
1612227210,379.52,379.52,379.52,379.52,379.52,0,0
1612227215,379.52,379.52,379.52,379.52,379.52,0,0
1612227220,379.52,379.52,379.52,379.52,379.52,0,0
1612227225,379.52,379.52,379.52,379.52,379.52,0,0
1612227230,379.52,379.52,379.52,379.52,379.52,0,0
1612227235,379.52,379.52,379.52,379.52,379.52,0,0
1612227240,379.52,379.52,379.52,379.52,379.52,0,0
1612227245,379.52,379.52,379.52,379.52,379.52,0,0
1612227250,379.52,379.52,379.52,379.52,379.52,0,0
1612227255,379.52,379.52,379.52,379.52,379.52,0,0
1612227260,379.52,379.52,379.52,379.52,379.52,0,0
1612227265,379.52,379.52,379.52,379.52,379.52,0,0
1612227270,379.52,379.52,379.52,379.52,379.52,0,0
1612227275,379.52,379.52,379.52,379.52,379.52,0,0
1612227280,379.52,379.52,379.52,379.52,379.52,0,0
1612227285,379.52,379.52,379.52,379.52,379.52,0,0
1612227290,379.52,379.52,379.52,379.52,379.52,0,0
1612227295,379.52,379.52,379.52,379.52,379.52,0,0
1612227300,379.52,379.52,379.52,379.52,379.52,0,0
1612227305,379.52,379.52,379.52,379.52,379.52,0,0
1612227310,379.52,379.52,379.52,379.52,379.52,0,0
1612227315,379.52,379.52,379.52,379.52,379.52,0,0
1612227320,379.52,379.52,379.52,379.52,379.52,0,0
1612227325,379.52,379.52,379.52,379.52,379.52,0,0
1612227330,379.52,379.52,379.52,379.52,379.52,0,0
1612227335,379.52,379.52,379.52,379.52,379.52,0,0
1612227340,379.52,379.52,379.52,379.52,379.52,0,0
1612227345,379.52,379.52,379.52,379.52,379.52,0,0
1612227350,379.52,379.52,379.52,379.52,379.52,0,0
1612227355,379.52,379.52,379.52,379.52,379.52,0,0
1612227360,379.52,379.52,379.52,379.52,379.52,0,0
1612227365,379.52,379.52,379.52,379.52,379.52,0,0
1612227370,379.52,379.52,379.52,379.52,379.52,0,0
1612227375,379.52,379.52,379.52,379.52,379.52,0,0
1612227380,379.52,379.52,379.52,379.52,379.52,0,0
1612227385,379.52,379.52,379.52,379.52,379.52,0,0
1612227390,379.52,379.52,379.52,379.52,379.52,0,0
1612227395,379.52,379.52,379.52,379.52,379.52,0,0
1612227400,379.52,379.52,379.52,379.52,379.52,0,0
1612227405,379.52,379.52,379.52,379.52,379.52,0,0
1612227410,379.52,379.52,379.52,379.52,379.52,0,0
1612227415,379.52,379.52,379.52,379.52,379.52,0,0
1612227420,379.52,379.52,379.52,379.52,379.52,0,0
1612227425,379.52,379.52,379.52,379.52,379.52,0,0
1612227430,379.52,379.52,379.52,379.52,379.52,0,0
1612227435,379.52,379.52,379.52,379.52,379.52,0,0
1612227440,379.52,379.52,379.52,379.52,379.52,0,0
1612227445,379.52,379.52,379.52,379.52,379.52,0,0
1612227450,379.52,379.52,379.52,379.52,379.52,0,0
1612227455,379.52,379.52,379.52,379.52,379.52,0,0
1612227460,379.52,379.52,379.52,379.52,379.52,0,0
1612227465,379.52,379.52,379.52,379.52,379.52,0,0
1612227470,379.52,379.52,379.52,379.52,379.52,0,0
1612227475,379.52,379.52,379.52,379.52,379.52,0,0
1612227480,379.52,379.52,379.52,379.52,379.52,0,0
1612227485,379.52,379.52,379.52,379.52,379.52,0,0
1612227490,379.52,379.52,379.52,379.52,379.52,0,0
1612227495,379.52,379.52,379.52,379.52,379.52,0,0
1612227500,379.52,379.52,379.52,379.52,379.52,0,0
1612227505,379.52,379.52,379.52,379.52,379.52,0,0
1612227510,379.52,379.52,379.52,379.52,379.52,0,0
1612227515,379.52,379.52,379.52,379.52,379.52,0,0
1612227520,379.52,379.52,379.52,379.52,379.52,0,0
1612227525,380.2,380.2,380.2,380.2,380.2,1,1
1612227530,380.2,380.2,380.2,380.2,380.2,0,0
1612227535,380.2,380.2,380.2,380.2,380.2,0,0
1612227540,380.2,380.2,380.2,380.2,380.2,0,0
1612227545,380.2,380.2,380.2,380.2,380.2,0,0
1612227550,380.2,380.2,380.2,380.2,380.2,0,0
1612227555,380.2,380.2,380.2,380.2,380.2,0,0
1612227560,380.2,380.2,380.2,380.2,380.2,0,0
1612227565,380.2,380.2,380.2,380.2,380.2,0,0
1612227570,380.2,380.2,380.2,380.2,380.2,0,0
1612227575,380.2,380.2,380.2,380.2,380.2,0,0
1612227580,380.2,380.2,380.2,380.2,380.2,0,0
1612227585,380.2,380.2,380.2,380.2,380.2,0,0
1612227590,380.2,380.2,380.2,380.2,380.2,0,0
1612227595,380.2,380.2,380.2,380.2,380.2,0,0
